EntityID,fov,volume,center_x,center_y,min_x,min_y,max_x,max_y,anisotropy,transcript_count,perimeter_area_ratio,solidity,cluster
3066066200001100003,,1316.1393165669642,758.3036142070388,3249.110205468772,752.1967047314604,3242.3299159977523,763.6365400362263,3256.378557143511,1.2280622221863249,42,0.3410168617790815,0.954289063699641,cluster_5
3066066200001100008,,341.7617238149435,815.6488657931933,3257.754389304794,810.8931053192063,3253.292495095416,818.8349799374085,3261.064861176561,1.5794764327858617,62,0.9172881780782036,0.7327655859338676,cluster_5
3066066200001100009,,1326.190020619349,742.7082804217796,3264.636202100259,735.4166654153528,3255.06141970154,753.8256857782847,3270.890651912702,1.194086151790466,95,0.4466715346700067,0.7277561541448289,cluster_5
3066066200001100011,,586.9580857344691,798.464412094654,3260.6391152685787,793.658344719368,3255.9189564226144,803.5744791098059,3265.529477112269,1.967386720846369,215,0.5338379428820437,0.977083988217462,cluster_5
3066066200001100013,,538.4383439509343,784.2718690943159,3260.848392954016,779.8171186912065,3256.8828039095665,788.7793620584578,3264.952000571707,1.0348663980520112,75,0.5138119387815832,0.9800440092091716,cluster_5
3066066200001100019,,565.0223488590541,815.0812581648506,3265.3709813163523,808.7434613043897,3261.940213006238,820.3358738250827,3268.3044732712897,1.830683226073324,192,0.584287075065891,0.9156876543570472,cluster_5
3066066200001100020,,649.8662007752914,801.989103144384,3267.171847850131,797.7705456832625,3262.2480841215856,806.9395062751549,3271.7666528230616,1.1030560670747374,143,0.4784562017989988,0.9721832382382792,cluster_5
3066066200001200116,,1911.79354622586,797.2196000115409,3253.9716008343307,783.0839776254336,3248.1513218369573,812.5860475097359,3264.139426255938,2.560323097247327,349,0.4520523094483616,0.6756452541734829,cluster_5
3066066200001200120,,1046.853368585378,748.6886945722498,3259.34643150007,741.8334857119709,3252.1629379624064,755.1067027952747,3265.644198169407,1.6670670077980343,73,0.4274413267775415,0.8994351291380283,cluster_5
3066066200001200122,,203.7867304229924,811.5257796872702,3259.096831521011,809.8744203964175,3254.805653886511,813.314186571366,3264.470554052188,2.834950107552245,39,1.3853445179111925,0.6884132925485544,cluster_5
3066066200001300010,,335.22848235921833,757.8913519489787,3258.943050332007,754.7027898146506,3255.584877763562,760.9246329051969,3262.155013134476,1.0472621162269378,80,0.6483905261658088,0.993695932605537,cluster_5
3066066200001300011,,605.2758834149802,823.0806325436049,3262.3679730467443,819.016681504434,3256.504684574976,828.0091131394345,3267.003923651205,1.6814901266977411,97,0.5345687510089219,0.944198281423996,cluster_5
3066066200001300014,,142.93066018695552,809.7153117762365,3261.821350986927,807.1654852312245,3259.8897561211184,812.1724620292694,3263.7509312042744,1.632543772018813,49,1.0337688979136903,1.0,cluster_5
3066066200010100112,,680.5568876570806,657.8068203767115,3405.1574268404984,652.039998739858,3400.03762983699,663.449972036743,3409.158154364651,1.3482744974658,97,0.4903673694534664,0.964895896209159,cluster_5
3066066200010100114,,197.52079952821364,678.4542683747867,3410.751055116914,676.131530931345,3408.006024351784,680.6850871458596,3413.311729522616,1.1651783618965412,61,0.8511886158567226,0.9999696971484484,cluster_5
3066066200010100129,,526.2378940937715,670.2055741680687,3430.3891177431974,665.1984796441764,3426.3604078166227,674.6004195670355,3434.541002603471,1.2790191234014034,195,0.5503168896501861,0.948754392985349,cluster_5
3066066200010100131,,269.3821778403966,649.656383224666,3433.7070290863044,645.6431326712687,3431.184449634674,652.6754144729487,3436.4079424691854,1.3642161570421891,65,0.7651105569487706,0.9792009926492994,cluster_5
3066066200010100133,,324.67293991572353,645.6245133468118,3436.5540585226586,641.6497207986015,3433.103393812672,649.8104155820788,3441.740770182816,1.862318701471484,66,0.8851298960123051,0.7611230099503267,cluster_5
3066066200010100138,,442.1914869061748,653.0584709530509,3459.5506806574817,650.3361226624008,3454.51722651049,656.4572790933323,3465.48551296612,2.108361486158791,106,0.6671401495009823,0.9368204144369316,cluster_5
3066066200010100146,,621.260981976573,641.4232991004754,3490.363708105463,637.9206300673253,3485.326197364692,645.7335415245434,3495.96183739862,1.7604465842343031,124,0.5026957416341739,0.9876626125673528,cluster_5
3066066200010100160,,349.96518564179013,612.296506382054,3528.9351366383626,609.9873313005763,3525.0843608221235,615.4205635880982,3533.19460617602,1.4928889702208783,43,0.6769219003848413,0.9721802160671345,cluster_5
3066066200010100162,,2254.7877984232514,626.9480075332195,3537.9391953888626,618.2830488541271,3529.199528462813,635.3792435001582,3546.348197734207,1.103359171638393,301,0.2624883214708197,0.963818730527286,cluster_5
3066066200010200161,,1784.2973833460494,676.209403686099,3399.8161871553866,668.6002693113423,3391.280098229857,683.9368387212857,3409.148382097837,1.5619560187359096,149,0.3161877745724957,0.9232467731033578,cluster_5
3066066200010200179,,3844.693268216649,657.9165805002887,3417.522977185294,644.9112202586125,3407.3561438404013,670.3352286372779,3426.867664071579,1.3917733420595384,729,0.2046481317542356,0.9461555116856544,cluster_5
3066066200010200193,,1647.486615835612,679.534205837498,3423.306859991927,672.2610245241333,3415.2844507414115,685.4972420229196,3431.912615677539,1.1234409051914709,454,0.3021878563215585,0.9769724225237248,cluster_5
3066066200010200196,,563.0466533919171,644.3404190754494,3427.102226583629,639.9911053633488,3423.288184454209,649.224414366173,3431.212115182541,1.1579235511245476,84,0.5067783792288284,0.9896188287372892,cluster_5
3066066200010200203,,1624.6055730547391,656.6743782328914,3439.660663430721,648.2830351023051,3432.7369422002475,665.8152679090391,3446.276077234025,1.2242897648880229,322,0.3081278292162848,0.9660579845497056,cluster_5
3066066200010200206,,513.6897780263372,642.5545699557994,3440.508324125472,637.9504334632729,3437.104043802496,648.0928728834886,3443.7272344059315,1.4092642021068944,89,0.5480786997200161,0.982285020545398,cluster_5
3066066200010200211,,6022.504895419626,635.927034330656,3456.3388852182434,618.7992209253376,3442.9081030036305,651.8720264256922,3468.739235156949,1.4226727374933597,1048,0.1680519666521638,0.9340135524191758,cluster_5
3066066200010200223,,2807.004392318617,644.0294227573313,3474.2835519337086,635.3359006382501,3462.052110097654,653.436229367134,3485.856103152045,1.5687654812633265,623,0.2471735498716495,0.9475687926522376,cluster_5
3066066200010200224,,1785.3840115729115,626.8675792281828,3471.564141865481,616.0151562949142,3465.290987157704,635.1624018528516,3480.060598012361,1.3255115790941383,346,0.3265367181221236,0.8893563378499556,cluster_5
3066066200010200225,,1215.0878293605945,615.8065021978829,3478.1822629932435,609.7514530361357,3470.248603039525,622.2018646909794,3485.681977505315,2.0717229194176423,97,0.3753436383832728,0.9744747303820394,cluster_5
3066066200010200228,,2885.4620651595483,621.8530121567454,3492.7646617126165,611.8018510431922,3482.7260843971,631.5647970542794,3502.5938280706528,1.1897069341695363,627,0.2346895078096584,0.94701795734585,cluster_5
3066066200010200236,,1742.9675899137114,621.3679908449354,3508.9480625851857,609.9674428036798,3502.300595203859,629.4230705469711,3515.833092484284,1.4794724890161226,288,0.3328989560456634,0.8888945996754171,cluster_5
3066066200010200240,,2747.6981058544634,627.6752985820757,3521.774398731897,615.0688119042555,3511.761274525264,637.9735549087864,3530.188847237945,1.1258293631139114,487,0.2448080627435595,0.936690801081403,cluster_5
3066066200010300006,,249.20285475730472,670.08648976338,3405.1980128932328,667.7201202224285,3402.174852756883,673.1410041162832,3408.5282638060216,1.15197640428046,42,0.7701902871180035,1.0,cluster_5
3066066200010300016,,745.3571355726059,612.6478891400214,3502.186470424512,609.530468302888,3494.625239602689,617.5412194011415,3509.733859575709,1.9357897557918176,80,0.5523816337337629,0.8834517252433916,cluster_5
3066066200011100013,,457.9143940716052,780.7389142710225,3273.902076230129,776.6035484639422,3270.581908958944,785.2321248462015,3277.6190853736803,1.467495225225527,67,0.5772200665833297,0.9675797697666596,cluster_5
3066066200011100014,,570.3920516379133,745.4309626717296,3278.272456450267,741.3771836192469,3272.842201491111,748.9922954265238,3283.295780270852,1.5099267638705554,206,0.5260875083780759,0.9692363500705272,cluster_5
3066066200011100016,,351.8832192092256,841.194963317427,3280.165535351105,838.4228825075775,3275.368515352511,843.9007442214988,3285.256128121439,2.036716612849547,102,0.7394315365093194,0.924701315200212,cluster_5
3066066200011100024,,394.3801971748205,763.5639819564561,3284.8285789176925,759.978832754886,3281.486429194508,767.4034944973967,3288.5900000612924,1.3716677614192774,79,0.6226511904344582,0.9611622828644418,cluster_5
3066066200011100025,,615.6697252842605,782.2308736843466,3285.7523339268773,777.8768956287568,3281.6132472237587,786.641291116562,3290.099525218661,1.0581568730514723,117,0.4717313266718134,0.9959022255919322,cluster_5
3066066200011100027,,495.068270139766,852.486822474647,3287.1493524552634,848.6619246128284,3283.060646719752,857.0116781661964,3291.4640705057564,1.3722442589229158,182,0.5495437073108896,0.9858935082331785,cluster_5
3066066200011100030,,594.7827488757024,787.205050941174,3292.437423946184,782.9752466064926,3288.1776266115694,791.9152300771057,3296.966740854719,1.0575065837420754,95,0.4856694311223625,0.9947637249223308,cluster_5
3066066200011100031,,927.5551592142024,857.4936085581866,3294.6525007787027,851.9400544277128,3289.1483664802126,862.7535448278102,3300.3742706947787,1.0254580277443976,312,0.4001082475159813,0.9670674594157818,cluster_5
3066066200011100032,,985.9245235838011,743.9393430707978,3294.5107734969274,736.8690536109548,3289.545635539723,750.3607917073357,3299.1932136699265,1.527111907566478,307,0.3955242422653008,0.9772128359604014,cluster_5
3066066200011100034,,672.8085773147324,754.9337242506472,3295.252454352595,750.4687865911077,3290.6673150926213,759.4258655523488,3299.3450239047893,1.0325488924327748,189,0.4557874062277473,1.0,cluster_5
3066066200011100037,,326.32037827699185,768.0992592723161,3295.3233531617834,764.4868978356517,3292.188363800269,771.7418804583529,3298.612016074648,1.5822443745571355,40,0.6818167910426902,0.990555576988966,cluster_5
3066066200011100038,,275.8063977762169,788.996275997222,3296.981424410784,783.8886159224132,3293.110186519444,792.9423484932868,3299.6478252686315,2.1769065961470324,77,1.0166284925323164,0.725566322990088,cluster_5
3066066200011100039,,695.0330492085043,849.0814071991379,3297.388254519537,843.8185155608035,3292.49746467367,853.967054748927,3301.867277950701,1.0185154821051028,212,0.4641652609545738,0.970753813386005,cluster_5
3066066200011100042,,920.1409725566856,770.5534307750929,3302.239037931141,762.566014028203,3295.356754995189,776.7529188099625,3307.5715902304064,1.3196916620037318,212,0.5662553747933577,0.7310279751061657,cluster_5
3066066200011100043,,1174.793722157365,867.6892798023481,3300.8367416140177,861.5640758085501,3295.1626823708257,875.3553255424243,3306.733319922177,1.0377287654807976,322,0.3567041455789,0.9841518216453968,cluster_5
3066066200011100044,,593.3715023182717,812.7108044911356,3299.8678473660148,807.8214023609432,3295.742945842177,817.2917853933956,3303.792677307174,1.214993014953864,130,0.4903681884483614,0.9870657531663646,cluster_5
3066066200011100047,,951.0390989662708,734.2863242164401,3302.678858845968,729.006238026603,3297.052299355288,739.2114844260268,3308.6968574065486,1.0123172372757645,307,0.3857099922555078,0.9883874120978732,cluster_5
3066066200011100048,,961.1989986479832,745.3220393727972,3302.677810394583,739.8054065350117,3297.829459551624,751.4908770916554,3308.935498525951,1.36122633973302,280,0.3974636937976224,0.9942491495937956,cluster_5
3066066200011100049,,655.3591752850297,790.4390716142121,3302.7806382393974,785.655754334548,3298.5700929460795,795.1730659061966,3306.9430876736697,1.131152136082616,87,0.4631342695635237,0.9920337866650528,cluster_5
3066066200011100050,,1456.0995008851328,755.3053450940461,3306.234150448764,748.5875878347449,3299.517201524584,763.2121828762088,3313.9828634733726,1.137995013106862,495,0.3293797107110565,0.9365312730277786,cluster_5
3066066200011100051,,1245.825028988116,877.9208591411481,3306.6689351484856,870.8804888986621,3300.273173185452,885.363365086343,3312.7048378120235,1.4191652628654543,339,0.3594399456188185,0.9570760087746256,cluster_5
3066066200011100053,,782.7834484954025,840.1542517805736,3307.3984433314868,835.3326066584311,3302.0076048663623,845.3296700053668,3313.0456577378945,1.406748105803096,213,0.4779334923146409,0.9165450976052436,cluster_5
3066066200011100058,,891.7016950851967,770.8056128882253,3311.302133832024,763.7976767267539,3306.385966156248,776.5021861694065,3316.461188885274,1.2221974398318818,221,0.427010185034593,0.9528664092662024,cluster_5
3066066200011100062,,928.5150470856272,811.5650664915521,3314.5341123384856,805.4971189538261,3308.97329061118,817.0790453742186,3319.804589032536,1.3280431349755903,216,0.3968911618505518,0.978315580493802,cluster_5
3066066200011100065,,767.0411803174937,823.6177067292912,3314.3660701939884,818.7617459890124,3309.437621706451,828.2576858592174,3319.0644687555905,1.0142301927753554,159,0.4238990483074438,0.9980271778575206,cluster_5
3066066200011100066,,841.7897417528479,778.2318529795875,3317.371692870937,774.1514962141839,3311.0098734741687,782.8949787218004,3324.555705911018,1.6816450677085384,198,0.4429401291426122,0.9592562335979604,cluster_5
3066066200011100070,,632.7999641658627,876.4121543752198,3316.442581395379,871.8183334196633,3312.152727856229,880.0566058711563,3321.99680640665,1.1885214338975836,179,0.4931456729725117,0.9841697173193356,cluster_5
3066066200011100073,,676.1711793604832,836.7090028875101,3319.038796564139,830.279030855166,3315.0556031585907,842.5688122861271,3323.149433749784,1.6804044370323885,177,0.5099319044752773,0.9410802932698116,cluster_5
3066066200011100075,,642.1101519937879,872.0663410366307,3321.9412329688603,867.8016415027769,3316.8319187225006,877.3391831403316,3326.0842056065044,1.4773174097914554,173,0.4918464356381183,0.9652834150783496,cluster_5
3066066200011100076,,1198.936591602508,734.7409206241201,3321.7612476105755,728.2016035342742,3316.0655990502614,741.054292537618,3327.607075002381,1.2690427947316067,374,0.3659834903026159,0.9392565465671552,cluster_5
3066066200011100077,,1166.6498404621802,756.5769377611358,3323.6421402522,751.4407405450561,3315.08461467261,761.9318570230892,3331.087957819949,1.5741475243208674,331,0.3864623352460148,0.9361375294759944,cluster_5
3066066200011100082,,530.4124032703719,800.2928106330053,3326.1515665492043,795.8058868622154,3321.678400113705,804.2832417196335,3330.33148527558,1.5072711473330265,102,0.5405181937219043,0.9615857101278406,cluster_5
3066066200011100084,,825.3895683570261,842.118192268811,3327.2166790172528,836.7540660670885,3322.1854252767207,847.5561871021744,3332.130478305793,1.0763217845026811,216,0.4082313686821913,0.9943750604227148,cluster_5
3066066200011100089,,908.5712436520964,731.7734552144738,3331.3205676757025,725.7911098042714,3326.3011989981223,737.652832630382,3336.9917967133088,1.1346859040241657,318,0.3965887044689689,0.9907545932836294,cluster_5
3066066200011100090,,1197.2011771984485,829.50760166344,3334.488728688193,823.4591420655514,3328.25174708799,835.4531377446349,3341.1098677691866,1.025288059268467,401,0.3449664365869792,0.9777123833558696,cluster_5
3066066200011100094,,995.1216611223516,752.204698325481,3336.3534074029044,746.3296792943054,3330.301650338984,757.9262653210519,3342.475057615796,1.647987668964992,365,0.3897092966618589,0.9849096452503217,cluster_5
3066066200011100097,,864.6663083519916,763.1935423067163,3336.969224001419,757.9077395047018,3331.807991038788,768.4067325179889,3341.9540078627933,1.0560990591880404,192,0.4026770164979982,0.9922751150125,cluster_5
3066066200011100098,,830.474971000597,791.0935583194487,3338.658893262239,786.431082887198,3332.131190846785,795.8395838970335,3345.491448707033,1.6912470942506512,124,0.4607891435119969,0.9410078659454704,cluster_5
3066066200011100103,,616.6012477925269,806.6274209178181,3340.923501632846,802.0640647482475,3335.7829495256287,809.7579777819593,3346.2875917268466,1.366380853956938,150,0.5113860804148916,0.9733370873469184,cluster_5
3066066200011100110,,667.6990497739948,738.5755837374055,3343.9107459624856,731.3912515653226,3339.8087156068705,745.2660276415414,3348.1197905702825,2.363790732143959,203,0.542571992642297,0.9176185522059804,cluster_5
3066066200011100114,,1235.5783677254865,837.4420174050382,3350.8805516145544,830.8583755076218,3344.016146588647,843.7515114304314,3356.6949086113013,1.1035778040060105,318,0.3502576569765744,0.9674289732072954,cluster_5
3066066200011100115,,1072.314121849107,752.901492881639,3349.4878476550866,746.6837654102526,3343.444058665577,759.4822728180729,3354.728194781906,1.1652210772185123,247,0.3666303947609928,0.9818714400688924,cluster_5
3066066200011100116,,826.8190572835033,740.19558834746,3350.011357514445,734.7887775300658,3345.063770897409,746.0373551838782,3355.438331977363,1.4094370561389264,313,0.4287258358188319,0.9809327869286624,cluster_5
3066066200011100120,,931.01553638186,722.5933888798702,3351.555175545913,716.6948212765901,3346.0237823100474,727.8906187821174,3357.827392912456,1.2573901885965852,170,0.4030735876569494,0.9688359134352812,cluster_5
3066066200011100121,,1192.1718796012278,880.2542096822979,3353.381495554098,873.786994422569,3346.927424256141,885.8969639390352,3359.339336234245,1.230728189794586,83,0.3418288411812024,0.9956894974542904,cluster_5
3066066200011100124,,912.5085693599935,857.645660420315,3354.0888641204265,852.1120083591725,3348.5403437532764,862.8111427820536,3359.321124176642,1.201021584556452,148,0.4030805015439976,0.97949793397006,cluster_5
3066066200011100125,,853.2304620065286,780.7513694274638,3356.462887719524,775.1343221323451,3349.912795368747,785.9700607727468,3361.595868950872,1.2992023985630503,234,0.4429882422783918,0.9186017590969506,cluster_5
3066066200011100128,,842.4950069720851,812.9501253876812,3359.2719427683555,809.8659726657313,3352.3021598195087,817.1172426307862,3367.0833979532763,2.039146442095392,196,0.4683481495298006,0.968113718788519,cluster_5
3066066200011100129,,1082.2169399948596,806.4004815788279,3360.9156991852938,801.3284560096515,3352.025080506711,810.114965443529,3368.76294701206,1.958155804826193,185,0.420978534598631,0.9471406397954176,cluster_5
3066066200011100132,,1233.021789568198,749.7887191724433,3361.24132532836,742.8774889696077,3354.179004394082,756.0138707711196,3367.374096658299,1.0990675873123656,361,0.3475274857164798,0.9596701797142164,cluster_5
3066066200011100136,,978.5364344135928,818.2800517151816,3364.2216850276486,811.8998793219478,3355.9993591849857,825.5441934194403,3374.135469851395,2.57155236277972,144,0.5417018091332534,0.7296256627243959,cluster_5
3066066200011100138,,1755.8713905375064,870.4906336759957,3365.7785708218903,863.1150727404192,3357.2066500100555,876.9874016803541,3373.6694002045565,1.1185715188973349,206,0.2878764193887428,0.9825572053702596,cluster_5
3066066200011100139,,1310.361774941008,854.206320643597,3364.4211128020843,848.0710997545702,3358.1538561784123,861.1635424574517,3371.442505258563,1.029769274719656,259,0.3384528428910066,0.9613977051823552,cluster_5
3066066200011100140,,2603.080587780718,841.3377355678988,3369.339566685983,833.338088744204,3358.4906871538265,848.8088687555891,3380.0756849266945,1.4129549341001573,631,0.2473224633108318,0.9532846741649617,cluster_5
3066066200011100141,,974.2130230528976,740.4166643249763,3366.7197163543537,735.4842151574676,3360.339300994477,746.3330285928894,3372.580877436877,1.3897724245084202,220,0.3863376271643118,0.9926760017126894,cluster_5
3066066200011100145,,1226.936419007006,758.9193209071088,3369.110531853188,752.5878147569119,3363.0260582096166,764.7566942010772,3375.0926932494667,1.0063432753410917,414,0.3517077653207639,0.9528994502527592,cluster_5
3066066200011100150,,976.864864743817,723.2777972592467,3375.702458617968,717.8535733548541,3368.856831882348,729.3852518715577,3381.9471208918226,1.2577916005647547,258,0.4212630554692241,0.898942598639894,cluster_5
3066066200011100154,,989.9524146138504,737.054160637761,3377.1538196852666,731.2115763159939,3370.8611496293024,744.0299258963278,3382.018486060275,1.0873697063507004,220,0.3968149113743546,0.9623924760758736,cluster_5
3066066200011100163,,1278.660246631851,815.111155922142,3383.292653793978,809.43959569718,3376.429323746391,820.8624462819714,3389.442323544496,1.128996792962327,336,0.3572339751248808,0.9495759270954351,cluster_5
3066066200011100164,,735.2186156669005,772.220192200334,3383.0506977805626,767.1010001702384,3377.6528933225127,776.4178995349047,3388.3769269767813,1.0239736401131647,136,0.4557472262912197,0.9611379440551102,cluster_5
3066066200011100165,,1230.8353857818602,709.2815871519631,3385.514687775259,702.2976379270802,3379.5168688632743,716.0097963680553,3393.7908293082714,1.012173774031938,362,0.3979375705513153,0.8697496609775038,cluster_5
3066066200011100169,,443.19641320875087,764.3910970614581,3384.687967725797,759.9887937118167,3380.930536088672,768.5973474579105,3388.266836850344,1.227791548196516,74,0.5864397459522147,0.9654240733310908,cluster_5
3066066200011100173,,772.9651682158983,752.8479426519565,3388.446910567938,747.8769093805786,3383.646047783998,758.6097783362592,3393.14969152062,1.238399093107582,116,0.438196981914391,0.9709726152742028,cluster_5
3066066200011100174,,431.9127141892185,716.1673270412001,3390.569156906061,712.7026051538705,3386.003983754892,719.9339115516407,3394.821667576081,1.250780667655759,108,0.5960022699529778,0.9855777015759782,cluster_5
3066066200011100175,,945.555999717534,767.0436532648972,3392.4647734398745,761.3610626419676,3387.301463178668,773.3991391589283,3398.3689347538725,1.100155719059036,201,0.4011421624289117,0.9639479310685762,cluster_5
3066066200011100176,,2353.521881158518,820.2090773340689,3395.175132375953,810.534124936588,3388.511297628472,830.6161975600801,3402.5261293459257,1.5009875299964863,281,0.268856763642531,0.9462912729772291,cluster_5
3066066200011100178,,1033.050496665296,704.2585617024298,3395.212899197762,697.6807790294783,3389.472591805703,710.6437362451259,3400.4876346308656,1.078022690923618,251,0.3729429547118204,0.9879646447532612,cluster_5
3066066200011100179,,299.56056686601937,777.4042711211487,3392.6950212225265,773.7867351479214,3390.1007428631656,781.4295943375632,3395.6276313579674,1.4259281408653934,82,0.7071589332615559,1.0,cluster_5
3066066200011100180,,1221.5102328489174,720.9535588037672,3397.3403628239184,714.4961504431576,3390.989772489569,728.1128309715823,3403.185692564569,1.2550105972538803,160,0.3412223039550585,0.9900562349626824,cluster_5
3066066200011100184,,1394.5616311953845,792.8344697897055,3401.3834372337365,783.7549585271024,3395.922148702459,800.9955053623582,3407.9802876646822,1.6440280488075338,135,0.3559849864195059,0.9372746677784072,cluster_5
3066066200011100185,,1524.20430890508,692.4682218437725,3401.10784966448,685.4983927095652,3393.372179879795,700.2866028454603,3407.7229476108296,1.3013879790325125,277,0.3388773223625437,0.925378804197552,cluster_5
3066066200011100186,,1641.246601577404,814.3401398886399,3407.1599451908,807.645828673853,3399.386236037231,821.5148405039189,3414.8236498757924,1.029352537685106,96,0.3114425522842853,0.9493121655554853,cluster_5
3066066200011100189,,427.1076776882945,691.882994011995,3418.022100302697,687.2833842039059,3414.273067687393,695.6890637192918,3421.0646838033435,1.565207679913416,72,0.6072601144244123,0.9738095475280988,cluster_5
3066066200011200016,,472.6420990800748,836.0674238933323,3268.433782965133,829.8450261635593,3265.762217728085,842.1068601123493,3272.2727618010817,2.62339335663838,109,0.6750903371356601,0.8966947793671832,cluster_5
3066066200011200018,,690.8326022351467,823.2918870150854,3271.283030874037,818.2052015194123,3266.6490867757366,828.1584834856119,3276.061896870121,1.2838432276804894,213,0.4546468977476787,0.9871548383389276,cluster_5
3066066200011200023,,820.361407154009,850.0836797947914,3277.89259058488,843.8827058523386,3273.6005121299604,856.884579438011,3282.770206583508,1.694266959492616,86,0.4467585717282759,0.9790437018363444,cluster_5
3066066200011200026,,390.0542852363588,782.3824172328101,3279.0395741144093,778.1632254040853,3275.765884300004,786.456144653388,3282.015360917005,1.5004044539253274,78,0.6270043601995531,0.9891544621032218,cluster_5
3066066200011200028,,840.1218880563808,859.145198431297,3284.907646666311,853.2662806395383,3278.229985714243,865.4050981014138,3291.6795502874443,1.8209160361223031,86,0.4936353149378706,0.869705044367081,cluster_5
3066066200011200031,,1764.28877158771,729.4722160233481,3291.5480435560826,720.003880309838,3280.658840664441,736.4294517007421,3300.165177233899,1.779937875225818,110,0.3522935007838063,0.8509870320612617,cluster_5
3066066200011200033,,673.3820276015178,834.1115068944436,3286.156674315477,829.21908516398,3281.229947270179,838.7251920321607,3291.17665826884,1.5254371726870877,214,0.4681978124615754,0.9900953625044177,cluster_5
3066066200011200036,,505.8132442023883,844.9061758152974,3287.6524107173764,840.6199247099138,3283.647399268295,848.9399376229865,3291.303906584661,1.087938725305017,66,0.5228084616338738,0.9941518891775314,cluster_5
3066066200011200037,,542.3440110912975,766.8992855879021,3289.7950532878526,762.5642135735766,3285.5489477860992,771.505760623603,3294.177260311076,1.4585391841410698,82,0.5247678838791878,0.992977352931589,cluster_5
3066066200011200041,,517.6269668704534,869.8506207955304,3294.3022120096216,862.8888918793448,3289.6919935743945,877.4165609599695,3299.38513812835,3.5664660679868248,99,0.7371166512917061,0.8674648004903591,cluster_5
3066066200011200044,,517.3304431230449,841.9616262973594,3294.8098094891984,838.2744086359587,3290.336592681076,845.8209601440523,3299.3902008566192,1.0641736111407536,178,0.5284144584916445,0.9871856604919584,cluster_5
3066066200011200052,,381.19855527902274,824.7571613505997,3298.14191386674,821.6682827442883,3294.441391801616,827.9800705614027,3301.6771205556342,1.1525809344271016,63,0.620643688109312,0.9787036222143292,cluster_5
3066066200011200055,,746.9030539698207,799.6747396285422,3300.56046108648,795.0706735889614,3295.959831579421,804.2502387095851,3305.4379741435605,1.0324808946677888,169,0.4272798405648679,0.9965174068727466,cluster_5
3066066200011200061,,307.2511805334583,834.3022648947344,3305.323696327826,831.030820015369,3301.791612963257,837.3900884207018,3308.60130731932,1.5741750012692646,74,0.7001111463541829,0.9856305503287296,cluster_5
3066066200011200065,,1009.431544214345,725.8193814113981,3309.162487998924,719.1487859378301,3303.519018780388,731.6720742482353,3314.9596211080816,1.137663203074507,102,0.3875739933035071,0.9701012230179364,cluster_5
3066066200011200068,,1300.8118706725993,786.9185920494967,3311.229024552697,779.4359478260169,3304.8023551774168,793.754552015686,3317.6959589441394,1.1873868512260128,238,0.3374809977266357,0.9644670533554986,cluster_5
3066066200011200069,,1268.4386234706749,737.5739633863229,3312.2860239870392,729.5076671404622,3306.106755041716,745.740230110722,3317.223070775122,1.5545517398276318,445,0.3669060685806591,0.9371380949840168,cluster_5
3066066200011200071,,142.7028836627979,843.4437225241954,3311.6298949689112,841.925151706512,3308.535074986308,845.1503787613053,3314.541686002384,1.9459560852768307,51,1.107287895117268,0.9552631060040946,cluster_5
3066066200011200072,,885.347489214103,863.1900587164299,3314.436060986325,858.981053341561,3307.616897891023,867.5882659990416,3321.5207670969053,1.624346071819044,226,0.418346459391186,0.982397630906784,cluster_5
3066066200011200073,,859.5227974694134,760.3251806236786,3314.2336123377645,754.6550275474137,3308.284419240686,765.4129128829493,3319.868406518592,1.239384281868101,249,0.415526601954984,0.9822778652049212,cluster_5
3066066200011200076,,268.3722456564426,839.6063183868235,3314.661463041707,835.2695416828606,3311.993110117054,843.4731880719015,3317.5227364715306,2.177167876237575,59,0.8962067047539393,0.8354926724717814,cluster_5
3066066200011200078,,463.1806731435832,798.5180636178554,3313.089891106415,793.9577588364723,3309.5673214750386,803.21166533427,3316.0329596616843,1.4546090062143164,60,0.567379311720336,0.9888016127991004,cluster_5
3066066200011200083,,1176.5671853309198,746.3656896659819,3319.8235285767,740.1031680921488,3312.3877244757464,752.0519994790742,3325.8417678255223,1.117056202986803,377,0.3765929534677279,0.9229599555952128,cluster_5
3066066200011200084,,1353.3947614211625,723.7940482782427,3321.045565186937,718.0035440057093,3313.2076253577707,729.5709979434293,3328.6703268484207,1.5449531763405462,72,0.3336929275996941,0.978038929668124,cluster_5
3066066200011200085,,654.5666547948226,853.8930379987288,3318.6033573629165,848.7236958926146,3314.1024365795,858.6720377556242,3322.9133854617603,1.2935863267279684,235,0.4816436758377335,0.977970976620696,cluster_5
3066066200011200091,,1424.6396723373382,768.300197912671,3325.2580173159554,761.1785544648592,3316.9257732899528,776.2394052657789,3332.059921383922,1.4388232117435438,338,0.361836646480644,0.8930380449640326,cluster_5
3066066200011200092,,900.9985539850912,789.953572788925,3322.080637754292,782.5348716908477,3317.444529482302,797.6459945905879,3327.1518492376254,2.46195240963449,180,0.4504511206361634,0.9720466371150934,cluster_5
3066066200011200093,,1874.73398693878,929.1788874609372,3324.0260019354687,916.786744462558,3318.2081235936057,938.2460552180836,3331.368384782142,1.4750164490298354,294,0.3098113681223042,0.932968829178252,cluster_5
3066066200011200094,,622.1407991386108,829.0583014131953,3324.5021358305826,823.9783861508915,3320.476038576209,833.6499088620451,3328.5485021357254,1.0214051949425942,154,0.4734063130947032,0.9932424172849168,cluster_5
3066066200011200096,,1504.935854594292,856.2182334391198,3328.1251889831683,848.3878078743694,3321.8503122171087,863.5767750080745,3334.8569396965167,1.2279328856827636,359,0.3227038581455336,0.9618828432300524,cluster_5
3066066200011200098,,268.971496840932,817.5991944539827,3327.477299423798,814.6088012150348,3323.708294672349,820.8738284354091,3331.20717005223,2.152457994016994,61,0.8074930478383865,0.9632945582618032,cluster_5
3066066200011200100,,1204.0388411787376,917.8894284064244,3331.609218240941,912.682883554878,3324.490100841255,923.3789445688489,3338.928017038475,1.4680552777183722,124,0.3618301083394015,0.9405447817675542,cluster_5
3066066200011200101,,1284.38465186815,787.335571685566,3331.3025057061814,780.3915425017963,3324.622718385566,794.6164912974864,3339.429442618942,1.6564386656485883,259,0.3740784586565892,0.9294865179693108,cluster_5
3066066200011200102,,1025.569900489665,745.7040962424161,3330.1435583645903,739.110780790551,3325.004246090979,752.5537832069158,3336.2137965315874,1.015058464068154,316,0.3960633292234538,0.9401504309465116,cluster_5
3066066200011200104,,1045.8995061914584,813.5401749275408,3338.056110163448,809.2899158872068,3326.2894021818865,818.4173606763918,3346.116127289026,2.214705961778926,239,0.4625063540663662,0.8133597320409379,cluster_5
3066066200011200106,,932.2412404268732,736.514308476855,3337.4256190137207,730.488311353027,3329.6962115951724,741.8220565558531,3343.8749837171727,2.021980522856615,289,0.4489232918433662,0.9226866784294038,cluster_5
3066066200011200107,,754.4309172592995,799.5271161596372,3333.850828676801,794.4095971307222,3328.9152831180963,805.371929296251,3339.4870390002848,1.3344444456640705,112,0.5033186576281722,0.9119289085577676,cluster_5
3066066200011200108,,1146.5272794942298,772.3992926449038,3336.518503462584,766.5153483689305,3329.372209777175,777.4735555552589,3343.465951184529,1.2583415904376745,256,0.3949738515956493,0.8978772899660709,cluster_5
3066066200011200110,,1722.8726778949897,723.7710853264806,3339.542337904465,716.6526005178312,3331.076765315768,730.9711929587145,3346.3084568794907,1.0932646383519662,343,0.3038090149029031,0.9496128209735548,cluster_5
3066066200011200111,,1338.711920291144,846.4107662984144,3336.0246347877955,837.0806833762862,3330.387789431881,855.1093325743789,3342.925077592627,1.4296031030993246,336,0.4067595378647936,0.8680198066336369,cluster_5
3066066200011200114,,354.46145604043863,778.9049887344546,3338.3954162997225,776.4065632249062,3333.5404762157723,781.3569704352121,3342.538760133971,1.81834885513929,67,0.6813672455880387,0.9839940704801208,cluster_5
3066066200011200115,,908.4411299706188,861.0127193005976,3340.249321503342,855.2238238499895,3334.7096568338243,866.3508004483658,3347.0033920287688,1.240443962492426,127,0.4073529709284353,0.9714802039422376,cluster_5
3066066200011200116,,559.6096081235389,822.962997960306,3341.400531898121,819.2079327666826,3334.8523667308546,826.3726336717655,3349.062810662508,3.125902408271691,135,0.6471380819050824,0.9030086961223616,cluster_5
3066066200011200118,,1165.089029574078,795.2762424067658,3345.981396533012,788.8554942849556,3338.2997220504826,801.1638243066848,3352.790652134885,1.872691676290309,236,0.380013054309788,0.9562195764401497,cluster_5
3066066200011200119,,2092.3631102376708,847.0206656504196,3346.089469270836,836.6564105677782,3337.745193252105,855.8158345365234,3356.0511209689494,1.1043663792595118,438,0.359722512970671,0.7805376859776912,cluster_5
3066066200011200121,,271.02275607654,759.066037181471,3343.075021800971,756.1990118228643,3339.8643176864907,761.7224338539652,3346.215282933898,1.1836001223346244,60,0.7215619067619902,1.0,cluster_5
3066066200011200123,,1436.197788793541,817.2913763431943,3348.639955701859,809.6499828981873,3341.628989973999,824.099269020588,3355.1242890577573,1.1590904300993732,370,0.3301542536946398,0.959533293827896,cluster_5
3066066200011200126,,493.4551579225845,784.8093178947794,3348.955850658978,780.0851734200496,3344.3282176334774,789.5732835752875,3353.6243969477264,2.336104580290648,44,0.6056191010714641,0.957726160384819,cluster_5
3066066200011200129,,1179.1322095025168,801.8469391443375,3352.050508160272,793.946126618456,3345.835442929088,809.6018437874482,3358.2822065301207,1.859180620967929,278,0.382003863214818,0.9548009814736196,cluster_5
3066066200011200131,,3029.2768062401205,905.8439388343556,3358.1263071551434,897.9731786046473,3345.92401419726,915.3753411628068,3372.7349935558627,1.9277133100396733,216,0.2513613601582926,0.9266963378318852,cluster_5
3066066200011200132,,311.27517984802404,829.7935905477427,3353.1818476774647,826.9906569511074,3349.372161250365,832.4178988455801,3357.0734410801465,1.6104866800502338,42,0.7019139429594319,0.984968101797692,cluster_5
3066066200011200134,,2367.184258664161,766.4733608018068,3354.9345118754904,756.9680897800251,3346.615752285208,780.8324941533058,3362.6883367267383,1.3320221749534196,663,0.3141175831621934,0.8435768905865436,cluster_5
3066066200011200138,,570.4529718624502,827.3152013727124,3356.4706822148323,823.423851036608,3348.713621870781,832.4354028012726,3361.7985058414024,2.042602808388302,52,0.6759448936853711,0.7690443782799429,cluster_5
3066066200011200139,,232.5252962976228,777.1610666190203,3352.0305096569323,774.1728177341465,3349.826931618499,780.5568330142802,3354.4112963610364,1.444934798632224,51,0.8057621802440657,1.0,cluster_5
3066066200011200141,,1277.0841624323994,890.4072916980176,3357.68163686902,884.0810997602451,3349.952811487264,895.9368935538137,3364.962748165412,1.4705636634555954,84,0.3587218540126332,0.9496300829455562,cluster_5
3066066200011200143,,463.9437629335923,744.4697156724496,3355.401774673649,740.1994667061585,3351.721653100144,748.9873151076413,3359.1253641596445,1.3776370868094392,143,0.5570789707380549,0.9950947604395548,cluster_5
3066066200011200147,,1841.6270668235925,791.7429770104336,3365.2526433032585,784.1696867198234,3355.0885512265213,797.8578678304495,3376.484833077014,1.724018499206761,356,0.3220448171328784,0.9238685038684694,cluster_5
3066066200011200154,,1557.9282394386414,712.5143325064533,3367.16715441583,705.3587552490919,3359.151149949142,719.1356851765379,3373.750280558902,1.0268372351544015,204,0.3085316012733786,0.9732717445885136,cluster_5
3066066200011200156,,2209.0882442137818,825.0734315998507,3370.2312803676787,812.4775072879816,3361.233114798758,833.5168522118088,3377.539789883427,1.202051020589967,478,0.3031626759354461,0.8604137574110804,cluster_5
3066066200011200158,,1588.3421498290572,770.6583862469464,3368.417664642005,763.7602355616029,3361.3885418100854,777.2447542214404,3375.540569822233,1.0495132511020122,356,0.3120655256278982,0.963938958470732,cluster_5
3066066200011200160,,1639.8180088159042,784.0097822140391,3371.8430040579483,776.3834070228763,3363.9907846014394,792.3689032600818,3379.2715908929213,1.7762383170580294,484,0.3242846859112545,0.950565734591205,cluster_5
3066066200011200161,,803.9832495309107,730.039354077587,3370.3729948107434,723.9626751877411,3365.509224379245,735.857449398904,3375.205807190302,1.1486194858408283,141,0.4288870702870197,0.9736708695402074,cluster_5
3066066200011200163,,601.4512366291228,745.4659488763666,3374.898835070956,740.1640332354725,3370.803630684444,749.81901683408,3379.2835072584767,1.228542236789035,193,0.4920148213950969,0.9847035534542856,cluster_5
3066066200011200165,,1280.8300697421785,755.7938319700222,3379.9272514990366,748.9809254250207,3372.0776571180377,762.477177314795,3388.8771169986667,1.2109247301595092,319,0.4734301952473641,0.787737923931146,cluster_5
3066066200011200167,,858.0142073490732,711.9319458510342,3377.122350654648,705.2452470916454,3373.1792152604253,718.9668809304952,3381.030074759537,1.899510931528275,230,0.4526246770787284,0.9422072702297172,cluster_5
3066066200011200168,,520.7782899923923,766.1894927887746,3377.4981286861944,762.3374285850452,3373.129064611905,770.2427762872558,3382.025107022572,1.0096823659602767,107,0.5198381910538677,0.9914364862483076,cluster_5
3066066200011200171,,2533.7864987973107,830.2018156116847,3384.599427383961,820.229623317837,3375.662482436259,839.9909426715944,3395.412003881292,1.6263703848959834,476,0.2627457329319029,0.9209019979772756,cluster_5
3066066200011200175,,1552.506766865829,724.0603630601884,3385.380177532155,714.6013412180941,3377.951812296751,733.913739299287,3391.2735670928537,1.7326809901779396,378,0.3661630350568146,0.8698864672743616,cluster_5
3066066200011200178,,734.7694194741944,780.1309980967259,3384.34703653986,775.634181707757,3379.2907721633705,784.5761653345651,3389.538540838365,1.2793813435958,179,0.4680971454273069,0.9430193741078928,cluster_5
3066066200011200179,,2324.927972426996,790.3815204804615,3388.1529056659574,782.2163193933962,3379.651450211664,799.713263068617,3399.126889073133,1.5832511506287463,504,0.2840997721856454,0.9288932142870412,cluster_5
3066066200011200181,,1085.3226402750292,696.6750990238769,3387.2604852420304,691.1569174155891,3380.421442004408,702.0086956845907,3394.6540123919194,1.0336219185737752,212,0.3757343858890828,0.9665189776574302,cluster_5
3066066200011200189,,205.9371026657889,745.1821282994924,3390.6237297309194,742.506156379723,3387.991720354137,747.5270904766558,3393.5496471274955,1.118831151384741,50,0.8378548225321261,0.9999999999999996,cluster_5
3066066200011200194,,661.9706662890507,757.6825319080908,3395.9266354174315,752.8713914432756,3390.9821437582423,762.2930451069788,3400.3844187865006,1.074175591832879,149,0.4681678078828648,0.9859598213112272,cluster_5
3066066200011200200,,1945.6856715457504,774.542071565637,3403.737632674957,765.685725351106,3395.533224905211,783.2271744607342,3412.048983042311,1.640777472566743,235,0.2845789706357629,0.9779728449072924,cluster_5
3066066200011200204,,923.2609190247492,689.7065467786425,3411.8057207085662,683.4280309753906,3407.229358473821,696.3308341531165,3416.67359899895,1.5515499601533758,153,0.4069083399144372,0.9694373362427752,cluster_5
3066066200011300004,,216.8324421484907,782.1120630890393,3255.2818056084297,778.8779374149935,3253.2065486650395,785.6352908449376,3257.242658843453,1.7261744606569167,48,0.8500710664793257,1.0,cluster_5
3066066200011300007,,372.5974598097917,766.8826289518739,3260.724585774846,763.8075249320416,3257.3992543137606,770.2608583671447,3264.216427042641,1.1387577429735,84,0.6271320384246648,0.9710632544198838,cluster_5
3066066200011300008,,971.3696616378736,774.8312151621474,3262.184885535568,768.9703323849733,3256.670417302626,780.8081118304573,3267.1119196027576,1.1455297765883627,166,0.406554132412546,0.953553547497813,cluster_5
3066066200011300013,,522.3178952714031,789.4903470444907,3268.989334986828,785.4591289332496,3265.088521500184,793.7506677769754,3272.92816892181,1.0614229221680718,103,0.511388145922589,0.994134934131677,cluster_5
3066066200011300014,,701.4019986630457,767.6408614139049,3269.819468502802,762.6353851593142,3265.756995258378,772.7810992940161,3274.0105466016857,1.2356235789626937,139,0.4472815652122724,0.9959710355007696,cluster_5
3066066200011300015,,522.7358093472267,808.0760009730558,3271.2850927192044,804.034248942041,3266.66072972292,812.199333959489,3275.434104328372,1.2867616584519812,111,0.5463483908214783,0.9520588300822848,cluster_5
3066066200011300016,,826.5676527831395,756.037078194239,3272.964054957855,750.9072625180343,3267.8801693150444,760.8961651687165,3278.486999304408,1.0568844265986943,163,0.410913255105827,0.9886980849943652,cluster_5
3066066200011300019,,402.05255990116586,834.006856420048,3274.691574754397,830.2068604029014,3271.696772593731,837.89324737347,3278.093809865305,1.2015558815263112,110,0.5854162621021367,1.0,cluster_5
3066066200011300022,,482.61665374801134,810.3806709282924,3278.446090326928,806.4101363850259,3274.575739337883,814.9015393490438,3282.755800513089,1.444987594551669,131,0.6099276145005675,0.9291444158501562,cluster_5
3066066200011300024,,296.68180639867774,829.4906511185292,3279.58390511079,826.389189882854,3276.627841390793,832.8631013709964,3282.5758572063933,1.125029784615951,92,0.6787945907379969,1.0,cluster_5
3066066200011300026,,579.9280171878131,756.8271543789463,3284.496435349095,752.9802771895899,3279.635020364779,760.7061571747793,3289.035812628645,1.2838885001027505,98,0.5014163704066391,0.9728723303194696,cluster_5
3066066200011300027,,501.7544276233837,816.1191071192945,3283.78004790486,811.701885689856,3279.106968173724,820.2932171571572,3287.6156183329526,1.5990736055872257,97,0.5499687891102707,0.982846171423466,cluster_5
3066066200011300030,,438.9041613212401,801.3079762296128,3284.223502677502,797.3443616501215,3280.7259059544454,805.0731781487264,3287.9616347084643,1.203067211326266,57,0.5624606452085769,0.994216675359309,cluster_5
3066066200011300034,,469.32450765622536,815.5725444523305,3290.387585657751,811.0604127790623,3287.3092481520853,819.9952889838702,3293.571642593852,1.463931453366729,116,0.552293861875138,1.0000000000000002,cluster_5
3066066200011300036,,552.3556210148885,796.8324245997601,3291.615063139829,793.1052815628266,3287.440659667114,800.7721996724465,3295.839736549867,1.098680971013544,118,0.4990947942313122,0.9953449686025252,cluster_5
3066066200011300043,,335.56222177722714,806.643692755849,3294.833836272173,802.960796496159,3292.2396507316444,810.0837712693519,3297.769655943257,1.2897730829178709,63,0.6577389531363025,0.9863176879471692,cluster_5
3066066200011300046,,187.2892351250976,762.5589323686692,3297.6191499265337,759.9919465256423,3295.075225422582,765.2543486298998,3299.834692923171,1.2790949972644816,38,0.8958428143290497,0.9808869027504488,cluster_5
3066066200011300049,,264.13464078591363,819.6251438364905,3298.915700395556,816.9943711298552,3295.4614809895834,822.0636129938102,3302.1458803502983,1.3382351590583494,44,0.7576449005705074,0.963594110976829,cluster_5
3066066200011300051,,435.95983908871096,831.3907278714286,3300.001286096435,828.1171080232066,3296.169327026456,835.2045774976812,3304.05303148979,1.13871898337126,111,0.5634197939185865,1.0000000000000004,cluster_5
3066066200011300061,,525.4689329542276,809.2176727020188,3306.288351108873,804.034248942041,3303.513051732027,814.3952613923186,3309.9368496557995,1.6130460101987312,119,0.5450925567033414,0.9886326788438908,cluster_5
3066066200011300068,,318.21820745059296,804.0163463567466,3310.2731729708435,800.1700250095085,3307.6624177727736,808.1214983153241,3312.944637959126,1.7008287094160792,51,0.6957033678703953,0.9938647141276592,cluster_5
3066066200011300098,,690.3788680440717,809.1778182832816,3330.650756797953,804.080612875196,3325.4447473183736,815.0497270867894,3336.0431348140205,1.453763452391262,134,0.5443863128996415,0.8540813250449819,cluster_5
3066066200011300101,,183.2337514098089,870.4793564218546,3331.068157684989,868.2860045368602,3328.3797291335,872.8844164925854,3333.72430962234,1.0539411912342769,31,0.873057878721813,1.0,cluster_5
3066066200011300164,,310.52331409323494,778.0454658828987,3377.329660029619,774.8353961154029,3374.34746987634,781.5268887424588,3380.35477365627,1.231280100344099,52,0.6855037819807047,0.9823496007509976,cluster_5
3066066200012100094,,2963.600990354254,1005.1278917763432,3339.9612642529146,994.951962249802,3329.216088201528,1012.2483848545398,3352.623464049709,1.3533073504904956,63,0.2519675064893611,0.9438603669452736,cluster_5
3066066200012100106,,642.6370274179646,1034.9771792129357,3351.926154950358,1030.499520212015,3346.579567329245,1039.699091049277,3356.8574491770414,1.4070041168306504,115,0.5099569561884496,0.9301578279670524,cluster_5
3066066200012100121,,455.8309751873237,1085.6698634550548,3383.718910709496,1081.858582653129,3380.057119368781,1090.186967041834,3387.298905420372,1.2751923823949205,68,0.5673696525064789,1.0,cluster_5
3066066200012100124,,541.1420484970099,1077.634868561365,3395.232241061049,1071.5284217289952,3391.7528436869165,1083.518224996138,3397.905105718456,1.9733733781404603,91,0.5846353875405254,0.945954964114842,cluster_5
3066066200012100125,,1432.398933978732,1078.7549373531976,3402.9461193636707,1071.0554633668455,3397.056936107731,1086.7756498779715,3408.161104014536,1.474487958973868,222,0.3627044140278749,0.9383659180188868,cluster_5
3066066200012100130,,490.8510554567782,1084.176336084848,3411.596374891093,1080.5626440478643,3407.626814617463,1088.1486051780616,3416.8924287807567,1.3517340379508689,58,0.5683986982541008,0.984568302626416,cluster_5
3066066200012100133,,493.0690388057608,1090.253789801347,3414.0148454230066,1086.1365769254417,3409.713265360036,1094.0944953480678,3418.055538491736,1.0930631274479947,93,0.5512737683384169,0.960303722668062,cluster_5
3066066200012100136,,445.0980914509402,1088.0820632123905,3424.864428997741,1082.686126443374,3419.6568808770185,1092.526529649982,3428.4571305061054,1.4707191458133504,70,0.7226518133152561,0.76399067767519,cluster_5
3066066200012100147,,228.06981926149143,1116.928418307939,3431.615011075496,1113.7634834009248,3429.004347436057,1120.0323445974311,3434.5787827556424,1.6513188526603373,41,0.8537059118225656,0.9530069638827828,cluster_5
3066066200012100152,,546.110538781663,1107.0273427776758,3439.5213966601505,1102.8381175541476,3435.0586171790683,1111.0035568646156,3443.577304439577,1.0081179950478456,106,0.5057062916639933,0.9865595163297844,cluster_5
3066066200012100170,,405.2310422879871,1121.605951263344,3457.54772094905,1118.023046047001,3454.281896555417,1125.4624602557883,3461.571454353959,1.0719812020679746,72,0.6192751028459632,0.9575088384276472,cluster_5
3066066200012100226,,1382.483477908855,1112.3565630601609,3539.448187022645,1107.2947099832586,3530.432478523814,1117.7112611516595,3548.021319101523,1.567822588695761,219,0.3458121736412409,0.9591520509981,cluster_5
3066066200012200097,,336.17643489852986,1028.6197834576833,3334.133742362741,1024.5667356847275,3331.814785704366,1033.0893781164953,3336.843607509876,1.743348146505773,50,0.705041142850383,0.9654059989199932,cluster_5
3066066200012200098,,1131.1713240967936,1038.3937108033858,3338.5721201972256,1032.141117616445,3331.779161386133,1044.9314420882822,3346.384172835073,1.0920353551276023,194,0.4162574175150989,0.8671346311156162,cluster_5
3066066200012200103,,2529.6653143656813,1024.8590400143478,3343.209911236264,1012.356379738312,3331.0122699928024,1039.720511323686,3350.9873882504926,1.4656126359333053,260,0.4710038935946209,0.552263893319584,cluster_5
3066066200012200108,,2101.251162007833,1047.81981788314,3348.1372298962788,1038.984613795628,3340.1092089706203,1057.0688547185005,3356.338684947724,1.0986143614854695,305,0.2611904374751062,0.9822579503033078,cluster_5
3066066200012200124,,1628.620413112158,1057.867738080429,3357.295851997075,1049.8103674074182,3350.0522870749182,1066.6012575753368,3363.126816989019,1.0897033838241814,208,0.3002796724720107,0.9894863599930656,cluster_5
3066066200012200125,,693.5655852981492,1023.565678042188,3353.8810355384703,1017.571339018428,3350.172905424648,1030.5315639207204,3357.0585546535763,1.922335681599688,138,0.5110881935534549,0.9418941464646136,cluster_5
3066066200012200136,,520.3893069840494,1036.3665923999051,3359.1436020839506,1032.030453113332,3355.265315501644,1040.9988927741426,3362.675222826322,1.2200425274428877,89,0.5176034292505757,1.0000000000000002,cluster_5
3066066200012200141,,233.2081032273652,1045.36688462573,3361.7150406788164,1042.8120218330694,3359.047825815492,1047.97927773136,3364.653822155231,1.0972304512457225,38,0.7874223694612715,0.9778253340712882,cluster_5
3066066200012200143,,729.975927380118,1024.584977842618,3363.485659909921,1019.3760471834946,3359.461451092304,1030.0602081900463,3368.195004261552,1.2411142568348237,118,0.4546145857769005,0.9808450927584206,cluster_5
3066066200012200154,,4025.265906165515,1062.3896000570082,3371.7748943108563,1047.5303735500163,3362.2628493765988,1076.6954962138427,3383.1692816085665,1.808678584309312,643,0.2137144350987559,0.9174814231216952,cluster_5
3066066200012200173,,894.6420766379243,1082.598742216189,3376.9912115887782,1077.014369422913,3371.8800916867044,1088.8111548823815,3383.277359845256,1.0597081763042566,76,0.448180178926524,0.8815063835417006,cluster_5
3066066200012200187,,1037.587180456911,1053.577180796605,3383.25140988508,1047.568702663046,3377.294469809966,1059.683200596931,3388.606624383264,1.0033483017212173,154,0.3682460615647885,0.9924293649369048,cluster_5
3066066200012200195,,1671.5534573277923,1072.0506043981195,3388.181504525903,1064.1727003030708,3380.9517516171163,1081.7913084655554,3395.345703990879,1.246667817053148,293,0.3255437048698244,0.8912943914172491,cluster_5
3066066200012200225,,616.3002264995796,1068.450448728796,3400.691968077728,1063.6768788311074,3396.6781203633263,1072.9942117735054,3406.1194035970093,1.0536929721984682,160,0.5134902323064177,0.931637419127424,cluster_5
3066066200012200240,,275.2702109845296,1089.6761057244976,3406.890155588547,1086.6680388877392,3403.882508561836,1092.4341834004942,3409.740874807828,1.0070385197894192,46,0.7043269186056312,1.0000000000000002,cluster_5
3066066200012200246,,1931.6846494686508,1107.654906039281,3415.598525181639,1098.340979957443,3406.6739314025326,1115.8690731790275,3422.586874637404,1.0247297801048678,263,0.3010854436891486,0.9057781152720672,cluster_5
3066066200012200248,,1153.887556471115,1077.0294762680994,3414.2304759871995,1071.5565805738995,3408.166731408352,1082.8783449975024,3421.295417038312,1.4035317462217818,209,0.365999035307485,0.970224590856426,cluster_5
3066066200012200269,,555.6322781782096,1084.7457702050854,3420.362997408301,1080.6039460334096,3414.3952499218817,1089.1573613189028,3425.041981804802,1.2252654127191047,102,0.5905680505392388,0.8812242915353672,cluster_5
3066066200012200277,,401.4787806202641,1094.332726182099,3422.028104304466,1090.9766551243592,3418.0158913796663,1097.6583265125453,3425.870664368605,1.3699130659862016,78,0.5983860191707323,0.9966432481264942,cluster_5
3066066200012200285,,375.632348193112,1104.6741548760328,3424.3401229701526,1100.9507449017133,3421.063215817593,1108.4472939112975,3427.848992692134,1.1804849175171126,77,0.6155319056257412,0.9894278721803588,cluster_5
3066066200012200290,,636.9389792157698,1098.1484238194678,3427.966621176732,1091.7976691967797,3422.832131239447,1103.455922530448,3437.674480750738,1.1341627462346966,86,0.9564330210709724,0.5118990046938533,cluster_5
3066066200012200294,,572.0704741800478,1087.762758350763,3431.4919180605243,1083.6278027790268,3426.6601329253053,1092.5325002333773,3436.449142769908,1.005068256944051,126,0.6127506866579697,0.8259443149608195,cluster_5
3066066200012200298,,549.7297523928021,1093.4365465179992,3434.977562864548,1089.280764867312,3427.881226679343,1097.1814276881814,3440.734688317765,1.9496114979235304,110,0.6407860823880922,0.8269493447966807,cluster_5
3066066200012200299,,469.2829523319431,1105.6565230152553,3432.1476317691054,1101.964406270028,3427.9004563255926,1109.761983362515,3435.694493810382,1.0149376085244022,84,0.5635437330438505,0.9880601816730552,cluster_5
3066066200012200301,,1518.4975777390327,1117.8676392872387,3440.5570897309085,1110.6225696544748,3430.2408191354752,1123.9547686162366,3448.28605832602,1.324713109949322,280,0.3543566968604081,0.9049906096301906,cluster_5
3066066200012200309,,981.9986080960368,1086.4411341847692,3443.2524116313834,1080.5883137441583,3436.6898565206893,1091.67247266942,3450.04135501284,1.6918690356414698,119,0.3969181062609433,0.9906747573389918,cluster_5
3066066200012200320,,1386.0470318734926,1101.831096761701,3448.465724508316,1094.7564760563807,3442.1294730858112,1108.6809912775043,3455.495507014196,1.1702107307006155,264,0.3590432937642867,0.8969988730736057,cluster_5
3066066200012200333,,1549.3897406547903,1115.5119618576875,3450.788864361087,1107.1858180584898,3443.770784466087,1125.6004866659575,3457.062621898729,1.3497417674530028,309,0.387568670020225,0.8056375572011364,cluster_5
3066066200012200337,,983.2658041167552,1093.4619851688765,3459.8334800146704,1089.1055091901562,3451.5602939500586,1097.882725119233,3468.283651595128,2.461613034096405,76,0.4433730890626512,0.9609963744318551,cluster_5
3066066200012200352,,1128.5475575091791,1104.0695120989988,3462.69276564656,1097.9746987237124,3455.4691371617687,1109.4437802493785,3470.1867434195965,1.6413588592019512,287,0.386822379331969,0.9482439496423548,cluster_5
3066066200012200358,,818.0980813421074,1126.7811901401749,3463.7522410262827,1120.7240818548537,3458.049178628225,1131.616393203961,3468.9572468885585,1.333088807856203,103,0.4347476580535313,0.9614066228095236,cluster_5
3066066200012200359,,1828.7749620772947,1116.6739006728194,3468.0864725855417,1109.628769995864,3459.574824175856,1126.053146038673,3475.7098400665286,1.098160218863456,253,0.2963646094472257,0.9536442649913508,cluster_5
3066066200012200377,,3024.3074207881505,1129.649131275335,3479.4702720252308,1118.2234728748356,3468.495428145548,1137.9390159127545,3493.081418773118,1.5115699061321552,453,0.2676146835393452,0.8691154080648138,cluster_5
3066066200012200394,,1179.5094936705232,1111.538494198311,3480.703978888912,1105.263932196779,3475.1244003443094,1118.889767645844,3487.430157225971,1.058051962915889,207,0.3890875583323155,0.9139753429088768,cluster_5
3066066200012200398,,558.4040711101251,1119.0924115280002,3485.9438789953133,1115.267108592512,3480.974932759381,1124.2488852531112,3490.399425043985,1.3534223945749069,93,0.5358089093435998,0.9530091653495812,cluster_5
3066066200012200414,,303.15432302494304,1116.2949081736626,3492.1024861737715,1113.1369017870402,3488.5478484994173,1119.755590814458,3495.232142278118,1.2372923728797496,47,0.7255197501421842,0.9549243334155338,cluster_5
3066066200012200416,,271.8556118438985,1110.0200543627332,3492.173351735528,1106.6562918156403,3489.162705475591,1112.9804806800912,3494.8416846317214,1.418179717139512,72,0.754213089729779,0.9744610800004906,cluster_5
3066066200012200423,,926.0388482156104,1129.792448474931,3499.493979823331,1125.992831719108,3491.1339723091905,1135.709933050681,3508.9815984970346,2.107037725023817,82,0.5365295573617237,0.7781622525115554,cluster_5
3066066200012200433,,1355.534314121449,1121.6927147639055,3502.5821592566385,1114.7794835687348,3494.597622445775,1126.8465692896436,3510.414084946539,1.230237170101555,212,0.3688782396941014,0.910967309394561,cluster_5
3066066200012200436,,1856.4530373825785,1110.1951409173937,3506.2953315230184,1103.2880718743722,3498.1475909377086,1118.061342648089,3514.7592043840323,1.1615643091061545,320,0.2799962883582357,0.981226653365792,cluster_5
3066066200012200458,,1263.635562091252,1112.5429482159916,3517.3825768892416,1104.4295026250757,3511.0768597684973,1120.738818670446,3523.2562592437025,1.805161437692779,229,0.3637672780090367,0.9507459640099012,cluster_5
3066066200012200476,,490.9740568994061,1115.5882115106776,3526.594662296736,1111.826164084202,3521.988861722777,1119.1441100186769,3530.9525257016367,1.1276196183226554,45,0.5360745130047285,0.996056655787096,cluster_5
3066066200012200498,,528.3902840478588,1099.3783894035594,3543.650965593853,1095.727271072912,3539.186052527667,1103.124118374502,3548.139494905822,1.3286517962613775,48,0.5160951923703251,0.9948286793331904,cluster_5
3066066200012300028,,381.4874349952848,1097.064328945089,3433.492767697346,1089.0333910353354,3430.7389328219665,1102.4069220038657,3437.425970975641,2.1991936638938747,57,0.9056582954436287,0.6295069472997754,cluster_5
3066066200012300043,,652.9661373309447,1125.0415434754343,3491.3506565623825,1119.3476948117022,3487.089221427147,1130.003677675703,3495.437159435047,1.2349512727795884,72,0.5008306148113278,0.9537197635366008,cluster_5
3066066200020100006,,1167.8063769577534,626.4634465075989,3557.2853697576493,619.3668910960484,3550.683184111386,633.8097797332996,3562.326180947219,1.2708087423522592,190,0.3818610465572406,0.9277133567949722,cluster_5
3066066200020100007,,1816.3766711614728,627.3009172757974,3569.546331101862,620.1262943651325,3561.576112402405,633.418715749869,3579.2267160456136,1.3246696906765154,273,0.2999936692623928,0.9412726844396084,cluster_5
3066066200020100012,,2812.217534508652,630.728756563426,3595.1415502401787,620.3431247516285,3584.634136073675,638.1483259300212,3608.759646743416,1.3814563784803102,387,0.2639520309713634,0.8945232123113636,cluster_5
3066066200020100013,,2034.4077728602429,636.1212971553474,3624.969782576613,628.1105832773831,3616.377323379681,643.5346418865993,3636.330739908859,1.2858612795926132,279,0.4012404906051089,0.8349172227220641,cluster_5
3066066200020100015,,1029.664017059031,644.6313109568761,3638.682236887184,639.1157215702717,3631.933030267729,649.5432880606456,3645.864629000994,1.442629377098905,213,0.3871299080054203,0.9743792736933752,cluster_5
3066066200020100016,,326.5265424558351,637.7029804730809,3643.45435813804,634.763108336486,3640.575033282172,641.2105471658601,3647.064427857321,1.0271497570053956,33,0.6632447795093706,0.9967063165219018,cluster_5
3066066200020100017,,458.8604269498438,642.6128703322173,3647.120164285599,638.2843051083419,3643.0286315185926,646.5271364106081,3651.00132136462,1.0580172131817287,79,0.5639172268902679,0.9819400044496076,cluster_5
3066066200020100021,,452.3918254347559,646.893095332235,3655.186777336712,643.7233391837045,3651.1520197795926,650.4253313642223,3659.946800338019,1.3181868664856369,88,0.5737782402922847,0.996203324021412,cluster_5
3066066200020100022,,731.2037947034203,651.3350513830302,3662.012509223095,647.1423410347315,3655.999271608837,655.9567070816676,3667.334856139872,1.106383894875355,175,0.4518360286505874,0.98554499404553,cluster_5
3066066200020100027,,2100.393835838956,666.952838419547,3671.938060796679,659.6243384228579,3662.9431888552426,674.3313920535813,3681.707251618521,1.5852025648487902,199,0.274754364616306,0.9605744081851688,cluster_5
3066066200020100031,,716.9278570484023,667.211628595117,3685.3519400272817,662.4512249804177,3680.15096202476,671.8537485162819,3690.0229398880647,1.1840818598738696,161,0.4675525166926889,0.9480060698901156,cluster_5
3066066200020100033,,372.0673760214249,651.7775138984754,3684.887386461348,648.305626542755,3681.3985086647344,655.3796177463182,3688.518619016765,1.6853912201114123,45,0.6379987004021551,0.9921421585592112,cluster_5
3066066200020100039,,551.3520728366918,669.6938102961532,3710.590502078772,666.2403996239849,3705.095151726507,673.2552489377242,3715.577853817008,1.5349440983160996,45,0.5558556133033566,0.9417455940546496,cluster_5
3066066200020100042,,482.1411772386982,678.2730394822271,3717.51702160245,673.8873955752244,3713.149318421176,682.9790551796337,3723.300583202693,1.233125563323871,96,0.6962946750634541,0.7878326432374351,cluster_5
3066066200020100045,,581.232527831993,677.3079183659778,3728.3649902920256,672.4964805076927,3723.4706182695822,681.2440660932282,3732.8971726834297,1.2851026911977448,61,0.5425238256345879,0.9101520292291482,cluster_5
3066066200020200007,,1156.1082930971345,618.3222771189021,3575.310070316205,611.7905247935824,3568.469647459926,624.4067293461555,3581.5845445573923,1.1705627089506474,60,0.3565854923958347,0.9840102726272524,cluster_5
3066066200020200014,,621.8288184017249,628.349399645624,3612.634635130312,623.0914920042229,3608.728820779571,633.8343121173012,3616.483854389549,1.5536884407859763,38,0.4877006830058375,1.0,cluster_5
3066066200020200026,,1336.7151555200194,639.6751969486086,3656.727073075872,633.176212262677,3648.569218077528,645.604752970218,3665.162450614904,1.0517407222743214,97,0.3639330946875203,0.9186215986872532,cluster_5
3066066200020200034,,214.975179098292,646.57853050707,3665.100538767645,644.7316761215086,3661.078451323928,648.7967911091373,3668.6968447518384,2.2496978242190555,33,0.9357103274652998,0.9222444606067044,cluster_5
3066066200020200056,,453.52007421710846,671.8994675790904,3694.801716008235,668.4826950225879,3690.1810848596174,675.627578986337,3699.102222268912,1.8480088861094008,69,0.5891882294946286,0.9955635018751878,cluster_5
3066066200020200060,,2872.8443492690867,681.8018803348406,3707.272531512976,670.0203011699124,3694.2682389570873,691.7802808900345,3721.3125878296105,2.221836762199442,503,0.281325508743347,0.8924623844595566,cluster_5
3066066200020200067,,703.8332549435942,669.8057562133769,3717.450933693072,663.839065740028,3710.885158020834,675.1898562101553,3724.0100418582297,1.1648434769016751,84,0.6633232553331917,0.7142404017189562,cluster_5
3066066200020300025,,1649.5612723405193,656.8038284107178,3674.08803191461,650.3291418568094,3663.679169609479,663.0032797930673,3683.003203037151,1.8161951819694304,264,0.3216743277963563,0.9569389289801734,cluster_5
3066066200020300045,,290.5728068180788,674.7797719415694,3722.585558985894,671.6939206313158,3719.6692021033314,677.9188736919407,3725.7250735138177,1.036544153290345,48,0.7061335783831674,0.9974814922064236,cluster_5
3066066200021100008,,396.3729235633087,932.0002187488492,3601.607470846516,927.541055722064,3597.791679758554,935.74708457757,3605.1381219677833,1.2657978971632675,51,0.6733312024824213,0.891965204667951,cluster_5
3066066200021100011,,334.7041634481206,946.418804945108,3609.202933032298,942.1145345852192,3606.035546538677,950.3559395329498,3612.2005372096833,1.8011192917595145,115,0.686381019309924,1.0,cluster_5
3066066200021100014,,645.024589742555,950.341830894884,3613.10017544592,944.530526991826,3607.807100599567,955.4430759904452,3617.270085338423,1.275372783336042,217,0.5169207981390831,0.9271601960363256,cluster_5
3066066200021100017,,1194.064909978776,940.1186383669308,3620.077849553817,933.081808826501,3613.006770670677,947.7580597183612,3628.165265428547,1.5796406979931483,323,0.4244717520564451,0.8093809048657805,cluster_5
3066066200021100018,,584.1515015252395,952.1867867548552,3619.623721404497,947.4579509831524,3615.8070984073615,956.6624658959277,3623.982279832945,1.242021261358073,149,0.5161259617233532,0.9596216288832646,cluster_5
3066066200021100019,,605.2827631316072,929.443140671373,3621.240260447557,925.0546341040152,3616.534694643359,934.1095659864664,3625.747136656712,1.348099906964406,188,0.4969369190132963,0.9810665528231648,cluster_5
3066066200021100021,,1183.8412992660585,944.6563951067458,3626.878632299005,936.8880939438692,3621.9610050513247,952.851734979908,3631.3829790501554,1.673193837549446,237,0.3621343623538456,0.9873710761736516,cluster_5
3066066200021100023,,901.0472640259288,934.2928622027438,3634.463497503049,930.630086975482,3626.671688107782,938.0889027134,3643.064889403773,2.1972030423856697,215,0.4522124105587779,0.9805537207837832,cluster_5
3066066200021100026,,795.4630562845064,950.595940664217,3634.356169584746,944.3535406281442,3629.476663906949,956.2983090201742,3639.3615889348034,1.1369455481643251,179,0.4514803255647585,0.952292926619855,cluster_5
3066066200021100027,,1299.43861455892,920.770455378455,3636.8288831511663,912.8557466766226,3630.8133433289872,927.551268082882,3642.8883682922224,1.2218297401345886,360,0.3353178763754165,0.981058666185498,cluster_5
3066066200021100034,,487.2396168821498,938.1991226115588,3647.961301856104,934.6770515476288,3642.398276290921,941.4797081008736,3653.245318730868,1.975506080152904,74,0.5892693950208913,0.9779582878142328,cluster_5
3066066200021100040,,1865.414500766604,909.8880192231824,3659.8124322152944,899.7899215044763,3652.905789512472,919.3456540768182,3667.110887982804,1.2592589760365676,679,0.2979582388725412,0.9438460137220264,cluster_5
3066066200021100041,,450.7727273403718,883.5025768860977,3660.3669918330406,878.9635141766962,3656.589446361165,887.5810715516158,3663.875931706303,1.5306397082881906,69,0.5792657758811249,0.9843581681032296,cluster_5
3066066200021100047,,1444.296070816347,884.3439281619738,3669.263012396682,875.6348568829055,3663.247566353475,891.859151214902,3675.666339519752,1.4731757744937233,408,0.3432759474244813,0.9410889309289372,cluster_3
3066066200021100049,,981.0023010609152,938.3146945868612,3670.384871600279,933.0946314414708,3664.783577119893,943.8543958478236,3676.181246031739,1.07941733853189,235,0.377032967026063,0.9908609357252938,cluster_5
3066066200021100051,,1048.647215145492,897.1450659807651,3673.37934708458,892.1060378323542,3665.739095689619,904.3358369909436,3680.1953082967857,1.044017163082016,263,0.4241417842039596,0.8685883102954631,cluster_5
3066066200021100053,,411.3154891358908,908.6873151224316,3673.005545127114,904.6660144015698,3669.302962090852,912.1569197905252,3676.329078101384,1.1108202473645648,133,0.5822709344651874,1.0000000000000002,cluster_5
3066066200021100054,,1178.3100078855134,914.139037435816,3679.880955081732,906.972612325896,3673.854557295032,920.644139548381,3686.375083315356,1.0781197530968354,401,0.3657643512094645,0.9431418664861736,cluster_5
3066066200021100056,,390.7755817116914,902.4993145211408,3678.875259297132,898.2860554739061,3674.96044221638,905.8414719245671,3682.3879117925294,1.263192205563236,107,0.6147770055254528,0.9968040739779382,cluster_5
3066066200021100057,,972.1559359386468,884.6309104273193,3678.812804093054,878.0936774434724,3674.263153411832,891.3509826001255,3683.476471407935,1.565685425573381,349,0.4165093251546614,0.9295324037005034,cluster_3
3066066200021100061,,458.9221508152283,897.8405115043281,3683.585943308971,893.6547952622303,3680.094934795669,902.9989379396376,3687.761146768241,1.168834123146815,138,0.5923291086667289,0.9594656162160128,cluster_5
3066066200021100065,,783.9013351021621,910.0336810140396,3688.7274826474977,905.1239565445117,3683.6588011969015,915.1631342127982,3694.350400400601,1.0503270567864835,238,0.432960305693861,0.988637579988785,cluster_5
3066066200021100070,,799.8920382955587,898.1587438116875,3695.988589503712,891.6732783802217,3691.0637884929456,903.5213392581212,3700.614165590648,1.2553374685421526,328,0.4598123712510626,0.9354354706155048,cluster_5
3066066200021100078,,208.03927674559048,962.3140482562976,3698.5495664706473,959.3063064069448,3696.489117858805,965.097031104983,3701.018358824939,1.2757382721610513,62,0.881775945968111,0.9480300957812036,cluster_5
3066066200021100080,,945.4230922638636,964.5238043590178,3706.3274481497824,956.8987409282952,3699.887000711445,970.5064011024332,3713.5159992798976,1.5380068992871283,265,0.4876946443505635,0.8329374733062707,cluster_5
3066066200021100082,,703.634301624191,939.3389929775096,3709.641424596168,934.6058449606028,3701.467117515691,946.3443750198288,3717.003715718593,1.89155396336004,224,0.770367870309119,0.587802383103792,cluster_5
3066066200021100083,,1129.4091271704956,897.6332924322103,3709.4056469298166,892.0577015913268,3702.239886459261,903.0165470694694,3716.2735785657633,1.6277099188118298,318,0.365950437989003,0.9855046749140132,cluster_5
3066066200021100085,,972.8718432712408,950.3895506563464,3707.951018425436,944.4703669074686,3703.319361157113,957.9401883747572,3714.0256694978257,1.2638996401751492,219,0.4321478070499207,0.9219754869406032,cluster_5
3066066200021100088,,1811.58203002237,875.5275815921851,3715.109859200541,867.8292590507015,3707.334447213596,883.751092384477,3721.814375431301,1.1047052436072469,543,0.2884858345448311,0.9605876719578637,cluster_3
3066066200021100095,,1152.2041183942297,953.6744863524088,3717.576130109773,945.3935037785182,3713.16268819062,961.8422675518942,3723.0371302621984,1.7452997495905194,260,0.3843548303579692,0.9677496477166122,cluster_5
3066066200021100096,,1666.1102261907015,697.2430606054041,3720.840078730485,689.0383889719179,3713.455877801838,705.4159155296575,3727.116736606668,1.2507802892083886,325,0.2954537975399884,0.9870742920576684,cluster_5
3066066200021100101,,1124.223093313174,938.9740010087154,3721.151977468416,931.3088902881186,3716.383286113323,948.1043790629652,3725.8852182539376,1.917087042000008,277,0.403332870982717,0.9268824923674508,cluster_5
3066066200021100102,,305.7091393346402,711.9147572098725,3720.373326872613,709.4934862442124,3716.0891489573314,714.0687292217492,3724.557436442445,1.8453633029634784,34,0.7189363687011048,0.9958803395137212,cluster_5
3066066200021100103,,1012.8295430455976,926.8874920657172,3725.003033299388,921.0321154857332,3716.606667555616,931.1746840312916,3731.7524371965055,1.9205453058236064,146,0.417431954937487,0.9546630057222348,cluster_5
3066066200021100106,,941.909211082869,915.0852642250412,3723.2386241907,909.2996103409572,3716.977513444457,920.4291417653768,3728.457911131079,1.0339303263749071,145,0.4091315314336023,0.9665817554870192,cluster_5
3066066200021100114,,428.1504508690844,889.1522745066502,3727.980115002887,884.5435889491745,3723.595154478572,892.6826348663386,3731.589346080141,1.495962330313208,178,0.6108407855148693,0.973077325660092,cluster_5
3066066200021100116,,578.8604947135493,715.7908691206355,3729.278214506118,710.076140060631,3724.191907782969,722.3131286770197,3733.63509225768,1.0063210389824353,99,0.6476210353930992,0.8093172565725889,cluster_5
3066066200021100119,,1263.863082753163,697.4587891530635,3733.502861843667,690.87449172706,3726.773253311178,703.5105815501067,3740.411519591039,1.4634291667815484,180,0.3465328749254478,0.9832405246316246,cluster_5
3066066200021100120,,1284.8575908454486,870.1879820304473,3735.728329177444,864.6605961681437,3726.3908574165575,876.3145349017932,3747.421652457196,2.3958433110203763,410,0.444890910682485,0.8232867040518508,cluster_3
3066066200021100124,,1204.2029487326463,915.2632839679144,3735.841165452829,909.2434684923976,3729.773072509828,922.8438283018947,3742.922744091197,1.617773758644801,175,0.3686449665817793,0.9571902764924785,cluster_5
3066066200021100129,,503.8706016867609,943.7544952288137,3736.518331204833,939.5158416788896,3732.936907835285,948.123226241596,3740.658635095778,1.3708826572309567,128,0.5571506303036858,0.9527709982930987,cluster_5
3066066200021100131,,1046.9315572918267,958.2898468741032,3739.213953797215,951.4978371605972,3733.296106175898,965.6895187489685,3745.451454960452,1.3110966576581218,183,0.4014265844976209,0.9305061223373112,cluster_5
3066066200021100133,,462.2672752695217,712.190435856956,3738.579368667505,707.5888968955185,3734.661933196208,715.7765946476752,3742.272812319095,1.1009404244225254,92,0.5600168302408205,1.0,cluster_5
3066066200021100134,,602.160278074133,874.3046350799804,3740.0131385309496,869.2814331206743,3735.5950478701047,880.2759842875109,3744.2102805192217,1.7752116105184772,142,0.5308772921452657,0.9713596899608066,cluster_0
3066066200021100136,,603.0070147943582,919.6587771185284,3742.17599482138,915.410413364914,3736.848768530121,923.4700940020824,3747.004675718792,1.3502124232480237,162,0.49523929021219,0.9884936612797732,cluster_5
3066066200021100137,,634.7773693259821,926.6459341105984,3744.558894944733,922.8362434663592,3739.243345031456,930.7882900759092,3749.752323547045,1.2238847381125089,146,0.4810882268996684,0.9920077967020894,cluster_5
3066066200021100139,,2108.117122918536,747.686777755873,3747.331742474085,738.8953592419598,3738.0958603158106,756.5469569718981,3756.2646813645583,1.0925220266864026,433,0.2675829547672261,0.9590645454698462,cluster_5
3066066200021100141,,1322.37298046145,708.7493484220005,3747.672048322645,702.4561638499023,3740.403255053581,715.2086077105218,3755.420563251216,1.321227345278449,200,0.3391524192571137,0.976740583224964,cluster_5
3066066200021100143,,641.3094502162752,951.6839955057658,3745.108637714151,946.954337962948,3739.952482527684,956.9473819881832,3749.483179521733,1.5193116325168878,148,0.5062899190128195,0.9328394329732922,cluster_5
3066066200021100145,,857.7692319058663,874.5029900863628,3747.656987314694,869.3619993077307,3741.571899882143,879.0850905970741,3753.1595142798574,1.1987440980817297,200,0.4263446297676116,0.9797432817218406,cluster_5
3066066200021100146,,692.8302890769003,962.482230335085,3745.260033006584,956.943067916292,3741.097034515508,969.4246971291736,3750.069814945632,2.1269949347433115,137,0.5104466138597893,0.94874010069632,cluster_5
3066066200021100147,,2321.987604280603,857.5622914012973,3749.289230304828,848.1989561558044,3741.456818445067,866.7022815508847,3757.399852939707,1.041803018860716,606,0.2454688275194416,0.9859253990393846,cluster_0
3066066200021100152,,1466.5384138405336,719.4479139592686,3752.5842445441663,711.7825097927307,3745.344099889816,726.6497655198286,3759.613326368939,1.2731239630358693,211,0.3312151474468515,0.935897914965448,cluster_5
3066066200021100154,,558.6751813975653,888.1834875968044,3751.9352720985416,883.4604915152895,3746.6204409520215,891.8373255567689,3756.124084688643,1.6127600047235362,103,0.5502323627143753,0.961532446202072,cluster_5
3066066200021100156,,1706.1417348721725,870.4008385451468,3757.393004061698,862.7513145837465,3747.5044377242207,878.0920617858064,3764.8459222563592,1.1669518167283413,429,0.322200248569354,0.8966726519173156,cluster_5
3066066200021100157,,1284.1919817869352,759.9945253014897,3754.88976955982,753.174953720415,3747.440594280033,766.9829027630199,3762.751512066524,1.4888949829286762,124,0.3627154331476556,0.943540756537988,cluster_5
3066066200021100159,,1105.4050064492626,962.2718544357738,3754.525434518263,954.5465339682092,3747.953943017792,969.5015444644848,3760.669486528915,1.5480891952055666,229,0.4345477055899706,0.878848249152714,cluster_5
3066066200021100161,,349.3989464636155,712.8415053451427,3757.343530959057,709.5068225182087,3752.9122248019503,715.9935639273724,3761.0955681048777,1.0608996118681666,36,0.6646652600251396,0.9861792051834944,cluster_5
3066066200021100163,,833.298766986057,927.9752990875904,3758.099637515971,923.5793850286057,3752.4522223358576,932.4950090340932,3763.6773048412497,1.303881760886172,163,0.4126506708599091,0.9946813366274,cluster_5
3066066200021100164,,1020.649116203358,824.9431239829194,3756.932728297434,816.3891534695006,3752.4522223358576,831.7001865877478,3763.554883462626,2.0813043237862274,199,0.4312165479898575,0.95289946659389,cluster_0
3066066200021100165,,1070.8449730615173,918.070127842988,3759.319423490854,912.1922566555754,3753.2835892251233,923.7959620663607,3765.1834287353295,1.0955880765775123,254,0.3691733809104102,0.984206917808355,cluster_5
3066066200021100173,,375.46857441833424,887.3102389656807,3759.790347314859,884.2953692609508,3755.717935390472,889.9691338379839,3764.394871896076,1.7618072675882577,82,0.6568314442313673,0.9852104647251394,cluster_5
3066066200021100175,,800.8827649179334,723.8222380508523,3761.288814632688,716.2246025084073,3756.826829874591,731.8718202707162,3765.940625728917,1.903026799750532,143,0.5124643434890852,0.8643400052544894,cluster_5
3066066200021100176,,956.2730081574624,848.419530917091,3760.807131592635,842.6905583085212,3756.232080640196,854.6780678929673,3765.4061339002287,1.31986892240217,180,0.3956997455882521,0.9896477395122012,cluster_0
3066066200021100177,,1395.3410080007511,740.1558694150839,3765.343784276679,732.5398392041257,3755.1094108582506,746.0333739813832,3771.818935222491,1.2560312293371647,201,0.3853477570029184,0.8230431241974201,cluster_5
3066066200021100178,,693.5552615956624,881.5336147275564,3761.53507210752,877.2492944619298,3756.697292354125,886.277131133739,3766.327740916754,1.222752810818572,218,0.4563202410889033,0.991628000847739,cluster_5
3066066200021100179,,534.5725893893134,806.5190994874,3760.172556635641,801.5226396141555,3757.211666654605,811.2638089154506,3763.8920863976455,1.4596951631426347,135,0.5255861583184361,1.0000000000000002,cluster_0
3066066200021100183,,1363.4017745355968,861.1903985514574,3768.816277815903,854.817678567508,3761.9754764289046,867.6886726851261,3775.988102602157,1.093180179522526,219,0.3308930535251629,0.964724707332763,cluster_5
3066066200021100184,,1033.598725628718,913.3991263773424,3768.0140070198495,907.9452156276428,3762.084240771424,919.1567950430388,3773.917582186589,1.0644479939777425,221,0.3674349878347597,0.9872597972137622,cluster_5
3066066200021100185,,606.7225603969325,728.9020327120691,3766.4234772956806,724.1397090983121,3762.521680338281,733.1896051875808,3770.896211587522,1.1170439140288482,100,0.4858510124096771,1.0,cluster_5
3066066200021100187,,791.9455462928725,926.1180360621872,3767.166503759857,919.8047643456712,3763.2518174911097,932.7421220952632,3771.954931185689,1.4681901879297343,162,0.4697247607006152,0.9245934090857536,cluster_5
3066066200021100188,,1813.0322546885643,874.884041051807,3770.7639637606544,866.4166977456077,3763.2761162693982,882.6067757607537,3778.04148125848,1.0445172643007743,280,0.2858818322895879,0.9690911472832546,cluster_5
3066066200021100190,,1231.5783338448275,940.0496949443258,3770.551875510151,931.5001075178628,3765.545566981933,948.8366058626276,3775.018805933225,1.9948025120093384,245,0.3762865344294627,0.9449747785952548,cluster_5
3066066200021100191,,1479.0799533169384,831.138583670767,3772.902124917648,822.5013740670604,3766.145860287296,838.50355184348,3778.896650715136,1.1241370798843144,98,0.3358972301671272,0.9590874017340312,cluster_5
3066066200021100193,,225.8175275492408,930.1266455027128,3771.8364870725786,926.7038832955292,3768.922577000751,933.12357225778,3774.483396452572,1.0563445965238298,79,0.8338127248548649,0.9999999999999998,cluster_5
3066066200021100194,,311.3057721376059,886.2991490680216,3771.2624660498655,884.1500695332411,3767.290370161973,888.7403749346872,3776.131460903384,1.9468559084666155,63,0.7838038433304473,0.919763430155662,cluster_5
3066066200021100199,,349.1789851048649,923.3889212203574,3774.593756222017,919.730528871852,3771.2080803474696,926.7254055706117,3777.972929016391,1.2071287303635767,45,0.6565038132071691,0.9757626540088166,cluster_5
3066066200021200003,,2107.5073266358386,941.8634099400908,3599.7528672630733,933.134395572314,3591.1648498742225,950.8513322559216,3608.770899590284,1.279995583318624,349,0.2719711304374009,0.966834812012526,cluster_5
3066066200021200006,,660.4588912545789,956.828491277746,3601.7514428503937,952.1781677108196,3597.503866366028,962.2211441071004,3605.875881571048,1.2155860838577537,99,0.4608877338692392,0.9978481931270242,cluster_5
3066066200021200008,,1474.280101159173,934.8534113283092,3610.221738142157,927.3111097051416,3603.9798174719954,945.0657141965088,3616.0783975392815,1.2838503854337608,279,0.3567951760649985,0.9120252163586868,cluster_5
3066066200021200019,,460.1370876230777,955.0229031408114,3628.425070240118,951.2496261780568,3622.799492369347,957.9857628054046,3634.931160950224,2.8157463139074044,96,0.6832874139772195,0.962995154985833,cluster_5
3066066200021200025,,1743.9095080100226,951.3277935101488,3643.725084032986,941.8624380443504,3636.541565993273,960.1508197015432,3650.47820956224,1.1992531370426776,283,0.3227741511241542,0.8982935329179021,cluster_5
3066066200021200026,,1094.350806999509,912.3670106152196,3644.1738329324753,905.6501308553854,3638.5423279559855,920.978169662156,3649.182258143609,1.417057262346738,341,0.3873793523206519,0.951978408846272,cluster_5
3066066200021200027,,1543.0319832810671,895.2248319905192,3646.363077220492,887.6423251201745,3640.036059220119,903.2739247534778,3652.77195905288,1.1483028764550034,249,0.3073860256378097,0.97852639786915,cluster_5
3066066200021200029,,2109.479686897524,921.697862928502,3651.2889059233535,910.2463712866384,3643.554205444218,929.9486610451723,3659.282716473598,1.184458880145686,670,0.2877748744079845,0.943441629800148,cluster_5
3066066200021200031,,232.65642467189903,901.4424170979808,3653.875975537409,899.4008307789984,3650.535996800712,903.8545245592644,3657.336583365781,1.561894829923667,63,0.8017325873720474,0.9999999999999998,cluster_5
3066066200021200032,,1267.1721614238993,893.97308402669,3658.2338298619657,887.5424271749166,3652.1316483617193,900.9576959532376,3664.3016913609617,1.1576232180348591,418,0.3487210136496706,0.9582682377015488,cluster_3
3066066200021200036,,1002.9810963310116,927.9130250449635,3668.501420241053,923.0446108588324,3661.6468370403054,932.6369457443584,3674.903506670712,1.4485178815894229,178,0.3792651762450902,0.9965365977471836,cluster_5
3066066200021200037,,452.0917263265735,956.2820017353562,3665.8038999275336,950.4304149402556,3661.8628289434114,962.447329783902,3669.612831039004,2.8918201221527364,69,0.7068699454875312,0.9160669501600632,cluster_5
3066066200021200038,,713.4190991467995,903.273504589998,3667.611643771833,898.6937257424487,3662.732119222274,908.1483366050368,3673.085003968672,1.147075695900861,211,0.4490345530011669,0.9822021282402612,cluster_5
3066066200021200040,,1143.3972979279872,918.326083060906,3669.369751300871,912.1323965211828,3663.46355825658,924.1931471623648,3675.3951497095313,1.0451632709119736,292,0.3668779876300226,0.966894832122444,cluster_5
3066066200021200043,,360.05026537245607,959.9897238626749,3668.946482901229,956.6157182724214,3665.137898164295,963.0027178544884,3672.571994174733,1.2428630970795018,68,0.6378807856980989,0.9876865347489802,cluster_5
3066066200021200055,,2066.5124220418243,921.1955968911436,3690.548899719047,912.1460807296958,3681.608776370751,931.2382106215172,3698.788574368348,1.3194604874692444,401,0.2774251584227781,0.9637083753846176,cluster_5
3066066200021200056,,812.4756734658114,891.3688090897847,3687.542128523004,886.5674228172978,3681.631410743965,896.3064128721288,3692.812622570827,1.2735176088484388,283,0.4201266969116511,0.9867942365078398,cluster_5
3066066200021200057,,645.1195359989872,882.4053019565015,3686.382642014647,878.1542444819491,3682.172692383386,887.1785174016755,3690.780931377437,1.071363896298723,263,0.4703022428393075,0.9923900940390562,cluster_3
3066066200021200059,,396.7855691348244,900.0120962436941,3688.551579522799,895.9133096327555,3684.7868198955166,904.1975424663988,3692.060456897144,1.9106576914259343,160,0.6491948368350592,0.9785175157637264,cluster_5
3066066200021200062,,2012.09781390554,884.6004537194111,3697.483959889174,876.7338102491342,3688.960097026553,893.4205311318185,3705.058618987289,1.130290900289009,598,0.2818252224402778,0.9342593673963556,cluster_5
3066066200021200065,,667.7769946279844,941.192993760478,3696.194144986431,935.7154632827212,3691.773749017617,946.8633550242876,3700.168935070863,1.0792020135686575,77,0.5000438426561002,0.9529105237497332,cluster_5
3066066200021200066,,950.1149799883718,953.3690746917316,3699.916234831352,946.2441979280908,3695.264462933249,959.9530268562644,3704.1707948197295,1.5611659286634112,167,0.4191672071798309,0.9390915039786004,cluster_5
3066066200021200071,,1108.865076219095,906.6643522842952,3705.685126667489,900.8048041365304,3699.541828525558,911.8327123484808,3712.486097810989,1.2916090743328124,203,0.3761859289129118,0.936588425779589,cluster_5
3066066200021200075,,1303.9030004355766,886.2128454638075,3709.371989612246,879.0239157098254,3703.3198599387097,892.9084357198956,3715.727996186069,1.282539971596991,399,0.3324180146227442,0.9796631888361534,cluster_5
3066066200021200079,,1090.3450594325225,922.6315627951116,3714.7001919946633,916.2356051779092,3708.4624324952497,928.0707875948956,3721.306861719167,1.2150223900689727,246,0.3686891763229223,0.9789171509118548,cluster_5
3066066200021200080,,461.6987648023728,942.5895692686432,3712.620421944704,938.1655275352114,3709.386583604869,947.1034027332764,3715.733598808,1.3980114964001469,82,0.5579762899354913,1.0,cluster_5
3066066200021200084,,1303.5933516421858,897.543987174319,3721.30280367093,891.735400956107,3713.368873535384,903.4909889156696,3729.31525419558,1.4444165261192663,319,0.3623789081242861,0.9549268533328,cluster_5
3066066200021200088,,2616.621606101475,723.2009476512604,3722.267267259441,712.1790659562694,3714.6536392924754,732.9806863647793,3730.4145517630727,1.3207512022412795,220,0.2568817694410178,0.9310726403246196,cluster_5
3066066200021200090,,675.2818125712147,887.5904599711893,3721.617921622507,883.175184163434,3716.617258185942,892.1524715334913,3727.493930331588,1.3284334643826876,227,0.4885058541169073,0.9409740032616488,cluster_5
3066066200021200096,,653.7352504830245,878.5483024649928,3724.5908954282486,872.8717518675892,3720.339326997877,884.0211632794516,3728.5654594366697,1.4364845059872386,259,0.5068596183043685,0.949817772456146,cluster_3
3066066200021200100,,464.0853365844003,968.4452794041716,3726.034130318868,965.1228021419574,3722.213355901152,972.1092944153164,3729.873831289192,1.0974160109696345,90,0.5790005798497049,0.9593493624963104,cluster_5
3066066200021200101,,1176.5927884144887,948.4791510151224,3726.692494119008,941.1877513325356,3721.46832108269,955.210767713751,3732.0660495066895,1.367493395035697,197,0.357763460892619,0.9783936335222884,cluster_5
3066066200021200103,,736.9314844649961,690.2287960958865,3730.6990295628266,686.6438102818303,3724.228895484972,694.7038242128193,3737.2621386434303,1.94922755448672,115,0.4836014635632755,0.9746403653769178,cluster_5
3066066200021200104,,1700.71850716139,858.2270639831434,3732.32057275924,850.4965813481521,3724.9190362853087,865.8323842258396,3739.486926554211,1.0738788804196238,172,0.2847074574078088,0.9922238567096374,cluster_5
3066066200021200107,,837.2411755393597,880.3982823034402,3733.4365415597854,875.641353274744,3728.0368115490433,885.0805483176725,3740.1132494769327,1.3096008512057886,239,0.4331128275303851,0.9663040117100894,cluster_5
3066066200021200108,,660.7567237263981,953.2202650028702,3733.515540398087,947.6146144746656,3728.904694049933,959.303101509092,3737.9380623643992,2.050541499968371,87,0.5046689555371621,0.980972107810364,cluster_5
3066066200021200111,,1400.047064962924,725.0223659066907,3736.909702236775,717.9623265757227,3730.395986204885,732.9515871169838,3744.028538114761,1.5355751324959477,275,0.3350356231120838,0.980394045874162,cluster_5
3066066200021200112,,2264.4215805055096,736.0670117420193,3740.0091180929567,726.8292839652397,3730.536666621131,745.0599413572952,3748.240380225309,1.4195419131906784,523,0.2617883242610818,0.973572949707792,cluster_5
3066066200021200113,,594.7389927532388,927.6975813014112,3735.799454712971,923.6384320485924,3730.867611776407,931.918922995868,3740.689632369263,1.2270593569336463,145,0.5110543102707544,0.9617016064752942,cluster_5
3066066200021200115,,1324.764532196968,892.5064152814077,3738.6813949851694,886.2183554925657,3732.282813903575,899.5604084703739,3745.970664770509,1.0963028458928394,292,0.3410152834354351,0.9646843727093491,cluster_5
3066066200021200126,,1094.41670248243,883.2943611664441,3745.8682900362687,878.5906112557598,3739.3378557652895,888.6544892519883,3752.776210190515,1.3575830613171187,268,0.373378446309998,0.9803982852150674,cluster_5
3066066200021200132,,911.4441728772564,942.0747410058876,3751.141930620128,937.144575753754,3742.140410899873,948.5862467168948,3760.822754435515,2.8303294522233204,188,0.5524897630053216,0.8602800921882884,cluster_5
3066066200021200134,,1820.96050803952,806.2939596565144,3752.748047595502,796.4656607413316,3746.080461194259,815.7403789150322,3759.8782168632415,1.5538731766730414,175,0.3104989318977861,0.91903892637712,cluster_5
3066066200021200135,,1336.567657948027,840.6497881035245,3751.967920994092,832.5430894222743,3746.430283556954,848.6303544017147,3757.400072797408,1.4557917431357956,124,0.351549450571921,0.9496208843248388,cluster_5
3066066200021200138,,1611.4464078466565,734.5249460271443,3755.8172613011593,726.9586806740085,3748.185536395963,742.0618048759595,3768.6257805606974,1.2077033697424044,296,0.4024845340033946,0.77659538071724,cluster_5
3066066200021200146,,2419.6775798761164,753.1584429008498,3763.721755802447,744.8701675528813,3754.301100324115,764.2540961744827,3772.971453130837,1.142961138035086,368,0.2623070491817297,0.932086786433797,cluster_5
3066066200021200150,,1059.1453791533793,901.7241172603954,3761.278782237249,896.1430895788717,3754.4726989209776,907.2019633451662,3767.132049296511,1.095923109391943,167,0.3650386370124873,0.987360478949624,cluster_5
3066066200021200151,,626.9558526285978,892.646700534334,3760.211367449497,888.8075179821396,3754.3492957396575,896.4702470758391,3765.669104296763,1.547595800149118,82,0.5148924844794632,0.926238520708944,cluster_5
3066066200021200155,,1195.068079048949,836.1286915559248,3761.2537278028,828.7650773258389,3755.501943487367,842.8052293640725,3766.700588404352,1.2792963892043807,302,0.3753301013076671,0.9310832493194392,cluster_3
3066066200021200160,,733.1700068536409,960.8677739332932,3766.434598166915,957.27898901457,3758.365572732705,966.7756135317092,3772.672050918557,1.9589402224962345,192,0.5574405768129006,0.819485660691003,cluster_5
3066066200021200161,,2237.2114899672715,819.5741469247722,3765.083351608505,809.4397414481757,3755.430337702736,830.8297335738719,3772.4238509226384,1.2633954475877938,268,0.2806354618332518,0.9273586631727057,cluster_0
3066066200021200164,,1652.680762082573,844.4768180453191,3770.591849147021,837.192516541999,3763.235388792278,853.34016225853,3777.5072830960426,1.0539710489088754,63,0.3213525680220091,0.9242671043698346,cluster_5
3066066200021200173,,1151.565083831957,895.5732637149065,3773.022758291525,887.433016623241,3767.740383916168,904.8090882543232,3777.723274999148,1.9436975809047927,154,0.4287371584570673,0.8659855587735896,cluster_5
3066066200021200179,,1010.459073742783,950.1109610065048,3777.105940441324,935.6033347749868,3773.627051290641,962.2542359745412,3781.590884760162,4.536934708471899,171,0.6126969806256769,0.7748310808040831,cluster_5
3066066200021300018,,233.52187658852813,943.9133402526584,3637.127268123292,941.19925160724,3634.462423789276,946.8892774160206,3639.6848385585386,1.336505024822949,57,0.78416629081934,1.0,cluster_5
3066066200021300037,,565.9583735117976,953.556106033093,3674.306121151691,948.6333502916792,3670.429699790368,958.0291170981068,3677.804991292212,1.3734669536399804,81,0.5079609997582221,0.9849278191861366,cluster_5
3066066200021300053,,559.8664304623368,947.6557608140812,3689.755025422949,943.3743664171592,3685.9267161795046,952.4019864152904,3693.26465928975,1.236765522861483,50,0.4994688404943334,0.9974401170112818,cluster_5
3066066200021300063,,494.5953742470505,940.244342599524,3703.03736922454,935.7937886821136,3699.648698482745,944.7450861051748,3706.5474464699655,1.1147196922995877,55,0.5304236344700041,0.9971537791658656,cluster_5
3066066200021300091,,1113.5901257779612,683.776607232974,3727.427231948401,677.3277345988239,3719.9252846144736,688.9653290940907,3736.547281026457,1.3420704716893967,217,0.4531864175926947,0.7824979632953999,cluster_5
3066066200021300132,,116.03434467521431,969.3040255340844,3753.009849953553,967.1210618428336,3751.143040728863,971.4090859589398,3755.043123684858,1.0387940624621097,42,1.124828202854297,0.9776611194784663,cluster_5
3066066200021300154,,384.21121919019726,950.1683131429144,3768.1282117886335,946.6123502615912,3764.349010006789,953.77540416653,3771.8718832588247,1.45357956778325,79,0.6155523975812184,1.0,cluster_5
3066066200022100005,,204.18813756614315,1107.9524626677487,3559.2893815844145,1105.5797121677906,3556.452641597405,1110.1997444357828,3562.4396731040138,1.0913250697502184,35,0.8483206765039651,1.0000000000000004,cluster_5
3066066200022100007,,831.1379584820775,1098.8634358839545,3566.1344694067484,1093.6744532718037,3559.876336364045,1102.6401025717398,3572.56197411022,1.4277359333887265,91,0.4361887096345427,0.9828638315507529,cluster_5
3066066200022100010,,1083.724353622618,1101.843944426944,3581.989893840441,1096.3442481826755,3575.009636572061,1106.8373234280114,3589.2230986215154,1.569976341620741,301,0.3754814184941182,0.9836809064672272,cluster_0
3066066200022100012,,877.7590342615712,1095.193627194523,3590.932889418906,1089.1389723099642,3585.041878046059,1102.231535824089,3596.9697112864897,1.2488655100060695,249,0.442516242710759,0.9421456771408668,cluster_0
3066066200022100019,,1015.3267756941584,1090.342479546229,3601.872145598092,1083.5560368137455,3595.042173692024,1096.3538148090124,3607.1305042811855,1.3687048270278996,291,0.4093979120100992,0.92124416399375,cluster_0
3066066200022100027,,604.6970999924487,970.494469852927,3603.8748828672537,964.9466257623852,3598.997597630189,975.6413135407184,3608.6899190539407,1.908399645186246,132,0.5519970912982202,0.934919709718437,cluster_5
3066066200022100028,,1168.7837803005923,1058.916077077389,3608.822675289313,1052.8794656982152,3602.4516272247315,1064.873339434984,3614.751602511067,1.021998403691195,52,0.3416302281728582,0.994206391145484,cluster_5
3066066200022100029,,631.0540352308551,1002.4175699405232,3610.5634247096855,997.7894750312246,3605.8496792973046,1006.9475345040964,3615.625762565877,1.3842189991438587,120,0.4815715979962037,0.9999999999999992,cluster_3
3066066200022100030,,395.6501504342457,1089.2028998491803,3610.0795706856816,1086.1168853546174,3606.2314855290697,1092.5889560058692,3614.739933946245,1.5267429261558307,101,0.6371117467004891,0.9933276396411168,cluster_5
3066066200022100033,,1594.154917399223,1010.9849501529354,3613.8049631310064,1003.6038652700172,3606.247732454598,1017.7418756884892,3621.02114929644,1.1307982483109216,434,0.3097082265602434,0.9610369465910632,cluster_3
3066066200022100034,,721.4457111328808,1021.9220476694284,3612.877222341027,1016.8921648567376,3607.762179882172,1026.8636695300368,3618.6121022965726,1.137877182222676,131,0.4644321123114152,0.9507629811642336,cluster_3
3066066200022100035,,1831.6033354402769,1031.018068281395,3618.475304540675,1023.7464108308144,3610.0113438334265,1037.195203005882,3626.523340203687,1.2284254939021286,430,0.28386555577914,0.9784488243778248,cluster_3
3066066200022100036,,1160.876591714432,987.9428404158498,3617.423333711829,981.7938276308236,3611.3273481649326,994.085634218242,3624.060097781181,1.2917743307956424,357,0.3600487882137252,0.9794853194852844,cluster_5
3066066200022100037,,1166.9804597667546,975.7390066790616,3617.6334403096585,968.5226317348476,3611.765450193738,982.3359640966926,3623.051043855083,1.1851573992553972,358,0.3626438826975473,0.9640564748212128,cluster_5
3066066200022100038,,613.7837945363067,996.9940319121304,3617.5173426121687,992.9229032258812,3612.597465075343,1001.8618714839156,3622.3770374825326,1.1170304895642318,170,0.5091146311531966,0.960805942753358,cluster_5
3066066200022100043,,1225.309122443061,1084.5431073938323,3623.26657245373,1078.361742569046,3616.815088781217,1091.0588157555244,3631.088575376023,1.210433784950629,245,0.3699523493030635,0.9172600497344948,cluster_0
3066066200022100045,,1274.1828623946444,962.6356068232216,3624.240588896741,955.4327238007648,3618.289099059884,970.9244417200098,3630.847465000365,1.3292109856343906,336,0.3493906020799718,0.963770445434834,cluster_5
3066066200022100052,,1055.983557395341,1040.6632988235012,3629.052541136159,1034.7358530632573,3623.1881223448136,1046.4637584817692,3635.1628132951614,1.366741094793195,330,0.3812101089125131,0.985803916846965,cluster_3
3066066200022100054,,899.9635379448599,1013.0007637307434,3632.110734268693,1004.7728078658616,3623.5871509274457,1016.9945571739728,3640.351423135828,1.0924391634241657,297,0.6314057095310092,0.6276465606797932,cluster_5
3066066200022100063,,2003.3896197809,1006.7917743881524,3639.360282594644,998.728026952664,3630.3738576964506,1015.2142851968264,3648.719055378074,1.3797593177167162,465,0.3152544530344576,0.8771241798587761,cluster_5
3066066200022100066,,963.0485626801436,1055.1067594860654,3638.6187520494536,1049.3964310293843,3633.4471801810496,1061.47313017774,3644.005077017363,1.3672858665299392,301,0.4057319957704894,0.9649176201903408,cluster_3
3066066200022100068,,991.8240098873812,979.5251567571876,3640.257255789864,974.1860005041552,3634.744417565031,985.2652766644952,3646.508999508638,1.000245520969841,153,0.3788306898136084,0.985163826378634,cluster_5
3066066200022100069,,874.0833712379465,963.2450848902264,3644.8477205858,957.9012672711976,3637.802962788611,969.463201110625,3650.73880237707,1.5978900319568132,163,0.4789646188127782,0.9121325199097902,cluster_5
3066066200022100070,,473.9184971424027,1069.8955745911028,3644.206824792419,1065.2635237290592,3639.197163178405,1073.1567952884195,3648.039706777896,1.0814103939567448,208,0.5923368043864087,0.9476585110427704,cluster_3
3066066200022100072,,113.4286719592484,1015.2671691001268,3641.2214700702575,1013.4091081719024,3638.976495912792,1016.7776735811271,3643.58970145384,1.1505734035591333,33,1.1537212363832403,1.0,cluster_5
3066066200022100075,,1048.1193496371527,1052.7047595189467,3646.779635347296,1045.597397268078,3642.1581306148014,1060.1292878693466,3651.4760076342495,1.5113202606065232,226,0.3813205634491336,0.9803461471897232,cluster_5
3066066200022100078,,612.35868422095,1009.42003870157,3650.004881237725,1002.118712091568,3645.885073138988,1015.7034679845004,3654.067910471511,1.7157854066631002,116,0.6249695740971292,0.767478551925486,cluster_5
3066066200022100081,,180.2954805381835,1072.1237996056204,3651.691951892411,1070.0500350692166,3649.124166887198,1074.3117191273436,3654.1421821935032,1.146349268908932,50,0.8847139198656196,1.0,cluster_5
3066066200022100083,,933.1397828255382,1054.4686911068636,3655.798691254506,1047.6740617640032,3651.1520197795926,1060.4537769590484,3663.031299451937,1.1269465027728318,260,0.4495914802462838,0.9200460016389108,cluster_5
3066066200022100086,,796.4634104546681,1045.300433003678,3660.413462287295,1039.5959451885883,3655.4931280410055,1051.8872061112645,3665.3309359278815,1.1854541655689934,200,0.4460856332056312,0.9527826762740952,cluster_5
3066066200022100089,,593.5660545885121,1052.4446900419316,3664.045270732459,1047.2665174927358,3659.343163269721,1057.8220176326777,3668.364751947941,1.017828624370383,129,0.5069077188115784,0.9880355485802852,cluster_5
3066066200022100090,,686.3142317555598,1019.1175668939266,3664.314457725308,1013.9204563840808,3660.242684426417,1024.6748161950711,3668.099761722903,1.352138075473137,75,0.4628533821248908,0.98567496495321,cluster_5
3066066200022100093,,417.56649033834407,1056.011493419085,3669.952141217156,1052.4224816177398,3665.667561324719,1059.2835858831315,3674.4021496901137,1.0278085768238847,136,0.6131793942379874,0.96613108164097,cluster_5
3066066200022100098,,687.946507051559,1032.317594880736,3673.598919424501,1026.7122363589615,3669.708383881573,1037.8421708299031,3677.5054807146016,1.466791660156601,128,0.4895181833119987,0.939648717640385,cluster_5
3066066200022100099,,255.21547003581043,1018.851874963427,3671.9164872945175,1016.160267877055,3668.993380306613,1022.410908448576,3675.6270617938912,1.6152601119532288,52,0.839198992359459,0.8920033830447278,cluster_5
3066066200022100101,,310.8575223202552,1050.8398458447734,3675.167988813447,1046.5904875645338,3671.9486730816175,1054.7452174640457,3678.312598936401,1.6769714725035016,70,0.7432004606614074,0.9334297181989114,cluster_5
3066066200022100103,,448.9769389495315,1008.1285778055664,3676.361975769122,1003.9283680006396,3673.080800566686,1012.4241817676036,3679.704773028379,1.1353219079366006,46,0.5595218588727916,0.9981147031235784,cluster_5
3066066200022100105,,375.3334978699255,1040.6583694328515,3678.100664259436,1037.0768590634098,3675.0411535935536,1044.405025966002,3681.287690045496,1.1917480435112615,99,0.6299210309699165,0.9680618890462228,cluster_5
3066066200022100108,,456.2811276065522,1046.60167169414,3681.128260132817,1043.0489550326251,3677.070346834741,1050.1796508249913,3684.716732191573,1.0464608167174658,101,0.5663124038134485,0.9818716856099972,cluster_5
3066066200022100109,,275.65666318751704,1020.8097210502758,3680.6534783124775,1017.6243266954924,3678.049508172241,1023.9786097557062,3683.531194888924,1.192472987846244,35,0.7285292394402124,0.9871706568218528,cluster_5
3066066200022100112,,724.1502723373576,1053.9318595922696,3685.659631639246,1049.5951484236516,3681.24913673964,1058.702438952533,3690.332521672304,1.00047222037061,150,0.4482759603528007,0.9866896450096264,cluster_5
3066066200022100113,,1093.6002026006852,990.2008505996108,3686.2334589665447,980.6172608295408,3681.614500567839,999.5417641942802,3691.318891306695,2.927227516312512,143,0.4395278660593523,0.9467287486291908,cluster_5
3066066200022100114,,804.496548402103,1062.8423739518032,3688.7073128217744,1058.477527595855,3682.362849778272,1066.8937960431936,3694.5509784987566,1.654718760298865,44,0.4481346842159422,0.9767220832811744,cluster_5
3066066200022100115,,517.3953831893303,978.0060431049234,3687.051043996125,973.3053593171768,3683.731359589722,983.2047620812624,3690.764331023409,1.6784395985031006,83,0.5443959087478051,0.9953726640643166,cluster_5
3066066200022100116,,503.3755528110759,1045.5063442829958,3688.512757684883,1041.420648554412,3684.62314356998,1049.2396798188452,3693.054448981971,1.425060660066847,104,0.5442401439328481,0.9869004374205528,cluster_5
3066066200022100118,,805.099653669207,992.6216016016186,3691.051439159092,983.8457304224926,3686.621714724745,1000.5410556763882,3695.3388703437154,2.766873657414848,114,0.5578548925243877,0.8404853364752858,cluster_5
3066066200022100119,,1300.9476548750986,960.716305579207,3692.227275792767,952.2103289435274,3687.136700167436,969.6234087746312,3696.807268117722,1.812364168007092,213,0.3634256441713376,0.9533818826747474,cluster_5
3066066200022100122,,1697.0599459095215,1052.1200351528862,3697.649979498564,1045.8347937076453,3689.732408991881,1058.5146864887524,3707.658488083939,1.440332616468145,306,0.3070619586865945,0.9706054896063884,cluster_5
3066066200022100124,,507.1564431467053,1019.0425376871436,3697.8422082992593,1016.3377072140204,3691.4254103934536,1022.9766539728134,3702.969226937376,1.80693798268739,90,0.6236244182374194,0.9237153949275382,cluster_5
3066066200022100131,,851.2546807512709,1025.621145055626,3704.337458494469,1020.2600423922432,3698.834193583634,1030.575487212809,3709.398613654856,1.0198735097380218,158,0.4047164782041247,0.9903829927203864,cluster_5
3066066200022100134,,198.51244103247467,1009.6919443870048,3705.256842558113,1007.2626454154868,3702.641503027768,1011.861115989282,3707.905741507652,1.2352918201393954,55,0.8522005746659432,1.0,cluster_5
3066066200022100137,,1163.5904727576644,1001.25268610737,3707.980248193649,991.9509492719328,3702.074072130601,1008.9500237870624,3712.971418249325,1.5057403388560562,182,0.4192866870274354,0.8553188995639537,cluster_5
3066066200022100141,,2031.134001551468,1047.3116191548872,3715.7142628189386,1040.8067827376938,3705.4669636343583,1055.414385948847,3727.1619597124486,1.9147051399837536,459,0.3047945773278923,0.9236997357862976,cluster_5
3066066200022100142,,584.4313346441945,1039.7095168349706,3711.7614289091225,1036.0144963850228,3707.315517208835,1043.655891503696,3716.791529802672,1.3260633205912595,100,0.5014151169080115,0.9898816408959794,cluster_5
3066066200022100145,,211.1776582671312,1018.7825291184274,3713.504863347725,1016.8864423107892,3710.2802059132487,1021.0968259897028,3717.259600530303,1.7706015280683856,75,0.9112229652873038,0.9489545488644,cluster_5
3066066200022100146,,951.0116242643304,998.9154834985228,3715.825958001839,993.1055634278086,3711.1156073992806,1005.0048131585264,3720.592617826814,1.2571280962499822,175,0.3882837179592288,0.991400987769285,cluster_5
3066066200022100148,,685.6522988803226,1011.5847521844798,3723.305281924229,1004.8954079069944,3714.756815978488,1016.9925373654391,3727.268243740979,1.4340900678270585,149,0.5383897140098625,0.7048669743968267,cluster_5
3066066200022100149,,859.0703834220892,967.0776545275404,3719.298112806148,959.082750908409,3715.361762237909,974.4304839639804,3723.2674809086384,2.16892841165335,165,0.4718499508021896,0.9164954671190484,cluster_5
3066066200022100150,,705.0531608007243,998.6009393439446,3723.303625373407,991.237131086326,3719.1194601183206,1005.665934255332,3727.251787031735,2.066295329039853,204,0.611246384117209,0.7320162718182719,cluster_5
3066066200022100161,,1345.33393361388,1027.3403630159564,3735.021364784131,1020.6719857887592,3728.501653717759,1033.091397422544,3742.921446007345,1.208666842834932,228,0.3796461574042164,0.8838873692789596,cluster_5
3066066200022100163,,1053.8229440702307,968.0234415161394,3736.073985245807,961.730846456084,3729.982431756865,974.773746024966,3742.52151813198,1.4844768145454827,219,0.421426933325805,0.8927362745379211,cluster_5
3066066200022100164,,764.7421797000061,1011.5542492438972,3738.3941817572345,1005.6795779225652,3733.338650507069,1016.288061405802,3743.857664613319,1.1453689881229867,143,0.4628082448446798,0.9479920214400852,cluster_5
3066066200022100165,,618.454388194411,1018.7720856482166,3740.312854675791,1013.3437303489924,3734.553766032535,1022.9541205998324,3744.898577140099,1.1076321875566872,155,0.585417436456006,0.8203129397187393,cluster_5
3066066200022100172,,846.108397893109,984.989938800579,3744.2101116493545,979.2286678309686,3739.824318454648,990.319641910635,3749.5233992769454,1.0854778806158556,91,0.4210653004482679,0.9645258797116174,cluster_5
3066066200022100173,,677.2054377007446,1005.169089615596,3745.66719788978,999.5257394834492,3741.5248388411055,1011.3161048414992,3749.514834960668,1.6589317542588098,187,0.4894289644908282,0.9673003779615534,cluster_5
3066066200022100175,,771.0724769826129,969.456207788098,3747.417661681344,962.185206494766,3742.096743242894,975.4034879817154,3751.938912860416,1.494875747317123,146,0.5095611478267282,0.8801144939755285,cluster_5
3066066200022100176,,435.8763220503029,1027.9807831905289,3745.908145391931,1022.1839141615678,3742.793319107536,1032.8352148010265,3748.7726531802928,1.9363582678554083,134,0.6605384656946579,0.9186031191767332,cluster_5
3066066200022100179,,927.0609397899364,1022.1082521411308,3753.376332111956,1015.8643021775454,3747.323074574742,1027.799648117714,3758.8369712219,1.1284097421696029,169,0.4057102295245266,0.9496527337627796,cluster_5
3066066200022100180,,287.2247732447482,1003.9201937173168,3750.557996283672,998.745077861659,3748.259925866232,1008.7237231940088,3752.607481827558,2.749986828642811,68,0.8618715889127415,0.900027724916645,cluster_5
3066066200022100181,,314.48148235403585,1011.492877467388,3753.146110258832,1007.2543439204628,3750.449101433792,1016.1462395332362,3755.3022914569,1.921554494355923,79,0.8004802382619676,0.8764913410437699,cluster_5
3066066200022100189,,628.0087549185346,1021.716899616016,3762.4707167263687,1016.3395738580152,3756.5192925063993,1028.503077388406,3768.704285714041,1.995232627831156,148,0.6977439101161467,0.7381234655709374,cluster_5
3066066200022100191,,385.23704722295616,1010.2838308690004,3760.8505199152287,1006.7115028425544,3757.452645263477,1013.6374868791044,3764.061937800229,1.091189060501018,75,0.6452448952161719,0.9485999472891744,cluster_5
3066066200022100192,,464.850677501782,984.607347242384,3763.194457787977,981.1407759617276,3758.748015741111,988.2658982820758,3767.709597480804,1.2121097905386853,71,0.5830802653228014,0.9425384281517778,cluster_5
3066066200022100193,,599.8472437183725,966.1293653039684,3762.880438049503,961.3885761360696,3758.84319343722,971.4715581857176,3768.56249582811,1.3168126362389934,124,0.5370070564594157,0.9299596428385514,cluster_5
3066066200022100195,,892.8353962762513,979.6252282059324,3772.308934888479,973.1590681931846,3765.1544535481225,984.854874617728,3777.482750469481,1.151538083431095,132,0.4300519107037086,0.8519265901372326,cluster_5
3066066200022100204,,482.73466127983727,969.3009111016364,3779.334100818375,962.462743435628,3776.10333572586,977.0024503929396,3782.9710817921546,2.8935004613294355,132,0.7664226278521289,0.7837731233906495,cluster_5
3066066200022200004,,1156.995743712854,1107.592595089238,3551.1217588288737,1101.8321021176616,3544.026749063025,1113.9559087088896,3558.0206380687505,1.1518353392660314,217,0.3655486546489697,0.9562746396913576,cluster_5
3066066200022200007,,1336.1660047489838,1106.8452037707812,3567.836576353744,1102.0093519000743,3557.411698917748,1113.580168784776,3575.8468133478373,1.6167211304724436,177,0.3812356628134167,0.930811049727164,cluster_5
3066066200022200010,,1232.3963337692926,1091.3969104823664,3571.453033091936,1084.612194082442,3565.63843610976,1099.5633190110873,3576.6586157913443,1.4025504512608182,129,0.3636399238873497,0.9592342783726328,cluster_5
3066066200022200013,,1903.4701629218653,1089.2800791056927,3583.336795028674,1081.3714817974792,3575.247612316239,1098.9016571019663,3592.529056364583,1.6021567495693552,258,0.3188672319246046,0.8995909699654084,cluster_5
3066066200022200016,,1741.6410476668188,986.0142547888728,3592.730036906637,977.5614849304004,3585.8340794468045,993.680284552588,3599.9012063325745,1.0255134773514551,69,0.2825675682038604,0.9957139964653834,cluster_5
3066066200022200017,,497.22785221409873,1099.4770756902751,3595.6545382205504,1095.156840846765,3589.828680262965,1103.396066758144,3600.3718940290537,2.097269085269528,83,0.6091023444777529,0.9449692343852752,cluster_0
3066066200022200018,,796.0927786126044,1084.1539636428608,3596.4421977776283,1079.1217502934362,3591.4955715749747,1089.3567318677783,3602.2652912850326,1.00598978784557,94,0.4322868928180411,0.9757972860425052,cluster_5
3066066200022200021,,2628.6282624583555,984.3273720608024,3605.835318015474,973.826273438514,3597.2798994595487,994.8859700528996,3614.190273346749,1.2455488963692636,490,0.2553201701821276,0.9066318630234684,cluster_5
3066066200022200025,,1221.00166577252,999.7881923164958,3602.8160172605526,992.7013108918002,3597.4780318579897,1007.8560318280336,3609.729423098944,1.1326208744492108,100,0.3932270768123994,0.8926302873496681,cluster_5
3066066200022200028,,1415.9191409853272,1080.2284175332677,3611.7940412996186,1072.50952999934,3605.2609775419214,1087.8367466979744,3617.729956851953,1.1641042063065354,461,0.3397739664132117,0.9424287564761044,cluster_0
3066066200022200033,,1056.586629505798,961.5829114154984,3612.663280271543,954.5936055984052,3608.3676970280007,969.348581744337,3617.781270749864,1.6007152897927486,228,0.4027131532834129,0.9409896106415188,cluster_5
3066066200022200038,,714.1760760537431,1044.3462642821726,3618.9525787896814,1039.046321633659,3614.0805787444233,1049.4654023259084,3623.505056182147,1.4766893776358612,171,0.4564902490424574,0.9809822947831808,cluster_0
3066066200022200040,,1113.2788388913607,1062.4091493841515,3620.6683075934666,1056.1825075619654,3614.541392203288,1068.3331667403777,3627.144965804499,1.049300267811054,243,0.35638816142706,0.9907827075460643,cluster_3
3066066200022200041,,1088.6878027279702,1074.2407834483245,3622.89057237438,1069.2942158701803,3615.9015251077935,1079.832999127828,3629.462546799477,1.2534030425870573,328,0.3653846292830313,0.9917808860758442,cluster_0
3066066200022200044,,830.3916179332839,1019.0483228846008,3624.0097466146353,1014.8592665935772,3618.20543985614,1024.1367684074123,3629.26478005646,1.1971320793283335,248,0.414845400701954,0.9944478794654426,cluster_3
3066066200022200045,,1483.0126483748045,1053.1394480522963,3627.157562309723,1046.3805636284526,3620.240115621588,1061.5367343801263,3633.639652458193,1.201397781328534,301,0.3161946598011357,0.9764087972149292,cluster_3
3066066200022200046,,762.467256818297,999.964884665376,3625.706676630384,993.8816452845632,3620.717540189174,1005.3803484611084,3631.680516536,1.423874519323901,173,0.4821763501549415,0.92206157822423,cluster_5
3066066200022200047,,1107.296386268751,989.5239412637212,3629.292318288029,984.6206991374052,3621.694959513976,995.372055091367,3637.8426832304126,1.9854483656940936,360,0.4201675480539712,0.8981222658219701,cluster_5
3066066200022200049,,1590.6252046610675,971.6032508603004,3632.344736768952,964.2337890803512,3623.8926775435366,979.4108407215658,3640.128725918441,1.2467197491106687,407,0.323819548209836,0.930951024033068,cluster_5
3066066200022200051,,2208.0142766931813,1078.3868014540158,3637.823541108547,1071.1658982859892,3626.4689809572383,1085.4679145737489,3649.2080926516473,1.5923607592003697,403,0.2966005666047489,0.9004722030667013,cluster_0
3066066200022200052,,166.47848388677343,1002.5322336385452,3630.3581813544592,999.0961915769476,3628.274737555237,1005.5736097928232,3632.353101758965,2.0871588367912657,52,1.0478524617498273,0.9650196338980176,cluster_5
3066066200022200053,,527.2018514278684,995.1552660253458,3633.4773229640273,991.1893825189916,3628.556934310177,998.9042823399304,3638.4579749696777,1.1766092597172744,97,0.5378974257807477,0.9788523023850524,cluster_5
3066066200022200054,,912.8401540876272,1024.0743790873055,3633.507762328824,1018.7182719542576,3627.758116130212,1029.568941720315,3638.77772519536,1.034608329398227,243,0.389003472385137,0.9913040018614596,cluster_5
3066066200022200059,,708.3840323809113,994.304738835458,3639.9741646564366,988.474303214574,3635.535013780169,1000.7999256960924,3643.908668575085,1.4659715744124882,173,0.5443567366594787,0.8377797960127288,cluster_5
3066066200022200060,,1111.165527495794,1064.8407579738434,3637.363455344832,1058.7421434926164,3630.981309465833,1070.673616975215,3644.157327723961,1.099887428239304,287,0.3659153752629018,0.9755650199939488,cluster_3
3066066200022200061,,1383.8817751208178,1043.647573234162,3638.884805810732,1036.7464560600265,3630.208485861432,1049.963731643708,3646.488583506409,1.0168541348650797,322,0.3504407709629277,0.9121533179495274,cluster_3
3066066200022200065,,812.45937877653,1031.7564151662866,3647.019298133495,1025.8820570092073,3641.9473018833705,1037.544249423963,3651.313611048153,1.139459320928783,174,0.4349307915321275,0.9657807630717024,cluster_3
3066066200022200067,,1105.2918196481571,988.0763423970236,3649.587569623957,981.5313356289012,3644.043978742648,994.0993805828092,3655.032251584994,1.1657439159987315,151,0.357511724504309,0.9930967512686366,cluster_5
3066066200022200070,,755.8500807359369,1000.8590233777524,3651.407413949587,995.948779780032,3646.21052306777,1006.5386574862378,3656.0042151490206,1.6293186109069446,127,0.4483858055100751,0.9940315291398248,cluster_5
3066066200022200071,,700.0669080684523,1043.240958266376,3653.283276492685,1038.269721341906,3648.669114382023,1048.2033486637497,3657.98082674166,1.367357996389717,115,0.4512530475579885,0.9951046324187746,cluster_5
3066066200022200074,,708.7076387616735,1068.8719160164935,3658.645089606326,1063.601133345787,3653.3818370353138,1075.4031891047518,3666.085443915104,2.3616869955005027,149,0.5783610575799399,0.856627344106293,cluster_5
3066066200022200078,,547.7207512575667,1061.6384497209522,3660.611638286213,1058.146210457658,3656.119833551009,1065.3628631418767,3665.604472571218,1.399148569416071,137,0.5259761987163651,0.9733761112483852,cluster_5
3066066200022200082,,817.7237542958975,967.497047194668,3668.3746153336015,962.893637360316,3662.714823767901,972.2177201834644,3673.933562935244,1.0406418732991711,133,0.4140580185888822,0.9894358648507828,cluster_5
3066066200022200086,,314.26294615768927,1028.1707363843218,3668.199306958216,1024.134318461303,3665.535719164154,1031.8911379390972,3670.909676291773,1.6760004439472311,55,0.6902474997751842,1.0000000000000002,cluster_5
3066066200022200087,,752.2343689697634,1046.958060014302,3670.6791674209294,1041.8630502148014,3665.588039728899,1052.3874611572653,3675.45110887891,1.1167235409807683,135,0.4473132449124266,0.9833620805837996,cluster_5
3066066200022200089,,586.6083044219528,1064.5683772265295,3674.0026412911175,1061.6862392734795,3666.539593688917,1067.649760229598,3679.8587597247833,2.271894896789783,109,0.5776155854223298,0.9476970014197768,cluster_5
3066066200022200091,,470.2503843213277,1022.9217989906502,3674.8942787077535,1018.576234305031,3671.259247681789,1026.8770416758111,3678.4491610143423,1.153460371319971,79,0.564055240821514,0.9686159454422638,cluster_5
3066066200022200093,,394.784041079169,1054.4910968200522,3678.409611140185,1050.2857795197538,3674.5947637169256,1057.9779137982002,3681.3427605902034,1.1309714687649663,96,0.625639501227573,0.978420485010745,cluster_5
3066066200022200095,,481.45639898823504,1027.0331886733154,3680.585805007588,1023.0532227217076,3676.371035660709,1030.823712228739,3684.287166549792,1.294910027937643,80,0.5606613089523657,0.974213156839126,cluster_5
3066066200022200096,,393.93296331328025,1034.3140199519482,3680.662803050975,1030.497191309055,3676.721998283556,1037.9268663930986,3684.26425033652,1.2398134066590902,91,0.646112347639895,0.9444004658412084,cluster_5
3066066200022200100,,491.7664995652126,1039.07169121927,3684.477681787853,1033.7855158016264,3680.97607185233,1043.5732004442943,3687.7626473558976,1.4412419975513135,65,0.5861007174586836,0.9377030338556516,cluster_5
3066066200022200105,,730.554540303581,1025.6019117362723,3687.949959239443,1019.5407103298776,3684.089340406573,1031.0813162569568,3692.250351697108,1.5262566068403336,103,0.4619061050168387,0.9664061800704412,cluster_5
3066066200022200111,,722.7665017894192,1039.1002297304588,3695.430687718324,1034.7113206791248,3690.264457057546,1043.9656531045073,3700.560318287347,1.3272408895688006,132,0.4465054346426339,0.9891117086964396,cluster_5
3066066200022200113,,676.2173788424624,992.3208624568144,3696.79721652166,987.1365948361074,3692.9529494864887,997.9276672896076,3701.146522897975,1.7402984704226716,97,0.4882969059637329,0.97677099117362,cluster_5
3066066200022200115,,1155.0495677406234,996.5099680571404,3702.336914828899,988.5653541781768,3696.53517441712,1005.1131001505144,3709.113817563649,2.477327591549956,149,0.4128926751573151,0.9166617418735932,cluster_5
3066066200022200116,,651.8153674150515,1042.5987175558837,3703.3713716855495,1037.586350209529,3698.906413533374,1047.543830869878,3708.038432120488,1.3477756794401818,100,0.4797227218849366,0.9646531289847484,cluster_5
3066066200022200122,,618.3116929008017,958.2159312628208,3710.473369326417,952.2198818115324,3705.807868354207,963.034164038478,3714.2140330358297,1.2775280974348049,132,0.5325317261154686,0.918268499358893,cluster_5
3066066200022200123,,243.8120546575093,1014.5257416657504,3710.116427949888,1010.7302202188856,3706.6267836307497,1016.8713926106924,3714.532132398616,1.7394770526754753,67,1.0059596574777527,0.7603616950476673,cluster_5
3066066200022200127,,566.7947209703418,1009.5365472993832,3713.4341281843817,1004.6965677599784,3709.367440288333,1014.4325987855236,3717.789114217024,1.7074750067814128,86,0.5315648160628738,0.987865141940643,cluster_5
3066066200022200131,,535.928479596722,1010.7984172074076,3718.249126179198,1004.1237068051724,3714.349343202859,1017.4545722299312,3722.313729402269,2.705349848920645,107,0.6639334901028063,0.8433399458975787,cluster_5
3066066200022200137,,885.1747560058609,960.2231411638884,3726.679406926669,954.9038547223302,3720.6735534991926,965.4033681367256,3732.624603849052,1.084253267071975,181,0.4441639314084841,0.8991434409606792,cluster_5
3066066200022200140,,930.679229092032,997.639831784518,3729.787317932249,991.5400845809816,3725.2456139447113,1003.4537768980044,3734.4690698291456,1.287325147464803,201,0.4054169547786487,0.9732116253695564,cluster_5
3066066200022200141,,886.9058663771581,1007.8474599703242,3730.549537648185,1002.5137836194996,3725.851861328545,1014.8747330821476,3736.709478950426,1.4473828171450225,142,0.4402967819237773,0.9594798996448072,cluster_5
3066066200022200142,,727.7276008927133,1016.8967214976892,3730.886903150793,1008.6576091644588,3725.430175886718,1021.7453866460568,3735.03744761862,1.5962909843895592,107,0.5544829614203072,0.8916340804707643,cluster_5
3066066200022200145,,697.3568084523681,1041.7045154547648,3737.285281251679,1037.8833651624875,3731.307218807476,1045.1792020299424,3742.770684423205,1.6938602166511605,71,0.4773535019627034,0.9800535941141278,cluster_5
3066066200022200152,,298.0294651909936,1025.1963932746546,3741.9032260829777,1022.399903929112,3738.544336702104,1028.12363276903,3745.216493581839,1.3590388214942932,59,0.6987131910867291,1.0,cluster_5
3066066200022200158,,817.1772237829728,1015.335556190352,3747.674541309269,1008.5387561590244,3743.313503723264,1022.1357097362296,3751.75343681876,1.53487036965219,157,0.4650292446505747,0.9368814031212132,cluster_5
3066066200022200160,,504.6389428749024,977.7319811246308,3749.4746827348176,972.6935519996996,3745.6303597642377,982.491277264965,3752.552595836921,1.4264177649549576,126,0.5754647222010528,0.9482819202190116,cluster_5
3066066200022200165,,373.9712827528092,1003.4698038577488,3754.895943279236,999.2149712436878,3752.101882897025,1007.4214178555878,3757.995453423768,1.4803278607888344,63,0.646504117024577,0.964029801866993,cluster_5
3066066200022200167,,1167.7555666921496,976.177200034618,3756.9264226078585,968.973658664744,3751.824429794109,983.1901387447896,3762.592464749098,1.3455564646899498,234,0.3767842233488366,0.9301621072649154,cluster_5
3066066200022200171,,227.19634117561748,996.8818162271226,3760.083568576608,994.5463996943056,3757.209908060173,999.5458209007384,3763.261256671513,1.211255172650991,42,0.8076618698338692,0.989989355454007,cluster_5
3066066200022200175,,625.5385336876877,971.8986475055036,3765.612705175613,965.1252704222914,3761.5253828539217,978.1301529491998,3769.946762808192,2.237903824452519,129,0.554913081961616,0.9393323988023438,cluster_5
3066066200022200177,,249.2307136430618,1007.518132484954,3768.3064340181336,1005.1208048800296,3764.7713832632808,1011.1988929059632,3771.4016508977984,1.0238532912732106,43,0.8751737070370914,0.9014796914257116,cluster_5
3066066200022200178,,373.2896039620981,974.2636704770296,3769.227426955146,969.0878095685376,3765.399723138204,979.8404181618076,3772.7644299803615,2.5454166464992545,79,0.77833202837858,0.8980412909464723,cluster_5
3066066200022200180,,436.2385495807156,992.2875239437808,3770.87346437012,988.4171098980526,3767.253449293879,996.3306107909552,3774.258303414272,1.167920674308036,67,0.5788779339576235,0.9786576427905698,cluster_5
3066066200022200183,,546.6941474367127,1009.354877177998,3771.913703529593,1001.7729834809064,3766.63495235658,1015.5326846798696,3776.024134121056,2.341862569655575,157,0.7122815811273358,0.7736111597949461,cluster_5
3066066200022200184,,486.10945710275337,969.1723493991476,3774.378489032552,965.0025843784832,3769.97393815944,973.8990220029216,3777.723274999148,1.2818412833705748,90,0.5712688346042181,0.9499198473972248,cluster_5
3066066200022200185,,356.1639281133081,986.8023321805103,3776.746041144772,982.8737764685444,3773.977140925066,990.7513617375002,3779.672131061852,1.509466853326577,63,0.6465098989476815,0.9936348846406984,cluster_5
3066066200022200187,,458.2530024555668,979.1184270644544,3780.629546367407,972.809859659671,3778.066472813924,985.2094710570487,3782.799084722116,2.625467544056914,66,0.6663634563229289,0.9492337234569136,cluster_5
3066066200022300039,,693.6340989223755,961.8140571314296,3636.38803797264,957.2777783818274,3631.2152953119407,965.9804333442992,3641.356407585967,1.3038697746459014,149,0.4781705179627308,0.9567123604909468,cluster_5
3066066200022300054,,781.1920553405132,1000.65654669346,3660.050258941647,995.158497790032,3655.687849744799,1006.6261545065552,3665.163747842705,1.301947956217463,100,0.4571402258489273,0.9747121346949548,cluster_5
3066066200022300059,,355.3105497731836,1034.9621885065242,3666.5130680824072,1031.5274327820616,3663.25411439864,1038.375496862776,3669.829537802853,1.0303399835108185,57,0.625034510972026,0.9932299737351752,cluster_5
3066066200022300061,,686.1672866111041,977.047449853796,3669.9105920712464,971.8294420428092,3665.515481336078,981.8953261227572,3674.041365949478,1.3117497365673796,76,0.4560463560738345,0.9983950913962552,cluster_5
3066066200022300090,,526.163677511803,978.4187463855968,3705.660113641552,974.4708482709096,3701.7163280820855,982.4361943669192,3709.8188834868697,1.0598916196236057,82,0.5078207697672235,0.9975915541969697,cluster_5
3066066200022300094,,289.5889750343389,964.1067108756675,3714.136812212776,961.2242840570163,3710.473164852228,967.370446077565,3716.745530555706,1.0178316961508802,87,0.7180399342079363,0.9974781761395026,cluster_5
3066066200022300098,,176.43798663723362,1017.8944001655328,3720.0940559901583,1015.9124637038242,3716.891940388375,1019.677829078424,3722.9628311059487,1.6795372839803693,43,0.9400399668225567,1.0,cluster_5
3066066200022300099,,563.169720103004,989.6754518645922,3719.594238401798,985.3102230568552,3715.073609716591,994.934743149682,3723.209905107502,1.2460418349498277,112,0.5387541006946055,0.9578566057627732,cluster_5
3066066200022300100,,172.64400817660945,973.3314651308684,3722.555517642912,971.5054573905586,3719.414080679373,975.2911422850508,3725.991470770873,2.282546243387924,33,1.0046464997542397,1.0,cluster_5
3066066200022300113,,268.0209130342826,996.7980353385576,3735.4990300065433,992.3521190185102,3733.55968934283,1001.6631428274976,3737.650995377818,2.358096362041167,71,0.8901298742306203,0.9115000405611872,cluster_5
3066066200022300114,,395.3648073069785,976.0780770125878,3737.389366862936,971.3990368795558,3733.8171446933343,980.1132772670644,3741.01013720396,1.7437188664067529,102,0.6583640369036708,0.965889142865084,cluster_5
3066066200022300119,,241.07037474930627,976.1780899551716,3743.6080241454806,973.388086024802,3740.5913348512354,978.9258986408674,3746.735246056561,1.4979540578548618,66,0.7975775822503596,0.987616376025464,cluster_5
3066066200022300120,,380.6240493720087,997.6063246854812,3745.545221460896,994.645218799697,3741.401197718769,1000.7155812816966,3749.838290977743,1.4409985315640872,78,0.6522805277917157,0.9293787289339268,cluster_5
3066066200022300125,,310.0173655385274,989.1122332606036,3749.720960800064,985.4656536790732,3746.210485666665,992.5436294383442,3752.9725917371934,1.648551640290428,65,0.7167979337361307,0.9571718902976996,cluster_5
3066066200022300126,,204.7986053647314,983.5580540672952,3751.852742536397,981.3386041419212,3748.6064853428816,985.5230802664076,3755.011431151976,1.424616466742758,59,0.8626593393993696,1.0,cluster_5
3066066200022300129,,343.2633350273202,1016.5893751254416,3757.910675873983,1010.3746851102152,3754.8632533671416,1021.6363093838185,3761.5336882901865,2.4223493410930867,58,0.904231914075562,0.7633935377527954,cluster_5
3066066200022300133,,223.5872343347038,1015.0911456536134,3762.726029866124,1012.737737491882,3759.0416869765686,1017.525247324324,3766.659562316795,1.8731844665268351,50,0.924200528258576,0.9181709993771384,cluster_5
3066066200022300134,,158.59129064846093,979.9117752445912,3763.4841960677377,978.1486330014808,3760.6347071838327,981.8742142431748,3766.253675613726,1.7864204049971215,48,0.9888214871550546,1.0,cluster_5
3066066200022300136,,326.2672351968812,1003.3996999786148,3768.8146060204704,1000.9089220584754,3764.008575571543,1005.7276721968036,3772.823263927911,1.834550604375745,68,0.7502310925445109,0.9064127413612696,cluster_5
3066066200022300138,,364.6782253550153,987.0833092527474,3769.790356266829,984.3987947439546,3765.233304424669,990.4394896854758,3774.272001501635,1.4053338694781798,100,0.7289700879315709,0.8770796622630964,cluster_5
3066066200022300142,,209.89189881494457,970.0454574095138,3782.4082840714223,966.0086357899823,3780.5116948784607,973.105977695049,3785.087696918661,1.5339762592325048,43,0.95976817041415,0.8822410646307964,cluster_5
