cell,eef2b,gata5,tbx1,spi1b,aplnra,prdm1a,meis3,stmn1a,yrk,her6,fn1b,tbx16,meox1,hand2,mef2cb,cldnb,dla,otx2b,tnnc1a,cfl1l,cldn7b,zic2a,fstl1a,bmp6,cd9b,nova2,nkx2.5,krt18a.1,myl7,dusp5,hes6,sparc,pdlim1,tal1,serpinh1b,bmp4,jdp2b,efnb2a,tnnt2a,mdkb,ptmaa,rbfox1l,nkx2.7,cdh11,ccn1,fabp3,btg1,lsp1a,angptl7,ttn.2,foxd1,hoxb3a,atp2a2a,sox7,twist1a,podxl,fthl27,rarga,mdka,cdx4,cxcl12a,gdf3,rac2,fzd8b,marcksl1a,sfrp5,fibina,fli1b,epcam,hspb1,smtnl1,fhl2a,foxl2a,actc1a,blf,loxl2a,emp2,egfl6,rasl11a,fermt1,fsta,plpp1a,aldh1a2,sox3,etv2,hoxb1b,her15.1,fli1a,cxcl12b,bambia,akap12b,hoxb9a,cyp26c1,hoxb7a,rbms2b,her9,irx1b,tmem88a,kirrel1b,ackr3b,krt8,rdh10a,colec12,ndnf,lmx1bb,pitx3,rspo3,pdgfra,hey1,msgn1,met,thbs2b,cdh5,twist1b,kazald2,myh7,cthrc1a,pfn1,apoc1,tnfaip6,apela,nrp2a,meis2a,elmo1,cnn3a,vox,irx3a,cdc42ep4a,rbm24a,nid1b,clec14a,pltp,foxi1,Blank-0,Blank-1,Blank-2,Blank-3,Blank-4,Blank-5,Blank-6,Blank-7,Blank-8,Blank-9,Blank-10,Blank-11,Blank-12,Blank-13,Blank-14,Blank-15,Blank-16,Blank-17,Blank-18,Blank-19,Blank-20,Blank-21,Blank-22,Blank-23,Blank-24,Blank-25,Blank-26,Blank-27,Blank-28,Blank-29,Blank-30,Blank-31,Blank-32,Blank-33,Blank-34,Blank-35,Blank-36,Blank-37,Blank-38,Blank-39,Blank-40,Blank-41,Blank-42,Blank-43,Blank-44,Blank-45,Blank-46
3067542400041100360,7,0,0,1,0,0,0,0,1,0,0,0,0,0,0,1,0,0,0,8,1,0,0,0,0,0,0,8,0,0,0,0,0,0,0,0,0,0,1,0,0,0,0,0,0,0,4,2,0,0,0,0,0,0,0,0,0,0,0,0,0,0,0,0,1,0,0,0,2,0,1,0,0,0,0,0,0,0,0,0,0,0,0,0,0,0,0,0,0,0,3,0,0,0,0,0,0,0,0,0,7,0,0,0,1,0,0,0,0,0,0,0,0,0,0,0,0,5,3,0,0,0,0,0,1,0,0,0,0,0,0,0,0,0,0,0,0,0,0,0,0,0,0,0,0,0,0,0,0,1,0,0,0,0,0,0,0,0,0,0,0,0,0,0,0,0,0,0,0,0,0,0,0,0,0,0,0,0,0,0
3067542400041100641,79,12,0,2,0,0,2,1,0,0,1,0,0,3,1,3,1,2,0,28,4,0,4,2,10,0,0,24,3,0,0,3,0,1,1,0,0,1,1,0,4,0,1,0,1,1,16,26,0,1,0,0,1,0,0,0,2,0,8,0,2,0,1,0,3,6,0,0,2,10,0,1,0,0,0,1,2,0,1,3,1,0,1,0,0,0,0,2,0,2,22,0,2,0,0,0,1,1,0,0,22,0,0,0,2,0,0,0,0,1,0,0,1,0,3,0,0,47,107,0,1,0,0,1,6,1,1,0,4,0,0,0,0,0,0,1,0,0,1,0,1,0,0,1,0,0,1,0,0,0,0,0,0,0,0,0,0,0,0,1,0,0,0,1,0,0,0,0,1,0,0,0,0,0,0,0,1,0,0,0
3067542400041100658,18,6,0,0,0,0,0,0,0,0,0,0,0,0,0,1,0,0,0,0,1,0,0,0,2,0,0,3,0,0,0,0,0,0,0,0,0,0,0,0,0,0,0,0,0,1,3,8,0,0,0,0,0,0,0,0,0,0,1,0,0,0,0,0,0,0,0,0,0,1,0,0,0,0,0,0,0,0,0,0,0,0,0,0,0,0,0,0,0,1,1,0,0,0,0,0,0,0,0,0,0,0,0,0,0,0,0,0,0,0,0,0,0,0,0,0,0,2,25,0,0,0,0,0,1,0,0,0,1,0,0,0,0,0,0,0,0,0,0,0,0,0,0,0,0,0,0,0,0,0,0,0,0,0,0,0,0,0,0,0,0,0,0,0,0,0,0,0,0,0,0,0,0,0,0,0,0,0,0,0
3067542400042100111,56,0,0,0,0,0,0,1,0,0,0,0,0,0,0,15,2,1,0,13,14,0,5,4,2,0,1,118,0,0,3,0,1,0,1,0,0,6,0,0,1,1,0,0,0,1,12,13,0,0,0,0,0,0,0,1,2,0,0,4,0,0,0,0,4,0,0,0,10,0,1,0,0,0,3,0,9,1,0,3,0,0,0,0,0,0,0,0,0,0,12,1,0,0,1,0,0,1,1,0,92,0,0,0,0,0,0,0,0,0,0,1,1,0,0,0,1,16,3,0,0,1,0,0,0,0,1,0,0,1,1,1,2,0,0,0,0,0,2,0,1,0,0,0,0,0,1,1,0,0,0,0,0,0,0,0,0,0,0,0,5,0,0,0,0,0,0,0,0,0,0,2,0,0,0,0,0,0,0,0
3067542400042100112,51,0,0,2,0,0,0,0,0,2,0,0,0,0,0,13,0,0,0,11,4,0,0,0,2,1,2,213,0,0,0,1,2,0,2,0,0,3,0,0,1,1,0,0,0,2,2,2,0,0,0,0,2,1,0,0,0,0,1,4,0,0,0,0,0,2,1,0,6,0,0,5,0,0,1,2,3,0,0,0,1,1,2,1,0,0,1,2,0,0,14,1,0,0,0,0,0,0,0,0,230,0,0,0,0,0,0,0,0,0,0,1,1,0,0,0,2,10,3,0,0,0,0,0,0,0,0,0,0,0,0,1,0,0,0,1,0,2,2,0,0,0,0,0,1,0,0,0,0,2,0,0,0,0,0,0,0,0,0,0,1,0,0,0,0,0,0,0,0,0,0,0,0,0,0,0,0,1,0,0
3067542400042100113,31,0,0,1,0,0,1,0,0,0,0,2,0,0,0,21,1,1,0,12,14,0,4,0,0,0,1,39,0,1,5,0,1,0,3,0,0,1,0,0,4,3,0,0,0,3,6,1,0,0,0,0,0,0,0,0,0,0,5,1,0,0,0,0,1,0,0,0,3,1,1,0,0,0,0,0,3,0,0,1,0,0,2,0,0,1,0,0,0,0,3,0,0,0,1,0,0,0,0,0,44,0,0,0,0,0,0,0,0,0,1,0,0,0,0,0,0,17,3,0,0,0,0,0,0,1,0,0,0,1,0,0,0,0,0,1,0,0,0,0,0,0,0,0,0,0,0,0,0,0,0,0,0,0,0,0,0,1,0,0,1,0,0,1,0,0,0,0,1,0,1,2,1,0,0,0,0,1,0,0
3067542400042100114,84,0,0,3,0,0,0,0,1,3,0,1,1,0,0,14,1,2,0,11,18,0,4,0,5,1,2,168,0,0,3,0,0,0,4,0,0,2,1,0,2,0,0,0,0,3,16,8,0,2,0,1,1,2,0,0,1,0,1,9,0,0,0,0,4,0,0,0,7,0,0,1,0,0,0,0,16,0,0,1,0,0,2,2,0,0,0,0,0,1,9,1,0,0,0,0,0,0,0,0,141,0,0,0,1,0,0,0,0,0,0,0,0,0,0,0,0,20,6,0,0,3,0,0,1,0,4,1,1,1,0,0,0,0,0,0,0,0,2,0,0,0,0,0,0,0,0,0,0,1,0,0,0,0,0,0,0,0,0,0,6,0,0,0,0,1,0,0,1,0,0,0,0,2,0,0,0,0,0,1
3067542400042100115,8,1,0,0,0,0,0,0,0,0,0,0,0,0,0,0,0,2,0,2,0,0,0,0,3,0,0,15,0,0,0,0,1,0,1,0,0,0,0,0,0,0,0,0,0,0,2,1,0,0,0,0,0,0,0,0,0,0,0,0,0,0,0,0,0,0,1,0,0,2,0,0,0,0,0,0,0,0,0,0,0,3,1,0,0,0,0,1,0,0,1,0,0,0,0,0,0,0,1,0,4,0,0,0,0,0,0,0,0,0,0,0,0,0,0,0,0,1,15,0,0,0,0,0,1,0,0,0,0,0,0,1,0,0,0,0,0,0,0,0,0,0,0,0,0,0,0,0,0,0,0,0,0,0,0,0,0,0,0,0,0,0,0,0,0,0,0,0,0,0,0,0,0,0,0,0,0,0,0,0
3067542400042100122,36,18,0,0,0,0,0,1,0,0,0,1,0,5,1,3,0,2,0,2,1,0,4,6,1,0,0,12,1,0,0,0,0,0,2,0,0,0,10,0,3,15,0,1,1,0,5,3,0,14,0,0,3,0,0,12,0,0,2,1,0,1,0,0,3,2,0,0,0,4,4,2,0,0,2,0,3,0,0,0,0,5,1,0,0,4,0,1,1,4,27,1,0,0,1,0,0,0,0,0,34,0,2,0,0,0,0,10,0,0,0,0,0,1,1,0,0,4,38,0,0,0,0,1,4,4,0,1,6,0,0,1,0,0,0,0,0,0,0,1,0,0,0,0,0,0,0,0,0,1,1,0,0,0,1,0,0,0,0,0,0,0,0,1,0,0,0,0,0,0,0,0,0,0,0,0,0,0,0,0
3067542400042100123,42,11,0,0,0,0,1,1,0,2,0,0,0,12,6,1,0,0,0,2,2,0,5,4,0,0,0,21,4,0,0,0,3,0,2,7,1,5,21,0,3,47,3,0,2,1,8,1,0,10,0,0,4,0,1,11,0,0,3,0,0,2,0,1,3,0,0,0,0,1,1,0,0,0,0,0,3,0,1,2,0,0,0,5,0,0,0,0,1,5,32,1,0,0,2,1,1,0,0,0,25,1,1,0,1,0,0,7,0,0,0,0,0,0,2,0,0,4,7,1,1,5,0,1,8,1,2,0,7,0,0,0,0,1,0,0,1,0,0,0,1,0,0,0,0,0,0,0,0,1,2,0,0,0,0,0,0,0,0,0,0,0,0,0,0,0,0,0,0,0,0,0,1,0,0,0,0,0,0,1
3067542400042100124,41,9,0,0,0,1,1,0,0,1,0,0,0,6,9,1,0,0,4,4,2,1,1,2,1,0,7,8,7,1,1,0,3,0,2,0,0,2,31,0,1,89,2,0,0,1,21,3,0,17,0,0,7,0,0,23,1,0,0,1,0,0,0,0,2,1,0,0,0,1,1,5,0,0,0,0,3,0,0,0,0,3,0,0,0,0,0,1,2,4,19,0,0,0,1,1,0,1,0,0,21,5,1,0,0,0,0,1,0,0,0,1,1,0,0,1,0,5,21,1,0,0,0,1,11,0,0,0,8,1,0,0,0,0,0,1,0,0,2,0,1,0,0,0,0,0,0,0,0,0,0,0,0,0,0,0,0,1,0,0,0,0,0,0,0,0,1,0,0,0,0,0,1,1,0,1,0,0,1,0
3067542400042100125,35,7,1,0,0,0,0,0,0,1,0,0,0,5,1,2,1,0,1,1,3,0,7,4,1,0,2,36,4,0,0,0,0,0,2,1,0,6,8,0,2,8,3,0,0,2,7,2,0,5,0,0,1,0,0,8,0,0,0,0,0,1,0,0,1,0,0,0,2,0,0,1,0,0,1,0,3,0,0,4,0,0,0,4,1,0,0,1,0,2,16,1,0,0,0,1,1,0,0,0,26,0,0,0,0,0,1,2,0,0,1,0,0,1,1,0,0,4,1,1,0,3,0,1,4,0,2,0,3,0,1,0,1,0,0,0,0,0,0,0,0,0,0,0,0,0,0,0,0,0,0,0,0,0,1,0,0,0,0,0,1,0,0,0,0,0,0,0,0,0,0,0,0,0,1,0,0,1,0,0
3067542400042100127,73,6,2,1,2,2,1,0,0,3,0,1,0,6,3,9,1,0,0,10,12,0,8,9,1,3,5,133,3,0,1,1,1,0,4,9,1,10,15,0,4,15,6,1,1,1,10,3,0,15,0,0,0,0,0,8,2,0,2,2,0,2,1,0,9,1,2,1,4,0,1,1,0,0,4,1,5,3,0,4,2,0,0,6,1,0,0,1,0,2,56,0,1,0,4,6,0,1,0,1,71,2,0,2,1,0,0,3,1,1,0,0,2,3,0,0,1,8,4,0,0,4,3,1,8,3,8,1,5,2,1,0,5,0,0,1,0,1,1,0,0,0,0,0,0,0,1,0,1,0,1,1,0,1,0,1,0,0,0,0,2,0,0,1,0,0,0,0,1,0,0,0,0,1,1,1,1,0,1,0
3067542400042100128,69,1,0,2,2,0,1,0,0,1,0,1,1,4,0,9,2,1,0,13,19,0,17,2,5,1,1,99,1,0,1,9,0,0,5,1,1,21,1,0,9,4,3,0,0,2,5,7,0,3,0,0,0,0,0,0,3,0,2,0,2,2,0,0,0,0,0,1,6,0,2,0,0,1,0,0,2,0,0,6,0,1,1,13,1,0,0,1,3,0,22,0,5,0,2,7,0,0,0,3,66,1,2,0,0,3,1,1,0,0,0,0,2,1,2,0,1,7,3,0,1,5,0,0,7,0,2,2,1,0,0,0,14,0,0,1,0,1,0,0,0,0,0,0,0,0,2,0,0,1,3,0,0,1,0,1,0,0,0,1,1,0,2,0,0,0,1,1,0,0,0,0,0,0,0,1,0,0,0,0
3067542400042100129,41,5,1,1,0,2,0,0,1,1,2,0,0,3,16,1,1,0,5,1,1,0,2,1,4,2,8,9,13,1,1,0,2,0,3,4,0,1,36,0,2,88,0,3,1,1,18,13,1,30,1,0,7,1,1,15,3,0,1,2,0,0,0,0,2,1,0,0,1,6,7,13,1,1,4,0,0,1,0,1,0,2,0,4,0,1,0,1,0,2,15,0,1,0,2,0,0,0,0,0,24,1,0,0,0,0,0,0,0,1,0,0,1,0,0,0,1,5,20,1,0,0,1,1,10,0,2,1,14,0,0,0,0,0,0,0,0,0,1,0,1,0,0,0,0,0,2,0,0,1,0,2,0,0,2,0,0,1,0,0,1,0,0,0,0,0,0,0,0,0,1,0,0,0,0,0,0,0,1,0
3067542400042100130,109,2,4,1,4,1,2,0,2,1,0,2,0,2,1,8,1,0,0,5,13,1,5,2,1,2,5,55,0,2,0,5,0,0,7,5,0,16,4,2,8,4,4,1,1,1,12,20,0,12,0,0,0,0,1,7,5,1,7,0,4,2,0,0,6,0,2,0,4,0,1,0,0,0,2,0,3,1,0,8,2,0,0,8,1,0,0,4,5,0,63,0,10,0,4,9,4,3,1,1,69,0,5,1,0,1,1,4,5,0,0,0,0,0,1,1,0,8,1,0,1,7,1,1,6,0,12,1,1,1,0,1,18,0,0,0,0,0,2,2,0,0,1,0,1,0,0,0,0,0,1,0,0,0,0,0,0,0,0,0,1,1,1,0,0,0,1,0,0,0,0,2,1,0,2,2,0,0,0,1
3067542400042100135,17,0,0,1,0,0,0,0,0,1,0,0,0,0,0,1,1,0,0,0,0,0,0,0,1,0,0,9,0,0,0,0,0,0,0,0,0,2,1,0,2,1,0,0,0,0,1,1,0,0,0,0,0,0,0,0,0,0,0,0,0,0,0,0,0,0,0,0,0,0,0,0,0,0,0,0,0,0,0,3,0,0,0,1,0,0,0,0,0,0,2,0,1,0,0,0,0,0,0,0,15,0,0,0,0,0,0,0,0,0,0,0,0,0,0,0,0,3,0,0,1,0,0,0,0,0,0,0,0,0,0,0,5,0,0,0,0,0,0,0,0,0,0,0,0,0,0,0,0,0,0,0,0,0,0,0,0,0,0,0,0,0,0,0,0,0,0,0,0,0,0,0,0,0,0,0,0,0,0,0
3067542400042100138,25,4,0,3,0,9,0,0,1,0,0,0,1,0,1,0,0,0,2,4,2,1,1,1,1,0,2,20,3,1,0,4,3,0,0,0,0,0,1,0,5,11,1,0,1,0,7,35,0,6,0,0,0,1,0,4,6,0,0,0,1,1,0,0,0,1,0,0,1,4,0,2,0,0,5,0,0,0,0,1,1,8,0,2,1,12,0,0,2,1,11,0,1,0,1,5,0,0,1,2,26,0,2,0,0,0,0,0,0,0,0,0,0,1,1,1,1,5,36,0,0,0,1,1,9,1,0,0,6,0,1,0,0,0,0,0,0,0,0,0,2,0,0,0,0,0,0,0,0,1,0,1,0,0,0,0,0,0,0,0,0,0,0,0,0,0,0,0,0,0,0,0,0,0,0,0,0,0,0,0
3067542400042100139,95,0,27,1,6,2,0,0,0,0,0,1,2,1,0,0,0,0,1,4,2,3,7,3,0,0,2,17,0,0,0,4,1,0,6,1,0,15,1,1,6,0,0,5,3,5,3,25,0,3,0,0,0,1,1,1,4,0,1,0,3,4,0,0,12,0,1,0,2,0,2,0,2,0,0,1,7,0,0,1,10,8,0,4,0,0,0,2,12,0,50,0,8,1,14,12,12,2,2,1,19,0,16,1,0,10,1,2,0,0,1,0,0,0,0,0,2,3,3,0,2,7,0,0,12,0,3,1,0,5,1,0,2,0,0,0,0,0,0,0,2,0,0,1,0,0,2,0,0,0,0,0,0,0,1,0,1,0,0,0,0,1,0,1,0,0,1,0,0,0,0,1,0,0,0,0,0,0,0,0
3067542400042100141,176,0,13,1,9,1,3,0,0,1,0,0,3,0,0,0,1,0,0,0,4,1,5,2,1,1,2,6,0,0,1,2,1,0,10,1,0,7,0,0,8,2,2,4,3,2,4,48,0,0,1,0,1,0,1,0,3,0,1,0,10,2,0,0,21,3,0,0,0,0,1,3,0,1,1,0,7,0,10,1,15,9,0,4,0,0,1,2,9,3,44,0,6,0,12,5,25,1,4,1,11,0,25,3,1,29,3,4,1,2,0,0,1,2,0,0,5,7,9,0,2,5,0,7,17,0,5,2,0,3,0,1,0,1,0,0,0,1,0,1,1,0,0,1,0,0,0,0,1,1,0,0,0,1,0,0,0,0,1,0,0,0,0,2,0,0,0,0,0,0,0,0,0,2,0,0,0,0,0,0
3067542400042100145,99,17,8,15,0,1,1,0,1,10,0,1,0,9,31,0,0,0,4,3,0,1,6,5,1,0,22,14,15,1,0,0,3,0,3,9,0,4,45,1,5,129,2,0,2,6,34,29,0,59,1,0,3,1,0,14,7,0,11,1,0,9,1,0,10,2,0,1,1,0,2,20,0,1,6,0,2,1,0,2,1,3,0,4,0,1,0,2,5,0,57,0,1,0,4,7,0,3,1,5,46,4,4,2,0,1,0,1,0,0,0,0,0,2,3,1,0,8,21,2,0,1,3,1,22,3,7,1,19,0,2,0,2,1,0,0,0,0,0,0,1,0,0,0,0,0,0,0,0,0,0,0,0,0,2,1,0,3,0,0,1,0,0,2,0,0,0,1,0,0,0,1,0,0,0,0,0,0,0,0
3067542400042100147,65,1,0,1,0,0,1,0,1,0,0,0,0,0,0,0,0,2,0,2,2,1,1,0,0,5,1,2,0,0,5,0,1,0,3,0,0,0,1,6,14,0,1,1,0,8,2,2,0,0,0,0,0,0,0,0,1,0,2,0,2,0,0,0,1,0,0,0,4,0,0,0,0,0,1,0,2,0,0,0,0,0,0,1,0,1,0,0,1,0,7,0,0,0,2,4,0,0,0,0,1,0,0,0,0,1,0,1,0,0,0,0,0,2,0,0,0,0,2,0,0,1,5,4,0,0,0,1,0,1,0,0,0,0,0,0,0,0,0,0,1,0,0,0,0,0,0,0,0,0,0,0,0,0,0,0,0,0,0,0,0,0,0,1,0,0,0,0,0,0,0,0,0,0,0,1,1,1,0,0
3067542400042100148,117,0,0,2,0,1,3,0,0,3,0,1,1,0,0,1,0,0,0,3,1,2,0,0,0,4,0,3,1,0,2,1,1,0,4,0,0,1,2,4,13,0,0,0,1,10,4,4,0,1,0,0,0,1,0,0,5,0,6,0,1,0,0,0,5,1,0,0,0,0,0,0,0,0,2,0,0,1,1,0,1,0,0,16,0,0,0,2,0,1,7,0,0,0,6,4,8,0,0,0,1,0,0,1,0,1,0,3,0,0,2,0,1,2,2,0,0,0,2,0,2,7,4,10,1,0,4,1,0,4,0,0,0,0,0,0,0,0,0,0,0,0,0,0,0,0,0,1,0,0,0,0,0,0,0,0,1,0,0,0,0,0,0,0,0,0,0,0,0,1,0,0,0,0,0,0,0,0,0,0
3067542400042100154,107,1,0,2,0,0,1,0,0,2,0,0,0,0,0,1,0,1,0,0,0,4,0,0,0,6,0,3,0,0,1,1,0,0,2,0,0,3,0,17,11,1,1,0,0,9,2,0,0,0,0,0,0,1,0,1,5,0,13,0,1,0,0,0,1,5,0,0,0,0,1,0,0,0,4,0,0,0,0,0,20,0,0,29,0,0,0,0,1,0,4,0,7,0,0,9,35,0,0,0,1,0,1,0,0,0,0,0,0,0,1,1,0,0,0,0,0,2,0,0,0,8,0,0,3,0,11,0,1,0,0,0,0,0,1,0,0,0,0,0,1,0,0,0,0,0,0,0,0,0,0,0,0,0,0,0,0,0,0,1,0,1,0,1,0,0,0,0,0,0,0,0,0,0,0,0,0,0,0,0
3067542400042100155,132,0,17,5,2,0,0,0,0,0,1,2,3,1,1,6,2,0,1,11,25,3,8,0,6,3,1,74,6,1,3,8,3,0,18,2,2,17,1,1,4,5,2,2,2,5,7,23,0,1,1,0,0,0,1,2,3,2,2,0,5,0,1,0,11,0,2,1,11,1,0,1,0,1,1,0,13,0,1,9,20,10,1,20,0,1,0,0,33,2,76,0,3,1,17,20,1,0,0,3,131,0,19,2,2,2,5,1,0,1,0,0,1,3,2,1,3,6,7,0,0,3,0,2,27,1,9,11,2,3,0,7,15,0,1,0,0,1,2,0,1,0,0,0,0,0,0,0,0,0,0,1,0,0,0,1,1,1,0,1,1,0,0,2,0,0,0,1,0,0,0,0,0,1,0,1,1,1,1,1
3067542400042100156,126,0,0,2,0,0,6,0,0,0,0,0,0,0,0,1,0,0,0,1,2,1,1,1,0,4,0,2,0,1,1,2,0,0,1,0,0,1,2,8,9,1,1,0,0,13,4,3,0,0,1,0,0,0,0,1,2,0,13,0,2,0,0,0,3,13,0,0,0,0,1,0,0,0,4,0,1,2,0,0,3,0,0,24,0,0,0,1,0,0,22,0,0,0,4,11,23,0,0,1,4,1,0,0,0,1,0,0,0,0,3,0,1,1,1,0,0,5,2,0,2,2,0,0,4,0,14,0,0,0,0,0,1,0,1,0,0,0,0,0,0,0,0,0,0,0,0,0,0,0,0,0,0,0,1,0,0,0,0,1,0,0,0,0,0,0,1,0,0,0,1,0,0,0,0,1,0,0,0,0
3067542400042100157,128,0,0,3,1,1,1,0,0,0,0,0,2,1,0,1,0,0,2,0,2,0,1,1,0,2,0,9,0,0,0,3,0,0,7,0,0,0,3,11,11,1,1,2,0,9,3,8,1,0,2,0,0,1,0,2,3,0,11,0,2,0,0,0,2,8,0,0,0,1,0,0,0,0,3,0,8,0,1,0,4,3,0,22,0,0,0,0,4,0,38,0,1,0,4,19,11,0,1,1,6,1,7,0,0,1,0,1,0,0,1,0,1,4,1,0,1,1,2,0,2,1,0,2,2,1,10,0,0,2,0,0,0,0,0,0,0,0,1,0,0,0,0,0,0,0,0,0,0,0,1,0,0,0,0,0,0,1,0,0,0,0,0,0,0,0,0,0,0,0,0,0,0,0,0,0,0,0,0,0
3067542400042100165,53,1,5,5,0,0,0,1,1,0,1,1,0,0,0,21,2,0,1,9,23,1,1,4,6,0,1,127,1,0,1,1,2,1,8,3,1,5,0,0,0,2,2,1,1,2,15,17,0,0,1,0,1,1,1,0,0,0,0,0,3,0,0,0,3,0,1,0,7,0,1,2,1,1,0,0,15,0,0,10,1,6,0,19,0,0,0,0,18,0,54,1,0,0,24,30,4,0,1,8,128,1,10,2,2,2,2,0,0,1,8,1,2,2,0,0,0,4,9,1,6,0,0,1,7,0,11,7,4,1,0,6,0,0,1,0,0,0,3,0,0,0,0,0,0,0,1,1,0,1,0,0,0,0,0,0,1,0,0,0,1,1,0,2,0,0,1,0,0,0,0,1,0,1,1,0,1,0,2,0
3067542400042100167,90,0,0,3,0,0,3,0,0,1,0,1,0,0,1,0,0,0,0,2,0,1,1,0,0,6,0,1,0,1,0,0,0,0,2,0,1,1,1,7,6,0,1,0,0,1,1,2,0,0,0,0,1,0,0,1,0,0,4,1,0,0,0,0,4,14,0,0,1,0,0,0,0,1,1,2,0,0,0,0,4,1,0,22,0,0,0,0,0,0,17,0,4,0,1,13,8,0,1,1,0,0,0,1,1,0,0,0,0,0,1,0,2,0,0,0,0,1,2,0,1,1,0,2,1,0,20,0,0,0,0,2,0,0,0,0,0,0,0,0,0,0,0,0,0,0,0,0,0,0,0,0,0,0,0,0,0,0,0,0,0,0,0,1,0,0,0,0,0,0,0,0,0,0,0,0,0,0,0,0
3067542400042100169,74,0,0,0,0,0,1,0,1,8,0,0,0,0,0,0,0,0,0,0,2,0,1,0,0,6,0,3,0,0,0,0,0,0,0,0,0,0,1,9,6,2,0,0,0,6,3,1,0,2,0,0,0,0,0,3,2,0,5,1,3,0,0,0,6,15,0,0,0,0,1,1,0,0,1,0,1,1,0,0,5,0,0,22,1,0,0,0,0,1,18,0,5,0,2,7,5,0,0,3,1,1,0,0,0,0,0,0,0,0,0,0,0,0,0,0,0,4,4,0,0,2,0,3,3,0,14,1,1,1,0,0,0,0,0,0,0,0,0,0,0,0,0,0,0,0,0,0,0,0,1,0,0,0,0,0,0,1,0,0,0,0,0,0,0,0,0,0,0,0,0,0,1,0,0,0,0,0,0,0
3067542400042100170,185,17,3,32,1,2,0,0,14,1,0,0,0,0,18,14,0,3,0,8,19,2,5,1,10,2,1,76,3,9,1,2,6,4,3,4,1,14,3,1,5,3,5,2,1,5,22,32,1,1,1,0,0,5,1,3,3,1,1,2,2,0,1,0,8,3,2,1,3,9,2,5,0,0,26,0,2,0,0,15,2,10,1,21,0,3,0,12,4,2,79,0,2,0,10,17,1,0,0,0,118,2,15,1,4,3,0,0,0,0,4,1,44,0,2,1,1,10,73,0,11,0,0,16,18,1,0,2,6,2,20,6,2,0,1,1,0,0,1,1,1,0,0,0,0,0,1,1,0,0,1,0,0,1,0,1,0,1,0,0,0,0,0,1,0,0,0,0,0,0,1,1,0,0,0,1,0,0,1,0
3067542400042100171,31,4,0,4,0,1,0,0,0,2,0,0,1,0,1,10,0,1,0,6,17,0,1,0,3,1,0,75,0,1,0,2,3,0,1,7,0,2,0,0,1,0,2,0,0,1,8,7,0,1,0,0,0,0,0,0,0,1,0,0,0,0,0,0,0,0,0,1,4,0,0,0,0,1,3,0,2,0,0,16,2,3,0,7,0,0,1,0,4,0,48,0,2,0,10,13,1,0,0,4,56,0,2,0,1,0,0,1,0,0,3,0,3,1,0,0,0,7,3,0,3,0,1,1,10,0,3,3,1,0,2,2,2,0,0,1,0,0,0,0,0,0,0,0,0,0,0,0,1,1,0,0,0,1,0,0,0,0,0,0,0,0,0,0,1,1,0,0,0,0,0,0,0,1,0,0,0,0,0,0
3067542400042100174,183,0,0,1,0,0,0,1,0,19,0,0,0,0,0,3,0,1,0,2,1,4,3,2,0,8,0,21,0,0,5,0,0,0,6,0,0,0,1,10,13,0,0,2,0,10,4,8,0,1,2,0,0,0,0,4,2,0,3,0,1,1,0,0,9,10,0,0,1,2,0,0,0,0,3,0,5,1,1,0,1,6,0,24,0,0,1,1,4,0,72,0,8,0,1,6,16,0,0,3,25,1,9,0,2,1,1,1,0,1,1,0,1,2,0,0,0,3,5,0,1,10,0,2,9,0,6,1,0,3,1,1,0,0,1,0,0,1,0,1,1,0,0,0,0,0,0,1,0,0,0,0,0,0,0,0,0,1,0,0,0,0,0,0,0,0,0,0,0,0,0,0,0,2,0,0,0,0,0,0
3067542400042200114,6,0,0,0,0,0,0,0,0,0,0,0,0,0,0,0,0,0,0,4,0,0,0,0,0,0,1,25,0,0,0,0,1,0,1,0,0,1,0,0,0,0,0,0,1,1,0,0,0,0,0,0,0,0,0,0,0,0,1,1,0,0,0,0,1,0,0,0,0,1,0,0,0,0,0,0,0,0,0,0,0,0,0,0,0,0,0,0,0,1,0,0,0,0,0,0,0,0,0,0,24,0,0,0,0,0,0,0,0,0,0,0,0,0,0,0,0,3,0,0,0,0,0,0,0,0,0,0,1,0,0,0,0,0,0,0,0,0,0,0,0,0,0,0,0,0,0,0,0,0,0,0,0,1,0,0,0,0,0,0,1,0,0,0,0,0,0,0,0,0,0,0,0,0,0,0,1,0,0,0
3067542400042200123,45,17,0,0,0,1,2,0,0,0,1,0,0,9,4,1,1,0,1,3,1,0,1,12,5,2,0,27,3,0,1,3,1,0,3,5,0,0,16,1,2,22,1,2,1,0,6,8,0,14,0,0,8,0,0,14,0,0,1,0,0,0,0,0,4,2,0,0,1,5,5,0,0,0,0,0,4,0,0,0,0,3,0,2,0,1,0,1,2,7,52,0,0,0,1,0,2,2,0,0,54,0,2,1,0,1,0,7,0,0,0,0,0,1,0,0,0,9,42,0,0,1,0,2,2,3,2,1,2,0,0,0,1,0,0,0,0,0,0,0,0,0,0,0,0,0,0,0,0,1,2,0,0,0,0,0,0,0,0,0,1,0,0,0,0,0,0,0,0,0,0,0,0,0,0,0,0,0,0,0
3067542400042200124,22,4,0,1,0,0,1,1,0,0,0,0,0,10,3,0,0,0,0,2,1,0,1,2,1,2,0,13,1,0,0,1,0,0,1,2,0,0,11,0,1,25,1,0,0,0,12,0,0,6,0,0,1,0,0,6,0,0,2,0,0,1,0,0,1,0,0,0,0,0,0,0,0,0,0,0,0,0,0,0,1,0,0,4,0,0,0,1,0,2,8,0,0,0,0,0,0,0,0,0,15,0,0,0,0,0,0,2,0,0,0,0,0,0,0,0,0,2,1,0,2,0,0,0,4,0,0,0,3,0,0,0,3,0,0,0,0,0,0,0,1,0,0,0,0,0,0,0,0,0,0,0,0,0,0,0,0,1,0,0,0,0,0,1,0,0,0,0,0,0,0,0,0,0,0,0,0,0,0,0
3067542400042200126,33,11,1,1,1,0,3,1,0,1,0,0,0,8,8,3,0,0,1,9,1,0,8,3,2,0,0,51,0,0,0,1,2,0,4,1,0,9,17,2,6,32,1,0,0,1,4,4,0,9,0,0,9,0,0,13,1,0,1,0,0,1,0,0,1,1,0,0,2,0,3,0,0,0,2,0,5,0,0,2,0,1,0,4,0,1,0,0,0,3,20,0,1,0,1,0,0,0,0,0,42,0,2,0,0,0,0,2,0,0,0,0,0,0,0,0,0,10,6,0,0,3,0,2,7,2,0,1,3,0,0,0,2,0,1,0,1,0,0,0,1,0,0,0,0,0,1,0,0,1,0,0,0,1,0,0,0,0,0,0,0,0,0,0,0,0,0,1,0,0,1,0,0,0,0,0,0,0,0,0
3067542400042200127,31,1,0,0,2,1,0,0,0,2,0,0,0,9,0,1,0,0,0,4,4,1,0,4,2,0,2,33,1,0,0,2,0,0,4,4,0,5,8,1,4,11,1,2,2,0,6,1,0,10,0,0,0,0,0,9,0,0,0,1,0,0,0,0,2,3,0,0,0,0,0,0,0,0,1,0,1,0,0,1,0,0,0,2,1,0,0,0,1,1,23,0,0,0,6,1,0,2,0,1,21,0,1,0,0,0,0,2,2,1,0,0,1,1,1,1,0,3,2,0,0,0,0,1,11,0,6,0,1,0,0,0,2,0,0,0,0,0,1,0,0,0,0,0,0,0,0,0,0,0,1,0,0,0,1,0,0,0,1,0,1,0,0,0,0,0,0,0,0,0,0,0,0,0,0,0,1,0,0,0
3067542400042200139,32,0,0,1,0,0,0,0,0,1,0,0,0,0,1,4,1,1,0,12,12,2,0,4,5,1,2,122,0,1,0,0,2,0,3,0,0,4,1,0,0,1,3,0,0,0,1,0,0,0,0,0,0,0,0,0,3,1,0,0,0,0,0,0,0,0,1,0,2,0,0,2,0,0,0,0,1,0,0,1,0,0,0,3,0,1,0,2,2,0,6,0,2,0,0,4,0,0,0,0,109,0,0,0,0,0,0,0,0,0,0,0,0,1,1,0,0,4,0,0,0,0,0,0,0,1,0,0,3,0,0,2,1,0,0,0,0,0,0,0,1,0,0,0,1,0,1,0,0,0,0,0,0,0,0,1,0,0,0,0,2,0,0,0,0,0,0,0,0,0,0,0,0,0,0,0,0,0,0,0
3067542400042200143,86,0,1,0,0,1,0,1,0,1,0,0,0,1,0,5,1,1,1,6,20,0,2,1,2,2,0,78,1,0,1,9,1,0,5,0,0,6,0,2,11,0,1,0,0,1,4,3,0,0,0,0,0,0,0,0,1,0,1,0,0,0,1,0,5,0,0,0,7,0,1,3,0,0,2,0,6,0,0,3,1,1,0,3,0,0,0,1,3,0,6,0,5,0,0,0,0,0,0,1,84,0,0,0,1,1,0,1,1,0,0,0,1,0,0,0,1,9,1,0,2,5,0,0,5,0,0,1,1,0,1,1,14,1,0,0,0,0,1,1,0,0,1,0,1,0,2,0,0,1,2,0,0,0,0,1,1,0,0,0,1,0,0,1,1,0,0,0,0,0,0,0,0,0,0,0,0,0,0,0
3067542400042200144,78,0,2,1,0,0,2,0,0,2,0,0,1,0,1,4,0,0,0,6,11,0,4,1,2,1,3,59,1,0,1,2,0,0,5,1,0,4,0,1,6,2,0,0,0,7,3,4,0,0,0,0,0,1,0,0,0,0,0,2,0,0,1,0,0,0,1,0,0,1,0,1,0,0,0,0,0,0,0,3,1,0,0,4,0,0,0,1,1,0,9,0,1,0,0,0,1,0,0,0,52,0,0,0,0,3,0,2,0,0,0,0,0,1,0,1,1,3,4,0,1,2,0,4,2,0,1,1,1,2,0,0,9,0,0,0,0,0,3,0,0,0,0,0,0,0,1,1,0,1,0,0,0,1,0,1,1,0,0,0,0,0,0,0,0,1,0,0,0,0,0,1,1,1,1,0,0,0,0,1
3067542400042200145,63,17,2,2,1,2,1,0,0,2,2,0,0,5,24,1,0,1,9,1,1,3,2,2,1,2,13,3,23,1,1,4,0,0,1,6,0,3,43,0,1,133,5,0,2,1,32,11,3,41,1,0,2,0,0,25,4,0,4,1,0,7,0,0,3,0,0,0,1,1,5,15,0,1,1,1,0,0,0,0,0,3,0,4,0,2,1,1,3,6,37,0,0,1,3,0,0,1,0,2,14,1,1,1,0,0,0,2,0,0,0,0,0,0,3,1,0,5,4,4,0,0,1,1,13,0,1,3,32,2,0,1,1,0,0,0,0,1,1,0,2,0,0,0,0,0,2,1,0,1,1,0,1,0,1,0,0,1,0,0,0,1,0,0,1,0,0,1,0,0,0,0,0,0,0,0,1,0,0,0
3067542400042200146,65,0,0,0,0,0,2,0,0,2,2,0,0,0,0,0,0,0,0,0,0,0,0,0,0,0,0,0,1,0,0,6,0,0,3,0,0,3,0,6,8,0,0,1,0,6,0,7,0,1,1,0,0,0,2,2,2,0,0,0,1,0,1,1,5,2,0,0,0,0,1,0,0,0,0,0,2,0,0,1,0,0,2,0,0,0,0,1,0,1,2,0,1,0,3,2,0,0,0,0,6,0,1,1,0,0,0,8,1,0,0,0,0,1,1,0,0,0,1,0,2,8,2,3,1,0,0,0,0,0,0,0,0,0,0,0,0,0,0,0,0,0,0,1,0,0,0,1,0,1,0,0,0,0,0,0,0,0,0,0,0,0,0,0,0,0,0,0,0,0,0,0,0,0,0,0,0,0,0,0
3067542400042200158,83,0,0,2,0,0,4,0,0,2,0,1,0,0,0,0,0,0,1,0,0,1,1,0,0,0,0,3,0,0,3,3,0,0,2,1,1,1,0,6,5,0,0,0,0,7,4,4,0,0,1,0,0,0,3,0,3,0,4,0,0,0,0,0,3,1,1,0,0,1,2,1,0,0,1,1,2,0,0,0,0,0,0,6,0,0,0,3,1,1,8,0,1,0,0,5,5,0,0,0,3,0,1,0,0,0,0,9,2,0,0,1,1,3,1,0,0,0,2,0,0,7,0,2,2,0,3,2,0,4,1,0,0,0,0,0,0,0,0,0,0,0,0,0,0,0,0,1,1,0,0,0,0,0,0,0,0,0,0,0,0,0,0,0,0,0,0,0,0,0,0,0,1,0,0,0,0,0,0,0
3067542400042200159,87,6,5,4,0,1,2,0,1,0,1,1,0,3,3,6,1,0,4,1,5,0,1,1,1,0,8,61,4,2,0,3,0,1,5,2,0,10,15,3,3,41,5,0,0,0,13,8,0,16,0,0,0,0,0,9,3,0,1,1,0,2,0,0,7,1,0,0,2,0,0,1,1,0,5,0,7,0,0,6,4,2,0,14,0,0,0,1,8,3,38,0,1,0,10,10,0,0,0,2,103,3,4,3,0,1,0,3,0,0,3,1,2,2,3,0,0,5,7,1,2,0,2,2,17,0,3,6,6,5,0,5,3,0,0,0,0,0,0,0,1,0,0,1,0,0,1,1,0,2,0,0,0,0,0,0,0,3,0,0,3,0,0,0,0,0,0,1,0,0,0,0,1,1,1,0,0,0,2,1
3067542400042200161,186,0,34,2,15,0,0,1,0,3,0,0,7,1,3,1,0,0,0,1,2,7,2,2,0,3,4,23,0,1,1,3,0,1,25,0,2,4,1,4,12,1,1,3,3,7,12,50,1,2,1,0,0,2,1,3,5,1,4,0,12,1,0,0,12,1,3,0,0,0,0,0,2,2,2,0,8,1,4,3,14,21,1,11,0,0,0,3,13,2,39,0,4,0,13,8,9,1,2,2,29,0,26,9,3,22,3,8,0,0,0,0,1,5,1,0,3,3,6,0,0,2,1,2,17,1,14,3,1,13,3,2,2,0,1,0,0,0,1,0,1,0,0,0,0,0,0,1,1,0,0,1,0,0,1,0,1,0,0,1,1,0,1,0,0,0,1,0,0,0,0,1,0,0,0,0,0,1,0,0
3067542400042200163,68,12,2,11,0,2,0,0,1,3,0,0,1,1,5,3,0,1,1,0,2,0,1,1,0,2,8,15,1,2,0,0,0,0,0,2,0,2,6,0,2,8,1,0,0,1,8,14,0,2,0,0,0,3,0,5,5,1,2,0,2,0,2,0,2,1,0,0,2,3,3,1,0,1,13,1,0,0,0,3,0,2,0,7,0,1,0,1,7,0,15,0,1,0,2,3,2,0,0,2,16,2,4,1,0,1,1,1,0,0,1,1,8,1,0,0,1,3,13,0,1,0,1,5,5,0,1,2,2,4,3,1,5,0,0,0,0,0,0,0,0,0,0,0,0,0,2,0,0,0,1,0,0,1,0,1,0,2,0,0,1,0,0,2,0,0,0,0,0,0,0,0,0,0,0,0,0,0,0,0
3067542400042200169,132,4,15,33,5,4,0,0,0,1,2,2,2,1,9,13,0,0,1,14,38,1,0,3,7,1,1,70,3,5,4,4,1,1,3,2,0,13,2,0,2,3,6,0,0,1,11,40,1,2,0,0,1,1,0,1,5,0,2,1,3,0,0,1,4,0,0,1,9,2,2,1,2,1,54,0,7,0,1,18,2,6,1,21,0,0,0,5,15,0,73,1,2,1,9,16,1,0,0,2,97,1,6,0,2,2,1,0,0,0,3,0,5,1,2,0,0,15,29,0,9,2,0,12,13,0,1,5,2,5,3,10,7,0,0,0,0,0,3,0,0,0,0,0,1,0,0,0,0,1,2,0,0,0,0,0,0,1,0,0,0,0,0,1,1,0,0,0,0,0,0,0,0,1,0,0,1,0,0,1
3067542400042200172,96,0,2,0,5,0,1,0,0,4,0,2,2,0,0,1,0,1,0,5,4,11,5,0,0,5,1,21,0,0,3,0,0,0,17,1,0,1,0,5,3,1,1,0,4,6,5,11,0,1,3,0,0,0,0,1,1,0,2,0,0,0,0,1,12,2,1,0,0,0,0,1,1,1,1,0,5,1,2,1,5,8,0,10,1,0,0,3,0,1,67,0,2,1,1,4,2,1,1,5,17,0,8,0,1,3,0,0,0,0,1,0,0,5,1,0,6,1,0,0,2,1,1,5,5,0,10,4,4,4,0,0,1,0,0,0,0,0,0,0,1,0,0,0,0,0,0,0,0,0,1,0,0,0,0,0,0,1,0,0,0,0,0,0,0,0,0,0,0,0,0,0,0,0,0,0,0,0,0,0
3067542400042200173,81,0,0,1,0,0,2,0,0,1,1,0,0,0,0,0,0,0,0,0,2,1,1,0,0,6,0,2,0,0,2,1,0,0,1,0,0,1,1,16,13,1,1,0,0,5,5,1,0,0,0,0,1,0,0,1,1,0,7,0,0,0,0,0,0,6,0,0,0,0,0,0,0,0,2,0,4,1,0,0,2,0,0,28,0,0,1,1,1,0,13,0,0,0,1,31,12,0,0,1,1,0,0,1,0,0,0,0,0,0,0,0,0,4,0,0,0,1,1,0,2,1,0,1,1,0,7,0,0,0,1,0,0,0,0,0,0,0,0,1,0,0,0,0,0,0,0,0,0,0,0,0,0,0,0,0,0,0,0,0,0,0,2,0,0,0,0,0,0,0,0,0,0,0,0,0,0,0,0,0
3067542400042200178,29,0,0,0,1,0,0,0,0,1,0,1,0,0,1,2,0,0,0,0,0,0,0,1,0,6,0,2,0,0,1,0,0,0,0,0,0,0,0,3,1,0,0,1,0,2,0,0,0,0,0,0,0,0,0,1,1,1,7,0,0,0,0,0,4,3,0,0,0,0,0,0,0,0,0,0,0,0,0,0,1,2,0,7,0,0,0,0,0,0,7,0,2,0,0,7,9,0,0,0,0,0,0,0,0,0,0,0,0,0,0,0,0,0,0,0,0,0,2,0,1,2,0,0,2,0,3,0,0,0,0,0,0,0,0,0,0,0,0,0,0,0,0,0,0,0,0,0,0,0,0,0,0,0,0,0,0,1,0,0,0,0,0,0,0,0,0,0,0,0,0,0,0,0,0,0,0,0,1,0
3067542400042200186,69,0,0,0,0,1,0,0,0,8,1,0,1,0,0,2,1,0,0,0,0,5,1,0,0,6,0,9,0,0,3,2,0,0,3,0,0,0,1,7,5,0,0,1,0,2,2,2,0,0,0,0,0,1,2,6,2,0,1,0,0,0,0,0,11,2,1,0,0,0,1,0,0,0,1,2,5,0,0,0,1,0,0,8,0,0,0,0,0,0,26,0,3,0,2,5,1,0,1,1,9,0,2,0,5,0,1,0,0,0,1,0,0,0,1,0,0,2,1,0,1,2,0,1,11,0,1,1,0,2,0,0,0,0,0,0,0,0,0,0,0,0,0,0,0,0,0,0,0,0,1,0,0,0,0,0,0,1,0,0,0,0,0,2,0,0,0,0,0,0,0,0,1,0,0,0,0,0,0,0
3067542400042300126,11,1,5,0,0,0,0,0,0,0,0,0,0,0,0,0,0,0,0,0,0,0,2,0,0,0,0,0,0,0,1,1,0,0,1,0,0,4,0,0,1,1,2,0,0,1,1,7,0,3,0,0,0,0,0,1,0,0,0,0,1,3,0,0,1,0,0,0,0,0,0,0,0,0,0,0,0,0,0,0,0,0,0,1,0,0,0,0,1,1,17,0,2,0,1,0,0,0,0,0,3,1,1,0,0,2,0,1,0,0,0,0,0,0,0,0,0,0,1,0,0,0,1,0,2,0,2,0,0,2,0,0,0,0,0,0,0,0,0,0,0,0,0,0,0,0,0,0,0,0,0,0,0,0,0,1,0,0,0,0,0,0,0,0,0,0,0,0,0,0,0,0,0,0,0,0,0,0,0,0
3067542400043100010,8,0,0,1,0,0,0,0,0,0,0,1,0,0,0,2,0,0,0,0,1,0,0,0,0,0,0,17,0,0,0,0,0,0,1,0,0,0,0,1,1,0,0,0,0,0,0,1,0,0,0,0,0,0,0,0,0,0,0,0,0,0,0,0,0,0,0,0,0,0,0,0,0,0,0,0,0,0,0,2,0,0,0,0,0,0,0,0,0,0,3,0,0,0,0,0,0,0,0,0,17,0,0,0,0,0,0,0,0,0,0,0,0,0,1,0,0,2,0,0,0,0,0,1,0,0,0,0,0,0,0,0,0,0,0,0,0,0,0,0,0,0,0,0,0,0,0,0,0,0,0,0,0,0,0,0,0,0,0,0,0,0,0,0,0,0,0,0,0,0,0,0,0,0,0,0,0,0,0,0
3067542400043100011,72,0,0,2,0,0,2,0,0,0,2,1,0,0,0,1,0,0,0,0,2,0,0,0,0,0,0,2,0,0,1,2,0,0,0,0,0,2,1,3,10,0,1,0,0,12,1,0,0,0,0,0,0,0,2,1,2,0,1,0,0,0,0,0,0,0,0,0,1,0,1,0,0,0,0,0,0,0,1,0,1,1,0,0,0,0,0,0,0,0,4,0,0,0,1,0,1,1,0,0,6,0,1,0,0,0,0,1,0,1,0,0,0,0,0,0,0,0,0,0,0,0,3,2,1,0,1,0,0,0,0,0,0,0,0,0,0,0,0,0,0,0,0,0,0,0,0,0,0,0,0,0,0,0,0,0,0,0,0,0,0,0,0,0,0,0,1,0,0,0,0,0,0,1,0,0,0,0,0,0
3067542400043100018,96,0,0,1,0,0,0,0,0,1,0,0,0,0,1,0,0,0,0,1,0,15,1,0,0,7,0,0,0,0,0,1,0,0,0,1,0,8,1,26,3,2,0,0,0,15,1,0,0,0,0,0,0,0,0,2,1,0,12,1,1,0,0,0,1,0,0,0,0,1,1,0,0,0,0,0,1,0,0,0,2,0,0,8,1,0,0,0,0,0,12,0,12,0,1,16,24,1,1,2,0,0,1,0,0,0,0,0,0,0,0,0,1,0,1,1,0,2,1,0,1,6,0,0,3,0,12,1,0,0,0,0,0,0,0,0,0,0,0,0,0,0,0,0,0,0,0,0,0,0,1,0,0,0,0,0,0,0,0,0,0,0,0,0,0,0,0,0,0,0,0,0,0,0,0,0,0,0,0,0
3067542400043100023,119,0,1,0,2,1,2,0,0,0,0,0,0,0,0,0,0,0,0,0,0,18,1,1,0,6,0,3,0,0,5,3,0,0,2,0,0,11,0,33,10,0,0,0,0,20,1,1,0,0,0,0,1,0,1,1,2,1,18,0,5,1,0,0,2,1,0,0,0,0,0,0,0,0,2,0,0,1,0,1,7,0,0,18,0,0,0,0,1,0,12,0,12,0,1,16,35,0,0,1,0,0,0,0,0,0,2,0,0,0,3,0,0,0,0,0,0,3,0,0,2,1,0,0,2,0,13,0,0,0,0,0,0,0,1,0,0,0,0,0,0,0,0,1,0,0,0,0,0,0,0,0,0,0,0,0,0,0,1,0,0,0,0,0,0,0,0,0,1,0,0,0,0,0,0,2,0,0,0,0
3067542400043100029,105,0,0,0,0,1,1,0,0,1,0,1,1,0,0,0,0,2,0,0,0,9,0,2,0,6,0,1,0,0,0,1,0,0,0,0,0,7,0,16,7,0,0,0,0,13,5,1,0,0,0,0,0,1,0,0,2,0,12,0,10,0,0,0,1,3,0,1,0,1,0,1,0,0,1,0,2,0,0,1,2,0,0,23,0,0,0,0,0,0,11,1,8,0,1,18,34,0,0,0,0,0,1,0,0,0,0,0,0,0,3,0,1,0,0,0,0,2,2,0,0,3,0,0,2,0,10,1,0,0,0,1,0,0,0,0,0,0,0,0,0,0,0,0,0,0,0,0,0,0,0,0,1,0,0,0,0,0,0,0,0,0,0,0,0,0,0,0,0,0,0,0,0,0,0,0,0,0,0,0
3067542400043100030,140,0,0,0,0,0,2,0,0,1,0,0,2,0,0,0,0,1,0,0,1,11,1,0,1,9,0,1,0,0,4,6,0,0,1,0,0,13,0,23,11,1,0,1,0,7,4,1,0,2,0,0,0,0,0,0,3,1,21,0,7,0,0,0,1,1,0,0,0,0,1,0,0,0,1,0,0,1,1,0,1,0,0,18,1,0,0,0,0,0,18,0,9,0,2,24,28,0,2,1,2,0,0,0,0,1,0,1,0,0,4,1,2,0,0,0,0,3,2,0,3,6,0,1,1,0,13,0,0,0,0,0,0,0,0,0,0,0,0,0,1,0,0,0,0,0,2,0,0,1,0,0,0,1,0,0,0,1,0,0,1,0,0,0,0,0,0,0,1,0,1,0,1,0,0,0,0,0,0,0
3067542400043100031,231,0,0,8,0,0,3,0,0,0,1,0,0,0,1,4,2,1,0,3,3,29,3,7,0,24,0,3,1,0,1,1,0,0,2,1,0,17,1,58,10,0,0,2,4,26,2,0,0,0,1,0,3,0,0,6,4,1,41,0,2,0,1,0,20,0,0,0,1,0,2,1,0,1,0,0,2,0,0,1,18,0,0,19,0,0,0,3,0,0,73,1,11,0,5,24,40,1,1,1,19,0,1,1,1,0,7,1,1,1,3,0,3,2,3,1,1,4,6,0,0,5,1,2,18,0,11,0,0,0,0,0,2,0,0,0,0,0,0,0,1,0,0,1,0,0,0,0,1,1,0,0,0,0,1,2,0,1,0,0,1,0,1,0,0,0,0,0,0,0,0,0,0,0,0,1,0,0,0,1
3067542400043100033,37,0,0,0,0,0,1,0,0,3,0,0,0,0,0,0,0,0,0,1,0,1,0,1,0,0,0,1,2,0,1,0,0,0,0,0,0,4,0,7,1,0,1,0,0,4,1,2,0,0,0,0,0,0,0,1,2,1,2,0,2,0,0,0,2,2,0,0,1,0,0,0,0,0,1,0,0,0,0,0,1,0,0,8,0,0,1,0,0,0,6,0,1,0,1,10,15,0,0,0,0,0,0,0,0,1,0,0,0,0,2,0,0,1,0,0,0,1,2,0,1,1,0,2,1,0,4,0,0,0,0,0,0,0,0,0,0,0,0,0,1,0,0,0,0,0,0,0,0,0,0,0,0,0,0,0,0,0,0,1,0,0,0,0,0,0,0,0,0,0,0,0,0,0,0,0,0,0,1,0
3067542400043100040,81,0,0,0,0,0,0,0,0,0,1,1,0,0,1,0,0,0,0,0,1,5,0,0,0,6,0,0,0,0,3,2,0,0,1,0,0,4,0,19,2,1,0,1,0,10,2,1,0,2,0,0,0,2,1,1,2,0,10,0,3,0,0,0,0,1,0,0,0,0,1,0,0,0,0,0,0,0,0,0,0,0,1,13,0,0,0,0,1,0,16,0,5,0,1,18,17,0,0,1,2,0,0,0,0,0,0,0,0,0,1,0,0,0,0,0,0,6,0,0,0,2,0,0,0,2,4,0,1,1,1,0,0,0,0,0,0,0,0,0,0,0,0,0,0,0,0,0,0,0,0,0,0,0,0,0,0,0,1,1,0,0,0,3,0,0,0,0,0,0,0,0,0,0,0,0,0,0,0,0
3067542400043100041,260,0,0,4,0,1,3,0,0,2,0,1,0,1,1,1,1,1,0,0,0,32,3,1,0,10,0,1,0,0,7,3,2,0,1,1,0,10,1,63,4,0,0,0,0,26,7,4,0,0,0,0,0,0,0,0,3,0,44,0,5,0,0,1,12,1,0,0,0,0,0,4,0,0,2,2,1,0,2,0,0,0,1,29,1,0,0,0,1,0,37,0,13,0,1,23,63,1,2,1,2,0,0,0,1,0,0,0,0,1,4,1,6,1,2,0,0,4,0,0,0,6,0,3,3,0,19,2,0,0,0,0,0,0,1,0,0,0,0,0,1,0,0,0,0,0,0,0,1,0,1,0,0,1,0,0,0,0,0,0,0,0,0,0,1,0,0,1,0,0,0,0,0,1,0,0,0,0,0,1
3067542400043100042,155,0,0,3,0,1,5,0,0,0,0,1,0,0,1,0,0,0,0,0,1,0,1,1,0,9,0,1,1,0,2,4,1,0,0,0,0,3,0,18,13,0,0,0,1,8,3,0,0,0,0,0,0,0,0,2,3,2,19,0,0,1,0,0,5,11,0,0,0,0,1,1,0,0,2,2,1,1,0,0,10,0,0,42,0,0,2,0,0,0,18,0,7,0,2,27,20,0,0,1,2,0,0,1,0,1,0,1,0,0,2,0,0,0,1,0,0,1,1,0,2,3,1,1,3,0,9,0,1,0,0,0,0,0,0,0,0,0,0,1,0,0,0,0,0,0,1,0,0,0,0,0,0,0,1,0,0,0,0,0,0,1,0,0,0,0,0,0,0,0,0,0,0,0,0,0,1,0,0,0
3067542400043100046,78,0,0,1,1,0,2,0,0,0,1,0,0,0,0,0,0,0,0,0,0,1,0,0,0,2,0,3,0,0,0,0,0,0,0,0,0,1,0,6,6,0,0,0,0,10,1,1,0,1,0,0,0,0,0,1,2,0,4,0,0,0,0,0,3,1,0,0,0,0,0,0,0,0,1,0,0,0,1,0,4,0,0,14,0,0,0,0,0,0,7,0,3,0,0,8,10,0,0,0,2,0,0,0,0,0,1,0,0,1,2,1,0,0,1,0,0,2,1,0,0,1,0,1,2,0,10,0,0,0,0,0,0,0,0,0,0,0,0,0,1,0,0,0,0,0,0,0,0,0,0,0,0,0,0,0,0,0,0,1,0,0,0,0,0,0,0,0,0,0,0,2,0,0,0,0,0,0,1,0
3067542400043100047,28,0,0,0,0,0,0,0,0,0,0,0,0,0,0,0,1,0,0,0,0,0,0,0,0,1,0,1,0,0,0,0,0,0,0,0,0,1,0,4,1,0,0,0,0,5,1,1,0,0,0,0,0,0,0,1,0,0,5,0,0,0,0,0,0,4,0,0,0,0,0,0,0,0,1,1,0,0,0,1,0,0,0,3,0,0,0,0,0,0,1,0,1,0,1,0,4,0,0,0,0,0,1,0,0,1,0,0,0,0,0,0,0,0,0,0,0,1,2,0,0,0,0,0,0,0,6,0,1,0,0,0,0,0,0,0,0,0,0,0,1,0,0,0,0,0,0,0,0,0,0,0,0,0,0,0,0,0,0,0,0,0,0,0,0,0,0,0,0,0,0,0,0,0,0,0,0,0,0,0
3067542400043100052,182,1,0,1,0,0,1,2,0,1,1,1,0,0,0,0,0,4,1,0,0,15,0,1,0,13,0,4,0,0,2,3,0,1,7,0,0,13,0,44,2,0,0,0,0,25,6,2,0,0,0,0,0,0,0,1,1,2,51,0,3,0,0,0,12,1,0,1,0,1,1,0,0,0,0,2,0,1,1,0,1,0,0,28,0,0,0,3,0,1,18,0,6,0,2,45,37,0,0,3,0,0,0,0,1,0,0,0,0,2,6,0,3,1,2,0,0,1,1,0,1,4,0,4,4,0,27,0,0,0,0,0,0,0,0,0,0,0,0,1,0,0,0,1,1,0,1,0,0,1,0,0,0,0,0,1,0,0,0,0,0,0,0,0,0,0,0,0,0,0,1,0,0,0,0,0,0,0,0,1
3067542400043100054,61,0,0,0,0,0,1,0,0,0,1,0,0,0,0,0,0,1,0,0,0,1,0,1,0,1,0,0,0,1,0,1,0,0,0,0,0,1,0,4,3,0,0,1,0,1,0,0,0,0,0,0,0,0,0,1,1,0,6,1,0,0,0,0,7,3,0,0,0,0,3,0,0,0,1,0,1,0,0,0,3,1,0,19,0,0,0,0,0,0,11,0,2,0,2,7,12,0,0,0,0,0,0,0,0,0,0,0,0,0,0,0,0,0,0,0,0,1,2,0,0,0,0,0,2,0,2,0,1,0,0,0,0,0,0,0,0,0,0,0,0,0,0,1,0,0,0,0,0,0,0,0,0,0,0,0,1,0,0,0,0,0,0,0,0,0,1,0,0,0,0,0,1,0,0,0,0,0,0,0
3067542400043100055,100,0,0,0,0,0,1,0,0,0,0,0,0,0,2,1,0,0,0,7,4,7,1,1,0,2,0,6,1,0,1,1,0,0,4,0,0,7,0,7,1,0,0,1,0,5,6,4,0,0,0,0,0,0,0,0,1,1,3,0,1,0,0,0,9,2,0,0,1,0,1,2,0,0,0,0,1,0,0,3,0,0,0,4,0,0,0,2,0,1,14,0,1,0,2,6,7,0,0,0,19,0,0,0,0,0,0,10,0,0,0,0,0,2,0,0,0,2,3,0,0,5,0,1,9,1,3,0,0,2,0,0,1,0,0,1,0,0,0,0,0,0,0,0,0,0,0,0,0,0,2,0,0,0,0,1,0,0,0,0,0,0,0,0,0,0,0,0,0,0,0,0,0,0,0,0,0,0,0,0
3067542400043200107,101,0,0,2,0,1,1,0,0,4,0,0,0,0,0,16,1,1,0,13,17,0,1,1,4,3,1,122,0,0,0,1,2,0,3,0,0,6,1,3,4,1,0,0,0,4,12,6,0,0,1,0,0,0,1,1,2,1,0,1,0,0,0,0,3,1,0,0,8,0,1,1,0,0,1,0,8,0,0,2,1,0,0,1,0,0,1,0,0,2,17,0,0,0,3,3,4,1,0,0,116,2,1,0,1,0,0,4,1,0,0,0,0,0,0,0,2,3,3,0,7,1,0,1,3,0,2,3,0,2,0,0,5,0,0,0,0,0,2,0,0,0,0,0,0,0,0,1,1,0,0,0,0,0,0,0,1,0,1,0,2,0,0,0,0,0,0,0,0,0,0,0,0,0,1,2,0,0,0,0
3067542400043200110,39,0,0,0,0,0,0,0,0,0,0,0,0,0,1,3,0,1,1,1,3,0,0,1,1,2,3,46,0,0,0,1,1,0,2,0,0,3,0,0,2,0,0,0,0,1,3,0,0,0,0,0,0,0,0,0,0,0,1,0,0,0,1,0,4,0,0,0,0,0,1,1,0,0,0,0,0,0,0,3,0,0,1,1,0,0,0,1,0,0,3,0,0,1,0,0,0,1,1,0,65,0,2,0,3,0,0,0,0,0,0,0,0,0,0,0,0,5,0,0,2,0,1,0,0,0,3,0,1,0,0,0,3,0,0,0,0,0,1,1,1,0,0,0,0,0,1,0,0,0,0,0,0,0,0,0,0,0,0,0,0,0,0,0,0,0,0,0,0,0,0,0,0,0,0,0,0,0,0,0
3067542400043200118,81,0,0,3,0,0,1,0,0,0,0,0,0,0,0,0,0,0,0,1,4,0,0,1,0,1,1,2,0,0,0,0,1,1,1,1,0,0,0,8,18,0,0,0,0,14,0,0,0,1,0,0,0,0,1,0,5,0,1,0,0,0,0,0,0,0,0,0,1,0,1,0,0,0,0,0,0,0,0,0,0,2,0,2,0,0,0,0,0,0,8,0,0,0,2,0,3,0,0,0,1,0,1,0,2,0,0,0,0,1,0,0,0,0,0,0,0,2,2,0,0,2,6,1,1,0,1,1,0,0,0,0,1,0,1,0,0,0,0,0,0,0,0,0,0,0,0,0,0,0,0,0,0,0,0,0,0,0,0,0,0,0,0,0,0,1,0,0,0,0,0,1,0,0,0,0,0,0,0,0
3067542400043200119,94,0,0,4,0,0,1,1,0,0,0,1,0,0,0,2,0,0,0,0,0,16,3,1,0,5,0,0,0,0,1,4,0,1,0,0,1,9,1,16,4,0,0,0,0,16,2,0,0,1,0,0,0,0,0,0,1,0,12,0,4,0,0,0,7,1,0,0,0,0,0,0,0,0,0,0,1,0,0,0,1,0,0,13,0,0,0,0,0,0,12,0,2,0,0,13,15,1,0,2,0,1,1,0,0,0,2,0,0,0,1,1,0,0,0,0,0,1,2,0,0,1,0,2,2,0,7,0,0,1,0,0,0,0,0,1,0,0,0,1,0,0,0,1,0,0,0,0,0,0,0,0,0,0,0,0,0,0,0,0,0,0,0,0,0,0,0,0,0,0,0,0,0,0,0,0,0,0,0,0
3067542400043200120,38,0,0,0,1,0,1,2,0,0,0,0,0,0,0,0,2,0,0,0,0,9,4,0,0,7,0,0,0,0,1,2,0,0,5,0,0,9,1,10,2,0,0,0,0,10,1,0,0,0,0,0,0,0,0,0,2,0,9,0,0,0,1,0,2,2,0,0,0,1,1,0,0,0,2,0,0,0,0,0,3,0,0,20,0,0,0,0,0,0,7,0,2,0,0,3,15,1,0,1,1,0,0,0,1,0,1,0,0,0,0,0,0,0,2,0,0,1,1,0,0,1,0,1,3,0,6,0,1,0,0,0,0,0,1,0,0,0,0,0,0,0,0,0,0,0,0,0,0,0,0,0,0,0,0,0,0,0,0,0,0,0,0,0,0,0,0,0,0,0,0,0,0,0,0,0,0,0,0,0
3067542400043200121,43,0,0,0,0,0,3,0,0,2,0,0,0,0,0,0,9,2,0,0,0,6,6,0,0,8,0,1,0,0,2,2,0,0,0,0,0,5,0,13,1,0,1,0,0,4,2,1,0,0,0,0,0,0,0,0,2,1,3,0,0,0,1,0,2,1,0,0,0,0,0,0,0,0,1,0,0,0,0,1,0,0,0,35,0,0,0,0,0,1,15,0,3,0,0,2,17,1,0,0,0,0,0,0,0,0,0,0,0,1,0,0,0,0,0,0,0,1,2,0,0,0,1,1,2,0,2,0,0,0,0,0,0,0,0,0,0,1,0,0,0,0,0,0,0,0,0,0,0,1,0,0,0,0,0,0,0,0,0,0,0,0,0,0,0,0,0,0,0,0,0,0,0,0,0,0,0,0,0,0
3067542400043200123,113,0,0,1,0,0,0,0,0,1,0,0,0,0,0,2,1,0,0,0,0,6,1,0,0,4,0,2,0,0,2,0,0,0,1,0,2,10,0,19,3,0,0,1,0,13,3,2,0,0,0,0,0,0,0,2,2,0,13,0,2,1,0,0,4,2,0,0,1,0,1,1,0,0,0,0,1,0,0,0,9,0,0,18,0,0,0,0,0,0,19,0,3,0,0,15,18,0,0,0,0,0,0,0,0,0,0,0,0,0,3,0,0,0,1,1,0,2,2,0,1,2,0,0,3,0,9,1,0,0,0,0,0,0,0,0,0,0,0,0,0,0,0,0,0,0,0,0,0,0,1,0,0,0,0,0,0,0,0,0,0,0,0,1,0,0,0,0,0,0,0,0,0,0,0,0,0,0,0,0
3067542400043200124,13,0,0,0,0,0,2,0,0,0,0,0,0,0,0,0,0,0,0,1,1,4,1,0,0,2,1,0,0,0,0,1,0,0,1,0,0,2,0,5,0,0,0,0,0,2,1,0,0,0,0,0,0,0,0,1,1,0,1,0,0,0,0,0,2,1,0,0,1,0,0,0,0,0,0,0,0,0,0,0,0,0,0,5,0,0,0,0,0,0,5,0,0,0,0,3,3,0,1,0,0,0,0,0,0,0,0,0,0,0,0,0,1,0,0,0,0,1,1,0,0,0,0,0,1,0,0,1,0,0,0,0,0,0,0,0,0,0,0,0,0,0,0,0,0,0,0,0,0,1,0,0,0,0,0,0,0,0,0,0,0,0,0,0,0,0,0,0,0,0,0,0,0,0,0,0,0,0,0,0
3067542400043200126,62,0,0,2,0,0,3,1,0,0,0,0,0,0,0,1,0,0,0,0,0,8,1,1,0,3,0,1,0,0,2,0,0,0,1,0,0,8,0,17,2,0,0,0,1,9,3,0,0,0,0,0,0,0,0,1,0,0,11,0,1,0,1,0,4,0,0,0,0,0,0,0,0,0,1,1,1,0,0,0,5,0,0,12,0,0,1,0,0,0,14,0,2,0,2,5,11,0,0,0,0,0,0,0,0,0,2,0,0,0,2,0,0,0,0,0,0,0,3,0,0,4,1,5,0,0,3,1,0,0,0,0,0,0,0,0,0,0,0,0,0,0,0,0,1,0,0,0,0,0,0,0,0,0,0,0,0,0,0,0,0,0,0,1,0,0,0,0,0,0,0,0,0,0,0,0,0,0,0,0
3067542400043200127,62,1,0,1,0,0,1,0,0,2,0,0,0,0,1,1,0,0,0,0,0,4,0,0,0,4,1,1,0,0,0,2,0,0,1,0,0,7,2,12,4,1,0,0,0,10,0,0,0,1,0,0,0,0,0,0,0,0,8,0,0,0,0,0,4,2,0,0,0,0,1,0,0,0,2,0,0,0,0,0,4,0,0,18,0,0,0,1,0,0,8,0,1,0,0,11,12,0,0,0,1,0,1,1,0,0,0,0,0,1,0,0,1,0,0,0,0,0,5,0,0,3,0,1,2,0,6,0,0,0,1,1,0,0,0,0,0,0,1,0,0,0,0,0,0,0,0,0,0,0,0,0,0,0,0,0,0,0,0,0,0,0,0,1,0,0,0,0,0,0,0,0,0,0,0,0,0,0,0,0
3067542400043200128,55,0,0,1,0,0,1,0,0,0,0,0,0,0,0,1,0,0,0,1,0,5,1,2,0,3,0,0,0,0,0,1,0,0,1,0,0,9,0,13,4,0,0,0,0,4,0,0,0,0,0,0,0,0,0,1,0,0,8,0,3,0,0,0,4,1,0,0,0,0,0,0,0,0,0,0,1,0,0,0,2,0,2,2,0,0,0,0,0,0,10,0,2,0,1,7,11,0,0,1,0,0,0,0,0,0,1,0,0,0,0,0,0,0,1,0,0,1,1,0,0,0,0,0,2,0,3,3,2,0,0,0,0,0,0,0,0,0,0,0,0,0,0,0,0,0,0,0,0,0,0,0,0,0,0,0,0,0,0,0,0,0,0,0,0,0,0,0,0,0,0,0,0,0,0,0,0,0,0,0
3067542400043200131,23,0,0,1,0,0,0,0,0,1,0,0,0,0,1,0,0,0,0,0,0,2,0,0,0,4,0,1,0,0,1,1,0,0,0,0,0,2,1,6,3,0,0,0,0,3,0,1,0,0,0,0,0,0,0,2,0,0,4,0,1,0,0,0,0,1,0,0,0,0,0,0,0,0,0,0,0,0,0,0,1,0,0,5,0,0,0,0,0,0,5,0,5,0,0,7,4,0,0,0,0,0,0,0,1,0,0,0,0,0,1,0,0,0,1,0,0,0,0,0,1,0,0,0,0,0,2,1,0,0,0,0,0,0,0,0,0,0,0,0,0,0,0,0,0,0,0,0,0,0,0,0,0,0,0,0,0,0,0,0,0,0,0,0,0,0,0,0,0,0,0,0,0,0,0,1,0,0,0,0
3067542400043200132,85,0,0,1,0,1,1,0,0,0,0,0,0,0,0,0,0,1,0,0,1,9,0,0,0,4,0,1,0,0,2,1,1,0,2,0,0,2,2,26,4,0,0,0,0,10,2,1,0,2,1,0,0,1,0,1,4,2,8,0,0,1,0,1,3,0,0,0,0,0,0,0,0,0,1,0,0,0,0,0,1,0,0,14,0,0,0,0,0,0,12,0,4,0,4,3,17,0,0,2,0,0,0,0,2,0,0,0,0,0,1,0,2,0,0,0,0,1,0,0,0,0,0,2,1,0,8,0,3,0,0,0,0,0,0,0,0,0,0,0,0,0,0,1,0,0,0,0,0,0,0,0,0,0,0,0,0,0,0,0,0,0,0,0,0,0,0,0,0,0,0,0,0,1,1,0,0,0,0,0
3067542400043200139,54,0,0,3,0,0,0,0,0,1,0,0,0,1,0,0,0,2,0,1,0,2,1,0,0,4,0,1,0,0,2,1,0,0,0,0,0,2,0,12,2,0,0,0,1,4,2,0,0,1,0,0,0,0,1,0,1,0,5,0,0,0,0,0,2,2,0,0,0,0,0,0,0,0,0,0,0,0,0,0,0,0,1,10,0,0,1,0,0,0,14,0,0,0,1,7,8,0,0,2,0,0,0,0,0,0,0,1,0,0,0,0,0,0,1,1,0,4,0,0,0,1,0,0,1,0,7,1,1,0,0,0,0,0,0,0,0,0,0,0,0,0,0,0,0,0,0,0,0,1,1,0,0,0,0,0,0,0,0,0,0,0,0,0,0,0,0,0,0,0,0,0,0,0,0,0,0,0,0,0
3067542400043200141,195,1,1,3,0,0,4,0,1,1,0,0,0,0,1,1,1,0,1,0,0,6,1,1,0,13,0,4,0,0,0,3,1,0,2,0,0,5,1,32,12,0,0,0,0,17,10,3,0,2,1,0,0,1,0,1,2,0,30,1,0,0,0,0,5,3,0,0,0,0,2,0,0,0,1,0,0,0,0,1,5,0,0,37,2,0,0,0,0,0,24,0,11,0,3,15,26,1,1,0,1,0,0,0,0,0,0,1,0,0,3,0,1,0,3,0,0,1,7,0,2,15,0,3,1,0,28,0,1,0,1,0,0,0,0,0,0,0,0,0,0,0,0,0,0,0,0,1,0,0,1,0,0,0,0,0,0,0,0,0,0,0,0,0,0,0,0,0,0,0,0,0,0,0,0,0,0,0,0,0
3067542400043200142,33,0,0,0,0,0,0,0,0,0,0,0,0,0,0,0,0,1,0,0,0,1,0,0,0,1,0,1,0,0,0,1,0,0,1,0,0,0,0,6,0,0,0,0,0,4,1,1,0,0,0,0,0,0,0,0,1,0,7,1,3,0,0,0,1,0,0,0,0,0,0,0,0,0,0,0,0,0,0,0,2,0,0,3,0,0,0,0,0,0,5,0,3,0,0,5,4,0,0,1,0,0,0,0,0,0,0,0,0,0,1,0,0,0,0,0,0,1,2,0,0,2,0,0,1,0,3,0,0,0,0,0,0,0,0,0,0,0,0,0,0,0,0,0,0,0,0,0,0,0,0,0,0,0,0,0,0,0,0,0,0,0,0,0,0,0,0,0,0,0,0,0,0,0,0,0,0,0,0,0
3067542400043200143,37,0,0,2,0,0,1,0,0,0,1,0,0,0,0,0,0,0,0,0,0,8,0,0,0,7,0,0,0,0,1,0,0,0,1,0,0,2,0,9,2,0,0,0,0,8,0,0,0,0,0,0,0,0,0,1,0,0,2,0,0,0,0,0,2,1,0,0,0,0,0,0,0,0,0,1,0,0,0,0,0,0,0,4,0,0,0,0,0,0,6,0,2,0,0,1,8,0,0,0,0,0,0,0,0,0,0,0,0,0,0,0,0,0,0,0,0,0,1,0,0,0,0,0,3,0,3,0,0,0,0,0,0,0,0,0,0,0,0,0,0,0,0,0,0,0,0,0,0,0,0,0,0,0,0,0,0,0,0,0,0,0,0,1,0,0,0,0,1,0,0,0,0,0,0,0,0,0,0,0
3067542400043200148,41,0,0,0,0,1,0,0,0,3,0,0,0,0,0,0,0,1,0,1,1,1,0,0,0,3,0,1,0,0,0,1,0,0,0,0,0,4,0,8,1,0,0,0,0,7,3,1,0,0,0,0,0,0,0,0,0,0,7,0,1,0,0,0,0,0,0,0,0,0,0,1,0,0,0,0,0,1,0,0,1,0,0,11,0,0,0,0,0,0,5,0,2,0,0,16,6,0,0,0,1,0,0,0,0,0,0,1,0,1,1,0,0,0,0,0,0,1,0,0,0,1,0,0,0,0,3,0,0,0,0,0,0,0,0,0,0,0,0,0,1,0,0,0,0,0,1,0,0,0,0,0,0,0,0,0,0,0,0,0,0,0,0,1,0,0,0,0,0,0,0,0,0,0,0,0,0,0,0,1
3067542400043200149,69,0,0,2,0,0,0,1,0,0,0,0,0,0,1,0,0,1,0,1,1,10,0,0,0,11,0,0,0,0,1,2,0,0,0,0,0,4,0,22,3,0,0,1,0,10,1,0,0,0,0,0,0,1,0,1,2,0,13,0,0,0,0,0,2,0,0,0,0,0,0,0,0,0,1,0,1,0,0,1,1,0,0,6,0,0,0,0,0,0,13,0,2,0,3,8,27,0,1,1,0,0,0,0,1,0,1,1,0,0,2,0,0,0,0,0,0,1,1,0,1,0,0,1,0,1,3,0,0,0,0,0,0,0,0,0,0,0,0,0,0,0,0,0,1,0,0,0,0,0,0,0,0,0,0,0,0,0,0,0,0,0,0,0,0,0,0,0,0,0,0,0,0,0,0,0,0,0,0,0
3067542400043200150,50,0,0,1,0,0,0,1,0,1,0,0,0,0,0,0,0,0,0,0,0,2,0,2,0,0,0,2,0,0,1,0,0,0,2,0,0,0,0,9,1,0,0,0,2,4,2,1,0,0,0,0,0,1,0,0,0,1,5,0,0,0,0,0,3,1,0,0,0,0,0,0,0,0,1,0,0,0,0,0,0,0,0,3,0,0,0,0,1,0,8,0,0,0,0,4,2,0,0,0,1,0,0,0,0,0,0,2,0,0,0,1,1,2,2,0,0,1,1,0,0,0,0,1,4,0,1,1,0,2,0,0,0,0,0,0,0,0,0,0,1,0,0,0,0,0,0,0,1,0,0,0,0,0,0,0,0,0,0,0,0,0,0,1,0,0,0,0,0,0,0,0,0,0,0,0,0,0,0,0
3067542400043200151,181,0,0,3,0,0,3,0,0,2,0,0,0,1,1,0,1,0,0,1,0,24,1,2,0,12,0,2,0,0,5,4,0,1,0,0,0,12,1,39,5,0,0,0,1,18,2,0,0,0,0,0,0,1,0,1,2,0,57,0,1,0,0,0,4,1,0,0,0,0,1,0,0,0,1,0,1,0,0,0,0,0,0,26,0,0,0,0,0,0,26,0,1,0,1,32,24,0,1,2,1,0,0,0,2,0,0,1,0,2,6,1,1,1,0,0,0,3,1,0,0,6,0,1,1,0,24,0,1,0,1,0,0,1,0,0,0,0,0,1,0,0,0,0,0,0,0,0,1,0,1,0,0,0,0,0,0,0,0,0,0,0,0,1,0,0,1,0,0,0,0,0,0,0,0,0,0,0,1,0
3067542400043200152,54,0,0,3,0,0,2,0,2,2,0,1,0,0,0,1,0,0,0,0,0,0,1,0,0,6,0,0,1,0,2,0,0,0,5,0,0,0,1,7,2,0,0,0,0,1,2,1,0,0,0,0,0,0,0,3,1,0,7,0,0,0,1,0,1,9,0,0,0,0,0,0,0,0,1,0,0,0,0,1,8,1,0,14,1,1,0,0,1,0,4,0,3,0,2,14,7,1,0,1,0,0,1,1,1,0,0,0,0,0,0,0,0,0,0,0,0,0,1,0,2,6,1,0,0,0,7,0,1,0,1,0,0,0,0,0,0,0,0,0,0,0,0,1,0,0,0,0,0,0,0,0,0,0,0,0,0,0,0,0,0,0,0,0,0,0,0,0,0,0,0,0,0,0,0,1,0,0,1,0
3067542400043200159,67,0,0,0,0,0,1,0,0,3,0,0,0,0,0,0,0,1,0,0,0,11,2,0,0,5,0,1,1,0,1,2,0,0,1,0,0,2,0,19,1,0,0,0,0,7,1,1,0,0,0,0,0,0,0,0,2,1,23,0,0,0,0,0,2,0,0,0,1,0,0,0,0,0,1,0,0,0,0,0,0,0,0,12,0,0,0,0,0,0,10,0,1,0,0,14,15,0,1,0,0,0,0,0,1,1,0,0,0,0,0,0,1,0,0,1,0,4,1,0,0,4,1,0,1,0,11,0,0,0,0,0,0,0,0,0,0,0,0,0,0,0,0,0,0,0,0,1,0,0,0,0,0,0,0,0,0,1,0,1,0,0,0,1,0,0,0,0,1,0,0,0,0,0,0,0,0,0,0,0
3067542400053100013,27,4,0,1,1,0,1,0,0,1,0,0,0,0,0,1,0,2,0,12,4,0,3,1,3,0,0,7,2,0,2,1,3,0,2,0,0,0,1,0,0,1,0,0,1,0,0,4,0,0,0,0,0,0,0,0,2,0,6,4,2,0,0,0,0,2,0,0,4,3,0,0,0,0,0,0,1,0,0,1,0,0,0,0,0,1,0,0,0,0,7,0,1,0,1,1,1,2,0,1,13,0,1,0,0,0,0,1,0,0,0,1,0,0,1,0,0,15,57,0,1,0,0,0,2,3,0,0,0,0,0,0,0,0,0,0,0,0,0,0,2,0,0,0,0,0,0,1,0,0,0,0,0,0,0,0,0,0,0,0,1,0,0,0,0,0,0,1,0,0,0,0,0,0,0,0,0,0,0,0
3067542400053100022,26,8,0,1,0,0,0,0,1,0,0,0,0,0,0,0,0,1,0,7,5,0,1,3,4,0,0,14,1,0,0,0,1,0,1,1,0,1,0,1,0,0,0,0,0,0,0,5,0,0,0,0,0,0,0,0,2,0,1,1,0,0,0,0,0,0,0,0,0,2,0,1,0,0,0,1,0,0,0,0,0,0,0,0,0,1,0,0,0,1,0,0,0,0,0,0,0,0,0,0,4,0,0,0,1,0,0,0,0,0,0,0,0,0,1,1,0,10,42,0,1,0,0,0,2,5,0,0,2,0,1,0,0,0,0,0,1,0,0,0,2,0,0,0,0,0,1,0,0,0,0,0,0,0,0,0,0,0,0,0,0,0,0,0,0,0,1,0,0,0,0,0,0,1,0,0,0,0,0,0
3067542400053100024,50,18,0,1,0,0,0,0,0,1,0,0,0,0,0,6,0,1,0,11,11,1,0,3,8,0,0,51,0,0,0,0,2,0,2,0,0,2,3,0,0,1,0,0,0,5,6,17,0,0,0,0,1,0,0,0,0,0,0,8,0,0,0,0,0,0,0,0,2,5,0,0,0,0,0,0,0,0,0,3,0,0,0,0,0,1,0,0,0,1,6,0,0,0,0,1,0,0,0,1,30,0,0,0,2,1,0,0,0,1,0,0,0,0,0,0,0,27,53,0,0,0,0,0,1,5,0,0,0,0,0,1,0,0,0,0,0,0,0,0,0,0,0,0,0,0,0,0,0,0,0,0,0,0,0,0,0,0,1,0,0,0,0,0,0,0,0,0,0,0,0,0,0,0,0,0,0,1,0,0
3067542400053200023,24,9,0,0,0,0,1,0,0,0,0,0,0,0,0,0,0,0,0,7,2,0,1,1,0,0,1,14,0,0,0,0,0,0,1,0,0,1,0,0,0,0,0,0,0,0,2,11,0,0,0,0,0,0,0,0,1,0,2,0,0,0,0,0,0,3,0,0,1,0,0,2,0,0,0,0,2,0,0,1,0,0,1,0,0,0,0,0,0,1,8,0,2,0,0,0,0,0,0,0,9,0,0,0,0,0,0,0,0,1,0,0,0,0,0,0,0,6,24,0,0,0,0,0,1,0,0,0,1,0,0,0,0,0,0,0,0,0,0,0,0,0,0,0,0,0,2,0,0,0,1,0,0,0,0,0,0,0,0,0,0,0,0,1,0,0,0,0,0,0,0,0,0,0,0,0,0,0,0,0
3067542400053200030,8,4,0,1,0,0,1,0,0,0,0,0,0,0,0,1,0,0,0,7,0,0,1,1,1,0,0,7,0,0,0,0,0,0,0,0,0,1,0,0,0,0,0,0,0,0,8,7,0,0,0,0,0,0,0,0,1,0,1,0,0,0,0,0,0,0,1,0,1,0,0,0,0,0,0,0,2,0,0,0,0,0,0,0,0,1,0,0,0,0,0,0,0,0,0,0,1,0,0,0,4,0,1,0,1,0,0,0,1,0,0,0,0,0,0,0,0,5,6,0,0,0,0,0,0,1,0,0,2,0,0,0,0,0,0,0,0,0,0,1,0,0,0,0,0,0,0,0,0,0,0,0,0,0,0,0,0,0,0,0,0,0,0,0,0,0,0,0,0,0,0,0,0,0,0,0,0,0,0,0
3067542400053200042,28,13,0,4,1,0,2,0,0,0,0,0,0,0,0,3,0,2,0,17,3,0,1,1,4,1,0,9,1,0,0,1,1,0,1,0,0,2,0,0,0,4,0,0,1,1,6,29,0,0,0,0,0,1,0,0,0,0,2,0,0,0,0,1,1,2,0,0,3,0,0,0,0,0,0,0,0,1,0,6,0,0,0,0,2,0,0,0,0,2,2,0,0,0,1,0,1,0,0,0,6,0,0,0,0,0,0,0,0,0,0,1,0,0,1,0,0,30,36,0,0,0,0,1,0,1,0,0,0,0,0,0,0,0,0,0,0,0,0,0,0,0,0,1,0,0,1,0,0,0,0,0,0,0,0,1,0,0,0,0,0,0,0,0,0,0,0,0,0,0,0,0,0,0,0,1,0,0,0,0
3067542400053200059,71,9,1,2,0,0,0,0,0,0,0,2,0,2,0,0,0,1,0,19,5,0,1,1,14,0,0,14,3,0,0,0,3,0,1,0,0,0,1,0,2,3,0,0,1,0,14,19,0,1,0,0,1,0,0,0,3,0,2,1,0,0,0,0,1,2,0,0,1,11,1,0,0,0,0,0,0,0,0,2,0,1,1,0,0,0,0,0,0,0,10,0,0,0,4,0,1,0,0,0,24,0,0,0,0,0,0,0,0,0,0,0,0,0,1,0,0,40,84,0,0,0,0,1,1,1,0,1,4,0,1,0,0,0,0,0,0,0,0,0,2,0,0,0,0,0,0,0,0,0,1,1,0,0,0,0,0,0,0,0,0,0,0,0,0,0,0,0,0,0,0,0,0,1,0,0,0,0,0,0
3067542400053200075,36,8,0,2,0,0,0,0,0,2,1,0,0,2,0,4,0,1,0,17,8,0,2,1,2,0,0,11,0,0,0,1,1,0,0,0,0,1,1,0,2,3,0,0,2,2,7,18,0,2,1,1,0,0,0,0,3,0,1,1,0,0,0,0,2,9,0,0,3,5,1,0,0,0,0,0,1,0,0,1,0,2,0,0,0,0,0,0,0,2,17,0,0,0,3,0,0,0,0,0,17,0,0,0,0,0,0,0,0,0,0,0,0,0,1,0,0,20,63,0,0,1,0,0,2,2,0,0,0,0,0,0,0,0,0,0,1,0,1,0,0,0,0,0,0,0,1,0,0,0,0,0,1,0,0,0,0,0,1,0,0,0,0,0,1,0,0,0,0,0,0,0,0,0,0,0,0,1,0,0
3067542400053200090,47,7,0,2,0,0,1,0,1,1,0,0,0,0,0,15,0,1,0,16,15,0,1,1,10,0,0,11,0,0,0,1,1,0,0,0,0,2,1,0,0,1,0,0,0,1,5,11,0,0,0,0,1,0,0,0,2,0,2,2,0,0,0,0,0,1,0,0,7,5,1,0,0,0,1,0,4,0,0,2,0,0,0,0,0,0,0,0,0,2,13,0,0,0,1,1,4,1,0,0,20,0,0,0,0,0,0,0,0,1,0,0,0,0,1,0,0,29,78,0,0,0,0,0,0,2,0,1,3,0,1,0,0,0,0,0,0,0,0,0,0,0,0,0,0,0,0,1,0,0,0,0,1,1,0,0,0,1,0,0,0,0,0,0,0,0,0,1,0,0,0,0,0,1,0,0,0,0,0,0
3067542400053200099,14,0,0,2,0,0,0,0,0,0,0,0,0,0,0,2,0,0,0,8,4,0,1,0,5,0,0,5,1,0,0,1,0,0,1,0,0,2,0,0,2,0,0,0,0,1,4,1,1,0,0,0,1,1,0,0,2,1,5,3,1,0,0,0,0,4,0,0,0,4,0,0,0,0,0,0,1,0,0,2,0,0,0,0,0,1,0,0,0,0,2,0,0,0,2,0,1,0,0,0,6,0,0,0,0,0,0,0,0,0,0,0,1,0,0,0,0,16,38,0,0,0,0,0,1,1,0,0,1,0,0,0,0,0,0,0,0,0,0,1,0,0,0,0,0,0,1,0,0,0,0,0,0,0,0,0,0,0,0,0,0,0,0,0,0,0,0,0,0,0,0,0,0,0,0,0,0,0,0,0
3067542400053200101,34,5,0,2,0,0,1,0,0,0,0,0,0,0,0,9,0,1,0,22,19,0,2,3,8,0,0,18,0,0,0,2,5,0,2,0,0,1,0,1,0,0,0,0,0,4,11,2,0,0,0,0,1,0,0,0,3,0,10,10,1,0,0,0,2,1,0,0,4,6,1,0,0,0,1,0,1,0,0,2,0,0,2,0,0,0,0,0,0,2,10,0,0,0,2,0,0,0,1,0,10,0,2,0,0,0,0,1,0,0,0,0,0,0,3,0,0,35,62,0,0,1,0,1,2,1,0,0,2,0,1,0,0,0,0,0,0,0,1,0,1,0,0,0,0,0,0,0,0,0,1,0,0,0,0,1,0,0,0,0,0,0,0,2,0,0,1,0,0,0,0,0,0,0,1,2,0,0,0,0
3067542400053200147,22,3,0,0,0,0,0,0,0,0,0,0,0,0,0,1,0,0,0,11,6,0,0,0,3,0,0,7,0,0,0,1,2,1,0,0,0,2,0,0,3,0,0,0,0,1,2,2,0,0,0,0,0,0,0,0,1,0,3,5,2,0,0,0,1,3,0,0,3,2,1,0,0,0,0,0,0,0,0,0,1,0,0,0,0,1,0,0,0,2,8,0,0,0,1,0,0,0,0,0,15,0,0,0,1,0,0,0,0,0,0,0,0,0,2,0,0,13,34,0,0,0,0,0,2,1,0,0,1,1,0,0,0,0,0,1,0,0,0,0,0,0,0,0,0,1,0,0,0,0,0,0,0,0,0,0,0,0,0,0,0,0,0,0,0,0,0,0,0,0,0,0,0,0,0,0,0,0,0,0
3067542400053200161,81,8,1,4,0,0,1,1,0,3,1,0,0,0,0,2,0,1,0,37,8,0,4,4,9,0,1,26,0,0,0,0,3,0,3,0,0,2,0,0,3,0,0,0,0,1,12,10,0,0,0,0,0,0,1,0,2,2,9,7,1,0,0,0,1,4,0,0,5,9,0,0,0,0,1,0,0,0,0,6,0,0,1,0,0,0,0,0,0,0,6,0,1,1,3,0,0,1,0,1,37,0,0,0,0,1,0,0,0,0,0,0,1,0,0,0,0,54,106,0,0,0,0,0,4,7,0,0,0,0,2,0,0,0,0,0,0,0,0,0,1,0,0,0,0,0,2,1,0,0,1,0,0,0,0,0,0,0,0,0,0,1,0,1,0,1,2,0,0,0,0,0,0,0,1,1,0,0,0,0
3067542400053200209,61,14,0,4,0,0,0,0,0,1,0,1,0,0,1,15,0,1,0,19,41,0,2,2,18,0,0,19,0,0,0,1,4,0,0,1,0,1,2,0,1,0,0,0,0,3,21,14,0,1,0,0,1,0,0,0,1,1,10,13,0,0,0,0,3,0,1,0,6,6,0,0,0,0,0,0,2,2,0,4,0,0,0,0,1,1,0,0,0,3,20,0,1,0,2,0,2,0,0,0,17,0,0,0,1,0,0,1,0,1,0,0,0,0,1,0,0,31,75,0,0,1,0,0,3,4,0,0,1,0,0,0,0,1,0,0,0,1,0,0,1,0,0,0,0,0,0,0,0,1,0,0,0,0,0,0,1,0,1,0,0,0,0,2,0,0,0,0,0,0,0,0,0,0,0,0,0,0,1,0
3067542400053200225,48,10,0,4,0,0,0,0,0,1,0,1,0,0,0,17,1,1,0,16,17,0,1,7,10,0,0,19,1,0,0,1,1,0,2,0,0,0,0,0,0,1,1,0,0,2,14,23,0,0,0,0,0,0,0,0,4,0,2,12,0,0,1,0,1,0,0,1,8,10,0,0,0,0,0,0,1,1,0,1,0,1,0,1,0,0,0,0,0,2,10,0,1,0,0,0,1,0,0,0,35,0,2,0,0,1,0,1,0,1,0,0,0,1,0,1,0,35,89,0,0,0,0,0,5,5,0,0,2,0,0,0,0,0,0,1,0,0,0,0,1,0,0,0,0,0,0,0,1,0,0,0,0,1,0,0,0,0,0,0,0,0,0,0,0,0,0,0,0,0,0,0,0,0,0,1,0,0,0,0
3067542400053200230,48,11,0,1,0,0,1,0,0,0,0,0,0,0,0,0,0,0,0,7,2,0,5,8,3,0,0,22,0,0,0,1,1,0,1,0,1,0,0,0,4,1,0,0,1,1,5,9,0,0,0,0,0,0,0,0,4,0,2,6,0,0,1,0,0,1,0,0,2,3,0,0,0,0,0,0,2,0,0,3,0,0,0,0,0,1,0,0,0,2,8,0,0,0,1,0,0,0,0,1,26,0,0,0,0,0,0,0,0,2,0,0,0,0,2,0,0,14,63,0,0,0,0,0,5,4,0,1,2,0,0,0,0,0,0,0,0,0,0,0,0,0,0,0,0,0,0,1,0,0,0,0,0,0,0,0,0,0,0,0,0,0,0,0,0,0,0,0,0,0,0,0,0,0,0,0,0,0,0,0
3067542400053200231,12,3,0,0,0,1,0,2,0,0,0,1,0,0,0,2,0,0,0,7,4,0,1,0,0,0,0,4,1,0,0,0,2,0,0,0,0,0,0,0,1,0,0,0,0,2,1,1,0,0,0,0,0,0,0,0,0,0,2,6,0,0,0,0,2,1,0,0,4,0,0,0,0,0,0,1,0,0,0,2,0,0,0,0,0,0,0,0,1,0,6,0,0,0,1,0,1,0,0,0,5,0,0,0,1,0,0,0,1,0,0,0,0,0,1,0,0,11,16,0,0,0,0,0,1,0,0,0,0,0,0,0,0,0,0,0,0,0,0,0,0,0,0,0,0,0,0,0,0,1,0,0,0,0,0,0,0,0,0,0,0,0,0,1,0,0,0,0,0,0,0,0,0,1,0,0,0,0,0,0
3067542400053200238,84,13,0,2,0,0,0,1,0,3,0,0,0,1,0,15,0,0,0,25,14,0,1,2,10,3,0,71,2,0,0,0,4,0,1,0,0,2,0,1,3,0,0,0,1,2,5,40,0,0,0,0,1,0,0,1,3,0,9,20,2,0,0,0,0,0,0,0,8,10,0,1,0,0,0,0,3,1,0,3,0,1,0,1,0,2,0,0,0,1,49,0,1,0,5,0,2,1,0,0,47,0,0,0,0,1,0,0,0,1,0,0,0,0,3,0,0,47,106,0,0,0,1,0,6,1,0,0,4,1,3,0,0,0,0,1,0,0,1,0,0,0,0,0,0,0,1,1,0,1,1,0,0,0,0,0,0,0,2,0,0,0,0,1,0,0,0,0,0,0,0,0,0,0,0,0,0,0,0,0
3067542400053200245,6,1,0,0,0,0,0,0,0,0,0,0,0,0,0,5,0,1,0,5,6,0,1,0,3,0,0,18,0,0,0,1,2,0,1,0,0,1,0,0,0,0,0,0,0,0,2,4,0,0,0,1,0,0,0,0,0,0,2,5,0,0,0,0,0,1,0,0,3,3,0,0,0,0,0,0,0,0,0,1,0,1,0,0,0,0,0,0,0,0,5,0,0,0,3,0,1,0,0,0,13,0,0,0,0,0,0,0,0,0,0,0,0,0,1,0,0,12,18,0,0,0,0,0,1,1,0,0,2,0,1,0,0,0,0,0,0,0,0,0,0,0,0,0,0,0,0,0,0,0,0,0,0,0,0,0,0,0,0,0,0,0,0,1,0,0,0,0,0,0,0,0,0,0,0,0,0,0,0,0
3067542400053200247,66,23,0,7,0,0,0,0,0,2,1,0,1,0,0,12,1,2,0,19,21,0,2,14,18,0,1,58,0,0,0,1,2,0,1,1,0,7,0,1,4,0,0,0,0,7,19,35,0,1,0,0,0,0,0,0,1,0,9,25,0,0,0,0,0,4,0,0,9,11,1,2,0,0,0,0,0,0,0,4,0,0,0,1,0,4,0,0,2,2,23,0,0,0,3,2,1,0,0,1,58,0,1,0,0,0,0,0,0,3,0,1,1,0,1,1,0,39,120,0,0,0,1,1,8,1,0,0,2,0,0,0,1,0,0,0,0,0,1,0,0,0,0,0,0,1,0,0,0,0,0,0,0,0,0,0,0,0,0,0,1,0,0,0,0,0,1,0,0,0,0,0,0,2,0,0,0,0,0,2
3067542400053200260,56,3,1,2,0,1,1,0,0,2,0,0,0,0,1,9,0,0,0,15,17,1,2,0,11,1,2,99,0,0,0,1,2,0,1,0,0,0,0,0,3,0,0,0,0,4,10,13,0,0,0,0,0,0,0,0,0,1,3,12,1,0,0,0,0,1,1,0,4,3,0,2,0,0,0,1,0,0,0,1,0,1,1,0,0,3,0,0,0,0,5,2,0,0,2,0,0,0,0,0,55,0,0,0,0,0,0,1,0,1,0,0,0,0,4,2,0,25,63,0,0,0,0,0,2,1,0,0,2,0,0,0,1,0,0,0,0,0,0,1,0,0,0,1,0,0,0,1,0,0,0,0,0,0,0,0,0,0,0,0,2,0,0,0,0,0,0,0,0,0,0,0,0,0,0,0,1,0,0,0
3067542400053200266,71,3,0,3,0,0,1,1,0,0,0,1,1,1,0,4,0,0,0,27,7,1,4,3,4,1,0,88,1,0,0,0,3,0,3,0,0,0,0,0,4,0,0,0,0,2,4,11,0,1,0,0,1,0,0,0,0,1,6,24,1,0,0,0,0,4,0,0,3,2,0,2,0,0,0,0,0,0,0,4,0,0,1,0,1,3,0,0,0,0,17,1,0,0,4,0,0,1,0,1,82,0,0,0,0,0,0,0,0,0,0,0,0,0,1,0,0,47,36,0,0,0,0,0,1,0,0,0,2,0,0,0,1,0,1,0,0,0,1,0,2,0,0,0,0,0,1,0,0,0,0,0,0,0,0,0,0,0,0,0,2,0,0,0,0,0,0,0,0,0,0,0,0,1,0,0,0,0,0,0
3067542400053200269,32,9,0,3,0,3,0,0,0,2,0,0,0,0,0,3,0,0,1,10,6,0,0,0,3,1,0,106,1,0,0,0,0,0,1,0,0,0,0,0,1,2,0,0,1,1,8,10,0,1,0,1,0,0,0,0,0,0,1,7,1,0,0,0,0,0,0,1,0,5,1,0,0,0,0,0,1,0,0,0,0,1,2,0,0,3,0,0,0,1,6,1,1,0,3,2,1,0,0,0,64,0,0,0,0,0,0,2,2,1,0,0,0,0,0,0,0,15,37,0,0,0,0,0,1,0,0,0,2,0,0,0,0,0,0,0,0,0,1,0,1,0,0,0,0,0,1,0,0,1,0,0,0,0,0,0,0,0,0,0,1,0,0,0,0,0,0,0,0,0,0,0,0,0,1,0,0,0,0,0
3067542400053300004,8,3,0,0,0,0,0,0,0,0,0,0,0,0,0,0,0,0,0,1,0,0,0,0,2,0,0,1,0,0,0,1,0,0,0,0,0,1,0,0,0,0,0,0,0,1,2,1,0,0,0,0,0,0,0,0,0,0,0,0,0,0,0,0,0,0,0,0,0,1,0,0,0,0,0,0,0,0,0,0,0,0,0,0,0,0,0,0,0,0,2,0,0,0,0,0,0,0,0,0,0,0,0,0,0,0,0,0,0,0,0,0,0,0,0,0,0,3,22,0,0,0,0,0,0,0,0,0,0,0,0,0,0,0,0,0,0,0,0,0,0,0,1,0,0,0,0,0,0,0,0,0,0,0,0,0,0,0,0,0,0,0,0,0,0,0,0,0,0,0,0,0,0,0,0,0,0,0,0,0
3067542400053300010,7,0,0,0,0,0,0,0,0,0,0,0,0,0,0,0,0,0,0,3,2,0,0,0,1,0,0,3,0,0,0,0,0,0,1,0,0,0,0,0,0,0,0,0,0,0,0,1,0,0,0,0,0,1,0,0,0,0,1,0,0,0,0,0,0,1,0,0,0,0,0,0,0,0,0,0,0,0,0,1,0,0,0,0,0,0,0,0,0,0,0,0,0,0,0,0,0,1,0,0,3,0,0,0,0,0,0,0,0,0,0,0,0,0,0,0,0,1,6,0,0,0,0,0,0,0,0,0,0,0,0,0,0,0,0,0,0,0,0,0,0,0,0,0,0,0,0,0,0,0,0,0,0,0,0,0,0,0,0,0,0,0,0,0,0,0,0,0,0,0,0,0,0,0,0,0,0,0,0,0
3067542400054100008,11,0,0,1,0,0,0,0,0,0,0,0,0,0,0,2,0,0,0,2,5,0,1,0,1,0,0,32,0,0,0,0,1,0,2,1,0,0,1,0,1,1,1,0,0,0,2,6,0,0,0,0,0,0,1,0,0,0,0,0,0,0,0,0,0,0,0,0,1,0,0,0,0,0,0,0,0,0,1,1,0,0,0,0,0,0,0,0,2,0,16,0,1,0,0,1,0,0,0,0,31,0,0,0,1,0,0,0,0,0,3,0,0,0,0,1,0,0,4,0,0,1,0,1,1,0,0,0,0,0,0,0,2,0,1,0,0,0,0,0,0,0,0,0,0,0,0,0,0,0,0,0,0,0,0,0,0,1,0,1,1,0,0,1,0,0,0,0,0,0,0,0,1,0,0,0,0,1,0,0
3067542400054100014,10,0,0,0,0,0,0,0,0,0,0,0,0,0,0,1,0,0,1,2,3,0,0,0,2,0,0,32,0,0,0,0,0,0,1,1,0,0,0,0,1,0,0,0,0,1,4,12,0,0,0,0,0,1,0,0,0,0,0,0,1,0,0,0,2,0,0,0,0,0,0,0,0,0,1,0,3,0,0,1,0,1,0,0,0,1,1,0,3,0,12,0,0,0,2,3,0,0,0,1,26,0,2,0,0,0,0,0,0,0,0,0,0,0,0,0,0,0,3,0,0,0,0,0,1,0,0,0,1,1,0,2,0,0,0,0,0,0,0,0,0,0,0,0,0,0,0,0,0,0,0,0,0,0,0,0,0,0,0,0,0,0,0,0,0,0,0,0,0,0,0,0,0,0,0,0,0,0,0,1
3067542400054200046,14,2,0,1,1,0,0,0,0,0,0,0,0,0,1,1,0,0,0,0,1,0,0,0,1,0,0,9,0,0,0,0,0,0,0,0,0,0,0,0,1,1,0,0,0,1,1,9,0,1,0,0,0,1,0,0,0,0,0,0,0,0,0,0,1,0,0,0,0,4,0,0,0,0,3,0,1,0,0,0,1,4,0,0,0,1,0,1,1,0,0,0,0,0,0,4,0,0,0,0,11,0,1,0,0,0,0,0,0,0,0,0,0,0,1,0,0,2,25,0,0,0,0,0,1,0,0,0,1,0,0,0,0,0,0,0,0,0,0,0,0,0,0,0,0,0,0,0,0,0,1,0,0,0,0,0,0,0,0,0,0,0,0,1,0,0,0,0,0,0,0,0,0,0,0,0,0,0,0,0
3067542400054200048,70,0,0,1,0,0,0,0,1,13,0,1,1,0,0,0,0,2,1,2,0,3,3,0,0,5,0,13,0,1,1,19,1,0,11,1,0,0,3,6,2,0,0,2,8,1,7,2,0,0,0,0,0,0,1,6,0,0,2,2,1,0,0,0,13,2,1,0,1,0,1,1,1,1,1,7,7,0,0,0,1,0,1,5,0,0,0,2,2,1,26,0,0,0,11,8,1,0,1,1,27,0,14,3,15,0,8,0,0,0,0,0,2,0,1,0,0,3,1,0,5,2,0,0,13,0,0,0,0,5,0,0,0,0,0,0,0,0,1,1,0,0,0,0,0,0,1,0,0,0,0,0,0,0,0,0,1,1,0,0,0,0,0,0,0,0,0,0,0,0,0,0,0,0,0,0,0,0,0,0
3067542400054200053,29,6,0,1,0,11,0,0,0,1,0,0,0,0,0,1,0,0,0,2,2,0,0,0,6,0,1,14,0,1,1,0,2,1,1,0,0,0,1,1,2,5,0,0,0,1,15,32,0,0,0,0,0,1,0,0,0,0,0,0,1,1,0,0,0,0,0,0,0,10,0,0,0,1,4,1,2,0,0,2,1,13,0,2,0,7,0,0,6,0,7,0,1,0,0,10,0,0,0,0,46,0,1,0,0,1,0,0,0,0,0,0,0,1,1,0,0,0,70,0,0,1,0,0,1,0,0,0,10,0,0,0,1,0,1,0,0,0,0,0,1,0,0,0,0,0,3,0,0,0,0,0,0,0,0,0,0,0,0,0,0,0,0,0,0,0,0,0,0,0,0,0,0,0,0,0,0,0,0,1
3067542400054200054,22,0,1,1,0,0,1,0,0,3,0,0,1,0,0,0,0,0,0,0,0,0,2,0,0,1,0,0,0,0,0,0,1,0,0,0,1,0,0,1,2,0,0,0,0,0,0,1,0,0,0,0,0,0,0,2,0,0,0,0,0,0,0,0,1,0,0,0,0,0,0,0,0,0,0,0,0,0,0,0,1,0,0,7,0,0,0,0,0,0,6,0,1,0,0,0,0,0,0,0,1,0,1,0,1,0,0,0,0,0,0,0,0,0,0,0,0,0,0,0,0,2,0,0,2,0,0,0,0,0,0,0,0,0,0,0,0,0,0,0,0,0,0,0,0,0,0,0,0,0,0,0,0,0,0,0,0,1,0,0,0,0,0,0,0,0,0,0,0,0,0,0,0,1,0,0,0,0,0,0
3067542400054200077,45,3,0,18,2,0,0,0,4,0,0,0,0,0,10,0,0,0,0,0,0,0,0,0,0,0,0,5,0,1,1,0,1,1,0,0,0,1,1,2,1,0,1,0,1,1,14,2,0,1,0,0,0,2,1,0,1,0,0,1,0,0,1,0,1,0,0,0,0,0,0,1,0,0,53,0,2,0,0,0,0,0,0,1,3,0,0,3,1,0,14,0,0,0,0,0,0,0,0,1,8,0,3,0,0,1,0,0,0,0,0,0,12,0,1,0,0,7,3,0,0,1,1,4,7,0,0,1,0,2,9,0,0,0,1,0,0,0,0,0,0,0,0,0,0,0,0,0,0,0,0,1,0,0,0,0,0,0,0,0,1,0,0,0,0,0,0,0,0,0,0,0,0,0,0,0,0,0,0,0
3067542400055100014,74,1,0,2,0,1,1,0,1,1,0,1,0,0,0,3,1,1,0,0,0,0,1,0,1,14,0,1,0,0,4,3,1,0,1,0,0,5,0,12,6,1,0,1,0,6,5,1,0,0,0,0,0,0,0,0,0,0,16,0,1,0,0,0,6,3,0,0,0,0,0,1,0,0,1,1,0,0,0,0,2,0,0,25,0,0,0,0,1,0,7,0,0,0,1,2,27,0,0,1,0,0,0,0,0,0,0,0,0,1,3,0,0,0,1,0,0,2,1,0,2,6,1,2,3,0,20,2,0,0,1,0,0,0,0,0,0,0,0,0,0,0,0,0,0,0,0,0,0,0,0,0,0,0,0,0,0,0,0,0,0,0,0,0,0,0,1,0,0,1,0,0,0,0,0,0,0,0,0,0
3067542400055100019,46,0,0,1,0,0,0,0,0,2,1,0,0,0,0,1,0,1,0,0,0,6,0,0,0,9,0,0,0,0,0,3,0,0,0,0,0,5,1,16,2,0,0,0,0,3,0,0,0,0,0,0,0,0,0,1,1,1,11,0,0,0,0,0,2,1,0,0,1,0,1,0,0,0,0,0,0,2,0,1,3,0,0,4,0,0,0,0,0,0,15,0,4,0,0,15,10,0,0,1,0,0,0,0,0,0,0,0,0,0,5,0,0,0,1,0,0,1,1,0,0,7,0,0,1,0,14,1,0,1,0,0,0,0,1,0,0,0,0,0,0,1,0,0,0,0,0,0,1,0,0,0,0,0,0,0,0,0,0,0,1,0,0,0,0,0,0,0,0,0,0,0,0,0,0,0,0,0,0,0
3067542400055100022,52,0,0,1,0,0,0,0,0,0,0,0,0,0,0,0,0,1,0,0,0,10,0,0,0,9,0,1,0,0,0,1,0,0,0,0,0,6,0,21,2,0,0,0,1,8,2,2,0,0,0,0,0,1,0,0,2,0,15,0,0,0,0,0,3,1,0,0,0,0,0,0,0,0,1,0,0,0,0,0,0,0,0,13,0,0,0,0,0,0,10,0,2,0,0,12,9,0,0,0,0,0,0,0,1,1,0,0,0,0,1,0,0,0,1,0,0,2,1,0,0,1,0,3,1,0,8,0,1,0,0,0,1,0,0,0,0,0,0,0,0,0,0,0,0,0,0,0,0,0,0,0,0,0,0,0,0,0,1,0,0,0,0,0,0,0,0,0,0,0,0,0,0,0,0,0,0,0,0,0
3067542400055100026,19,0,0,0,0,0,0,0,0,3,0,0,0,0,0,0,0,0,0,0,0,1,1,0,0,1,0,0,0,0,0,0,0,0,0,0,0,0,0,6,3,0,0,1,0,2,0,0,0,0,1,0,0,0,0,0,0,0,3,0,0,0,0,0,1,2,0,0,0,0,0,0,0,0,0,0,0,0,0,0,3,0,0,1,0,0,0,1,0,0,2,0,1,0,0,5,0,0,0,1,0,0,1,0,1,0,0,0,0,0,0,0,0,0,0,0,0,0,1,0,0,0,0,0,1,0,4,0,0,0,1,0,0,0,1,0,0,0,0,0,0,0,0,0,0,0,0,0,0,0,0,0,0,0,1,0,0,0,0,0,0,0,0,0,0,0,0,0,0,0,0,0,0,0,0,0,0,0,1,0
3067542400055100028,67,0,0,0,0,0,1,0,0,0,0,0,1,1,2,1,1,0,0,0,0,1,0,0,0,2,0,2,0,0,1,1,0,0,1,0,0,4,0,5,9,0,0,0,0,6,3,1,0,0,0,0,0,0,0,1,2,0,14,0,0,0,2,0,4,3,0,0,0,0,3,0,0,0,4,0,0,3,0,0,0,0,0,26,0,0,0,2,1,1,15,0,3,0,0,6,17,0,0,1,2,0,0,0,3,0,0,0,0,0,0,0,0,0,2,0,0,1,1,0,1,0,0,1,3,0,13,0,2,0,0,0,0,0,0,0,0,0,0,0,0,0,0,0,0,0,0,0,0,0,0,0,0,0,0,0,0,0,0,1,0,0,0,0,0,0,0,0,0,0,1,0,0,0,0,0,0,0,0,1
3067542400055100029,44,0,0,1,0,0,1,0,0,2,0,2,0,0,0,0,1,2,0,1,0,4,0,0,0,4,0,1,0,1,1,2,1,0,0,0,0,0,0,11,2,0,0,0,0,8,4,3,0,0,0,0,0,0,0,0,0,0,8,0,2,1,0,0,1,0,0,0,0,0,2,0,0,0,0,0,0,1,1,0,1,0,0,6,0,0,0,0,1,0,8,0,1,0,1,9,9,0,0,1,0,0,0,0,0,0,0,0,0,0,2,0,2,0,2,0,0,1,1,0,2,4,0,0,0,0,14,0,0,1,0,0,0,0,0,0,0,0,0,0,0,0,0,1,0,0,0,0,0,1,0,0,0,0,0,0,0,0,0,0,0,0,0,1,0,0,0,0,0,0,2,0,0,0,0,0,0,0,0,0
3067542400055100032,72,0,0,0,1,0,3,0,0,0,0,1,2,0,0,1,0,1,0,1,1,3,4,0,0,2,0,8,0,0,0,1,0,0,3,0,0,0,0,4,5,2,0,2,0,3,4,5,0,1,0,0,0,0,0,0,0,0,1,0,0,0,0,0,2,1,0,0,2,0,1,0,0,0,1,2,3,0,0,1,1,0,0,2,0,0,0,1,0,0,6,0,1,0,4,6,3,0,0,0,9,0,1,0,0,0,0,9,0,0,0,0,0,1,2,0,0,2,3,0,2,5,1,2,5,0,1,2,2,2,0,0,0,0,0,0,0,0,0,0,0,0,0,0,0,0,0,0,1,0,0,0,0,0,0,0,0,0,1,0,0,0,0,1,0,0,0,0,0,0,0,0,0,1,0,0,0,0,0,0
3067542400055100039,108,0,1,0,0,0,0,0,0,6,0,2,1,1,0,1,0,0,0,0,2,0,0,1,0,5,0,0,0,0,1,0,0,0,0,0,0,0,0,6,5,1,1,1,0,5,1,1,0,0,0,0,1,0,0,6,2,0,5,0,0,0,0,0,1,1,0,0,0,0,0,0,0,0,7,0,3,0,0,0,2,0,0,19,1,0,0,1,3,0,13,0,0,0,2,3,3,1,0,0,1,0,2,0,0,2,1,0,0,1,1,0,1,0,0,0,0,1,3,0,1,2,0,2,3,0,3,0,0,0,0,0,1,0,0,0,0,0,0,0,0,0,0,0,0,0,1,0,0,0,0,0,0,0,0,0,0,0,0,0,1,0,0,0,0,0,0,0,0,0,0,0,0,2,0,0,0,0,0,0
3067542400055100042,43,2,0,0,2,1,0,0,0,0,0,0,1,0,0,1,0,0,0,5,7,2,12,0,4,0,0,29,0,0,1,0,0,0,3,0,1,3,2,0,4,0,0,2,1,1,3,7,0,0,4,0,1,0,0,1,1,0,0,0,0,0,1,0,4,1,0,0,5,0,0,1,3,0,2,0,8,0,0,8,1,1,1,3,1,0,0,1,11,0,40,0,1,0,11,11,1,0,1,3,36,0,7,1,6,1,1,1,0,1,3,0,3,1,2,0,2,1,1,0,1,1,0,3,6,0,0,0,0,1,1,1,0,0,1,0,0,1,1,1,0,0,0,0,0,0,1,0,0,0,0,0,0,0,0,0,0,0,1,0,0,0,0,0,0,0,0,0,0,0,0,0,0,0,0,0,0,0,0,0
3067542400055100043,107,1,0,2,0,0,1,1,0,1,0,0,1,0,0,0,0,1,0,1,1,1,1,1,0,7,1,5,0,0,2,1,0,0,2,0,0,1,1,21,16,2,0,0,1,9,7,1,0,1,0,0,0,2,0,3,2,0,22,0,0,0,0,0,4,1,0,0,0,0,0,0,0,0,0,1,1,1,1,0,0,0,0,14,0,0,0,2,2,0,8,0,0,0,2,18,13,0,1,0,4,0,1,1,1,2,0,0,1,0,0,1,1,1,1,0,0,4,2,0,3,0,0,2,4,0,8,0,0,4,1,0,0,0,0,0,0,0,0,0,0,0,0,0,0,0,0,0,0,1,0,0,0,0,0,0,0,1,0,0,0,0,0,1,0,0,0,0,0,0,0,0,0,1,0,0,0,0,0,0
3067542400055100045,237,1,0,2,2,0,5,0,0,4,1,1,2,0,1,2,0,1,1,3,1,1,0,1,0,7,0,6,0,0,3,5,0,0,4,0,0,0,0,9,10,0,0,1,0,16,5,9,0,2,2,0,1,2,0,0,6,0,44,0,2,0,0,0,13,1,0,0,0,1,2,3,2,1,6,0,0,0,3,0,1,0,0,65,0,0,1,1,1,0,40,0,0,0,3,25,32,0,2,1,8,1,4,0,1,5,0,1,0,0,2,0,2,3,3,0,0,7,3,0,4,4,0,2,11,0,21,0,0,2,0,0,0,0,2,0,0,0,0,1,0,0,0,0,1,0,0,0,0,0,0,0,0,0,0,1,0,0,0,0,0,0,0,1,0,0,0,0,0,0,0,0,0,0,0,0,0,0,0,0
3067542400055100046,62,4,0,9,1,0,0,0,3,1,1,1,0,0,6,6,0,1,1,6,8,0,3,2,1,1,1,49,1,4,0,1,1,1,9,0,1,1,3,0,3,1,2,0,1,0,20,20,2,0,0,0,0,1,0,3,2,0,1,1,0,1,0,0,15,1,1,4,1,0,0,0,0,0,18,0,8,0,1,7,2,4,0,7,8,0,0,12,21,1,50,0,3,0,8,10,0,0,0,3,82,0,14,1,6,0,0,1,0,0,1,1,29,0,1,0,1,5,2,0,3,1,0,7,8,0,5,0,0,3,17,0,0,0,0,0,0,0,0,0,0,0,1,1,1,0,2,0,0,2,0,0,1,1,0,1,1,0,0,0,2,0,1,1,0,0,0,0,0,0,0,0,0,0,0,1,1,0,1,0
3067542400055100051,120,1,1,0,5,0,0,0,1,18,0,1,1,0,1,3,1,0,0,0,0,9,1,0,0,6,1,21,1,0,3,2,0,0,10,1,0,2,1,5,7,0,0,0,2,2,4,7,0,0,6,0,0,1,0,4,1,1,5,0,0,1,0,0,6,1,2,0,0,0,0,0,3,0,5,0,13,0,1,0,5,6,0,17,0,0,0,2,1,0,83,0,0,0,4,5,4,3,1,3,15,0,17,1,2,1,0,1,0,1,0,0,0,1,0,0,3,3,3,0,3,4,0,6,21,0,5,0,1,5,1,0,0,0,0,0,0,1,1,0,0,0,0,0,0,0,1,0,0,0,0,0,0,0,0,1,0,0,2,0,0,0,0,0,0,0,0,0,0,0,0,0,0,0,1,0,0,0,1,0
3067542400055100056,24,0,0,0,0,0,1,0,0,1,0,0,0,0,0,0,0,0,0,0,0,0,0,0,0,0,0,3,1,1,0,0,0,0,0,0,0,0,1,4,1,0,0,0,0,0,1,4,0,0,1,0,0,1,0,0,0,0,2,0,0,0,0,0,1,1,0,0,0,0,0,0,0,0,1,0,0,0,0,0,0,0,0,8,0,0,0,0,1,0,3,0,0,0,1,6,4,0,0,0,2,0,0,0,0,1,0,0,0,0,1,0,0,0,0,0,0,1,0,0,0,0,0,0,1,0,2,1,0,0,0,0,0,0,0,0,0,0,0,0,0,0,0,0,0,0,0,0,0,0,0,0,0,0,0,0,0,0,0,0,0,0,0,2,0,0,0,0,0,0,0,0,0,0,0,0,0,0,0,0
3067542400055100057,133,0,5,2,3,1,0,0,0,4,0,0,0,1,2,0,0,0,0,3,0,0,3,3,0,1,1,7,1,3,1,2,0,0,4,0,0,0,0,2,1,3,0,6,6,16,6,23,1,0,0,0,0,0,0,0,1,0,3,1,0,0,2,0,9,3,0,0,0,0,2,0,0,0,1,0,1,0,4,0,4,0,1,0,0,0,0,1,1,2,22,0,0,0,8,8,3,2,2,0,16,0,3,4,0,18,0,14,0,0,0,1,2,5,0,0,0,3,7,0,2,5,1,0,18,0,5,2,1,4,1,0,0,0,0,0,0,0,0,0,0,0,0,0,0,0,0,0,0,0,1,0,0,0,0,0,0,0,0,0,0,0,0,0,0,0,1,0,0,0,0,0,2,0,0,0,0,0,0,0
3067542400055100059,139,27,5,15,2,2,0,0,9,2,1,0,0,0,4,4,0,3,1,3,13,0,1,1,2,0,0,57,0,3,0,3,7,1,0,2,1,5,1,0,1,0,3,2,0,4,17,24,0,2,0,0,0,2,0,5,2,0,4,0,0,0,0,0,12,0,2,0,1,1,0,2,1,0,12,0,6,0,1,6,1,8,0,9,0,0,0,10,11,3,70,0,1,0,8,6,6,1,0,6,77,1,12,1,0,0,0,3,1,0,2,1,38,0,0,0,1,5,13,0,4,1,1,15,18,0,5,0,1,2,20,5,2,0,1,0,0,1,0,0,2,0,0,1,0,1,2,2,0,0,1,0,0,2,0,1,1,0,0,2,2,0,0,1,0,0,0,0,0,0,0,0,0,0,0,0,1,0,1,0
3067542400055100061,40,2,9,0,1,1,0,0,0,3,0,0,0,0,0,1,1,0,0,0,3,0,1,1,0,0,0,26,0,1,0,0,0,0,7,1,0,10,0,0,1,0,0,1,1,1,6,10,0,1,0,0,0,0,0,0,2,1,0,0,0,0,0,0,2,0,0,0,2,0,1,0,1,0,5,0,3,0,2,2,3,1,0,4,0,0,0,0,31,0,15,0,1,0,8,2,3,2,0,3,25,0,1,0,0,3,0,1,0,0,2,0,1,0,1,0,1,1,1,0,1,2,1,0,5,0,3,0,1,1,0,3,4,0,1,1,0,0,0,1,0,0,0,2,0,0,0,0,0,0,0,0,0,0,0,0,0,0,0,0,0,0,0,2,0,0,0,0,0,0,0,0,0,0,0,0,0,0,0,0
3067542400055100062,17,0,3,0,1,1,0,0,0,0,0,0,0,0,0,0,0,0,0,0,1,0,2,0,0,1,0,0,0,0,0,0,0,0,2,0,0,2,0,1,0,0,0,1,0,2,0,8,0,0,0,0,0,0,0,0,3,0,0,0,0,0,0,0,4,0,0,0,0,0,0,1,0,0,1,0,1,0,0,0,0,2,0,0,0,0,0,1,1,1,10,0,0,0,0,1,1,0,0,0,1,0,0,0,0,4,1,0,0,0,0,0,0,0,0,0,0,0,2,0,1,0,0,0,0,0,0,0,0,0,0,0,0,0,0,0,0,0,0,0,0,0,0,0,0,0,0,0,0,0,0,0,0,0,0,0,0,0,0,0,0,0,0,0,0,0,0,0,0,0,0,0,0,0,0,0,0,0,0,0
3067542400055100063,84,15,0,8,1,0,0,0,5,1,0,1,0,0,3,3,0,2,1,2,3,0,0,3,3,0,1,35,0,5,0,0,0,2,3,0,2,5,2,0,0,1,4,0,3,0,8,27,1,0,0,0,1,1,0,2,2,1,1,0,0,0,2,0,14,0,0,4,0,1,1,3,0,1,10,0,2,0,0,0,0,1,0,4,6,2,0,7,11,2,35,0,1,1,4,0,1,1,0,1,65,0,7,0,0,0,3,2,0,0,2,1,20,0,1,0,0,6,8,0,1,0,0,9,24,0,1,0,1,2,24,1,3,0,0,0,0,1,0,0,0,0,0,0,1,0,0,0,0,0,0,0,0,0,0,0,0,0,0,1,0,0,0,1,0,0,0,0,0,0,0,0,0,1,0,0,0,0,0,0
3067542400055100065,38,0,2,0,0,2,0,1,1,0,1,1,4,0,0,3,0,0,1,1,12,0,0,2,3,1,0,23,1,3,0,7,0,0,9,0,0,13,2,0,1,1,5,3,0,0,5,10,0,1,0,0,0,1,0,7,2,1,1,0,0,0,0,0,4,0,0,3,4,0,0,1,2,0,4,0,6,0,0,4,0,0,1,14,9,0,0,4,25,4,23,0,9,0,6,0,0,1,0,4,39,0,6,2,0,2,0,0,1,0,3,0,29,0,1,0,0,2,2,1,0,0,3,5,5,0,3,2,1,4,11,4,9,0,0,0,1,0,0,0,1,0,0,0,1,1,0,0,0,0,1,1,0,2,0,0,0,0,1,0,1,1,0,0,0,0,0,0,1,0,0,0,0,0,0,0,0,0,0,0
3067542400055100068,27,0,1,1,0,0,2,0,0,0,0,0,0,0,0,4,0,0,0,5,7,0,1,2,1,0,0,3,0,0,0,1,1,0,3,0,0,3,0,0,5,1,6,1,2,0,2,11,0,0,0,0,0,0,0,0,0,0,0,0,0,0,0,0,5,0,0,0,5,0,0,0,0,0,1,0,0,0,0,4,1,2,0,1,0,0,0,2,2,0,11,0,2,0,1,1,1,0,0,1,11,0,0,0,0,6,1,0,2,1,0,0,0,2,0,0,0,3,0,0,0,1,1,0,5,0,3,0,0,0,0,0,3,0,0,0,0,0,0,0,0,0,0,0,0,0,0,0,0,0,0,0,0,0,0,0,0,0,0,0,0,0,0,0,0,0,0,0,0,0,0,0,0,1,0,1,0,0,0,0
3067542400055100075,124,10,0,106,0,0,0,0,3,1,1,2,0,3,16,0,0,0,0,0,0,0,1,7,0,1,1,7,3,3,2,0,1,4,2,0,1,1,26,0,7,42,0,3,2,3,20,13,0,10,0,0,3,0,0,10,3,0,4,0,2,1,2,0,0,2,0,0,1,1,4,0,0,0,34,0,1,0,0,0,0,2,1,1,0,0,1,0,0,9,20,0,1,0,1,2,3,1,1,0,60,1,5,0,0,2,1,4,0,0,1,0,3,1,1,0,0,8,20,0,0,3,1,7,17,5,0,0,3,6,0,0,0,0,0,1,0,0,0,0,1,0,0,0,0,0,1,0,0,1,1,0,0,0,0,1,0,0,0,0,2,0,0,0,0,1,0,0,0,0,1,0,0,0,1,1,0,0,1,0
3067542400055200015,38,0,0,4,0,0,1,0,0,5,0,0,0,0,0,0,0,0,0,0,0,1,0,0,0,6,0,0,0,1,0,3,0,0,0,0,0,2,0,8,5,0,0,0,0,7,2,1,0,0,0,0,0,0,0,0,0,0,9,0,2,0,0,0,2,3,0,0,1,0,0,0,0,0,1,0,0,0,0,0,0,0,0,9,0,0,0,1,0,0,10,0,2,0,1,7,10,0,0,0,0,0,0,0,0,0,0,0,0,0,1,0,0,0,0,0,0,0,0,0,0,2,0,1,0,0,13,0,0,0,0,0,0,0,0,0,0,0,0,1,0,0,0,0,0,0,0,0,0,0,0,0,0,0,0,0,0,0,1,0,0,1,0,0,0,0,0,1,0,0,0,0,0,0,0,1,0,0,0,0
3067542400055200019,142,0,0,2,0,0,3,0,0,15,0,0,0,0,0,4,0,2,0,3,0,0,1,0,0,10,0,2,0,0,2,1,1,0,2,0,0,0,1,13,11,1,0,0,1,4,4,1,0,0,0,0,0,0,0,7,2,0,9,1,0,0,0,0,4,5,0,0,0,0,0,0,1,0,2,1,1,0,0,1,1,0,0,18,0,0,0,0,1,0,29,0,2,0,1,7,8,0,1,2,3,0,1,1,2,0,0,0,0,0,3,0,0,0,1,0,0,3,1,0,5,5,0,1,2,0,6,0,0,0,0,0,0,0,1,0,0,0,0,0,0,0,0,2,0,0,1,0,0,0,1,0,0,0,0,0,0,1,0,0,0,0,0,0,0,0,0,0,1,0,0,0,1,0,0,0,0,0,0,0
3067542400055200022,75,1,0,0,0,0,1,0,0,3,0,1,0,0,0,0,0,0,0,1,1,11,0,0,0,7,0,2,0,0,0,2,0,0,0,0,0,3,0,19,6,0,0,0,0,6,2,0,0,0,0,0,0,0,0,1,2,0,19,0,2,0,0,0,5,2,0,0,0,0,1,0,0,0,0,0,0,1,0,0,0,0,0,12,0,0,0,0,0,0,10,0,0,0,0,8,11,0,1,2,0,0,0,0,0,0,0,1,0,0,0,0,0,0,4,0,0,3,1,0,1,8,0,1,2,0,11,1,0,1,0,0,0,0,0,0,0,0,0,1,0,0,0,0,0,0,0,0,0,0,1,0,0,0,0,0,0,0,1,0,0,0,0,0,0,0,0,0,0,0,0,0,0,1,0,0,0,0,0,0
3067542400055200024,44,0,0,0,0,0,0,0,0,0,1,0,0,0,0,0,0,1,0,4,0,0,1,0,0,5,0,4,0,0,0,0,1,0,0,0,0,1,0,3,8,0,0,0,0,4,1,0,0,0,0,0,0,0,0,3,1,0,4,0,0,0,0,0,4,5,0,0,0,0,0,0,0,0,0,0,0,0,0,1,0,1,0,5,1,0,1,0,0,0,2,0,0,0,0,2,11,0,0,0,1,0,0,0,0,0,0,0,0,1,0,0,0,0,0,0,1,1,0,0,1,0,0,1,2,0,5,1,1,0,0,0,0,0,0,0,0,1,0,0,0,0,0,0,0,0,0,0,0,0,0,0,0,0,0,0,0,0,0,0,0,0,0,0,0,0,0,0,0,0,0,0,0,0,0,0,0,0,0,0
3067542400055200025,40,0,0,0,0,0,3,0,0,0,0,0,0,0,1,1,0,1,0,0,0,0,0,0,0,3,0,1,0,0,1,0,0,0,0,0,0,1,1,3,2,1,0,1,1,1,0,0,0,0,0,0,0,0,0,2,1,1,2,0,0,0,0,0,0,4,0,0,0,0,0,1,0,0,2,0,0,0,0,0,0,0,0,17,0,0,0,0,0,0,7,0,1,0,1,8,6,0,0,0,0,0,1,0,1,0,1,0,0,0,1,1,1,0,0,0,0,0,2,0,0,1,0,1,3,0,13,0,0,1,0,0,0,0,0,0,0,0,0,0,0,0,0,0,0,0,0,0,0,0,1,0,0,0,0,0,0,0,0,0,0,0,0,0,0,0,0,0,0,0,0,0,0,0,0,0,0,0,0,0
3067542400055200028,59,0,0,0,0,0,0,0,0,12,0,0,0,0,0,0,0,0,0,0,0,0,0,0,0,6,0,1,0,0,1,0,0,0,0,0,0,0,0,6,6,0,0,1,1,7,3,0,0,0,1,0,0,0,0,2,0,0,1,0,0,0,0,0,1,4,0,0,0,0,1,0,0,0,0,0,0,0,0,0,1,0,0,10,1,0,0,0,1,0,13,0,2,0,1,2,3,0,0,1,1,0,2,0,1,0,0,0,0,1,0,0,0,0,0,0,0,0,0,0,0,3,0,0,3,0,3,0,0,1,0,1,0,0,0,0,0,0,0,0,0,0,0,0,0,0,0,0,0,0,0,0,0,0,0,0,0,0,0,0,0,0,0,0,0,0,0,0,0,0,0,0,0,0,0,0,1,0,0,0
3067542400055200031,64,0,0,1,0,0,2,0,0,1,0,1,0,0,1,0,0,0,0,0,2,0,1,0,0,7,0,3,0,0,2,5,0,0,1,0,0,0,0,7,6,0,0,0,0,3,4,2,0,1,0,0,0,0,0,1,2,0,15,1,0,0,0,0,4,3,0,1,0,0,0,0,1,0,1,1,1,1,0,1,0,0,0,30,0,0,0,0,0,0,9,0,0,0,2,21,13,0,0,0,1,0,0,0,0,0,0,0,0,0,0,0,0,0,0,0,0,0,1,0,1,2,0,0,2,0,6,1,1,0,0,0,0,0,0,0,0,0,0,0,0,0,0,0,0,0,1,0,0,0,1,0,0,0,0,0,0,0,1,0,0,0,0,0,0,0,0,0,0,0,0,0,0,0,0,0,0,0,0,0
3067542400055200032,27,0,0,0,0,0,0,0,0,0,0,0,0,0,0,0,0,0,0,0,0,0,0,0,0,3,0,0,0,0,0,0,0,0,0,0,0,0,1,2,0,0,0,1,0,1,1,1,0,0,0,0,0,0,0,1,1,0,2,0,0,0,0,0,0,0,0,0,0,0,1,0,0,0,0,0,0,1,0,0,0,0,0,19,0,0,0,0,0,0,4,0,0,0,0,8,8,0,0,0,0,0,1,0,0,0,0,0,0,0,0,0,0,0,1,0,0,0,1,0,0,0,0,0,0,0,6,0,0,0,0,0,0,0,1,0,0,0,0,0,1,0,0,0,0,0,0,0,0,0,0,0,1,0,0,0,0,0,0,0,0,0,0,0,0,0,0,0,0,0,0,0,1,0,0,0,0,0,0,0
3067542400055200034,101,0,1,1,0,0,3,0,0,3,0,0,0,0,0,1,0,0,0,2,1,0,1,0,0,11,0,0,0,0,1,1,0,0,1,0,0,3,0,11,9,1,0,0,0,3,3,0,0,1,0,0,0,0,0,0,1,1,22,0,0,0,0,0,2,9,0,1,0,1,0,0,0,0,2,0,0,0,0,0,1,1,0,54,0,0,0,1,2,0,16,0,1,0,1,25,27,1,0,0,1,0,0,0,1,0,0,0,0,1,3,0,0,0,1,0,0,2,1,0,2,0,0,4,2,0,14,0,1,0,0,0,0,0,0,0,0,0,0,0,1,0,0,0,0,0,1,0,0,0,0,0,0,0,0,0,0,0,0,0,0,0,1,1,0,0,0,0,0,0,0,1,0,0,0,1,0,0,0,1
3067542400055200035,87,0,0,1,0,0,2,1,0,2,0,0,0,0,0,2,0,0,0,0,0,0,1,0,0,10,0,2,0,0,2,1,0,0,0,0,0,0,0,6,3,0,0,0,0,3,0,0,0,0,0,0,0,0,0,4,2,0,5,0,0,0,0,0,2,2,0,0,0,0,0,0,0,0,5,0,0,0,0,0,0,0,0,25,0,0,1,1,1,1,13,0,1,0,3,1,1,1,0,0,1,0,1,2,0,0,0,0,0,0,1,0,2,0,0,0,0,1,3,1,2,0,0,0,8,0,3,0,0,0,0,0,0,0,0,0,0,0,0,0,0,0,0,0,0,0,0,0,0,0,0,0,0,0,0,0,0,0,0,0,0,0,0,0,0,0,0,0,0,0,0,0,0,0,0,0,0,0,0,0
3067542400055200036,27,0,0,0,0,0,0,0,0,4,0,0,1,0,0,0,0,0,0,0,0,0,0,0,0,1,0,1,0,0,1,0,0,0,0,0,0,3,0,4,4,0,1,0,0,0,1,0,0,0,0,0,0,0,0,0,0,0,3,0,0,0,0,0,4,0,0,0,0,0,0,0,0,0,1,1,0,0,0,0,1,0,0,13,0,0,0,0,0,0,2,0,1,0,0,7,11,0,0,3,1,0,1,0,0,0,1,0,0,0,0,0,1,0,0,1,0,3,0,0,0,0,0,0,0,0,7,2,0,0,0,0,0,0,0,0,0,0,0,0,0,0,0,0,0,0,0,0,0,0,0,0,0,0,0,0,0,0,0,0,0,0,0,0,0,0,0,0,0,0,0,0,0,0,0,0,0,0,0,0
3067542400055200037,61,0,0,0,0,0,0,0,0,0,0,0,0,0,0,1,1,0,0,0,0,0,3,0,0,5,0,0,0,0,1,0,0,0,0,0,0,1,0,12,5,0,0,0,1,3,5,0,0,1,0,0,1,0,0,1,2,0,11,0,0,0,0,0,4,0,0,0,0,0,0,2,0,0,0,0,1,0,0,0,0,0,0,25,0,0,0,0,0,0,7,0,0,0,0,8,6,0,0,2,2,0,1,0,0,0,0,0,0,2,0,0,3,0,1,0,0,1,1,0,0,0,0,0,0,0,6,0,0,0,0,0,0,0,0,0,0,0,0,1,0,0,0,0,0,0,0,0,0,0,0,0,0,0,0,0,0,0,0,0,0,0,1,0,0,0,0,0,0,0,0,0,0,0,0,0,0,0,0,0
3067542400055200038,59,0,0,1,2,0,0,1,0,7,0,0,6,0,0,1,0,0,2,1,0,3,6,1,0,1,1,25,0,2,1,14,1,1,13,0,0,0,0,9,2,1,1,0,1,1,0,5,0,0,3,0,0,0,1,6,1,0,0,0,0,0,0,0,5,1,3,1,1,0,0,0,1,0,0,0,14,0,1,1,0,5,0,8,0,0,0,1,0,0,44,0,0,0,2,11,0,1,1,0,28,1,11,1,6,3,3,0,0,0,0,0,2,2,0,0,4,2,3,0,3,5,1,2,7,0,1,0,0,8,1,1,0,0,0,0,0,0,0,1,0,0,0,0,0,0,0,0,0,1,0,0,0,0,0,0,1,0,0,0,0,1,1,0,0,0,0,0,0,0,0,0,0,0,1,0,1,0,0,1
3067542400055200040,34,0,0,1,0,0,0,0,0,7,1,0,0,0,0,1,0,0,0,1,1,1,1,2,0,2,0,1,0,1,1,1,0,0,2,1,0,0,0,1,4,0,0,1,1,2,1,0,0,0,0,0,0,0,0,2,2,0,1,0,0,0,0,0,4,1,0,0,0,0,2,2,0,0,1,0,3,0,0,0,0,0,0,7,0,0,0,1,1,0,12,1,0,0,2,3,0,1,0,0,3,0,4,0,0,1,1,0,0,0,0,0,0,0,0,0,0,0,0,0,1,0,0,2,3,0,0,0,0,2,0,0,0,0,0,0,0,0,0,0,0,0,0,0,0,0,0,0,0,0,0,0,0,0,0,0,0,0,0,0,0,0,0,0,0,0,0,0,0,0,0,0,0,0,1,0,0,0,0,0
3067542400055200042,82,0,0,0,0,0,1,0,0,3,0,0,1,0,0,1,1,0,0,1,0,1,2,0,0,8,0,2,0,0,1,1,0,0,2,0,0,0,0,7,4,0,0,1,0,2,4,0,0,0,0,0,0,0,1,2,2,0,6,0,1,0,0,0,4,1,0,0,0,1,0,0,0,0,3,0,0,0,0,0,0,0,0,21,0,0,0,0,1,0,15,0,0,0,2,3,7,0,0,3,0,0,2,0,2,0,0,1,0,0,1,0,0,0,1,0,0,2,1,0,4,1,0,2,2,0,12,0,0,0,0,0,0,0,0,0,0,0,0,0,0,1,0,0,0,0,0,0,0,0,0,0,0,0,0,0,0,0,1,0,0,0,0,0,0,0,0,0,0,0,0,0,0,0,1,0,0,0,0,0
3067542400055200047,45,0,0,1,3,0,0,0,2,2,0,1,3,0,0,2,0,0,0,4,3,11,6,1,0,0,0,14,0,0,0,1,1,0,8,0,0,2,1,2,1,0,0,1,3,3,2,6,0,1,4,0,0,0,0,1,1,1,2,0,0,0,0,0,6,0,1,0,2,0,1,0,2,0,1,0,10,0,1,1,5,5,0,8,1,0,0,1,1,1,46,0,0,0,2,2,1,0,0,2,21,0,8,0,1,0,0,3,0,0,0,0,0,2,1,0,1,2,1,0,1,1,0,2,7,0,0,0,1,3,1,0,0,0,0,0,0,0,0,0,0,0,0,0,0,0,1,0,0,0,0,1,0,1,0,0,0,0,0,0,1,0,0,1,0,1,0,0,0,0,1,0,0,0,0,1,0,0,0,0
3067542400055200049,48,0,3,3,1,0,0,0,3,0,0,6,0,0,0,12,0,0,1,2,7,0,2,2,2,3,0,61,1,2,2,1,1,0,5,0,0,6,0,1,1,0,1,0,1,0,6,19,0,0,0,0,1,0,0,1,0,0,0,0,1,0,0,0,4,0,0,1,7,0,0,2,0,1,7,0,16,0,1,6,0,6,1,6,1,0,1,0,22,1,45,0,0,0,12,8,1,1,0,10,104,2,4,2,5,0,0,0,0,2,1,2,6,1,0,0,0,1,2,0,3,0,0,3,12,0,2,1,0,2,0,5,0,1,0,0,0,0,0,0,0,0,0,1,0,0,0,0,0,2,1,0,0,1,0,0,0,0,1,0,2,0,0,0,0,0,0,0,0,0,0,1,0,0,0,1,0,0,1,0
3067542400055200056,46,1,0,30,0,1,0,0,3,0,1,0,0,0,1,1,0,1,0,2,2,0,1,1,1,0,0,10,0,1,1,0,0,2,1,0,0,1,1,1,0,0,1,0,0,0,5,6,1,3,0,0,0,0,0,0,1,0,1,0,1,0,0,0,3,0,1,0,0,1,1,0,0,0,27,1,1,0,0,5,1,2,0,0,1,0,0,2,4,0,20,0,2,0,2,1,1,0,0,3,18,0,3,1,1,0,0,1,0,0,0,0,2,0,0,0,0,6,9,0,1,0,0,3,5,0,0,0,0,0,2,1,0,0,0,0,0,0,0,0,0,0,0,0,0,0,0,2,1,0,0,0,0,0,0,0,0,0,0,0,0,0,0,0,0,0,0,0,0,0,0,1,0,0,0,0,0,0,0,0
3067542400055200057,68,0,8,0,5,1,0,0,0,1,0,0,3,0,0,2,0,0,1,0,3,0,2,0,1,1,0,25,1,0,1,1,1,0,8,1,0,7,1,2,0,3,0,7,2,0,5,22,0,0,1,0,0,0,0,0,2,0,1,0,3,2,0,0,3,0,4,2,1,0,1,1,4,0,3,0,4,0,8,1,0,4,0,1,1,0,0,2,24,0,32,0,0,0,5,3,4,1,2,2,25,0,12,3,0,15,0,1,0,0,2,0,0,1,1,0,5,1,0,0,1,1,0,2,2,0,1,0,1,4,2,1,0,0,0,0,0,1,0,0,0,0,0,1,0,0,0,1,0,0,3,0,0,1,1,0,0,0,0,0,0,0,0,0,0,0,0,0,0,0,0,0,0,0,1,0,0,0,2,0
3067542400055200058,71,0,5,2,4,0,0,0,0,5,0,1,1,1,0,2,0,3,1,3,13,3,5,1,1,0,0,94,0,3,0,3,0,0,9,0,0,10,3,0,3,0,0,3,1,0,6,18,0,0,0,0,0,0,0,1,3,2,1,0,0,0,1,0,2,0,0,0,4,1,0,2,3,1,3,0,13,0,4,5,2,4,1,9,0,0,0,1,31,0,43,0,3,0,9,10,1,0,1,2,81,0,8,1,0,8,1,0,0,1,3,0,0,1,1,0,4,5,2,0,3,0,2,2,15,0,2,1,2,5,2,5,1,0,0,0,0,0,0,0,0,0,0,1,0,0,0,0,0,0,1,0,0,0,0,0,0,0,0,1,0,0,0,0,0,0,0,0,0,0,0,0,0,0,0,0,0,0,0,0
3067542400055200065,106,20,1,7,0,1,0,0,4,0,0,1,0,2,5,1,0,0,1,2,5,0,0,0,1,0,2,26,1,6,1,3,2,3,4,0,0,8,6,0,4,7,2,0,2,0,11,44,0,8,0,0,0,4,0,2,3,0,2,0,0,0,1,0,9,0,1,3,1,7,0,2,1,0,32,0,2,0,0,3,1,5,0,11,8,4,0,4,5,0,20,0,0,0,0,1,1,0,0,1,71,0,3,1,0,1,2,1,0,0,1,0,23,0,2,0,1,8,35,1,2,0,0,11,21,0,0,2,3,1,16,4,2,1,0,0,0,0,2,0,0,0,0,0,0,0,0,0,0,2,0,0,0,0,0,0,0,0,0,0,0,0,0,0,0,0,1,0,0,0,0,0,0,1,0,0,0,0,0,0
3067542400055200066,21,1,1,0,0,0,0,0,2,0,0,0,0,3,4,0,0,0,1,0,0,0,2,0,0,0,5,7,2,0,0,0,0,0,1,1,0,0,6,0,1,7,0,0,4,0,8,0,0,5,0,0,0,0,0,5,0,0,2,0,0,1,0,0,1,0,1,0,1,0,0,0,0,0,0,0,1,1,0,1,0,0,0,1,0,0,0,0,3,4,5,0,0,0,1,0,0,0,0,1,17,0,0,1,1,0,0,0,0,0,0,0,6,1,0,0,0,0,1,0,0,0,0,0,12,1,2,2,1,0,1,0,1,0,0,0,0,0,0,0,0,0,0,0,0,0,0,0,0,0,0,0,0,0,1,0,0,0,0,0,0,0,0,0,0,0,0,0,0,0,0,0,0,0,0,0,0,0,0,0
3067542400055200074,117,18,11,15,1,6,1,0,6,3,0,0,1,18,29,1,2,0,0,0,2,0,3,7,1,4,25,33,6,15,3,2,2,1,10,3,1,6,43,0,2,95,8,2,10,2,39,22,1,38,0,0,8,11,0,35,5,0,9,2,0,10,4,0,29,0,1,3,0,0,7,14,0,1,7,0,4,1,1,0,2,0,0,1,19,0,0,9,10,10,88,0,1,0,6,0,3,2,0,4,45,1,15,4,1,2,0,5,1,2,0,0,50,0,2,3,0,12,9,2,0,0,4,29,52,1,8,4,9,3,31,0,0,0,0,0,0,1,0,1,1,0,0,0,0,1,2,0,1,1,1,2,0,0,1,0,0,0,0,0,2,1,0,0,0,0,0,1,0,1,0,2,0,1,2,1,0,0,1,0
3067542400055200090,103,30,9,24,1,0,1,1,3,2,1,0,3,30,21,0,0,2,2,3,0,2,5,9,2,2,8,7,10,5,2,4,1,8,10,2,0,4,56,0,3,141,3,7,16,5,30,25,0,30,0,0,4,7,0,38,1,0,2,1,0,3,0,2,9,2,1,3,1,0,12,10,1,1,16,0,3,1,1,0,3,1,0,8,29,0,0,4,0,7,96,2,9,1,6,3,3,6,2,4,28,1,7,2,2,5,0,9,0,1,0,2,23,0,1,2,0,4,4,4,0,0,0,6,27,1,4,1,18,4,16,3,1,0,3,0,0,1,2,2,3,0,0,0,1,0,3,0,0,1,0,0,0,1,0,0,1,0,0,0,0,0,0,1,0,1,1,1,0,0,1,0,0,1,0,0,1,0,1,0
3067542400055200098,66,6,0,21,0,2,1,2,1,0,0,0,1,1,9,1,0,0,1,1,0,0,1,1,4,0,1,11,0,2,1,0,0,3,1,0,0,0,14,0,0,8,0,0,0,0,16,24,0,5,0,0,0,0,0,1,5,0,2,0,0,0,1,0,0,0,0,1,0,4,0,1,0,0,49,0,0,0,0,1,0,4,0,0,2,1,0,1,1,0,2,0,1,0,0,2,2,1,0,2,31,1,2,0,0,0,0,1,0,1,0,0,2,0,1,0,0,5,50,0,1,2,0,1,4,0,0,2,2,0,2,0,0,0,0,0,0,0,1,0,1,0,0,0,0,0,0,0,0,0,0,0,0,0,0,0,0,1,0,0,0,0,0,0,0,0,0,0,0,0,0,1,0,0,0,0,0,0,0,0
3067542400055200110,33,6,1,6,0,1,0,0,0,1,0,0,0,1,0,0,0,1,2,0,0,0,0,2,4,1,2,13,3,0,1,2,0,3,0,0,0,0,6,0,1,4,0,0,0,0,7,13,0,2,0,0,0,0,0,3,1,0,0,0,0,0,0,0,0,0,0,0,0,8,1,1,0,1,10,0,0,0,0,0,0,4,0,1,1,0,0,1,1,3,6,0,0,0,0,0,1,0,1,0,36,1,3,0,0,0,0,2,0,0,0,0,3,0,0,0,0,2,43,0,0,0,0,2,5,0,0,0,4,0,0,0,0,0,1,0,0,0,0,0,0,0,0,0,0,0,0,1,0,0,0,0,0,0,0,0,0,0,0,0,0,1,0,0,0,0,0,0,0,0,0,0,0,0,0,0,0,0,0,0
3067542400055200112,22,8,0,1,0,0,1,0,0,0,0,0,0,6,6,0,0,0,0,0,0,1,0,7,0,0,0,0,1,0,0,0,0,0,0,0,0,0,17,0,1,46,0,0,0,1,17,3,0,8,0,0,0,0,0,25,0,0,3,1,0,6,0,0,2,0,0,0,0,0,2,1,0,1,2,1,0,0,0,0,0,0,0,0,0,0,1,1,0,5,25,0,0,0,0,1,0,2,0,0,25,2,2,0,0,0,0,3,0,0,0,0,0,0,2,1,0,1,3,0,0,0,0,1,9,0,0,0,10,1,0,0,0,0,1,0,0,0,0,2,0,1,0,1,0,0,0,0,0,0,0,1,0,0,0,0,0,1,0,0,1,1,0,1,0,0,0,1,0,0,1,0,0,0,0,0,0,0,0,0
3067542400055200127,18,1,0,3,0,0,0,0,0,0,0,0,0,1,1,1,0,0,0,1,0,0,0,0,3,0,0,4,1,0,0,0,0,0,0,0,0,0,1,0,1,0,0,0,0,0,2,6,0,0,0,0,0,0,0,0,4,0,0,0,0,0,0,0,0,0,0,0,0,3,0,0,0,0,1,0,0,0,0,0,0,5,0,0,1,0,1,0,0,1,1,0,1,0,0,0,1,0,0,0,11,0,0,0,0,0,0,0,0,0,0,0,0,0,0,0,0,0,30,0,0,0,0,0,1,0,0,0,0,0,0,0,0,0,0,0,0,0,0,0,0,0,0,0,0,0,0,0,0,0,0,0,0,0,0,1,0,2,0,0,0,0,0,0,0,0,0,0,0,0,0,0,0,0,0,0,0,0,0,0
3067542400055300045,3,0,0,0,0,0,0,0,1,0,0,0,0,0,0,0,0,0,0,1,0,0,0,0,0,0,0,3,0,0,0,0,0,0,0,0,0,0,0,0,0,0,0,0,0,0,1,0,0,0,0,0,0,0,0,0,0,0,0,0,0,0,0,0,0,0,1,0,3,0,0,1,0,0,0,0,5,0,0,0,0,1,0,0,0,0,0,0,0,0,1,0,0,0,2,1,0,0,0,0,5,0,0,0,0,0,0,0,0,0,0,0,0,0,0,0,0,0,0,0,0,0,0,1,1,0,0,0,0,0,0,0,0,0,0,0,0,0,0,0,0,0,0,0,0,0,1,0,0,0,0,0,0,0,0,0,0,0,0,0,0,0,0,0,0,0,0,0,0,0,0,0,0,0,0,1,0,0,0,0
3067542400065100004,18,3,0,1,0,2,1,0,0,1,4,0,0,4,0,0,0,1,0,2,2,0,1,0,2,0,0,13,0,0,1,0,0,0,0,0,0,1,0,0,1,1,0,0,0,0,2,17,0,0,0,0,0,0,0,0,0,0,0,8,0,0,0,0,0,0,0,0,0,1,0,0,0,0,0,0,1,0,0,1,0,1,0,0,0,2,0,0,0,0,3,2,1,0,0,2,0,0,0,0,19,0,3,0,1,0,0,0,0,0,0,0,0,0,1,0,0,10,6,0,0,0,0,0,4,0,0,0,1,0,0,0,0,0,0,0,0,0,0,0,0,0,0,0,0,0,0,0,0,0,0,0,0,0,0,0,0,0,0,0,1,0,0,1,0,0,0,0,0,0,0,0,0,0,0,0,0,0,0,0
3067542400065100008,77,2,0,2,2,5,0,0,0,4,2,0,0,3,0,2,0,1,1,18,6,0,3,0,1,1,2,141,0,0,0,1,1,1,3,0,0,5,0,0,4,1,2,1,0,2,10,19,1,0,0,0,0,0,0,0,3,0,4,40,1,0,0,0,2,0,0,0,3,1,1,1,0,0,0,0,1,0,0,4,0,1,0,1,0,5,0,1,0,0,27,9,0,0,3,0,1,0,0,0,88,1,0,0,0,1,0,0,0,1,1,0,0,0,2,0,0,27,4,0,0,1,0,2,3,2,0,1,1,0,0,0,0,0,0,0,0,0,1,0,0,0,0,0,0,0,2,0,1,0,0,0,0,0,0,0,0,0,0,0,1,0,0,0,0,0,0,0,0,0,0,0,0,0,1,0,0,0,0,0
3067542400065100014,9,1,0,0,0,0,0,0,0,0,1,0,0,5,0,0,0,0,0,0,0,0,3,0,0,0,0,4,0,0,0,0,0,0,0,0,0,0,0,0,0,0,0,0,0,1,5,5,0,0,0,0,0,0,0,0,0,0,1,4,1,0,0,0,2,0,0,0,0,0,0,0,0,0,0,0,0,0,0,1,0,0,0,0,0,0,0,0,6,0,3,2,0,0,1,0,0,2,0,0,4,2,3,0,0,0,0,0,0,0,0,0,0,0,0,0,0,2,5,0,0,0,0,0,1,0,0,0,0,0,0,0,0,0,0,0,0,0,0,0,0,0,0,1,0,0,0,0,0,0,0,0,0,0,0,0,0,0,0,0,0,0,0,0,0,0,0,0,0,0,0,0,1,0,0,0,0,0,0,0
3067542400065100015,91,5,0,0,0,0,0,0,2,2,0,1,0,7,0,1,0,0,0,3,12,0,2,1,3,0,0,22,1,0,1,1,0,0,1,0,0,0,0,0,2,1,0,3,0,3,7,11,0,0,0,0,0,1,0,1,2,0,0,11,4,0,0,0,3,0,0,0,3,0,0,2,0,0,1,0,0,0,0,1,1,0,0,0,0,2,0,2,5,0,15,15,0,1,2,5,1,0,0,0,49,1,3,0,0,0,0,0,0,0,4,0,1,1,3,0,1,2,29,0,0,1,0,0,11,1,0,1,4,0,0,0,0,0,0,0,0,0,0,1,1,0,0,0,0,0,0,0,0,0,1,0,0,0,1,0,0,0,0,0,1,0,0,0,0,0,0,0,0,0,0,0,0,0,1,0,0,0,0,0
3067542400065100017,20,0,0,0,0,0,0,0,0,2,0,1,0,1,0,0,0,0,0,8,1,0,1,0,0,0,0,9,0,0,0,0,1,0,0,0,0,0,0,0,0,0,0,0,0,1,0,5,0,2,0,0,0,0,0,0,0,0,3,4,0,0,0,0,1,0,0,0,1,0,0,0,0,0,0,0,2,0,0,2,0,0,0,0,0,0,0,0,0,0,6,0,0,0,2,0,0,0,0,0,9,0,0,0,0,0,0,0,0,0,0,0,0,0,0,0,0,11,3,0,0,0,1,0,1,0,1,0,0,1,0,0,0,0,0,0,0,0,0,0,0,0,0,0,0,0,0,0,0,1,0,0,0,0,0,0,0,0,0,0,0,1,0,0,0,0,0,0,0,0,0,0,0,0,0,0,0,0,0,0
3067542400065100019,76,0,0,1,0,1,0,0,0,3,0,0,2,2,2,5,0,0,0,23,4,0,4,0,0,1,0,171,1,0,0,1,3,2,1,0,0,6,0,0,1,1,1,0,0,1,9,5,0,1,0,0,0,1,0,0,2,0,10,20,2,0,0,0,7,0,0,1,3,0,0,2,0,0,5,0,10,0,0,2,0,0,1,0,1,5,0,0,0,0,34,6,0,1,12,1,0,1,0,1,162,1,2,0,1,0,0,0,0,3,0,0,4,0,1,0,0,28,13,0,0,0,2,5,5,0,3,2,1,1,2,0,0,0,0,0,0,0,1,0,0,0,0,0,0,0,0,0,0,0,0,0,0,0,0,0,0,0,0,0,0,0,0,1,0,0,0,0,0,0,0,0,0,0,1,0,0,0,0,0
3067542400065100024,73,9,0,2,0,4,1,1,2,1,1,0,1,0,0,16,1,0,0,1,14,0,6,0,5,0,0,46,0,0,2,1,2,2,1,0,0,0,0,0,6,3,1,1,0,2,19,9,0,1,0,1,2,1,0,1,3,0,0,5,0,0,0,0,2,0,1,0,5,1,1,0,1,1,8,1,0,0,0,3,0,8,0,0,2,3,0,0,0,1,2,23,0,1,0,10,2,1,2,1,60,1,0,0,0,0,0,0,0,0,10,0,0,1,2,1,0,3,76,0,0,1,0,1,5,1,1,0,5,0,0,0,0,0,0,0,0,0,1,0,1,0,0,0,0,0,0,0,1,0,0,0,0,0,0,0,0,0,0,0,1,0,1,0,0,0,0,0,0,0,0,0,1,0,0,0,0,0,0,0
3067542400065100025,14,0,0,0,0,0,0,0,0,0,0,0,0,0,0,2,0,0,0,3,0,0,0,0,1,0,0,70,0,0,0,1,0,0,0,0,0,1,0,0,0,0,0,0,0,0,0,0,1,0,0,0,0,0,0,0,0,0,0,2,0,0,0,0,0,0,0,0,2,0,0,0,0,0,1,0,0,0,0,0,0,0,1,0,0,1,0,0,0,0,0,0,0,0,1,0,0,0,0,0,91,0,0,0,0,0,0,0,0,0,0,0,0,0,0,0,0,7,0,0,0,0,0,0,0,1,0,0,0,0,0,0,0,0,0,0,0,0,0,0,0,0,0,0,0,0,0,0,0,0,1,0,0,0,0,0,1,0,0,0,1,0,0,0,0,0,0,0,0,0,0,0,1,0,0,0,0,0,0,0
3067542400065100027,97,0,0,6,0,0,0,0,1,3,7,0,0,0,0,1,0,1,0,1,1,0,0,0,0,0,0,3,0,1,0,1,1,4,0,0,1,1,0,0,0,0,0,0,0,4,8,0,0,0,0,0,0,0,0,3,0,0,1,0,0,0,0,0,0,0,0,0,0,0,0,1,0,0,50,1,1,0,0,0,0,1,0,0,1,0,0,4,0,1,2,3,0,0,1,0,1,0,1,0,4,2,1,0,1,0,0,0,0,0,0,0,3,0,0,0,0,2,1,0,1,0,0,3,0,0,0,0,3,0,1,0,0,0,0,0,0,0,0,0,0,0,1,0,0,0,0,0,0,0,0,0,0,0,0,0,0,1,0,0,0,0,0,0,0,0,0,0,0,0,0,0,0,0,0,0,0,0,1,0
3067542400065100029,66,0,0,0,0,1,1,0,1,2,1,1,1,0,0,0,0,0,0,14,1,0,4,0,1,0,0,10,0,3,1,1,2,0,2,0,0,4,0,0,2,0,0,0,0,2,5,11,1,0,0,0,0,7,0,1,1,1,12,11,0,0,0,0,11,0,0,4,3,0,1,0,0,0,1,1,11,0,0,2,0,0,0,0,4,0,0,0,1,0,15,3,0,0,5,1,1,1,0,0,19,5,3,1,1,0,0,1,0,2,0,0,7,0,0,0,0,15,6,0,0,0,1,1,2,0,3,3,0,0,0,0,0,0,0,0,0,0,0,0,0,0,0,0,0,0,0,0,0,0,0,0,0,0,0,0,0,0,0,1,0,0,0,0,0,0,1,0,0,0,0,0,0,0,0,0,0,0,0,1
3067542400065100032,103,0,0,2,0,0,0,1,6,5,2,0,5,0,0,0,0,0,0,0,1,0,1,2,0,1,0,5,0,2,1,0,4,3,0,0,1,0,0,0,3,1,0,0,0,2,11,2,1,0,0,0,0,4,1,2,0,0,1,1,2,0,0,0,7,0,0,1,0,0,1,0,0,0,58,0,1,0,0,0,0,0,0,0,16,0,0,2,0,1,7,3,0,0,0,0,0,1,0,1,8,2,2,0,0,0,0,1,0,0,0,0,4,0,3,0,0,4,6,0,0,0,0,3,0,0,0,0,1,0,7,0,0,0,0,0,0,0,0,0,0,0,0,1,0,0,0,0,0,0,0,0,0,0,0,0,0,0,0,0,0,1,0,0,1,0,0,0,0,0,0,0,0,0,0,0,0,0,0,0
3067542400065100034,38,0,0,0,0,0,0,0,0,2,9,0,3,0,0,1,0,0,0,3,0,0,2,0,0,0,0,1,0,2,0,0,0,2,2,0,0,2,0,0,1,5,0,0,1,0,2,2,1,0,0,0,0,3,1,0,1,0,1,0,4,0,0,0,3,0,0,2,0,0,0,0,0,0,4,0,7,0,0,0,0,6,3,0,8,0,0,1,0,0,4,2,0,0,1,0,1,0,0,0,2,8,2,0,1,0,0,1,1,0,0,0,0,0,2,0,0,0,6,0,0,0,1,0,0,1,0,0,4,0,1,0,0,0,0,0,0,0,0,0,0,0,0,0,0,0,0,0,0,0,0,0,0,1,0,0,0,0,0,0,0,0,0,1,0,0,0,0,0,0,0,0,0,0,0,0,0,0,0,0
3067542400065100035,125,0,0,1,0,0,2,0,1,13,21,4,28,0,0,0,0,1,0,1,1,0,7,0,0,0,0,1,1,0,3,1,0,1,4,0,1,9,0,0,0,16,0,0,0,4,6,3,7,5,0,1,2,0,0,0,1,0,7,0,5,0,0,0,4,0,0,0,0,0,0,1,0,0,9,1,26,0,0,0,0,5,10,0,0,3,0,2,3,0,12,11,0,2,2,0,1,1,0,0,4,17,3,0,1,1,0,6,4,0,1,0,0,0,2,0,0,1,24,0,0,0,0,1,2,0,2,0,5,0,1,0,0,0,0,0,0,0,0,0,0,0,0,0,0,0,0,0,0,0,1,0,0,0,0,0,0,0,0,0,0,0,0,1,0,1,0,0,0,0,0,0,0,1,1,0,0,1,0,0
3067542400065100037,83,0,0,1,0,0,0,0,1,1,23,2,20,0,0,1,0,0,0,0,0,0,3,0,0,0,0,2,0,0,0,3,0,0,2,1,1,11,0,0,0,7,0,0,0,3,3,3,12,3,0,0,1,0,0,0,2,0,10,0,2,0,0,0,3,0,0,0,0,1,0,0,0,0,2,1,8,0,0,0,0,7,3,0,0,4,0,0,3,1,8,7,0,1,1,0,1,0,0,0,1,8,3,0,1,0,0,3,1,0,0,0,0,0,2,0,0,0,20,1,2,3,0,1,0,0,1,0,9,0,0,0,0,0,0,0,0,0,0,0,0,0,0,0,0,0,0,0,0,0,0,0,1,0,1,0,0,0,0,0,0,0,0,0,0,0,0,0,0,0,0,0,0,0,0,0,0,0,0,0
3067542400065100044,89,0,0,0,0,0,1,0,0,8,22,0,24,0,0,2,0,2,0,1,0,1,5,0,0,0,0,2,1,0,0,2,0,0,2,0,0,10,0,0,1,36,0,0,3,6,1,6,10,6,0,1,0,1,0,0,3,0,3,0,5,0,0,0,1,1,0,0,0,0,0,0,0,0,9,1,18,0,0,0,0,5,10,0,0,5,0,1,1,0,6,4,0,0,3,0,0,1,0,0,1,6,4,0,0,0,0,1,4,0,1,0,2,0,2,0,0,2,20,0,1,2,0,2,1,0,0,0,23,0,0,0,0,0,0,0,0,0,0,0,0,0,0,0,0,0,0,0,0,0,0,0,0,0,0,1,0,0,0,0,0,0,0,0,0,0,0,0,0,0,0,0,0,0,0,0,0,0,0,0
3067542400065100045,37,0,0,2,0,0,0,0,0,5,16,0,13,0,0,0,0,0,0,0,1,0,6,0,0,0,0,2,0,0,0,0,0,0,3,0,0,8,0,0,1,11,0,1,0,4,2,2,5,6,0,0,0,0,0,0,0,0,8,4,3,0,0,0,2,0,0,0,0,3,0,0,0,0,0,0,10,0,2,0,0,4,0,0,0,3,0,0,0,0,9,8,0,0,3,1,0,0,0,0,1,6,0,0,1,0,0,2,2,0,0,1,0,1,2,0,0,0,8,0,2,0,0,0,1,0,1,0,6,0,0,0,0,0,0,0,0,0,0,0,0,0,0,0,0,0,0,0,0,0,1,0,0,0,0,0,0,0,1,0,0,0,0,0,0,0,0,0,1,0,0,0,0,0,0,0,0,0,0,0
3067542400065100047,64,0,0,1,0,0,0,1,0,0,22,0,8,0,0,0,0,0,0,0,0,0,4,1,0,0,0,3,1,1,1,0,0,0,4,0,0,9,0,0,0,20,0,0,0,1,0,2,1,5,0,2,1,0,0,0,3,0,6,0,6,0,1,0,0,0,0,0,0,1,1,0,0,1,0,0,17,0,1,0,0,2,3,0,0,1,0,0,0,0,11,3,0,0,1,0,1,0,0,1,2,7,0,0,0,0,0,2,1,0,0,0,0,1,1,0,0,1,22,0,2,0,0,0,0,0,0,0,7,0,0,0,0,0,0,0,0,0,0,1,0,0,0,0,0,0,2,0,0,0,0,0,0,0,0,0,0,0,0,0,1,0,0,0,0,0,0,0,0,0,0,0,0,0,0,0,0,0,0,0
3067542400065100048,166,0,0,3,1,0,0,0,0,9,25,0,27,0,0,4,0,1,1,14,6,1,5,2,4,3,5,174,2,0,2,2,1,1,7,0,2,15,1,0,0,52,1,0,1,4,11,6,8,4,0,0,1,1,0,0,0,0,5,5,6,1,0,0,1,0,0,0,5,3,0,1,0,0,1,0,17,0,2,1,0,5,12,0,0,3,0,0,3,1,27,13,0,0,3,2,5,1,0,0,136,11,7,1,0,0,0,0,2,0,0,0,1,1,9,0,0,11,20,0,1,0,0,2,4,0,2,0,13,0,0,0,1,0,0,0,1,0,2,0,0,0,0,1,0,0,0,1,0,0,1,0,0,0,0,0,0,0,0,0,7,0,0,0,0,0,0,0,1,0,0,0,0,0,0,1,0,0,0,0
3067542400065100055,80,0,0,0,0,0,0,0,0,2,18,0,11,0,0,0,0,0,0,1,2,0,7,0,0,0,0,33,0,0,0,2,0,0,7,0,0,11,0,0,0,32,0,0,0,2,3,5,3,3,0,0,0,0,0,0,1,0,8,4,11,1,0,0,1,0,0,0,0,0,0,0,0,0,2,1,18,0,0,1,0,4,4,0,0,3,0,0,1,0,9,5,0,0,2,0,0,0,0,0,20,9,1,0,1,0,0,1,2,0,0,0,0,0,2,0,0,2,17,0,0,1,0,1,0,0,0,0,10,0,0,0,0,0,0,0,1,0,1,0,0,0,0,0,0,0,0,0,0,1,0,0,0,0,0,0,0,0,0,0,1,0,0,0,0,0,0,0,0,0,0,0,0,1,0,0,0,0,0,0
3067542400065100056,18,0,0,0,0,15,0,0,0,1,1,0,2,0,0,0,0,0,1,0,0,0,2,1,0,0,0,2,0,0,0,0,0,0,8,0,0,1,0,0,2,18,0,0,0,4,3,0,0,36,0,0,0,0,0,0,1,0,1,0,0,0,0,0,0,0,0,0,0,1,0,0,0,0,1,0,3,0,0,1,0,2,0,0,0,0,0,0,0,0,41,3,0,1,0,1,3,0,0,2,4,1,0,0,0,0,0,0,0,0,0,0,0,0,1,0,0,1,7,0,2,0,0,0,0,0,0,0,9,0,0,1,0,0,0,0,0,0,0,0,0,0,0,0,0,0,0,0,0,0,0,0,0,0,0,0,0,0,0,0,0,0,0,0,0,0,0,0,0,0,0,0,0,0,0,0,0,0,0,0
3067542400065100058,34,0,0,1,1,0,0,0,0,0,11,0,10,0,2,0,0,0,0,1,0,0,2,0,0,0,0,0,0,1,0,0,1,0,1,0,0,11,0,0,1,8,0,0,0,1,4,2,2,1,1,0,0,0,0,0,1,0,7,0,6,0,0,0,0,0,0,0,0,0,0,0,0,1,0,0,7,0,0,0,0,2,3,0,0,0,0,0,3,0,3,4,0,0,1,0,0,0,0,0,0,5,1,0,0,0,0,0,1,0,0,0,0,0,0,0,0,0,12,0,0,0,0,0,0,0,1,0,6,0,0,1,0,0,0,0,0,0,0,0,0,0,0,0,0,0,0,0,0,1,0,0,0,1,0,0,0,0,0,0,0,0,0,0,0,0,0,0,0,0,0,0,0,0,0,0,0,0,0,0
3067542400065100061,26,0,0,0,0,0,0,0,0,0,4,0,5,0,0,0,0,0,0,0,0,1,0,0,0,0,0,0,0,0,0,1,1,0,2,0,0,4,0,0,0,4,0,0,0,1,1,1,1,4,0,0,0,0,0,0,0,0,4,0,0,0,0,0,1,0,0,0,0,0,0,0,0,0,0,0,4,0,0,0,0,1,1,0,0,0,0,0,0,0,3,0,0,0,0,0,0,1,0,0,0,1,0,0,0,0,0,0,1,0,0,0,0,0,1,0,0,0,2,0,0,1,0,0,0,0,0,0,3,0,0,0,0,0,0,0,0,0,0,0,0,0,0,0,0,0,0,1,0,0,0,0,0,0,0,0,0,0,0,0,0,0,0,2,0,0,0,0,0,0,0,0,0,0,0,0,0,0,0,0
3067542400065100062,41,0,0,0,0,0,0,0,0,3,13,0,7,0,0,0,0,0,0,2,0,0,7,0,0,0,0,5,0,0,0,1,0,0,7,0,0,1,0,0,0,11,0,0,3,2,2,9,7,1,0,0,0,0,0,0,1,0,5,1,3,0,0,0,1,0,0,0,0,1,1,0,0,0,2,0,9,0,0,1,0,3,1,0,0,4,0,0,3,0,5,5,0,0,2,0,0,1,0,0,7,5,1,0,0,0,0,0,3,0,0,0,0,0,1,0,0,2,15,0,0,0,3,0,0,0,1,0,1,1,0,0,0,0,0,0,0,0,0,0,0,0,0,0,0,0,0,0,0,0,0,0,1,0,0,0,0,0,0,0,0,1,0,0,0,0,0,0,0,0,0,0,0,0,0,0,0,0,0,0
3067542400065100063,41,0,0,1,0,0,0,0,0,2,11,0,6,0,0,0,0,0,0,0,0,0,2,0,0,0,0,0,0,0,0,1,0,0,4,0,0,8,0,0,0,18,0,1,0,4,1,0,0,2,0,1,1,0,0,0,0,0,10,1,2,0,0,0,1,0,0,0,0,0,0,1,0,1,0,0,14,0,0,0,0,1,1,0,0,3,0,0,2,0,5,1,0,0,1,0,0,0,0,0,0,1,1,0,0,0,0,0,0,0,0,0,1,0,6,0,0,0,11,0,0,1,0,3,2,0,0,0,5,0,0,1,0,0,0,0,0,0,0,0,0,0,0,0,0,0,0,0,0,1,0,0,0,0,0,0,0,0,0,0,0,0,0,0,0,1,0,0,0,0,0,0,0,0,0,0,1,0,0,0
3067542400065100064,56,0,0,0,2,1,1,0,0,2,3,0,3,0,0,4,0,2,0,19,3,0,3,0,1,1,0,162,0,1,0,1,0,0,5,0,0,7,0,0,2,2,0,0,0,2,6,7,2,2,0,0,1,0,0,0,3,0,8,7,4,0,0,0,3,0,0,0,4,0,0,3,0,0,0,0,5,0,0,1,0,1,0,0,0,5,1,0,0,0,12,3,0,0,2,0,0,0,0,0,154,1,2,0,0,0,0,0,1,0,0,0,0,0,1,1,0,13,7,0,1,2,0,0,2,0,7,1,5,0,0,0,0,0,0,1,0,0,1,1,0,0,0,0,0,0,0,0,0,0,0,0,0,0,0,0,0,0,0,0,3,0,0,0,0,0,0,0,0,0,0,1,0,0,1,0,0,0,0,0
3067542400065100066,53,5,0,1,1,0,0,0,0,1,1,0,1,0,1,0,0,0,0,0,1,0,18,0,0,0,0,11,0,0,0,3,0,0,50,0,0,6,3,0,1,2,0,0,14,3,11,9,0,1,0,2,0,0,0,1,0,0,0,19,2,0,0,0,2,0,0,0,0,2,0,1,0,0,2,0,0,0,0,1,0,3,0,0,0,5,1,0,3,0,16,5,0,0,7,18,31,0,0,0,13,1,2,2,1,0,1,1,1,1,0,0,0,0,1,0,0,4,17,0,6,1,0,0,27,0,1,0,4,0,0,3,0,0,0,0,0,0,0,1,0,0,0,0,0,0,0,2,0,0,0,0,0,0,0,0,0,0,0,0,1,0,0,0,0,0,0,0,0,0,0,1,0,0,0,0,0,0,0,0
3067542400065100067,57,0,0,0,0,0,0,0,0,6,0,1,2,0,0,1,0,0,0,0,0,2,17,0,0,0,0,2,0,1,0,19,4,0,178,0,3,0,0,1,1,2,0,0,24,1,26,1,0,3,0,1,0,0,0,0,1,0,0,0,0,0,0,0,1,0,0,0,0,0,1,0,0,1,3,0,3,1,1,0,0,7,1,1,0,1,0,0,0,0,40,1,0,1,17,34,128,0,0,0,3,0,2,0,0,0,1,0,0,0,0,0,0,0,3,0,0,7,10,0,15,3,0,1,43,0,1,0,3,0,1,2,0,0,1,0,0,0,0,1,0,0,0,0,0,0,1,0,1,0,0,0,0,0,0,0,0,0,0,0,0,0,1,0,0,0,0,0,0,0,0,0,0,1,0,0,0,0,0,0
3067542400065100071,70,0,0,0,0,0,0,0,0,2,26,0,29,0,1,0,0,1,1,0,0,0,6,0,0,1,0,1,0,0,2,0,0,0,6,0,0,2,0,0,0,6,0,0,0,2,8,2,4,5,1,1,0,0,0,0,1,0,10,1,0,0,0,0,2,1,0,0,0,0,0,0,0,0,1,0,9,0,0,0,0,5,2,0,0,4,1,0,1,0,5,9,0,0,1,0,2,0,0,0,2,5,1,0,0,0,0,2,0,0,0,0,0,0,2,0,0,0,9,0,2,0,0,0,2,0,0,0,2,0,0,2,0,0,0,0,0,0,0,0,0,0,0,1,0,0,0,0,0,0,0,0,0,0,0,0,0,0,0,0,0,0,0,0,0,0,0,0,0,0,0,0,0,0,0,0,0,0,0,0
3067542400065100073,28,0,0,0,0,0,0,0,0,0,0,0,1,0,0,1,0,0,0,0,0,0,3,0,0,1,0,0,0,0,0,11,2,0,57,0,0,0,0,0,0,0,0,0,11,1,17,1,0,4,0,0,0,0,0,0,2,0,0,2,0,0,0,0,3,0,0,0,0,0,0,0,0,0,0,0,1,1,0,0,0,4,0,1,0,3,0,0,0,0,16,1,0,1,7,11,48,0,0,0,1,0,1,0,0,0,1,0,0,0,0,0,0,0,0,0,0,0,5,0,5,0,0,0,26,0,0,0,2,1,0,0,0,0,1,0,0,0,0,0,0,0,0,0,0,0,0,0,0,0,0,0,0,0,0,0,0,0,0,0,0,0,0,0,0,0,0,0,0,1,0,0,0,0,0,0,0,0,0,0
3067542400065100075,41,3,0,1,1,4,0,0,1,1,1,0,1,0,2,0,0,0,0,4,2,1,5,0,2,0,0,14,0,0,0,0,0,0,7,1,0,0,0,0,4,14,0,1,1,0,1,33,3,29,0,2,0,0,0,0,3,0,0,18,2,0,0,0,3,1,0,0,0,4,0,0,0,0,0,0,12,0,0,2,0,3,0,0,2,4,0,0,0,1,23,12,0,0,3,1,3,0,0,1,19,1,1,0,0,0,0,0,0,0,0,0,0,0,1,0,0,1,43,0,5,0,0,0,1,0,0,0,2,0,1,8,0,0,0,0,0,0,0,0,0,1,0,0,0,0,1,0,0,0,0,0,0,0,0,0,0,0,0,0,0,0,0,0,0,0,0,0,0,0,0,0,1,0,0,0,0,0,0,0
3067542400065100076,78,0,0,3,0,1,0,0,0,2,1,0,5,0,0,10,1,1,0,19,9,0,1,3,5,4,0,312,1,0,0,0,2,0,4,1,0,3,0,1,0,4,0,0,3,3,5,2,1,2,0,0,0,0,0,0,0,0,7,5,1,0,0,0,0,0,2,0,6,1,0,1,0,0,1,1,3,0,0,2,0,0,1,0,0,3,0,0,0,1,9,2,0,0,5,2,0,0,0,0,258,0,1,1,1,0,0,0,1,1,0,0,0,0,5,1,0,18,5,0,1,0,0,0,1,0,2,0,4,0,0,0,0,0,0,0,0,0,1,0,1,0,0,0,1,0,0,0,0,2,0,0,0,0,0,0,0,0,0,0,7,0,0,1,0,0,0,0,0,0,0,0,0,0,3,0,0,0,0,0
3067542400065100078,39,0,0,0,0,0,0,0,0,1,10,0,10,0,0,0,0,0,0,0,0,0,4,0,0,0,0,2,0,0,0,0,0,0,5,0,1,6,0,0,0,8,0,0,2,2,2,1,0,1,0,0,0,0,0,0,0,0,1,1,2,0,0,0,0,0,0,0,0,1,1,0,0,0,1,0,6,0,0,0,0,2,2,1,0,1,0,0,2,0,3,5,0,1,1,0,1,0,0,0,3,5,1,0,0,0,0,2,0,0,0,0,0,0,1,0,0,1,4,0,0,0,0,1,0,0,0,1,1,0,0,0,0,0,0,0,0,0,0,0,0,0,0,0,0,0,0,0,0,0,0,0,0,0,0,0,0,0,0,1,0,0,0,0,0,0,0,0,0,0,0,0,0,1,0,0,0,0,0,0
3067542400065100079,19,0,0,0,2,0,0,0,0,0,1,0,1,0,0,0,0,0,0,1,0,0,4,0,1,0,0,1,1,0,0,0,2,0,20,0,0,0,0,0,0,18,0,0,1,1,4,0,1,12,0,0,0,0,0,0,0,0,0,0,0,0,0,0,0,0,1,0,0,1,2,0,0,1,0,0,10,0,0,0,0,2,0,2,0,0,0,0,1,0,3,1,0,0,4,3,19,0,0,0,2,0,0,1,0,0,0,0,0,0,0,0,1,0,2,0,0,2,6,1,0,1,0,0,11,0,0,1,6,0,1,1,0,0,0,0,0,0,0,0,0,0,0,0,0,0,0,0,0,0,0,0,0,0,0,0,0,0,0,0,0,0,0,0,0,0,0,0,0,0,0,0,0,0,0,0,0,0,0,0
3067542400065100081,38,0,0,0,0,0,1,0,0,0,8,0,18,0,0,0,0,0,0,4,1,1,3,0,0,0,0,5,0,0,1,0,0,0,4,0,0,1,0,0,0,6,0,0,2,1,1,0,1,3,0,0,0,0,0,0,1,0,7,3,0,0,0,0,0,0,0,0,0,1,0,0,0,0,0,0,2,0,0,0,0,1,7,0,0,1,0,0,0,0,0,2,0,1,0,0,1,1,0,0,1,4,1,0,0,0,0,1,0,0,0,0,0,0,1,0,0,1,8,0,1,0,0,0,0,0,1,0,1,0,0,0,0,0,0,0,0,0,0,0,0,0,0,0,0,0,0,0,0,0,0,0,0,0,0,0,0,0,0,0,1,0,0,0,0,0,0,0,0,0,0,0,0,0,0,0,0,0,0,0
3067542400065100083,16,0,0,0,0,1,0,0,0,0,0,0,0,0,0,1,0,1,0,0,0,0,4,1,0,0,0,0,0,0,0,1,2,0,39,0,0,0,0,0,0,0,0,0,16,2,9,0,0,1,0,0,0,0,0,0,0,0,0,1,0,0,0,0,1,0,0,0,0,1,0,0,0,0,1,0,1,0,0,0,0,1,1,0,0,0,0,0,0,1,2,0,0,0,2,2,27,0,0,0,1,1,0,1,0,0,0,0,0,0,0,0,0,0,0,0,0,0,0,0,3,0,0,0,5,0,1,0,2,0,0,0,0,0,0,0,0,0,0,0,0,0,0,0,0,0,1,1,0,0,0,0,0,0,0,0,0,0,0,0,0,0,0,0,0,0,0,0,0,0,0,0,0,0,0,0,0,0,0,0
3067542400065100084,57,0,0,3,0,1,0,0,0,9,3,1,1,0,3,1,0,0,0,0,0,1,18,2,1,0,0,2,0,1,0,31,2,0,198,0,0,0,0,0,1,6,0,0,26,2,18,1,4,3,0,1,0,0,0,0,1,0,2,3,3,0,0,0,1,0,0,0,1,0,1,0,1,0,1,0,8,1,3,1,0,5,1,3,0,3,0,2,0,0,24,1,0,1,13,13,125,0,0,0,4,0,3,0,1,0,0,1,0,1,1,0,0,0,1,0,0,2,7,0,16,0,0,1,43,0,0,0,6,2,0,1,0,0,0,0,0,0,0,0,0,0,0,0,0,0,0,1,0,0,0,0,0,0,0,0,0,0,0,1,1,0,0,0,0,0,0,0,0,0,0,1,0,0,0,0,0,0,0,0
3067542400065100085,25,0,0,1,5,16,0,0,0,1,4,0,4,0,11,0,0,1,0,0,1,1,8,0,0,0,0,0,0,0,2,0,0,0,20,0,0,3,0,0,1,91,0,0,0,1,1,4,0,38,0,0,0,0,0,0,1,0,1,2,0,0,0,0,0,0,0,0,0,3,4,0,1,2,2,0,28,0,0,0,0,3,0,1,1,3,0,0,0,0,51,4,0,0,1,1,1,0,0,10,3,1,0,0,0,0,0,0,0,0,0,0,0,0,4,0,0,3,7,0,2,0,0,0,2,0,0,0,16,0,0,8,0,0,0,0,0,0,0,0,1,0,0,0,0,0,1,0,1,0,0,0,0,1,0,0,0,0,0,0,0,0,0,0,0,0,0,0,0,0,0,1,0,0,0,0,0,0,0,2
3067542400065100086,52,0,0,0,0,1,0,0,0,1,0,0,3,0,0,0,5,0,0,0,0,1,6,0,0,9,0,3,0,0,4,1,1,0,0,1,0,2,0,4,7,1,0,1,0,7,2,0,1,2,0,4,0,0,0,0,1,0,7,17,2,0,0,0,0,0,0,0,0,0,1,0,0,0,0,0,1,0,0,0,0,0,2,23,0,10,0,0,0,0,12,8,0,1,3,0,2,0,0,2,2,0,0,0,0,0,0,0,0,0,0,0,1,0,0,0,0,2,1,0,1,0,0,0,0,0,1,0,2,0,0,1,0,0,0,0,0,0,0,0,3,0,0,0,0,0,0,0,0,0,0,0,0,0,0,0,0,0,0,0,0,0,0,0,1,0,0,0,0,0,0,0,0,0,1,0,0,0,0,0
3067542400065100089,105,1,0,0,0,0,1,0,0,3,1,0,3,0,0,0,1,2,0,4,5,0,3,0,0,2,0,7,0,2,2,1,1,0,2,4,1,2,0,5,7,1,0,1,0,27,4,2,0,6,0,0,0,1,0,0,1,0,6,19,1,0,0,0,1,0,0,0,1,0,0,0,0,0,1,0,0,0,0,1,0,4,0,4,0,3,0,0,0,2,16,19,0,6,3,1,4,1,0,0,16,1,1,0,0,0,0,0,0,0,0,1,0,0,0,0,0,8,4,0,0,0,2,1,1,0,1,2,1,1,1,0,0,0,0,0,0,0,0,0,0,0,0,0,0,0,0,0,0,0,0,0,0,0,0,0,0,0,0,0,0,0,0,0,1,0,1,0,0,0,0,0,1,0,1,0,0,0,0,0
3067542400065100093,42,0,0,1,0,0,1,0,1,3,0,0,0,0,1,0,1,0,0,1,0,1,2,1,0,2,0,1,0,0,1,0,0,0,4,0,0,2,0,3,6,0,0,0,1,1,2,0,0,1,0,0,0,0,0,0,0,0,5,21,0,0,0,0,1,1,0,0,0,0,0,0,0,1,1,0,0,0,0,0,0,0,0,18,0,6,0,0,0,0,8,4,0,0,1,3,9,1,0,1,1,0,0,1,0,0,0,0,0,0,0,0,0,0,0,0,0,1,1,0,0,0,0,0,1,1,4,0,0,0,0,0,0,0,0,0,0,0,0,0,0,0,0,0,0,0,0,0,0,1,1,1,0,0,1,0,0,1,0,0,0,0,0,0,0,0,1,0,0,0,0,0,0,0,0,0,0,0,0,0
3067542400065100094,15,0,0,1,0,0,0,0,0,0,0,0,0,0,0,3,0,0,0,5,5,0,0,1,1,0,1,104,0,0,0,0,1,0,0,0,0,0,0,0,0,0,0,0,0,0,1,0,0,0,0,0,0,0,0,0,0,0,3,2,0,0,0,0,0,0,1,0,0,0,1,0,0,0,0,0,1,0,0,0,0,0,0,0,0,0,0,0,0,0,4,1,0,1,0,0,0,0,0,0,79,0,0,0,0,0,0,0,0,0,0,1,0,0,0,0,0,4,3,0,0,1,0,0,1,0,0,0,1,1,0,0,0,0,0,0,0,0,0,0,0,0,0,0,0,0,0,0,0,1,0,0,0,0,0,0,0,0,0,0,6,0,0,0,0,0,0,0,0,0,0,0,0,0,0,0,0,0,0,0
3067542400065100095,32,0,0,0,0,0,0,0,1,0,1,0,1,0,0,0,1,1,0,1,1,0,7,1,0,1,0,2,0,0,1,2,1,0,29,0,0,2,0,0,0,2,0,1,1,1,1,4,0,2,0,1,0,0,3,2,1,1,2,18,1,0,0,0,0,0,0,0,0,2,0,0,0,0,3,12,1,0,1,0,0,0,0,1,0,1,0,0,0,0,2,8,0,2,3,21,17,0,1,5,3,0,2,0,0,1,0,0,0,0,0,1,0,0,0,0,0,1,5,0,4,0,1,0,8,0,1,0,0,0,0,2,0,0,0,0,0,0,0,0,0,0,0,0,0,0,0,0,0,1,0,0,0,0,0,0,0,0,0,0,0,0,0,1,0,0,0,0,0,0,0,0,0,1,0,0,0,0,0,0
3067542400065100096,16,1,0,0,2,7,0,0,0,0,1,0,2,0,4,1,0,0,0,0,0,0,3,1,0,0,0,0,0,0,0,0,0,0,11,0,0,1,0,1,0,51,0,0,2,0,2,0,0,33,0,0,0,0,0,0,0,0,1,3,0,0,0,0,1,0,1,0,0,1,1,0,0,0,0,0,12,0,0,0,0,6,0,1,1,1,0,0,0,0,12,7,0,0,4,1,2,0,0,4,3,0,0,0,1,0,0,0,0,0,0,0,0,0,1,0,0,1,7,0,2,1,0,0,2,0,0,0,13,0,1,6,0,0,0,0,0,0,0,0,0,0,0,0,0,0,0,0,0,0,0,0,0,0,0,0,0,0,0,1,1,0,0,0,0,0,0,0,0,0,0,0,0,0,0,0,0,0,0,0
3067542400065100099,21,1,0,0,0,1,0,0,0,1,0,0,0,0,0,0,0,0,0,0,0,0,1,0,0,0,0,1,0,0,0,0,0,0,4,0,0,0,0,1,3,6,0,1,0,1,5,0,0,2,0,0,0,0,0,0,0,0,3,6,0,0,0,0,0,0,0,0,0,0,0,0,0,0,0,0,1,0,0,0,1,2,0,4,0,0,0,0,0,0,7,4,0,0,0,0,7,0,0,1,1,0,0,0,0,0,0,0,0,2,0,0,0,0,1,0,0,1,1,0,1,0,0,0,4,0,0,1,1,0,0,0,0,0,0,0,0,0,0,0,0,0,0,0,0,0,0,0,0,0,0,0,0,0,0,0,0,0,0,0,0,0,0,0,0,0,0,0,0,0,0,0,0,0,0,0,0,0,0,0
3067542400065100100,36,0,0,2,0,0,0,0,1,1,1,0,1,0,0,0,4,0,0,0,0,0,2,0,0,5,0,3,1,0,2,2,0,0,7,0,0,0,0,3,6,1,0,4,1,1,6,2,0,1,1,0,0,0,0,2,1,0,9,22,0,0,0,0,2,0,0,0,1,2,0,0,0,0,0,1,1,0,0,0,1,1,0,18,0,2,0,1,0,0,16,8,0,2,3,4,5,0,0,5,1,0,0,0,0,0,0,0,0,0,0,1,0,0,1,0,0,3,4,0,1,0,0,1,3,0,0,0,0,0,1,0,0,0,0,0,0,0,1,0,0,0,0,0,0,0,0,0,0,0,0,0,0,0,0,0,0,0,0,0,0,0,0,0,0,2,0,0,0,0,0,0,0,0,0,0,0,0,0,0
3067542400065100102,15,0,0,0,0,0,0,0,0,1,0,0,0,0,0,0,5,0,0,0,2,0,0,0,0,1,0,0,0,0,0,0,0,0,1,0,0,0,0,1,5,0,0,4,0,2,1,0,0,0,0,0,0,1,0,0,0,0,4,19,0,0,0,0,0,0,0,0,0,0,0,0,0,0,0,0,0,0,0,1,0,0,0,8,0,2,0,0,0,0,6,2,0,0,1,1,2,0,0,1,0,0,0,0,0,0,0,0,0,0,0,1,0,0,0,0,0,0,0,0,1,0,0,1,1,0,2,0,1,0,0,0,0,0,0,0,0,0,0,0,0,0,0,0,0,0,0,0,0,0,0,0,0,0,0,0,0,0,0,0,0,0,0,0,0,0,0,0,0,0,0,0,0,0,0,0,0,0,0,0
3067542400065100104,60,0,0,0,0,2,0,0,0,1,0,0,1,0,1,1,0,0,0,0,1,4,1,1,0,1,0,4,0,0,1,0,0,0,3,1,0,0,0,9,0,2,0,0,0,6,2,1,1,0,0,0,1,1,0,0,0,0,1,22,1,0,0,0,7,0,0,1,0,0,0,0,0,0,0,0,0,0,0,0,0,1,0,12,0,2,0,0,0,0,17,9,0,1,2,1,9,1,0,3,1,1,0,2,0,0,0,0,0,0,2,0,0,0,1,0,0,0,6,0,0,0,1,1,0,0,1,1,1,0,0,0,0,0,0,0,0,1,0,0,0,0,0,0,0,0,0,0,1,0,0,0,0,0,0,1,0,0,0,0,0,0,0,0,0,0,0,0,0,0,0,0,0,1,0,0,1,0,0,0
3067542400065100105,38,0,0,0,0,0,0,0,0,3,0,0,0,0,0,14,2,0,0,22,11,0,1,5,7,2,2,129,0,0,0,1,0,0,2,2,0,8,2,1,0,0,0,0,1,2,9,0,0,1,0,0,1,0,0,0,0,1,0,11,1,0,1,0,2,0,0,0,8,0,0,2,0,0,0,0,1,0,0,2,0,0,1,1,0,2,0,0,0,0,16,2,0,0,2,1,2,0,0,0,110,1,0,0,1,0,0,0,0,2,1,1,0,1,1,0,0,14,3,0,0,0,0,0,0,1,0,0,0,0,0,0,0,0,0,0,0,0,1,0,0,0,0,0,0,0,1,1,0,1,0,1,0,1,0,0,1,0,0,0,1,0,0,0,0,0,0,0,0,0,0,0,0,0,1,0,0,0,0,0
3067542400065100106,68,0,0,1,0,1,0,0,0,1,1,0,0,0,0,0,1,0,0,2,0,1,6,1,0,8,0,2,0,0,2,1,0,0,1,0,0,0,0,2,12,2,0,1,0,0,3,1,0,1,0,0,0,0,1,1,0,0,11,22,0,0,0,0,1,0,0,0,0,1,0,0,0,0,1,1,0,0,0,0,0,1,0,16,0,2,0,0,0,0,18,8,0,0,2,2,2,1,0,0,0,0,0,0,1,0,0,0,0,0,1,0,0,0,0,0,0,0,5,0,0,0,1,1,3,0,2,1,1,0,0,0,0,0,0,0,0,0,0,0,0,0,0,0,0,0,0,0,0,0,0,0,0,0,0,0,0,0,0,0,0,0,0,0,0,0,0,0,0,0,1,0,0,0,0,0,0,0,0,0
3067542400065100107,31,1,0,1,3,20,0,1,0,1,4,0,8,0,4,1,0,0,0,0,0,0,9,0,0,0,0,2,2,0,0,0,0,0,12,0,0,1,0,0,0,75,0,0,1,3,4,0,0,23,0,0,0,0,0,0,0,0,0,1,0,0,0,0,2,0,0,0,0,2,4,1,0,1,0,0,19,0,1,0,0,5,0,1,0,3,0,0,0,1,18,2,0,1,1,1,1,0,1,2,0,0,0,0,0,0,0,0,0,0,0,0,1,0,6,0,0,2,6,0,1,0,0,0,0,0,0,0,19,0,0,5,0,0,0,0,0,0,0,1,0,0,0,0,0,0,0,0,0,0,0,0,0,0,0,0,0,0,0,1,0,0,0,1,0,0,0,0,0,1,0,0,0,0,0,1,0,0,0,0
3067542400065100114,5,0,0,0,0,1,0,0,0,0,8,0,3,0,2,0,0,0,0,1,0,0,0,0,0,0,0,0,0,0,0,0,0,0,0,0,0,0,0,0,1,2,0,0,0,0,1,0,2,1,0,0,0,0,0,0,0,0,3,1,0,0,0,0,0,0,0,0,0,0,0,0,0,0,0,0,1,0,0,0,0,0,0,0,0,0,0,0,0,0,0,2,0,0,0,0,0,0,0,0,1,0,0,0,0,0,0,0,0,0,0,0,0,0,1,0,0,0,1,0,0,1,0,0,0,0,0,0,1,0,0,0,0,0,0,0,0,0,0,0,0,0,0,0,0,0,0,0,0,0,0,0,0,0,0,0,0,0,0,0,0,0,0,0,0,0,0,0,0,0,0,0,0,0,0,0,0,0,0,0
3067542400065100115,19,0,0,0,0,0,0,0,0,1,0,1,1,0,0,0,1,0,0,0,0,0,4,0,0,0,0,0,0,0,1,0,0,0,2,0,0,3,0,3,2,3,0,1,0,0,3,0,0,0,0,0,0,0,0,0,0,0,6,10,0,0,0,0,2,1,0,0,0,0,0,0,0,0,0,0,0,0,0,0,0,0,0,12,0,1,0,0,0,0,6,9,0,0,1,1,1,0,0,1,0,0,0,0,1,0,0,0,0,0,0,0,0,0,0,0,0,0,0,0,0,0,0,0,1,0,0,0,0,0,0,0,0,0,0,0,0,0,0,0,0,0,0,0,0,0,0,0,0,0,0,0,0,0,0,0,0,0,0,0,0,0,0,0,0,0,0,0,1,0,0,0,0,0,0,0,0,0,0,0
3067542400065100118,48,0,0,2,0,2,2,0,0,11,0,0,1,0,0,1,3,1,0,3,1,3,1,0,0,1,0,30,0,0,1,0,0,0,4,2,0,1,0,4,1,0,0,0,0,4,1,1,0,0,0,0,0,0,0,1,0,0,1,29,1,0,0,0,3,1,0,0,0,0,0,1,0,0,1,1,0,0,0,0,1,0,0,9,0,2,0,0,0,0,6,17,0,1,3,1,2,0,0,1,20,1,1,1,0,0,0,2,0,2,1,0,0,0,0,1,0,2,1,0,1,1,0,2,0,0,1,1,0,2,0,0,0,0,0,0,0,0,1,2,0,0,0,0,0,0,0,0,0,0,0,1,0,0,0,0,0,0,0,0,0,0,0,2,0,0,0,0,0,0,0,0,1,0,0,0,0,0,0,0
3067542400065100119,105,0,0,1,0,1,4,0,0,13,39,0,55,0,0,0,0,0,0,1,0,0,6,0,0,0,0,2,0,1,1,2,0,1,5,0,0,15,0,1,2,18,0,0,1,3,4,1,12,6,0,2,0,1,1,0,0,0,28,1,0,0,0,0,3,0,0,0,0,1,1,1,0,0,0,2,16,0,1,1,0,13,7,0,0,4,2,0,2,0,4,20,0,0,7,0,3,1,0,0,1,15,3,0,0,0,0,1,0,1,0,0,0,0,12,0,0,2,21,0,0,1,0,1,0,1,3,0,6,0,0,0,0,0,0,1,0,0,0,0,0,0,0,0,0,0,0,0,0,0,0,0,0,0,0,0,0,0,1,1,0,0,0,0,0,1,0,0,0,0,0,0,0,0,0,0,0,0,0,0
3067542400065100122,48,1,0,0,0,0,0,0,0,1,0,0,0,0,0,0,1,1,0,0,0,1,4,0,0,2,0,1,0,0,2,0,0,1,3,0,0,0,0,2,10,0,0,0,0,3,4,0,0,0,0,7,0,0,1,0,1,0,12,20,1,0,0,0,0,0,0,0,0,2,0,0,0,0,0,1,1,0,0,0,0,0,0,14,0,3,0,1,0,0,8,7,0,0,1,7,8,0,0,1,0,0,2,0,1,0,0,0,0,0,1,0,0,0,1,0,0,3,4,0,2,0,0,0,0,0,4,0,1,0,0,0,0,0,0,0,0,0,0,0,1,0,0,0,0,0,0,0,0,0,1,0,0,0,0,0,0,0,0,0,0,1,0,0,0,0,0,0,0,0,0,0,0,0,0,0,0,0,0,1
3067542400065100123,61,0,0,0,2,9,1,0,1,3,9,0,24,0,3,0,0,0,0,1,0,0,9,2,0,1,0,3,0,1,0,0,0,0,6,0,0,1,0,0,1,29,0,0,0,0,6,1,3,26,0,0,0,0,1,0,1,0,7,1,2,0,0,0,0,0,0,0,0,2,4,0,0,0,0,0,11,0,0,0,0,2,5,1,0,1,0,0,2,0,34,7,0,1,2,0,0,0,0,3,3,3,0,0,0,0,0,0,0,0,0,0,0,0,2,0,0,1,13,0,2,0,0,0,1,0,0,0,9,0,0,2,0,0,0,0,0,0,0,0,0,0,0,0,0,0,0,0,0,0,0,0,0,0,0,0,0,0,0,0,0,0,0,0,0,0,0,0,0,0,0,0,0,0,0,0,0,0,0,0
3067542400065100129,45,0,0,0,0,2,0,1,1,0,8,0,5,0,3,1,0,0,0,2,5,0,1,0,2,2,0,8,0,6,2,0,0,1,4,0,0,1,0,0,1,1,0,0,0,0,10,8,0,0,0,0,0,9,0,0,2,0,3,2,0,0,0,0,7,0,0,5,3,0,0,0,0,0,2,0,2,0,0,1,0,0,1,1,14,1,0,5,0,0,42,1,0,0,2,0,0,5,0,0,11,1,5,0,0,0,0,0,0,0,0,0,25,0,5,0,0,2,25,0,0,1,0,7,2,0,0,0,1,0,12,0,0,0,0,0,0,0,0,0,0,0,0,0,0,0,0,0,0,0,0,1,0,0,0,0,0,0,0,0,0,0,0,0,0,0,0,0,0,0,0,0,0,1,0,0,0,0,0,0
3067542400065100134,103,0,1,3,0,0,0,1,0,4,1,0,1,0,1,9,2,1,0,17,11,8,4,4,4,4,0,122,1,0,2,2,0,0,1,0,0,3,1,11,4,1,1,0,0,8,12,1,1,2,1,0,0,0,0,0,1,1,3,27,1,0,1,1,10,0,0,0,1,1,0,2,0,0,0,0,1,1,0,1,0,0,1,14,0,3,0,0,1,0,27,14,0,3,8,4,8,0,0,3,129,1,0,0,1,0,0,2,0,1,0,0,2,0,2,0,0,7,6,0,1,1,1,1,1,0,3,1,1,1,0,0,0,0,0,0,0,0,0,0,0,0,0,0,0,0,0,0,0,2,0,0,0,0,1,0,0,0,1,0,2,0,0,1,0,0,0,0,0,0,0,1,0,0,2,0,1,0,0,0
3067542400065100137,46,0,0,0,0,1,0,1,0,1,0,0,0,0,0,0,0,2,0,0,0,5,3,0,0,7,1,5,0,0,2,0,0,0,2,1,0,0,0,8,2,2,0,0,1,6,1,0,0,0,0,0,0,1,0,0,0,0,3,27,0,0,0,0,1,0,0,0,0,0,0,0,0,0,0,2,0,0,0,1,0,0,0,17,0,5,0,0,0,0,12,15,0,0,4,0,16,0,0,0,2,0,1,0,0,0,0,0,0,0,3,0,0,0,0,0,0,0,2,0,0,0,1,0,0,0,6,0,2,1,0,0,0,0,0,0,0,0,0,0,0,0,0,0,0,0,0,0,0,0,0,0,0,0,0,0,0,0,0,0,0,0,0,0,0,0,0,0,0,0,0,0,0,0,0,0,0,0,0,0
3067542400065100138,41,0,0,0,0,0,0,0,0,3,0,0,0,0,1,0,0,0,0,1,0,1,2,1,0,3,0,5,0,0,2,0,0,0,1,0,0,1,1,5,4,0,0,0,0,8,1,0,0,0,0,4,0,0,0,0,0,0,5,14,0,0,0,0,2,0,0,0,0,0,0,0,0,0,2,0,1,0,0,0,0,0,0,22,0,5,0,0,0,0,7,6,0,2,0,0,10,0,0,3,2,0,0,0,0,0,0,0,0,2,0,1,0,0,0,0,0,0,2,0,0,0,0,0,0,0,5,0,2,0,0,0,0,0,0,0,0,0,0,0,0,0,0,0,0,0,0,0,0,1,1,0,0,0,0,0,0,0,0,0,0,0,0,0,0,0,0,0,0,0,0,0,0,0,0,0,0,0,0,0
3067542400065100139,25,0,0,0,0,0,0,1,0,0,12,0,10,0,0,1,0,0,0,0,0,0,6,2,0,0,0,2,0,0,0,0,0,0,1,0,0,5,0,0,0,10,0,0,0,1,0,0,1,4,0,0,0,0,0,0,0,0,6,0,2,0,0,0,1,0,0,0,0,0,0,0,0,0,1,0,4,0,0,0,0,3,1,1,0,0,0,0,1,0,3,5,0,0,1,0,0,0,0,0,0,8,0,0,0,0,0,0,1,0,0,0,0,0,1,0,0,0,12,0,0,2,0,1,2,0,0,0,2,0,0,2,0,0,0,0,0,0,0,0,0,0,0,0,0,0,0,0,0,0,1,0,0,0,0,0,0,0,0,0,0,0,0,0,0,0,0,0,0,0,0,0,0,0,0,0,0,0,0,0
3067542400065100143,66,0,0,0,0,0,1,1,0,1,27,1,20,0,0,0,0,0,0,0,1,0,1,0,0,0,0,1,0,0,0,0,0,0,1,0,0,8,0,0,0,16,0,0,1,1,5,4,5,3,0,3,0,0,0,0,2,0,12,1,3,0,0,0,2,0,0,0,0,1,0,0,0,0,0,0,11,0,0,0,0,3,5,0,2,0,0,1,2,0,9,2,0,0,1,0,0,1,0,0,0,9,2,0,1,0,0,1,2,0,0,1,0,0,5,0,0,1,25,0,0,0,0,1,1,0,0,0,7,0,0,0,0,1,0,0,0,0,0,0,0,0,0,0,0,0,0,0,0,0,0,0,0,0,0,0,0,0,0,0,0,0,1,0,0,0,1,2,0,0,0,0,0,0,0,0,0,0,0,0
3067542400065100144,38,1,1,1,0,0,0,0,1,0,1,0,2,0,0,0,0,0,1,1,3,0,4,2,2,1,0,16,0,1,1,0,0,2,4,0,0,0,0,0,2,0,0,0,0,0,15,16,0,1,0,1,0,1,0,0,0,0,1,15,4,0,0,0,2,0,0,0,3,2,0,0,0,0,10,0,5,1,0,3,1,0,0,0,4,0,0,2,1,3,16,7,0,0,3,0,0,0,0,1,20,1,3,0,0,0,0,0,0,0,0,1,6,0,0,0,0,7,39,0,1,0,0,3,4,0,0,1,0,0,7,0,0,0,0,0,0,1,0,0,0,0,0,0,0,0,0,0,0,0,0,0,0,0,0,0,0,0,0,0,0,0,0,0,0,0,0,0,0,0,0,0,0,0,0,0,0,0,0,0
3067542400065100148,46,0,0,0,0,3,0,0,0,5,0,0,0,0,0,1,0,0,1,1,0,3,0,0,0,1,0,0,0,0,2,0,0,0,2,0,0,2,0,13,3,0,0,0,0,12,5,0,0,0,0,1,0,0,0,0,1,0,1,26,0,1,0,0,7,0,0,0,0,0,0,0,0,0,0,0,4,0,0,0,0,0,0,9,0,5,0,0,0,0,17,26,0,4,4,0,9,0,1,1,0,0,0,0,0,0,0,2,0,0,0,0,0,0,1,0,0,1,3,0,1,0,1,0,2,1,0,0,2,3,0,0,0,0,0,0,0,1,0,0,0,0,0,0,0,0,0,0,0,1,0,1,0,0,0,0,0,0,0,0,0,1,0,0,0,0,0,0,0,0,0,0,0,0,0,1,0,0,0,0
3067542400065100152,81,0,0,1,0,0,0,0,1,3,35,0,17,0,0,0,0,1,0,0,0,0,4,1,0,0,0,2,1,0,0,2,0,0,6,0,0,7,0,0,1,27,0,0,0,2,5,1,5,3,0,1,0,0,0,0,0,0,14,0,8,0,0,0,0,0,0,0,0,0,0,1,0,0,1,0,16,0,0,0,0,7,2,0,0,1,0,0,0,1,5,1,0,0,0,0,0,0,1,0,0,6,2,0,0,0,0,0,5,0,0,0,0,0,7,0,0,0,18,0,0,3,0,2,0,0,2,0,11,0,0,1,0,0,0,0,0,0,0,1,0,0,0,0,0,0,0,0,0,0,0,0,0,0,0,0,0,0,0,1,0,0,0,1,0,1,0,0,0,0,0,0,0,0,0,0,0,0,0,0
3067542400065100154,47,0,0,1,0,0,0,0,0,0,17,0,8,0,0,0,0,1,0,1,0,0,6,0,0,0,0,2,0,1,0,0,0,0,7,0,0,2,0,0,0,7,0,0,1,2,6,5,1,2,0,2,0,0,0,0,0,0,8,0,1,0,0,0,1,0,0,0,0,1,0,0,0,0,5,0,8,0,0,0,0,4,0,1,0,1,0,0,4,1,5,3,0,0,0,0,0,0,0,0,0,5,3,0,0,0,0,3,0,0,0,0,0,0,3,0,0,1,19,0,0,1,0,1,3,0,0,0,6,1,1,0,0,0,0,0,0,0,0,0,0,0,0,0,0,0,1,0,0,0,0,0,1,0,0,0,0,0,0,0,0,0,0,0,0,0,0,2,0,0,0,0,0,0,0,0,0,0,0,0
3067542400065100158,86,0,0,0,0,0,0,0,0,2,18,0,19,0,0,0,0,0,0,1,0,0,5,0,0,0,0,0,0,0,0,0,0,0,3,0,1,9,0,0,3,20,0,0,0,2,1,5,3,1,0,1,0,0,0,0,3,0,10,1,2,0,0,0,1,0,0,0,0,0,1,1,0,0,3,0,15,0,1,0,0,12,2,0,0,4,0,1,0,1,10,8,0,0,0,0,0,0,0,0,0,10,1,0,0,1,0,0,1,0,0,0,0,2,7,0,0,0,18,1,0,1,2,1,0,0,0,0,13,0,0,0,0,0,0,0,0,0,0,0,0,0,0,0,0,0,1,0,0,0,0,0,0,0,0,0,0,0,0,0,0,0,0,2,0,0,0,0,0,0,0,0,0,1,0,0,0,0,0,0
3067542400065100159,12,0,0,0,0,0,0,0,0,1,3,2,4,0,0,0,0,0,0,0,0,0,2,0,0,0,0,0,0,0,0,1,0,0,0,0,0,1,0,0,0,4,0,0,0,0,0,0,0,0,0,0,0,0,0,0,0,0,2,1,0,0,0,0,0,0,0,0,0,0,0,0,0,0,0,0,2,0,0,0,0,1,0,0,0,1,0,0,0,1,2,1,0,0,0,0,0,0,0,0,0,1,0,0,0,0,0,0,0,0,0,0,0,0,0,0,0,0,2,0,0,0,0,0,0,0,0,0,1,0,0,0,0,0,0,0,0,0,0,0,0,0,0,0,0,0,0,0,0,0,0,0,0,0,0,0,0,0,0,0,0,0,0,0,0,0,0,0,0,0,0,0,0,0,0,0,0,0,0,0
3067542400065100161,51,0,0,1,0,0,0,0,1,0,1,0,0,0,0,0,0,0,0,3,3,0,0,1,0,0,0,5,0,0,2,0,0,3,0,1,0,0,0,0,1,0,1,0,0,1,7,0,0,1,0,0,0,0,0,1,0,0,3,1,0,0,0,0,2,0,0,0,1,0,0,0,0,0,33,0,0,0,0,1,0,0,0,0,0,0,0,0,0,0,2,5,0,0,0,0,0,0,0,0,7,0,0,0,0,0,0,0,0,0,0,0,0,0,0,0,0,0,4,0,0,0,0,0,3,0,1,0,1,0,0,0,0,0,0,0,0,0,0,0,0,0,0,0,0,0,0,0,0,0,0,0,0,0,0,0,0,0,0,0,0,0,0,0,0,0,0,0,0,0,0,0,0,0,0,0,0,0,0,0
3067542400065100162,55,0,0,1,0,2,1,0,5,0,2,0,0,0,1,11,0,0,0,3,29,0,0,0,3,0,0,4,1,0,3,1,0,0,0,0,1,0,0,0,4,0,0,2,0,0,9,3,0,0,0,0,0,0,0,0,1,0,1,1,0,0,0,0,1,0,0,0,0,1,0,0,0,0,3,0,0,0,0,2,1,0,0,0,0,0,0,1,1,1,3,22,0,0,1,2,0,0,1,4,22,3,1,0,1,0,0,1,0,1,2,1,0,0,0,0,0,3,14,0,0,1,0,0,3,1,0,1,1,1,0,1,0,0,0,0,0,1,0,0,1,0,1,0,0,0,1,0,0,0,0,0,0,0,0,0,0,0,0,0,0,0,0,0,0,0,0,0,0,0,0,0,0,0,0,0,1,0,0,0
3067542400065100166,24,0,0,1,0,0,0,0,1,3,1,0,0,0,0,2,0,0,0,9,14,0,1,0,8,1,2,122,1,0,0,2,0,0,2,0,0,5,0,0,3,1,0,0,0,0,2,0,0,0,0,1,0,0,0,0,0,0,1,6,0,0,0,0,0,0,0,0,7,0,0,1,0,0,0,0,1,0,0,0,1,0,0,0,0,1,0,0,0,1,12,4,0,0,0,1,0,0,0,0,126,1,0,0,0,2,0,0,0,0,0,0,0,0,3,0,0,6,3,0,0,0,1,0,1,0,0,0,0,0,0,0,0,0,0,0,0,0,0,0,0,0,0,0,0,0,0,1,0,1,0,0,0,0,0,0,0,0,0,0,2,0,0,0,0,0,0,1,0,0,0,1,0,0,1,0,0,0,0,1
3067542400065100167,23,0,0,0,0,0,1,0,0,0,8,0,3,0,0,1,0,0,0,1,1,0,1,0,0,0,0,6,0,0,0,0,1,0,0,0,0,0,0,0,0,0,0,0,0,0,0,2,1,0,0,0,0,0,0,0,0,0,2,2,1,1,0,0,1,0,0,0,1,0,0,1,0,0,0,0,2,0,0,0,0,0,1,0,0,1,0,0,0,0,3,4,0,0,1,0,0,0,0,0,12,2,0,0,0,0,0,0,0,0,0,0,0,0,0,0,0,4,6,0,0,0,0,0,1,0,0,0,1,0,0,0,0,0,0,0,0,0,0,0,1,0,0,0,0,0,0,0,0,0,0,0,0,0,0,0,0,0,0,0,0,0,0,0,0,0,0,0,0,0,0,0,0,0,0,0,0,0,0,0
3067542400065100175,33,0,0,1,1,3,0,0,1,0,1,0,0,2,0,14,0,0,0,1,9,0,0,1,4,0,0,7,0,0,0,0,0,0,0,0,0,0,0,0,2,0,0,0,0,1,3,6,0,0,0,1,0,0,0,0,1,0,2,1,1,0,0,0,2,0,0,0,2,1,1,0,0,0,1,0,0,0,0,3,0,0,0,0,5,0,0,0,1,0,2,11,0,0,1,0,0,1,0,3,6,0,0,0,0,0,0,0,0,0,1,0,0,0,0,0,0,0,6,0,0,0,0,0,1,0,0,0,0,0,0,1,0,0,0,0,0,0,0,0,0,0,0,0,0,0,0,0,0,0,0,1,0,0,0,0,0,0,0,0,1,0,0,1,0,0,0,0,0,0,0,0,0,0,0,0,0,0,0,0
3067542400065100176,148,1,0,1,2,0,1,0,0,3,33,1,23,0,0,2,0,0,0,2,1,0,3,1,0,1,2,44,0,2,1,1,0,1,2,0,0,16,0,0,1,30,0,0,0,2,8,6,9,2,0,1,0,0,0,1,4,1,5,8,12,0,0,0,2,1,0,0,1,0,0,0,0,0,2,2,16,0,0,0,0,0,4,0,1,2,0,0,9,1,12,17,0,1,5,1,1,0,0,0,44,24,6,0,0,1,0,2,4,0,0,2,1,0,3,0,1,8,33,0,1,2,1,2,4,0,1,0,10,0,0,0,0,0,0,0,0,2,1,0,0,0,0,0,1,0,0,0,2,0,0,1,0,0,0,0,1,0,0,0,3,0,1,0,0,0,1,0,0,0,1,0,0,0,1,0,0,0,0,0
3067542400065100180,84,1,0,0,0,0,0,0,0,1,20,1,13,0,0,0,0,0,0,4,0,0,2,1,0,0,0,3,0,2,1,0,0,0,0,0,0,11,0,0,0,17,0,0,0,3,1,1,4,1,0,0,0,1,0,0,1,0,5,1,6,0,0,0,1,1,0,0,0,0,0,0,0,0,2,0,15,0,0,0,0,2,2,0,3,3,0,0,0,0,7,10,1,0,3,1,0,0,0,0,4,20,0,0,0,0,0,1,1,0,1,0,1,0,3,0,0,2,19,0,1,1,1,6,0,0,1,0,3,0,0,0,0,0,0,0,0,0,0,0,0,0,0,0,0,0,0,0,0,0,0,0,0,0,1,0,0,0,0,1,0,0,0,0,0,0,0,0,0,0,0,0,1,0,0,0,0,0,0,0
3067542400065100183,61,14,0,0,0,0,0,1,1,2,5,0,0,17,1,0,0,0,0,1,4,0,7,0,2,0,0,11,0,0,1,0,0,0,1,0,0,0,0,1,1,0,0,0,0,1,3,23,2,0,0,1,0,0,0,0,1,0,5,23,10,0,0,0,10,0,0,1,0,1,0,0,0,0,1,0,0,1,0,1,0,1,3,0,6,2,0,0,3,0,18,3,0,1,3,0,2,1,0,0,18,4,6,0,0,1,0,4,0,1,0,0,0,0,2,0,0,6,40,0,0,1,0,0,2,4,1,0,0,0,0,0,0,0,0,0,0,0,1,0,0,0,0,1,0,0,0,0,0,2,1,0,0,0,0,0,0,0,0,0,1,0,0,0,0,0,0,0,0,0,0,0,0,0,0,0,0,0,0,0
3067542400065100187,20,0,0,1,0,2,0,0,0,0,0,0,0,0,0,3,0,1,0,2,4,0,0,0,0,0,0,13,0,0,3,0,0,0,0,1,0,0,0,0,0,0,0,0,0,0,1,1,0,0,0,0,0,0,0,0,0,0,0,3,0,0,0,0,0,0,0,0,0,0,0,0,0,0,0,0,0,0,0,0,0,0,1,0,0,0,0,0,0,2,1,0,0,0,0,1,0,0,0,0,17,0,0,0,0,0,0,0,0,0,0,0,0,0,0,0,0,3,1,0,0,0,0,0,0,1,0,0,0,0,0,0,0,0,0,0,0,0,0,0,0,0,0,0,0,0,0,0,0,0,0,0,0,0,0,0,0,0,0,0,1,0,0,1,0,0,0,0,0,0,0,0,0,0,0,0,0,0,0,0
3067542400065100189,17,0,0,0,1,0,0,0,1,0,0,0,0,0,0,4,0,1,1,7,2,0,1,0,1,0,2,102,0,1,0,0,0,0,0,0,1,0,0,0,0,1,0,0,0,0,2,0,0,0,0,0,0,0,0,0,0,0,0,1,0,0,1,0,0,1,0,0,0,0,0,0,0,0,0,0,0,0,0,0,1,0,1,0,0,2,0,0,0,0,3,2,0,0,0,0,0,0,0,0,107,0,0,0,0,1,0,0,0,0,0,0,0,0,0,0,2,3,0,0,0,0,0,0,0,0,0,1,1,0,0,0,0,0,0,0,0,1,1,1,0,0,0,0,0,0,0,0,0,0,0,0,0,0,0,0,0,0,0,0,1,0,0,0,0,0,0,0,0,0,0,0,0,0,1,0,0,0,0,0
3067542400065100192,109,17,0,3,0,1,1,0,1,4,3,0,0,22,0,7,2,0,0,25,15,0,12,2,6,2,0,94,2,1,8,2,1,0,2,2,0,4,1,0,5,2,0,0,2,2,30,49,3,0,0,1,0,0,0,0,5,0,12,31,2,0,0,0,3,0,0,0,9,3,2,0,0,0,1,0,1,0,0,4,0,2,2,0,0,1,0,1,10,5,16,15,0,0,5,0,2,1,0,2,58,2,7,1,1,1,0,0,0,3,0,0,0,0,3,0,0,21,47,0,0,0,0,0,6,6,0,2,1,0,0,0,4,1,1,1,0,0,0,0,0,0,1,0,0,0,1,0,0,2,0,0,0,0,0,0,0,0,0,0,2,0,0,1,0,0,2,0,0,1,0,1,0,0,0,0,0,0,0,0
3067542400065100193,13,0,0,0,0,0,0,0,1,0,0,0,1,0,0,2,1,0,0,8,2,0,0,0,2,0,3,73,0,0,0,0,0,0,0,0,0,0,0,0,0,0,0,0,0,0,4,0,0,0,0,0,0,0,0,0,0,0,1,8,1,0,0,0,0,0,0,0,2,0,0,0,0,0,0,0,0,0,1,0,0,0,1,0,1,0,0,1,0,1,4,0,0,0,0,0,0,0,0,0,70,1,0,0,0,0,0,0,0,0,0,0,0,0,1,1,0,2,2,0,0,0,0,0,0,2,2,0,0,0,0,0,1,0,0,0,0,0,2,0,0,0,0,0,0,0,0,0,0,0,0,0,0,0,0,0,0,0,0,0,2,0,0,0,0,0,0,0,0,0,0,0,0,0,0,0,0,0,0,0
3067542400065100196,22,3,0,0,0,0,0,0,0,0,0,0,0,7,0,1,0,0,0,1,0,0,3,0,0,0,0,4,0,0,0,0,0,0,1,0,0,0,1,0,1,1,0,0,0,1,9,18,0,0,0,0,0,0,0,0,0,1,3,10,1,0,0,0,0,0,0,0,2,0,0,1,0,0,0,0,0,1,0,0,0,0,0,0,0,0,0,1,1,1,12,2,0,0,0,0,1,0,0,2,7,0,2,0,0,0,0,0,0,0,0,0,0,0,0,0,0,2,13,0,0,0,0,0,0,1,0,0,0,1,0,0,0,0,0,0,0,0,0,0,0,0,0,0,0,0,0,0,0,0,0,0,0,0,0,0,0,1,0,0,0,0,0,1,0,0,0,0,1,0,0,0,0,0,0,0,0,0,0,0
3067542400065100200,27,0,0,0,0,0,0,0,0,1,0,0,0,1,0,0,0,0,0,5,7,0,2,0,0,0,0,21,0,0,0,0,1,0,1,0,0,1,0,0,0,0,0,0,0,1,5,2,0,0,0,0,0,0,0,0,0,0,6,19,1,0,0,0,1,0,0,0,2,0,0,0,0,0,0,0,0,0,0,2,0,0,0,0,0,0,0,0,0,0,10,2,0,0,4,0,0,0,0,0,8,0,1,0,0,0,0,1,0,0,0,0,0,0,1,0,0,8,6,0,0,0,0,0,0,0,0,0,0,0,0,0,0,0,0,0,0,0,0,0,0,0,0,0,0,0,1,0,0,0,0,1,0,0,0,0,0,0,0,0,0,0,0,0,0,0,0,0,0,0,0,0,0,0,0,0,0,0,1,0
3067542400065100201,24,0,0,2,0,0,0,0,0,0,0,0,0,0,0,3,0,0,0,7,7,0,0,0,1,2,1,81,0,0,0,0,0,0,1,0,0,1,0,0,0,0,0,0,0,0,4,0,0,0,0,0,0,0,0,0,1,0,0,4,0,0,0,0,0,0,0,0,0,0,0,0,0,0,0,0,1,0,1,0,0,1,0,0,0,0,0,0,0,0,2,1,0,0,0,0,0,0,0,0,41,0,0,0,0,0,0,0,0,1,0,0,0,0,0,0,0,4,1,0,0,0,0,0,0,1,0,0,0,0,0,0,0,0,0,0,0,0,0,0,0,0,1,0,0,0,0,0,0,0,0,0,0,0,0,0,0,0,0,0,2,0,0,0,1,0,0,0,0,0,0,0,0,0,1,0,0,0,0,0
3067542400065100202,5,0,0,0,0,0,0,0,0,0,0,0,0,0,0,3,0,0,0,2,2,0,0,0,1,0,1,37,0,0,0,0,0,0,0,0,0,0,0,0,0,0,0,0,0,0,2,0,0,0,0,0,0,0,0,0,0,0,0,3,0,0,0,0,0,0,0,0,0,0,0,0,0,0,0,0,0,0,0,2,0,0,0,1,0,0,0,0,0,0,0,0,0,0,1,0,0,0,0,0,16,0,0,0,0,0,0,0,0,0,0,0,0,0,0,0,0,4,0,0,0,0,0,0,0,0,0,0,0,0,0,0,0,0,0,0,0,0,0,0,0,0,0,0,0,0,0,0,0,0,0,0,0,0,0,0,0,0,0,0,1,0,0,0,0,0,0,0,0,0,0,0,0,0,0,0,0,1,0,0
3067542400065200042,24,1,0,0,0,1,0,0,0,1,0,0,0,0,0,1,0,0,0,12,3,0,2,1,0,0,0,64,0,0,0,0,0,0,0,0,0,2,1,0,4,0,0,0,0,0,5,23,0,1,0,0,0,0,0,0,0,0,3,13,1,0,0,0,0,0,0,0,3,0,0,3,0,0,0,1,1,0,0,2,0,2,2,0,0,4,0,0,0,0,9,6,0,0,3,2,0,0,0,0,36,1,0,0,1,0,0,1,0,1,1,0,0,1,1,0,0,18,31,0,0,0,0,1,0,1,0,0,0,0,0,0,0,0,0,0,0,0,0,0,0,0,0,0,0,0,0,0,0,2,0,0,0,0,0,0,0,0,0,0,2,0,1,1,0,0,0,0,0,0,0,0,0,0,0,0,0,0,0,0
3067542400065200046,7,0,0,0,0,0,1,0,0,0,0,1,1,0,0,3,0,0,0,8,7,0,1,0,4,0,1,48,0,0,0,1,0,0,0,0,0,2,0,0,0,0,0,0,0,1,3,0,0,0,0,2,0,0,0,0,0,0,0,9,0,0,2,0,0,0,0,0,3,0,0,0,0,0,0,0,0,0,0,1,0,0,0,1,0,0,0,0,0,0,2,1,0,0,0,1,0,0,0,0,21,0,0,0,0,0,0,0,0,1,0,0,0,0,1,0,0,6,3,0,0,0,0,1,0,0,0,0,0,0,0,0,0,0,0,0,0,0,0,0,1,0,0,0,0,0,0,0,0,0,0,1,0,0,0,0,0,0,0,0,0,0,0,0,0,0,0,0,0,0,0,1,0,1,0,0,0,0,0,0
3067542400065200080,60,9,0,1,0,2,0,1,0,2,13,0,0,22,1,0,0,3,0,9,1,0,6,3,0,0,0,13,0,0,0,0,0,0,1,1,0,0,0,0,0,1,0,0,1,0,12,42,1,0,1,2,0,0,0,0,1,0,1,30,8,0,0,0,2,0,0,0,0,0,0,1,0,0,1,0,1,0,0,1,1,1,0,1,1,3,0,1,4,1,24,7,0,1,3,4,0,2,0,0,20,0,7,0,0,0,0,4,0,0,0,3,0,0,1,0,0,3,41,1,1,1,1,0,5,3,0,0,3,1,0,0,0,1,0,0,0,0,0,0,0,0,0,0,0,1,0,0,0,0,1,0,0,0,0,0,0,0,0,0,1,0,0,1,0,0,0,0,0,0,0,0,0,1,0,0,0,0,0,0
3067542400065200125,38,8,0,5,0,2,0,0,1,1,10,0,1,16,0,1,0,0,0,3,2,0,7,3,0,0,0,21,1,0,1,0,0,0,1,2,1,0,0,0,1,1,0,0,0,2,9,27,1,0,0,0,1,1,0,0,3,0,1,15,8,0,0,0,3,1,0,0,1,0,0,0,0,0,2,0,1,0,0,2,0,0,0,0,1,6,0,0,6,2,21,7,0,0,5,0,2,1,0,0,29,1,8,0,0,0,0,5,0,1,1,0,0,0,0,0,0,1,37,0,0,0,0,0,12,2,1,0,0,0,0,0,0,0,0,0,0,0,0,1,0,0,0,0,0,0,0,0,0,0,1,0,0,0,0,0,0,0,0,0,0,1,0,0,0,0,0,0,0,0,0,0,0,0,0,0,0,0,0,0
3067542400065200134,21,0,0,0,0,0,0,0,1,1,1,0,0,0,0,4,0,0,0,13,4,0,0,0,1,1,1,123,0,0,0,0,0,0,1,0,0,0,0,0,0,0,0,0,1,0,1,0,0,0,0,0,0,0,0,0,0,0,0,6,0,0,0,0,0,0,0,0,1,0,0,1,0,0,1,0,0,0,0,0,0,0,1,0,0,0,0,0,0,0,2,1,0,0,0,0,0,0,0,0,97,1,0,0,0,0,1,0,0,2,1,0,0,0,1,0,0,4,3,0,0,0,0,1,0,0,1,0,0,0,0,0,0,0,0,0,0,0,0,0,0,0,0,0,0,0,0,0,0,0,0,0,0,0,0,0,1,0,0,0,5,0,0,0,0,0,0,0,1,0,0,0,0,0,0,0,0,0,0,0
3067542400065200137,54,10,0,1,0,3,0,0,1,0,5,0,0,22,0,2,0,0,1,0,1,1,8,1,0,0,0,12,0,2,0,0,0,0,2,1,1,0,0,0,1,1,0,2,1,0,9,33,0,0,0,1,0,0,0,0,2,0,0,17,11,0,0,0,2,1,0,0,1,1,1,1,0,0,1,0,0,0,0,0,0,1,0,1,1,3,0,0,15,0,20,7,0,0,0,2,1,3,0,0,23,15,8,0,0,0,0,1,0,0,0,0,0,0,3,0,0,2,51,0,0,0,0,1,13,1,0,0,0,3,0,0,0,0,0,0,0,0,0,0,1,0,0,1,0,0,2,0,1,0,0,0,0,0,0,0,0,0,0,0,0,1,0,0,0,0,0,0,0,0,0,0,0,0,0,0,0,0,0,0
3067542400065200138,85,1,1,3,1,1,0,0,1,1,0,1,0,1,1,7,0,0,2,24,9,1,2,0,3,1,3,363,0,0,0,2,2,1,3,1,1,4,2,0,1,0,0,0,1,0,16,6,3,0,0,0,0,0,0,0,0,0,2,30,1,0,1,0,0,0,0,0,6,0,1,1,0,0,0,0,0,0,0,4,0,0,2,0,0,6,0,0,0,0,17,5,0,0,4,1,0,0,0,0,253,1,3,0,0,0,0,0,0,0,0,0,0,0,1,1,0,25,3,0,0,2,0,0,2,1,3,0,1,1,0,0,0,0,0,1,0,0,4,0,0,0,0,0,0,0,1,0,0,3,0,0,0,0,0,0,1,0,0,0,6,1,0,0,0,0,1,0,0,0,0,0,2,1,0,0,0,0,0,0
3067542400065200143,76,0,0,5,1,2,0,0,7,2,4,0,1,0,1,17,0,0,0,4,33,1,5,1,15,2,0,29,0,0,0,1,2,1,1,0,0,0,0,1,5,2,0,4,0,1,12,3,0,0,0,1,1,1,0,0,3,0,2,7,0,0,0,0,10,0,0,0,10,1,1,1,0,0,3,1,1,0,0,5,0,0,0,1,3,1,0,1,0,0,12,40,0,2,4,10,1,0,2,2,48,2,4,2,0,0,0,0,0,0,10,0,2,0,0,1,0,7,20,1,0,0,1,8,4,0,0,2,1,0,2,2,0,0,0,0,0,0,2,1,1,0,0,0,0,0,0,0,0,1,0,0,0,0,0,0,0,0,0,0,0,0,0,0,0,0,0,0,0,0,0,0,0,0,1,1,0,0,0,0
3067542400065200150,24,0,0,2,0,1,0,0,0,1,1,0,2,0,1,4,0,0,0,4,5,0,0,0,2,0,2,114,0,0,0,0,1,0,0,0,1,2,0,1,1,1,0,0,0,0,3,0,0,0,0,0,0,0,0,0,0,0,0,12,0,0,0,0,0,0,0,0,1,0,0,3,0,0,2,0,1,0,0,0,0,0,2,0,0,2,0,0,0,0,5,1,0,0,1,0,0,0,0,0,113,0,0,0,0,0,0,0,0,0,1,0,0,0,0,0,0,10,1,0,0,1,0,1,0,0,1,1,1,0,1,0,0,0,0,0,0,0,0,0,1,0,0,0,0,0,0,0,0,1,0,0,0,1,0,1,0,0,0,0,3,0,0,0,0,0,0,0,0,0,0,0,0,0,0,0,0,1,0,0
3067542400065200152,47,5,0,1,0,1,0,0,2,1,1,2,0,0,1,1,0,0,1,3,6,0,6,2,4,0,0,17,0,0,0,0,4,1,6,0,0,2,0,0,1,1,0,1,4,1,6,41,0,1,0,1,0,1,1,2,0,0,0,15,0,0,0,0,0,0,0,0,6,4,0,0,0,0,22,0,3,0,0,1,0,1,0,0,3,3,0,1,0,0,10,2,0,0,2,1,1,0,0,1,29,1,0,0,0,0,0,0,0,0,0,0,0,1,1,0,0,4,57,0,2,1,0,1,2,0,0,1,6,1,0,1,0,0,0,0,0,0,1,0,0,0,0,0,0,0,0,0,0,1,0,1,0,0,0,0,0,1,0,0,1,0,0,0,0,0,0,0,0,0,0,0,0,1,0,0,0,0,0,0
3067542400065200154,138,0,0,8,0,1,0,1,4,10,4,0,1,0,0,0,0,3,0,1,0,1,1,1,0,0,0,4,0,2,3,2,1,8,2,0,0,0,0,0,0,0,0,1,0,2,25,2,1,1,0,0,1,1,1,7,1,0,0,2,2,0,0,0,0,0,0,0,0,0,0,0,0,0,130,2,3,0,0,0,0,0,0,0,0,0,0,6,0,1,3,1,0,0,0,1,0,4,0,0,4,0,2,1,1,0,0,2,0,2,0,0,3,0,1,0,0,1,8,0,1,3,0,2,0,0,0,1,3,1,0,0,0,0,0,0,0,0,0,0,0,0,0,0,0,0,0,1,0,0,0,0,0,0,0,0,0,0,0,0,0,1,0,2,0,0,0,0,0,0,0,1,0,0,0,0,1,1,0,0
3067542400065200156,48,0,0,3,0,1,0,0,0,2,0,1,1,0,0,9,0,1,1,18,6,1,1,2,3,3,3,196,0,0,0,1,0,0,2,0,1,0,3,0,2,0,1,0,0,1,6,2,0,0,0,0,1,0,0,0,1,0,4,6,0,0,1,0,0,0,0,1,3,0,0,0,0,1,2,0,1,0,1,1,0,1,1,0,0,3,0,1,0,0,8,3,0,1,2,1,1,0,0,0,186,0,0,0,0,1,0,0,1,0,0,0,0,0,0,1,0,12,7,0,0,1,0,1,0,0,2,1,0,0,0,0,0,0,0,1,0,1,1,0,0,0,0,0,0,0,0,0,0,3,0,0,0,0,0,0,0,0,0,0,3,0,0,0,0,0,0,0,0,0,0,0,0,0,0,0,0,0,0,0
3067542400065200157,77,0,0,0,1,0,1,0,0,4,22,0,15,0,0,0,0,0,0,1,0,0,4,1,0,0,1,28,1,0,1,4,0,0,5,0,0,5,0,0,0,11,0,0,3,0,3,9,11,2,0,2,0,1,0,0,0,0,15,6,5,0,0,0,2,0,0,0,0,2,0,0,0,0,0,1,14,0,0,1,0,3,5,1,0,3,0,0,9,1,10,12,1,0,3,0,0,0,0,0,23,18,3,0,1,0,0,2,1,0,0,1,0,0,3,0,0,2,7,0,0,1,2,1,1,0,1,0,5,0,0,0,0,0,0,0,0,0,0,0,2,0,0,0,1,0,1,0,0,0,0,0,0,0,0,0,0,0,0,0,0,0,0,0,0,0,0,0,0,0,0,0,0,0,1,1,0,0,0,0
3067542400065200162,82,0,0,0,0,0,0,0,0,5,22,2,20,0,1,0,0,1,0,2,0,1,13,0,0,0,0,2,0,2,0,0,0,0,8,0,2,6,1,0,0,23,0,1,0,8,1,2,5,7,0,1,0,2,0,0,2,1,11,3,9,0,0,0,1,0,0,0,1,3,0,1,0,0,4,0,13,0,2,0,1,6,2,0,0,2,0,0,1,0,14,11,0,1,5,0,1,0,0,0,1,12,2,0,1,0,0,4,3,0,0,0,1,0,5,0,0,5,15,0,4,0,0,2,3,0,0,2,9,0,0,1,0,0,0,0,0,0,0,2,0,0,0,2,0,0,0,0,0,0,0,0,0,0,0,0,0,0,0,1,0,0,0,0,0,0,0,0,0,0,0,0,1,0,0,0,0,0,1,0
3067542400065200163,109,31,0,7,0,9,0,0,0,2,1,0,1,0,0,3,0,0,0,0,5,0,6,3,7,0,2,57,2,0,0,1,3,0,4,0,0,0,0,0,4,5,0,0,0,2,21,72,0,4,0,0,0,0,1,0,5,0,4,21,4,0,0,0,2,0,0,0,0,16,0,1,0,0,4,1,4,0,1,3,0,15,2,0,0,10,1,1,2,2,11,12,1,0,5,23,5,0,0,1,48,1,1,1,0,0,1,3,0,0,0,1,0,0,3,1,0,3,147,0,3,0,1,0,5,5,1,0,28,0,1,5,0,0,0,1,0,0,1,0,1,0,0,1,0,0,2,1,0,0,1,0,0,1,1,0,0,1,0,1,3,1,0,1,0,0,1,1,0,0,1,0,0,0,0,0,0,0,0,0
3067542400065200164,54,0,0,0,0,0,0,0,0,1,2,0,4,0,0,15,0,1,0,11,14,0,3,0,7,0,1,101,0,0,1,1,1,0,1,0,0,4,0,0,0,1,0,0,0,3,7,4,1,2,0,0,0,0,0,0,0,0,2,12,1,0,1,0,2,1,0,0,4,1,0,1,0,0,3,1,2,0,1,1,0,1,2,0,0,3,0,0,2,0,11,4,0,1,4,0,0,2,0,0,94,0,1,0,1,0,0,0,2,0,1,0,0,0,4,0,0,9,7,0,0,0,0,1,2,0,3,1,2,1,0,0,0,0,0,0,0,0,1,1,0,0,0,0,0,0,0,0,0,0,0,0,0,0,0,0,0,0,0,1,3,0,0,0,0,0,0,0,1,0,0,0,1,0,0,0,0,0,0,0
3067542400065200165,18,0,0,0,1,0,0,0,0,0,11,0,8,0,0,0,0,1,0,0,0,0,0,0,0,0,0,0,1,0,0,0,0,0,0,0,0,0,0,0,0,3,0,0,0,0,0,3,2,4,0,0,0,0,0,0,0,0,5,2,2,0,0,0,0,0,0,0,0,0,0,0,0,0,2,0,6,0,0,0,0,3,1,0,1,2,0,0,1,0,0,2,0,0,1,0,0,0,0,0,2,2,0,0,0,0,0,0,1,0,1,0,0,0,0,0,0,0,8,0,0,0,0,0,0,0,0,0,0,0,0,0,0,0,0,0,0,0,0,0,0,0,0,0,0,0,0,0,0,0,0,0,0,0,0,0,0,0,0,0,0,0,0,0,0,0,0,0,0,0,0,0,0,0,0,0,0,0,0,0
3067542400065200166,51,0,0,0,1,0,0,0,0,1,11,0,14,0,0,0,0,1,0,1,0,0,1,1,0,0,0,2,0,1,0,0,0,0,7,0,0,5,0,0,0,4,0,0,0,1,4,0,2,2,0,0,0,0,0,0,0,0,14,1,0,0,0,0,0,0,0,0,0,1,0,0,0,0,2,0,2,0,0,0,0,3,1,0,0,2,0,0,2,0,1,6,0,0,1,0,0,0,0,1,0,9,1,0,0,0,0,0,2,0,0,0,0,0,4,0,0,0,11,0,1,0,0,1,0,0,0,0,8,0,1,0,0,0,0,0,0,0,0,0,0,0,0,0,0,0,0,0,0,0,0,0,0,0,0,0,0,0,0,0,0,0,0,0,0,0,0,0,0,0,0,0,0,0,0,0,0,0,0,0
3067542400065200169,41,0,1,0,0,0,1,0,0,2,10,0,9,0,1,0,0,0,0,0,0,0,6,0,0,0,0,0,0,0,0,0,0,0,4,0,0,2,0,0,0,17,0,0,1,4,3,0,1,5,0,0,0,1,0,0,1,0,9,0,4,0,0,0,1,0,0,1,0,1,1,0,0,0,0,0,11,0,0,0,0,3,3,0,0,1,0,0,2,0,6,5,0,0,0,0,1,0,0,0,2,6,0,0,1,0,0,1,0,0,0,0,0,0,2,0,0,0,8,0,0,0,0,0,1,0,0,0,7,0,0,0,0,0,0,0,0,0,0,0,1,0,0,0,0,0,0,0,0,0,0,0,0,0,0,0,0,1,0,0,0,0,0,0,0,0,0,0,0,0,0,0,0,0,0,0,0,0,0,0
3067542400065200174,85,0,0,1,0,0,0,0,0,1,18,0,9,0,0,0,0,0,0,1,0,0,3,0,0,0,0,2,1,1,1,4,0,0,3,0,0,10,0,0,1,34,0,0,1,6,3,1,4,2,0,0,0,1,0,0,3,0,11,2,3,0,0,0,0,0,0,0,0,0,0,0,0,1,1,1,21,0,1,0,0,6,3,0,0,7,0,0,1,0,4,7,0,1,3,1,3,0,0,0,0,3,2,0,0,0,0,0,5,0,0,1,0,0,4,0,0,2,23,0,1,1,0,0,1,1,0,0,34,0,0,0,0,0,0,0,0,0,0,0,0,0,0,0,0,0,0,0,0,0,0,0,0,0,0,0,0,0,1,0,0,0,0,0,0,0,0,0,0,0,0,0,0,0,0,0,0,0,0,0
3067542400065200176,78,1,0,1,2,7,0,2,0,1,21,0,27,0,1,0,0,0,0,1,0,1,16,1,0,1,1,3,2,0,0,0,0,0,28,1,1,11,1,0,1,44,0,1,1,8,5,6,4,44,0,3,0,0,0,0,2,0,18,1,5,0,0,0,1,0,0,0,0,5,1,1,0,1,2,1,38,0,0,1,0,10,4,1,0,6,0,0,3,1,43,18,0,1,1,2,1,0,0,7,3,6,2,0,0,0,0,1,2,2,0,0,0,0,8,0,0,2,18,0,2,0,0,1,2,0,1,0,24,0,1,7,0,0,0,0,0,0,0,0,0,0,0,0,0,0,0,0,1,0,0,0,1,0,0,0,0,0,0,0,0,0,0,1,0,0,0,0,0,0,1,0,0,1,0,0,1,0,0,0
3067542400065200177,56,28,0,0,0,3,1,0,1,0,0,0,4,0,0,0,0,2,0,2,1,0,6,3,5,1,0,34,0,0,0,2,1,0,15,0,0,0,0,0,3,3,0,0,0,0,13,61,0,6,0,0,0,0,0,1,5,0,2,4,1,0,0,0,1,0,0,0,0,10,0,1,0,0,1,0,4,0,0,0,0,11,1,1,0,13,0,1,0,0,7,3,0,1,4,13,5,0,0,0,38,0,0,1,1,1,0,1,0,0,0,0,0,0,1,0,0,3,111,0,4,0,0,1,6,2,0,0,9,0,0,0,0,0,0,0,0,0,0,0,0,0,0,0,0,0,1,0,0,0,1,0,0,0,0,1,0,2,0,0,0,0,0,0,0,0,0,1,0,0,0,0,0,0,0,0,0,0,0,0
3067542400065200178,56,0,0,0,0,0,0,0,0,4,21,0,19,0,0,0,0,0,0,0,1,0,9,1,0,0,0,0,0,0,3,1,0,0,5,0,0,11,0,0,0,24,0,0,0,3,1,3,4,9,0,1,0,0,0,0,4,0,10,3,4,0,0,0,0,0,0,0,0,1,0,0,0,1,1,0,13,0,0,0,0,3,3,1,1,7,0,0,3,0,9,9,0,0,1,0,0,0,0,0,0,8,1,0,0,0,0,1,0,0,0,0,0,0,2,0,0,1,12,0,5,0,1,0,2,0,0,0,12,1,0,0,0,0,0,0,0,0,0,0,0,0,0,0,1,0,0,0,0,0,0,0,0,1,0,0,0,0,0,0,0,1,0,0,0,0,0,0,0,0,0,0,0,1,0,0,0,0,0,0
3067542400065200180,62,0,0,0,1,0,0,0,0,0,21,0,17,0,1,0,0,0,0,1,0,0,2,1,0,0,0,0,0,0,0,1,0,0,2,0,1,15,0,0,0,24,0,0,0,2,5,2,6,11,0,3,0,0,0,0,3,0,4,1,7,0,0,0,2,0,0,0,0,0,1,1,0,0,0,0,10,1,0,0,0,3,3,0,0,2,0,0,2,0,4,3,0,0,1,0,0,1,0,0,1,2,1,0,0,0,0,0,2,0,0,0,1,0,3,0,0,1,16,0,0,2,0,0,0,0,1,0,13,0,0,0,0,0,0,0,0,0,0,0,0,0,0,0,0,0,0,0,0,0,0,0,0,0,0,0,0,0,0,0,0,0,0,1,0,0,0,0,0,1,0,0,0,1,0,0,1,0,1,0
3067542400065200182,10,0,0,0,0,0,0,0,0,0,1,0,1,0,0,0,0,0,0,0,0,0,0,0,0,0,0,3,0,0,0,0,0,0,2,0,0,1,0,0,0,5,0,0,0,0,1,1,0,0,0,0,0,0,0,0,1,0,0,2,0,0,0,0,0,0,0,0,0,0,0,0,0,0,0,0,2,0,0,0,0,0,0,0,0,2,0,0,0,0,1,4,0,0,0,0,0,0,0,0,5,0,0,0,0,0,0,0,0,0,0,0,0,0,0,0,0,2,0,0,0,0,0,0,0,0,0,0,1,0,0,0,0,0,0,0,0,0,0,0,0,0,0,0,0,0,0,0,0,0,0,0,0,0,0,0,0,0,0,0,0,0,0,0,0,0,0,0,0,0,0,0,0,0,0,0,0,0,0,0
3067542400065200184,57,0,0,0,0,0,0,0,0,1,19,0,8,0,0,0,0,0,0,1,1,0,5,0,0,0,0,2,0,0,2,1,1,0,3,0,0,3,0,0,0,23,0,0,0,1,2,0,0,2,0,0,0,0,0,0,2,0,6,1,3,0,0,0,0,0,0,0,0,0,0,0,0,0,0,0,6,0,0,0,0,1,2,0,0,1,0,0,1,0,0,0,0,0,1,0,0,0,0,0,1,1,0,0,0,0,0,0,1,0,0,0,0,1,4,0,0,1,9,0,0,2,0,0,0,0,0,0,11,0,1,0,0,0,0,0,0,0,0,0,0,0,0,0,0,0,0,0,0,0,0,0,0,0,0,0,0,0,0,0,1,0,0,0,0,0,0,0,0,0,0,0,0,0,0,0,0,0,0,0
3067542400065200186,25,0,0,0,0,2,0,0,0,0,1,0,0,0,1,0,0,0,0,1,0,0,6,0,0,0,0,5,0,0,0,1,1,0,22,0,0,0,0,0,0,15,0,0,2,0,6,2,0,34,0,0,0,0,0,0,0,0,2,2,2,0,0,0,0,0,0,0,0,1,1,0,0,0,2,0,6,0,0,1,0,3,0,0,0,0,0,0,0,0,24,3,0,0,3,5,15,1,0,2,2,0,0,0,0,0,0,0,0,0,0,0,0,0,0,0,0,3,1,0,0,0,0,0,6,0,0,0,3,0,0,0,0,0,0,0,0,0,0,0,1,0,0,0,0,0,0,0,0,0,0,0,0,1,0,0,0,0,0,0,0,0,0,0,0,0,0,0,0,0,0,0,0,0,0,0,0,0,0,1
3067542400065200191,58,0,0,1,0,0,0,0,1,3,11,0,11,0,0,0,0,0,0,0,0,0,5,1,0,0,0,0,0,1,0,4,0,0,0,0,0,10,0,0,0,30,0,1,0,3,4,2,2,3,0,0,0,0,0,0,1,0,13,1,5,0,0,1,0,0,0,0,0,2,0,0,0,1,0,0,6,0,0,0,0,3,6,0,0,3,0,0,0,0,10,4,0,1,1,0,0,0,0,0,0,1,2,1,0,0,0,0,0,0,1,0,0,0,6,0,0,1,7,0,0,1,0,1,1,0,0,0,17,0,1,0,0,0,0,0,0,0,0,0,0,0,1,0,1,0,0,0,0,0,0,0,0,1,0,2,0,1,0,0,0,1,0,0,0,0,0,0,0,0,0,0,0,0,0,0,0,0,0,0
3067542400065200194,57,0,0,1,0,9,2,1,0,3,11,0,12,0,1,0,0,0,0,0,1,1,13,0,0,0,0,2,0,1,3,3,1,0,24,1,0,7,0,0,1,61,0,1,0,1,3,5,1,44,0,3,2,0,0,0,3,0,7,0,0,1,0,0,4,1,0,0,0,1,2,0,0,0,0,0,21,1,0,0,0,4,1,0,2,3,0,0,1,0,20,7,0,0,5,1,10,1,0,5,0,7,0,0,0,0,0,0,0,1,0,0,1,0,4,1,0,3,6,0,4,0,0,1,4,0,0,0,16,0,0,4,0,0,0,0,0,0,0,3,0,0,0,0,0,0,0,0,0,0,0,0,0,0,0,0,0,0,0,0,0,0,0,0,0,0,1,0,0,0,0,0,0,0,0,0,0,0,0,0
3067542400065200196,76,0,0,1,0,0,0,0,0,3,16,0,7,0,0,0,0,0,0,1,0,0,1,1,0,0,0,2,0,0,1,0,0,0,6,0,0,7,0,0,1,24,0,0,0,3,2,1,4,6,0,0,1,0,0,0,3,0,8,5,3,0,0,0,2,0,0,0,0,0,0,0,0,0,2,0,12,0,0,0,0,4,3,0,0,1,1,0,0,0,2,6,0,0,1,0,1,0,0,0,0,16,2,0,0,0,0,1,3,0,0,0,0,0,3,0,0,1,17,0,0,0,0,0,0,0,0,0,13,0,0,0,0,0,0,1,0,0,0,0,0,0,0,0,1,0,0,0,0,0,0,0,0,0,0,0,1,0,0,0,0,0,0,1,0,0,0,0,0,1,0,0,0,0,0,0,0,0,0,0
3067542400065200198,66,0,0,1,1,0,0,0,0,2,16,0,14,0,0,0,0,0,0,0,0,2,5,0,0,1,0,2,1,0,0,1,0,0,1,0,0,10,0,0,1,23,0,0,0,1,1,3,3,5,0,1,0,0,0,0,1,0,4,1,2,0,0,0,0,0,0,0,1,0,0,1,0,0,1,0,7,0,0,0,0,3,2,0,0,3,0,0,1,0,4,7,0,0,3,0,0,0,0,0,0,9,1,0,0,0,0,0,1,0,0,0,0,0,1,0,0,0,12,0,2,0,0,1,0,0,0,1,5,0,0,0,0,0,0,0,0,0,0,0,0,0,0,0,0,1,0,0,0,0,1,0,0,1,0,0,0,0,0,0,0,0,0,0,0,0,0,0,0,0,0,0,0,2,0,0,0,0,0,0
3067542400065200201,16,12,0,2,0,1,0,0,0,0,0,0,1,0,0,0,0,0,0,0,0,0,2,1,0,0,0,8,0,0,0,0,1,0,2,0,0,1,0,0,0,1,0,0,0,0,1,15,0,1,0,0,0,0,0,0,3,0,0,2,0,0,1,0,1,0,0,0,0,6,0,0,0,0,0,0,1,0,0,2,0,3,0,1,0,1,0,0,0,1,0,2,0,0,0,3,3,0,0,0,19,0,0,0,0,0,0,0,0,0,1,0,0,0,3,0,0,2,60,0,0,0,0,0,0,1,0,0,7,0,0,0,0,0,0,0,0,0,0,0,0,0,0,0,0,0,0,0,0,0,0,0,0,0,0,0,0,0,0,0,0,0,0,0,0,0,0,0,0,0,1,0,0,0,0,0,0,0,0,0
3067542400065200203,59,0,0,0,0,0,1,0,0,0,11,0,15,0,1,0,0,0,0,1,0,0,1,0,0,0,0,2,0,0,0,2,1,0,5,0,0,5,0,0,0,14,0,0,0,0,2,2,3,6,0,1,0,0,0,0,1,0,2,0,3,0,0,0,3,0,0,0,0,0,0,0,0,0,0,0,13,0,0,1,1,4,4,1,0,6,0,0,2,0,7,7,0,1,1,0,0,0,0,0,0,8,1,0,0,0,0,0,0,0,0,0,0,0,4,0,0,1,14,0,2,1,1,0,3,0,0,0,6,0,0,1,0,0,0,0,0,0,0,0,0,0,0,0,0,0,0,0,0,0,0,0,0,0,0,0,0,0,0,0,0,0,0,0,0,0,0,0,0,0,0,0,0,0,0,0,0,0,0,0
3067542400065200206,22,0,0,1,0,7,0,0,0,0,1,0,5,0,5,0,0,0,0,0,0,0,6,1,0,0,1,3,0,0,1,0,1,0,4,0,0,1,0,0,0,29,0,0,0,0,5,1,0,50,0,0,0,0,0,1,0,0,0,3,0,0,0,0,0,0,0,0,0,0,1,0,0,0,0,0,6,0,0,1,0,3,0,1,1,3,0,0,1,0,9,5,0,2,3,0,9,0,0,2,1,0,1,0,0,0,0,0,0,0,0,0,0,0,2,0,1,1,4,0,3,0,0,0,6,0,0,0,13,0,0,1,0,0,0,0,0,0,0,1,0,0,0,0,0,0,0,0,0,0,0,0,0,0,0,0,0,0,0,0,0,0,0,0,0,0,0,0,0,0,0,0,0,0,0,0,0,0,0,1
3067542400065200209,22,0,0,0,0,0,0,0,0,2,1,0,2,0,0,0,0,1,0,0,0,0,14,0,0,0,0,2,1,0,0,9,1,0,96,2,0,0,1,0,0,0,0,0,13,0,11,1,1,1,0,0,0,0,0,0,0,0,0,1,0,0,0,0,0,0,0,0,0,0,0,0,0,0,0,1,2,0,0,0,0,2,1,0,0,2,0,0,0,1,14,0,0,2,16,12,50,0,0,1,1,0,2,0,0,1,0,0,1,0,0,1,0,0,1,0,0,0,7,0,4,0,0,0,16,0,1,0,3,1,1,1,0,0,0,0,0,0,0,0,0,0,0,0,0,0,1,1,0,1,0,0,0,0,0,0,0,0,0,0,0,1,0,0,0,0,0,0,0,0,0,0,0,0,0,0,0,0,0,1
3067542400065200210,55,1,0,2,0,1,2,0,0,3,13,0,37,0,0,0,2,0,0,0,0,2,10,0,0,1,0,2,1,0,0,1,0,0,17,0,0,1,0,0,2,7,1,0,1,4,9,5,4,9,0,1,0,0,0,2,2,0,6,9,1,0,0,0,4,0,0,0,0,1,1,0,0,1,3,0,16,0,1,1,2,1,3,9,0,5,0,0,3,0,20,15,0,1,3,2,3,0,0,4,3,10,1,0,0,0,0,1,1,0,0,1,1,0,4,0,0,0,15,1,1,0,0,0,2,0,0,0,2,0,0,2,0,0,0,0,0,0,0,0,0,0,0,0,0,0,0,0,0,0,0,0,0,0,0,0,0,0,0,0,0,0,0,0,0,0,0,0,0,0,0,0,0,0,0,0,1,0,0,0
3067542400065200215,50,0,1,0,0,0,0,1,0,4,0,0,0,0,0,1,1,1,0,0,1,1,3,1,0,1,0,3,0,1,2,2,0,0,22,0,0,0,1,1,6,0,0,6,0,2,2,6,0,1,2,2,0,0,1,1,0,0,7,22,0,0,0,0,4,0,0,0,0,0,0,0,0,0,1,2,2,0,0,0,0,2,0,21,0,4,0,0,0,0,12,8,0,2,4,6,17,0,1,4,2,0,1,0,1,0,0,0,0,0,0,0,0,0,1,0,0,0,7,1,2,0,0,0,9,0,0,0,0,1,0,0,0,0,0,0,0,0,0,0,1,0,0,0,0,0,0,0,0,0,0,0,0,0,0,0,0,0,0,0,0,0,0,0,0,0,0,0,0,0,0,0,0,0,0,0,1,0,0,0
3067542400065200218,60,0,0,0,1,3,0,1,0,0,0,0,2,0,0,1,0,0,0,0,0,2,3,0,0,11,0,3,0,0,3,0,0,0,7,0,0,0,1,0,7,2,0,2,0,1,7,2,0,3,0,3,0,0,0,1,0,0,24,31,0,0,0,0,4,1,0,0,0,2,0,0,0,0,1,0,1,0,0,0,2,1,0,31,0,8,0,0,0,0,17,14,0,0,1,4,14,0,1,5,0,0,0,0,1,1,0,0,0,0,0,0,0,0,0,0,0,2,6,0,2,0,0,4,1,0,0,0,5,0,0,0,0,0,0,0,0,0,0,0,0,0,0,0,0,0,0,1,0,0,0,0,0,0,0,0,0,0,0,1,0,1,0,1,0,0,0,0,0,0,0,0,0,0,0,0,0,0,0,0
3067542400065200219,7,0,0,0,0,2,0,0,0,0,1,0,0,0,1,0,0,0,0,0,0,0,1,0,0,0,0,0,0,0,1,2,0,0,7,0,0,0,0,0,0,16,0,0,2,0,2,0,1,9,0,0,0,0,0,0,0,0,0,0,0,0,0,0,0,0,0,0,0,0,0,0,0,0,1,0,1,0,0,0,0,2,0,0,0,0,0,0,0,0,14,0,0,0,0,2,19,0,0,4,0,0,0,0,0,0,0,0,0,0,0,0,0,0,0,0,0,1,2,0,1,0,0,0,8,0,0,0,6,0,0,0,0,0,0,0,0,0,0,0,0,0,0,0,0,0,0,0,0,0,0,0,0,0,0,0,0,0,0,0,0,0,0,0,0,0,0,0,0,0,0,0,0,0,0,0,0,0,0,0
3067542400065200220,29,8,0,0,0,0,0,0,0,0,2,1,1,0,1,0,0,0,0,2,1,0,3,1,4,1,0,16,0,0,2,1,0,0,2,0,0,1,0,0,0,2,0,0,0,1,2,12,0,1,0,0,0,0,0,0,0,0,0,3,1,0,0,0,1,0,0,0,2,5,0,0,0,1,1,0,1,0,0,2,0,4,0,0,0,5,0,2,0,0,1,6,0,0,1,2,0,0,0,0,21,1,1,0,0,0,0,0,0,0,0,0,0,1,0,0,0,0,55,0,0,0,0,1,1,0,0,0,1,0,0,2,0,0,0,0,0,0,0,0,0,0,0,0,0,0,1,1,0,1,0,0,0,0,0,0,0,0,0,0,0,0,0,0,0,0,0,0,0,0,0,0,0,1,0,0,0,0,0,0
3067542400065200221,23,0,0,0,4,18,0,0,0,0,4,0,11,0,6,0,0,0,1,2,0,0,8,0,0,0,0,1,0,0,1,0,0,0,12,1,0,3,0,0,0,58,0,2,0,0,2,0,0,24,0,0,0,0,0,0,1,0,6,0,1,1,0,0,3,0,0,0,0,2,4,0,0,1,0,0,29,0,0,0,0,5,0,0,1,3,0,0,0,0,18,10,0,0,3,0,1,0,0,12,1,1,0,0,0,0,0,1,0,0,0,0,0,0,3,0,0,0,5,0,2,1,1,1,4,0,0,0,14,0,0,4,0,0,0,0,0,0,0,0,1,0,0,0,0,0,0,1,0,0,0,0,0,0,0,0,0,0,0,1,0,1,0,0,0,0,0,0,0,0,0,0,0,0,0,1,0,0,0,0
3067542400065200225,43,0,0,1,1,2,3,0,2,0,13,2,28,0,0,0,0,0,0,0,0,1,5,0,0,0,0,0,1,0,0,0,0,0,22,0,0,3,0,0,0,24,0,0,1,0,5,3,1,12,0,3,0,0,0,1,0,0,7,4,0,0,0,0,5,0,0,0,0,0,0,0,0,0,0,0,11,0,0,0,1,2,2,0,0,2,0,0,4,0,15,4,0,0,0,0,1,0,0,2,1,3,0,0,0,0,0,2,0,0,0,0,0,0,3,0,0,1,10,1,1,1,0,0,3,0,0,0,5,0,1,2,0,0,1,0,0,0,0,0,0,0,0,1,0,0,2,0,0,0,0,0,0,0,1,0,1,0,1,0,0,0,0,1,0,0,0,0,0,0,0,1,0,1,0,0,0,0,0,0
3067542400065200226,13,0,0,0,0,0,0,0,0,0,0,0,0,0,0,3,0,0,0,1,3,0,0,0,2,0,2,58,0,0,0,0,0,0,3,0,0,2,0,0,0,0,0,0,0,0,2,0,0,0,0,0,0,0,0,0,0,0,1,0,0,0,0,0,1,0,0,0,0,0,0,0,0,0,0,0,0,0,0,0,0,0,0,0,0,1,1,0,0,0,7,0,0,0,0,0,0,0,0,0,50,0,0,0,0,0,0,0,0,0,0,0,0,0,0,0,0,3,1,0,0,0,0,0,0,1,0,0,2,1,0,0,0,0,0,0,0,0,0,0,0,0,0,0,0,0,0,0,0,0,0,0,0,0,0,0,0,0,0,0,1,0,0,0,0,0,0,0,0,0,0,0,0,0,1,0,0,0,0,0
3067542400065200228,17,0,0,1,6,11,0,0,0,0,0,0,3,0,1,0,0,0,1,1,0,0,5,1,0,1,0,0,1,0,0,1,1,0,21,0,0,7,0,0,0,61,0,0,0,0,2,0,0,16,1,0,0,1,0,0,0,0,0,0,1,0,0,0,0,0,1,0,0,3,1,0,0,1,2,0,10,0,1,0,0,2,0,0,1,0,0,1,0,0,36,2,0,1,1,0,1,1,0,7,2,0,0,1,0,0,0,1,1,1,0,0,0,0,5,0,0,0,8,0,1,0,0,0,1,0,0,0,6,0,0,6,0,0,0,0,0,0,0,1,0,0,0,0,0,0,0,1,0,0,0,0,0,0,0,0,0,0,2,1,0,1,0,0,0,0,0,0,0,0,0,0,0,0,0,0,0,0,0,0
3067542400065200231,90,0,0,1,0,0,0,0,0,1,0,1,4,0,1,0,2,1,0,0,0,1,2,0,0,6,0,4,0,0,5,0,0,2,5,1,0,2,0,5,3,1,0,3,0,9,3,0,0,0,0,1,0,0,0,2,0,0,13,44,0,0,0,0,1,0,0,0,0,2,1,0,0,0,3,0,0,0,0,1,0,0,0,45,0,10,0,0,0,0,16,13,0,2,6,2,18,0,0,1,2,2,3,0,1,0,0,0,0,1,1,1,2,0,0,0,0,0,3,0,0,0,1,0,3,0,5,1,1,1,0,0,0,0,0,0,0,0,0,0,0,0,0,0,0,0,0,0,0,0,0,0,0,0,0,0,0,1,0,0,0,0,0,0,0,0,0,0,0,0,0,0,0,1,0,0,0,2,0,0
3067542400065200235,43,2,1,0,0,1,0,0,1,0,2,0,4,0,0,2,0,2,0,0,2,0,5,0,1,0,0,12,0,0,1,0,0,0,3,0,0,2,0,0,0,1,0,0,0,1,4,26,1,2,0,0,0,0,0,1,0,0,1,3,1,0,0,0,2,0,0,0,0,2,0,0,0,0,2,0,1,0,0,0,0,0,1,1,1,0,0,0,2,0,3,5,1,0,1,0,1,2,0,0,8,0,0,1,0,0,0,0,0,0,0,0,0,0,0,0,0,1,28,0,0,0,0,1,2,0,0,0,1,0,0,1,0,0,0,0,0,0,0,0,0,0,0,0,0,0,0,0,0,0,0,0,0,0,0,0,0,0,0,0,0,0,0,0,0,0,0,0,0,0,0,0,0,0,0,0,0,0,0,0
3067542400065200236,27,0,0,0,0,0,0,0,0,0,0,0,0,0,0,0,2,0,0,1,0,0,3,0,0,8,0,0,0,0,2,0,0,0,2,0,1,0,0,3,6,1,0,1,2,0,2,0,0,0,0,1,0,0,0,2,3,0,8,24,0,0,0,0,1,0,0,1,0,0,0,0,0,0,0,1,3,0,0,0,1,0,0,19,0,7,0,0,0,0,5,8,0,2,0,1,3,0,0,0,1,1,0,0,0,0,0,0,0,0,0,1,0,0,1,0,0,1,1,0,2,0,0,1,2,0,0,0,0,0,0,0,0,1,0,0,0,0,1,0,0,0,0,0,0,0,0,0,0,0,0,0,0,0,0,0,0,0,0,0,0,0,0,0,0,0,0,0,0,0,0,0,0,1,0,0,0,0,0,0
3067542400065200237,21,0,0,0,7,7,1,0,0,1,1,0,4,0,3,0,0,0,0,0,2,0,6,1,0,0,0,0,0,0,2,1,0,0,11,0,0,7,0,1,0,26,0,0,0,0,1,1,0,12,0,1,0,0,0,0,0,0,0,0,0,0,0,0,0,0,0,0,0,0,1,0,0,0,1,0,14,0,0,0,0,3,0,0,0,0,0,0,1,0,4,2,0,0,0,0,3,0,0,6,0,0,1,0,0,0,0,0,0,0,0,0,0,0,1,0,0,2,4,1,0,0,0,0,0,0,0,0,5,0,0,2,0,0,0,0,0,0,0,0,0,0,0,0,0,0,0,0,0,0,0,0,0,0,0,0,0,0,0,0,0,0,0,0,0,0,0,0,0,0,0,0,0,0,0,0,0,0,0,0
3067542400065200238,51,0,0,0,0,0,0,0,0,1,15,0,27,0,0,0,0,0,0,1,1,0,8,0,0,0,0,2,0,0,1,1,0,0,14,0,0,6,0,0,0,14,0,0,0,0,2,3,4,6,0,1,0,0,0,0,0,0,5,2,2,0,0,0,1,0,0,0,0,0,0,1,0,0,0,0,7,0,0,0,0,5,2,1,0,1,0,0,3,0,14,11,0,0,2,1,1,0,0,1,1,4,0,0,0,0,0,0,0,0,0,0,0,1,4,0,0,0,9,0,2,0,1,0,3,0,0,0,3,0,0,1,0,0,0,0,0,0,0,0,0,0,0,1,0,0,0,0,0,0,0,1,0,0,0,0,0,0,0,1,1,0,0,0,0,0,0,0,0,0,0,0,0,0,0,0,0,0,0,0
3067542400065200241,56,0,0,1,0,1,1,0,0,0,17,0,20,1,0,1,0,1,0,1,0,0,3,0,0,0,0,0,0,0,1,0,0,0,4,1,0,1,0,0,2,5,0,0,0,3,5,1,3,0,0,4,0,0,1,0,1,0,6,1,1,0,0,0,0,0,0,0,0,0,2,0,0,0,1,1,7,0,0,1,0,1,3,0,0,1,0,0,3,0,3,8,0,0,2,0,2,0,0,0,1,12,3,0,2,0,0,3,0,0,0,1,0,0,2,0,0,0,9,0,0,1,0,1,1,0,1,1,0,0,0,0,0,0,0,0,0,0,0,0,0,0,0,0,0,0,1,0,0,0,1,0,0,0,0,0,0,0,0,0,0,0,0,0,0,0,0,0,0,1,0,0,0,0,0,0,0,0,0,0
3067542400065200242,64,0,0,0,0,2,0,1,0,0,5,0,3,0,0,0,0,0,0,0,1,0,3,1,0,3,0,4,1,0,3,0,1,0,5,0,0,0,1,3,6,2,0,5,0,0,3,2,1,9,0,0,0,1,0,0,0,1,5,20,0,0,0,0,0,0,0,0,0,0,1,0,0,0,1,1,1,1,0,0,0,0,0,22,0,5,0,0,0,0,14,10,0,1,2,7,3,0,0,1,0,2,0,0,0,0,0,0,0,0,0,0,0,0,0,0,0,2,7,0,0,1,1,0,2,1,2,0,1,0,0,0,0,0,0,0,0,0,0,0,1,0,0,0,0,0,0,0,0,0,0,0,0,0,0,0,0,0,0,0,0,0,0,0,0,1,0,0,0,0,0,0,0,0,0,1,0,1,0,0
3067542400065200247,109,0,0,1,1,0,0,0,0,3,1,0,1,0,0,0,1,0,0,0,0,3,2,1,0,7,0,4,0,0,6,0,0,0,3,0,0,0,0,2,2,1,1,0,1,15,4,0,2,2,0,0,0,0,0,0,1,0,6,35,0,0,0,0,3,0,0,0,0,0,2,0,0,0,1,0,0,0,0,0,0,0,1,29,0,2,0,0,0,0,27,18,0,3,5,4,32,0,0,0,1,1,0,0,0,0,0,0,1,0,2,1,0,0,0,0,0,4,2,0,0,1,1,3,1,0,10,0,1,0,0,0,0,0,0,0,0,0,0,0,0,0,0,0,0,0,0,1,0,0,0,0,0,0,0,0,0,0,0,0,0,0,0,0,0,0,0,0,0,0,0,0,0,1,0,0,0,0,0,1
3067542400065200248,58,0,0,0,1,0,0,0,0,1,12,0,26,0,0,0,0,0,0,2,0,0,5,0,0,0,0,0,0,1,3,1,0,0,0,0,0,6,0,0,1,9,0,0,0,0,3,2,7,1,0,1,0,1,0,0,3,0,8,1,0,0,0,0,3,0,0,0,1,0,1,0,0,0,1,1,5,0,0,0,0,5,2,0,0,3,0,0,3,2,8,6,0,0,0,0,0,0,0,0,0,4,1,0,1,0,0,1,1,0,0,0,0,0,6,0,0,0,12,0,0,0,0,0,2,0,0,0,0,2,1,1,0,0,0,0,0,1,0,0,1,0,0,0,0,0,0,0,0,0,0,0,0,0,0,0,0,0,1,0,0,0,0,0,0,0,0,0,0,0,0,0,0,0,0,0,0,0,0,0
3067542400065200249,102,2,0,1,0,0,1,0,0,2,32,0,33,0,0,0,0,0,0,0,0,0,7,0,1,0,0,6,1,2,0,0,0,0,5,1,0,4,0,0,0,19,0,0,0,0,0,5,11,5,0,2,0,0,0,0,0,0,10,2,3,0,0,0,1,0,0,0,1,0,0,0,0,0,2,1,15,0,0,0,1,7,4,0,0,2,0,0,2,0,12,19,0,0,2,0,0,0,0,0,5,16,2,0,0,0,0,3,2,0,0,0,1,0,6,0,0,1,24,0,0,2,0,1,4,0,0,0,5,0,0,1,0,0,0,0,0,0,0,0,0,0,0,0,0,0,0,0,0,0,0,1,0,0,0,0,0,0,0,0,0,0,0,0,0,0,0,0,0,1,0,0,0,1,0,0,1,0,0,0
3067542400065200252,3,0,0,0,0,0,0,0,0,0,0,0,0,0,0,0,0,0,0,4,1,0,0,0,1,0,0,9,0,0,0,0,0,0,0,0,0,2,0,0,1,0,0,0,0,0,0,0,0,0,0,0,0,0,0,0,0,0,0,0,0,0,0,0,0,0,0,0,0,0,0,1,0,0,1,0,0,0,0,0,0,0,0,0,0,0,0,0,0,0,1,0,0,0,0,1,0,0,0,0,15,0,0,0,0,0,0,0,0,0,0,0,0,0,0,0,0,2,0,0,0,0,0,0,0,1,1,0,0,0,0,0,0,0,0,0,0,0,0,0,0,0,0,0,0,0,0,0,0,0,0,0,0,0,0,0,0,0,0,0,0,0,0,0,0,0,0,0,0,0,0,0,0,0,0,0,0,0,0,0
3067542400065200253,80,0,0,0,0,0,0,0,0,1,22,1,19,0,0,0,0,1,0,0,0,0,5,0,0,0,0,2,0,0,0,1,0,0,5,0,0,4,0,2,1,11,0,0,0,1,3,1,6,12,0,2,0,0,1,0,0,0,15,2,13,0,0,0,1,0,0,0,0,1,0,0,0,0,1,0,19,0,0,0,0,1,6,2,0,0,0,0,0,0,6,5,0,0,0,0,1,0,0,1,0,12,1,0,1,0,1,2,1,0,0,0,0,0,6,0,0,0,11,0,1,2,0,0,5,0,1,0,3,0,0,0,0,0,0,0,0,0,0,1,0,0,0,0,0,0,0,0,0,0,0,0,0,0,0,0,1,0,1,0,0,0,0,0,0,0,0,0,0,0,0,0,0,0,0,0,0,0,0,0
3067542400065200256,43,0,0,1,0,0,0,0,0,0,1,0,0,0,0,0,0,0,0,0,0,0,2,0,0,3,0,0,0,0,0,0,0,0,1,0,0,0,0,2,5,2,0,0,0,0,0,0,0,1,0,3,0,0,0,0,1,0,5,18,0,0,0,0,1,0,0,0,0,0,0,0,0,0,0,0,0,0,0,0,0,0,0,9,0,6,1,0,0,0,10,6,0,0,0,5,6,0,0,3,0,1,0,0,0,1,0,0,0,0,0,0,0,0,0,0,0,1,4,0,0,0,0,0,0,0,4,0,1,0,0,0,0,0,0,0,0,0,0,0,0,0,0,0,0,0,0,0,0,0,0,0,0,0,0,0,0,0,0,0,0,0,0,0,0,0,0,0,0,0,0,0,0,0,0,0,0,0,0,0
3067542400065200257,99,0,1,0,1,0,0,0,0,4,42,1,50,0,0,0,0,2,1,2,1,1,12,3,0,0,0,1,0,0,2,2,0,0,5,0,0,11,0,1,1,25,0,0,1,5,10,2,9,4,0,4,0,0,0,0,0,0,27,2,3,0,0,0,1,0,0,0,1,0,0,1,0,0,4,1,20,1,1,0,0,8,5,0,0,7,0,1,1,1,3,14,0,1,4,0,0,0,0,0,0,8,3,0,1,0,0,0,0,0,0,0,0,0,10,0,0,0,26,0,1,2,0,0,2,0,0,0,10,1,0,0,0,0,0,0,0,0,0,0,0,0,0,0,0,0,0,0,0,0,1,0,0,0,0,0,0,0,0,0,0,0,0,1,0,0,0,0,0,0,0,0,0,0,0,0,0,0,0,0
3067542400065200261,63,0,0,0,0,0,1,0,0,2,18,0,22,0,0,0,0,0,0,0,0,0,3,1,0,1,0,2,0,0,0,1,0,0,1,0,0,6,0,0,0,11,1,0,0,2,6,2,3,7,0,0,0,0,1,0,2,0,10,0,6,0,0,0,1,0,0,0,0,1,0,1,0,0,1,0,19,0,0,0,0,4,6,0,0,4,0,0,0,1,3,5,0,0,2,0,1,0,0,0,1,8,1,0,0,0,0,0,1,0,0,0,0,0,4,0,0,1,16,0,0,0,1,0,3,0,1,0,10,0,0,0,0,0,0,0,0,0,0,1,0,0,0,0,0,0,0,0,0,0,0,0,0,0,0,0,0,0,1,0,0,0,0,0,0,0,0,0,0,0,0,0,0,0,0,0,0,0,0,0
3067542400065200267,88,0,0,0,1,0,0,0,1,1,25,0,18,0,0,0,0,1,0,1,0,0,6,0,0,0,0,3,1,0,0,0,0,0,6,1,1,12,1,0,0,9,0,0,0,2,4,6,7,3,0,0,1,1,0,0,0,0,10,0,1,0,0,0,5,0,0,2,0,0,0,1,0,0,4,0,20,0,0,0,0,1,5,0,5,1,0,1,4,2,8,10,0,0,1,0,0,0,0,0,4,8,2,0,0,0,0,1,0,0,0,0,3,0,8,1,0,1,20,0,1,1,0,2,1,0,0,0,5,0,5,0,0,0,0,0,0,0,0,0,0,0,0,0,0,0,0,0,0,0,0,0,0,0,0,0,0,0,1,0,0,1,0,1,0,0,0,0,0,0,0,0,0,0,0,0,0,0,0,1
3067542400065200269,92,0,0,1,0,0,0,1,0,0,46,1,22,0,0,1,0,0,0,0,0,1,7,0,0,0,0,1,0,1,2,0,0,0,5,0,0,8,0,0,1,23,0,0,0,3,3,6,3,2,0,1,0,1,0,0,1,0,17,0,4,0,0,0,1,0,0,0,0,1,0,1,0,0,1,1,18,1,0,0,0,5,5,0,0,3,0,0,0,0,6,13,0,0,1,0,0,0,0,0,2,3,1,0,0,1,0,0,1,0,0,0,1,2,7,0,0,0,25,0,0,1,0,1,0,0,1,0,15,0,0,0,0,0,0,0,0,0,0,1,0,0,0,0,0,0,1,1,0,0,1,0,0,0,0,0,0,0,0,0,0,0,0,0,0,0,0,0,0,0,0,0,0,2,0,0,0,0,0,0
3067542400065200272,68,0,0,0,0,0,0,0,0,2,16,0,30,0,0,0,2,0,0,0,0,1,7,1,0,1,0,1,0,1,2,2,0,1,8,0,1,7,0,6,3,14,0,0,3,4,3,5,7,5,0,2,1,0,0,0,2,0,16,14,4,0,0,0,5,0,0,0,0,1,0,0,0,0,0,1,17,1,0,1,3,4,4,14,0,3,0,1,4,0,22,20,0,2,4,0,5,0,0,1,6,24,1,0,0,0,0,1,1,0,0,1,1,0,4,0,0,1,21,0,1,0,0,1,4,0,3,0,4,0,0,1,0,0,0,0,0,1,0,1,0,0,0,0,0,0,1,0,0,0,0,0,0,0,0,1,1,0,1,0,0,0,0,1,0,0,0,1,0,0,1,0,0,0,0,0,0,0,0,0
3067542400065200283,32,1,0,1,0,1,1,1,0,2,0,0,0,0,0,4,0,0,0,5,3,2,0,1,1,0,1,70,0,0,0,0,0,1,1,0,0,2,0,1,0,1,0,0,0,3,9,0,2,1,0,0,0,1,0,0,1,0,1,8,1,0,0,0,3,0,0,0,2,0,0,2,0,0,3,0,0,0,0,1,0,1,0,0,0,2,0,0,0,0,9,7,1,1,5,0,0,0,0,1,77,0,0,0,1,0,0,3,0,0,0,0,0,0,0,0,0,3,2,0,1,0,0,0,1,0,0,0,1,1,0,0,0,0,0,0,0,0,1,0,0,0,0,0,0,0,0,0,0,1,0,0,0,0,0,0,0,0,0,0,1,0,0,0,0,0,0,0,0,0,0,0,0,0,0,0,0,0,0,0
3067542400065200292,60,0,0,0,0,0,1,0,0,1,22,0,16,0,0,0,0,0,1,0,0,0,8,2,0,0,0,1,0,0,1,1,0,0,4,0,0,7,0,0,2,11,0,0,2,3,5,2,4,2,1,2,0,1,1,1,0,0,17,1,3,0,0,0,3,0,0,0,0,0,0,0,0,0,2,1,15,0,0,0,0,5,8,0,1,6,0,2,0,0,15,13,0,0,2,0,0,0,0,0,2,32,2,0,1,0,0,1,0,0,0,0,0,0,5,0,0,1,14,0,1,1,0,2,2,1,0,0,3,1,0,0,0,0,0,0,0,0,0,0,0,0,1,0,0,0,0,0,0,0,0,0,0,0,0,0,0,0,1,0,0,0,0,0,0,0,0,0,0,0,0,0,0,0,0,0,0,0,0,0
3067542400065200294,89,0,0,5,0,0,1,1,3,0,4,0,0,0,1,1,0,0,0,1,0,0,0,3,0,0,0,3,0,0,0,0,1,3,0,0,0,1,1,0,1,1,0,0,0,1,11,0,0,0,0,0,1,0,0,0,0,0,0,1,0,0,0,0,0,0,0,0,0,0,0,0,0,0,73,0,3,0,0,0,0,0,0,0,1,0,0,0,1,4,1,3,0,0,0,0,0,0,0,0,5,0,1,0,0,0,0,0,0,0,0,0,2,0,0,0,0,3,1,0,0,0,0,3,1,0,0,0,2,0,2,0,0,0,0,0,0,0,0,0,0,0,0,0,0,0,0,0,0,0,0,0,0,0,0,0,0,0,0,0,0,0,0,0,0,0,0,0,0,0,0,0,0,0,0,0,0,0,0,0
3067542400065200298,11,2,0,0,0,1,0,0,1,0,0,0,0,0,0,0,0,0,0,0,2,0,0,0,0,0,0,5,0,0,0,0,0,0,0,0,0,0,0,0,0,0,0,0,0,0,1,1,0,0,0,0,0,0,0,0,0,0,0,1,0,0,0,0,0,0,0,0,0,1,1,0,0,0,0,0,0,0,0,0,0,1,0,0,0,0,0,0,0,0,0,0,0,0,1,0,0,0,0,0,7,0,0,0,0,0,0,0,0,0,0,0,0,0,0,0,0,0,25,0,0,0,0,0,0,0,0,0,0,0,0,0,0,0,0,0,0,1,0,0,0,0,0,0,0,0,0,0,0,0,0,0,0,0,0,0,0,0,0,0,0,0,0,0,0,0,0,0,0,0,0,0,0,0,0,0,0,0,0,0
3067542400065200300,73,0,0,0,0,2,0,0,1,0,1,2,0,0,0,6,0,1,0,2,29,0,1,0,2,0,0,20,0,0,3,2,0,0,1,0,0,0,0,0,7,0,0,2,0,1,2,9,0,0,0,0,0,0,0,0,2,0,1,3,2,0,0,0,1,0,0,0,5,2,2,0,0,1,13,1,4,0,0,1,0,0,0,0,0,0,0,0,0,0,4,26,0,1,0,1,0,0,0,2,20,0,1,0,0,0,0,1,0,0,0,0,1,0,0,1,0,2,11,0,0,0,0,0,3,0,0,0,1,0,0,0,0,0,0,0,0,0,0,0,0,0,0,1,0,0,1,0,0,0,0,0,0,0,0,0,0,1,0,0,0,0,0,1,0,0,1,0,0,0,0,0,0,0,0,1,0,0,0,0
3067542400065200301,28,0,0,0,1,0,1,0,0,3,0,0,0,0,0,2,0,0,0,10,7,0,4,8,1,0,0,93,0,3,0,0,0,0,2,3,0,2,0,0,0,1,0,0,0,2,5,1,0,1,1,0,0,1,0,0,1,0,7,6,1,0,0,0,2,0,0,0,5,0,0,0,0,0,0,0,6,1,0,5,1,1,0,5,0,1,0,0,0,0,18,5,0,0,2,2,2,0,0,0,97,0,0,0,0,0,0,0,0,0,0,0,0,0,3,0,0,11,5,0,0,0,1,0,1,0,0,0,0,0,0,0,0,0,0,0,0,0,1,0,0,0,0,0,0,0,0,0,0,0,0,0,0,0,0,0,0,0,0,0,1,0,0,0,0,1,0,0,0,0,0,0,0,0,0,0,0,0,0,0
3067542400065200303,55,0,0,0,0,1,0,0,0,0,21,0,15,0,0,0,2,0,0,2,0,0,3,0,0,0,0,1,0,0,0,1,0,0,3,0,1,11,0,0,1,28,0,0,0,1,3,0,4,2,0,0,1,0,0,0,1,0,14,3,6,0,0,0,0,0,0,0,0,0,0,1,0,0,1,0,9,0,0,0,0,4,1,1,0,3,0,0,1,0,9,7,0,1,5,0,1,0,0,0,2,16,1,0,0,0,0,1,3,1,0,0,1,0,4,0,0,2,27,0,0,0,0,1,0,0,0,0,14,0,0,0,0,0,0,0,0,0,0,0,0,0,0,0,0,0,0,0,0,0,0,0,0,0,0,0,0,0,0,0,0,0,0,0,0,0,0,0,0,0,0,0,0,0,0,0,0,0,0,0
3067542400065200305,84,1,0,6,0,0,0,0,1,1,5,1,1,0,1,1,0,0,0,1,1,0,0,2,0,0,0,3,0,0,0,0,0,3,0,0,0,0,0,0,2,0,0,1,0,2,10,1,0,1,0,0,0,0,0,2,1,0,0,0,0,0,0,0,0,0,0,0,0,0,1,0,0,0,57,0,1,0,0,0,0,0,0,0,0,1,0,4,0,1,5,4,0,0,1,0,1,0,0,0,4,1,1,0,0,0,0,1,0,0,0,0,1,0,0,1,0,4,2,0,0,0,0,1,0,0,0,0,1,0,0,0,0,0,0,0,0,0,0,0,0,0,0,0,0,0,0,0,0,0,0,0,0,0,0,0,0,0,0,0,0,0,0,0,0,0,0,0,0,0,1,0,0,0,0,0,0,0,0,1
3067542400065200307,18,0,0,0,0,0,0,0,0,0,6,0,5,0,0,0,0,0,0,0,0,0,1,0,0,0,0,1,0,0,0,0,0,0,1,0,0,5,0,0,0,3,0,0,0,1,2,1,0,0,0,0,0,0,0,0,0,0,0,0,1,0,0,0,0,0,0,0,0,0,0,0,0,0,0,0,2,0,0,0,0,1,0,0,0,1,0,0,0,0,2,3,0,0,0,0,0,0,0,0,1,0,1,0,0,0,0,0,0,0,0,0,0,0,1,0,0,0,4,0,0,0,0,0,1,0,0,0,1,0,0,0,0,0,0,0,0,0,0,0,0,1,0,0,0,0,0,0,0,0,0,0,0,0,0,0,0,0,0,0,0,0,0,0,0,0,0,0,0,0,0,0,0,0,0,0,0,0,0,0
3067542400065200324,80,0,0,1,0,1,1,0,0,2,7,0,22,0,1,1,0,0,0,14,2,0,7,0,4,0,1,83,0,1,0,3,0,0,3,0,0,9,0,0,0,15,0,1,0,0,4,9,4,0,0,0,0,0,0,0,4,0,6,12,6,0,0,0,1,0,0,0,3,1,1,0,0,0,3,0,19,0,1,3,0,4,2,0,0,7,0,1,1,0,7,9,0,0,2,0,0,0,0,0,88,15,0,0,0,0,0,1,6,1,0,0,1,1,6,0,1,16,21,0,0,0,0,0,0,0,2,0,8,0,1,0,0,0,1,2,0,0,2,0,0,0,0,0,0,0,1,0,0,1,0,0,0,0,0,1,0,0,0,0,2,0,0,0,0,0,0,1,0,0,0,0,0,0,0,0,0,0,0,0
3067542400065200347,1,0,0,0,0,0,0,0,0,0,0,0,0,0,0,0,0,0,0,1,5,0,0,0,0,0,0,12,0,0,0,0,0,0,0,0,0,2,0,0,0,0,0,0,0,0,0,0,0,0,0,0,0,0,0,0,0,0,0,0,0,0,0,0,0,0,0,0,1,0,0,0,0,0,0,0,0,0,0,0,1,0,0,0,0,0,0,0,0,0,0,0,0,0,0,0,0,0,0,0,16,0,0,0,0,0,0,0,0,0,0,0,0,0,0,0,0,0,0,0,0,0,0,0,0,0,0,0,1,0,0,0,0,0,0,0,0,0,0,1,0,0,0,0,0,0,0,0,0,0,0,0,0,0,0,0,0,0,0,0,0,0,0,0,0,0,0,0,0,0,0,0,0,0,0,0,0,0,0,0
3067542400065200348,81,1,0,1,0,0,1,0,0,3,12,1,3,0,0,2,0,0,1,14,9,0,3,0,3,2,3,194,1,0,0,0,1,1,3,0,0,6,1,2,4,15,0,0,1,1,3,5,2,1,0,0,0,0,0,0,1,0,8,14,5,0,2,0,4,0,0,0,7,1,0,0,0,1,1,0,10,0,0,1,0,1,2,2,1,1,0,0,1,1,10,5,0,0,3,2,0,1,0,0,182,8,0,0,0,1,0,0,2,0,0,0,0,0,1,0,0,15,10,0,0,0,0,2,2,0,1,1,5,1,0,0,0,0,0,0,0,0,0,0,0,0,0,0,0,0,0,0,0,0,0,0,0,1,0,0,0,0,0,0,5,0,0,0,1,0,0,0,0,0,0,0,0,0,1,0,0,1,0,0
3067542400065200353,80,1,0,6,0,0,0,0,0,2,11,0,1,0,2,0,0,0,0,0,0,0,1,1,0,1,0,3,0,1,0,0,1,1,1,1,0,0,0,0,1,0,0,0,2,1,6,2,1,0,0,0,0,2,0,0,0,0,2,1,0,0,0,0,1,0,0,2,0,0,0,0,0,0,43,0,0,0,0,0,0,1,0,0,3,1,0,1,0,0,7,3,0,0,0,0,0,2,0,0,1,1,7,0,0,0,0,0,0,0,0,0,10,0,3,0,0,1,4,0,0,0,1,5,2,0,1,0,1,0,3,0,0,0,0,0,0,0,0,0,1,0,0,0,0,0,0,0,0,0,0,0,0,0,0,0,0,0,0,0,0,0,0,0,0,0,0,0,0,0,0,1,0,0,0,0,0,0,0,0
3067542400065200354,37,1,0,0,0,1,0,0,1,2,0,0,2,7,0,0,1,0,0,1,1,0,2,1,1,0,0,5,0,0,0,0,0,1,1,1,1,0,0,0,1,0,0,0,0,0,6,24,0,1,0,1,1,2,0,0,0,0,0,2,6,0,0,0,3,0,0,0,0,2,1,0,0,0,2,0,0,0,0,1,0,1,2,0,61,4,0,0,3,1,10,9,0,1,1,1,2,1,0,0,19,2,3,0,0,0,0,1,0,0,0,0,0,0,0,0,0,0,37,0,0,0,0,1,0,1,0,0,2,1,0,0,0,0,0,0,0,0,2,0,0,0,0,0,0,0,0,0,0,0,0,0,0,1,0,0,0,0,0,0,0,0,0,0,0,0,0,0,0,0,0,0,0,0,0,0,0,0,0,1
3067542400065200356,106,0,0,1,0,0,1,0,2,2,5,0,0,0,0,1,0,1,0,2,1,0,1,3,0,1,0,2,0,0,1,0,1,6,1,0,0,1,0,1,0,0,0,0,2,1,17,0,0,0,0,0,0,0,0,3,0,0,0,5,1,0,0,0,0,0,0,0,0,0,0,2,0,0,92,0,3,0,0,1,0,0,0,2,0,0,0,1,0,1,3,2,0,0,2,0,2,1,0,1,8,0,2,0,0,0,0,0,0,0,1,0,1,0,1,0,0,3,4,0,0,1,0,2,2,0,1,0,3,0,0,0,0,0,1,0,0,0,0,0,0,0,0,0,0,0,0,0,0,0,0,0,0,0,0,0,0,0,0,0,0,1,0,0,0,0,0,0,0,0,0,0,0,1,0,0,0,0,0,0
3067542400065200357,80,0,0,2,0,1,0,0,4,1,1,0,0,0,0,18,0,1,0,6,30,0,4,0,4,0,0,17,0,1,3,1,1,0,1,0,0,0,0,0,6,2,0,2,1,1,10,4,0,0,0,1,0,0,0,0,1,0,6,3,1,0,0,0,0,0,0,0,6,1,0,0,1,0,5,5,0,0,1,10,0,0,1,0,0,0,0,1,0,0,3,22,0,3,2,0,1,0,1,3,33,2,2,0,1,0,0,0,0,0,3,0,0,0,1,0,1,3,3,0,0,0,0,0,10,0,1,1,1,1,0,0,1,0,0,0,0,0,0,0,1,0,0,0,0,0,1,0,1,0,0,0,0,0,0,1,0,0,0,0,1,0,0,1,0,0,0,0,0,0,0,0,0,0,0,0,0,0,0,0
3067542400065200366,48,0,0,2,1,0,0,0,1,1,1,0,0,0,0,6,0,0,0,19,7,0,6,0,3,0,1,127,0,0,2,0,3,0,1,0,0,3,2,0,1,0,0,0,0,2,13,3,0,1,0,0,1,0,0,0,0,0,6,22,2,0,0,0,3,1,0,0,10,2,1,1,0,1,10,0,8,0,0,1,0,0,1,0,1,1,0,0,0,0,13,3,0,0,12,0,0,0,0,0,111,0,1,0,0,0,0,1,0,0,0,0,0,0,0,0,0,20,2,0,0,0,0,2,1,0,5,1,0,1,1,0,0,0,0,2,0,0,0,1,1,0,0,2,0,0,0,0,0,1,0,0,0,0,0,0,0,0,0,0,6,0,0,0,0,0,0,0,1,1,0,0,1,0,0,0,1,0,0,0
3067542400065200368,58,0,0,1,1,0,0,0,0,4,1,0,2,0,0,5,0,1,1,25,4,0,3,0,2,0,2,113,0,0,0,0,1,0,2,0,0,4,0,0,1,3,0,0,0,1,5,4,0,0,0,1,1,0,0,0,1,0,3,19,3,0,0,1,0,1,0,0,3,0,0,1,0,0,0,0,8,0,0,3,0,0,1,0,0,4,1,1,0,0,5,3,0,0,6,1,0,0,0,0,101,3,0,0,0,0,0,0,2,0,1,0,1,0,1,0,1,16,4,1,1,1,0,0,2,1,3,0,1,0,0,0,0,0,0,0,0,0,1,0,0,0,0,0,0,0,0,0,0,0,0,0,0,0,0,0,2,0,0,0,1,0,0,0,0,0,0,1,0,0,0,1,0,0,0,0,0,0,0,0
3067542400065200371,38,0,0,1,1,0,0,0,1,1,0,0,0,1,0,3,0,0,0,9,7,0,1,0,1,0,1,20,0,0,3,0,1,0,0,0,2,3,0,0,3,0,0,0,0,1,13,7,0,0,0,0,0,0,0,0,1,0,3,4,0,0,0,0,1,1,0,0,5,1,1,1,1,0,1,0,6,0,0,2,0,0,2,0,0,1,0,0,0,1,4,12,0,2,1,0,0,0,0,0,32,0,0,0,0,0,0,0,0,0,1,1,0,0,1,0,0,13,3,0,0,0,1,1,2,0,3,1,0,1,0,0,5,0,0,0,0,0,0,0,0,0,0,0,0,0,0,0,0,0,0,0,0,0,0,0,0,0,0,0,1,0,0,0,0,0,0,0,0,0,0,0,1,0,0,0,0,0,0,0
3067542400065200377,25,0,0,1,0,0,0,0,1,0,0,1,1,0,0,5,0,0,0,6,3,0,1,0,3,0,0,108,0,0,0,0,1,0,0,0,0,0,0,0,0,0,0,0,0,1,4,0,0,0,0,0,0,0,0,0,0,1,2,2,0,0,0,0,0,2,0,0,2,0,0,0,0,0,1,0,3,0,0,0,1,0,1,1,0,0,0,1,0,0,3,0,0,0,0,0,0,0,0,0,130,0,1,0,0,0,0,0,0,0,0,0,0,0,1,0,0,10,0,0,0,0,0,0,2,0,0,0,1,0,0,0,0,0,0,0,0,0,4,0,0,0,0,1,1,0,0,0,0,0,0,0,0,0,0,0,0,0,0,0,3,0,0,0,0,0,0,0,0,0,0,0,0,0,0,0,0,0,0,0
3067542400065200378,30,0,0,1,0,0,0,0,0,0,0,0,0,0,0,2,0,0,0,6,4,0,1,0,4,0,1,68,0,0,0,1,0,1,3,0,0,0,0,0,0,2,0,0,0,0,0,0,0,0,0,0,0,0,0,0,0,1,0,2,0,0,0,0,0,0,0,0,0,0,0,0,0,0,1,0,1,0,1,0,0,0,0,1,0,0,0,0,0,0,3,2,0,0,0,0,0,0,0,0,70,1,0,0,0,0,0,0,0,0,0,0,0,0,0,0,0,3,0,0,0,0,0,0,0,1,0,0,0,0,0,0,0,0,0,1,0,0,1,0,0,0,0,0,0,0,1,0,0,0,0,0,0,0,0,0,0,0,0,0,0,0,0,0,0,0,0,0,0,0,0,0,0,0,0,0,0,0,0,0
3067542400065200381,88,2,0,0,0,0,0,1,0,4,3,0,1,7,0,3,1,0,1,19,8,0,4,0,3,1,2,178,0,0,0,0,5,1,4,0,0,1,0,0,0,2,0,0,0,1,6,3,1,0,0,0,0,0,0,0,0,0,6,28,2,0,0,0,4,0,0,0,3,0,0,1,0,0,2,0,6,1,0,0,0,1,0,0,0,6,0,0,0,0,15,6,0,1,6,1,0,1,0,1,115,2,3,0,0,0,0,1,1,0,0,0,0,0,1,0,1,20,7,0,1,0,1,0,1,0,5,0,0,0,0,0,2,0,0,0,0,2,1,0,0,0,0,0,0,0,0,0,0,0,1,0,0,0,0,0,0,0,0,0,3,0,0,0,0,0,1,0,1,0,0,0,0,0,1,1,0,0,0,0
3067542400065300125,41,0,0,0,0,0,2,0,0,0,8,1,7,0,0,0,1,0,0,1,0,0,2,0,0,0,0,1,0,0,0,0,0,0,4,0,0,5,0,0,0,11,0,0,0,1,0,2,0,3,0,1,0,0,0,0,2,0,5,0,5,0,0,0,0,0,0,0,0,0,0,0,0,0,0,0,10,0,0,0,0,3,2,0,0,0,0,0,1,0,2,5,0,1,0,0,0,1,0,0,1,4,0,0,0,0,0,1,0,0,0,0,0,0,0,0,0,2,8,0,0,0,0,0,0,0,0,0,6,0,1,0,0,0,0,0,0,0,0,0,0,0,0,0,0,0,0,0,0,0,0,0,0,0,1,0,0,0,0,0,0,0,0,0,0,0,0,0,0,0,0,0,0,0,0,0,0,0,0,0
3067542400066100106,19,0,0,0,0,0,0,0,0,0,0,0,0,0,0,6,0,0,0,4,3,0,1,1,6,0,0,12,0,0,0,0,0,0,1,0,0,1,0,0,0,0,0,0,1,0,3,1,0,0,0,0,0,0,0,0,0,0,2,8,2,0,0,0,1,0,0,0,1,1,0,0,0,0,0,0,0,0,0,0,0,0,0,0,0,0,0,0,0,0,0,0,0,1,2,0,0,0,0,0,15,0,0,0,0,0,0,0,0,0,0,0,0,0,1,0,0,4,21,0,0,0,0,0,1,1,0,0,1,0,0,0,1,0,0,0,0,0,1,0,0,0,0,0,0,0,0,0,0,0,0,0,0,0,0,0,0,0,0,0,0,0,0,0,0,0,0,0,0,0,0,0,0,0,0,0,0,0,0,0
3067542400066100119,70,21,0,1,0,1,0,0,0,1,0,0,0,0,0,7,0,0,0,17,13,2,3,3,9,0,1,48,0,0,1,2,0,0,2,0,0,6,0,0,1,1,0,0,1,0,12,29,1,0,0,1,0,0,0,0,3,0,8,25,1,0,0,0,1,0,0,0,1,1,0,1,0,0,0,0,1,0,0,4,1,1,1,0,0,2,0,0,0,2,12,0,1,1,3,1,0,0,0,1,27,0,1,0,0,1,0,0,0,1,0,0,0,0,2,0,0,26,57,0,0,0,0,1,3,5,0,1,8,0,0,0,0,0,0,1,0,0,1,0,1,0,0,0,0,0,0,0,0,0,0,0,0,0,0,0,0,0,0,0,0,0,0,0,0,0,0,0,0,0,0,0,0,0,0,0,0,0,0,0
3067542400066100124,8,0,0,0,0,0,0,0,0,0,0,0,0,1,0,0,0,0,0,0,0,0,0,0,0,0,0,2,0,0,0,0,0,0,0,2,0,0,0,0,0,0,0,0,0,0,0,3,0,0,0,0,0,0,0,0,0,0,0,6,0,0,0,0,0,0,0,0,0,0,0,0,0,0,0,0,0,0,0,2,0,0,0,0,0,0,0,0,1,0,1,3,0,0,1,0,0,0,0,0,3,0,0,0,0,0,0,0,0,0,0,0,0,0,1,0,0,8,4,0,0,0,0,0,1,1,0,1,1,0,0,0,1,0,0,0,0,0,0,0,0,0,0,0,0,0,1,0,0,0,0,0,0,0,0,0,0,0,0,0,1,0,0,0,0,0,0,0,0,0,0,0,0,0,0,0,0,0,0,0
3067542400066100128,52,0,0,0,0,2,0,0,0,0,3,0,1,3,0,10,0,1,1,20,8,0,2,1,1,0,1,67,0,0,0,1,0,0,1,1,0,3,1,0,1,1,1,0,0,0,8,11,0,1,0,0,1,0,1,0,1,0,4,21,1,1,0,0,1,0,0,0,6,1,0,1,1,0,0,0,1,0,0,5,0,0,1,0,0,0,0,0,0,0,13,7,0,1,4,0,1,0,0,0,42,0,2,0,0,1,0,0,0,1,0,0,0,0,1,1,0,18,10,0,0,0,0,0,2,1,0,1,0,0,0,0,0,0,0,0,0,0,1,0,0,1,0,1,0,0,1,0,0,1,0,0,0,0,0,0,0,0,0,0,3,0,1,0,0,0,0,0,0,0,0,0,0,0,0,0,0,1,0,1
3067542400066100130,34,2,0,0,0,0,0,0,0,0,0,0,0,0,0,2,0,0,0,10,2,0,3,1,1,0,0,9,0,0,0,0,0,0,1,0,0,1,0,0,1,0,0,0,0,0,2,12,0,0,0,0,0,0,0,0,0,0,3,14,0,0,0,0,3,0,0,0,1,1,0,1,0,0,0,0,1,0,0,0,0,0,0,0,0,1,0,0,0,1,20,0,0,0,0,1,0,0,0,0,6,0,0,0,0,1,0,0,0,0,0,0,0,0,0,0,0,13,16,0,0,0,0,0,1,1,0,0,0,0,0,0,0,0,0,0,0,0,0,0,0,0,1,0,0,0,0,0,0,0,0,0,0,1,0,0,0,0,0,0,0,0,0,1,0,0,0,0,0,0,0,1,0,0,0,0,0,0,0,0
3067542400066100133,65,15,0,3,2,1,1,0,0,0,0,1,0,0,0,5,0,0,0,19,11,0,5,4,3,0,0,15,0,0,0,4,5,0,2,0,0,3,0,1,2,0,0,0,0,1,13,30,0,0,0,3,1,0,0,0,0,0,9,11,0,0,0,0,0,0,0,0,4,2,0,0,0,0,1,0,0,0,0,0,0,0,2,1,0,1,0,0,1,0,10,0,0,0,1,1,0,0,0,0,19,1,0,0,0,0,0,0,0,1,0,0,0,0,1,0,0,26,104,1,0,1,0,0,5,6,0,0,4,0,1,0,0,0,0,0,0,0,0,0,0,0,0,1,0,0,0,1,0,0,0,0,0,0,0,0,0,0,0,0,0,0,0,0,0,0,0,0,0,0,0,0,0,1,0,0,0,0,0,0
3067542400066200314,12,0,0,1,0,0,0,0,0,0,0,0,0,0,0,2,0,0,0,3,1,0,0,0,0,0,0,1,0,0,0,0,0,0,0,0,0,0,0,0,0,0,0,0,0,0,3,0,0,0,0,0,0,0,0,0,0,0,1,2,1,0,0,0,0,1,0,0,0,0,0,0,0,0,0,0,0,0,0,0,0,0,0,0,0,0,0,0,0,0,0,0,0,0,1,0,0,0,0,0,0,0,0,0,0,0,0,0,0,0,0,0,0,0,1,0,0,1,14,0,0,1,0,0,0,0,0,0,0,0,0,0,0,0,0,0,0,0,0,0,0,0,0,0,0,0,0,0,0,0,0,0,0,0,0,0,0,0,0,0,0,0,0,0,0,0,0,0,0,0,0,0,0,0,0,0,0,0,0,0
3067542400066200320,38,5,0,1,0,2,1,0,0,0,0,0,0,0,0,6,0,0,1,11,5,0,1,4,1,0,0,21,0,0,0,1,0,0,1,2,0,1,0,0,1,1,0,0,0,0,5,16,0,0,0,0,0,0,0,0,1,0,5,20,0,0,0,0,2,0,0,0,2,3,0,0,0,0,0,0,0,0,0,5,0,0,0,0,0,0,0,1,0,0,5,0,0,0,3,0,0,1,0,0,19,1,0,0,1,0,0,0,0,0,0,0,0,0,0,0,0,17,31,0,0,0,0,0,2,1,0,0,1,0,0,0,0,0,0,0,0,0,0,0,0,0,0,0,0,0,0,0,0,0,0,0,1,0,0,0,0,0,0,0,0,0,0,0,0,0,1,0,0,0,0,0,0,0,0,0,0,0,0,0
3067542400066200348,44,1,0,2,0,0,0,0,1,0,0,0,0,0,1,9,2,1,0,11,5,0,1,0,2,0,0,82,0,0,0,1,0,0,2,0,0,1,1,0,4,1,0,1,1,0,9,5,0,0,0,0,0,0,0,0,0,0,5,17,1,0,3,0,1,1,0,1,5,0,0,0,0,0,2,0,0,0,0,1,0,0,2,0,0,1,0,0,0,1,6,0,0,0,1,0,0,0,1,1,33,0,0,0,0,0,0,2,0,1,0,0,0,0,0,0,1,14,10,0,0,1,0,0,1,5,0,0,1,1,0,0,5,0,0,2,0,0,0,0,0,0,0,0,0,0,0,0,0,0,0,0,0,0,0,0,0,0,0,0,2,0,0,2,0,0,0,0,0,0,0,0,1,0,0,0,0,0,0,0
3067542400066200353,12,2,0,0,0,0,0,0,0,0,0,0,0,1,0,0,0,0,0,2,0,0,0,1,0,0,0,3,0,0,0,0,0,0,0,0,0,0,0,0,0,0,0,0,0,0,1,2,0,0,0,0,0,0,0,0,1,0,0,3,1,0,0,0,0,0,0,0,1,1,1,0,0,0,0,0,0,0,0,0,0,1,0,0,0,0,0,0,0,1,2,0,0,0,1,0,0,0,0,0,8,0,0,0,0,0,0,0,0,0,0,0,0,0,0,0,0,2,34,0,0,0,0,0,0,1,0,0,1,0,0,0,0,0,0,0,0,0,0,0,0,0,0,0,0,0,0,0,0,0,0,0,0,0,0,0,0,0,0,0,0,0,0,0,0,0,0,0,0,0,0,0,0,0,0,0,0,0,0,0
3067542400066200368,20,1,0,0,0,0,0,0,0,0,1,0,0,0,0,5,0,1,0,3,7,0,0,0,1,1,1,59,1,0,0,0,1,0,0,0,0,3,1,0,0,0,0,0,0,0,2,1,0,1,0,0,0,0,0,0,1,0,0,7,0,0,0,0,0,1,1,0,3,0,0,0,0,0,0,0,0,0,0,1,0,0,0,1,0,1,0,0,0,0,3,1,0,0,0,1,1,0,0,0,32,1,0,1,0,0,0,1,0,0,0,0,0,0,0,0,0,10,7,0,0,2,0,0,0,0,0,0,0,0,0,0,0,0,0,0,0,0,1,0,1,1,0,0,0,0,1,0,0,0,0,0,0,0,0,0,1,0,0,0,1,0,0,0,0,0,0,0,1,0,0,0,0,0,0,0,0,0,0,0
3067542400066200374,31,2,0,0,0,1,0,0,0,0,0,0,0,0,0,5,0,0,0,10,12,0,0,4,3,0,0,13,0,0,0,2,1,0,1,0,0,1,0,0,2,0,0,0,0,1,16,12,0,0,0,0,0,0,0,0,1,0,8,9,0,0,0,0,2,0,0,0,3,0,0,0,0,0,1,0,0,0,0,4,0,1,0,0,0,0,0,0,0,0,3,0,0,0,0,0,0,0,0,0,18,0,1,0,0,0,0,0,0,0,0,0,1,0,0,0,0,15,25,0,0,0,0,0,4,3,0,0,0,1,0,0,0,0,0,0,0,0,0,0,0,0,0,0,0,0,0,0,0,0,0,0,0,0,0,0,0,0,0,0,0,0,0,1,0,0,0,0,1,0,0,0,0,0,0,0,0,0,0,0
3067542400066300005,18,2,0,0,0,0,0,0,0,0,2,0,0,1,0,0,0,0,0,1,0,0,1,1,0,0,0,2,0,0,1,1,0,0,0,0,0,0,0,0,0,0,0,0,1,0,4,8,1,0,0,0,0,0,0,0,0,0,3,3,0,0,0,0,0,0,0,0,0,1,0,0,0,0,0,1,1,0,0,0,0,0,0,0,0,0,0,0,0,0,5,1,0,0,0,0,0,0,0,0,4,0,0,0,0,0,0,0,0,0,0,0,0,0,0,0,0,1,14,0,0,0,0,0,0,1,0,0,1,0,0,0,0,0,0,0,0,0,0,0,0,0,0,0,0,0,0,0,0,0,0,0,0,0,0,0,0,0,0,0,0,0,0,0,0,0,0,0,0,0,0,0,0,0,0,0,0,0,0,0
