cell,eef2b,gata5,tbx1,spi1b,aplnra,prdm1a,meis3,stmn1a,yrk,her6,fn1b,tbx16,meox1,hand2,mef2cb,cldnb,dla,otx2b,tnnc1a,cfl1l,cldn7b,zic2a,fstl1a,bmp6,cd9b,nova2,nkx2.5,krt18a.1,myl7,dusp5,hes6,sparc,pdlim1,tal1,serpinh1b,bmp4,jdp2b,efnb2a,tnnt2a,mdkb,ptmaa,rbfox1l,nkx2.7,cdh11,ccn1,fabp3,btg1,lsp1a,angptl7,ttn.2,foxd1,hoxb3a,atp2a2a,sox7,twist1a,podxl,fthl27,rarga,mdka,cdx4,cxcl12a,gdf3,rac2,fzd8b,marcksl1a,sfrp5,fibina,fli1b,epcam,hspb1,smtnl1,fhl2a,foxl2a,actc1a,blf,loxl2a,emp2,egfl6,rasl11a,fermt1,fsta,plpp1a,aldh1a2,sox3,etv2,hoxb1b,her15.1,fli1a,cxcl12b,bambia,akap12b,hoxb9a,cyp26c1,hoxb7a,rbms2b,her9,irx1b,tmem88a,kirrel1b,ackr3b,krt8,rdh10a,colec12,ndnf,lmx1bb,pitx3,rspo3,pdgfra,hey1,msgn1,met,thbs2b,cdh5,twist1b,kazald2,myh7,cthrc1a,pfn1,apoc1,tnfaip6,apela,nrp2a,meis2a,elmo1,cnn3a,vox,irx3a,cdc42ep4a,rbm24a,nid1b,clec14a,pltp,foxi1,Blank-0,Blank-1,Blank-2,Blank-3,Blank-4,Blank-5,Blank-6,Blank-7,Blank-8,Blank-9,Blank-10,Blank-11,Blank-12,Blank-13,Blank-14,Blank-15,Blank-16,Blank-17,Blank-18,Blank-19,Blank-20,Blank-21,Blank-22,Blank-23,Blank-24,Blank-25,Blank-26,Blank-27,Blank-28,Blank-29,Blank-30,Blank-31,Blank-32,Blank-33,Blank-34,Blank-35,Blank-36,Blank-37,Blank-38,Blank-39,Blank-40,Blank-41,Blank-42,Blank-43,Blank-44,Blank-45,Blank-46
3067542400006100006,162,0,0,4,0,0,4,0,0,3,0,0,0,0,4,0,0,1,0,0,1,8,2,0,0,7,0,2,0,0,6,2,1,0,6,1,0,0,2,7,13,0,0,5,1,18,17,2,0,0,0,0,1,0,2,1,6,0,10,1,0,0,0,0,8,0,0,0,1,0,0,0,0,0,1,0,0,0,1,0,1,1,0,4,0,0,0,1,0,1,15,0,0,0,0,12,18,0,0,0,11,1,0,0,2,1,2,11,0,1,1,0,0,3,2,0,0,3,1,0,0,1,0,4,5,0,6,5,0,2,0,0,0,0,0,0,0,0,1,1,0,0,0,0,0,0,0,0,0,1,1,0,0,0,0,0,0,0,0,0,0,0,0,0,0,0,0,0,0,0,0,0,0,0,0,0,0,0,0,0
3067542400006100007,168,0,0,2,1,1,0,0,1,4,0,1,3,0,2,0,0,3,0,1,1,30,1,4,1,7,0,2,0,0,3,4,0,0,11,0,0,6,0,9,3,0,0,2,8,7,2,1,0,2,0,0,0,0,0,0,2,1,15,1,0,0,0,0,14,0,0,0,0,1,2,0,0,1,0,0,0,0,0,2,1,2,0,11,0,0,0,1,0,1,40,0,1,0,4,21,43,0,0,6,1,0,0,0,10,0,4,0,0,0,8,0,1,0,4,1,0,3,2,0,0,2,1,2,7,0,11,0,0,1,0,0,0,0,0,0,0,0,0,0,2,0,0,0,0,0,1,1,0,1,0,0,0,0,0,1,0,0,0,1,0,0,0,3,0,0,1,0,0,0,0,0,0,0,0,0,1,0,0,0
3067542400006100008,7,0,0,2,0,0,0,0,1,0,0,0,0,0,0,2,0,0,0,1,5,0,0,1,0,0,0,6,0,0,0,0,1,0,1,1,0,0,0,0,1,0,0,0,1,0,0,0,0,0,0,0,0,0,0,0,0,0,1,0,0,0,0,0,0,0,0,0,4,0,0,0,0,0,0,0,2,1,0,2,0,0,0,0,0,0,0,0,0,2,9,0,0,0,0,1,0,0,0,0,4,0,0,0,0,0,0,0,0,0,0,0,0,0,0,0,0,3,0,0,0,0,0,0,0,0,0,0,0,0,0,0,0,0,0,0,0,0,0,0,0,0,0,0,0,0,0,0,0,1,0,0,0,0,0,0,0,0,0,0,0,0,0,1,0,0,0,0,0,0,0,0,0,0,0,0,0,0,0,0
3067542400006100009,109,0,0,4,0,1,0,0,0,2,0,1,2,0,0,0,1,1,1,0,0,17,0,0,0,3,0,0,0,1,3,2,0,0,9,0,0,0,0,4,2,0,0,0,0,4,4,0,0,0,0,0,1,1,0,3,1,0,19,0,0,0,0,0,10,0,0,0,0,0,1,0,0,0,3,1,0,0,1,1,0,0,0,8,0,0,0,1,0,0,21,0,1,1,1,16,28,1,0,1,0,0,0,0,6,0,1,0,0,1,3,0,2,0,0,0,0,0,1,0,0,0,2,1,13,0,12,0,0,1,0,1,0,0,0,0,0,0,0,1,1,0,0,0,0,0,0,0,0,0,0,0,0,0,0,0,0,1,0,0,0,0,0,2,0,0,2,0,0,0,0,0,0,1,0,0,1,0,0,0
3067542400006100010,6,0,0,0,0,0,1,2,0,0,0,0,1,0,0,1,0,0,0,3,3,0,0,1,0,0,0,4,0,0,0,5,0,0,1,1,0,0,0,0,1,0,0,0,3,1,3,0,0,0,0,0,0,0,0,1,0,0,0,0,1,0,0,0,0,0,0,0,0,0,0,0,0,0,0,0,1,0,0,1,0,0,0,0,0,0,0,0,0,0,13,0,0,0,0,0,1,0,0,0,6,0,0,0,3,0,0,0,0,0,0,0,0,0,0,0,0,3,1,0,0,4,1,0,0,0,0,0,0,0,0,0,0,0,0,0,0,0,0,0,0,0,0,0,0,1,0,0,0,0,0,0,0,0,0,0,0,0,0,0,0,0,0,0,0,0,0,0,0,0,0,0,0,0,0,0,0,0,0,0
3067542400006100012,39,0,0,0,0,0,2,0,0,0,0,0,0,0,0,1,0,1,0,1,0,0,0,0,0,0,0,0,0,0,0,0,0,0,1,0,0,0,0,1,4,0,0,0,1,3,3,0,0,0,0,0,0,0,0,0,0,0,0,0,0,0,0,0,0,0,0,0,0,0,0,0,0,0,0,0,0,0,1,0,0,0,0,0,0,0,0,0,0,0,1,0,0,0,0,0,0,0,0,0,2,0,0,0,1,0,0,1,0,0,0,0,0,3,0,0,0,0,0,0,0,0,0,1,0,0,0,2,0,0,2,0,0,0,0,0,0,0,0,0,0,0,0,0,0,0,0,0,0,0,0,0,0,0,0,0,0,0,0,0,0,0,0,0,0,0,0,0,0,0,0,0,0,1,0,0,0,0,0,0
3067542400006100013,73,0,0,3,1,0,2,0,0,0,0,0,2,0,1,0,0,2,0,1,0,7,0,1,0,5,0,0,0,0,4,1,0,0,4,0,0,2,0,8,1,0,0,1,0,4,5,0,0,0,0,0,0,0,0,0,1,0,10,0,0,0,0,0,8,1,0,0,0,0,0,1,0,0,0,0,0,0,2,0,1,0,0,6,0,0,0,1,0,3,8,0,0,0,3,8,11,0,0,0,1,5,0,0,2,0,0,9,0,1,2,0,0,1,0,1,0,1,1,0,0,0,0,2,4,0,4,0,1,0,0,0,0,0,0,0,0,0,0,0,0,0,0,1,0,0,0,0,0,1,0,0,0,0,0,0,0,0,0,1,0,0,0,0,0,0,1,0,0,0,0,0,0,0,0,0,0,0,0,0
3067542400006100017,79,0,1,1,0,0,7,0,0,4,0,0,0,0,0,0,0,1,0,1,0,2,3,0,0,0,0,2,0,0,1,0,0,0,10,0,0,0,0,3,2,0,0,1,0,3,8,0,0,0,0,0,2,0,0,0,0,0,14,0,0,0,0,0,6,2,0,0,1,1,1,0,0,0,0,0,2,0,0,1,0,0,0,1,0,0,0,0,0,5,12,0,0,0,4,14,1,0,0,1,2,0,0,0,2,0,0,6,0,0,0,0,0,4,2,0,0,3,0,0,0,3,0,1,0,0,2,0,1,1,0,0,0,0,0,1,0,0,0,0,1,0,0,0,0,0,0,0,0,0,0,0,0,0,0,0,0,0,1,0,0,0,0,0,0,0,0,0,0,0,0,0,0,0,0,0,0,0,0,0
3067542400006100025,20,0,0,2,0,0,0,0,0,0,0,0,0,0,1,0,0,2,0,1,0,1,0,0,0,3,1,1,0,0,0,1,0,0,2,0,0,2,0,1,1,0,0,0,0,1,3,0,0,0,0,0,0,0,0,2,0,0,7,0,0,0,0,0,1,0,0,0,0,0,0,0,0,0,0,0,0,0,0,1,0,0,0,1,0,0,0,0,0,0,6,0,0,0,1,4,7,0,0,0,0,0,0,0,1,0,0,0,0,0,0,0,0,0,0,0,0,0,0,0,0,0,0,0,0,0,13,1,0,0,0,0,0,0,0,0,0,0,0,0,0,0,0,0,0,0,0,0,0,0,0,0,0,0,0,0,0,0,0,0,0,0,0,0,0,0,0,0,0,0,0,0,0,0,0,0,0,0,0,0
3067542400006100026,32,0,0,0,0,0,0,0,0,0,0,0,0,0,0,0,0,0,0,0,0,0,0,0,0,0,0,1,0,0,0,0,0,0,1,0,0,0,0,1,1,0,0,0,0,1,2,0,0,0,0,0,0,0,0,0,0,0,0,0,0,0,0,0,1,0,0,0,0,0,0,1,0,0,0,0,0,0,0,0,0,0,0,0,0,0,0,0,0,0,1,0,0,0,0,1,0,0,0,0,1,0,0,0,0,0,0,3,0,0,0,0,0,0,0,0,0,0,1,0,0,2,0,0,0,0,0,0,0,0,0,0,0,0,0,0,0,0,0,0,0,0,0,0,0,0,0,0,0,0,0,0,0,0,0,0,0,0,0,0,0,0,0,0,0,0,1,0,0,0,0,0,0,0,0,0,0,0,0,0
3067542400006100029,206,0,0,4,0,0,2,0,1,7,0,1,0,0,1,1,0,2,0,8,7,0,2,6,1,0,1,31,0,0,0,2,2,0,13,1,0,2,2,0,6,0,0,2,2,7,19,3,0,0,0,0,0,3,1,3,0,1,2,0,1,0,0,0,11,0,0,0,3,0,1,2,0,0,0,0,4,0,1,5,0,0,1,1,0,0,0,0,0,12,17,0,0,1,8,13,1,1,0,0,69,1,1,0,4,0,0,21,0,0,0,0,1,13,1,0,0,5,1,0,1,9,2,0,5,0,1,5,1,1,0,0,1,0,0,0,0,0,0,0,0,0,0,0,0,0,0,0,0,0,0,0,0,0,0,0,0,0,0,0,1,0,0,0,0,0,0,0,0,0,1,0,0,0,0,0,0,0,1,0
3067542400006100031,59,0,0,1,0,0,0,0,0,0,0,0,0,1,0,0,0,0,0,0,0,1,0,1,0,1,0,1,0,0,0,0,0,0,8,0,0,0,0,2,1,0,0,0,0,7,4,2,0,0,0,0,0,0,0,0,1,0,5,0,0,0,0,0,2,1,0,0,0,0,0,0,0,0,0,1,4,0,0,0,0,1,0,0,0,1,0,1,0,9,4,0,0,0,0,0,1,0,0,0,0,0,0,0,0,0,0,8,0,1,0,0,0,0,1,0,0,0,0,0,0,2,0,1,3,0,0,2,0,2,0,0,0,0,0,0,0,0,0,0,0,0,0,1,0,0,0,0,0,1,0,0,0,0,0,0,0,0,0,0,0,0,0,1,0,0,0,0,0,0,0,0,0,0,0,0,0,0,0,0
3067542400006100032,124,2,0,3,0,0,1,0,0,6,0,2,0,0,1,0,1,3,0,0,1,5,0,3,0,5,0,0,0,1,4,1,0,0,1,0,0,0,0,6,9,0,0,0,1,5,6,6,0,0,0,0,0,0,0,0,1,0,6,0,0,0,0,0,7,0,0,0,0,0,4,1,0,0,1,1,1,0,0,0,1,0,0,17,0,0,0,0,0,0,11,0,0,0,2,6,12,1,0,0,1,0,0,0,2,0,0,1,0,0,1,0,1,0,2,0,0,3,0,0,0,1,0,1,1,1,12,3,0,2,0,0,0,0,1,0,0,0,0,0,0,0,0,0,0,0,0,0,0,0,0,0,0,0,0,0,0,0,0,0,0,0,0,0,0,0,0,0,0,0,1,0,0,0,0,1,0,0,0,0
3067542400006100033,56,0,0,0,0,0,0,0,0,0,0,1,0,0,0,0,0,0,0,0,0,9,1,1,0,5,0,0,0,1,1,3,0,0,0,0,0,0,0,1,1,0,0,0,0,10,3,0,0,0,0,0,0,0,0,1,1,1,24,0,0,0,0,0,5,0,0,0,0,0,0,1,0,0,1,2,1,0,0,0,2,0,0,15,0,0,0,0,0,0,8,0,0,0,1,9,11,0,0,0,0,0,1,0,1,1,0,0,0,0,0,1,3,0,0,0,0,1,0,0,0,0,0,1,1,0,18,0,1,0,0,0,0,0,1,0,0,0,0,0,0,1,0,0,0,0,0,0,0,1,1,0,0,0,0,1,0,0,0,0,0,0,0,0,0,0,0,0,0,0,0,0,0,0,0,0,0,0,0,0
3067542400006100035,41,0,0,0,1,0,0,1,0,0,0,0,0,0,0,1,1,1,0,0,0,8,1,0,0,6,0,0,0,0,2,1,0,0,1,0,0,0,0,4,1,0,0,0,0,4,3,2,0,0,0,0,0,0,0,0,1,0,16,0,1,0,0,0,3,0,0,0,0,0,0,0,0,0,0,0,0,0,0,0,2,0,0,7,0,0,0,1,0,0,13,0,0,0,0,3,15,0,0,0,0,0,1,0,1,0,0,0,0,0,3,0,0,0,0,0,0,1,0,0,0,0,0,0,1,0,15,0,0,0,0,0,0,0,0,1,0,0,0,1,0,0,0,0,0,0,1,0,0,0,0,0,0,0,0,0,0,0,0,0,0,0,1,0,0,0,0,0,0,0,0,0,0,0,0,0,0,0,0,0
3067542400006100038,66,0,0,2,0,0,0,0,0,0,0,1,0,0,0,0,0,3,0,0,0,7,0,0,0,7,0,0,0,0,3,3,0,0,1,0,0,1,0,3,1,0,0,0,0,6,1,1,0,0,0,0,0,0,0,0,0,0,21,0,0,0,0,0,6,0,0,0,0,0,0,0,0,0,1,0,0,0,0,1,1,0,0,21,0,0,0,0,0,0,6,0,0,0,1,4,16,0,0,0,1,0,0,0,0,0,0,0,0,0,3,1,0,0,3,0,0,0,1,0,0,0,1,0,1,0,16,1,0,0,1,0,0,0,0,0,0,0,0,0,0,0,0,0,0,0,0,0,0,0,0,1,0,1,0,1,0,0,0,0,0,0,0,0,0,0,0,0,0,0,0,0,0,0,0,0,0,0,0,0
3067542400006100040,69,1,0,0,0,0,0,0,0,1,0,1,0,0,1,0,0,1,0,0,0,8,0,0,0,1,0,0,0,0,1,1,0,0,2,0,0,0,0,1,1,0,0,0,0,4,5,0,0,0,0,0,0,1,0,0,2,0,7,0,0,0,0,0,1,1,0,0,0,0,0,0,0,0,1,0,0,0,0,0,0,0,0,6,0,0,0,0,0,1,5,0,0,0,2,2,7,0,0,0,1,1,1,0,3,0,0,3,0,0,1,1,1,1,0,0,0,0,1,0,0,0,1,2,0,0,4,1,0,0,0,0,0,0,0,0,0,0,0,0,0,0,0,0,0,0,0,0,0,0,0,0,0,0,1,0,0,0,0,0,0,0,0,0,0,0,0,0,0,0,0,0,0,0,0,0,0,0,0,0
3067542400006100042,74,0,0,1,1,0,0,0,0,2,0,0,0,0,0,1,0,3,0,1,0,4,0,0,0,6,0,0,0,0,2,1,0,0,0,0,0,0,0,5,2,0,0,0,1,5,5,0,0,0,0,0,0,0,0,2,0,0,17,0,0,0,0,0,2,1,0,0,1,0,2,0,0,0,2,1,1,0,0,0,0,0,1,21,0,0,0,0,0,0,9,0,0,0,1,4,14,0,0,0,0,0,0,0,0,0,0,0,0,0,3,0,0,0,0,0,0,1,0,0,0,0,1,1,0,0,10,0,0,0,0,0,0,0,0,0,0,0,0,0,0,0,0,0,0,0,0,0,0,0,0,0,0,0,0,0,0,0,0,0,0,0,0,0,1,0,0,0,0,0,0,0,0,0,0,1,0,0,0,0
3067542400006100043,106,0,0,0,0,0,1,0,0,1,1,1,0,0,1,0,0,1,0,1,0,2,1,1,0,0,0,1,0,0,1,0,0,0,5,0,0,0,0,7,4,0,0,0,0,7,2,4,0,0,0,0,0,0,0,1,2,0,4,0,0,0,0,0,4,0,0,0,1,0,0,1,0,0,0,0,2,0,2,0,1,0,0,1,0,0,0,1,0,0,14,0,0,0,0,13,3,0,0,0,3,0,0,0,0,1,1,11,0,1,1,0,0,2,1,0,0,2,1,0,0,4,0,1,2,0,3,2,0,0,0,0,0,0,1,0,1,0,0,0,0,0,0,0,0,0,1,0,0,0,0,0,0,0,0,0,0,0,0,0,0,0,0,0,0,0,0,0,0,0,0,1,0,0,0,0,0,0,0,0
3067542400006100044,69,0,1,3,2,0,1,0,0,4,0,0,1,0,0,4,0,0,0,11,8,0,0,5,0,0,0,43,0,0,1,2,4,0,2,1,1,1,0,0,2,0,1,0,1,2,9,0,0,0,0,0,0,1,0,1,0,0,2,0,0,0,0,0,2,1,0,0,5,0,1,0,0,0,1,0,2,0,0,10,0,0,0,0,0,1,0,0,0,1,19,0,0,0,3,4,1,0,1,0,37,0,0,0,1,0,0,2,0,0,0,1,0,2,0,0,0,6,0,0,0,0,0,0,1,0,5,1,0,1,1,0,1,0,0,0,0,0,0,0,0,0,0,0,0,0,0,0,0,0,0,0,0,0,0,0,0,0,1,0,1,0,0,0,0,0,0,0,0,0,0,0,0,1,0,0,1,0,0,0
3067542400006100049,67,0,0,3,1,0,1,0,0,7,0,0,0,0,0,2,0,4,0,0,0,6,0,1,0,6,0,0,0,0,2,1,1,0,3,0,0,0,1,6,1,0,0,0,0,5,2,1,0,1,0,0,0,0,0,1,2,0,13,1,0,0,0,1,2,0,0,0,0,0,1,1,0,0,2,0,0,1,0,0,2,0,0,19,0,0,0,0,0,0,14,0,0,0,0,3,27,0,1,0,0,0,0,0,2,0,0,0,0,0,1,0,1,0,0,0,0,0,0,0,0,0,0,0,1,0,14,0,0,0,0,0,0,0,0,0,0,0,0,0,0,0,0,0,0,0,0,0,0,0,1,1,0,0,1,1,0,0,1,0,0,0,0,0,0,0,1,0,0,0,0,0,0,0,0,0,0,0,0,0
3067542400006100051,88,0,0,0,0,0,0,1,0,5,2,0,0,0,0,0,1,4,0,0,0,5,0,0,0,3,0,0,1,0,1,1,0,0,0,1,0,1,0,7,9,0,0,0,0,6,2,1,0,0,0,0,0,0,0,1,3,0,13,0,0,0,0,0,2,0,0,0,0,0,1,0,0,0,3,0,0,0,0,0,1,0,0,18,0,0,0,0,0,0,9,0,0,0,1,2,20,0,0,0,0,0,0,0,0,0,0,0,0,0,2,0,0,0,0,0,0,2,2,0,0,0,1,2,4,0,9,0,0,0,0,0,0,0,0,0,0,0,0,0,0,0,0,0,0,0,0,0,0,0,0,0,0,0,0,0,0,0,0,0,0,0,0,0,0,0,0,0,0,0,0,0,0,0,0,0,0,0,0,0
3067542400006100052,53,0,0,1,0,1,0,0,0,3,0,0,0,0,0,2,0,1,0,1,0,0,0,0,0,4,0,0,0,0,1,0,0,0,1,0,0,0,0,3,5,0,0,0,0,3,0,0,0,0,0,0,0,0,0,1,1,0,14,0,0,0,0,0,2,0,0,0,0,0,1,0,0,0,1,0,0,0,0,1,2,0,0,16,0,0,0,0,0,0,8,0,0,0,2,3,15,0,0,0,0,0,0,0,0,0,0,2,0,0,1,0,0,0,0,0,0,4,2,0,0,0,0,0,1,1,10,0,0,0,0,0,0,0,0,0,0,0,0,0,1,0,0,0,0,0,0,0,0,0,0,0,0,0,0,0,0,0,1,0,0,0,0,0,0,0,0,0,0,0,0,0,0,1,0,0,0,0,0,0
3067542400006100053,39,0,1,1,1,0,0,0,0,6,0,0,0,0,1,0,1,2,0,0,1,3,0,0,0,15,0,0,0,0,2,0,1,0,0,0,0,0,0,0,5,0,0,0,0,3,2,1,0,0,0,0,0,0,0,1,0,0,18,0,0,0,0,0,2,0,0,0,0,0,0,0,0,0,0,1,0,0,0,1,3,0,0,18,0,0,0,0,0,0,6,0,0,0,1,0,14,0,0,1,0,0,0,0,0,0,0,0,0,0,3,0,2,0,0,0,0,2,0,0,0,0,0,1,4,0,12,2,0,0,0,0,0,0,0,0,0,0,0,1,0,0,0,0,0,0,1,0,0,0,0,0,0,0,0,0,0,0,0,0,0,0,0,0,0,0,0,0,0,0,0,0,0,0,0,0,0,0,0,0
3067542400006100054,15,0,0,0,0,0,0,0,0,0,0,0,0,0,0,1,0,0,0,1,2,0,1,3,1,0,0,18,0,0,0,0,0,0,0,0,0,0,0,0,0,0,0,0,0,3,2,0,0,0,0,0,0,0,0,0,0,0,0,0,0,0,0,0,2,0,0,0,1,0,0,0,0,2,0,0,0,0,0,1,0,0,1,1,0,0,0,0,0,2,12,0,0,0,0,2,0,0,0,0,22,0,0,1,1,0,0,0,0,0,0,0,1,0,0,0,0,1,0,0,0,0,0,0,0,0,0,1,0,0,0,0,0,0,0,0,0,0,0,0,0,0,0,0,0,0,0,0,0,0,0,0,0,0,0,0,0,0,0,0,2,0,0,0,0,0,0,0,0,0,0,0,0,0,0,0,0,0,0,0
3067542400006100055,141,1,0,1,0,0,0,0,0,6,0,0,0,0,1,2,0,5,0,0,0,5,1,0,0,10,0,0,0,1,0,0,0,0,0,1,1,1,0,12,6,0,0,0,0,12,5,3,0,0,0,0,0,0,0,4,1,0,22,1,2,0,0,0,12,0,0,0,1,0,0,0,0,0,3,1,0,0,0,0,3,0,0,34,0,0,0,0,0,2,18,0,0,0,6,0,16,0,0,0,0,0,0,0,2,0,0,1,0,1,0,0,1,0,1,0,0,0,2,0,0,0,0,6,5,1,8,0,0,0,0,0,0,0,0,0,0,0,0,0,0,0,0,0,0,0,0,0,0,0,1,0,0,0,0,1,0,0,0,0,1,0,0,1,0,0,0,0,0,0,0,0,0,0,0,0,0,0,0,0
3067542400006100059,90,0,0,2,0,0,0,0,0,8,0,0,0,0,0,0,0,4,0,0,0,7,0,0,0,9,1,0,0,0,0,2,0,0,4,0,0,0,0,8,5,0,0,0,0,4,3,1,0,0,0,0,0,0,0,1,3,0,28,0,0,0,0,0,4,1,0,0,0,0,0,0,0,0,3,0,0,0,0,0,0,0,0,16,0,0,0,0,0,0,6,0,0,0,1,0,31,0,0,0,0,1,0,0,0,0,0,0,0,0,4,0,3,0,0,0,0,2,1,0,0,1,0,0,1,0,9,0,0,0,0,0,0,0,0,0,0,0,0,2,0,0,0,0,0,0,0,0,0,0,0,0,0,1,0,0,0,0,0,0,0,0,0,1,0,0,0,1,0,0,0,0,0,0,0,0,0,0,0,1
3067542400006100065,121,0,0,0,0,0,3,0,0,5,0,0,0,0,0,0,0,0,0,0,0,0,0,0,0,0,0,2,0,0,0,1,1,0,2,0,1,0,0,1,1,0,0,0,2,11,7,5,0,0,0,0,0,0,0,0,0,1,7,0,0,0,0,1,7,1,0,0,0,0,0,1,0,0,0,0,2,0,0,1,0,0,1,3,0,0,0,0,0,1,6,0,0,0,2,1,0,0,0,0,30,0,1,2,0,1,0,24,0,0,0,0,2,0,0,0,1,1,0,0,0,8,0,3,5,0,0,4,0,1,0,0,0,0,0,0,0,0,0,0,1,0,0,0,0,0,0,0,0,0,0,0,0,0,0,0,0,0,0,0,0,0,0,0,0,0,0,0,0,0,0,0,0,0,0,1,0,0,0,0
3067542400006100068,84,0,0,1,1,1,0,0,0,9,0,1,1,0,0,0,1,1,0,0,0,1,0,1,1,3,0,0,0,0,0,0,0,0,0,0,0,0,0,2,6,0,0,0,0,2,3,2,0,0,0,0,0,0,0,1,0,0,9,0,0,0,0,0,3,1,0,0,0,0,0,0,0,0,1,0,0,0,0,0,0,0,0,21,0,0,0,0,0,0,7,0,0,0,1,1,11,1,0,0,1,0,0,0,0,0,0,0,0,0,0,0,0,0,2,0,0,0,2,0,0,1,0,0,2,0,8,0,2,0,0,0,0,0,0,0,0,0,0,0,0,0,0,0,0,0,0,0,0,0,0,0,0,0,0,0,0,0,0,1,0,0,0,0,0,0,0,0,0,0,0,0,0,1,0,0,0,0,0,0
3067542400006100070,168,0,0,0,0,0,4,0,0,3,0,0,1,0,1,0,1,0,0,1,0,0,0,0,0,0,0,3,0,0,0,2,0,0,16,0,0,0,1,1,2,2,0,1,3,10,8,2,0,0,0,0,0,0,2,0,3,1,2,0,1,1,0,0,11,4,0,0,0,0,1,2,0,0,0,0,2,0,3,0,0,0,0,0,0,0,0,1,0,0,12,0,0,0,0,0,0,0,0,0,41,0,3,0,1,0,0,22,0,1,0,0,0,9,0,0,0,2,1,0,0,11,0,1,11,0,1,7,0,0,0,0,0,0,0,0,0,1,0,1,1,0,0,0,0,0,1,0,0,0,0,0,0,0,0,0,0,0,0,0,0,0,0,0,0,0,0,0,0,0,0,0,0,0,0,0,0,0,0,0
3067542400006100071,186,1,0,1,1,0,0,2,0,22,0,0,1,0,1,0,0,2,0,0,0,4,0,1,0,26,0,0,1,0,4,0,1,0,3,0,0,0,0,14,13,2,1,0,1,10,11,1,0,1,0,0,1,0,0,5,2,0,34,1,2,0,0,0,16,0,0,0,0,0,0,0,0,0,1,1,0,0,0,0,2,0,0,58,1,0,0,0,0,0,26,1,0,0,4,2,39,2,1,2,0,1,0,0,1,0,0,0,0,0,0,0,0,0,0,0,0,1,2,0,1,1,1,4,5,0,21,0,1,0,0,0,0,0,0,0,0,0,0,1,1,0,0,0,0,0,0,0,1,0,2,0,0,0,0,1,0,0,1,0,0,0,0,0,0,0,0,0,0,0,0,0,0,0,0,0,1,0,0,0
3067542400006100073,47,0,0,1,0,1,0,0,0,3,0,0,0,0,0,0,0,2,0,0,0,0,0,0,0,3,0,0,0,0,0,0,1,0,0,0,0,0,0,1,1,0,0,0,0,1,1,0,0,0,0,0,0,0,0,1,0,0,6,0,0,0,0,0,4,0,0,0,0,0,1,0,0,0,0,0,1,0,0,0,2,0,0,6,0,0,0,0,0,0,4,0,0,0,0,1,4,0,0,1,0,0,1,0,1,0,0,0,0,1,0,0,0,0,0,0,0,1,0,0,0,0,1,1,0,0,11,0,0,0,0,0,0,0,0,0,0,0,1,0,0,0,0,0,0,0,0,0,0,0,0,0,0,1,0,0,0,0,0,0,0,0,0,0,0,0,0,0,0,0,0,0,0,1,0,0,0,0,0,0
3067542400006100076,169,1,0,1,0,0,4,0,0,11,1,0,0,0,0,0,1,3,0,2,0,2,0,1,0,17,0,2,0,0,5,1,0,0,0,0,1,1,0,11,14,0,0,0,1,5,8,6,0,0,0,0,0,0,0,1,2,0,15,1,0,1,0,0,11,1,0,0,0,0,0,0,0,0,1,0,0,0,1,1,1,0,1,27,0,0,0,0,0,0,32,0,0,0,1,0,25,0,0,0,0,0,1,0,0,0,0,1,0,0,0,0,0,0,0,0,0,1,1,0,0,1,1,4,5,0,3,0,0,0,0,0,0,0,0,0,0,0,0,1,0,0,0,0,0,0,0,0,0,0,0,0,0,0,0,0,0,0,0,0,0,0,0,1,0,0,0,0,0,0,0,0,0,0,0,1,0,0,0,0
3067542400006100078,66,0,0,3,5,0,0,1,0,13,0,0,0,0,0,0,0,3,0,1,0,1,0,0,0,15,0,0,0,0,0,0,0,0,3,0,0,0,0,3,3,0,0,0,0,4,2,1,0,0,0,0,0,0,0,1,0,0,19,0,0,0,0,0,1,0,0,0,1,0,0,0,0,0,0,0,0,1,0,1,5,0,0,17,0,0,0,0,0,0,12,0,0,0,1,0,7,0,0,0,0,0,0,0,0,0,0,0,0,0,0,1,0,0,1,0,0,0,1,0,0,1,0,1,1,0,5,0,0,0,0,0,0,0,0,0,0,0,0,0,0,0,0,0,0,0,0,0,0,0,0,0,0,0,0,0,0,0,0,0,0,0,0,0,0,0,0,0,0,0,0,0,0,0,0,0,1,0,0,0
3067542400006100081,100,0,0,3,0,0,3,0,0,4,0,0,0,0,0,0,1,5,0,0,0,0,1,0,0,11,0,0,1,0,1,3,0,0,3,0,0,0,1,3,6,0,0,0,1,5,4,3,0,0,0,0,0,0,0,3,0,0,8,2,0,0,0,0,9,2,0,0,1,1,1,0,0,0,6,0,1,0,0,0,1,0,1,35,0,0,0,0,0,0,14,0,0,0,0,1,22,0,1,1,0,0,0,0,0,2,0,0,0,0,0,0,0,0,0,0,0,1,1,0,0,0,1,0,3,0,0,0,0,0,0,0,0,0,2,0,0,0,0,0,0,0,0,0,0,0,0,1,0,0,0,0,0,0,0,1,0,0,0,0,0,0,1,1,0,0,0,0,0,0,0,0,0,2,0,0,0,0,0,0
3067542400006100084,128,0,0,0,1,0,1,1,0,15,1,0,1,0,0,0,1,4,0,0,0,2,0,0,0,13,0,0,0,0,3,0,0,0,0,0,1,0,0,4,7,0,0,0,0,3,2,1,0,0,0,0,0,0,0,8,2,0,17,1,0,0,0,0,11,1,0,0,1,0,1,0,0,0,4,0,0,0,1,0,0,0,0,24,0,0,0,2,0,0,29,0,0,0,0,1,30,0,0,1,0,0,0,1,1,0,0,0,0,0,3,0,0,0,2,0,0,0,2,0,0,0,0,3,6,0,1,0,1,0,0,0,1,0,0,0,0,0,1,1,0,1,0,0,0,0,0,0,0,0,1,0,0,0,0,0,0,3,0,0,0,0,0,1,0,0,0,0,0,0,0,0,1,0,0,0,0,0,1,0
3067542400006100085,56,0,0,2,0,0,0,0,0,4,0,0,0,0,0,0,0,2,0,0,0,0,0,0,0,8,0,0,0,0,2,0,0,0,2,0,0,0,0,0,1,0,0,0,0,5,4,1,0,1,0,0,0,0,0,5,1,0,6,1,0,0,0,0,2,0,0,0,1,0,0,0,0,0,0,0,0,0,0,0,1,0,0,15,0,0,0,0,0,0,6,0,0,0,0,0,15,0,1,1,0,0,0,0,0,0,0,0,0,0,0,0,0,0,0,0,0,0,1,0,0,0,0,0,1,0,0,1,0,0,0,0,0,0,0,0,0,0,0,0,0,0,0,0,0,0,0,0,0,0,0,0,0,0,0,0,0,0,0,0,0,0,0,0,0,0,0,0,0,0,0,0,0,0,0,0,0,0,0,0
3067542400006100088,100,1,0,1,0,0,1,0,0,5,0,0,0,0,0,1,5,4,0,0,0,0,0,0,0,9,0,0,0,0,2,0,1,0,4,0,0,0,0,0,7,0,0,0,1,3,4,4,0,0,0,0,0,0,0,6,5,0,11,0,1,0,0,0,6,1,0,0,0,0,0,0,0,0,1,0,0,0,0,0,2,0,0,30,0,0,0,1,0,0,24,0,0,0,2,0,26,0,0,4,1,0,1,1,0,1,0,1,0,0,1,0,0,0,0,0,0,1,0,0,0,1,0,1,4,0,0,0,0,0,0,0,0,0,1,0,0,0,0,0,1,0,0,1,0,0,0,0,0,0,0,0,0,0,0,1,0,0,0,1,0,0,0,0,0,0,0,0,0,0,0,0,0,0,0,0,0,1,0,0
3067542400006100089,83,0,0,0,0,0,1,0,0,2,0,0,0,0,0,0,2,3,0,2,0,0,2,0,0,6,0,0,0,0,0,1,0,0,0,0,0,0,0,0,7,0,0,0,0,6,3,5,0,0,0,0,1,0,0,0,4,0,5,0,0,0,0,0,5,1,0,0,0,0,0,1,0,0,2,0,2,0,0,0,1,0,0,17,0,0,0,0,0,0,31,0,0,0,1,2,10,0,0,1,1,0,0,1,2,3,0,0,0,0,0,0,0,0,1,0,0,2,2,0,0,0,0,1,5,0,0,3,1,0,0,0,0,0,0,0,0,0,0,0,0,0,0,0,0,0,0,1,0,0,0,0,0,0,0,0,0,0,0,0,1,0,0,0,0,0,0,0,0,0,0,0,0,0,0,0,0,0,0,0
3067542400006100090,66,0,0,1,0,0,0,0,1,5,1,0,0,0,0,0,2,5,0,0,0,0,0,0,0,2,0,0,0,1,2,0,0,0,1,0,0,0,1,3,6,0,0,0,0,5,4,2,0,0,0,0,0,0,0,3,3,0,5,0,0,0,0,0,10,0,0,0,0,0,0,0,0,0,0,0,0,0,0,0,0,0,0,15,0,0,0,0,0,0,9,0,0,0,0,1,19,0,0,3,0,0,1,0,1,1,0,0,0,0,0,0,0,0,1,0,0,2,0,0,0,0,0,1,4,0,0,0,1,0,0,0,0,0,0,0,0,0,0,0,0,0,0,0,0,0,0,0,0,0,0,0,0,0,0,1,0,1,1,0,0,0,0,0,0,0,0,0,0,0,0,0,0,0,0,0,0,0,0,0
3067542400006100093,65,0,0,0,1,0,0,0,0,1,0,0,0,0,0,0,3,5,0,1,0,1,0,0,0,7,0,0,0,0,1,0,0,0,0,0,0,0,0,2,11,0,0,0,0,5,8,2,0,0,0,0,0,0,0,1,2,1,13,1,0,0,0,0,7,0,0,0,0,0,0,1,0,0,5,0,0,0,0,0,1,0,0,32,0,0,0,0,0,0,10,0,0,0,1,19,12,0,0,0,0,0,0,0,0,0,0,1,0,0,0,1,1,1,1,0,0,0,1,0,0,0,0,1,2,0,0,1,0,1,0,1,0,0,0,0,0,0,0,1,0,0,0,1,0,0,1,0,0,0,0,0,0,0,0,0,0,1,0,0,0,0,0,0,0,0,0,0,0,0,1,0,0,0,0,0,0,0,0,0
3067542400006100094,76,0,0,2,0,0,1,0,0,0,0,1,0,0,0,1,0,1,0,0,1,0,2,0,0,6,0,0,0,0,0,0,0,0,3,0,0,0,1,2,5,0,0,0,0,1,1,5,0,0,1,0,0,0,0,3,2,0,6,0,0,0,0,0,8,1,2,0,0,0,1,0,0,0,1,0,0,0,1,0,0,0,0,9,1,0,0,0,0,0,26,0,0,0,2,4,3,0,0,0,2,0,0,1,3,13,0,1,0,0,0,0,1,0,1,0,0,2,0,0,0,0,0,1,4,0,1,0,0,0,0,1,0,0,0,0,0,0,0,0,0,1,0,0,0,0,0,0,0,0,0,0,0,0,0,0,0,2,0,0,0,0,0,0,0,0,0,0,0,0,0,0,0,0,0,0,0,0,0,0
3067542400006100102,40,0,0,1,0,0,0,0,0,1,0,0,0,0,0,0,3,0,0,0,0,0,1,1,0,2,0,0,0,0,0,1,0,0,1,0,1,0,0,1,2,0,0,0,0,4,1,2,0,0,0,0,0,0,0,4,2,0,5,0,0,0,0,0,6,0,1,0,0,0,0,1,0,0,0,0,0,0,1,0,1,0,1,7,0,0,0,0,0,1,8,0,0,1,1,3,0,0,1,1,0,0,0,0,10,22,0,0,0,0,0,0,0,0,0,0,0,1,0,0,0,0,0,1,7,0,0,0,0,0,0,0,0,0,0,0,0,0,0,0,1,0,0,0,0,0,0,0,0,0,0,0,0,0,0,0,1,0,1,0,0,0,0,0,0,0,0,0,0,0,0,0,0,0,0,0,0,0,0,0
3067542400006100103,160,0,0,2,0,0,5,2,0,4,0,0,0,0,0,0,0,0,0,0,0,1,1,1,0,7,0,0,1,0,0,2,0,1,8,0,0,0,0,1,5,0,0,0,1,13,4,7,1,0,0,0,0,0,6,2,2,1,4,1,0,0,0,0,14,1,1,0,0,0,1,0,0,0,0,0,3,0,3,0,1,1,0,6,0,0,0,2,0,0,26,0,0,1,2,4,1,1,1,0,38,0,0,0,3,17,0,13,0,0,0,0,0,0,0,0,0,1,3,0,0,8,0,1,8,0,1,6,0,0,0,0,1,0,0,0,0,0,0,0,1,0,0,0,0,0,0,0,0,1,1,0,0,0,0,0,0,0,0,0,0,0,0,1,0,0,0,0,0,0,0,0,0,0,0,1,0,0,0,0
3067542400006100104,48,0,0,1,0,0,0,0,0,0,0,0,0,0,0,0,0,4,0,0,0,0,1,1,0,14,0,0,1,0,1,0,1,0,1,0,0,0,0,0,2,0,0,0,0,2,1,1,0,0,0,0,0,0,0,2,1,0,1,0,0,0,0,0,3,2,0,0,0,0,0,0,0,0,0,0,0,0,0,0,0,0,0,7,0,0,0,0,0,0,7,0,1,0,1,2,0,0,1,1,0,0,0,0,16,29,0,0,0,0,0,0,0,0,0,0,0,1,2,0,0,0,0,0,2,0,0,0,1,0,0,0,0,0,0,0,0,0,0,0,1,0,0,0,0,0,1,1,0,0,0,0,0,0,0,0,0,0,0,0,0,0,0,0,0,0,0,0,0,0,0,0,0,1,0,1,0,0,0,0
3067542400006200038,56,0,0,5,1,0,2,0,0,1,0,1,1,0,0,1,0,0,0,2,3,0,2,3,0,1,0,7,0,0,0,3,1,0,6,1,0,2,0,2,5,0,0,0,4,9,6,0,0,0,0,0,0,0,0,1,0,0,1,0,0,0,0,0,1,0,1,0,1,0,0,0,0,0,0,0,2,0,0,3,0,0,0,0,0,0,0,0,0,1,21,0,0,0,2,4,2,0,0,0,14,1,0,0,3,0,0,6,0,0,0,0,0,1,1,0,0,4,0,0,0,3,0,0,3,0,0,1,0,1,0,0,0,0,0,0,0,0,0,0,0,0,0,0,0,0,0,0,0,0,0,0,0,0,0,0,0,0,0,0,0,0,0,0,0,0,0,0,0,0,0,0,0,0,0,1,0,0,0,0
3067542400006200041,176,0,0,2,1,0,4,0,0,3,1,0,0,0,1,12,0,1,1,16,17,0,1,14,5,0,3,81,1,1,1,5,6,0,14,10,3,6,0,0,5,0,1,0,3,8,23,2,0,0,1,0,3,0,0,0,0,0,0,1,0,0,1,0,12,4,1,0,11,0,2,1,0,0,0,0,14,1,1,8,0,0,5,1,0,0,0,3,0,4,49,0,0,0,5,9,0,0,0,0,86,0,2,0,6,0,0,9,0,0,1,0,0,1,2,1,0,19,2,1,1,6,2,0,5,1,11,1,0,0,2,0,6,0,1,0,0,0,3,0,2,0,0,0,0,0,1,1,1,2,0,0,0,0,0,0,0,0,0,0,2,2,0,1,0,1,1,0,1,0,0,0,0,3,1,1,2,1,0,0
3067542400006200046,65,0,0,3,0,0,0,0,0,0,0,0,0,0,0,1,1,4,0,0,0,6,0,0,0,2,0,0,0,0,0,1,0,0,0,0,0,0,0,2,4,0,0,0,0,4,5,0,0,0,0,0,0,1,0,0,0,0,15,0,1,0,0,0,8,0,1,0,2,1,1,0,0,0,0,0,0,0,1,0,0,0,0,7,0,0,0,0,0,0,5,0,0,0,0,14,24,0,0,1,0,0,0,0,3,0,0,0,0,0,5,0,0,0,2,0,0,1,0,0,0,0,4,1,1,0,15,0,0,0,0,0,0,0,0,0,0,0,0,0,0,0,0,0,0,0,1,0,0,0,0,0,0,0,0,0,0,0,0,0,0,0,0,0,0,0,0,0,0,0,0,0,0,0,0,0,0,0,0,1
3067542400006200049,44,0,0,0,0,0,0,0,0,1,0,0,0,0,0,0,0,0,0,0,0,7,0,0,0,1,0,0,0,0,1,2,1,0,0,0,0,0,0,2,1,0,0,0,1,0,2,0,0,0,0,0,1,1,0,0,0,0,7,0,0,0,0,0,4,0,0,0,0,0,1,0,1,0,0,0,0,0,0,0,0,1,1,2,0,0,0,0,0,0,11,0,0,0,2,1,9,0,0,0,0,1,0,0,1,0,0,1,0,0,1,0,0,0,2,0,0,1,0,0,0,1,0,0,3,0,4,0,0,0,0,0,0,0,0,0,0,0,0,0,0,0,0,0,0,0,0,0,0,0,0,0,0,0,0,0,0,0,0,0,0,0,0,0,0,0,0,0,0,0,0,0,0,0,0,0,0,0,0,0
3067542400006200051,50,1,0,2,0,0,0,1,0,0,0,0,0,0,1,0,0,0,0,1,0,10,0,0,0,5,0,0,0,0,3,1,0,0,0,0,0,3,0,9,3,0,0,1,0,2,3,1,0,0,0,0,0,0,0,2,3,0,14,0,0,0,0,0,1,0,0,0,0,0,1,0,0,0,1,0,0,0,0,1,3,0,0,1,0,0,0,0,0,0,8,0,0,0,0,23,3,0,0,1,0,0,0,0,3,0,0,1,0,0,2,0,0,0,0,0,0,2,0,0,0,1,0,1,1,0,7,1,0,1,0,0,0,0,0,0,0,0,0,0,0,0,0,0,0,0,0,0,0,0,0,0,0,0,1,0,0,0,1,0,0,0,0,0,0,0,0,0,0,0,0,0,0,0,0,1,0,0,0,0
3067542400006200053,44,0,0,0,0,1,1,0,0,2,0,0,0,0,0,1,1,1,1,9,7,1,3,20,3,0,1,34,0,0,1,1,3,0,7,10,0,3,1,0,2,0,0,0,4,2,12,0,0,0,0,0,0,0,0,1,0,1,0,0,0,0,0,0,8,0,0,0,2,0,1,2,0,1,0,1,7,0,0,9,1,0,0,0,0,0,1,0,0,3,26,0,0,0,2,18,0,0,0,0,58,0,0,0,3,0,0,0,0,0,0,0,0,1,0,0,0,11,0,0,0,3,3,0,1,0,1,0,0,2,0,0,3,0,0,0,0,0,1,1,1,0,0,1,0,0,0,0,0,0,1,0,0,0,0,0,0,0,0,0,0,0,0,0,0,0,1,0,0,0,0,0,0,2,0,0,0,0,0,0
3067542400006200054,124,0,0,6,0,0,2,0,0,8,0,0,0,0,0,1,0,0,0,0,0,0,1,1,0,0,0,4,0,0,0,2,0,0,8,0,1,0,2,0,3,0,1,1,0,7,3,4,0,0,0,0,0,0,0,0,2,0,2,0,0,0,0,0,11,1,0,0,0,0,1,1,0,0,0,0,3,0,4,0,1,0,1,0,0,0,0,3,0,4,9,0,0,0,0,0,3,0,0,0,12,0,2,1,0,0,0,14,0,1,0,1,0,4,1,0,0,1,0,0,0,10,1,1,6,0,0,2,1,1,0,0,0,0,0,0,0,0,0,1,1,0,0,0,0,1,0,0,0,0,0,0,0,0,0,0,0,0,0,0,0,0,0,0,0,0,0,0,0,0,0,0,0,0,0,0,0,0,0,0
3067542400006200055,36,1,0,0,0,0,0,0,0,0,0,0,0,0,0,0,1,0,0,0,0,0,0,0,1,0,0,0,0,0,0,0,0,0,2,0,0,0,0,1,1,0,0,0,0,4,1,0,0,0,0,0,0,0,0,0,0,0,0,0,1,0,0,0,2,0,0,0,0,0,0,0,0,0,0,0,0,0,0,0,0,1,0,0,0,0,0,0,0,0,0,0,0,0,0,2,0,0,0,0,6,0,0,0,1,0,0,3,0,0,0,0,0,0,0,0,0,2,0,0,0,5,0,0,0,0,0,0,0,0,0,0,0,0,0,0,0,0,0,0,0,0,0,0,0,0,0,0,0,1,0,0,0,0,0,0,0,0,0,0,0,0,0,0,0,0,0,0,0,0,0,0,0,0,0,0,0,0,0,0
3067542400006200058,52,0,0,0,0,0,1,0,0,0,0,0,1,0,0,0,0,0,0,0,1,0,0,4,0,0,0,2,0,0,0,1,0,0,4,0,0,0,0,0,2,0,0,0,4,4,6,3,0,0,0,0,0,0,0,0,0,0,0,0,0,0,0,1,5,1,0,0,1,0,1,0,0,0,0,0,1,0,1,0,0,0,1,0,0,0,0,0,0,0,5,0,0,0,2,1,1,0,0,0,9,0,0,1,1,0,0,4,0,0,0,0,2,3,2,0,0,1,0,0,0,2,0,0,7,0,1,2,0,0,0,0,0,0,0,0,0,0,0,0,0,0,0,1,0,0,0,0,0,0,0,0,0,0,0,0,0,0,0,0,0,0,0,0,0,0,0,0,0,0,0,0,0,0,0,0,0,0,0,0
3067542400006200060,43,0,0,1,0,0,0,0,0,1,0,0,0,0,0,0,0,2,0,1,0,19,0,0,0,6,0,0,0,0,1,4,0,0,3,0,0,0,1,5,3,0,0,0,1,1,0,0,0,0,0,0,0,0,0,0,0,1,13,0,1,0,0,0,3,0,0,0,0,0,1,1,0,0,1,0,0,0,0,0,0,0,0,6,1,0,0,0,0,0,9,0,0,0,1,7,14,0,0,0,0,2,0,0,0,1,1,1,0,0,3,0,0,0,1,0,0,1,1,0,0,0,0,1,2,0,14,0,0,0,0,0,0,0,0,0,0,0,0,1,0,0,1,0,0,0,0,0,0,0,0,0,0,0,0,1,0,0,0,0,0,0,0,0,0,0,0,0,0,0,0,0,0,0,0,0,0,0,0,0
3067542400006200066,113,0,0,3,0,0,5,0,0,4,0,0,0,0,2,1,0,1,0,0,0,3,0,2,0,1,0,0,0,1,3,3,0,0,10,0,0,0,0,3,3,1,0,0,0,10,7,1,0,0,0,0,0,0,0,0,2,0,2,0,0,0,0,0,2,0,0,0,0,0,0,0,0,0,0,0,4,0,1,0,0,0,0,5,0,1,0,0,0,0,7,0,0,0,4,2,0,0,0,0,4,4,0,0,0,0,0,6,0,1,1,2,0,1,2,0,0,0,0,0,1,7,0,2,0,1,2,0,0,0,0,1,0,0,0,0,0,0,0,0,0,0,0,0,0,0,0,0,0,0,0,0,0,0,1,0,0,0,0,0,0,0,0,0,0,0,0,0,0,0,0,0,0,0,0,1,0,0,0,1
3067542400006200067,68,0,0,0,1,0,0,1,0,1,1,0,0,0,0,0,1,3,0,0,0,13,2,0,0,2,0,1,0,0,1,5,0,0,1,0,0,1,0,8,0,0,0,0,0,5,2,0,0,0,0,0,0,0,0,1,0,0,17,0,0,0,1,0,6,0,0,0,0,0,2,0,0,0,0,1,0,0,0,0,4,0,0,8,0,0,0,0,0,0,10,0,0,0,3,11,20,0,0,3,1,0,0,0,0,0,1,0,1,0,5,0,0,0,0,0,1,0,1,0,0,0,0,1,0,0,22,0,0,0,0,0,0,0,0,0,0,0,0,0,0,0,0,1,0,0,0,0,1,0,0,0,0,0,0,0,0,0,0,0,0,0,0,0,0,0,0,0,0,0,0,0,0,0,0,0,0,0,0,0
3067542400006200070,104,0,0,2,0,0,0,0,0,3,0,0,0,0,0,0,6,2,0,0,0,8,0,1,0,7,0,0,0,0,0,1,0,0,1,0,0,0,0,3,4,1,0,0,0,2,5,1,0,0,0,0,0,0,0,1,2,0,21,0,0,0,0,0,11,1,0,0,0,0,1,1,0,0,1,0,0,0,0,0,1,0,0,16,0,0,0,2,0,0,7,0,1,0,1,7,21,0,0,0,1,0,0,0,0,0,1,0,0,0,5,0,3,0,1,0,0,1,0,0,0,0,0,1,3,0,32,0,0,0,0,0,0,0,1,0,0,0,0,0,0,0,0,1,0,0,0,0,0,0,0,0,0,0,0,0,0,1,0,0,0,0,0,1,0,0,0,0,0,0,0,0,0,0,0,0,0,0,0,0
3067542400006200071,79,0,0,2,0,0,0,0,0,1,0,0,0,0,0,0,0,0,0,0,0,8,1,0,0,4,0,0,0,0,1,1,0,0,0,0,0,0,1,3,3,0,0,0,0,4,2,2,0,0,0,0,1,0,0,0,0,0,14,1,1,0,0,0,2,1,0,0,0,0,0,0,0,0,1,0,0,0,0,0,2,0,0,14,0,0,0,1,0,0,3,0,0,0,2,7,16,0,0,0,0,0,0,0,1,1,0,0,0,0,1,0,1,0,2,0,0,0,0,0,1,0,0,1,1,0,13,0,0,0,0,0,0,0,0,0,0,0,0,0,0,0,0,0,0,0,0,0,0,0,0,0,0,0,0,0,0,0,0,0,0,0,0,1,0,0,0,0,0,0,0,0,0,1,0,0,0,0,0,1
3067542400006200074,52,0,0,0,0,0,1,0,0,4,0,0,0,0,0,0,0,1,0,2,4,0,1,3,1,0,0,9,0,0,0,1,2,0,2,3,0,1,0,0,1,1,0,0,0,1,2,0,0,0,0,0,0,0,1,0,1,0,0,0,1,0,0,0,3,2,0,0,0,0,2,1,0,0,0,0,0,0,0,2,0,0,0,1,0,0,0,0,0,4,4,0,0,0,1,1,2,0,0,0,17,0,1,0,0,1,0,1,0,0,0,1,0,3,0,0,0,4,0,0,1,1,0,1,1,0,1,1,1,0,0,1,0,0,0,0,0,0,0,0,0,0,0,1,0,0,0,0,0,0,0,0,0,0,1,0,0,0,0,0,0,0,0,2,0,0,0,0,0,0,0,0,0,1,0,0,0,0,0,0
3067542400006200075,28,0,0,0,0,0,0,0,0,2,0,0,0,0,0,0,0,1,0,0,1,0,0,0,0,0,0,0,0,0,0,0,1,0,5,0,0,0,0,0,1,0,0,0,2,1,2,1,0,1,0,0,0,0,1,0,0,0,0,0,0,0,0,0,4,0,0,0,0,0,0,0,0,0,0,0,1,0,2,0,0,0,0,0,0,0,0,0,0,0,5,0,0,0,0,2,0,0,0,0,5,0,0,0,0,0,0,7,0,0,0,0,0,1,0,0,0,0,0,0,0,0,0,0,3,0,0,3,0,0,0,0,0,0,0,0,0,0,0,0,0,0,0,0,0,0,0,0,0,0,0,0,0,0,0,0,0,0,0,0,0,0,0,0,0,0,0,0,0,0,0,0,0,0,0,0,0,0,0,0
3067542400006200080,81,1,0,2,0,0,0,0,0,2,0,1,1,0,1,0,1,2,0,0,0,13,0,0,0,8,0,0,0,0,1,4,0,1,2,0,0,2,0,7,6,0,0,0,0,3,4,0,0,0,0,0,0,0,0,0,1,0,16,0,1,0,0,0,7,0,0,1,0,0,2,0,0,0,0,0,0,0,0,0,2,0,0,15,0,0,0,0,0,0,8,0,0,0,2,6,15,0,0,1,0,0,0,1,1,0,0,0,0,0,6,0,0,0,0,1,1,1,0,0,0,1,0,1,0,0,19,1,1,0,0,0,0,0,0,0,0,1,0,0,0,0,0,0,0,0,0,1,0,0,0,0,0,0,1,0,0,1,0,0,0,0,1,0,0,0,0,0,0,0,0,0,0,0,0,0,0,0,0,0
3067542400006200087,90,0,1,1,1,0,0,0,0,4,0,2,0,0,0,0,0,3,0,1,0,5,0,2,0,4,0,2,0,0,3,3,0,0,1,0,0,0,0,3,4,0,0,0,0,4,2,2,0,0,0,0,0,0,0,1,0,0,34,0,0,0,0,0,6,0,0,0,0,0,0,1,0,0,1,0,0,0,1,0,1,0,0,20,0,0,0,0,0,0,8,0,0,0,0,2,31,0,0,1,0,1,0,0,1,0,0,0,0,0,1,0,0,0,0,0,0,2,0,0,0,0,1,1,3,0,10,0,1,0,0,0,0,0,0,0,0,0,0,0,0,0,0,0,0,0,0,0,0,0,0,0,0,0,0,0,0,1,0,0,0,0,0,1,0,1,0,0,0,0,0,0,0,0,0,0,0,0,0,0
3067542400006200089,62,0,0,0,0,0,0,0,0,6,1,0,0,0,0,0,0,2,0,1,0,4,0,2,0,6,0,0,0,0,0,0,0,0,1,0,0,0,0,5,2,0,0,0,0,3,3,0,0,0,0,0,0,0,0,0,1,0,18,0,0,0,0,0,5,0,0,0,0,0,1,0,0,0,0,0,0,0,0,0,3,0,0,22,0,0,0,0,0,1,1,0,0,0,5,2,17,0,0,1,0,0,1,0,0,0,0,0,0,1,1,2,2,0,1,0,0,0,0,0,0,0,0,3,2,0,9,0,0,0,0,0,0,0,0,0,0,0,0,0,0,0,0,0,0,1,0,0,0,0,0,0,0,0,0,1,0,0,0,0,0,0,1,0,0,0,0,0,0,0,0,0,0,0,0,1,1,0,0,0
3067542400006200093,192,0,0,1,1,0,2,0,0,21,0,0,0,0,1,1,0,3,0,0,0,1,0,1,0,18,0,0,0,0,2,1,1,0,4,0,0,0,0,9,2,0,1,0,2,6,10,1,0,1,0,0,1,1,0,5,2,0,36,1,0,0,0,0,9,0,0,0,1,0,0,0,0,0,3,0,0,0,0,1,4,0,0,43,0,0,0,1,1,0,21,0,0,0,3,2,29,0,1,0,0,0,0,0,0,2,0,0,0,0,0,0,2,0,1,0,0,3,2,0,0,0,1,3,3,0,15,1,1,0,0,0,0,0,0,0,0,0,0,0,0,0,0,0,0,0,1,0,0,0,0,0,0,0,2,0,0,0,2,0,0,0,0,1,0,0,1,0,0,0,0,0,0,0,0,0,0,0,0,2
3067542400006200097,32,0,0,1,1,0,0,0,0,1,0,2,0,0,0,1,0,0,0,2,1,0,2,3,1,0,0,9,0,0,0,0,0,0,1,1,0,0,0,0,1,0,0,0,0,0,2,0,0,0,0,0,0,1,0,0,0,0,0,0,0,0,0,0,2,1,0,0,0,0,1,1,0,0,0,0,0,0,0,0,0,0,0,1,0,0,0,0,0,2,2,0,0,0,0,2,0,0,0,0,12,0,0,1,0,0,0,0,0,0,0,0,1,0,1,0,0,1,0,0,3,0,0,0,0,0,0,0,0,1,1,0,0,0,0,0,0,0,0,0,0,0,0,0,0,0,0,0,0,0,0,0,0,0,0,0,0,0,0,0,1,0,0,0,0,0,0,0,0,0,0,0,0,0,0,0,0,0,0,0
3067542400006200099,185,0,0,1,0,0,2,1,0,13,0,2,0,0,0,0,1,3,0,0,0,6,1,0,0,6,0,0,0,0,3,0,0,0,3,0,1,2,2,2,8,0,0,1,0,10,12,1,0,1,0,0,0,0,1,2,0,0,39,0,0,0,0,0,4,2,0,0,0,0,1,0,0,0,1,1,0,1,0,1,5,0,0,51,0,0,0,1,0,0,15,0,0,0,2,1,48,0,0,0,1,0,0,0,2,0,0,0,0,1,2,1,4,0,1,0,0,1,0,0,0,0,0,0,1,0,15,0,1,0,0,0,0,0,0,0,0,0,0,0,1,0,0,1,0,0,1,0,0,0,1,0,0,0,0,1,0,0,1,2,0,1,0,0,0,0,0,0,0,0,0,1,0,0,0,0,0,0,0,0
3067542400006200102,52,0,0,0,0,0,1,0,0,2,0,0,0,0,0,0,0,1,1,1,0,1,0,0,1,3,0,0,0,0,3,0,0,0,0,0,0,0,0,4,1,1,0,0,0,1,5,1,0,0,0,0,0,0,1,1,2,0,10,1,0,0,0,0,1,0,0,0,0,0,0,0,0,0,1,0,0,0,0,1,2,0,0,12,0,0,0,1,0,0,2,0,0,0,2,0,6,0,0,0,0,0,0,0,0,0,0,0,0,0,0,0,0,0,0,0,0,0,1,0,0,0,0,0,1,0,4,1,0,0,0,0,0,0,0,0,0,0,0,0,0,0,0,0,0,0,0,0,0,0,0,0,0,0,0,0,0,0,0,0,0,0,0,0,0,0,0,0,0,0,0,0,0,0,0,0,0,0,1,0
3067542400006200103,90,1,0,1,1,1,2,0,0,12,0,1,1,0,0,0,0,1,0,0,0,1,0,0,0,5,0,0,0,1,2,0,0,0,0,0,0,0,0,3,4,1,0,0,1,4,3,1,0,0,0,0,0,0,0,2,1,1,17,0,0,0,0,0,4,0,0,0,0,0,0,0,0,0,2,0,0,0,1,0,2,0,0,23,0,0,0,0,0,0,13,0,0,0,0,2,16,0,0,0,0,1,0,0,0,0,0,0,0,0,1,0,0,0,1,0,0,2,2,0,1,0,0,0,1,0,15,0,0,0,0,0,0,0,0,0,0,0,0,0,0,0,0,0,0,0,1,0,0,1,0,0,0,0,0,0,0,0,0,0,0,0,0,0,0,0,0,0,0,0,0,0,0,0,0,0,0,0,0,0
3067542400006200104,66,0,0,1,0,0,0,0,0,2,0,0,0,0,0,0,0,2,1,0,0,1,1,1,0,9,0,0,0,0,0,0,0,0,3,0,0,0,0,5,2,0,0,1,0,2,7,3,0,0,0,0,0,0,1,1,0,0,15,0,0,0,0,1,2,0,0,0,0,0,0,0,0,0,2,0,0,0,0,0,0,0,0,18,0,0,0,0,0,0,13,0,0,0,3,1,20,0,0,0,0,0,0,0,0,0,0,0,0,0,0,0,2,1,0,0,0,0,1,0,0,0,0,2,0,0,15,0,0,0,0,0,0,0,0,0,0,0,0,0,1,0,0,0,0,0,0,0,0,0,0,0,0,0,1,0,0,0,0,0,0,0,0,1,0,0,0,0,0,1,0,0,0,0,0,0,0,0,0,0
3067542400006200110,151,0,0,3,5,0,1,0,0,2,0,1,0,0,0,9,0,0,0,17,28,0,4,8,3,1,0,76,1,0,0,7,4,0,4,1,1,3,2,0,7,0,0,0,4,3,8,0,0,0,0,0,2,1,0,1,0,0,0,0,1,0,0,0,3,3,0,0,10,0,0,0,0,0,0,0,1,0,0,5,0,0,0,1,0,0,0,0,0,2,28,0,1,0,3,4,2,1,0,0,63,0,1,0,1,3,0,2,0,0,0,0,1,1,1,0,0,10,1,0,1,0,4,2,4,0,1,1,0,1,2,1,0,0,0,2,0,0,0,0,0,0,0,2,0,0,0,1,0,0,1,0,0,0,0,0,0,0,1,0,0,0,0,0,0,0,0,0,0,0,0,0,0,0,0,1,0,1,0,0
3067542400006200113,69,0,0,0,0,0,0,0,0,9,1,0,0,0,0,0,0,1,0,0,0,1,1,0,0,12,0,0,0,0,2,0,0,0,1,1,0,0,0,4,4,0,0,0,0,3,4,0,0,0,0,0,0,0,0,1,0,0,11,0,0,0,0,0,3,0,0,0,0,0,2,0,0,0,0,0,0,0,0,0,2,0,0,23,0,0,0,0,0,0,9,0,0,0,4,0,24,0,0,0,0,0,0,0,0,0,0,0,0,2,0,0,0,0,0,0,0,2,3,0,0,0,0,0,1,0,10,0,0,0,0,0,0,0,0,0,0,0,0,0,0,0,0,0,0,0,0,0,0,0,0,0,0,0,0,0,0,1,0,0,0,0,0,0,0,0,0,0,0,0,0,0,0,0,0,0,0,0,0,0
3067542400006200114,20,0,0,1,0,0,0,0,0,1,0,0,0,0,0,0,0,0,0,0,0,0,0,1,0,4,0,1,0,0,0,0,0,0,0,0,0,0,0,0,1,0,0,0,0,0,0,0,0,0,0,0,0,0,0,2,0,0,7,0,0,0,0,0,0,0,0,0,0,0,0,0,0,0,1,0,1,0,0,0,0,0,0,8,0,0,0,0,0,0,2,0,0,0,0,0,5,0,0,0,1,0,0,0,0,2,0,0,0,0,0,0,0,0,0,0,0,0,0,0,0,1,0,0,1,0,1,1,0,0,0,0,0,0,0,0,0,0,0,0,0,0,0,0,0,0,0,0,0,0,0,0,0,0,0,0,0,0,0,0,0,0,0,0,0,0,0,0,0,0,0,0,0,0,0,0,0,0,0,0
3067542400006200118,32,0,0,0,0,0,2,0,0,3,0,0,0,0,0,0,0,0,0,0,0,0,0,0,0,0,0,2,0,0,0,0,0,0,6,0,0,0,0,0,0,0,0,0,1,2,1,1,0,0,0,0,0,0,2,0,1,0,1,0,0,0,0,0,5,1,0,0,0,0,0,0,0,0,0,0,0,0,0,0,0,0,0,1,1,0,0,1,0,0,4,0,0,1,0,0,1,0,0,0,3,0,0,0,0,0,0,2,0,0,0,0,0,0,0,0,0,0,0,0,0,3,0,1,1,0,0,2,0,0,0,0,0,0,0,0,0,0,0,0,0,0,0,0,0,0,0,0,0,0,1,0,0,0,0,0,0,0,0,0,0,0,0,0,0,0,0,0,0,0,0,0,0,0,0,0,0,0,0,0
3067542400006200119,301,0,1,4,1,0,1,0,0,27,0,2,0,0,3,0,0,7,0,0,1,0,1,2,0,17,0,0,0,2,3,0,1,0,2,0,0,0,1,6,11,0,0,0,1,8,13,4,0,0,0,0,0,0,0,12,2,0,45,0,1,0,0,0,9,1,0,0,1,0,3,0,0,0,3,0,0,0,1,0,1,0,0,76,0,0,0,0,0,0,38,0,0,0,2,2,45,1,0,0,3,1,0,0,1,1,0,1,0,0,1,2,6,0,0,0,0,1,1,0,0,1,0,1,6,1,9,0,2,0,0,1,0,0,1,1,0,0,0,0,0,0,0,1,0,0,0,0,0,0,0,0,0,0,1,0,0,1,1,0,0,0,0,0,0,0,1,0,0,0,1,0,1,0,0,0,0,0,0,0
3067542400006200124,27,0,0,0,0,0,0,0,0,4,0,0,0,0,0,0,0,1,0,0,0,0,0,0,0,5,0,0,0,0,2,0,0,0,0,0,0,0,0,1,2,0,0,0,0,1,0,0,0,0,0,0,0,0,0,0,0,0,5,0,0,0,1,0,1,0,0,0,0,0,0,0,0,0,2,0,0,0,0,0,1,0,0,7,0,0,0,0,0,0,4,0,0,0,1,0,3,0,0,0,0,0,0,0,0,0,0,0,0,0,0,0,0,1,0,0,0,0,0,0,0,0,0,0,1,0,2,0,0,0,0,0,0,0,0,0,0,0,0,0,0,0,0,0,0,0,0,0,0,0,0,0,0,0,0,0,0,0,0,0,0,0,0,0,0,0,0,0,0,0,0,0,0,0,0,0,0,0,0,0
3067542400006200130,70,1,0,2,2,1,1,0,0,6,0,2,0,0,0,0,0,1,0,0,0,0,0,0,0,6,0,2,0,0,0,1,0,0,0,0,0,0,0,0,4,0,0,0,0,4,5,1,0,0,0,0,0,0,0,4,1,0,9,0,0,0,0,0,6,1,0,0,0,0,0,0,0,0,2,0,0,0,1,0,0,0,0,15,0,0,0,0,0,0,16,0,0,0,1,0,16,0,0,1,1,0,0,0,0,0,0,0,0,1,0,0,0,0,0,0,0,0,0,0,0,0,0,5,0,0,1,1,0,0,0,0,0,0,0,0,0,0,0,0,0,0,0,0,0,0,1,0,0,2,0,0,0,0,0,0,0,1,0,0,0,0,0,0,0,0,0,0,0,0,0,0,0,1,0,0,0,0,0,0
3067542400006200131,87,0,0,2,0,0,2,1,0,5,0,2,0,0,0,0,0,3,0,0,0,1,1,0,0,2,0,0,0,0,0,2,0,0,2,0,0,0,0,4,2,0,0,1,2,3,2,1,0,0,0,0,0,0,0,0,0,0,5,1,0,0,0,0,10,0,0,0,0,0,3,1,0,0,1,0,2,0,1,0,1,0,0,13,0,0,0,0,0,0,13,0,0,0,0,1,4,0,0,0,10,0,0,0,0,0,0,13,0,2,0,0,1,5,1,0,0,0,1,0,0,7,0,2,6,0,0,1,0,1,1,0,0,0,0,0,0,0,0,0,0,0,0,1,1,0,0,0,0,0,0,0,0,0,0,0,0,0,1,0,0,0,0,0,0,0,0,0,0,0,0,0,0,1,0,0,0,0,0,0
3067542400006200133,49,0,0,0,1,0,1,0,0,7,0,0,0,0,0,0,0,2,0,1,0,0,0,1,0,4,0,1,0,0,1,1,0,0,2,0,0,1,0,3,3,0,0,0,0,0,1,1,0,0,0,0,0,0,0,1,0,0,5,1,0,0,0,0,4,0,0,0,0,0,0,0,0,0,3,0,0,0,0,0,0,0,0,13,0,0,0,0,0,0,4,0,0,0,1,1,7,0,0,0,0,0,0,1,0,0,0,0,0,0,0,0,0,0,1,0,0,1,0,0,0,0,0,0,3,0,0,0,1,0,0,0,0,0,0,0,0,0,0,1,0,0,0,0,0,0,0,0,0,0,1,0,0,0,0,0,0,0,1,0,0,0,0,0,0,0,0,0,0,0,0,0,0,0,0,1,0,0,0,0
3067542400006200134,64,0,0,0,0,0,1,0,0,2,0,0,0,0,0,0,0,2,0,0,0,0,0,0,0,5,0,0,0,0,0,0,0,0,1,0,0,0,0,2,2,0,0,0,0,3,4,0,0,0,0,0,0,0,0,0,1,0,6,0,1,0,0,0,4,0,0,0,0,0,0,0,0,0,0,1,0,0,0,0,1,0,0,8,0,0,0,1,0,0,18,0,1,0,1,0,9,0,0,0,0,0,0,0,1,0,0,0,0,0,0,0,0,0,1,0,0,2,2,0,0,0,0,2,4,0,0,0,0,0,0,0,0,0,0,0,0,0,0,0,0,0,0,0,0,0,1,0,0,1,0,0,0,0,0,0,0,0,0,0,0,0,0,0,0,0,0,0,0,0,0,0,0,0,0,0,0,0,0,0
3067542400006200136,25,0,1,1,0,0,0,0,0,0,1,0,0,0,0,0,1,4,0,0,1,0,0,0,0,1,0,0,0,0,1,0,0,0,1,0,0,0,0,1,0,0,0,0,0,1,0,0,0,0,0,0,0,0,0,6,0,0,4,0,0,0,0,1,2,0,0,0,0,0,1,0,0,0,1,0,0,0,0,0,1,0,0,21,0,0,0,0,0,0,6,0,1,0,1,1,10,0,0,3,0,0,0,0,0,0,0,0,0,0,0,0,0,0,1,1,0,1,0,0,0,0,0,1,1,0,1,0,0,0,0,0,0,0,0,0,0,1,0,0,0,0,0,0,0,0,0,0,0,0,0,0,0,0,0,0,0,0,0,0,1,0,0,0,0,0,0,0,0,0,0,0,0,0,0,0,0,0,0,0
3067542400006200138,119,0,0,1,0,0,0,0,0,25,0,1,1,0,0,0,0,3,0,1,0,2,0,0,0,9,0,0,0,0,0,1,0,0,4,0,1,0,0,2,7,0,0,0,2,3,4,0,1,0,0,0,0,0,0,0,0,0,14,0,0,0,0,0,8,2,0,0,0,0,0,0,0,0,1,0,0,0,0,0,2,0,0,27,0,0,0,0,0,0,17,0,0,1,0,1,23,0,0,0,0,0,0,0,1,1,0,0,0,0,0,1,1,0,1,0,0,0,1,0,0,0,1,2,2,0,2,0,0,0,0,0,0,0,0,0,0,0,0,0,0,0,0,0,0,0,0,1,0,0,0,1,0,0,0,1,0,0,0,0,0,0,0,0,0,0,1,2,0,0,0,0,0,0,0,0,0,0,0,0
3067542400006200145,78,0,0,1,0,0,4,0,0,8,1,2,0,0,1,0,0,0,0,1,1,1,0,0,0,1,0,0,1,0,1,1,0,0,1,1,0,0,1,1,1,0,0,0,0,10,4,4,0,0,0,0,0,0,1,0,1,0,6,0,0,0,0,1,5,1,0,0,0,1,1,1,0,0,0,0,3,1,0,1,0,0,0,8,0,0,0,1,0,0,20,0,0,0,2,3,5,0,0,1,2,0,0,0,1,2,0,2,0,0,0,0,0,1,1,0,0,2,2,0,0,4,0,2,6,0,0,0,2,1,0,0,0,0,0,0,0,0,1,0,0,0,0,0,0,0,0,0,0,0,0,0,0,0,0,0,0,0,1,0,0,0,0,0,0,0,0,0,0,0,0,0,0,0,0,0,0,0,0,0
3067542400006200146,42,0,0,1,0,0,0,0,0,0,0,0,0,0,0,0,1,1,0,0,0,0,0,0,0,1,0,0,0,0,1,0,0,0,0,0,0,0,0,0,2,0,0,0,0,0,2,4,0,0,0,0,0,1,0,0,0,0,2,0,0,0,0,0,3,0,0,0,0,0,0,0,1,0,0,0,0,2,0,0,0,0,0,7,0,0,0,0,0,1,16,0,0,0,1,0,8,0,0,0,0,0,0,0,0,1,0,0,0,0,0,1,0,1,0,0,0,1,1,0,0,0,0,0,0,0,0,0,0,0,0,0,0,0,0,0,0,0,0,1,0,0,0,0,0,0,0,0,0,0,0,0,0,0,0,2,0,0,0,0,0,0,0,0,0,0,0,0,0,0,0,0,0,0,0,0,0,0,0,0
3067542400006200152,100,0,0,1,0,0,1,0,0,2,0,0,0,0,0,0,3,3,0,0,0,0,2,0,1,12,0,0,0,0,2,1,1,0,1,0,0,0,1,1,5,1,0,0,0,6,6,3,0,0,0,0,0,0,0,2,5,0,7,0,0,0,0,0,11,0,0,0,0,0,1,0,0,0,2,0,0,1,3,1,2,0,0,18,0,0,0,0,0,0,24,0,1,0,2,2,19,0,0,5,3,0,1,0,1,2,0,0,0,0,0,0,1,0,1,0,0,1,0,0,0,1,0,2,2,0,0,1,0,0,0,0,0,0,0,0,0,0,0,0,0,0,0,0,0,0,1,0,0,0,0,1,0,0,0,0,0,0,1,0,0,0,0,0,0,0,0,0,0,0,0,0,0,0,0,1,0,0,0,0
3067542400006200154,37,0,0,0,0,0,0,0,0,1,1,0,0,0,0,0,2,1,0,0,0,0,0,0,0,11,0,1,0,0,1,0,0,0,2,0,0,0,0,1,4,0,0,0,0,1,2,4,0,0,0,0,0,0,0,1,3,1,5,0,0,0,0,0,5,0,0,0,0,1,0,0,0,0,0,1,0,1,1,0,0,0,0,17,0,0,0,0,0,0,11,0,0,0,0,3,6,0,0,3,0,0,1,0,0,3,0,0,0,1,0,0,0,0,0,0,0,2,0,0,0,0,0,1,4,0,0,0,0,0,0,0,0,0,0,0,0,0,0,0,0,0,0,0,0,0,0,0,0,0,0,0,0,0,0,0,0,0,0,0,0,0,0,0,0,0,0,0,0,0,0,0,0,0,0,0,0,0,0,0
3067542400006200155,91,1,0,2,0,0,0,1,0,2,0,0,0,0,0,1,3,5,0,1,0,0,0,0,0,8,0,0,0,0,3,2,1,0,3,0,0,0,0,1,5,1,0,0,0,3,2,5,0,0,0,0,0,0,0,4,4,0,4,0,0,0,0,0,5,1,0,0,1,0,0,1,0,0,0,1,0,0,2,1,0,0,0,18,0,0,0,0,0,0,22,0,0,0,2,5,13,0,0,1,0,0,0,0,1,4,0,0,0,1,0,0,0,1,1,0,0,1,3,0,0,1,0,2,1,0,0,0,1,0,0,0,0,0,0,0,0,0,0,0,0,0,0,0,0,0,1,0,0,0,0,0,0,0,0,0,0,0,0,0,0,0,0,0,0,0,0,0,0,0,0,0,0,0,0,0,0,0,0,0
3067542400006200156,56,0,0,0,0,0,0,0,0,1,0,0,0,0,0,1,0,0,0,0,0,1,1,1,0,5,0,0,0,0,2,1,0,0,3,0,0,0,0,2,5,1,0,0,0,6,3,1,0,0,0,0,0,0,1,4,0,0,3,0,0,0,0,0,4,0,0,0,0,0,1,0,0,0,0,0,1,0,2,0,0,0,0,4,0,0,0,0,1,0,17,0,0,0,0,0,2,0,0,1,0,0,0,0,3,22,0,0,0,1,1,0,0,0,1,0,0,0,0,0,0,0,0,3,2,0,2,0,0,0,0,0,0,0,0,0,0,0,0,0,0,0,0,0,0,0,0,0,0,0,0,0,0,0,0,0,0,0,0,0,0,0,0,0,0,0,0,0,0,0,0,0,0,0,0,0,0,0,0,0
3067542400006200157,14,0,0,1,0,0,0,0,0,0,0,0,0,0,0,0,0,2,0,0,0,0,0,0,0,2,0,0,0,0,1,0,0,0,2,0,0,0,1,1,1,0,0,0,0,1,0,2,0,0,0,0,0,0,0,1,0,0,1,0,0,0,0,0,1,0,0,0,0,0,1,0,0,0,2,0,0,0,1,0,0,0,0,3,0,0,0,0,0,0,3,0,0,0,0,3,3,0,0,0,0,0,0,0,3,1,0,1,0,0,0,0,0,0,0,0,0,0,0,0,0,0,0,0,2,0,0,0,0,0,0,0,0,0,0,0,0,0,0,0,0,0,0,0,0,0,0,0,0,0,0,0,0,0,0,0,0,0,0,0,0,0,0,0,0,0,0,0,0,0,0,0,1,0,0,0,0,0,0,0
3067542400006200158,30,0,0,0,0,0,2,0,0,2,0,2,0,0,1,0,0,2,0,1,0,1,1,0,0,2,0,1,0,0,0,0,0,0,4,0,0,0,0,1,1,0,0,0,0,0,3,1,0,1,1,0,0,0,1,0,0,0,2,0,0,0,0,0,4,0,0,0,0,0,3,0,0,0,0,0,2,0,1,0,0,0,1,3,0,0,0,0,0,0,6,0,0,0,0,0,2,0,0,1,9,0,2,1,0,3,0,4,0,0,0,0,0,1,0,0,0,0,1,0,0,2,0,2,2,0,0,3,0,0,0,0,0,0,0,0,1,0,0,0,0,0,0,0,0,0,0,0,0,1,0,0,0,0,0,0,0,0,0,0,0,0,0,0,0,0,0,0,0,0,0,0,0,0,0,0,0,0,0,0
3067542400006200160,57,0,0,0,0,0,0,0,0,0,0,0,0,0,0,0,1,1,0,0,1,0,0,0,0,7,0,0,0,0,0,0,0,0,0,0,0,0,0,1,2,0,0,0,0,0,0,2,0,1,0,0,0,0,0,3,1,0,4,0,0,0,0,0,6,0,0,0,0,0,0,0,0,0,1,0,0,0,3,0,0,0,1,8,0,0,1,0,0,0,15,0,0,0,0,4,2,0,0,0,0,0,0,0,7,37,0,0,0,1,0,0,0,0,0,0,0,3,0,0,0,0,0,0,3,0,1,0,0,0,0,0,0,0,0,0,0,0,0,0,0,0,0,1,0,0,0,0,0,0,0,0,0,0,0,0,0,0,0,0,0,0,0,0,0,0,0,0,0,0,0,0,1,0,0,0,0,0,0,0
3067542400006200163,97,0,0,2,0,0,0,0,0,0,0,0,0,0,0,2,7,2,1,1,0,1,3,2,0,14,0,0,0,0,1,0,1,0,2,0,1,0,0,2,5,0,0,0,0,1,1,0,0,0,0,0,0,0,0,7,4,0,11,1,0,0,0,0,4,0,0,0,0,0,1,0,0,0,0,1,0,0,7,2,1,0,0,9,0,0,0,0,0,0,29,0,0,0,2,1,0,0,0,0,2,0,0,0,13,42,0,0,0,0,0,0,0,0,1,0,0,3,2,0,0,0,0,1,3,0,1,0,0,0,0,0,0,0,0,0,0,0,0,0,0,0,0,0,0,0,0,0,0,0,0,1,0,0,0,0,0,0,0,0,0,0,0,0,0,0,0,1,0,0,0,0,0,2,0,0,0,0,0,0
3067542400006200166,121,0,0,2,1,0,1,2,0,0,0,2,0,0,1,0,6,0,0,0,0,1,2,0,0,12,0,0,0,1,4,4,0,0,0,1,0,0,0,2,3,0,0,0,0,2,4,2,0,0,0,0,0,0,0,4,3,0,3,0,2,0,0,0,13,0,0,0,0,0,0,0,0,0,1,0,1,0,11,1,1,0,0,18,0,0,0,0,2,0,36,0,0,0,4,1,1,0,0,1,2,1,0,0,12,61,0,0,0,0,0,0,1,0,2,0,0,1,1,0,0,1,0,3,6,0,3,0,2,1,0,0,0,0,0,0,0,0,0,1,0,0,0,0,0,0,0,0,0,0,1,0,0,1,0,0,0,1,0,0,2,0,0,1,0,0,0,1,0,0,0,0,0,0,0,0,0,0,0,0
3067542400006300042,29,0,0,1,0,0,0,0,0,4,0,1,0,0,0,0,0,0,0,0,0,0,0,0,0,3,1,0,0,0,0,0,0,0,1,0,0,0,0,2,3,0,0,1,0,3,3,0,0,0,0,0,0,0,0,1,1,0,14,0,0,0,0,0,3,0,0,0,0,0,0,0,0,0,0,0,1,0,0,0,1,0,0,11,0,0,0,0,0,0,5,0,0,0,1,2,9,0,0,0,0,0,1,0,0,1,0,0,0,0,1,0,1,0,0,0,0,1,0,0,0,0,0,0,4,0,6,0,0,0,0,0,0,0,0,0,0,0,0,0,0,0,0,0,0,0,0,0,0,0,0,1,0,0,1,0,0,0,0,0,0,0,0,0,0,0,0,0,0,0,1,0,0,0,0,0,0,0,0,0
3067542400006300059,36,0,0,0,0,0,0,0,0,4,0,0,0,0,0,0,0,1,0,0,0,0,0,0,0,3,0,0,0,0,2,0,0,0,0,0,0,0,0,2,1,0,0,0,1,1,0,0,0,0,0,0,0,0,0,0,0,0,3,0,0,0,0,0,1,0,0,0,0,0,0,0,0,0,0,0,0,0,0,0,0,0,0,7,0,0,0,0,0,0,6,0,0,0,1,0,3,0,0,0,0,0,0,0,1,0,0,0,0,0,0,1,0,0,0,0,0,0,0,0,0,0,0,0,1,0,1,0,0,0,0,0,0,0,0,0,0,0,0,0,0,0,0,0,0,0,1,0,0,0,0,0,0,0,0,0,0,0,0,0,0,0,0,0,0,0,0,1,0,0,0,0,0,0,0,0,0,0,0,0
3067542400006300060,87,0,0,0,1,0,0,1,0,6,0,0,0,0,0,0,0,4,0,0,0,1,0,0,0,4,0,0,0,0,1,0,0,0,0,0,0,1,0,2,7,1,0,0,1,0,9,0,0,0,0,0,0,0,0,1,0,0,10,0,1,0,0,0,2,0,0,0,0,0,1,0,0,0,0,0,0,0,0,0,1,0,0,17,0,0,0,0,0,0,15,0,0,0,2,1,5,0,0,0,0,0,0,2,0,0,0,0,0,0,0,0,1,0,0,0,0,1,0,1,0,0,0,1,1,0,5,0,1,1,0,0,0,0,0,0,0,0,0,0,0,0,0,0,0,0,0,0,0,0,1,0,0,0,0,0,0,0,0,0,1,0,0,0,0,0,0,0,0,0,0,0,0,0,0,0,0,0,0,0
3067542400006300062,29,0,0,2,1,0,0,0,0,3,0,0,0,0,0,0,0,2,0,0,0,0,1,0,0,0,0,0,0,0,0,0,0,0,0,0,0,0,0,0,0,0,0,0,0,0,2,0,0,0,0,0,0,0,0,0,1,0,2,0,0,0,0,0,1,0,0,0,0,0,0,0,0,0,1,0,0,0,0,0,0,0,0,9,0,0,0,0,0,0,1,0,0,0,4,0,5,0,0,0,0,0,0,0,0,0,0,0,0,0,1,0,0,0,0,0,0,0,1,0,0,0,0,0,2,0,3,0,0,0,0,0,0,0,0,0,0,0,0,0,0,0,0,0,0,0,0,1,0,0,0,0,0,0,0,0,0,0,0,0,0,0,0,0,0,0,0,0,0,0,0,0,0,0,0,0,0,0,0,0
3067542400006300068,28,0,0,0,0,0,1,0,0,6,0,0,0,0,0,0,0,3,0,0,0,0,0,1,0,1,0,0,0,0,0,0,0,0,2,0,0,0,0,0,0,0,0,0,0,2,1,0,0,0,0,0,0,0,0,2,0,0,7,1,0,0,0,0,2,0,0,0,0,0,0,0,0,0,0,0,0,0,0,0,0,0,0,24,0,0,0,0,0,0,1,0,0,0,0,0,7,0,0,1,0,0,0,0,1,0,0,0,0,0,1,0,0,0,0,0,0,0,0,0,0,0,1,0,1,0,2,0,1,0,0,0,0,0,0,0,0,0,1,1,0,0,0,0,0,0,0,0,0,0,0,0,0,0,0,0,0,0,0,0,0,0,0,0,0,0,0,0,0,0,0,0,0,0,0,0,0,0,0,0
3067542400006300071,29,0,0,0,0,0,0,0,0,3,0,0,0,0,0,0,0,1,0,1,0,0,0,0,0,2,0,0,0,0,2,0,0,0,1,0,0,0,1,0,3,0,0,0,0,0,1,0,0,0,0,0,0,0,0,1,0,0,6,0,0,0,0,0,1,1,0,0,0,0,1,0,0,0,1,0,0,1,0,0,1,0,0,5,0,0,0,0,0,0,4,0,0,0,0,0,13,0,0,0,0,0,0,0,0,0,0,0,0,0,0,0,0,0,0,0,0,0,0,0,0,0,0,0,0,0,3,0,0,0,0,0,0,0,0,0,0,0,0,0,0,0,0,0,0,0,0,0,0,0,0,0,0,0,0,0,0,0,0,0,0,0,0,0,0,0,0,0,0,0,0,0,0,0,0,0,0,0,0,0
3067542400006300073,52,1,0,1,2,0,0,0,0,16,0,1,0,0,0,0,0,0,0,0,0,0,0,1,0,4,0,0,0,0,0,0,0,0,2,0,0,0,0,0,4,0,0,0,0,0,0,0,0,0,0,0,0,0,0,3,0,0,5,0,0,0,0,0,3,1,0,0,0,0,2,0,0,0,0,0,0,0,0,0,0,0,0,15,0,0,1,1,0,0,2,0,0,0,0,0,21,0,0,0,0,0,0,0,0,0,0,0,0,0,0,0,0,0,0,0,0,0,0,0,0,0,0,1,0,0,0,0,0,0,0,0,0,0,1,0,0,0,0,0,0,0,0,0,0,0,0,0,0,0,0,0,0,0,0,0,0,0,0,0,0,0,0,0,0,0,0,0,0,0,0,0,0,0,0,0,0,0,0,0
3067542400007100003,47,0,0,1,0,1,1,0,1,0,0,1,0,0,0,2,0,1,0,14,10,0,4,18,3,1,0,66,0,0,0,1,5,0,9,5,0,0,0,0,0,0,0,0,2,1,2,1,0,0,0,0,0,0,0,0,1,0,0,0,1,1,0,0,1,1,1,0,2,0,0,0,0,0,0,0,4,0,1,6,0,0,0,1,0,0,0,2,0,3,43,0,0,0,2,2,0,0,0,0,89,1,0,0,1,2,0,1,0,0,0,0,0,0,0,0,0,14,1,0,0,2,2,0,0,0,0,0,0,0,0,0,3,0,1,0,0,0,1,0,0,0,0,0,0,0,0,0,0,0,0,0,0,0,0,0,0,0,0,0,1,0,0,0,0,0,0,0,0,0,0,1,0,0,0,0,1,0,0,0
3067542400007100008,46,0,0,2,0,0,3,0,0,1,0,0,0,0,0,1,0,0,0,2,0,0,1,0,0,0,0,2,0,0,1,2,0,0,2,2,2,0,0,1,2,0,1,0,0,2,2,3,0,1,0,0,0,0,0,0,0,0,1,0,1,0,1,0,3,0,0,0,1,0,0,0,0,0,0,0,3,0,0,0,0,0,0,0,0,0,0,2,0,0,3,0,0,0,1,2,0,0,0,0,25,0,1,0,2,0,0,11,0,0,1,0,1,3,1,0,0,0,0,0,0,6,0,2,11,0,0,1,0,0,0,0,0,0,1,0,0,0,0,1,0,0,0,0,0,0,0,0,0,0,1,0,0,0,0,0,0,0,0,0,0,0,0,0,0,0,0,0,0,0,0,0,0,0,0,0,0,0,0,0
3067542400007100017,60,0,0,0,0,0,2,0,0,4,1,0,0,1,0,18,1,0,1,11,16,0,4,4,8,1,0,76,0,0,0,0,0,0,8,0,0,3,0,0,2,0,0,0,1,2,2,3,0,0,0,0,0,0,0,0,0,1,0,0,0,0,0,0,5,0,0,0,14,0,0,1,0,1,0,0,7,0,0,5,0,0,0,2,1,2,0,0,0,3,30,0,0,0,4,1,1,0,0,0,70,0,0,0,0,8,0,0,0,0,0,0,1,0,2,0,0,9,4,0,1,0,6,1,1,0,2,0,0,0,0,0,0,0,0,0,0,0,1,0,0,0,1,0,0,0,1,0,0,1,0,0,0,0,0,0,1,0,0,0,2,0,0,0,0,0,0,0,0,0,1,0,0,0,1,0,0,0,0,0
3067542400007200096,21,0,0,1,0,0,0,0,0,0,0,0,0,0,0,4,0,1,0,4,8,0,0,2,2,1,0,36,0,0,0,0,0,0,1,0,0,0,0,0,1,0,0,0,0,0,5,0,0,0,0,0,0,1,0,0,0,0,0,0,0,1,0,0,1,0,0,0,2,0,0,1,0,0,1,0,3,0,0,3,0,0,0,0,0,0,0,0,0,1,2,0,0,0,0,4,0,0,0,0,48,0,0,0,0,0,0,0,0,0,0,0,0,0,0,0,0,6,0,0,0,0,0,0,1,0,1,0,0,0,1,0,0,0,0,0,0,0,0,0,0,0,0,0,0,0,0,0,0,1,0,0,0,0,0,0,0,1,0,0,1,0,0,0,0,0,0,0,0,0,0,0,0,0,0,0,0,1,0,0
3067542400007200103,28,0,0,0,0,0,0,0,0,0,0,0,0,0,0,0,0,0,0,0,1,0,0,0,0,0,0,2,0,0,0,1,0,0,2,0,0,0,0,0,0,0,0,0,0,2,0,0,0,0,0,0,0,0,0,0,0,0,0,0,0,0,0,0,1,0,0,0,0,0,1,0,0,0,0,0,0,0,0,0,0,0,0,0,0,0,0,0,0,0,0,0,0,0,0,2,0,0,0,0,3,0,0,0,0,0,0,3,0,0,0,0,0,0,0,0,0,1,0,0,0,1,0,0,0,0,0,2,0,0,0,0,0,0,0,0,0,0,0,0,0,0,1,0,0,0,0,0,0,0,0,0,0,0,0,0,0,0,0,0,0,0,0,0,0,0,0,0,0,0,0,0,0,0,0,0,0,0,0,0
3067542400007200113,76,0,0,4,2,0,1,0,0,1,0,0,0,0,0,1,0,0,0,8,10,1,2,0,3,0,0,57,0,0,1,3,2,0,6,2,1,0,0,0,3,0,0,0,5,1,10,1,0,0,0,0,1,0,1,0,0,0,0,0,0,0,0,0,1,0,0,0,4,0,0,0,0,0,1,0,2,0,0,3,0,0,0,0,0,0,0,0,0,2,15,0,0,0,3,15,0,0,0,0,56,0,0,0,0,2,0,4,0,0,0,0,0,0,3,0,0,5,1,0,0,0,0,0,2,0,6,1,0,0,0,0,0,0,0,0,0,0,0,0,0,0,0,0,0,0,0,0,1,0,0,0,0,1,0,0,0,0,0,0,0,0,0,0,0,0,0,0,0,0,0,0,0,0,0,0,1,0,0,0
3067542400007200140,95,0,0,1,4,0,1,0,1,2,0,0,0,0,0,7,0,0,0,13,14,0,5,5,5,0,1,55,0,0,0,2,1,0,5,2,0,2,0,0,2,0,1,0,1,2,8,1,0,0,0,0,0,1,0,0,1,1,0,0,0,0,0,0,8,0,0,0,8,0,0,0,0,0,1,0,11,0,0,6,0,0,0,0,1,0,0,0,1,1,23,0,0,0,4,4,3,1,0,0,65,0,0,0,1,2,0,2,0,0,0,0,1,1,0,1,0,5,1,0,0,0,2,0,3,0,0,1,1,0,0,0,0,1,0,1,0,0,1,0,0,0,0,0,0,0,0,0,0,0,0,0,0,1,0,0,0,0,0,0,2,1,0,1,0,0,0,0,0,0,0,0,0,0,2,0,0,0,0,1
3067542400007200170,143,0,0,2,0,0,4,1,0,8,0,2,0,0,0,1,0,0,0,0,1,0,1,0,1,0,0,2,1,0,1,3,0,0,11,0,0,0,0,9,1,1,0,2,1,10,10,14,0,0,0,0,0,1,3,0,0,0,3,0,1,0,0,0,6,2,0,0,0,0,2,0,0,0,0,0,4,0,1,0,0,0,0,2,0,0,0,0,1,0,12,0,0,0,1,2,1,0,0,0,56,0,2,0,0,0,0,33,0,0,0,0,2,12,1,0,1,2,1,0,0,9,0,1,17,1,1,4,0,4,1,1,0,0,0,0,0,0,0,0,0,0,0,1,0,0,0,0,0,0,1,0,0,1,0,0,0,0,0,0,0,0,0,0,0,0,0,0,0,0,0,0,0,0,0,2,0,1,0,0
3067542400007200174,22,0,0,0,1,0,1,0,0,1,0,0,0,0,0,0,0,0,1,5,11,0,0,1,2,0,0,20,0,0,0,1,0,0,4,0,0,1,0,0,0,0,0,0,2,1,6,0,0,0,0,0,0,1,0,0,0,0,0,0,0,0,0,0,1,0,0,0,2,0,0,1,1,0,0,0,2,0,0,2,0,0,0,0,0,0,0,0,0,1,5,0,0,1,1,2,0,0,0,0,35,0,0,1,0,5,0,5,0,0,0,0,0,0,0,0,0,0,0,0,0,0,0,1,0,0,0,0,1,0,0,0,1,0,0,0,0,0,0,0,0,0,0,0,0,0,0,0,0,0,1,1,0,0,0,0,0,0,0,0,1,0,0,0,0,0,0,0,0,0,0,0,0,0,0,0,0,0,0,0
3067542400007200192,51,0,0,0,0,0,1,0,0,1,0,0,0,0,0,4,0,0,0,4,15,0,1,2,4,0,0,38,0,0,0,1,2,0,6,0,0,1,0,0,3,0,0,0,0,1,4,0,0,0,0,0,0,0,0,0,0,0,0,0,0,0,0,0,3,0,0,0,8,0,2,0,0,0,0,0,1,0,0,7,0,0,1,2,0,0,0,0,0,2,18,0,0,0,3,2,0,0,0,0,52,2,0,0,0,3,0,4,0,0,0,0,0,0,0,0,0,4,1,0,1,2,2,0,1,0,0,0,0,0,1,1,0,0,0,0,0,0,0,0,0,0,0,0,0,0,1,0,0,0,0,0,0,0,0,0,0,0,0,0,0,0,0,0,0,0,0,0,0,0,0,0,0,0,0,0,0,0,0,0
3067542400007200210,50,0,0,1,0,0,0,0,0,2,0,0,0,0,0,3,0,0,0,12,3,0,2,1,1,0,0,20,0,0,0,1,2,0,4,1,0,0,0,0,2,0,0,0,0,1,3,3,0,1,0,0,0,0,0,0,1,0,0,0,0,0,0,0,3,0,0,0,1,0,0,0,0,0,0,1,2,0,0,2,0,0,0,0,0,0,1,1,0,1,16,0,0,0,1,6,1,0,0,0,38,0,0,0,0,2,0,3,0,0,0,0,0,0,0,0,0,2,1,0,0,0,0,0,1,0,0,0,0,0,0,0,0,0,0,0,0,0,0,0,0,0,0,0,1,0,0,0,0,0,0,0,0,0,0,0,0,0,0,0,0,1,0,0,0,0,0,0,0,0,0,0,0,0,0,0,0,0,0,0
3067542400007200220,36,1,0,1,0,0,0,0,0,1,0,0,0,0,0,1,0,1,0,12,4,0,0,1,1,1,0,41,0,0,0,0,0,0,2,0,0,1,0,1,2,0,0,0,1,1,2,1,0,0,0,0,0,0,0,0,1,0,0,0,0,0,0,0,1,0,0,0,0,0,0,0,0,1,0,0,0,0,0,0,0,1,0,0,1,0,0,1,0,1,12,0,0,0,0,0,0,0,0,0,39,0,0,0,0,2,0,0,0,0,0,0,0,0,1,0,0,3,1,0,0,0,0,0,1,0,1,1,0,0,0,1,0,0,0,0,0,0,0,0,0,0,0,0,0,0,0,0,0,0,0,0,0,0,1,0,0,0,0,0,0,0,0,0,0,0,0,0,0,0,0,0,0,0,0,0,0,0,0,0
3067542400007200232,81,0,0,0,1,0,1,0,0,9,0,0,1,0,1,1,0,0,0,19,7,0,1,6,2,1,0,30,0,0,0,4,4,0,18,1,1,0,0,0,7,0,3,0,1,4,14,7,0,1,0,0,1,0,0,1,0,0,0,0,2,1,0,0,7,0,0,0,9,0,1,1,0,0,3,0,7,0,0,10,0,1,0,0,1,0,0,0,1,7,77,0,0,0,8,0,1,0,0,2,40,0,0,0,2,13,0,9,0,0,0,0,0,0,0,0,0,16,7,0,1,0,3,0,5,0,0,0,1,2,0,0,3,0,0,0,0,1,0,0,0,0,1,0,0,0,0,0,0,0,0,0,0,0,0,0,0,0,0,0,0,0,0,0,0,1,1,0,0,1,0,1,0,0,1,0,0,0,0,0
3067542400007300003,29,0,1,0,0,0,0,0,0,0,0,0,0,0,0,1,0,0,0,3,6,0,1,1,3,0,0,17,0,0,0,2,2,0,1,1,0,1,0,0,1,0,0,0,1,0,6,0,0,0,0,0,0,0,0,0,0,1,0,0,0,0,0,0,1,0,0,0,2,0,0,1,0,0,0,0,0,0,0,2,0,0,0,0,0,0,0,0,1,0,10,0,0,0,0,1,0,0,0,0,29,0,0,0,0,0,0,1,0,0,0,0,0,0,0,0,0,5,0,0,1,0,0,0,0,0,1,0,0,0,0,0,0,0,0,0,0,0,0,0,0,0,0,0,0,0,0,0,0,0,0,0,0,0,0,0,0,0,0,0,3,0,0,0,0,0,0,0,0,0,0,0,0,0,0,0,0,0,0,0
3067542400017200593,10,0,0,4,0,0,0,0,0,0,0,0,0,0,0,5,0,0,0,6,4,0,1,0,1,0,0,11,0,0,0,1,0,0,2,0,0,1,0,0,1,0,0,0,2,0,3,0,0,0,0,0,1,0,0,0,0,0,0,0,0,0,0,0,3,3,0,0,3,0,0,0,0,0,0,0,0,0,0,1,0,0,0,0,0,0,0,0,0,1,19,0,0,0,0,0,1,0,0,0,9,0,0,0,0,1,0,1,0,0,0,0,0,0,1,0,0,15,6,0,0,0,0,0,1,0,0,0,0,0,0,0,0,0,0,0,0,0,0,0,0,0,0,0,0,0,0,0,0,0,0,0,0,0,0,0,0,0,0,0,0,0,0,0,0,0,0,0,0,0,0,0,0,0,0,0,0,0,0,0
3067542400017200641,37,16,0,4,0,0,0,0,0,0,0,0,0,0,0,9,0,0,0,9,1,0,0,0,12,1,0,29,0,0,0,0,0,0,2,0,0,0,1,0,0,1,1,0,0,1,15,28,0,0,1,0,1,0,1,0,0,0,0,0,0,0,0,0,0,1,0,0,3,2,0,1,0,0,0,0,0,0,0,3,0,1,0,1,1,0,0,0,2,2,29,0,0,0,0,1,0,0,0,0,24,0,0,0,0,0,1,0,0,0,0,0,0,0,1,0,0,9,90,0,1,0,0,0,2,4,0,0,3,0,0,0,0,0,0,0,0,0,0,0,1,0,0,0,0,0,1,0,0,0,0,0,0,0,0,0,0,0,0,0,1,0,0,2,1,1,0,0,0,0,0,1,0,1,0,0,0,0,0,1
3067542400017200702,68,24,0,1,0,0,0,0,0,1,2,1,0,3,0,4,0,2,0,9,8,0,1,0,8,1,0,22,0,0,0,2,1,0,1,0,1,0,1,0,1,2,0,0,0,0,15,16,0,0,0,0,1,0,0,0,2,0,1,1,0,0,0,0,0,0,0,0,4,2,1,1,0,0,1,0,1,1,0,0,0,0,0,0,0,0,0,1,0,2,29,0,0,0,1,3,0,0,0,0,14,0,0,0,0,0,1,1,0,0,0,0,0,0,0,0,0,19,94,0,0,0,0,1,5,1,0,0,0,1,0,0,0,1,0,0,0,0,0,0,1,0,0,0,0,0,0,0,0,0,0,0,0,1,0,0,0,1,0,0,0,1,0,0,0,0,0,0,0,0,0,0,0,0,0,0,0,0,0,0
3067542400017200749,3,1,0,0,0,0,0,0,0,0,0,0,0,0,0,0,0,0,0,3,1,0,0,0,0,0,0,13,0,0,0,0,0,0,0,0,0,0,0,0,0,0,0,0,0,1,5,4,0,0,0,0,0,0,0,0,0,0,0,0,0,0,0,0,0,0,0,0,1,0,0,0,1,0,0,0,0,0,0,0,0,0,1,0,0,0,0,0,0,0,4,0,0,0,0,0,0,0,0,0,4,0,0,0,0,0,0,0,0,0,0,0,0,0,0,0,0,3,10,0,0,0,0,0,0,0,0,0,0,0,0,0,0,0,0,0,0,0,0,0,0,0,0,0,0,0,0,0,0,0,0,0,0,0,0,0,0,0,0,0,0,0,0,0,0,0,0,0,0,0,0,0,0,0,0,0,0,0,0,0
3067542400017200755,24,3,0,2,0,0,0,0,1,0,0,1,0,1,1,6,1,0,0,4,5,0,4,0,3,0,0,15,0,0,0,1,2,0,1,0,0,0,0,0,1,0,0,0,0,1,7,9,0,0,0,0,0,1,0,0,0,0,1,0,0,0,0,0,0,4,0,0,4,2,1,0,0,0,0,0,0,0,0,0,0,2,0,0,0,0,0,0,0,1,3,0,1,1,0,2,0,0,0,0,4,0,0,0,0,0,0,0,0,0,0,0,0,0,0,0,0,8,29,0,0,0,0,0,0,3,0,0,2,0,0,0,3,0,0,0,0,0,0,0,0,0,0,0,0,0,0,0,0,0,0,0,0,0,0,0,0,0,0,0,1,0,1,0,0,0,0,0,0,0,0,0,0,0,0,0,0,0,0,0
3067542400017200783,41,6,0,4,0,0,1,1,0,2,0,0,0,0,0,6,0,2,0,16,9,0,4,1,4,0,1,13,0,0,0,0,1,0,0,0,0,0,1,1,3,0,0,0,0,6,13,21,0,0,0,0,0,0,0,1,1,0,6,0,3,0,0,0,0,1,0,0,4,2,0,1,0,0,0,0,2,0,0,6,0,0,0,0,0,0,0,2,0,2,8,0,0,0,1,0,2,0,0,0,9,0,0,0,0,0,0,0,0,0,0,0,0,0,1,0,0,14,55,0,1,0,0,0,1,3,0,0,2,0,0,0,1,0,0,0,0,0,0,0,0,0,0,0,0,0,0,0,0,0,0,0,0,0,0,0,1,0,0,0,0,0,0,1,0,0,0,0,0,1,0,0,0,1,0,0,0,0,0,0
3067542400018100010,183,0,0,3,0,1,6,0,1,1,1,1,0,0,1,0,0,0,0,0,0,2,4,2,0,0,0,6,0,0,0,1,0,0,27,1,1,1,2,6,2,0,0,0,1,17,13,11,0,0,1,0,1,1,1,0,0,1,3,1,3,0,1,0,18,5,1,0,0,0,1,1,0,0,5,0,5,1,7,0,0,5,1,3,0,0,0,3,2,1,105,0,1,1,3,1,0,0,0,0,28,1,8,0,3,7,0,13,0,0,3,0,4,0,5,0,1,1,5,0,0,15,0,3,17,0,3,11,1,3,1,0,0,0,0,0,0,1,0,0,0,1,0,0,0,0,0,0,0,0,0,0,0,0,0,0,0,0,0,1,1,0,1,0,0,0,0,0,0,0,0,0,0,0,0,0,0,0,0,0
3067542400018100015,43,0,0,1,0,0,0,1,0,0,0,1,0,0,0,0,1,1,0,0,0,0,0,0,0,1,0,0,0,0,2,0,0,0,0,0,0,0,0,1,2,0,0,0,0,1,0,1,0,0,0,0,0,0,0,0,0,0,1,1,0,0,0,0,4,0,0,0,0,0,1,0,0,0,0,0,0,0,3,0,0,1,0,6,0,0,0,1,0,0,13,0,0,0,2,1,0,1,0,0,0,0,0,0,5,17,0,0,0,0,0,0,0,0,2,0,0,0,1,0,0,0,0,1,5,0,0,0,1,0,0,0,0,0,0,0,0,0,0,0,0,0,0,0,0,0,0,0,0,0,0,0,0,0,0,0,0,0,0,0,0,0,0,0,0,0,0,0,0,0,0,0,0,0,0,0,0,0,0,0
3067542400018100016,134,0,0,2,1,0,0,0,0,0,0,4,0,0,0,0,7,1,0,0,2,1,2,1,0,8,0,0,0,0,2,4,2,0,3,0,2,0,0,0,2,3,0,0,0,2,4,4,0,0,1,0,0,0,0,6,2,0,2,0,0,0,1,0,10,0,1,0,0,0,0,0,0,0,1,0,0,0,8,0,0,2,0,15,1,0,0,0,3,0,39,0,0,0,2,3,2,0,1,0,3,0,2,0,17,56,0,0,0,1,0,0,1,1,1,0,0,0,2,0,0,1,1,1,7,0,3,0,0,0,0,0,0,0,0,0,0,0,0,1,0,0,0,0,0,0,0,0,0,0,0,0,0,0,0,0,0,0,0,0,0,0,1,1,0,0,0,0,0,0,0,1,0,0,0,0,0,0,0,0
3067542400018100020,40,0,0,2,0,0,0,0,0,1,1,0,0,0,0,0,2,0,0,0,1,1,0,0,0,2,0,1,0,0,0,0,0,0,2,0,0,0,2,0,3,0,0,0,1,5,5,2,0,0,0,0,0,0,0,0,0,0,0,1,0,0,0,0,3,0,0,0,0,0,0,0,0,0,0,0,0,0,5,0,0,0,0,7,0,0,0,0,3,0,16,0,0,0,0,6,1,0,0,0,0,1,0,0,7,25,0,0,1,0,0,0,0,0,1,0,0,1,0,0,0,0,0,1,3,0,0,0,1,0,0,0,0,0,0,0,0,0,0,1,0,0,0,0,0,0,0,0,0,0,0,0,0,0,0,0,0,0,0,0,0,0,1,0,0,0,0,0,0,0,0,1,0,1,0,0,0,0,0,0
3067542400018100028,223,1,0,6,0,0,0,0,0,3,0,0,0,0,0,1,15,2,1,0,0,3,8,3,0,22,0,3,0,0,7,3,0,0,11,0,0,0,1,2,15,1,0,0,2,4,10,25,0,1,0,0,0,1,2,7,6,0,11,2,0,0,0,0,15,1,1,0,0,0,0,1,0,0,3,0,1,1,7,1,0,3,0,4,0,0,1,1,8,2,80,0,0,0,5,14,2,1,0,3,5,0,2,0,52,101,1,0,0,1,0,2,0,0,1,1,0,1,4,0,0,0,0,3,16,0,2,0,5,1,0,3,0,0,0,0,0,0,1,0,1,0,0,0,0,0,0,2,0,1,0,0,0,0,0,0,0,2,1,0,0,0,0,1,0,0,1,0,0,0,0,0,0,1,0,2,0,0,1,0
3067542400018100029,24,0,0,0,3,0,0,0,0,0,0,0,0,2,0,0,0,2,0,2,0,0,1,4,0,0,0,7,0,0,0,2,0,0,3,0,0,0,0,0,0,0,0,0,1,3,3,9,0,0,0,0,1,0,0,0,0,0,2,0,0,0,0,0,2,0,0,0,0,0,0,0,2,0,0,0,0,0,0,0,0,2,0,1,1,0,0,0,2,2,41,0,0,0,0,0,0,0,2,0,6,0,3,0,0,6,0,0,0,0,2,0,0,0,0,0,0,2,1,0,0,2,0,1,0,0,7,0,1,0,0,0,0,0,0,0,0,0,0,0,0,0,0,0,0,0,0,0,0,0,0,0,0,0,0,0,0,0,0,0,0,0,0,0,0,0,0,0,0,0,0,0,0,1,0,0,0,0,0,0
3067542400018100031,105,0,0,1,3,1,0,0,0,0,1,0,0,2,0,1,1,1,1,30,10,1,3,5,2,0,0,38,0,2,0,5,5,0,18,0,0,0,1,2,2,1,1,0,17,1,5,23,0,0,0,0,1,0,0,1,1,0,0,1,1,1,0,0,8,0,0,0,5,0,2,0,0,1,0,0,2,0,0,19,0,1,0,1,0,0,0,1,0,9,140,0,0,0,5,0,2,0,0,9,45,0,0,0,1,17,1,6,0,0,1,0,1,0,0,0,0,20,5,0,0,0,0,2,10,1,0,1,2,0,0,0,0,0,0,0,0,1,1,0,0,0,0,0,0,0,0,0,0,2,0,0,0,0,0,0,0,0,0,0,1,0,0,0,0,0,0,0,1,0,0,0,0,0,0,0,0,0,0,0
3067542400018100032,43,0,1,2,3,0,0,1,0,1,1,0,2,0,0,0,0,5,0,2,0,0,10,2,1,1,0,9,0,0,1,7,2,0,23,2,0,8,0,0,2,0,0,0,4,1,2,10,0,1,2,0,0,1,1,0,4,0,5,0,0,0,0,0,10,0,1,0,1,0,0,0,0,0,2,1,6,0,0,1,0,9,0,2,0,0,0,0,11,1,70,1,0,0,5,0,1,0,3,2,5,1,10,0,6,29,0,0,0,0,13,0,0,0,0,0,0,2,4,0,0,8,0,1,5,0,19,0,0,0,0,0,0,0,0,0,0,0,0,0,1,0,0,1,0,1,0,0,1,0,0,0,0,0,0,0,0,1,0,0,0,0,0,0,0,0,0,0,0,0,0,1,0,0,0,0,0,0,0,0
3067542400018100033,189,2,0,5,2,1,0,0,1,2,0,0,1,3,1,0,0,0,0,43,18,1,4,3,7,0,1,60,0,0,1,10,6,1,13,0,2,1,0,1,15,2,5,0,6,6,18,27,0,0,0,0,2,0,0,0,5,1,1,0,0,1,0,2,15,1,0,0,9,5,0,1,0,0,0,0,3,1,1,23,0,2,0,0,0,0,0,2,0,4,147,0,1,0,7,0,1,0,0,0,77,0,0,0,0,18,0,5,0,1,0,0,2,1,2,0,0,45,30,0,0,1,3,2,10,0,0,0,3,0,0,0,2,1,0,0,0,0,0,0,0,0,0,0,0,0,2,2,1,1,1,1,0,0,0,0,0,0,0,0,2,1,0,1,0,0,0,0,0,0,0,0,0,0,0,0,1,0,1,0
3067542400018100034,39,0,0,0,0,0,0,0,0,2,0,0,0,0,0,0,0,0,0,7,1,0,1,2,0,0,0,9,0,0,1,3,2,0,3,0,1,0,0,0,2,0,1,0,3,1,4,4,0,0,0,0,0,0,0,0,0,0,2,0,0,0,0,0,1,0,0,0,1,0,1,0,0,0,1,0,1,0,0,5,0,1,0,0,0,0,0,0,0,2,43,0,0,0,1,0,0,1,1,1,11,0,0,0,1,3,0,0,0,0,0,0,0,0,0,0,0,4,0,0,0,0,1,0,3,0,0,1,0,0,0,0,2,0,0,0,0,0,0,0,0,0,0,0,1,0,0,0,0,0,0,0,0,0,0,0,0,1,0,0,1,0,0,0,0,0,0,0,0,0,0,0,0,0,0,0,0,0,0,0
3067542400018100037,43,3,0,2,0,2,0,0,0,0,0,0,0,0,1,0,0,1,0,6,3,3,0,0,11,2,1,14,1,0,0,1,0,0,4,0,0,0,0,0,3,0,2,1,1,3,7,19,0,1,0,0,0,0,0,0,1,0,0,0,0,0,0,0,2,0,0,0,1,6,1,2,0,0,0,0,1,1,0,2,0,6,0,0,1,0,0,0,0,2,7,0,0,0,0,0,0,0,0,0,21,0,0,0,0,1,0,0,0,0,0,0,0,0,1,0,0,7,65,0,0,2,0,0,4,0,0,1,6,0,0,0,0,0,0,0,0,0,0,0,2,0,0,0,0,0,0,0,0,0,0,0,0,0,0,0,0,0,0,0,0,0,0,0,0,0,0,0,0,1,0,0,0,0,0,0,0,0,0,0
3067542400018100039,89,1,0,1,1,0,2,0,0,1,1,0,1,0,4,0,0,0,0,17,7,1,4,5,1,0,0,16,0,0,1,2,4,1,8,0,0,0,0,0,6,1,4,0,0,5,10,15,0,0,0,0,0,0,0,0,1,0,1,1,0,0,0,0,2,1,0,0,11,3,0,1,0,0,0,0,2,0,0,9,0,4,0,1,0,0,0,0,1,13,62,0,0,0,3,0,1,1,1,2,32,0,0,1,1,7,0,5,0,0,0,0,2,0,1,0,0,31,41,0,0,1,3,0,4,1,1,0,2,0,0,0,4,0,2,0,0,0,0,0,0,0,0,0,0,0,0,0,0,0,0,0,0,1,0,0,0,2,0,0,0,0,0,0,0,0,0,1,0,0,1,0,0,0,0,0,0,0,0,0
3067542400018200019,45,0,0,1,0,0,0,1,0,0,0,0,0,0,0,0,2,1,0,0,1,0,1,0,0,9,0,0,0,0,2,0,0,0,1,0,1,0,0,0,5,0,0,0,0,0,3,2,0,0,0,0,0,0,0,3,2,0,1,0,0,0,0,0,2,0,0,0,0,0,1,0,0,0,0,0,0,0,3,0,0,1,0,11,0,0,0,0,0,0,14,0,0,0,1,1,0,0,0,1,0,0,0,0,11,16,0,0,0,0,0,0,0,0,0,0,0,0,0,0,0,0,0,1,7,0,0,0,0,0,0,0,0,0,0,0,0,0,0,0,1,0,0,0,0,0,1,0,0,0,0,0,0,0,0,0,0,1,0,0,0,0,0,0,0,0,0,0,0,0,0,0,0,0,0,0,0,0,0,0
3067542400018200020,58,0,0,0,0,0,0,0,0,0,0,0,0,0,0,0,0,1,0,0,0,0,0,0,0,3,0,0,1,0,0,0,0,0,0,0,1,0,0,1,1,0,1,0,0,0,1,8,0,0,0,0,0,0,0,2,4,0,2,2,0,0,0,0,5,0,0,0,0,0,1,0,0,0,0,1,0,0,1,0,0,1,0,2,0,0,0,0,0,1,10,0,0,0,1,5,1,0,0,0,0,0,0,0,8,25,0,0,0,0,0,0,0,0,0,0,0,0,0,0,0,1,0,0,4,0,0,0,0,0,0,0,0,0,1,0,0,0,0,0,0,0,0,0,0,0,0,0,0,0,0,0,0,0,0,0,0,0,0,0,0,0,0,0,0,1,0,0,0,0,0,0,0,0,0,0,0,0,0,0
3067542400018200021,122,0,0,3,5,0,0,0,1,2,1,1,2,0,0,1,0,1,1,1,2,0,26,4,1,1,0,14,0,1,3,7,1,0,27,1,1,1,0,2,4,1,0,0,3,5,7,19,0,0,1,0,0,1,0,1,7,0,3,1,0,0,1,0,8,0,2,0,0,0,0,0,0,1,1,0,13,0,9,2,0,30,1,6,0,1,0,1,35,0,247,0,0,0,16,5,1,0,3,5,22,0,19,2,11,47,0,0,0,2,8,0,2,2,0,0,0,4,1,0,0,16,0,2,13,0,9,4,0,5,0,3,0,0,0,0,1,0,0,0,0,2,0,0,1,0,0,0,0,0,0,1,0,0,0,0,1,1,0,2,0,0,0,0,0,1,0,0,0,0,0,1,0,2,0,1,0,1,0,0
3067542400018200022,65,0,0,0,2,0,1,0,0,0,0,1,1,0,0,0,0,2,0,1,0,2,12,1,1,0,1,3,1,0,0,3,2,0,21,1,0,2,0,1,1,0,1,1,12,2,3,9,0,0,2,0,0,0,0,0,5,0,1,0,1,1,0,0,10,0,1,0,1,0,1,0,1,0,0,2,7,0,2,1,1,9,0,0,0,0,0,0,15,0,153,0,0,0,6,1,2,0,5,5,15,0,10,1,12,18,0,2,0,1,10,0,0,0,2,1,1,2,0,0,0,16,0,1,9,0,12,0,2,0,0,0,0,0,0,0,0,0,0,0,1,0,0,1,0,0,0,0,0,1,0,0,0,0,0,1,0,0,0,1,0,0,0,0,0,0,0,0,0,0,0,0,0,0,0,0,0,0,1,0
3067542400018200023,55,0,0,2,0,0,0,0,0,0,0,0,0,0,0,0,1,2,0,0,0,1,1,0,0,6,0,3,1,0,2,1,0,1,1,0,0,0,0,1,1,0,0,0,0,1,3,7,0,0,0,0,0,0,0,1,1,0,3,0,0,0,0,0,6,1,0,0,0,0,0,0,0,1,0,0,0,0,1,1,0,0,0,6,0,0,1,1,0,0,24,0,0,0,3,3,2,0,0,4,1,0,0,0,13,44,0,0,0,0,1,0,0,0,1,0,0,0,0,0,0,0,0,0,5,0,0,0,0,0,0,0,0,0,0,0,0,0,0,0,0,0,0,0,0,0,0,0,0,0,3,0,0,0,0,0,0,1,0,0,0,0,0,0,0,0,0,0,0,0,0,0,1,1,0,0,0,0,0,0
3067542400018200025,95,0,0,1,0,0,1,0,0,1,0,2,0,0,0,0,5,1,0,0,0,2,5,1,0,13,0,0,0,0,1,1,1,1,1,0,1,0,0,0,2,1,0,0,0,2,1,5,0,0,0,0,0,0,0,5,0,0,4,0,0,0,0,0,5,1,0,0,0,0,0,2,0,0,0,0,0,0,2,1,0,0,0,4,0,0,1,0,2,0,26,0,0,0,3,10,1,0,2,1,0,0,1,0,20,34,1,0,0,0,0,0,0,0,0,0,0,2,2,0,0,0,1,2,6,1,2,1,1,0,0,1,0,0,0,0,0,0,0,0,0,0,0,0,0,0,1,0,0,1,0,1,0,0,0,0,0,0,0,0,0,0,0,0,0,0,0,0,0,0,0,0,0,0,0,0,0,0,0,0
3067542400018200028,35,0,0,1,2,0,0,1,0,0,0,0,0,0,0,0,0,2,0,1,1,0,3,3,0,0,0,1,1,0,0,0,1,0,4,0,1,0,0,0,1,1,0,0,2,2,2,5,0,0,0,0,0,0,0,0,2,0,1,0,0,0,0,0,0,0,1,0,0,0,1,0,0,0,0,0,4,0,0,3,0,1,0,1,1,0,0,0,3,0,42,0,0,0,1,0,0,0,1,1,9,0,4,0,1,2,0,1,0,0,5,0,0,0,1,0,0,1,0,0,0,1,0,0,0,0,4,0,0,1,0,0,0,1,0,0,0,0,0,0,0,0,0,0,0,0,0,0,1,0,0,0,0,0,0,0,0,1,0,0,0,1,0,0,0,0,0,0,0,1,0,0,0,0,0,0,0,0,0,0
3067542400018200029,54,0,1,1,2,0,0,0,0,0,0,0,1,0,1,0,0,1,0,1,0,0,2,1,0,0,0,10,2,0,1,3,0,0,5,0,0,0,0,0,1,0,1,0,6,0,4,12,0,0,0,0,0,0,0,1,2,0,0,1,0,0,0,0,2,1,0,0,0,1,0,0,0,0,1,0,1,0,3,1,1,6,0,0,0,0,0,0,7,0,36,0,0,1,3,1,0,1,2,5,6,1,5,0,5,10,0,0,0,0,5,0,0,0,1,0,0,5,3,0,0,7,0,1,4,0,27,0,0,0,0,0,0,0,0,0,0,0,0,0,0,0,0,0,0,0,0,0,0,0,0,1,0,0,0,0,0,1,1,0,1,0,0,0,0,0,0,0,0,0,0,0,0,0,0,0,0,0,0,0
3067542400018200035,20,0,0,1,1,0,0,0,0,0,0,0,1,1,0,0,0,1,0,10,4,0,2,1,0,0,1,0,0,0,0,2,2,0,5,0,0,0,0,0,2,0,1,0,0,3,4,4,0,0,0,0,1,0,0,2,0,0,0,0,0,0,0,1,2,0,0,0,4,0,0,0,0,0,0,0,1,0,0,7,0,0,0,0,0,0,0,0,0,2,40,0,0,0,3,0,1,0,0,0,5,0,0,0,1,5,0,0,0,1,0,0,0,0,0,0,0,3,1,0,0,2,0,2,1,0,0,1,1,0,0,2,1,0,0,0,0,0,1,0,0,0,1,0,0,0,0,0,0,0,0,0,0,0,0,0,0,0,0,0,0,0,0,0,0,0,0,0,0,0,0,0,0,0,0,0,0,0,0,0
3067542400018200037,11,0,0,0,1,0,0,0,0,0,0,0,0,1,0,0,0,0,0,0,0,0,1,0,0,0,0,1,0,0,0,0,0,0,1,0,0,0,0,0,0,0,0,0,0,1,0,2,0,0,0,0,0,0,0,0,0,0,0,0,0,0,0,0,0,0,1,0,0,0,0,0,0,0,0,0,1,0,0,0,0,0,0,1,0,0,0,1,1,0,14,0,0,0,1,1,1,0,0,1,2,0,1,0,1,4,0,0,0,0,3,0,0,0,0,0,0,1,0,0,0,1,0,1,2,0,10,0,0,1,0,0,0,0,0,0,0,0,0,0,0,0,0,0,0,0,0,0,0,0,0,0,0,0,0,0,0,0,0,0,0,0,0,0,0,0,0,0,0,0,0,0,0,0,0,0,0,0,0,0
3067542400018200042,67,1,0,2,0,0,2,0,1,2,0,0,1,0,1,0,0,1,1,20,5,0,5,3,1,0,0,6,0,0,1,2,2,0,5,0,0,1,0,0,6,1,0,0,2,1,10,6,0,1,0,0,1,0,0,2,0,0,1,0,0,0,0,0,3,0,0,0,4,2,0,1,0,0,0,0,1,0,0,10,1,0,0,0,0,0,0,0,0,3,48,0,2,0,4,0,4,1,0,1,24,0,0,0,0,20,0,1,0,1,0,0,1,0,2,1,0,25,6,0,0,1,2,0,1,0,0,0,1,0,0,0,0,0,0,0,0,0,0,0,0,0,0,0,0,0,0,0,0,0,0,0,0,0,0,0,0,1,1,0,0,0,0,0,0,0,0,0,0,0,0,0,0,0,0,0,0,0,0,0
3067542400018200044,25,1,0,0,0,0,1,0,0,0,1,0,0,0,0,1,0,0,0,6,3,0,0,1,2,0,0,10,0,0,0,0,0,0,1,1,0,0,0,0,2,0,1,0,1,1,6,3,0,0,0,0,0,0,0,0,0,1,0,0,0,0,1,0,0,0,0,0,2,2,0,0,0,0,1,0,0,0,0,1,0,1,0,0,1,0,0,1,0,4,15,0,0,0,0,0,0,0,0,0,12,0,0,0,0,4,0,0,0,0,0,0,0,0,0,0,0,8,31,0,1,0,0,0,2,0,0,0,1,0,0,0,2,0,0,0,0,0,0,0,0,0,0,0,0,0,1,0,0,0,0,0,0,0,0,0,0,1,0,0,0,1,0,0,0,0,0,0,0,0,0,0,0,0,0,1,0,0,0,0
3067542400018200045,13,5,0,3,0,0,0,0,0,0,0,0,0,0,0,0,0,2,0,0,0,0,0,1,7,0,0,6,3,1,0,0,1,0,0,0,0,0,0,0,1,1,0,0,0,1,11,33,0,0,0,0,0,0,0,0,2,0,1,0,0,0,0,0,2,0,0,0,0,3,0,1,0,0,0,0,0,0,0,0,0,11,0,0,0,0,0,1,3,7,3,0,0,0,0,0,2,0,0,0,11,0,0,0,0,0,0,0,0,0,1,1,0,0,3,0,0,0,70,0,0,0,0,0,8,0,0,0,11,0,0,0,1,0,0,0,0,0,0,0,1,0,0,0,0,0,0,0,0,0,0,0,0,1,0,0,0,0,0,0,0,1,0,0,0,0,0,0,0,0,0,0,0,1,0,0,0,0,0,0
3067542400018200047,8,2,0,0,0,1,0,0,0,0,2,0,0,0,0,0,0,0,0,1,0,0,1,0,2,0,0,3,1,0,0,0,0,0,0,0,0,0,0,0,0,1,0,0,0,0,1,3,0,0,0,0,0,0,0,0,1,0,0,0,0,0,0,0,0,0,0,0,0,1,1,0,0,0,0,0,0,0,0,0,0,2,0,0,0,0,0,0,0,2,0,0,0,0,0,0,0,0,0,0,6,0,0,0,0,0,0,0,0,0,0,0,0,1,0,0,0,0,19,0,0,0,0,0,1,0,0,0,1,0,1,0,0,0,0,0,0,0,0,0,0,0,0,0,0,0,0,0,0,0,0,0,0,0,0,0,0,0,0,0,0,0,0,0,0,0,0,0,0,0,0,0,0,0,0,0,0,0,0,0
3067542400019100011,20,0,0,1,0,0,0,0,0,0,0,0,0,0,0,0,0,0,0,0,0,0,0,0,2,0,0,4,0,0,0,0,1,0,0,1,0,0,1,0,0,0,0,0,0,1,2,1,1,0,0,0,0,0,0,0,3,0,0,0,0,0,0,0,1,0,0,0,0,1,0,0,0,0,0,1,0,0,0,0,0,0,0,0,0,0,0,0,0,1,4,0,0,0,0,0,0,0,0,0,10,0,0,0,0,0,0,0,0,0,0,0,0,0,0,0,0,3,32,0,0,1,0,0,2,1,1,0,1,0,0,0,0,0,0,0,0,0,0,0,0,0,0,0,0,0,0,0,0,0,0,0,0,0,0,0,0,0,0,0,0,0,0,0,0,0,0,0,0,0,0,0,0,0,0,0,0,0,0,0
3067542400019100013,7,1,0,1,0,1,1,0,0,0,0,0,0,0,0,2,0,0,1,3,1,0,0,0,0,0,1,35,0,0,0,0,0,0,0,0,0,0,0,0,0,0,0,0,0,0,0,0,0,0,0,0,0,0,0,0,0,0,0,0,0,0,0,0,0,0,0,0,0,0,0,0,0,0,0,0,0,0,0,0,0,0,0,0,0,0,0,0,0,1,4,0,0,0,0,2,0,1,1,0,36,0,0,0,0,0,0,0,0,0,0,0,0,0,0,0,0,1,0,0,0,0,0,1,0,0,0,0,0,0,0,0,0,0,0,0,0,0,1,0,0,0,0,0,0,0,0,0,0,0,0,0,0,0,0,0,0,0,0,0,0,0,0,0,0,0,0,0,0,0,0,0,0,0,0,0,0,0,0,0
3067542400019100014,101,0,0,3,2,3,1,0,0,6,0,2,0,1,0,2,0,2,1,23,7,1,2,5,4,0,0,18,0,1,0,1,5,0,4,0,2,0,0,0,3,2,4,0,8,4,8,17,0,0,0,0,0,1,0,0,0,0,2,0,1,0,0,1,3,0,0,0,5,1,0,0,0,0,0,1,2,0,0,6,0,0,2,0,0,0,0,0,0,3,48,0,0,0,9,0,3,0,0,0,20,1,0,0,2,11,0,4,0,1,0,1,2,0,1,0,0,9,8,0,0,0,4,0,5,0,0,1,2,0,0,0,0,0,0,1,0,0,0,0,0,0,0,1,0,0,0,0,0,0,0,0,0,0,0,0,0,0,0,0,0,1,0,0,0,0,0,0,0,0,1,0,0,1,0,0,0,0,0,0
3067542400019100021,35,2,0,4,0,5,0,0,0,1,0,0,1,0,0,5,0,0,0,5,2,0,2,1,0,1,1,10,0,0,0,2,0,0,0,3,1,0,0,0,0,1,0,0,1,2,1,2,0,0,0,0,0,0,0,0,0,0,0,0,0,0,0,3,0,0,0,0,2,0,0,0,1,1,0,1,0,0,0,1,0,0,0,0,0,0,0,0,0,1,16,0,1,0,1,1,0,0,0,1,17,0,0,0,1,1,0,1,0,0,0,0,0,0,0,1,0,1,2,0,0,0,1,0,2,0,0,0,0,0,0,0,0,0,0,0,0,0,0,0,0,0,0,0,0,0,0,0,0,0,0,0,0,1,0,0,0,0,0,0,0,0,0,0,0,0,0,0,0,0,0,0,0,0,0,0,0,0,0,0
3067542400019100026,28,3,0,2,0,1,0,0,0,1,0,0,0,1,0,2,0,0,0,8,2,0,2,0,2,0,1,43,0,0,0,1,0,0,0,0,0,0,0,0,0,2,1,0,1,1,3,2,0,0,0,0,0,0,0,0,2,0,0,1,0,0,0,0,1,1,0,1,1,0,0,0,0,0,0,0,1,0,0,1,0,2,1,0,0,0,0,0,0,2,6,0,0,0,1,1,0,0,0,0,23,0,1,0,0,0,0,0,0,0,0,0,0,0,0,3,1,4,18,0,0,0,0,0,3,0,0,0,1,0,0,0,0,0,0,3,0,0,0,0,0,0,0,0,0,0,1,0,0,0,0,0,0,0,0,0,0,1,0,0,1,0,0,0,0,0,0,0,1,0,0,0,0,0,2,0,0,0,0,0
3067542400019100037,51,14,0,1,1,0,1,0,0,1,1,0,1,3,2,3,0,1,0,17,7,0,6,2,8,0,2,51,1,0,0,1,1,0,1,2,0,2,0,1,2,3,0,0,17,2,14,16,0,0,0,0,1,1,0,0,0,0,0,1,0,0,0,0,1,0,0,0,6,2,1,2,0,0,0,0,2,1,0,7,0,2,1,1,0,0,1,1,0,5,27,0,0,0,4,7,1,0,1,1,37,0,0,0,0,3,0,2,0,3,0,0,0,0,1,0,0,18,52,0,0,0,0,0,8,0,0,0,3,0,1,0,0,0,0,0,0,0,1,0,2,0,0,0,0,1,0,1,0,0,0,0,0,0,0,0,0,0,0,0,3,0,0,1,0,0,0,0,0,1,0,0,1,0,0,0,0,0,0,0
3067542400019100039,34,7,0,0,0,1,0,0,1,1,0,0,0,2,0,2,0,1,1,11,8,0,1,2,17,0,1,36,1,0,1,2,1,0,2,0,0,1,0,0,4,0,0,0,5,1,9,11,1,0,0,0,0,0,0,0,2,1,0,0,0,0,0,0,2,5,0,0,3,3,0,0,0,0,1,0,0,0,0,2,0,7,1,0,1,0,0,1,0,4,22,0,0,0,2,2,1,0,0,0,29,0,0,0,0,1,0,2,1,2,0,0,0,0,0,0,0,19,67,0,0,1,0,0,7,2,0,0,2,0,1,0,0,0,0,1,0,0,0,0,0,0,0,0,0,1,1,0,0,1,0,0,0,0,0,0,0,0,0,0,1,0,0,2,0,0,0,0,0,0,0,0,0,0,0,0,0,0,0,0
3067542400019100040,2,2,0,0,0,0,0,0,0,0,0,0,0,0,0,0,0,0,0,1,0,0,0,0,0,0,0,1,0,0,0,0,0,0,0,0,0,0,0,0,0,0,1,0,0,0,2,3,0,0,0,0,0,0,0,0,0,0,0,0,0,0,0,0,0,0,0,0,0,0,0,1,0,0,0,0,0,0,0,0,0,0,0,0,0,0,0,0,0,0,7,0,0,0,1,0,0,0,0,0,3,0,0,0,0,0,0,0,0,0,0,0,0,0,1,0,0,0,9,0,0,0,0,0,0,0,0,0,0,0,0,0,0,0,0,0,0,0,0,0,0,0,0,0,0,0,0,0,0,0,0,0,0,0,0,0,0,0,0,0,0,0,0,0,0,0,0,0,0,0,0,0,0,0,0,0,0,0,0,0
3067542400019100071,4,3,0,0,0,0,0,0,0,0,0,0,0,0,0,0,0,1,0,0,0,0,1,0,2,0,0,1,0,0,0,0,0,0,0,0,0,0,0,0,0,0,0,0,0,1,1,2,0,0,0,0,0,0,1,0,1,0,1,0,0,0,0,0,0,0,0,0,0,2,0,0,0,0,0,0,0,0,0,0,0,1,0,0,0,0,0,0,0,0,0,0,0,0,0,0,0,0,0,0,0,0,0,0,1,1,0,1,0,0,0,0,0,0,0,0,0,0,16,0,0,0,0,0,0,0,0,0,0,0,0,0,0,0,0,0,0,0,0,0,0,0,0,0,0,0,0,0,0,0,0,0,0,0,0,0,0,0,0,0,0,0,0,0,0,0,0,0,0,0,0,0,0,0,0,0,0,0,0,0
3067542400019100098,10,12,0,3,0,0,0,0,0,1,0,0,0,0,0,0,0,1,0,0,0,0,0,0,1,0,0,4,0,0,0,0,0,0,0,0,0,0,0,0,0,1,0,0,0,1,2,5,0,0,0,0,0,0,0,0,1,0,1,0,2,0,0,0,0,0,0,0,1,5,0,0,0,0,0,0,0,0,0,2,0,0,0,0,0,0,1,0,0,0,0,0,1,0,1,0,1,0,0,0,4,0,0,0,1,1,0,0,0,0,0,0,0,0,1,0,0,0,25,0,0,0,0,1,2,3,0,0,0,0,0,0,0,0,0,0,0,0,0,0,0,1,0,0,0,0,0,0,0,2,0,0,0,0,0,0,0,0,1,0,0,0,0,0,0,0,0,0,0,0,0,0,0,0,0,0,0,0,0,0
3067542400019200017,24,0,0,1,0,0,0,0,0,1,0,0,0,0,0,2,0,0,0,2,2,0,1,2,3,0,0,16,0,0,0,0,1,0,1,0,0,0,0,0,0,0,0,0,0,0,2,4,0,0,0,0,0,0,0,0,1,0,0,0,0,0,0,0,0,0,0,0,0,0,0,1,0,0,0,0,0,0,0,4,0,0,1,0,0,0,0,0,0,0,7,0,0,0,0,0,0,0,0,0,19,0,0,0,0,0,0,0,0,1,0,0,0,0,0,1,0,4,0,0,0,0,0,0,2,0,0,0,0,1,0,0,1,0,0,0,0,0,0,0,0,0,0,0,0,0,0,0,0,0,0,0,0,0,0,0,0,0,0,0,1,0,0,0,0,0,0,0,0,0,0,0,0,0,0,0,0,0,0,0
3067542400019200019,31,0,0,1,2,0,3,0,0,3,0,0,0,0,0,1,0,0,0,8,1,0,0,1,1,0,0,18,0,0,1,1,3,0,3,0,0,0,0,0,3,0,0,0,0,1,4,8,0,0,0,0,0,0,0,0,1,1,1,0,0,0,0,0,3,0,1,0,3,0,0,1,0,0,0,0,0,0,0,3,0,0,0,0,0,0,0,1,0,2,26,0,0,0,6,0,1,0,0,0,30,0,1,0,0,10,0,0,0,0,0,0,1,0,0,0,0,8,2,0,0,0,1,0,3,0,0,1,1,0,0,0,1,0,0,0,0,0,1,0,0,0,0,0,0,0,0,0,0,0,0,1,0,0,0,0,0,1,0,0,0,0,1,0,0,0,0,0,0,0,0,0,0,1,0,0,0,0,0,0
3067542400019200031,50,4,0,0,0,0,1,0,0,2,0,1,0,0,0,1,0,0,0,9,1,0,1,3,1,0,0,10,0,0,1,1,3,0,7,0,0,0,0,1,3,3,2,0,0,0,7,15,0,0,0,0,0,1,0,0,3,0,0,0,1,0,1,0,6,0,0,0,3,3,1,0,0,0,0,1,2,0,0,5,0,3,0,2,0,0,0,0,0,2,49,0,0,0,5,0,0,0,0,0,13,0,0,0,1,7,0,2,0,0,0,0,1,0,0,0,0,7,15,0,0,1,0,0,2,0,0,0,1,0,2,0,1,0,1,0,0,0,0,1,0,0,0,0,0,0,0,0,1,0,0,0,0,0,0,1,0,0,0,0,0,0,0,0,0,0,0,0,0,0,0,0,0,0,0,2,0,0,0,0
3067542400019200035,10,0,0,0,0,0,0,0,0,0,0,0,0,0,0,0,0,0,0,4,0,0,0,0,2,0,0,6,0,0,0,1,0,0,0,0,0,0,0,0,2,0,0,0,1,1,2,0,0,0,0,0,0,0,0,0,0,0,0,0,0,0,0,0,1,0,0,0,0,0,0,0,0,0,0,0,1,0,0,2,0,0,0,0,0,0,0,0,2,0,8,0,0,0,1,0,0,0,0,0,9,0,0,0,0,2,0,0,0,0,0,0,0,0,0,0,0,6,3,0,0,0,1,0,1,0,1,0,0,0,0,0,0,0,0,0,0,0,0,0,0,0,0,1,1,0,0,0,0,0,0,0,0,0,0,0,0,0,0,1,0,0,0,0,0,0,0,0,0,0,0,0,0,0,0,0,0,0,0,0
3067542400019200036,44,0,0,1,0,10,0,0,0,2,1,0,0,0,0,5,0,0,1,3,8,0,3,0,3,0,0,25,0,0,0,0,0,0,1,2,0,0,0,0,1,0,1,0,2,2,3,0,0,0,0,0,0,1,0,0,0,1,0,0,1,0,0,2,0,0,0,0,3,0,0,0,0,0,0,0,2,0,1,3,1,0,0,2,0,0,0,1,0,3,21,0,0,0,2,1,0,0,0,0,41,0,0,0,0,2,0,1,0,0,0,0,0,0,0,0,0,7,2,0,0,0,0,0,0,0,0,0,0,0,0,0,0,0,0,0,0,0,0,0,2,0,0,0,0,0,0,0,0,0,0,0,0,0,0,0,0,0,0,0,0,0,0,0,0,0,0,0,0,0,0,0,0,1,0,0,0,0,0,0
3067542400019200042,117,6,0,0,2,0,0,1,0,8,0,0,0,1,1,0,0,2,0,25,9,1,1,1,9,0,0,25,0,0,0,7,3,0,8,2,1,1,1,0,7,1,7,0,0,4,19,25,1,0,0,0,0,0,0,2,2,2,0,1,0,0,1,0,7,1,1,0,3,7,0,2,0,1,0,0,0,1,0,12,0,4,0,0,0,0,0,2,0,11,70,0,0,0,3,0,0,0,0,3,50,0,0,0,2,15,0,1,0,1,0,0,0,0,1,0,0,29,69,0,0,2,1,1,8,1,0,2,3,0,1,1,0,0,0,1,0,0,1,0,1,0,0,1,1,0,2,0,0,1,1,0,0,0,0,0,0,1,0,0,2,0,0,0,0,0,1,0,0,0,0,0,0,1,0,0,0,0,0,1
3067542400019200043,56,0,0,1,0,10,0,0,0,1,0,0,0,0,0,3,0,1,0,3,7,0,0,1,2,0,1,19,1,1,0,3,1,0,0,1,0,0,0,0,0,0,0,1,2,3,3,3,0,0,0,0,0,1,0,0,0,0,0,0,0,0,0,2,0,0,0,0,5,3,0,1,0,0,0,0,1,0,0,0,0,1,0,0,0,0,0,0,0,6,13,0,0,0,1,0,1,0,0,0,32,0,0,0,1,1,0,1,0,1,0,0,0,0,0,1,0,9,3,0,0,0,0,0,1,0,0,0,1,0,0,0,0,0,0,0,0,0,0,0,0,0,0,0,0,1,1,0,0,0,0,0,0,0,0,0,0,0,0,0,0,0,0,0,0,0,0,0,0,0,0,0,0,0,0,0,0,0,0,0
3067542400019200048,127,5,0,7,0,28,0,0,0,6,0,0,1,0,0,11,1,1,0,7,12,0,0,2,7,0,1,29,0,2,2,1,0,0,4,2,0,1,0,7,1,0,0,1,1,2,9,15,0,0,0,0,2,0,0,0,1,0,1,1,0,0,0,2,2,0,0,0,8,3,4,1,0,0,1,1,1,0,1,2,1,1,0,0,0,0,0,3,0,6,7,0,0,0,1,0,1,0,1,0,61,0,0,1,0,1,0,2,0,0,0,0,0,0,4,1,1,22,39,0,0,2,0,0,3,0,0,3,0,0,0,0,0,0,0,0,0,0,1,0,1,0,1,2,0,0,2,0,1,0,0,0,0,1,0,0,0,0,0,0,0,0,0,1,0,0,0,0,0,0,0,0,1,2,0,0,0,0,0,0
3067542400019200050,38,0,0,2,0,0,0,0,0,0,0,0,0,0,0,0,0,0,0,10,2,0,3,6,2,0,0,6,0,0,0,2,3,0,8,0,0,2,0,2,1,0,2,1,2,0,6,5,0,0,0,0,0,0,0,0,2,0,2,0,0,0,0,0,4,0,0,1,2,3,0,2,0,0,0,0,2,1,1,5,0,2,1,0,0,0,0,0,1,5,29,0,0,0,2,0,0,0,0,1,15,0,0,0,0,4,0,1,0,0,0,0,0,0,0,0,0,15,19,0,0,0,0,1,8,1,0,3,2,0,1,0,1,0,0,0,0,1,0,0,0,0,0,0,0,0,1,1,0,0,0,0,0,0,0,1,0,1,0,0,0,2,0,0,0,0,0,0,0,0,0,0,1,0,0,0,0,0,1,0
3067542400019200056,76,1,0,2,2,1,0,0,0,1,0,0,1,1,0,0,0,1,1,18,5,1,3,4,3,0,0,38,0,0,0,6,1,0,8,2,1,3,1,1,5,0,4,0,1,0,4,25,0,0,0,0,1,0,0,0,4,4,0,0,0,0,0,0,6,0,1,0,3,0,0,1,0,0,1,0,2,0,1,4,0,3,0,0,1,0,0,0,1,5,56,0,0,0,2,0,0,0,0,0,29,0,1,1,1,5,0,2,0,0,5,0,1,0,1,0,0,17,21,0,1,3,0,0,7,0,9,1,1,0,0,0,1,0,0,0,0,1,0,0,0,0,0,1,0,0,0,0,0,0,0,0,0,0,0,0,0,0,1,1,0,0,0,0,0,0,0,0,0,0,0,0,0,0,0,2,1,0,0,0
3067542400019200060,48,2,0,3,0,0,0,0,0,2,0,0,0,0,0,3,0,1,0,7,3,0,2,2,3,0,0,12,1,0,0,1,2,0,1,0,0,0,0,0,3,1,1,0,1,0,6,11,0,0,0,0,1,0,0,0,3,0,0,0,0,0,0,0,1,0,0,0,1,2,1,0,0,0,0,0,3,0,0,1,0,1,0,0,0,0,0,0,0,3,36,0,0,0,0,0,1,1,0,0,16,0,0,0,0,4,0,2,0,1,0,0,0,0,2,0,0,7,37,0,0,0,1,0,3,0,0,0,1,0,1,0,0,0,0,0,0,0,0,0,0,0,0,0,0,0,0,0,0,0,1,0,0,0,0,0,0,0,1,0,0,0,1,1,0,0,0,0,0,0,0,0,0,0,0,1,0,0,0,0
3067542400019200061,141,17,0,3,0,8,0,1,0,5,0,3,0,1,1,9,0,3,0,20,11,1,5,1,6,0,1,58,1,1,0,11,2,0,1,4,0,0,0,0,1,2,4,0,3,3,16,36,1,0,0,1,2,0,0,0,4,0,0,4,2,1,0,0,1,3,1,0,7,3,4,2,0,0,0,0,3,2,2,2,1,8,1,0,0,0,0,1,0,6,51,0,0,0,3,4,0,1,2,1,66,0,0,0,1,4,0,4,0,0,0,0,0,0,1,2,0,15,57,0,1,0,1,0,13,0,0,2,2,0,0,0,2,0,2,0,0,2,2,1,0,1,1,0,1,0,2,2,1,2,0,0,0,1,0,1,0,0,0,0,2,1,0,0,0,0,0,0,0,0,0,0,0,1,0,0,0,0,0,0
3067542400019200064,4,0,0,0,0,0,0,0,0,0,0,0,0,0,0,0,0,0,0,0,0,0,0,0,1,0,0,6,0,0,0,0,1,0,0,0,0,0,0,0,0,0,0,0,0,0,1,4,0,0,0,0,0,0,0,0,1,0,0,0,0,0,0,0,0,0,0,0,0,0,0,0,0,0,0,0,0,0,0,0,0,2,0,0,0,0,0,0,0,1,1,0,1,0,1,0,0,0,0,0,1,0,0,0,1,0,0,0,0,0,0,0,0,0,0,0,0,1,9,0,0,0,0,0,1,0,0,0,0,0,0,0,0,0,0,0,0,0,0,0,0,0,0,0,0,0,0,0,0,0,0,0,0,0,0,0,0,0,0,0,0,0,0,0,0,0,0,0,0,0,0,0,0,0,0,0,0,0,0,0
3067542400019200068,16,0,0,0,0,0,0,0,0,0,0,0,0,0,0,0,0,0,0,3,0,0,2,1,1,0,0,4,0,0,0,1,1,0,1,0,0,0,0,0,1,0,0,0,0,1,0,3,0,0,0,0,0,0,0,1,1,0,0,0,0,0,0,0,0,0,0,0,1,0,0,0,1,0,0,0,0,0,0,4,0,1,0,0,0,0,0,0,0,0,2,0,0,0,1,1,0,0,0,0,3,0,0,0,1,3,0,0,0,0,0,0,0,0,0,0,0,2,3,0,0,2,0,0,1,0,0,1,0,0,0,0,0,0,0,0,0,0,0,0,0,0,0,0,0,0,0,0,0,0,0,0,0,0,0,0,0,0,0,0,0,0,0,0,0,0,0,0,0,0,0,0,0,0,0,0,0,0,0,0
3067542400019200072,66,12,0,2,0,1,1,0,1,1,0,0,0,1,0,6,0,0,0,18,5,0,1,2,9,2,0,74,0,0,0,0,1,0,1,0,0,0,0,1,0,0,2,0,0,2,18,22,0,0,0,0,0,0,0,1,2,1,1,1,0,1,0,0,2,0,0,0,3,6,0,4,0,0,0,0,0,0,0,2,0,7,1,0,0,0,0,1,0,1,15,0,1,0,0,1,0,0,1,0,57,0,1,0,2,3,0,0,0,2,0,0,0,0,0,0,1,17,58,0,0,0,0,1,3,0,0,0,5,0,0,0,0,0,1,0,0,0,0,0,0,0,0,0,0,0,0,0,1,0,0,0,0,0,0,0,0,0,0,0,0,0,0,0,0,0,0,0,0,0,0,0,0,1,0,0,0,1,0,0
3067542400019200073,37,3,0,1,0,1,0,0,0,0,0,0,1,2,1,5,0,2,1,11,10,1,2,3,2,0,0,31,0,0,0,0,1,0,2,1,0,0,0,0,0,0,1,0,0,3,14,13,0,1,0,0,0,0,0,0,0,0,0,0,0,0,0,0,0,0,1,0,6,0,0,0,0,0,1,0,0,0,0,0,0,2,1,0,1,0,1,2,0,2,5,0,0,0,1,2,1,0,0,0,35,0,0,0,0,1,0,0,0,0,0,0,0,1,2,1,0,5,39,0,0,1,0,0,10,1,0,0,7,0,0,0,0,0,0,0,0,0,0,0,0,0,0,0,0,0,1,0,0,1,0,1,0,0,0,2,0,0,0,1,3,0,0,0,0,0,0,0,0,0,0,0,0,0,0,0,0,0,0,0
3067542400019200086,20,0,0,0,0,0,0,0,0,0,0,0,0,0,0,0,0,0,0,4,1,0,0,0,2,0,0,9,0,0,0,0,0,0,0,0,0,0,0,0,0,0,0,0,0,0,2,3,0,1,0,0,0,0,0,0,3,0,0,0,0,0,0,0,0,0,1,0,0,1,0,0,0,0,0,0,0,0,0,2,0,1,0,0,0,0,0,0,0,0,1,0,1,0,0,2,0,0,0,0,13,0,0,0,0,0,0,0,0,0,0,0,0,0,0,0,0,1,16,0,0,0,0,0,0,0,0,0,1,0,0,0,0,0,0,0,0,0,0,0,0,0,0,0,0,0,0,0,0,0,1,0,0,0,0,0,0,0,0,0,0,0,0,0,0,0,0,0,0,0,0,0,0,0,0,0,0,0,0,0
3067542400019200095,40,5,0,4,0,0,1,0,0,1,0,0,0,0,0,5,0,0,0,15,0,1,0,0,10,1,2,59,0,1,0,0,6,0,2,1,0,1,0,0,5,1,2,0,5,6,10,20,0,0,0,0,2,0,0,0,1,0,0,1,0,0,0,0,3,1,0,0,2,6,0,1,0,0,0,0,1,1,0,5,0,2,0,0,1,0,0,0,0,3,28,0,0,0,0,3,1,0,1,0,41,0,0,0,1,0,0,0,0,1,0,0,1,0,2,1,0,12,24,0,0,0,0,1,6,0,0,1,2,0,0,1,0,1,0,0,0,0,0,0,0,0,0,0,1,0,0,0,0,1,0,0,0,0,0,1,0,0,0,0,0,0,0,0,0,1,0,0,0,0,0,0,0,0,0,0,0,0,1,0
3067542400019200101,40,13,0,6,0,0,0,0,0,2,1,1,0,0,0,2,0,4,0,19,1,0,3,1,6,0,2,41,0,0,0,1,0,0,0,1,0,0,1,1,3,1,1,0,1,2,21,28,0,2,0,0,0,0,0,0,2,0,0,0,0,0,0,0,2,1,1,0,2,3,1,1,0,0,0,0,2,0,0,5,0,6,0,1,0,0,0,1,1,4,9,0,0,0,1,2,2,1,1,0,34,0,1,0,0,1,0,1,0,0,0,0,0,0,1,0,1,7,88,0,0,0,0,0,4,0,0,0,9,0,0,0,0,0,0,0,0,0,0,1,1,0,0,0,0,0,0,1,1,1,0,0,0,0,0,1,0,0,0,0,1,1,0,0,0,0,0,0,0,0,0,1,0,0,1,0,0,0,0,0
3067542400019200314,17,10,0,0,0,0,0,0,0,0,0,0,0,0,1,0,0,1,0,0,0,0,1,0,1,0,0,3,0,0,0,0,0,0,0,0,0,0,0,0,0,0,0,0,0,1,4,14,0,0,0,0,1,0,0,1,1,0,0,0,1,0,0,0,0,0,0,0,2,1,0,0,0,0,0,0,0,0,0,0,0,0,0,0,0,0,0,0,0,3,5,0,0,0,1,0,0,0,0,0,2,0,0,0,0,0,0,0,0,0,0,0,0,1,0,0,0,2,28,0,0,0,0,0,1,2,0,0,1,1,0,0,0,0,0,0,0,0,0,0,1,0,0,1,0,0,0,0,0,0,0,0,0,0,0,0,0,0,0,0,0,0,0,0,0,0,0,0,0,0,0,0,0,0,0,0,0,0,0,0
3067542400019300028,7,2,0,0,0,0,0,0,0,0,0,0,0,0,0,0,0,0,0,0,1,0,0,0,1,0,0,11,0,0,0,0,0,0,0,0,0,0,0,0,1,0,0,0,0,0,1,2,0,0,0,0,0,0,0,0,0,0,0,0,0,0,0,0,0,0,0,0,0,0,0,0,0,1,0,0,0,0,0,0,0,2,1,0,0,0,0,0,0,0,1,0,0,0,0,0,0,0,0,0,6,0,0,0,0,0,0,0,0,0,0,0,0,0,1,0,0,1,10,0,0,0,0,0,0,0,0,1,0,0,1,0,0,0,0,0,0,0,0,0,0,0,0,0,0,0,2,0,0,0,0,0,0,0,0,0,0,0,0,0,0,0,0,0,0,0,0,0,0,0,0,0,0,0,0,0,0,0,0,0
3067542400029100012,11,7,0,0,0,1,0,0,0,0,0,0,0,0,0,0,0,1,0,1,0,0,0,0,0,0,0,2,1,0,0,0,0,0,0,0,0,0,0,0,0,0,0,0,0,0,2,2,0,0,0,0,0,0,0,0,0,0,0,0,0,0,0,0,0,0,0,0,1,0,0,0,0,0,0,0,0,0,0,0,0,0,0,0,0,0,0,0,0,0,0,0,0,0,0,0,1,0,0,0,3,0,0,0,0,0,0,0,0,0,0,0,0,0,0,0,0,0,17,0,0,0,0,0,3,2,0,0,0,0,0,0,0,0,0,0,0,0,0,0,0,0,0,0,0,0,0,0,0,0,0,0,0,0,0,0,0,0,0,0,0,0,0,0,0,0,0,0,0,0,0,0,0,0,0,0,0,0,0,0
3067542400029100017,24,4,0,2,0,0,0,0,0,1,0,0,0,0,0,6,0,1,1,10,7,0,3,1,3,0,0,9,0,0,0,1,0,0,0,0,0,2,0,0,3,0,0,0,0,0,8,16,0,0,0,0,0,0,0,0,0,0,5,10,1,0,0,0,0,3,0,0,3,1,2,0,0,0,1,1,0,0,0,4,0,0,0,0,0,0,0,0,1,3,14,0,0,0,1,0,0,0,0,0,11,0,0,0,0,0,0,1,0,0,1,0,0,0,2,0,0,22,32,0,0,0,0,0,6,4,0,1,4,0,0,0,0,0,0,0,0,0,1,0,0,0,0,0,0,0,0,0,0,0,0,0,0,0,0,0,0,0,0,0,0,0,0,0,0,0,0,0,0,0,0,0,0,1,0,1,0,0,0,0
3067542400029200004,23,4,0,0,0,1,0,0,0,1,0,0,0,0,0,13,0,0,0,12,8,0,1,1,5,0,0,20,1,0,0,1,3,0,1,0,0,0,1,0,2,0,1,0,0,2,8,6,0,0,0,0,0,0,0,0,1,0,1,2,1,0,0,0,1,1,0,0,4,2,0,1,0,0,0,0,2,0,0,4,0,0,2,0,0,0,0,0,0,2,19,0,0,0,2,2,1,0,1,0,28,0,0,0,2,0,0,0,0,0,0,0,0,0,0,1,1,9,43,0,0,0,0,1,5,2,0,0,0,0,0,1,0,0,1,0,0,0,0,0,0,0,0,1,0,0,0,0,0,0,0,1,0,0,0,0,0,0,0,0,0,0,0,0,0,0,0,0,0,0,0,0,0,1,1,1,0,0,0,0
3067542400029200052,0,0,0,4,0,0,0,0,0,2,0,0,0,0,0,0,0,0,0,0,0,0,0,0,0,0,0,0,0,0,0,0,0,0,0,0,0,0,0,0,0,0,0,0,0,1,0,0,0,0,0,0,0,0,0,0,0,0,0,0,0,0,0,0,0,0,0,0,0,0,0,0,0,0,0,0,0,0,0,0,1,0,0,0,0,0,0,0,0,0,0,0,0,0,0,0,0,0,0,0,0,0,0,0,0,0,0,0,0,0,0,0,0,0,1,0,0,1,1,0,1,0,0,0,0,0,0,0,55,0,0,1,0,0,0,0,0,0,0,0,0,0,0,0,0,0,0,0,0,0,0,0,0,0,0,0,0,0,0,0,0,0,0,0,0,0,0,0,2,0,0,0,0,0,0,0,0,0,0,1
3067542400029200137,10,1,0,2,0,0,0,0,0,2,0,0,0,0,0,0,0,0,0,3,0,0,0,0,0,0,0,0,0,0,0,0,0,0,0,0,0,0,0,0,0,0,0,0,0,0,1,1,0,0,0,0,0,0,0,0,0,0,0,0,0,0,0,0,0,0,0,0,0,1,0,0,0,0,0,0,0,0,0,0,0,0,0,0,0,0,0,0,0,0,0,0,0,0,0,0,0,0,0,0,0,1,0,0,0,0,0,0,0,0,0,0,0,0,0,0,0,4,19,0,0,0,0,0,1,0,0,0,0,0,0,0,0,0,0,1,0,0,0,0,0,0,0,0,0,0,0,0,0,0,0,0,0,0,0,0,0,0,0,0,0,0,0,0,0,0,1,0,0,0,0,0,0,0,0,0,0,0,0,0
3067542400029200145,43,12,0,2,0,0,1,0,0,1,1,0,0,0,0,24,2,3,0,11,12,0,2,5,6,1,0,7,0,0,0,0,1,0,2,1,0,0,0,0,3,1,0,0,1,1,9,7,0,1,0,0,0,0,0,0,2,0,9,10,0,0,0,0,0,0,0,0,5,4,0,0,0,0,0,0,0,0,0,4,0,0,1,2,0,1,0,0,0,1,4,0,0,0,1,2,0,1,0,0,12,0,0,0,0,0,0,0,0,0,0,0,0,0,0,0,0,29,75,0,1,0,0,0,0,1,0,0,3,0,0,1,0,1,0,0,0,0,0,0,0,0,0,0,0,0,0,0,0,0,0,0,0,1,0,0,0,0,0,0,0,0,0,0,0,0,0,0,0,0,0,0,0,0,0,0,0,0,0,0
3067542400029200149,45,9,0,4,0,1,0,0,0,0,1,0,0,0,0,6,0,0,0,10,10,0,1,4,3,0,0,12,0,1,0,3,1,0,1,0,0,1,0,0,0,0,0,0,0,1,15,19,0,0,0,0,0,0,0,0,3,0,14,8,0,0,1,1,0,1,0,0,6,1,0,1,0,0,1,0,0,0,0,2,0,0,0,0,0,0,0,1,0,0,15,1,0,0,0,0,1,0,0,1,14,0,0,0,0,0,0,0,0,0,0,0,0,0,0,0,0,30,82,0,1,0,0,0,1,0,0,0,2,0,0,0,0,0,0,0,2,1,0,0,0,0,1,0,0,0,0,0,0,0,0,0,0,0,0,0,0,0,0,0,0,0,0,2,0,0,0,0,0,1,0,0,0,0,0,0,0,0,0,0
3067542400029200153,36,17,0,0,0,0,1,1,0,0,0,0,0,0,0,8,0,0,0,7,6,0,2,2,2,0,1,2,0,0,0,0,0,0,0,0,0,1,0,0,2,0,1,0,0,0,11,11,0,0,0,0,0,0,0,0,2,0,9,6,0,0,0,0,1,2,0,0,0,0,0,0,0,0,0,0,1,0,0,1,0,0,0,0,0,0,0,1,0,1,2,0,0,0,1,1,0,0,0,0,6,1,0,0,0,0,0,0,0,0,0,0,0,0,0,1,0,14,20,0,0,0,0,0,2,0,0,2,1,0,0,0,1,0,0,0,0,0,1,0,0,0,0,0,0,0,0,0,0,0,0,0,0,0,0,0,0,0,0,0,1,0,0,0,0,0,1,0,0,0,0,0,0,0,0,0,0,0,0,0
3067542400029200166,24,4,0,0,0,0,0,1,0,1,1,0,1,1,0,10,0,0,0,8,6,0,1,2,4,0,1,9,0,2,0,0,1,0,1,0,0,0,0,0,0,1,0,0,0,2,10,13,1,0,0,0,0,0,1,0,1,0,10,13,0,0,0,0,1,0,0,0,4,1,0,1,0,0,0,0,0,0,0,2,0,0,0,0,0,0,0,0,0,1,7,0,0,0,1,0,0,0,0,0,9,0,0,0,0,0,0,2,0,0,0,1,0,0,1,0,0,13,19,0,0,0,0,0,3,1,0,0,0,0,0,0,1,0,0,0,0,0,1,0,0,0,0,0,0,0,0,0,0,0,0,0,0,0,0,0,0,0,0,0,1,0,0,0,0,1,0,0,0,0,0,0,0,0,0,0,0,0,0,0
3067542400029200168,26,5,0,0,0,0,0,0,0,1,0,0,0,0,0,5,0,0,1,11,7,0,2,1,2,0,0,14,0,1,0,1,1,0,0,1,0,0,0,0,0,0,0,0,0,0,2,7,0,0,0,0,0,0,0,0,0,0,3,4,0,0,0,0,0,0,1,0,1,0,0,0,0,0,1,0,0,0,0,0,0,0,0,0,0,0,0,0,0,0,5,0,0,0,1,0,0,1,0,0,7,0,0,0,0,0,0,0,0,0,0,0,0,0,1,0,0,10,22,0,0,0,2,0,5,0,0,0,2,0,0,0,1,0,0,0,0,0,0,0,0,0,0,0,0,0,0,0,0,1,0,0,0,0,0,0,0,0,0,0,0,0,0,2,0,0,0,0,0,0,0,0,0,0,0,0,0,0,0,0
3067542400029200170,10,2,0,0,0,0,0,0,0,0,0,0,0,0,0,0,0,1,0,7,1,0,0,1,1,0,0,3,0,0,0,0,1,0,0,0,0,0,0,0,0,0,0,0,0,0,1,8,0,0,0,0,0,0,0,0,1,0,2,1,0,0,0,0,0,0,0,0,0,3,0,1,0,0,0,0,0,0,0,1,0,0,0,1,0,0,0,0,0,0,1,0,0,0,1,1,0,0,0,0,7,0,0,0,0,0,0,0,0,0,0,0,0,0,0,0,0,3,15,0,1,0,0,0,1,0,0,0,4,0,0,0,0,0,0,0,0,0,0,0,0,0,0,0,0,0,0,0,0,1,0,0,0,0,0,0,0,0,0,0,0,0,0,0,0,0,0,0,0,0,0,0,0,0,0,0,0,0,0,0
3067542400029200173,8,3,0,0,0,0,0,0,0,0,0,0,0,0,0,16,0,0,0,2,4,0,1,0,0,0,0,2,0,1,0,0,0,0,0,0,0,0,0,0,0,0,0,0,0,0,3,0,0,0,0,0,0,0,0,0,0,0,0,1,0,0,0,0,0,0,0,0,1,0,0,1,0,0,0,0,0,0,0,0,0,0,0,0,0,1,0,0,0,0,1,0,0,0,1,1,0,0,0,0,15,0,0,0,0,0,1,0,0,0,0,0,0,0,0,0,0,1,3,0,0,0,0,0,0,0,0,0,0,0,0,0,0,0,0,0,0,0,0,0,1,0,0,0,0,0,0,0,0,0,0,0,0,0,0,0,0,0,0,0,0,0,0,0,0,0,0,0,0,0,0,0,0,0,0,1,0,0,0,0
3067542400031100465,2,1,0,0,0,0,0,0,0,0,0,0,0,0,0,1,0,0,0,1,0,0,0,0,0,0,0,4,0,0,0,0,0,0,0,0,0,0,0,0,0,0,0,0,0,0,2,0,0,0,0,0,0,0,0,0,0,0,0,0,0,0,0,0,0,0,0,0,0,1,0,1,0,0,0,0,0,0,0,0,0,0,0,0,0,0,0,0,0,0,1,0,0,0,0,0,0,0,0,0,14,0,0,0,0,0,0,0,0,0,0,0,0,0,1,0,0,1,4,0,0,0,0,0,0,0,0,0,0,0,0,0,0,0,0,0,0,0,0,0,0,0,0,0,0,0,0,0,0,0,0,0,0,0,0,0,0,0,0,0,0,0,0,0,0,0,0,0,0,0,0,0,0,0,1,0,0,0,0,0
3067542400042100004,110,7,0,1,0,3,0,0,1,0,2,0,1,0,0,1,0,1,0,3,5,0,5,3,5,0,0,28,0,3,1,0,2,3,5,0,0,0,0,0,1,1,0,0,1,2,9,34,1,3,0,1,0,2,0,0,1,0,1,9,0,0,0,0,2,1,0,0,3,5,0,1,0,0,47,0,6,0,0,2,1,6,1,2,3,4,0,1,2,1,10,7,0,1,4,6,0,0,1,0,40,1,4,0,1,0,1,0,0,0,1,0,2,0,1,0,0,3,48,0,1,0,0,3,9,1,0,1,4,0,0,7,0,0,0,0,0,0,0,0,0,0,0,0,0,0,0,0,0,1,0,0,1,0,0,0,0,0,0,0,0,0,0,0,0,0,0,0,0,0,0,0,1,0,0,0,0,0,0,1
3067542400042100005,10,0,0,3,1,1,0,0,1,0,0,0,0,0,0,6,0,1,0,9,5,1,2,0,0,0,0,19,1,0,0,0,0,0,0,1,0,2,1,0,0,0,0,0,0,3,2,0,0,0,0,0,0,1,0,0,0,0,1,3,0,0,0,0,0,0,0,0,2,0,0,0,0,0,0,0,1,0,0,1,0,0,0,1,0,0,0,0,0,0,1,1,0,0,0,0,0,0,0,0,20,0,0,0,0,0,0,0,0,0,0,0,0,0,0,0,0,8,1,0,0,0,0,0,0,1,0,0,0,2,0,0,0,0,0,0,0,0,0,0,0,0,1,1,0,0,0,0,0,0,0,0,0,0,0,1,1,0,0,0,0,0,0,0,0,0,0,0,0,0,0,0,0,0,0,0,0,0,0,0
3067542400042100006,17,1,0,0,0,0,1,0,0,0,0,0,0,0,0,2,0,0,0,0,3,0,1,0,2,1,0,4,0,0,0,0,0,0,1,0,0,0,0,0,1,0,0,0,0,1,2,6,0,0,0,0,0,0,0,0,1,0,0,4,0,0,0,0,1,1,0,1,0,1,0,0,0,0,2,0,1,0,0,0,0,0,2,0,6,1,0,1,1,0,4,3,0,0,1,1,1,0,0,0,9,1,4,0,0,0,0,0,0,0,0,0,0,1,0,0,0,1,16,0,0,1,0,0,1,0,0,0,0,1,0,0,0,0,0,0,0,0,0,0,0,0,0,0,0,0,0,1,0,2,0,0,0,0,0,0,0,0,0,0,0,0,0,0,0,0,0,0,0,0,0,0,0,0,0,0,0,0,0,0
3067542400042100007,160,0,0,3,2,29,3,0,1,3,40,0,12,0,15,0,5,1,0,2,1,2,18,3,0,1,0,13,0,0,5,3,1,0,39,5,0,10,0,2,2,90,0,1,2,11,5,13,6,119,0,1,1,1,2,0,3,0,37,2,2,0,0,1,11,1,0,0,1,10,3,0,0,5,8,1,75,1,1,0,4,9,8,0,2,2,1,1,0,0,117,31,0,1,10,0,2,0,0,5,11,11,5,2,1,0,1,4,1,0,0,0,3,1,8,0,6,4,8,0,11,8,3,0,20,1,0,0,53,2,2,20,0,0,2,0,0,0,0,0,2,0,0,0,0,0,1,1,0,2,0,1,1,0,0,1,1,0,0,2,1,1,0,2,0,0,0,2,0,1,1,0,1,1,0,1,1,0,0,0
3067542400042100008,97,0,0,2,1,5,0,0,9,0,5,0,5,0,13,1,0,1,1,4,0,0,19,1,0,5,1,42,1,16,0,4,1,1,18,0,0,4,2,0,3,2,2,0,10,1,7,0,0,3,0,3,1,2,0,2,0,0,6,23,1,0,0,0,29,0,0,6,0,0,1,0,0,0,2,0,11,3,1,0,0,3,0,1,39,0,0,13,0,2,46,15,0,0,3,6,3,2,0,0,34,2,22,5,1,0,0,0,0,2,2,0,44,1,0,0,0,4,3,0,4,2,3,18,11,0,1,2,0,0,34,5,0,0,0,0,0,0,0,0,0,0,0,0,0,0,0,0,0,1,0,0,0,0,0,1,0,0,0,0,0,0,0,0,0,1,0,0,0,0,0,0,1,1,0,0,0,0,0,0
3067542400042100011,85,0,0,1,0,0,0,0,4,1,0,0,0,0,0,19,0,1,0,3,25,0,5,0,10,0,0,21,0,0,0,2,0,3,5,0,1,0,0,0,0,0,0,3,0,0,17,1,0,0,0,0,0,0,0,0,1,0,0,1,0,0,0,0,0,0,0,0,9,0,1,0,0,0,4,2,3,0,0,3,0,0,0,0,3,1,0,2,0,0,9,32,0,0,1,0,0,2,1,0,47,1,2,1,0,1,0,0,0,0,10,0,0,0,1,0,0,0,0,0,1,2,0,1,8,0,0,0,1,1,0,0,0,0,0,0,0,0,0,0,0,0,0,0,0,0,0,1,0,0,0,0,0,0,0,0,0,0,0,0,0,0,0,0,0,0,2,0,0,0,0,0,0,0,0,0,0,0,0,0
3067542400042100016,36,0,0,2,1,0,0,0,0,0,3,0,2,0,0,0,0,0,0,1,0,3,27,2,0,1,0,19,0,0,0,10,3,0,40,0,0,8,0,0,1,3,0,0,22,1,8,0,0,4,0,3,0,1,0,0,4,0,7,16,1,0,0,0,3,0,0,0,0,1,1,0,0,0,0,0,6,1,1,0,0,1,1,0,1,13,0,1,1,0,7,8,0,3,6,9,5,0,0,0,28,0,13,5,0,0,6,1,0,0,0,0,2,1,3,1,0,3,0,0,7,0,2,1,20,0,3,0,0,1,3,5,0,0,0,0,0,0,0,0,1,0,0,0,0,0,3,0,0,0,0,0,1,0,0,0,0,0,1,1,0,0,0,1,0,0,0,2,0,0,0,0,0,0,0,0,0,0,0,0
3067542400042100018,204,0,0,3,1,0,1,0,3,3,31,0,8,0,0,6,0,0,1,2,6,0,4,1,2,0,0,19,0,0,3,2,1,4,4,1,1,3,1,0,4,3,0,2,4,7,6,9,7,6,0,2,0,2,3,0,0,0,31,5,0,0,0,0,5,2,0,0,3,2,1,0,0,0,94,2,19,0,0,1,2,2,10,0,2,4,1,3,2,2,17,22,1,1,6,2,1,1,0,0,31,10,9,0,0,1,0,1,2,0,4,0,3,0,3,0,1,7,0,0,1,0,1,0,4,3,0,0,4,0,0,3,0,0,0,0,0,0,2,0,0,0,0,0,0,0,0,0,0,1,0,0,0,0,0,0,1,2,0,0,1,0,0,0,1,0,0,0,0,0,0,0,0,0,1,0,0,0,0,0
3067542400042100019,42,1,0,1,2,13,2,0,0,1,3,0,2,0,12,0,0,1,1,1,1,1,8,1,0,0,0,0,0,1,0,1,0,0,13,1,0,5,0,0,3,86,0,0,2,1,3,0,0,114,0,0,0,1,0,5,3,0,4,2,0,0,0,0,0,1,1,0,0,10,10,0,0,2,1,1,39,1,0,0,1,12,0,2,0,2,0,0,0,0,46,6,0,0,4,3,1,1,0,1,4,0,1,0,0,0,1,1,0,0,0,0,3,0,1,0,0,3,4,0,2,13,1,1,2,0,0,0,27,0,0,17,0,0,1,1,0,0,0,0,1,0,1,0,0,0,0,3,0,1,0,0,0,1,0,0,0,0,0,0,0,0,0,1,0,0,0,0,0,0,2,0,0,0,0,0,0,0,1,0
3067542400042100021,17,0,0,0,0,4,0,0,1,1,3,0,1,0,5,0,0,0,0,0,0,0,2,0,0,1,0,3,0,0,0,0,0,0,7,0,0,3,0,0,0,37,1,0,0,0,2,0,1,70,0,1,0,1,0,4,0,0,2,0,1,1,0,0,2,0,0,0,0,3,4,0,0,0,1,1,21,1,0,0,2,6,0,2,2,1,1,0,0,0,35,2,0,0,0,2,0,0,0,3,2,2,0,0,0,0,0,0,0,0,0,0,1,0,0,0,0,3,2,0,6,0,0,1,1,0,0,0,12,0,0,2,0,0,0,0,0,0,0,1,1,0,0,0,0,0,1,0,0,1,0,0,0,0,0,0,0,0,0,0,1,0,0,1,0,0,0,0,0,0,0,0,0,0,0,0,0,0,0,0
3067542400042100022,16,0,0,0,1,1,0,0,0,0,0,0,1,0,1,0,0,0,1,0,0,0,0,0,0,0,0,2,0,0,0,0,0,0,3,0,0,0,0,1,2,21,0,0,0,0,1,4,2,21,0,0,0,0,0,1,0,0,1,0,1,0,0,0,2,1,0,0,0,1,0,1,0,0,0,0,4,0,0,0,0,1,0,0,0,0,0,1,0,0,18,4,0,1,0,1,1,0,0,0,1,0,0,0,0,0,0,0,0,1,1,0,0,1,0,0,0,0,1,0,1,0,0,0,2,0,0,0,4,0,0,3,0,0,0,0,0,0,0,0,0,0,0,0,0,0,0,0,0,0,0,0,0,1,0,0,0,0,0,0,0,0,0,0,0,0,0,0,0,0,0,0,0,0,0,0,0,0,0,0
3067542400042100028,120,1,0,1,1,12,4,0,0,3,37,1,18,0,8,1,2,0,0,2,0,2,14,2,0,0,0,3,1,1,0,5,0,0,14,0,1,8,0,1,0,75,0,0,6,9,3,1,8,71,3,1,0,0,0,0,2,1,40,6,3,0,0,0,6,0,0,0,3,10,7,0,0,2,7,1,55,0,1,1,1,9,4,1,0,1,0,0,0,1,32,7,0,0,3,0,0,1,0,3,9,8,11,0,1,0,0,0,1,0,0,1,0,0,2,0,1,4,5,0,4,5,2,0,4,2,0,0,31,0,0,12,0,0,0,0,0,1,0,2,1,0,0,0,0,0,0,0,0,0,0,0,1,0,0,0,0,0,2,0,2,0,0,3,0,0,2,0,0,0,0,0,0,1,0,0,0,1,1,1
3067542400042100029,37,0,0,0,3,22,0,0,0,0,8,0,0,0,16,0,0,1,0,0,0,2,14,1,0,0,0,1,1,0,1,0,0,0,11,0,0,1,0,0,0,69,0,1,4,2,6,0,1,78,0,0,0,0,0,2,0,0,7,6,0,0,0,0,1,0,0,0,0,9,5,1,1,2,0,0,40,0,0,0,2,7,0,0,2,0,0,0,0,0,76,4,0,0,5,2,1,0,0,8,8,1,0,0,0,1,0,0,0,0,0,1,0,0,0,0,3,1,2,0,7,2,1,0,3,0,1,0,13,0,1,14,0,0,0,0,0,0,0,0,0,0,0,0,0,0,1,0,0,0,0,0,1,0,0,0,0,0,0,2,0,0,0,0,0,0,0,0,0,0,0,0,0,0,0,1,0,0,0,0
3067542400042100030,163,0,0,3,1,0,4,0,0,17,2,0,2,0,3,0,1,1,0,1,1,1,41,1,0,2,1,31,0,3,1,38,7,0,234,1,0,2,0,2,2,14,0,1,30,6,50,5,2,11,0,2,0,0,0,0,1,0,8,5,0,0,0,1,2,0,0,0,0,2,2,4,0,1,4,0,19,0,5,1,1,19,1,4,0,2,0,1,0,0,73,10,0,4,17,80,43,0,0,4,12,3,6,0,0,0,0,2,1,1,0,0,0,0,5,0,0,10,3,0,33,2,3,2,62,0,17,0,10,2,2,7,0,0,3,0,0,0,1,1,0,0,0,0,0,0,0,0,1,1,0,0,0,0,0,0,0,0,0,2,0,2,0,0,0,0,0,4,0,1,0,2,0,1,1,0,0,0,0,0
3067542400042100033,44,0,0,2,1,4,0,0,0,1,4,0,8,0,11,0,0,0,0,0,0,0,5,0,0,0,0,1,1,1,0,0,1,0,7,0,0,2,1,1,1,39,0,0,1,1,4,7,2,29,0,1,0,0,1,0,1,0,3,1,2,0,0,0,2,0,1,0,0,6,5,0,0,0,1,0,17,0,0,1,0,4,0,1,0,0,0,0,0,0,20,7,0,0,0,0,3,0,0,1,3,2,2,0,0,0,0,0,0,1,0,0,0,0,0,0,0,4,2,0,3,0,0,2,2,0,1,0,7,0,1,4,0,0,0,0,0,0,0,0,0,0,0,0,0,0,0,1,0,0,0,0,0,0,0,0,0,0,0,0,0,0,0,1,0,0,0,1,0,1,0,0,0,1,0,0,0,1,0,0
3067542400042100034,98,0,0,1,0,0,2,1,0,1,25,1,11,0,0,0,0,0,0,0,0,0,9,0,0,0,0,2,0,0,3,3,0,0,1,0,0,6,0,1,0,2,0,0,1,3,0,6,8,2,0,1,0,0,1,0,1,0,29,0,0,0,0,0,9,0,0,0,1,1,2,0,0,0,1,0,15,0,1,0,0,3,8,1,0,1,1,1,2,1,18,10,0,0,3,0,1,1,0,0,2,22,4,0,0,0,0,2,0,0,0,0,2,1,1,0,0,2,2,0,1,1,1,1,5,0,1,0,1,0,1,2,0,0,0,0,0,0,0,0,0,0,1,0,0,0,0,0,0,0,0,0,0,0,0,0,0,0,0,0,0,0,0,0,0,1,1,0,0,0,0,0,0,1,0,0,0,0,0,0
3067542400042100035,145,0,0,6,1,4,4,0,0,19,1,0,0,0,2,0,0,0,0,2,0,0,46,2,1,0,0,18,0,2,4,41,8,0,229,2,0,0,2,2,3,4,2,2,25,6,45,3,1,15,0,1,1,3,1,1,3,2,3,10,1,0,0,1,2,0,0,0,0,0,3,1,0,0,5,0,15,0,1,0,1,18,3,3,2,3,0,1,0,0,72,1,2,5,17,55,73,0,0,0,9,1,3,0,2,0,1,0,1,1,1,0,0,0,2,0,0,2,3,2,30,1,3,4,70,1,7,0,3,8,1,7,1,1,2,0,0,0,0,0,0,1,0,1,0,0,3,2,0,0,0,1,0,0,1,1,0,0,0,0,0,1,0,0,0,0,0,0,0,1,0,1,1,1,2,0,0,0,0,1
3067542400042100036,115,0,0,1,2,0,4,0,0,3,38,1,11,0,0,0,0,1,0,0,2,0,6,0,0,0,0,0,0,0,2,4,0,0,3,0,0,9,1,0,2,34,0,3,6,9,4,7,10,11,0,0,0,0,1,0,1,0,53,0,0,0,0,0,5,0,0,0,0,4,1,0,0,0,2,0,51,1,0,0,1,7,5,3,1,1,0,0,0,0,11,13,0,0,2,2,0,1,0,0,11,4,9,0,1,0,0,0,1,1,0,0,1,0,1,0,1,1,1,0,6,3,2,2,2,0,0,0,19,0,0,17,1,0,0,0,0,0,0,1,0,0,0,0,0,0,2,2,0,0,0,0,0,1,0,0,0,0,0,1,0,1,0,0,0,0,0,1,0,1,3,0,0,0,0,0,0,0,0,0
3067542400042100038,10,0,0,0,2,12,1,1,0,0,1,1,2,0,9,0,1,0,0,0,0,0,2,1,0,0,0,2,0,0,1,2,0,0,6,0,0,3,0,0,0,52,0,0,1,0,1,1,1,33,0,0,0,0,0,0,0,0,1,1,1,0,0,0,1,0,1,0,0,3,7,0,0,1,0,1,26,0,1,0,0,4,0,1,0,2,0,0,0,2,69,3,1,0,3,0,1,0,0,2,2,0,0,0,0,0,0,0,1,1,0,1,1,1,1,0,3,1,0,0,3,4,0,1,1,0,0,0,9,0,0,13,0,0,0,0,0,0,1,0,1,0,0,0,0,0,0,2,0,0,0,0,0,0,0,0,0,0,0,0,0,0,0,2,0,0,0,0,0,0,0,0,0,0,0,1,0,1,0,0
3067542400042100041,94,0,0,0,1,4,2,2,0,5,10,0,6,0,2,0,0,0,0,2,0,1,8,0,0,0,0,2,0,0,1,4,1,1,6,0,0,2,0,0,0,49,0,0,3,4,4,2,5,25,0,0,0,2,0,2,2,0,26,1,1,0,0,0,0,0,0,0,1,3,5,0,0,0,0,0,21,0,0,0,0,4,0,2,1,0,0,1,0,0,19,5,0,1,3,0,0,0,1,0,1,4,3,0,0,0,0,0,1,0,0,2,0,1,2,0,1,1,3,0,2,2,0,0,1,0,0,0,17,1,0,7,0,0,0,0,0,0,0,0,0,0,1,1,0,0,1,0,0,0,1,0,1,0,0,1,0,0,0,0,0,0,0,0,0,0,0,0,0,0,0,0,0,0,0,0,0,0,0,1
3067542400042100043,100,1,0,1,1,7,7,0,1,2,38,1,15,0,7,0,0,0,0,0,0,1,7,1,0,0,0,2,1,1,0,0,0,1,21,0,0,3,0,0,0,50,0,0,16,3,5,0,15,19,0,1,0,0,1,0,1,0,33,2,1,0,0,0,7,1,0,0,0,7,6,1,0,1,6,0,23,0,0,0,3,3,5,3,0,1,0,0,2,0,21,11,1,0,5,3,1,0,0,1,6,5,5,0,0,0,0,0,3,0,0,1,1,1,3,0,0,0,0,0,7,0,1,1,8,0,2,0,7,0,0,20,0,0,0,0,0,0,0,2,0,0,0,0,0,0,0,2,0,1,1,1,0,0,0,0,0,0,0,0,0,1,0,0,0,0,0,0,0,0,1,2,0,0,0,0,0,0,0,0
3067542400042100047,56,0,0,0,0,0,0,0,0,1,25,0,8,0,0,1,0,0,0,2,0,0,2,0,0,0,0,1,0,0,0,3,0,0,3,0,0,0,0,1,1,0,0,1,2,1,0,0,5,3,0,0,0,1,0,0,0,0,25,0,0,0,0,0,2,0,0,0,0,1,1,1,0,0,1,0,16,0,2,1,0,1,1,0,0,0,0,0,0,0,4,5,0,0,0,0,0,0,0,0,1,11,5,0,1,0,0,1,1,0,0,0,0,0,3,0,0,0,1,0,0,0,1,0,1,0,0,0,3,0,0,2,0,0,0,0,0,0,0,1,1,0,0,0,0,0,0,0,0,0,0,0,0,0,1,0,0,0,0,2,0,0,0,0,0,0,0,0,0,0,0,0,0,0,0,0,0,0,0,0
3067542400042100049,54,1,0,1,0,0,3,0,0,1,33,0,8,0,0,0,0,0,0,1,0,0,2,1,0,0,1,4,0,1,1,1,0,0,9,0,0,4,0,0,1,2,1,0,1,1,2,6,4,3,1,4,0,0,0,0,0,0,23,1,0,0,0,0,1,0,0,0,0,1,0,2,0,0,1,0,14,0,0,0,1,2,6,0,0,0,0,1,1,0,11,6,0,1,2,1,0,0,0,0,3,6,2,0,2,0,1,0,0,0,0,0,0,0,4,0,0,1,0,0,2,0,3,0,5,0,0,0,0,0,0,3,0,0,0,0,0,0,0,0,0,0,0,0,0,0,0,0,0,0,0,0,0,0,0,0,0,0,0,1,0,0,0,0,0,0,0,0,0,1,1,0,1,0,0,0,0,0,0,0
3067542400042100050,32,2,0,0,4,13,0,0,0,3,6,0,0,0,11,0,1,0,0,2,0,0,1,0,0,0,0,0,1,0,2,1,1,0,18,0,0,1,0,0,0,52,0,0,1,1,4,0,0,35,0,0,0,1,0,0,3,0,4,2,0,0,0,0,2,0,0,0,0,2,5,0,0,0,0,1,21,1,1,0,0,10,0,1,0,0,1,0,0,0,36,2,0,0,4,3,2,0,1,4,9,1,2,0,0,0,0,0,0,0,0,1,0,0,1,0,0,1,3,0,6,2,0,0,4,0,0,0,13,0,0,14,0,0,1,0,1,0,0,0,0,0,0,0,0,0,0,0,0,0,0,1,0,1,0,0,0,1,0,1,0,0,0,0,0,0,0,0,0,0,0,0,0,0,0,0,0,0,0,0
3067542400042100052,76,1,0,0,4,0,3,0,0,0,40,0,17,0,1,0,0,0,0,0,0,0,6,1,0,0,0,4,0,0,3,3,0,0,5,0,0,4,1,0,5,4,0,1,4,3,5,4,8,3,0,0,0,2,0,1,0,0,21,1,0,0,0,0,3,0,0,0,0,1,1,0,0,0,0,0,32,0,2,0,1,6,0,0,0,2,0,0,0,0,6,6,0,0,2,1,0,0,0,3,1,3,3,0,1,0,1,0,0,1,0,1,1,1,4,0,0,2,1,0,2,1,0,1,1,0,0,0,4,1,1,10,0,0,0,1,0,0,0,0,0,0,0,0,0,1,0,2,0,1,0,0,1,0,0,0,0,0,0,0,0,0,0,0,0,0,1,0,0,0,0,0,0,0,0,0,0,0,0,0
3067542400042100053,73,0,0,1,0,0,6,1,0,4,33,0,8,0,0,0,0,0,0,0,0,0,3,0,0,0,0,0,0,1,1,1,0,0,2,0,0,3,0,0,0,5,0,0,0,4,1,4,3,2,0,1,0,0,0,0,0,0,22,1,0,0,0,0,1,2,1,0,0,0,0,0,0,0,1,0,18,0,1,0,1,5,1,0,0,3,0,0,0,0,4,5,0,0,2,0,0,0,0,0,0,6,2,1,1,0,0,0,1,0,0,1,0,0,0,0,0,1,1,0,2,0,1,1,1,0,0,0,1,1,0,2,0,0,0,0,0,0,0,0,0,0,0,0,0,1,0,0,0,1,0,0,0,0,1,0,0,0,0,0,0,0,0,0,0,1,0,0,0,0,0,0,0,0,0,0,0,0,0,0
3067542400042100055,40,0,0,0,3,15,6,0,0,0,9,0,12,0,13,0,0,1,1,0,1,1,4,1,0,0,0,3,0,1,3,0,0,0,10,0,1,4,0,0,1,74,0,0,3,1,4,2,1,55,0,0,0,0,0,0,2,0,14,4,0,0,0,0,1,0,0,0,0,8,4,0,0,3,0,0,28,1,0,1,1,7,1,1,0,2,0,0,0,1,61,10,2,0,2,0,1,0,0,6,7,3,3,0,0,2,0,0,0,0,0,0,0,0,0,1,0,1,3,0,6,5,0,0,4,0,0,0,13,0,0,18,0,0,0,0,1,0,0,2,0,1,0,1,0,0,0,0,0,0,0,0,0,0,1,0,0,1,0,0,0,0,0,2,1,0,0,0,0,0,0,0,0,0,0,0,0,0,0,0
3067542400042100056,74,0,0,0,0,2,1,0,0,5,0,0,2,0,0,1,0,0,0,0,0,0,9,0,0,7,0,4,2,1,2,1,2,0,15,1,0,1,0,1,6,1,1,7,4,1,9,7,0,2,1,2,1,1,0,2,0,0,13,31,1,0,0,0,1,1,0,1,0,0,2,0,0,0,1,7,5,0,0,0,0,0,0,48,0,3,0,0,0,0,34,12,0,4,3,5,11,0,1,6,8,0,0,0,0,1,0,0,0,0,0,1,0,0,0,0,0,1,1,0,4,0,1,3,9,0,4,0,0,0,1,0,0,0,0,0,0,0,0,0,0,0,0,1,0,0,0,2,0,0,0,0,0,1,1,0,0,0,0,0,0,0,0,0,0,0,1,0,1,0,0,0,0,0,0,0,0,0,0,0
3067542400042100057,35,0,0,0,0,2,0,0,0,1,1,0,0,0,1,1,2,0,0,1,1,0,1,0,0,3,0,5,0,0,2,1,0,0,7,1,0,0,0,0,4,0,0,4,3,1,7,4,2,0,0,3,0,1,0,2,0,0,4,12,0,0,0,0,3,1,0,0,0,4,1,0,0,0,0,3,4,0,0,0,4,3,0,12,0,3,1,0,0,0,16,10,0,0,1,1,14,1,0,2,7,0,0,1,0,1,0,0,0,0,1,0,0,0,1,0,0,0,2,0,1,0,0,4,6,0,2,0,1,0,0,1,0,0,1,0,0,0,0,0,0,0,0,0,0,0,0,0,0,0,0,0,0,0,0,0,0,0,0,0,0,0,0,1,1,0,0,0,0,0,0,0,0,0,0,0,0,0,0,0
3067542400042100058,90,0,0,0,1,0,1,0,0,2,29,0,13,0,0,0,0,1,0,1,0,0,5,1,0,0,0,2,0,0,0,8,1,0,2,0,0,3,0,0,2,16,0,0,4,6,2,7,4,5,0,0,0,0,1,0,1,0,24,1,1,0,0,1,3,0,0,0,2,2,1,0,0,0,2,0,27,0,1,1,0,5,7,0,0,1,0,2,0,0,9,8,0,0,0,0,0,1,0,0,6,19,8,0,0,0,0,2,0,1,0,2,1,1,1,0,0,1,3,0,1,1,2,0,0,0,0,0,9,0,0,3,0,0,0,0,0,0,1,0,0,0,0,0,0,0,0,0,0,0,0,0,0,0,0,0,0,0,0,0,0,0,0,0,0,0,0,0,0,0,0,0,0,0,0,0,0,0,0,0
3067542400042100062,43,1,0,0,0,1,0,0,0,0,2,0,1,0,0,0,0,0,0,0,0,0,6,0,1,0,0,0,1,0,0,0,0,0,3,0,0,3,0,0,0,35,0,0,1,7,5,1,6,8,0,0,0,0,0,1,0,0,6,0,2,0,0,0,0,0,0,0,0,3,2,0,0,0,0,0,30,0,0,0,2,1,2,0,1,0,0,0,0,0,6,2,0,0,1,0,2,0,0,0,1,5,1,0,0,0,0,0,1,0,0,1,3,0,2,0,0,1,1,0,2,0,0,0,1,0,0,0,16,2,0,1,0,0,0,0,0,0,0,0,0,0,0,0,0,0,0,0,1,0,0,0,0,0,1,0,1,0,0,0,0,0,0,0,0,0,0,0,0,0,0,0,0,2,0,0,0,0,1,0
3067542400042100063,132,0,0,0,0,16,6,0,0,1,3,1,7,0,0,1,7,0,0,3,1,0,12,0,0,21,0,1,0,0,2,0,1,0,10,0,0,1,0,3,12,11,0,2,0,13,5,1,2,14,0,2,0,2,0,0,1,0,25,49,1,0,0,0,3,1,0,0,0,3,1,0,1,0,1,0,4,0,1,2,1,1,1,41,1,8,0,0,0,0,27,26,0,5,4,4,11,0,0,1,4,2,1,0,0,0,0,0,2,0,0,0,1,0,0,0,0,1,8,1,0,1,0,0,3,0,2,4,4,0,1,3,0,0,1,0,0,0,0,1,0,0,0,2,0,0,0,0,0,0,0,0,0,0,1,0,0,0,0,0,1,1,0,1,0,0,0,0,0,0,0,0,0,1,0,0,0,0,0,1
3067542400042100064,42,0,0,1,0,1,1,0,0,2,8,1,5,0,0,0,0,0,0,4,3,0,1,1,0,0,0,28,2,0,0,1,0,0,1,0,0,6,0,0,0,5,0,0,0,0,1,8,4,7,0,0,0,0,0,0,1,0,13,0,0,0,0,0,4,0,0,0,1,1,0,1,0,0,1,0,17,0,0,0,0,2,3,0,0,4,0,0,0,0,14,9,0,0,1,0,0,0,1,0,22,11,6,0,0,0,0,0,2,0,0,0,2,0,1,0,0,3,4,0,0,0,1,0,1,0,0,0,1,0,0,1,0,0,0,0,0,0,0,0,0,0,0,0,1,0,0,0,0,0,1,0,0,0,0,0,0,0,0,0,1,0,0,0,0,0,0,0,0,0,0,0,0,0,0,0,0,0,0,0
3067542400042100065,66,0,0,0,0,0,3,1,0,2,26,1,2,0,0,0,0,1,0,0,1,0,6,0,0,0,0,0,0,1,0,1,0,1,5,0,0,1,0,1,1,4,0,0,3,4,0,1,5,3,0,1,0,2,0,0,3,1,26,1,1,0,0,0,0,1,0,0,0,2,0,0,0,0,0,0,28,0,0,0,0,8,4,0,0,2,0,0,0,1,7,3,0,0,1,1,1,0,0,1,2,19,3,1,1,0,0,2,0,0,0,0,0,0,2,0,0,0,0,0,0,0,1,1,5,0,0,0,3,0,0,4,0,0,1,0,0,0,0,0,0,1,0,0,0,0,0,0,0,1,1,1,0,0,0,1,0,0,0,0,0,0,0,0,0,0,0,0,0,0,0,0,1,0,0,1,0,0,0,0
3067542400042100066,59,0,0,0,0,2,5,0,1,2,18,0,10,0,1,0,0,0,0,0,1,0,2,1,0,0,0,4,0,2,0,1,0,0,7,0,2,4,1,2,2,17,1,0,2,2,2,2,4,21,0,1,0,0,0,0,0,0,19,1,0,0,0,0,3,0,0,0,0,0,0,0,0,1,0,0,24,0,0,1,0,4,1,0,0,0,0,0,0,1,14,10,0,0,1,1,2,0,0,1,3,2,4,0,1,0,0,0,0,0,0,0,0,0,3,0,0,0,0,0,0,1,1,1,1,1,0,0,2,0,0,4,0,0,1,0,0,0,0,0,0,0,0,0,0,0,0,1,0,1,0,0,0,0,0,0,0,0,1,0,1,0,0,3,0,0,0,0,0,0,0,0,0,0,0,0,0,0,0,0
3067542400042100074,52,0,0,1,0,3,2,0,0,1,19,0,7,0,0,0,0,2,0,0,0,1,3,0,0,0,0,1,1,1,0,3,0,0,3,0,1,5,0,0,2,1,0,0,2,3,2,2,9,3,0,1,0,1,1,2,0,0,21,2,0,0,0,0,1,0,0,0,0,0,0,0,0,0,0,0,16,0,1,1,0,6,6,1,1,5,0,0,0,1,9,5,0,1,1,0,0,1,0,0,3,20,1,0,0,0,0,0,0,0,0,0,1,0,3,0,0,0,1,0,1,1,2,0,1,0,1,0,4,0,0,1,0,0,0,0,0,0,0,0,0,0,0,0,0,0,0,0,0,0,0,1,0,0,0,0,0,0,0,0,0,0,0,0,0,0,0,1,0,0,0,0,0,0,0,0,0,0,0,0
3067542400042100076,23,0,0,0,0,0,3,1,0,0,13,0,7,0,1,1,0,0,0,0,0,0,1,1,0,0,0,3,0,0,1,1,0,0,1,0,0,2,0,0,0,1,0,1,2,5,1,4,3,1,0,1,0,0,0,0,0,0,10,2,0,0,0,0,1,0,0,0,0,0,0,0,0,0,0,0,16,0,0,0,0,1,1,0,0,1,0,0,0,0,11,3,0,0,1,0,0,0,0,0,9,9,3,0,0,0,0,0,0,0,0,0,0,0,0,0,0,0,1,0,0,0,0,1,3,0,0,0,1,0,1,0,0,0,0,0,0,0,0,0,0,0,0,0,0,0,0,0,0,0,0,0,0,0,0,0,0,0,0,0,0,0,0,1,0,0,0,1,0,0,0,0,0,0,0,0,0,0,0,0
3067542400042100077,90,0,0,1,0,0,1,1,0,0,1,0,0,0,0,0,0,0,0,1,0,0,2,0,0,6,0,0,0,1,0,1,0,0,1,0,0,0,1,2,4,0,0,0,1,5,5,0,0,1,0,1,0,0,0,0,0,0,31,31,0,0,0,0,4,2,0,0,0,1,1,0,0,0,0,1,1,0,1,0,1,1,0,32,0,4,0,0,0,0,12,15,0,0,0,3,19,0,0,4,0,0,0,3,0,0,0,0,0,0,2,0,1,0,0,0,0,2,3,0,1,0,0,2,1,0,2,0,0,0,0,1,0,0,0,0,0,0,0,0,0,0,0,1,0,0,0,0,0,0,1,0,1,0,1,0,0,0,0,0,1,0,0,0,0,0,0,0,0,0,0,0,0,1,0,0,0,0,0,0
3067542400042100079,32,0,0,1,0,0,0,0,0,0,0,0,2,0,0,0,1,0,0,0,0,0,6,0,0,5,0,0,0,0,0,1,0,0,0,0,0,0,0,0,4,2,0,1,0,2,1,0,0,2,0,1,0,0,0,0,0,0,22,13,0,0,0,0,0,0,0,0,0,0,0,0,0,0,0,0,2,0,0,0,3,0,0,23,0,5,0,1,0,0,2,7,0,0,1,3,7,0,0,1,0,0,0,0,0,0,0,0,0,0,0,0,1,0,0,1,0,0,1,0,0,0,1,0,0,0,4,0,0,0,0,0,0,0,0,0,0,0,0,0,0,0,0,0,0,0,0,0,0,0,0,0,0,0,0,0,0,0,0,0,1,0,0,0,0,0,0,1,0,0,0,1,0,0,0,0,0,0,0,0
3067542400042100080,42,0,0,0,0,1,8,0,0,0,18,0,7,0,0,0,0,0,0,1,0,0,5,0,0,0,0,4,0,0,2,0,0,0,1,0,0,6,0,0,0,8,0,0,2,3,5,3,2,3,0,0,0,0,1,0,2,0,14,2,1,1,0,0,4,0,0,0,0,0,1,0,0,0,0,0,21,0,0,0,2,2,5,1,0,3,0,0,0,0,17,8,0,0,3,1,1,0,1,0,4,4,1,0,0,0,0,4,0,0,0,0,0,0,2,0,0,1,0,0,0,3,2,2,1,2,1,0,2,0,0,1,1,0,0,0,0,0,0,0,3,0,0,0,0,0,0,0,1,0,1,0,0,0,0,0,0,0,0,0,0,0,0,0,0,0,0,0,0,0,0,0,0,0,1,0,0,0,0,0
3067542400042100081,72,0,0,0,0,1,4,0,0,0,13,0,7,0,0,0,0,1,0,3,0,0,5,0,0,0,0,12,0,0,0,2,0,0,3,0,1,7,0,1,1,1,0,0,3,4,0,5,4,8,0,4,0,1,3,2,0,0,23,3,0,0,0,0,4,0,0,1,0,0,0,0,0,0,0,3,29,0,1,0,1,2,9,0,1,2,0,0,3,0,18,10,0,1,1,0,0,0,0,0,13,24,4,0,1,0,0,3,0,0,0,1,0,0,0,0,2,3,1,0,2,0,5,1,0,1,0,0,2,0,0,3,0,0,0,0,0,0,0,0,0,0,0,0,0,0,0,0,0,0,0,0,0,0,0,0,1,0,0,0,2,0,0,0,0,0,0,0,0,0,0,0,1,1,0,0,0,0,0,0
3067542400042100083,84,0,0,0,1,0,2,0,1,3,8,0,4,0,0,0,1,0,0,1,0,0,5,1,0,1,0,1,1,0,2,0,0,1,0,1,1,9,0,4,3,4,0,0,2,8,6,0,1,10,0,2,0,1,1,2,3,0,19,17,2,0,0,0,6,0,0,0,1,0,1,1,0,0,1,1,24,1,1,0,6,1,8,21,0,1,0,1,2,0,25,14,0,0,2,0,8,0,0,1,2,24,0,1,1,0,0,4,0,0,0,0,1,2,0,0,0,1,5,0,5,3,3,0,7,1,6,0,1,0,0,0,0,0,0,0,0,0,0,1,0,0,0,0,0,0,1,0,0,0,1,0,0,1,0,0,1,1,1,0,0,0,0,0,0,0,1,0,0,0,0,0,0,1,0,0,0,0,0,0
3067542400042100084,58,1,1,2,1,1,0,0,0,6,1,0,3,0,0,8,1,1,0,21,17,0,4,1,10,2,0,172,0,0,1,1,2,0,5,1,0,3,0,0,2,4,0,0,2,2,7,4,1,0,0,0,1,0,0,0,0,0,7,11,3,0,1,0,2,1,0,0,10,1,2,0,0,0,2,0,13,0,0,4,0,1,2,1,0,1,0,1,2,0,11,5,0,1,14,0,0,0,1,1,180,3,0,0,1,0,0,0,0,0,0,0,2,1,0,0,0,24,3,1,0,1,1,1,3,0,0,1,1,0,0,0,0,0,0,1,0,0,1,1,0,0,0,0,1,0,0,0,0,5,0,0,0,0,0,0,0,0,0,0,6,0,0,0,0,0,0,1,0,0,0,0,3,0,0,0,1,0,0,0
3067542400042100086,57,0,0,1,0,1,0,0,0,0,7,0,7,0,0,0,0,1,0,0,0,0,5,1,0,0,0,2,1,0,2,1,0,0,5,0,0,5,0,0,1,5,0,0,1,9,3,0,4,6,1,2,0,0,1,0,2,0,11,2,1,0,0,0,1,1,0,0,0,1,1,0,1,0,1,0,25,0,0,0,0,1,8,0,1,0,0,1,3,0,20,3,0,1,1,3,0,0,0,0,1,19,4,0,1,0,0,4,1,0,0,0,0,1,0,0,0,1,3,0,0,0,0,2,2,4,1,0,3,1,0,0,0,0,0,0,0,0,0,0,0,0,1,0,0,0,0,0,0,0,1,0,0,0,0,0,0,0,0,0,0,0,0,1,0,0,0,0,0,0,0,0,0,0,0,0,0,0,0,1
3067542400042100087,73,1,0,1,0,1,4,0,0,2,0,0,0,0,0,0,2,0,0,2,1,0,4,0,0,5,0,1,1,0,3,0,0,0,0,1,0,0,0,3,3,0,1,0,0,12,7,0,0,0,0,1,0,0,0,1,0,0,11,24,0,0,0,0,3,0,0,0,0,0,0,0,0,0,1,1,6,0,0,0,0,0,0,55,0,6,0,0,0,1,17,15,0,2,5,7,15,0,0,0,4,0,0,1,0,1,0,0,0,0,0,0,0,0,1,1,0,0,3,0,2,0,3,2,1,0,3,0,0,0,0,0,0,0,0,0,0,0,0,0,0,0,0,0,0,0,0,0,0,0,1,0,0,0,0,1,0,0,0,1,1,0,0,0,0,0,0,0,0,0,0,0,0,0,0,0,0,0,0,0
3067542400042100088,72,0,0,1,0,0,1,0,0,1,1,1,0,0,1,0,1,0,0,0,1,0,3,2,0,6,0,2,0,1,5,2,3,0,0,0,0,1,2,7,10,0,0,0,0,14,2,0,0,3,0,0,0,1,0,1,0,1,9,29,0,0,0,0,6,0,0,0,0,0,1,1,0,0,0,2,1,0,0,0,1,0,0,48,0,9,1,0,0,0,20,17,0,1,7,6,38,1,0,3,1,1,0,0,0,0,0,0,0,0,2,0,0,0,1,0,0,3,1,0,1,0,2,1,3,1,9,1,0,0,0,0,0,0,0,0,0,0,0,0,0,0,0,0,0,0,0,0,0,0,0,1,0,0,1,0,0,0,0,0,0,0,1,0,0,0,0,0,0,0,0,0,0,2,0,0,0,0,0,0
3067542400042100089,54,0,0,0,0,0,3,0,1,1,0,0,1,0,0,0,2,0,0,3,0,0,2,1,0,8,0,5,0,0,3,0,0,0,5,0,0,0,1,8,3,0,0,0,0,14,6,0,0,1,0,2,0,1,1,0,1,0,10,20,0,0,0,0,1,0,0,0,0,0,1,0,0,0,1,0,2,0,0,0,0,0,0,28,0,7,0,0,0,0,24,18,0,1,4,2,21,0,0,3,4,0,0,0,0,0,0,1,0,0,0,0,0,0,0,0,0,5,2,0,1,0,1,1,2,1,6,0,1,1,0,0,0,0,1,0,0,0,0,0,0,0,0,0,0,0,0,0,0,0,0,0,0,0,0,0,0,0,0,0,0,0,0,0,0,0,0,0,0,0,0,0,0,0,0,0,0,0,0,0
3067542400042100090,67,0,0,1,0,1,2,0,0,0,1,0,1,0,0,0,9,1,0,2,0,2,4,1,0,8,0,3,0,0,2,1,0,0,3,1,0,0,1,8,5,1,0,0,0,14,4,0,0,0,0,3,0,1,0,1,1,0,4,19,2,0,0,0,7,0,0,0,0,0,0,0,0,0,2,0,3,0,0,1,0,0,0,23,0,12,1,0,0,1,26,15,0,2,8,8,12,0,1,1,2,0,0,0,0,0,0,3,0,0,0,0,0,0,0,0,0,2,2,0,0,0,1,1,0,0,1,2,0,1,0,1,0,0,0,0,0,0,0,0,0,0,0,1,0,0,0,1,0,0,0,0,0,0,0,0,0,1,1,0,0,0,0,1,0,0,0,0,0,0,0,0,0,0,0,0,0,0,0,0
3067542400042100092,19,0,0,0,0,0,0,0,0,0,0,0,0,0,0,3,0,0,2,8,6,0,1,0,0,1,2,104,0,0,1,0,2,0,2,0,0,1,0,0,1,1,0,0,1,1,2,1,1,1,0,0,0,0,1,0,0,0,0,4,2,0,0,0,0,0,0,0,3,0,0,1,0,1,0,0,2,0,0,0,0,0,1,1,0,0,0,0,0,0,11,0,0,0,0,0,0,0,0,0,88,0,0,0,1,0,0,0,0,0,0,1,0,0,1,0,0,6,4,0,0,0,0,0,0,0,0,1,1,0,0,0,0,0,0,0,0,0,2,1,0,0,0,0,2,0,0,0,0,1,1,0,0,0,0,0,0,0,0,1,2,0,0,0,0,0,0,0,0,0,0,0,0,0,1,0,0,0,0,0
3067542400042100099,27,0,0,3,0,3,1,0,0,0,1,0,0,0,0,0,0,0,0,0,0,1,0,0,1,2,0,0,0,0,2,0,0,0,0,0,0,0,0,2,1,0,0,0,0,5,1,0,0,0,0,0,0,0,0,1,0,0,3,7,0,0,0,0,0,0,0,0,0,0,1,0,0,0,0,1,0,0,0,0,0,1,0,14,0,1,0,0,0,1,9,11,0,0,2,0,9,0,0,0,0,1,0,0,0,0,0,0,0,1,1,0,0,0,2,0,0,1,0,0,0,0,0,0,0,0,3,2,0,2,0,0,0,0,0,0,0,0,0,0,0,0,0,0,0,0,0,0,0,0,0,0,0,0,0,0,0,0,0,0,0,0,0,1,0,0,0,0,0,0,0,0,0,0,0,0,0,0,0,0
3067542400042100100,12,0,0,2,0,0,0,0,0,0,0,0,0,0,0,0,0,0,0,7,3,0,0,4,0,0,2,78,0,0,0,0,0,0,1,2,0,1,0,0,1,1,0,0,2,0,4,0,0,0,0,0,0,0,0,0,0,0,3,0,0,0,0,0,0,0,0,0,5,0,0,0,0,0,0,0,1,0,0,2,0,0,0,1,0,2,0,2,0,0,21,4,0,0,0,2,0,0,0,0,67,0,0,0,0,0,0,0,0,0,0,0,0,0,1,0,0,4,1,0,0,1,0,0,0,0,1,1,0,0,0,0,0,0,0,0,0,0,0,0,0,0,0,0,0,0,1,0,0,1,0,0,0,0,0,0,0,0,0,0,1,0,0,1,0,0,0,0,0,0,0,0,1,0,1,1,0,0,0,0
3067542400042200011,106,0,0,1,0,1,0,0,2,0,1,0,0,2,0,14,1,0,0,3,18,0,4,0,5,1,0,30,0,1,0,0,1,4,2,0,1,0,1,0,3,0,0,0,0,2,12,2,1,2,0,0,1,9,1,0,0,0,4,3,0,0,0,0,10,1,0,3,1,0,0,1,0,0,13,3,9,0,0,5,0,0,1,0,25,0,0,2,0,1,24,32,0,1,0,7,1,4,1,0,60,3,11,1,2,1,0,0,0,0,6,0,1,0,0,0,0,0,4,0,0,1,0,0,9,0,0,0,1,1,2,0,0,0,0,0,0,0,1,0,1,0,0,0,1,0,0,0,0,0,1,0,0,0,0,1,1,0,0,0,0,0,1,1,0,0,0,1,0,0,0,0,0,1,0,0,0,0,0,0
3067542400042200016,18,0,0,0,0,1,0,0,0,0,3,0,1,0,4,0,0,1,0,0,0,0,0,0,0,2,0,6,0,7,0,0,0,1,1,0,0,0,1,0,1,0,0,0,1,0,0,1,0,0,0,1,0,2,1,0,1,0,3,0,0,0,1,0,6,0,0,3,0,0,1,0,0,0,0,0,3,0,0,0,0,0,0,0,7,0,0,1,0,1,8,3,0,0,2,0,0,0,0,0,7,0,3,2,0,0,0,0,0,0,0,0,13,0,0,0,0,0,1,0,0,0,0,5,3,0,1,0,1,0,7,0,0,0,0,0,0,0,0,0,0,0,0,0,0,0,1,0,0,0,0,0,0,0,0,0,0,0,0,0,0,0,0,0,0,0,0,0,0,0,0,0,0,0,0,0,0,0,0,0
3067542400042200017,140,2,0,8,2,0,0,1,4,0,13,0,2,0,2,2,0,1,0,0,2,1,3,1,0,1,0,10,1,0,0,0,0,1,3,1,1,4,0,0,0,7,0,1,5,2,8,2,4,0,0,0,0,1,1,0,1,0,12,5,1,0,0,0,6,0,0,1,0,1,2,0,0,0,99,1,11,1,0,0,0,1,3,1,3,0,0,1,0,2,13,9,0,1,2,1,0,2,0,1,20,4,5,0,1,0,0,2,0,0,0,0,5,1,1,0,0,3,3,0,0,0,0,5,5,0,0,0,4,0,2,2,0,0,0,0,0,1,0,0,0,0,0,0,0,0,0,0,0,0,0,0,0,0,0,0,0,0,0,0,0,0,0,0,0,0,0,0,1,0,0,0,0,0,0,0,0,0,0,0
3067542400042200020,68,0,0,2,0,0,0,0,3,0,0,0,0,0,0,7,0,0,0,1,14,0,6,1,6,0,0,11,0,0,0,0,0,0,0,0,0,0,0,0,1,1,0,0,0,0,6,2,0,2,0,1,1,0,0,0,1,1,2,0,0,0,0,0,0,0,0,0,2,0,0,0,0,0,1,2,7,0,0,1,0,1,0,0,1,0,0,0,0,0,6,16,0,1,1,0,2,0,2,0,27,3,2,0,0,0,0,0,0,1,9,0,0,0,0,0,0,0,0,0,0,0,1,0,4,0,0,0,0,0,0,0,0,0,0,0,0,0,0,0,0,0,0,0,0,0,0,0,0,0,0,0,0,0,0,0,0,0,0,0,1,0,0,0,0,0,0,0,0,0,0,0,0,0,0,0,0,0,0,0
3067542400042200022,22,0,0,1,0,2,0,1,0,0,0,0,0,0,0,0,0,0,0,13,10,0,0,0,0,0,1,22,0,1,0,1,3,1,3,0,0,4,0,0,1,1,1,0,1,4,2,14,0,0,0,0,1,0,0,1,0,0,9,17,2,0,1,0,4,0,0,0,4,0,0,1,0,0,0,0,5,0,0,6,0,0,0,0,1,3,0,0,0,0,11,1,0,0,6,0,1,0,0,3,10,0,0,0,0,0,0,0,0,0,0,0,0,0,0,0,0,13,3,0,0,0,0,0,0,0,0,0,1,0,0,1,0,0,0,0,0,0,0,0,0,0,0,0,0,0,0,0,1,2,0,0,0,0,0,0,0,0,0,0,0,0,0,1,0,0,0,0,0,0,0,0,0,0,0,0,0,0,0,1
3067542400042200028,18,0,0,0,0,0,2,0,0,1,4,0,3,0,0,0,0,1,0,0,0,0,1,0,0,0,0,0,0,0,0,1,0,0,0,0,1,1,0,0,0,0,0,0,0,0,0,3,0,0,0,2,0,0,0,0,1,0,9,4,0,0,0,0,0,0,0,0,0,0,0,0,0,0,2,0,6,0,0,0,0,0,1,0,0,0,0,0,0,0,3,2,0,0,0,0,0,0,0,0,0,0,1,0,0,0,0,0,0,0,0,0,1,0,0,0,0,0,1,0,0,0,1,0,0,0,0,0,0,0,0,2,0,0,0,0,0,0,0,0,0,1,0,0,0,0,0,0,0,0,0,0,0,0,0,0,0,0,1,0,0,0,0,0,0,0,0,0,0,0,0,0,0,0,0,0,0,0,0,0
3067542400042200034,25,0,0,2,2,10,0,0,0,2,0,0,0,0,7,0,0,0,1,0,0,0,2,1,0,0,0,0,1,0,0,0,0,0,5,0,0,2,0,0,0,59,0,0,0,0,4,0,0,60,0,1,1,0,1,0,0,0,5,0,2,0,0,0,0,0,0,0,0,5,6,0,0,1,0,0,12,0,1,0,1,1,0,0,1,1,0,1,1,0,32,1,0,1,4,1,1,0,0,1,3,1,0,0,0,0,0,0,0,0,0,1,1,0,0,0,0,0,1,0,3,0,1,1,2,0,0,0,10,1,0,7,0,0,0,0,0,0,0,0,1,0,0,0,0,0,0,0,1,1,0,0,1,1,0,0,0,0,0,0,0,0,0,0,0,0,1,0,0,0,0,1,0,0,0,1,0,0,0,0
3067542400042200037,57,0,0,1,0,1,4,0,0,2,19,0,14,0,0,1,0,0,0,1,0,0,5,0,0,0,0,1,0,1,0,0,0,0,4,0,1,2,0,0,0,6,0,0,0,5,1,10,7,7,2,1,0,0,1,0,0,0,24,0,1,0,0,0,5,0,0,0,0,1,0,0,0,0,0,1,20,0,0,1,1,4,2,1,1,2,0,0,0,0,9,8,0,0,1,0,3,0,0,0,3,4,10,0,0,0,0,1,0,0,0,0,0,0,4,1,0,1,2,0,4,1,1,0,1,0,0,0,1,1,0,4,0,0,0,0,0,0,0,0,0,0,0,0,0,0,0,1,0,0,0,0,0,1,0,0,0,0,0,0,0,0,0,0,0,0,0,0,0,0,0,0,0,0,0,0,0,0,0,0
3067542400042200039,46,0,0,1,0,1,0,0,0,6,12,0,0,0,5,0,0,0,0,0,0,2,15,0,0,0,0,0,1,0,0,1,1,0,3,0,0,0,1,1,1,54,1,0,1,2,1,3,1,26,0,0,1,1,0,1,1,1,9,1,0,0,0,0,2,0,0,0,0,2,0,1,0,0,1,0,21,0,0,0,0,4,0,2,1,0,0,0,0,0,14,4,0,0,1,0,0,0,0,3,3,0,0,0,0,0,0,1,0,1,0,0,0,0,3,0,0,1,2,0,1,0,0,1,0,1,0,0,17,0,0,5,0,1,0,0,0,2,0,2,0,0,0,1,0,0,0,0,0,1,0,0,0,0,0,0,0,0,0,0,0,0,0,0,0,0,0,0,0,0,0,1,0,0,0,1,0,0,0,0
3067542400042200044,114,0,0,0,0,0,2,0,0,4,30,0,15,0,0,0,0,0,1,1,0,0,0,0,0,1,0,2,0,0,3,1,0,0,1,0,0,3,0,0,4,18,0,0,0,5,2,1,7,6,0,0,0,0,1,0,1,0,35,3,0,0,0,0,3,0,0,0,0,0,0,1,0,0,2,0,23,0,0,1,1,8,4,2,0,1,0,2,1,0,6,7,0,0,1,2,0,1,0,0,1,10,5,0,1,0,1,3,1,0,0,0,0,0,0,0,0,2,1,0,1,0,1,3,0,0,1,1,10,0,0,2,0,0,0,0,0,0,0,2,0,0,0,0,1,0,0,1,0,0,0,0,0,0,0,0,0,0,0,0,0,0,0,0,0,0,0,0,0,0,0,0,0,0,0,0,0,0,0,0
3067542400042200046,65,0,0,0,4,0,5,0,0,0,31,0,12,0,0,0,1,1,0,0,0,1,8,0,0,0,0,0,0,0,0,4,0,1,3,0,0,1,1,0,0,2,0,1,2,3,1,7,10,7,0,2,0,0,1,0,3,0,21,1,0,0,0,0,3,1,0,0,1,1,2,1,0,0,3,1,16,0,0,0,0,7,4,0,1,0,0,0,1,0,3,8,0,0,1,1,0,0,0,0,1,8,4,0,1,0,0,0,0,0,0,0,1,0,2,0,0,0,1,0,2,1,1,0,0,0,0,0,0,1,1,6,0,0,0,0,0,0,0,0,0,0,0,0,0,0,0,0,0,0,0,0,1,0,0,1,0,0,0,0,0,0,0,0,0,0,0,0,0,0,0,0,0,0,0,0,0,0,0,0
3067542400042200047,16,0,0,1,0,1,0,0,0,1,0,0,0,0,1,0,0,0,2,0,0,2,2,0,0,0,0,0,0,0,1,1,0,0,6,0,0,0,0,0,0,10,0,0,0,0,4,0,0,14,0,0,0,1,0,0,0,0,0,0,0,0,0,0,1,0,0,0,0,0,1,0,0,0,1,0,3,0,0,0,0,2,0,0,0,0,0,0,0,0,12,0,0,0,0,5,2,0,0,1,1,1,0,0,0,0,0,0,0,0,0,0,0,0,0,0,0,0,0,0,1,0,0,0,2,0,0,0,4,0,0,0,0,0,0,0,0,0,0,0,1,0,0,0,0,0,0,0,0,0,0,0,0,0,0,0,0,0,0,0,0,0,0,0,0,0,0,0,0,0,0,0,0,0,0,0,0,0,0,0
3067542400042200050,11,0,0,0,6,3,3,0,0,2,3,0,2,0,12,0,1,0,1,1,0,1,3,0,0,0,0,1,0,0,0,0,0,0,6,0,0,5,1,1,0,51,0,0,3,1,5,0,0,43,0,0,1,0,0,3,1,0,0,1,2,0,0,0,0,0,0,0,0,2,8,0,0,0,0,0,27,1,0,0,0,7,0,1,0,1,0,0,0,0,47,3,0,1,1,0,2,1,0,3,2,0,1,0,0,1,0,0,0,0,0,0,0,0,0,0,0,1,1,0,3,3,0,0,1,0,0,0,10,0,0,7,0,0,0,0,0,0,0,0,0,0,1,0,0,0,0,1,0,0,0,0,0,0,0,0,0,0,0,0,0,0,0,1,0,0,0,1,0,0,0,0,0,1,0,0,0,0,0,1
3067542400042200051,63,0,0,2,0,0,0,2,0,0,5,2,9,0,0,2,0,0,0,0,0,0,5,1,0,0,0,3,0,0,0,0,0,0,1,1,1,6,0,0,4,2,0,0,1,3,1,3,8,6,0,2,0,0,0,2,0,0,17,0,0,0,0,0,3,0,0,0,1,0,1,0,0,0,2,0,18,0,0,0,0,2,5,0,0,0,0,0,1,0,10,10,0,1,2,0,0,1,0,0,3,42,5,0,0,0,0,2,0,2,0,0,0,0,0,0,0,1,3,0,0,0,0,1,6,0,0,0,1,1,0,2,0,0,0,0,0,0,0,0,0,0,0,0,0,0,0,0,0,0,0,0,0,0,1,0,0,0,0,1,0,0,0,0,0,0,0,0,0,0,0,0,0,0,0,0,0,0,0,0
3067542400042200053,87,0,0,0,0,0,1,1,0,0,27,0,15,0,0,1,0,0,0,0,2,0,2,0,0,0,0,0,0,1,3,3,0,0,0,0,0,4,1,0,0,23,1,0,0,8,1,3,2,4,0,0,0,0,0,1,1,0,30,3,0,0,0,0,0,0,0,0,0,1,0,0,0,0,2,0,17,0,1,0,0,13,3,1,0,1,0,0,0,0,9,7,0,0,1,0,1,0,0,0,2,5,5,1,0,1,0,0,1,0,0,0,0,0,0,0,0,1,4,0,0,1,3,1,4,0,0,1,20,1,0,4,0,0,0,0,0,0,0,0,0,0,0,0,0,0,0,0,0,0,0,1,0,0,0,0,0,0,0,0,0,0,0,0,0,0,0,0,0,0,0,0,0,0,0,0,0,0,0,0
3067542400042200054,202,2,0,1,1,0,5,1,0,8,62,1,26,0,0,0,0,0,1,2,1,0,10,1,0,0,0,2,0,2,3,8,1,1,8,0,1,12,0,0,4,72,0,0,0,9,3,3,15,13,1,0,0,0,1,0,0,0,63,3,2,0,0,0,0,1,0,0,2,4,0,0,0,1,0,0,66,1,0,1,1,12,6,1,1,2,0,1,0,0,20,13,0,0,2,2,0,0,0,0,6,12,16,0,1,1,0,0,1,1,0,1,2,0,0,0,0,3,9,0,2,0,2,4,8,1,0,0,34,0,0,4,0,0,1,0,1,1,0,1,0,0,2,0,1,0,2,0,0,1,0,0,1,0,0,2,0,0,2,0,1,1,0,0,1,0,0,3,0,0,0,0,0,0,0,0,0,0,0,0
3067542400042200056,12,0,0,2,3,9,0,0,0,0,1,0,0,0,11,0,0,0,1,0,0,0,3,1,0,0,0,2,0,0,2,0,0,0,12,0,1,2,1,0,1,50,0,0,0,0,2,1,0,35,0,0,0,0,0,0,0,0,0,1,0,0,0,0,1,0,0,0,0,1,2,0,0,2,1,0,39,0,0,0,0,4,0,2,0,1,0,0,0,0,46,2,0,1,0,0,0,0,0,3,7,0,1,0,1,0,0,0,0,0,0,2,0,0,0,0,2,2,2,0,3,2,0,0,0,0,0,0,14,0,1,16,0,0,0,0,0,0,0,0,0,0,0,0,0,0,0,0,0,0,0,0,0,0,0,0,0,0,0,0,0,0,0,0,0,0,0,0,0,0,0,0,0,1,0,0,0,0,0,1
3067542400042200060,68,0,0,2,0,0,2,0,0,3,10,0,7,0,0,0,0,0,0,0,3,1,0,0,0,0,0,2,1,1,0,1,0,0,9,0,0,4,0,0,0,6,0,0,4,2,3,5,9,3,0,0,1,0,3,0,1,0,20,4,2,0,0,0,4,2,0,0,0,2,0,1,0,0,0,1,25,0,0,0,1,2,9,0,0,1,0,1,1,0,16,8,0,2,0,0,0,0,0,0,0,15,4,0,1,0,0,0,0,1,0,0,1,0,2,0,0,0,2,0,0,1,4,1,4,0,0,0,1,1,0,3,0,0,1,0,0,0,0,0,0,0,0,0,1,0,0,0,0,0,0,0,0,0,0,0,0,0,1,0,0,0,0,0,0,0,0,0,0,1,1,0,0,0,0,0,0,0,0,0
3067542400042200064,27,0,0,0,0,1,3,0,0,0,2,0,0,0,0,0,0,0,0,0,1,0,1,2,0,0,1,8,0,0,0,5,2,0,18,0,0,0,1,1,0,1,0,0,4,1,5,3,0,3,0,3,0,0,1,1,2,0,2,10,0,1,0,0,1,0,0,0,0,0,1,1,0,0,0,6,2,0,0,1,1,1,0,4,0,1,0,0,0,0,9,6,0,1,2,7,5,0,3,6,11,1,0,3,0,0,0,1,0,0,0,0,1,0,0,0,0,1,0,1,2,0,0,1,5,0,1,0,1,0,0,0,0,0,0,0,0,0,0,0,0,0,0,0,0,0,1,0,0,0,1,0,1,1,0,0,0,0,1,0,0,0,0,0,0,0,0,0,0,0,0,0,0,0,0,0,0,0,0,0
3067542400042200068,26,0,0,2,1,0,1,0,0,1,6,0,5,0,0,0,0,0,0,6,1,0,1,0,2,0,0,41,2,0,1,1,2,0,1,0,0,2,0,0,1,1,0,0,1,2,4,3,5,4,0,0,0,0,0,0,1,0,14,13,3,0,0,0,2,0,0,0,6,1,0,2,0,0,1,0,11,0,0,0,0,1,1,0,0,2,0,1,0,0,9,7,0,0,1,0,0,0,0,0,44,3,1,0,0,0,0,0,0,0,0,1,0,0,1,0,0,11,0,0,0,1,2,0,1,0,0,0,0,1,0,0,0,0,0,0,0,0,1,1,0,0,0,0,0,0,0,0,0,1,0,0,0,2,0,0,0,0,0,0,0,0,0,1,0,0,0,0,0,0,0,0,0,0,0,0,0,0,0,0
3067542400042200069,66,1,0,0,0,0,1,0,0,0,7,1,6,0,1,0,0,0,1,0,0,0,2,0,0,0,0,0,0,0,2,3,0,0,6,1,0,7,1,0,0,23,0,0,0,8,3,0,1,4,0,0,0,1,0,1,2,0,9,1,2,0,0,0,2,0,0,0,1,1,0,0,0,0,0,0,29,0,1,0,1,5,1,0,0,1,0,0,0,0,2,5,0,0,0,0,1,0,0,1,1,5,1,0,0,0,0,0,3,0,1,1,0,0,0,0,0,1,4,0,0,0,0,1,0,1,0,0,11,0,0,1,0,0,0,0,0,0,0,0,0,0,0,0,0,0,0,0,0,0,0,0,0,0,0,1,0,0,0,0,0,1,0,0,0,0,0,0,0,0,0,0,0,1,0,0,0,0,0,0
3067542400042200075,89,0,0,1,1,0,0,0,0,4,13,3,12,0,0,0,0,1,0,2,0,1,13,0,0,0,0,10,0,0,1,2,1,0,5,1,0,5,0,0,0,13,1,0,2,14,1,5,7,5,0,0,0,0,0,2,0,0,18,5,1,0,0,0,5,0,0,0,1,3,0,0,0,0,0,0,38,0,1,0,1,3,3,2,0,0,0,0,2,0,19,16,1,0,3,3,1,0,0,0,6,34,2,0,0,1,0,1,1,0,0,1,1,0,0,0,0,2,5,0,1,1,2,0,0,1,0,0,6,1,0,0,0,0,0,0,0,0,0,1,1,0,0,0,0,0,0,0,0,1,0,0,0,0,0,0,0,1,1,0,0,0,0,0,0,0,0,0,0,0,0,0,0,1,0,0,0,1,0,0
3067542400042200076,65,0,1,0,0,1,1,0,0,2,1,0,1,0,0,0,2,0,0,1,0,0,1,0,0,6,0,1,0,1,0,0,0,0,3,0,0,0,0,1,7,1,0,3,0,3,8,1,0,3,0,1,0,0,0,0,2,0,13,18,0,0,0,0,0,1,0,0,0,1,3,0,0,0,0,1,3,0,0,0,6,0,0,14,0,1,0,0,0,1,10,15,1,3,4,0,5,0,0,0,0,0,0,0,0,0,0,0,0,1,2,0,1,0,1,0,0,2,1,0,0,1,0,1,1,0,0,0,2,0,0,1,0,0,1,0,0,0,0,1,0,0,0,0,0,0,0,0,0,0,0,0,1,0,0,0,0,0,1,0,1,0,0,0,0,0,0,0,0,0,0,0,0,0,0,0,0,1,0,0
3067542400042200077,36,0,0,1,0,0,0,0,0,3,12,0,4,0,0,0,0,0,1,2,1,1,3,0,0,0,0,5,0,0,0,3,0,0,1,0,0,3,0,0,0,7,0,1,2,5,5,6,8,6,0,1,0,1,0,0,0,0,16,1,0,0,0,0,2,0,0,0,1,0,0,0,0,0,0,0,20,0,1,0,0,3,3,0,0,3,0,0,0,0,9,1,0,0,1,1,0,0,0,0,6,21,2,0,1,0,0,0,0,2,0,0,1,0,1,0,0,0,3,0,0,0,2,0,1,0,0,0,10,0,0,1,0,0,0,0,0,0,0,0,0,0,0,0,0,1,0,1,0,0,0,0,0,1,0,0,0,0,0,0,1,0,0,0,0,0,0,0,0,0,0,0,0,1,0,0,0,0,0,0
3067542400042200078,59,0,0,0,0,1,5,1,0,0,20,0,12,0,0,0,0,0,0,0,1,0,3,1,0,0,0,6,0,0,2,0,0,0,4,0,1,3,0,0,2,0,0,1,3,1,0,4,2,3,0,1,0,0,1,0,0,0,21,3,2,0,0,0,3,1,0,0,0,0,0,1,0,0,1,0,13,0,2,0,1,2,3,1,1,7,0,0,0,0,16,8,0,0,2,1,0,0,0,0,1,4,4,0,0,0,0,0,1,0,0,0,0,0,0,0,0,0,4,0,2,0,1,0,1,1,0,0,4,0,0,1,0,0,1,0,0,0,0,0,1,0,0,1,0,0,0,0,0,1,0,0,0,0,0,0,0,0,0,0,0,1,0,0,0,0,0,0,0,0,1,0,0,0,0,0,0,0,0,0
3067542400042200079,24,1,0,1,0,7,1,0,0,0,11,0,2,0,10,1,0,0,0,1,1,0,7,0,0,0,0,2,1,1,0,2,1,0,10,0,0,2,0,0,0,20,0,0,1,1,2,2,2,25,0,0,0,0,0,2,1,0,4,2,1,0,0,0,1,0,0,0,0,2,3,0,0,1,2,0,18,0,1,0,0,5,0,2,0,1,0,0,0,0,25,4,0,0,2,1,1,0,0,1,2,3,1,0,0,0,0,1,1,0,0,0,0,0,1,0,0,3,1,0,1,0,0,0,1,0,1,0,12,1,0,4,0,0,1,0,0,0,0,0,0,0,0,0,0,0,1,0,0,1,0,0,0,0,0,0,0,0,0,0,1,0,0,0,0,0,0,0,0,0,0,0,0,0,0,0,0,0,0,0
3067542400042200080,117,0,0,1,0,0,0,1,0,0,21,0,4,0,2,0,0,2,0,1,0,0,9,0,0,0,0,4,0,1,2,7,0,0,19,0,0,12,2,0,1,41,0,0,1,12,2,3,5,17,0,0,0,1,0,2,1,0,15,4,9,0,1,0,2,0,0,0,0,6,0,2,0,1,0,0,61,0,4,1,2,5,9,1,0,9,0,0,1,1,14,7,1,0,3,0,1,0,0,0,1,28,1,0,2,0,1,1,4,0,1,1,0,0,2,0,0,3,6,0,1,2,1,3,2,0,1,0,22,0,2,0,0,0,0,0,0,0,0,0,1,0,1,0,1,0,1,0,0,0,0,1,0,0,0,0,0,0,0,0,0,0,0,0,0,0,0,0,0,0,1,0,0,0,0,0,0,0,0,0
3067542400042200081,43,0,0,1,0,0,0,0,0,0,6,0,5,0,1,0,0,0,0,1,0,0,5,1,0,0,0,2,0,0,3,2,1,0,6,0,0,6,0,0,1,27,0,0,0,5,2,1,2,18,0,0,0,0,0,1,1,0,12,3,2,0,0,0,1,1,0,0,1,2,0,0,0,0,0,0,13,0,0,0,4,4,1,1,0,0,1,0,0,0,9,2,0,1,1,1,1,1,0,0,0,13,0,0,0,0,0,0,0,0,0,0,1,0,0,0,1,1,2,0,0,0,1,0,0,0,1,0,8,4,0,0,0,0,0,0,1,0,1,0,0,0,0,0,0,0,0,0,0,0,0,0,0,0,0,0,0,0,0,0,0,0,1,0,0,1,0,0,0,0,0,0,0,1,0,1,0,0,0,0
3067542400042200082,76,0,0,2,0,1,1,0,0,1,5,0,1,0,3,0,1,1,0,1,1,0,9,1,0,11,0,2,0,0,1,1,0,0,4,0,0,3,0,2,3,5,0,3,2,8,4,0,1,9,0,0,0,0,1,0,0,0,24,29,0,0,0,0,3,1,0,0,0,1,1,1,0,0,1,1,13,0,2,0,0,3,1,33,0,2,0,2,0,1,26,10,0,2,2,6,12,1,1,0,5,3,3,0,0,0,1,1,0,0,0,1,1,0,0,0,0,1,3,0,2,0,0,1,2,1,3,0,5,0,0,2,1,0,0,0,0,1,0,1,0,0,0,0,1,0,0,0,0,0,2,0,0,0,0,0,0,0,0,0,2,0,0,0,0,0,0,0,1,0,0,0,0,0,0,0,0,0,1,0
3067542400042200087,67,0,0,0,1,2,0,0,0,1,0,0,1,0,0,0,2,1,0,0,0,1,7,2,0,5,0,2,0,0,0,2,0,0,3,0,0,0,0,1,13,1,0,2,0,3,5,2,0,1,0,2,0,0,0,0,0,0,36,35,1,0,0,0,3,0,0,1,0,0,0,0,0,0,0,0,4,0,0,1,2,0,0,52,0,3,0,0,0,0,11,14,0,1,4,0,16,0,0,1,2,0,0,0,0,0,0,0,0,0,1,0,0,0,2,0,0,0,3,0,0,0,2,3,1,1,1,0,0,0,1,2,0,0,0,0,0,0,0,0,0,0,0,0,0,0,0,1,0,0,0,0,0,1,1,0,0,0,0,0,0,0,0,0,0,0,0,0,0,0,0,0,0,1,0,1,0,1,0,0
3067542400042200090,83,0,0,0,1,3,0,0,0,1,13,0,10,0,0,0,0,0,0,0,0,0,7,1,0,1,0,2,1,0,1,1,0,0,7,0,1,3,0,0,1,21,0,0,1,9,1,1,3,7,1,1,0,1,0,1,1,0,21,3,1,0,0,0,2,1,0,0,0,2,2,0,0,0,0,0,42,0,0,0,2,2,11,3,0,3,0,0,2,0,23,5,0,2,0,0,1,0,0,0,3,40,3,0,0,0,0,0,0,0,2,1,2,0,0,0,0,3,10,0,1,1,0,2,3,2,0,0,4,2,0,1,0,0,0,0,1,0,0,2,0,1,0,0,0,0,0,0,1,0,0,0,0,0,1,0,0,0,2,0,0,0,0,0,0,0,0,1,0,0,0,0,0,0,0,0,0,0,0,0
3067542400042200092,70,0,0,1,0,0,2,0,0,0,1,1,0,0,0,1,0,0,0,0,0,0,3,0,0,8,0,1,0,0,0,1,1,0,3,1,0,0,0,3,8,0,0,1,0,2,4,1,0,1,0,0,0,0,0,1,1,0,22,35,0,0,0,0,1,0,0,0,1,0,1,0,0,1,2,0,3,0,0,1,2,0,1,44,0,7,0,0,0,1,11,14,0,2,3,5,19,0,0,1,0,0,1,1,0,0,0,0,0,0,1,0,0,0,0,0,0,0,2,0,1,0,0,1,1,2,4,0,0,0,0,1,0,1,0,0,0,0,0,0,1,0,0,0,0,0,0,1,0,1,0,0,0,0,0,0,0,0,0,0,0,1,0,0,0,0,0,0,0,0,0,0,0,1,0,0,0,0,0,0
3067542400042200098,45,0,0,0,0,0,1,0,0,0,0,0,0,0,0,0,0,0,0,1,0,0,1,0,0,1,0,3,0,0,0,4,0,0,0,0,0,0,0,4,5,0,0,0,1,7,3,2,0,0,0,0,1,1,0,0,0,0,7,13,1,0,0,0,0,0,0,0,0,0,1,0,0,1,0,0,0,1,1,0,0,0,0,19,1,6,0,0,0,0,13,3,0,0,1,4,11,0,0,2,0,0,0,1,0,0,0,0,0,0,0,0,0,0,0,0,0,3,0,0,2,0,1,0,4,0,8,0,0,0,0,0,0,0,0,0,0,0,0,0,0,0,0,1,0,0,0,0,0,0,0,0,0,0,0,0,0,1,0,0,0,0,0,0,0,0,0,1,0,0,0,0,0,0,0,0,0,0,0,0
3067542400042200100,14,0,0,1,0,1,0,0,0,1,1,0,5,0,0,1,0,0,1,4,3,0,1,1,1,0,1,48,0,0,0,1,0,0,1,1,0,0,0,0,0,2,0,0,0,1,1,1,1,1,0,0,0,0,0,0,1,0,5,4,0,0,0,0,0,0,0,0,0,1,0,0,0,0,0,0,1,0,0,2,0,0,0,0,0,0,0,0,0,0,8,5,0,1,2,1,1,0,0,1,46,1,0,0,0,0,0,0,0,0,0,0,0,0,3,0,0,7,2,0,0,0,0,0,0,0,0,1,0,0,0,0,0,0,0,0,0,0,0,0,0,0,0,0,0,0,0,0,0,0,0,0,0,1,0,0,0,0,0,0,5,0,0,0,0,0,0,0,0,0,0,0,0,0,0,0,0,0,0,0
3067542400042200101,52,0,0,2,0,1,1,0,0,2,5,1,5,0,0,1,2,1,1,9,7,0,5,16,0,0,0,25,1,1,1,2,3,0,1,32,0,6,0,0,0,2,0,1,0,3,5,4,0,1,0,0,0,0,0,0,2,0,11,2,1,0,0,0,3,1,1,0,6,0,0,1,0,0,1,0,7,0,0,2,0,0,4,0,0,1,1,0,0,1,58,3,0,0,4,4,0,0,0,0,55,7,1,1,0,1,0,0,0,1,0,0,0,0,0,1,0,10,1,0,1,0,0,0,0,0,2,0,0,2,0,1,0,0,0,0,0,0,0,0,0,0,0,0,0,0,0,1,0,0,0,0,0,0,0,0,1,0,0,0,0,0,0,0,0,1,1,0,0,0,0,0,1,0,2,0,0,0,0,0
3067542400042200104,68,0,0,1,0,8,8,0,0,1,1,0,1,0,1,0,1,1,0,0,1,0,0,2,0,1,0,5,0,1,7,0,0,1,0,3,0,3,0,4,6,0,0,0,0,10,4,2,0,2,0,2,0,1,0,0,0,0,3,21,0,0,0,0,2,0,0,0,0,0,2,0,0,0,0,0,3,0,0,1,0,2,0,3,0,2,0,0,0,0,10,18,0,0,4,1,7,0,0,0,14,0,0,0,1,1,0,1,2,0,1,1,1,0,0,0,0,1,4,0,1,0,3,0,0,0,0,7,0,4,0,0,1,0,0,0,0,0,0,0,0,0,0,0,0,0,0,0,0,0,0,0,0,0,0,0,0,0,0,0,0,0,0,0,0,0,0,0,0,0,0,0,0,1,0,1,0,0,0,0
3067542400042200107,10,0,0,0,0,0,0,0,0,0,0,0,0,0,0,2,0,0,1,3,0,0,1,0,0,0,0,22,0,0,0,0,0,0,1,1,0,1,0,0,0,0,0,0,0,0,2,0,0,0,0,0,0,0,0,0,0,0,0,4,0,0,0,0,1,0,0,0,3,0,0,0,0,0,0,0,2,0,0,0,0,0,0,0,0,0,0,0,0,0,5,0,0,0,0,0,0,0,0,0,13,0,0,0,0,0,0,0,0,0,0,0,0,0,0,0,0,5,1,0,0,0,0,0,1,0,0,0,0,0,0,0,0,0,0,0,0,0,0,0,0,0,0,0,0,0,0,0,0,0,0,0,0,0,0,0,0,0,0,0,0,0,0,0,0,0,0,0,0,0,0,0,0,0,0,0,0,0,0,0
3067542400042300018,108,0,0,4,0,3,5,0,0,10,1,0,1,0,4,2,1,1,0,1,0,0,24,1,0,0,0,23,0,1,1,39,4,0,192,0,0,0,2,1,2,2,0,1,20,7,42,1,1,14,0,0,0,2,1,0,3,0,7,7,0,0,1,0,1,0,1,0,0,1,2,1,0,0,3,0,14,0,4,0,1,13,0,1,1,2,0,1,0,1,62,5,1,5,17,114,37,1,0,0,9,2,3,0,0,1,1,0,0,0,0,1,3,0,0,1,0,4,7,0,30,0,2,3,42,0,8,1,7,1,0,4,0,0,1,0,0,0,0,0,1,0,0,3,0,0,2,2,0,2,1,0,0,1,0,0,0,2,1,0,0,0,1,0,0,0,0,1,0,0,0,1,0,0,1,0,1,0,0,0
3067542400043100001,24,2,0,1,1,0,0,0,0,0,5,0,0,0,0,15,1,2,0,7,11,0,12,0,1,0,0,12,0,0,1,0,1,0,0,0,0,1,0,0,1,0,0,0,0,1,25,6,0,0,0,0,0,1,0,0,1,0,0,0,0,0,0,0,0,0,0,0,6,1,1,3,0,0,0,1,3,0,0,1,0,0,0,0,0,1,0,0,0,0,3,0,0,0,0,1,1,1,0,0,13,0,0,0,0,0,0,0,0,0,0,0,0,0,0,0,0,12,23,0,0,1,0,0,0,2,0,0,2,0,0,0,0,0,0,0,0,0,0,0,0,0,0,0,0,0,0,0,0,0,1,0,0,1,0,0,0,0,0,0,0,0,0,1,0,0,0,0,0,0,0,0,0,0,0,0,0,0,0,0
3067542400043200013,19,0,0,2,0,0,0,0,0,0,2,0,0,0,0,4,1,0,0,6,3,0,0,1,5,1,0,35,0,0,1,0,0,0,1,0,0,0,0,0,1,2,0,0,0,2,6,12,0,1,0,0,0,0,0,0,1,0,1,5,0,0,0,0,1,0,0,0,2,2,0,0,0,0,0,0,2,0,0,1,0,0,1,0,0,3,0,0,0,0,3,0,0,2,0,1,0,0,0,0,27,0,0,0,1,0,0,0,0,0,0,0,0,0,1,0,0,7,20,0,0,0,0,1,1,0,0,0,0,0,0,0,0,0,1,0,0,1,0,0,0,0,0,0,0,0,0,0,0,0,0,0,0,0,0,0,0,0,0,0,1,0,0,1,0,0,0,0,0,0,0,0,0,0,1,0,0,0,0,0
