cell,eef2b,gata5,tbx1,spi1b,aplnra,prdm1a,meis3,stmn1a,yrk,her6,fn1b,tbx16,meox1,hand2,mef2cb,cldnb,dla,otx2b,tnnc1a,cfl1l,cldn7b,zic2a,fstl1a,bmp6,cd9b,nova2,nkx2.5,krt18a.1,myl7,dusp5,hes6,sparc,pdlim1,tal1,serpinh1b,bmp4,jdp2b,efnb2a,tnnt2a,mdkb,ptmaa,rbfox1l,nkx2.7,cdh11,ccn1,fabp3,btg1,lsp1a,angptl7,ttn.2,foxd1,hoxb3a,atp2a2a,sox7,twist1a,podxl,fthl27,rarga,mdka,cdx4,cxcl12a,gdf3,rac2,fzd8b,marcksl1a,sfrp5,fibina,fli1b,epcam,hspb1,smtnl1,fhl2a,foxl2a,actc1a,blf,loxl2a,emp2,egfl6,rasl11a,fermt1,fsta,plpp1a,aldh1a2,sox3,etv2,hoxb1b,her15.1,fli1a,cxcl12b,bambia,akap12b,hoxb9a,cyp26c1,hoxb7a,rbms2b,her9,irx1b,tmem88a,kirrel1b,ackr3b,krt8,rdh10a,colec12,ndnf,lmx1bb,pitx3,rspo3,pdgfra,hey1,msgn1,met,thbs2b,cdh5,twist1b,kazald2,myh7,cthrc1a,pfn1,apoc1,tnfaip6,apela,nrp2a,meis2a,elmo1,cnn3a,vox,irx3a,cdc42ep4a,rbm24a,nid1b,clec14a,pltp,foxi1,Blank-0,Blank-1,Blank-2,Blank-3,Blank-4,Blank-5,Blank-6,Blank-7,Blank-8,Blank-9,Blank-10,Blank-11,Blank-12,Blank-13,Blank-14,Blank-15,Blank-16,Blank-17,Blank-18,Blank-19,Blank-20,Blank-21,Blank-22,Blank-23,Blank-24,Blank-25,Blank-26,Blank-27,Blank-28,Blank-29,Blank-30,Blank-31,Blank-32,Blank-33,Blank-34,Blank-35,Blank-36,Blank-37,Blank-38,Blank-39,Blank-40,Blank-41,Blank-42,Blank-43,Blank-44,Blank-45,Blank-46
3068576400044100107,72,8,0,1,0,0,2,0,0,0,0,0,0,2,0,2,0,0,1,23,5,0,5,2,7,0,0,70,0,0,0,2,3,0,4,1,0,1,1,0,2,5,1,0,1,2,28,12,0,0,0,0,2,1,1,1,2,1,2,0,0,0,0,0,2,6,0,0,1,12,0,0,0,0,0,2,5,1,0,12,0,5,0,0,0,0,0,1,0,3,44,0,0,0,4,2,1,0,0,0,50,0,1,0,1,1,0,4,0,0,0,1,1,0,0,0,0,36,112,0,0,0,0,0,5,0,0,0,2,0,0,0,1,0,0,0,0,0,0,0,0,0,0,0,0,0,0,0,0,1,0,0,0,1,0,0,0,0,0,0,2,0,0,1,0,0,0,1,0,0,0,0,0,0,0,0,0,0,0,0
3068576400044100112,48,3,0,2,0,0,0,0,0,0,0,0,0,0,0,21,0,1,0,13,12,0,1,0,2,0,2,68,1,0,0,1,0,0,1,0,0,0,0,0,1,3,1,0,1,3,17,15,0,0,0,1,0,0,0,0,2,0,0,1,0,0,0,0,0,0,0,0,2,3,1,1,0,1,1,0,0,0,0,0,0,2,0,0,0,1,1,0,0,1,8,0,0,0,1,1,0,0,0,0,68,0,0,0,0,0,0,1,0,0,0,0,0,0,2,0,0,2,37,0,0,0,0,0,3,2,1,1,1,0,0,0,0,0,0,0,0,0,0,1,3,0,0,0,0,0,0,0,0,0,0,0,0,0,0,0,0,0,0,0,2,0,0,1,0,0,1,0,0,0,0,1,0,0,0,0,0,0,0,0
3068576400044100115,24,5,1,1,1,0,1,0,0,0,0,0,0,1,0,1,0,0,0,5,3,0,1,0,3,0,0,6,0,0,0,1,4,0,1,0,0,0,0,0,2,0,0,0,0,0,11,14,0,0,0,0,0,0,0,0,0,0,0,0,0,0,0,0,0,1,0,0,1,3,0,0,0,0,0,0,0,0,0,1,0,0,1,0,0,0,0,0,0,2,6,0,0,0,2,0,0,0,0,0,6,1,0,0,0,0,0,0,0,1,0,0,0,0,0,0,0,19,27,0,0,1,1,0,3,1,3,0,1,0,1,0,0,0,0,0,0,0,0,0,0,0,0,0,0,0,0,0,0,0,0,0,0,0,0,0,0,0,0,0,0,0,0,0,0,0,0,0,0,0,0,0,0,0,0,0,0,0,0,0
3068576400044100123,41,5,0,0,0,0,0,0,0,1,0,0,0,3,0,5,0,4,0,10,4,0,2,0,7,0,0,33,0,0,0,0,0,0,2,0,0,0,0,0,0,0,0,0,0,2,10,15,0,0,1,0,0,0,2,0,0,1,0,0,1,0,0,0,2,2,0,0,2,6,0,1,0,0,0,0,0,0,0,0,0,4,0,1,0,0,0,0,0,2,10,0,0,0,2,0,0,0,0,0,17,0,0,0,1,0,0,0,0,0,0,0,0,0,1,0,0,14,42,0,0,0,0,0,3,1,0,0,1,0,0,0,0,0,0,0,0,0,0,0,0,0,0,0,0,0,0,0,0,0,0,0,0,0,0,0,0,0,0,0,2,0,0,0,0,0,0,0,0,0,0,0,0,0,1,0,0,0,0,0
3068576400044200111,85,4,1,4,0,0,1,0,1,0,0,0,1,0,0,14,0,2,0,37,19,1,6,4,4,0,1,134,0,0,0,2,6,0,4,0,1,3,1,2,2,6,5,0,6,4,14,7,0,0,0,0,1,0,0,0,0,1,0,1,0,1,0,0,4,8,1,0,5,6,2,1,0,0,0,0,2,0,0,10,1,4,0,0,0,0,2,3,1,3,77,0,1,0,4,0,2,0,0,0,49,0,1,0,0,1,1,1,0,1,0,0,0,0,1,0,0,56,80,0,0,0,0,1,4,1,1,0,3,0,0,0,7,0,0,1,0,0,1,0,1,0,0,1,0,0,0,0,0,1,0,0,0,0,0,0,0,1,0,0,1,0,1,0,0,0,0,0,1,0,0,0,0,0,0,0,0,0,0,0
3068576400044200113,9,1,0,0,0,0,0,0,0,0,0,0,0,0,0,2,0,1,0,16,3,0,1,0,2,0,0,78,0,0,0,0,3,0,1,0,0,0,0,0,0,2,0,0,0,1,6,1,0,0,0,0,0,1,0,1,0,0,0,0,0,0,0,0,1,1,0,0,3,0,0,1,0,0,0,0,0,0,0,1,0,2,0,0,0,0,0,0,0,0,7,0,1,0,1,0,0,1,0,0,35,0,0,0,0,0,0,0,0,0,0,0,0,0,0,0,0,10,4,0,0,0,0,0,0,0,0,0,0,0,1,0,4,0,0,0,0,0,1,0,0,0,0,0,0,0,0,0,0,1,0,0,1,0,0,1,1,0,0,0,0,0,0,0,0,0,0,0,0,0,0,0,0,0,0,0,0,0,0,0
3068576400044200116,9,0,0,1,0,0,1,0,0,0,0,0,0,0,0,0,0,0,0,1,1,0,0,0,0,0,0,18,0,0,0,0,0,0,2,0,0,0,0,0,0,0,0,0,0,0,2,2,0,0,0,0,0,0,0,0,0,0,1,0,0,0,0,0,1,0,0,0,0,1,0,0,0,0,0,0,0,0,0,1,0,0,0,0,0,0,0,0,0,0,2,0,0,0,1,0,0,0,0,0,20,1,0,0,0,0,0,0,0,0,0,0,0,0,0,0,0,6,2,0,0,0,0,0,1,0,0,0,0,0,0,0,1,0,0,0,0,0,0,0,0,0,0,1,0,0,0,0,0,0,0,0,0,0,0,0,0,0,0,0,0,0,0,0,0,0,0,0,0,0,0,0,0,0,0,0,0,0,0,1
3068576400044200119,12,1,0,0,0,0,0,0,0,0,0,0,0,0,0,0,0,0,0,1,0,0,1,1,0,0,0,3,0,0,0,0,0,0,1,0,0,0,0,0,1,1,1,0,0,0,1,1,0,0,0,0,0,0,0,0,1,0,0,0,0,0,0,0,3,3,0,0,0,2,0,0,0,0,0,0,0,0,0,1,0,1,0,0,0,0,0,0,1,0,0,0,0,0,1,0,0,0,0,0,5,0,0,0,0,0,0,1,0,0,0,0,0,0,0,0,0,3,33,0,0,1,0,0,1,0,0,0,0,0,0,1,0,0,0,0,0,0,0,0,1,0,0,1,0,0,0,0,0,0,0,0,0,0,0,0,0,0,0,0,0,0,0,0,0,0,0,0,0,0,0,0,0,0,0,0,0,0,0,0
3068576400044200120,43,2,0,3,0,0,0,0,0,1,0,1,0,0,0,2,0,2,0,12,12,0,2,1,2,1,0,89,1,0,0,1,2,0,1,1,0,1,0,0,1,1,1,0,0,1,9,7,0,0,0,0,1,0,0,0,0,0,0,0,0,0,0,0,3,1,0,0,2,7,0,0,0,0,0,0,0,0,0,0,0,1,0,0,0,0,0,0,0,0,5,0,0,0,2,5,0,0,0,0,24,0,0,0,0,0,0,1,0,0,0,0,0,0,0,1,0,11,47,0,0,0,0,0,2,0,0,0,1,0,1,0,2,0,0,0,0,0,1,0,2,0,0,0,0,0,1,0,0,0,0,0,0,0,0,0,0,0,0,1,0,0,0,0,0,0,0,0,1,0,0,0,0,0,0,0,0,0,0,0
3068576400044200124,37,1,0,2,0,0,0,1,0,0,0,0,0,0,0,44,1,2,0,5,20,0,0,0,2,0,0,19,0,0,0,0,0,0,0,0,0,1,0,0,0,0,0,0,1,11,23,12,0,0,0,0,0,0,0,0,2,0,0,1,0,0,0,0,0,0,0,0,6,0,1,1,0,0,0,1,1,0,0,2,0,0,1,0,0,0,0,0,0,0,2,0,0,1,2,2,0,0,1,0,28,0,0,0,0,0,0,0,0,1,0,0,0,0,0,0,0,4,7,0,0,2,0,0,0,0,1,0,1,0,0,0,0,1,0,0,0,0,1,0,0,0,0,0,0,0,3,0,0,0,0,0,0,1,0,0,0,0,0,0,0,0,0,0,0,0,2,0,0,0,0,0,0,0,1,2,1,0,0,0
3068576400044200127,33,13,0,2,0,0,1,0,0,0,0,0,0,0,0,3,0,1,0,0,1,0,0,0,2,0,0,8,0,0,0,0,1,0,0,0,0,0,0,0,0,0,0,0,0,1,11,15,0,0,0,0,0,0,0,0,0,0,0,1,0,0,1,0,1,0,0,0,0,6,0,0,0,0,0,0,0,0,0,1,0,3,0,0,0,0,0,0,1,2,0,0,0,0,0,0,0,0,0,0,3,0,0,0,0,0,0,0,0,0,0,0,0,0,1,0,0,0,60,0,0,0,0,0,14,3,0,0,1,0,0,0,0,0,0,0,0,0,0,0,2,0,0,0,0,0,0,0,0,0,0,0,0,0,0,0,0,0,0,0,0,0,0,1,0,0,0,0,0,0,0,0,0,0,0,0,0,0,0,0
3068576400045100179,36,0,0,3,1,0,0,0,0,0,0,0,0,1,0,1,0,1,0,15,6,0,0,0,1,1,0,122,0,0,0,0,0,0,1,0,0,1,0,0,0,0,4,0,1,2,5,1,0,0,0,0,2,0,0,1,1,0,0,0,1,0,0,0,3,2,0,0,3,0,0,1,0,0,1,0,2,0,0,2,0,0,0,0,0,0,0,0,2,0,19,0,0,0,0,0,0,0,1,0,25,0,1,0,0,0,0,0,0,0,0,0,0,0,0,0,0,13,2,0,0,1,0,0,3,2,0,0,0,1,0,0,2,0,0,0,0,0,0,0,0,0,0,0,0,0,0,0,0,0,0,0,1,0,0,0,0,0,0,0,1,0,0,0,0,0,1,0,0,0,0,0,0,0,0,0,0,0,0,0
3068576400045100181,52,1,0,4,0,0,0,0,0,0,0,0,0,2,0,4,0,2,1,16,5,0,2,0,4,1,0,74,0,0,1,2,1,0,5,0,1,5,2,0,3,1,1,0,8,0,11,2,0,0,0,0,0,0,0,0,1,0,1,1,0,0,0,0,5,3,0,0,4,2,0,0,0,0,1,1,2,2,0,2,0,0,2,0,0,1,0,1,0,5,41,0,0,1,2,3,0,0,0,0,16,0,0,0,0,0,1,0,0,0,0,0,0,0,3,0,0,21,37,0,0,2,1,0,3,0,0,1,3,0,2,0,7,0,0,0,0,0,0,0,0,0,0,0,0,0,0,0,0,1,0,0,0,0,0,0,0,0,0,0,0,0,0,0,0,0,0,0,0,0,0,0,0,0,1,0,0,0,0,0
3068576400045100183,50,15,0,3,1,0,1,0,0,0,0,0,0,17,0,0,0,2,0,8,3,2,2,5,1,0,0,46,1,0,0,2,1,0,6,2,0,1,11,0,2,9,1,2,0,0,14,1,0,5,0,0,4,0,0,8,2,0,3,1,0,1,0,0,2,3,0,0,0,1,4,1,0,0,0,0,1,0,1,3,0,1,0,0,1,0,0,0,1,7,39,0,0,0,2,1,2,0,0,0,29,0,1,0,1,0,0,6,0,0,0,0,0,0,0,0,0,12,15,0,0,1,0,2,10,4,1,0,0,2,0,0,2,0,1,0,0,0,1,1,1,0,0,0,0,0,0,0,0,0,0,0,0,0,0,0,2,1,0,0,1,0,0,0,0,0,1,0,0,0,1,1,1,0,0,0,0,0,0,1
3068576400045100185,46,18,2,3,0,0,1,0,0,0,0,0,0,10,2,1,0,1,0,5,3,0,5,1,1,1,0,33,5,0,0,2,1,0,4,4,0,0,21,1,3,52,1,3,0,1,17,5,0,15,0,0,8,0,0,9,2,0,4,0,0,1,0,0,4,4,0,0,0,2,4,2,0,0,0,0,3,0,1,2,0,0,0,5,1,0,0,0,1,6,39,0,2,0,3,2,0,0,1,0,25,3,2,0,1,0,1,5,0,0,0,0,0,0,1,1,0,9,6,0,0,0,0,0,9,1,1,0,5,0,0,0,0,0,1,0,0,0,0,0,0,0,0,1,0,0,1,0,0,0,1,1,0,0,0,0,0,1,0,0,0,1,0,0,0,0,0,0,0,0,0,1,0,0,0,0,1,1,1,0
3068576400045100188,86,0,0,3,0,0,1,0,0,2,0,0,0,0,0,2,0,0,0,5,5,1,0,5,0,1,0,22,0,0,1,1,0,1,2,0,0,1,0,6,1,1,0,0,0,4,7,2,0,0,0,0,1,0,0,0,1,0,1,0,0,0,0,0,5,1,0,0,1,1,0,0,0,0,0,0,3,1,0,0,1,0,0,1,0,0,0,0,0,0,15,0,0,0,3,4,3,0,0,0,38,0,1,0,0,1,0,5,0,0,0,0,0,0,1,0,2,3,1,0,0,2,0,2,0,0,0,0,0,1,0,0,0,0,0,0,0,0,0,1,0,0,1,1,0,0,0,1,0,0,0,0,0,0,0,0,0,0,0,0,1,0,0,1,0,0,0,0,0,0,0,0,0,0,0,0,0,0,0,0
3068576400045100189,45,0,0,1,0,2,1,0,2,1,0,0,0,0,2,8,3,2,0,17,6,0,0,0,0,0,1,72,0,0,0,2,1,0,1,0,0,3,0,3,3,1,0,0,0,0,9,0,0,0,0,0,0,0,0,1,3,0,1,0,0,0,0,1,4,0,0,0,2,0,1,0,0,0,0,0,4,0,0,3,0,0,2,1,0,0,0,1,0,0,11,0,1,0,0,2,2,0,0,0,96,1,1,0,2,0,0,9,0,0,0,0,0,2,0,0,0,7,0,0,1,1,0,0,2,0,0,2,0,0,0,0,3,0,0,0,0,0,3,0,0,0,0,0,0,0,0,0,0,1,0,0,1,0,0,0,0,0,0,0,3,0,0,0,0,0,0,0,0,0,1,0,0,0,0,0,0,0,0,1
3068576400045100192,87,0,0,1,0,0,3,0,0,0,1,0,0,1,1,2,1,0,0,3,3,11,1,5,0,3,0,44,1,0,2,3,1,0,5,0,0,6,0,26,7,1,0,1,0,8,3,2,0,0,1,0,1,0,0,0,0,0,16,0,0,0,0,0,5,0,1,0,2,0,1,0,0,0,0,0,5,2,0,1,2,1,0,4,0,1,0,1,0,0,31,0,1,0,1,6,10,0,0,2,40,1,0,0,3,0,1,2,0,0,0,0,1,0,0,0,0,7,2,0,0,2,0,0,6,0,1,0,0,0,0,0,0,1,0,0,0,0,0,0,0,0,0,0,0,0,0,0,0,0,0,0,1,0,0,0,0,0,0,0,0,0,0,0,0,0,0,0,0,0,0,0,0,0,0,0,0,0,0,0
3068576400045100201,22,2,0,0,0,0,0,0,0,4,0,0,0,1,1,2,0,0,0,4,4,0,2,3,0,0,0,84,0,1,0,1,0,0,1,1,0,3,3,0,3,4,2,0,1,0,7,4,0,2,0,0,0,0,0,0,0,0,0,0,0,2,0,0,4,1,0,0,4,0,0,1,0,0,0,0,1,0,0,5,0,0,1,3,0,0,0,2,2,0,10,0,0,0,4,1,1,0,0,1,40,1,0,1,0,1,0,1,0,0,0,0,0,0,0,1,0,6,3,0,0,0,0,1,1,1,1,0,0,0,0,0,3,0,0,0,0,0,2,0,1,0,0,0,0,0,0,0,0,0,0,1,0,0,1,0,0,0,0,0,1,0,0,0,0,0,1,0,0,0,0,0,0,0,1,0,0,0,0,0
3068576400045100202,72,1,0,0,0,0,1,0,0,0,0,0,0,0,0,1,1,0,0,0,0,13,0,1,0,5,0,2,0,0,0,0,0,0,0,1,1,5,0,12,1,0,0,1,6,8,3,1,0,0,0,0,0,0,0,0,4,0,13,0,0,0,0,0,4,2,0,0,0,1,1,1,0,0,2,0,10,0,0,0,0,0,0,5,0,0,0,0,0,1,16,0,0,0,1,23,3,1,0,0,3,0,0,0,0,2,7,0,0,0,0,0,0,0,1,0,0,0,0,0,0,0,0,0,3,0,0,0,0,1,0,1,0,0,0,0,0,0,0,0,1,0,0,0,0,1,0,1,0,0,0,0,0,0,2,0,0,1,0,0,0,0,0,0,0,0,0,0,0,0,0,0,0,0,0,0,0,0,0,0
3068576400045100203,32,1,0,3,0,0,0,0,0,0,0,0,0,0,1,1,0,0,0,6,4,0,1,1,3,0,0,100,0,0,0,0,1,0,2,0,0,0,0,0,0,2,0,0,0,0,7,0,0,3,0,0,0,0,0,0,0,0,0,0,0,0,0,0,1,1,0,0,1,0,0,1,0,0,0,1,0,0,0,1,0,1,0,3,0,0,0,1,1,0,18,1,0,0,1,3,0,0,0,0,80,1,0,0,0,0,0,0,1,0,0,0,0,0,0,0,0,0,1,0,1,0,0,0,0,0,1,1,0,0,0,0,1,0,0,0,0,1,1,0,0,0,0,0,0,0,0,0,0,0,0,0,0,0,0,0,0,0,0,0,2,0,0,0,0,0,0,0,0,0,0,0,0,0,0,0,0,0,0,0
3068576400045100205,69,0,0,0,1,0,2,0,0,0,1,0,0,0,0,0,0,0,0,0,1,9,1,0,0,3,0,1,0,0,1,1,0,0,0,0,0,3,0,18,5,0,0,0,0,9,0,1,0,0,0,0,0,0,0,0,1,0,9,0,1,0,0,0,3,0,0,0,0,0,0,1,0,0,1,1,0,0,0,0,1,0,0,6,0,0,0,0,0,1,12,0,0,0,1,0,13,0,0,1,1,0,0,0,1,0,0,0,0,0,0,0,0,0,0,0,0,1,2,0,0,1,0,0,2,0,11,0,0,0,0,0,0,0,0,0,0,0,0,0,0,0,0,0,0,0,0,0,0,0,0,0,0,0,0,0,0,0,0,0,0,0,0,0,0,0,0,0,0,0,0,0,0,0,0,0,0,0,0,1
3068576400045100207,47,0,1,0,0,0,0,0,0,1,0,0,0,3,0,4,1,0,1,3,7,0,9,2,0,0,5,56,0,0,0,1,0,0,6,4,0,10,1,0,2,2,5,0,0,0,4,3,0,3,0,0,1,0,0,1,1,1,1,0,0,1,0,0,2,1,0,0,1,0,0,1,0,0,0,0,2,0,0,3,1,0,0,5,0,0,0,0,0,1,12,0,0,0,1,1,0,0,0,2,48,0,1,1,0,0,0,1,1,0,0,0,2,0,0,1,0,3,1,0,1,2,0,1,6,0,1,1,2,2,0,1,13,0,0,0,1,0,1,0,0,0,0,0,0,0,0,0,0,2,0,0,1,1,0,0,0,0,0,0,0,0,0,0,1,0,0,0,0,0,0,0,0,0,1,0,1,0,1,0
3068576400045100209,88,0,0,1,0,1,1,0,0,1,0,1,0,0,2,0,0,0,0,0,0,10,0,1,0,4,0,3,0,0,2,2,0,0,2,0,1,5,1,19,5,0,0,0,0,14,3,3,0,0,0,0,0,0,0,0,2,0,25,0,0,0,0,0,2,0,0,0,0,0,1,0,0,0,3,1,0,0,0,0,6,0,0,11,0,1,0,0,0,0,13,0,4,0,2,25,37,1,0,2,1,0,0,0,2,0,0,0,0,0,2,0,0,0,0,0,0,0,2,0,0,3,0,0,0,0,12,0,1,0,0,0,0,0,0,0,0,0,0,0,0,0,0,0,0,0,0,0,0,0,0,0,0,0,0,0,0,0,0,0,0,0,1,0,0,0,0,0,0,0,0,0,0,1,0,0,0,0,0,0
3068576400045100211,5,0,0,0,0,0,0,0,0,0,0,0,0,0,0,0,0,0,0,3,1,0,0,0,1,0,0,23,0,0,0,0,0,0,1,0,0,0,0,0,0,0,0,0,0,1,0,0,0,0,0,0,0,0,0,0,0,0,0,0,0,0,0,0,0,0,0,0,0,0,0,0,0,0,0,0,0,0,0,0,0,1,0,0,0,0,0,0,0,0,2,0,0,0,0,0,0,0,0,0,12,0,0,0,0,0,0,0,0,0,0,0,0,0,0,0,0,0,0,0,0,0,0,0,0,0,0,0,0,0,0,0,0,0,0,0,0,0,0,0,0,0,0,0,0,0,0,0,0,0,0,0,0,0,0,0,0,0,0,0,0,0,0,0,0,0,0,0,0,0,0,0,0,0,0,0,0,0,0,0
3068576400045100217,66,0,0,0,0,0,1,0,0,0,0,0,0,0,0,0,0,0,0,2,0,9,2,0,0,2,0,2,0,0,0,0,0,0,0,0,0,5,0,16,2,0,0,1,2,6,3,1,0,0,0,0,0,0,0,3,0,0,13,0,1,0,0,0,2,0,0,0,1,0,1,0,1,0,1,0,1,0,0,0,0,0,0,16,0,0,0,0,0,0,15,0,1,0,2,19,18,1,0,0,0,0,1,0,1,0,0,1,0,0,1,0,0,1,2,0,0,1,1,0,0,1,0,2,2,0,13,0,0,0,0,0,0,0,1,0,0,0,1,0,0,0,0,0,0,0,0,0,0,0,0,0,0,0,0,0,0,0,0,0,0,0,0,0,0,0,0,0,0,0,0,0,0,0,0,0,0,0,0,0
3068576400045100219,27,21,1,0,1,1,0,0,0,0,0,0,0,12,20,1,0,0,1,2,0,0,2,5,0,0,1,3,2,0,0,0,1,0,0,7,0,0,33,0,0,63,1,1,1,2,16,9,0,12,0,0,3,1,0,17,1,0,4,0,0,2,0,0,3,1,0,0,0,0,4,5,0,0,2,0,0,1,0,0,0,0,0,1,1,1,0,0,1,6,19,0,0,0,0,0,0,0,0,0,9,0,1,0,0,0,0,0,0,0,0,0,0,2,1,2,0,2,12,1,0,0,0,2,0,1,2,0,6,0,0,0,0,0,1,0,0,0,2,1,0,0,0,0,0,0,0,0,0,1,0,0,0,0,0,0,0,0,0,0,0,0,1,1,0,0,0,0,0,0,0,1,0,1,0,0,0,0,0,0
3068576400045100221,106,0,0,0,0,0,3,0,0,0,0,1,0,0,0,0,0,0,0,0,0,11,1,2,0,5,0,0,0,1,1,1,0,1,0,0,0,7,0,14,0,0,0,0,0,10,3,0,0,0,1,0,0,0,0,0,1,0,10,0,0,0,0,0,4,1,0,0,0,0,1,0,0,0,3,0,1,0,0,0,0,0,0,8,0,0,0,0,0,1,20,0,0,0,0,3,11,0,1,2,1,0,0,0,1,0,0,0,0,0,0,0,0,0,1,0,0,1,1,0,1,0,0,2,2,0,1,0,0,0,0,0,1,0,0,0,0,0,0,0,0,0,0,0,0,0,0,0,0,0,0,0,0,0,0,0,0,0,0,0,0,0,0,0,0,0,0,0,0,0,0,0,0,0,0,0,0,0,0,0
3068576400045100222,37,0,0,1,0,0,0,0,0,3,0,0,1,0,0,0,0,0,0,2,3,2,0,13,1,0,0,17,0,0,0,0,3,0,7,1,0,4,0,1,3,0,0,1,3,3,0,0,0,0,0,0,0,0,0,0,0,0,3,0,0,0,0,0,3,1,0,0,1,0,0,0,0,0,1,0,1,0,1,2,0,0,0,1,0,0,0,0,0,0,47,0,0,0,2,10,3,0,0,0,22,0,0,0,1,0,1,0,0,0,0,0,0,0,0,0,0,6,1,0,0,1,0,0,1,0,0,0,0,0,0,0,1,0,0,0,0,0,0,1,0,0,0,0,0,0,1,0,0,0,1,1,0,0,0,0,0,0,0,0,0,0,0,0,0,0,0,0,0,0,0,0,0,0,0,0,0,0,0,0
3068576400045100225,61,0,0,0,0,0,4,0,0,1,0,0,0,0,0,0,0,0,0,1,0,7,0,1,0,4,0,0,0,0,0,0,0,1,2,0,0,3,0,15,6,0,0,0,0,6,1,1,0,0,0,0,0,0,0,0,1,0,8,1,0,0,0,0,4,0,0,0,0,0,0,1,0,0,2,0,1,0,1,0,3,0,0,5,0,0,0,0,0,0,13,0,1,0,1,2,13,0,1,0,1,0,0,0,0,0,4,0,0,0,0,0,0,0,0,0,0,1,2,0,0,1,0,0,2,0,8,0,0,0,0,0,0,0,0,0,0,0,0,0,0,0,0,0,0,0,0,0,0,0,0,1,0,0,0,0,0,0,0,0,1,0,0,0,0,0,1,0,0,0,0,0,0,0,0,0,0,0,0,0
3068576400045100227,104,0,0,3,0,1,0,0,0,2,0,0,1,0,0,1,0,1,0,1,0,9,2,0,0,2,0,2,0,0,1,0,0,0,1,0,0,6,1,26,1,0,0,0,0,11,6,0,0,1,0,0,0,0,1,1,2,0,18,1,0,0,0,0,2,0,1,0,0,0,0,0,0,0,1,0,1,0,0,0,0,0,0,19,0,0,0,0,0,0,19,0,1,0,1,22,14,1,0,1,1,0,0,0,1,1,0,1,0,1,0,0,0,0,1,0,0,1,1,0,2,3,0,1,1,1,14,0,0,0,0,0,0,0,0,0,0,1,0,0,0,0,0,0,0,0,0,2,0,0,3,0,0,1,0,0,0,0,0,0,0,0,0,0,0,0,0,0,0,0,0,0,0,0,0,0,0,0,0,0
3068576400045100228,63,1,0,0,0,0,1,0,0,0,1,0,0,0,0,0,0,1,0,0,0,9,0,1,0,1,0,2,0,0,0,1,0,0,0,0,0,5,0,16,1,0,0,0,0,8,0,1,0,0,0,0,0,0,0,0,0,0,12,0,0,0,0,0,0,0,0,0,0,0,0,0,0,0,0,0,0,0,0,0,0,0,0,5,0,0,0,0,0,0,10,0,0,0,0,5,28,0,0,1,1,0,0,0,0,0,0,0,0,0,0,0,0,1,0,0,0,1,0,0,0,1,0,3,0,0,6,1,1,0,0,0,0,0,0,0,0,0,0,0,0,0,0,0,0,0,0,0,0,0,0,0,0,0,0,0,1,0,0,0,0,0,0,0,0,0,0,0,0,0,0,1,0,0,0,0,0,0,0,0
3068576400045100229,95,1,0,0,0,0,4,0,0,0,0,0,0,0,0,0,1,0,0,2,2,0,0,1,0,0,1,5,0,0,0,3,0,0,0,0,0,0,0,1,2,0,1,0,1,4,2,8,0,0,0,0,0,0,0,0,1,0,1,0,2,0,0,0,6,0,0,0,0,0,0,0,0,0,2,0,1,1,0,1,1,1,0,0,2,0,0,0,0,0,9,0,0,0,2,2,0,0,0,0,4,0,1,1,1,1,0,3,0,0,0,0,0,8,0,0,2,3,3,0,0,8,0,2,6,0,0,6,0,2,0,0,2,0,0,0,0,0,0,0,0,0,0,0,0,0,0,0,0,0,0,0,0,0,0,0,0,0,0,0,0,0,0,0,0,0,0,0,0,1,0,0,0,1,0,1,0,0,0,0
3068576400045100230,46,0,0,1,0,0,0,0,0,0,0,1,2,0,0,0,3,1,0,2,0,0,0,0,0,2,0,0,1,0,1,0,0,0,0,0,0,0,0,3,23,0,0,0,0,7,0,0,0,0,0,0,0,0,1,0,0,0,0,0,2,0,1,0,0,0,0,0,0,0,1,0,0,0,2,0,1,0,0,0,1,2,0,5,0,0,1,0,0,0,4,0,0,0,4,2,1,0,0,0,1,0,0,1,1,2,0,1,0,0,0,0,1,1,0,0,0,1,1,0,1,2,1,7,2,0,1,0,1,0,0,0,0,0,0,0,0,0,0,0,0,0,0,0,0,0,0,0,0,0,0,0,0,0,0,0,0,1,0,1,0,0,0,0,0,0,0,0,0,0,0,0,0,0,0,0,0,0,0,0
3068576400045100234,54,0,0,0,0,0,2,0,0,0,0,0,0,0,0,0,0,1,0,0,0,9,0,1,0,6,0,0,0,0,0,2,0,0,1,1,0,3,0,16,4,0,0,1,0,6,1,1,0,0,0,0,0,0,0,0,0,0,5,1,0,0,0,0,1,0,0,0,0,0,0,0,0,0,0,0,0,0,0,0,1,0,0,5,0,0,0,0,0,0,12,0,0,0,0,10,7,0,0,1,1,0,0,0,1,0,1,0,0,0,0,0,0,0,0,0,0,1,0,0,0,2,0,0,1,1,2,1,0,1,0,0,0,0,0,0,0,0,0,0,0,0,0,0,0,0,0,0,0,0,0,0,0,0,0,0,1,0,0,0,0,0,0,1,0,0,1,0,0,0,0,0,0,1,0,0,0,0,0,0
3068576400045100235,20,0,5,0,2,1,0,0,0,0,0,0,0,0,1,1,0,0,1,0,0,0,1,1,0,0,0,0,0,0,0,1,0,0,1,0,0,1,0,0,0,0,0,1,0,0,1,6,0,0,0,0,0,0,1,0,1,0,1,0,0,1,0,0,1,0,0,0,0,0,0,0,1,0,0,0,1,1,0,0,0,0,0,1,1,0,0,0,0,0,18,0,1,0,0,2,2,1,0,0,2,0,1,0,0,11,0,0,0,0,0,0,0,0,0,0,0,1,0,0,0,1,0,0,3,0,0,0,0,0,0,0,0,0,0,0,0,0,0,0,0,0,0,0,0,0,0,0,0,0,0,0,0,0,0,0,0,0,0,0,0,0,0,1,0,0,0,0,0,0,0,0,0,0,0,0,0,0,1,0
3068576400045100237,9,0,0,0,0,0,0,0,1,1,0,0,0,0,0,1,0,0,0,0,1,0,2,5,0,0,0,17,0,0,0,0,0,0,2,1,0,0,0,3,1,0,0,0,2,1,2,0,0,0,0,0,0,0,0,0,0,0,0,0,1,0,0,0,1,0,0,0,2,0,0,0,0,0,0,0,0,0,0,2,0,0,0,0,0,0,0,0,0,0,16,0,0,0,0,0,0,0,0,0,18,0,0,0,0,0,0,0,0,0,0,0,0,0,0,0,0,8,0,0,0,0,0,0,0,0,0,0,0,0,0,0,0,0,0,0,0,0,0,0,0,0,0,0,0,0,0,0,0,0,0,0,0,0,0,0,0,0,0,0,0,0,0,1,0,0,0,0,0,0,0,0,0,0,0,0,0,0,0,0
3068576400045100239,42,0,0,0,0,0,1,0,0,1,1,0,0,0,0,0,0,0,0,0,0,0,0,0,0,1,0,0,0,0,0,0,0,0,1,0,0,1,0,11,3,0,0,0,0,4,0,0,0,1,0,0,0,0,0,0,1,0,6,0,2,0,0,0,2,0,0,1,0,0,0,0,1,0,1,0,0,0,0,0,0,0,0,7,0,0,0,0,0,0,8,0,1,0,1,6,1,0,0,0,0,0,0,0,0,0,0,0,0,0,0,0,0,0,0,0,0,0,1,0,0,0,0,0,1,0,6,0,0,0,0,0,0,0,0,0,0,0,0,0,0,0,0,0,0,0,0,0,0,0,0,0,0,0,0,0,0,0,0,0,0,0,0,0,0,0,0,0,0,0,0,0,0,0,0,0,0,0,0,0
3068576400045100241,74,0,19,2,7,0,3,0,0,1,0,0,5,0,1,0,0,0,1,0,1,1,4,0,0,1,1,6,2,0,0,5,1,0,10,0,0,5,1,3,2,2,1,6,1,4,1,60,0,1,0,0,0,0,2,0,3,0,3,0,8,3,0,0,18,0,0,0,0,0,2,1,2,0,2,0,6,0,3,1,8,2,1,0,0,0,0,3,4,0,34,0,7,0,6,2,3,4,3,0,13,0,13,3,2,24,3,5,0,0,0,0,0,6,1,0,4,4,1,0,0,6,0,4,19,0,7,4,1,2,1,2,0,0,0,0,0,0,0,0,1,0,0,1,0,0,0,1,0,0,2,0,0,1,1,0,0,1,1,0,1,0,0,0,0,0,1,0,0,0,0,0,0,0,0,0,0,0,0,0
3068576400045100242,93,0,0,3,0,0,4,0,0,1,0,0,0,0,0,2,0,0,0,0,0,10,2,0,0,3,0,0,1,0,2,0,0,0,0,0,1,8,0,21,5,0,0,0,0,10,2,0,0,0,0,0,0,0,0,1,2,0,26,1,2,0,0,0,2,1,0,0,0,0,0,0,0,0,1,0,0,1,0,0,0,1,0,20,0,0,0,0,0,0,11,0,5,0,0,31,15,0,1,0,2,0,0,0,3,0,1,0,0,0,5,0,0,0,0,0,0,0,2,0,0,3,0,1,1,0,20,1,0,0,0,0,0,0,0,0,0,0,0,1,0,0,0,0,0,0,0,0,0,0,0,0,0,0,0,0,0,1,0,0,0,0,0,0,0,0,0,0,0,0,0,0,0,0,0,0,0,0,0,1
3068576400045100243,46,0,13,0,7,0,0,0,0,1,0,0,2,2,0,0,0,1,0,0,1,0,0,2,0,0,5,1,2,0,1,2,1,1,7,0,1,4,0,0,2,0,1,2,0,1,1,29,0,0,0,0,0,0,0,0,0,0,2,0,4,4,0,0,2,1,0,0,0,0,0,1,0,0,1,0,3,0,0,0,3,3,0,1,1,1,1,0,10,0,20,0,15,1,13,2,8,1,0,0,0,0,11,1,0,22,2,2,0,0,2,0,0,0,0,0,2,0,2,0,0,7,1,1,8,0,3,1,0,5,1,1,2,0,0,1,0,0,0,1,0,0,0,1,0,0,0,0,0,0,0,0,0,0,1,0,0,1,0,1,0,1,0,0,0,0,0,0,0,0,0,0,0,0,0,0,0,0,0,0
3068576400045100244,58,0,0,2,0,0,2,1,0,0,0,0,0,0,0,0,0,1,0,0,0,11,2,0,0,9,0,0,0,0,0,2,0,1,0,0,0,5,0,14,6,0,0,0,0,8,4,0,0,0,0,0,0,0,0,1,0,0,14,1,1,0,0,0,1,1,0,0,0,1,0,0,0,0,1,0,0,1,0,0,3,0,0,19,0,0,0,0,0,0,10,0,4,0,1,17,15,0,0,0,1,0,0,0,0,1,0,0,0,0,2,0,1,0,0,0,0,0,1,0,1,3,0,1,1,0,22,1,0,0,0,0,0,0,0,0,0,0,0,0,0,0,0,0,0,0,0,0,0,0,0,0,0,0,0,0,0,0,0,1,0,0,0,1,0,0,0,0,0,0,0,0,0,0,0,0,0,0,0,0
3068576400045100245,92,0,0,0,0,0,1,0,0,1,0,0,0,0,0,0,0,0,0,0,1,8,2,1,0,3,0,2,0,0,2,0,0,0,0,0,0,8,0,28,0,0,1,0,0,10,0,0,0,0,0,0,0,0,0,0,0,0,13,0,1,0,0,0,4,0,0,0,0,0,0,0,0,0,3,0,0,0,0,1,2,0,0,14,0,0,0,0,0,0,9,1,0,0,0,5,14,0,0,1,0,0,0,0,1,0,0,1,0,0,0,0,0,0,0,0,0,1,0,0,0,5,0,2,0,0,10,2,1,0,0,0,0,0,0,0,0,0,0,1,0,0,0,0,0,0,0,0,0,0,0,1,0,0,0,0,0,0,0,0,0,0,0,0,0,0,0,0,0,0,0,0,0,0,0,0,0,0,0,0
3068576400045100247,99,1,0,1,0,0,1,0,0,3,1,2,0,0,1,1,0,1,0,0,0,1,0,0,1,7,0,2,1,0,0,2,0,0,0,0,0,1,0,5,14,0,0,0,0,5,2,1,0,0,0,0,0,1,1,0,3,0,14,0,0,0,0,0,4,0,0,0,1,0,0,0,0,0,2,1,0,0,0,0,0,0,0,12,0,0,0,1,0,1,10,0,0,0,1,12,11,2,0,0,1,0,0,0,1,1,1,0,0,0,1,0,0,0,1,0,0,0,0,0,0,3,0,1,2,0,5,0,0,0,0,0,0,0,0,0,0,0,0,0,0,1,0,0,0,0,0,0,0,0,1,1,0,0,0,0,0,0,0,0,0,0,0,0,0,0,0,0,0,0,0,0,0,0,0,0,0,0,0,0
3068576400045100248,40,0,0,0,0,0,1,0,1,0,0,0,0,1,0,0,0,0,1,0,0,10,1,2,0,0,0,1,0,0,1,0,0,0,0,0,0,4,0,9,2,0,0,0,0,4,1,1,0,0,0,0,0,0,0,0,0,0,8,1,1,0,0,0,3,0,0,0,0,0,0,0,0,0,1,0,2,0,0,0,0,0,0,1,0,0,0,1,0,0,16,0,0,0,0,13,1,0,0,0,2,0,0,0,2,0,0,0,0,0,1,0,1,0,0,0,0,4,1,0,0,0,0,0,2,0,2,0,0,0,0,0,0,0,0,0,0,0,0,0,0,0,0,0,0,0,0,0,0,0,0,0,0,0,0,1,0,0,0,0,0,0,0,0,0,0,0,0,0,0,0,0,0,0,0,0,0,0,0,0
3068576400045100250,31,5,0,0,0,0,0,0,0,0,1,0,1,7,3,0,0,0,2,0,1,0,2,0,1,1,5,2,14,0,0,0,0,0,0,0,0,0,32,0,0,39,1,0,0,0,12,6,0,6,0,0,0,0,0,11,1,0,2,0,0,2,0,0,1,1,0,0,0,0,7,4,0,0,1,0,0,0,0,0,0,0,0,0,0,0,0,0,0,1,14,0,0,0,1,0,0,0,0,0,3,1,1,1,1,0,0,0,0,0,1,0,0,0,0,0,0,0,3,0,0,0,0,0,7,0,0,0,7,1,0,0,0,0,0,0,0,1,0,0,0,0,0,0,0,0,2,0,1,0,0,0,0,0,0,0,0,0,0,0,0,1,0,0,0,0,0,0,0,0,0,0,0,0,0,0,0,0,0,0
3068576400045100251,39,0,0,0,0,0,1,0,0,0,0,0,0,0,0,0,0,0,0,1,0,1,0,0,0,0,0,0,0,1,0,0,0,0,0,1,0,2,0,9,0,0,0,0,0,2,2,0,0,0,0,0,0,0,0,0,0,0,9,0,0,0,0,0,0,0,0,0,0,0,0,0,0,0,0,0,0,0,0,0,0,0,0,4,0,0,0,0,0,0,4,0,0,0,1,2,1,0,0,0,0,0,0,0,0,0,1,0,0,0,0,0,0,0,0,0,0,1,0,0,1,0,0,0,1,0,0,1,0,0,0,0,0,0,0,0,0,0,0,0,0,0,0,0,0,0,0,0,0,0,0,0,0,0,0,0,0,0,0,0,0,0,0,0,0,0,0,0,0,0,0,0,0,1,0,0,0,0,0,0
3068576400045100252,28,0,0,1,0,1,0,0,0,0,0,0,0,0,1,2,0,0,0,2,0,2,0,2,2,0,0,24,0,0,1,0,0,0,2,0,0,3,0,2,4,1,0,0,2,7,2,0,0,0,0,0,0,0,0,1,0,0,1,0,0,0,0,0,1,0,0,0,0,0,0,0,0,0,1,0,3,0,0,2,0,0,0,1,0,0,0,0,0,0,16,1,0,0,4,6,1,0,0,1,30,0,0,1,1,0,0,5,0,0,0,0,0,1,0,0,0,3,2,0,0,0,0,1,1,0,1,0,1,0,0,0,0,0,0,0,0,0,0,0,0,0,0,0,0,0,0,0,0,1,0,0,0,0,0,0,0,0,0,0,0,0,0,0,0,0,0,0,0,0,0,0,0,0,0,0,0,0,0,0
3068576400045100256,83,0,0,0,0,0,5,0,0,3,0,1,1,0,0,0,0,0,1,1,0,3,0,3,0,5,0,0,1,0,1,0,0,0,0,0,0,2,0,14,14,0,0,0,0,11,7,0,0,1,0,0,0,0,0,0,0,0,8,0,1,0,0,0,4,0,0,0,0,0,1,0,0,0,0,1,2,0,0,0,0,0,0,27,0,0,0,0,0,0,5,0,4,0,2,9,17,0,0,0,1,0,0,0,0,0,0,0,0,0,1,0,0,0,0,0,0,1,1,0,1,0,0,0,1,0,16,1,0,1,0,1,0,0,0,0,0,0,0,0,0,0,0,0,0,0,1,0,0,0,0,0,1,0,0,1,0,0,0,0,0,0,0,0,0,0,0,0,0,0,0,0,0,0,0,0,0,0,0,0
3068576400045100258,65,0,1,1,0,0,3,0,0,0,0,0,0,0,0,0,0,0,0,0,0,5,0,1,0,6,0,1,0,0,0,2,0,0,0,0,0,4,0,19,0,0,0,0,0,7,1,1,0,1,0,0,1,1,0,0,1,0,15,0,1,1,0,0,4,1,0,0,0,0,0,0,0,0,0,0,0,0,0,0,1,0,0,21,0,0,0,0,0,0,5,1,4,0,0,23,13,0,0,2,1,0,0,0,0,0,0,0,0,0,2,0,0,0,0,1,0,0,0,0,0,1,0,0,2,0,10,0,0,0,0,0,0,0,1,0,0,0,0,0,0,0,0,0,0,0,0,0,0,1,0,0,0,0,0,0,0,0,0,0,0,0,0,0,0,0,0,0,0,0,0,0,0,0,0,0,0,0,0,0
3068576400045100259,50,1,9,0,1,0,0,0,1,3,0,1,1,1,2,2,0,0,1,5,16,1,1,1,1,1,3,84,0,0,1,1,0,0,3,2,1,7,3,1,2,2,6,0,1,0,3,11,0,4,0,0,0,0,0,0,2,1,1,0,2,0,1,0,4,0,0,0,1,0,1,1,0,1,1,0,4,1,2,8,7,1,1,12,0,0,0,0,13,1,15,0,3,0,5,27,0,0,0,0,90,0,1,0,1,0,1,1,1,0,2,0,1,0,1,0,0,4,1,0,2,0,1,1,12,0,2,6,0,2,0,1,14,0,2,0,1,2,0,0,1,0,0,0,0,0,0,1,0,2,0,0,0,0,0,0,0,0,0,0,4,0,1,0,0,0,1,0,2,0,0,0,0,2,1,0,1,0,0,0
3068576400045100265,54,0,0,1,0,0,4,0,0,0,0,0,1,0,0,2,0,0,0,1,0,0,0,0,0,3,0,0,0,0,0,0,0,0,0,0,0,1,0,8,5,1,0,0,0,4,2,1,0,0,0,0,0,0,0,2,0,0,12,0,0,0,0,0,0,0,0,0,0,0,0,0,0,0,1,0,0,0,0,0,0,0,0,21,0,0,0,0,0,0,9,0,1,0,0,1,8,0,0,0,0,0,0,0,0,1,0,0,0,0,0,0,1,0,0,0,0,1,0,0,0,0,0,0,5,0,7,0,0,0,0,0,0,0,0,0,0,0,0,0,0,0,0,0,0,0,0,0,0,0,0,0,0,0,1,0,0,0,0,1,0,0,0,0,0,0,0,0,0,0,0,0,0,0,0,0,0,0,0,0
3068576400045100266,55,0,0,0,0,0,5,0,0,0,0,1,0,0,0,1,0,0,0,0,0,0,0,0,0,8,0,2,1,0,3,2,0,0,1,0,1,3,0,8,2,0,0,0,0,7,5,1,0,0,0,0,0,0,0,0,1,0,14,0,0,0,0,0,3,0,1,0,0,0,0,0,0,0,1,0,0,0,0,0,1,0,1,19,0,0,0,0,0,0,6,0,2,0,2,7,10,0,1,1,0,0,0,2,1,0,0,0,0,0,1,0,0,0,1,0,0,1,1,0,2,1,0,0,2,0,8,2,1,0,0,0,0,0,0,0,0,0,0,0,1,0,0,0,0,0,0,0,0,0,0,0,0,0,0,0,0,0,0,0,1,0,0,0,0,0,0,0,0,0,0,0,0,0,0,0,0,0,0,0
3068576400045100268,51,0,0,0,0,0,1,0,0,2,0,0,0,0,0,0,0,0,0,0,0,6,0,0,0,8,0,0,0,0,2,0,0,0,1,0,0,3,1,9,3,0,0,0,0,4,3,1,0,0,0,0,1,0,0,0,0,0,9,0,1,0,0,0,3,0,0,0,0,0,0,0,0,0,0,0,0,0,0,0,0,0,0,13,0,0,0,0,0,0,12,0,3,0,0,10,14,0,1,2,0,0,2,0,0,0,0,0,0,0,0,0,0,0,0,1,0,2,1,0,1,0,0,1,1,0,7,0,0,0,0,0,0,0,0,0,0,0,0,0,0,0,0,0,0,0,0,0,0,1,0,0,0,0,0,0,0,0,0,0,0,0,0,1,0,0,0,0,0,0,0,0,0,0,0,0,0,0,0,0
3068576400045100269,62,0,0,2,0,0,0,0,1,4,0,0,0,0,0,2,1,0,0,0,1,3,0,1,0,3,0,1,0,0,1,3,0,0,0,0,0,3,0,17,5,0,0,0,0,2,4,0,0,0,0,0,0,0,0,1,0,0,15,0,2,0,0,0,4,0,0,0,0,1,1,0,0,0,1,0,0,0,0,0,0,0,0,15,0,0,0,1,0,0,3,0,2,0,2,16,18,0,0,1,0,0,0,0,0,0,0,0,0,1,1,0,0,0,0,1,0,2,0,0,0,1,1,0,0,0,9,0,0,0,0,0,0,0,0,0,0,0,0,0,0,0,0,0,0,0,0,0,0,0,0,0,0,0,0,0,0,0,0,0,0,0,0,0,0,0,0,0,0,0,0,0,0,0,0,0,0,0,0,0
3068576400045100271,92,1,1,1,0,0,1,0,0,0,0,0,0,0,0,0,0,0,0,2,1,5,3,3,0,3,0,5,0,0,1,1,0,0,2,1,0,1,0,11,8,0,1,0,0,14,3,1,0,0,0,0,0,0,0,0,1,0,29,0,0,0,0,0,2,0,0,0,0,0,0,3,0,0,1,0,0,0,0,0,0,0,1,17,0,0,0,0,0,0,12,0,0,0,0,5,5,2,0,1,6,0,0,0,2,0,0,1,0,0,0,0,0,0,0,0,0,0,0,0,0,2,0,0,0,0,3,0,0,0,0,0,0,0,0,0,0,0,0,0,0,0,0,0,0,1,0,0,0,0,1,1,0,0,0,0,0,0,0,0,0,0,0,0,0,0,0,0,0,0,0,0,0,0,0,0,0,0,0,0
3068576400045100275,67,0,0,1,0,0,1,0,0,1,0,1,1,0,0,0,0,1,0,0,0,0,1,1,0,4,0,0,0,0,1,0,0,0,0,0,0,3,0,10,6,1,0,0,1,9,4,0,0,1,0,0,2,0,0,0,1,0,12,0,0,0,0,0,3,2,0,0,0,0,0,1,0,0,0,0,0,0,0,0,0,0,0,29,0,0,0,0,0,0,10,0,1,0,0,3,16,1,0,0,0,0,1,0,0,0,0,0,0,0,0,0,1,0,0,0,0,0,1,0,2,1,0,1,0,0,8,0,0,0,0,1,0,0,0,0,0,0,0,0,0,0,0,0,0,0,0,0,0,0,0,0,0,0,0,0,0,0,0,1,0,0,0,1,0,0,0,0,0,0,0,0,0,0,0,0,0,0,0,0
3068576400045100278,48,0,0,0,0,0,0,0,0,2,0,0,0,0,0,1,3,0,0,0,0,4,0,0,0,5,0,1,0,2,1,0,0,0,0,0,0,1,0,0,3,0,0,0,0,4,1,1,0,0,0,0,0,0,0,0,1,0,20,0,0,0,0,0,1,0,0,0,0,0,0,0,0,0,1,0,1,0,0,0,0,0,0,8,0,0,0,0,0,0,2,0,0,1,0,3,1,0,0,1,1,0,0,0,1,0,0,0,0,0,0,0,0,0,0,0,0,0,0,0,0,1,0,0,1,1,1,0,0,0,0,0,0,0,0,0,0,0,0,0,0,0,0,0,0,0,0,1,0,0,0,0,0,0,0,0,0,0,0,0,0,0,0,0,0,0,0,0,0,0,0,0,0,0,0,0,0,0,0,0
3068576400045100279,56,0,0,0,0,0,0,0,0,0,2,0,0,0,0,0,0,0,0,0,0,2,0,0,0,1,0,0,0,0,0,0,0,0,0,0,0,1,1,11,2,0,0,0,1,3,1,1,0,0,0,0,0,0,0,1,1,0,16,0,0,0,0,0,4,0,0,0,0,0,1,1,0,0,0,0,0,0,0,0,0,0,0,2,0,0,0,0,0,0,1,0,0,0,2,3,6,0,1,0,0,0,0,0,1,0,0,0,0,0,0,0,0,0,1,0,0,1,0,0,1,0,0,0,3,0,2,0,0,0,0,0,0,0,0,0,0,0,0,0,0,0,0,0,0,0,0,0,1,0,0,0,0,0,0,0,0,0,1,0,0,0,0,0,0,0,0,0,0,0,0,0,0,0,0,0,0,0,0,0
3068576400045100280,35,1,0,1,1,1,1,0,0,0,0,0,0,0,1,1,0,1,1,1,6,0,2,1,0,0,1,30,0,0,2,0,1,0,5,1,0,1,4,0,1,3,6,0,0,2,3,4,0,1,0,0,0,0,0,3,1,0,0,0,0,0,0,0,0,0,0,0,4,0,0,2,0,0,0,0,2,0,0,1,0,1,0,11,0,0,0,0,2,0,11,0,2,0,4,4,0,0,0,2,44,0,3,0,0,0,0,0,0,1,0,0,0,0,0,1,0,2,1,0,0,1,0,0,7,0,1,0,1,1,0,1,5,0,0,0,0,1,0,0,0,0,0,0,0,0,0,0,1,0,0,0,0,0,0,0,0,0,1,0,0,1,0,0,0,0,0,0,0,0,0,0,0,0,0,0,0,0,0,0
3068576400045100283,49,0,0,1,0,0,3,0,0,1,0,0,0,0,0,0,0,0,0,0,0,0,0,0,0,5,0,1,0,0,0,2,0,0,0,0,0,3,0,8,6,0,0,0,0,3,8,1,0,0,0,0,0,0,0,1,2,0,17,0,0,0,0,0,3,1,0,0,0,0,1,0,0,0,0,0,1,2,0,1,0,0,0,12,1,0,0,0,0,0,9,0,1,0,2,0,14,0,0,0,0,0,0,1,0,0,0,0,0,0,0,0,1,0,0,0,0,1,0,0,1,2,0,0,4,0,4,1,0,1,0,1,0,0,0,0,0,0,0,0,0,0,0,1,0,0,0,0,0,1,0,0,0,0,0,0,0,0,0,0,0,0,0,0,0,0,0,0,0,0,0,1,0,0,0,0,0,0,0,0
3068576400045100285,70,0,0,0,0,0,0,0,0,0,0,0,1,1,0,0,3,1,0,0,0,1,3,0,0,5,0,0,0,0,0,0,0,0,0,0,0,8,0,16,1,0,0,0,0,8,3,0,0,0,0,0,0,0,0,0,1,0,25,0,0,0,0,0,1,0,0,0,0,0,0,1,0,0,4,0,0,0,0,0,0,0,0,20,0,0,1,0,0,0,5,0,0,0,0,5,7,0,1,1,1,0,0,0,2,0,0,0,0,0,1,0,0,0,1,0,0,3,0,0,0,3,0,0,0,0,5,1,0,0,0,0,0,0,0,0,0,0,0,0,0,0,0,0,0,0,0,0,0,0,0,0,0,0,0,0,0,0,0,0,0,0,0,1,0,0,0,0,0,0,0,0,0,0,0,0,0,0,0,0
3068576400045100286,71,0,0,0,0,0,8,1,0,2,2,1,0,0,1,1,0,0,0,1,0,1,2,0,0,12,0,1,1,0,0,1,0,1,0,0,0,4,0,3,7,0,0,0,0,5,2,1,0,0,0,0,0,0,0,2,2,0,10,0,0,0,0,0,7,0,0,0,0,0,0,0,0,0,5,0,0,5,1,0,0,0,0,20,0,0,0,0,0,0,13,0,2,0,1,10,14,0,0,2,1,0,0,0,1,0,0,0,0,0,0,0,1,0,0,0,0,1,1,0,2,1,0,0,2,0,13,0,1,0,0,0,0,0,0,0,0,0,0,1,0,0,0,0,0,0,0,0,0,0,1,0,0,0,0,0,0,0,0,0,0,0,0,0,0,0,0,0,0,0,0,0,0,0,0,0,0,0,0,0
3068576400045100289,80,0,0,0,0,1,1,0,0,0,0,1,0,0,0,0,0,0,0,1,0,3,0,0,0,2,0,1,0,0,1,0,0,0,1,0,0,1,0,12,4,0,0,0,0,8,1,1,0,0,0,0,0,0,0,0,0,1,8,1,1,0,0,0,2,1,0,0,0,0,0,0,0,0,1,0,0,0,0,0,0,0,0,9,0,0,0,0,1,0,4,0,2,0,0,4,4,0,0,0,0,0,0,0,1,0,0,0,0,0,1,1,0,0,1,0,0,2,1,0,0,1,0,0,0,0,4,0,0,0,0,0,0,0,0,0,0,0,0,0,0,0,0,0,0,0,0,0,0,0,1,0,0,0,0,0,0,0,0,0,0,0,0,0,0,0,0,0,0,0,0,0,0,0,0,0,0,0,0,0
3068576400045100293,71,0,0,3,1,0,1,0,0,0,0,0,0,0,0,1,1,1,1,0,0,0,0,0,0,8,0,0,0,0,0,1,0,0,1,0,0,3,0,5,8,1,0,0,0,5,5,1,0,0,0,0,0,0,0,0,0,0,15,1,1,0,0,0,4,1,0,0,0,0,0,0,0,0,2,0,0,1,0,0,1,0,0,26,1,0,0,0,1,0,12,0,0,0,0,15,12,1,0,0,0,0,1,1,1,0,0,1,0,2,2,0,0,1,1,0,0,1,0,0,1,1,0,0,4,0,7,0,1,0,0,0,0,0,0,0,0,0,0,0,0,0,0,0,0,0,1,2,0,0,0,1,0,0,0,0,0,0,0,0,0,0,0,0,0,0,0,0,0,0,0,0,0,0,0,0,0,0,0,0
3068576400045100294,44,0,0,0,0,0,0,0,0,1,0,0,0,0,0,0,0,0,0,0,0,1,0,0,0,2,0,0,0,0,0,1,0,0,0,0,0,0,0,5,2,0,0,0,0,3,2,0,0,0,0,0,0,0,0,0,0,0,8,0,0,0,0,0,1,0,0,0,0,0,0,0,0,0,0,0,0,0,0,0,0,0,0,6,0,0,0,0,0,0,4,0,1,0,0,7,2,0,0,0,0,0,0,0,0,0,0,0,0,0,0,0,0,0,0,0,0,2,1,0,2,0,1,1,0,1,4,0,0,0,0,0,0,0,0,0,0,0,0,1,0,0,0,0,0,0,0,0,0,0,0,0,0,0,0,0,0,0,0,0,0,0,0,0,0,0,0,0,0,0,0,0,0,0,0,0,0,0,0,0
3068576400045100296,118,2,0,0,0,0,0,0,0,1,0,0,1,0,1,0,0,0,0,1,0,2,0,0,0,5,0,2,0,0,1,1,0,0,0,1,0,1,0,15,4,0,0,0,0,3,5,1,0,0,0,0,0,0,0,0,0,0,15,0,2,0,0,0,4,1,0,0,0,0,0,0,0,0,1,0,0,0,0,0,0,0,0,13,0,0,0,0,0,0,9,0,0,0,1,9,13,0,1,1,1,0,0,0,2,0,0,0,0,1,0,0,0,1,0,0,0,1,0,0,1,1,0,0,1,1,16,0,0,0,0,0,0,0,0,0,0,0,0,0,0,0,0,0,0,0,0,0,0,0,0,0,0,0,0,0,0,0,0,0,0,0,0,0,0,0,0,0,0,0,0,0,0,1,0,0,0,0,0,0
3068576400045100297,98,0,0,2,0,0,4,0,0,1,0,0,0,0,0,1,0,2,0,1,0,0,0,0,0,5,0,2,0,1,1,1,0,0,2,0,0,3,0,10,8,0,0,0,1,4,3,0,0,0,0,0,0,0,0,0,1,0,22,0,0,0,0,0,6,1,0,0,1,0,1,0,0,0,2,0,0,0,0,0,0,0,0,23,0,1,1,0,0,0,10,0,0,0,0,16,9,0,0,1,0,0,0,0,2,0,0,0,0,0,0,0,1,0,0,0,0,4,1,0,0,2,0,1,5,0,7,0,0,0,0,0,0,0,0,0,0,0,0,0,0,0,0,0,0,0,0,0,1,1,0,0,0,0,0,0,0,0,1,0,0,0,0,0,0,0,0,0,0,0,0,0,0,0,0,0,0,0,0,1
3068576400045100299,56,2,5,22,3,2,0,0,2,2,0,0,1,0,2,8,0,0,0,4,11,0,1,2,4,2,1,25,1,1,2,6,1,1,4,0,1,5,5,0,0,1,2,0,0,0,4,9,1,2,1,1,0,1,0,0,2,2,0,1,1,0,1,0,2,0,0,0,1,0,2,0,0,0,24,0,3,0,0,7,2,1,0,9,1,0,0,2,15,4,16,1,1,0,6,22,2,0,0,1,52,1,7,1,0,0,1,1,0,0,9,0,1,0,0,1,1,7,2,0,3,0,0,6,8,0,0,1,4,1,0,4,3,0,0,0,0,0,0,0,0,0,0,0,0,0,1,1,1,0,0,0,0,1,0,0,0,0,0,0,1,0,0,2,0,0,0,0,0,0,0,0,0,0,0,0,0,0,0,1
3068576400045100301,48,0,0,0,0,0,0,0,0,1,0,0,0,0,0,0,0,0,0,0,0,2,0,2,0,3,1,0,0,0,1,0,0,0,0,0,0,0,0,8,2,0,0,0,0,4,2,0,0,0,0,0,0,0,0,1,1,0,11,0,1,0,0,0,4,0,0,0,0,0,0,0,0,0,1,1,0,0,0,0,0,0,0,9,0,0,0,0,1,0,2,0,0,0,0,6,2,0,0,0,0,0,1,0,0,0,0,0,0,0,0,0,0,0,0,0,0,0,0,0,0,0,0,0,1,0,4,0,1,0,0,0,0,0,0,0,0,0,0,0,0,0,0,0,0,0,0,0,0,0,0,0,0,1,0,0,0,0,0,0,0,0,0,0,0,0,0,0,0,0,0,0,0,0,0,1,1,0,0,0
3068576400045100305,59,0,0,0,0,0,2,1,0,8,0,0,0,0,0,3,1,0,0,0,0,5,0,1,0,6,0,0,0,0,3,2,0,0,1,0,0,5,0,8,8,0,0,0,0,6,6,0,0,0,0,0,0,0,0,0,1,0,15,2,0,0,0,0,6,0,0,0,0,0,0,0,0,0,1,0,0,0,0,0,0,1,0,14,0,0,0,0,0,0,12,0,0,0,1,13,14,0,0,1,0,0,1,0,3,0,0,0,0,0,3,0,0,1,0,0,0,0,1,0,1,1,0,1,1,2,13,0,0,0,0,0,0,0,0,0,0,0,0,0,0,0,0,0,0,0,0,0,0,0,0,0,0,0,0,0,0,0,0,0,1,0,0,0,0,0,0,0,0,0,0,0,0,0,0,0,0,0,0,0
3068576400045100306,66,0,0,0,0,0,2,0,0,1,1,0,0,0,1,1,0,0,1,0,0,7,1,0,0,3,0,1,0,0,1,0,0,0,1,0,1,0,0,25,2,0,0,0,0,9,1,0,0,0,0,0,0,0,0,0,0,0,31,0,0,1,0,0,3,1,0,0,0,0,1,0,0,0,0,0,0,0,0,0,0,0,1,8,0,0,0,0,0,0,5,0,0,0,1,10,1,0,0,0,0,0,0,0,2,0,0,0,0,0,0,0,0,0,0,0,0,4,0,0,0,0,0,1,0,1,9,0,0,1,0,0,0,0,0,0,0,0,0,0,1,0,0,0,0,0,0,1,0,0,0,0,0,0,0,0,0,0,0,0,0,0,0,0,0,0,0,0,0,0,0,0,0,0,1,0,0,0,0,0
3068576400045100307,30,0,0,0,0,0,0,0,0,0,0,0,0,0,0,0,0,0,0,0,0,1,0,0,0,2,0,0,1,2,1,1,1,1,0,0,0,1,0,7,2,0,0,1,0,3,1,0,0,0,0,0,0,0,0,0,0,0,12,0,0,0,0,0,0,0,0,0,0,0,0,0,0,0,0,0,0,0,0,0,0,1,0,8,0,0,0,1,0,0,4,0,0,0,0,7,4,0,0,0,0,0,0,0,2,0,0,0,0,0,0,0,1,0,0,0,0,2,0,0,0,0,0,0,0,0,3,1,0,0,0,0,0,0,0,0,0,0,0,0,0,0,0,0,0,0,0,0,0,0,1,0,0,0,0,0,0,0,0,0,0,0,0,0,0,0,0,0,0,0,0,0,0,0,0,0,0,0,0,0
3068576400045100308,18,0,0,0,0,0,2,0,0,0,0,0,0,0,0,0,0,0,0,0,0,0,0,0,0,2,0,0,0,0,0,0,0,0,0,0,0,0,0,1,1,0,0,0,0,1,1,0,0,0,0,0,0,0,0,0,0,0,1,0,0,0,0,0,0,0,0,0,0,0,0,0,0,0,2,0,0,0,0,1,0,0,0,9,0,0,0,0,0,0,3,0,0,0,0,4,2,0,0,0,0,0,0,0,1,0,0,0,0,0,0,0,0,0,0,0,0,1,0,0,0,0,0,0,1,0,2,1,0,0,0,0,0,0,0,0,0,0,0,0,0,0,0,0,0,0,0,0,0,0,0,0,0,0,0,0,0,0,0,0,0,0,0,0,0,0,0,0,0,0,0,1,0,0,0,0,0,0,0,0
3068576400045100313,70,0,1,2,0,0,1,1,0,3,0,1,1,0,0,2,1,0,0,1,0,1,2,0,0,9,0,0,0,0,1,0,0,0,2,0,0,0,1,7,4,0,0,0,0,4,3,0,0,1,0,0,0,0,0,3,0,1,21,0,0,0,0,0,6,2,0,0,0,0,0,0,0,0,2,0,1,0,0,0,0,0,0,56,0,0,0,0,0,0,8,0,0,0,2,4,1,0,0,0,0,0,1,0,2,1,0,0,0,1,0,1,0,0,0,0,0,3,2,0,0,0,0,2,0,0,4,0,0,0,0,0,0,0,0,0,0,0,0,0,0,0,0,0,0,0,0,0,0,0,0,0,0,0,0,0,0,0,0,0,0,0,0,0,0,0,0,0,0,0,0,0,0,0,0,0,0,0,0,0
3068576400045100316,25,0,1,9,1,0,0,0,3,0,0,0,0,0,0,4,0,0,0,3,9,0,0,0,2,0,0,24,0,0,2,3,0,0,1,0,0,5,1,0,1,0,1,0,3,1,4,4,0,0,0,0,0,2,0,0,0,0,1,0,0,0,0,0,1,0,0,0,3,0,1,0,0,0,10,0,0,0,1,1,0,4,0,5,0,0,0,1,2,1,29,0,0,0,4,13,0,0,0,0,34,0,0,0,0,0,0,0,0,0,3,0,0,0,0,0,0,3,2,0,1,0,0,0,4,0,0,0,0,1,0,0,1,0,0,0,0,0,0,0,0,0,0,0,0,0,0,0,1,0,0,0,0,0,0,0,0,0,0,0,2,0,0,0,0,0,0,0,0,0,0,0,0,0,0,0,0,0,0,0
3068576400045200155,23,1,0,0,0,0,0,0,0,0,0,0,0,1,0,0,0,0,0,12,2,0,0,0,2,0,0,33,0,0,0,0,0,0,0,0,0,0,2,0,4,1,1,0,0,1,6,7,1,0,0,0,0,0,0,1,0,0,1,0,1,0,0,0,1,0,0,0,0,1,0,0,0,0,1,0,0,0,0,0,0,0,0,0,0,0,0,0,1,0,13,0,0,0,2,0,2,0,0,0,18,0,0,0,0,0,0,0,0,0,0,0,0,0,0,0,0,12,4,0,0,0,0,0,2,0,0,1,1,0,1,0,0,0,0,0,0,0,0,0,0,0,0,0,0,1,0,0,0,0,0,0,0,0,0,0,0,0,0,0,0,0,0,1,0,0,0,0,0,0,0,0,0,0,0,0,0,0,0,0
3068576400045200160,54,9,0,0,0,0,0,0,1,2,0,0,0,9,0,3,0,0,0,9,1,1,3,5,2,0,0,51,0,0,0,5,2,0,5,0,0,0,13,1,0,8,1,2,1,1,6,2,0,7,0,0,3,0,1,17,2,0,3,1,1,1,0,0,1,1,0,0,0,4,1,2,0,0,0,0,1,0,1,3,0,2,1,1,0,0,1,1,1,5,44,1,0,0,1,0,0,0,0,0,39,2,1,0,0,0,0,9,0,0,0,0,0,0,1,0,0,17,20,0,0,0,0,0,5,7,1,0,0,0,0,0,3,0,0,0,0,0,1,1,0,0,0,0,1,0,0,0,1,0,0,0,0,0,1,0,0,0,0,0,0,0,0,0,0,1,0,0,0,0,0,0,1,1,0,0,0,0,0,0
3068576400045200163,94,14,0,2,0,1,4,1,0,1,0,1,1,16,19,4,1,0,2,2,4,1,5,5,2,1,0,50,1,1,0,0,4,0,2,2,1,2,39,0,2,85,10,0,0,3,27,4,0,16,0,0,4,0,0,16,1,0,3,1,0,0,1,0,4,1,0,1,0,2,5,1,0,1,3,0,3,0,0,4,0,1,0,3,1,0,0,1,1,3,72,0,0,0,1,2,0,0,0,0,43,0,0,0,1,0,0,4,0,0,0,0,0,1,2,0,0,5,14,0,0,2,0,1,8,1,3,0,5,2,0,0,2,0,0,0,0,0,0,0,0,0,0,0,0,1,1,0,0,1,1,0,0,0,1,0,0,2,1,0,0,0,0,1,0,0,0,1,0,0,0,0,0,0,0,0,0,0,0,0
3068576400045200164,16,0,0,0,0,0,0,0,0,2,0,0,0,0,0,1,0,0,0,3,4,1,0,6,2,3,1,61,1,0,1,0,1,0,3,0,1,1,0,1,0,0,0,0,0,1,2,0,0,0,0,0,0,0,0,0,1,0,0,0,0,0,0,0,2,0,0,0,2,0,0,0,0,0,1,0,4,0,0,1,1,0,0,4,0,0,0,1,0,0,9,0,0,0,1,2,1,0,0,0,61,0,0,0,1,0,0,0,1,0,0,0,0,1,0,0,0,9,1,0,0,0,0,0,0,0,1,0,0,0,0,0,1,0,0,0,0,0,0,0,0,0,0,0,0,0,0,0,0,1,0,0,0,0,0,0,0,1,0,0,1,0,0,1,0,0,0,0,0,0,0,0,0,1,1,0,0,0,0,0
3068576400045200165,14,0,0,1,1,0,0,0,0,2,0,0,0,0,0,10,0,0,1,6,7,0,0,6,5,0,0,54,0,0,0,0,1,0,0,0,0,1,0,2,4,0,0,0,0,1,2,0,0,0,0,0,1,0,0,0,1,1,2,0,0,0,0,0,0,0,0,0,0,0,0,0,0,0,0,0,1,0,1,0,0,0,0,0,0,0,0,1,1,0,12,0,0,0,1,3,1,0,0,0,53,0,0,0,0,0,0,0,0,0,0,0,0,0,0,0,0,1,0,0,1,0,0,0,1,0,0,0,0,0,0,0,0,0,0,0,0,1,0,0,2,0,0,1,1,0,0,0,0,0,0,0,0,0,0,0,0,0,0,0,1,0,0,0,0,0,0,0,0,0,0,0,0,0,1,0,0,0,0,0
3068576400045200168,103,0,0,1,0,0,0,0,0,0,0,0,0,1,0,3,0,0,0,5,3,25,0,3,0,5,2,74,0,0,1,1,1,0,7,0,1,3,0,14,5,0,0,0,7,7,4,2,1,0,0,0,0,0,0,2,2,0,17,0,0,0,0,0,8,1,0,0,0,0,0,0,0,0,0,0,6,0,1,0,1,1,0,4,0,0,0,1,0,1,37,0,1,0,0,25,6,1,0,3,67,0,0,1,7,0,6,0,0,1,0,0,0,0,2,0,0,3,2,0,1,0,0,0,10,0,1,0,0,0,0,0,0,0,0,1,0,0,0,0,0,0,0,0,0,0,0,0,0,1,0,0,0,0,1,0,0,0,0,0,2,1,0,1,0,0,0,0,0,0,0,0,1,1,0,0,0,1,0,0
3068576400045200170,40,1,0,0,1,0,0,0,0,1,0,0,0,2,1,3,1,0,1,7,7,0,4,2,1,0,2,90,0,0,0,0,3,0,1,0,0,3,2,1,0,5,0,0,0,0,5,1,0,3,0,0,0,0,0,1,0,0,0,0,0,0,0,1,0,0,0,0,2,0,0,2,0,0,0,0,1,0,0,0,0,0,0,12,0,1,0,0,2,1,16,0,0,0,1,2,0,0,0,0,48,0,0,0,2,1,0,0,0,0,0,1,0,0,1,0,0,9,2,0,0,1,0,0,1,2,0,0,1,0,0,0,2,0,0,0,0,0,0,0,0,0,0,0,0,0,0,0,0,1,0,0,0,0,0,0,0,0,0,0,0,0,0,0,0,0,0,0,0,0,0,0,0,0,1,0,0,0,0,0
3068576400045200171,7,0,0,0,0,0,0,0,0,1,0,0,0,0,0,3,0,1,0,6,3,0,0,1,7,0,0,53,0,0,0,0,0,0,0,0,0,0,0,1,3,2,0,0,0,0,4,0,0,1,0,0,0,0,0,1,0,0,0,0,0,0,1,0,0,0,0,0,2,0,0,2,0,0,0,0,1,0,0,1,0,0,0,0,0,0,0,0,0,0,8,0,0,0,1,0,1,0,0,0,33,0,0,0,0,1,0,0,0,0,0,0,1,0,0,0,0,2,0,0,0,1,0,0,2,0,0,0,0,1,0,0,0,0,0,0,0,0,0,0,1,0,0,0,0,0,0,0,0,0,0,0,0,1,0,0,0,1,0,0,0,0,0,0,0,0,0,0,0,0,0,0,0,0,1,0,0,0,0,0
3068576400045200173,54,0,0,2,1,0,2,0,1,0,0,0,1,0,1,13,0,1,0,7,6,0,0,3,4,1,1,81,1,0,0,0,0,0,4,0,0,0,0,2,5,1,1,1,0,2,4,2,0,1,0,0,0,0,0,1,2,3,0,0,0,0,0,0,4,0,0,0,1,0,0,0,0,0,2,0,2,0,0,2,0,0,0,2,0,0,0,1,1,0,12,0,1,0,2,0,2,0,0,0,41,0,0,0,0,0,0,0,0,1,0,0,0,1,0,0,0,8,1,0,0,1,0,0,0,0,1,1,1,1,0,0,10,0,0,0,0,0,2,0,0,0,0,0,0,0,0,0,0,0,0,1,0,0,0,0,0,0,0,0,1,0,0,0,0,0,0,0,0,0,0,0,0,0,0,0,1,0,0,0
3068576400045200175,86,0,0,3,0,0,2,1,0,0,1,1,0,0,0,0,0,1,0,0,2,4,0,0,0,1,0,0,0,0,1,1,0,0,1,0,0,0,0,3,5,0,0,0,0,7,9,2,0,0,0,0,0,0,0,0,0,0,0,0,1,0,0,0,6,1,0,0,0,0,2,0,0,0,2,0,3,1,1,0,0,1,0,3,1,0,0,1,0,1,9,0,0,0,1,8,2,0,1,1,4,0,0,0,0,0,0,16,1,1,0,0,0,3,1,0,2,0,2,0,0,3,0,0,3,0,2,1,0,0,0,0,0,0,0,0,0,0,0,0,0,0,0,0,0,0,0,0,0,0,0,0,0,0,0,0,0,0,0,1,0,1,0,1,0,0,0,0,0,0,0,0,0,0,0,0,0,0,1,0
3068576400045200176,56,0,0,2,0,0,1,0,0,1,0,0,0,0,0,7,0,0,0,7,11,5,1,3,5,2,1,76,0,0,0,0,0,0,2,0,0,0,0,5,1,0,0,0,1,3,3,0,0,0,0,0,1,0,0,0,0,0,5,1,0,0,0,0,2,0,0,0,1,0,0,1,0,0,0,0,1,0,0,1,0,0,0,4,0,0,0,1,0,0,20,0,0,0,0,7,4,0,0,1,97,0,1,0,2,1,0,2,0,0,0,0,0,0,0,1,0,5,0,0,0,2,0,1,1,1,1,0,0,1,0,0,0,0,0,0,0,0,0,0,0,0,0,0,0,0,1,0,0,1,0,1,0,0,0,0,0,0,0,0,3,0,0,1,0,0,0,0,0,0,0,1,0,0,0,0,0,0,0,0
3068576400045200177,31,14,1,0,0,0,0,0,0,0,0,0,0,4,3,0,0,0,0,0,2,0,0,1,0,0,0,3,2,0,0,0,4,0,1,1,0,0,12,0,0,34,1,0,0,0,10,2,0,7,0,0,2,0,0,10,0,0,1,0,0,0,0,0,1,0,0,0,1,2,2,1,1,0,0,0,3,0,0,0,0,2,0,0,0,2,0,0,0,6,29,0,0,0,3,0,1,0,0,0,12,0,2,0,0,0,0,2,0,1,0,0,0,1,0,0,0,3,6,1,0,0,0,1,8,0,3,0,7,0,0,0,0,0,0,0,0,0,0,0,0,0,0,0,0,0,1,0,0,0,0,0,0,0,0,0,0,0,0,0,1,0,0,0,0,0,0,0,0,0,1,0,0,0,0,0,0,0,0,0
3068576400045200178,80,0,0,0,0,0,4,0,0,0,0,0,0,1,1,1,1,1,0,1,0,1,1,0,0,1,1,0,0,0,1,0,0,0,3,0,0,2,0,6,1,2,0,0,0,8,9,4,0,0,0,0,0,0,0,0,0,1,4,0,1,0,0,0,7,0,0,0,0,0,1,0,0,0,0,0,3,0,0,0,0,0,0,4,0,0,0,1,0,0,6,0,0,0,1,9,8,0,0,0,3,1,1,0,0,0,0,13,0,0,0,0,0,4,2,0,0,1,3,0,0,5,0,1,1,0,1,1,0,0,0,0,0,1,1,0,0,0,0,0,0,0,0,0,0,0,0,0,0,0,1,0,0,0,0,0,0,0,1,0,0,0,0,0,0,0,0,0,0,0,0,0,0,0,0,0,0,0,0,0
3068576400045200180,112,0,0,0,0,0,7,0,0,1,0,0,0,0,1,1,1,2,0,6,2,0,1,0,0,0,0,27,0,0,0,3,0,0,4,0,0,1,1,7,12,1,0,0,1,6,11,7,0,1,0,0,2,2,1,0,1,0,3,0,1,0,0,0,5,1,0,0,2,0,0,0,0,0,1,0,2,0,1,3,0,1,0,2,0,0,0,2,1,1,15,0,3,0,2,1,1,0,0,1,13,2,0,1,0,0,0,12,2,0,0,0,0,5,1,0,5,3,3,0,1,9,0,0,6,0,1,2,0,4,0,0,2,0,0,0,0,0,0,0,1,0,0,0,0,0,0,0,0,0,0,0,0,0,0,1,0,0,0,0,0,0,0,0,0,0,0,0,0,0,0,0,0,0,0,0,0,1,0,0
3068576400045200181,13,0,0,0,0,0,1,0,0,0,0,0,0,0,0,2,0,0,0,4,1,0,0,1,0,0,0,29,0,0,0,0,0,0,0,0,0,0,0,0,0,0,0,0,0,0,2,0,0,1,0,0,0,0,0,0,1,0,0,0,0,0,0,0,1,0,0,0,1,0,1,0,0,1,0,0,0,0,0,1,0,0,0,0,0,0,0,0,0,0,2,0,0,0,0,0,0,0,0,0,21,0,0,0,0,0,0,1,0,0,0,0,0,0,0,0,0,3,0,0,1,0,0,0,2,0,0,0,0,0,0,0,3,0,0,0,0,0,0,0,0,0,0,0,0,0,0,0,0,1,0,0,0,0,0,0,1,0,0,0,0,0,0,0,0,0,0,0,0,0,0,0,0,1,0,1,0,0,0,0
3068576400045200184,51,0,0,0,1,0,0,0,0,3,0,0,0,0,1,6,0,0,0,9,13,0,0,0,1,0,0,73,0,0,1,0,1,0,3,0,0,3,1,1,2,0,0,0,0,2,7,4,0,0,0,0,0,1,1,1,0,0,0,0,0,0,1,0,0,0,0,0,3,0,0,1,0,0,0,0,1,0,0,0,1,0,0,3,0,0,0,1,0,1,7,0,0,0,0,8,0,1,0,0,51,0,0,0,3,0,0,0,0,0,0,0,0,0,0,0,0,3,1,0,0,1,0,1,2,0,0,1,0,0,0,0,5,0,1,0,0,0,0,0,1,0,0,0,0,0,0,0,0,0,0,1,0,0,0,0,0,0,0,0,0,0,0,1,0,0,0,0,0,0,0,0,0,0,0,0,0,0,0,0
3068576400045200185,88,0,0,1,1,0,4,0,0,0,0,0,0,0,0,0,1,0,0,1,7,0,1,2,0,0,1,4,0,0,0,0,1,0,1,0,0,2,0,1,5,0,0,0,1,7,4,0,0,3,0,0,0,0,0,0,0,0,0,1,0,0,0,0,8,1,0,0,0,0,0,0,0,0,0,0,4,0,0,3,0,0,0,0,0,0,0,1,1,0,7,0,3,0,3,1,2,0,0,0,12,0,2,0,1,0,1,6,0,0,0,0,1,2,0,0,0,3,1,0,0,3,0,2,3,1,0,1,1,2,0,0,4,0,0,0,0,0,0,0,1,0,0,1,0,0,0,0,0,0,0,0,0,0,0,0,0,0,0,0,0,0,0,0,0,0,0,1,0,0,0,0,0,2,0,0,0,0,1,2
3068576400045200188,66,0,0,0,0,0,1,0,0,4,0,0,0,0,0,1,1,1,0,1,1,5,1,0,0,1,0,43,0,0,1,1,1,0,3,0,0,1,0,9,1,1,0,0,1,8,1,1,0,0,0,0,0,0,0,0,0,0,5,0,0,0,0,0,3,0,0,0,0,0,0,0,0,0,2,0,2,0,0,1,0,0,0,3,0,1,0,0,0,1,21,1,0,0,0,10,2,0,0,0,43,5,0,0,2,0,2,9,0,1,0,0,0,1,0,0,0,2,1,0,0,0,0,0,3,0,0,2,0,1,0,0,0,0,0,0,0,0,1,0,0,0,0,0,0,0,0,0,0,0,0,0,0,0,1,1,0,0,0,0,1,0,0,1,0,0,0,0,0,0,0,0,0,0,0,0,0,0,0,0
3068576400045200190,118,0,0,0,0,0,0,0,0,1,1,0,0,0,0,0,1,0,0,0,0,15,0,0,0,9,0,2,0,0,0,4,0,0,2,0,1,9,0,21,2,0,0,0,0,16,1,0,0,0,0,0,0,1,0,0,1,0,15,0,2,0,0,0,10,0,0,0,0,1,0,1,0,0,1,0,1,0,0,0,6,0,0,12,0,0,0,0,2,0,14,1,1,0,0,31,36,0,0,1,5,0,1,0,0,0,1,0,0,1,1,0,1,0,1,0,0,3,1,0,1,3,1,2,1,0,10,0,0,1,0,0,1,0,0,0,0,0,0,0,0,0,0,0,0,0,0,0,0,0,0,0,0,0,0,0,0,0,0,0,0,0,0,0,0,0,0,0,0,0,0,0,0,1,0,0,0,0,0,0
3068576400045200192,57,0,0,0,0,0,0,0,0,0,0,0,0,0,0,0,0,0,0,0,0,9,0,1,0,6,0,1,0,0,0,0,0,0,0,0,0,6,0,6,1,0,0,0,0,6,1,1,0,0,0,0,0,0,0,0,0,0,6,0,0,0,0,0,1,0,0,0,0,0,0,0,0,0,0,0,0,0,0,0,2,0,0,2,0,0,0,0,0,0,9,0,0,0,0,4,20,0,0,0,0,0,0,0,0,0,0,0,0,0,0,1,0,0,0,0,0,0,3,0,0,1,0,1,1,1,6,1,0,1,0,0,0,0,0,0,0,0,0,0,0,0,0,0,0,0,0,0,0,0,0,0,0,1,0,0,0,0,0,0,0,0,0,0,0,0,0,0,0,0,0,0,0,0,0,0,0,0,1,0
3068576400045200193,92,0,0,0,1,0,3,0,0,1,0,0,0,0,0,1,0,0,0,0,1,1,0,1,0,2,0,1,0,1,0,0,0,0,4,0,0,0,2,7,17,0,0,0,0,13,2,1,0,0,0,0,0,2,0,0,0,0,4,0,2,0,0,0,4,0,0,0,1,0,0,0,0,0,1,0,0,0,0,0,1,2,1,3,0,0,0,0,0,0,7,0,0,0,0,4,1,1,1,1,2,0,2,0,0,0,0,4,0,1,0,0,0,1,1,0,1,2,2,0,0,4,7,7,1,0,5,3,0,4,2,0,0,0,0,0,0,0,0,1,0,0,0,0,0,0,0,0,0,0,0,0,0,0,0,0,0,0,0,0,0,0,0,0,0,0,0,0,0,0,0,0,0,0,0,0,0,0,0,0
3068576400045200194,45,0,0,2,0,0,1,0,0,1,0,1,0,0,0,1,0,1,0,2,0,0,0,0,1,0,2,4,0,0,0,2,0,0,0,0,0,0,0,4,10,1,0,0,0,8,3,0,0,2,0,0,0,0,0,0,1,0,0,0,0,0,0,0,1,0,0,0,1,0,0,0,0,0,0,0,0,0,0,0,0,0,1,1,0,0,0,0,0,0,3,0,0,0,1,0,1,0,0,0,3,0,0,0,0,0,0,0,0,0,0,0,0,0,0,0,0,1,0,0,1,2,0,3,1,1,0,1,2,0,0,0,0,0,0,0,0,0,0,0,0,0,0,0,0,0,1,0,0,0,0,0,0,0,0,0,0,0,0,0,0,0,0,1,0,0,0,0,0,0,0,0,0,0,0,0,0,0,0,0
3068576400045200198,69,12,6,1,0,0,1,0,0,0,0,2,1,6,14,0,0,1,7,2,1,0,3,0,0,0,9,3,8,1,1,4,1,0,2,5,0,5,40,0,2,111,2,2,1,1,19,7,0,4,0,0,4,0,0,18,0,0,2,0,0,2,1,0,5,0,0,0,1,1,9,13,0,0,1,0,3,1,0,1,0,1,0,3,1,2,0,2,4,4,40,0,3,0,1,3,0,2,0,0,18,3,2,0,0,3,2,2,2,0,0,2,0,1,0,1,1,4,4,1,0,0,0,0,15,0,6,2,8,1,1,0,1,0,0,0,0,0,0,0,0,0,0,1,0,0,1,0,0,0,1,0,0,0,0,0,1,1,1,0,0,0,0,0,0,0,0,2,0,0,0,0,0,0,0,0,0,0,0,0
3068576400045200199,78,0,0,1,0,0,4,0,0,0,0,0,0,0,0,0,0,1,0,1,0,11,0,0,0,6,0,1,0,0,0,1,0,0,1,0,0,9,0,23,2,0,0,0,1,14,1,2,0,0,0,0,0,0,0,1,2,0,20,0,0,1,0,0,1,0,0,0,0,0,0,0,0,0,2,1,0,0,0,0,2,0,0,5,0,0,0,0,0,0,15,0,5,0,0,3,19,0,0,1,0,0,0,0,0,0,0,0,0,1,1,0,0,0,1,1,0,1,0,0,0,1,0,1,0,0,11,2,0,0,0,0,0,0,0,0,0,0,0,0,0,0,0,0,0,0,0,0,0,0,0,0,0,0,0,1,0,1,0,0,1,0,0,0,0,0,0,0,0,0,0,0,0,0,0,0,0,0,0,0
3068576400045200205,106,0,0,1,0,0,1,1,0,0,0,0,0,0,0,0,0,0,0,0,0,5,3,1,0,2,0,0,0,0,2,3,0,0,0,0,0,4,0,16,0,0,0,0,0,11,3,0,0,0,0,0,0,1,0,1,0,1,20,0,0,0,0,0,3,0,0,0,1,0,0,0,0,0,4,0,0,0,0,0,4,0,0,7,0,0,0,0,1,0,12,0,2,0,2,5,22,0,0,3,2,0,1,0,0,0,0,0,0,0,3,1,1,0,0,0,0,2,0,0,0,1,1,1,1,0,6,1,0,0,0,0,0,0,0,0,0,0,0,0,0,0,0,0,0,0,2,0,0,0,0,0,0,0,1,0,0,0,0,0,0,0,0,1,0,0,0,1,0,0,0,0,0,0,1,0,1,0,0,0
3068576400045200206,53,3,15,0,3,3,2,0,0,0,0,1,0,9,6,0,0,1,1,1,0,1,1,2,0,1,18,4,1,1,0,1,0,0,2,0,0,11,2,0,4,9,9,3,1,1,5,17,0,4,0,0,0,0,0,2,0,1,2,0,4,0,0,0,4,0,0,0,1,0,2,1,0,1,0,1,1,0,0,1,2,0,0,1,1,0,0,1,6,5,56,0,5,0,13,13,2,1,0,4,6,0,4,0,1,0,0,3,0,1,0,0,2,0,0,0,0,0,1,0,2,0,1,0,22,0,11,1,0,0,0,0,1,0,0,0,0,0,0,0,0,0,0,0,0,0,0,0,0,0,1,0,0,0,0,0,0,1,0,0,0,0,0,0,0,1,0,0,0,0,0,1,0,1,0,0,0,0,0,1
3068576400045200207,44,0,0,0,0,0,1,0,0,0,0,0,0,0,0,0,0,1,0,1,0,11,0,1,0,3,0,0,0,0,1,0,0,0,3,1,0,4,0,7,2,0,0,0,0,1,0,0,0,0,0,0,0,0,0,0,0,0,7,0,0,0,0,0,2,0,0,0,0,0,0,0,0,0,0,0,0,0,0,0,0,0,0,1,0,0,0,0,0,0,15,0,0,0,0,18,4,0,0,0,0,0,1,0,0,1,2,0,0,0,0,0,0,0,0,0,0,1,2,0,0,0,0,1,4,0,0,0,0,0,0,0,0,0,0,0,0,0,0,0,0,0,0,0,0,0,0,0,0,0,0,0,0,0,2,0,0,0,0,0,0,0,0,0,0,0,0,0,0,0,1,0,0,0,0,0,0,0,0,0
3068576400045200211,53,0,2,1,0,0,3,0,0,0,1,1,1,0,1,0,0,0,0,1,0,1,1,0,1,0,2,2,0,0,0,0,0,0,5,0,0,0,0,2,2,0,0,2,1,6,5,6,0,0,1,0,0,0,2,0,1,0,0,0,1,0,0,0,6,2,0,0,0,0,0,0,1,0,0,0,2,0,2,1,2,1,0,2,0,0,0,1,0,0,11,0,0,0,1,1,0,1,0,0,2,0,1,0,0,3,1,3,0,0,0,0,0,2,1,0,0,2,0,0,1,1,0,2,0,0,4,0,0,2,0,0,0,0,0,0,0,0,0,0,0,0,0,0,0,0,0,0,0,0,0,0,0,0,0,0,0,0,0,0,0,0,0,0,0,0,0,0,0,0,0,0,0,0,1,0,0,0,0,0
3068576400045200212,13,0,0,2,0,0,0,0,0,0,0,0,0,0,0,3,1,0,0,5,1,0,1,1,3,1,0,49,0,0,0,0,0,0,0,0,0,0,0,0,0,0,0,0,0,0,4,0,0,0,0,0,0,0,0,0,0,0,1,0,0,0,0,0,0,0,0,0,0,0,0,0,0,0,1,0,0,0,0,0,0,0,0,1,0,0,0,1,0,0,9,0,0,0,1,0,0,0,0,0,46,0,0,0,0,0,0,0,0,0,0,0,0,0,0,0,0,4,0,0,0,0,0,0,1,0,0,0,0,0,0,0,0,0,0,0,0,0,0,0,0,0,1,0,0,0,0,0,1,0,0,0,0,0,0,1,0,0,0,0,0,0,0,1,0,0,0,0,0,0,0,0,0,0,0,0,0,0,0,0
3068576400045200216,37,0,0,0,0,0,0,0,0,1,0,0,0,0,0,0,0,0,0,0,0,0,0,1,0,5,0,0,0,0,1,0,0,0,1,0,0,1,0,10,1,0,0,0,0,4,1,0,0,0,0,0,0,0,0,0,2,0,10,0,0,0,0,0,0,0,0,0,0,0,0,0,0,0,1,0,0,0,0,0,0,0,0,4,0,0,0,0,0,0,5,0,1,0,0,7,5,0,0,2,2,0,0,0,0,0,0,0,0,0,0,0,0,0,0,0,0,0,1,0,0,0,0,0,0,0,2,0,0,0,0,0,0,0,0,0,0,0,0,0,0,0,0,0,0,0,0,0,0,0,0,0,0,0,0,0,0,0,0,0,0,0,0,0,0,0,0,0,0,0,0,0,0,0,0,0,0,0,0,0
3068576400045200217,98,0,0,1,0,0,0,0,0,0,0,0,0,0,0,0,0,0,0,0,1,8,1,1,0,5,0,0,0,0,0,1,0,0,1,0,0,3,1,29,3,0,0,0,0,17,2,1,0,0,0,0,0,0,0,0,0,0,20,0,3,0,0,0,4,0,0,0,0,0,2,0,0,0,4,0,1,0,1,0,2,0,0,17,0,0,0,1,2,0,16,0,0,0,0,19,23,0,0,3,1,0,0,0,0,0,0,0,0,0,0,0,0,0,0,0,0,1,1,0,0,1,0,0,1,0,8,1,0,0,0,0,0,0,1,1,0,0,0,0,0,0,0,0,0,0,0,0,0,0,0,0,0,1,0,0,0,0,0,0,0,0,0,0,0,0,0,0,0,0,0,0,0,0,0,0,0,0,0,0
3068576400045200218,61,0,0,0,0,0,1,0,0,4,0,0,0,0,1,0,0,0,0,1,0,6,1,1,0,6,0,1,0,0,2,0,0,0,0,0,0,3,0,9,1,1,0,0,0,4,0,0,0,0,0,0,0,0,0,1,0,0,7,0,3,0,0,0,0,0,0,0,0,0,0,0,0,0,1,1,0,2,0,0,0,0,0,12,0,0,1,0,0,0,8,0,1,0,0,11,7,0,0,0,0,0,1,0,0,0,0,0,0,0,0,1,0,0,1,0,0,2,2,0,0,1,0,1,1,0,10,0,0,0,0,0,0,0,0,0,0,0,0,0,0,0,0,0,0,0,0,0,0,0,0,0,0,0,1,0,0,0,0,0,0,0,0,0,0,1,0,0,0,0,0,0,0,0,0,0,0,0,0,1
3068576400045200219,118,0,0,1,0,0,1,0,0,0,0,0,0,0,0,1,1,0,0,1,0,7,1,1,0,8,0,0,0,0,2,5,0,0,0,0,0,3,0,19,1,0,0,0,0,12,1,0,0,0,0,0,0,0,0,0,0,0,28,0,0,0,2,0,3,0,0,0,0,0,0,0,0,0,2,3,0,1,0,0,0,0,1,6,0,0,0,0,0,0,15,0,3,0,2,8,15,0,0,0,0,0,0,0,1,0,0,1,0,0,1,0,1,0,0,0,0,1,1,0,0,5,0,2,1,0,17,0,0,0,0,0,0,0,0,0,0,0,0,0,0,0,0,0,0,1,0,0,0,0,0,0,0,0,0,0,0,0,0,0,0,0,0,0,0,0,0,1,0,0,0,0,0,0,0,1,0,0,0,0
3068576400045200220,92,0,0,0,0,0,3,0,0,0,0,0,0,0,0,0,1,0,0,1,0,12,1,2,0,9,0,3,0,0,2,1,0,0,3,0,0,3,0,22,3,0,0,0,1,11,1,2,0,0,0,0,0,0,0,0,0,0,18,0,0,0,0,0,3,0,0,0,0,0,0,0,0,0,4,0,0,0,0,1,0,0,0,3,0,0,0,0,0,1,18,0,1,0,1,11,15,0,0,1,0,0,0,0,3,0,0,3,0,0,0,0,2,0,1,0,0,2,0,0,1,1,0,0,2,1,11,1,0,0,0,0,0,0,0,0,0,0,0,0,0,0,0,0,0,0,0,0,0,0,0,0,0,0,0,0,0,0,0,0,0,0,0,0,0,0,0,0,0,0,0,0,0,0,0,0,0,0,0,0
3068576400045200225,41,0,1,0,0,0,1,0,0,0,0,0,0,0,0,0,1,0,0,0,1,1,1,1,0,2,0,3,0,0,0,0,0,0,2,0,0,0,0,2,3,1,0,0,0,1,1,5,0,0,0,0,0,0,0,1,1,0,3,0,1,0,0,0,2,0,0,0,0,0,0,0,0,0,2,0,4,0,0,0,1,1,0,5,0,1,0,0,0,0,9,0,0,0,0,5,0,0,0,0,2,0,6,0,1,1,0,1,0,0,1,0,0,0,0,0,0,1,0,0,0,0,0,0,3,0,0,0,0,0,0,0,0,0,0,1,0,0,0,0,0,0,0,0,0,0,0,0,0,0,0,0,0,0,0,0,0,0,0,0,0,0,0,0,0,0,0,0,0,0,0,0,0,0,0,0,0,0,0,0
3068576400045200226,61,0,0,2,0,0,0,0,0,3,1,0,0,0,0,1,0,0,0,1,0,3,0,0,0,10,0,2,0,0,1,3,0,0,2,0,0,7,0,25,1,0,0,0,0,7,3,2,0,0,0,0,0,0,0,0,0,0,20,0,1,0,0,0,3,0,0,0,0,0,0,0,0,0,3,0,3,1,0,0,0,0,0,13,0,0,0,0,0,0,9,0,2,0,2,8,12,0,0,1,0,0,1,0,2,0,0,1,0,0,4,0,0,0,0,0,0,2,0,0,1,1,0,1,0,0,16,0,0,0,0,0,0,0,0,0,0,0,0,0,0,0,0,0,0,0,0,0,0,0,0,0,0,0,0,0,0,0,0,1,0,0,0,1,0,0,0,0,1,0,0,0,0,0,1,0,0,0,0,0
3068576400045200230,131,18,13,7,2,3,4,0,0,5,0,2,1,20,35,0,0,1,3,3,1,0,9,5,3,1,22,21,13,0,0,3,0,0,5,10,1,9,35,0,6,149,5,1,5,2,35,31,0,65,0,0,3,1,0,30,2,0,12,3,0,2,0,0,11,0,0,0,0,3,4,7,0,2,5,0,1,0,3,3,0,1,0,3,2,3,0,1,5,5,95,0,5,0,8,12,0,3,0,7,58,4,7,3,3,0,0,6,0,0,0,0,2,2,0,4,1,5,10,1,0,0,3,1,22,0,12,2,16,1,2,0,3,1,0,1,0,0,3,0,1,0,0,1,0,0,4,0,1,2,1,0,1,0,1,0,0,1,0,0,1,0,0,0,0,0,0,2,0,1,1,0,0,1,0,0,0,0,0,0
3068576400045200232,58,0,0,0,0,0,0,0,0,0,0,0,0,0,0,0,0,0,0,0,0,4,1,0,0,1,0,0,0,0,1,0,0,0,1,0,0,1,0,14,0,0,0,0,0,6,0,0,0,0,0,0,0,0,1,0,0,0,14,0,0,0,0,0,0,1,0,0,0,0,0,0,0,0,0,0,0,0,0,0,0,0,0,3,0,0,0,0,0,0,6,0,1,0,1,8,9,0,0,0,0,0,0,0,2,0,0,0,0,0,0,0,0,2,0,0,0,0,0,0,0,2,0,0,0,0,4,0,0,0,0,0,0,0,0,0,0,0,0,0,0,0,0,0,0,0,0,0,0,0,0,0,0,0,0,0,0,0,1,0,0,0,0,0,0,0,0,0,0,0,0,0,0,0,0,0,0,0,0,0
3068576400045200233,128,0,0,1,1,0,0,0,0,1,0,1,1,0,0,0,0,0,0,1,0,10,2,4,0,11,0,0,0,0,3,1,0,1,2,0,1,2,2,32,6,0,1,0,0,18,3,0,0,0,0,0,0,0,0,0,4,0,49,0,0,0,0,0,3,0,0,0,0,0,0,1,0,0,3,0,1,0,0,0,0,0,0,25,0,0,0,0,0,0,11,1,1,0,0,15,11,0,0,0,1,0,0,0,1,0,1,1,0,0,0,0,1,0,1,0,0,1,0,0,0,2,0,2,5,0,6,2,0,0,0,0,0,0,0,0,0,0,1,0,0,0,0,0,0,0,0,0,0,0,1,0,0,1,1,0,0,0,0,0,0,0,0,0,0,0,0,0,0,0,0,0,0,0,0,0,0,0,0,0
3068576400045200236,129,0,0,1,0,0,3,0,0,0,0,2,0,0,0,1,3,1,0,0,0,9,2,0,0,10,0,0,0,0,2,1,0,0,1,0,0,4,0,42,7,0,0,1,0,7,2,2,0,1,0,0,1,0,1,0,2,1,35,2,1,0,0,0,3,0,0,0,0,3,0,0,0,0,2,0,0,0,1,0,0,0,0,34,0,0,0,1,0,0,20,0,1,1,2,38,26,0,0,2,1,0,1,0,1,0,0,1,0,0,2,0,0,0,0,0,0,3,1,0,1,0,0,0,2,0,17,0,0,0,0,0,0,1,0,0,0,1,0,0,0,0,0,0,0,1,0,0,0,1,0,0,0,0,0,0,0,0,1,0,0,0,0,0,0,0,0,0,1,0,0,0,0,0,0,0,0,0,1,0
3068576400045200238,81,0,9,1,7,0,0,0,0,5,2,3,5,0,0,0,0,1,1,0,1,3,7,4,0,0,0,19,0,1,0,2,0,0,14,0,0,1,0,2,4,0,0,1,0,2,7,20,0,0,5,0,0,0,1,0,2,1,5,0,6,3,0,0,13,1,4,0,0,0,1,0,1,0,1,0,9,0,3,0,23,4,0,3,0,0,0,0,5,0,32,0,0,0,5,4,0,3,3,1,11,1,13,1,0,4,0,2,0,0,0,0,1,1,1,0,8,3,3,0,0,1,1,2,9,0,4,2,0,4,0,0,0,0,0,0,0,0,0,0,0,1,0,0,1,0,0,0,0,0,0,0,0,0,0,0,0,0,0,0,0,0,1,1,0,0,0,0,0,0,0,0,0,0,1,0,0,0,1,0
3068576400045200239,73,0,0,0,0,0,1,0,0,0,0,1,0,0,0,0,0,0,0,0,1,2,0,0,0,2,0,0,0,0,1,0,0,0,0,0,1,1,0,9,4,0,0,0,0,3,2,0,0,0,0,0,0,0,0,0,1,0,11,1,2,0,0,0,2,0,0,1,0,0,1,0,0,0,0,0,0,0,0,0,1,0,0,20,0,0,0,0,0,0,7,0,0,0,1,13,12,0,1,2,0,0,0,0,0,0,0,0,0,0,1,0,0,0,1,0,0,1,0,0,0,0,0,2,0,0,8,0,0,0,0,0,0,0,0,0,0,0,0,0,0,0,0,0,0,0,0,0,0,0,0,0,0,0,0,0,0,0,0,0,0,0,0,0,0,0,0,0,1,0,0,0,0,0,0,0,0,0,0,0
3068576400045200241,54,0,1,1,0,0,3,0,0,1,0,0,1,0,0,0,0,0,0,0,0,1,0,0,0,2,0,0,0,0,1,1,0,0,1,0,0,1,0,4,3,0,0,0,0,0,2,0,0,0,0,0,0,0,0,0,1,0,8,0,0,0,0,0,2,2,0,0,0,1,0,0,0,0,0,0,1,0,0,0,0,0,0,18,0,0,0,0,0,0,7,0,1,0,0,4,7,0,0,0,1,0,0,0,0,0,0,0,0,0,2,0,0,0,0,0,0,1,0,0,0,0,0,2,2,0,8,0,0,0,0,0,0,0,0,0,0,0,0,0,0,0,0,0,0,0,1,0,0,0,0,0,0,0,0,0,0,0,0,0,0,0,0,0,0,0,0,0,0,0,0,0,0,0,0,0,0,0,0,0
3068576400045200243,86,0,1,1,0,0,2,0,0,1,0,1,0,0,0,0,2,0,0,0,0,0,0,0,1,2,0,1,0,0,4,1,0,0,0,0,1,4,0,20,5,0,0,0,0,3,1,0,0,1,1,0,1,0,0,0,3,0,6,0,1,0,0,0,3,0,0,1,0,0,0,0,0,0,1,0,1,1,0,0,0,0,0,21,0,0,0,0,0,1,8,0,1,0,0,14,14,0,0,0,0,0,0,0,0,0,1,0,0,0,1,0,0,0,1,0,0,3,2,0,0,1,0,2,1,1,16,0,0,0,0,0,0,0,0,0,0,0,0,0,0,0,0,0,0,0,0,0,0,0,0,0,0,0,0,0,0,0,0,0,0,0,1,0,0,0,0,0,0,0,0,0,0,0,0,1,0,0,0,0
3068576400045200244,30,0,2,2,3,0,0,0,0,1,0,0,5,1,0,0,0,0,0,0,1,2,2,0,0,1,1,16,0,0,0,0,0,0,12,0,0,0,1,0,0,0,0,0,0,1,0,12,0,1,2,0,0,0,0,0,0,0,0,0,0,0,0,0,3,0,3,0,0,0,0,0,0,0,0,0,4,0,0,0,2,2,1,1,3,0,0,2,0,0,21,0,0,0,3,0,0,0,2,0,16,0,3,0,2,7,2,3,0,0,0,0,1,2,0,0,5,1,1,0,0,2,0,0,3,0,1,1,0,5,0,0,0,0,0,0,0,0,0,0,1,0,0,0,0,0,0,0,0,0,0,0,0,0,0,0,0,0,0,0,0,0,0,0,0,0,0,0,0,0,0,0,0,0,0,1,0,0,0,1
3068576400045200246,111,0,0,2,1,0,3,0,0,2,0,0,0,0,0,0,0,0,0,1,0,7,3,1,0,7,0,1,0,2,1,1,0,0,1,0,0,7,0,23,5,0,0,1,0,12,3,0,0,0,0,0,0,0,0,0,0,1,40,0,0,0,0,0,6,0,0,0,0,1,2,1,0,0,4,0,0,0,0,0,1,0,0,7,1,0,0,1,0,0,11,1,0,0,1,13,17,0,0,1,0,0,0,1,1,0,0,0,0,0,1,0,1,1,0,0,0,3,0,0,3,1,0,0,2,0,9,0,0,0,0,0,0,0,0,0,0,0,0,0,1,0,0,0,0,0,0,0,0,0,0,0,0,0,0,0,0,0,0,0,0,0,0,0,0,0,0,1,0,0,0,0,0,0,0,1,0,0,0,0
3068576400045200247,39,0,0,0,0,0,0,1,0,1,0,0,0,0,0,0,0,0,0,0,0,4,1,0,0,0,0,1,0,0,0,0,1,0,1,0,0,4,0,7,2,0,0,0,0,8,0,0,0,0,0,0,0,0,0,0,0,0,11,0,0,0,0,0,2,0,0,0,0,0,0,0,0,0,3,1,0,0,0,0,0,0,0,8,0,0,0,0,0,0,5,0,0,0,0,4,4,0,0,0,0,0,0,0,1,0,0,0,0,0,2,0,0,0,0,0,0,1,0,0,0,0,0,0,0,0,7,0,0,0,0,0,0,0,0,0,0,0,0,0,0,0,0,0,0,0,0,0,0,0,0,0,0,0,0,0,0,0,0,0,0,0,0,0,0,0,0,0,0,0,0,0,0,0,0,0,0,0,0,0
3068576400045200248,56,4,4,4,0,0,0,0,0,2,0,0,0,3,10,2,0,0,1,0,3,0,1,0,4,0,3,17,3,1,2,0,2,0,2,3,0,7,14,2,0,25,0,2,0,0,9,8,0,11,0,0,0,1,1,7,0,0,5,0,1,1,0,0,5,0,0,1,1,1,0,6,0,0,3,0,1,0,0,4,1,0,0,6,0,1,1,0,8,0,18,0,1,0,4,9,1,0,0,1,24,1,1,1,0,0,0,0,0,0,3,0,0,2,0,1,1,1,8,0,3,0,0,0,9,0,2,0,3,3,0,0,3,0,0,0,1,0,0,0,0,0,0,0,0,0,0,0,0,0,0,0,0,0,0,0,0,0,0,0,0,0,0,1,0,0,0,0,0,0,0,0,0,0,0,1,0,0,3,0
3068576400045200249,8,1,0,0,0,0,0,0,0,0,0,0,0,0,0,1,0,0,0,2,0,0,0,0,0,0,0,10,0,0,0,0,1,0,0,0,0,2,0,0,0,0,0,0,0,1,0,0,0,1,0,0,0,0,0,1,1,0,0,0,0,0,0,0,3,0,1,0,0,0,0,0,0,0,1,0,0,0,0,0,0,0,0,2,0,0,0,0,1,0,5,0,0,0,4,5,0,0,0,0,14,0,0,0,0,0,1,0,0,0,0,0,0,0,1,0,0,0,0,0,0,0,0,0,2,0,1,1,0,0,0,1,0,0,0,0,0,0,0,0,0,0,0,0,0,0,0,0,0,0,1,0,0,0,0,0,0,1,0,0,0,0,0,0,0,0,0,0,0,0,0,0,0,0,0,0,0,0,0,0
3068576400045200251,53,0,0,1,1,0,3,0,0,0,0,0,0,0,0,3,0,1,0,0,0,0,0,0,0,5,0,0,0,0,0,0,0,0,0,0,0,1,1,4,6,0,0,0,0,1,3,0,0,0,1,0,0,0,0,0,0,0,4,0,0,0,0,0,3,2,0,0,1,0,0,0,0,0,2,0,0,0,0,1,0,0,0,25,0,0,0,1,1,0,10,0,1,0,2,25,18,1,0,1,0,0,0,0,1,0,0,1,0,0,1,0,0,0,0,0,1,1,1,0,1,3,2,1,1,0,4,0,0,0,0,0,0,0,0,0,0,0,0,1,0,0,0,0,0,0,0,0,0,0,2,0,0,0,0,0,0,0,0,0,0,0,0,0,0,0,0,0,0,0,0,0,0,0,0,1,0,0,0,0
3068576400045200252,74,1,0,0,1,0,2,0,0,0,0,0,0,0,0,0,0,0,0,0,0,3,11,0,0,9,0,0,0,1,1,7,0,0,0,0,0,0,0,11,1,1,0,0,1,8,1,1,0,0,0,0,0,0,0,0,0,0,23,1,0,0,0,0,1,0,0,0,0,0,0,0,0,0,1,0,0,0,0,0,0,0,0,39,0,0,0,0,0,0,7,1,0,0,1,4,2,0,0,3,2,0,1,0,0,0,0,0,0,0,0,1,0,0,0,0,0,1,1,0,1,6,0,2,1,0,3,1,0,0,0,0,0,1,0,0,0,0,0,0,0,0,0,0,0,0,0,0,0,0,0,0,0,0,0,0,0,0,0,0,0,0,0,0,0,0,0,1,0,0,0,0,0,0,0,0,0,0,0,0
3068576400045200254,78,0,0,0,0,0,0,0,0,0,0,0,0,0,0,0,7,0,0,1,0,5,9,0,0,8,0,0,0,0,2,0,0,0,0,0,0,0,0,16,2,0,1,0,0,10,2,0,0,0,0,0,0,0,0,0,1,0,27,0,0,0,0,0,2,0,0,0,0,0,0,2,0,0,1,0,0,0,0,1,0,1,0,17,0,0,0,0,0,1,10,0,0,0,1,2,2,0,0,2,1,0,0,0,2,0,0,0,0,1,0,0,0,0,0,0,0,0,1,0,0,3,0,0,1,1,6,1,0,0,0,0,0,0,0,0,0,0,0,0,0,0,0,0,0,0,0,0,0,0,0,0,0,0,1,0,0,0,0,0,0,0,0,0,0,0,0,0,0,0,0,0,0,0,0,0,0,0,0,0
3068576400045200255,55,0,0,4,0,0,0,0,0,1,0,0,0,0,0,2,2,0,0,1,1,4,3,1,0,3,0,0,0,0,0,2,0,0,0,0,0,3,0,13,2,0,0,0,0,10,1,1,0,0,0,0,0,0,0,0,1,0,18,0,0,0,0,0,0,1,0,0,0,0,1,1,0,0,0,0,0,0,0,0,0,0,0,19,0,0,0,0,0,0,7,0,0,0,2,5,4,0,0,1,1,0,1,0,1,0,0,0,0,0,0,0,0,0,1,0,0,2,0,0,0,3,1,0,1,0,4,1,0,1,0,0,0,0,0,1,0,0,0,0,0,0,0,0,0,0,0,0,0,0,0,0,0,0,0,0,0,0,0,0,0,0,0,0,0,0,0,0,0,0,0,0,0,0,0,0,0,0,1,0
3068576400045200256,12,0,0,0,0,0,1,0,0,0,0,0,0,0,0,0,0,0,0,0,0,0,0,0,0,2,0,0,0,0,0,0,0,1,1,0,0,0,0,1,2,0,0,0,0,1,2,0,0,0,0,0,0,0,0,0,0,0,6,0,0,0,0,0,1,0,0,0,0,0,0,0,0,0,0,1,0,0,0,0,0,0,0,6,0,0,0,0,0,0,0,0,0,0,0,7,4,0,0,1,0,0,0,0,0,0,0,1,0,0,0,1,0,0,0,0,0,0,0,0,0,0,0,0,0,0,5,0,1,0,0,0,0,0,1,0,0,0,0,0,0,0,0,0,0,0,0,0,0,0,0,0,0,0,0,0,0,0,0,0,0,0,0,0,0,0,0,0,0,0,0,0,0,0,0,0,0,0,0,0
3068576400045300152,51,0,0,2,0,0,1,0,0,6,0,0,0,0,0,1,0,0,0,0,1,2,1,1,0,4,0,0,0,0,3,2,0,0,2,0,0,6,0,12,6,1,0,0,1,4,1,0,0,1,0,0,0,0,0,0,2,0,15,0,1,0,0,0,2,0,0,0,0,1,0,1,0,0,2,0,0,0,0,0,0,0,0,15,0,0,0,0,0,0,16,1,1,0,0,7,18,0,0,1,0,0,0,1,0,0,0,0,0,1,0,0,1,0,1,0,0,1,2,0,0,1,0,0,1,0,10,1,0,0,0,0,0,0,0,0,0,0,0,0,0,0,0,0,0,0,0,1,0,0,0,0,0,0,0,0,0,0,0,0,0,0,0,0,0,0,0,0,0,0,0,0,0,0,0,0,0,0,0,2
3068576400045300166,44,0,0,1,0,0,3,1,0,0,0,1,0,0,0,1,0,0,0,0,1,3,1,0,0,2,0,0,0,1,0,0,0,0,0,0,0,0,0,10,1,1,0,0,0,2,0,2,0,0,0,0,0,1,0,0,0,0,11,0,0,0,0,0,1,0,0,0,0,0,0,0,0,0,0,0,0,0,0,0,0,0,0,7,0,0,0,0,0,0,5,0,0,0,0,5,5,0,0,0,0,0,0,0,1,0,0,0,0,0,0,1,2,0,0,0,0,1,0,0,0,0,0,0,1,0,4,0,0,0,0,0,0,0,0,0,0,0,0,0,0,0,0,0,0,0,0,0,0,0,0,0,0,0,0,0,0,0,0,0,0,0,0,0,0,0,0,0,0,0,0,0,0,0,0,0,0,0,0,0
3068576400045300197,24,0,0,0,0,0,0,0,0,0,0,0,0,0,0,0,0,0,0,0,0,1,0,0,0,0,0,0,0,0,0,0,0,0,0,0,0,0,0,8,0,0,0,0,0,1,1,0,0,0,0,0,0,0,0,0,0,0,8,1,0,0,0,0,1,0,0,0,0,0,0,0,0,0,0,0,0,0,0,0,0,0,0,4,0,0,0,0,0,0,6,0,0,0,0,5,1,0,0,0,0,0,0,0,0,1,0,0,0,0,0,0,0,0,0,0,1,0,0,0,0,0,0,0,0,0,4,0,0,0,0,0,0,0,0,0,0,0,0,0,0,0,0,0,0,0,0,0,0,0,0,0,0,0,0,0,0,0,0,0,0,0,0,0,0,0,0,0,0,0,0,0,0,0,0,0,0,0,0,0
3068576400046200823,68,0,1,0,0,0,1,1,0,2,0,0,0,0,0,3,0,0,0,3,7,0,0,1,1,0,0,50,0,0,0,1,0,0,4,1,0,1,0,4,2,0,0,0,0,2,8,3,0,0,0,0,0,0,0,0,1,1,2,0,0,0,0,0,2,0,0,0,4,1,0,0,0,1,2,0,1,0,0,2,0,1,1,1,0,0,0,1,0,1,14,0,1,0,1,4,1,0,0,0,38,1,0,0,1,0,0,1,0,1,1,0,0,0,0,0,0,3,2,0,0,3,0,2,5,0,0,1,0,0,0,0,5,0,0,0,0,0,0,0,0,0,0,0,0,0,0,0,0,0,1,0,0,0,1,0,0,0,0,0,1,0,0,0,0,0,0,0,0,0,0,0,0,0,0,0,0,0,0,0
3068576400046200854,42,1,0,1,0,0,0,0,0,2,0,0,0,0,0,3,0,0,0,6,3,0,2,0,4,0,1,75,0,0,0,0,0,0,1,0,0,1,1,0,3,0,0,0,0,1,5,0,0,0,0,0,0,0,0,0,0,0,0,0,0,0,0,0,1,0,0,0,0,0,0,1,0,0,0,0,4,0,0,1,0,0,1,0,1,0,0,1,0,0,22,0,1,0,0,1,0,0,0,0,39,1,0,0,0,0,0,0,0,0,0,0,1,1,0,0,0,6,1,0,0,0,0,0,0,0,0,1,0,2,0,0,1,0,0,0,0,0,0,0,1,0,0,0,0,0,0,0,0,0,0,0,0,0,0,0,0,0,1,0,0,0,0,0,0,0,0,0,0,0,0,0,0,0,2,0,0,0,0,0
3068576400057100009,17,2,0,2,0,0,0,0,0,1,0,0,0,0,0,0,0,0,0,6,0,0,0,0,1,0,0,8,1,0,0,0,1,0,1,0,0,0,0,0,0,0,0,0,0,0,2,8,0,0,0,0,0,0,0,0,0,0,1,0,0,0,0,0,0,1,0,0,0,3,0,0,0,0,0,0,0,0,0,2,0,0,0,0,0,0,0,0,0,0,5,0,0,0,0,0,0,0,0,0,7,0,0,0,1,0,0,0,0,1,0,0,0,0,3,0,1,10,22,0,0,0,0,0,3,0,0,0,0,0,0,0,0,0,0,0,0,0,0,0,0,0,0,0,0,0,1,0,0,1,0,0,0,0,0,0,0,0,0,0,1,0,0,0,0,0,0,0,0,0,0,0,0,0,0,0,0,0,0,0
3068576400057100013,59,12,0,1,0,0,2,0,0,0,0,0,0,3,0,2,0,1,0,15,7,0,2,2,5,0,0,23,0,0,0,0,0,0,3,0,0,1,0,0,1,1,0,0,0,1,10,19,0,0,0,0,0,0,0,0,1,0,6,0,1,0,1,0,2,3,0,0,0,3,1,0,0,0,1,1,0,0,0,3,0,1,2,0,0,0,0,0,0,2,35,0,0,0,1,0,3,0,2,0,20,0,1,0,0,1,0,0,0,0,0,0,0,1,1,0,0,41,71,0,0,0,0,0,3,3,0,0,4,0,0,0,0,0,0,0,0,0,0,0,0,0,0,0,0,0,0,0,0,0,0,0,0,1,0,0,0,1,0,0,1,0,0,0,0,0,0,0,0,0,0,0,0,0,0,0,0,0,0,0
3068576400057100017,70,14,0,1,0,0,1,0,1,0,0,0,0,0,0,3,0,2,0,11,7,0,3,2,5,0,1,16,0,0,0,3,1,0,3,1,0,1,0,0,0,2,0,0,0,1,15,19,0,1,0,0,0,0,0,0,2,0,6,2,1,0,0,0,2,3,0,0,1,6,0,0,0,0,0,0,0,0,0,2,0,0,0,0,0,1,0,0,0,2,5,0,0,0,2,0,0,0,0,0,14,0,0,0,0,0,0,0,0,1,0,0,0,0,0,0,1,31,63,0,0,0,0,0,3,2,0,0,3,0,0,0,0,0,0,0,0,0,1,0,0,0,0,0,0,0,0,0,0,0,1,0,0,0,0,0,0,1,0,0,0,0,0,1,0,0,0,0,0,0,0,1,0,0,0,0,0,0,0,0
3068576400057100039,29,0,0,3,0,0,0,1,0,0,0,0,0,1,0,0,0,0,0,11,2,0,1,1,1,0,0,4,0,0,0,0,2,0,0,0,0,0,0,0,0,1,0,0,1,0,7,2,0,0,0,0,0,0,0,0,2,0,3,2,0,0,0,0,1,0,0,0,1,4,0,0,0,0,0,0,1,0,0,4,0,0,1,0,0,0,0,0,0,1,10,0,0,0,1,0,0,0,0,0,7,0,0,0,0,0,0,0,0,0,0,1,0,0,0,0,0,9,37,0,0,0,0,0,0,0,0,0,2,0,0,0,0,0,0,0,0,0,0,0,0,0,0,0,0,0,0,0,0,0,0,0,0,0,0,0,0,0,0,0,1,0,0,0,0,0,0,0,0,0,0,0,0,0,0,0,0,0,0,0
3068576400057100045,20,0,0,1,0,0,0,0,0,0,0,0,1,0,0,2,0,0,0,5,0,0,0,0,0,0,0,18,0,0,0,0,0,0,0,0,0,0,0,0,0,0,0,0,0,0,2,16,0,0,0,0,0,0,0,0,0,0,1,3,0,0,0,0,0,0,0,0,0,0,0,0,0,0,0,1,0,0,0,0,0,0,0,0,0,0,0,0,0,1,5,0,0,0,2,0,1,0,0,0,5,0,0,0,0,0,0,0,0,0,0,0,0,0,0,0,0,4,14,0,0,0,0,0,0,0,0,0,1,0,0,0,0,0,0,0,0,0,0,0,0,0,0,0,0,0,0,0,0,0,0,0,0,0,0,0,0,0,0,0,0,0,0,0,0,0,0,0,0,0,0,0,0,0,0,0,0,0,0,0
3068576400057100047,12,5,0,0,0,0,0,0,0,0,0,0,0,0,0,1,0,0,0,2,0,0,1,0,0,0,0,10,0,0,0,0,0,0,0,0,0,0,0,0,1,0,0,0,0,0,3,6,0,0,0,0,0,0,0,0,0,0,1,0,0,0,1,0,0,1,0,0,0,3,0,0,0,0,0,0,0,0,0,0,0,0,0,0,0,0,0,0,0,0,5,0,1,0,0,0,0,0,0,0,4,0,0,0,0,0,0,0,0,0,0,0,0,0,0,0,0,4,14,0,0,0,0,0,0,1,0,0,0,0,0,0,0,0,0,0,0,0,0,0,0,0,0,0,0,0,0,0,0,0,0,0,0,0,0,0,0,0,0,0,0,0,0,0,0,0,0,0,0,0,0,0,0,0,0,0,0,0,0,0
3068576400057100049,11,0,0,1,0,0,0,0,0,2,0,0,0,0,0,1,0,0,0,0,2,0,0,0,1,0,0,4,0,0,0,0,0,0,2,0,0,0,0,0,2,0,0,0,0,0,3,4,0,0,0,0,0,0,0,0,0,0,1,1,0,0,0,0,0,2,0,0,0,0,0,0,0,0,0,0,4,0,0,2,0,0,0,0,0,0,0,0,0,0,6,0,1,0,0,0,0,0,0,0,7,0,0,0,0,0,0,0,0,0,0,0,0,0,1,0,0,3,13,0,0,0,0,0,0,2,0,0,2,0,0,0,0,0,0,0,0,0,0,0,0,0,0,0,0,0,0,0,0,0,0,0,0,0,0,0,0,0,0,0,0,0,0,0,0,0,0,0,0,0,0,0,0,0,0,0,0,0,0,0
3068576400057200039,44,21,0,3,0,0,1,0,0,0,0,0,0,1,0,6,0,1,0,21,12,0,1,0,13,0,1,48,0,0,1,0,0,0,0,0,0,1,0,0,4,0,0,0,0,0,13,24,0,2,0,0,0,0,0,0,2,0,1,0,2,0,0,0,0,2,0,0,5,7,0,0,0,0,0,0,1,0,0,3,0,3,0,0,0,0,0,1,0,0,15,0,1,0,1,0,0,0,0,0,35,0,0,1,1,1,0,0,1,1,0,0,0,0,0,0,0,36,73,0,0,0,0,0,0,2,1,0,7,1,1,0,0,0,0,0,0,0,0,0,0,0,0,0,0,1,1,0,0,0,0,0,0,0,0,0,0,1,0,0,0,0,0,0,0,0,0,0,0,0,0,0,0,0,0,0,0,0,0,0
3068576400057200068,31,10,0,2,0,0,3,0,0,0,2,0,0,0,0,6,0,1,0,14,7,0,0,1,8,0,0,5,0,0,0,1,2,0,8,0,0,0,1,0,1,1,0,0,0,1,5,9,1,0,0,0,0,0,0,0,2,1,4,0,0,0,0,0,4,5,0,0,2,4,0,0,0,0,0,0,2,0,0,3,0,0,0,0,0,0,0,0,0,1,21,0,0,0,0,1,0,1,0,0,8,0,0,0,0,0,0,1,0,1,0,0,0,0,3,0,0,31,74,1,0,0,2,0,1,1,0,0,3,0,0,0,0,0,0,1,0,0,0,0,0,0,0,0,0,0,0,0,0,0,0,0,0,1,0,0,0,0,0,0,0,0,0,1,0,0,0,0,0,0,0,0,0,0,0,0,0,0,0,0
3068576400057200089,95,21,0,5,0,0,1,0,0,3,2,0,0,1,0,1,0,2,1,23,10,0,5,2,6,0,0,21,0,0,0,2,3,0,3,0,0,4,1,0,3,0,0,0,2,2,19,36,0,0,0,0,1,0,0,0,4,2,3,2,3,0,0,0,2,6,0,0,9,6,1,1,0,0,1,0,0,1,0,3,0,0,0,0,1,2,0,0,0,2,17,0,0,0,1,1,2,0,0,0,12,0,0,0,0,1,0,1,0,0,0,0,0,1,0,0,0,50,116,0,0,0,0,0,7,1,0,0,5,0,0,0,0,0,0,0,0,0,0,0,0,0,0,0,0,0,0,0,0,0,0,1,0,0,1,0,0,0,0,0,0,0,0,0,0,0,0,0,0,0,0,0,0,0,0,0,0,0,0,0
3068576400057200128,75,29,0,0,0,0,0,0,0,1,1,0,0,0,0,7,0,1,0,23,10,1,5,0,6,1,0,9,0,0,0,2,5,0,1,0,1,2,1,0,2,1,0,0,1,0,13,34,0,0,0,0,0,0,0,1,3,0,5,1,1,0,0,0,1,7,0,0,4,8,2,0,0,0,1,0,1,0,0,4,0,0,0,0,0,0,0,0,0,4,12,0,0,0,7,1,0,2,0,0,29,0,0,0,1,0,0,1,0,1,0,1,0,0,0,1,0,45,89,0,1,1,0,0,4,3,0,0,6,0,0,0,0,1,0,0,1,0,0,0,0,0,0,0,0,0,1,1,1,0,0,0,0,0,0,0,0,0,0,0,0,0,0,0,0,0,0,0,0,0,0,0,0,0,0,0,1,0,0,0
3068576400057200155,71,10,0,1,0,0,2,0,0,1,0,0,0,0,0,4,0,1,0,16,3,0,5,2,6,0,0,13,0,0,0,1,6,0,3,0,0,2,1,0,0,0,0,0,1,3,13,18,0,0,0,0,0,0,0,1,0,0,5,0,1,0,0,0,1,3,0,0,1,5,0,0,0,0,0,0,0,0,0,5,0,1,0,0,0,0,0,0,0,3,17,0,0,0,2,1,1,0,0,0,19,0,0,1,1,0,0,0,0,2,0,0,0,0,1,0,0,34,85,0,0,0,0,0,1,3,0,0,1,0,0,0,0,0,0,0,0,0,0,0,1,0,0,0,0,0,0,0,0,2,0,0,0,0,0,0,0,0,0,0,0,0,0,0,0,0,0,0,0,0,0,0,0,0,0,0,0,0,0,0
3068576400057200181,35,3,0,2,0,0,1,0,0,1,0,1,0,0,0,5,0,1,0,11,2,0,2,0,3,0,0,13,0,0,0,0,0,0,0,0,0,0,0,0,0,3,0,0,0,1,8,8,0,0,0,0,0,0,0,0,4,0,0,1,1,0,0,0,0,1,0,0,1,3,1,0,0,0,1,0,0,0,0,2,0,0,0,0,0,0,0,0,0,0,8,0,0,0,3,0,0,0,0,0,18,0,0,0,0,0,0,0,0,0,0,0,0,0,0,0,0,17,42,0,0,0,0,0,0,1,0,0,4,0,0,0,0,0,0,0,0,0,0,0,1,0,0,0,0,0,0,0,0,0,0,0,0,0,0,1,0,0,0,0,0,0,0,0,0,0,0,0,0,0,0,0,0,0,0,0,0,0,0,0
3068576400057200188,16,0,0,0,0,0,0,0,0,0,0,0,0,0,0,0,0,0,0,6,1,0,0,1,1,0,0,9,0,0,0,0,0,0,0,0,0,1,0,0,0,0,0,1,0,0,2,3,0,0,0,0,0,0,0,0,0,0,0,1,0,0,0,0,0,0,0,0,0,1,0,0,0,0,2,0,0,0,0,1,1,0,1,0,0,0,0,0,0,0,1,0,0,0,0,2,0,0,0,0,8,0,0,0,0,0,0,0,0,0,0,0,0,0,0,0,0,7,29,0,0,0,0,0,1,1,0,0,1,0,0,0,0,0,0,0,0,0,0,0,0,0,0,0,0,0,0,0,0,0,0,0,0,0,0,0,0,0,0,0,0,0,0,0,0,0,0,0,0,0,0,0,0,0,0,1,0,0,0,0
3068576400057200191,4,1,0,0,0,0,0,0,0,0,0,0,0,0,0,2,0,0,0,1,0,0,1,0,1,0,0,1,0,0,0,0,0,0,0,0,0,0,1,0,0,0,0,0,0,0,0,1,0,0,0,0,0,0,0,0,0,0,0,0,0,0,0,0,0,0,1,0,0,0,0,0,0,0,0,0,0,0,0,0,0,0,0,0,0,0,0,0,0,0,0,0,0,0,0,0,0,0,0,0,2,0,0,0,0,0,0,0,0,0,0,0,0,0,0,0,0,4,14,0,0,0,0,0,0,0,0,0,0,0,0,0,0,0,0,0,0,0,0,0,0,0,0,0,0,0,0,0,0,0,0,0,0,0,0,0,0,0,0,0,0,0,0,0,0,0,0,0,0,0,0,0,0,0,0,0,0,0,0,0
3068576400057200196,46,7,0,3,0,0,1,0,0,1,0,0,1,0,0,6,0,1,0,28,13,0,0,1,7,0,0,41,0,0,0,1,2,1,2,0,1,0,0,0,0,0,0,1,0,1,12,14,1,0,0,0,0,0,0,0,1,0,6,3,0,0,1,0,1,2,0,0,5,6,0,0,0,0,0,0,0,0,0,6,0,0,0,0,0,1,0,0,0,5,35,0,0,0,3,1,1,2,0,0,24,0,0,0,0,0,0,0,0,0,0,0,0,0,2,0,0,36,61,0,0,1,0,0,1,3,0,1,3,0,0,0,1,0,0,0,0,0,0,0,0,0,0,1,0,0,0,0,0,1,0,0,0,1,0,0,0,0,0,0,1,0,0,1,0,1,0,0,0,0,0,0,0,0,0,0,0,0,0,0
3068576400057200226,54,9,0,3,0,0,0,0,0,0,0,1,0,0,1,2,0,2,0,14,2,0,1,2,3,0,0,35,1,0,0,0,7,0,0,0,0,3,1,0,0,0,0,0,2,2,11,14,0,0,0,0,1,0,0,0,1,0,6,6,0,0,0,0,0,0,0,0,1,13,2,0,0,0,0,0,0,0,0,2,1,0,1,0,0,1,0,1,1,1,10,0,0,1,6,0,1,1,0,0,19,0,0,0,0,0,0,0,0,0,0,0,0,0,1,0,0,31,83,0,0,0,0,1,8,2,0,0,2,0,0,0,0,0,0,0,0,0,1,0,0,0,0,0,0,0,0,0,0,0,1,0,0,0,0,0,0,0,0,0,0,0,0,1,0,0,0,0,0,0,0,0,0,0,0,0,0,0,0,0
3068576400057200245,40,7,0,1,0,0,0,0,0,1,0,1,0,0,0,0,0,2,0,10,2,0,2,3,1,0,0,6,0,0,0,2,0,0,0,0,0,0,1,0,0,0,0,0,2,0,4,17,0,0,0,0,0,0,0,0,2,0,6,8,0,0,0,0,1,1,0,0,0,6,0,0,0,0,1,0,0,0,0,1,0,1,0,0,0,0,1,0,0,0,6,0,1,0,2,1,1,0,0,0,9,0,0,0,1,0,0,0,0,0,1,1,0,0,0,0,0,17,37,0,0,0,0,0,1,1,0,0,2,0,1,0,0,0,0,0,0,0,0,0,1,0,0,0,0,0,0,0,0,0,0,0,0,0,0,0,0,0,0,0,0,0,0,0,0,0,0,0,0,0,0,0,0,0,0,0,0,0,0,0
3068576400058100027,75,0,1,0,0,1,0,0,0,1,1,0,0,0,0,0,0,2,0,0,0,2,0,0,0,2,0,1,0,0,1,3,0,1,0,0,0,2,1,17,8,0,0,0,0,4,2,2,1,0,0,0,0,1,0,0,1,0,22,0,1,0,0,0,3,0,0,0,0,0,0,2,0,0,2,0,0,0,0,0,0,0,0,8,0,0,0,0,0,0,6,0,1,0,3,7,6,0,0,0,0,0,0,0,0,0,0,0,0,0,2,2,0,0,0,0,0,1,0,0,0,0,1,0,2,0,5,0,0,0,1,0,0,0,0,0,0,0,0,0,0,0,0,1,0,0,0,0,0,0,0,0,0,0,0,0,0,0,0,0,0,0,0,0,0,0,0,0,0,0,0,0,0,0,0,0,0,0,1,0
3068576400058100033,83,0,0,1,0,0,3,0,0,1,0,0,0,0,0,1,0,0,0,1,0,4,0,1,0,6,0,2,0,0,1,3,0,0,1,0,0,5,0,17,7,0,0,0,0,6,2,0,0,0,0,0,0,0,0,1,1,0,13,0,1,0,0,0,3,1,0,0,0,0,1,1,0,0,1,0,0,0,0,0,0,0,0,13,0,0,0,0,0,0,12,0,3,0,1,7,9,0,0,0,0,0,0,0,1,0,0,0,0,0,1,0,0,0,0,0,0,0,0,0,2,4,0,0,1,1,7,1,1,0,0,0,0,0,0,0,0,0,0,0,0,0,0,0,0,0,0,0,1,0,0,0,0,0,0,0,0,0,0,0,0,0,0,0,0,0,0,0,0,0,0,0,0,0,0,0,0,0,0,0
3068576400058100034,44,0,0,2,0,0,2,0,0,2,0,0,0,0,0,0,3,0,0,1,0,0,4,0,0,8,1,0,0,0,1,0,0,0,2,0,0,0,0,7,3,0,0,0,0,3,3,0,0,0,0,0,0,0,0,1,0,0,9,0,0,0,0,0,3,0,0,0,0,0,0,0,0,0,0,0,1,0,1,0,0,0,0,5,0,1,0,0,4,0,1,0,0,0,0,0,2,0,0,0,0,0,1,0,0,0,0,1,0,1,0,0,0,0,0,0,0,1,0,0,0,2,0,0,0,0,3,0,1,0,0,0,0,0,0,0,0,0,0,0,0,0,0,0,0,0,0,0,0,0,0,0,0,0,0,0,0,0,0,0,0,0,0,0,0,0,0,0,0,0,0,0,0,0,0,0,0,0,0,0
3068576400058100035,40,0,0,1,0,0,0,0,0,0,0,0,0,0,0,0,0,0,0,0,0,1,1,0,0,1,0,1,0,0,1,0,0,1,0,0,0,0,1,5,1,0,1,0,1,3,0,0,0,0,0,0,0,0,0,0,1,0,11,0,0,0,0,0,2,0,0,0,0,0,0,0,0,0,2,0,0,0,0,0,0,0,0,3,0,0,0,0,0,0,7,0,0,0,0,1,1,0,0,0,2,0,0,0,0,0,0,0,0,0,1,1,0,0,0,0,0,0,0,0,1,0,0,0,2,0,5,0,0,0,0,0,0,0,0,0,0,0,0,0,0,0,0,0,0,0,0,0,0,1,0,0,0,0,0,0,0,0,0,1,0,0,0,0,0,0,0,0,0,0,0,0,0,0,0,0,0,0,0,0
3068576400058100039,102,0,0,1,0,0,0,0,0,1,0,0,0,1,0,1,0,0,0,1,1,2,2,0,0,7,0,0,0,0,0,0,0,0,2,0,0,0,0,9,6,0,0,0,1,3,1,0,0,0,0,0,0,0,0,0,1,0,11,0,0,0,0,0,5,1,0,0,0,0,1,0,0,0,2,0,0,1,0,0,1,0,0,44,0,0,0,2,1,0,15,0,0,0,0,6,7,0,0,0,0,0,0,0,2,0,0,0,0,1,0,0,0,0,0,0,0,4,2,0,0,1,0,2,1,0,13,1,0,0,2,0,0,0,0,0,0,0,0,0,0,0,0,0,0,0,0,0,0,1,1,0,0,0,0,0,0,0,0,0,0,0,0,0,0,0,0,0,0,0,0,0,0,0,0,0,0,0,0,1
3068576400058100041,69,1,0,0,0,0,0,1,0,9,0,1,0,0,0,1,1,1,0,0,0,1,0,0,0,4,0,0,0,0,1,0,0,0,0,0,0,0,0,7,0,0,0,0,0,2,3,1,0,0,0,0,0,0,0,3,1,0,10,0,0,0,0,0,3,1,0,0,0,0,0,0,0,0,0,0,0,0,0,1,2,0,0,12,0,0,0,0,0,0,10,0,1,0,0,0,1,0,0,0,0,0,0,0,1,1,0,0,0,0,1,0,0,0,0,0,0,2,0,0,0,0,0,1,0,0,2,0,0,0,1,0,0,0,0,0,0,0,0,0,0,0,0,0,0,0,0,0,0,0,0,0,0,0,1,0,0,0,0,0,0,0,0,0,0,0,0,0,0,0,1,0,0,0,0,0,1,0,0,0
3068576400058100042,42,0,0,0,0,1,0,0,0,3,0,0,0,0,0,0,0,0,1,0,0,0,0,1,0,1,0,0,0,0,0,1,0,0,0,0,0,3,0,8,1,0,0,0,0,4,0,1,0,0,0,0,0,0,0,0,0,0,11,0,0,0,0,0,0,0,0,0,0,0,1,0,0,0,1,1,0,1,0,0,0,0,0,4,0,0,0,0,0,0,3,0,1,0,2,5,0,0,0,0,1,0,0,0,0,0,0,0,0,0,0,0,0,0,0,0,0,1,1,0,0,0,0,0,1,0,5,0,0,0,0,0,0,0,0,0,0,0,0,0,0,0,0,0,0,0,0,0,0,0,0,0,0,0,0,0,0,0,0,0,0,0,0,1,1,0,0,0,0,0,0,0,0,1,0,0,0,0,0,0
3068576400058100043,50,0,0,0,0,0,2,0,0,2,0,0,0,0,2,0,0,0,0,1,0,4,0,0,0,0,0,0,0,0,0,1,0,0,0,0,0,1,0,9,3,0,0,1,0,7,0,0,0,0,0,0,0,0,0,0,1,0,11,0,1,0,0,0,1,0,0,0,0,0,0,0,0,0,0,0,0,0,0,0,0,0,0,8,0,0,0,0,0,0,7,0,1,0,1,6,5,0,0,3,0,0,0,0,0,0,0,0,0,0,2,0,0,0,0,0,0,1,1,0,0,0,0,0,0,0,6,0,0,0,0,0,0,0,0,0,0,0,0,0,0,0,0,0,0,0,0,0,0,0,0,0,0,0,0,0,0,0,0,0,0,0,0,0,0,0,0,0,0,0,0,0,0,0,0,0,0,0,0,0
3068576400058100044,46,0,0,2,0,0,1,0,0,4,0,0,1,0,0,0,1,0,0,0,0,2,1,1,0,3,0,0,0,0,1,0,0,0,0,0,1,3,0,11,2,1,0,0,2,5,2,1,0,0,0,0,0,0,0,0,2,0,14,0,1,0,0,0,1,1,0,0,0,0,0,0,0,0,1,0,0,0,0,0,0,0,0,9,0,0,0,0,0,0,3,0,1,0,0,6,16,0,0,0,0,0,0,0,0,0,0,0,0,0,1,0,0,0,0,0,0,0,0,0,1,0,0,1,1,1,7,0,0,0,0,0,0,0,0,0,0,0,0,0,0,0,0,0,0,0,0,0,0,1,0,0,0,0,0,0,0,0,0,0,0,0,0,0,0,0,0,0,0,0,0,0,0,1,0,0,0,0,0,0
3068576400058100045,94,0,0,2,0,0,4,0,0,0,0,1,0,0,0,3,1,0,0,0,0,0,0,0,0,8,0,0,0,0,2,1,0,0,2,0,1,0,0,9,10,0,0,0,0,9,2,0,0,0,0,0,0,0,0,0,0,0,20,1,0,0,1,0,4,0,0,0,0,2,0,0,0,0,1,0,0,0,0,0,0,0,0,30,1,0,0,0,1,0,6,0,0,0,3,5,0,1,0,1,0,0,0,1,4,0,0,0,0,0,0,0,0,0,0,0,0,0,0,0,0,0,0,0,2,0,4,0,0,0,0,0,0,0,0,0,0,1,0,0,0,0,0,0,0,0,0,0,0,0,0,1,0,0,0,0,0,0,0,0,0,0,0,0,0,0,0,0,0,0,0,0,0,0,0,0,1,0,0,0
3068576400058100046,71,0,0,1,0,0,2,0,0,0,0,0,0,0,0,3,0,0,0,0,0,0,0,1,0,3,0,0,0,0,0,0,0,0,0,0,0,1,1,7,3,0,0,0,0,3,3,0,0,0,0,0,0,0,0,1,0,0,15,0,0,0,0,0,4,0,0,0,0,0,0,0,0,0,0,0,0,0,0,0,0,0,0,8,0,0,0,0,1,0,12,0,0,0,0,0,12,0,0,1,1,0,0,1,3,1,0,0,0,1,3,0,0,0,0,0,0,2,2,0,1,0,0,0,2,0,5,0,0,0,0,0,0,0,0,0,0,0,0,0,0,0,0,0,0,0,0,0,0,0,0,0,0,0,0,0,0,0,0,0,0,0,1,0,0,0,0,0,0,0,0,0,0,0,0,0,0,0,0,0
3068576400058100047,36,2,1,5,0,0,0,0,0,1,0,0,1,0,0,7,0,2,0,3,14,0,1,1,1,1,0,54,0,1,0,2,0,0,6,1,2,4,1,0,1,1,1,1,3,1,4,19,0,1,0,0,0,1,0,0,4,0,2,0,0,1,1,0,5,0,0,1,5,0,0,2,0,0,1,0,3,0,0,9,0,3,0,21,0,0,0,0,4,4,59,1,2,0,8,17,1,0,0,4,70,0,1,0,1,0,0,0,0,0,7,0,8,0,0,0,0,2,1,0,5,0,1,1,5,0,2,4,2,2,4,0,1,0,0,1,0,0,0,0,1,0,0,0,0,0,1,0,0,0,0,0,0,0,1,0,0,0,0,0,0,0,0,1,1,0,0,0,0,0,0,0,0,1,0,0,0,0,0,0
3068576400058100048,62,0,0,1,0,0,1,0,0,0,0,1,0,0,1,0,0,0,0,0,0,1,1,0,0,6,0,0,0,0,0,1,0,0,0,0,0,1,0,3,1,0,0,0,0,1,3,1,0,0,0,0,0,0,0,2,1,0,29,0,0,0,0,0,3,0,0,0,0,0,0,0,0,0,2,0,0,0,0,0,0,0,0,12,0,0,0,0,0,0,14,0,0,0,3,6,7,0,0,0,0,0,0,0,1,0,0,1,0,1,0,0,0,0,0,0,0,0,1,0,1,0,0,0,0,0,6,0,0,0,0,1,0,0,0,0,0,0,0,1,0,0,0,0,0,0,0,0,0,0,0,0,0,0,0,0,0,0,0,0,0,0,0,0,0,0,0,0,0,0,0,0,0,0,0,0,0,0,0,0
3068576400058100050,90,0,0,2,0,0,0,0,0,11,0,0,0,0,0,1,0,0,0,0,1,1,0,1,0,5,0,2,0,0,0,0,0,0,4,0,0,0,0,11,10,0,0,0,0,2,3,1,0,1,1,0,0,1,0,4,0,0,3,0,0,0,0,0,2,0,1,0,0,0,2,0,0,0,0,0,0,0,0,0,0,3,0,10,1,0,0,0,0,0,16,0,0,0,1,0,1,0,0,1,1,0,1,0,0,0,0,0,0,0,0,0,0,1,3,0,0,3,0,0,4,0,0,0,2,0,3,1,0,1,0,2,0,0,0,0,0,0,0,2,0,0,0,0,0,0,0,0,0,1,0,0,0,0,0,0,0,1,0,0,0,0,0,0,0,0,0,0,0,0,0,0,0,1,0,0,0,0,0,0
3068576400058100051,51,0,0,11,0,0,0,0,1,2,0,0,1,0,2,1,0,0,0,0,0,1,0,0,0,0,0,7,0,2,1,0,0,0,0,0,0,1,0,1,0,0,1,0,0,0,4,8,0,0,0,0,0,0,0,0,1,0,1,0,0,0,0,0,1,0,0,0,0,0,0,0,0,0,15,1,2,0,0,0,0,0,0,1,1,0,0,1,0,0,6,0,0,0,1,2,1,0,0,0,7,0,0,0,0,0,0,0,0,0,0,0,0,2,2,0,0,4,4,0,1,0,0,2,0,0,0,0,0,0,1,2,0,0,0,0,0,0,0,0,0,0,0,0,0,0,0,0,0,0,1,0,0,0,0,0,0,0,0,0,0,0,0,0,0,0,0,0,0,1,0,0,1,0,0,0,0,0,0,0
3068576400058100052,45,0,0,1,0,0,1,0,0,1,1,0,0,0,0,0,0,0,0,10,6,0,0,0,0,0,0,25,0,0,1,1,1,0,1,6,0,1,0,0,5,0,0,0,1,3,3,3,0,0,0,0,0,0,0,0,0,0,1,0,0,0,1,0,4,0,0,0,2,0,0,0,0,0,0,0,3,0,0,0,1,0,0,0,0,0,0,0,0,1,19,0,1,0,2,2,0,0,0,0,11,0,1,0,0,0,0,1,0,0,0,0,0,1,0,0,0,8,0,0,2,0,0,1,1,1,0,1,2,0,0,0,6,0,0,0,0,0,0,0,0,0,0,0,0,0,0,0,0,0,0,0,0,0,1,0,0,0,0,0,0,0,0,1,0,0,0,0,0,0,0,0,0,0,0,0,0,0,0,0
3068576400058100053,69,0,0,0,0,0,1,0,0,8,0,0,0,0,0,0,0,1,0,2,1,0,0,0,0,7,0,0,0,0,0,0,0,0,0,0,0,0,0,5,4,0,0,0,1,3,2,0,0,0,0,0,0,0,0,2,0,0,6,0,1,0,0,0,1,0,0,0,0,1,0,0,0,0,3,0,1,0,1,0,0,0,0,14,0,0,0,0,0,0,7,0,0,0,0,1,0,0,3,1,0,0,0,0,0,0,0,0,0,0,2,0,1,0,0,0,0,0,1,0,0,0,0,0,2,0,2,0,0,0,0,0,0,0,0,0,0,0,0,0,0,0,0,0,0,0,0,0,0,0,0,0,0,0,0,1,0,0,0,0,0,0,0,1,0,0,0,0,0,0,0,0,0,0,0,0,0,0,0,0
3068576400058100057,30,0,0,0,0,0,1,0,0,2,0,0,0,0,0,1,0,0,0,0,0,1,0,0,0,3,0,0,0,0,2,1,0,0,1,0,0,4,0,12,0,0,0,1,0,5,3,0,0,0,0,0,0,0,0,0,0,0,12,0,0,0,0,0,1,0,0,0,0,0,0,0,0,0,0,1,0,0,0,1,0,0,0,8,0,0,0,0,0,0,10,0,1,0,0,4,12,0,0,0,0,0,0,0,0,0,0,0,0,0,0,0,0,0,0,0,0,0,0,0,2,1,0,0,0,0,4,0,0,0,0,0,0,0,0,0,0,0,0,0,0,0,0,0,0,0,1,0,0,0,0,0,0,0,0,0,0,1,0,0,0,0,0,1,0,0,0,0,0,0,0,0,0,0,0,0,0,0,0,0
3068576400058100058,60,0,1,1,0,0,7,0,0,0,1,0,0,0,0,0,0,1,0,0,1,4,1,1,0,0,0,5,0,0,1,2,0,0,6,0,0,3,0,4,3,0,1,1,1,7,4,9,0,0,0,0,0,0,0,0,1,0,1,0,0,0,0,0,5,1,0,0,0,0,0,1,3,0,0,0,2,0,1,0,1,0,1,0,1,0,0,2,0,1,12,0,0,1,1,2,1,1,0,0,8,0,7,0,1,2,0,17,0,0,0,0,1,3,1,0,1,3,1,0,1,14,0,1,4,0,1,1,0,1,0,0,0,0,0,0,0,0,0,1,1,0,0,0,0,0,0,0,0,0,0,0,0,0,0,0,0,0,0,0,0,0,0,0,0,0,0,0,0,0,0,0,0,0,0,0,0,0,0,0
3068576400058100059,135,0,1,2,0,0,3,0,0,8,1,0,0,0,0,3,0,0,0,1,0,5,0,0,0,6,0,1,0,0,4,2,0,0,0,0,0,5,0,17,6,0,0,0,0,13,7,1,0,0,0,0,0,0,0,2,1,0,19,0,1,0,1,0,4,0,0,0,0,0,0,0,0,0,1,0,1,1,0,0,0,1,0,19,0,0,0,0,0,0,19,0,1,0,1,13,10,0,1,1,1,0,0,0,2,0,0,0,0,0,4,0,0,0,0,0,0,2,3,0,2,1,0,0,5,1,11,1,0,0,0,0,1,0,0,0,0,0,0,0,0,0,0,0,0,0,0,0,0,0,0,0,0,0,0,0,0,0,0,0,0,0,0,0,0,0,0,0,0,0,0,0,0,0,0,0,0,0,0,1
3068576400058100061,83,0,0,0,0,0,0,0,0,11,0,0,0,0,0,0,1,0,1,0,0,0,0,0,0,5,0,0,0,0,2,1,0,0,0,0,0,0,0,4,3,0,0,0,0,7,4,2,0,0,0,0,0,0,0,3,1,0,5,0,0,0,0,0,2,0,0,0,1,1,0,0,0,0,2,0,0,0,0,0,0,0,0,11,1,0,0,0,0,0,9,0,2,0,0,0,3,0,0,0,0,0,2,0,3,0,0,0,0,0,0,0,2,0,0,0,0,3,0,0,3,1,0,0,3,0,0,1,1,0,0,0,0,0,1,0,0,0,0,0,0,0,0,0,0,0,0,0,0,0,0,0,0,0,0,0,0,0,0,0,0,0,0,0,0,0,0,0,0,0,0,0,0,0,0,0,0,0,0,0
3068576400058100067,54,0,0,0,0,0,1,0,0,0,1,0,0,0,0,1,0,1,0,0,0,0,1,0,0,8,0,0,0,0,0,1,0,0,0,0,0,0,1,4,2,0,0,0,1,4,0,1,0,0,0,0,0,0,0,0,0,0,11,0,1,0,0,0,1,0,0,0,0,0,0,0,0,0,0,0,0,1,0,0,0,0,0,8,0,0,0,0,0,0,5,0,0,0,1,1,4,0,0,0,0,0,1,0,0,0,0,1,0,0,0,0,0,1,0,0,0,0,0,0,1,0,0,0,1,0,4,0,0,0,0,0,0,0,0,0,0,0,0,0,0,0,0,0,0,0,0,0,0,0,0,0,0,0,0,0,0,0,0,0,0,0,0,1,0,0,0,0,0,0,0,0,0,0,0,0,0,0,0,0
3068576400058100068,15,0,2,0,0,0,0,0,0,1,0,0,0,0,0,0,0,0,0,0,0,3,0,0,0,0,0,1,0,0,0,0,0,0,1,0,1,3,0,0,0,1,0,0,1,1,0,2,0,0,0,0,0,0,0,0,0,0,1,0,0,0,0,0,0,0,0,0,0,0,0,0,0,0,0,0,1,0,1,0,0,1,0,0,0,0,0,1,0,0,4,0,0,0,1,0,0,1,0,0,1,0,4,1,0,0,0,0,0,0,0,0,0,0,0,0,1,0,1,0,0,1,0,0,0,0,2,0,0,3,0,0,0,0,0,0,0,0,0,0,0,0,0,0,0,0,0,0,0,0,0,0,0,0,0,0,0,0,0,0,0,0,0,1,0,0,0,0,0,0,0,0,0,0,0,0,0,0,0,0
3068576400058100070,36,6,0,2,0,0,0,0,5,0,0,0,2,0,2,0,0,0,0,1,0,0,0,2,0,1,0,16,1,3,0,0,0,0,1,0,1,0,1,0,0,3,1,0,0,2,3,8,0,1,0,0,0,1,0,2,0,0,1,0,0,0,0,0,5,0,0,2,1,1,0,0,0,0,2,3,1,0,0,0,0,1,0,6,8,0,0,6,0,0,17,1,0,0,1,5,0,0,0,0,22,0,6,0,0,0,0,0,0,0,1,0,25,0,1,0,0,2,5,0,0,0,0,9,6,0,0,1,1,1,13,1,0,0,0,0,0,0,0,0,0,0,0,0,0,0,0,0,0,1,0,0,0,0,0,0,0,0,0,1,0,0,0,0,0,0,0,0,0,0,0,0,0,0,0,0,0,0,1,0
3068576400058100071,32,0,0,1,0,1,1,0,0,2,0,0,0,0,0,0,0,1,0,8,6,0,1,0,0,0,1,51,0,0,1,4,0,0,4,0,0,1,0,0,2,0,0,0,0,1,6,4,0,0,0,0,0,0,0,0,0,0,1,0,0,0,0,0,2,0,0,0,0,0,0,0,0,0,0,0,1,0,0,1,0,0,0,2,0,0,0,0,0,1,24,0,0,0,2,3,2,0,0,0,38,0,1,0,2,0,0,2,0,0,0,0,0,1,0,0,0,8,1,0,0,2,0,1,2,0,0,1,1,3,0,0,2,0,0,0,0,0,0,0,0,0,0,1,0,0,0,0,0,1,0,0,0,0,0,0,0,0,0,0,0,0,0,0,0,0,0,0,0,0,0,0,0,0,1,1,0,0,0,0
3068576400058100073,43,0,1,0,2,0,3,0,0,0,0,1,1,1,1,0,0,0,0,1,0,1,0,1,0,0,0,1,0,0,1,0,1,0,2,0,0,1,0,2,1,0,1,1,1,1,1,8,0,0,0,0,0,1,0,0,0,0,3,0,0,0,0,0,6,0,0,0,1,0,1,0,2,0,0,0,0,0,0,0,0,1,0,1,0,0,0,0,0,0,14,0,0,0,1,6,0,1,0,0,3,0,5,0,0,1,0,2,0,0,0,0,0,1,0,0,0,0,0,0,0,5,0,0,8,0,1,0,0,0,0,0,0,0,0,0,0,0,0,0,0,0,0,0,0,0,0,0,0,0,0,0,0,0,0,0,0,0,0,0,0,0,0,0,0,0,0,0,0,0,0,1,0,0,0,0,0,0,0,0
3068576400058100074,46,1,0,0,0,0,0,0,0,6,0,0,0,0,0,0,0,1,0,0,0,2,0,0,0,1,0,0,0,0,0,0,0,0,0,0,0,0,1,2,1,0,0,0,0,3,3,5,0,0,0,0,0,0,0,0,2,0,5,0,0,0,0,0,1,0,0,0,1,0,0,0,0,0,1,0,0,0,0,0,0,0,0,18,0,0,0,0,0,1,2,0,0,0,1,0,0,0,0,0,0,0,0,0,2,0,0,0,0,0,0,1,0,0,0,0,0,2,0,0,0,0,0,0,1,0,0,0,0,0,0,0,0,0,0,0,0,0,0,0,0,0,0,0,0,0,0,0,0,0,0,0,0,0,0,0,0,0,0,0,0,0,0,0,0,0,0,0,0,0,0,0,0,0,0,0,0,0,0,0
3068576400058100075,84,0,0,1,0,0,1,0,0,11,1,0,0,0,0,2,1,0,0,0,1,1,1,0,0,2,0,0,0,0,0,1,0,0,0,0,0,0,0,15,0,0,0,0,0,6,11,2,0,0,0,0,0,0,0,1,2,0,13,0,1,0,0,0,4,0,0,0,0,0,0,0,1,0,5,0,1,0,0,0,0,0,1,20,0,1,0,1,0,0,8,0,0,0,0,2,1,0,0,0,0,0,0,0,0,0,0,0,0,0,0,0,0,0,1,1,0,1,3,0,1,0,0,0,2,0,4,1,0,0,0,0,0,0,0,0,0,0,0,0,0,0,0,0,0,0,0,0,0,0,1,0,0,0,0,0,0,0,0,0,0,0,0,0,0,0,0,0,0,0,0,0,0,0,0,0,0,0,0,0
3068576400058100076,21,1,0,1,0,0,1,0,0,0,1,0,1,0,0,3,0,0,0,4,3,0,1,0,1,1,0,31,0,1,0,0,1,0,1,0,0,1,2,1,0,1,1,0,0,1,3,11,0,0,0,0,0,1,0,0,1,0,0,0,0,1,0,0,2,1,0,1,1,0,0,0,1,0,1,1,2,0,0,3,0,2,0,1,1,0,0,1,1,0,16,0,0,0,2,6,0,0,0,0,31,0,3,0,0,0,0,0,0,0,1,0,4,2,1,0,0,1,9,0,1,0,0,3,6,0,0,0,0,0,1,3,0,0,0,0,0,0,0,1,0,0,0,0,0,0,0,0,0,0,1,0,0,0,0,0,0,0,0,0,1,0,0,0,0,0,0,1,0,0,0,0,0,0,0,0,0,0,0,0
3068576400058100078,58,0,0,0,0,0,1,0,0,1,0,0,0,0,0,0,3,2,0,1,0,0,1,0,0,13,0,0,0,0,2,0,0,0,0,0,0,0,0,2,1,0,0,0,0,4,3,0,0,0,0,0,0,0,0,1,0,0,14,0,0,0,0,0,3,0,0,0,0,0,0,0,0,0,4,0,0,0,0,1,0,0,0,15,0,0,0,0,2,1,3,0,0,0,0,0,0,0,0,0,0,0,0,0,0,0,0,0,0,0,0,0,2,0,1,0,0,2,0,0,1,1,0,0,4,0,2,0,2,0,0,0,0,0,0,0,0,0,1,0,0,0,0,0,0,0,0,0,0,0,0,0,0,0,0,0,0,0,1,0,0,0,0,0,0,0,0,0,0,0,0,0,0,0,0,0,0,0,0,0
3068576400058100079,57,0,0,0,0,0,0,0,0,9,0,0,0,0,0,0,0,0,0,2,0,0,0,0,0,5,0,0,0,0,0,1,0,0,0,0,0,0,0,0,0,0,0,0,1,2,3,0,0,0,0,0,0,0,0,2,1,0,2,0,0,0,0,0,5,0,0,0,0,0,0,0,0,0,1,1,0,0,0,0,0,0,0,8,0,0,0,0,0,0,9,0,0,0,1,0,2,0,0,0,2,0,1,0,3,0,0,0,0,0,0,1,0,0,0,0,0,2,0,0,0,0,0,0,1,0,0,0,0,0,2,0,0,0,0,1,0,0,0,0,0,0,0,0,0,0,0,0,0,0,0,0,0,0,0,0,0,0,0,0,0,0,0,0,0,0,0,0,0,0,0,0,0,0,0,0,0,0,0,0
3068576400058100082,69,0,0,1,0,0,1,0,0,0,0,0,0,0,0,0,0,0,0,0,0,0,0,0,0,5,0,1,0,0,1,0,0,0,0,0,0,1,0,3,4,0,0,1,0,3,1,4,0,0,0,0,0,0,0,1,0,0,13,0,0,0,0,0,2,0,0,0,0,0,0,0,0,0,1,0,2,0,0,0,1,0,0,19,0,0,0,0,2,0,5,0,0,0,2,14,6,0,1,1,1,0,1,1,1,0,0,0,0,0,0,0,0,1,0,0,0,1,0,0,1,0,1,0,2,0,10,0,0,0,0,0,0,0,0,0,0,0,0,0,0,0,0,0,0,0,0,0,0,0,0,0,0,0,0,0,0,0,0,0,0,0,0,1,0,0,0,0,0,0,0,0,0,0,0,0,0,0,0,0
3068576400058100083,28,0,0,1,0,0,0,0,0,4,0,1,0,0,0,0,0,0,0,0,0,0,0,0,0,2,0,0,0,0,1,1,1,0,0,0,0,0,0,2,0,0,0,0,0,1,0,0,0,0,0,0,0,0,0,0,0,0,2,0,0,0,0,0,1,0,0,0,0,0,0,0,0,0,0,0,0,0,1,0,2,0,0,3,0,0,0,0,0,0,11,0,1,0,0,1,1,0,0,0,0,0,0,0,0,0,0,0,0,0,0,0,0,0,0,0,0,0,0,0,0,0,0,1,2,0,2,0,1,0,0,0,0,0,0,0,0,0,0,0,0,0,0,0,0,0,0,0,0,0,0,0,0,0,0,0,0,0,0,0,0,0,0,0,0,0,0,0,0,0,0,0,0,0,0,0,0,0,0,0
3068576400058100084,40,0,0,0,0,0,0,0,0,0,0,0,0,0,0,3,0,0,0,0,0,2,0,1,0,2,0,1,0,0,0,0,0,0,0,0,0,1,0,3,4,0,0,0,1,1,1,2,0,0,0,0,0,0,0,1,0,1,7,0,1,0,0,0,4,0,0,0,0,0,0,0,0,0,2,0,0,0,0,0,0,0,0,9,0,0,0,0,0,0,3,0,0,0,2,0,4,0,0,0,0,0,0,0,1,0,0,0,0,0,0,0,2,0,1,0,0,0,0,0,0,0,0,0,3,0,2,0,0,0,0,0,0,0,0,0,0,0,0,0,0,0,0,0,0,0,0,0,0,0,0,0,0,0,0,0,0,0,0,0,0,0,0,0,0,0,0,0,0,0,0,0,0,0,0,0,0,0,0,0
3068576400058100085,56,0,0,0,0,0,2,0,0,1,0,1,0,0,0,0,0,0,0,0,2,5,0,0,0,3,0,0,0,0,1,1,0,0,0,0,0,2,0,6,4,0,0,0,0,3,1,3,0,0,0,0,0,0,0,0,1,0,12,0,0,0,0,0,1,0,0,0,0,0,0,0,0,0,2,0,0,0,0,0,0,1,0,2,0,0,0,0,0,0,12,0,0,0,0,1,0,1,0,1,1,0,2,0,1,0,0,0,0,0,0,0,0,1,0,0,0,1,1,0,1,0,0,0,2,0,6,0,0,1,0,0,0,0,0,0,0,0,0,0,0,0,0,0,0,0,0,0,0,0,1,0,0,0,0,0,0,0,1,0,0,0,0,0,0,0,0,0,0,0,1,0,0,0,0,0,0,0,0,0
3068576400058100086,9,0,1,0,0,0,0,0,0,0,0,0,0,0,0,16,0,1,0,2,8,0,0,1,2,0,0,51,0,1,0,0,2,0,1,0,0,1,2,1,1,1,0,0,0,0,4,10,0,0,0,0,0,0,1,0,2,0,0,0,0,0,0,0,0,0,1,0,0,0,0,0,0,0,3,0,10,0,0,3,0,1,0,0,0,0,0,0,10,0,25,0,1,0,0,9,0,0,0,2,64,0,3,3,1,0,0,0,1,0,0,0,1,0,0,0,0,0,1,0,4,0,0,0,4,0,0,1,0,0,1,1,0,0,0,0,0,0,2,0,0,0,0,0,1,0,1,0,0,0,0,0,0,0,0,0,0,0,0,0,1,0,0,0,0,0,0,0,0,0,0,0,0,0,0,1,0,0,0,0
3068576400058100087,90,0,0,0,0,0,0,0,0,0,0,0,0,1,0,3,1,1,0,1,0,0,0,0,0,10,0,0,0,0,1,1,0,0,0,1,0,3,0,3,4,0,0,0,0,3,3,0,0,0,0,0,0,1,0,1,3,0,24,0,1,1,0,0,1,0,0,0,0,2,0,0,0,0,4,0,1,0,0,0,0,0,0,20,0,0,0,1,2,0,15,0,0,0,3,1,4,0,0,1,0,0,0,0,0,0,0,1,0,0,0,0,0,1,0,0,0,0,3,0,1,0,0,2,4,0,4,0,0,1,0,0,0,0,0,0,0,0,0,0,0,0,0,0,0,0,0,0,0,0,0,0,0,0,0,0,0,1,0,0,0,0,0,0,0,0,0,0,0,0,0,0,0,1,0,0,0,0,0,0
3068576400058100088,16,0,1,0,2,0,0,0,0,0,0,0,1,0,0,0,0,0,0,0,0,2,0,0,0,0,0,1,0,0,0,0,0,0,1,0,0,1,0,0,0,0,0,0,1,0,1,6,0,0,0,0,0,0,0,0,0,0,1,0,0,0,0,0,3,0,1,0,0,0,0,0,2,0,1,0,0,0,1,0,0,1,0,1,0,0,0,1,0,0,16,0,0,0,0,0,2,1,0,0,3,0,2,1,0,1,0,1,0,0,0,0,0,0,0,0,0,0,0,0,1,1,0,0,1,0,4,0,1,2,0,0,0,0,0,0,0,0,0,0,0,0,0,0,0,0,0,0,0,0,0,0,0,0,0,0,0,0,0,0,0,0,0,1,0,0,0,0,0,0,0,0,0,0,0,0,0,0,0,0
3068576400058100089,74,1,0,0,0,0,0,0,0,11,1,0,1,0,0,4,0,0,0,0,0,1,0,0,0,4,0,0,0,0,2,0,0,1,3,0,0,0,0,6,6,1,0,0,0,1,1,0,0,0,1,0,1,0,0,1,2,0,6,0,0,0,0,0,2,0,0,0,0,0,1,0,0,0,3,0,0,0,0,0,0,0,0,11,0,0,0,0,2,0,21,0,1,0,2,4,0,0,0,0,0,0,0,0,2,0,0,0,0,0,1,0,0,0,0,0,0,0,3,0,1,0,0,0,1,0,2,0,0,0,0,0,0,0,0,0,0,0,0,0,0,0,0,0,0,0,0,0,0,0,0,0,0,0,0,0,0,0,0,0,0,0,0,0,0,0,0,0,0,0,0,0,0,0,0,0,0,0,0,0
3068576400058100093,37,0,0,0,1,0,0,0,0,0,0,0,0,0,0,0,0,0,0,0,0,0,0,0,0,0,0,1,0,0,0,0,0,0,1,0,0,0,0,3,2,1,0,0,0,2,0,0,0,0,0,0,0,0,0,0,0,0,3,0,0,0,0,0,1,0,0,0,0,0,0,0,0,0,0,0,0,0,0,0,0,0,0,17,0,0,0,0,0,0,7,0,0,0,0,0,1,0,0,0,0,0,0,0,0,0,0,0,0,0,0,0,0,0,0,0,0,0,0,0,0,0,0,0,1,0,0,0,0,0,0,0,0,0,0,0,0,0,0,0,0,0,0,0,0,0,0,0,0,0,0,0,0,0,0,0,0,0,0,0,0,0,1,0,0,0,0,0,0,0,0,0,0,0,0,0,0,0,0,0
3068576400058100094,52,0,0,3,0,0,0,1,0,6,0,0,1,0,1,0,0,0,0,0,0,9,1,0,0,6,0,8,0,0,1,9,1,0,3,0,1,0,0,8,2,0,1,1,1,0,5,1,0,0,1,0,0,0,1,3,0,0,3,0,0,0,0,0,5,0,0,0,0,0,0,2,0,0,0,4,1,0,1,0,1,1,0,12,1,0,0,1,3,0,19,0,0,0,2,19,1,0,0,1,10,0,8,2,4,2,10,0,0,0,0,0,0,0,0,0,1,1,2,0,1,1,0,0,8,0,0,1,0,2,0,0,0,0,0,0,0,0,0,0,1,0,0,0,0,0,0,0,0,0,0,0,0,0,0,0,0,1,0,0,1,0,0,0,0,0,1,0,0,0,0,0,0,0,0,0,0,0,0,0
3068576400058100095,77,0,0,0,0,0,0,0,0,1,0,0,0,0,0,1,0,0,0,2,0,0,0,0,0,3,0,1,0,0,0,0,0,0,1,0,0,1,0,3,4,0,0,0,1,3,1,0,0,1,0,0,0,0,0,0,2,0,7,0,0,0,0,0,1,0,0,0,0,0,0,0,0,0,0,0,1,0,0,0,0,0,0,7,0,0,0,0,0,0,7,0,0,0,0,0,0,0,1,2,0,0,0,0,0,0,0,0,0,0,0,0,1,0,0,0,0,0,0,0,0,0,0,0,1,1,1,1,1,0,0,0,0,0,0,0,0,0,0,0,0,0,0,0,0,0,0,0,0,0,0,0,0,0,0,0,0,0,0,0,0,0,0,0,0,0,0,0,0,0,0,0,0,0,0,0,0,0,0,0
3068576400058100096,36,0,0,0,0,0,2,0,0,1,0,0,0,0,0,1,0,3,0,9,4,1,1,0,0,0,0,21,0,1,2,1,1,0,3,0,0,2,0,1,5,0,0,0,0,2,3,3,0,0,0,0,0,0,0,0,0,0,0,0,0,0,0,0,4,0,1,0,2,0,0,0,0,0,1,0,1,0,1,2,0,0,0,1,0,0,0,2,0,1,9,0,0,0,2,3,1,1,0,0,27,0,0,0,0,0,0,0,0,0,0,0,0,1,2,0,1,12,1,0,0,1,0,0,0,0,1,0,0,0,0,0,4,0,0,0,0,0,0,0,0,0,0,0,0,0,0,0,0,0,0,0,0,0,0,0,0,0,0,0,1,0,0,0,0,0,0,0,0,0,0,0,0,0,0,0,0,0,0,0
3068576400058100098,29,0,1,0,0,0,0,0,0,0,0,0,0,0,0,0,0,0,0,0,1,4,2,0,0,0,0,1,0,0,0,1,0,0,1,0,1,0,0,1,1,0,0,5,0,0,1,16,0,0,3,0,1,0,0,0,1,0,0,0,0,1,0,0,2,0,0,0,0,0,0,0,1,0,1,0,0,0,0,0,1,1,0,2,0,0,0,0,0,0,30,0,0,0,3,0,0,1,0,1,1,0,5,0,0,1,0,0,0,0,0,0,0,0,0,0,0,1,0,0,0,1,0,0,3,0,3,0,0,1,0,2,0,0,0,1,0,0,0,0,0,0,0,0,0,0,0,0,1,0,0,0,0,0,0,0,0,1,0,0,0,0,0,0,0,0,0,0,0,0,0,0,0,0,0,0,0,0,0,0
3068576400058100099,103,0,0,0,0,0,0,0,0,16,0,0,0,0,0,1,0,0,0,0,1,2,2,1,0,5,0,1,0,0,1,1,0,0,0,0,0,0,0,7,2,1,1,0,0,0,2,0,0,0,1,0,0,1,0,3,0,0,9,0,1,0,0,0,2,0,0,0,0,0,0,1,0,0,3,0,0,0,1,0,1,0,0,14,0,0,0,0,1,0,15,0,0,0,0,0,1,1,0,1,2,0,0,0,4,1,0,0,0,0,2,1,0,0,1,0,0,2,2,0,2,0,0,1,0,1,1,0,1,0,0,0,0,0,0,0,0,0,0,0,0,0,0,0,0,0,0,0,0,0,0,0,0,0,0,0,0,0,0,0,0,0,0,0,0,0,0,0,0,0,0,0,0,0,0,0,0,0,0,0
3068576400058100100,63,0,0,20,0,0,0,1,1,0,0,2,0,1,7,10,0,0,0,4,5,1,1,0,0,0,0,45,0,0,7,0,3,0,0,0,0,2,1,0,3,1,0,1,0,2,6,18,0,0,0,0,1,0,0,1,2,0,1,0,0,0,1,0,1,0,0,0,5,1,0,2,0,1,68,1,7,0,0,2,1,3,0,0,0,1,0,1,5,0,21,0,0,0,0,5,0,0,0,1,61,0,6,1,1,0,0,0,0,0,0,0,1,0,0,2,0,5,6,0,2,0,0,5,5,0,0,0,0,0,1,0,0,0,0,0,0,0,0,0,0,0,0,0,1,0,1,0,0,2,0,0,0,0,0,0,0,0,0,0,0,0,0,1,0,0,0,0,0,0,1,0,1,0,0,0,0,0,0,0
3068576400058100101,101,0,0,2,0,0,2,0,0,12,0,0,0,0,0,1,1,1,0,0,0,0,0,1,0,3,0,0,0,0,4,1,0,1,1,0,0,0,0,6,2,0,0,0,0,2,4,3,0,0,0,0,0,0,0,1,0,0,13,0,2,0,0,0,1,0,0,0,0,0,1,0,0,0,4,0,0,0,0,0,0,0,0,21,0,0,0,0,0,0,12,0,0,1,2,2,0,2,0,0,3,0,0,1,2,0,0,0,0,0,2,0,0,0,2,0,0,1,2,0,4,0,0,0,3,0,0,0,0,0,0,0,0,0,0,0,0,0,0,0,0,0,0,0,0,0,0,0,0,0,1,0,0,0,0,0,0,0,0,0,0,0,0,0,0,0,0,0,0,0,0,0,0,0,0,1,0,0,0,0
3068576400058100110,81,1,0,46,0,0,0,0,5,0,0,0,0,0,16,0,1,2,0,0,0,0,0,1,0,0,0,1,0,6,0,0,2,2,0,0,0,0,0,1,1,1,0,0,0,5,11,1,0,0,0,0,0,0,0,0,1,0,2,0,0,0,0,0,1,0,0,1,0,0,1,0,0,0,60,0,0,1,0,1,0,0,0,0,0,0,0,8,0,0,8,0,0,0,0,0,0,0,0,0,12,1,8,0,1,0,0,0,0,0,0,1,9,1,1,0,0,8,3,0,0,0,0,11,4,0,0,1,2,1,11,0,0,0,0,0,0,0,1,0,0,0,0,1,1,0,0,0,1,0,0,0,0,0,0,0,0,0,0,0,0,0,0,0,0,0,0,0,0,1,0,0,0,0,0,0,0,0,0,0
3068576400058100112,127,0,0,1,1,0,7,0,1,0,0,0,0,0,2,0,2,0,0,2,0,0,1,0,1,0,0,10,0,1,0,0,0,0,2,0,0,2,0,4,5,0,0,2,2,13,4,7,0,1,0,0,0,0,2,0,3,1,0,0,0,0,0,0,5,1,0,0,0,0,0,0,0,0,0,0,0,1,0,0,1,0,0,1,0,0,0,3,0,2,10,0,1,0,2,3,0,0,0,0,13,0,1,1,0,2,1,12,0,0,1,0,1,6,0,1,2,4,2,0,0,5,0,0,4,0,0,3,0,2,0,0,3,0,0,0,0,0,0,1,0,0,0,0,0,0,0,0,0,0,0,0,0,0,0,1,0,0,0,0,0,0,0,0,0,0,1,0,0,0,0,0,0,0,0,0,0,0,0,0
3068576400058100113,66,0,0,1,0,0,0,0,0,7,0,0,0,0,1,1,0,0,0,0,0,1,1,1,0,2,0,2,0,0,1,0,0,0,1,0,0,0,0,4,0,0,0,1,0,0,0,5,0,0,0,0,0,0,0,0,1,0,7,0,1,0,0,0,2,0,0,0,2,0,1,0,1,0,2,0,1,0,0,0,1,1,0,7,0,0,0,0,0,0,14,0,0,0,2,0,0,0,0,0,2,0,4,0,2,0,0,1,0,0,0,0,0,2,0,0,0,1,0,0,1,0,0,1,3,0,2,0,0,0,0,0,0,0,0,0,0,0,0,0,0,0,0,0,0,0,0,0,0,0,0,0,0,0,0,0,0,0,0,0,0,0,0,1,0,0,0,0,0,0,1,0,0,0,0,0,0,0,1,0
3068576400058100117,45,2,1,1,0,0,0,0,0,0,0,1,1,0,0,1,0,1,0,5,5,0,0,0,3,0,0,27,0,0,0,1,2,1,0,1,0,3,1,0,2,1,5,0,1,0,11,16,0,0,0,0,0,0,0,0,2,1,1,0,0,0,0,0,3,0,0,0,2,0,0,0,0,0,4,0,5,0,0,2,0,3,1,3,1,0,0,1,11,0,33,0,1,0,5,3,1,1,0,0,56,0,1,0,0,1,0,0,0,0,5,0,3,0,0,0,0,2,1,0,2,0,0,0,7,0,3,3,0,2,1,2,1,0,0,0,0,0,0,0,1,0,0,0,0,0,0,0,0,0,1,0,0,0,0,0,0,0,0,0,0,0,0,0,0,0,0,0,0,0,0,0,0,0,0,0,0,1,0,0
3068576400058100122,53,8,0,28,0,0,0,0,1,0,0,0,3,0,7,0,0,0,0,0,0,1,0,0,1,0,0,9,0,1,1,0,0,2,1,0,0,0,3,0,4,0,0,0,0,3,7,7,0,0,0,0,0,0,0,0,0,0,2,1,0,0,0,0,3,0,0,0,0,1,1,2,0,0,22,0,2,0,0,0,0,1,0,0,1,0,0,1,0,0,17,0,0,0,2,1,1,0,0,0,17,0,7,0,0,1,0,1,0,1,0,0,9,0,2,0,0,4,3,0,0,1,0,4,4,0,1,0,2,1,7,0,0,0,0,0,0,0,1,0,0,0,0,0,0,0,0,0,0,0,1,0,0,0,0,0,0,0,0,0,0,1,1,0,0,0,0,0,0,0,0,0,0,0,0,0,0,0,0,0
3068576400058100124,71,18,3,5,1,0,0,0,3,0,0,0,0,0,3,5,1,1,1,5,3,0,0,0,0,4,0,18,0,1,0,0,4,3,1,1,1,3,3,0,4,1,2,2,1,1,3,5,0,0,0,0,2,5,0,0,0,0,4,0,0,0,1,0,7,0,0,4,2,0,1,1,0,0,0,0,0,0,0,5,0,0,0,7,6,0,0,6,5,0,29,0,8,0,4,3,1,0,0,2,23,0,6,1,0,0,0,1,0,0,4,0,19,0,1,0,0,10,4,0,0,0,0,5,17,0,1,5,0,0,21,2,0,0,1,0,0,1,0,0,0,0,0,0,0,0,0,0,0,0,1,0,0,0,0,0,1,1,0,0,0,0,0,1,0,0,0,0,0,0,0,0,0,0,0,0,0,0,1,0
3068576400058100125,31,1,2,1,0,0,1,0,1,1,0,0,0,0,0,4,0,1,1,2,8,1,4,1,1,1,1,30,0,0,0,2,0,0,2,0,1,9,1,1,0,0,0,1,0,1,3,10,0,0,0,0,0,0,0,1,2,0,1,0,0,0,1,0,0,0,0,0,1,0,0,1,1,0,0,0,6,0,0,7,1,0,1,4,1,0,0,0,15,0,31,0,0,0,8,4,0,0,0,2,37,0,6,0,0,0,4,0,0,0,1,0,1,0,1,0,0,0,2,0,1,0,0,1,6,0,0,1,0,1,1,3,0,0,0,0,0,0,0,0,0,0,0,0,0,0,0,0,0,0,0,0,0,0,1,0,0,0,0,0,0,0,0,1,0,0,0,0,0,0,0,0,0,0,0,0,0,0,2,0
3068576400058100126,41,3,0,2,0,0,1,0,2,1,0,1,0,0,4,4,0,1,0,4,5,1,0,2,2,0,0,22,0,0,1,1,0,1,4,3,0,8,2,0,0,0,2,0,4,0,4,12,0,0,0,0,0,1,0,1,1,0,1,0,0,0,0,0,2,1,0,2,0,1,0,0,0,0,17,1,3,0,0,4,0,1,0,7,0,0,0,0,6,1,34,0,6,0,0,6,2,0,0,1,23,0,1,0,0,0,0,0,0,0,5,0,3,1,0,0,0,11,0,0,2,1,0,4,6,2,0,2,1,0,2,3,0,0,1,0,0,0,0,0,0,0,0,0,0,0,1,0,0,0,0,0,0,0,0,0,0,0,0,0,0,0,0,1,0,0,1,0,0,0,0,1,0,0,0,0,0,0,0,0
3068576400058100129,45,1,3,0,3,2,0,0,4,2,0,0,3,0,6,1,0,1,0,1,3,0,3,1,0,7,0,24,0,17,1,2,0,0,10,0,1,3,1,1,0,1,0,3,0,1,10,20,0,0,0,0,0,9,0,3,2,0,2,0,1,1,2,0,5,0,0,4,0,1,0,2,0,0,1,0,4,0,1,0,0,1,0,1,10,0,0,2,5,0,39,0,4,0,5,1,1,1,1,4,16,0,19,0,0,10,1,0,0,1,1,0,49,0,0,0,1,4,3,0,1,0,0,10,10,0,0,1,0,2,38,0,0,1,0,0,0,1,0,0,0,0,0,0,0,0,0,1,0,2,0,0,0,1,0,0,0,1,0,1,0,1,0,1,0,0,0,0,0,0,0,0,0,0,0,0,0,0,0,1
3068576400058100136,84,7,0,24,0,0,0,0,2,0,0,0,1,0,4,1,0,1,0,0,0,0,1,0,0,1,0,3,0,1,4,0,1,3,0,1,0,0,1,0,2,0,0,1,0,1,6,10,0,2,0,0,0,1,0,0,1,0,1,0,0,0,0,0,4,0,0,0,1,5,0,2,1,0,61,1,0,0,0,0,0,0,0,2,2,1,1,0,1,1,11,0,0,0,1,1,1,0,1,1,15,0,2,0,0,0,0,0,0,0,0,0,3,0,0,0,0,12,13,0,0,0,0,0,4,0,0,1,0,0,2,1,0,0,0,0,0,0,0,0,0,1,0,0,0,0,0,0,0,0,0,0,0,0,0,0,0,1,0,1,0,0,0,0,0,0,0,0,0,0,0,0,0,0,0,0,0,0,1,0
3068576400058100141,54,4,11,1,3,1,1,0,1,0,0,1,2,0,3,0,1,0,1,0,0,0,4,0,0,0,0,2,0,1,0,3,1,0,0,1,0,3,0,1,2,0,1,3,5,2,6,14,0,0,0,0,0,1,0,0,1,1,0,0,0,0,0,0,4,0,0,0,0,1,0,1,1,0,1,0,0,1,1,1,0,0,0,0,4,0,0,1,3,0,76,0,7,0,6,3,4,2,0,1,7,1,2,0,1,18,1,2,2,3,0,0,9,0,0,0,0,2,1,0,0,0,0,2,22,2,0,0,0,2,6,1,0,0,0,0,0,1,0,0,1,0,0,0,0,0,0,0,0,0,0,0,0,0,0,0,0,0,0,0,0,0,0,0,0,0,0,0,0,0,0,0,0,0,0,0,0,0,0,0
3068576400058100146,64,12,0,12,0,1,2,0,0,1,0,0,0,14,11,0,0,0,0,0,0,0,1,3,0,1,3,1,4,0,1,2,0,2,3,1,1,1,39,1,1,69,0,3,1,1,25,15,0,17,0,0,3,1,0,18,1,0,4,1,1,3,0,0,5,2,0,0,1,1,6,6,0,0,4,0,2,0,1,1,0,1,1,0,3,0,0,1,3,5,23,0,0,0,1,2,1,0,0,0,15,0,5,1,0,0,0,1,0,0,1,0,11,0,1,0,0,3,4,0,0,0,0,3,18,4,0,0,5,1,2,0,0,0,0,0,0,0,0,0,0,0,0,0,0,0,0,0,0,0,1,0,0,0,0,0,0,0,0,0,0,0,0,0,0,0,0,1,0,0,0,0,0,0,0,0,0,0,0,0
3068576400058200021,84,0,0,1,0,0,4,0,0,2,0,0,0,0,0,3,0,0,0,1,0,1,0,0,0,7,0,0,0,0,2,1,0,1,0,0,0,3,0,9,4,0,0,1,1,6,8,2,0,0,0,0,0,1,0,0,3,0,9,0,0,0,0,0,3,0,0,0,0,0,0,0,0,0,0,0,0,0,0,0,1,0,0,14,0,0,0,0,0,0,8,0,1,0,1,2,11,0,0,0,1,0,1,0,2,0,0,0,0,0,3,0,0,0,0,0,0,3,0,0,2,1,0,0,1,0,11,0,0,0,0,0,0,0,0,0,0,0,0,0,0,0,0,0,0,0,0,0,0,0,0,0,0,0,0,0,0,0,0,0,0,0,0,0,0,0,0,0,0,0,0,0,0,0,0,0,0,0,0,0
3068576400058200023,107,0,0,4,0,0,1,0,0,1,0,2,0,0,0,6,0,0,0,0,0,0,1,0,0,10,1,1,0,0,0,3,0,0,2,0,0,1,1,14,10,0,0,0,0,7,6,0,0,1,0,0,0,0,0,0,0,0,14,0,0,0,0,0,6,5,0,0,0,0,0,0,0,0,2,1,0,2,0,1,1,0,1,39,0,0,0,0,0,0,21,0,0,0,2,29,22,0,0,0,0,0,0,0,1,0,0,0,0,0,0,0,0,1,1,0,0,1,1,1,1,1,0,2,2,0,9,1,0,0,0,0,0,0,0,0,0,0,0,0,0,0,0,0,0,0,0,0,0,0,0,0,0,0,0,1,0,0,0,0,0,0,0,0,0,0,0,0,0,0,0,0,0,0,0,0,0,0,0,0
3068576400058200025,96,0,1,1,5,1,1,0,0,5,0,1,2,1,1,1,1,0,0,0,0,12,3,2,0,3,0,22,1,0,0,0,0,0,16,2,0,1,0,0,0,0,1,4,0,5,1,14,0,0,13,0,0,1,0,1,0,0,3,0,0,0,0,0,13,0,1,0,0,0,0,1,8,0,1,0,10,0,1,0,12,7,0,8,0,0,0,6,3,1,67,0,0,0,5,0,1,1,1,2,22,0,15,0,1,0,0,6,0,0,1,2,0,0,0,0,6,1,2,0,0,3,0,1,14,0,4,1,0,5,0,0,0,0,0,0,0,1,0,0,0,0,0,0,0,0,0,0,0,0,0,0,0,0,0,0,0,0,0,0,0,0,0,0,0,0,0,0,0,0,1,0,0,1,0,0,0,1,0,0
3068576400058200028,46,0,0,0,0,0,2,0,0,0,0,0,0,0,0,3,0,0,0,1,0,0,0,0,0,1,0,0,0,0,1,2,0,0,0,0,0,1,0,3,3,0,0,0,0,4,4,1,0,0,0,0,0,0,0,1,0,0,13,0,0,0,0,0,0,0,0,0,0,0,1,0,0,0,2,0,0,0,0,0,0,0,0,14,0,0,0,0,0,0,5,0,0,0,0,9,8,0,0,1,1,0,0,0,0,0,0,0,0,0,0,0,0,0,0,0,0,0,2,0,1,2,0,1,0,0,1,0,0,0,0,0,0,0,0,0,0,0,0,0,0,0,0,0,0,0,0,0,0,0,0,0,0,0,0,0,0,0,0,0,0,0,0,1,0,0,0,0,0,0,0,0,0,0,0,0,0,0,0,0
3068576400058200034,51,0,0,0,0,0,0,0,0,0,0,0,0,0,0,0,0,0,0,0,0,0,1,0,0,2,0,0,0,0,0,0,0,0,2,0,0,0,0,4,2,0,0,0,0,2,2,1,0,1,0,0,0,0,0,0,0,0,10,0,0,0,0,0,0,0,0,0,1,0,0,0,0,0,2,0,0,0,0,0,0,0,0,7,0,0,0,0,1,0,5,0,0,0,0,8,4,0,0,0,0,0,0,0,1,0,0,0,0,1,0,1,0,0,0,0,0,0,1,0,0,0,0,0,0,0,7,0,0,0,0,1,0,0,0,0,0,0,0,0,0,0,0,0,0,0,0,0,0,0,0,0,0,0,0,0,0,0,1,0,0,0,0,1,0,0,0,0,0,0,0,0,0,0,0,0,0,0,0,0
3068576400058200037,47,3,0,17,0,0,0,0,3,0,0,1,0,0,3,0,0,0,0,0,0,1,0,1,2,1,1,8,1,1,0,0,2,2,0,0,0,1,4,0,1,0,0,0,0,2,6,10,0,2,0,0,0,1,0,3,1,0,0,0,0,1,0,0,0,0,0,0,0,2,0,0,0,0,25,0,0,0,1,2,0,2,0,2,0,1,0,2,0,3,9,0,0,0,0,2,0,0,0,2,17,0,3,1,0,0,0,1,0,1,0,0,6,1,1,0,0,6,25,0,0,0,0,9,3,0,0,0,0,1,6,0,2,0,0,0,0,1,0,0,0,0,0,0,0,0,1,0,0,0,1,0,0,2,0,0,0,0,0,0,0,0,0,0,0,0,1,0,0,0,0,0,0,0,0,0,0,0,0,0
3068576400058200042,39,0,0,0,0,0,4,0,0,1,0,0,0,0,0,0,0,0,0,0,0,6,0,0,0,3,0,0,0,0,0,0,0,0,1,0,0,1,1,2,1,0,0,0,0,7,0,0,0,0,0,0,0,0,0,0,0,0,6,1,0,0,0,0,0,0,0,0,0,0,0,0,0,0,0,0,0,0,0,1,0,0,0,5,0,0,0,0,2,0,5,0,1,0,0,4,10,0,0,0,0,0,0,0,2,0,0,1,0,0,0,0,0,0,0,0,0,0,0,0,1,0,0,2,0,0,6,0,1,0,0,0,0,0,1,0,0,0,0,0,0,0,0,0,0,0,0,0,0,0,0,0,0,0,0,1,0,0,0,0,0,0,0,0,0,0,0,0,0,0,0,0,0,0,0,0,0,0,0,0
3068576400058200043,26,0,0,0,0,0,1,0,0,4,0,0,0,0,0,0,0,1,0,0,0,0,0,0,0,5,0,1,0,0,0,0,0,0,0,0,0,0,1,0,2,0,0,0,0,1,1,0,0,0,0,0,0,0,0,0,1,0,1,0,0,0,0,0,0,0,0,0,0,0,1,0,0,0,2,0,0,0,0,0,1,0,0,11,1,0,0,0,0,0,6,0,0,0,1,1,1,0,0,1,0,0,0,0,2,0,0,1,0,0,1,0,1,1,0,0,0,0,0,0,0,0,0,0,3,0,2,0,0,0,0,0,0,0,0,0,0,0,0,0,0,0,0,0,0,0,0,0,0,0,0,0,0,0,0,0,0,0,0,0,0,0,0,0,0,0,0,0,0,0,0,0,0,0,0,0,0,0,0,0
3068576400058200049,25,0,0,0,0,0,1,0,0,1,0,0,0,0,0,0,1,0,0,0,0,0,0,0,0,3,0,0,0,0,1,1,0,0,0,0,0,2,0,1,2,0,0,0,0,1,1,0,0,0,0,0,0,0,0,0,0,0,8,0,0,0,0,0,3,0,0,0,0,0,0,0,0,0,0,0,0,0,0,0,0,0,0,10,0,0,0,0,0,0,3,0,0,0,1,5,5,0,0,1,0,0,0,0,1,0,0,0,0,0,0,1,0,0,0,0,0,2,0,0,0,0,0,1,0,0,3,0,0,0,0,0,0,0,0,0,0,0,0,0,0,0,0,0,0,0,0,0,0,0,0,0,0,0,0,0,0,0,0,0,0,0,0,1,0,0,0,0,0,0,0,0,0,0,0,0,0,0,0,0
3068576400058200055,41,1,0,0,0,0,0,0,0,0,0,0,0,0,0,0,0,1,0,0,0,0,0,0,0,2,0,0,0,0,1,1,0,0,0,0,0,0,0,4,0,1,0,0,0,1,2,0,0,0,0,0,0,0,0,1,1,0,6,0,0,0,0,0,1,1,0,0,0,0,0,0,0,0,0,0,0,0,0,1,0,0,0,10,0,0,0,0,0,0,2,0,0,0,1,3,6,0,0,0,0,0,0,0,0,0,0,0,0,0,0,0,0,0,0,0,0,1,2,0,0,0,0,1,1,0,2,0,0,0,0,0,0,0,0,0,0,0,0,0,0,0,0,0,0,0,0,0,0,0,0,0,0,0,0,0,0,0,0,0,0,0,0,0,0,0,0,0,0,0,0,0,0,0,0,0,0,0,0,0
3068576400058200063,82,1,0,0,0,0,3,0,0,0,0,0,0,0,0,1,1,0,0,0,0,0,1,0,0,4,0,1,0,0,0,1,0,0,0,0,2,3,0,10,6,0,0,1,0,4,0,4,0,0,0,0,0,1,0,0,0,0,17,0,0,0,0,0,4,0,0,0,0,0,0,0,0,0,4,0,0,0,0,0,0,0,0,37,0,0,0,0,0,0,11,0,1,0,1,5,5,0,0,0,0,0,0,2,0,0,1,0,0,0,0,0,0,0,0,0,0,1,0,0,2,0,0,0,0,0,3,0,1,0,0,0,0,0,0,0,0,0,1,1,0,0,0,0,0,0,0,0,0,0,0,0,0,0,0,0,0,0,0,0,0,0,0,0,0,0,0,0,0,0,0,0,0,0,0,0,0,0,0,0
3068576400058200064,76,0,0,1,0,0,3,0,0,1,0,0,0,0,0,3,2,0,0,0,0,0,2,1,0,3,0,1,0,1,1,2,0,0,3,0,0,1,0,8,2,0,0,0,0,5,2,2,0,0,0,0,0,0,0,1,3,0,7,0,0,0,0,0,4,0,0,0,0,0,1,1,0,0,2,0,2,0,0,0,0,0,0,12,0,0,0,0,1,0,13,0,0,0,0,5,2,0,0,1,0,0,0,0,0,0,0,0,0,0,0,0,0,0,2,0,0,2,0,0,1,0,1,1,1,0,5,0,0,0,0,0,0,0,0,0,0,0,0,0,1,0,0,0,0,0,0,0,0,0,0,0,1,0,0,0,0,0,0,0,0,0,0,0,0,0,0,0,0,0,0,0,0,0,0,0,0,0,0,0
3068576400058200067,67,0,0,0,1,1,0,0,0,16,0,2,0,0,0,1,0,3,0,0,1,7,3,2,0,4,0,7,0,0,0,0,0,0,2,0,0,0,0,3,1,0,0,3,0,3,3,4,0,0,2,0,0,1,0,2,0,0,1,1,0,0,0,0,9,1,0,0,0,0,1,0,3,0,1,2,3,0,3,0,1,1,0,4,0,0,0,0,0,0,47,0,1,0,1,4,0,0,0,2,1,0,12,1,6,0,0,0,0,0,1,1,0,3,1,0,0,2,4,1,0,1,0,1,6,1,1,1,1,3,0,0,0,0,0,0,0,0,0,0,0,0,0,1,0,0,2,0,1,0,0,0,0,0,0,1,0,0,0,0,1,0,0,1,0,0,0,0,0,0,0,0,0,0,0,0,0,0,0,0
3068576400058200068,64,0,0,1,0,0,0,0,0,2,0,0,1,0,0,0,0,0,0,2,3,2,0,0,0,0,0,5,0,0,0,2,0,0,1,0,0,0,0,1,4,0,0,0,0,6,3,2,0,0,0,0,0,0,0,0,0,0,2,0,0,0,0,0,2,0,0,0,1,0,0,0,0,0,0,0,3,0,1,0,0,0,0,1,0,0,0,0,0,1,12,0,1,0,2,8,0,0,0,0,13,0,1,0,0,0,0,13,0,0,0,0,0,2,0,0,0,1,2,1,0,12,0,0,1,0,0,0,0,1,0,0,0,0,0,0,0,0,0,0,0,0,0,0,0,0,0,0,0,0,0,0,0,0,0,0,0,0,0,0,0,0,0,0,0,0,0,0,0,0,0,0,0,0,0,0,0,0,0,0
3068576400058200070,64,0,0,3,0,0,2,0,0,3,0,0,0,0,0,1,0,1,0,0,0,0,1,0,0,3,0,0,0,0,2,1,0,0,0,0,0,0,0,7,4,0,0,0,0,4,2,0,0,0,0,0,0,0,0,0,0,0,15,0,0,0,0,0,4,0,0,0,0,0,0,0,0,0,3,0,0,0,0,0,0,0,0,13,0,0,0,0,1,0,8,0,1,0,2,2,3,0,0,0,1,0,0,0,0,0,0,0,0,0,0,0,0,0,0,0,0,1,1,0,2,0,0,1,0,0,4,0,0,0,0,0,0,0,0,0,0,0,0,0,0,0,0,0,0,0,0,0,0,0,0,0,0,0,0,0,0,0,0,0,0,0,0,0,0,0,0,0,0,0,0,0,0,0,0,0,0,0,0,0
3068576400058200074,122,0,0,1,0,0,0,0,0,0,0,0,1,0,0,0,0,1,0,0,0,7,1,1,0,7,0,0,0,0,0,3,0,0,0,0,2,2,0,13,9,1,0,0,2,4,5,4,0,0,0,0,0,0,0,0,0,0,29,0,0,0,0,0,4,0,0,0,0,0,1,0,0,0,2,1,0,0,0,0,0,0,0,21,0,0,1,0,0,0,24,0,0,0,1,1,19,1,0,0,0,0,1,0,5,0,0,0,0,0,1,0,0,2,0,0,0,1,0,0,5,0,0,1,4,0,13,1,0,0,0,0,0,0,0,0,0,0,0,0,0,0,0,0,0,0,0,1,0,0,1,0,0,0,0,0,0,0,0,0,0,0,0,0,0,0,0,0,0,0,0,0,0,0,0,0,0,0,0,0
3068576400058200076,69,1,0,2,0,0,1,0,0,1,0,0,0,0,0,1,1,0,0,0,1,1,1,1,0,4,0,1,0,0,0,1,0,0,1,0,0,0,0,1,2,0,0,1,0,3,1,0,0,0,0,0,0,0,0,0,1,0,14,0,0,0,0,0,3,0,0,0,0,0,0,0,0,0,2,1,0,1,0,0,0,0,0,23,0,0,0,0,0,0,8,0,0,0,0,0,7,0,0,0,0,0,0,0,1,0,0,0,0,0,0,0,0,0,0,0,0,1,0,0,2,0,0,1,0,0,4,0,0,0,0,0,0,0,0,0,0,0,1,0,0,0,0,0,0,0,0,0,1,0,0,1,0,0,0,0,0,0,0,0,0,0,0,0,0,0,0,0,0,0,0,0,0,0,0,0,0,0,0,0
3068576400058200080,73,0,0,1,4,0,0,0,0,5,1,0,0,0,0,0,0,0,1,0,0,3,5,0,0,3,0,27,0,0,2,5,0,0,10,0,0,0,0,5,1,0,0,0,1,1,3,7,0,0,3,0,1,1,2,5,0,0,2,0,0,0,1,0,10,0,1,0,0,0,1,0,0,0,1,1,3,0,1,1,0,2,0,6,0,0,0,2,3,1,47,0,0,0,5,11,3,1,0,1,15,0,12,0,15,1,0,0,0,0,0,0,0,3,0,0,2,5,0,0,3,1,0,0,11,0,1,1,1,9,0,1,0,0,0,0,0,0,0,0,1,0,0,0,0,0,0,0,1,0,0,0,0,0,0,1,0,0,0,0,0,0,0,0,0,0,1,0,0,0,0,1,0,0,1,1,0,0,0,0
3068576400058200085,89,1,0,1,0,0,1,0,0,12,0,2,0,1,0,0,1,0,0,0,0,1,1,0,0,12,0,0,0,0,1,0,1,0,1,0,0,0,0,5,0,0,0,0,0,3,1,0,0,0,0,0,1,2,0,0,1,0,10,0,0,0,0,0,3,0,0,0,0,0,0,0,0,0,3,0,0,0,0,0,0,0,0,32,0,0,0,0,1,0,18,0,0,0,0,0,1,0,1,0,0,0,1,0,3,0,0,0,0,0,0,0,2,1,0,0,0,1,0,0,1,0,0,4,1,0,5,0,1,0,0,0,0,0,0,0,0,0,0,0,0,0,0,0,0,0,0,0,0,0,0,0,0,0,0,0,0,0,0,0,0,0,0,0,0,0,0,0,0,0,0,0,0,0,0,0,0,0,0,0
3068576400058200086,36,0,0,0,0,0,1,0,0,1,0,0,1,0,0,1,0,0,0,0,0,0,0,0,0,3,0,1,0,0,2,0,0,0,0,0,0,0,0,3,3,0,0,0,0,1,0,0,0,0,0,0,0,0,0,0,0,0,12,0,1,0,0,0,0,0,0,0,0,1,0,0,0,0,0,0,0,0,0,0,0,0,0,13,0,0,0,0,0,0,3,0,0,0,1,2,0,0,0,0,0,0,0,0,0,0,0,0,0,0,0,0,0,1,0,0,0,1,1,0,0,1,0,0,0,0,1,0,0,0,0,0,0,0,0,0,0,0,0,0,0,0,0,0,0,0,0,0,0,0,0,0,0,0,0,0,0,0,0,0,0,0,0,0,0,0,0,0,0,0,0,0,0,0,0,0,0,0,0,0
3068576400058200087,15,0,0,4,1,0,0,0,1,1,0,0,0,0,2,1,0,1,0,1,0,0,0,0,0,0,0,11,0,0,0,1,0,0,1,0,0,0,1,0,0,1,0,0,0,1,2,20,1,1,0,0,0,0,0,0,2,0,0,1,0,0,1,0,0,0,0,0,0,0,0,0,0,0,11,0,0,0,0,0,0,2,0,1,0,1,0,0,1,0,6,0,0,0,1,1,0,0,0,0,12,0,0,0,0,1,1,1,0,0,0,0,1,0,0,0,0,1,8,0,0,0,0,0,0,0,0,0,0,0,1,0,0,0,0,0,0,0,0,0,1,0,0,0,0,0,0,0,0,0,0,0,0,0,0,0,0,0,0,0,0,0,0,0,0,0,0,0,0,0,0,0,0,0,0,0,0,0,0,0
3068576400058200089,83,1,5,2,7,0,3,1,0,1,0,0,0,0,2,0,0,0,1,0,0,2,0,1,0,0,0,1,0,0,0,7,0,0,6,0,0,5,1,2,4,0,1,7,8,3,4,25,0,0,0,0,1,0,3,0,2,0,2,0,0,3,0,0,1,0,0,0,0,0,0,0,5,0,1,0,2,1,2,2,5,5,0,0,0,0,0,0,9,0,24,0,0,0,7,5,7,1,1,0,3,0,6,1,0,16,2,6,0,0,0,0,0,5,2,0,0,2,3,0,0,7,0,1,11,0,7,1,0,3,1,0,0,0,0,0,0,0,0,0,0,0,0,0,0,0,0,0,0,0,0,0,0,0,0,0,0,1,1,0,1,0,0,1,0,0,0,0,1,0,0,0,0,0,0,0,0,0,0,0
3068576400058200090,80,0,0,1,0,0,0,0,0,17,0,0,0,0,0,1,0,5,0,0,0,0,0,0,0,3,1,0,0,0,0,1,0,0,3,0,0,0,0,6,7,0,0,0,1,1,3,0,0,0,0,0,0,0,0,2,1,0,7,0,1,0,0,0,2,0,0,0,0,0,0,0,0,0,2,0,0,0,0,0,0,0,1,8,0,0,0,0,0,0,11,0,0,0,0,5,0,0,0,2,4,0,3,0,9,0,1,0,0,1,1,0,0,0,0,0,0,4,1,0,2,0,0,0,4,0,0,0,0,0,0,0,0,0,0,0,0,0,0,0,1,0,0,0,0,0,0,0,0,0,0,0,0,0,0,0,0,0,0,0,0,0,0,0,0,0,0,0,0,1,0,0,0,0,0,1,0,0,0,0
3068576400058200091,49,0,0,0,0,0,3,0,0,1,0,0,0,0,0,1,3,0,0,1,0,0,1,0,0,6,0,0,0,0,0,0,0,0,0,0,1,0,0,3,0,0,0,0,0,1,1,0,0,0,0,0,0,0,0,0,1,0,16,0,0,0,0,0,1,0,0,0,0,1,0,0,0,0,0,0,0,0,0,1,0,0,0,5,0,0,0,0,1,0,1,0,0,0,1,0,0,0,0,0,0,0,1,0,0,0,0,0,0,0,0,0,1,0,1,0,0,1,0,0,0,0,0,0,0,0,0,1,0,0,0,0,0,0,0,0,0,0,0,0,0,0,0,0,0,0,0,0,0,0,0,0,0,0,0,0,0,0,0,0,0,0,0,0,0,0,0,1,0,0,0,0,0,0,0,0,0,0,0,0
3068576400058200095,65,0,0,0,0,0,0,0,0,10,0,0,0,0,0,1,1,3,0,0,0,0,1,0,0,2,0,1,0,0,0,1,0,0,0,0,0,0,0,6,2,0,0,0,0,2,1,0,0,0,0,0,0,0,0,2,3,0,14,0,0,0,1,0,3,0,0,0,0,0,0,0,0,0,3,0,0,0,0,0,0,0,0,14,0,0,0,0,0,0,6,0,0,0,0,0,0,0,0,0,0,1,0,0,1,0,0,0,0,0,0,0,0,0,0,0,0,1,0,0,3,0,1,1,3,0,2,0,0,0,0,0,0,0,0,0,0,0,0,0,0,0,0,0,0,0,0,0,0,0,0,0,0,0,0,0,0,0,0,0,0,0,0,0,0,0,0,0,1,0,0,0,0,0,0,0,0,0,0,0
3068576400058200097,139,0,0,2,0,0,1,0,0,4,0,0,1,0,0,1,2,1,0,0,0,2,4,1,0,4,0,0,0,1,1,0,0,0,1,0,0,1,0,9,5,3,0,0,1,7,3,4,0,1,0,0,0,1,0,0,0,0,18,1,1,0,1,0,3,0,1,1,0,0,1,0,1,0,5,0,1,0,0,0,0,0,0,33,0,0,0,1,2,0,13,0,0,0,2,1,1,1,0,1,1,1,1,0,1,0,0,0,0,0,1,0,2,1,2,0,0,1,2,0,2,0,0,0,3,1,1,0,0,0,1,0,0,0,0,0,0,0,0,0,0,0,0,0,0,0,1,0,1,0,1,0,0,0,1,0,0,0,0,0,0,0,0,0,0,0,0,1,0,0,0,0,0,0,0,0,0,0,0,0
3068576400058200099,78,0,0,0,0,0,0,0,0,6,0,0,0,0,0,0,0,0,0,1,0,16,3,0,0,0,0,3,0,1,0,1,1,0,5,0,0,3,0,4,0,0,0,2,0,0,3,5,0,0,2,0,0,0,2,0,0,0,9,0,0,0,0,0,4,0,0,0,1,0,0,0,4,0,1,0,7,0,2,1,0,0,1,9,0,0,0,4,0,1,23,0,0,0,2,1,1,4,0,0,6,0,12,0,3,1,0,2,0,0,0,0,0,4,0,0,0,1,0,0,0,6,0,0,7,0,1,1,1,2,0,0,0,0,2,0,0,0,0,0,0,0,0,0,0,0,0,0,0,0,0,1,0,0,0,0,0,0,0,0,0,0,0,1,0,0,0,0,1,0,0,0,0,0,0,0,0,0,0,0
3068576400058200101,44,0,0,1,2,0,0,0,0,1,0,0,0,0,0,0,0,0,0,0,0,7,2,0,0,1,0,5,1,0,1,0,0,0,8,0,0,1,0,0,0,0,0,3,2,3,2,11,0,0,2,0,0,0,0,0,0,0,1,0,0,1,1,0,6,1,1,0,1,0,0,0,6,0,0,0,8,1,2,0,0,1,0,2,0,0,0,0,0,0,45,0,0,0,0,1,0,2,0,1,11,0,9,0,0,1,0,4,0,1,0,0,0,2,0,0,2,1,0,0,0,3,0,0,12,0,2,0,0,3,0,0,0,0,1,0,0,0,0,0,0,0,0,0,0,0,0,0,0,0,1,1,0,0,0,0,0,2,0,0,0,0,0,0,0,0,0,0,0,0,0,1,0,0,0,0,0,0,0,1
3068576400058200102,23,4,0,9,0,0,0,0,0,1,0,0,0,0,3,2,0,0,2,4,13,1,3,0,3,0,1,43,0,5,0,1,2,0,1,1,0,1,0,1,1,0,0,0,0,0,4,12,0,1,0,0,0,0,0,0,1,0,0,0,1,0,0,0,1,0,0,0,3,0,0,1,0,0,7,0,11,0,0,2,0,0,1,0,1,0,0,1,10,0,18,1,0,0,3,18,0,0,1,2,59,0,4,0,2,0,0,0,0,0,3,0,4,0,0,0,0,2,3,0,3,0,0,5,3,0,0,1,0,0,4,3,0,0,0,0,0,0,0,0,0,0,0,0,0,0,0,0,0,0,0,0,0,0,0,0,0,0,0,0,1,1,0,0,0,0,0,0,0,0,0,1,1,0,0,1,0,0,0,0
3068576400058200106,69,0,1,2,0,0,0,0,0,9,0,0,2,0,0,0,0,0,0,1,0,6,3,0,0,1,0,5,0,0,0,0,0,0,10,1,0,0,0,1,2,0,0,3,1,0,4,9,0,1,4,0,0,0,0,1,0,0,2,0,0,0,0,0,5,0,1,0,0,0,1,0,2,0,0,0,5,0,2,0,3,2,0,3,0,0,0,0,0,0,53,0,0,0,1,1,0,1,0,3,6,0,9,0,3,2,0,3,0,0,0,0,0,1,0,0,1,2,1,0,1,3,0,0,4,0,1,0,0,3,0,0,0,0,0,0,0,0,0,0,0,0,0,0,0,0,0,0,1,0,0,0,0,0,0,0,0,0,0,0,0,0,1,0,0,0,0,0,0,0,0,0,0,0,0,1,0,0,0,0
3068576400058200107,74,0,2,1,2,0,1,0,0,8,0,2,0,0,0,0,0,0,0,0,2,4,5,3,0,0,0,1,0,0,2,0,0,0,5,1,0,0,0,2,0,0,0,1,1,1,2,14,1,0,2,0,1,0,0,0,1,0,5,0,0,0,0,0,9,0,1,0,0,0,0,0,1,0,0,0,5,0,1,0,1,2,0,6,0,0,1,2,2,0,52,0,0,0,5,1,0,0,0,3,16,0,5,0,3,1,1,1,0,0,0,0,0,1,0,0,0,2,0,0,2,0,0,0,10,0,0,0,2,1,0,0,0,0,0,0,0,0,0,1,0,0,0,0,0,0,0,0,0,0,0,0,0,0,0,1,0,0,0,0,0,0,0,0,0,0,0,0,0,0,0,0,0,0,0,1,0,0,0,0
3068576400058200109,65,0,0,0,5,0,1,0,0,5,0,0,1,0,0,0,0,0,0,0,0,12,1,2,1,0,0,9,0,0,1,2,1,0,11,1,0,3,0,3,0,0,0,1,1,1,2,18,0,0,6,0,0,1,0,1,0,0,0,0,0,0,0,0,8,0,2,0,0,0,0,0,8,0,1,0,9,0,1,0,2,2,1,0,2,0,1,2,0,0,94,0,1,0,3,0,1,2,1,1,10,0,17,1,2,0,0,3,0,0,0,0,0,2,1,0,5,2,2,0,0,3,0,2,10,0,3,1,0,4,0,1,0,0,0,0,0,0,0,0,0,0,0,0,0,0,0,0,0,0,0,0,0,0,0,0,0,2,1,0,0,0,0,1,0,0,0,0,0,0,0,1,0,0,0,0,0,0,0,0
3068576400058200112,77,7,0,39,1,1,0,0,2,0,0,0,1,0,15,0,0,1,0,0,5,0,1,1,1,1,0,14,1,4,2,0,2,2,0,0,0,0,4,1,7,0,0,0,0,1,8,19,0,0,0,0,0,4,0,2,0,0,1,1,1,0,2,0,5,0,0,0,1,0,0,1,0,0,32,0,1,1,0,2,0,0,0,3,0,3,0,6,2,0,12,0,0,0,0,4,0,0,0,1,26,0,7,0,3,0,0,1,0,0,0,0,9,0,0,0,0,10,7,0,1,0,0,7,6,0,0,0,3,1,13,0,0,0,1,0,0,0,0,0,1,0,0,0,0,0,0,0,0,0,0,0,0,0,0,0,0,0,0,0,0,0,0,0,0,0,0,0,0,0,0,0,0,0,0,0,0,0,0,0
3068576400058200113,110,0,3,0,1,0,9,0,0,1,0,0,1,0,2,0,0,0,0,0,0,0,0,0,0,0,0,5,0,0,0,0,1,0,4,0,0,3,2,2,0,0,1,0,1,8,5,23,0,0,0,0,0,1,1,0,0,0,2,0,0,0,0,0,5,2,2,0,2,0,1,0,0,0,2,0,2,0,2,0,3,1,0,1,0,0,0,2,0,6,8,0,7,0,0,2,1,0,1,2,4,0,4,0,1,2,1,9,0,0,0,1,1,5,1,0,1,0,3,0,0,9,0,1,10,0,2,4,1,2,1,0,0,0,0,0,0,0,0,0,0,0,0,0,0,0,0,0,1,0,1,0,0,0,0,0,0,0,0,0,0,0,0,0,0,0,0,0,0,0,0,0,0,0,0,0,0,0,0,0
3068576400058200114,30,3,0,2,0,2,0,0,0,0,0,0,1,0,0,0,0,0,0,2,0,0,1,1,5,0,0,16,0,0,0,0,1,0,0,0,0,0,0,1,1,1,0,0,0,2,9,31,0,0,0,0,0,0,0,0,1,0,0,0,1,0,0,0,0,0,0,0,0,10,0,0,0,0,2,0,0,0,0,4,0,4,1,1,0,6,0,0,1,1,3,0,0,0,0,1,0,0,0,0,35,0,2,0,0,0,0,1,0,1,0,0,1,0,1,0,0,0,71,0,0,0,0,1,3,0,0,0,2,1,1,0,0,0,0,0,0,0,0,0,0,0,0,0,0,0,0,0,0,0,0,0,0,0,0,0,0,0,0,0,0,1,0,1,0,0,0,0,0,0,0,0,0,0,0,0,0,0,0,0
3068576400058200120,49,0,6,3,1,0,0,0,2,4,0,1,0,0,1,6,0,0,1,4,15,1,0,1,2,1,0,51,1,0,0,1,0,0,3,1,0,7,1,0,1,2,0,1,0,0,8,5,0,1,0,0,0,0,0,0,0,2,1,0,0,0,0,0,1,0,0,1,3,0,0,2,0,0,2,0,7,0,0,1,0,0,0,17,0,0,1,2,28,1,12,0,9,0,1,4,1,0,0,3,69,0,2,1,0,0,1,0,0,0,4,0,1,0,0,0,2,1,1,0,0,0,1,1,5,0,1,2,0,2,0,4,3,0,0,0,0,0,0,0,0,0,0,0,0,0,0,1,0,0,0,0,0,0,0,0,0,0,0,0,2,0,0,0,0,0,0,0,0,0,0,0,0,0,0,0,0,0,0,0
3068576400058200121,70,3,2,5,0,0,0,0,2,2,1,1,1,0,2,2,0,1,1,9,12,0,1,3,5,0,0,45,0,2,1,4,0,1,2,6,0,3,1,0,2,0,2,1,1,2,6,18,0,1,0,0,1,1,0,2,2,2,0,0,0,0,0,0,2,0,0,0,2,0,0,0,0,0,4,0,5,0,0,5,0,0,0,18,2,0,0,2,15,1,29,0,7,0,6,7,1,0,0,3,56,1,3,0,2,0,0,1,0,0,5,0,14,0,0,0,0,4,0,0,1,0,1,2,7,0,3,0,0,2,4,2,2,1,0,0,0,0,1,0,0,1,0,0,0,0,0,0,0,0,0,0,0,1,0,1,0,0,0,0,0,0,0,0,0,0,0,0,1,1,0,1,0,0,0,0,1,0,0,0
3068576400058200124,69,0,15,1,2,0,1,0,1,1,0,0,1,1,0,0,0,0,0,0,0,0,9,2,0,0,0,5,0,0,0,1,0,0,3,0,0,4,0,0,0,0,3,5,5,1,5,12,0,1,0,0,0,0,1,0,2,0,2,0,1,1,0,0,8,1,1,0,0,0,0,0,0,0,2,0,6,1,0,2,0,1,1,1,0,0,0,0,2,0,28,0,24,0,8,0,2,6,0,0,2,0,0,1,1,17,2,1,1,0,0,0,0,1,1,0,0,0,2,0,0,2,0,0,17,1,6,1,1,3,2,0,0,0,0,0,0,0,0,0,0,0,0,0,0,0,0,0,0,3,0,0,0,0,0,0,0,0,0,0,0,0,0,0,0,0,0,0,0,1,0,0,0,0,0,0,0,0,0,0
3068576400058200125,70,9,0,21,1,0,0,0,3,1,0,0,0,0,8,0,0,0,0,0,0,0,0,0,2,0,0,11,1,5,0,1,0,2,1,0,1,3,1,0,0,0,0,1,0,1,5,9,0,0,0,0,1,3,0,0,0,0,0,0,0,0,1,0,7,0,0,0,1,5,0,1,0,0,15,0,0,0,0,0,1,2,0,2,0,0,0,3,0,0,13,0,1,0,0,1,0,0,0,0,22,0,4,0,0,1,0,0,0,0,0,0,20,0,1,0,0,6,35,0,0,1,1,8,10,0,0,0,2,2,11,0,0,0,1,0,0,0,0,0,2,0,0,0,0,1,0,0,0,0,0,0,0,0,0,0,1,0,0,0,0,0,1,0,0,0,0,0,0,0,0,0,0,0,0,0,0,0,0,0
3068576400058200129,24,3,1,1,0,0,0,0,1,1,0,0,0,1,2,0,0,0,0,0,0,0,0,0,0,2,0,10,0,2,1,1,0,0,6,0,0,1,1,0,0,2,0,0,1,0,8,4,0,2,0,1,0,8,0,0,0,1,1,0,0,0,0,0,8,0,0,5,0,0,0,0,1,0,1,0,0,0,0,0,0,0,0,0,8,0,1,7,1,0,26,0,2,0,1,0,1,0,0,1,7,0,10,0,0,1,1,2,0,0,0,0,25,0,0,0,0,1,1,0,0,0,0,6,7,0,1,2,1,2,12,0,0,0,0,0,0,1,0,0,0,0,0,0,0,0,0,0,0,0,0,0,1,0,0,0,0,0,0,0,0,0,0,1,0,0,0,1,0,0,0,0,0,0,0,0,0,0,0,0
3068576400058200130,42,6,2,2,1,0,0,0,3,0,0,0,2,1,5,0,0,0,0,0,0,0,3,1,0,4,2,5,0,6,0,1,0,1,6,0,0,1,3,0,0,1,1,3,0,0,1,16,0,6,0,0,0,2,0,1,1,0,0,0,0,0,1,0,7,0,0,3,0,0,0,0,0,0,0,0,0,0,0,0,0,2,0,1,7,0,0,2,1,0,64,0,3,0,2,4,4,1,0,0,11,0,3,0,2,3,1,2,2,0,0,0,9,0,2,1,0,1,2,0,0,0,0,3,11,1,4,1,0,1,5,0,0,0,0,0,0,0,0,0,0,0,0,0,0,0,0,0,0,0,0,0,0,0,0,0,0,0,0,0,0,0,0,0,0,0,0,0,0,0,0,0,0,0,0,0,0,0,0,0
3068576400058200131,65,14,1,7,2,0,0,0,6,0,0,0,0,1,3,0,0,0,0,0,0,0,0,2,0,0,0,1,0,4,0,0,0,2,4,0,1,0,5,0,5,6,0,6,0,0,6,6,0,1,0,0,0,3,0,0,1,0,2,0,1,2,0,0,4,0,0,0,0,0,0,0,0,0,11,0,0,0,0,0,0,0,1,0,11,0,0,2,1,1,41,1,0,0,3,0,1,0,0,0,7,0,6,2,0,0,0,2,0,0,1,0,40,0,1,0,0,0,3,1,1,1,0,5,10,0,1,1,1,0,8,0,0,0,0,0,0,0,0,0,0,0,0,1,0,0,1,0,1,0,0,0,0,0,0,0,0,1,0,0,0,0,0,0,0,0,0,0,0,0,0,0,0,0,0,0,1,0,0,0
3068576400058200132,50,13,0,9,0,1,1,0,2,0,0,1,0,0,1,0,0,0,0,0,0,0,1,2,0,1,0,5,0,4,1,0,0,2,0,0,0,0,0,0,2,1,0,2,0,3,8,11,1,1,0,0,0,1,0,1,0,0,1,0,0,0,2,0,4,0,0,2,0,4,2,0,0,0,8,0,0,0,1,0,0,1,0,1,1,1,0,4,1,0,15,0,0,0,1,1,0,0,0,0,11,0,6,1,1,0,0,0,0,0,0,0,12,0,0,0,0,6,19,0,0,1,0,2,5,0,0,2,1,0,7,0,0,0,0,0,0,0,0,0,0,0,0,0,0,0,0,0,0,0,2,0,0,0,0,0,0,0,0,0,0,0,0,1,0,0,0,0,0,0,0,0,0,1,0,0,0,0,0,0
3068576400058200134,72,9,0,16,0,0,0,1,0,0,0,0,0,4,17,0,0,0,2,0,0,0,2,2,3,0,5,8,6,3,0,0,1,2,3,0,0,0,27,1,3,58,0,1,0,2,19,20,0,13,0,0,3,1,0,15,2,0,2,1,0,1,0,0,3,0,0,0,1,1,3,6,0,0,8,0,0,0,0,3,0,2,0,2,1,0,0,1,1,2,13,0,0,1,0,1,0,0,0,1,27,2,3,0,1,0,0,3,0,0,1,0,5,0,0,0,0,1,29,1,0,0,0,3,17,0,1,0,6,0,1,0,0,0,0,0,0,0,0,0,1,0,0,0,0,0,0,0,0,0,1,0,0,1,1,0,0,0,1,1,0,0,0,1,0,0,1,0,0,0,1,0,0,0,0,0,0,0,0,0
3068576400058200136,11,1,0,0,0,0,0,0,1,0,0,0,0,0,0,0,0,0,0,0,1,0,2,0,1,0,0,6,0,1,0,0,0,0,0,0,0,0,0,0,0,3,1,0,0,0,0,1,0,0,0,0,1,0,0,1,0,1,0,0,0,0,0,0,0,0,0,0,0,1,0,0,0,0,6,0,2,0,0,0,1,0,0,0,0,0,0,1,0,0,3,0,1,0,0,1,0,0,0,0,9,0,1,0,1,0,0,0,0,0,0,0,1,1,0,0,0,1,8,0,0,0,0,0,0,0,0,0,1,0,1,0,0,0,0,0,0,0,0,0,0,0,0,0,0,0,1,0,0,0,0,0,0,0,0,0,0,0,0,0,0,0,0,0,0,0,0,0,0,0,0,0,0,0,0,0,0,0,0,0
3068576400058200137,7,0,0,1,0,0,0,0,0,2,0,0,0,0,1,0,0,0,0,0,0,0,0,0,0,1,0,2,1,0,0,0,0,1,0,0,0,0,1,1,0,2,0,0,0,0,0,4,0,3,0,0,0,0,0,0,0,0,0,0,0,0,0,0,0,0,0,0,0,1,0,1,0,0,1,0,0,0,0,0,0,0,0,1,0,0,0,0,1,0,2,1,1,0,0,0,0,0,0,0,3,0,2,0,0,1,0,0,0,0,0,0,2,0,0,0,0,0,3,0,0,0,0,0,0,0,0,1,0,1,0,0,0,0,0,0,0,0,0,0,0,0,0,0,0,0,0,0,0,0,0,0,0,0,0,0,0,0,0,0,0,0,0,0,0,0,0,0,0,0,0,0,0,0,0,0,0,0,0,0
3068576400058200139,2,1,0,0,1,0,0,0,0,0,0,0,0,0,0,0,0,0,0,0,0,0,0,0,0,0,0,0,2,0,0,0,0,0,0,0,0,0,1,0,0,4,0,0,0,0,0,1,0,0,0,0,0,0,0,1,0,0,0,0,0,1,0,0,0,0,0,0,0,0,0,0,0,0,3,0,0,0,0,0,0,0,0,0,3,0,0,0,1,1,0,0,1,0,0,0,0,0,0,0,4,0,1,1,0,0,0,0,0,0,0,0,1,0,0,0,0,1,1,0,0,0,0,0,0,0,0,0,0,0,1,0,0,0,0,0,0,0,0,0,0,0,0,0,0,0,0,0,0,0,0,0,0,0,0,1,0,0,0,0,0,0,0,0,0,0,0,0,0,0,0,0,0,0,0,0,0,0,0,0
3068576400058200140,18,3,0,2,0,0,0,0,0,0,0,0,0,0,1,0,0,0,0,0,0,0,0,0,4,0,0,11,0,0,1,1,1,0,0,0,0,0,0,0,0,4,0,0,0,2,8,16,0,0,0,0,0,1,0,1,3,0,0,1,0,0,0,0,0,0,0,0,0,4,0,0,0,0,3,0,1,0,0,2,0,2,0,0,0,0,0,1,1,1,1,0,0,0,0,0,1,0,0,0,14,0,1,0,0,2,0,2,0,0,0,0,2,0,0,0,0,3,38,0,0,0,0,0,2,0,0,0,3,0,2,0,0,0,0,0,0,0,0,0,0,0,0,0,0,0,0,0,0,0,0,0,0,0,0,0,0,0,0,0,0,0,0,0,0,0,0,0,0,0,0,0,0,0,0,0,0,0,0,0
3068576400058300016,54,0,0,1,0,0,0,0,0,1,0,0,0,1,0,0,0,0,0,1,0,5,0,1,0,4,0,0,0,0,0,1,0,0,0,0,0,3,0,16,1,0,0,0,0,6,0,1,0,0,0,0,0,0,0,0,0,0,17,0,0,0,0,0,2,0,0,0,0,0,0,0,0,0,2,0,1,0,0,0,0,0,0,4,0,0,0,0,0,1,6,1,0,0,0,14,2,0,0,0,0,0,0,0,1,0,1,0,0,0,1,0,0,0,0,0,0,2,0,0,0,0,0,1,3,1,10,0,0,0,0,0,0,0,0,0,0,0,0,0,0,0,0,0,0,0,0,0,0,0,0,0,0,0,0,0,0,0,0,0,0,0,0,1,0,0,0,0,0,0,0,0,0,0,0,0,0,0,0,0
3068576400058300025,23,0,1,0,0,0,1,0,0,3,1,0,0,0,0,2,0,0,0,0,0,5,0,0,0,2,0,0,0,0,0,0,0,0,0,0,0,1,0,6,0,0,0,0,0,1,1,0,0,0,0,0,0,0,0,0,0,0,11,0,0,0,0,0,1,0,0,0,0,0,0,0,0,0,0,0,0,0,0,0,0,0,0,1,0,0,0,0,0,0,3,0,1,0,0,6,4,0,0,1,0,0,0,0,0,0,0,0,0,0,2,0,0,0,0,0,0,0,0,0,0,0,0,0,1,0,4,0,0,0,0,0,0,0,0,0,0,0,0,0,0,0,0,0,0,0,0,0,0,0,0,0,0,0,0,0,0,0,0,0,0,0,0,0,0,0,0,0,0,0,0,0,0,0,0,0,0,0,0,0
3068576400058300028,22,0,0,1,0,0,0,0,0,2,0,0,0,0,0,2,0,0,0,0,0,2,0,0,0,3,0,0,0,0,1,0,0,0,0,0,1,4,0,6,1,0,0,0,0,2,0,0,0,0,0,0,0,0,0,0,0,0,2,0,0,0,0,0,1,0,0,0,0,0,0,0,0,0,1,0,0,0,0,0,0,0,0,7,0,0,0,0,0,0,6,0,0,0,0,0,5,0,1,0,1,0,0,0,0,0,0,0,0,0,0,0,0,0,0,0,0,0,0,0,0,0,0,0,0,0,3,1,0,0,0,0,0,0,0,0,0,0,0,0,0,0,0,0,0,0,0,0,0,0,0,0,0,0,0,0,0,0,0,0,0,0,0,0,0,0,0,0,0,0,0,0,0,0,0,0,0,0,0,1
3068576400058300040,39,0,0,0,0,0,1,0,0,0,0,0,0,0,0,1,0,0,2,0,0,0,0,0,0,8,0,0,0,0,0,0,0,0,0,0,0,0,0,6,3,0,0,0,0,1,2,0,0,0,0,0,0,0,0,0,0,0,9,0,0,0,0,0,4,0,0,0,0,0,0,0,0,0,0,1,0,0,0,0,0,0,0,7,0,0,0,0,0,0,4,0,0,0,2,4,4,0,0,0,0,0,1,0,0,0,0,0,0,0,0,0,1,0,0,0,0,1,1,0,1,0,0,1,1,0,4,0,0,0,0,0,1,0,0,0,0,0,0,0,0,0,0,0,0,0,0,0,0,0,0,0,0,0,2,0,0,0,0,0,0,0,0,0,0,0,0,0,0,1,0,0,0,0,0,0,0,0,0,0
3068576400059100009,45,0,0,0,0,0,4,0,0,0,0,0,0,0,0,0,0,0,0,0,4,0,0,0,0,0,0,0,0,0,1,0,0,0,4,0,0,0,0,2,2,0,0,0,0,2,5,2,0,0,0,0,0,0,1,0,0,0,0,0,0,0,0,0,3,0,0,0,0,0,1,1,0,0,0,0,0,0,0,0,0,0,0,1,0,0,0,0,0,0,4,0,0,0,2,1,1,0,0,0,2,0,0,0,0,0,0,5,0,0,0,0,0,0,1,0,0,0,0,0,0,3,0,1,2,1,1,0,1,0,0,0,0,0,0,0,0,0,0,0,0,0,0,0,0,0,0,0,0,0,0,0,0,0,0,0,0,0,0,0,0,0,0,0,0,0,0,0,0,0,0,0,0,0,0,0,0,0,0,0
3068576400059100019,46,0,0,0,0,0,0,0,0,0,0,0,0,0,0,0,0,1,0,1,0,0,0,0,0,0,0,0,0,0,0,0,0,0,1,0,0,0,0,1,0,0,0,0,0,2,3,1,0,0,0,0,0,0,0,0,0,0,0,1,0,0,0,0,1,0,0,0,0,0,0,0,0,0,0,0,2,0,0,0,1,1,0,2,0,0,0,0,0,0,4,0,0,0,1,2,0,1,0,0,3,0,0,0,0,4,1,3,0,0,0,0,0,2,0,0,0,1,0,0,0,1,0,0,2,0,0,1,0,0,0,0,0,0,0,0,0,0,0,0,0,0,0,0,0,0,0,0,0,0,0,0,0,0,0,0,0,0,0,0,0,0,0,0,0,0,0,0,0,0,0,0,0,0,0,0,0,0,0,0
3068576400059100023,22,0,0,4,0,0,0,0,0,0,0,0,0,0,0,2,0,0,0,5,7,0,4,0,3,1,0,86,0,0,0,0,1,0,0,0,0,0,0,1,1,1,0,0,0,2,5,4,0,0,0,1,0,0,0,0,0,0,0,0,0,0,0,0,1,0,0,0,2,0,0,0,0,0,0,0,0,0,0,1,0,0,0,0,0,0,0,0,1,0,4,0,0,0,1,0,0,0,0,0,45,0,0,0,0,1,0,0,0,0,0,0,0,0,0,0,0,4,0,0,0,0,0,0,0,0,0,1,0,0,0,0,2,0,0,0,0,0,0,0,0,0,0,0,0,0,0,0,0,0,0,0,0,0,0,0,0,0,0,0,1,0,0,0,0,0,0,0,0,0,0,0,0,0,0,0,0,0,0,0
3068576400059100030,24,0,0,0,1,0,1,0,0,0,0,0,0,0,0,0,0,0,0,3,0,0,0,0,0,0,0,1,0,0,0,2,0,0,2,0,0,0,0,1,2,0,0,0,0,2,4,3,0,0,0,0,0,0,1,0,0,0,0,0,1,0,0,0,2,0,0,0,0,0,1,0,0,0,3,0,1,0,0,0,0,0,0,0,0,0,0,1,0,0,4,0,0,0,1,1,0,0,0,0,4,0,1,0,0,0,0,1,0,0,0,0,0,3,1,0,0,1,0,0,0,0,0,0,2,0,0,0,0,0,0,0,0,0,0,0,0,0,0,0,0,0,0,0,0,0,0,0,0,0,0,0,0,0,0,0,0,0,0,0,0,0,0,0,0,0,0,0,0,0,0,0,0,0,0,0,0,0,0,0
3068576400059100034,53,0,1,2,0,0,1,0,0,0,0,1,1,0,0,11,0,0,0,15,7,0,1,1,5,1,0,72,0,0,0,1,1,0,2,1,1,2,0,1,0,0,1,3,1,0,13,2,0,0,0,0,0,1,0,0,0,0,0,0,0,0,1,0,1,0,0,0,4,0,0,0,0,0,4,0,1,0,2,2,0,1,0,0,0,0,0,0,0,0,29,0,0,0,0,1,0,0,0,0,68,0,0,0,0,4,0,1,0,0,0,0,0,1,1,0,0,10,1,0,0,2,0,1,10,0,0,0,0,1,0,0,1,0,0,0,0,0,0,0,1,0,0,0,0,0,0,0,0,1,0,0,0,0,0,0,0,0,0,0,3,0,0,0,0,0,0,0,0,0,0,0,0,0,0,0,0,0,0,0
3068576400059100043,45,2,0,26,0,0,0,0,3,0,0,2,0,0,9,0,0,0,0,0,0,0,0,0,0,0,0,1,0,1,0,2,0,0,0,0,0,0,1,0,3,0,0,0,0,2,8,2,0,0,0,0,0,1,0,1,1,0,0,0,0,0,0,0,0,0,0,0,0,0,0,0,0,0,59,1,0,0,0,1,1,2,0,0,0,0,0,4,0,1,7,0,0,0,0,2,0,1,0,0,6,0,2,0,0,1,0,2,0,0,0,0,0,0,0,0,0,6,8,0,0,0,0,5,2,0,0,2,1,0,4,0,0,0,0,0,0,0,0,0,1,0,0,1,0,0,0,0,0,0,0,1,0,0,0,0,0,0,0,0,0,1,0,0,0,0,1,0,0,0,0,0,0,0,0,0,0,0,0,0
3068576400059100049,96,1,0,72,0,0,0,0,1,3,1,1,0,0,9,0,0,1,0,4,0,0,0,0,3,0,0,3,2,1,1,0,3,1,3,0,0,0,7,0,4,0,0,1,0,2,8,6,0,2,0,0,0,0,0,1,2,0,2,1,0,0,1,0,0,0,0,1,0,2,0,1,0,0,94,0,0,0,0,0,0,1,0,0,0,0,0,2,1,0,2,0,0,0,0,1,0,0,0,0,11,2,3,0,0,0,0,0,0,0,0,0,2,0,1,0,0,6,11,0,0,0,0,2,0,0,0,1,0,0,1,0,1,0,0,0,0,0,0,0,0,0,0,0,0,0,0,0,0,0,1,0,0,0,0,0,0,0,0,0,0,4,0,0,0,0,0,0,0,0,0,0,0,0,0,0,0,0,0,0
3068576400059100050,53,1,1,43,0,1,0,0,0,0,0,1,0,0,5,1,0,0,1,6,2,0,1,0,0,0,0,29,0,1,1,1,0,1,0,0,0,1,4,0,1,1,3,0,1,1,3,3,0,0,0,0,0,0,0,0,0,0,1,0,0,0,0,0,1,0,0,0,0,0,1,0,0,0,26,0,0,0,0,0,0,2,0,0,0,0,0,1,0,0,34,0,0,0,0,0,0,0,0,0,13,0,1,0,0,2,0,0,0,0,0,0,1,0,0,0,0,7,4,0,0,1,0,2,4,0,0,1,1,0,0,0,2,0,0,0,0,0,0,0,0,0,0,0,0,0,0,0,0,0,1,0,0,0,0,0,0,0,0,0,0,0,0,0,0,0,0,0,0,0,0,0,0,0,0,0,0,0,0,0
3068576400059100051,11,0,0,12,0,0,0,0,0,0,0,0,0,0,2,0,0,0,0,0,0,0,0,0,0,0,0,2,0,1,1,0,0,0,0,0,0,0,2,0,0,0,0,0,0,0,0,0,0,2,0,0,0,0,0,0,0,0,1,0,0,0,0,0,0,0,0,0,0,0,0,1,0,0,13,0,0,0,0,1,0,0,0,1,0,0,0,0,0,0,0,0,0,0,0,0,0,0,0,2,1,0,0,0,0,0,0,0,0,0,0,0,1,0,0,0,0,3,5,0,0,0,0,1,0,0,0,0,0,0,0,0,0,0,0,0,0,0,0,0,0,0,0,0,0,0,0,0,0,0,0,0,0,0,0,0,0,0,0,0,0,0,0,0,0,0,0,0,0,0,0,0,0,0,0,0,0,0,0,0
3068576400059100052,90,3,0,38,0,0,0,0,1,0,0,0,0,0,10,0,0,1,2,16,4,0,0,1,1,0,1,73,0,3,0,1,4,1,1,1,0,1,7,0,1,0,2,0,3,1,11,5,1,6,1,0,0,0,0,0,0,0,0,0,0,0,0,0,0,0,0,0,0,0,1,3,0,0,38,0,2,0,0,3,0,1,0,1,0,0,0,1,1,4,21,0,0,0,3,2,0,1,1,1,31,0,1,0,0,1,0,0,0,0,0,0,0,0,0,1,0,18,16,0,0,3,0,4,4,1,0,1,1,1,0,0,0,0,1,0,0,2,0,0,0,0,0,1,0,0,0,0,0,0,0,0,0,0,0,0,0,0,0,0,1,0,0,0,0,0,0,0,0,0,0,0,0,0,0,0,0,0,1,0
3068576400059100054,28,0,0,1,0,0,0,0,0,0,0,0,0,0,0,2,0,0,0,10,7,0,0,0,0,2,0,63,0,0,0,0,1,0,1,0,0,0,0,0,0,1,3,0,0,1,6,13,0,0,0,0,0,0,0,0,0,0,0,0,0,0,0,0,1,0,0,0,1,0,0,0,0,0,1,0,0,1,0,3,0,1,0,0,0,0,0,0,0,1,36,0,0,0,0,1,0,0,0,0,55,0,0,0,0,0,0,0,0,0,0,0,0,0,0,0,0,18,7,0,0,1,1,1,3,1,0,0,0,0,0,0,1,0,0,0,0,1,0,0,0,0,0,0,0,1,0,0,1,0,1,0,0,0,0,0,0,0,0,0,1,0,0,0,0,0,0,0,0,0,0,0,0,1,0,0,0,0,0,0
3068576400059100059,23,1,0,1,0,0,0,0,0,0,1,0,0,1,0,2,0,0,0,16,5,0,0,1,3,0,0,37,0,0,0,0,3,0,0,0,0,0,0,0,1,0,0,0,3,0,6,7,0,0,0,0,0,0,0,0,0,0,1,0,0,0,0,0,1,2,0,0,6,1,0,0,0,0,0,0,1,0,0,5,0,0,0,0,0,0,0,0,0,2,17,0,0,0,0,1,0,0,0,0,10,0,0,0,0,2,0,0,0,0,0,0,0,0,0,0,0,13,11,0,0,0,0,0,2,0,0,0,1,0,0,0,0,0,0,0,0,0,0,0,0,0,0,0,0,0,0,0,0,0,0,0,0,0,0,0,0,0,0,0,1,0,0,0,0,0,0,0,0,0,0,0,0,0,0,0,0,0,0,0
3068576400059100068,38,1,0,0,0,0,0,1,1,0,0,0,1,1,0,8,0,0,1,25,11,0,4,2,4,0,0,86,0,0,0,3,3,0,0,0,0,0,1,0,0,0,3,0,1,0,6,7,0,1,0,0,0,0,0,1,1,0,0,0,1,0,3,0,3,3,0,0,4,2,0,2,0,0,0,0,0,0,0,5,0,2,0,0,0,0,0,0,0,5,20,0,0,0,6,1,2,0,0,0,19,0,0,0,1,2,0,1,0,0,0,0,0,0,0,1,0,23,8,0,0,2,0,0,1,0,0,0,1,0,0,0,0,0,0,0,0,0,0,0,0,0,0,0,0,0,0,0,1,1,0,0,0,0,0,0,0,0,0,0,0,0,0,0,0,0,1,0,0,0,0,0,0,0,0,0,0,0,0,0
3068576400059100075,24,2,0,2,0,0,0,0,0,0,1,0,1,1,0,3,0,0,0,16,4,0,3,0,1,0,0,44,0,0,1,0,2,0,4,0,0,0,1,0,0,3,1,0,1,0,9,7,0,0,0,0,1,0,0,0,0,0,0,0,1,0,0,0,1,4,0,0,3,0,0,0,0,0,0,0,1,1,0,2,0,1,0,0,0,0,0,0,1,1,47,0,0,0,0,0,0,1,1,0,17,0,0,0,0,0,0,0,0,1,0,0,0,1,1,0,0,11,13,0,0,1,0,0,1,0,0,0,1,0,0,0,0,0,0,0,0,0,0,0,0,0,0,0,0,0,0,0,0,0,0,0,0,0,0,0,0,0,0,0,1,0,0,0,0,0,0,0,0,0,0,0,0,1,0,0,0,0,0,0
3068576400059200017,20,0,0,1,0,0,0,0,0,0,0,0,0,0,0,3,0,0,0,6,5,1,0,0,1,0,0,52,0,0,0,0,0,0,0,0,0,0,0,0,0,0,0,0,0,0,4,0,0,1,0,0,1,1,0,0,0,0,0,0,0,0,0,0,1,0,1,0,1,0,0,2,0,0,0,0,1,0,0,1,0,0,0,0,0,0,0,1,0,0,4,0,0,0,0,0,0,0,0,0,28,0,0,0,0,0,0,3,0,0,0,0,1,0,0,0,0,1,0,0,0,0,0,0,2,0,1,1,0,0,0,0,1,0,0,0,0,0,0,1,0,0,0,0,0,0,1,0,0,0,0,0,0,0,0,0,0,0,0,0,3,1,0,0,0,0,0,0,0,0,0,0,0,0,1,0,0,0,0,0
3068576400059200018,86,0,0,0,0,0,2,1,0,0,0,1,0,0,1,0,0,3,0,1,3,0,1,0,0,1,0,12,0,0,1,1,2,1,2,0,0,2,0,5,1,0,0,0,0,9,3,6,0,0,0,0,0,0,0,0,1,0,2,0,0,0,0,0,9,1,0,0,1,0,0,0,0,0,1,0,3,0,0,2,0,0,0,3,0,0,0,0,0,0,14,0,0,0,3,7,3,0,0,0,7,0,0,0,1,0,0,11,0,0,0,0,0,2,0,0,0,8,0,0,1,7,0,2,4,0,0,0,1,0,0,0,2,0,0,0,0,0,0,0,0,0,0,0,0,0,0,0,0,0,0,0,0,0,0,0,0,0,0,0,1,0,0,0,0,0,0,0,0,0,0,0,0,0,0,0,0,0,0,0
3068576400059200033,67,0,0,0,1,0,2,0,0,0,0,0,1,0,0,4,3,1,0,12,12,0,5,0,0,0,0,62,0,0,1,1,0,0,2,0,1,1,1,1,3,0,1,1,1,2,5,4,0,0,0,0,0,0,1,0,0,0,0,0,0,1,0,0,1,0,0,0,3,0,0,1,1,0,1,0,3,0,1,5,2,0,1,4,0,0,0,0,1,0,11,0,0,0,4,0,0,0,0,0,26,0,1,0,1,3,0,3,0,0,0,0,0,0,1,0,0,3,2,0,0,3,0,1,3,0,1,5,0,1,0,0,4,0,0,0,0,0,0,1,0,0,0,0,0,0,0,0,0,1,0,0,0,0,0,0,0,0,0,0,2,0,0,1,0,0,0,0,1,0,0,0,0,0,0,0,0,0,0,0
3068576400059200041,87,15,1,10,0,0,1,0,0,1,0,0,2,16,15,0,0,0,0,1,0,0,3,8,2,1,1,6,4,1,0,3,1,2,4,7,0,1,23,0,3,57,0,5,2,1,26,12,0,15,0,0,6,0,1,21,1,0,5,0,2,1,1,0,3,3,0,0,1,3,1,3,1,0,20,0,5,0,1,1,1,0,0,1,6,0,1,0,1,8,38,0,1,0,3,2,2,1,0,0,34,2,7,1,0,5,1,12,0,0,0,0,5,0,0,0,0,4,6,4,0,0,0,5,27,1,3,1,4,3,2,1,0,0,0,0,0,0,0,1,0,0,0,0,1,0,1,0,0,0,0,0,0,0,0,0,0,0,0,0,0,0,0,0,0,0,1,0,0,1,0,0,0,0,0,0,0,0,2,0
3068576400059200044,33,0,0,14,0,1,0,0,0,0,0,0,0,0,4,0,0,1,1,4,3,0,4,1,0,0,0,22,0,2,0,0,4,1,2,0,0,3,0,0,2,0,0,0,0,1,4,2,0,0,0,0,0,0,0,0,0,1,0,0,0,0,0,0,1,0,0,0,2,0,0,0,0,0,11,0,0,0,0,2,0,0,1,0,0,0,0,0,0,1,19,0,2,0,0,0,0,1,0,0,17,0,0,0,0,1,0,0,0,0,0,0,1,0,0,1,0,6,0,0,0,0,1,1,4,0,0,2,1,0,1,0,2,0,0,0,0,0,0,0,0,0,0,0,0,0,0,0,0,0,0,0,0,0,0,0,0,0,0,0,1,0,0,0,0,0,0,0,0,0,0,0,0,0,0,0,0,0,0,0
3068576400059200045,47,1,0,29,0,0,0,0,7,0,0,1,0,0,4,0,0,0,0,0,0,0,1,0,0,0,0,1,0,2,0,0,1,1,0,0,0,0,4,0,0,1,0,0,0,1,4,1,0,6,0,0,0,0,0,0,1,0,0,0,0,0,0,1,0,0,0,0,0,0,0,0,0,0,51,0,0,0,0,0,0,1,1,0,0,0,0,0,0,2,6,0,0,0,0,0,0,1,0,1,11,0,1,0,1,0,0,0,0,0,0,0,0,0,0,0,0,7,1,0,0,0,0,1,1,0,0,0,0,3,1,0,0,0,0,0,0,0,0,0,0,0,0,0,0,0,0,0,0,0,0,0,0,0,0,1,1,0,0,0,0,0,0,0,0,0,0,0,0,0,0,0,0,0,0,0,0,0,0,0
3068576400059200046,44,0,0,35,0,0,0,0,1,0,0,0,0,0,2,0,0,0,0,0,0,0,0,0,0,0,0,0,0,1,0,0,2,1,2,0,1,0,0,0,0,0,0,1,0,0,3,9,0,0,0,0,0,0,0,0,0,0,1,0,1,0,0,0,0,0,0,0,0,1,0,1,0,0,38,0,1,0,0,0,1,1,0,0,0,0,0,1,0,1,4,0,0,0,0,0,0,0,0,2,12,0,3,0,0,0,0,2,0,0,0,0,1,0,0,0,0,3,13,0,0,0,0,5,2,0,0,2,3,0,2,0,0,0,0,0,0,0,0,0,0,0,0,0,0,0,0,0,0,0,0,0,0,0,0,0,1,0,0,0,0,0,0,0,0,0,0,0,0,0,0,0,0,0,0,0,0,0,0,0
3068576400059200049,94,1,0,40,0,0,0,0,1,0,0,1,0,0,7,1,0,2,1,8,1,0,1,0,1,0,0,34,0,2,2,1,2,0,1,0,1,0,5,2,3,0,0,0,1,2,11,2,0,3,0,0,0,0,0,1,1,1,1,1,0,0,1,0,0,1,0,0,1,0,0,0,0,0,61,0,1,0,0,3,0,0,0,1,0,0,0,0,0,2,23,0,0,0,4,0,0,2,0,0,26,2,2,0,0,0,0,2,0,0,0,1,1,0,0,0,0,11,6,0,0,0,0,9,4,0,0,3,2,0,1,0,2,0,0,0,0,0,0,0,0,0,0,0,0,0,1,0,0,0,0,0,0,0,0,0,0,2,0,0,0,0,1,0,0,0,0,1,0,0,0,0,0,0,0,1,0,0,0,0
3068576400059200050,28,3,0,0,0,1,0,0,0,0,0,0,0,0,0,0,0,0,0,0,0,0,0,0,3,0,0,8,1,0,0,0,0,0,0,0,0,0,0,0,0,1,0,0,1,0,7,6,0,0,0,0,1,0,1,0,0,0,0,0,0,0,0,0,0,0,0,0,0,0,0,0,0,0,5,0,0,0,0,2,0,7,0,0,0,0,0,0,1,0,1,0,2,0,0,0,1,0,0,0,16,0,0,1,0,0,0,2,0,0,0,0,1,1,0,0,0,0,23,0,0,0,0,0,0,0,0,0,1,0,0,0,0,0,0,0,0,0,0,0,1,0,0,0,0,0,0,0,0,0,0,0,0,0,0,0,0,0,0,0,0,0,0,0,0,0,0,0,0,0,1,0,0,0,0,0,0,0,0,0
3068576400059200051,27,0,0,10,0,0,0,0,0,0,0,0,0,0,1,1,0,0,1,7,5,0,1,4,1,0,0,35,0,0,0,3,1,0,1,1,0,1,3,0,2,1,3,0,3,0,4,2,0,0,0,0,1,0,0,0,0,0,0,0,0,0,0,0,0,0,0,0,0,0,0,0,0,0,22,0,0,0,0,7,0,0,0,0,0,0,0,0,0,0,16,0,0,0,0,3,0,0,0,0,11,0,0,0,0,1,0,0,0,1,0,0,1,0,0,0,0,3,0,0,0,0,1,3,3,0,0,0,0,0,0,0,2,0,0,0,0,0,0,0,0,0,0,0,0,0,0,0,0,0,0,0,0,0,0,0,0,0,0,0,0,0,0,0,0,0,0,0,0,0,0,0,0,0,0,0,0,0,0,0
3068576400059200062,22,3,0,5,0,0,0,0,0,0,1,0,0,0,0,1,0,2,0,3,2,1,0,3,3,0,0,24,0,0,0,1,0,0,0,0,0,3,0,1,3,0,0,0,0,1,14,20,0,0,0,0,0,0,0,0,0,0,0,0,0,0,0,0,0,0,0,0,1,5,0,0,0,0,1,0,0,0,1,1,0,5,0,2,0,0,1,0,1,3,14,0,0,0,2,0,1,0,0,0,20,0,0,0,0,0,0,0,0,0,0,0,0,0,1,0,0,8,45,0,0,0,0,0,2,0,0,0,9,0,0,0,0,0,0,0,0,0,1,0,0,0,0,0,1,0,0,1,0,0,0,0,0,0,0,0,1,0,0,0,0,0,0,0,0,0,1,0,0,0,0,0,0,0,0,0,1,0,1,0
3068576400059200063,67,2,0,2,0,0,0,0,0,1,0,0,1,1,0,5,0,0,0,15,4,0,4,1,6,0,2,125,2,0,0,0,4,0,5,0,1,0,1,0,2,0,3,0,0,0,23,13,0,0,0,0,0,0,0,0,2,0,0,0,0,0,0,0,1,2,0,0,0,1,0,1,0,1,0,0,1,0,0,6,0,2,0,0,0,0,0,0,0,3,44,0,0,0,1,1,1,0,0,0,42,0,0,0,0,1,0,3,0,1,0,0,1,0,1,0,0,32,40,0,0,1,1,0,2,1,0,1,0,0,1,0,0,0,0,1,0,0,0,0,0,0,0,0,0,0,1,1,0,0,0,0,0,0,0,0,0,0,0,0,1,0,0,1,0,0,0,0,0,0,0,0,0,0,0,0,0,0,0,0
3068576400059200064,12,1,0,0,0,0,0,0,0,0,0,0,0,0,0,1,0,0,0,2,0,0,0,0,1,0,0,3,0,0,0,0,0,0,0,0,0,0,0,0,0,0,0,0,0,0,6,8,0,0,0,0,0,0,0,0,1,0,0,0,0,0,0,0,0,1,0,0,0,4,1,0,0,0,2,0,0,0,0,0,0,4,0,0,0,0,0,0,1,2,2,0,0,0,2,0,0,0,0,0,6,0,0,0,0,0,0,0,0,0,0,0,0,0,1,0,0,0,13,0,0,0,0,0,1,0,0,0,2,0,0,0,0,0,0,0,0,0,0,1,0,0,0,0,0,0,0,0,1,0,0,0,0,0,0,0,0,0,0,0,0,0,0,0,0,0,0,0,0,0,0,0,0,0,0,0,0,0,0,0
3068576400059200065,26,1,0,2,0,0,0,0,0,0,0,0,0,2,0,1,0,1,0,9,11,0,1,1,8,0,0,43,0,0,0,0,0,0,2,0,0,0,0,0,0,2,1,0,1,0,8,9,0,0,0,0,0,0,0,0,1,0,0,1,1,0,0,0,1,1,0,0,2,2,0,0,0,0,2,0,0,0,0,3,0,0,0,0,0,0,0,1,0,2,26,0,1,0,0,2,1,0,0,0,18,0,1,0,0,0,0,1,0,0,0,0,0,1,0,1,0,12,15,0,0,1,0,0,1,0,0,1,1,0,0,0,0,0,0,0,0,0,0,0,0,0,0,1,0,0,0,0,0,1,0,0,0,1,0,0,0,0,0,0,1,0,0,1,0,0,0,0,0,0,0,0,0,0,0,0,0,0,0,0
3068576400059200069,43,1,0,2,0,0,0,0,1,0,0,0,1,0,0,3,0,1,1,11,15,0,2,0,6,0,0,37,0,0,0,1,1,0,5,0,0,1,0,0,1,0,2,0,4,1,12,11,1,0,0,0,0,0,0,0,1,1,0,0,1,0,0,0,0,0,0,0,3,1,0,1,0,0,3,0,1,0,0,2,0,3,0,0,0,0,0,0,0,3,28,0,0,0,5,4,0,0,1,0,17,1,1,0,0,0,0,1,0,0,0,0,0,0,0,0,0,26,35,0,0,1,0,0,2,1,0,0,3,0,0,0,1,0,0,1,0,0,0,0,0,0,0,0,0,0,0,0,0,0,0,0,0,0,0,0,0,0,0,0,1,0,0,1,0,0,1,0,0,0,0,0,0,0,0,0,0,0,0,0
3068576400059200083,16,4,0,2,0,0,0,0,0,0,0,0,0,1,0,0,0,0,0,0,0,0,2,1,4,0,0,5,0,0,0,0,1,0,0,0,0,1,0,0,0,0,0,0,0,1,5,10,0,0,0,0,0,0,0,0,1,0,0,0,0,0,0,0,0,0,0,0,0,4,0,0,0,0,0,0,0,0,0,0,0,1,1,0,0,0,0,0,0,1,2,0,0,0,0,0,0,0,0,0,5,0,0,0,0,0,0,0,0,0,0,0,0,0,1,0,0,3,26,0,0,0,0,0,2,0,0,0,0,0,1,0,0,0,0,0,0,0,0,0,0,0,0,0,0,0,0,0,0,0,0,0,0,0,0,0,0,1,0,0,0,0,0,0,0,0,0,0,0,0,0,0,0,0,0,0,0,0,0,0
3068576400059200096,8,7,0,3,0,0,0,1,0,1,0,0,0,0,0,1,0,2,0,1,0,0,1,0,5,0,0,1,0,0,0,0,2,0,0,0,0,1,0,0,0,0,0,0,0,2,12,16,0,0,0,0,0,0,0,0,2,0,0,0,0,0,1,0,0,0,0,0,0,2,0,0,0,0,0,0,0,0,0,1,0,2,0,0,0,0,0,1,4,7,1,0,0,0,0,0,1,0,2,0,2,0,0,0,0,0,1,2,0,0,0,0,0,1,1,0,0,5,50,0,0,0,0,0,5,0,0,0,10,0,0,0,0,0,0,0,0,0,0,0,0,0,0,0,0,0,0,0,0,0,2,0,0,1,0,0,0,0,0,0,0,0,0,0,0,0,0,0,0,0,0,0,0,0,0,0,0,0,0,0
3068576400070100002,74,3,0,0,0,0,0,0,0,1,0,0,0,0,1,8,0,1,0,16,9,0,0,1,13,0,0,23,0,0,0,0,2,0,0,0,0,0,0,0,2,0,0,0,0,3,10,15,1,0,0,1,0,0,1,0,2,0,6,13,1,0,0,0,1,0,0,0,5,5,0,2,0,0,0,0,1,0,0,1,0,1,1,0,0,7,0,0,0,1,10,0,0,0,1,0,1,0,0,0,19,1,0,0,0,1,0,0,0,0,0,0,0,0,1,0,0,35,60,0,0,0,0,1,5,2,0,0,0,0,0,0,0,0,0,0,0,0,0,0,1,0,0,0,0,0,0,0,0,0,0,0,0,0,0,0,0,1,0,0,0,1,0,0,0,0,0,0,0,0,0,0,0,0,0,0,0,1,0,0
3068576400070100013,49,4,0,3,0,0,0,0,0,1,0,1,0,0,0,7,0,0,0,25,4,0,3,0,2,0,1,32,0,0,0,0,4,0,0,1,0,2,3,0,2,2,0,0,1,1,6,9,0,1,0,0,0,0,0,0,2,1,9,23,0,0,2,0,1,0,0,0,4,3,0,0,0,0,0,0,1,0,0,7,0,0,0,0,0,1,0,0,0,2,20,0,0,0,9,0,1,0,0,1,30,0,1,0,1,0,0,0,0,0,0,0,0,0,1,0,0,21,50,0,0,1,0,0,2,3,0,0,1,1,0,0,1,0,0,0,0,0,0,0,1,0,0,0,0,0,0,0,0,0,0,0,0,0,0,0,0,1,0,0,0,1,0,0,0,0,0,0,1,0,0,0,0,0,0,0,0,0,0,1
3068576400070100029,50,5,0,0,0,0,1,0,0,0,4,0,1,25,0,1,0,0,0,5,0,0,6,1,0,0,0,18,0,0,0,2,1,0,2,0,0,0,0,0,2,1,0,1,0,2,5,32,0,0,0,0,0,1,0,0,2,0,2,15,10,0,0,0,2,0,0,0,0,2,0,1,0,0,0,0,0,0,0,0,0,1,1,1,1,0,0,0,7,1,21,14,0,0,2,0,0,3,0,0,19,0,6,0,0,0,0,1,0,0,1,0,0,0,0,0,0,2,34,0,0,0,0,0,6,0,2,0,3,0,0,0,0,0,0,0,0,0,0,0,0,0,0,0,0,0,1,1,0,1,0,0,0,0,0,0,0,1,0,0,0,0,1,0,0,0,0,0,0,1,0,0,0,0,0,0,0,0,0,0
3068576400070100031,106,0,0,5,2,0,0,0,2,9,0,0,1,1,0,17,0,0,1,36,20,0,7,1,2,5,7,391,1,0,0,3,4,1,2,4,0,5,4,1,1,6,0,0,0,6,27,13,1,0,0,0,0,0,0,0,1,0,13,36,0,0,1,0,3,0,0,0,5,0,1,4,0,0,0,2,6,0,0,9,0,0,2,0,0,5,0,1,0,0,52,8,0,1,8,0,0,1,0,1,311,0,2,0,2,0,0,0,0,4,0,1,0,0,2,1,0,38,19,0,0,0,0,0,1,0,7,2,1,1,0,0,0,0,0,0,0,0,0,0,0,0,0,0,0,0,0,1,0,1,0,0,0,0,0,0,1,0,0,0,6,0,0,1,0,0,0,0,0,0,0,0,0,0,1,0,1,0,0,0
3068576400070100038,56,5,0,1,0,1,0,0,0,1,2,1,0,0,0,2,0,0,0,0,5,0,5,1,0,0,0,5,0,0,2,1,1,0,0,0,0,1,0,0,3,1,0,0,0,0,4,24,0,0,0,1,0,0,0,1,0,0,0,5,0,1,0,0,0,0,0,0,2,3,0,1,0,0,25,0,0,0,0,1,0,0,0,0,1,1,0,1,0,0,5,4,0,1,1,0,1,0,0,0,15,1,1,1,0,0,0,0,0,0,0,0,2,1,1,0,0,2,24,0,0,0,0,1,2,1,0,0,2,0,0,1,0,0,0,0,0,0,0,0,0,0,0,0,0,0,0,0,0,0,0,0,0,0,0,0,0,0,0,0,0,0,0,0,0,0,0,0,0,0,0,0,0,0,0,0,1,0,0,0
3068576400070100042,33,0,0,0,0,0,1,0,1,0,2,0,8,0,0,0,0,0,0,0,1,0,4,0,0,0,0,2,0,1,0,0,0,2,1,0,0,0,0,0,0,1,0,0,0,0,0,0,0,0,0,0,0,0,0,0,1,0,3,1,0,0,0,0,1,0,0,0,0,0,0,0,0,0,13,0,0,0,1,0,0,0,0,0,0,1,0,0,0,1,1,4,1,0,1,0,0,0,0,0,1,0,0,0,0,0,0,0,0,0,0,0,0,0,1,0,0,3,8,0,0,1,0,0,0,0,0,0,0,0,0,2,0,0,0,0,0,0,1,0,0,0,0,0,0,1,0,0,0,0,0,0,0,0,0,0,0,0,0,0,0,0,0,0,0,0,0,0,0,0,0,0,0,0,0,0,0,0,0,0
3068576400070100043,88,0,0,0,0,0,0,3,11,1,17,0,10,0,4,2,0,0,0,0,0,0,0,1,1,6,0,18,0,15,0,0,0,4,3,0,0,1,0,0,0,0,0,0,0,0,18,6,2,2,0,1,0,7,0,0,0,0,4,4,0,0,0,0,7,1,0,2,0,0,0,0,0,0,3,0,2,0,0,0,0,0,7,2,0,1,0,12,0,0,31,6,0,2,1,1,1,1,1,0,6,6,11,4,0,0,1,0,2,0,0,0,40,0,3,0,0,1,9,0,0,1,0,5,1,0,0,0,0,1,20,0,0,0,1,0,0,0,0,0,0,0,0,1,0,0,0,0,0,0,0,0,0,1,1,0,0,0,0,0,0,0,1,0,0,1,0,0,0,0,0,0,0,0,0,0,0,0,0,0
3068576400070100047,35,0,0,0,0,0,1,0,0,1,4,0,15,0,0,0,0,0,0,0,1,0,1,0,0,0,0,0,0,0,1,0,0,0,0,0,0,3,0,0,0,2,0,0,0,0,0,6,3,1,0,0,0,0,0,0,0,0,3,2,1,0,0,0,0,0,0,0,0,0,0,0,0,0,2,0,2,0,0,1,0,1,1,0,0,0,0,0,3,0,0,3,1,1,0,0,0,0,0,0,0,6,2,0,0,0,0,0,0,0,0,0,1,0,1,0,0,1,6,0,1,1,0,0,0,0,0,0,0,0,0,2,0,0,0,0,0,0,0,0,0,0,1,0,1,0,0,0,0,0,0,0,0,0,0,0,0,0,0,0,0,0,0,0,0,0,0,0,0,0,0,1,0,0,0,0,0,0,0,0
3068576400070100048,75,0,0,0,0,0,3,0,0,3,17,1,27,0,0,0,0,0,0,2,1,1,6,1,0,0,0,0,0,1,2,1,0,0,2,0,1,3,0,0,0,2,0,1,2,1,4,2,9,2,0,3,0,0,0,0,1,0,15,0,2,0,0,0,1,1,0,0,0,1,0,0,0,0,1,0,10,1,0,0,0,6,0,0,0,3,0,1,2,0,6,6,0,1,1,0,1,0,0,1,1,3,6,0,0,0,0,2,0,0,0,0,3,0,11,0,0,0,19,0,0,0,0,0,3,0,0,0,0,0,0,0,0,0,0,0,0,0,0,1,0,0,0,0,0,0,0,0,0,0,0,0,0,0,0,0,0,0,0,0,0,0,0,0,0,0,0,0,0,0,0,0,0,0,0,0,0,0,0,0
3068576400070100050,51,0,0,0,1,2,1,0,0,1,32,0,29,0,0,0,0,0,0,0,0,0,4,0,0,0,0,2,1,0,1,0,0,0,4,0,0,3,0,0,1,5,0,0,0,2,2,1,8,1,1,2,0,0,0,0,1,0,12,2,0,0,0,0,3,0,0,0,0,0,0,1,0,1,1,0,7,0,0,1,1,8,5,0,1,2,0,1,1,0,5,9,0,0,1,0,0,1,0,0,0,8,2,0,0,0,0,4,0,1,0,0,1,0,11,0,0,2,9,0,0,1,0,2,3,0,2,0,2,0,1,1,0,0,0,0,0,0,1,0,0,0,0,1,0,0,0,0,0,0,0,1,0,0,0,0,0,0,0,0,0,1,0,0,0,0,0,0,0,0,0,0,0,1,0,0,0,0,0,0
3068576400070100052,84,0,0,0,2,0,1,0,0,0,35,1,37,0,0,1,0,0,1,0,0,0,4,1,0,0,0,2,0,1,2,0,0,1,6,1,1,6,0,0,0,7,0,0,0,1,8,3,13,3,0,1,0,0,0,0,2,0,17,3,0,0,0,0,1,0,1,0,0,0,0,0,0,0,1,0,13,0,0,0,2,7,8,0,0,1,1,0,1,0,10,11,0,0,1,0,0,0,0,0,0,20,6,0,0,0,0,0,0,0,0,1,1,0,8,0,0,2,5,0,1,0,0,2,1,0,0,0,0,0,1,1,0,0,0,0,0,0,0,1,1,0,0,0,0,0,0,0,0,0,0,0,0,0,1,0,0,0,1,0,0,0,0,0,0,1,1,0,0,0,0,0,0,0,0,0,0,0,0,0
3068576400070100053,58,1,0,0,0,1,1,0,0,2,19,0,21,0,0,0,0,0,1,0,0,0,3,0,0,0,0,1,1,1,0,1,1,0,13,0,0,4,1,0,0,10,0,0,0,0,5,1,7,1,0,0,0,0,1,0,0,0,5,0,0,0,0,0,5,0,0,0,0,1,0,0,0,0,0,1,8,0,0,0,0,3,5,1,0,1,0,0,1,0,14,14,0,0,0,2,0,0,0,2,0,14,0,0,0,0,0,6,1,1,0,0,0,0,4,0,0,0,9,0,0,0,0,0,3,1,0,0,0,0,0,0,0,0,0,0,0,0,0,0,0,0,0,0,0,0,1,0,1,0,0,0,0,0,0,0,1,1,0,0,0,0,1,0,0,0,0,0,0,0,0,0,0,0,0,0,0,0,0,0
3068576400070100056,66,0,0,0,1,5,0,0,0,2,16,0,22,1,2,0,0,0,0,0,1,0,7,0,0,0,0,0,1,0,1,0,0,0,9,0,0,2,1,0,1,15,0,0,2,0,4,3,5,7,0,3,0,0,1,0,3,0,9,0,2,0,0,0,4,0,0,0,0,1,0,0,0,0,0,0,17,0,1,0,0,7,7,0,0,2,0,0,2,0,14,10,0,2,4,0,0,0,0,1,2,12,4,0,0,0,0,6,0,0,0,0,0,0,1,0,1,2,15,0,2,1,0,1,0,0,0,0,3,0,0,0,0,0,0,0,0,0,0,1,0,0,0,0,0,0,0,0,0,0,1,0,0,0,0,0,0,1,0,0,0,0,1,0,0,0,0,0,0,0,0,1,0,0,0,0,0,0,0,0
3068576400070100059,37,0,0,1,7,15,0,1,0,0,2,0,2,0,5,0,0,0,1,2,0,0,9,1,0,0,0,0,0,0,0,0,0,0,15,0,1,6,0,0,0,69,0,0,0,0,3,4,0,48,0,0,0,0,0,0,0,0,2,2,0,0,0,1,0,0,0,0,0,3,2,0,0,0,1,0,12,0,0,0,0,5,0,0,0,2,0,0,0,0,22,4,0,0,4,1,2,1,0,7,1,3,1,0,0,0,0,0,0,0,0,0,0,0,3,0,0,1,10,0,1,1,0,0,2,0,0,0,19,0,0,5,0,0,0,0,0,0,0,0,1,0,0,0,0,0,0,0,0,0,0,0,0,0,0,0,0,0,0,0,0,0,0,0,0,0,0,0,0,0,0,0,0,0,0,0,0,0,0,0
3068576400070100060,57,0,0,1,2,0,0,0,0,2,25,0,35,0,0,0,0,0,1,2,0,0,6,0,0,0,0,1,0,1,1,0,0,0,0,0,0,7,0,0,0,7,0,0,0,3,4,5,6,2,0,1,0,0,0,0,2,0,11,2,0,0,0,0,0,0,0,0,0,0,0,0,0,2,0,0,7,0,1,0,0,7,3,1,0,2,0,0,3,0,1,11,0,1,0,0,1,0,0,0,0,26,1,0,0,0,0,3,0,0,0,0,0,0,8,0,0,0,12,0,0,2,0,0,1,0,0,0,2,0,0,4,0,0,1,0,0,0,0,1,0,0,0,0,0,0,0,0,0,0,0,0,0,0,0,0,2,0,0,1,0,0,0,0,0,0,0,0,0,0,0,0,0,1,0,0,0,0,0,0
3068576400070100062,13,6,0,0,0,1,1,0,0,0,0,0,0,0,0,0,0,0,0,0,0,0,2,1,1,0,0,4,0,0,0,0,0,0,2,0,0,1,0,0,0,0,0,0,1,0,2,31,0,0,0,0,0,0,0,0,1,0,1,14,0,0,0,0,1,0,0,0,0,0,0,0,0,0,0,0,0,0,0,0,0,0,0,0,0,0,0,0,5,0,14,3,0,0,1,1,1,0,0,1,5,0,0,1,0,0,0,0,0,0,0,0,0,0,1,0,0,1,4,1,4,0,0,0,5,0,0,0,0,0,0,1,0,0,0,0,0,0,0,0,0,0,0,0,0,0,0,0,0,0,1,0,0,0,0,0,0,0,0,0,0,0,0,1,0,0,0,0,0,0,0,0,0,0,0,0,0,0,0,0
3068576400070100063,6,0,0,0,2,1,0,0,0,1,0,0,1,0,1,0,0,0,0,0,0,0,0,0,0,0,0,0,0,0,1,0,0,0,2,0,0,0,0,0,2,8,0,0,0,1,2,5,0,10,0,0,0,0,0,0,0,1,0,1,0,0,0,0,1,0,0,0,0,1,0,0,0,0,0,0,3,0,0,0,0,1,0,0,0,0,0,0,0,0,17,1,0,0,1,1,0,0,0,2,0,0,0,0,0,0,0,0,0,0,0,0,0,0,2,0,0,0,1,0,0,0,0,0,0,0,0,0,4,0,0,1,0,0,0,0,0,0,1,0,0,0,0,0,0,0,0,0,0,0,0,0,0,0,0,0,0,0,0,0,0,0,0,0,0,0,0,0,0,0,0,0,0,0,0,0,0,0,0,0
3068576400070100065,66,0,1,1,0,0,0,0,0,2,3,0,3,0,0,9,0,0,1,13,2,0,3,0,2,2,3,223,0,0,1,0,1,0,2,0,0,3,1,0,3,1,0,0,0,0,12,2,1,0,0,0,0,0,0,0,3,0,1,7,1,0,0,0,1,1,0,0,1,0,0,2,0,1,1,1,1,1,0,2,0,0,1,0,0,1,0,1,0,0,5,6,0,0,1,0,1,0,0,1,161,0,0,0,0,1,0,1,0,0,0,0,0,1,2,1,0,10,4,0,0,1,0,0,0,0,3,0,0,0,0,1,0,0,0,0,0,0,0,0,0,0,0,0,0,0,0,0,0,1,0,0,0,0,0,1,1,0,0,0,4,0,0,0,0,0,0,0,0,0,0,0,0,0,3,1,0,0,0,0
3068576400070100067,14,1,0,0,2,9,0,0,0,0,5,0,4,0,4,0,0,0,0,0,0,0,4,0,0,0,0,0,1,0,0,0,0,0,9,0,0,0,0,0,0,29,0,0,1,1,4,0,0,17,0,0,0,0,0,0,1,0,2,0,0,0,0,0,1,0,0,0,0,1,1,0,0,0,0,0,8,0,1,0,0,1,1,0,1,0,0,0,0,0,8,2,0,0,0,0,0,0,0,1,3,1,1,0,0,0,0,1,0,0,0,0,0,0,1,0,0,1,5,0,0,0,0,0,0,0,0,0,4,0,1,5,0,0,0,0,0,0,0,0,0,0,0,0,0,0,0,0,0,0,0,0,0,0,1,0,0,0,0,0,0,0,0,0,0,0,0,0,0,0,0,0,0,0,0,0,0,0,0,0
3068576400070100069,53,0,0,0,0,0,0,0,0,1,19,0,32,0,0,0,0,0,0,0,0,0,1,0,0,0,0,0,0,0,1,0,0,0,4,0,1,4,0,0,1,10,0,0,0,2,4,0,5,0,0,1,0,1,0,0,1,0,20,0,0,0,0,0,2,1,0,0,0,1,0,0,0,0,0,0,6,0,0,0,0,4,3,0,0,4,0,0,0,0,0,5,0,2,1,1,0,0,0,0,1,6,2,0,0,0,0,0,0,0,0,0,0,0,8,0,0,1,9,0,0,2,0,1,0,0,2,0,2,1,0,0,0,0,0,0,0,0,0,0,0,0,1,0,0,0,0,1,0,0,0,0,0,0,0,0,0,0,0,0,0,0,0,0,0,0,0,0,0,0,0,0,0,0,0,0,0,0,0,0
3068576400070100072,65,1,0,0,0,0,1,0,0,6,21,0,34,0,0,1,0,1,0,0,0,0,0,0,0,0,0,2,1,0,0,0,0,0,0,0,0,1,0,0,0,5,0,1,0,0,2,0,3,1,0,0,0,0,0,0,1,0,8,0,1,0,0,0,0,0,0,0,0,0,0,0,0,0,2,0,2,1,0,0,1,6,2,0,1,0,0,0,1,1,2,3,0,0,0,0,0,0,0,0,2,10,1,0,0,0,0,0,2,0,0,0,0,0,6,0,0,0,21,0,0,1,1,0,0,0,1,0,3,0,1,1,0,0,0,0,0,0,0,1,0,0,0,0,0,0,0,0,1,0,1,0,0,0,0,0,0,0,0,0,1,0,0,0,0,0,0,0,0,0,0,0,0,0,0,0,0,0,0,0
3068576400070100075,132,0,0,2,2,0,2,0,0,12,43,0,65,1,0,0,0,0,2,1,0,1,2,1,0,0,0,0,0,0,3,3,0,0,6,0,1,9,0,0,2,13,0,0,0,3,9,0,10,11,0,3,0,0,1,0,0,0,11,5,0,0,0,0,1,0,0,0,0,2,1,0,0,0,1,0,15,1,0,0,0,7,6,0,0,7,0,2,0,1,5,17,0,1,3,1,0,0,0,0,3,17,3,0,0,0,0,0,2,1,0,0,0,0,8,0,0,1,39,0,1,0,0,2,0,0,3,0,7,0,0,1,0,0,0,0,0,0,0,0,0,0,0,0,1,0,0,0,0,0,0,0,0,0,0,0,0,0,0,0,0,0,0,0,0,0,0,0,0,0,0,0,0,0,0,0,0,0,0,0
3068576400070100077,23,1,0,0,1,11,2,0,0,0,4,0,2,0,1,1,0,1,0,0,0,0,4,0,0,0,0,1,0,1,0,0,0,0,8,0,0,1,0,1,0,35,0,0,1,1,3,0,0,22,0,0,0,0,0,0,0,0,1,0,0,0,0,0,1,0,0,0,0,2,1,0,0,0,0,0,5,0,0,0,0,2,0,1,0,0,1,0,0,0,15,3,0,0,0,0,0,0,0,5,2,0,0,0,0,0,0,0,0,0,0,0,1,0,1,0,0,0,3,0,0,0,0,0,1,0,0,0,7,1,0,5,0,0,0,0,0,0,0,1,0,0,0,1,1,0,1,1,0,0,0,0,0,0,0,0,0,0,0,0,0,0,0,0,0,0,0,0,0,0,0,1,0,0,0,0,0,0,0,0
3068576400070100078,48,0,0,1,0,1,0,0,3,1,0,0,2,0,0,0,0,1,1,0,0,0,7,0,0,0,0,3,0,0,1,14,1,0,101,1,0,0,0,0,0,3,0,0,14,0,17,0,1,4,0,1,0,1,0,1,0,1,2,4,0,0,0,0,2,0,0,0,0,0,0,2,0,0,0,0,7,0,0,0,0,2,1,1,0,1,0,0,1,1,26,4,0,1,11,12,103,0,0,1,1,0,5,0,0,1,0,0,0,0,0,0,0,0,1,0,0,2,4,0,15,0,0,0,20,1,1,0,4,0,0,0,0,0,1,0,0,0,0,0,1,0,0,0,0,0,0,0,0,1,0,0,0,0,0,0,0,0,0,0,0,1,0,0,0,0,0,0,0,0,0,0,1,0,1,0,0,0,0,0
3068576400070100080,5,1,0,1,0,1,0,0,0,0,1,0,5,0,1,0,0,0,0,0,0,0,1,0,0,1,0,2,0,0,0,1,0,0,0,0,0,0,0,0,0,2,0,0,0,0,0,1,0,0,0,0,0,0,0,0,0,0,0,1,0,0,0,0,0,0,0,0,1,1,1,0,0,0,0,0,1,0,0,0,0,2,0,0,0,2,0,0,0,0,2,0,0,0,0,0,2,0,0,0,9,0,0,0,0,0,0,0,0,0,0,0,1,0,1,0,0,0,13,0,0,0,0,0,0,0,0,0,1,0,0,0,0,0,0,0,0,0,0,0,0,0,0,0,0,0,0,0,0,1,0,0,0,0,0,0,0,0,0,0,0,0,0,0,0,0,0,0,0,0,0,0,0,0,0,0,0,0,0,0
3068576400070100081,14,0,0,0,4,10,2,0,0,0,1,0,2,0,3,0,0,0,0,1,0,0,9,0,0,0,0,0,0,0,1,0,0,0,6,0,0,2,0,0,0,27,0,0,0,0,1,1,0,9,0,0,0,0,0,0,0,0,1,0,0,0,0,0,0,0,0,0,0,0,0,0,0,0,0,0,3,0,0,0,0,0,0,0,0,0,0,1,0,0,8,0,0,0,0,0,0,0,0,2,1,0,0,0,0,0,0,0,0,0,0,0,0,0,0,0,0,1,1,0,2,0,0,0,0,0,0,0,6,0,0,3,0,0,0,0,0,0,0,0,0,0,0,0,0,0,0,0,0,0,0,0,0,0,0,0,0,0,0,0,0,0,0,0,0,0,0,0,0,0,0,0,0,0,0,0,0,0,0,0
3068576400070100083,16,0,0,1,0,5,0,0,0,0,3,1,4,0,4,0,0,1,0,1,0,1,9,1,0,0,0,1,0,0,0,0,0,0,5,0,0,2,0,0,0,54,0,0,0,0,2,0,0,49,0,0,0,0,0,0,0,0,0,1,0,0,0,0,1,1,0,0,0,1,1,1,0,0,1,1,8,0,0,0,0,7,0,0,0,0,0,0,0,0,9,2,0,0,2,0,0,0,0,1,0,0,0,0,0,0,0,0,0,0,0,0,0,0,0,0,1,1,4,0,0,0,0,1,0,0,0,0,8,0,0,6,0,0,0,0,0,0,0,1,0,0,0,0,0,0,0,1,0,0,0,1,0,0,0,0,0,1,0,0,0,0,0,0,0,0,0,0,0,0,0,0,0,0,0,0,0,0,0,0
3068576400070100086,5,1,0,0,2,0,0,0,0,0,0,0,1,0,0,0,0,1,0,0,0,0,0,0,0,0,0,2,0,0,0,0,0,0,0,0,0,0,0,0,0,8,0,0,0,0,1,0,0,3,0,0,0,0,0,0,0,0,0,2,0,0,0,0,0,0,0,0,0,1,0,0,0,0,0,0,2,0,0,0,0,0,0,0,0,0,0,0,0,0,4,1,0,0,0,2,1,0,0,0,0,1,0,0,0,0,0,0,0,0,0,0,1,0,0,0,0,1,3,0,0,0,0,0,0,0,0,0,0,0,0,0,0,0,0,0,0,0,0,0,0,0,0,0,0,0,0,0,0,0,0,0,0,0,0,0,0,0,0,0,0,0,0,0,0,0,0,0,0,0,0,0,0,0,0,0,0,0,0,0
3068576400070100088,60,1,0,1,0,0,1,0,0,7,24,0,35,0,0,0,0,0,0,3,1,0,2,0,0,0,0,12,0,0,1,0,0,0,4,0,0,4,0,0,1,8,0,0,1,2,7,6,7,1,0,5,0,0,0,0,1,0,4,2,1,0,1,0,1,0,0,0,0,0,0,0,0,0,1,0,10,0,0,0,0,3,5,0,1,5,0,0,1,0,12,13,0,0,0,0,0,0,0,0,3,7,2,0,0,0,0,2,2,0,0,0,0,0,5,0,0,7,28,0,0,1,0,1,2,0,1,0,4,0,0,2,0,1,0,0,0,0,0,0,1,0,0,0,0,0,1,1,0,0,0,0,0,0,0,0,0,0,0,0,0,0,0,0,0,0,0,0,0,0,0,0,0,0,0,0,0,0,0,0
3068576400070100091,25,1,0,1,3,18,0,0,0,0,4,0,3,0,3,0,0,0,1,1,0,0,3,1,0,0,0,3,0,0,0,0,0,0,9,0,0,1,0,0,0,65,1,0,1,2,5,0,0,42,0,2,2,0,0,1,1,0,2,2,0,1,0,0,3,1,0,0,0,5,3,0,0,0,0,0,16,0,0,0,0,8,1,0,0,1,0,0,0,0,14,3,0,0,2,0,0,1,0,0,2,1,0,0,0,0,0,0,0,0,0,0,0,0,2,0,1,2,8,0,0,0,0,1,1,0,1,0,15,0,0,14,0,0,0,0,0,0,0,0,1,0,0,0,0,0,0,0,0,0,0,0,0,0,0,0,0,1,0,0,0,0,0,0,0,0,0,0,0,0,0,1,0,1,0,0,0,0,1,0
3068576400070100092,37,8,1,0,0,1,0,0,0,0,3,0,1,0,0,2,0,0,0,1,3,1,4,1,0,0,0,3,0,0,0,0,0,0,5,0,1,0,0,0,0,12,0,0,0,1,6,6,0,5,0,0,0,0,0,0,0,0,2,4,1,0,0,0,5,0,0,0,0,4,0,0,0,0,0,0,3,0,0,0,0,5,1,0,1,3,0,0,0,1,8,4,0,0,1,1,1,0,1,0,8,1,0,2,0,0,0,0,0,0,0,0,0,0,0,0,0,0,28,0,1,0,0,0,3,0,0,0,0,1,0,2,0,0,0,0,0,0,0,0,0,0,0,0,0,0,0,0,0,0,0,0,0,0,0,0,0,0,0,0,0,0,0,0,0,0,0,0,0,0,0,0,0,0,0,0,0,0,0,0
3068576400070100093,7,1,0,0,0,1,0,0,0,0,1,0,1,0,1,0,0,0,0,1,0,0,0,0,0,0,0,0,1,0,0,0,0,0,2,0,0,0,0,1,0,12,0,0,0,0,2,2,0,13,0,0,0,0,0,0,0,0,0,0,0,0,0,0,2,0,0,0,0,0,1,0,0,0,0,0,2,0,0,0,0,2,0,0,0,1,0,0,0,0,9,1,0,0,1,0,0,0,0,2,0,0,0,0,0,0,0,0,0,0,0,0,0,0,0,0,0,1,1,0,1,0,0,0,0,0,0,0,2,0,0,0,0,0,0,0,0,0,0,0,0,0,0,0,0,0,0,0,0,0,0,0,0,0,0,0,0,0,0,0,0,0,0,0,0,0,0,0,0,0,0,0,0,0,0,0,0,0,0,0
3068576400070100095,56,0,0,0,0,0,3,0,0,1,33,0,28,0,1,0,0,0,1,0,0,0,6,1,0,0,0,0,0,0,1,0,0,0,1,0,0,6,0,0,0,16,0,0,0,0,5,2,3,8,0,0,0,0,0,0,1,0,7,1,1,0,0,0,1,0,0,0,0,1,0,0,0,0,0,0,9,0,0,1,0,1,8,1,1,1,0,1,1,0,9,9,0,0,2,0,0,0,0,0,1,13,1,0,0,0,0,0,0,0,0,0,0,0,6,0,0,0,4,0,0,0,0,0,4,0,0,1,2,0,0,0,0,0,0,0,0,0,1,1,0,0,0,0,0,0,0,1,0,0,0,0,0,0,0,0,0,0,0,0,0,0,0,0,0,0,0,0,0,0,0,0,0,0,0,0,0,0,0,0
3068576400070100096,53,1,0,0,0,0,1,0,0,2,1,1,1,0,1,0,0,0,0,1,0,1,10,0,0,0,0,1,0,0,0,15,3,0,133,1,0,0,0,0,1,3,0,0,14,0,15,0,0,0,0,1,0,0,0,0,2,0,0,4,0,0,0,0,1,1,0,0,0,0,0,0,0,0,0,0,4,0,0,0,0,4,2,0,0,0,0,0,0,0,18,4,0,1,13,10,83,0,0,0,0,0,0,0,0,1,0,0,0,0,0,0,0,0,2,0,0,3,2,0,12,0,0,0,31,0,1,0,3,3,0,0,0,0,0,0,0,0,0,0,0,0,1,0,0,0,0,0,0,0,0,0,0,0,0,0,0,0,1,0,0,0,0,0,0,0,0,0,0,0,0,1,0,0,0,0,0,0,0,0
3068576400070100099,30,0,0,1,0,0,0,1,0,1,1,0,4,0,0,0,0,1,0,0,0,1,6,0,0,0,0,3,0,0,0,13,1,0,65,0,0,0,0,0,0,0,0,0,12,4,10,0,0,0,0,0,0,1,0,0,0,0,0,2,0,0,0,1,0,0,0,0,0,0,0,0,0,0,0,0,4,0,0,0,0,4,0,1,0,0,0,0,0,0,22,0,0,0,10,36,78,0,0,0,3,0,2,0,0,0,0,0,0,0,0,0,0,0,0,0,0,0,4,0,3,0,0,0,23,0,0,0,1,0,0,2,0,0,0,0,0,0,0,0,0,0,0,0,0,0,1,0,0,0,0,0,0,0,0,0,0,0,0,0,0,0,0,0,0,0,0,0,0,0,0,1,0,0,0,0,0,0,0,0
3068576400070100102,44,0,1,1,5,14,0,0,0,0,4,2,5,0,4,0,1,0,0,0,1,1,11,0,1,0,0,3,2,0,2,2,2,0,26,0,0,6,2,1,0,118,1,0,0,2,6,0,0,91,0,0,0,0,0,0,0,1,2,3,0,0,0,0,1,2,0,0,0,4,4,0,0,3,2,0,21,0,0,0,0,9,0,0,0,1,0,0,0,0,43,5,0,1,1,3,16,0,0,6,0,4,0,0,0,0,0,1,0,0,0,0,0,0,3,0,0,1,9,0,0,1,0,1,5,0,0,0,28,0,0,9,0,0,0,0,0,0,0,1,1,0,0,2,0,0,0,0,0,1,1,0,0,0,0,0,0,0,1,0,0,0,0,0,0,0,0,0,0,0,0,0,1,0,0,0,0,0,0,0
3068576400070100105,48,0,0,0,0,0,1,0,0,2,11,1,12,0,0,0,1,2,0,0,0,0,4,0,0,0,0,1,0,0,0,0,0,0,7,0,0,9,0,0,0,7,0,0,0,3,1,0,8,3,0,1,0,0,0,0,1,0,3,5,4,0,0,0,2,0,0,0,0,1,0,0,0,0,0,0,10,0,0,0,0,1,5,0,0,2,0,0,1,0,4,6,0,2,0,0,0,0,0,0,3,16,1,0,0,0,0,1,1,0,0,0,0,0,1,0,0,1,6,0,1,0,0,0,1,0,0,0,5,0,0,0,0,0,0,0,0,0,0,0,0,0,0,0,0,0,1,0,0,1,0,0,0,0,0,0,0,0,0,0,0,0,0,0,0,0,0,0,0,0,0,0,0,0,0,0,0,0,0,0
3068576400070100107,45,0,0,0,0,7,0,0,0,2,8,2,10,0,1,0,0,0,0,0,0,0,6,1,0,0,0,2,1,0,0,0,0,0,10,0,0,5,0,0,0,17,0,1,0,2,6,0,2,10,0,0,0,0,0,0,0,0,4,0,3,0,0,0,0,0,0,0,0,5,0,0,0,0,0,0,8,0,1,0,0,4,3,0,0,1,0,0,1,0,9,2,0,0,0,2,0,0,0,2,0,2,1,0,1,0,0,0,0,0,0,1,0,0,3,0,0,0,10,0,0,0,0,0,1,0,0,0,8,0,0,0,0,0,0,0,0,0,0,0,1,0,0,0,0,0,0,0,0,1,0,0,0,0,0,0,0,0,0,0,0,0,0,0,0,0,0,0,0,1,0,0,0,0,0,1,0,0,0,0
3068576400070100111,35,0,0,0,0,1,1,0,0,0,0,0,2,0,1,0,2,0,0,1,0,0,2,0,0,1,0,0,0,0,0,0,0,0,2,0,0,0,0,2,6,9,0,1,0,2,4,2,0,7,0,0,0,0,0,0,0,0,6,20,0,0,0,0,5,0,0,0,0,0,0,1,0,0,2,0,3,0,0,1,0,0,0,18,0,0,0,0,0,0,9,9,0,3,0,1,0,0,0,2,2,0,0,1,0,0,0,0,0,0,0,0,0,0,1,0,0,0,2,0,0,0,0,0,2,0,0,0,0,0,0,1,0,0,0,0,0,0,0,0,0,0,0,0,0,0,0,0,0,0,0,0,0,0,0,0,0,0,0,0,0,0,0,0,0,0,1,0,0,0,0,0,0,0,0,0,0,0,1,0
3068576400070100115,56,0,0,1,0,0,0,0,0,2,29,1,30,0,1,0,0,0,0,0,0,1,12,1,1,0,0,0,0,0,0,1,1,0,11,0,0,8,0,0,0,16,0,0,0,0,3,6,5,9,0,4,0,0,1,0,4,0,14,1,8,0,0,0,2,0,1,0,0,0,0,0,0,0,1,1,6,0,1,0,0,5,1,0,0,2,0,0,2,1,12,8,0,0,0,2,1,0,0,0,0,15,1,0,0,0,1,2,8,0,0,0,0,1,8,0,0,3,9,0,1,1,1,1,2,0,1,0,7,0,0,0,0,0,0,0,0,0,0,1,0,0,0,0,0,0,0,1,0,0,0,0,0,2,0,0,0,0,0,0,0,0,0,0,0,0,0,0,0,0,0,0,0,0,0,0,0,0,0,1
3068576400070100118,73,0,0,1,8,27,2,0,0,1,3,0,7,0,7,0,0,0,1,0,0,0,21,1,0,0,0,2,2,0,0,2,3,0,43,0,0,8,0,0,3,97,0,0,1,1,13,0,1,74,0,1,0,0,0,1,0,0,4,4,0,0,1,0,1,0,0,0,1,2,1,0,0,2,0,1,26,0,1,0,0,7,0,2,1,3,0,0,2,0,31,11,0,0,3,1,14,0,0,8,6,2,0,0,1,0,0,0,0,0,0,0,0,0,2,0,0,2,13,0,2,0,0,0,3,0,0,0,24,0,0,7,0,0,0,0,0,0,0,0,0,0,0,0,0,0,0,0,0,0,0,0,0,0,0,0,0,0,0,2,1,0,1,1,0,0,0,0,0,0,0,0,0,0,0,0,0,0,0,0
3068576400070100123,36,0,0,0,0,0,0,0,0,1,1,0,0,0,0,0,1,1,0,0,0,0,3,0,0,8,0,1,1,0,0,0,0,0,2,0,0,0,0,2,3,0,0,3,0,2,0,0,0,0,1,0,0,0,0,0,1,0,9,18,0,0,0,0,0,0,0,0,1,1,0,0,0,0,1,0,2,0,0,0,0,0,0,7,0,2,0,0,0,0,5,3,0,1,3,5,5,0,0,1,1,0,0,0,0,0,0,0,0,0,0,0,0,0,1,0,0,1,3,0,1,0,0,2,2,0,1,0,0,0,0,0,0,0,1,0,0,0,0,0,0,0,0,0,0,0,0,0,0,0,0,0,0,0,0,0,0,0,0,0,0,0,0,0,0,0,0,0,0,0,0,0,0,0,0,0,0,0,0,0
3068576400070100124,31,0,0,0,0,0,0,0,0,3,0,0,0,0,0,0,2,0,0,1,0,0,3,0,0,4,0,1,0,0,2,0,0,0,7,0,0,0,0,1,0,0,0,1,0,2,6,1,0,1,1,0,0,0,0,1,0,0,1,6,0,0,0,0,3,0,0,0,0,0,0,0,0,0,1,0,0,0,0,0,0,0,0,2,0,0,0,0,0,0,4,5,0,0,2,6,9,0,0,0,0,0,0,0,0,0,0,0,0,0,0,1,0,0,0,0,0,1,2,0,3,0,0,1,7,0,0,0,0,0,0,0,0,0,0,0,0,0,0,0,0,0,0,0,0,0,0,0,0,0,0,0,0,0,0,0,1,0,0,0,0,0,0,0,0,0,0,0,0,0,0,0,0,0,0,0,0,0,0,0
3068576400070100126,32,1,0,0,0,1,0,0,0,0,0,0,1,0,0,0,1,0,0,0,0,0,3,1,0,4,0,2,0,0,0,0,0,0,5,0,0,0,0,1,2,1,0,0,0,0,1,3,0,0,0,0,0,0,0,0,1,0,4,17,0,0,0,0,0,0,0,0,0,1,1,0,0,0,0,2,0,0,0,0,0,0,0,2,0,1,0,0,0,0,6,3,0,0,1,7,0,0,0,0,3,0,0,0,0,0,0,0,0,0,0,0,1,0,1,0,0,0,0,0,0,1,0,0,1,0,0,0,1,0,0,0,0,0,0,0,0,0,0,0,0,0,0,0,0,0,0,0,0,0,0,0,0,0,0,0,0,0,0,0,0,0,0,0,0,0,0,0,0,0,0,0,0,0,0,0,0,0,0,0
3068576400070100132,26,0,0,1,0,0,0,0,0,0,0,0,3,0,1,3,0,1,1,15,9,0,0,0,0,0,0,151,0,0,0,0,0,0,2,0,0,1,0,0,0,1,0,0,0,0,7,0,0,1,0,0,0,0,0,0,0,1,1,6,0,0,0,0,0,0,0,0,1,0,0,0,0,0,2,0,1,0,0,0,0,0,1,1,0,1,0,1,1,1,0,1,0,0,0,0,0,0,0,0,148,0,0,0,0,0,0,0,0,0,0,0,0,0,1,0,0,4,1,0,0,0,1,0,1,0,0,0,0,0,0,0,0,0,0,0,0,0,1,0,1,0,0,1,0,0,0,0,0,1,0,0,0,0,0,0,0,0,0,0,2,0,0,0,0,0,0,0,0,0,0,0,0,0,0,0,0,0,0,0
3068576400070200062,57,4,0,3,0,1,0,0,0,5,0,0,0,0,0,6,1,1,0,15,6,0,2,1,6,1,0,25,2,0,0,1,3,0,0,3,0,0,1,0,0,1,0,0,2,5,11,24,0,0,0,1,0,1,0,0,2,0,13,17,1,0,0,0,0,0,0,0,5,8,1,1,0,0,0,0,3,1,0,9,0,0,1,1,1,0,0,0,0,2,23,0,0,0,6,2,1,0,0,1,34,0,1,0,1,0,0,0,0,1,0,0,0,1,2,0,0,35,102,1,0,0,0,0,4,0,0,0,4,0,0,0,0,0,0,0,0,0,0,0,0,0,0,0,0,0,1,0,0,1,0,0,0,0,0,0,0,0,0,0,2,0,0,0,0,0,0,0,0,0,0,0,0,0,0,0,0,0,0,0
3068576400070200067,82,1,0,2,0,0,0,0,0,6,0,1,0,0,0,10,0,0,0,35,13,0,4,0,5,2,1,31,1,0,1,1,1,0,0,0,1,1,0,0,0,2,0,0,0,4,18,8,0,0,0,1,1,0,0,0,0,0,3,21,2,0,0,0,0,0,0,0,5,2,0,0,0,0,0,0,4,0,0,1,0,0,0,1,0,0,0,0,0,1,8,0,0,0,4,0,0,1,0,0,26,0,0,0,0,0,0,1,0,1,0,0,0,0,1,1,0,40,47,0,0,0,0,0,4,1,0,0,2,0,0,0,1,0,0,0,0,0,0,0,1,0,0,0,0,0,1,0,0,0,1,0,0,1,0,0,0,0,0,0,2,0,0,0,0,0,0,0,0,0,0,0,0,0,0,0,0,0,0,0
3068576400070200074,57,3,0,4,0,0,0,0,0,0,0,0,0,0,0,6,0,1,0,8,8,0,0,0,3,0,0,67,0,0,0,0,1,0,2,1,1,5,1,0,1,0,0,0,0,0,7,4,0,1,0,0,0,0,0,0,0,1,4,15,0,0,1,0,0,0,0,0,2,1,0,1,0,0,0,0,0,2,0,3,0,2,0,0,0,1,0,0,0,0,4,0,0,0,3,1,0,0,0,0,36,1,0,0,0,0,0,0,0,1,0,0,0,0,1,1,0,22,51,0,0,1,0,0,2,4,0,1,6,0,0,0,1,0,0,0,0,0,0,0,0,0,0,0,0,0,0,0,0,1,0,0,0,0,0,0,0,0,0,0,1,0,0,0,0,0,2,0,0,0,0,0,0,0,0,0,0,0,0,0
3068576400070200082,54,5,0,2,0,0,0,0,0,1,0,1,0,0,0,17,0,1,1,8,14,0,0,2,4,1,0,30,0,0,0,0,1,0,0,0,0,1,0,0,0,0,0,0,0,1,13,15,0,0,0,0,0,0,0,0,0,0,1,10,0,0,0,0,2,0,1,0,6,3,0,0,0,0,0,0,0,1,0,1,0,0,0,0,0,1,0,0,0,0,9,0,0,0,5,0,0,0,0,0,22,0,0,0,0,1,0,0,0,0,0,1,0,1,0,0,0,23,51,0,0,0,0,1,2,8,0,0,1,0,0,0,0,0,0,0,0,0,0,0,0,0,0,0,0,0,0,0,0,1,0,0,0,0,0,0,0,0,0,0,0,0,0,0,0,0,0,0,0,0,0,0,0,0,0,0,0,0,0,0
3068576400070200084,16,2,0,0,0,0,0,0,0,2,0,0,0,0,0,1,0,0,0,4,1,0,0,0,0,0,0,7,0,0,0,0,0,0,0,0,0,0,0,0,0,0,0,0,0,1,2,5,0,0,0,0,0,0,0,0,0,0,1,2,0,0,0,0,0,0,0,0,0,0,0,1,0,0,0,0,0,0,0,0,1,3,0,0,0,0,0,0,0,0,0,1,0,0,0,0,0,0,0,0,4,0,0,0,0,0,0,0,0,0,0,0,0,0,0,0,0,8,14,0,0,0,0,0,0,2,0,0,1,0,0,0,0,0,0,0,0,0,0,0,0,0,0,0,0,0,0,0,0,0,0,0,0,0,0,0,0,0,0,0,0,0,0,0,0,0,0,0,0,0,0,0,0,0,0,0,0,0,0,0
3068576400070200087,68,12,0,3,2,4,1,0,0,2,0,0,0,0,1,10,0,2,0,39,4,0,4,3,5,2,2,86,0,0,0,0,2,0,2,0,0,5,0,1,2,0,0,0,1,0,14,35,0,0,0,1,3,0,0,0,4,1,9,18,1,0,0,0,2,1,0,0,4,5,1,1,0,2,0,0,2,0,0,6,1,2,1,0,0,6,0,0,0,0,12,0,0,0,8,3,1,1,0,1,89,1,0,0,1,0,0,0,0,1,0,0,0,0,1,0,0,32,81,0,0,0,0,0,1,2,0,0,12,1,1,0,0,0,0,0,0,1,1,1,0,0,1,0,0,0,0,1,0,1,0,0,0,0,0,0,0,0,0,0,4,0,0,1,0,0,1,0,1,0,0,1,0,0,0,0,1,0,0,0
3068576400070200088,31,18,0,3,0,3,1,0,0,0,3,0,0,6,0,2,0,1,0,2,0,0,1,9,4,0,0,30,0,0,0,0,1,0,0,0,0,0,1,0,1,3,0,0,0,0,10,43,0,0,0,0,0,0,0,1,5,0,0,5,1,0,0,0,0,0,0,0,1,3,0,2,0,0,2,0,0,2,0,1,0,2,0,0,0,3,0,3,0,1,5,2,0,0,0,12,0,1,0,0,26,0,2,0,0,1,0,0,0,1,0,2,0,0,1,0,0,2,64,0,0,0,0,0,5,3,1,0,4,0,1,0,0,0,0,0,0,0,0,0,2,0,0,0,0,1,1,0,0,1,0,0,0,0,0,0,0,1,0,0,0,0,0,1,0,0,0,0,0,0,0,0,0,0,0,0,0,1,0,0
3068576400070200089,49,0,0,2,0,1,0,0,0,1,0,0,0,1,0,12,0,1,0,16,10,1,4,1,6,0,0,124,0,0,0,0,0,0,2,0,0,2,1,0,3,0,0,0,0,3,9,7,0,0,0,1,0,1,0,0,1,0,3,14,0,1,0,0,0,0,0,0,7,1,0,0,0,0,0,0,1,0,0,1,0,0,0,0,1,1,0,1,0,0,7,5,0,0,3,1,1,0,0,0,54,0,2,0,0,0,0,0,0,1,0,0,0,0,1,0,0,20,11,0,0,0,0,0,1,0,0,0,1,0,0,0,0,0,0,0,0,0,0,0,0,0,0,0,0,0,0,0,0,0,0,0,1,0,0,0,0,0,0,0,1,0,0,1,0,0,0,0,0,0,0,0,0,1,0,0,0,0,0,0
3068576400070200091,62,0,0,0,0,0,0,0,1,2,0,1,2,0,0,17,0,4,0,26,14,1,2,0,0,0,0,144,0,0,3,1,2,0,5,0,0,1,0,1,2,2,0,0,1,2,5,8,0,0,0,0,1,0,0,0,1,0,2,9,1,0,0,0,3,0,0,0,9,0,0,1,0,0,1,0,1,0,0,3,0,0,0,0,0,1,0,1,0,1,8,1,0,0,5,0,2,0,0,0,58,0,0,0,0,0,0,0,0,0,0,0,0,0,0,0,0,26,5,0,0,0,0,0,1,0,1,1,1,1,0,0,0,0,0,1,1,0,0,0,0,0,0,0,1,0,1,0,0,0,1,0,0,0,0,0,0,0,0,0,3,1,0,0,0,0,2,0,0,0,0,1,0,0,0,0,0,0,0,0
3068576400070200093,38,14,0,1,0,0,1,0,0,0,2,0,0,25,1,2,0,1,0,0,3,0,5,1,0,0,0,11,0,1,1,0,1,0,1,0,0,1,1,1,1,0,0,1,5,0,10,27,0,0,0,0,0,0,0,0,1,0,2,12,11,0,1,0,0,0,0,0,2,0,0,0,0,1,0,0,0,0,0,0,0,0,0,0,0,3,0,0,3,1,16,9,0,0,2,3,1,1,0,0,11,0,3,0,0,0,2,5,0,1,0,1,0,0,1,0,0,13,26,0,0,0,0,1,6,3,0,0,2,0,0,0,0,0,1,0,0,0,2,0,1,0,0,0,0,0,0,0,0,0,0,0,1,0,0,0,0,1,0,0,0,0,0,1,0,0,0,0,0,0,0,0,0,0,0,0,0,0,0,0
3068576400070200097,70,2,0,0,0,0,0,0,0,1,0,0,2,2,1,6,0,1,0,19,7,0,3,0,1,4,0,167,0,0,0,0,0,0,2,0,0,0,0,0,4,3,0,0,0,0,9,15,0,0,0,0,0,0,0,0,1,0,9,23,3,0,0,0,1,0,0,0,6,0,1,1,0,0,1,0,1,0,0,3,0,0,1,0,0,5,0,2,0,2,25,7,0,0,10,0,0,0,0,0,106,0,0,0,1,0,0,0,0,0,0,0,0,0,2,0,0,27,4,0,0,0,0,0,2,0,2,0,1,0,0,0,0,0,0,1,0,0,0,0,0,0,0,0,0,0,1,0,0,1,0,0,0,2,2,0,0,0,0,0,3,0,0,4,0,0,0,0,0,0,0,1,0,0,1,0,0,1,3,0
3068576400070200100,38,14,0,2,0,1,0,1,2,2,6,0,2,12,0,3,0,0,0,1,1,0,13,1,0,0,0,14,0,1,1,0,0,0,0,1,0,1,0,0,0,0,0,0,0,0,9,25,1,0,0,1,0,0,0,0,2,0,0,17,3,0,0,0,3,0,0,0,0,1,0,1,0,0,2,0,1,0,0,0,2,1,8,0,0,6,0,0,12,1,12,7,0,0,2,0,1,3,0,0,12,2,3,0,3,0,0,4,0,1,0,0,1,0,2,0,0,2,33,0,0,3,0,0,7,0,0,0,3,0,0,0,0,0,0,0,0,0,0,0,1,0,0,0,0,0,0,0,0,0,0,0,0,0,0,0,0,0,0,0,0,0,0,0,1,0,0,0,0,1,0,0,0,0,0,0,0,0,0,0
3068576400070200103,32,5,0,0,0,1,0,0,3,1,0,0,3,2,0,1,0,0,0,1,1,0,1,0,0,3,0,8,0,1,1,1,0,2,0,0,0,1,0,0,0,2,0,2,0,2,7,19,0,1,0,1,0,1,0,0,2,0,0,1,0,0,0,0,4,0,0,4,0,1,0,0,0,0,1,2,0,0,0,0,0,0,1,0,35,4,0,1,3,0,20,4,0,0,2,0,0,2,0,1,12,0,8,1,0,0,0,1,0,0,2,0,2,0,2,0,0,1,22,0,0,0,0,0,1,0,0,0,1,1,0,0,0,0,0,0,0,0,0,1,0,0,1,1,0,0,1,0,0,0,0,0,0,0,0,0,0,1,0,0,0,1,0,0,0,1,0,0,0,0,0,0,0,0,0,0,0,0,0,0
3068576400070200104,41,1,0,2,0,2,0,1,0,0,0,1,0,0,0,17,0,0,0,1,8,1,6,0,2,1,0,10,0,0,2,0,0,0,0,0,0,0,0,0,4,1,0,0,0,1,10,0,0,0,0,1,0,0,1,0,0,1,1,0,3,0,0,0,0,0,0,0,4,0,1,0,0,0,3,1,0,0,0,6,0,0,0,0,0,1,0,1,0,0,5,17,0,0,3,1,1,0,0,2,21,1,1,0,0,0,1,0,0,0,2,0,1,0,0,0,0,2,1,0,0,3,0,0,9,0,0,1,1,0,0,0,0,0,0,0,0,0,0,0,0,0,0,0,0,0,0,0,0,0,0,0,0,0,0,0,0,0,0,0,0,0,0,0,1,0,1,0,0,1,0,0,0,0,0,0,0,0,0,0
3068576400070200108,58,0,0,2,0,1,0,0,1,0,1,0,1,0,0,3,0,0,1,2,7,0,9,2,3,0,0,27,0,0,0,3,2,1,3,2,0,0,2,0,0,1,0,0,0,2,15,8,0,1,0,1,0,0,0,1,0,0,0,6,0,0,1,0,1,0,0,0,4,1,0,0,0,0,6,0,0,0,0,2,0,0,0,0,0,0,0,1,1,1,1,6,0,0,1,0,1,2,1,1,42,1,2,0,1,0,0,1,0,1,6,0,1,0,0,0,0,5,42,0,0,0,0,0,1,1,0,0,1,0,0,0,0,0,0,0,0,0,0,0,0,0,0,0,0,0,0,0,0,0,0,0,0,0,0,0,0,0,0,0,0,0,0,0,1,0,0,0,0,0,1,0,0,0,0,0,0,0,0,0
3068576400070200109,63,0,0,1,0,0,0,0,5,0,2,1,1,1,0,15,1,0,0,1,20,0,4,0,5,0,0,5,0,0,1,1,0,1,0,2,0,0,1,1,2,1,0,0,1,1,14,6,0,0,0,0,1,0,0,0,1,0,1,0,1,0,0,0,1,0,0,0,5,0,0,0,0,0,1,0,0,0,0,4,0,0,0,1,0,0,0,0,0,1,11,24,0,2,4,0,1,0,1,1,30,1,2,0,1,0,0,0,0,0,7,0,1,0,0,0,0,4,12,0,0,0,0,1,6,0,0,0,1,0,1,0,0,0,0,0,0,0,0,0,1,0,0,0,0,0,0,1,0,0,0,0,0,0,0,0,0,0,0,0,0,0,0,0,1,0,1,0,0,0,0,0,0,0,0,0,0,0,0,0
3068576400070200110,37,1,0,0,0,0,1,0,0,0,0,0,2,0,0,2,0,0,0,14,3,0,2,1,2,0,1,76,0,0,0,0,1,0,3,0,0,0,0,0,0,0,0,0,0,2,8,6,0,0,0,0,1,0,0,0,0,0,8,21,0,0,0,0,2,0,0,0,1,0,4,0,0,0,1,0,8,0,0,3,0,0,0,0,0,3,0,0,1,0,11,5,0,0,5,0,0,0,0,0,48,0,0,0,0,0,0,0,0,0,0,0,2,0,0,0,0,18,0,0,0,0,1,0,1,0,3,0,0,0,0,1,0,0,0,0,0,0,0,0,0,0,0,0,0,0,0,0,0,0,1,0,0,0,0,0,0,0,0,0,2,0,0,0,0,0,0,0,0,0,0,0,0,0,1,0,0,0,0,0
3068576400070200112,128,1,0,4,1,0,0,0,1,4,11,0,2,0,0,5,0,0,0,2,4,1,1,0,0,0,0,4,0,1,1,1,0,2,0,1,0,2,2,0,0,0,0,0,0,2,13,0,1,0,0,0,0,0,0,2,1,0,1,0,0,0,0,0,1,0,0,0,0,0,0,0,0,0,64,0,0,0,1,0,1,0,0,1,0,1,0,2,0,1,5,3,0,0,0,0,1,0,0,0,7,0,1,0,1,0,0,0,0,0,0,0,0,0,0,0,0,1,6,0,0,0,0,5,2,0,0,1,0,0,0,0,0,0,0,0,0,0,0,0,0,0,1,0,0,0,0,0,0,0,0,1,0,0,0,0,0,0,0,0,0,0,0,0,0,0,0,0,0,0,0,0,0,1,0,1,0,0,0,0
3068576400070200113,10,1,0,0,0,0,0,0,0,1,0,0,2,0,0,0,0,0,0,0,0,0,0,0,0,0,0,7,0,0,0,0,0,0,0,0,0,0,0,0,0,0,0,0,0,0,2,6,0,0,0,0,0,0,0,0,0,0,0,2,0,0,0,0,0,0,0,0,0,3,1,0,0,0,1,0,0,0,0,0,0,2,0,0,0,1,0,0,0,0,2,0,0,1,1,0,0,0,0,0,11,0,0,1,0,0,0,0,0,0,0,0,0,0,0,0,0,0,22,0,0,0,0,1,0,0,0,0,1,0,0,0,0,1,0,0,0,0,0,0,0,0,0,0,1,0,0,0,0,0,0,0,0,0,0,0,0,0,0,0,0,0,0,0,0,0,0,0,0,0,0,0,0,0,0,0,0,0,0,0
3068576400070200114,134,0,0,1,0,0,0,1,6,1,9,1,2,1,0,0,0,0,0,0,2,0,2,3,0,0,0,6,0,2,3,0,3,3,0,0,0,0,2,0,0,2,0,0,1,1,16,3,0,0,0,0,0,0,0,0,1,0,1,1,0,0,0,0,0,1,0,0,0,0,0,1,0,0,85,0,1,0,0,0,0,1,0,0,0,0,0,8,0,2,3,1,0,0,0,0,0,0,0,1,5,0,3,0,0,0,0,1,0,0,0,0,0,0,1,0,0,4,4,0,0,0,0,2,0,0,0,0,1,0,0,0,0,0,0,0,0,0,1,0,0,0,0,0,0,0,0,0,0,0,0,0,0,0,0,0,0,0,0,0,0,0,0,0,0,0,0,0,0,0,0,0,0,0,0,0,0,0,0,0
3068576400070200115,56,0,1,3,0,0,0,0,0,0,0,0,2,0,0,9,0,1,1,18,4,0,2,0,5,1,1,182,0,0,0,1,0,0,3,0,1,8,0,0,1,2,0,0,0,1,8,5,0,0,0,0,0,0,0,0,1,0,3,20,0,0,0,0,0,1,1,0,2,0,0,2,0,0,3,0,1,0,0,2,0,1,0,0,1,2,0,1,2,0,17,6,0,0,4,0,0,0,0,0,172,1,0,0,0,0,0,0,0,0,0,0,0,0,0,0,0,19,4,0,0,0,0,0,2,0,3,1,0,0,0,0,0,0,0,0,0,0,3,0,1,0,0,0,0,0,0,0,0,0,0,0,0,0,0,0,0,0,0,0,2,1,0,0,0,0,0,0,1,0,0,2,0,0,0,0,0,0,2,0
3068576400070200116,34,10,0,2,0,3,0,0,0,2,0,1,0,0,0,1,0,0,0,0,1,0,0,2,1,0,0,14,0,0,0,0,0,0,4,0,1,0,0,0,0,1,0,0,0,0,6,28,0,0,0,1,0,0,0,0,4,0,0,10,0,0,0,0,0,0,0,0,1,2,0,0,0,0,2,0,0,0,0,3,1,7,0,0,0,4,0,2,0,0,5,4,0,0,2,6,0,0,0,0,36,0,0,0,0,0,0,1,0,0,0,0,1,1,1,1,0,3,83,0,2,0,0,0,1,1,0,0,4,0,1,1,0,0,0,0,0,0,0,0,0,0,0,0,0,0,0,0,0,0,1,0,0,0,0,0,0,0,0,0,0,0,0,0,0,0,0,0,0,0,0,0,0,0,1,0,0,0,0,0
3068576400070200120,37,25,1,2,0,15,0,0,1,1,1,0,2,0,0,1,0,0,1,1,0,0,5,5,3,1,0,32,0,1,0,0,0,0,5,0,0,0,2,0,0,2,0,1,0,0,14,54,0,1,0,0,1,0,1,0,1,0,2,4,0,0,0,0,0,0,0,0,0,6,0,2,0,1,0,0,2,0,0,0,0,5,1,0,0,10,0,1,0,2,6,2,0,3,3,11,0,0,0,0,40,1,0,0,0,0,0,0,0,0,0,0,0,0,1,0,0,0,75,0,1,0,0,0,3,3,0,0,2,0,0,0,0,0,0,0,0,0,0,0,1,0,0,0,0,0,0,0,0,0,0,0,0,0,0,0,0,2,0,0,0,1,0,1,0,0,0,0,0,0,0,0,0,0,0,0,0,0,0,0
3068576400070200125,65,0,0,4,3,0,1,0,1,4,3,0,12,0,0,10,0,2,4,18,10,0,4,1,3,1,0,246,0,1,1,0,2,0,2,1,1,3,3,0,0,5,0,0,0,1,12,10,2,4,0,0,0,0,0,0,2,0,8,21,0,0,1,0,2,0,1,1,1,1,1,0,0,1,2,0,3,0,0,3,0,1,4,0,0,1,1,4,1,0,29,3,0,1,7,0,0,1,0,1,211,4,2,0,0,0,0,1,1,1,1,0,1,1,3,0,1,20,7,0,0,0,0,0,0,0,11,1,1,1,0,0,0,0,0,1,0,0,0,0,0,0,0,0,0,0,0,1,0,1,0,0,0,0,0,0,0,1,0,0,4,2,0,0,0,0,0,0,0,0,0,0,0,0,0,0,0,0,0,0
3068576400070200129,73,0,0,2,3,0,4,1,0,1,31,1,35,0,0,0,0,0,0,1,0,1,2,0,0,0,0,0,1,0,3,0,0,0,0,0,0,2,1,0,0,11,0,0,1,0,6,1,11,4,0,4,0,0,0,0,1,0,11,0,0,0,0,0,0,0,0,0,0,0,0,0,0,0,0,1,7,0,0,1,0,6,5,0,0,5,1,0,0,0,7,16,1,0,1,0,0,0,0,0,3,38,1,0,0,0,0,0,0,0,0,0,0,0,4,0,0,0,26,0,0,2,0,0,0,1,0,0,0,0,0,0,0,0,0,0,0,0,0,0,1,0,0,0,0,0,0,0,0,0,0,0,0,0,0,0,0,0,0,0,0,0,0,0,0,0,0,0,0,0,0,1,0,0,0,0,0,0,0,0
3068576400070200130,33,15,0,1,0,4,1,0,0,0,0,0,0,0,0,0,0,0,0,1,0,0,1,6,3,0,0,25,0,0,0,0,0,1,2,0,0,2,1,0,1,1,0,0,0,0,6,28,0,1,0,1,0,0,0,1,3,0,0,6,0,0,0,0,0,0,0,0,0,7,0,0,0,1,1,0,2,0,0,0,0,8,0,0,0,2,0,2,0,0,1,3,0,1,0,6,2,0,0,0,30,0,1,3,0,0,0,1,0,0,0,0,0,0,0,0,1,0,52,0,0,0,0,0,3,1,0,0,7,0,0,2,1,0,0,0,0,0,0,0,1,0,0,0,0,0,0,0,0,1,0,0,0,0,0,0,0,0,0,0,0,0,0,0,0,0,0,1,0,0,0,0,0,1,0,0,0,0,0,0
3068576400070200135,155,1,0,2,2,0,2,0,0,6,55,0,80,0,1,1,0,2,0,1,0,0,7,2,0,0,0,1,0,0,6,1,0,0,6,0,1,5,0,0,1,21,0,0,0,0,13,1,13,10,0,2,0,1,0,0,1,0,28,1,1,0,0,0,2,1,0,0,0,0,0,0,0,0,2,0,16,0,0,0,0,5,5,1,2,2,0,0,4,0,4,28,0,2,3,1,1,2,0,0,1,24,2,0,3,0,0,2,0,0,0,0,0,0,7,0,0,3,25,0,0,0,0,0,2,0,1,1,4,0,0,2,0,0,0,0,0,1,0,0,1,0,0,0,0,0,0,1,0,1,0,0,0,0,0,0,1,2,1,0,1,1,0,1,0,0,0,0,0,0,0,0,0,0,0,0,0,0,0,0
3068576400070200136,78,0,0,0,2,0,1,0,0,3,35,0,41,0,1,0,0,0,1,0,0,0,9,0,0,0,0,1,0,0,0,0,0,0,9,0,0,3,0,0,0,9,0,0,0,2,2,1,7,5,0,0,0,0,2,0,2,0,18,1,0,0,0,0,3,0,0,0,0,0,1,1,0,0,1,0,13,0,0,0,1,10,5,0,1,0,0,1,1,0,5,11,0,0,2,3,0,0,0,2,1,9,0,0,0,0,0,1,0,0,0,0,0,0,10,0,0,4,15,0,2,0,0,1,0,0,0,3,3,1,0,0,0,0,0,0,0,0,0,1,1,0,0,0,0,0,1,0,0,0,0,0,0,0,0,0,0,0,0,0,0,0,0,0,0,0,0,0,0,0,0,0,0,0,0,0,0,0,0,0
3068576400070200137,7,1,0,0,0,0,0,0,0,0,2,0,1,0,0,0,0,0,0,0,0,0,1,0,0,0,0,4,0,0,1,0,0,0,1,0,0,0,0,0,0,1,0,0,0,0,0,3,0,1,0,0,0,0,0,0,0,0,0,3,0,0,0,0,0,0,0,1,0,1,2,0,0,0,1,0,1,0,0,0,0,0,1,0,0,1,0,0,1,0,4,2,0,0,1,3,0,0,0,0,4,1,0,0,0,0,0,0,0,0,0,0,0,0,1,0,0,1,6,0,0,0,0,1,1,0,0,0,1,0,0,0,0,0,0,0,0,0,0,0,0,0,0,0,0,0,0,0,0,0,0,0,0,0,0,0,0,0,0,0,0,0,0,0,0,0,0,0,0,0,0,0,0,0,0,0,0,0,0,0
3068576400070200138,18,0,0,0,8,6,0,0,0,0,1,0,2,0,3,0,1,0,0,1,0,0,8,0,0,0,0,1,1,1,0,0,0,0,17,0,0,3,0,0,0,45,0,0,0,0,1,0,1,17,0,1,0,0,0,0,0,0,5,0,0,0,0,0,1,0,0,0,0,0,3,0,0,2,0,0,11,0,0,0,0,3,0,1,0,3,0,0,1,0,33,1,0,0,1,0,1,0,0,1,1,1,0,0,0,0,0,0,0,0,0,0,0,0,1,0,0,0,9,0,0,0,0,0,2,0,0,0,14,0,0,8,0,0,0,0,0,0,0,0,0,0,0,0,0,0,1,0,0,0,0,0,0,0,0,0,0,0,0,0,0,0,0,1,0,0,0,0,0,0,0,0,0,0,0,0,0,0,0,0
3068576400070200139,56,11,0,1,0,1,1,1,0,1,1,0,1,0,1,1,0,0,0,1,0,1,25,1,1,2,0,28,0,0,0,9,2,0,34,0,1,4,0,1,0,3,0,0,9,3,12,8,0,0,0,1,1,0,0,0,3,0,1,32,0,0,0,0,4,1,0,0,0,3,0,1,0,0,0,0,9,0,0,3,0,5,2,1,1,6,0,0,1,0,21,13,0,1,17,23,32,0,0,0,21,2,4,4,1,0,0,0,0,0,0,0,1,0,1,0,0,2,28,0,10,1,1,0,34,1,1,0,2,3,0,5,0,0,0,0,0,0,0,0,0,0,0,2,0,0,1,0,1,1,1,0,0,0,0,0,0,0,0,0,0,0,0,0,0,0,1,0,0,0,0,0,0,0,0,0,0,0,0,0
3068576400070200140,12,0,0,0,0,1,1,0,0,0,0,0,1,0,0,1,0,0,0,1,0,0,3,0,0,0,0,8,0,0,0,3,1,0,9,0,0,0,0,0,0,2,0,0,1,1,6,4,0,3,0,1,0,0,0,0,0,0,0,6,0,0,0,0,3,0,0,0,0,3,0,0,0,0,0,0,1,0,0,0,0,1,0,0,0,2,0,0,1,0,8,1,0,2,5,1,27,0,0,0,7,1,2,0,0,0,0,0,0,0,0,0,0,0,0,0,0,1,0,0,0,0,0,0,6,0,0,0,0,0,0,0,0,0,1,0,0,0,0,0,0,1,0,0,0,0,0,0,0,0,0,0,0,0,0,0,0,0,0,0,0,0,0,0,0,0,0,0,0,0,0,0,0,0,0,0,0,0,0,0
3068576400070200142,63,0,0,0,0,0,0,0,0,8,30,1,37,0,0,6,0,1,1,6,1,0,7,0,1,0,0,48,0,1,0,0,0,0,2,0,1,5,0,0,0,2,0,0,0,0,7,3,9,2,0,2,0,0,0,0,1,0,15,3,0,0,1,0,0,0,0,0,1,1,0,0,0,0,0,0,7,1,0,0,0,0,3,0,0,1,0,0,0,0,6,8,0,0,4,0,2,0,0,1,25,10,3,0,0,0,0,1,2,0,0,0,0,0,5,0,0,5,23,0,0,2,0,0,1,0,1,1,3,1,0,0,0,0,1,0,0,0,1,0,0,0,0,1,0,0,0,0,0,0,0,0,0,0,0,0,0,0,0,0,1,0,0,1,0,0,0,0,0,0,0,0,0,0,0,0,0,0,0,0
3068576400070200143,73,1,1,0,2,1,0,0,0,4,30,0,35,0,0,1,0,0,0,0,0,0,4,0,0,0,0,0,0,2,0,3,0,0,2,0,0,10,0,0,0,21,0,0,0,1,3,0,11,13,0,3,0,0,0,0,1,0,16,2,0,0,0,0,0,0,0,0,1,1,0,0,0,0,0,0,13,0,0,0,0,6,8,0,1,3,0,0,2,1,5,8,0,0,2,0,2,0,0,1,2,9,1,0,0,0,0,1,1,0,0,0,1,0,7,0,1,3,18,0,0,2,0,2,1,1,1,0,7,0,0,4,0,0,0,0,0,0,0,1,0,0,0,0,0,1,2,0,0,0,0,0,0,0,0,0,0,0,0,0,0,0,0,0,0,0,0,0,0,0,0,0,0,0,0,0,0,0,0,0
3068576400070200153,82,0,0,0,0,1,1,1,0,3,32,0,36,0,0,0,1,0,0,1,0,0,7,0,0,0,0,2,0,0,5,1,0,0,3,0,0,2,0,0,0,15,0,0,0,1,2,2,6,9,0,1,0,0,0,0,3,0,14,2,0,0,0,0,1,0,0,0,0,0,0,0,0,0,0,0,10,0,0,0,0,6,9,0,0,3,0,1,0,0,4,11,0,0,1,1,2,1,0,0,2,17,2,0,0,0,0,2,1,0,0,0,0,0,7,0,0,1,18,0,0,0,0,3,0,0,0,0,1,0,1,0,0,0,0,0,0,0,0,0,0,0,0,1,0,0,0,0,0,0,2,0,0,1,0,0,0,0,0,0,0,0,0,0,1,0,0,0,0,0,0,0,0,0,0,0,0,0,0,0
3068576400070200154,11,0,0,0,0,2,2,0,0,0,0,0,1,0,0,0,0,0,0,0,0,0,4,0,0,0,0,2,0,0,0,1,0,0,14,0,0,1,0,0,0,9,0,0,0,1,4,0,0,11,0,1,0,0,0,0,1,0,0,2,0,0,0,0,0,0,0,0,0,2,0,0,0,1,0,0,2,0,0,0,0,2,0,0,0,2,0,0,0,0,7,2,0,0,2,2,16,0,0,1,0,0,0,0,1,0,0,0,0,0,0,0,0,0,0,0,0,2,0,0,1,0,0,0,2,0,0,0,0,0,0,1,0,0,0,0,0,0,0,0,0,0,0,0,0,0,0,0,0,0,0,0,0,0,0,0,0,0,0,0,0,0,0,0,0,0,0,0,0,0,0,0,0,0,0,0,0,0,0,0
3068576400070200155,15,3,0,1,0,0,0,1,0,1,0,1,1,0,1,0,0,1,0,0,0,0,1,0,1,0,0,9,0,0,0,0,0,0,3,0,0,0,0,1,0,3,0,0,1,0,1,16,0,3,0,0,1,0,0,0,0,0,0,2,0,0,0,0,1,0,0,0,0,2,0,1,0,0,0,0,1,0,0,1,0,2,0,0,1,0,0,0,0,1,6,3,0,1,0,2,3,0,0,0,10,0,0,0,0,0,0,0,0,0,0,0,0,0,1,0,0,1,15,0,0,1,0,1,2,0,0,0,1,0,0,1,0,0,0,0,0,0,0,0,0,0,0,0,0,0,0,0,0,0,0,0,0,0,0,0,0,0,0,0,0,0,0,0,0,0,0,0,0,0,0,0,0,0,0,0,0,0,0,0
3068576400070200157,19,0,0,1,4,14,0,0,0,1,2,0,0,0,3,0,0,0,1,0,0,0,7,0,0,0,0,1,2,0,1,1,0,0,5,0,0,1,0,0,0,50,0,1,0,0,3,0,0,35,0,0,0,0,0,2,0,0,1,1,0,0,0,0,0,0,0,0,0,1,6,0,0,5,0,0,13,0,1,0,0,4,0,0,0,2,0,0,0,0,27,3,0,1,2,2,5,0,0,6,0,2,0,0,0,0,0,1,0,0,0,0,0,0,3,0,0,3,3,0,3,0,0,0,4,0,0,0,12,0,0,7,0,0,0,0,0,0,0,0,0,0,0,0,0,0,1,1,1,0,0,0,0,0,0,0,0,0,0,0,0,0,0,0,0,0,0,0,0,0,0,0,0,0,0,0,0,0,0,0
3068576400070200159,56,0,0,4,1,0,0,0,0,2,1,1,5,0,0,9,0,2,1,15,8,0,0,1,2,0,1,203,1,0,0,0,0,0,2,0,0,5,3,0,0,1,0,0,1,0,3,1,0,1,0,0,0,0,0,0,0,1,0,5,1,0,0,0,3,0,0,0,6,2,1,0,0,0,0,0,3,1,0,3,0,0,1,0,0,1,0,2,0,0,11,3,0,0,5,0,0,0,0,0,138,1,2,0,1,1,0,2,0,0,0,0,0,0,2,0,1,13,3,0,0,0,0,3,0,0,1,1,1,0,1,0,0,0,0,0,0,0,2,0,0,0,0,0,1,0,0,0,0,0,0,0,0,0,1,0,0,0,0,0,2,0,0,0,0,0,0,0,0,0,0,0,1,0,0,0,3,0,0,0
3068576400070200162,53,0,0,1,0,0,1,0,0,2,15,0,28,0,0,0,1,0,1,0,0,0,7,0,0,0,0,1,0,0,0,0,0,0,9,0,0,6,0,0,1,10,0,0,0,1,1,2,6,4,0,2,0,0,0,0,0,0,9,1,1,0,1,0,0,0,0,0,0,0,0,0,0,0,0,0,14,0,0,0,0,7,8,0,0,0,0,1,1,0,5,4,0,0,2,0,0,0,0,0,2,7,3,0,1,0,0,2,3,0,0,0,0,0,4,0,0,0,13,0,0,0,2,1,1,0,1,0,10,0,0,1,0,0,0,0,0,0,0,0,0,0,0,0,0,0,0,0,0,0,0,0,0,0,0,0,0,0,0,0,0,1,0,0,0,0,0,0,0,0,0,0,0,0,0,0,0,0,1,0
3068576400070200164,41,0,0,1,8,19,1,1,0,0,1,1,1,0,5,0,0,0,0,0,0,0,16,0,0,0,0,1,0,0,0,0,0,0,23,0,0,2,0,0,1,52,0,0,1,3,4,1,0,33,0,0,0,0,0,0,1,0,0,2,0,0,0,0,3,0,0,0,1,2,0,0,0,1,1,0,14,0,2,0,0,5,0,0,1,2,0,0,0,0,42,7,0,0,6,3,12,0,0,7,5,0,0,0,0,0,0,1,0,0,0,0,2,0,5,0,0,2,3,0,0,0,0,0,6,0,0,0,13,0,0,11,0,0,0,0,0,1,0,0,0,0,0,0,0,0,0,0,0,1,0,0,0,0,0,0,0,0,0,0,0,0,0,0,0,0,0,0,0,1,0,0,0,0,0,0,0,0,0,0
3068576400070200168,28,0,0,0,3,14,1,0,0,1,6,0,8,0,5,0,0,0,0,0,0,1,9,1,0,0,0,1,1,0,1,1,0,0,4,0,0,3,0,0,0,57,0,0,0,0,1,0,0,50,0,0,0,0,0,0,0,0,2,0,0,0,0,0,3,0,0,0,0,2,1,0,0,3,0,0,13,0,0,0,0,5,0,0,0,1,0,1,0,0,34,2,0,0,1,0,1,0,1,3,0,0,0,0,0,0,1,0,1,1,0,1,0,0,0,0,0,2,6,0,2,0,0,0,2,0,0,0,19,0,0,2,0,0,0,0,0,0,1,0,0,0,0,0,0,0,0,0,0,0,0,0,0,0,0,0,0,0,0,0,0,0,0,0,0,0,0,0,0,0,0,0,0,0,0,0,0,0,0,0
3068576400070200169,2,0,0,1,0,0,0,0,0,1,1,0,1,0,0,0,0,0,0,0,0,0,0,0,0,0,0,0,0,0,1,0,0,0,1,0,0,1,0,0,0,2,0,0,0,0,1,0,0,2,0,1,0,0,0,0,0,0,0,1,0,0,0,0,0,0,0,0,1,0,0,0,0,0,0,0,0,0,0,0,0,0,0,0,0,0,0,0,0,0,1,0,0,0,0,0,0,0,0,0,1,0,0,0,0,0,0,0,1,0,0,1,1,0,0,0,0,1,3,0,0,0,0,2,0,0,0,0,2,1,0,0,0,0,0,0,0,0,0,0,0,0,0,0,0,0,0,0,0,0,0,0,0,0,0,0,0,0,0,0,0,0,0,0,0,0,0,0,0,0,0,0,0,0,0,0,0,0,0,0
3068576400070200170,37,5,0,2,0,0,0,0,1,2,4,0,7,0,0,0,0,1,0,2,3,0,5,1,1,0,0,8,0,0,1,0,0,0,4,0,0,1,2,0,0,3,0,0,0,1,7,37,0,5,0,0,0,0,0,0,0,0,3,15,2,0,0,0,1,0,0,0,1,4,0,1,0,0,0,0,3,0,0,2,0,4,1,0,1,6,0,0,0,1,15,9,1,0,2,1,1,0,0,3,21,3,0,1,0,0,1,1,0,0,0,1,1,0,1,0,1,5,46,0,3,0,0,2,3,0,0,1,2,0,0,2,0,0,1,0,0,0,0,0,0,0,0,0,0,0,0,0,0,0,0,0,0,0,0,0,0,0,0,1,1,1,0,0,0,0,1,0,0,0,0,0,0,0,0,0,0,0,0,1
3068576400070200171,80,3,0,0,1,0,0,0,0,3,28,1,30,0,2,0,0,2,0,1,2,1,11,1,0,0,0,2,0,0,1,0,1,0,9,0,1,14,0,0,0,21,0,0,0,1,4,6,1,13,0,1,3,0,0,0,1,0,11,2,5,0,0,0,4,0,0,0,0,2,1,0,0,0,0,1,9,0,0,1,0,3,1,0,1,2,0,0,5,1,27,8,0,0,0,4,0,1,0,1,3,18,0,0,0,0,0,2,4,0,0,0,0,0,10,2,0,1,23,0,1,1,0,0,5,0,0,0,8,1,0,0,0,0,0,0,0,0,0,0,0,0,0,0,0,0,1,0,0,0,0,1,0,3,0,1,0,1,2,0,0,0,0,0,0,0,0,0,0,0,0,0,0,2,0,0,1,0,0,0
3068576400070200173,72,0,0,1,0,0,3,0,0,2,18,0,27,0,0,0,0,0,0,0,0,0,6,0,0,0,0,2,0,0,1,1,1,0,11,0,0,7,0,0,0,14,0,0,0,0,1,2,9,3,0,0,0,0,0,0,1,0,7,2,3,0,1,0,2,0,0,0,0,1,0,0,0,0,1,0,14,0,0,0,0,6,9,0,0,3,0,1,1,0,11,7,0,0,0,0,0,0,0,1,3,22,2,0,0,0,0,5,0,0,0,0,0,0,5,0,0,0,3,0,0,0,0,1,3,0,0,1,3,0,1,0,0,0,0,0,0,0,0,1,0,0,0,0,0,0,0,0,0,0,0,0,0,0,0,0,0,0,0,0,0,0,0,0,0,0,0,0,0,0,0,0,0,0,0,0,0,0,0,0
3068576400070200174,28,0,0,3,0,0,0,0,0,2,1,0,1,0,0,6,0,1,0,5,1,1,2,0,0,0,0,76,0,0,1,0,0,0,2,0,0,7,0,1,1,5,0,0,0,1,2,0,0,1,0,2,1,0,0,0,0,0,2,7,0,0,1,0,2,0,0,0,2,0,0,1,0,0,0,0,3,0,0,3,0,0,2,0,0,3,0,0,0,0,7,2,0,0,6,0,0,0,0,0,44,2,0,0,0,0,1,0,0,0,0,0,0,0,0,0,0,10,3,0,0,0,0,0,2,0,0,0,0,0,0,0,0,0,0,0,0,0,0,0,0,0,0,0,0,0,0,0,0,0,0,0,0,0,0,1,0,0,0,0,0,0,0,0,0,0,0,0,0,0,0,0,0,0,0,0,0,0,1,0
3068576400070200178,108,5,0,1,0,0,1,0,0,3,17,0,16,0,0,2,0,1,0,2,4,0,3,0,2,0,0,16,0,1,1,1,0,0,5,1,1,14,1,0,0,19,0,0,2,3,7,12,6,4,0,1,2,0,0,0,1,0,7,5,9,0,0,0,2,0,0,0,1,4,0,1,0,0,1,0,11,0,0,1,1,4,4,2,2,0,0,0,2,1,21,3,1,0,2,0,0,1,0,0,24,12,3,0,0,0,0,8,9,0,0,0,0,0,8,0,0,3,63,0,2,2,0,4,1,0,1,0,6,0,1,2,0,0,0,0,0,0,0,0,1,0,0,0,0,0,0,0,0,0,0,0,0,0,0,0,0,0,0,0,0,1,0,0,0,0,0,0,0,0,0,0,0,1,0,0,1,0,0,0
3068576400070200186,51,0,0,1,0,0,0,0,0,0,0,0,0,0,1,0,4,0,1,0,0,0,2,0,0,5,0,1,0,0,0,0,0,0,0,1,0,0,0,0,6,0,0,2,0,0,4,0,0,0,0,5,0,0,1,0,1,0,4,24,0,0,0,0,2,1,0,0,0,0,1,0,0,0,0,1,2,0,0,0,0,1,0,19,0,7,0,0,0,1,5,6,0,0,4,0,5,0,0,1,0,0,0,0,0,0,0,0,0,0,0,0,1,0,2,0,0,1,3,0,0,0,0,1,5,0,0,0,0,0,0,1,1,0,0,0,0,0,0,0,0,0,0,0,0,0,0,0,0,0,0,0,0,0,0,0,0,0,0,1,0,0,0,0,0,0,0,0,0,0,0,0,0,0,0,0,0,0,0,0
3068576400070200187,42,0,0,0,0,0,0,0,0,0,1,0,0,0,0,0,9,0,1,1,0,0,4,0,0,3,0,0,0,0,3,1,0,0,4,0,0,0,0,6,1,0,0,0,0,3,3,0,0,0,0,1,0,0,0,0,0,0,5,14,0,0,0,0,1,0,0,0,0,1,1,0,0,0,0,0,0,0,0,0,0,0,0,13,0,3,0,0,0,0,6,4,0,1,3,1,5,0,0,0,1,1,0,1,0,0,0,0,0,0,0,0,0,0,0,0,0,0,2,0,1,0,0,0,1,0,0,1,0,1,0,0,0,0,0,0,0,0,0,0,0,0,0,0,0,0,0,0,0,0,0,0,0,1,0,0,0,0,0,0,0,0,0,0,0,0,0,0,0,0,0,0,0,0,0,0,0,0,0,0
3068576400070200191,16,0,0,1,0,0,0,0,0,1,0,0,0,0,0,3,0,0,0,4,7,0,0,0,0,1,1,100,0,0,0,0,0,0,0,0,0,1,0,0,0,0,0,0,0,0,5,0,1,0,0,0,1,0,0,1,0,0,0,3,0,0,0,0,0,1,0,0,3,0,0,3,0,0,0,0,0,0,0,0,0,0,0,0,0,0,0,0,0,0,4,0,0,0,0,0,0,0,0,0,48,0,0,0,0,0,0,0,0,0,0,0,0,0,0,0,0,3,0,0,0,0,0,1,0,0,0,0,0,0,0,0,0,1,0,0,0,0,0,0,0,0,0,0,0,0,0,0,0,1,0,0,0,0,0,0,0,0,0,0,0,1,0,0,0,0,0,0,0,0,0,0,0,0,0,0,0,0,0,0
3068576400071200252,54,5,0,4,0,2,0,0,0,1,0,0,1,0,0,18,0,0,0,9,12,0,0,1,3,0,0,9,0,0,0,1,0,0,0,0,0,0,0,1,1,2,0,0,0,5,32,13,0,1,0,0,0,1,0,0,2,0,2,6,0,1,0,0,1,0,0,0,2,3,1,0,0,0,0,0,1,0,0,0,0,0,1,0,0,0,0,0,1,2,10,1,0,0,2,2,0,0,0,0,24,0,0,0,2,0,0,0,0,0,0,0,0,0,0,0,0,14,58,0,0,0,0,0,0,3,0,0,2,0,0,1,0,0,0,0,0,0,0,0,1,0,0,0,0,0,0,0,0,0,0,0,0,0,0,0,0,0,0,0,0,0,0,2,0,0,0,0,0,0,0,0,0,0,0,0,1,0,0,0
3068576400071200254,21,1,0,1,0,0,0,0,0,0,0,0,0,0,0,4,0,0,0,7,3,0,0,2,1,0,0,9,0,0,0,0,0,0,1,0,0,1,0,0,0,1,0,0,0,2,3,5,0,0,0,0,0,0,0,0,0,0,1,2,0,0,0,0,0,0,0,0,1,0,0,0,0,0,0,0,0,0,0,1,0,0,1,0,0,0,0,0,0,1,0,0,0,0,1,0,0,0,0,0,3,0,0,1,0,0,0,0,0,0,0,0,0,0,0,0,0,11,14,0,0,0,0,0,0,3,0,1,0,0,0,0,0,0,0,0,0,0,0,0,0,0,0,0,0,0,0,0,0,0,0,0,0,0,0,0,0,0,0,0,0,0,0,0,0,0,0,0,0,0,0,0,0,0,0,0,0,0,0,0
3068576400072100025,20,3,0,0,0,0,0,0,0,0,0,0,0,1,0,2,0,1,1,11,4,0,0,0,5,0,0,30,1,0,0,0,0,0,4,0,0,0,1,0,2,0,0,0,0,0,6,11,0,0,0,0,1,0,1,0,2,1,3,0,0,0,1,0,3,4,0,0,3,2,1,1,0,0,0,0,0,0,0,3,0,1,1,0,0,0,0,0,0,1,16,0,0,0,2,1,2,0,0,0,7,0,0,0,0,0,0,0,0,0,0,0,0,0,0,0,0,28,12,0,0,0,0,0,2,1,0,0,2,0,1,0,0,0,1,0,0,0,0,0,0,0,0,0,0,0,1,0,0,1,0,0,0,0,0,0,0,0,0,0,1,0,0,0,0,0,0,0,0,0,0,0,0,1,0,0,0,0,0,0
3068576400072100041,17,1,0,1,0,1,0,0,0,0,0,0,0,0,0,3,0,0,0,10,3,0,3,1,3,0,0,26,0,0,0,0,1,0,0,1,0,0,0,0,0,0,0,0,0,0,14,7,0,0,0,0,0,0,1,0,2,0,0,0,0,0,0,0,0,8,0,0,1,2,0,0,0,0,0,0,1,0,0,4,0,1,0,0,0,0,0,0,0,2,8,0,0,0,1,1,0,0,0,0,18,0,0,0,0,0,0,2,0,0,0,0,0,0,0,0,0,18,13,0,0,0,0,0,0,0,0,0,0,0,0,0,0,0,0,0,0,0,0,0,0,0,0,0,0,0,0,0,0,1,0,0,0,0,0,0,0,0,0,0,0,0,0,0,0,0,1,0,0,0,0,0,0,0,0,0,0,0,0,0
3068576400072200027,13,0,0,1,0,0,0,0,0,0,0,0,0,0,0,2,0,0,0,6,8,0,1,0,5,0,0,14,0,0,0,0,0,0,0,0,0,1,0,0,1,0,0,0,0,1,6,5,0,0,0,0,0,1,0,0,1,0,0,0,0,0,0,0,1,0,0,0,3,0,0,0,0,0,0,0,1,0,0,0,0,0,0,0,0,0,0,0,1,1,8,0,0,0,0,1,0,0,0,0,11,0,0,0,0,1,0,0,0,0,0,0,0,0,0,0,0,7,7,0,0,0,0,0,0,0,0,0,0,0,0,0,0,0,0,0,0,0,0,0,1,0,0,0,0,0,0,0,0,0,0,0,0,0,0,0,0,0,0,0,0,0,0,1,0,0,1,0,0,0,0,0,0,0,0,0,0,0,0,0
3068576400072200028,111,0,5,0,4,0,1,1,0,1,0,0,3,0,0,0,0,1,0,0,0,0,3,0,0,0,0,1,0,0,0,1,0,0,20,0,0,2,0,0,1,0,2,9,2,0,0,49,0,0,0,0,1,0,0,0,0,0,0,0,0,0,1,0,8,0,0,0,0,0,0,0,17,0,1,0,3,0,4,0,0,2,0,0,3,0,0,0,1,0,35,0,0,0,8,0,13,1,0,3,2,0,4,4,0,21,0,0,0,0,6,0,0,1,0,0,0,2,1,0,0,9,0,0,8,0,1,1,2,0,0,0,0,0,0,0,0,0,0,0,1,0,0,0,0,0,1,1,0,0,0,0,0,0,0,0,0,0,0,0,0,0,0,0,0,0,0,1,0,0,0,0,0,0,0,0,0,0,0,0
3068576400072200032,16,0,0,1,0,0,1,0,0,0,0,0,0,0,0,4,0,1,0,1,6,0,0,1,0,1,0,15,0,0,0,0,0,0,1,0,0,0,0,0,0,1,1,0,0,0,6,14,0,1,0,0,0,0,0,0,0,0,0,0,0,0,0,0,0,0,0,0,1,2,1,1,0,0,0,0,0,0,0,2,0,2,0,0,0,0,0,0,3,0,11,0,0,0,0,0,0,0,0,0,5,0,0,0,0,0,0,0,0,0,0,0,0,0,0,0,0,15,18,0,0,0,0,2,2,1,0,0,1,0,0,0,0,0,0,0,0,0,0,0,0,0,0,0,0,0,0,0,0,0,0,0,0,0,0,0,0,0,0,0,1,0,0,0,0,0,0,0,0,0,0,0,0,0,0,0,0,0,0,0
3068576400072200047,6,4,0,0,0,0,0,0,0,0,0,0,0,0,0,0,0,0,0,1,0,0,0,0,1,0,0,0,0,0,0,0,0,0,0,0,0,0,0,0,0,0,0,0,0,0,2,6,0,0,0,0,0,0,0,0,0,0,0,0,0,0,0,0,0,0,0,0,0,1,0,0,0,0,0,0,0,0,0,0,0,1,0,0,0,0,0,0,0,1,1,0,0,0,0,0,1,0,0,0,5,0,0,0,0,0,0,1,0,0,0,0,0,0,0,0,0,0,10,0,0,0,0,1,1,1,0,0,1,0,0,0,0,0,0,0,0,0,0,0,0,0,0,0,0,0,0,0,0,0,1,0,0,0,0,0,0,0,0,0,0,0,0,0,0,0,0,0,0,0,0,0,0,0,0,0,0,0,0,0
3068576400072200050,27,2,0,2,0,0,1,0,0,0,0,0,0,0,0,2,0,0,0,9,5,0,2,0,3,0,0,10,0,0,0,1,0,0,2,0,0,1,0,0,2,0,0,0,0,0,7,18,0,0,1,0,1,0,0,0,2,1,1,0,0,0,0,0,0,0,0,0,2,3,0,0,0,0,0,0,2,0,0,1,0,5,0,0,0,0,0,0,0,1,31,0,0,0,2,0,2,0,0,0,10,0,0,0,0,0,0,1,0,0,0,0,0,0,1,0,0,16,24,0,0,0,0,0,3,1,0,0,0,0,1,1,0,0,0,0,0,0,0,0,0,0,0,0,0,0,0,1,0,0,0,0,0,0,0,0,0,0,0,0,0,0,0,1,0,0,0,0,0,0,1,0,0,0,0,0,0,0,0,0
3068576400072200056,15,1,0,0,0,0,0,0,0,0,0,0,0,0,0,0,0,0,0,3,0,0,0,1,1,0,0,5,0,0,0,0,0,0,0,0,0,0,0,0,0,2,0,0,0,1,1,5,0,0,0,0,0,0,0,0,1,0,0,0,0,0,0,0,0,0,0,0,1,2,0,0,0,0,0,0,0,0,0,0,0,3,0,0,1,0,0,0,0,0,3,0,0,0,0,0,0,0,0,0,3,0,0,0,0,0,0,0,0,0,0,0,0,0,0,0,0,3,13,0,0,0,0,0,0,1,0,0,0,0,0,0,0,0,0,0,0,0,0,0,0,0,0,0,0,0,0,0,0,0,0,0,0,0,0,0,0,0,0,0,0,0,0,0,0,0,0,0,0,0,0,0,0,1,0,0,0,0,0,0
3068576400072200068,48,3,0,1,0,0,1,0,0,1,0,0,0,3,0,1,0,0,0,14,4,0,3,0,3,0,0,40,0,0,0,2,3,0,0,0,0,1,0,0,3,0,0,0,0,1,6,9,0,0,0,0,2,0,0,0,1,1,8,0,0,0,1,0,1,5,0,0,1,5,0,0,0,0,1,0,2,0,0,9,0,1,0,0,0,0,0,0,0,1,13,0,0,0,2,0,0,1,0,0,29,0,0,0,0,0,1,1,0,0,0,0,0,0,0,0,0,29,41,0,0,0,0,0,2,1,3,0,0,0,0,0,1,0,0,0,0,0,0,0,0,0,0,1,0,0,0,0,0,0,0,0,0,0,0,0,0,0,0,0,0,0,0,0,0,0,0,0,0,0,0,0,0,0,1,0,0,0,0,0
3068576400072200081,41,5,0,0,0,0,0,0,0,0,0,0,0,0,0,2,0,0,0,12,3,0,2,0,2,0,0,15,0,0,0,0,5,0,0,0,0,0,0,0,0,0,0,0,1,0,11,8,0,0,0,0,0,0,0,0,1,0,1,0,1,0,0,0,2,4,0,0,1,2,0,0,0,0,0,0,2,0,0,2,0,0,0,0,0,0,0,1,0,2,18,0,0,0,1,0,0,0,0,1,2,0,0,0,0,0,0,0,0,0,0,0,0,0,0,0,0,22,36,0,0,0,0,0,0,0,0,0,0,0,0,0,0,0,0,0,0,0,0,0,0,0,0,0,0,0,0,0,0,1,0,0,0,1,0,0,0,0,0,0,0,0,0,0,0,0,0,0,0,0,0,0,0,0,0,0,0,0,0,0
3068576400072200090,22,2,0,0,0,0,0,0,0,0,0,0,0,0,0,4,0,1,0,6,7,0,1,0,3,0,0,3,0,0,0,0,1,0,1,0,0,0,0,0,2,0,0,0,0,1,3,3,0,0,0,0,0,0,0,0,0,0,0,2,0,0,0,1,0,4,0,0,5,3,0,0,0,0,0,0,1,0,0,0,0,0,0,0,0,0,0,0,0,0,6,0,0,0,0,0,0,0,0,0,8,0,0,0,0,0,0,0,0,0,0,0,0,0,0,0,0,14,20,0,0,0,0,0,1,0,0,0,1,0,0,0,0,0,0,0,0,0,0,0,0,0,0,0,0,0,0,0,0,0,0,0,0,0,0,0,0,0,0,0,0,0,0,0,0,0,0,0,0,0,0,0,0,0,0,0,0,0,0,0
3068576400072200104,5,0,0,1,0,0,0,0,0,0,0,0,0,1,0,1,0,0,0,0,1,0,0,0,1,0,0,1,0,0,0,0,0,0,0,0,0,0,0,0,0,0,0,0,1,0,4,0,0,0,0,0,0,0,0,0,0,0,0,0,0,0,0,0,0,0,0,0,0,0,0,0,0,0,0,0,0,0,0,2,0,0,0,0,0,0,0,0,0,0,3,0,0,0,0,0,0,0,0,0,1,0,0,0,0,0,0,2,0,0,0,0,0,0,0,0,0,5,3,0,0,0,0,0,0,0,0,0,0,0,0,0,0,0,0,0,0,0,0,0,0,0,0,0,0,0,0,0,0,0,0,0,0,0,0,0,0,0,0,0,0,0,0,0,1,0,0,0,0,0,0,0,0,1,0,0,0,0,0,0
3068576400083100016,86,1,0,0,1,0,0,0,0,5,30,1,28,0,0,0,0,1,1,0,3,0,11,0,0,0,0,3,0,0,1,0,2,0,3,1,0,13,0,0,2,11,0,0,0,0,4,12,2,3,0,0,0,1,0,0,0,0,13,5,7,0,0,0,2,0,0,0,1,3,1,0,0,0,0,1,7,0,2,1,0,7,4,0,0,3,0,0,6,0,19,14,0,1,2,1,1,0,0,0,8,12,2,0,1,0,0,1,4,0,0,0,1,0,7,0,0,3,13,0,5,0,0,2,5,0,0,0,3,0,0,0,0,0,0,0,0,0,0,0,0,0,0,0,0,0,1,0,0,0,0,0,0,0,1,0,0,0,0,0,0,0,0,0,0,0,0,0,0,0,0,0,0,0,0,0,0,0,0,0
3068576400083100017,55,0,0,0,0,1,0,0,0,0,7,0,15,0,1,0,0,0,0,1,0,1,3,0,0,0,0,0,0,1,0,0,0,0,9,0,0,4,0,0,0,16,0,0,2,1,3,4,4,3,0,0,0,0,0,0,0,0,4,2,3,0,0,0,2,0,0,0,0,2,0,1,0,0,0,0,9,0,0,0,0,6,3,1,0,1,0,0,2,0,14,10,0,0,1,0,5,0,1,2,3,2,0,0,1,0,0,1,0,0,0,0,0,0,4,0,0,1,12,1,1,1,0,0,1,0,0,0,2,0,1,1,0,0,0,0,0,0,0,0,0,0,0,0,0,1,0,0,1,0,0,0,0,0,0,0,0,0,0,0,1,0,0,0,0,0,0,0,0,0,0,0,0,0,0,0,0,0,1,0
3068576400083100023,37,0,0,0,0,0,0,0,1,2,2,0,3,0,0,0,0,0,0,8,4,1,0,0,0,0,0,55,0,0,0,0,2,0,4,0,0,2,0,0,1,3,0,0,0,2,1,0,1,0,0,0,0,0,0,0,0,0,2,5,3,0,1,1,0,0,0,0,3,0,0,0,0,0,0,0,5,0,0,0,0,0,1,1,0,1,0,0,0,0,9,3,0,1,6,0,0,0,0,0,63,4,0,0,0,1,0,0,0,0,0,0,0,0,1,0,0,12,5,0,0,0,0,0,0,0,1,0,3,0,0,0,0,0,0,0,0,0,0,0,0,0,0,0,0,0,0,1,0,0,0,0,0,0,0,0,0,0,0,0,0,0,0,0,0,0,0,0,0,0,0,0,0,0,0,0,0,0,0,0
3068576400083100033,30,0,0,0,0,0,0,0,0,1,0,0,2,0,0,0,3,0,0,0,1,1,4,0,0,2,0,16,0,0,1,1,0,0,0,0,0,1,0,2,1,2,0,0,0,5,0,3,0,1,0,3,0,0,1,0,0,0,2,11,1,0,0,0,0,0,0,0,0,0,0,1,0,0,0,0,1,0,0,0,0,3,0,4,0,2,0,0,0,0,7,5,0,1,1,0,0,0,0,0,13,1,0,0,0,0,0,0,0,0,0,0,0,0,1,0,0,2,2,0,0,0,1,0,0,0,0,2,1,0,0,0,0,0,0,0,0,0,0,0,0,0,0,0,0,0,0,0,0,0,0,0,0,0,0,0,0,0,0,0,0,0,0,0,0,0,0,0,0,0,0,0,0,0,0,0,0,0,0,0
3068576400083100036,74,0,0,0,3,0,0,0,0,6,32,0,23,0,0,0,0,0,0,0,0,1,0,0,0,0,0,2,0,0,1,1,1,0,0,0,1,5,0,0,0,17,0,0,0,0,3,3,3,6,0,1,0,0,1,0,1,0,9,0,2,0,0,0,0,0,0,0,0,1,1,0,0,0,0,1,2,0,0,0,1,3,3,0,0,1,0,0,4,0,7,7,0,1,1,1,0,0,0,1,3,14,2,0,0,0,0,1,3,0,0,0,0,0,6,0,0,0,20,0,1,3,0,0,1,1,1,0,2,0,0,0,0,0,0,0,0,0,0,0,0,0,0,0,0,0,0,0,0,1,1,0,0,1,0,0,0,0,0,0,0,1,0,0,0,0,0,0,0,0,1,0,0,2,0,0,0,0,0,0
3068576400083100038,129,0,0,0,5,0,0,0,0,3,47,0,74,0,0,0,0,1,0,1,0,0,3,1,0,0,0,3,0,1,1,3,0,0,8,0,1,12,0,0,2,32,0,0,1,1,12,4,5,8,0,1,0,0,1,0,2,0,22,4,5,0,0,0,1,0,1,0,1,2,0,0,0,0,0,0,18,0,0,0,0,14,9,0,1,2,0,1,0,0,11,14,0,0,0,2,3,1,0,0,3,14,6,0,0,0,0,4,3,0,0,0,0,0,12,0,0,0,27,0,1,3,0,3,2,0,1,1,10,0,0,3,0,0,0,0,0,0,0,1,0,0,0,0,0,0,0,0,0,0,1,0,0,0,0,0,0,0,0,0,0,0,0,0,0,0,0,1,0,0,0,1,0,0,0,0,0,0,0,0
3068576400083100039,198,7,0,10,0,0,1,0,4,2,10,1,5,0,1,8,1,2,1,5,13,0,7,1,2,1,1,28,1,1,5,0,1,10,1,0,2,1,1,0,0,0,0,2,0,2,37,23,0,2,0,4,0,0,0,0,2,0,2,31,0,0,0,0,1,0,0,0,6,1,1,0,1,0,71,0,0,0,0,5,0,1,0,0,1,4,0,7,0,6,14,8,0,2,3,3,2,2,1,0,43,1,6,1,0,2,0,1,0,0,0,1,2,1,5,0,0,5,61,0,1,2,0,1,6,2,0,2,2,3,3,5,0,0,0,0,0,0,1,0,0,0,0,0,0,1,2,0,0,0,0,0,0,1,0,0,0,0,0,0,1,0,0,1,0,0,0,0,0,0,0,0,0,1,0,1,1,0,0,0
3068576400083100041,45,0,0,0,1,11,0,0,0,0,14,0,9,0,1,0,0,0,0,0,0,1,13,0,0,0,0,1,0,0,3,0,0,0,11,0,0,1,0,0,0,61,0,0,0,2,7,0,0,33,0,1,0,0,0,0,1,0,1,2,1,0,0,0,1,0,0,0,0,1,1,0,0,2,0,0,14,0,0,0,0,3,1,2,0,0,0,0,2,0,21,6,1,0,4,0,0,0,0,8,2,6,0,0,0,0,0,0,0,1,0,2,0,0,0,0,0,0,11,0,0,0,0,1,2,0,0,0,12,0,0,2,0,0,0,0,0,0,0,0,0,0,0,0,0,0,1,0,0,0,0,0,0,0,0,0,0,0,0,0,0,0,0,0,0,0,0,0,0,0,0,0,0,0,0,0,0,0,0,0
3068576400083100042,32,0,0,0,0,0,0,0,0,0,0,0,0,0,0,0,0,0,0,0,0,0,0,0,0,2,0,1,0,0,0,0,0,0,0,0,0,0,0,0,3,0,0,0,1,0,3,4,0,2,0,0,0,0,0,4,0,0,1,6,0,0,0,0,0,0,0,0,0,2,0,0,0,0,0,0,0,0,0,0,0,0,0,8,0,1,0,0,0,0,6,3,0,2,1,2,3,0,0,0,0,0,0,0,0,0,0,0,0,0,0,1,0,0,0,0,0,0,1,0,0,0,1,0,1,0,0,0,0,0,0,0,0,0,0,0,0,0,0,0,0,0,0,0,0,0,0,0,0,0,0,0,0,0,0,0,0,0,0,0,0,0,0,0,0,0,0,0,0,0,0,0,0,0,0,0,0,0,0,0
3068576400083100046,62,1,0,0,1,5,1,0,0,1,17,1,24,0,1,0,0,3,1,1,0,1,3,1,0,0,0,0,0,0,0,0,0,0,8,0,2,4,0,0,1,23,0,1,0,0,6,0,2,9,0,1,0,0,0,0,0,0,9,1,0,0,0,0,2,1,0,0,0,5,0,1,0,0,0,0,11,0,0,0,0,4,5,0,0,3,0,0,4,0,8,11,0,0,1,0,0,0,0,2,3,9,0,0,0,1,0,1,0,0,0,0,0,1,8,0,0,0,12,0,0,0,0,0,1,0,0,0,5,0,0,0,0,0,1,0,0,0,0,1,0,0,0,0,0,0,1,0,0,0,0,0,0,0,0,0,0,0,0,0,0,0,0,0,0,0,0,0,0,0,0,0,0,0,0,0,0,0,0,0
3068576400083100048,44,0,0,0,0,1,0,0,0,0,0,0,1,0,0,0,2,0,0,0,0,0,1,0,0,4,0,1,0,0,0,1,0,0,1,0,0,0,0,0,2,0,0,0,0,1,4,0,0,0,0,1,0,0,0,0,0,0,7,8,0,0,0,0,2,1,0,0,1,0,0,0,0,0,0,0,1,0,0,0,0,0,0,13,0,0,0,0,0,0,7,3,0,0,3,0,2,1,0,1,0,0,1,0,0,0,0,0,0,0,0,0,0,0,0,0,0,1,4,0,0,0,0,0,1,0,0,0,0,0,0,0,0,0,1,0,0,0,0,0,0,0,0,0,0,0,0,0,0,0,0,0,0,0,0,0,0,0,0,0,0,0,0,0,1,0,0,0,0,0,0,0,0,0,0,0,0,0,0,0
3068576400083100052,75,0,0,1,0,2,0,0,0,0,0,1,0,0,0,0,2,0,0,1,0,3,1,1,0,3,0,5,0,0,0,0,0,0,3,0,0,1,0,5,4,0,0,1,2,2,2,0,0,0,0,1,0,1,0,0,0,0,6,25,0,0,0,0,4,0,0,0,0,0,0,0,0,0,7,1,0,0,0,1,0,0,0,24,0,9,0,0,0,0,13,6,0,1,7,3,14,0,0,2,3,0,0,0,0,0,0,0,0,0,0,1,0,0,0,0,0,3,5,0,0,0,0,0,1,0,10,1,1,0,0,0,0,0,1,0,0,0,0,1,0,0,0,0,0,0,0,0,0,0,0,0,0,0,0,0,0,0,0,1,0,0,0,0,0,0,0,0,0,0,0,0,0,0,0,0,0,0,0,0
3068576400083100053,103,0,0,1,0,0,0,1,0,0,0,0,1,0,0,2,0,0,0,0,0,2,2,0,0,2,0,1,0,0,1,0,0,0,2,0,0,0,0,8,4,3,0,1,0,3,4,0,0,1,0,0,0,0,0,0,0,0,9,30,0,0,0,0,4,0,0,0,1,1,0,0,0,0,2,0,0,0,0,0,0,0,0,27,0,4,1,0,0,0,13,10,0,0,3,4,12,1,0,0,1,0,1,0,0,0,0,0,0,0,2,3,0,0,2,0,0,1,3,0,2,0,0,1,2,2,4,0,1,0,0,0,0,0,0,0,0,0,0,0,0,0,0,1,0,0,0,1,0,1,0,0,0,0,0,0,0,0,0,0,0,0,0,1,0,0,0,0,0,0,0,0,1,0,0,0,0,0,0,0
3068576400083100057,35,0,0,0,0,4,2,0,0,6,0,0,0,0,0,0,1,0,0,5,0,3,0,1,0,0,0,10,0,0,1,0,0,0,0,0,1,1,0,4,0,0,0,0,0,2,5,0,0,0,0,0,0,0,0,1,2,0,0,12,0,0,0,0,2,0,0,0,0,0,0,1,0,0,1,0,0,0,0,0,0,0,0,0,0,3,0,0,2,0,3,8,0,1,5,0,0,0,0,1,9,0,0,0,0,0,0,2,0,0,0,0,0,0,0,0,0,4,3,0,0,0,0,0,1,0,0,0,0,1,0,0,0,0,0,0,0,0,0,0,0,0,0,0,0,0,0,0,0,0,0,0,0,0,0,0,0,0,0,0,0,0,0,0,0,0,0,0,0,0,0,0,0,0,0,0,0,0,0,0
3068576400083100058,72,1,0,3,2,0,0,1,1,0,32,0,29,0,1,0,0,0,0,0,0,0,4,0,0,1,0,1,1,1,2,0,0,0,0,0,0,3,0,0,0,19,0,0,0,0,4,1,8,4,0,4,0,0,1,1,0,0,12,2,1,0,0,0,0,0,0,0,0,0,0,1,0,0,1,0,8,0,0,0,0,7,2,1,1,6,0,0,4,0,9,11,0,1,3,0,0,0,0,0,2,27,1,0,0,0,0,1,0,0,0,0,0,0,7,0,0,2,30,0,0,0,1,0,0,0,0,0,5,0,0,0,0,0,0,0,0,0,0,1,0,0,1,0,0,1,0,0,0,0,0,0,0,0,0,0,0,0,0,0,0,1,0,0,0,0,0,1,0,0,0,0,0,0,0,0,0,0,0,0
3068576400083100059,79,1,0,0,0,2,0,0,3,0,0,0,1,0,0,19,0,0,0,1,23,0,0,0,5,1,0,17,0,1,1,4,0,0,0,0,0,1,0,0,6,1,0,1,0,1,10,9,0,0,0,0,0,0,0,0,1,0,0,1,1,0,0,0,0,0,0,0,6,3,1,1,0,0,17,0,2,0,0,6,0,0,0,0,1,0,0,0,1,0,2,9,0,1,3,2,2,1,0,2,39,1,0,0,0,1,1,2,0,1,3,0,1,0,1,0,0,2,47,0,1,0,0,2,5,0,1,0,1,1,1,0,0,0,0,0,0,0,0,0,0,0,0,0,0,0,0,0,0,1,0,1,0,1,0,0,0,0,0,0,0,0,0,0,0,0,1,0,0,0,0,1,0,0,0,0,0,0,0,0
3068576400083100062,168,0,1,1,1,1,5,2,3,4,41,3,67,0,6,0,1,1,0,1,1,0,9,2,1,4,0,10,2,11,1,0,1,0,5,0,1,14,0,0,4,35,0,0,2,7,21,8,7,9,1,6,0,12,0,0,3,0,21,3,1,0,1,1,17,0,0,7,0,2,3,3,0,0,4,2,18,0,1,1,0,7,4,0,22,3,0,7,7,2,39,18,1,3,1,1,2,2,0,1,6,24,20,0,0,1,0,1,1,0,0,0,34,1,8,0,0,3,43,0,0,3,2,14,8,0,0,0,5,2,16,0,0,0,0,0,0,0,0,1,0,0,0,0,0,0,1,0,0,1,0,0,0,0,0,0,0,2,0,0,0,0,0,0,0,0,0,1,0,0,0,0,0,1,0,0,0,0,0,0
3068576400083100063,109,1,0,0,6,0,0,0,0,2,47,1,55,0,0,0,0,1,1,0,0,0,5,1,0,0,0,6,1,2,6,3,1,0,4,0,1,4,1,0,1,32,0,0,0,1,14,2,9,9,0,1,1,1,1,0,3,0,14,4,0,0,0,0,2,0,1,0,0,0,1,1,0,0,1,0,12,0,1,0,0,10,6,0,0,4,0,0,4,0,3,19,0,0,4,0,0,0,0,1,1,40,2,0,2,0,0,3,2,0,0,0,1,0,9,0,0,2,44,0,1,1,0,2,0,1,0,1,4,0,0,3,0,0,0,0,0,0,0,0,1,0,0,1,0,0,1,0,0,1,0,1,0,0,1,0,0,0,0,0,0,0,0,0,0,0,0,0,0,0,0,0,0,0,0,0,0,0,0,0
3068576400083100067,38,0,0,0,0,0,0,0,0,2,0,0,0,0,0,0,2,0,0,0,0,1,0,0,0,2,0,0,0,1,1,0,0,0,1,0,0,0,0,2,2,1,0,0,0,3,2,0,0,0,0,1,0,0,0,0,1,0,5,16,0,0,0,0,2,0,0,0,0,0,0,0,0,0,0,0,0,0,0,0,0,0,0,17,0,1,0,0,0,0,9,9,0,0,1,1,6,0,0,1,0,1,0,1,0,0,0,0,0,0,0,0,2,0,0,0,0,0,1,0,1,0,0,2,0,2,3,0,1,0,0,0,0,0,0,0,0,0,0,0,0,0,0,0,0,0,0,0,0,0,0,0,0,0,0,0,0,0,0,0,0,0,0,0,0,0,0,0,0,0,0,0,0,0,0,0,0,0,0,0
3068576400083100068,121,0,0,1,0,0,0,0,0,2,4,1,8,0,0,0,4,0,0,0,0,3,7,0,0,6,0,3,0,0,8,0,0,0,2,0,1,2,1,10,3,1,0,0,0,5,5,3,1,7,0,1,0,1,0,0,1,0,11,31,1,0,0,0,1,0,0,0,0,2,0,0,0,0,1,0,9,0,0,0,0,2,4,14,0,2,0,0,1,0,14,12,0,2,5,1,13,0,0,1,3,3,1,1,0,0,0,0,2,0,2,0,0,0,2,0,0,3,6,0,1,0,0,1,0,0,4,0,4,0,0,0,0,0,0,0,0,0,0,0,0,0,0,0,0,0,0,0,0,0,0,0,0,0,0,1,0,0,0,0,0,0,0,0,0,0,0,0,0,0,0,0,0,0,0,1,0,0,0,0
3068576400083100069,169,0,0,10,0,0,0,0,4,1,25,0,4,0,2,0,0,2,0,1,0,0,1,5,0,4,0,10,0,5,3,0,2,4,0,0,0,3,0,0,1,0,0,0,0,6,20,0,0,1,0,0,1,4,0,3,0,0,2,2,1,0,0,0,9,0,0,4,0,0,0,0,0,0,79,1,3,1,0,0,0,2,0,1,23,1,0,11,0,7,26,1,0,0,2,0,1,1,1,0,13,0,14,0,0,0,0,0,0,1,0,0,18,0,3,0,0,5,10,0,0,0,0,14,2,0,0,2,2,4,8,0,0,0,0,0,0,0,0,0,0,0,0,1,0,0,0,0,0,0,0,0,0,0,0,1,0,0,0,0,0,0,0,0,0,0,0,0,0,0,0,0,0,0,0,0,0,0,0,0
3068576400083100070,12,0,0,0,0,0,0,0,0,0,0,1,1,0,0,1,0,0,0,5,7,0,0,4,0,0,0,47,0,0,0,0,1,0,0,1,0,0,0,0,1,2,0,0,0,1,4,0,1,0,0,0,0,0,0,0,0,0,0,1,0,0,0,0,0,0,0,0,1,0,0,0,0,0,0,0,0,0,0,0,0,0,0,0,0,0,0,0,0,0,6,2,0,0,0,1,0,0,0,0,49,0,0,0,0,0,0,0,0,0,0,0,0,0,0,0,0,2,0,0,0,0,0,1,0,0,0,0,0,0,0,1,0,0,0,0,0,0,0,0,0,0,0,0,0,0,0,0,0,0,0,0,1,0,0,0,0,0,0,0,0,0,0,0,0,0,0,0,0,0,0,1,0,0,0,0,0,0,0,0
3068576400083100073,26,0,0,0,0,0,1,0,0,2,0,0,0,0,0,2,0,0,1,12,0,0,0,0,0,0,0,95,0,0,0,0,0,0,1,1,0,1,0,0,0,0,0,0,1,0,1,0,0,0,0,0,1,0,0,0,1,0,0,3,0,0,0,0,0,0,0,0,0,0,0,0,0,0,0,0,0,0,0,0,0,0,0,0,0,2,0,1,0,0,3,1,0,0,2,0,0,0,0,0,68,0,0,0,1,0,1,0,0,0,0,0,0,0,0,1,0,3,0,0,0,1,0,0,1,0,0,1,1,0,0,0,0,0,0,0,0,0,0,0,1,0,0,0,0,0,0,0,0,0,0,0,0,0,0,0,0,0,0,0,0,0,0,0,0,0,0,0,0,0,0,0,0,0,0,0,0,0,0,0
3068576400083100075,75,0,0,3,1,0,0,0,0,3,15,0,44,0,0,0,0,1,2,1,1,1,1,1,0,0,0,3,0,0,3,0,0,0,5,0,0,4,0,1,1,15,0,0,1,0,4,2,10,1,0,2,0,0,0,0,2,0,16,0,1,0,0,0,1,0,0,0,0,0,1,0,0,0,2,0,8,0,0,0,0,4,1,0,0,4,0,0,2,1,5,10,0,0,0,0,0,0,0,0,2,12,2,0,1,0,1,2,0,0,0,0,0,0,4,0,0,1,23,0,0,0,0,0,1,0,0,0,3,0,0,0,0,0,0,0,0,0,0,0,0,0,0,0,0,0,0,0,0,0,0,0,0,0,0,0,0,0,0,0,0,0,0,0,0,0,0,0,0,1,1,0,0,0,0,0,0,0,0,0
3068576400083100076,118,1,0,1,0,4,5,0,1,2,0,0,2,0,0,0,0,0,0,0,2,2,4,0,0,0,0,3,0,0,2,0,0,0,1,2,0,1,0,5,5,0,0,0,0,12,5,0,1,1,0,2,0,0,0,0,1,0,1,25,0,0,0,0,1,1,0,0,0,1,0,0,0,0,3,0,1,0,0,0,0,2,0,5,0,8,0,0,0,0,17,14,0,2,5,1,3,0,0,3,0,0,1,1,1,0,0,1,0,1,0,0,0,0,2,0,0,1,4,0,1,1,1,0,4,0,0,1,2,2,0,0,0,0,0,0,0,0,0,0,0,0,0,0,0,0,0,0,0,0,0,0,0,0,0,0,0,1,0,0,0,0,0,0,0,0,0,0,0,0,0,0,0,0,0,0,0,0,0,0
3068576400083100084,10,0,0,0,0,0,0,0,0,0,0,0,0,0,0,0,0,0,0,0,0,0,1,0,0,0,0,0,0,0,1,0,0,0,1,0,0,1,0,0,0,2,0,0,0,0,2,2,0,0,0,0,0,0,0,0,0,0,1,1,0,0,1,0,0,0,0,0,0,0,0,0,0,0,0,0,0,0,0,0,0,0,0,0,0,0,0,0,0,0,2,0,0,0,0,1,0,0,0,0,2,0,0,0,0,0,0,0,1,1,0,0,0,0,0,0,0,2,0,0,0,1,0,0,0,1,0,0,0,0,0,2,0,0,0,0,0,0,0,0,0,0,0,0,0,0,0,0,0,0,0,0,0,0,0,0,0,0,0,0,0,0,0,0,0,0,0,0,0,0,0,0,0,0,0,0,0,0,0,0
3068576400083100093,26,0,0,1,0,0,0,0,0,1,1,0,1,0,0,0,0,1,0,6,0,0,1,0,0,0,0,2,0,0,0,0,0,0,2,0,0,2,0,0,0,0,0,0,0,0,1,0,0,0,0,0,0,0,0,0,0,0,5,4,0,0,0,0,1,0,0,0,0,0,0,0,0,0,0,0,6,0,0,2,0,0,0,0,0,1,0,0,0,0,3,1,0,0,3,0,0,0,0,0,7,0,0,0,0,0,0,0,0,0,0,0,0,0,0,0,0,8,0,0,0,0,1,0,0,0,2,0,0,0,0,0,0,0,0,0,0,0,0,0,0,0,0,0,0,0,0,0,0,0,0,0,0,0,0,0,0,0,0,0,0,0,0,0,0,0,0,0,0,0,0,0,0,0,0,0,0,0,0,0
3068576400083100095,31,0,0,0,0,0,0,0,0,1,0,0,0,0,0,7,0,1,0,3,3,0,2,0,0,0,1,150,1,0,0,0,0,1,0,0,0,1,0,0,0,0,0,0,0,0,3,0,0,0,0,0,1,0,0,0,0,0,0,7,0,0,0,0,1,0,0,0,3,0,1,1,0,0,0,0,1,0,0,0,0,0,1,0,1,1,0,1,0,0,6,4,0,0,0,0,3,0,0,0,80,0,0,0,0,0,0,0,0,0,0,0,0,0,1,0,0,6,0,0,0,0,0,0,0,0,0,0,0,0,0,0,0,0,0,0,0,0,1,0,0,0,0,0,0,0,0,0,0,0,0,0,0,0,0,0,0,0,0,0,1,0,0,0,0,0,0,0,0,0,0,0,1,0,1,0,1,0,0,0
3068576400083100097,14,0,0,1,0,0,0,0,0,0,0,0,1,0,0,0,0,0,0,5,2,0,0,0,1,0,1,130,0,0,0,0,0,0,0,0,0,1,0,1,0,3,0,0,1,0,3,0,0,0,0,0,0,0,0,0,0,0,0,0,0,0,0,0,0,0,1,0,1,0,0,0,0,1,1,0,0,0,0,0,0,0,0,0,0,0,0,0,0,0,2,0,0,1,0,1,0,0,0,0,74,0,0,0,0,0,0,0,0,0,0,0,0,0,1,0,1,4,2,0,1,0,0,0,0,0,2,0,0,0,0,0,0,0,0,0,0,0,0,0,0,0,0,0,0,0,0,0,0,0,0,0,0,0,0,0,0,0,0,0,3,0,0,1,1,0,0,0,0,0,0,0,0,0,0,0,0,0,0,0
3068576400083200028,82,1,0,0,1,0,1,0,0,5,0,0,3,0,0,0,1,0,0,0,0,1,2,0,0,4,0,7,0,0,0,3,0,0,11,0,0,0,0,4,7,2,0,2,3,0,12,2,0,0,0,0,0,0,0,5,2,0,14,27,0,0,0,0,6,2,0,0,0,1,2,1,0,0,1,3,2,1,0,0,0,0,0,19,0,2,1,0,1,0,13,10,0,3,7,14,32,0,2,2,2,0,2,8,0,0,0,0,0,0,0,0,1,0,0,0,0,1,4,0,2,0,0,0,17,0,0,0,0,2,0,0,0,0,0,0,0,0,0,0,0,0,0,0,0,0,0,0,0,0,0,0,0,0,0,0,0,0,0,0,0,0,0,0,0,0,0,0,0,0,0,0,1,0,0,0,0,0,0,0
3068576400083200030,114,1,0,0,2,15,1,1,0,4,35,0,40,0,3,1,0,1,1,1,1,2,13,0,1,0,0,1,3,0,4,2,0,0,19,0,0,5,0,0,0,83,0,0,0,0,9,1,3,47,0,3,0,0,0,0,1,0,19,0,2,0,0,0,5,0,0,0,0,4,3,1,0,0,0,0,25,2,1,0,0,8,4,0,0,1,0,0,4,2,28,12,0,0,3,4,2,0,0,2,4,7,3,0,0,0,0,0,5,0,0,1,0,0,9,0,0,3,22,0,1,1,0,2,3,0,1,0,16,0,0,0,0,0,0,0,1,0,0,1,0,0,0,0,0,0,0,0,0,0,1,0,0,0,0,1,0,0,1,1,0,1,0,0,0,0,0,2,0,0,0,0,0,0,0,0,0,0,1,0
3068576400083200032,106,0,0,0,0,0,1,0,0,2,1,2,3,0,0,0,0,1,0,3,0,0,19,0,0,13,0,4,1,0,5,1,0,0,1,0,1,0,0,5,11,7,0,3,1,2,10,1,2,1,0,3,0,0,0,0,1,0,9,43,0,0,0,0,4,1,0,0,0,1,0,0,0,1,1,1,1,0,0,0,0,0,1,26,0,8,0,1,0,0,11,14,0,2,6,1,14,0,0,2,0,1,0,1,0,0,0,0,0,0,0,0,1,0,0,0,0,2,2,0,3,0,0,0,4,0,3,1,2,0,0,0,0,0,0,0,0,0,0,0,1,0,0,0,0,0,0,0,0,1,0,0,0,0,0,0,0,0,0,0,1,0,0,0,0,0,0,0,0,0,0,0,0,1,0,0,0,0,1,0
3068576400083200038,104,4,0,2,0,0,0,0,1,4,28,1,20,0,0,1,0,1,0,0,2,0,9,0,0,0,0,6,1,0,1,1,1,1,9,0,0,15,1,0,0,4,1,0,3,1,4,7,10,3,0,4,0,0,1,0,2,0,16,4,7,0,0,0,3,0,0,0,0,1,2,0,0,0,4,0,14,0,0,1,0,2,8,0,0,1,0,1,9,2,18,18,0,1,3,15,2,0,0,0,9,20,2,0,0,0,0,8,5,0,0,0,1,0,7,1,0,3,60,0,1,1,0,2,2,1,1,0,4,0,0,2,0,0,0,0,0,0,0,1,0,0,0,0,0,0,1,0,0,0,0,0,0,0,0,0,0,0,0,0,0,0,0,0,0,0,0,0,0,0,0,0,0,1,0,0,0,0,0,0
3068576400083200047,26,0,0,1,0,0,0,0,0,0,0,0,1,0,0,0,0,0,0,0,1,0,1,0,0,3,0,2,0,0,3,0,0,0,1,0,0,1,0,2,1,2,0,0,0,2,2,0,0,1,0,1,1,0,0,0,0,0,5,11,0,0,0,0,2,0,0,0,0,0,0,0,0,0,1,0,0,0,0,0,0,0,0,6,0,1,0,0,0,1,2,1,0,0,0,4,4,0,0,1,0,0,0,0,0,0,0,0,0,0,0,0,0,0,0,0,0,1,1,0,0,0,0,0,0,0,0,0,0,0,0,0,0,0,0,0,0,0,0,0,0,0,0,0,0,0,0,0,0,0,0,0,0,1,0,0,0,0,0,0,0,0,0,0,0,0,0,0,1,0,0,0,0,1,0,0,0,0,0,0
3068576400083200049,80,0,0,2,2,1,4,0,0,1,0,0,1,0,0,6,0,0,1,7,5,1,2,1,1,1,0,123,0,0,6,0,0,0,0,1,0,1,0,2,2,1,0,0,0,6,10,2,0,2,1,1,0,0,0,0,1,0,9,22,1,0,0,0,0,0,3,0,5,0,0,1,0,0,0,0,3,0,0,0,0,0,2,4,0,2,0,1,0,0,17,7,1,0,11,1,3,0,0,0,75,1,0,0,0,1,0,0,1,0,1,0,0,0,0,2,1,12,3,0,1,0,1,3,1,0,2,2,1,0,0,0,0,0,0,0,0,0,1,0,0,0,0,0,0,0,0,0,0,2,0,0,0,0,1,0,1,0,0,0,5,0,0,0,0,0,1,0,0,0,0,0,0,0,0,0,0,0,0,1
3068576400083200052,194,0,0,1,5,1,0,0,1,7,67,0,112,0,0,0,0,2,0,1,0,0,8,1,0,0,0,5,2,2,5,0,0,1,9,0,1,7,1,0,1,35,0,0,0,4,25,9,18,4,0,2,0,0,2,0,0,0,36,1,2,0,0,0,1,1,0,0,0,1,1,1,0,0,2,0,11,0,0,0,0,15,8,1,0,4,0,0,2,1,8,21,0,0,3,1,0,2,1,1,4,45,5,0,0,1,1,3,2,0,0,1,3,0,21,0,0,0,74,0,1,4,0,3,0,0,0,0,11,0,1,3,0,0,1,0,0,0,0,1,0,1,0,0,0,0,3,0,0,0,0,0,0,0,0,0,0,1,0,0,0,1,0,0,0,0,0,0,0,0,0,0,0,1,0,0,0,0,0,0
3068576400083200055,61,0,0,0,0,0,1,0,0,1,9,0,25,0,3,0,0,1,0,0,0,0,3,1,0,0,0,0,0,0,1,0,0,0,5,0,0,1,0,0,4,21,0,0,0,2,7,2,2,14,0,0,1,0,2,1,1,0,3,1,2,0,0,0,0,0,0,0,0,1,0,0,0,0,2,1,7,0,0,0,0,1,2,0,0,2,0,0,1,0,9,3,0,0,1,0,1,1,0,2,4,9,1,0,0,0,0,0,2,0,0,0,0,1,4,0,0,1,10,0,0,1,0,0,0,0,1,0,4,0,0,3,0,0,0,0,0,0,1,1,0,0,0,0,0,0,0,0,0,0,0,0,0,0,0,1,0,0,0,0,0,0,0,0,0,0,0,0,0,0,0,0,0,0,0,0,0,0,0,0
3068576400083200060,40,0,0,0,0,0,1,0,0,0,1,0,0,0,0,1,0,0,0,1,1,0,0,0,0,3,0,2,0,0,1,0,0,0,3,0,0,0,0,3,3,0,0,1,0,5,1,0,1,1,0,2,0,0,0,1,0,1,4,12,0,0,0,0,1,0,0,0,0,1,0,0,0,0,1,0,0,0,0,0,1,0,0,11,0,3,0,0,0,0,5,4,0,0,1,2,11,0,1,1,2,0,0,1,0,0,0,0,0,0,0,0,0,0,1,0,0,0,0,0,1,0,0,0,1,1,5,1,0,0,0,0,0,0,0,0,0,0,0,0,0,0,0,0,0,0,0,0,0,0,0,0,0,0,0,0,0,0,0,0,0,0,0,0,0,0,0,0,0,0,0,0,0,0,0,0,0,0,0,0
3068576400083200066,111,0,0,0,0,3,2,0,0,3,0,0,0,0,0,3,0,0,0,2,3,6,3,0,1,7,0,57,0,0,3,1,0,0,3,1,0,1,0,7,5,2,0,0,0,13,7,0,0,1,0,2,0,1,0,0,1,0,3,34,0,0,0,0,7,1,0,0,3,1,0,0,0,1,0,0,0,0,0,0,0,0,0,13,0,8,0,0,0,1,11,15,0,2,7,3,21,0,0,0,62,0,0,1,0,0,0,0,0,0,1,0,0,0,1,0,0,1,4,0,1,0,1,1,1,0,4,0,0,2,0,0,0,0,0,0,0,0,0,0,1,0,0,0,0,0,0,0,0,3,0,0,0,0,0,0,1,1,0,1,2,0,0,0,0,0,0,0,0,0,0,0,0,0,0,0,0,0,0,0
3068576400083200067,82,0,0,0,0,0,0,0,0,1,51,0,34,0,1,0,0,0,0,3,1,0,7,0,1,0,0,1,0,2,1,0,0,0,2,0,0,5,0,1,2,11,0,1,0,1,14,3,3,5,0,3,1,0,1,0,1,1,10,3,0,1,0,0,0,0,0,0,0,1,0,1,0,0,1,1,6,0,0,0,0,5,5,0,0,3,0,0,4,0,2,6,0,0,2,0,1,1,0,1,2,17,0,0,0,0,0,3,0,0,0,0,1,0,5,0,0,0,31,0,1,1,0,3,1,0,0,0,0,0,0,0,0,0,0,0,0,0,0,0,0,0,1,0,0,0,0,0,0,0,0,0,0,0,0,1,0,0,1,0,0,0,0,0,0,0,0,0,0,0,0,0,0,0,0,0,0,0,0,0
3068576400083200071,66,0,0,2,0,0,2,2,0,3,0,1,2,0,0,2,2,0,0,0,0,3,0,1,0,4,0,0,0,0,1,4,0,0,2,0,0,0,0,7,3,2,0,0,0,7,5,0,0,0,0,3,0,0,0,0,0,0,6,37,1,0,0,0,2,0,0,0,0,1,0,0,0,0,1,0,1,0,0,0,0,0,0,17,0,17,0,1,0,0,15,11,0,0,3,1,32,0,0,1,3,0,2,0,0,0,0,1,0,0,0,0,1,0,1,0,0,2,5,1,1,0,0,0,0,0,7,0,0,0,0,0,0,0,0,0,0,0,0,0,1,0,0,1,0,0,0,0,0,0,1,0,0,0,1,0,0,0,0,0,0,0,0,0,0,0,1,0,0,0,0,0,1,0,0,0,0,0,1,0
3068576400083200073,75,0,0,0,5,0,0,0,0,4,29,0,54,0,0,2,0,1,2,1,1,0,5,2,0,0,0,3,0,0,1,0,0,0,4,1,0,5,0,0,1,31,0,1,0,1,9,3,5,5,0,4,0,0,2,0,1,0,6,0,1,0,0,0,0,0,0,0,0,0,0,0,0,0,2,3,11,0,0,0,0,14,12,0,1,1,0,1,1,0,3,5,0,0,1,2,1,1,0,1,4,19,1,0,0,0,0,1,1,0,0,0,1,1,1,0,0,2,14,0,0,0,0,1,0,0,0,0,7,0,0,0,0,0,0,0,0,0,0,2,0,0,0,0,0,0,1,0,0,0,0,0,0,0,0,0,0,2,0,0,0,0,0,0,0,0,0,0,0,0,0,1,0,0,0,0,0,0,0,0
3068576400083200077,103,0,0,1,0,0,0,0,0,2,17,4,38,0,0,1,0,0,0,5,1,0,1,0,0,0,0,2,0,0,3,0,0,0,4,0,1,8,0,0,1,22,0,0,1,1,14,7,6,5,0,2,1,0,0,1,3,0,7,1,3,0,0,0,1,0,0,0,0,1,0,0,0,0,1,1,6,0,2,1,0,2,3,2,1,2,0,0,1,0,8,8,0,0,3,1,1,0,0,1,5,24,1,0,0,0,0,1,2,0,0,0,2,0,7,0,0,3,30,0,0,3,0,2,0,0,1,0,6,0,1,0,0,0,0,0,0,0,0,1,0,0,0,0,1,0,0,0,0,0,0,0,0,0,1,0,0,0,0,0,0,0,1,0,0,0,0,1,0,0,0,0,0,0,0,0,0,0,0,0
3068576400083200079,57,0,0,2,0,2,1,0,0,4,0,0,2,0,1,0,2,0,0,1,0,6,0,0,0,2,0,1,0,0,5,1,0,0,0,0,0,0,0,9,0,1,0,0,1,4,4,0,0,0,0,0,0,0,0,0,0,0,3,22,0,0,0,0,3,0,0,0,0,1,0,0,1,0,0,0,0,0,0,0,0,0,0,6,0,8,0,0,0,0,11,6,0,0,2,0,12,2,0,0,3,0,0,2,0,0,0,1,0,1,1,0,0,0,1,1,0,0,5,0,2,0,1,1,0,0,2,0,1,0,0,1,0,0,2,0,0,0,0,0,0,0,0,0,0,0,0,0,0,1,0,0,0,0,0,0,0,0,0,0,0,0,0,0,0,0,1,0,0,0,0,0,0,1,0,0,0,0,0,0
3068576400083200080,67,0,0,2,0,1,0,1,2,2,4,0,1,0,0,7,0,0,0,28,5,1,5,1,2,1,1,103,0,3,1,1,1,1,1,0,0,4,1,0,3,0,0,0,0,0,6,6,0,1,0,1,0,2,0,0,0,1,9,19,0,0,0,0,7,0,0,3,2,1,0,1,0,0,6,0,6,0,0,3,1,0,0,0,5,1,0,3,1,1,21,7,0,0,10,0,0,2,0,0,74,0,1,0,0,0,0,0,0,0,0,1,5,0,0,0,0,25,9,0,0,0,0,6,2,0,9,0,0,1,0,0,1,0,0,0,0,0,0,0,2,0,0,0,0,0,0,0,0,1,0,0,0,0,0,0,0,0,0,0,4,0,0,0,0,0,0,0,0,0,0,0,0,0,0,0,0,0,1,0
3068576400083200081,60,0,1,0,0,1,1,0,0,2,0,0,1,0,0,2,0,2,0,2,1,2,1,1,0,4,0,53,0,0,2,3,1,0,2,0,0,2,0,4,0,1,0,0,0,2,2,0,0,0,0,0,0,0,0,1,1,0,1,11,0,0,0,0,3,0,0,1,5,1,2,0,0,0,0,0,3,0,0,0,0,0,0,3,0,2,0,0,0,1,13,7,0,1,3,1,2,0,0,2,50,0,0,0,0,0,0,1,0,0,0,0,0,1,0,0,0,2,1,0,0,0,0,0,0,0,0,0,0,1,0,0,0,0,0,0,0,0,1,0,0,0,0,0,2,0,0,0,0,0,0,0,0,0,0,0,0,0,0,0,0,0,0,0,0,0,0,0,0,0,0,1,0,0,0,0,0,0,0,0
3068576400083200082,66,0,0,0,0,2,0,0,0,1,5,0,6,0,1,2,0,0,0,10,4,0,3,2,1,0,0,72,0,0,1,0,0,0,6,1,0,6,1,2,2,6,0,0,4,2,13,4,1,1,0,1,0,0,0,0,1,0,7,8,0,0,0,0,1,0,0,0,1,1,0,0,0,0,0,0,12,0,0,2,0,1,1,0,0,1,0,0,0,0,24,9,0,0,6,1,0,1,0,0,57,1,0,0,1,0,0,0,3,0,2,0,0,0,1,0,0,11,4,0,0,1,0,1,2,0,2,1,0,0,0,0,0,0,0,0,0,0,0,0,1,0,0,0,0,0,0,0,0,0,0,0,0,0,0,0,0,0,0,0,2,0,0,1,0,0,0,0,0,0,0,0,0,0,0,0,1,0,0,0
3068576400083200085,49,1,0,0,0,1,0,0,0,2,12,1,42,0,0,0,0,0,1,1,0,0,0,0,1,0,0,1,0,0,0,1,0,0,2,0,0,7,0,0,1,18,0,0,1,2,5,7,9,2,0,3,0,0,0,0,2,0,3,1,2,0,0,0,2,0,0,0,0,0,0,0,0,0,0,1,9,0,0,0,0,1,3,0,0,3,0,1,3,0,11,7,0,0,2,0,1,0,0,0,2,21,5,0,0,0,0,0,1,0,0,0,1,0,3,0,0,3,20,0,0,2,1,0,1,0,1,0,4,0,0,0,0,0,0,0,0,0,0,0,0,0,0,0,0,0,0,1,0,0,0,1,0,0,0,0,0,0,0,0,0,0,0,0,0,0,0,0,0,0,0,0,0,0,0,0,0,0,1,0
3068576400083200086,64,0,0,2,2,0,1,0,0,7,12,0,30,0,1,2,0,1,0,0,0,0,3,0,0,0,0,3,1,1,3,2,0,0,5,0,0,8,0,0,1,17,0,0,0,1,9,4,5,0,0,5,0,1,0,0,2,0,15,1,1,0,0,0,0,0,0,0,0,0,0,0,0,0,0,0,5,0,0,1,0,1,3,1,0,5,0,1,0,0,10,11,0,0,0,0,0,0,0,0,3,12,1,0,0,0,0,1,1,0,0,0,0,0,4,0,0,2,17,0,0,5,0,0,2,1,0,0,0,0,0,1,0,0,0,0,0,0,0,0,0,0,0,0,0,0,0,0,0,0,0,0,1,0,1,0,0,1,0,0,0,0,1,0,0,0,0,0,0,0,0,0,0,0,0,0,0,0,0,0
3068576400083200088,100,1,0,4,1,1,0,0,2,0,6,0,15,0,0,11,0,0,1,24,13,1,1,0,2,2,3,258,1,0,0,1,4,0,3,0,0,9,2,0,2,2,1,0,0,3,19,1,2,1,0,2,0,1,0,0,1,0,5,24,0,0,1,0,1,0,1,0,1,0,1,5,0,0,1,2,7,0,0,2,0,1,2,0,1,4,0,0,2,0,28,8,0,0,9,2,1,0,0,0,174,7,1,0,1,0,0,1,1,1,0,0,0,0,1,1,1,30,12,0,0,0,0,0,2,1,5,1,1,1,0,0,0,0,1,0,0,0,1,0,1,0,0,0,0,0,1,2,0,3,1,0,0,0,0,1,0,0,0,0,5,0,0,0,0,0,1,0,1,0,0,1,2,0,2,0,0,1,0,0
3068576400083200090,59,0,0,5,0,1,0,0,0,1,0,0,1,0,1,6,0,2,0,25,13,0,1,1,2,4,2,330,2,0,0,0,2,0,1,1,0,2,1,0,1,2,0,0,0,1,3,0,0,1,0,0,1,1,0,0,0,0,0,6,1,0,0,0,1,0,0,0,3,1,0,3,0,0,0,0,0,0,0,1,0,0,1,0,0,0,0,1,0,0,11,4,0,0,1,2,0,0,0,0,219,0,1,0,0,0,0,0,0,1,0,0,0,0,0,1,0,14,2,0,0,0,0,0,0,0,0,0,1,0,0,0,0,0,0,0,0,0,1,0,0,0,0,0,2,0,0,0,0,1,0,0,0,0,0,1,0,0,0,0,8,0,0,0,0,0,0,0,0,0,0,1,0,0,2,0,0,0,1,0
3068576400083200091,57,0,0,2,1,2,1,0,1,3,1,0,0,0,0,12,0,0,2,11,4,0,0,1,3,0,0,218,0,0,1,2,1,0,0,0,0,3,1,1,1,2,0,0,0,1,12,0,1,0,0,0,0,0,0,0,0,0,3,6,1,0,0,0,0,0,1,0,1,1,0,1,0,0,3,0,1,0,1,1,1,0,0,0,0,0,0,2,0,0,23,4,0,2,6,4,0,0,0,1,164,0,1,0,0,0,0,1,0,1,0,0,0,1,1,0,1,5,4,0,0,0,1,1,0,0,0,0,1,4,0,0,0,0,0,0,0,0,2,0,0,0,0,0,0,0,0,0,0,2,0,0,1,0,0,0,0,0,0,0,3,0,0,1,0,0,0,0,0,0,0,0,0,0,0,1,0,0,0,0
3068576400083200092,46,0,0,1,0,0,0,0,0,3,2,0,8,0,0,2,0,1,0,11,4,0,3,0,0,1,0,78,0,0,0,1,0,0,1,0,0,8,1,0,0,1,0,0,0,0,8,7,3,1,0,0,0,0,0,0,0,0,9,11,0,0,0,0,5,0,0,0,1,0,0,0,0,0,1,0,2,0,0,4,0,0,1,0,0,4,0,0,1,0,7,3,0,0,7,0,0,0,0,1,55,1,1,0,1,0,0,1,1,1,0,0,1,0,2,1,2,13,5,0,0,0,0,0,0,0,4,0,2,1,0,0,0,0,0,0,0,0,0,0,1,0,0,0,0,0,0,0,0,0,0,0,0,0,0,0,0,0,0,0,1,0,0,0,0,0,0,0,0,0,0,0,0,0,0,0,0,0,0,0
3068576400083200093,29,0,0,0,0,0,0,0,0,0,0,0,2,0,0,8,0,0,0,15,7,0,1,0,9,0,1,106,0,0,0,0,2,0,2,0,0,4,0,1,2,2,0,0,0,0,6,0,0,0,0,0,0,0,0,0,0,0,4,5,1,0,0,0,3,0,0,0,4,0,0,3,0,0,0,0,2,0,0,4,0,0,0,0,0,0,1,0,0,0,4,1,0,0,1,1,1,0,0,0,111,0,0,0,0,0,1,0,0,1,0,0,1,0,0,0,0,5,3,0,0,2,0,0,0,1,3,0,1,1,0,0,0,0,0,0,0,0,1,0,0,0,0,0,0,0,0,0,0,1,0,0,0,0,0,0,0,0,0,0,5,1,0,0,0,0,0,0,0,0,0,0,0,0,0,0,0,0,0,0
3068576400083200095,5,0,0,0,0,0,0,0,0,0,0,0,0,0,0,1,0,0,0,0,0,0,0,0,1,0,0,22,0,0,0,0,0,0,0,0,0,0,0,0,0,0,0,0,0,0,2,0,0,0,0,0,0,0,0,0,0,0,0,0,0,0,0,0,0,0,0,0,0,0,0,0,0,0,0,0,0,0,0,0,0,0,0,0,0,1,0,0,0,0,1,0,0,0,0,0,0,0,0,0,27,0,0,0,0,0,0,0,0,0,0,0,0,0,0,0,0,1,0,0,0,0,0,0,0,0,0,0,0,0,0,0,0,0,0,0,0,0,0,1,0,0,0,0,0,0,0,0,0,0,0,0,0,0,0,0,0,0,0,0,2,0,0,0,0,0,0,0,0,0,0,0,0,0,0,0,0,0,0,0
3068576400083200096,6,0,0,1,0,0,0,0,0,0,0,0,0,0,0,2,0,0,0,4,2,0,0,0,0,1,1,41,1,0,0,0,0,0,0,0,0,0,1,0,0,0,0,0,0,0,0,0,0,0,0,0,0,0,0,0,0,0,0,1,0,0,0,0,0,0,0,0,1,0,0,0,0,0,1,0,0,0,0,0,0,0,0,0,0,0,1,0,0,0,1,0,0,0,0,0,0,0,0,0,53,0,0,0,1,0,0,0,0,0,0,0,0,0,0,0,0,1,0,0,0,0,0,0,0,0,0,0,0,0,0,0,0,0,0,0,0,0,1,0,0,0,0,0,0,0,0,0,0,2,0,0,0,0,0,0,0,1,0,0,1,0,0,0,0,0,0,0,0,0,0,0,0,0,0,0,0,0,0,0
3068576400083200097,12,0,0,1,0,0,0,0,0,0,0,0,0,0,1,0,0,0,0,1,0,0,0,0,0,0,0,52,0,0,0,0,0,0,0,0,0,0,0,0,0,0,0,0,0,0,1,0,0,0,0,0,0,0,0,0,0,0,0,1,0,0,0,0,0,0,0,0,0,0,0,0,0,0,2,0,0,0,0,1,0,0,0,0,0,1,0,1,0,0,2,0,0,0,1,1,0,0,0,0,45,0,0,0,0,0,0,0,0,0,0,0,0,0,0,0,0,4,0,0,0,0,0,0,0,0,0,0,0,0,0,0,0,0,0,0,0,0,0,0,0,0,0,0,0,0,0,0,0,1,0,0,0,0,0,0,0,0,0,0,1,1,0,0,0,0,0,0,0,0,0,0,0,0,2,0,0,0,0,0
3068576400084100011,50,7,0,1,0,1,0,0,1,0,0,1,0,0,0,20,0,2,0,19,23,0,0,3,10,0,0,31,0,0,0,0,1,0,1,0,0,0,1,2,5,0,0,0,0,6,18,13,0,0,0,0,1,0,0,1,2,0,3,3,0,0,0,0,0,0,0,0,11,1,0,0,0,0,0,0,0,0,0,3,0,0,2,0,0,0,0,0,1,0,2,0,0,0,2,0,1,0,0,0,25,0,0,0,0,0,0,0,0,0,0,0,0,0,0,0,0,22,49,0,0,0,0,0,1,7,0,0,1,0,0,0,0,0,1,0,0,0,0,0,0,0,0,0,0,0,1,0,0,0,0,0,0,0,0,2,0,0,0,0,0,0,0,1,0,0,0,0,0,0,0,1,0,1,0,0,0,0,0,0
3068576400084100012,4,1,0,0,0,0,0,0,0,0,0,0,0,0,0,0,0,0,0,0,0,0,0,0,0,1,0,5,0,0,0,0,0,0,0,0,0,1,0,0,0,0,0,0,0,0,0,1,0,0,0,0,1,0,0,0,0,0,0,0,0,0,0,0,0,0,0,0,0,0,0,0,0,0,1,0,0,0,0,0,0,0,0,0,1,0,0,1,0,0,0,0,0,0,0,0,2,0,0,0,8,0,0,0,0,0,0,0,0,0,0,0,0,0,1,0,0,1,5,0,0,0,0,0,0,0,0,0,0,0,0,0,0,0,0,0,0,0,0,0,0,0,0,0,0,0,0,0,0,0,0,0,0,0,0,0,0,0,0,0,0,0,0,0,0,0,0,0,0,0,0,0,0,0,0,0,0,0,0,0
3068576400084100013,8,0,0,0,0,0,0,0,0,0,1,0,1,1,0,0,0,0,0,2,0,0,0,0,1,0,0,2,0,0,0,0,0,0,0,0,0,0,0,0,0,1,0,0,0,0,1,2,0,0,0,0,0,0,0,0,0,0,0,1,0,0,0,0,0,0,0,0,0,0,0,0,0,0,0,0,1,0,0,0,0,0,0,0,0,0,0,1,1,0,1,0,0,0,1,0,0,0,0,0,2,0,0,0,0,0,0,0,0,0,0,0,0,0,0,0,0,0,7,0,0,0,0,0,0,1,0,0,0,0,0,0,0,0,0,0,0,0,0,0,0,0,0,0,0,0,0,0,0,0,0,0,0,0,0,0,0,0,0,0,0,0,0,0,0,0,0,0,0,0,0,0,0,0,0,0,0,0,0,0
3068576400084100015,120,10,0,2,0,2,1,0,0,2,0,0,0,0,0,14,0,0,0,24,6,1,5,0,8,0,0,76,0,0,1,2,5,0,1,1,0,2,0,1,1,0,0,0,0,2,22,20,0,0,0,0,0,0,0,0,3,0,15,31,1,0,0,0,0,0,0,1,5,2,0,1,0,0,1,0,1,0,0,5,0,1,0,0,0,1,0,0,1,2,14,1,0,0,8,3,1,1,0,0,42,0,0,0,0,0,0,2,0,1,0,0,1,1,1,0,0,40,83,1,0,0,0,0,2,1,0,0,2,0,0,0,0,0,0,0,0,0,1,0,0,0,0,0,1,0,0,0,0,0,0,0,0,0,0,0,0,0,0,0,1,0,0,0,0,0,0,0,0,0,0,0,0,0,0,0,0,0,0,0
3068576400084100021,1,1,0,0,0,0,0,0,0,0,2,0,2,0,0,0,0,0,0,0,0,0,0,0,0,0,0,2,0,0,0,0,0,0,0,0,0,0,0,0,0,3,0,0,0,0,2,2,1,0,0,0,0,0,0,0,1,0,0,0,0,0,0,0,0,0,0,0,1,0,0,0,0,0,0,0,1,0,0,0,0,1,1,0,0,0,0,0,1,0,3,1,0,0,0,1,0,0,0,0,2,0,0,0,0,0,0,0,0,0,0,0,0,0,0,0,0,1,11,0,0,0,0,0,0,0,0,0,1,0,0,0,0,0,0,0,0,0,1,0,0,0,0,0,0,0,0,0,0,0,0,0,0,0,0,0,0,0,0,0,0,0,0,0,0,0,0,0,0,0,0,0,0,0,0,0,0,0,0,0
3068576400084100024,7,0,0,0,0,0,0,0,0,0,1,0,0,0,0,1,0,0,0,0,1,0,2,0,1,0,0,4,0,0,0,0,0,0,0,0,0,0,0,0,1,0,0,0,0,0,2,0,0,0,0,0,0,0,0,0,0,0,0,3,0,0,0,0,0,0,0,0,0,1,0,0,0,0,0,0,0,0,0,0,0,1,0,0,1,0,0,0,1,0,2,0,0,0,0,0,0,0,0,0,2,0,0,0,0,0,0,0,0,0,0,0,0,0,0,0,0,0,14,0,0,0,0,1,0,1,0,0,0,0,0,0,0,0,0,0,0,0,0,0,0,0,0,1,0,0,0,0,0,0,0,0,0,0,0,0,0,0,0,0,0,0,0,0,0,0,0,0,0,0,0,0,0,0,0,0,0,0,0,0
3068576400084100027,149,16,0,3,0,2,0,0,6,2,3,0,2,1,0,31,0,3,0,1,36,0,9,2,17,0,0,46,2,0,3,3,0,1,4,0,0,0,0,0,6,3,0,5,0,5,37,15,0,1,0,2,1,0,0,1,5,0,2,1,0,0,0,0,5,0,1,0,6,6,1,0,0,1,18,2,2,1,0,7,0,6,1,0,1,1,0,2,2,3,16,33,0,2,2,8,0,1,0,5,99,1,5,1,0,0,0,1,2,0,3,0,0,0,2,0,0,2,89,0,0,1,0,0,11,2,0,1,2,0,1,0,0,0,2,0,0,0,0,0,2,0,0,0,0,0,0,0,0,2,0,0,0,2,0,0,0,1,0,0,0,0,1,0,0,1,0,0,0,0,0,0,0,0,0,0,0,0,0,0
3068576400084100031,195,3,0,13,0,0,0,0,6,6,3,0,0,0,0,8,0,2,0,16,8,1,1,2,2,4,1,112,0,2,2,0,2,9,2,0,0,4,0,1,3,1,0,0,0,1,26,3,0,0,0,0,0,1,0,5,1,0,3,11,1,0,0,0,3,0,1,1,1,0,0,4,0,0,109,1,3,0,0,5,0,1,1,0,4,0,1,4,1,4,21,4,0,1,8,1,0,4,0,1,83,0,4,0,0,0,0,1,0,0,1,0,7,0,1,0,1,16,5,0,0,0,0,3,5,1,7,0,0,2,5,0,0,0,0,0,0,0,0,0,2,1,0,0,0,0,2,1,0,0,1,0,0,0,0,0,0,0,0,0,2,0,0,1,0,0,0,0,1,0,0,0,1,0,1,0,0,0,0,0
3068576400084100032,97,5,0,0,0,1,0,0,0,2,9,1,1,19,0,5,0,0,0,22,15,0,8,0,4,0,0,79,0,0,2,1,0,0,2,2,0,0,0,0,4,1,0,0,1,3,15,18,1,0,0,0,1,0,1,0,1,0,9,36,2,0,0,0,6,0,0,0,7,1,1,1,0,0,2,0,1,0,1,3,0,0,1,0,0,0,0,1,1,0,18,8,0,0,8,0,2,0,1,1,39,0,2,0,0,0,0,2,0,1,0,0,0,0,0,0,0,26,33,0,0,0,0,1,6,4,0,0,1,1,0,0,0,0,0,0,0,0,0,0,0,0,0,1,0,0,0,1,0,0,0,0,0,0,0,0,0,1,0,0,0,0,0,1,0,0,0,0,0,0,0,0,0,1,1,0,0,0,0,0
3068576400084100034,52,14,0,0,0,0,0,0,2,1,2,1,1,30,0,3,0,0,0,7,5,0,15,2,1,0,0,8,0,2,1,0,0,0,2,0,0,1,0,0,0,1,0,0,1,0,11,25,2,0,0,2,1,1,0,0,1,0,1,22,9,0,0,0,6,0,0,0,1,2,0,0,0,0,2,0,0,0,0,0,1,1,0,0,0,7,0,0,10,0,49,13,1,0,2,1,2,2,0,2,15,2,12,0,1,0,0,4,0,0,0,0,0,1,0,0,0,4,29,0,0,1,0,0,6,4,0,2,0,3,0,0,0,0,0,0,0,0,1,0,2,1,0,0,0,0,0,0,0,1,0,0,0,0,1,0,0,2,0,0,2,0,0,0,0,0,1,0,0,0,0,0,1,1,0,0,1,0,0,0
3068576400084100036,12,0,0,0,0,1,0,0,0,1,0,0,0,0,0,1,0,0,0,5,4,0,0,0,1,0,0,42,0,0,0,0,0,0,0,0,0,0,0,0,0,0,0,0,0,0,0,0,0,0,0,0,0,0,0,0,0,0,0,4,0,0,0,0,0,0,0,0,3,0,0,0,0,0,0,0,0,0,0,0,0,0,2,0,0,0,0,0,0,0,2,0,0,0,0,0,0,0,0,0,15,0,0,0,0,0,0,0,0,0,0,0,0,0,0,0,0,3,0,0,0,0,0,0,0,0,0,0,0,0,0,0,0,0,0,0,0,0,0,0,0,0,0,0,0,0,0,0,0,0,0,0,0,0,0,0,0,0,0,0,1,0,0,0,0,0,0,0,0,0,0,0,0,0,0,0,0,0,0,0
3068576400084100037,28,6,0,2,0,0,0,0,1,0,6,0,1,19,1,0,0,0,0,2,0,0,10,2,0,0,0,1,0,0,2,0,0,0,1,0,0,0,0,0,0,0,0,2,1,0,8,19,0,0,1,1,0,0,0,0,3,0,0,22,6,0,0,0,1,0,0,0,0,0,0,0,0,0,1,0,0,0,0,1,0,0,1,0,1,2,0,0,4,0,18,10,0,0,2,0,2,0,0,1,1,2,10,0,0,0,0,4,0,0,0,1,0,0,0,0,0,1,3,0,0,1,0,0,2,5,0,0,0,1,0,0,0,0,0,0,0,0,0,0,0,0,0,0,0,0,0,0,0,1,0,0,0,0,1,0,0,0,0,0,0,0,0,0,0,0,0,0,0,0,0,0,0,0,0,0,0,0,0,0
3068576400084100038,42,3,0,2,0,0,0,0,0,2,3,0,0,6,0,0,0,1,0,13,6,0,5,1,1,0,0,51,0,0,1,1,1,0,1,1,0,1,1,0,0,0,0,0,0,0,10,24,0,0,0,2,0,1,0,1,0,0,6,33,3,1,0,0,5,0,0,0,2,0,0,0,0,0,1,1,4,0,0,0,0,0,0,0,0,2,0,1,2,0,35,7,0,0,8,0,0,0,0,0,28,1,2,0,1,0,0,3,0,0,0,0,1,0,2,0,0,18,8,0,0,0,0,1,2,1,1,0,0,2,0,1,0,0,0,0,0,0,0,0,0,0,0,0,0,0,0,0,1,0,0,0,0,0,0,0,0,0,0,0,3,0,0,0,0,1,0,0,0,0,0,0,0,0,0,0,0,0,0,0
3068576400084100042,61,2,0,4,0,0,0,0,1,2,1,0,0,0,0,14,0,0,0,22,13,0,4,0,7,0,1,151,0,0,0,0,4,0,0,0,0,2,0,0,0,0,0,0,1,1,7,4,0,1,0,0,0,0,0,0,0,0,3,17,0,0,0,0,1,0,0,0,4,0,0,0,0,0,1,0,0,0,0,2,0,0,1,0,0,2,0,1,1,0,9,3,0,0,4,1,0,0,0,2,119,2,0,0,0,0,0,1,0,1,0,0,0,0,1,0,1,9,7,0,1,0,0,1,2,1,0,1,0,0,0,0,0,0,0,0,0,0,0,0,0,0,0,0,0,0,0,0,0,0,0,0,0,0,0,0,0,0,0,0,1,0,0,0,0,1,0,0,0,0,0,0,0,0,1,0,0,1,0,0
3068576400084200004,3,0,0,0,0,1,0,0,0,0,0,0,1,1,0,2,0,0,0,0,1,0,0,0,0,0,0,7,0,0,0,0,0,0,0,0,0,0,0,0,0,0,0,1,0,0,0,1,0,0,0,0,0,0,0,0,0,0,0,0,1,0,0,0,0,0,0,0,0,0,0,0,0,0,7,0,0,0,0,0,0,0,0,0,0,0,0,0,1,0,0,2,0,0,0,0,1,0,0,0,1,0,0,0,0,0,0,0,0,0,0,0,0,0,0,0,0,0,6,0,0,0,0,0,0,0,0,0,1,0,0,0,0,0,0,0,0,0,0,0,0,0,0,0,0,0,0,0,0,0,0,0,0,0,0,0,0,0,0,0,0,0,0,0,0,0,0,0,0,0,0,0,0,0,0,0,0,0,0,0
3068576400084200023,83,3,0,0,0,0,0,0,2,4,0,0,1,1,0,12,0,1,0,22,18,0,3,0,1,0,0,120,0,0,0,0,0,0,1,0,1,4,2,0,1,0,0,0,1,1,11,21,0,1,0,1,0,0,0,0,0,0,3,14,0,0,0,0,0,0,0,0,4,1,0,1,0,0,0,0,0,0,0,2,1,1,1,1,0,1,0,1,0,0,21,3,0,0,3,2,0,0,0,0,42,0,0,0,0,0,0,0,0,0,0,0,1,0,0,0,0,16,45,0,0,0,0,0,5,3,0,0,2,0,0,0,0,0,0,0,0,0,2,0,0,0,0,0,0,0,0,0,0,1,0,0,0,0,0,1,0,1,0,0,0,0,0,0,0,0,0,0,0,0,0,0,0,0,1,1,0,0,1,0
3068576400084200028,36,1,0,1,0,1,0,0,0,0,2,2,0,3,0,2,0,0,0,7,4,0,0,0,0,0,3,34,0,1,0,0,1,0,0,1,0,2,2,0,0,0,0,0,1,1,3,12,0,0,0,0,0,1,0,0,0,0,6,14,0,0,0,0,2,0,0,0,3,0,0,1,0,0,2,0,0,0,0,1,0,0,0,0,0,1,0,0,0,0,19,2,0,0,2,0,0,0,0,0,12,0,0,0,2,0,0,0,0,0,0,0,0,0,0,0,0,9,25,0,0,0,0,0,3,1,0,0,0,0,0,0,0,0,0,0,0,0,1,0,0,0,0,0,1,0,0,0,0,0,1,0,0,0,0,0,0,0,0,0,2,0,0,1,0,0,0,0,0,0,0,0,0,0,0,0,0,0,0,0
3068576400084200030,11,1,0,0,0,0,0,0,0,1,0,0,0,0,0,0,0,0,0,1,0,0,0,1,0,0,0,5,0,0,0,0,0,0,0,0,0,0,0,0,0,0,0,0,0,0,0,2,0,0,0,0,0,0,0,0,0,0,0,0,0,0,0,0,0,0,0,0,0,0,0,0,0,0,0,0,0,0,0,0,0,0,0,0,0,2,0,0,0,0,2,0,0,0,1,0,0,0,0,0,5,0,1,0,0,0,0,0,0,0,0,0,0,0,0,0,0,0,14,0,0,0,0,0,0,1,0,0,1,0,0,0,0,0,0,0,0,0,0,0,0,0,0,0,0,0,0,0,0,0,0,0,0,0,0,0,0,0,0,0,0,0,0,0,0,0,0,0,0,0,0,0,0,0,0,0,0,0,0,0
3068576400084200032,36,11,0,2,0,0,0,1,0,0,0,0,0,1,0,0,0,0,0,3,3,1,3,7,2,0,0,11,0,1,0,0,0,0,0,0,0,0,0,0,0,1,0,1,0,0,4,18,0,0,0,0,0,0,0,0,2,0,0,0,0,0,1,0,0,0,0,0,0,4,0,1,0,0,1,0,1,0,1,0,0,3,0,0,0,1,1,0,0,2,5,0,0,0,0,1,0,0,0,1,17,1,0,0,0,0,0,0,0,0,0,0,0,1,2,0,0,2,65,0,0,0,0,0,1,5,0,0,2,1,0,0,0,0,0,0,0,0,1,0,1,0,0,1,0,0,0,0,0,0,0,0,0,0,0,0,0,0,0,0,0,0,0,0,0,0,0,0,0,0,0,0,0,0,0,0,0,0,0,1
3068576400084200039,41,1,1,2,0,1,0,0,0,4,0,1,1,3,0,11,0,0,0,14,16,0,1,0,6,0,0,155,0,0,0,0,3,0,4,1,0,2,1,1,0,1,0,0,0,0,16,2,0,1,0,0,0,0,0,0,0,0,3,22,1,0,0,0,1,0,0,0,4,0,0,1,0,0,1,0,1,0,0,0,0,1,2,0,0,0,0,0,1,0,6,4,0,0,3,0,0,0,0,0,73,0,0,0,0,0,0,1,0,1,0,0,0,0,1,0,0,17,6,0,0,0,0,1,0,2,1,1,1,0,0,0,0,0,0,0,0,1,0,0,0,0,0,0,0,0,0,1,0,0,1,0,0,0,0,0,0,1,0,0,3,0,0,0,0,0,0,0,0,0,0,0,0,0,0,0,0,0,0,0
3068576400084200040,64,0,0,0,1,0,0,0,1,1,0,0,1,1,0,14,0,0,0,24,9,0,4,0,2,2,2,190,0,0,0,0,0,0,1,0,1,4,1,0,0,1,0,0,0,2,8,3,0,0,0,0,0,0,0,0,0,0,4,18,1,1,0,0,3,0,0,0,5,0,0,2,0,0,2,0,3,0,1,4,0,0,1,0,0,2,1,1,0,0,15,5,0,1,7,1,0,0,0,1,137,0,0,0,0,0,0,0,0,0,0,0,0,0,0,1,0,21,3,0,0,0,2,0,0,1,1,0,0,0,0,0,0,1,0,0,0,1,0,0,0,0,0,0,0,0,0,0,0,0,0,0,0,0,0,0,0,1,0,0,5,1,0,0,0,0,0,0,0,0,0,2,0,1,0,0,0,0,0,1
3068576400084200043,12,0,0,0,0,0,0,0,0,0,0,0,0,0,0,2,0,0,0,3,1,0,1,0,0,0,0,53,0,0,0,0,0,0,0,0,0,0,0,0,0,0,0,0,0,0,2,0,0,1,0,0,0,0,0,0,0,0,0,1,0,1,0,0,0,0,0,0,1,0,0,0,0,0,0,0,0,0,0,1,0,0,0,0,0,2,0,1,0,0,2,0,0,0,1,0,0,0,0,0,25,0,0,0,0,0,0,0,0,0,0,0,0,0,1,0,1,3,1,0,0,0,0,0,0,0,0,0,0,0,0,0,0,0,0,0,0,0,0,0,0,0,0,0,0,0,1,0,0,0,0,0,0,0,0,0,0,0,0,0,0,0,0,0,0,0,0,0,0,0,0,0,0,0,0,0,0,0,0,0
3068576400084200044,23,0,0,1,0,0,0,0,0,0,1,0,1,0,0,2,0,0,0,5,6,0,0,0,4,0,0,87,0,0,0,0,0,0,2,0,0,2,0,0,0,2,0,0,0,0,0,0,0,0,0,0,0,0,0,0,0,0,0,3,0,0,1,0,0,0,0,0,2,0,0,1,0,0,2,0,0,0,0,0,0,0,2,0,0,0,0,0,0,1,3,1,0,0,1,1,0,0,0,0,66,0,0,0,0,0,0,0,0,0,0,0,0,0,0,0,0,1,0,0,0,0,1,0,0,0,0,0,0,0,0,0,0,0,0,0,0,0,0,0,0,0,0,0,0,0,1,0,0,1,0,0,0,0,1,0,0,0,0,0,2,0,0,0,0,0,0,0,0,0,0,0,0,1,0,0,0,0,0,0
