EntityID,fov,volume,center_x,center_y,min_x,min_y,max_x,max_y,anisotropy,transcript_count,perimeter_area_ratio,solidity,cluster
3068576400005100005,,554.0237214222249,1541.133992593561,6996.210641267469,1536.2169571627985,6992.482480274868,1546.325294332869,6999.902502968902,1.234405984663674,155,0.5131368366661037,0.9969889094346432,cluster_5
3068576400005100007,,1251.7792348733788,1563.179959885705,6999.047384905388,1552.74471761006,6994.517512879949,1572.8580024936105,7003.473641115684,2.584515135432898,333,0.3946212773730754,0.9637972384409078,cluster_5
3068576400005100008,,1566.3788251821427,1587.9732055990023,7006.758033361564,1577.6836867272596,6995.507698087843,1595.9541832024202,7015.494970234943,2.260236740005228,299,0.3958439726413333,0.8090472495097917,cluster_5
3068576400005100009,,618.3545497487852,1510.9457263745865,7000.093188206041,1505.493842312172,6996.097244273561,1516.6736165861662,7003.358544513404,1.5382068117436174,148,0.5091790406946407,0.9721913177910158,cluster_5
3068576400005100011,,483.2600576159592,1601.4392298913117,6999.75465308752,1595.822266471842,6997.012826189607,1607.294556093697,7002.698051589584,2.505582896788176,68,0.606592749400998,0.9999999999999998,cluster_5
3068576400005100013,,413.2801764666094,1518.6110766412444,7001.808252380813,1514.6374633921505,6997.987822997296,1522.3965972251965,7005.391752305475,1.1948713110001374,139,0.5988565667371727,0.9705000653695216,cluster_5
3068576400005100015,,401.09853890704267,1631.41832986818,7005.976854221676,1627.3909035353263,7001.778316049022,1635.658693978558,7009.775499006172,1.6695910303386428,123,0.6326569294949387,0.990974766770604,cluster_5
3068576400005100016,,2120.7246110890906,1481.7229987975338,7011.598922708014,1469.7692681876022,7002.293296671727,1493.9544989331025,7020.48659737317,2.8235705245602407,503,0.3340337995542323,0.8508178399029211,cluster_5
3068576400005100017,,926.7962973918648,1508.8227573638574,7006.822227443643,1501.1206385445664,7003.122193973685,1516.8188480954682,7011.383661805204,1.8323125451197808,270,0.4776340849217889,0.8661635770742317,cluster_5
3068576400005100020,,208.26789256565544,1567.2992543129917,7007.395403478809,1564.3795419540902,7004.530983076263,1569.8662534857474,7010.671012916874,2.066964952406821,46,0.8851439374167304,1.0,cluster_5
3068576400005100022,,1037.5752382279884,1640.8951764084577,7012.023317315061,1634.0371541385791,7005.691019300711,1646.7678519226129,7018.669264667764,1.1269356129469532,287,0.4288059742668646,0.8910815343490409,cluster_5
3068576400005100025,,495.3270256478926,1506.0809584331944,7012.506878205232,1500.77099439553,7009.433086502907,1511.8316970678898,7016.001292780215,1.928466568349121,149,0.6018548613661155,0.9559170966256628,cluster_5
3068576400005100026,,882.0794147678296,1561.8842346387207,7014.509282643898,1553.632013451455,7011.141427910354,1569.3337836359306,7018.269229719484,2.203475350096745,209,0.4546635776868033,0.9633433341239918,cluster_5
3068576400005100028,,360.551764767737,1499.3408496957695,7016.470761890515,1496.8865211162497,7012.188781180533,1502.4819371679755,7020.518161758348,1.504493603444305,113,0.6537420688058394,0.9877546660126162,cluster_5
3068576400005100029,,683.2057614597644,1551.3824925167924,7016.839507738989,1546.1669811599938,7012.876617106299,1557.404158356842,7020.861157650077,1.4292550750240165,143,0.4666649831712181,0.9915442912734924,cluster_5
3068576400005100030,,413.0033081962046,1649.49593535782,7016.628659016567,1645.4458327364098,7012.840549932315,1653.8061045153931,7019.830668977616,1.6296008400458242,150,0.617695893760299,0.9999999999999998,cluster_5
3068576400005100031,,961.2694631730712,1577.0974961234822,7019.969031057423,1571.6071506236544,7013.295361873226,1581.5884674764077,7028.610414782504,1.9771439220650369,225,0.4451463896903139,0.941031875843489,cluster_5
3068576400005100032,,697.6152526963518,1619.7872104288024,7016.862069665715,1612.5990601498286,7013.847134489373,1626.74977421431,7020.098682151355,2.316566231820013,65,0.5086736614761973,0.9710212647866232,cluster_5
3068576400005100033,,1104.4092465613476,1511.8201733799635,7019.988950202365,1504.4200840562237,7014.296755478257,1522.411655347456,7026.361381978355,1.898314368157048,258,0.46518885231472,0.820425094629394,cluster_5
3068576400005100038,,473.9323947958879,1498.764450635272,7024.921592778367,1495.0048974917038,7020.650945307161,1502.929867450501,7028.69562486794,1.005969988244544,172,0.5715412899232496,0.9665326067215736,cluster_5
3068576400005100040,,2170.1994688575146,1456.5172397654987,7030.604417329445,1447.103185453342,7021.750968385095,1465.1079470804991,7038.977044352543,1.192463969298902,396,0.269542000744036,0.9526548350203704,cluster_5
3068576400005100041,,1060.972650524724,1554.9095505035775,7028.362583923461,1548.2363397199904,7023.093656687528,1561.9954169322089,7033.714024013109,1.357275051993997,279,0.3780751368681709,0.972653871751204,cluster_5
3068576400005100042,,1117.5048662697243,1584.422433703666,7029.529374485574,1577.187808641657,7023.293051297597,1590.677231351245,7036.2859497008185,1.1906805471249051,180,0.3855624167268053,0.9529455025891568,cluster_5
3068576400005100043,,1345.26893831061,1512.519627351894,7030.859156476763,1503.7129542830064,7026.200782808877,1522.9421575254569,7036.189108715185,2.0617796200675174,379,0.379310985404067,0.9517260018607064,cluster_5
3068576400005100044,,431.51197286119015,1487.138930961659,7030.087160752178,1482.9025964462137,7026.532961210839,1491.0680558831727,7033.381186790377,1.452712441840296,65,0.5782978101165465,0.9999999999999998,cluster_5
3068576400005100046,,980.300357343084,1498.9455838627266,7032.969294075114,1493.1731072210212,7027.454756124967,1505.4182711752255,7039.194812400289,1.256388695728416,300,0.4194764680051074,0.9483214919368792,cluster_5
3068576400005100048,,339.65311612239685,1534.757919623378,7031.128754370962,1531.6098090119528,7028.2834162583695,1537.9740833865426,7034.449168739408,1.0375844753005052,126,0.647659910388008,1.0,cluster_5
3068576400005100049,,1342.4976298530094,1440.335930192157,7036.331290485899,1431.548318113861,7029.9628268905535,1448.3373734392949,7042.764937516726,1.5238481246774276,234,0.3639137162947339,0.9266588013672888,cluster_5
3068576400005100050,,918.8740434116764,1518.7808545220746,7036.022748772491,1511.721181965667,7030.697985610215,1525.7839515044186,7040.724982593723,1.823714633437324,247,0.4414476234720532,0.9369009041820344,cluster_5
3068576400005100051,,923.39064976073,1528.8431794109306,7037.329809583695,1522.2123137755193,7031.77647688222,1534.7409546823994,7042.244563077467,1.0449980920270945,243,0.4039776221447378,0.9617773471417363,cluster_5
3068576400005100055,,1396.062286625758,1502.8154271550643,7040.92530579417,1493.3770928708493,7035.784353797267,1511.7371287616738,7046.600302469592,1.956878372026979,364,0.3704232488476894,0.9116825670254782,cluster_5
3068576400005100057,,842.9710668561145,1572.336227945629,7044.94732990346,1564.5634123465766,7039.876251665322,1578.0898918488629,7049.227321720445,1.5111317628066243,237,0.4647882564168934,0.9273479871370386,cluster_5
3068576400005100059,,607.9422568079259,1529.9050122111803,7046.394005360782,1525.0290152041655,7042.378394832729,1534.836374354379,7050.324727314288,1.2158707210584216,226,0.4786117420708566,1.0000000000000009,cluster_5
3068576400005100060,,501.77595376979457,1582.4930739514186,7046.650244684339,1579.2929993998605,7041.647532261361,1585.403865823752,7051.739523961,1.6572348215223005,124,0.5608317431125219,0.9861104570182052,cluster_5
3068576400005100063,,441.0382460078018,1517.7359642780705,7048.367661113356,1513.781701455102,7044.019674358212,1521.6612735866586,7052.336132987192,1.6477418575727547,76,0.6070439535798403,0.9532486648605392,cluster_5
3068576400005100064,,384.2791207607846,1552.5750959969212,7048.502191482613,1548.2264779663665,7045.612080534098,1556.7240880550612,7051.665364082761,1.3311436894300008,100,0.6179766333859115,1.0000000000000004,cluster_5
3068576400005100066,,972.7419938319996,1430.025243131204,7055.1972082035645,1424.6915375261838,7047.606314837315,1435.4913629287869,7061.892394026898,1.934456208855104,170,0.4184910641368197,0.9731435342611836,cluster_5
3068576400005100067,,932.2695903748652,1440.5735502709929,7052.65833267075,1435.0379625726102,7047.339303289144,1446.2352279689617,7057.898346006832,1.2067653705759709,115,0.388728500270429,0.990572849504013,cluster_5
3068576400005100071,,300.18967848471755,1502.9100757157191,7052.836052572348,1500.0750835247688,7049.378861405563,1506.07263671323,7056.583630828764,1.3528861931754022,89,0.728874263702843,0.9636974914857588,cluster_5
3068576400005100072,,405.1107195843085,1521.7025747941077,7053.706040661687,1517.628137309053,7049.791786762753,1525.8343421438776,7056.663649285967,1.2970597061628486,97,0.632596461226728,0.9473681443865968,cluster_5
3068576400005100076,,676.5519867504971,1571.4221242170202,7057.932106877133,1563.7834824787285,7053.528196079204,1576.8185499726285,7061.672759739949,1.7608290195493763,152,0.5460097252075693,0.8702137572452291,cluster_5
3068576400005100079,,412.6107418022444,1503.8331499033684,7058.431249971334,1499.0943693152085,7054.844773837289,1507.9636772290037,7061.677160651856,1.8025748275334936,157,0.6290025024398956,1.0,cluster_5
3068576400005100080,,208.60879493165947,1515.6491128046869,7058.065347894618,1512.371057630353,7055.827122455884,1519.0265365008936,7060.41830409899,2.0665749025087554,52,0.8970448978169542,0.9874527810937388,cluster_5
3068576400005100082,,433.8125387681636,1526.7089527334826,7060.303030718262,1522.3747171940784,7056.934779285222,1531.1722898919586,7063.593223576142,1.2522483987477535,89,0.6021642981965584,0.9581905797008068,cluster_5
3068576400005100085,,334.3168856604969,1518.2786791526944,7062.345934717479,1513.9087621106796,7059.461427761206,1522.6569698500234,7064.912555327312,1.6270446703522117,121,0.7697724118813979,0.8736172932772213,cluster_5
3068576400005100091,,592.4717108610678,1583.160900903555,7069.140865716843,1579.2441387252322,7063.669186741422,1587.1019064597394,7074.895024449687,1.5652619884458852,152,0.5519443975396731,0.9160757311106345,cluster_5
3068576400005100093,,679.2754229827535,1538.8003781791126,7071.506298026122,1534.0469523414451,7066.155443378451,1542.8095395956418,7076.916010039325,1.1467828584371156,215,0.4744544446672755,0.9681551546661152,cluster_5
3068576400005200063,,920.9963038214626,1530.1380286106855,6994.551158369633,1521.6924094375372,6990.945989451152,1537.7683026709235,6999.693746216903,1.9060366875195296,280,0.4794003418365888,0.9228968180419332,cluster_5
3068576400005200064,,1167.4896679512226,1603.0521642430172,6995.030756996516,1592.2343475658558,6991.470361378202,1614.897225823164,7000.042241950258,3.0243369906418813,300,0.4778590799032073,0.8082347750488211,cluster_5
3068576400005200065,,504.3811727940532,1517.865711441092,6994.717318440483,1512.0302209143292,6991.917962425125,1523.7424856488194,6997.473819543817,2.3363615909749447,136,0.5863044503505285,0.9774049249996992,cluster_5
3068576400005200068,,1151.4887163158037,1621.234684920272,6999.537525379637,1612.0756478179103,6994.125962015656,1631.442093433172,7005.1484404326175,2.593017362468024,262,0.4367516705278604,0.9275978285281418,cluster_5
3068576400005200071,,1306.6473328548102,1499.3099430895215,7004.394054099298,1492.4851371822374,6996.993821289202,1506.9170354223477,7013.217956735809,1.7870732741297366,321,0.3916174123293915,0.8817904234867842,cluster_5
3068576400005200072,,1197.9249499151645,1547.598302120846,7001.935910710496,1537.6163344834993,6997.541138905111,1558.8061261684795,7005.735081535987,2.7300796889863688,295,0.4348674890769027,0.8941478376294828,cluster_5
3068576400005200075,,1017.7665858014984,1526.7393445194705,7004.828802550023,1520.497366122527,6999.293588929496,1532.4626155827457,7010.234924952208,1.0287708650387828,294,0.374401875787726,0.9869324276686072,cluster_5
3068576400005200078,,887.4386070027339,1573.7479877795108,7008.242796372566,1568.673143147783,7002.833281657267,1578.8979967640696,7013.733355840946,1.0220682768243854,179,0.4182782883262508,0.9518567057334972,cluster_5
3068576400005200080,,595.6798947540641,1549.3193829577638,7007.767310979231,1544.064629778323,7004.553611086764,1554.5962037519355,7011.997781362987,1.4343233008630325,141,0.5244583900026837,0.9753106533266044,cluster_5
3068576400005200081,,806.4769924135807,1559.7494129667732,7008.520132818654,1551.989147939269,7004.34523961678,1568.0433191576665,7011.775781759865,2.169293926699348,170,0.5294939970160372,0.8693596226624272,cluster_5
3068576400005200082,,1052.704104639645,1517.653947661085,7012.296815144488,1507.857430452673,7007.778850049877,1526.04159439907,7017.01508819867,2.237318052774365,301,0.453808805141306,0.8700261773639566,cluster_5
3068576400005200084,,1216.8353519924344,1631.784072285074,7014.925690224271,1625.6650615881315,7008.173471702865,1639.3653793756446,7020.8345247341485,1.033957028526301,181,0.3716725406848589,0.933675038415404,cluster_5
3068576400005200087,,1124.3791351458628,1660.136212414734,7017.153026225575,1652.7575729232426,7010.65740263635,1667.8399572671003,7024.252226219477,2.1608204316553694,196,0.4100187958265352,0.942169814963801,cluster_5
3068576400005200090,,564.190556818184,1494.043108740707,7017.2935129590105,1490.4689708226106,7012.139235642479,1498.571357426537,7023.201801498904,1.6062981376186047,96,0.5710792672056278,0.8933941560605442,cluster_5
3068576400005200094,,999.646106404156,1519.9499616386686,7022.468478976605,1513.1104918421795,7016.056510486375,1525.4474119378945,7027.117883877171,1.1274482157215573,258,0.416720697373369,0.9398173009476608,cluster_5
3068576400005200096,,1031.203257386508,1532.017799904976,7023.795999110363,1525.2784574690058,7018.168332327548,1538.7616617936894,7028.810511967811,1.354192483963556,315,0.3855665763489155,0.957913956794051,cluster_5
3068576400005200097,,1148.9132392599088,1556.6735131744013,7022.242346809508,1544.7034328079326,7018.21421441922,1566.06080797843,7027.125008476915,2.426330560315375,313,0.4914704487017033,0.7368911723517954,cluster_5
3068576400005200104,,1537.1685059062656,1543.629529506268,7034.0137165653305,1537.1248196550807,7026.746148126656,1550.8933558688834,7041.205969378463,1.050691336868307,409,0.3079192700170938,0.986276538084842,cluster_5
3068576400005200106,,1100.9056053261886,1566.0058388551677,7033.215910489983,1558.1686094825016,7027.7936441342845,1573.1923730212427,7038.226645450349,1.1935113865604683,276,0.3816983916640946,0.9533941876857184,cluster_5
3068576400005200111,,867.4633980448261,1555.3164756153544,7039.131212898325,1548.557720026845,7034.088940590699,1562.5153421838854,7043.7411070829085,1.0664193198288288,267,0.4449567824428295,0.937094205867727,cluster_5
3068576400005200113,,1152.6115965648216,1429.6540044073674,7044.975422826661,1423.2461834699343,7037.331320568263,1435.745391939477,7054.127150240779,1.6455715650458629,306,0.4073963173823802,0.9247290709961744,cluster_5
3068576400005200115,,548.8044120680455,1565.2070438517203,7040.895829695351,1559.5011497139892,7037.816686196038,1571.0194344125414,7043.972515031196,1.8999628365392325,141,0.5410730227284707,0.9859947021687092,cluster_5
3068576400005200117,,378.66504672243616,1521.9953523686477,7042.469067162796,1516.922046464413,7039.951563881578,1526.907052880082,7044.86155326468,2.083257694371376,116,0.6619233842449369,0.9971792061569636,cluster_5
3068576400005200123,,280.5449853241025,1560.825151848576,7045.348324809338,1556.5470563114436,7043.324533048548,1565.4129875174133,7047.320421941545,2.2132607676835225,40,0.8107276394816283,0.9429091643964888,cluster_5
3068576400005200126,,1069.0600873248463,1421.5506227232306,7056.183643035698,1416.3435198325362,7046.203627992516,1426.09960970866,7065.170927091439,2.508814606477588,218,0.4439263986222662,0.921486387527314,cluster_5
3068576400005200128,,792.5930167216947,1497.2742548974163,7053.772715354402,1493.3700314441824,7047.245119280944,1501.3287951776929,7061.0186607098985,1.7905679994069632,201,0.4816566640655405,0.9259151580734838,cluster_5
3068576400005200129,,596.8850896633681,1569.967814630241,7052.200389406893,1564.4314720028844,7047.612834512763,1575.262012024068,7056.385978444435,1.1719060790286264,126,0.6245857552720918,0.8089611213641316,cluster_5
3068576400005200135,,1084.0171091286447,1585.0828464773276,7057.434070894393,1580.209023323666,7050.855528222456,1589.9288661860087,7064.718956939829,1.3855943140658906,240,0.3930451903385813,0.9446420333980996,cluster_5
3068576400005200139,,422.7307381675748,1511.6091814182782,7054.540876723351,1506.9764008610368,7051.917028819464,1516.718603959982,7057.580136666808,1.640371568958865,101,0.612548497454668,0.9978969814702772,cluster_5
3068576400005200142,,1491.1139643969768,1556.5066196123423,7061.248969761974,1550.5077558869298,7053.483873300935,1564.7320443818055,7069.668177818676,1.1400508801350924,398,0.3467990538151743,0.8940348547953867,cluster_5
3068576400005200145,,141.62790456378556,1531.5239809737363,7057.931510995883,1529.2666243459926,7055.781547076153,1533.7431408683312,7060.264801934306,1.4237884541158965,64,1.0490522880931434,0.9660423200571396,cluster_5
3068576400005200147,,186.56027524087648,1520.7468197041655,7058.730048488154,1517.6768105211768,7056.73907558646,1523.9039453540342,7060.908433030875,1.674669319894711,38,0.9285451582189465,0.9951453931244018,cluster_5
3068576400005200149,,256.94290248563783,1509.922165356066,7060.16075321338,1506.66221233194,7057.2783488664,1514.2207928359785,7063.098332779151,1.8023899292739385,64,0.933867787351838,0.850053247499876,cluster_5
3068576400005200154,,1186.6112643682843,1414.409744722245,7070.055742088041,1407.3080900732484,7061.49240540101,1420.5619935106188,7078.091783621597,2.0547388057351954,235,0.4131921308225811,0.924230285129212,cluster_5
3068576400005200156,,473.7797066234408,1570.6975628503028,7065.237827364493,1566.429918852258,7061.277869326635,1575.1053142218095,7068.873155675442,1.1685330546005948,98,0.6019950685967158,0.919979821488572,cluster_5
3068576400005200162,,140.96366257303893,1501.164544641508,7069.0620977020135,1499.0695445243127,7065.718849377148,1503.172367516383,7071.034202392735,1.2998678563695223,57,1.5858134445636107,0.7832982262954092,cluster_5
3068576400005200171,,453.0144138521824,1517.50323934745,7074.954764222691,1513.3259519479109,7071.87593392557,1521.9845821252811,7078.606068875018,1.1026989545888974,110,0.574519336920754,0.9789869284796394,cluster_5
3068576400005300047,,707.4082837480722,1512.1523797451753,7046.981251517652,1507.4104526694975,7042.57588669916,1517.481513010135,7055.445204409833,1.312066500052019,155,0.6555230051115046,0.7050388684354494,cluster_5
3068576400005300050,,531.590598262697,1563.3523781205895,7052.063882202185,1558.940699996248,7047.129283173429,1567.9966156547646,7056.745169304119,1.5252297648637922,74,0.6250821544501614,0.8687769457899197,cluster_5
3068576400005300056,,268.8794623661405,1528.7021988279864,7054.1269405168805,1525.471141899801,7051.431930355882,1532.466172431215,7057.141931170333,1.358141066983566,70,0.7804763750230999,0.9290583739404992,cluster_5
3068576400005300069,,398.76232895837023,1563.1947674763358,7066.792919844878,1558.939162963349,7062.99865388909,1567.279041516798,7070.096287831589,1.3175503235707349,60,0.6921299869087504,0.8622724009159832,cluster_5
3068576400005300070,,564.9526869595684,1530.970372105952,7068.1432640586845,1525.876095315592,7063.951959496182,1536.6220831673288,7071.978410113024,1.1742550668623315,140,0.5363492544639713,0.9553583545231694,cluster_5
3068576400006100085,,940.6563264089968,1675.8512715813558,7026.605566950165,1671.054468448827,7017.212916870252,1681.1412481422424,7033.231228545999,2.0585268983437053,159,0.4977178818689744,0.8869180047006803,cluster_5
3068576400006100089,,1421.536548630128,1690.46072965878,7047.437045505853,1682.793654643567,7038.594693909916,1698.9875335488448,7055.614161984742,1.378696004238839,185,0.4314682507898957,0.7829116635009544,cluster_5
3068576400006200148,,573.6659781517022,1669.5240359957734,7021.58044188536,1665.843243123751,7015.693326298493,1673.0260898724098,7029.116678936614,1.833872682461574,104,0.6470131352495024,0.8283305578576913,cluster_5
3068576400006200152,,1128.5124961181198,1681.1712772756384,7037.958160739255,1674.0155817924444,7032.200339848928,1687.816455380188,7044.290009503555,1.6801881535463032,176,0.3858796766916312,0.948811917169373,cluster_5
3068576400006200157,,1770.6074702674346,1704.4397536436377,7057.51561705725,1695.146956770682,7047.564206776732,1711.767516465086,7067.397599799228,2.2168559183200816,283,0.3412648110059533,0.9108034722907972,cluster_5
3068576400017100008,,2090.928959462992,1379.7055609897084,7172.47706656908,1371.7688006455528,7161.0602586683735,1387.2542419184697,7187.87434932528,2.242045865099505,265,0.3562610654947096,0.785030678781679,cluster_5
3068576400017100011,,836.7249734833086,1362.404411845988,7196.457057201655,1357.4086252679676,7191.787400416008,1367.9014714394343,7202.174070410752,1.034202260794958,54,0.4128828605726636,0.998262531326096,cluster_5
3068576400017100022,,513.2900920797152,1360.8177047637444,7234.077724019488,1357.8212533135118,7229.379379218341,1364.0974173297811,7239.177918631588,1.5613921143441212,67,0.5657257327265462,0.948578772001888,cluster_5
3068576400017100023,,1614.2696889545502,1373.462196725084,7238.270199122663,1366.2546758651204,7229.357394615977,1380.557028402056,7245.786949586326,1.283583953568098,43,0.3161175116874822,0.94495985524992,cluster_5
3068576400017100038,,1201.4716018692916,1346.428363777106,7277.2720153945265,1340.7802804994028,7269.42132128742,1353.275648129268,7285.102018732461,1.0455857073739383,219,0.3920050387879766,0.9253852922785448,cluster_5
3068576400017100042,,1889.7765103362449,1337.357156989956,7296.735674461177,1330.349903094127,7278.825150610825,1345.3160570265095,7317.057982790371,4.552081936709884,596,0.4851667677242456,0.7760730185339869,cluster_5
3068576400017100046,,410.301133601978,1330.077476686188,7322.629847591524,1327.6011071567834,7316.607878893173,1332.5671285468943,7328.78518228548,2.918163933705466,148,0.7253325390469839,0.9640964103495476,cluster_5
3068576400017100050,,315.1330287789535,1328.6315410126683,7337.185928958222,1326.6549579295609,7332.76410782236,1330.8345581829897,7341.727539911504,2.1937851530512416,90,0.7360521695570915,0.998927709186144,cluster_5
3068576400017200048,,772.1841016560828,1385.972910662908,7139.529212582237,1381.8833953263895,7133.173234813186,1390.928283231755,7145.146090775063,1.2638831075166967,133,0.5018801307798745,0.8836746603436451,cluster_5
3068576400017200064,,1334.07297029834,1376.457450546701,7200.036638209282,1370.2604174970652,7193.56756617192,1382.139223930439,7207.421452955432,1.191906093010827,144,0.3304848841959918,0.9807881632824236,cluster_5
3068576400017200066,,1879.9920970309863,1369.312896094314,7211.850448420454,1363.856368375886,7199.354791105289,1376.023009096445,7224.203250064037,2.18729426473075,232,0.3362477239710137,0.893273309448927,cluster_5
3068576400017200073,,525.4117698772172,1361.2941779992436,7226.252523029203,1356.1102415762064,7222.429696412403,1366.66096873405,7230.252155695847,1.864268043707,55,0.5700889091912261,0.964300199738956,cluster_5
3068576400017200077,,2772.032007935973,1353.1253508762577,7253.459645822323,1343.4768504986098,7238.191950473678,1364.2758762322972,7266.100333514829,2.531447977554906,468,0.3005135899759837,0.8688133691243323,cluster_5
3068576400017200078,,1279.5728474753666,1365.6985363035203,7248.594573150434,1359.676588602514,7240.307088504481,1371.6969787684757,7254.948078094709,1.1664551216410586,126,0.3537698455022761,0.9722509210767344,cluster_5
3068576400017200083,,866.6694050585362,1349.7790552628917,7268.21375316559,1343.0241059217703,7263.1552266432445,1355.041182301946,7273.350514364425,1.0443303066488765,202,0.4502240180829941,0.9111084576260616,cluster_5
3068576400018100020,,586.3290354826672,1501.3516914429651,7063.847731908916,1495.6311827360992,7060.655310287178,1507.541811603529,7067.673168253589,1.8357136640255127,165,0.6024191925579702,0.8562625845954371,cluster_5
3068576400018100026,,174.24053345400256,1505.1810138564638,7068.419190418709,1502.6560560678774,7066.035855481387,1507.5003633051365,7070.674250121211,1.0226903094493585,61,0.9506080067147568,0.9583465903557936,cluster_5
3068576400018100032,,206.91762816397485,1502.2787369412397,7072.610830808122,1499.102609554414,7070.6545319109455,1505.7602386776612,7075.195596869055,1.565826643566523,73,0.8856417466217292,1.0,cluster_5
3068576400018100034,,990.142851840992,1566.62975360384,7075.821156195599,1559.0945187899738,7071.054699048418,1575.044042699488,7079.915331705202,2.14789396833702,235,0.4241843194572282,0.96104652075021,cluster_5
3068576400018100035,,249.8351681250204,1552.0301551274183,7074.727203001019,1549.853118299796,7071.024477724972,1554.4791212447988,7077.965219693917,1.5082561668613237,70,0.7933382075382178,0.9854127287214944,cluster_5
3068576400018100036,,929.128496639836,1505.667083556286,7077.668010691922,1500.1719769158374,7072.161129227986,1510.758523371983,7083.643789525009,1.1840538605199056,298,0.4142685726516727,0.9643594289087892,cluster_5
3068576400018100038,,1742.8032347811593,1403.4766218917996,7088.000510489758,1395.5792942282822,7074.587458620571,1411.9363662754845,7104.234390022936,4.157199037269491,500,0.4429561823429426,0.836895526384444,cluster_5
3068576400018100043,,701.2480030392205,1515.9120238009648,7083.152074114405,1510.67399945333,7078.820107195273,1521.5969723751882,7087.002174057949,1.3405850462642874,173,0.4566019261370401,0.985218273658039,cluster_5
3068576400018100044,,604.1169122194725,1494.5602348862585,7085.092951791142,1489.5367519140518,7079.938849166257,1498.3261631740645,7089.972739280252,1.098075723469911,112,0.5087284879684374,0.9823840690260356,cluster_5
3068576400018100051,,792.0656426009384,1539.8395128955524,7088.095421091792,1534.1888225449893,7083.523948836808,1545.1680046706529,7092.96062473696,1.1346513357771175,193,0.4226042398546351,0.9936919757480328,cluster_5
3068576400018100056,,1179.2257586938092,1557.5529561978417,7093.520249405998,1550.823158054045,7087.841499047972,1565.1750625647214,7099.0509835562925,1.3789017810734294,249,0.3532273696896916,0.9847278106167938,cluster_5
3068576400018100059,,309.4290744900443,1508.3846837170825,7096.24946999138,1505.929612741793,7092.578786254042,1510.758523371983,7099.787351989767,1.5669930215256058,103,0.7152144573496306,0.9655343932133272,cluster_5
3068576400018100061,,1244.962613908409,1403.8185517568525,7101.863720597672,1398.8275600183138,7093.776428138451,1410.9499242059533,7111.020853538709,1.4111124465129867,231,0.3902185492795075,0.8961393005250547,cluster_5
3068576400018100069,,1360.4527005241202,1525.1684553674097,7104.102060974387,1515.404870496928,7099.205844913181,1535.5333727459383,7108.656934647607,2.265353921466536,270,0.3792411714791133,0.9388816285964516,cluster_5
3068576400018100073,,956.9454869002034,1595.1226272153287,7110.239301471063,1587.7212749203657,7103.150831503844,1600.5050724676132,7115.350907595373,1.7272899368410473,45,0.4467212812453275,0.9135709750640644,cluster_5
3068576400018100074,,201.37813200154693,1509.082995312798,7106.458359696103,1506.859747075749,7103.161149280868,1510.7661459849294,7110.254174338953,2.160946319299472,57,0.9363847786526244,1.0000000000000002,cluster_5
3068576400018100076,,920.8155700575778,1587.070603223253,7108.847047658287,1580.0489871783802,7103.792511374847,1594.960095929332,7114.594928615617,2.2210110070683315,144,0.4691514540713197,0.9274174251853282,cluster_5
3068576400018100077,,423.5265298348431,1647.2851356601054,7109.13171463771,1643.455166577202,7104.677329956391,1650.9756024835883,7113.29521003171,1.3849943325336138,80,0.6101918852889171,0.9531838853270284,cluster_5
3068576400018100078,,1626.9244269534515,1529.0149324520935,7110.966520866065,1516.467461301766,7105.644582031201,1539.365499703742,7116.108906423189,2.203433604498729,314,0.3729829773491145,0.8403655292875022,cluster_5
3068576400018100079,,1679.5059564407918,1389.8940624462125,7121.551262184015,1385.162403797617,7107.159859563134,1394.1280316368177,7133.681374601847,2.9784695226199123,244,0.3856815188732785,0.9120065943086502,cluster_5
3068576400018100081,,1001.4402442102104,1563.1427984084823,7113.659932775371,1553.2766244654674,7109.180073273946,1570.962007083145,7118.681904165882,2.0005241997663994,208,0.4503168795309648,0.9045705539433224,cluster_5
3068576400018100082,,1370.3368518342877,1651.4530147597434,7115.411164946358,1643.269208116988,7109.209938526664,1661.5390125463862,7122.482042022162,2.153436210164453,353,0.3807157763719852,0.9050446065443404,cluster_5
3068576400018100086,,1514.9923729469049,1552.684286548095,7119.5803771317305,1545.486738782694,7112.982596183228,1562.4306881630023,7128.74253523677,1.2738083916878469,264,0.5310759918804858,0.7312630471077592,cluster_5
3068576400018100088,,1107.7131220953925,1525.5846962508497,7118.904397184373,1517.879499958182,7114.1027597948105,1532.4492618945644,7123.450457173934,1.556485822123183,179,0.3791203156791206,0.9771960942148584,cluster_5
3068576400018100089,,249.9580904463328,1515.6620081424674,7117.481187474644,1513.131181266417,7114.535772379306,1518.380854231172,7120.415384083278,1.1239190973569149,44,0.7572102357006589,0.9812872947960544,cluster_5
3068576400018100091,,1092.3489392612248,1635.1179290128214,7120.987532553249,1627.8362533491452,7116.457439626233,1643.1109825363296,7126.481417139026,1.5737759450184727,245,0.3955550905088345,0.9476989438020644,cluster_5
3068576400018100096,,769.6517299988202,1604.069661189249,7124.426266850669,1599.132785736021,7120.00240099525,1610.7134607243215,7129.290142746541,1.515444399746006,164,0.4530987866853086,0.9792314876113264,cluster_5
3068576400018100097,,824.9789636727245,1594.2406053595137,7128.25422229078,1587.205040253199,7121.363416501517,1599.2026917787682,7134.202044902367,2.208044117890863,114,0.4918457508122232,0.9350953189222524,cluster_5
3068576400018100098,,612.8603050777131,1564.1373333060224,7125.977478239612,1559.5842918972749,7121.147391279805,1567.9975980057786,7130.782490159772,1.348930693218934,115,0.4892702433790133,0.9872210547850978,cluster_5
3068576400018100104,,978.4963754368932,1625.8708309675235,7130.599240371449,1618.0844698788533,7125.836741173526,1632.592738583032,7137.645776353385,1.0503451314376004,231,0.4804360737602154,0.8463639215531111,cluster_5
3068576400018100106,,693.3013807099303,1612.39077241467,7132.545765025235,1605.499925111114,7127.6868404500365,1621.0569495120492,7138.357600597043,1.5216628243766643,235,0.6849187953359939,0.6791991704603956,cluster_5
3068576400018100108,,1011.737897187289,1556.594430368527,7133.376059813011,1549.0496778105228,7127.887183281971,1562.9232612445662,7139.710880905598,1.124118566971226,200,0.4074003554026007,0.925031124215648,cluster_5
3068576400018100109,,993.3172707415796,1486.4983304803227,7135.068356762649,1481.3460213652663,7128.126708642425,1491.7835158249284,7142.33194463846,1.7196959923861874,168,0.408393795414291,0.9695691948168006,cluster_5
3068576400018100110,,790.9916716097933,1526.3956872073115,7132.495451692179,1519.59741664852,7128.9853619013165,1532.9367890487583,7136.207324294657,1.957814106858617,126,0.4685607603502787,0.9660332202479822,cluster_5
3068576400018100112,,1117.6114794328705,1597.3642093040562,7135.419230553738,1590.0368644400348,7128.669287704376,1604.9128323312132,7143.385899734203,1.3437992113101644,343,0.4281277631993873,0.8646395260838434,cluster_5
3068576400018100114,,1095.3895542142818,1581.037399474745,7139.531786930047,1571.2348280649646,7132.888011641373,1588.8798846342415,7148.3797764765095,2.189693045918549,213,0.6341514850734945,0.6775068532132137,cluster_5
3068576400018100121,,525.0286575636109,1529.2183797177745,7141.061410664858,1522.9237675390095,7136.680416867985,1534.9340974895792,7144.62425075939,2.568087946370881,86,0.6299824873696195,0.9156048330220654,cluster_5
3068576400018100122,,369.4123626126956,1456.8868438657698,7141.881704462749,1453.695498474517,7137.7195111971405,1459.715123963858,7145.879153319763,1.4512194100430629,48,0.6367949648844601,0.9836405884807862,cluster_5
3068576400018100128,,367.09203048071777,1522.6185569279023,7146.323705946322,1518.434022020777,7143.468651464602,1526.4182702057574,7149.369961684404,1.4890417125326352,86,0.6495891633249075,1.0,cluster_5
3068576400018100129,,902.3698866654676,1510.0232142511234,7150.300202528857,1503.907410982673,7144.759548091144,1518.3106442419034,7155.682786313257,1.5093811001489152,136,0.4428343792389685,0.9560581443091354,cluster_5
3068576400018100131,,1724.0988356222852,1561.8721210240983,7155.41125856577,1554.2894423574191,7146.483694020841,1570.215323809984,7163.650135935142,1.597730880757101,383,0.3355692125194761,0.8739355169278139,cluster_5
3068576400018100132,,1878.8618188268656,1537.83052311585,7154.5236602786745,1527.343032106321,7148.018128195206,1554.6403524038535,7160.493568033371,2.470677703139548,658,0.3731249629529125,0.8049917338107597,cluster_5
3068576400018100133,,592.4550470757786,1470.239812678527,7151.109252440495,1465.2082728367748,7147.547237933972,1475.0131211609344,7154.663834390756,1.5340161890259745,117,0.4958639256526153,1.0000000000000004,cluster_5
3068576400018100134,,871.9039210442877,1458.222300047384,7152.7874821089845,1452.3995194262047,7148.465759053008,1464.2973596958277,7158.01156232596,1.570261674918784,116,0.432284079857255,0.9514687214620766,cluster_5
3068576400018100135,,593.820664183575,1480.2016086996614,7152.351397022563,1474.1604863671375,7148.375960375293,1484.9405177248375,7155.741221929787,1.4316766224034816,117,0.5251721609444,0.981975836069301,cluster_5
3068576400018100137,,905.35616434489,1448.5539676126775,7154.687335222844,1443.913693649032,7149.059195893485,1453.3042893872605,7160.903473607054,1.210178107680863,200,0.4119637079274736,0.9690633267517136,cluster_5
3068576400018100138,,229.2340972269308,1568.8352582931163,7155.077963681151,1566.549915093448,7151.338182816696,1570.4891804613237,7158.80590654662,1.896071136043955,52,0.8484986409024248,0.9999999999999996,cluster_5
3068576400018100142,,150.02084074984543,1485.842005408385,7154.038365644984,1484.222643452326,7150.941292303425,1487.330524861281,7156.95630935489,2.166281303178187,37,1.0674558720458425,1.0,cluster_5
3068576400018100144,,613.3135009606527,1441.295183221669,7156.815952792079,1436.2384040898282,7151.898810409605,1444.7792127750254,7164.22233662864,1.1960079789222042,97,0.6449966305579581,0.7624928812691015,cluster_5
3068576400018100147,,1217.6597974362776,1522.1513153237263,7161.506968039422,1514.4380866218144,7154.783930583003,1529.1568501578474,7168.617669238156,1.5145905596637417,345,0.3812586964680081,0.9169770749415672,cluster_5
3068576400018100151,,540.8624238603996,1501.490762164958,7165.122995937853,1496.0790758834746,7159.86098908419,1509.8709370815195,7170.278432362011,2.6772890515995624,143,0.7997954696005144,0.7663556470831818,cluster_5
3068576400018100154,,878.4819398830971,1505.990890324971,7169.17714022976,1497.2926814226246,7164.765794431343,1515.2695559693784,7174.452144252975,2.6754574197246583,286,0.5318570060341311,0.8782500974853692,cluster_5
3068576400018100156,,358.1988993095728,1534.7543692439492,7168.7148558261415,1530.8330696720902,7165.150748462581,1538.69647506139,7172.358915858525,1.86829189255818,73,0.6812669624975091,0.951229925551386,cluster_5
3068576400018100158,,1196.309049128122,1546.5965470351746,7175.050143779663,1541.0970356289304,7167.629076719893,1551.3678867573371,7182.958868657915,1.6326168010638478,49,0.3805003580751511,0.9183825740914452,cluster_5
3068576400018100160,,189.4811817048145,1512.0065531854682,7172.19785909092,1509.634835221819,7169.631538366326,1514.5905395745117,7174.857093030445,1.186227138411303,48,0.8642926592787796,1.0000000000000002,cluster_5
3068576400018100163,,1579.0922141799915,1465.3233038267774,7174.978312419264,1455.6254035576872,7168.009027422361,1474.79362606503,7182.21959750915,2.060267575130841,554,0.3517562305457417,0.9261651054662848,cluster_5
3068576400018100166,,855.0073042259941,1519.75236655518,7175.367655885902,1513.2218741307686,7171.200077229672,1526.543816585939,7179.611068614861,1.722080006462926,111,0.4275650710335023,0.9928951127629688,cluster_5
3068576400018100168,,522.9818647871764,1452.999511620813,7176.728737172647,1448.6480612282912,7172.926711229505,1457.0854109926136,7181.403889699818,1.1904188276685084,99,0.5275800495904744,0.9791135043551492,cluster_5
3068576400018100170,,1285.4199826380482,1419.7724934449195,7183.97055175837,1410.4977985077765,7177.419062764504,1426.7140437923258,7189.850108697839,1.5146000683589604,270,0.3821459283342708,0.9351654135045648,cluster_5
3068576400018100175,,2182.631569473479,1395.16304399678,7194.572916987368,1380.8781821328234,7180.072799065145,1405.4627865730392,7206.068385166121,2.680764017689252,299,0.4046459547071662,0.7329148254410174,cluster_5
3068576400018100177,,421.6678226321328,1439.6235763933166,7187.298017500967,1435.2753664207348,7184.266395925848,1443.9212749527014,7190.777007388214,1.5046442744567952,48,0.6002308734817029,0.990499561821566,cluster_5
3068576400018100179,,429.3844417622065,1477.804015667445,7188.407217743703,1474.2802790949625,7184.603610166259,1481.8161173113788,7192.23338716012,1.3316345004870398,40,0.5861894571911724,0.992362524718236,cluster_5
3068576400018100180,,1190.6683838399003,1457.2201938084568,7189.232891511894,1449.2306567167457,7185.022664450339,1465.494693949938,7194.60814263372,1.773338220164695,90,0.3769647183755392,0.9663763470115632,cluster_5
3068576400018100181,,547.1937085593004,1426.983068797466,7192.037954424087,1422.327180255449,7187.60852118488,1430.96357961275,7197.060596130988,1.0372561514381806,57,0.5735387486636735,0.908208559596772,cluster_5
3068576400018100187,,1276.3706036938538,1393.8372779982394,7206.060857620033,1386.145262168123,7198.199849425698,1399.8937620314284,7212.872195983927,1.1114726931194274,95,0.3954485796286673,0.882792213808481,cluster_5
3068576400018100195,,1126.7087033026885,1381.4633668249205,7225.116992766414,1374.4045452583478,7217.288566394922,1389.3696118650976,7232.294745123532,2.3978284494371644,107,0.4327713235034233,0.8943011513056303,cluster_5
3068576400018200017,,291.3154922850729,1565.3814666111214,7062.154376330813,1561.8441197275156,7059.031120915806,1569.470934208731,7064.98940248598,1.3743158300177818,66,0.7489581694314235,0.9747570991024346,cluster_5
3068576400018200025,,393.8496169482072,1537.2802184383877,7064.292634636704,1532.5888929859875,7061.300174621976,1541.4174665302369,7067.603830846619,1.4386530363612753,91,0.633072418377321,0.9619309238124932,cluster_5
3068576400018200034,,663.8560681545645,1545.8082034105737,7071.988518041647,1542.1145770313292,7065.655325569508,1550.033906738558,7077.324582237173,1.557324836655226,173,0.5259790520814369,0.9328895823019326,cluster_5
3068576400018200035,,228.99725173055768,1498.4364030360557,7070.821267196116,1496.2891795336498,7066.129696133353,1502.3650178262408,7075.35261790304,1.9344719794234428,58,1.3067801495099245,0.6212221132626706,cluster_5
3068576400018200039,,703.6750212287868,1571.895865251669,7070.898250352662,1562.9666820687985,7067.099749804597,1578.405205138867,7074.312362257786,2.0727882598271448,182,0.547765758426041,0.9351714460460812,cluster_5
3068576400018200040,,1384.9560017518884,1489.3330602759938,7076.155090486479,1483.7063342818456,7068.601612023127,1495.436882958375,7084.681601289624,1.4283328324993074,250,0.3407443204248808,0.94181276050995,cluster_5
3068576400018200045,,779.3053762221434,1582.6685142131553,7082.18320157935,1579.669032053536,7073.68177089405,1585.6089360249675,7091.291454158602,3.1190212817470235,104,0.5768910951459693,0.9039946127794676,cluster_5
3068576400018200050,,176.31433558633353,1534.0792091166113,7076.139016932982,1531.2721962692017,7073.964233428404,1536.786487878717,7078.093702204559,1.374396342077697,64,0.8999430665065172,1.0,cluster_5
3068576400018200052,,1057.4114902042256,1544.300440785366,7080.460700660156,1537.124957293727,7075.408998669306,1551.365706912454,7085.437556209957,1.5968470707034998,243,0.385304430799223,0.9687459920490646,cluster_5
3068576400018200054,,343.7697116446374,1522.3875732187428,7079.054977336318,1518.2292049741409,7076.562545900927,1526.83075266445,7081.651151018135,1.6916404414227963,85,0.669791085125688,0.992048998521752,cluster_5
3068576400018200055,,1299.7838800717243,1558.4232802087504,7082.359103053809,1549.969512196378,7077.674074647867,1568.597663230534,7087.681316742585,1.821243891245767,320,0.3788844845595492,0.9413114373073976,cluster_5
3068576400018200059,,1217.1098404892546,1569.3254369226288,7085.605740124789,1559.5265263422546,7080.063891008398,1577.8085285854968,7091.471583212448,2.223794216912324,280,0.3959793256458774,0.942566467455013,cluster_5
3068576400018200061,,375.0575707402799,1530.2250681257506,7084.3027996005485,1526.5071948111067,7081.010247626576,1533.7501633178938,7087.689095669033,1.042836215320563,119,0.611030665074292,0.9958015753398658,cluster_5
3068576400018200064,,1061.0098526912486,1509.1254282832083,7088.712630352406,1503.1975814490486,7083.27818456481,1516.3055041056043,7095.622662213136,1.0289700857301407,223,0.4447296970515126,0.8635684684270589,cluster_5
3068576400018200066,,1205.611360680973,1411.9865464927125,7094.214916701466,1406.4851412223609,7086.435518257835,1417.3404189259286,7102.598888181529,1.4398958035302716,192,0.3643830637038281,0.9552807008464216,cluster_5
3068576400018200068,,483.5336656332464,1523.7744843185314,7091.524575665207,1519.099716272589,7088.2512838454895,1527.8725539786687,7095.62408826301,1.2054219787006113,147,0.5760173741816786,0.9590086453513011,cluster_5
3068576400018200069,,1732.3776379358078,1396.4857579460277,7112.689446950326,1388.9399401423263,7091.4317216631,1401.838591530199,7126.698214815949,2.837777960356311,347,0.6152180358146394,0.5830471982768716,cluster_5
3068576400018200071,,460.46269049759854,1533.197753184441,7092.650048315298,1528.776033732782,7089.122492632357,1537.914578530416,7095.941597144529,1.3789153977768194,124,0.6003634781730979,0.957959760476208,cluster_5
3068576400018200072,,992.0227814276824,1582.2506991902028,7100.09453404035,1577.3944655815053,7092.064406973684,1586.87908001445,7108.099138969234,1.9957181075024395,204,0.4227245788919828,0.9436956302284144,cluster_5
3068576400018200073,,604.8751679828345,1521.024329107748,7097.421422670248,1515.9473310792357,7093.874075171381,1526.8991022628325,7100.759930609616,1.5765995941523838,120,0.5922343871978087,0.8730352472128731,cluster_5
3068576400018200074,,873.4194102404482,1565.2175918421196,7098.870175895217,1558.3764277049115,7093.861890281397,1571.1179596158042,7102.722881457966,1.3966720398998156,239,0.4260908846980894,0.9769050557186446,cluster_5
3068576400018200077,,236.4201840157496,1532.2523709645025,7098.503657270855,1529.181311689494,7095.842441617319,1535.7165973680817,7100.540912781684,1.2856216359483903,47,0.8008291271064837,0.9873296857767636,cluster_5
3068576400018200078,,291.4010078982493,1508.4685376245666,7102.234625205418,1504.6360805644574,7098.293861244854,1512.755018017946,7106.754709140928,1.6882874855471082,83,1.0701345976219976,0.6586496149384773,cluster_5
3068576400018200079,,843.0890412028155,1664.4816555584423,7104.7270799088565,1659.490647906228,7099.348697752856,1670.6726218176093,7110.384886601336,1.256173139005257,250,0.4528946120921358,0.9215639104823716,cluster_5
3068576400018200085,,897.4766568858051,1563.2139413869702,7104.97584204644,1554.1634115829052,7101.426917492669,1572.5200619491015,7108.553007688867,3.0915790074167666,191,0.5298460573407757,0.8576203366169476,cluster_5
3068576400018200086,,726.5786573609128,1654.9730796559802,7105.830003095405,1649.5990828294218,7101.426917492669,1660.2548587742515,7110.066677261312,1.1867658260791092,168,0.4600650609329565,0.9637970507280876,cluster_5
3068576400018200087,,230.87503816365472,1538.930200978159,7104.853853681604,1535.0768439286885,7103.148229759413,1542.816017068159,7107.239029972232,1.895167509067769,70,0.8632288110072411,0.9706541221228416,cluster_5
3068576400018200088,,1071.7219988275235,1502.446870179745,7109.374431276737,1495.854061016488,7103.918085668371,1508.4723475915523,7115.3046822949855,1.0386657549309806,158,0.3671503621247308,0.9925227587619356,cluster_5
3068576400018200093,,463.8883523816281,1558.0054410761295,7109.129779047164,1552.4559530763402,7106.842763627399,1564.6411261749934,7111.952347716263,2.408865762118919,89,0.664291074016843,0.9512350539945748,cluster_5
3068576400018200097,,2134.2097955812496,1620.1211690227751,7119.653273700087,1607.356785817544,7112.982871184324,1630.9410695455422,7126.564444110311,1.7406719080665158,477,0.3378135741418342,0.7707434877606847,cluster_5
3068576400018200099,,941.783071563902,1604.1558942632423,7116.33333790046,1598.2277834405163,7111.262266753732,1611.1154595471253,7121.511470191278,1.2898198151427325,148,0.4279082241241799,0.9186390630601508,cluster_5
3068576400018200104,,1149.930045408602,1508.9947516449452,7122.269085527512,1502.497647583861,7116.553045196353,1515.6175897995577,7128.958529230986,1.0327897962595298,255,0.3645127432189819,0.9643129939707692,cluster_5
3068576400018200105,,978.1687597317411,1578.4667417297294,7123.197220639369,1569.9404612969076,7116.708895246004,1584.0244005288375,7132.693897360557,1.755219187310538,122,0.4941276904188152,0.7329957734760296,cluster_5
3068576400018200106,,1115.5329606838975,1570.9733162036978,7124.857567303128,1564.4870578591444,7115.2763678806505,1575.7574375130569,7133.23988947957,1.8835946117469475,323,0.4924263235067596,0.7981656224037909,cluster_5
3068576400018200112,,824.751025664386,1524.953451595826,7126.2498081355225,1518.434022020777,7122.4715125604025,1531.9328022645414,7129.722130734974,1.858911518533188,101,0.4603560780363275,0.94244033971758,cluster_5
3068576400018200114,,555.5710160493849,1608.2509817834946,7128.808570643902,1601.9925185032807,7124.243511364249,1614.2360588103732,7136.487261402176,1.246840550567372,138,0.7212370946331311,0.6198805544683657,cluster_5
3068576400018200115,,364.0916097463006,1549.6259178268322,7128.872582728137,1546.2141064550635,7125.625344450041,1553.61584246951,7132.452513148237,1.0788728394073976,90,0.6313673656901871,0.9844273763453364,cluster_5
3068576400018200117,,1335.6874202512672,1394.278898339189,7134.514882319423,1388.6701747961138,7125.6279820733325,1399.203949576041,7142.158404946256,1.630832906050347,160,0.3592941541833849,0.9513618495157832,cluster_5
3068576400018200118,,1480.410050092477,1515.2350349668593,7134.651924074103,1508.1310918924046,7127.720757075504,1522.154789848602,7142.135288883432,1.1264672362768848,334,0.3341695653988656,0.9407951122863596,cluster_5
3068576400018200119,,745.4698269210884,1504.218847256869,7133.357922707474,1499.3045431866335,7128.340198506691,1508.8086661821014,7138.440844353031,1.00536695869681,110,0.4287422398996705,0.9999999999999996,cluster_5
3068576400018200124,,803.7793298528501,1618.3195067353206,7135.461444640454,1613.3475390041608,7129.907667243628,1624.0889158754762,7140.208179508652,1.14284708040286,203,0.4250586414956537,0.9861510788884104,cluster_5
3068576400018200127,,1124.4015139837643,1603.4496971523618,7140.943880087535,1596.2352236520828,7134.375102833927,1611.6475277322434,7147.843423058254,1.9680719037298449,225,0.4045325813500132,0.946791876217841,cluster_5
3068576400018200128,,842.6135524890593,1549.579807795095,7138.927671775478,1543.6749222934295,7134.157630140635,1555.9021071219772,7143.8047170433765,1.4928677927452974,195,0.4406401366527114,0.935161641350122,cluster_5
3068576400018200129,,1153.6916499050358,1558.9603740774266,7142.2257085804285,1550.4992345211997,7134.413751112338,1567.8519137354035,7150.833582457004,2.955896144551448,265,0.4940554845896602,0.8473769039466256,cluster_5
3068576400018200130,,419.7632937012536,1526.9638857965822,7137.725584843633,1521.397771533275,7134.907487198339,1533.5259864204256,7140.88391953264,2.8815651230515016,56,0.7264166807303132,0.9594563334185248,cluster_5
3068576400018200131,,985.104596035486,1482.0222467405715,7143.395218035606,1477.5031026589977,7136.006335510359,1487.5714135041385,7150.944871028578,1.6593325730176167,194,0.4533432214368075,0.8804099780717284,cluster_5
3068576400018200134,,1385.8858051666325,1589.1709143560122,7144.575429349097,1581.7241165112928,7137.739743279121,1597.055770946714,7151.69278514563,1.210354491133486,362,0.3493434608901964,0.9426553877181448,cluster_5
3068576400018200135,,794.6995510367844,1532.3323405391652,7144.872081553956,1525.7718954967595,7138.477510024956,1540.883613311013,7150.342793505474,2.1980628040134293,198,0.5906185994218472,0.7289000912998745,cluster_5
3068576400018200136,,594.8442162101184,1537.980147215612,7146.721122183234,1533.7964923369318,7141.535021656314,1542.088232831965,7151.213533159472,1.052653303377217,166,0.4972513122362651,0.9870137889478252,cluster_5
3068576400018200137,,2092.6085505617984,1383.7939194575904,7152.871536958211,1375.1762992908696,7143.554117322484,1391.7449703604443,7162.666673518895,1.698354039817498,264,0.3111616568678353,0.9084947667793452,cluster_5
3068576400018200138,,758.8552431766535,1546.6247356650745,7145.869108726949,1541.1356843567455,7141.735632172119,1552.5636823653674,7150.458777886893,1.4266840150669189,197,0.4466680681228142,0.974549535436334,cluster_5
3068576400018200141,,913.0822618809038,1594.4265253193748,7152.950787433509,1588.5507239425006,7146.887605135671,1599.5211000198074,7158.307776327893,1.3683185478966402,97,0.4051277595895795,0.9918456326657727,cluster_5
3068576400018200142,,1203.1671985304004,1577.881163528177,7152.779657616053,1570.379225554924,7146.724682577292,1586.533248844796,7157.929466462442,1.9973015653580029,289,0.3879428848132926,0.9599003170374486,cluster_5
3068576400018200148,,1928.599588366344,1497.7546550705613,7155.357201481484,1486.3904072792843,7149.126152312601,1509.3856369929351,7161.249631366288,2.1893191775700345,446,0.3176256532514391,0.9375512665293352,cluster_5
3068576400018200150,,1690.6365500283791,1549.8807021976838,7160.855692459443,1542.948136405053,7151.354054869411,1555.6950884304576,7170.135635662947,1.4941412132522716,147,0.3177851579539874,0.9324398413493026,cluster_5
3068576400018200152,,725.5792284838885,1515.4297490306603,7156.595740016491,1509.362168682591,7151.968559168606,1521.5545511956072,7160.237531414828,1.6838443149713256,174,0.4699282446251164,0.9745013698783704,cluster_5
3068576400018200156,,651.1224806756209,1435.7498634534809,7161.170875071453,1430.2650870030482,7157.374964670803,1441.7829844356725,7165.785890526801,1.0390772498736318,152,0.5017742129311756,0.9784588779125648,cluster_5
3068576400018200157,,2321.2942252450325,1425.3019461659185,7168.153545643274,1414.479830043845,7157.875684539903,1434.3155817463132,7175.98028339903,1.3946872834793076,496,0.2755247890305292,0.9388773912746908,cluster_5
3068576400018200159,,517.5111228746296,1510.9374289113205,7162.834535384675,1504.610694899046,7160.05142882446,1516.881149930722,7166.314761740774,2.0300669804102016,158,0.6076302761139317,0.9687222338870508,cluster_5
3068576400018200163,,1034.2992585128693,1491.458014746151,7169.545545212068,1483.97887302861,7163.202201336298,1498.4144974947033,7177.131621914513,1.3610612184313533,214,0.4920578410543376,0.7974832160976049,cluster_5
3068576400018200167,,2153.415564058262,1438.9442728257231,7174.229638560276,1424.8161975342352,7167.413082725677,1455.0413163735702,7184.3105729242125,3.59478371493747,457,0.3695737851050922,0.8423078770093189,cluster_5
3068576400018200169,,1888.764925545942,1479.578425455986,7176.618041883579,1468.3293287472743,7169.846744044221,1491.586574686237,7181.879077661981,1.9622954401491088,453,0.3116955878898175,0.9713650016438512,cluster_5
3068576400018200170,,268.44857417175194,1495.610986144746,7173.538563997426,1492.4668716698616,7170.09638810949,1498.8732664340116,7176.4776910095525,1.176793669507931,63,0.7555373293688444,1.0000000000000002,cluster_5
3068576400018200176,,902.9582622878526,1394.7523317029552,7186.918339372611,1388.917838342987,7178.42850609503,1399.203949576041,7193.4817353010685,2.112079079049633,47,0.4665199452597846,0.9377190918850752,cluster_5
3068576400018200178,,1073.4363983453643,1409.4668445893317,7184.714849567134,1403.9474771106304,7178.021321306336,1415.885159224505,7193.625356042314,2.113422707958855,165,0.4312695328133688,0.9288970213038914,cluster_5
3068576400018200183,,1417.830463754799,1413.2272016469285,7194.137585234718,1403.3223146863302,7189.16971312511,1422.9091476375118,7199.21909521008,2.016584526180317,164,0.3617726691265835,0.9673420138101207,cluster_5
3068576400018300009,,449.3975465877462,1524.2765687962617,7065.538623228627,1518.877515670481,7062.064887707586,1530.5238070739963,7068.767181148,1.7930957476734166,110,0.7265025443264276,0.8096168439835472,cluster_5
3068576400018300015,,510.5145366598258,1518.7467257513238,7069.7819166565305,1513.1669630888784,7066.76721405136,1525.3262522532627,7072.54016500382,2.138211241335167,83,0.6199989142590571,0.8983793134889609,cluster_5
3068576400018300062,,408.2265945282443,1557.0630766566596,7124.698892130685,1552.100468325776,7120.568703295784,1561.287299878609,7128.192939608467,2.1315961322439105,66,0.65521052566156,0.9635692261901412,cluster_5
3068576400018300081,,381.5915826607255,1576.828019611283,7143.007121494853,1573.303631660575,7139.55635399077,1580.2025267290917,7146.27933373277,1.0260682729287152,48,0.5987672299818313,1.0,cluster_5
3068576400019100016,,1579.875539788646,1748.9621362368146,7089.369086074229,1739.8153806105547,7082.140763109546,1757.5217772526405,7096.711433467804,1.9358191812280068,377,0.3279791777449044,0.9628886587976134,cluster_5
3068576400019100024,,1197.524254168714,1690.5764309360568,7095.692742726808,1681.2996790483064,7090.237858865356,1699.642966959073,7100.292546360368,2.010241749805,192,0.4162301512736724,0.8690200810482946,cluster_5
3068576400019100036,,575.969785386498,1669.2416269150897,7109.449614874791,1663.4827182577928,7104.913023539055,1674.6854666059398,7114.250769308607,1.71736646594666,84,0.6015179820130699,0.8675962314763096,cluster_5
3068576400019100057,,1280.6026716362794,1855.163258036426,7149.553121587321,1847.5048605649688,7143.457359913976,1863.1469983396776,7157.080808905124,1.5394876641066852,60,0.4013124401083154,0.8887430594396604,cluster_5
3068576400019100060,,459.7799426777463,1805.2198289156645,7150.388606002189,1800.3310057012998,7147.22414078544,1809.3004011070896,7154.710139769429,1.1702543390754407,59,0.7155879327570506,0.7909711611606792,cluster_5
3068576400019100061,,734.5166973054888,1813.203707287905,7164.103803147294,1808.105127007757,7155.433692970243,1819.844788738017,7168.5945531749,1.1216688334790077,228,0.6970985515132982,0.6698397328953182,cluster_5
3068576400019100066,,1849.867672201229,1855.051095130922,7184.403366131867,1849.078109508941,7173.455677151052,1862.18353324534,7200.02257317613,2.031460631483414,232,0.3900845727727672,0.7421122958940577,cluster_5
3068576400019100069,,1557.5560969850972,1855.6939204092143,7214.889768418049,1848.960829241105,7205.433807359023,1861.3818568149889,7221.735572271017,1.3053425596879258,82,0.3450344059282892,0.920842333685902,cluster_5
3068576400019100070,,626.9927071027516,1862.344053045153,7224.147325959946,1856.9877968306987,7220.243272107899,1867.5727665123509,7228.164263783498,1.385805709977877,68,0.4959125052282948,0.9589534976573028,cluster_5
3068576400019100073,,428.92349887752886,1890.45025449718,7263.632987637072,1887.0212674537363,7259.426524261721,1893.667221055009,7268.119719950141,1.512523995341457,54,0.6014450947016946,0.982412921072764,cluster_5
3068576400019100076,,447.1199859529379,1893.483349413864,7296.831942782692,1889.559905954426,7291.633221744842,1897.0468571516567,7301.107501232646,1.807310344751459,101,0.6196902618341203,0.9854040075980356,cluster_5
3068576400019100079,,566.4905544114749,1901.9781314372765,7326.737920310798,1898.541647299289,7321.27336570301,1904.979343190487,7332.065374967126,1.739230524517948,138,0.5255124579349495,0.9729136803573896,cluster_5
3068576400019100080,,891.6773316692509,1892.6110845954893,7343.084396386133,1885.9778344971444,7334.559833210135,1897.176276277062,7348.740040870063,1.7538115040274185,240,0.4793681959057956,0.8844721690386095,cluster_5
3068576400019100081,,367.1453517450264,1887.6958686452056,7340.04608932521,1884.2443466664856,7336.002524717356,1891.3443705596565,7344.19654446724,1.802786377645295,91,0.6770578476160096,0.978677610820818,cluster_5
3068576400019100086,,303.27625995603995,1889.6508965249448,7350.989203061837,1885.4667091936828,7348.828468084383,1893.5282128365577,7353.491908742817,1.7299062839829544,63,0.7140979071247652,1.0000000000000004,cluster_5
3068576400019200026,,1954.6800109670933,1720.3101415281485,7072.351973095779,1707.5219503242624,7066.017284563786,1731.5801290814577,7079.832755483766,1.9784181376656853,433,0.3467233968635556,0.8510290043448165,cluster_5
3068576400019200030,,1806.0163775081555,1708.5079835828396,7077.919327457784,1697.4138471863896,7071.399785027517,1718.258514742436,7083.924907442202,1.7561211742979852,298,0.3360133467133036,0.8992671983153318,cluster_5
3068576400019200031,,1485.1717934531705,1735.5416684674476,7079.347338473397,1728.72348778262,7072.381506921932,1742.7823721217308,7086.375569491012,1.3499336091842422,388,0.3285280952567506,0.9523797407008422,cluster_5
3068576400019200046,,1856.762063079785,1703.6020173000202,7092.978611642336,1694.8920689394708,7084.058405858681,1710.783323382239,7102.271888569128,1.6498166167273909,253,0.3430700718560282,0.8508982202133599,cluster_5
3068576400019200056,,291.80430425823374,1675.6301692640968,7096.850745614168,1672.546041241335,7093.34703159567,1678.1558171123006,7100.003067644161,1.20705380680246,42,0.7351068748645846,0.9585132591019432,cluster_5
3068576400019200059,,2291.3540009136186,1769.726243052945,7102.502527804084,1754.6066635256077,7094.279194801043,1780.000699814034,7113.177740388162,2.3369983856324863,438,0.3300869417785645,0.8434268370453329,cluster_5
3068576400019200063,,325.7596521062829,1683.43129319798,7099.384933648371,1679.8173819209433,7096.6416930684345,1686.7316860646715,7102.247765121208,1.236197694867528,86,0.6606778208870313,0.9989332677810084,cluster_5
3068576400019200077,,1199.4343076784935,1782.0700902337285,7116.58396810382,1774.0658893003888,7111.795630712874,1790.1094885365385,7121.946346943196,1.6757402541501774,241,0.3843731224958616,0.9229176560969432,cluster_5
3068576400019200088,,3727.649287248321,1790.1385028145742,7137.628933626364,1774.5006733041494,7123.573924424048,1802.1862689528737,7151.638421542732,2.2119101229056666,307,0.2647433403267227,0.8002650113503358,cluster_5
3068576400019200097,,400.8293346696927,1810.361653213286,7153.321705233075,1805.7028801538395,7147.009272796491,1813.2578782365824,7158.981694427019,1.937915766585608,83,0.9097034179705016,0.6626423106263222,cluster_5
3068576400019200098,,3188.4781725246007,1859.0725796679867,7162.755399008609,1848.903478929053,7147.606686798769,1867.699571843952,7175.9480816688165,1.7127857680369565,359,0.2471540888907615,0.9027234681102844,cluster_5
3068576400019200102,,597.9267548205025,1804.779466474784,7157.404256220711,1801.0602523949249,7151.539422422521,1808.2941962703544,7165.12693320665,1.9061697516640173,72,0.6219189483714107,0.8116027339185025,cluster_5
3068576400019200114,,1044.2016482615863,1821.9410383521367,7174.26950697088,1816.9204445843388,7165.399126966178,1828.1138518105893,7180.845543497556,1.7493583910376629,196,0.4407476794946331,0.88778210452873,cluster_5
3068576400019200143,,1773.2136263324262,1871.6530844520569,7238.895013120935,1863.910096475504,7229.403359065688,1881.0685664214727,7249.140974778305,2.029641928793456,355,0.3440140264206269,0.8750660410851575,cluster_5
3068576400019200148,,2063.7235368087136,1884.8018271549115,7252.634244466752,1873.3115547482537,7244.489935004728,1893.8245757400005,7260.379287089594,1.4438443712136908,269,0.3011292638632369,0.9105098164686516,cluster_5
3068576400019200167,,481.3468302939531,1879.6092948038824,7275.160640849763,1875.3682515768044,7271.664645909042,1883.740445890744,7278.642367222719,1.1717529385545793,77,0.5502576324742271,1.0,cluster_5
3068576400019200171,,2681.1951402823133,1890.164238313388,7285.04946325021,1882.1835188560583,7274.288287418147,1898.5425675658248,7298.297820696327,1.3267521032226264,480,0.2675560532603432,0.899439357603827,cluster_5
3068576400019200176,,1409.6683945562609,1899.045984563694,7300.859641680307,1894.0442143630933,7288.186502035573,1904.196162788754,7309.422128834212,2.095357387407148,239,0.3951926209844271,0.8809496146386179,cluster_5
3068576400019200188,,584.2567906323566,1885.214195454442,7314.806401540516,1881.5785538506548,7310.083993936943,1890.130043993116,7320.28242946943,1.234146717703073,97,0.5502200476518112,0.9249958699022452,cluster_5
3068576400019200191,,2499.142357250643,1891.7564917153943,7324.4980865595,1883.761657551008,7314.91191851863,1901.101514812428,7334.160446260479,1.2002521804416604,746,0.2461739386706156,0.963511321444646,cluster_5
3068576400019200200,,1004.5094300490211,1901.6766931770176,7337.160052756088,1896.535909365906,7328.722670015826,1906.7974122694184,7344.198303078751,1.623121204179358,229,0.4679401152635912,0.8311151391003055,cluster_5
3068576400019300012,,248.49623854721224,1671.0525799470392,7100.735451424313,1668.140192505405,7097.977510104178,1673.9457260996471,7103.348834706492,1.1061522642854942,85,0.7680081995224296,0.9999999999999998,cluster_5
3068576400030100006,,507.3640484787708,1326.3004808290327,7360.751933166755,1323.0599800766254,7354.437185793927,1329.2520819556669,7366.395588684637,2.054258084770564,131,0.6006103555916854,0.941872275445236,cluster_5
3068576400030100010,,1292.1650083804632,1345.3668738324052,7420.083636662703,1338.696538957947,7412.322594557065,1350.490240415727,7428.891365801111,1.4316316700232832,260,0.3749942389561552,0.9369392766451924,cluster_5
3068576400030100019,,512.888728547026,1353.7383397203355,7460.498404609686,1350.0647439941977,7455.762471854923,1357.6056820200452,7465.3430731899825,1.3389746734250774,122,0.5506164941392698,0.9708027579127554,cluster_5
3068576400030100020,,683.8743845179142,1360.7037637973465,7463.230821910235,1355.6392098999663,7458.189809742119,1364.9470117762214,7467.968725677331,1.0883874834639993,31,0.4692823612583626,0.9550673674627216,cluster_5
3068576400030100028,,1857.3319228477897,1360.3886319893377,7496.560774950034,1352.069894307586,7486.5555863227555,1369.4422904152646,7506.046086977548,1.6817074457925087,157,0.3228749826109854,0.8692084213079189,cluster_5
3068576400030100031,,810.5783378138926,1359.7381671771916,7523.131158131356,1355.5663285290118,7517.023895228451,1363.9415475633607,7529.52123237761,1.606573937322452,181,0.4544098371031352,0.9451235459686538,cluster_5
3068576400030100034,,329.9669950578965,1362.345310458375,7543.189545939619,1360.0572533956802,7538.5388139738,1364.6125548760454,7547.864474803154,2.1929436180070887,107,0.7190276986727688,0.9831294072671392,cluster_5
3068576400030100043,,1570.9492435911352,1381.9122317064234,7574.53114438877,1375.765597353326,7566.677981034073,1388.5104998730208,7582.660036003868,1.0569738934310635,49,0.3044665690925108,0.981998140289574,cluster_5
3068576400030100048,,703.7436743434426,1383.60742514762,7626.525435344914,1378.566596046822,7621.924431947081,1389.0785411995582,7632.095523120733,1.088078244863672,113,0.4727475601204096,0.9687678677113468,cluster_5
3068576400030200005,,827.8504877445631,1341.8675693629325,7410.883673059229,1335.9916140293485,7406.848772546106,1347.8976792258766,7416.021895067272,1.3521183751542512,94,0.4362611344073611,0.971082565228898,cluster_5
3068576400030200012,,291.7002213840179,1354.9537423178892,7442.375520614653,1351.0435902653508,7439.87858024957,1359.107369510437,7444.890371955099,1.5710802644059672,78,0.7417486544307424,0.9672824641786316,cluster_5
3068576400030200018,,1416.718413538723,1363.076257339817,7453.807273787773,1355.571233164889,7446.670258462846,1373.7948871232577,7460.170356939361,1.7622626489337418,76,0.3803850583847697,0.8828285440072156,cluster_5
3068576400030200027,,1644.7008413267797,1357.306259128021,7472.490596018448,1350.286522220839,7464.846967039684,1366.5213122118712,7479.982852418191,1.0950832312461125,223,0.3207020069715481,0.9054618762206836,cluster_5
3068576400030200029,,1337.2742817510043,1355.606170614139,7486.799284377101,1350.1994604911908,7479.124369419242,1361.7389048106777,7495.698119175942,1.5371073105025024,304,0.3525120015991271,0.9490979624901932,cluster_5
3068576400030200031,,2450.4120163540924,1367.866236402102,7504.154096511193,1353.2717458022505,7495.521342062488,1378.8744427603174,7511.419096142958,1.736054719269538,75,0.2880904344313853,0.8731999259630504,cluster_5
3068576400030200032,,1657.8425004809783,1363.8758102665572,7517.063533408386,1354.3443662963675,7509.987180076588,1370.8887962467034,7527.744660913764,1.0550582959045278,138,0.3885888920825614,0.7574735974713269,cluster_5
3068576400030200034,,1148.0977583398665,1367.0175747009048,7532.726101739828,1360.0808537521727,7526.834711625441,1374.1850116943822,7538.579151239704,1.4450024720943455,80,0.365976575314606,0.9931683783130828,cluster_5
3068576400030200039,,500.1971625044529,1365.0547344049044,7553.153077329021,1360.4530658661188,7549.705832943822,1369.8350572784375,7556.945179838741,1.425874125158222,139,0.5739739389760835,0.9471283922244466,cluster_5
3068576400030200043,,2271.788181485914,1369.1938100062307,7563.563791599634,1361.3569344818077,7554.205078211543,1377.9241231612182,7573.285874297109,1.057866256243268,391,0.2578075540944728,0.9623052254398984,cluster_5
3068576400030300018,,445.8374616098554,1372.3330651588767,7575.209314465398,1368.3123540441268,7571.327633561037,1375.9777767756616,7579.30708158714,1.0719096437213325,105,0.5618078777824406,1.0000000000000002,cluster_5
3068576400031200128,,2187.977401605283,1383.9344764893085,7601.98029722664,1376.658149543431,7591.218212535592,1391.1535590510289,7610.643685036927,1.3812512778626278,181,0.2804538395651991,0.9181501224711776,cluster_5
3068576400032100004,,966.829377611656,1902.1978317788285,7353.892230373784,1896.867190415152,7345.208656269991,1905.7103302070216,7361.898224188153,1.904130180152816,135,0.4642023804150367,0.9088833343606376,cluster_5
3068576400032200006,,1206.341056250719,1892.485299566928,7356.613059380063,1884.465715277492,7349.9811604753295,1900.914465265464,7362.162266684078,1.2473997575224052,168,0.4425229896323626,0.7921865641898839,cluster_5
3068576400032200017,,2773.7803885991693,1886.3004359976665,7593.6844617024335,1878.685196463886,7580.687978171552,1894.9083129425155,7604.578132287633,1.506956585168567,91,0.2583543717374939,0.9163152494717558,cluster_5
3068576400032200021,,563.3689624992833,1872.126630007413,7617.248834296085,1868.351751416196,7611.536928474408,1875.2547744002625,7621.946608795232,1.5670649769904097,87,0.5213826983723021,1.0,cluster_5
3068576400044100003,,741.2875577605519,1389.9155612045174,7632.353739443278,1383.494181512663,7626.443018523573,1395.4561628187732,7637.756349820993,1.1685915135764622,92,0.495470833355598,0.902588377771,cluster_5
3068576400044100005,,511.2543829421752,1397.9271076535854,7648.193231302181,1393.2898806635344,7642.3848907058,1403.098612010774,7653.0755787205,2.8279640891462003,68,0.6364057585819108,0.9502750092004458,cluster_5
3068576400044100006,,878.3606632282451,1394.1049449703023,7651.521054384319,1387.6724333014608,7644.118652879481,1400.7101434137928,7659.203616715547,3.392346962173688,84,0.505419244279189,0.9669128420606276,cluster_5
3068576400044100007,,1438.2028797961418,1407.563569144009,7660.466381591623,1400.2358047978737,7652.446601638256,1416.3466284818005,7668.128983762333,1.949147741963003,203,0.3640438528893996,0.894196034040514,cluster_5
3068576400044100012,,528.1124153745429,1443.3870918841387,7700.868259927875,1438.4217472231485,7696.616791687661,1448.1303948592897,7705.5389363187505,1.045043452477675,185,0.54773164699597,0.9581211574400345,cluster_5
3068576400044100013,,405.45763969023545,1448.4131351743056,7705.761600126483,1444.3708123784268,7701.89736088653,1452.1428868587786,7709.345250385578,1.0932052672525503,114,0.5907703687319922,1.0,cluster_5
3068576400044100015,,1420.853806151432,1462.2375045287497,7712.782478140971,1452.2310923028213,7706.96166938764,1473.288838115206,7718.914284464752,2.828222218772199,412,0.4031484671200318,0.9361378839530864,cluster_5
3068576400044100018,,1436.695959067832,1487.1383709544732,7721.954778942445,1480.8041151973748,7714.170878456789,1492.9785862042777,7729.605256029593,1.4858526721616852,294,0.3323808501485237,0.9594206388072164,cluster_5
3068576400044100022,,598.7293677761232,1496.7214437287953,7731.76731971666,1491.9744497844,7725.861143881135,1501.2889958842838,7737.619886671717,2.43782951995295,148,0.5678368268044247,0.9421817353465016,cluster_5
3068576400044100030,,2005.5821313881013,1512.6054349805088,7737.744184217763,1498.7957712172124,7731.458678540448,1525.170747375967,7744.009050285463,2.145097032130829,698,0.3324736438110415,0.8754186832711861,cluster_5
3068576400044100033,,973.8909520694502,1631.2304419732586,7743.694597304136,1624.4910984619942,7735.087386633733,1636.8053459079706,7748.688359062926,1.5580685588197365,187,0.4635546245394101,0.8323960982429531,cluster_5
3068576400044100037,,314.0768524954328,1649.359071011795,7740.3686162678705,1645.7205239893892,7737.145368560468,1652.8989194485932,7743.548019149337,1.5953456879059988,209,0.692223317717737,1.0,cluster_5
3068576400044100039,,290.3550881456542,1524.3704254894474,7743.502695140284,1521.2453629774786,7739.628157429328,1527.4746524872596,7747.026748696448,1.531696002634668,104,0.7809737670269474,0.9126195022230876,cluster_5
3068576400044100040,,1276.7679277822556,1533.7446607492368,7744.827419189098,1525.7779032945473,7738.724336900369,1541.789382456478,7750.684680742979,1.7000484389221433,518,0.3734157091281172,0.931341533591681,cluster_5
3068576400044100054,,674.0678630521276,1650.7546942831725,7749.727929301376,1645.2485053969328,7744.662111436478,1657.2048529749163,7754.992715481069,1.9683250578603784,222,0.5288164511775367,0.9127171508948124,cluster_5
3068576400044100063,,392.2863547040098,1654.839983854759,7752.864659354875,1650.139074098786,7749.441276372709,1658.9139154498114,7755.542525785107,1.6218389754081304,127,0.6391852121310154,0.9850873064635725,cluster_5
3068576400044100068,,424.5325837428997,1590.271026781713,7758.029401038644,1585.5329666537584,7754.037431154658,1595.054262653374,7761.390964143683,1.3644918883091983,101,0.6309790247465425,0.9525283029785891,cluster_5
3068576400044100070,,325.9058685346191,1671.429375684455,7758.58233573119,1666.6777741200588,7755.305789525668,1674.5736622835857,7761.96085051485,1.4091036257994525,114,0.7324901327631589,0.9609257804944824,cluster_5
3068576400044100071,,485.92457798860266,1650.0828866881316,7758.446200768886,1646.0727505943582,7755.064937630984,1654.8953866399515,7762.201894277332,1.226989339771377,182,0.5621325257179991,0.9843313109187398,cluster_5
3068576400044100078,,469.7018470111159,1638.1163354254106,7766.755886982612,1634.154772076104,7763.041054640549,1641.851493222932,7771.192462855662,1.0068193201733475,132,0.5652555840017751,0.9830814318900905,cluster_5
3068576400044100085,,613.3751965887924,1641.0351857994008,7775.804220211698,1636.5797009837386,7771.272433609453,1645.3061354425315,7779.971048824604,1.0361594450474256,192,0.4814982540325866,0.9906712860773924,cluster_5
3068576400044100086,,674.9383529402279,1650.3622560141152,7775.1087955458,1644.8919203521375,7771.339913078027,1655.9398763165304,7778.863037203664,1.4501717185721814,236,0.480706837502943,0.9761481479583298,cluster_5
3068576400044200026,,1771.7910971721228,1432.2480125226425,7692.188359284234,1420.081757981396,7683.740654426827,1443.2896817434826,7700.733784816791,2.7399366409931987,459,0.3616976957683028,0.8971349252505081,cluster_5
3068576400044200031,,1067.036159721999,1478.614554028221,7719.686036140955,1470.830384614804,7712.5884206459905,1492.7063586927627,7730.179653004317,2.10460593123644,283,0.6825403759553736,0.483874116200347,cluster_5
3068576400044200035,,2319.130367174832,1650.6159357967424,7723.374040557146,1640.1700832986146,7716.481193165757,1663.3588695166936,7731.6639002975935,1.7920575201627775,109,0.2837973936324291,0.9123183625236106,cluster_5
3068576400044200040,,717.7676447042572,1658.3170862260522,7733.061956105789,1651.1726025315331,7728.488958953285,1665.2144448000306,7737.564668360799,2.043775231271915,209,0.5462723883997943,0.8724964203959393,cluster_5
3068576400044200042,,638.9111585780172,1648.1372201232136,7732.768150681476,1641.4448370484854,7729.235490415784,1654.0917788895088,7736.417429790325,1.7712558557493714,214,0.518192665495678,0.9579273796511916,cluster_5
3068576400044200044,,1916.1421984808644,1618.232678434173,7737.007917898801,1610.636803092587,7729.545075197218,1625.8535396658935,7746.13452925351,1.0175154976022474,386,0.2876053151935714,0.9609431405918611,cluster_5
3068576400044200045,,1017.1593690073748,1629.9846079947736,7735.258971466682,1624.812554517681,7729.936437002532,1635.8060951565694,7741.84434925739,1.2226913591148505,254,0.4017781314686487,0.9580193816144894,cluster_5
3068576400044200048,,1465.64182101884,1641.0917878565415,7740.220482066922,1635.759130183637,7730.73161089536,1648.0727604577298,7749.735631227959,1.0571093715415276,486,0.3758182791855974,0.8764822760965392,cluster_5
3068576400044200050,,943.3206181336312,1606.9916128557522,7737.373508547267,1602.6787842984666,7731.257261368433,1611.8448891403464,7742.713086320166,1.335614364354502,75,0.4012908862084611,0.9934258607745589,cluster_5
3068576400044200052,,1037.935423085449,1557.2461921653737,7741.170928783131,1550.260150018794,7734.894071634424,1562.4908130688225,7747.949464796276,1.1713413530562409,31,0.405279339943876,0.9350701871708852,cluster_5
3068576400044200053,,457.7892242493343,1659.8906439916286,7737.605880414237,1653.866434341953,7734.014913340411,1664.8955963867236,7740.223552710509,1.863745758980504,209,0.6386903616978613,0.9671302641269038,cluster_5
3068576400044200054,,1925.046877404931,1596.2996502032818,7748.277300258176,1588.138075892395,7737.314948077343,1610.567909670125,7757.704986000375,1.405585406938166,399,0.4016366706095103,0.6616551179328721,cluster_5
3068576400044200057,,646.1554574773076,1657.5236028688016,7743.109502434009,1652.0494064937852,7739.587453238511,1663.6682343841244,7747.298441498486,1.606236615831707,202,0.5126333683539553,0.9597352215647204,cluster_5
3068576400044200059,,2482.1824413452896,1582.200963016536,7749.645890169819,1574.2630478092185,7740.03812244334,1590.1496625789778,7759.344623874804,1.327575299372918,301,0.2570339177374076,0.937419629818828,cluster_5
3068576400044200061,,1513.4122391123433,1553.6372840237177,7750.187841053826,1545.44082285377,7741.8491103433025,1561.7305020513622,7758.483884069732,1.7477269580274033,335,0.3635868559488359,0.8793052471162788,cluster_5
3068576400044200062,,401.46719460809095,1646.8199744733283,7746.867540340756,1641.8373422365282,7742.560142066426,1652.2981842127183,7751.19717818011,2.811895007781984,169,0.7506926249248841,0.8945971633727304,cluster_5
3068576400044200064,,1047.829286666754,1606.846624899006,7747.054478388329,1599.4337272506775,7742.361412301838,1614.441235686559,7753.988513447925,1.2364165430967569,263,0.4304882071450192,0.8746035718936921,cluster_5
3068576400044200065,,575.9555932691901,1662.091966315589,7749.109708092487,1657.541578984596,7744.435499548385,1666.3321258397652,7753.290692901024,1.121277544379449,170,0.5326084622027621,0.9463027801638464,cluster_5
3068576400044200068,,983.0595397274628,1568.9178825646436,7750.595526870042,1561.6028983509314,7745.841699183476,1575.77549216722,7755.564728976022,1.754671587767476,224,0.4051781781575613,0.967248180635682,cluster_5
3068576400044200071,,915.062796376953,1544.9204172972445,7751.011936096009,1538.830960527018,7744.295315479644,1550.8009815449657,7756.180757918518,1.4149886155891958,306,0.4536785604981431,0.956268335137916,cluster_5
3068576400044200072,,1483.8377402324672,1640.316320401769,7757.109769555805,1634.1449154419188,7749.416522665097,1646.4441051752651,7764.697051242686,1.2529726458036148,347,0.3360999421833829,0.9212714411531342,cluster_5
3068576400044200079,,2651.148302737084,1575.619114438501,7764.012280459508,1558.3886447863113,7755.732274051136,1592.99684062724,7772.411259026667,3.060968752670521,675,0.3368894792573612,0.7849599842175773,cluster_5
3068576400044200080,,444.57624329101975,1655.8572879333458,7760.003241519146,1651.2542957112464,7755.756137089837,1660.3089807484623,7764.076112802515,1.597476181198822,147,0.6234497643448423,0.9530877232834808,cluster_5
3068576400044200083,,589.1934646469779,1658.3214912781148,7764.664952099897,1652.8122842237713,7760.228210397949,1663.7882213593905,7769.499851810593,1.6726860288862613,211,0.5429461884838124,0.9488007096704022,cluster_5
3068576400044200085,,458.6191242046598,1662.7942067396657,7768.01865885129,1658.1587001824414,7763.43417319042,1668.4891267687417,7772.17219885297,1.9501555053634296,158,0.6497058346841319,0.911651434171302,cluster_5
3068576400044200087,,547.4092383706148,1646.0039700734308,7769.173068629249,1640.9713565100683,7765.083878674883,1650.4435150296338,7772.734785939707,1.293162916404069,137,0.5217459167639323,0.9742998026580412,cluster_5
3068576400044200089,,191.1939219365775,1653.4823934964404,7769.395221098062,1651.0303800655588,7766.747351525566,1656.573024687818,7771.433791031937,1.59229811679179,62,0.9028794290416534,1.0,cluster_5
3068576400044200092,,1551.0890953418527,1594.9595942313083,7776.3302193833315,1584.676555326539,7769.6885464488705,1603.3141530906616,7783.535951227002,2.112697999684669,412,0.3522632731529559,0.9179449760072574,cluster_5
3068576400044200095,,939.359042956358,1658.4739009829352,7778.316784124072,1653.509944853543,7771.243503704667,1662.634425095369,7784.932772715554,1.5103692585383284,315,0.4223732043819345,0.9346442363903537,cluster_5
3068576400044300001,,946.3426380240224,1417.7392556072898,7681.522933958464,1412.1589636740723,7675.263103181142,1423.1730653752447,7688.046995237159,1.7874579462279805,327,0.4131205419926278,0.967033855431495,cluster_5
3068576400045100002,,985.9657933971798,1854.6411483758848,7640.409181128867,1848.8695086138416,7633.832578937079,1860.5714892653737,7647.837512851215,1.640511695537501,351,0.4269899941878385,0.94108736751904,cluster_5
3068576400045100005,,1005.0151325316068,1847.479835467292,7650.796407164484,1843.8993829013184,7641.947729220751,1851.8246321991296,7660.063552834945,2.378933023278264,354,0.4461334200883526,0.9273288727384807,cluster_5
3068576400045100006,,942.438576426474,1836.8537930845928,7656.227131786125,1829.0190252535529,7648.126721753935,1843.705758025585,7663.383142624526,3.3705082386276435,182,0.4982070932419069,0.9193559191666256,cluster_5
3068576400045100012,,947.2922910601995,1817.342662216472,7675.451923598533,1811.0878830912443,7670.58416370761,1824.5845390349737,7681.380231234574,1.6615353250908222,207,0.4397256091978377,0.9243681393746248,cluster_5
3068576400045100015,,1519.065855793323,1816.539115001368,7686.306416484678,1808.5571674753376,7677.252086704602,1825.3553912434647,7694.647926088127,2.185796425980376,637,0.366305098101456,0.9127721612698954,cluster_5
3068576400045100021,,286.6332809682406,1758.4615355609492,7690.603912994106,1755.166130035508,7687.547073290058,1762.1379407437548,7693.352855965622,1.1728502520186297,41,0.7119705793838024,1.0,cluster_5
3068576400045100025,,754.7688162797347,1766.0165419819675,7699.9479175195165,1759.9027966463427,7694.864368461828,1772.5248702583142,7705.644281553958,2.01167101840144,232,0.5238287583750098,0.8959059319450607,cluster_5
3068576400045100026,,318.51941127144124,1814.9089484339024,7697.291137385765,1810.874832158136,7694.788254362354,1818.7524200016576,7700.274677346888,1.650055200928551,150,0.6938627036319492,0.9999999999999996,cluster_5
3068576400045100028,,822.2812789091108,1721.2328222756696,7700.730423984715,1710.9139914299894,7696.312626696513,1731.2214317038886,7704.152555676426,3.232145178584441,168,0.5992277767066622,0.8464048176447267,cluster_5
3068576400045100029,,687.2282533930762,1755.8424234001782,7701.869785916476,1749.333876351662,7695.761523842805,1760.6259651873904,7706.782669872659,1.3809741979782426,244,0.5401786636317106,0.834793112538971,cluster_5
3068576400045100030,,1487.6478787444591,1775.7960420193126,7703.244446255588,1767.0862567485708,7695.7420151024035,1784.3146326451413,7708.686699600767,1.102101971323482,300,0.3515808539833071,0.8915365737869759,cluster_5
3068576400045100031,,1649.5812104027066,1810.1372521969784,7705.105333122526,1803.896432657732,7695.901677225308,1818.6368077942427,7715.214498828058,1.5055754725903023,519,0.35912809373253,0.8566007856055627,cluster_5
3068576400045100032,,943.5818937650216,1746.87036628924,7701.678253670268,1739.9403733988206,7696.725976098488,1754.147845177292,7707.919048350975,1.6948161372521888,300,0.4506888296506049,0.9343766694023418,cluster_5
3068576400045100039,,626.0372475150897,1768.4936060403438,7710.125612597838,1763.1052478107786,7705.887111804161,1773.518758473973,7714.579465913283,1.7032676048106965,267,0.5037756343728871,0.977102505396162,cluster_5
3068576400045100041,,1293.7257386187273,1676.830947434,7715.330648066692,1669.9306598607438,7708.375643915984,1683.5057694259965,7721.624628737768,1.0604959824238855,228,0.3791463446729132,0.9085613466115232,cluster_5
3068576400045100043,,776.138061068793,1725.1692126501273,7716.313330713207,1718.824993878081,7709.522148698351,1730.6382309129874,7721.263322866898,1.0865991912842377,296,0.5058428948981121,0.858338715802797,cluster_5
3068576400045100044,,307.64606863555537,1737.6218747472103,7712.117373496583,1734.7765538254162,7708.807810879562,1740.412256974834,7715.49224037277,1.2676025318926538,143,0.6966269801303006,0.9829390626319586,cluster_5
3068576400045100045,,745.1509228826455,1744.7114235719876,7714.89672719055,1739.9999355965906,7709.434803703189,1751.1749906709704,7719.272135271551,1.0987325855953196,297,0.478291392978262,0.9629802882281556,cluster_5
3068576400045100048,,2053.9072660346696,1704.1900198272176,7720.574790256359,1693.2472560806823,7712.391764891145,1713.6536465835577,7728.675246521926,1.5994334032844897,886,0.3035096438838349,0.9145948439979378,cluster_5
3068576400045100050,,1749.646345465147,1794.9634142129066,7723.917258599844,1784.5373089993989,7715.841044186365,1807.6438444448445,7734.346784082926,2.7618501298763207,441,0.3775266956603268,0.8435482949066462,cluster_5
3068576400045100052,,1768.7026221565898,1768.927538637288,7724.3097043868975,1759.1578404640177,7717.146940082551,1777.5069461295946,7732.369960478198,1.08427508517554,637,0.3184642333558609,0.9191719897617606,cluster_5
3068576400045100054,,888.0140899600135,1746.8595841767878,7721.978443675994,1739.7398759492835,7717.460793897291,1752.9857402799848,7726.730483718948,1.353889301115771,371,0.4365677406650111,0.9603246583520628,cluster_5
3068576400045100057,,1865.750956266751,1669.0141192612425,7725.05713798944,1656.0084576081574,7719.365942365265,1681.3556023303438,7731.721107855889,2.0111786034477013,595,0.3551765861486799,0.8603961127412284,cluster_5
3068576400045100060,,395.1407483124401,1737.2826150018066,7728.14329102497,1733.8570535126262,7725.022068041314,1741.157868987267,7732.348229267949,1.1577177725128427,198,0.6103206515533927,0.9999999999999998,cluster_5
3068576400045100061,,273.44033215697283,1745.3590357080902,7727.738245161992,1741.2653573509965,7725.129759154739,1748.9336018145011,7730.615524371073,2.060269854126928,134,0.8041483547589205,0.9743002449713336,cluster_5
3068576400045100062,,1451.594232530421,1703.4909525323303,7734.146037041281,1693.7472171871989,7725.721427676042,1713.613443172837,7741.458693958579,1.1980800391935087,390,0.443444395915911,0.7008607235084982,cluster_5
3068576400045100071,,479.39165231999135,1786.2162901819063,7736.152703446206,1783.2098016843647,7731.490499844641,1789.5698878226874,7740.762040767009,1.521372765716135,124,0.5582269790998057,0.9928004340462792,cluster_5
3068576400045100073,,1965.700263515689,1695.2043729994896,7742.543572642579,1689.406035732755,7730.86986205995,1702.5497608107935,7752.146766996413,1.6188920193956844,480,0.3019383960744392,0.9510273604860712,cluster_5
3068576400045100078,,931.8924444413326,1730.0180386622285,7738.239145865299,1724.8033454236454,7733.559176324137,1737.5717327303516,7743.984517421391,1.3254883394857784,423,0.4319045422245194,0.9440735701731462,cluster_5
3068576400045100082,,308.1027416844055,1666.0349902583405,7738.831569876131,1662.854405898037,7735.808901029484,1669.845862532418,7742.711374707234,1.6827874528534892,146,0.7370754258984065,0.9716370483535374,cluster_5
3068576400045100084,,939.9474496488432,1672.4210536912576,7741.724773601878,1662.925879674623,7737.225422830626,1681.9197212190052,7746.545367131996,2.6180850366434667,368,0.5231477795072396,0.8339586826179528,cluster_5
3068576400045100095,,639.5432718707452,1768.5700765848053,7747.489322664463,1764.5516935655758,7741.984765023032,1772.6505347224363,7753.637797325844,1.5444785367132603,168,0.5124421281204187,0.9332720939915312,cluster_5
3068576400045100099,,526.7180875272867,1669.3176571359784,7748.631289699128,1665.0502823082584,7744.657032268111,1674.3652125933536,7753.493543396891,1.6510405319363597,221,0.5854490983457848,0.9481049827584138,cluster_5
3068576400045100100,,338.62830609123495,1675.0127305240362,7749.221107589865,1671.8543001826638,7744.873765751691,1677.9952929528768,7753.056265178334,1.5357664193968077,134,0.6726582655851405,0.9929526389660096,cluster_5
3068576400045100101,,492.9316379122454,1753.16186002545,7749.18171393336,1749.5417499285345,7745.435039981989,1757.4063670170597,7754.132977171598,1.1162103047069043,164,0.570486949937563,0.9608125241582026,cluster_5
3068576400045100102,,461.4739067001112,1761.761307513587,7748.637039289518,1757.383258225138,7745.420633772099,1766.592924433867,7752.594306016459,1.3732002776846906,143,0.6545371780256737,0.8401135220798941,cluster_5
3068576400045100106,,787.2195607534002,1734.103619326561,7752.334346467587,1725.8689376034918,7749.098589717494,1742.986451910964,7756.320707955779,2.4688928956935934,346,0.5686387443962829,0.8143418925549962,cluster_5
3068576400045100111,,299.9233516283545,1755.6508230546774,7754.478241145248,1752.3319631405757,7751.265228034821,1758.9246424636754,7757.800546275159,1.3098528325929393,134,0.6998538553454797,1.0,cluster_5
3068576400045100112,,522.7386425961969,1685.6934777278673,7755.123321738696,1681.027362244489,7751.812537981657,1691.7727528263397,7759.257972602607,1.8095810396411705,215,0.5942519061768295,0.9157501795757016,cluster_5
3068576400045100114,,512.4176253476071,1722.247253949859,7756.914155441737,1717.9984117819454,7752.941800418504,1726.5459043546869,7760.621582939695,1.1457434871602592,86,0.5286773710301654,0.988284209306001,cluster_5
3068576400045100115,,416.34090675982577,1661.832949266875,7756.110156633877,1657.6661040619774,7752.917971219143,1665.5162667249508,7760.161576565074,1.1066956776280663,187,0.6216687883288846,0.9524512858158104,cluster_5
3068576400045100116,,455.0441576682731,1677.3902321957028,7757.510302487661,1674.1571641517708,7753.253815352395,1681.0162945718318,7762.151742111961,1.0436417842648391,158,0.5867866624098347,0.9597017277783444,cluster_5
3068576400045100119,,463.1937183209127,1688.4354566645848,7761.088749390053,1684.6433349668366,7756.229595609548,1692.9344854192996,7765.018880952728,1.137615084462415,184,0.6027831389276278,0.9085907073011934,cluster_5
3068576400045100120,,290.4229034934116,1692.4264332130138,7758.291013239357,1689.1376201522908,7754.599895475903,1696.2995237887014,7761.683804252191,2.002578502916674,79,0.8016828091939646,0.9104232519608916,cluster_5
3068576400045100125,,285.5515406817818,1755.161545344839,7761.479241309579,1752.3582402411569,7757.510175526147,1758.50878267027,7765.039421573836,1.9940354124908288,94,0.7698701995263165,0.9733848295228912,cluster_5
3068576400045100126,,381.86998766297546,1667.290758870016,7762.439225144757,1662.9366874110533,7757.924100361717,1671.886380063689,7765.830515175338,1.3178315640585792,146,0.9123178850019642,0.7972772773246333,cluster_5
3068576400045100127,,301.0458754570519,1681.198430168614,7761.961766890499,1677.9310595382883,7758.733442707557,1684.492207862563,7765.472661869909,1.429032228929903,62,0.7135543120483626,0.9707075694376798,cluster_5
3068576400045100129,,964.472718521046,1708.3676099530535,7763.8504299771585,1701.271703465494,7758.702423543455,1714.4445731704554,7769.489845083993,1.0226692490944662,227,0.4458042400235707,0.9189814004020106,cluster_5
3068576400045100133,,279.23271256609263,1750.4774629424642,7764.452689766716,1746.8575666122758,7761.415345350586,1753.8347094173653,7767.278301016515,1.3855714258076854,112,0.7337720325011253,1.0,cluster_5
3068576400045100134,,508.2079289192772,1673.8300173352366,7765.074932858167,1669.5047067338933,7760.691160681523,1678.306876293356,7770.110215012264,1.467326899531557,187,0.5634695884251891,0.9571620609156748,cluster_5
3068576400045100137,,270.20178845344503,1742.7118086474222,7765.129483318254,1739.294722952751,7762.821206451468,1746.7203020413012,7767.398878335458,1.5747006454115824,119,0.766260297024625,1.0,cluster_5
3068576400045100139,,1213.8885918408648,1701.6659082971382,7770.960633539989,1696.1135640782863,7763.142601375361,1708.397348111184,7776.790946051777,1.1299949975172443,395,0.3618503417919863,0.9473390257731892,cluster_5
3068576400045100140,,886.7675565198421,1691.6049807302422,7772.742453953875,1686.5267010593575,7765.114581684445,1696.6311411637255,7778.171539273419,1.0824736999613256,338,0.4444657533944674,0.9192531850960916,cluster_5
3068576400045100143,,598.9683760236638,1676.2365593088432,7771.119160098714,1672.016145165139,7765.597015706452,1680.4314030598214,7777.143206311934,1.4211938067411043,216,0.5417144672984812,0.9696078643978104,cluster_5
3068576400045100144,,417.9826414971571,1683.0215243741118,7771.078983242246,1679.0332074760904,7767.550126216129,1687.698945940748,7774.334177738698,1.1754985345651885,104,0.6119215723798677,0.9813246141835648,cluster_5
3068576400045100146,,328.68715233981817,1741.6526662641918,7769.309974342135,1736.7932611922818,7766.995395337495,1745.9451245373402,7771.421282650498,2.256103301240356,110,0.730193929795942,0.9934816941208556,cluster_5
3068576400045100148,,675.4079596055465,1744.4367093518763,7772.3298004944445,1737.5634768741315,7766.189882627108,1749.6879266087303,7777.29982446749,1.6848485969091789,224,0.6056734294622695,0.7619105818338027,cluster_5
3068576400045100151,,480.67005499499,1754.0859206926232,7774.113812477741,1748.6048042697876,7767.634494509676,1760.6991683497415,7779.826950189476,3.206039127039788,193,0.8450569186769663,0.7712944588566584,cluster_5
3068576400045100154,,685.3789996263741,1681.2139324105813,7777.360137612021,1675.7822777255817,7773.2522196494,1687.8956192595235,7781.807999273275,1.434639222452331,279,0.5136974215460074,0.89212618231496,cluster_5
3068576400045200002,,604.2375364729661,1855.725277013428,7628.889523946557,1850.847916690141,7622.506813978407,1860.9367057920324,7635.663994508417,2.5810403517338325,116,0.6289906865218745,0.8229648423645303,cluster_5
3068576400045200007,,1505.5454336622204,1839.402624813352,7668.438433478687,1832.2769482204187,7657.436389662131,1846.7228792010765,7678.408293296594,2.5059378222176165,479,0.3817155215505154,0.915195560340648,cluster_5
3068576400045200014,,1596.818992791886,1826.1984999413503,7684.944929420236,1816.9445824998063,7674.492633428342,1837.448105821168,7697.34672501056,3.141466712383951,469,0.4287595149108663,0.8505647990321905,cluster_5
3068576400045200015,,528.8419604933324,1807.826719500326,7680.152400434623,1805.2773847139115,7674.439149355041,1811.1102434130307,7686.262676540312,2.0692095610134564,62,0.5841765337450523,0.9725579790718212,cluster_5
3068576400045200017,,873.2845940529747,1801.3738622982496,7685.430129875118,1797.076065592716,7678.184554225237,1805.169386459885,7692.267111527513,1.740022116187541,84,0.4687884343319753,0.9113914387357848,cluster_5
3068576400045200020,,389.008427545946,1809.0976000595724,7686.823081150347,1805.2773847139115,7681.371595698374,1813.262018206853,7691.710757779237,2.656460962511271,89,0.7540084697595211,0.9237360299053816,cluster_5
3068576400045200023,,751.2631059504879,1791.474868783198,7691.092248705652,1784.7272586089252,7686.142270381839,1798.3396613974153,7696.382374560821,2.499484260459274,191,0.5097983882830076,0.935386135300002,cluster_5
3068576400045200025,,1747.311390159919,1721.7892855086434,7693.434216367495,1710.570153259569,7689.057788903217,1734.1867873345316,7698.439748217702,2.54167624744686,376,0.3353507886629824,0.9618782919782892,cluster_5
3068576400045200026,,1713.040278527005,1797.3457799209189,7698.980272043153,1788.8689283484212,7692.279490168549,1805.486143895517,7704.78736179954,1.3378761135849453,175,0.306062275970211,0.9493855559303188,cluster_5
3068576400045200036,,798.2009231246826,1737.0024610638063,7705.418642290272,1730.4104420942588,7700.81025144225,1742.4224008707622,7710.909254489537,1.0269776269478568,273,0.4882351159123756,0.8865563942808353,cluster_5
3068576400045200037,,1430.9663569735094,1687.8326787829135,7712.188435387318,1681.4409479200583,7704.075996113826,1694.5016339230317,7720.529276668892,1.4235905919611338,339,0.3507888732057096,0.9197059769060218,cluster_5
3068576400045200038,,1593.7344414480608,1717.026241284845,7711.352335119197,1709.814165481387,7704.825145235652,1725.5831730700131,7718.845749959291,1.236385690042144,275,0.3216641083406414,0.9472820095524572,cluster_5
3068576400045200039,,1196.9553597413233,1751.2652611353292,7710.224214831187,1742.1024589659914,7705.038946212545,1758.513139210776,7717.759616630283,1.21851456037748,501,0.4317172810036495,0.8227827803179276,cluster_5
3068576400045200042,,716.6242651042121,1730.34223005177,7710.921503506536,1725.1291728027952,7706.143322537107,1737.364128419366,7715.763000377658,1.925054817622044,253,0.5188010665018691,0.9175620913873156,cluster_5
3068576400045200043,,1333.9522312004683,1761.5874654010508,7715.480398449626,1754.868918328214,7707.44573917743,1769.6684187256392,7722.090897285208,1.0625694098036025,539,0.3512452427509441,0.9283344391587786,cluster_5
3068576400045200044,,601.9252074576184,1804.76159855426,7713.377618131969,1800.641333209757,7707.624325864467,1809.99668062424,7718.342338261124,1.6647681881808305,112,0.5510200579214072,0.9268792911313102,cluster_5
3068576400045200054,,861.9342546003116,1755.7774391012174,7725.636990285509,1751.9401868062782,7718.121690089757,1760.434685903909,7731.897972655186,1.6289974225159918,328,0.4441229750646434,0.9757635034437784,cluster_5
3068576400045200056,,777.2223086461047,1721.6643200432577,7723.411686159715,1716.4144796756698,7718.972751856804,1728.0890909251268,7727.840947518082,1.2997843878837028,292,0.4550305858321123,0.947865561631296,cluster_5
3068576400045200059,,1781.1278274191811,1675.6270853645417,7732.698173041209,1664.121168891727,7725.058582865406,1685.7012885165948,7738.906878083792,1.9969952177853856,708,0.3371841914095413,0.9074217769521268,cluster_5
3068576400045200060,,731.2312114101428,1779.1422248632714,7727.430889407659,1773.9475508718217,7722.37749910441,1784.7500938360197,7732.489347665171,1.010379380354909,202,0.4593800421569907,0.9704970140596354,cluster_5
3068576400045200061,,1074.500111819878,1728.066083184132,7729.707796183727,1718.6749124639698,7724.677587803125,1735.404284204331,7734.18260836786,1.8738734251774467,431,0.4431464833203878,0.9025026713742076,cluster_5
3068576400045200062,,1203.2126065159705,1711.696910703502,7729.855771308687,1695.208968081184,7725.225195312897,1724.8012307938773,7740.1731956755375,2.9683691755798494,359,0.6688696399988138,0.4814558019164204,cluster_5
3068576400045200063,,758.1453226162265,1740.9384997017517,7733.014009904686,1733.9722599561508,7726.781816578114,1747.2829814991433,7737.702697471915,1.5025536179518424,274,0.5175647662702313,0.8453760192230976,cluster_5
3068576400045200065,,513.8979414030916,1775.1548526426227,7733.659885328952,1770.6601181953863,7729.421169515592,1779.776285533409,7737.501484553042,1.3771846843882345,215,0.5416253658172846,0.9750396001607132,cluster_5
3068576400045200068,,555.2051355141659,1781.425454669947,7737.715428569936,1778.0597506877723,7730.790046499666,1784.259548109402,7744.377938551631,2.2243916602735374,266,0.6250569552818656,0.871114283938778,cluster_5
3068576400045200070,,917.1867500454102,1762.641747445134,7736.544643817951,1757.1364810389746,7731.289937490786,1767.9012138568048,7742.36891196612,1.0139445699217753,301,0.3996100736183701,0.9801557834317844,cluster_5
3068576400045200073,,1832.367924392508,1751.4413670038869,7739.68917666431,1740.375764847747,7732.047218364624,1760.8858123532689,7747.33789408987,1.6204086390025412,647,0.3187014533198962,0.90957011497046,cluster_5
3068576400045200079,,988.2314706839657,1774.1388779071897,7741.632048404295,1767.5242577745046,7736.054073313901,1780.8256943268905,7747.3223849532915,1.4754669571976555,392,0.4140341113179321,0.9218702172849896,cluster_5
3068576400045200080,,2043.1624552968856,1707.0372138570417,7749.358673395234,1698.473327968012,7740.602962093691,1715.955206021439,7756.853455699103,1.0233389584087422,478,0.2715861575156171,0.9671042609927616,cluster_5
3068576400045200082,,967.7084270803534,1686.738000237521,7745.325452096766,1682.379508061887,7737.529230458981,1690.9004645135265,7752.3192819994865,1.8748120704573408,298,0.4556295286377999,0.8901125006781704,cluster_5
3068576400045200083,,429.2447455378229,1680.4738028180998,7744.036994475311,1676.671500932761,7739.372512040187,1683.987722829734,7748.488964452856,1.6960219606175635,171,0.6107963046991508,0.9710950167879024,cluster_5
3068576400045200084,,1146.1771038688323,1734.041360943156,7744.621285747459,1725.0428882629276,7736.595346894818,1741.4126840219749,7750.371004068958,1.878191159433896,477,0.4811974687369469,0.822459498468537,cluster_5
3068576400045200086,,610.781043852119,1722.3291034863485,7748.315918514161,1716.4018381040364,7740.359181117911,1726.0381134241534,7756.590079589338,3.125543530815272,161,0.7178237059686258,0.7538855977544631,cluster_5
3068576400045200088,,751.2386285095064,1743.934701117963,7747.21518340455,1738.014083230213,7743.368850799581,1749.7533485203414,7751.299693452014,1.5691348429868677,283,0.4627222463197976,0.980304366699557,cluster_5
3068576400045200093,,956.2898318695392,1774.4071886067943,7752.2721718439,1768.0293643505452,7745.844999236299,1780.841988140534,7759.987941622014,2.0947840547502103,322,0.4681298827844534,0.9144423261382684,cluster_5
3068576400045200094,,393.99767961182727,1680.3609840121755,7751.165030801255,1676.3707401473264,7747.39636538554,1683.8976873631952,7754.573751101645,1.3202628937276193,143,0.6074873301410868,0.9993054752305114,cluster_5
3068576400045200096,,295.4914895644987,1727.41530550324,7755.5847759146845,1723.811262864025,7750.557714452599,1730.628562191423,7760.511668757296,3.201247649747137,116,0.9066417900594884,0.8804717248909216,cluster_5
3068576400045200097,,487.8503769992025,1746.6992885685029,7753.670034217952,1742.1304349915008,7750.172116362837,1750.7759926678236,7756.993752195047,1.35145212344727,146,0.5501674698969703,0.9923411182922768,cluster_5
3068576400045200099,,512.7765702085164,1762.2091413225987,7754.380231872702,1757.4497208131336,7750.402901848958,1766.9458607489782,7757.832665915291,1.3494864928897543,175,0.5450857724506956,0.9781550186638992,cluster_5
3068576400045200100,,326.0919105521384,1695.283005667536,7755.97661819258,1691.6810183837802,7751.460843085917,1699.0892659474944,7760.168465070676,2.5073453037282896,80,0.7855412333663753,0.9198333616482084,cluster_5
3068576400045200101,,419.7884856867235,1668.6439753326845,7755.347442934756,1663.4766800865186,7751.472220228759,1673.902704600365,7760.931171479343,2.228380786252104,159,0.7855168828949142,0.7867910430306936,cluster_5
3068576400045200104,,939.4856819440238,1740.3189016423091,7758.55920566929,1733.188761663312,7753.244754750789,1746.9361240905753,7763.185492484098,1.6650378154697456,352,0.4235308757787019,0.9420307120187836,cluster_5
3068576400045200108,,716.9282268191625,1762.330409074473,7760.296013667395,1756.25591205922,7755.624715707154,1768.685121285794,7765.150626960483,1.554457011107078,258,0.5197374075634147,0.8921337549417078,cluster_5
3068576400045200111,,455.0487845775639,1765.8457831135674,7763.662280184531,1760.2386659062606,7757.827737000082,1771.886613874511,7769.133080988266,3.7971760389617946,163,0.7887298082639084,0.8436718359490929,cluster_5
3068576400045200114,,838.9214644556195,1734.3414812179058,7764.332766913708,1728.4209347531512,7758.821291549379,1740.026279138374,7770.328364540041,1.5557406321754927,339,0.4780987488417501,0.9119453823985396,cluster_5
3068576400045200115,,712.3852452459194,1718.3923037235415,7764.574963060367,1713.27001184002,7759.482842284482,1724.058426241082,7770.517792529539,1.5524996434405167,164,0.4875424155173974,0.9495839310165176,cluster_5
3068576400045200118,,327.1858271796978,1694.553149100639,7765.303291999377,1692.0891662847614,7761.02482631645,1696.846136162288,7770.00030322723,1.8950443364666223,94,0.7202139832093052,0.974288509430526,cluster_5
3068576400045200120,,669.865837504616,1724.144464951085,7767.028305343128,1718.8047219657633,7761.784724046427,1729.7493094489896,7772.188644006427,1.997020028923086,215,0.5160488217788967,0.9397734761979764,cluster_5
3068576400045200122,,428.9047749077454,1685.5458705598664,7766.308554283437,1680.723245688659,7762.962925940472,1689.7182513965702,7769.768582461928,1.684520519273033,145,0.6067257157585785,0.9787170227183952,cluster_5
3068576400045200125,,630.6849031227532,1754.0512026841911,7768.990460846888,1749.2538373315213,7764.75070274194,1760.8190821235082,7774.939168142719,1.5991476850511286,290,0.6085034772081178,0.8335489421354499,cluster_5
3068576400045200128,,608.0034372024963,1729.2114480735268,7771.265786317629,1724.7017182666498,7766.182159249365,1733.3247124737456,7775.818788642183,1.0050481114446337,176,0.4903943193184963,0.9793095157482308,cluster_5
3068576400045200129,,448.9088697087692,1666.9787102281043,7770.724657555583,1662.1144032492334,7766.3334280599,1671.1908177616706,7774.683052135941,1.854920961214568,133,0.6173825868589996,0.979390951386227,cluster_5
3068576400045200134,,839.8420957397157,1667.162322857175,7777.35968157777,1661.627535502707,7771.506310962281,1673.4593483819633,7783.550421704904,1.8746979806584807,308,0.4609745376218908,0.9564693336480156,cluster_5
3068576400045200141,,525.5617148640792,1745.3302433313297,7779.534275281926,1742.035446279301,7774.903813982592,1749.0534424511914,7785.088742316869,1.5436288163503764,159,0.5598277870650997,0.9496564091058668,cluster_5
3068576400045300001,,499.5937056383706,1861.018662620996,7629.415955744778,1856.4952753652165,7622.287038863869,1866.1827201818232,7635.228465385991,3.2518245541170767,97,0.7099011896382085,0.9434723291168512,cluster_5
3068576400045300041,,1564.105785013689,1715.014347914372,7739.372786668435,1707.8531533494515,7731.805389612255,1721.2547430816603,7748.080983135786,1.1605351696469814,387,0.3136288825313807,0.9670597099143012,cluster_5
