cell,eef2b,gata5,tbx1,spi1b,aplnra,prdm1a,meis3,stmn1a,yrk,her6,fn1b,tbx16,meox1,hand2,mef2cb,cldnb,dla,otx2b,tnnc1a,cfl1l,cldn7b,zic2a,fstl1a,bmp6,cd9b,nova2,nkx2.5,krt18a.1,myl7,dusp5,hes6,sparc,pdlim1,tal1,serpinh1b,bmp4,jdp2b,efnb2a,tnnt2a,mdkb,ptmaa,rbfox1l,nkx2.7,cdh11,ccn1,fabp3,btg1,lsp1a,angptl7,ttn.2,foxd1,hoxb3a,atp2a2a,sox7,twist1a,podxl,fthl27,rarga,mdka,cdx4,cxcl12a,gdf3,rac2,fzd8b,marcksl1a,sfrp5,fibina,fli1b,epcam,hspb1,smtnl1,fhl2a,foxl2a,actc1a,blf,loxl2a,emp2,egfl6,rasl11a,fermt1,fsta,plpp1a,aldh1a2,sox3,etv2,hoxb1b,her15.1,fli1a,cxcl12b,bambia,akap12b,hoxb9a,cyp26c1,hoxb7a,rbms2b,her9,irx1b,tmem88a,kirrel1b,ackr3b,krt8,rdh10a,colec12,ndnf,lmx1bb,pitx3,rspo3,pdgfra,hey1,msgn1,met,thbs2b,cdh5,twist1b,kazald2,myh7,cthrc1a,pfn1,apoc1,tnfaip6,apela,nrp2a,meis2a,elmo1,cnn3a,vox,irx3a,cdc42ep4a,rbm24a,nid1b,clec14a,pltp,foxi1,Blank-0,Blank-1,Blank-2,Blank-3,Blank-4,Blank-5,Blank-6,Blank-7,Blank-8,Blank-9,Blank-10,Blank-11,Blank-12,Blank-13,Blank-14,Blank-15,Blank-16,Blank-17,Blank-18,Blank-19,Blank-20,Blank-21,Blank-22,Blank-23,Blank-24,Blank-25,Blank-26,Blank-27,Blank-28,Blank-29,Blank-30,Blank-31,Blank-32,Blank-33,Blank-34,Blank-35,Blank-36,Blank-37,Blank-38,Blank-39,Blank-40,Blank-41,Blank-42,Blank-43,Blank-44,Blank-45,Blank-46
3068576400005100005,28,0,0,2,0,0,0,0,0,0,0,0,0,0,0,0,0,2,0,3,0,3,0,1,1,3,0,18,1,0,1,0,0,0,4,0,0,0,0,1,1,0,0,0,5,3,0,0,0,0,0,0,0,0,0,1,1,0,1,0,0,0,0,0,1,0,0,0,0,0,0,0,0,0,1,0,0,0,0,0,0,0,1,1,0,0,0,0,0,1,9,0,0,0,0,17,3,0,1,0,23,0,0,0,2,0,0,2,0,0,1,0,0,0,0,0,0,2,0,0,0,2,0,0,5,0,2,0,0,0,0,0,0,0,0,0,0,0,0,0,0,0,0,0,0,0,0,0,0,0,0,0,0,0,0,0,0,0,0,0,0,0,0,0,0,0,0,0,0,1,0,0,0,0,0,0,0,0,0,0
3068576400005100007,68,0,1,0,0,0,2,0,0,0,0,1,0,0,0,3,0,0,1,9,6,2,1,8,1,2,1,30,0,0,0,2,3,0,5,5,0,1,0,0,0,0,0,0,4,1,3,0,0,0,0,0,1,3,0,1,1,0,2,0,0,0,0,0,3,0,0,0,1,0,0,1,0,0,2,0,3,0,0,4,1,1,0,1,0,0,0,1,0,0,37,0,0,0,3,1,6,1,0,0,66,0,1,0,4,0,0,5,0,0,2,0,0,0,0,0,0,5,2,0,1,2,1,0,2,1,2,0,0,1,0,0,0,0,0,0,0,0,0,0,1,0,0,0,0,0,0,0,0,0,0,0,0,0,0,0,0,0,1,0,0,0,1,0,0,0,0,0,0,0,0,0,0,1,0,0,0,0,0,0
3068576400005100008,41,0,0,0,0,0,3,0,1,0,0,0,0,1,0,11,0,1,1,7,4,0,0,6,5,2,0,39,0,0,1,0,1,0,2,2,1,1,0,1,2,0,0,0,1,2,13,0,0,0,0,0,1,0,0,0,0,0,2,0,0,0,0,0,2,0,0,0,4,0,0,0,0,0,0,0,2,0,0,1,0,0,0,1,0,0,0,0,0,0,31,0,0,0,2,7,0,0,1,0,58,1,1,0,1,0,0,2,0,0,0,0,0,1,0,0,0,15,1,0,0,0,0,1,1,1,0,2,0,0,1,0,0,0,0,0,0,0,0,1,0,0,0,0,0,0,1,0,0,0,2,0,0,0,0,0,0,0,0,0,1,0,0,0,0,0,1,0,1,0,0,0,1,0,2,0,0,0,0,0
3068576400005100009,38,0,0,0,0,0,0,0,0,0,0,0,0,0,0,0,0,0,0,1,0,5,0,0,0,1,0,7,0,0,1,3,0,0,4,0,0,1,0,3,0,0,0,0,0,1,5,2,0,0,0,0,0,0,0,0,1,0,5,0,1,0,0,0,3,0,0,0,0,0,0,0,0,1,0,0,0,0,0,0,0,0,0,0,0,0,0,0,0,0,9,0,0,0,2,6,12,0,0,4,13,1,0,0,6,0,0,2,0,0,3,0,0,0,0,0,0,0,0,0,0,0,1,0,1,0,3,0,0,0,0,0,0,0,0,0,0,0,0,0,1,0,0,0,0,0,0,0,0,1,0,0,0,0,0,0,0,0,0,0,0,0,0,0,0,0,0,0,0,0,0,0,0,0,0,0,0,0,0,0
3068576400005100011,33,0,0,1,0,0,1,0,0,1,0,0,0,0,0,0,0,1,0,2,1,0,0,2,0,1,0,0,0,0,0,0,0,0,1,0,0,1,0,0,1,0,0,0,1,2,2,0,0,0,0,0,0,0,0,0,0,0,2,0,0,0,0,0,1,0,0,0,0,0,0,0,0,0,0,0,0,0,0,0,0,0,0,0,0,0,0,2,1,0,4,0,0,0,0,0,0,1,0,0,0,0,1,0,0,0,0,1,0,0,0,0,0,1,0,0,0,1,0,0,0,0,0,0,2,0,0,0,0,0,0,0,0,0,0,0,0,0,0,0,0,0,0,0,0,0,0,0,0,0,0,0,0,0,0,0,0,0,0,0,0,0,0,0,0,0,0,0,0,0,0,0,0,0,0,0,0,0,0,0
3068576400005100013,33,0,0,0,0,0,0,0,0,0,0,1,1,0,0,0,0,0,0,1,0,5,0,0,0,3,0,0,0,0,0,0,0,0,1,0,0,8,0,6,3,0,0,0,0,1,2,1,0,0,0,0,0,0,0,0,0,0,10,1,0,0,0,0,6,0,0,0,0,0,0,0,0,0,0,0,0,0,0,0,1,0,0,1,0,1,0,0,0,0,11,0,0,0,1,9,18,0,0,1,0,0,0,0,2,0,0,0,0,0,2,0,0,0,0,0,0,0,0,0,0,1,0,0,0,0,5,0,0,0,0,0,0,0,0,0,0,0,0,0,0,0,0,0,0,0,0,0,0,0,0,0,0,0,0,0,0,0,0,0,0,1,0,0,0,0,0,0,1,0,0,0,0,1,0,0,0,0,0,0
3068576400005100015,25,0,0,0,0,0,1,0,0,1,0,0,0,0,0,1,0,1,0,5,1,0,0,2,0,0,0,18,0,0,0,2,2,0,2,1,0,1,1,0,3,0,0,0,1,0,4,1,0,0,0,0,0,0,0,0,0,1,0,0,0,0,0,0,0,0,0,0,0,0,0,0,0,0,0,0,0,0,0,1,0,0,0,0,0,0,0,1,0,0,12,0,0,0,1,1,0,0,0,0,15,0,1,0,0,1,0,0,0,0,0,0,0,0,0,1,0,6,1,0,1,0,0,0,0,1,1,1,0,0,1,0,0,0,0,1,0,0,0,0,0,0,0,0,0,0,1,0,0,0,0,0,0,0,0,0,0,0,0,0,0,0,0,0,0,1,0,0,0,0,0,0,0,0,0,0,0,0,0,0
3068576400005100016,96,0,0,1,0,2,1,1,0,3,0,0,3,0,1,5,0,0,0,21,7,0,4,6,2,0,0,46,1,0,0,4,2,1,5,3,0,8,0,2,2,0,0,0,2,2,9,1,0,1,0,0,0,0,0,0,0,0,0,0,0,0,2,0,7,1,0,0,11,0,0,1,0,0,1,0,8,0,0,4,0,1,0,1,0,0,0,0,0,2,89,0,0,0,3,8,1,1,0,0,73,0,1,0,5,1,0,1,0,0,0,0,0,0,1,0,0,13,2,0,0,4,0,0,3,4,2,0,0,0,0,0,0,0,0,0,0,0,1,0,0,0,0,0,0,0,0,0,1,0,0,0,0,3,0,0,0,1,0,0,2,0,0,1,1,0,0,0,0,0,0,0,0,0,0,0,0,0,0,0
3068576400005100017,88,1,0,3,0,0,1,0,0,0,0,0,0,0,1,1,0,0,0,0,0,10,1,1,0,6,0,0,1,0,1,3,0,0,1,0,1,3,0,7,3,0,0,0,0,3,3,0,0,0,0,0,0,0,0,2,1,0,8,1,1,0,0,0,4,0,0,0,0,0,0,0,0,0,0,0,0,0,0,0,1,0,0,5,0,0,0,0,0,0,10,0,0,0,1,16,36,0,0,3,1,0,0,0,4,0,0,1,0,0,4,0,2,0,0,0,0,2,0,0,0,1,1,0,2,0,22,0,1,0,0,0,0,0,0,0,0,0,0,0,0,0,0,0,0,0,0,0,0,0,0,0,0,0,0,0,0,0,0,0,0,0,0,0,0,0,0,0,0,0,0,0,0,0,0,0,1,0,0,0
3068576400005100020,20,0,0,0,0,0,0,0,0,0,0,0,0,0,0,0,0,0,0,0,0,2,0,0,0,0,0,0,0,0,0,0,0,0,0,0,0,2,0,2,0,0,0,0,0,1,1,0,1,0,0,0,0,0,0,0,0,0,1,0,0,0,0,0,0,0,0,0,1,0,0,0,0,0,0,0,0,0,0,0,0,0,0,1,0,0,0,0,0,0,4,0,0,0,0,4,1,0,0,0,0,0,0,0,0,0,0,0,0,0,0,0,0,0,0,0,0,0,0,0,0,0,2,0,0,0,3,0,0,0,0,0,0,0,0,0,0,0,0,0,0,0,0,0,0,0,0,0,0,0,0,0,0,0,0,0,0,0,0,0,0,0,0,0,0,0,0,0,0,0,0,0,0,0,0,0,0,0,0,0
3068576400005100022,84,0,0,2,0,0,4,0,0,2,0,1,0,0,0,2,0,2,0,7,3,0,2,0,1,0,1,46,0,1,0,2,0,0,6,1,0,0,0,1,3,1,0,0,0,0,6,2,0,0,0,0,0,0,0,0,0,0,0,0,0,0,0,0,4,1,0,0,1,0,0,0,0,0,0,0,2,0,0,0,0,0,0,0,0,0,0,2,0,0,24,0,0,1,2,1,0,0,0,0,39,0,0,0,0,1,0,4,0,0,0,0,0,2,0,0,0,5,1,0,1,6,0,0,4,0,1,1,0,0,0,0,1,0,0,0,0,0,0,0,0,0,0,0,0,0,0,0,0,0,0,0,0,0,0,0,0,0,0,0,0,0,0,1,0,0,0,0,0,0,0,0,0,0,1,1,0,0,0,0
3068576400005100025,53,0,0,0,0,0,0,0,0,0,0,0,0,0,0,0,0,1,0,0,0,8,0,0,0,2,0,0,0,0,0,1,0,0,1,0,0,3,0,5,5,0,0,0,0,2,1,1,0,0,0,0,0,0,0,0,1,0,11,0,0,1,0,0,3,0,0,0,0,0,0,0,0,0,1,0,0,0,0,0,1,0,0,7,0,0,0,0,0,0,10,0,0,0,2,5,11,0,0,0,0,0,0,0,1,0,0,0,0,0,1,0,0,0,0,0,0,0,0,0,0,0,0,0,1,0,8,0,0,0,0,0,0,0,0,0,0,0,0,0,0,0,0,0,0,0,1,0,0,0,0,0,0,0,0,0,0,0,0,0,0,1,0,0,0,0,0,0,0,0,0,0,0,0,0,0,0,0,0,0
3068576400005100026,69,0,1,0,0,0,0,0,0,1,0,1,0,0,1,1,0,1,0,0,0,8,0,0,0,3,0,0,0,0,1,4,0,0,1,0,0,0,0,4,3,0,0,0,0,1,2,0,0,0,0,0,0,0,0,3,2,1,7,1,0,0,0,0,1,0,0,0,0,0,0,0,0,0,0,0,0,0,0,0,0,0,0,15,0,0,0,0,0,0,12,0,0,1,0,20,7,0,1,3,1,0,0,0,1,1,1,0,0,0,8,0,0,0,0,0,0,0,1,0,0,0,0,1,1,0,16,0,0,0,0,0,0,0,0,0,0,0,0,0,0,0,0,0,0,0,0,0,0,0,0,0,0,0,0,0,0,0,0,0,0,0,1,0,0,0,0,0,0,0,0,0,0,0,0,0,0,0,0,1
3068576400005100028,37,1,0,1,1,0,0,0,0,0,0,1,0,0,0,0,0,0,0,1,0,8,0,0,0,2,0,0,2,0,1,1,0,0,2,0,0,1,0,3,3,0,0,1,0,1,2,0,0,0,0,0,0,0,0,0,0,0,3,0,0,0,1,0,3,0,0,0,0,0,0,0,0,0,0,0,0,0,0,0,1,0,0,3,0,0,0,0,0,0,9,0,0,0,1,6,3,0,0,0,0,1,0,0,2,0,1,0,0,0,2,0,1,0,0,0,0,0,0,0,0,0,0,0,0,0,6,0,0,0,0,0,0,0,0,0,0,0,0,0,0,0,0,0,0,0,0,0,0,0,0,0,0,0,0,0,0,0,0,0,0,0,1,0,0,0,0,0,0,0,0,0,0,0,0,0,0,0,0,0
3068576400005100029,47,1,0,0,1,0,0,0,0,0,0,0,0,0,0,0,0,1,0,0,0,6,0,0,0,1,0,0,0,0,1,1,0,0,1,0,0,2,0,4,0,0,0,0,0,4,2,0,0,0,0,0,1,0,0,1,0,0,7,0,0,0,0,0,1,0,0,0,1,0,0,0,0,0,1,0,0,0,0,0,0,0,0,13,0,0,0,0,0,0,7,0,0,1,0,12,1,0,0,6,0,0,0,0,0,0,0,0,0,0,4,0,0,0,0,0,0,0,0,0,0,0,1,0,1,0,11,0,0,0,0,0,0,0,0,0,0,0,0,0,0,0,0,0,0,0,0,0,0,0,1,0,0,0,0,0,0,0,0,0,0,0,0,0,0,0,0,0,0,0,0,0,0,0,0,1,0,0,0,0
3068576400005100030,36,0,0,0,0,0,2,0,0,1,0,0,0,0,0,2,0,0,0,6,2,0,0,2,1,0,0,28,0,0,0,1,0,0,2,0,0,0,1,0,0,0,0,0,0,2,4,0,0,0,0,0,0,0,0,0,0,1,0,0,0,0,0,0,0,0,0,0,1,0,0,0,0,0,0,0,0,0,1,0,0,0,0,0,0,0,0,1,0,2,14,0,0,0,0,2,0,0,0,0,23,0,0,0,0,0,0,2,0,0,0,0,0,0,0,0,0,0,0,0,0,6,0,0,3,0,0,1,0,0,0,1,0,0,1,0,0,0,0,0,0,0,0,0,0,0,0,0,0,0,0,0,0,0,0,0,0,0,0,0,0,0,0,0,0,0,0,0,0,0,0,0,0,0,0,0,1,0,0,0
3068576400005100031,123,0,0,0,0,0,3,0,0,2,0,1,0,0,0,0,0,2,1,0,1,2,0,0,0,3,0,0,0,0,0,0,0,0,5,0,1,0,0,2,5,0,0,0,1,5,5,4,0,0,0,0,0,0,0,0,0,0,3,0,0,0,0,0,2,1,0,0,0,0,0,0,0,0,0,0,0,0,0,0,0,0,0,11,0,0,0,0,0,0,9,0,0,0,2,8,2,0,0,0,3,0,0,0,0,0,0,5,0,0,0,0,0,1,1,0,0,1,0,0,0,2,0,0,1,0,5,0,0,0,0,0,0,0,0,0,0,0,0,0,0,0,0,0,0,0,0,0,0,0,0,0,0,0,0,0,0,0,0,0,0,0,0,0,0,0,0,1,0,0,0,0,1,0,0,0,0,0,0,0
3068576400005100032,29,0,0,0,0,0,0,0,0,2,0,0,0,0,0,0,0,0,0,0,0,0,0,0,0,0,0,0,0,0,0,0,0,0,3,0,0,0,0,0,1,0,0,0,0,1,0,1,0,0,1,0,0,0,1,0,0,0,0,0,0,0,0,0,2,0,0,0,0,0,0,0,0,0,0,0,1,0,0,0,0,0,0,0,0,0,0,0,0,0,1,0,0,0,0,2,0,0,0,0,12,0,0,0,0,0,0,3,0,0,0,0,0,1,0,0,0,1,0,0,0,1,0,0,1,0,0,0,0,0,0,0,0,0,0,0,0,0,0,0,0,0,0,0,0,0,0,0,0,1,0,0,0,0,0,0,0,0,0,0,0,0,0,0,0,0,0,0,0,0,0,0,0,0,0,0,0,0,0,0
3068576400005100033,82,0,0,2,1,0,0,1,0,1,0,0,0,0,0,1,0,0,0,0,0,5,0,1,0,10,0,0,0,0,0,1,0,0,0,0,0,0,0,5,7,0,0,0,0,6,1,0,0,0,0,0,0,0,0,0,1,0,16,2,0,0,0,0,6,0,0,0,0,0,0,0,0,0,3,0,0,0,0,1,3,1,0,20,0,0,0,0,0,0,9,0,0,0,0,26,16,0,0,1,0,0,0,1,0,0,0,0,0,0,6,0,1,0,0,0,0,0,0,0,0,0,1,2,0,0,12,0,1,0,0,0,0,0,0,0,0,0,1,0,0,0,0,0,0,0,0,0,0,0,0,0,0,0,0,1,0,1,0,0,0,0,0,0,0,0,1,0,0,0,0,0,0,1,0,0,0,0,0,0
3068576400005100038,86,0,0,1,0,0,0,0,0,1,0,0,0,0,0,0,0,1,0,0,0,2,1,0,0,3,0,0,0,0,0,4,0,0,1,0,0,0,0,1,4,0,0,0,0,1,3,0,0,0,0,0,0,0,0,1,0,0,8,0,0,0,0,0,1,0,0,0,0,0,1,0,0,0,0,0,0,0,0,0,1,0,0,7,0,0,0,0,0,0,6,0,0,0,1,14,3,0,0,1,1,0,0,0,1,0,0,0,0,0,3,0,0,0,0,0,0,1,2,0,0,0,1,0,5,0,3,0,0,0,0,0,0,0,0,0,0,0,0,0,0,0,0,0,0,0,0,0,0,0,1,0,0,0,0,0,0,0,1,0,0,0,0,0,0,0,0,0,0,0,0,0,0,0,0,0,0,0,0,0
3068576400005100040,128,0,0,0,1,1,4,0,0,11,1,0,1,0,0,0,0,0,0,5,6,0,2,7,0,0,0,10,1,1,1,4,3,0,11,0,0,3,0,0,5,1,0,0,1,7,8,1,0,0,0,0,0,0,1,1,1,1,0,0,0,0,0,0,8,0,1,0,1,1,0,0,0,0,0,0,8,0,1,3,0,0,0,0,0,0,0,0,0,1,50,0,0,0,3,7,2,0,0,0,32,0,0,0,1,0,0,11,0,0,0,0,0,4,3,0,0,12,4,0,0,3,0,0,0,1,0,1,0,3,0,0,0,0,0,0,0,0,2,0,0,0,1,0,0,0,1,0,0,0,0,0,0,0,0,0,0,0,0,0,1,0,1,1,0,0,0,0,0,0,0,0,0,0,0,0,0,0,0,0
3068576400005100041,86,0,0,1,0,0,0,1,0,2,0,1,0,0,0,2,0,0,0,1,0,5,2,1,0,12,0,0,0,0,1,2,0,1,1,1,1,3,0,3,6,0,0,0,2,1,3,0,0,0,0,0,0,0,0,0,1,0,19,1,0,0,0,0,5,0,0,0,0,0,1,0,0,0,0,0,0,0,0,0,5,0,0,30,0,0,0,0,0,1,7,0,0,0,1,18,14,0,0,2,1,0,0,0,0,0,0,1,0,0,6,0,0,0,0,0,0,0,0,0,0,0,0,0,4,0,22,0,0,0,0,0,0,0,1,0,0,0,0,0,0,0,0,0,0,0,0,0,0,0,0,0,0,0,0,0,0,0,0,0,0,0,0,0,0,0,0,0,0,0,0,0,0,0,0,0,0,0,0,0
3068576400005100042,69,0,0,0,0,0,4,0,0,1,0,0,0,0,0,0,1,0,0,0,0,0,0,0,0,0,0,0,0,0,0,2,0,0,4,0,0,0,0,0,2,0,1,1,1,2,4,6,0,0,0,0,1,0,0,0,0,0,1,0,0,0,0,0,6,1,0,0,0,0,0,1,0,0,0,0,0,0,0,0,0,0,0,2,0,0,0,1,0,2,8,0,0,0,2,2,1,0,0,0,13,0,0,0,1,0,0,20,0,0,0,0,0,0,1,0,0,0,1,0,0,5,0,0,7,0,2,2,1,0,0,0,0,0,0,0,0,0,0,0,0,0,0,0,0,0,0,0,0,0,0,0,0,0,0,0,0,0,0,0,0,0,0,0,0,0,0,0,0,0,1,0,0,0,0,0,0,0,0,0
3068576400005100043,99,0,0,0,1,0,0,1,0,1,0,0,0,0,1,2,0,4,0,0,0,13,2,1,0,13,0,0,0,0,1,2,0,0,2,0,0,0,0,6,6,0,0,0,0,14,4,2,0,0,1,0,0,0,0,0,2,0,23,1,1,0,0,0,1,0,0,0,0,0,1,0,0,0,1,0,1,0,0,0,2,0,0,28,0,0,0,1,0,1,17,0,0,0,0,21,35,0,0,0,0,0,0,0,2,1,0,0,0,0,16,0,1,0,1,0,0,0,3,0,0,0,0,1,3,0,35,0,0,0,0,0,0,0,0,0,0,0,0,0,0,0,0,0,0,0,0,0,0,0,1,0,0,0,0,1,0,0,0,0,0,0,0,0,0,0,0,0,0,0,0,0,0,0,0,1,0,0,1,0
3068576400005100044,27,0,0,0,0,0,1,0,0,0,0,0,0,0,0,0,0,0,0,0,0,0,1,0,0,0,0,0,0,0,0,0,0,0,2,0,1,0,0,1,0,0,0,0,0,4,5,0,0,0,0,0,0,0,0,0,0,0,1,0,0,0,0,0,2,3,0,0,0,0,0,0,0,0,0,0,0,0,0,0,0,0,0,1,0,0,0,0,0,1,2,0,0,0,0,1,1,0,0,1,0,0,0,0,0,0,0,3,0,0,0,0,1,0,0,0,0,0,0,0,0,2,0,0,0,0,0,1,1,0,0,0,0,0,0,0,0,0,0,0,0,0,0,0,0,1,0,0,0,0,0,0,0,0,0,0,0,0,0,0,0,0,0,0,0,0,0,0,0,0,0,0,0,0,1,0,0,0,0,0
3068576400005100046,117,0,0,0,0,0,2,1,0,2,0,0,0,0,1,0,0,4,0,0,0,5,0,0,0,2,0,1,0,0,0,0,0,0,3,0,0,2,0,2,4,0,0,1,0,7,5,0,0,0,0,0,0,0,0,0,3,0,15,0,0,0,0,0,9,1,0,0,2,0,0,0,0,0,1,1,0,0,0,0,1,0,0,22,1,0,0,0,1,0,8,0,0,0,0,11,25,1,0,0,1,0,1,0,1,0,0,3,0,0,3,1,0,0,1,0,0,1,0,0,0,0,1,1,1,0,18,0,0,0,0,0,0,0,0,0,0,0,0,0,0,0,0,0,0,0,0,0,0,0,2,0,0,0,0,0,0,1,0,1,1,0,1,0,0,0,0,0,0,0,0,0,0,0,0,0,0,0,0,0
3068576400005100048,61,0,0,0,0,0,0,0,0,0,0,0,0,0,1,0,0,1,0,0,0,1,0,0,0,2,0,0,0,0,0,0,0,0,0,0,0,0,0,2,2,0,0,1,0,4,0,0,0,1,0,0,0,0,0,0,2,0,10,0,0,0,0,0,1,0,0,0,0,0,0,0,0,0,0,0,0,0,0,0,1,0,0,10,0,0,0,0,0,0,9,0,0,0,0,1,4,0,0,0,0,0,0,0,1,0,0,0,0,0,0,0,0,0,0,0,0,0,1,0,0,0,0,0,0,0,9,0,0,0,0,0,0,0,0,0,0,0,0,0,0,0,0,0,0,0,0,0,0,0,0,0,0,0,0,0,0,0,0,0,0,0,0,1,0,0,0,0,0,0,0,0,0,0,0,0,0,0,0,0
3068576400005100049,46,0,0,2,0,0,5,0,0,2,0,0,0,0,0,4,0,0,0,11,8,0,1,1,2,0,0,33,0,0,0,2,1,0,1,1,0,1,0,0,2,0,0,0,0,3,5,0,0,0,0,0,3,0,0,0,0,1,0,0,0,0,1,0,2,0,0,0,1,0,0,1,0,0,0,0,3,0,0,3,0,0,1,0,0,0,0,0,0,1,36,0,0,0,0,3,0,0,0,0,28,0,0,0,0,0,0,0,0,0,0,0,0,1,0,0,0,10,1,0,0,0,0,1,1,0,1,0,1,0,0,0,0,0,1,0,0,0,1,0,0,0,0,0,0,0,0,0,0,0,0,0,0,0,0,0,0,0,0,0,0,0,0,0,0,0,0,0,0,1,0,0,0,0,0,0,0,0,0,0
3068576400005100050,80,0,0,0,0,0,0,0,0,1,0,1,0,1,0,0,0,0,0,0,1,3,0,1,0,6,0,0,0,0,2,1,0,0,0,0,0,1,0,1,0,0,0,0,1,3,5,0,0,0,0,0,0,0,0,0,1,0,17,0,1,0,0,0,1,0,0,0,0,0,0,0,0,0,0,0,0,0,2,0,6,0,1,28,0,0,0,0,0,0,5,0,0,0,1,2,14,0,0,0,0,0,0,1,0,0,0,0,0,0,5,0,1,0,1,0,0,1,0,0,0,0,1,0,0,0,44,0,0,0,0,0,0,0,0,0,0,0,0,0,0,0,0,0,0,0,0,1,0,0,1,0,0,0,0,1,0,0,1,1,0,0,0,0,0,0,0,0,0,0,0,0,0,0,0,0,0,0,1,0
3068576400005100051,95,0,0,0,1,0,0,0,0,2,0,0,0,0,0,2,1,1,0,0,1,0,0,1,0,7,1,0,1,0,0,1,0,0,0,0,0,2,0,4,10,0,0,0,1,4,3,0,0,0,0,0,0,0,0,1,0,2,15,0,0,0,0,0,2,0,0,0,0,0,1,1,0,0,0,0,0,0,0,1,3,0,0,31,0,0,0,0,0,0,4,0,0,0,0,3,9,0,0,0,0,0,0,0,0,0,0,0,0,1,6,0,0,0,0,0,0,2,1,0,0,0,1,1,3,0,12,0,0,0,0,0,0,0,0,0,0,0,0,1,0,0,0,0,0,0,1,0,0,0,0,0,0,0,0,1,0,0,0,0,0,0,0,0,0,0,1,0,0,0,1,0,0,0,0,0,0,0,0,0
3068576400005100055,140,1,0,1,0,0,0,0,0,3,0,0,1,0,0,2,0,1,0,1,0,2,0,0,0,6,0,2,0,0,0,1,0,0,3,0,1,1,0,5,5,0,0,0,0,2,4,1,1,1,0,0,0,0,0,1,1,0,25,1,2,0,0,0,4,0,0,0,0,0,1,0,0,0,2,0,1,0,0,0,3,0,0,34,0,0,0,0,0,0,16,0,0,0,2,12,18,0,0,0,0,0,1,1,0,0,0,0,0,1,9,0,1,0,0,0,0,0,0,0,0,1,0,0,3,0,34,0,0,0,0,0,0,0,0,1,0,0,0,0,0,0,0,0,0,0,0,0,0,1,0,0,0,0,0,0,0,0,0,0,0,0,0,0,0,0,1,0,0,1,1,0,0,0,0,0,0,0,0,0
3068576400005100057,73,0,0,0,0,0,0,0,0,3,0,0,0,0,0,0,1,2,0,0,0,1,0,0,0,6,0,0,0,1,1,0,0,0,0,0,0,0,0,1,5,0,0,0,0,6,3,1,0,0,0,0,0,0,0,1,0,1,11,1,0,0,0,0,3,0,0,0,0,0,0,0,0,0,0,1,0,0,0,0,4,0,0,41,0,0,0,0,0,0,13,0,0,0,1,1,22,0,0,0,1,0,1,0,0,0,0,0,0,0,1,0,0,0,3,0,0,0,0,0,1,0,0,1,0,0,24,0,0,0,0,0,0,0,0,0,0,0,0,0,0,0,0,0,0,0,0,0,0,0,0,0,0,0,0,0,0,0,0,1,0,0,0,0,0,0,0,0,0,0,0,0,0,0,0,0,0,0,0,0
3068576400005100059,77,0,1,0,3,0,0,0,0,1,0,0,1,0,0,1,1,0,0,1,0,0,0,1,0,5,0,0,0,1,1,0,0,0,1,0,0,1,0,4,3,0,0,0,0,3,3,0,0,0,0,0,0,0,0,2,2,0,21,0,0,1,0,0,4,0,0,0,0,0,0,0,0,0,0,0,0,0,0,0,1,1,0,30,0,0,0,0,0,1,3,0,0,0,1,7,12,1,0,0,0,0,0,1,1,0,0,0,0,0,3,1,0,0,2,0,0,0,0,0,1,0,0,0,2,0,17,0,1,0,0,0,0,0,0,0,0,0,0,0,0,0,0,0,0,0,1,0,0,0,0,0,0,0,0,0,0,0,0,0,0,0,0,0,0,0,0,0,0,0,0,0,0,0,0,0,0,0,0,0
3068576400005100060,51,0,0,0,0,0,0,0,0,0,2,0,0,0,0,0,0,2,0,0,1,1,0,0,0,2,0,0,0,0,1,1,0,0,0,0,0,0,0,1,7,0,0,0,0,3,0,0,0,0,0,0,0,0,0,0,0,0,6,0,1,0,0,0,1,0,0,0,0,0,0,0,0,0,0,0,0,0,0,0,0,0,0,11,0,0,0,0,0,0,7,0,0,0,2,1,9,0,0,0,1,0,0,0,0,0,0,1,0,0,0,0,0,1,0,0,0,0,0,0,0,0,0,0,0,0,9,1,1,0,0,0,0,0,0,0,0,0,0,0,0,0,0,0,0,0,0,0,0,0,0,0,0,0,0,0,0,0,0,0,0,0,0,0,0,0,0,0,0,0,0,0,0,0,0,0,0,0,0,0
3068576400005100063,21,0,0,0,0,0,0,0,0,0,0,0,0,0,0,0,0,0,0,0,0,0,0,0,0,4,0,0,0,0,0,0,0,0,0,0,0,0,0,2,1,0,0,0,0,3,1,0,0,0,0,0,0,0,0,0,0,0,11,0,0,0,0,0,1,1,0,1,0,0,0,0,0,0,0,0,0,0,1,0,0,0,0,9,0,0,0,0,0,0,6,0,0,0,0,1,4,0,0,0,0,0,0,0,0,0,0,0,0,0,0,0,0,0,0,0,0,0,0,0,0,0,0,0,0,0,8,0,0,0,0,0,0,0,0,0,0,0,0,0,0,0,0,0,0,0,0,0,0,0,1,0,0,0,0,0,0,0,0,0,0,0,0,0,0,0,0,0,0,0,0,0,0,0,0,0,0,0,0,0
3068576400005100064,39,0,0,0,0,0,0,0,0,0,0,0,0,0,0,0,0,0,0,0,0,0,0,0,0,2,0,0,0,0,0,0,0,0,0,0,0,0,0,1,3,0,0,0,0,2,1,0,0,0,0,0,0,1,0,0,1,0,5,0,0,0,0,0,1,0,0,0,0,0,0,0,0,0,1,0,0,0,1,0,1,0,0,16,1,0,0,0,0,0,4,0,0,0,0,0,6,0,0,0,0,0,0,0,0,0,0,0,0,0,1,0,1,0,2,0,0,1,0,0,0,0,0,0,1,0,6,0,0,0,0,0,0,0,0,0,0,0,0,0,0,0,0,0,0,0,0,0,0,0,0,0,0,0,0,0,0,0,0,0,0,1,0,1,0,0,0,0,0,0,0,0,0,0,0,0,0,0,0,0
3068576400005100066,46,0,0,2,0,0,0,0,0,2,0,0,0,0,1,0,0,2,0,0,0,0,0,0,0,0,0,4,1,0,1,0,0,0,9,0,0,0,0,0,2,0,0,0,0,8,4,4,0,0,0,0,0,0,2,0,0,0,1,0,0,0,0,0,10,0,0,1,0,0,1,1,0,0,1,0,1,0,2,0,1,0,0,0,0,0,0,2,0,2,3,0,0,0,0,0,0,0,0,0,9,0,1,0,3,0,0,14,0,0,0,0,0,4,0,0,0,3,0,0,0,10,0,2,5,0,0,0,1,2,0,0,0,0,0,0,0,0,0,0,1,0,0,0,0,0,0,0,0,0,0,0,0,0,0,0,0,0,0,0,0,0,1,0,0,0,0,0,0,0,0,0,0,0,0,0,0,0,0,0
3068576400005100067,51,0,0,0,0,0,0,0,0,4,0,0,0,0,0,0,0,0,0,1,0,0,0,0,0,0,0,0,1,1,0,1,1,0,1,0,0,0,0,0,2,0,0,2,0,4,2,1,0,0,0,0,0,0,1,0,0,0,0,0,0,0,0,0,6,1,0,0,0,0,0,0,0,0,0,0,1,1,0,0,0,0,0,0,1,0,0,0,1,0,2,0,0,0,0,3,1,0,0,0,11,0,0,0,0,0,0,6,0,0,0,0,0,0,0,0,0,0,0,0,0,5,0,0,0,0,0,0,0,0,0,0,0,0,0,0,0,0,0,0,1,0,0,0,1,0,0,1,0,0,0,0,0,0,0,0,0,0,0,0,0,0,0,0,0,0,0,0,0,0,0,0,0,0,0,0,0,0,0,0
3068576400005100071,33,0,0,0,0,0,0,0,0,1,0,0,0,0,0,0,0,0,0,0,0,0,0,0,0,1,0,0,0,0,1,0,0,0,1,0,0,0,0,1,1,0,0,1,0,3,1,0,0,0,0,0,0,0,0,0,0,0,9,0,0,0,0,0,1,0,0,0,0,0,0,0,0,0,0,0,0,0,0,0,2,0,0,15,0,0,0,0,0,0,6,0,0,0,0,3,4,0,0,0,0,0,0,0,0,0,0,0,0,0,0,0,0,0,0,0,0,1,0,0,0,0,0,0,0,0,4,0,0,0,0,0,0,0,0,0,0,0,0,0,0,0,0,0,0,0,0,0,0,0,0,0,0,0,0,0,0,0,0,0,0,0,0,0,0,0,0,0,0,0,0,0,0,0,0,0,0,0,0,0
3068576400005100072,23,0,0,0,0,0,2,0,0,1,0,0,0,0,0,0,0,1,0,1,0,0,0,1,0,3,0,0,0,0,0,1,0,0,0,0,0,0,0,0,3,0,0,0,0,0,1,0,0,0,0,0,0,0,0,0,0,0,6,0,0,0,0,0,1,0,0,0,0,0,1,0,0,0,0,0,0,0,0,0,0,0,0,16,0,0,0,0,0,0,3,0,0,0,0,1,14,0,0,0,0,0,1,0,0,0,0,0,0,0,2,0,0,0,0,0,0,0,0,0,0,0,0,2,1,0,12,0,0,0,0,0,0,0,0,0,0,0,0,0,0,0,0,0,0,0,0,0,0,0,0,0,0,0,0,0,0,0,0,0,0,0,0,0,0,0,0,0,0,0,0,0,0,0,0,0,0,0,0,0
3068576400005100076,55,0,0,0,0,0,2,0,0,2,0,1,0,0,0,0,1,0,0,0,0,1,1,0,0,5,0,0,0,0,2,0,0,0,0,0,0,1,0,1,4,0,0,0,0,4,0,0,0,0,0,0,0,0,0,4,0,0,13,0,1,1,0,0,2,0,0,0,1,0,0,0,0,0,0,0,0,0,0,0,2,0,0,19,0,0,0,0,0,0,4,0,0,0,2,2,7,0,0,0,0,0,0,0,1,0,0,0,0,0,0,0,1,0,0,0,0,0,0,0,0,0,0,0,2,0,10,0,0,0,0,0,0,0,0,0,0,0,0,0,0,0,0,0,0,0,0,0,0,0,0,0,0,0,0,0,0,0,0,0,0,0,0,0,0,0,0,0,0,0,0,0,0,0,0,0,0,0,0,0
3068576400005100079,66,0,0,0,0,0,0,0,0,0,0,1,0,0,0,2,0,0,0,0,0,0,1,2,0,2,0,0,0,0,0,1,0,0,0,0,0,0,0,1,4,0,0,0,0,1,1,0,0,0,0,0,0,0,0,1,2,0,13,0,1,0,0,0,0,1,0,0,0,0,0,0,0,0,0,1,1,0,0,0,1,0,0,13,0,0,0,0,0,0,7,0,0,0,0,2,10,0,0,0,0,0,1,0,0,0,0,0,0,0,3,1,0,0,0,0,0,0,0,0,0,0,0,0,0,0,13,0,0,0,0,0,0,0,0,0,0,0,0,0,0,0,0,0,0,0,0,0,0,0,0,1,0,0,1,0,0,0,0,0,0,0,0,0,0,0,0,0,0,0,0,0,0,2,0,0,0,0,0,0
3068576400005100080,15,0,0,0,0,0,0,0,0,0,0,0,0,0,0,0,0,0,0,0,0,1,0,1,0,5,0,0,0,0,0,0,0,0,0,0,0,0,0,0,1,0,0,0,0,2,1,0,0,0,0,0,0,0,0,0,1,0,8,0,0,0,0,0,0,0,0,0,0,0,0,0,0,0,3,0,0,0,0,1,1,0,0,7,0,0,0,0,0,0,0,0,0,0,1,0,2,0,0,0,0,0,0,0,0,0,0,0,0,0,0,0,1,0,0,0,0,0,0,0,0,0,0,0,0,0,1,0,0,0,0,0,0,0,0,0,0,0,0,0,0,0,0,0,0,0,0,0,0,0,0,0,0,0,0,0,0,0,0,0,0,0,0,0,0,0,0,0,0,0,0,0,0,0,0,0,0,0,0,0
3068576400005100082,26,0,0,1,0,0,0,0,0,0,0,0,0,0,0,0,0,1,0,0,0,1,0,0,0,1,0,0,0,0,0,0,0,0,0,0,0,0,0,0,1,0,0,0,0,1,2,0,0,0,0,0,0,0,0,1,1,0,6,0,0,0,0,0,3,0,0,0,0,0,0,0,0,0,0,0,0,0,0,0,1,0,0,9,0,0,0,0,0,0,4,0,0,0,0,1,6,0,0,0,0,0,0,0,0,0,0,0,0,1,2,0,0,0,0,0,0,0,0,0,0,0,0,0,1,0,18,0,0,0,0,0,0,0,0,0,0,0,0,0,0,0,0,0,0,0,0,0,0,0,0,0,0,0,0,0,0,1,0,0,0,0,0,0,0,0,0,0,0,0,0,0,0,0,0,0,0,0,0,0
3068576400005100085,36,0,0,0,0,0,0,0,0,3,0,0,0,0,0,1,1,0,0,0,1,0,0,0,0,3,0,0,0,0,0,0,0,0,0,0,0,0,0,2,3,0,0,0,1,2,1,0,0,0,0,0,0,0,0,1,0,0,12,0,0,0,0,0,0,0,0,0,0,0,0,0,0,0,0,0,0,0,0,0,2,0,0,18,0,0,0,1,0,0,7,0,0,0,0,2,7,0,0,0,0,0,0,0,0,0,0,0,0,0,1,0,0,0,0,0,0,1,0,0,0,0,0,0,1,0,12,0,0,0,0,0,0,0,0,0,0,0,0,0,0,0,0,0,0,0,0,0,0,0,1,0,0,0,0,0,0,0,0,0,1,0,0,0,0,0,0,0,0,0,0,0,0,0,0,0,0,0,0,0
3068576400005100091,75,0,0,1,0,0,0,0,0,6,0,0,0,0,1,0,0,3,0,0,0,0,0,0,0,3,0,0,0,0,1,0,0,0,0,0,0,0,0,2,0,0,0,0,0,3,0,0,0,0,0,0,0,0,0,0,1,0,0,0,0,0,0,0,2,0,0,0,0,0,1,0,0,0,1,0,0,0,0,0,0,0,0,21,0,0,0,0,0,0,14,0,0,0,2,0,7,0,0,0,0,0,0,0,0,0,0,1,0,0,0,0,0,0,1,0,0,0,0,0,0,0,0,0,0,1,2,0,0,1,0,0,0,0,0,0,0,0,0,1,0,0,0,0,0,0,0,0,0,0,0,0,0,0,0,0,0,0,0,0,0,0,0,0,0,0,0,0,0,0,0,0,0,1,0,0,0,0,0,0
3068576400005100093,86,1,0,1,1,0,0,0,0,3,0,0,0,0,0,0,0,3,0,0,0,1,0,0,0,6,0,0,0,0,0,0,0,0,2,0,0,1,0,1,4,0,0,0,0,1,2,1,0,0,0,0,0,0,0,2,2,0,13,0,0,0,1,0,8,0,0,0,0,0,1,1,0,0,1,0,0,0,0,0,2,0,0,30,0,0,0,0,0,0,11,0,0,0,1,1,7,0,0,0,0,0,1,0,0,0,0,0,0,0,0,0,0,0,1,0,0,0,0,0,0,0,0,1,0,0,14,1,0,0,0,0,0,0,0,0,0,0,0,0,0,0,0,0,0,0,0,0,0,0,0,0,0,0,0,0,0,1,0,0,0,0,0,0,0,0,1,0,0,0,0,0,0,0,0,0,0,0,0,0
3068576400005200063,49,0,0,2,0,0,0,0,0,0,0,0,0,0,0,1,0,2,1,7,3,5,4,3,2,1,1,44,0,0,0,0,0,0,2,0,0,0,0,2,3,0,0,0,4,2,5,2,0,0,0,0,1,0,0,3,0,0,4,0,1,0,0,0,4,0,0,0,3,0,0,0,0,0,0,0,1,0,1,0,0,0,0,2,0,0,0,1,0,0,20,0,0,0,0,4,3,0,0,0,59,0,1,0,2,0,0,1,0,0,1,0,0,0,0,1,0,0,2,2,0,1,0,0,9,0,2,0,0,1,0,0,0,0,0,0,1,0,0,0,0,0,0,0,0,0,0,0,0,1,0,0,0,0,0,0,0,0,0,0,0,0,0,1,0,0,0,0,0,0,0,0,0,0,0,1,0,0,1,0
3068576400005200064,37,0,0,0,0,1,1,0,0,0,0,0,0,0,0,3,0,0,0,12,1,0,2,9,5,1,0,30,0,0,0,5,5,0,7,7,0,1,0,0,1,0,0,1,1,2,5,0,1,0,0,0,0,0,0,1,0,0,1,0,1,0,0,0,4,0,0,0,4,0,1,0,0,0,0,0,4,0,0,5,1,0,1,0,0,0,0,0,0,5,31,0,0,0,2,6,1,0,1,0,55,0,0,0,2,1,1,0,0,0,0,0,0,1,1,1,0,22,2,0,0,0,2,0,0,0,0,0,0,0,0,0,0,0,0,0,0,0,0,0,0,0,0,0,0,0,1,1,0,0,1,0,0,0,0,0,0,0,0,0,0,0,0,0,0,0,0,0,0,0,0,0,0,0,2,0,0,0,0,0
3068576400005200065,19,0,0,2,0,0,0,0,0,0,0,0,0,0,0,11,0,0,0,6,4,2,1,6,0,0,0,22,0,0,0,0,0,0,1,1,0,0,0,0,0,0,0,0,0,0,1,0,0,0,0,0,0,0,0,0,0,0,2,0,0,0,0,0,1,0,0,0,2,0,0,0,0,0,0,0,2,0,0,0,0,0,1,1,0,1,0,0,0,0,9,0,0,0,0,1,2,0,0,0,21,0,0,0,0,0,0,0,0,0,1,0,1,0,0,0,0,1,1,0,0,0,2,2,2,1,3,0,0,0,0,0,0,0,0,0,0,0,0,0,1,0,0,0,0,0,0,0,0,0,0,0,0,0,0,0,0,0,0,0,2,0,0,0,0,0,0,0,0,0,0,0,0,0,0,0,0,0,0,0
3068576400005200068,33,0,0,1,0,0,1,0,0,4,0,0,1,0,0,2,0,1,1,3,5,0,0,4,4,0,0,20,0,0,1,1,1,0,9,4,0,0,0,0,0,0,0,0,0,0,4,2,0,0,0,0,0,0,0,1,0,0,0,0,0,0,0,0,3,0,0,0,2,0,1,1,0,0,0,0,5,0,0,2,0,0,0,0,0,0,0,2,0,2,77,0,0,0,5,10,1,0,0,0,27,0,1,0,1,2,0,0,0,0,0,0,0,0,0,0,0,5,2,0,0,1,2,1,0,0,0,1,0,0,0,0,1,0,1,0,0,0,0,0,0,0,0,1,0,0,0,0,0,0,0,0,0,0,0,0,0,0,0,1,0,0,0,0,0,0,0,0,0,0,0,0,0,0,0,0,1,0,0,0
3068576400005200071,82,0,0,2,0,0,2,0,0,1,1,0,0,0,0,2,0,0,0,9,3,9,1,9,1,1,0,13,0,0,1,1,3,0,1,5,0,4,0,6,3,0,0,1,0,7,7,0,0,0,0,0,2,0,0,2,1,0,2,0,0,0,0,0,3,1,0,0,5,0,0,0,0,0,0,0,3,0,2,4,1,0,0,3,0,0,0,0,0,1,27,0,0,0,6,11,6,2,0,0,25,0,0,0,1,0,0,8,0,0,0,0,0,1,1,0,0,4,2,0,0,2,3,0,3,0,4,1,0,2,0,0,1,0,0,0,0,0,0,0,0,0,0,0,0,0,0,0,0,0,1,0,0,0,0,0,0,1,1,0,1,0,0,0,0,0,0,0,0,0,1,0,0,0,0,0,0,0,1,0
3068576400005200072,78,0,0,1,1,0,2,0,0,1,0,0,1,0,0,1,0,3,0,0,0,10,0,0,0,4,0,5,0,0,1,3,0,0,3,1,0,5,0,6,8,0,0,2,1,2,3,2,0,0,0,0,0,0,0,2,0,0,17,0,0,0,0,0,6,0,0,0,0,1,0,0,0,0,1,0,1,0,0,0,3,0,0,5,0,0,0,0,0,0,20,0,0,0,0,23,15,0,0,1,11,0,0,0,4,0,0,2,0,0,6,0,1,0,0,0,0,1,1,0,0,1,3,1,8,1,15,0,0,0,0,0,0,0,0,0,0,0,0,0,0,0,0,0,0,0,0,0,0,0,0,0,0,0,0,0,0,0,0,0,0,1,0,0,0,0,0,0,0,0,0,0,0,0,0,0,0,0,0,0
3068576400005200075,115,0,0,0,0,0,1,0,0,0,0,0,1,0,0,0,0,2,0,0,0,8,1,0,0,6,0,1,0,0,1,3,0,0,7,0,2,6,0,14,8,0,0,1,0,3,2,2,0,0,0,0,0,0,0,2,2,1,11,1,0,0,0,0,6,0,0,0,0,0,0,0,0,0,1,0,0,0,0,0,1,1,0,4,0,0,0,0,0,0,19,0,0,0,0,12,22,0,0,1,1,0,0,0,0,0,0,0,0,0,2,0,0,0,0,0,0,1,2,0,0,0,2,1,0,1,11,1,0,0,0,0,0,1,0,0,0,0,0,0,0,0,0,0,0,0,1,0,0,0,0,0,0,0,0,0,0,0,0,0,0,1,1,0,0,0,0,0,0,0,0,0,0,0,0,0,0,0,0,0
3068576400005200078,77,0,0,0,0,0,0,0,0,2,0,2,0,0,0,0,0,0,0,1,0,1,0,0,0,1,0,0,0,0,0,1,0,0,10,0,1,1,0,3,0,0,0,0,1,5,9,0,0,0,0,0,0,0,0,0,1,0,4,1,0,0,0,0,5,1,0,0,0,0,1,0,0,0,0,1,0,0,0,0,0,1,0,0,0,0,0,0,0,2,11,0,0,0,2,10,1,0,0,0,1,2,0,0,0,0,0,4,0,0,0,0,1,0,0,0,0,2,0,0,0,2,1,0,2,0,4,0,0,3,0,0,0,0,0,0,0,0,1,0,0,0,0,0,0,0,0,0,0,0,0,0,0,0,0,0,0,0,0,0,0,0,0,0,0,0,0,0,0,0,0,0,0,0,0,0,0,0,0,0
3068576400005200080,50,0,0,0,0,0,0,0,0,0,0,0,0,0,0,1,0,1,0,0,0,7,0,0,0,4,0,0,0,0,0,3,0,0,1,0,0,1,0,4,4,0,0,1,0,1,2,0,0,0,0,0,0,0,0,3,0,0,4,0,1,0,0,0,2,0,0,0,0,0,0,0,0,0,0,0,0,0,0,0,1,0,0,2,0,0,0,0,0,0,11,0,0,0,0,6,8,0,0,2,0,0,0,0,0,0,0,0,0,0,4,0,0,0,0,0,0,1,0,0,0,0,1,0,1,0,11,0,0,0,0,0,0,0,1,0,0,0,0,0,1,0,0,0,0,0,0,0,0,0,0,0,0,0,0,0,0,0,0,0,0,0,0,0,0,0,0,0,0,0,0,1,0,0,0,0,0,0,0,0
3068576400005200081,57,0,0,1,0,0,0,0,0,0,0,0,0,0,0,0,0,0,0,0,0,7,0,3,0,4,0,0,0,0,1,2,0,0,0,0,0,4,1,4,3,0,0,0,0,3,1,0,0,0,0,0,0,0,0,0,0,0,9,1,0,0,0,0,4,0,0,0,0,0,2,0,0,0,0,0,0,0,0,0,1,0,0,7,0,0,0,0,0,0,11,0,0,0,0,9,4,0,0,1,0,0,0,0,0,0,0,0,0,0,8,0,0,0,0,1,0,0,0,0,0,0,0,0,0,0,18,0,0,0,0,1,0,0,0,0,0,0,0,0,0,0,0,0,0,0,1,0,0,0,0,0,0,0,0,0,0,0,0,1,0,0,0,0,0,0,0,0,0,0,0,0,0,0,0,0,0,0,0,0
3068576400005200082,98,0,0,0,2,0,1,0,0,1,3,0,0,0,1,1,0,2,0,1,0,12,0,1,0,7,0,1,0,0,1,3,0,0,2,0,0,3,0,4,7,0,0,0,0,1,0,3,0,0,0,0,0,0,0,0,2,0,17,0,0,0,1,0,3,0,0,0,0,0,0,0,0,0,0,0,0,0,0,0,1,0,0,14,0,0,1,0,0,0,8,0,0,0,3,20,22,0,0,2,0,0,0,0,1,0,0,0,0,0,5,0,0,0,0,0,0,1,2,0,0,0,3,1,4,1,28,0,0,0,0,0,0,0,1,0,0,0,0,0,0,0,0,0,0,0,0,0,0,0,0,0,0,0,0,0,0,0,0,0,0,0,1,0,0,0,1,0,0,0,1,0,0,1,0,0,0,0,0,1
3068576400005200084,58,0,0,1,0,0,2,0,0,3,0,0,0,0,0,0,0,1,0,0,0,0,0,0,0,1,0,2,0,0,1,0,1,0,8,0,0,0,0,0,1,0,0,1,4,3,1,0,0,0,0,0,0,0,0,0,0,0,1,0,1,0,0,0,11,2,0,0,0,0,0,1,0,0,0,0,1,0,4,0,0,0,0,0,0,0,0,1,0,2,4,0,0,0,0,0,0,1,0,0,22,0,1,0,0,0,0,12,0,0,0,0,0,0,1,0,0,1,0,0,0,10,0,2,8,0,0,4,0,0,0,0,0,0,0,0,0,0,0,0,0,0,0,0,0,0,0,0,1,0,1,0,0,0,0,0,0,1,0,0,0,0,0,0,0,0,0,0,0,0,0,0,0,0,0,0,0,0,0,0
3068576400005200087,35,0,0,3,0,0,0,0,0,0,0,1,0,0,0,5,0,1,0,7,6,0,0,1,4,0,0,44,0,0,1,0,0,0,3,0,0,1,0,0,1,0,0,0,0,0,8,0,0,0,0,0,0,0,0,0,0,0,0,0,0,0,0,0,0,1,0,0,2,0,0,0,0,0,0,0,0,0,0,2,1,1,0,0,0,0,0,2,0,1,11,0,1,0,2,2,0,0,0,0,28,0,0,0,0,1,0,2,0,0,0,0,1,0,0,1,0,0,1,0,1,0,2,1,0,0,2,0,1,1,0,0,4,0,0,0,0,0,1,0,0,0,0,0,0,0,0,0,0,0,1,0,0,0,0,0,0,0,0,0,0,0,0,0,0,0,0,0,0,0,0,0,0,0,0,0,0,0,0,1
3068576400005200090,40,0,0,0,0,0,0,0,0,2,0,0,0,0,0,0,0,0,0,1,0,0,0,0,0,0,0,0,0,0,0,1,0,0,3,0,0,1,0,3,1,1,0,1,0,5,1,0,0,0,0,0,0,0,0,0,0,0,3,0,0,0,0,0,1,0,0,0,0,0,0,0,0,0,0,0,0,0,0,0,0,0,0,0,0,0,0,2,0,1,7,0,0,0,3,0,0,0,0,0,3,0,0,0,0,0,0,2,0,0,1,0,0,0,0,0,0,1,0,0,0,6,0,1,1,0,1,1,0,1,0,0,0,0,0,0,0,0,0,0,1,0,0,0,0,0,0,0,0,0,0,0,0,0,0,0,0,0,0,0,0,0,0,0,0,0,0,0,0,0,0,0,0,0,0,0,0,0,0,0
3068576400005200094,76,1,0,2,0,0,0,0,1,0,0,0,0,0,2,1,0,3,0,2,1,5,0,1,0,7,0,1,0,0,0,1,0,0,5,0,1,1,0,3,8,0,0,0,0,4,2,0,0,0,0,0,0,0,0,5,1,0,11,0,0,0,0,0,1,0,0,0,0,0,1,1,0,0,1,0,0,0,0,0,2,0,0,8,1,0,0,0,0,0,8,1,0,0,0,20,22,1,0,0,0,0,0,0,0,0,0,1,0,0,10,1,0,0,0,0,0,0,0,0,0,0,0,0,2,0,28,0,0,0,0,0,0,0,0,0,0,0,0,0,2,0,0,0,0,0,0,0,0,0,0,1,0,0,0,0,0,0,0,0,0,1,0,0,0,0,0,0,0,0,0,0,0,0,0,0,0,0,0,0
3068576400005200096,113,0,0,1,0,0,1,0,0,0,2,0,0,0,0,4,0,2,0,2,0,7,1,0,0,4,0,0,0,0,3,0,0,0,2,2,0,0,0,6,6,0,0,0,0,10,5,4,0,1,0,0,0,0,1,1,1,1,23,0,0,0,0,0,5,0,0,0,0,0,0,0,0,0,0,0,0,1,0,1,1,0,0,20,0,0,0,1,0,0,6,0,1,0,2,10,16,0,0,2,0,0,1,0,0,1,0,0,0,0,10,0,1,0,2,0,0,0,1,0,0,0,1,0,6,0,18,1,0,0,0,0,0,0,0,0,0,0,0,0,0,0,1,0,1,0,0,1,0,0,0,0,0,0,0,0,0,0,0,0,0,0,0,0,0,1,0,0,0,0,0,0,0,0,0,0,0,0,0,0
3068576400005200097,91,0,0,1,1,0,0,0,0,3,0,0,0,0,0,0,0,2,0,0,0,11,1,0,0,12,0,0,1,0,3,3,0,0,4,0,0,1,0,6,5,0,1,2,0,5,5,2,0,0,0,0,0,1,0,0,1,0,22,0,0,0,0,0,5,0,0,0,1,0,2,0,0,1,2,0,0,0,0,0,4,0,0,19,0,0,0,0,0,0,12,1,0,0,2,16,10,0,0,1,0,0,1,1,0,0,0,0,0,0,3,0,1,0,0,0,0,1,1,0,0,0,2,2,2,1,33,0,1,0,0,0,0,0,0,0,0,0,0,0,0,0,0,0,0,0,1,0,0,0,0,0,0,1,0,0,0,0,1,0,0,0,0,0,0,0,0,0,0,0,0,0,0,1,0,0,0,0,0,0
3068576400005200104,166,2,0,0,0,0,0,0,0,1,1,1,0,0,0,3,1,1,0,0,0,3,0,1,0,7,1,1,0,0,3,1,0,0,3,0,0,1,0,6,10,0,0,0,0,9,7,0,0,0,0,0,0,2,0,2,1,0,31,0,0,0,0,0,6,0,0,0,0,0,0,0,0,0,1,1,0,0,0,0,7,1,0,36,0,0,0,0,0,0,12,0,0,0,2,12,12,0,0,1,0,0,1,0,2,0,0,0,0,0,3,0,0,0,1,0,0,0,1,0,1,1,0,1,3,0,35,0,1,0,0,0,0,0,0,0,0,0,0,0,0,0,0,0,0,0,0,0,0,0,0,1,0,0,0,0,0,0,1,0,0,0,0,1,0,0,0,0,0,0,0,0,0,0,0,0,0,0,0,0
3068576400005200106,92,0,0,1,0,0,0,1,0,0,0,1,0,1,1,0,0,1,0,0,0,0,0,0,0,10,0,2,0,0,0,1,0,0,3,0,0,0,0,2,7,0,0,0,0,4,5,2,0,0,0,0,0,0,0,1,2,0,24,1,0,0,0,0,1,0,0,0,1,0,0,0,0,0,1,0,0,0,0,0,1,0,0,32,0,0,0,0,0,0,14,0,0,0,0,5,25,0,1,0,0,0,0,0,0,0,0,0,0,0,5,0,0,0,0,0,0,0,0,0,0,0,1,2,1,1,21,0,1,0,0,0,0,0,0,0,0,0,0,0,0,0,0,0,0,0,0,0,0,0,1,0,0,0,0,0,0,0,0,0,0,0,0,0,0,0,0,0,0,0,0,0,0,0,0,0,0,0,0,0
3068576400005200111,84,0,0,0,0,0,0,0,0,2,0,0,0,0,0,0,0,3,0,0,0,4,0,0,0,8,0,0,0,0,3,0,1,0,2,0,1,3,1,5,6,0,0,0,0,4,1,1,0,1,0,0,0,0,0,1,0,1,12,0,0,0,0,0,6,0,0,0,0,0,1,1,0,0,2,0,1,0,0,0,6,0,0,34,0,0,0,0,0,0,12,0,0,0,1,12,16,0,0,0,0,0,0,0,0,0,0,1,0,0,3,0,0,1,0,0,0,0,0,0,0,1,0,0,0,0,22,0,1,0,0,0,0,0,0,0,0,0,0,0,0,0,0,0,0,0,0,0,0,1,1,0,0,0,0,0,0,0,0,0,0,0,0,0,0,0,0,0,0,0,0,0,0,0,0,0,0,0,0,0
3068576400005200113,60,0,0,2,0,0,5,0,0,1,1,0,0,0,1,1,0,0,0,19,6,0,0,5,1,0,0,52,2,0,0,1,4,0,0,0,2,2,0,0,0,0,0,0,0,1,6,0,0,0,0,0,0,0,0,0,0,0,0,0,2,0,0,0,3,1,0,0,6,0,0,1,0,0,0,0,2,0,0,5,1,1,0,0,0,0,0,0,0,3,19,0,0,0,2,1,1,0,0,0,46,0,0,0,4,0,1,2,0,0,0,0,0,0,1,0,0,16,0,0,0,3,1,0,4,0,0,0,0,0,0,0,0,0,0,0,0,0,0,0,0,0,0,0,0,0,0,2,0,0,0,0,0,1,0,0,0,0,0,0,2,0,0,1,0,0,0,1,0,0,0,0,0,0,1,0,0,0,0,0
3068576400005200115,39,0,0,0,0,0,0,0,0,0,0,0,0,0,0,0,1,4,0,0,0,2,0,0,0,3,0,0,0,0,0,0,0,0,0,0,0,0,0,2,3,0,0,0,0,5,1,0,0,0,0,0,0,0,0,0,1,0,10,0,0,0,0,0,1,0,0,0,0,0,0,0,0,0,0,0,0,0,0,0,1,0,0,14,0,0,0,0,0,0,15,0,0,0,2,5,8,1,0,1,0,0,0,0,0,0,0,0,0,0,3,0,0,1,0,0,0,2,0,0,0,0,0,0,1,0,13,0,1,0,0,0,0,0,0,0,0,0,0,0,0,0,0,0,0,0,0,0,0,0,0,0,0,0,0,0,0,0,0,0,0,0,0,0,0,0,0,0,0,0,0,0,0,0,0,1,0,0,0,0
3068576400005200117,33,0,0,1,0,0,0,0,0,0,0,1,0,0,0,0,0,1,0,0,0,0,0,0,0,1,0,0,0,0,2,0,0,0,0,0,0,0,0,2,4,0,0,0,0,5,4,0,0,0,0,0,0,1,0,0,0,0,18,0,0,0,0,0,2,0,0,0,0,0,0,1,0,0,0,0,0,0,0,0,0,0,0,15,0,0,1,0,0,0,1,0,0,0,1,0,9,0,0,0,0,0,0,0,0,0,0,0,0,0,2,0,0,0,0,0,0,0,0,0,0,0,1,0,0,0,8,0,0,0,0,0,0,0,0,0,0,0,0,1,0,0,0,0,0,0,0,0,0,0,0,0,0,0,0,0,0,0,0,0,0,0,0,1,0,0,0,0,0,0,0,0,0,0,0,0,0,0,0,0
3068576400005200123,18,0,0,0,0,0,1,0,0,0,0,0,0,0,0,0,0,0,0,0,0,0,0,0,0,0,0,0,0,0,0,2,0,0,0,0,0,0,0,0,0,0,0,0,0,0,1,0,0,0,0,0,0,0,0,0,0,0,2,0,0,0,0,0,0,0,0,0,0,0,0,1,0,0,1,0,0,0,0,0,1,0,0,5,0,0,0,0,0,0,0,0,0,0,0,1,4,0,0,0,0,0,0,0,0,0,0,0,0,1,1,0,0,0,0,0,0,0,0,0,0,0,0,0,0,0,1,0,0,0,0,0,0,0,0,0,0,0,0,0,0,0,0,0,0,0,0,0,0,0,0,0,0,0,0,0,0,0,0,0,0,0,0,0,0,0,0,0,0,0,0,0,0,0,0,0,0,0,0,0
3068576400005200126,61,0,0,0,1,0,2,0,0,1,0,0,0,0,0,3,0,0,0,4,4,0,0,0,0,0,1,30,0,0,0,2,3,0,1,1,0,0,0,0,0,1,0,0,1,3,5,2,0,0,0,0,0,0,0,1,1,1,0,0,0,0,0,0,2,0,0,0,3,0,1,1,0,0,0,0,4,0,0,1,0,0,0,1,0,1,0,1,1,1,25,0,0,0,0,1,1,0,0,0,28,0,0,0,2,0,0,1,0,0,0,0,0,0,0,0,0,7,1,0,1,0,1,0,2,0,0,0,0,0,0,0,0,0,0,0,0,0,0,0,0,0,1,0,0,0,0,0,0,0,0,0,0,0,0,0,0,0,0,0,0,0,0,1,0,0,0,0,0,0,0,0,0,0,0,0,0,0,0,0
3068576400005200128,85,0,0,0,0,0,2,0,0,3,0,0,0,0,0,1,0,0,0,0,0,0,0,1,0,3,0,0,0,0,0,1,0,0,3,0,0,0,0,1,5,1,0,1,0,6,3,1,0,0,0,0,0,0,3,1,0,1,9,0,0,0,0,0,8,1,0,0,1,0,0,0,0,0,0,0,1,0,0,0,1,0,0,10,0,0,0,0,0,0,5,0,0,0,0,3,3,0,0,0,3,0,0,0,0,0,0,8,0,0,1,0,0,1,1,0,0,0,0,0,0,7,0,1,2,0,6,3,0,0,0,0,0,0,0,0,1,0,0,0,0,0,0,1,0,0,0,0,0,0,0,0,0,0,0,0,0,0,0,0,0,0,1,0,0,0,0,0,0,0,0,0,0,0,0,0,0,1,0,0
3068576400005200129,44,0,0,1,1,0,0,0,1,0,0,0,0,0,0,1,1,0,0,0,0,0,0,0,0,6,0,0,0,0,1,0,0,0,0,0,0,0,0,0,4,1,0,0,0,1,1,1,0,0,0,0,0,0,0,2,0,0,6,0,0,1,0,0,2,0,0,0,0,0,0,0,0,0,0,0,0,0,0,0,1,0,0,16,0,0,0,0,0,0,6,0,0,0,0,0,10,0,0,0,0,0,0,1,0,0,0,0,0,0,1,0,1,0,0,0,0,0,0,0,0,0,0,3,1,0,9,0,0,0,0,1,0,0,0,0,0,0,0,0,0,0,0,0,0,0,0,0,0,0,1,0,0,0,0,0,0,0,0,0,0,0,0,0,0,0,0,0,0,0,0,0,0,0,0,0,0,0,0,0
3068576400005200135,109,0,0,0,1,0,4,0,0,3,0,0,0,0,0,1,0,1,0,1,0,0,0,1,0,3,0,0,0,0,1,3,0,0,5,0,0,0,0,1,7,0,0,0,0,4,6,1,0,0,0,0,0,0,1,1,1,0,1,0,0,0,0,0,9,0,0,0,0,0,0,0,0,0,0,0,5,0,1,0,1,0,0,15,0,0,0,1,1,0,6,0,0,0,0,0,2,1,0,0,1,0,1,1,0,0,0,13,0,0,0,0,0,3,0,0,0,0,2,0,0,4,0,1,0,0,12,0,0,2,0,0,0,0,0,0,0,0,0,0,0,0,0,0,0,0,0,0,0,0,1,0,0,0,0,0,0,0,0,0,0,0,0,0,0,0,0,0,0,0,0,0,0,0,0,0,0,0,0,1
3068576400005200139,27,1,0,3,0,0,0,0,0,0,0,0,0,0,0,0,0,1,1,0,0,0,0,0,0,3,0,0,0,0,0,0,0,0,0,0,0,0,1,0,2,0,1,0,0,7,0,0,0,0,0,0,0,0,0,0,0,0,3,0,0,0,0,0,2,0,0,0,0,0,0,0,0,0,0,0,0,0,1,0,0,0,0,14,0,0,0,1,0,0,4,0,0,0,0,3,9,0,0,0,0,0,0,0,0,0,0,0,0,0,0,0,0,0,0,0,0,0,1,0,0,0,0,0,0,0,15,0,1,0,0,0,0,0,0,0,0,0,0,0,0,0,0,0,0,0,0,0,0,0,0,0,0,0,0,0,0,0,0,0,0,0,0,0,0,0,0,0,0,0,0,0,0,0,0,0,0,0,0,0
3068576400005200142,142,0,0,1,1,0,1,0,0,9,0,0,1,0,0,2,1,3,0,0,0,1,0,0,0,10,0,0,0,0,3,1,0,0,3,0,0,0,0,3,6,0,0,1,0,7,8,0,0,1,0,0,0,0,0,5,2,0,31,1,0,0,0,0,7,0,1,0,0,0,0,0,0,0,1,0,0,0,0,0,0,0,0,59,0,0,0,0,0,0,13,0,0,0,0,2,22,0,0,0,1,0,1,0,1,0,0,0,0,0,0,0,0,0,1,0,0,1,1,0,0,0,0,2,7,0,24,2,1,0,0,0,0,0,0,0,0,0,0,0,0,0,0,0,0,1,1,1,0,0,0,0,0,1,0,0,0,0,1,0,0,0,0,1,0,1,0,0,0,0,0,0,0,0,0,0,0,0,0,0
3068576400005200145,20,0,0,0,0,0,0,0,0,0,0,1,0,0,0,0,0,0,0,0,0,0,0,0,0,0,0,0,0,0,0,0,0,0,0,0,0,0,0,0,1,0,0,0,0,2,0,0,0,0,0,0,0,0,0,0,0,0,7,0,1,0,0,0,5,0,0,0,0,0,0,0,0,0,0,0,0,0,0,0,0,0,0,3,0,0,0,0,0,0,3,0,0,0,1,2,5,1,0,0,0,0,0,0,0,0,0,0,0,0,1,0,0,0,0,0,0,0,0,0,0,0,0,0,1,0,6,0,1,0,0,0,0,0,1,0,0,0,0,0,0,0,0,0,0,0,1,0,0,0,0,0,0,0,0,0,0,0,0,1,0,0,0,0,0,0,0,0,0,0,0,0,0,0,0,0,0,0,0,0
3068576400005200147,8,0,0,0,0,0,0,0,0,0,0,0,0,0,0,0,0,1,0,0,0,0,0,0,0,1,0,0,0,0,0,0,0,0,0,0,0,0,0,0,2,0,0,0,0,2,1,0,0,0,0,0,0,0,0,0,0,0,0,0,1,0,0,0,2,0,0,0,0,0,0,0,0,0,0,0,0,0,0,0,0,0,0,6,0,0,0,0,0,0,1,0,0,0,0,1,4,0,0,0,0,0,0,0,0,0,0,0,0,0,0,0,0,0,0,0,0,0,1,0,0,0,0,0,0,0,7,0,0,0,0,0,0,0,0,0,0,0,0,0,0,0,0,0,0,0,0,0,0,0,0,0,0,0,0,0,0,0,0,0,0,0,0,0,0,0,0,0,0,0,0,0,0,0,0,0,0,0,0,0
3068576400005200149,22,0,0,0,0,1,0,0,0,0,0,0,0,0,0,0,0,3,0,0,0,0,0,0,0,1,0,0,0,0,0,0,1,0,0,0,0,0,0,0,1,0,0,0,0,1,0,0,0,0,0,0,0,0,0,0,0,0,5,0,0,0,0,0,0,0,0,0,0,0,0,0,0,0,0,0,0,0,0,0,0,0,0,10,0,0,0,1,0,0,5,0,0,0,0,1,5,0,0,0,0,0,0,0,0,0,0,0,0,0,0,0,0,0,0,0,0,0,1,0,0,0,0,0,3,0,3,0,0,0,0,0,0,0,0,0,0,0,0,0,0,0,0,0,0,0,0,0,0,0,0,0,0,0,0,0,0,0,0,0,0,0,0,0,0,0,0,0,0,0,0,0,0,0,0,0,0,0,0,0
3068576400005200154,58,0,0,0,0,0,2,0,0,1,0,0,0,0,1,8,0,0,0,6,13,0,0,4,6,1,0,43,0,0,0,2,1,0,1,0,0,0,0,0,1,0,0,1,0,1,5,1,0,0,0,0,0,0,0,0,0,0,0,0,0,0,0,0,2,1,0,0,6,0,0,0,0,0,0,1,4,0,0,1,1,1,0,0,0,0,0,1,0,4,10,0,0,0,0,7,0,0,0,0,21,0,0,0,1,0,0,1,0,0,0,0,0,0,2,0,0,5,1,0,1,1,1,0,1,0,0,0,2,0,0,0,0,0,0,0,0,0,0,0,0,0,0,0,0,0,0,0,0,0,0,0,0,0,0,0,1,0,1,0,0,0,0,0,0,0,0,0,0,0,0,0,0,0,0,0,0,0,1,0
3068576400005200156,32,0,0,0,1,0,0,0,0,2,0,0,0,0,0,0,0,4,0,0,0,0,0,0,0,7,0,0,0,0,1,1,0,0,0,0,1,0,0,1,2,0,0,0,0,2,1,1,0,0,0,0,0,0,0,0,1,0,6,0,0,0,0,0,1,0,0,0,0,0,0,0,0,0,0,0,0,0,0,0,0,0,0,13,0,0,0,0,0,0,7,0,0,0,1,0,4,0,0,0,0,0,0,0,2,0,0,0,0,0,0,0,0,0,0,0,0,0,0,0,0,0,0,0,0,0,5,0,0,0,0,0,0,0,0,0,0,0,0,1,0,0,0,0,0,0,0,0,0,0,0,0,0,0,0,0,0,0,0,0,0,0,0,0,0,0,0,0,0,0,0,0,0,0,0,0,0,0,0,1
3068576400005200162,20,0,0,0,0,0,1,0,0,0,0,0,0,0,0,0,0,0,0,0,0,0,1,0,0,0,0,0,0,0,0,0,0,0,0,0,0,0,0,2,1,0,0,0,0,1,0,0,0,0,0,0,0,0,0,0,0,0,4,0,0,0,0,0,4,1,0,0,0,0,0,0,0,0,0,0,0,0,0,0,0,0,0,8,0,0,0,1,0,0,3,0,0,0,1,0,2,0,0,0,1,0,0,0,0,0,0,0,0,0,0,0,1,0,0,0,0,0,1,0,0,0,0,0,0,0,3,0,0,0,0,0,0,0,0,0,0,0,0,0,0,0,0,0,0,0,0,0,0,0,0,0,0,0,0,0,0,0,0,0,0,1,0,0,0,0,0,0,0,0,0,0,0,0,0,0,0,0,0,0
3068576400005200171,33,0,0,0,0,0,1,0,0,2,0,0,0,0,0,0,1,1,0,0,0,0,1,0,0,6,0,0,0,0,1,0,0,0,0,0,0,0,0,3,4,0,0,0,0,5,1,0,0,0,0,0,0,0,0,0,1,0,9,0,1,0,0,0,1,0,0,0,1,0,1,0,0,0,0,0,0,0,0,0,1,0,0,8,0,0,0,1,0,0,10,0,0,1,0,0,6,0,0,0,0,0,0,0,0,0,0,0,0,0,0,0,0,0,1,0,0,0,1,0,0,0,0,0,1,0,5,0,0,0,0,0,0,0,0,0,0,0,0,0,1,0,0,0,0,0,0,0,1,0,0,0,0,0,0,0,0,0,0,0,0,0,0,0,0,0,0,0,0,0,0,0,0,0,0,0,0,0,0,0
3068576400005300047,48,0,0,0,0,0,2,0,0,0,1,0,0,0,0,1,0,0,0,0,0,1,0,1,0,7,0,0,0,0,0,0,0,0,1,0,0,0,0,5,2,0,0,0,0,2,1,0,0,0,0,0,0,1,0,0,1,0,13,0,0,0,0,0,0,0,0,0,0,0,0,0,0,0,0,0,0,0,0,0,0,0,0,29,0,0,0,0,0,0,6,0,0,0,0,0,11,0,0,0,0,0,0,0,0,0,0,0,0,1,2,0,0,0,0,0,0,0,0,0,0,0,0,1,1,0,13,0,0,0,0,0,0,0,0,0,0,1,0,0,0,0,0,0,0,0,0,0,0,0,0,0,0,0,1,0,0,0,0,0,0,0,0,0,0,0,0,0,0,0,0,0,0,1,0,0,0,1,0,0
3068576400005300050,19,0,0,0,0,0,0,0,0,1,1,0,0,0,0,0,1,1,0,0,0,0,0,0,0,4,0,0,0,0,0,0,0,0,0,0,0,1,0,2,1,0,0,0,0,1,1,0,0,0,0,0,0,0,0,2,0,0,8,1,0,0,0,0,0,0,0,0,0,0,0,0,0,0,0,0,0,0,0,0,0,0,0,8,0,0,0,0,0,0,5,0,0,0,0,0,5,0,0,0,0,0,0,0,0,0,0,0,0,0,0,0,0,0,0,0,0,0,0,0,0,0,0,1,2,0,7,0,0,0,0,0,0,0,0,0,0,0,0,0,0,0,0,0,0,0,0,0,0,0,0,0,0,0,0,0,0,0,0,0,0,0,0,0,0,1,0,0,0,0,0,0,0,1,0,0,0,0,0,0
3068576400005300056,19,1,0,0,0,0,0,0,0,0,0,0,0,0,0,2,0,1,0,1,0,0,0,0,0,2,0,0,0,0,0,0,0,0,0,0,0,0,0,1,2,0,0,0,0,2,1,1,0,0,0,0,0,0,0,1,1,0,6,0,0,0,0,0,1,0,0,0,0,0,0,0,0,0,0,0,0,0,0,0,1,0,0,8,0,0,0,0,0,0,4,0,0,0,0,1,7,0,0,0,0,0,0,0,0,0,0,0,0,0,0,0,0,0,0,0,0,0,0,0,0,0,0,0,0,0,6,0,0,0,0,0,0,0,0,0,0,0,0,0,0,0,0,0,0,0,0,0,0,0,0,0,0,0,0,0,0,0,0,0,0,0,0,1,0,0,0,0,0,0,0,0,0,0,0,0,0,0,0,0
3068576400005300069,13,0,0,0,1,0,0,0,0,1,0,0,0,0,0,0,0,2,0,0,0,0,0,0,0,0,0,1,0,1,0,0,0,0,0,0,0,0,0,0,4,0,0,0,0,0,0,0,0,1,0,0,0,0,0,0,0,0,6,0,0,0,0,0,1,1,0,0,1,0,0,0,0,0,0,0,0,0,0,0,2,0,0,10,0,0,0,0,0,0,5,0,0,0,2,0,3,0,0,0,0,0,0,0,0,0,0,0,0,1,0,0,0,0,0,0,0,0,0,0,0,0,0,0,0,0,4,0,0,0,0,0,0,0,0,0,0,0,0,0,0,0,0,0,0,0,0,0,0,0,0,0,0,0,0,0,0,0,0,0,0,0,0,0,0,0,0,0,0,0,0,0,0,0,0,0,0,0,0,0
3068576400005300070,56,0,0,1,0,0,1,0,0,2,0,0,0,0,0,1,0,1,0,0,0,0,0,0,0,10,0,0,0,0,1,0,0,0,0,0,0,0,0,0,1,0,0,0,0,2,2,1,0,0,0,0,0,0,0,1,2,0,7,1,0,0,0,0,3,0,0,0,0,0,0,1,0,0,0,0,0,0,0,0,0,0,0,23,0,0,0,0,0,0,6,0,1,0,0,2,4,0,0,0,0,0,0,0,0,0,0,0,0,0,1,0,0,0,0,0,0,0,0,0,0,0,0,0,2,0,7,0,0,0,0,0,0,0,0,0,0,0,0,0,0,0,0,0,0,0,0,0,0,0,0,0,0,0,0,0,0,0,0,0,0,0,0,0,0,0,0,0,0,0,0,0,0,0,0,0,0,0,0,0
3068576400006100085,61,0,0,1,0,0,2,0,0,0,0,0,0,0,0,0,0,0,0,3,4,0,1,2,1,0,0,21,0,0,0,1,0,0,2,0,0,1,0,0,1,0,0,0,0,1,4,0,0,0,0,0,0,0,0,0,0,0,0,0,0,0,0,0,1,1,0,0,1,1,1,0,0,0,0,0,1,0,0,4,0,0,0,0,0,0,0,0,0,2,2,0,0,0,1,0,0,0,0,0,12,0,0,0,0,3,0,5,0,0,0,0,2,0,0,0,0,5,0,0,0,0,0,0,0,0,4,1,1,1,0,3,0,0,0,0,0,0,0,0,0,0,0,0,0,0,0,0,0,0,0,0,0,0,0,0,0,0,0,0,0,0,0,0,0,0,0,0,0,0,0,0,0,0,1,0,0,0,0,0
3068576400006100089,45,0,0,2,0,0,1,0,0,0,0,0,1,0,1,1,0,1,0,8,2,0,1,0,5,0,0,26,0,0,0,1,1,0,1,0,0,0,0,0,1,1,0,0,1,1,4,0,0,0,0,0,0,0,0,0,0,0,0,0,0,0,0,0,0,0,0,0,0,0,0,1,0,0,0,0,0,0,0,5,0,0,0,1,0,0,0,0,0,3,12,0,0,0,1,0,0,0,0,0,33,0,0,0,0,3,0,2,0,0,0,1,0,0,0,0,0,8,0,0,0,1,0,0,1,0,1,0,0,0,0,0,0,0,0,0,0,0,1,1,0,0,0,0,0,0,0,2,0,0,1,0,0,0,0,0,0,0,0,0,0,0,1,0,0,0,0,0,0,0,0,0,0,1,0,0,0,0,0,0
3068576400006200148,28,0,0,0,0,0,0,0,1,0,0,0,0,0,0,0,0,1,0,1,6,0,1,0,1,0,0,17,0,0,0,2,0,0,1,1,0,0,0,0,1,0,0,0,2,0,1,0,0,0,0,0,0,0,0,0,1,0,0,0,0,0,0,0,0,0,0,0,1,0,0,0,0,0,0,0,3,0,0,2,0,0,0,0,0,0,0,0,0,0,9,0,0,0,1,1,0,0,0,0,15,0,0,0,1,0,0,0,0,0,0,0,0,0,0,0,0,0,0,0,0,0,0,0,2,0,2,1,0,0,0,0,1,0,0,0,0,0,0,0,0,0,0,0,0,0,0,0,0,0,0,0,0,0,0,0,0,0,0,0,0,0,0,0,0,0,0,0,0,0,0,0,0,0,0,0,0,0,0,0
3068576400006200152,52,0,0,0,2,1,0,0,1,0,0,0,0,0,0,0,0,0,0,2,4,0,3,3,0,0,0,22,0,2,0,1,3,0,2,1,0,1,0,0,1,0,0,0,1,1,5,2,0,0,0,0,0,0,0,0,0,0,0,0,0,0,0,0,4,0,0,0,2,0,0,0,0,0,0,0,4,0,0,1,0,0,0,0,2,0,0,0,1,2,4,0,0,0,1,4,1,0,0,0,17,0,0,0,0,2,0,6,0,0,0,0,5,0,0,0,0,4,0,0,0,0,2,1,2,0,0,0,0,0,1,0,0,0,0,0,0,0,0,0,0,0,0,0,0,0,0,0,0,0,0,0,0,0,0,0,0,0,0,0,0,0,0,0,0,0,0,0,0,0,0,0,0,0,0,0,0,0,0,0
3068576400006200157,48,0,0,1,0,0,1,0,0,3,0,0,0,0,0,3,0,1,0,15,1,0,5,0,2,0,0,46,0,0,0,1,0,0,3,2,0,1,2,0,2,0,0,0,0,2,5,2,0,0,0,0,0,0,0,0,1,1,0,0,0,0,0,0,2,0,0,0,4,0,0,0,0,0,0,0,0,0,1,7,1,0,0,1,0,0,0,0,0,3,46,0,0,0,3,1,1,0,0,0,40,0,0,0,0,8,0,2,0,0,0,0,0,0,4,0,0,4,2,0,1,1,1,0,0,0,0,0,0,0,0,0,0,0,0,0,0,0,0,0,0,0,0,0,0,0,0,0,0,1,0,0,0,0,0,0,0,0,0,0,0,0,0,0,0,0,1,0,0,0,0,0,0,0,0,0,0,0,0,0
3068576400017100008,66,0,0,0,2,0,2,0,0,1,0,0,0,0,0,2,0,0,0,10,6,0,3,2,5,0,0,48,0,0,0,2,4,0,9,1,0,0,0,0,3,0,0,0,1,3,5,0,0,0,0,0,1,0,0,0,0,0,0,0,1,0,0,0,6,1,0,0,2,0,0,0,1,0,0,0,0,0,0,2,0,1,0,0,0,0,0,1,0,4,26,0,0,0,2,1,0,0,0,0,23,0,0,0,0,4,0,1,0,0,0,0,0,0,0,0,0,6,1,0,0,0,0,0,4,0,0,0,0,0,0,0,0,0,0,0,0,0,0,0,0,0,0,0,0,0,0,0,0,0,0,0,0,0,0,1,0,0,0,0,0,0,0,1,0,0,0,0,0,0,0,0,0,0,0,0,0,0,0,0
3068576400017100011,20,0,0,0,0,0,0,0,0,0,0,0,0,0,0,1,0,0,0,1,0,0,1,0,0,0,0,2,0,0,0,1,0,0,1,0,0,1,0,0,0,0,0,0,1,0,1,1,0,0,0,0,0,0,0,0,0,0,0,0,0,0,0,0,0,0,0,0,0,1,0,0,0,0,0,0,0,0,1,0,1,0,0,0,2,0,0,0,1,0,8,0,0,0,0,0,0,0,0,0,0,0,1,0,0,0,0,0,0,0,4,0,0,0,0,0,0,0,0,0,0,2,0,0,0,0,1,0,0,0,0,0,0,0,0,0,0,0,0,0,0,0,1,0,0,0,0,0,0,0,0,0,0,0,0,0,0,0,0,0,0,0,0,0,0,0,0,0,0,0,0,0,0,0,0,0,0,0,0,0
3068576400017100022,18,0,0,0,0,0,0,0,0,0,0,0,0,0,0,2,0,0,0,2,3,0,0,0,0,0,0,15,0,0,0,0,0,0,0,0,0,0,0,0,0,0,3,0,0,0,1,0,0,0,0,0,0,0,0,0,0,0,0,0,0,0,0,0,3,0,0,0,0,0,0,0,0,0,0,0,0,0,0,1,0,0,0,0,0,0,0,0,0,1,10,0,0,0,0,0,0,0,0,0,3,0,0,0,0,2,0,0,0,0,0,0,0,0,0,0,0,1,0,0,0,1,0,0,0,0,0,0,0,0,0,0,0,0,0,0,0,0,0,0,0,0,0,0,0,0,0,0,0,0,0,0,0,0,0,0,0,0,0,0,1,0,0,0,0,0,0,0,0,0,0,0,0,0,0,0,0,0,0,0
3068576400017100023,12,1,0,0,0,0,0,0,0,0,0,0,0,0,0,0,0,0,0,0,0,0,0,0,0,0,0,5,0,0,0,0,0,0,0,0,0,0,0,0,0,0,0,0,0,1,1,6,0,0,0,0,0,0,0,0,0,0,0,0,0,0,0,0,0,0,0,0,0,3,0,0,0,0,0,0,0,0,0,0,0,0,0,0,0,0,0,0,0,0,1,0,0,0,0,0,0,0,0,0,0,0,0,0,0,0,0,0,0,1,0,0,0,0,0,0,0,1,11,0,0,0,0,0,0,0,0,0,0,0,0,0,0,0,0,0,0,0,0,0,0,0,0,0,0,0,0,0,0,0,0,0,0,0,0,0,0,0,0,0,0,0,0,0,0,0,0,0,0,0,0,0,0,0,0,0,0,0,0,0
3068576400017100038,34,15,0,2,1,1,0,0,0,0,0,0,0,1,0,1,0,0,0,5,0,1,0,0,2,0,0,30,0,0,0,0,1,0,1,0,0,2,0,0,0,3,3,0,0,0,6,15,0,0,0,0,0,2,0,0,2,0,0,0,0,0,0,0,1,1,0,0,0,1,0,0,0,0,0,0,2,0,0,0,0,3,0,0,0,0,0,0,0,3,21,0,0,0,0,1,1,0,0,0,9,0,0,0,0,1,0,0,0,0,0,0,0,0,0,0,0,5,31,0,0,0,0,1,4,1,0,1,2,0,0,0,0,0,0,0,0,0,0,0,1,0,0,0,0,0,0,0,0,0,0,0,1,0,0,0,0,0,0,0,0,0,0,0,0,0,0,0,0,0,0,0,0,0,0,0,0,0,0,0
3068576400017100042,70,5,0,3,0,2,0,1,1,1,0,0,2,1,0,4,0,2,1,28,9,0,5,4,8,0,1,105,0,0,0,1,5,0,4,0,0,2,1,0,2,1,5,0,0,5,15,22,0,0,0,0,0,1,0,0,2,0,1,0,0,0,0,0,1,2,0,0,3,2,0,0,0,0,0,2,0,0,0,1,0,1,0,0,0,0,0,0,0,2,86,0,0,0,5,0,1,0,2,0,48,0,0,0,0,4,0,0,0,0,0,0,2,0,1,0,0,26,60,0,0,0,1,0,8,0,0,1,0,1,0,0,2,0,1,1,1,0,0,0,1,0,0,1,0,0,0,0,0,1,0,1,0,1,1,1,0,0,0,0,1,1,0,2,0,0,0,0,0,0,0,0,0,0,0,0,0,0,0,0
3068576400017100046,30,1,0,0,0,0,0,0,0,0,0,0,0,0,0,1,2,0,0,5,3,0,0,0,1,0,0,34,0,0,0,0,0,0,0,0,0,0,0,1,1,0,0,0,0,0,4,6,0,0,0,0,0,0,0,0,0,0,0,0,0,0,0,0,0,0,0,0,0,0,0,1,0,0,0,0,0,0,0,1,0,0,0,0,0,0,0,0,0,0,18,0,0,0,1,0,0,0,0,0,14,0,0,0,1,2,0,0,0,0,0,0,0,0,0,0,0,8,10,0,0,0,0,1,1,0,0,0,0,0,0,0,0,0,0,0,0,0,0,0,1,0,0,0,0,0,0,0,0,0,0,0,0,0,0,0,0,0,0,0,0,0,0,0,0,0,0,0,0,0,0,0,0,0,0,0,0,0,0,0
3068576400017100050,18,1,0,1,0,0,0,0,0,1,0,0,0,0,1,3,0,1,0,0,0,0,0,0,2,0,0,22,0,0,0,1,0,0,0,0,0,0,0,0,1,0,0,0,0,0,2,1,0,0,0,0,0,0,0,0,1,0,0,0,0,0,0,0,0,0,0,0,1,0,0,0,0,0,0,0,0,0,0,2,0,1,1,0,0,0,0,0,0,1,6,0,0,0,0,0,0,0,0,0,6,0,0,0,0,0,0,0,0,0,0,0,0,0,1,0,0,5,9,0,0,0,0,0,0,0,0,0,0,0,0,0,0,0,0,0,0,0,0,0,0,0,0,0,0,0,0,0,0,0,0,0,0,0,0,0,1,0,0,0,0,0,0,0,0,0,0,0,0,0,0,0,0,0,0,0,0,0,0,0
3068576400017200048,31,0,0,1,0,0,0,0,0,1,0,0,0,0,0,0,0,0,0,7,1,1,1,1,1,0,0,34,0,0,0,2,1,0,4,0,0,0,0,0,0,0,0,0,0,0,2,3,0,0,0,0,0,0,0,0,0,0,0,0,0,0,0,0,0,0,0,0,1,0,0,0,0,0,1,0,0,0,0,2,0,0,0,0,0,0,0,0,0,0,18,0,0,0,0,1,0,0,0,0,9,0,0,0,0,4,0,0,0,0,0,0,0,0,0,0,0,2,0,0,1,0,0,0,1,0,0,0,0,0,0,0,0,0,0,0,0,0,0,0,0,0,0,0,0,0,0,0,1,0,1,0,0,0,0,0,0,0,0,0,0,0,0,0,0,0,0,0,0,0,0,0,0,0,0,0,0,0,0,0
3068576400017200064,27,0,0,0,0,0,0,0,1,0,0,0,0,1,0,2,0,0,0,4,2,0,1,1,1,1,0,20,0,0,0,1,3,0,1,0,0,0,1,0,0,0,1,0,1,0,1,1,0,1,0,0,0,0,0,0,0,0,1,0,0,0,0,0,0,0,0,0,1,0,0,0,0,0,0,0,2,0,0,1,0,0,0,0,0,0,0,0,0,3,28,0,1,0,1,0,1,0,0,2,15,0,0,0,0,1,0,1,0,0,0,0,0,0,0,0,0,5,0,0,0,0,0,0,7,0,0,0,0,0,0,0,0,0,0,0,0,0,0,0,0,0,0,0,0,0,0,0,0,0,0,0,0,0,0,0,1,0,0,0,0,0,0,0,0,0,0,0,0,0,0,0,0,0,0,0,0,0,0,1
3068576400017200066,43,1,0,0,0,0,0,0,0,0,0,0,0,0,0,5,0,0,0,13,11,0,1,0,2,1,0,51,0,0,0,0,1,0,2,0,0,0,0,0,3,0,2,0,0,0,3,0,0,0,0,0,0,0,0,0,0,0,0,0,0,0,0,0,3,0,0,0,5,0,0,1,0,0,0,0,0,0,0,4,0,0,0,0,0,0,0,0,0,1,24,0,0,0,0,0,0,0,0,3,28,0,0,0,0,2,0,0,0,0,0,0,0,0,0,0,0,14,0,0,0,1,0,0,3,0,0,0,0,0,1,0,0,0,0,0,0,0,0,0,0,0,0,0,0,0,0,0,0,0,0,0,0,0,0,1,0,0,0,0,1,0,0,0,0,0,0,0,0,0,1,0,0,0,0,0,0,0,0,0
3068576400017200073,17,0,0,0,0,0,0,0,0,0,0,0,0,0,0,0,0,0,0,9,1,0,0,1,0,0,0,8,0,0,0,0,0,0,0,0,0,0,0,0,0,0,0,0,0,0,4,0,0,0,0,0,1,0,0,0,0,0,0,0,0,0,0,0,0,0,0,0,0,0,0,0,0,0,0,0,0,0,0,0,0,0,0,0,0,0,0,0,0,0,4,0,0,0,0,0,1,0,0,0,2,0,0,0,0,0,0,0,0,0,0,0,0,0,0,0,0,5,1,0,0,0,0,0,1,0,0,0,0,0,0,0,0,0,0,0,0,0,0,0,0,0,0,0,0,0,0,0,0,0,0,0,0,0,0,0,0,0,0,0,0,0,0,0,0,0,0,0,0,0,0,0,0,0,0,0,0,0,0,0
3068576400017200077,60,9,0,3,0,0,0,0,0,0,0,0,0,0,0,10,0,1,0,20,10,0,6,5,9,0,0,71,1,0,0,2,0,0,2,2,0,1,1,0,0,0,5,0,3,0,7,19,0,1,0,0,0,0,0,0,6,2,1,0,1,0,0,0,0,0,0,0,5,2,0,0,0,0,0,0,4,0,0,7,0,3,0,0,0,0,0,0,0,4,56,0,0,0,2,2,1,0,1,0,25,0,0,0,1,4,0,5,0,0,0,0,0,1,0,0,0,15,50,1,1,2,0,0,7,1,0,0,2,0,0,0,1,0,1,0,0,0,0,1,0,0,0,0,1,0,0,0,0,0,0,0,0,0,0,1,0,1,0,0,0,0,0,0,0,0,0,1,0,0,0,0,0,1,0,0,0,0,0,0
3068576400017200078,25,7,0,0,0,0,0,0,0,0,0,0,0,0,0,1,0,0,0,0,1,0,0,0,1,0,0,2,0,0,0,1,0,0,0,0,0,0,0,0,0,0,1,0,1,2,9,5,0,1,0,0,0,0,0,0,3,0,0,0,0,1,0,0,1,0,0,0,0,5,0,0,0,0,0,0,0,0,0,0,0,5,0,0,0,0,0,1,0,0,3,0,0,0,0,0,0,0,0,0,4,1,1,0,0,3,0,0,0,0,0,0,0,0,0,0,0,1,33,0,0,0,0,0,3,0,0,0,2,0,0,0,0,0,0,0,0,0,0,0,1,0,0,0,0,0,0,0,0,0,0,0,0,0,0,1,0,0,0,0,0,0,0,0,0,0,0,0,0,0,0,0,0,0,0,0,0,0,0,0
3068576400017200083,24,8,0,2,0,0,0,0,0,0,0,0,0,0,0,2,0,1,0,5,2,0,1,3,2,0,0,17,0,0,0,0,2,0,0,0,0,0,0,0,0,2,0,0,0,0,15,13,0,0,0,0,0,0,0,0,0,0,0,0,0,0,0,0,0,0,0,0,0,2,0,0,0,0,0,0,1,0,0,0,0,4,1,0,0,0,0,1,1,1,13,0,0,0,3,0,2,0,1,0,12,0,0,0,1,0,0,0,0,0,0,0,0,0,0,0,0,4,44,0,0,1,0,0,5,1,0,0,3,0,0,0,0,0,0,0,0,0,0,0,1,0,0,0,0,0,0,0,0,0,1,0,0,0,0,0,0,0,0,0,0,0,0,0,0,0,0,0,0,0,0,0,0,0,0,0,0,0,0,0
3068576400018100020,57,0,0,0,0,0,0,0,0,0,0,0,0,0,0,0,0,0,0,0,0,0,0,2,0,0,0,1,0,0,2,2,1,0,0,0,0,0,0,0,2,0,0,0,1,1,3,0,0,0,0,0,0,0,0,2,2,0,9,0,0,0,0,0,2,0,0,0,0,0,0,1,0,0,1,0,0,0,0,0,0,0,0,18,0,0,0,0,0,0,15,0,0,0,1,1,16,0,0,0,2,0,0,0,0,0,0,0,0,0,0,0,0,0,0,0,0,2,0,0,0,0,0,0,1,0,16,1,0,0,0,0,0,0,0,0,0,0,0,0,0,0,1,0,0,0,0,0,0,0,0,0,0,0,0,0,0,0,0,2,0,0,0,0,0,0,0,0,0,0,0,0,0,0,0,0,0,0,0,0
3068576400018100026,29,0,0,0,0,0,1,0,0,1,0,0,0,0,0,0,0,0,0,0,0,0,0,0,0,3,0,0,0,0,0,0,0,0,0,0,0,0,0,0,2,0,0,0,0,0,1,0,0,0,0,0,0,0,0,0,0,0,4,0,0,0,0,0,1,0,0,0,0,0,0,0,0,0,0,0,1,0,0,0,0,0,0,8,0,0,1,0,0,0,5,0,0,0,1,1,1,0,0,0,0,0,0,0,0,0,0,0,0,0,0,0,0,0,0,0,0,0,0,0,0,0,0,0,0,0,1,0,0,0,0,0,0,0,0,0,0,0,0,0,0,0,0,0,0,0,0,0,0,0,0,0,0,0,0,0,0,0,0,0,0,0,0,0,0,0,0,0,0,0,0,0,0,0,0,0,0,0,0,0
3068576400018100032,27,0,0,1,0,0,0,0,0,0,0,0,0,0,0,0,0,0,0,0,0,0,1,0,0,1,0,0,0,0,0,0,0,0,0,0,0,0,0,0,2,0,0,0,0,2,1,0,0,0,1,0,0,0,0,1,0,0,2,0,0,0,0,0,1,1,0,0,0,0,0,0,0,0,1,0,0,0,0,0,0,0,0,6,0,0,0,0,0,0,3,0,0,0,0,0,5,0,0,0,2,0,1,0,0,0,0,2,0,0,1,0,0,0,0,0,0,1,1,0,0,1,0,2,2,0,2,2,0,0,0,0,0,0,0,0,0,0,0,0,0,0,0,0,0,0,0,0,0,0,0,0,0,0,0,0,0,0,0,0,0,0,0,0,0,0,0,0,0,0,0,0,0,0,0,0,0,0,0,0
3068576400018100034,95,1,0,2,0,0,0,0,0,9,0,0,0,0,0,2,0,6,0,1,0,0,1,0,0,5,0,0,0,0,2,0,0,0,1,0,0,2,0,3,3,0,0,0,0,3,3,0,0,0,0,0,0,0,0,4,0,0,11,0,0,0,0,0,5,1,0,1,0,0,0,0,1,0,0,0,0,0,1,0,2,0,0,22,0,0,0,0,0,0,21,0,0,0,1,0,19,0,0,0,0,0,0,0,0,0,0,0,0,1,0,1,0,0,1,0,0,0,0,0,0,0,0,0,1,0,2,0,0,0,0,0,0,0,0,0,0,0,0,0,0,0,0,0,0,0,0,0,0,0,0,0,0,0,0,0,0,0,0,0,0,0,0,0,0,0,0,0,0,0,0,0,0,0,0,1,0,0,0,0
3068576400018100035,33,0,0,0,0,0,0,0,0,3,0,1,0,0,0,1,0,0,0,0,0,0,0,0,0,0,0,0,0,0,0,0,0,0,0,0,0,0,0,1,1,0,0,0,0,2,0,1,0,1,0,0,0,0,0,2,0,0,0,0,0,0,0,0,2,0,0,0,0,0,0,0,0,0,0,0,0,0,0,0,1,0,0,7,0,0,0,0,0,0,4,0,0,0,0,0,5,0,0,0,0,0,0,0,0,0,0,0,0,0,0,0,0,0,0,0,0,0,0,0,0,0,0,0,2,0,1,0,0,0,0,0,0,0,0,0,0,0,0,0,1,0,0,0,0,0,0,0,0,0,0,0,0,0,0,0,0,0,0,0,0,0,1,0,0,0,0,0,0,0,0,0,0,0,0,0,0,0,0,0
3068576400018100036,114,0,0,0,0,0,2,0,0,3,0,0,0,0,1,0,0,1,0,0,0,0,1,0,0,11,0,0,0,0,3,3,0,0,0,0,1,0,0,2,9,1,0,0,1,6,4,1,0,0,0,0,0,0,0,0,0,1,15,0,1,0,1,1,5,0,0,0,0,0,0,0,0,0,0,0,0,0,0,0,3,0,0,22,0,0,1,0,0,0,25,0,0,0,0,4,18,1,0,0,2,0,0,0,0,0,1,0,0,0,0,0,0,0,0,0,0,2,2,1,0,0,0,0,0,0,22,1,1,0,0,0,0,0,0,0,0,0,0,0,0,0,0,0,0,0,0,0,0,0,1,0,0,0,0,0,0,0,0,0,0,0,0,0,0,0,0,1,0,0,0,0,0,1,0,1,0,0,0,0
3068576400018100038,113,0,0,3,1,0,1,0,0,1,0,0,2,0,1,2,0,1,0,14,5,0,3,1,2,0,0,126,0,0,1,6,2,0,4,0,1,0,2,0,6,1,0,0,2,2,8,3,1,0,0,0,0,0,0,0,0,0,0,1,0,0,0,0,2,1,0,0,2,0,2,0,0,1,0,0,3,1,0,6,0,0,2,1,0,0,0,0,1,2,25,0,0,0,2,2,0,0,0,0,95,0,0,0,2,0,0,5,1,0,0,0,0,1,0,0,0,7,4,0,1,0,0,0,3,0,1,0,2,0,0,0,1,0,1,1,0,0,0,2,0,0,0,0,0,0,0,0,0,0,0,0,0,0,0,1,0,0,0,0,0,0,0,0,0,0,0,0,0,0,0,0,1,0,0,0,0,0,2,0
3068576400018100043,64,0,0,2,0,0,0,0,0,1,0,0,0,0,0,1,0,1,0,1,0,0,0,0,0,11,0,0,0,0,8,0,0,0,0,0,0,2,1,2,3,0,0,0,0,4,4,0,0,0,0,0,0,0,0,1,0,0,9,1,0,0,0,0,5,1,0,0,0,0,0,0,0,0,0,0,0,0,0,0,0,0,0,16,0,0,1,0,0,0,15,0,0,0,1,0,3,0,0,0,0,0,0,0,1,0,0,0,0,0,0,0,0,0,2,0,0,0,1,0,0,0,0,1,2,0,4,1,1,0,0,0,0,0,0,0,0,0,0,0,0,0,0,0,0,0,0,0,0,0,0,0,0,0,0,0,0,0,0,0,0,0,0,1,0,0,1,0,0,0,0,0,0,0,0,0,0,0,0,0
3068576400018100044,43,0,0,1,0,0,2,0,0,0,0,1,0,0,0,0,0,0,0,0,0,0,1,0,0,0,0,3,0,0,0,1,0,0,11,0,0,0,0,1,0,1,0,0,0,2,2,0,0,0,0,0,1,0,0,0,0,0,2,0,0,0,0,0,5,3,0,0,0,0,0,0,0,0,0,0,0,0,2,0,0,0,0,0,0,0,0,1,0,0,6,0,0,0,0,0,0,0,0,0,7,0,2,0,1,0,0,4,0,0,1,0,1,0,0,0,0,0,1,0,0,0,0,1,1,0,0,1,0,0,0,0,0,0,0,0,0,0,0,0,0,0,0,0,0,0,0,0,1,0,0,0,0,0,0,0,0,0,0,0,0,0,0,1,0,0,0,0,0,0,0,0,0,1,0,0,0,0,0,0
3068576400018100051,79,0,0,0,0,0,1,0,0,12,0,0,0,0,0,1,0,0,0,0,0,0,0,0,0,5,0,0,0,0,1,0,1,0,0,0,0,0,0,3,4,0,0,0,0,2,2,0,0,0,0,0,1,0,1,1,0,0,14,0,0,0,0,0,3,0,0,0,1,0,1,0,0,0,2,0,0,0,0,1,0,0,0,24,0,0,0,0,0,0,7,0,0,0,1,1,11,0,0,0,0,0,0,0,0,0,0,0,0,0,1,2,0,0,0,0,0,1,1,0,0,0,0,0,2,0,2,0,0,0,1,0,0,0,0,0,0,0,0,0,0,0,0,0,0,0,0,0,0,0,0,0,0,0,1,1,0,0,0,0,0,0,0,0,0,0,0,0,0,0,0,0,0,1,0,0,0,0,0,0
3068576400018100056,106,0,0,0,0,0,2,0,0,4,0,0,0,0,0,0,0,3,0,0,0,0,1,2,0,10,0,0,0,0,0,0,0,0,1,0,0,0,0,0,7,0,0,0,0,5,2,0,0,0,0,0,0,0,0,2,0,0,5,0,0,0,0,0,7,0,0,0,0,0,1,0,0,0,0,0,0,0,0,0,0,1,0,34,0,0,0,1,0,0,20,0,0,0,3,5,17,0,0,0,0,0,1,0,0,0,0,0,0,0,0,1,0,0,0,0,0,0,1,0,0,0,0,1,1,0,3,0,0,0,0,0,0,0,0,0,0,0,0,0,0,0,0,1,0,0,0,0,0,0,0,0,0,0,0,0,0,0,0,0,0,0,0,0,0,0,1,0,0,0,0,0,0,0,0,0,0,0,0,0
3068576400018100059,47,0,0,0,0,0,0,0,0,0,0,0,0,0,0,0,0,0,0,0,0,0,0,1,0,4,0,0,0,0,1,0,0,0,0,0,0,0,0,2,0,0,0,0,0,3,0,1,0,0,0,0,0,0,0,1,2,0,4,0,0,0,0,0,2,3,0,0,0,0,0,0,0,0,0,1,0,0,0,1,1,0,0,6,0,0,0,1,0,0,10,0,0,0,0,1,7,0,0,0,0,0,0,0,0,0,0,0,0,0,0,0,0,0,0,0,0,0,0,0,0,1,0,0,1,0,0,0,0,0,0,0,0,0,0,0,0,0,0,0,0,0,0,0,0,0,0,0,0,0,0,0,0,0,1,1,0,0,0,0,0,0,0,0,0,0,0,0,0,0,0,0,0,0,0,0,0,0,0,0
3068576400018100061,89,1,0,1,0,0,4,0,0,1,1,0,0,0,2,1,0,1,0,0,0,0,0,0,0,0,0,2,0,0,0,2,0,0,12,0,0,0,0,3,1,0,0,1,0,3,3,6,0,0,1,0,0,0,3,0,0,0,0,0,0,0,0,0,9,1,0,0,0,0,0,1,0,0,0,0,0,0,2,0,0,0,0,0,0,0,0,1,0,0,8,0,0,0,3,2,0,0,0,1,23,0,0,1,1,0,0,11,0,1,0,0,1,8,0,0,0,0,0,0,0,6,0,1,7,0,0,0,0,1,1,0,1,0,0,0,0,0,0,0,0,0,0,0,1,0,0,0,1,0,0,0,0,0,0,0,0,0,0,0,0,0,0,0,0,0,0,0,0,0,0,0,0,0,0,0,0,0,0,0
3068576400018100069,99,1,0,2,0,0,4,0,0,1,0,0,0,0,1,0,2,3,0,0,0,0,0,0,0,7,0,1,0,0,5,0,0,0,0,0,0,0,0,0,3,0,0,1,0,7,9,2,0,0,0,0,0,0,0,5,0,0,4,1,0,0,0,0,12,6,0,0,0,0,0,0,0,0,0,0,1,0,0,0,0,0,0,16,0,0,0,0,0,0,22,0,0,0,2,19,19,0,0,2,0,0,0,1,1,0,0,1,0,0,0,0,0,0,1,0,0,0,1,0,0,0,0,1,4,0,0,0,0,0,0,0,0,0,0,0,0,0,0,0,0,0,0,0,0,0,0,0,0,0,0,0,0,0,1,0,1,0,0,0,0,0,1,0,0,0,0,0,0,0,0,0,0,0,0,0,0,0,0,0
3068576400018100073,12,0,0,0,0,0,0,0,0,0,0,0,0,0,0,0,0,0,0,0,0,0,0,0,0,0,0,4,0,0,0,0,0,0,0,0,0,0,0,0,1,0,0,0,0,0,0,3,0,0,0,0,0,0,0,0,1,0,0,0,0,0,0,0,0,0,0,0,0,0,0,0,0,0,0,0,0,0,0,0,0,0,0,0,0,0,0,0,0,0,17,0,0,0,0,1,0,0,0,0,2,0,1,0,0,2,0,0,0,0,0,0,0,0,0,0,0,0,0,0,0,1,0,0,0,0,0,0,0,0,0,0,0,0,0,0,0,0,0,0,0,0,0,0,0,0,0,0,0,0,0,0,0,0,0,0,0,0,0,0,0,0,0,0,0,0,0,0,0,0,0,0,0,0,0,0,0,0,0,0
3068576400018100074,20,0,0,0,0,0,0,0,0,0,0,0,0,0,0,0,0,0,0,0,0,0,0,0,1,1,0,0,0,0,0,0,0,0,1,0,0,0,0,1,2,0,0,0,0,1,6,0,0,0,0,0,0,0,0,0,1,0,0,0,0,0,0,0,0,1,0,0,0,0,0,0,0,0,0,0,0,0,0,0,0,0,0,2,0,0,0,0,0,0,2,0,0,0,0,8,3,0,0,1,1,0,0,0,0,0,0,0,0,0,0,0,0,0,0,0,0,1,0,0,0,0,0,0,2,0,0,1,0,0,0,0,0,0,0,0,0,0,0,0,0,0,0,0,0,0,0,0,0,0,0,0,0,0,0,0,0,0,0,0,1,0,0,0,0,0,0,0,0,0,0,0,0,0,0,0,0,0,0,0
3068576400018100076,37,0,0,0,3,1,0,0,0,0,0,0,0,0,0,0,0,0,0,0,2,0,2,1,0,1,0,3,1,0,0,1,0,0,5,0,0,1,0,0,1,0,0,0,1,0,3,5,0,0,1,0,0,0,0,0,0,0,1,0,0,0,0,0,1,0,0,0,0,0,0,0,0,0,0,0,4,0,1,0,0,2,0,0,1,0,0,1,2,0,14,0,0,0,4,1,1,0,0,6,8,0,2,0,0,14,0,0,0,0,1,0,1,0,0,0,0,0,1,0,0,3,0,0,3,0,1,0,0,0,0,0,0,0,0,0,0,0,0,0,0,0,0,0,0,0,0,0,0,0,0,0,0,1,0,0,0,0,0,0,0,0,0,0,0,0,0,0,0,0,0,0,0,0,0,0,0,0,1,0
3068576400018100077,22,0,1,0,0,0,0,0,0,0,0,0,0,0,0,0,0,0,0,0,0,0,2,1,0,0,0,0,0,0,0,1,0,0,0,0,0,0,0,0,0,0,0,0,0,0,1,4,0,0,0,0,0,0,0,0,1,0,0,0,0,0,0,0,0,0,0,0,0,0,0,0,0,0,1,0,1,1,0,0,0,1,0,0,18,0,0,0,0,1,4,0,0,0,0,0,0,0,0,0,1,0,0,0,0,2,0,0,0,0,5,0,0,0,0,0,0,0,0,1,0,1,0,0,4,0,3,0,0,0,0,0,1,0,0,0,0,0,0,0,0,0,0,0,0,0,1,0,0,0,0,0,0,0,0,0,0,0,0,0,0,0,0,0,0,0,1,0,0,0,0,0,0,0,0,0,0,0,0,0
3068576400018100078,114,0,0,0,0,0,0,0,0,3,0,1,0,0,0,0,1,2,0,3,1,1,0,0,0,13,0,5,1,0,2,0,0,0,1,0,0,0,1,4,6,0,0,0,0,3,6,4,0,0,0,0,1,0,0,5,0,0,3,1,0,0,0,0,10,1,0,0,1,0,0,0,0,0,1,0,0,0,0,0,2,0,0,15,0,0,0,0,0,0,27,0,0,0,2,39,14,1,0,2,1,0,1,0,1,0,0,0,0,1,0,0,0,0,0,0,0,1,2,0,0,0,0,0,5,0,0,0,0,0,0,1,0,0,0,0,0,0,0,0,0,0,0,0,0,0,0,0,0,0,0,1,0,0,0,0,0,0,0,0,0,0,0,1,0,0,0,0,0,0,0,0,0,2,0,0,0,0,0,0
3068576400018100079,43,0,0,1,0,0,2,0,0,1,0,0,0,0,0,3,0,1,0,9,6,0,0,1,2,0,0,74,0,0,0,1,2,0,3,1,0,0,0,0,2,0,0,0,0,4,2,0,0,0,0,0,0,0,0,0,0,0,0,1,0,0,0,0,2,0,0,0,1,0,0,0,0,0,0,0,1,0,0,2,0,0,0,0,0,0,0,0,0,0,11,0,0,0,0,1,0,1,0,0,48,0,1,1,0,1,0,1,0,0,0,0,0,0,0,0,0,3,1,0,0,0,0,0,1,0,4,0,0,0,0,1,1,0,0,1,0,0,0,0,0,0,1,0,0,0,0,0,0,0,0,0,0,0,0,0,0,0,0,0,0,0,0,1,0,0,0,0,0,0,0,0,0,0,0,0,0,0,0,0
3068576400018100081,84,0,0,0,0,0,0,0,0,2,0,0,0,0,0,0,0,2,1,1,0,0,0,0,0,6,0,4,0,0,0,0,1,1,0,0,0,0,0,1,3,0,0,1,1,4,4,1,0,0,0,0,0,0,0,4,1,0,2,0,1,1,0,0,7,0,0,0,0,0,0,0,0,0,0,0,0,0,0,0,0,0,0,7,0,0,0,0,0,0,24,0,0,0,0,9,6,0,0,0,3,0,2,0,3,8,0,0,0,0,0,0,0,0,1,0,0,1,2,0,0,1,1,0,4,0,0,0,0,1,0,0,0,0,0,0,0,0,0,0,0,0,0,0,0,0,1,0,0,0,0,1,0,0,0,0,0,0,0,0,0,0,0,0,0,0,0,0,0,0,0,0,0,0,0,0,0,0,0,0
3068576400018100082,47,1,0,0,2,0,1,0,0,3,0,1,1,0,1,0,0,1,0,12,2,0,1,3,3,0,0,22,1,0,0,3,0,0,4,0,0,0,0,0,2,0,0,0,3,1,11,22,0,0,0,0,0,0,0,0,0,1,1,0,1,0,1,0,4,0,2,0,3,2,0,1,0,0,0,0,1,1,0,4,0,7,0,3,6,0,0,2,6,1,61,0,1,0,3,0,2,0,1,1,18,0,1,0,0,7,0,3,1,0,1,0,2,0,4,0,0,8,25,0,0,2,0,1,8,0,0,2,0,0,1,0,0,0,0,0,0,0,0,0,0,0,0,0,0,0,0,0,0,0,1,0,0,1,0,0,0,1,0,0,1,0,0,0,0,0,0,0,1,0,0,0,0,0,0,0,0,0,0,0
3068576400018100086,102,0,0,1,2,0,0,0,0,0,0,0,0,0,0,0,2,5,0,0,0,1,1,0,0,10,0,6,0,0,2,1,0,0,3,0,0,0,0,0,8,0,0,2,0,3,15,1,0,0,0,0,0,0,0,8,1,0,4,0,0,0,0,0,6,0,0,0,0,1,2,0,0,0,0,0,1,0,0,0,0,0,0,7,0,0,0,0,0,0,20,0,0,1,7,9,8,0,0,2,5,1,2,0,1,1,0,0,0,0,0,0,0,0,0,0,0,1,2,0,0,0,0,2,3,0,0,1,0,0,0,0,0,0,0,0,0,0,0,0,0,0,0,0,0,1,0,0,0,0,0,0,0,0,0,0,0,0,0,0,0,0,0,0,0,0,0,0,0,0,0,0,0,1,0,0,1,0,0,0
3068576400018100088,77,0,0,1,0,0,0,0,0,0,0,1,0,0,0,0,3,1,0,1,1,1,2,1,0,10,0,2,0,0,0,1,0,0,0,0,0,0,0,2,5,0,0,0,0,4,2,3,0,0,0,0,0,0,0,2,3,0,3,0,1,0,0,0,8,1,0,0,0,0,0,0,0,0,0,0,0,0,0,0,3,0,0,2,0,0,0,0,0,0,19,0,0,0,1,2,3,0,0,0,1,0,0,1,0,0,0,0,0,0,0,0,0,0,0,0,0,0,2,0,0,0,1,0,2,0,1,1,0,0,0,0,0,1,1,0,0,0,0,0,0,0,0,0,0,0,0,0,0,0,0,0,0,0,0,0,0,0,0,0,0,0,1,0,0,0,0,0,0,0,0,0,0,1,0,0,0,0,0,0
3068576400018100089,16,0,0,0,0,0,0,0,0,0,0,0,0,0,0,0,0,0,0,0,0,0,3,0,0,1,0,2,0,0,2,0,0,0,0,0,0,0,0,0,3,0,0,0,0,2,2,0,0,0,0,0,0,0,0,0,0,0,0,0,0,0,0,0,3,0,0,0,0,0,0,0,0,0,0,0,0,0,0,0,0,1,0,1,0,0,0,0,0,0,2,0,0,0,3,0,0,0,0,0,0,0,0,0,0,0,0,0,0,0,0,0,0,0,0,0,0,0,0,0,0,0,0,1,0,0,0,0,0,0,0,0,0,0,0,0,0,0,0,0,0,0,0,0,0,0,0,0,0,0,0,0,0,0,0,0,0,0,0,0,0,1,0,0,0,1,0,0,0,0,0,0,0,0,0,0,0,0,0,0
3068576400018100091,36,0,0,1,4,2,0,0,2,0,0,0,1,0,1,0,0,0,0,5,0,0,0,2,0,2,0,19,0,2,0,2,0,0,5,0,0,4,0,0,1,0,1,0,0,1,2,5,0,0,0,0,0,1,0,4,1,0,0,0,0,0,0,1,6,0,0,1,1,0,0,0,0,0,0,0,4,0,0,2,0,0,0,1,8,0,0,1,3,2,35,0,0,0,2,0,0,2,1,1,18,0,4,0,0,6,0,0,1,0,1,0,7,0,0,0,0,5,1,0,0,2,0,1,2,0,6,0,1,0,12,0,0,0,0,0,0,0,0,0,0,0,1,0,0,0,0,0,0,2,0,0,0,0,0,0,0,0,0,0,0,0,0,0,0,0,0,0,0,0,0,0,0,0,0,0,0,0,0,0
3068576400018100096,31,1,0,0,2,0,0,0,0,0,0,0,2,0,0,0,0,0,0,0,0,0,2,2,0,0,0,1,0,1,0,2,0,0,3,0,1,1,1,0,0,0,0,0,1,0,0,7,0,0,0,0,0,0,0,1,0,0,0,0,0,0,0,1,3,0,0,0,0,0,0,0,0,0,0,0,5,0,0,0,1,5,0,0,0,0,0,0,11,0,40,0,0,0,4,0,0,0,0,1,0,0,3,0,1,5,0,0,0,0,5,0,1,0,1,0,0,0,0,0,0,3,0,1,4,0,6,0,0,1,0,0,0,0,0,0,0,0,0,0,0,0,0,0,0,0,0,0,0,0,0,0,0,0,0,0,0,0,0,0,0,0,1,0,0,0,0,0,0,0,0,0,0,1,0,0,0,1,0,0
3068576400018100097,20,0,0,0,0,0,0,0,0,0,0,0,3,0,0,0,0,0,0,0,0,0,0,2,0,0,0,0,0,0,0,1,0,0,1,0,0,1,0,1,1,0,0,0,1,0,2,7,0,0,0,0,0,0,0,0,0,1,0,0,0,0,0,1,2,0,0,0,0,0,1,0,0,0,0,0,4,0,0,1,0,1,0,0,0,0,0,0,5,0,40,0,0,0,1,0,0,0,0,1,0,0,0,1,0,7,0,0,0,0,0,0,0,0,0,0,0,1,0,0,0,3,0,0,1,0,2,0,0,0,0,0,0,0,0,0,0,0,0,0,0,0,0,0,0,0,0,0,0,0,0,0,0,0,0,0,0,1,0,0,0,0,0,0,0,0,0,0,0,0,0,0,0,0,0,0,0,0,0,0
3068576400018100098,53,0,0,1,0,0,0,0,0,0,0,1,0,0,0,0,2,1,0,0,0,0,5,0,0,7,0,0,0,0,3,0,0,0,1,0,0,0,0,2,1,0,0,1,0,3,5,0,0,0,0,0,0,0,1,0,0,0,0,0,0,0,0,0,1,0,0,0,0,0,0,0,0,0,0,0,0,0,0,0,0,1,0,2,0,0,0,0,0,0,8,0,0,0,3,0,0,0,0,0,1,0,0,0,2,7,0,0,0,0,0,0,0,0,0,0,0,0,0,0,0,0,0,1,2,0,0,0,0,0,0,0,0,0,0,0,0,0,0,0,0,0,0,0,0,0,0,0,0,0,0,0,0,0,0,0,0,0,0,0,0,0,0,0,0,0,0,0,0,0,0,0,0,0,0,0,0,0,0,0
3068576400018100104,35,0,0,1,0,0,0,0,0,0,0,0,0,0,0,0,0,0,0,11,6,0,2,3,0,1,0,21,0,0,0,1,4,0,2,1,0,1,0,0,0,0,2,0,0,0,3,7,0,0,0,0,0,1,0,0,2,1,0,0,0,0,0,0,2,0,0,0,3,0,1,1,1,0,0,0,1,0,0,4,0,4,0,1,3,0,0,0,3,3,38,0,0,0,1,0,0,0,1,1,22,0,3,0,0,5,0,0,0,0,0,0,2,0,0,0,0,13,1,0,0,1,0,0,5,0,2,1,1,1,0,0,0,0,0,0,0,0,0,0,0,0,0,0,0,0,0,0,0,0,0,0,0,0,0,0,0,0,0,0,0,0,0,0,0,0,0,0,0,0,0,0,0,0,0,0,0,0,1,0
3068576400018100106,37,0,0,0,1,1,0,0,0,1,0,1,1,0,1,2,0,0,0,5,4,0,2,5,0,0,0,29,0,1,0,0,1,0,2,0,0,1,1,1,0,0,0,0,1,0,5,6,0,0,0,0,0,1,0,2,0,0,1,0,1,0,0,0,3,0,1,0,1,1,0,0,0,0,0,0,2,0,0,6,0,3,0,3,5,0,0,3,1,0,27,0,0,0,0,1,0,0,0,2,32,0,3,0,0,2,0,0,0,1,0,0,4,0,1,0,0,2,2,0,0,0,0,1,1,1,0,4,2,0,1,1,0,0,0,0,0,0,0,0,0,0,0,0,0,0,0,0,1,0,0,0,0,1,0,0,0,0,0,0,0,0,0,2,0,0,0,0,0,0,0,0,0,0,0,0,0,0,0,0
3068576400018100108,82,0,0,0,0,0,0,0,0,0,0,0,0,0,0,0,0,0,0,1,0,1,1,0,0,9,0,3,0,0,3,0,0,0,0,0,0,0,1,2,1,0,0,1,0,2,9,6,0,0,0,0,0,0,0,3,1,0,3,0,0,0,0,0,5,1,0,0,0,0,0,0,0,0,1,0,0,0,0,0,1,0,1,3,0,0,0,1,0,0,18,0,0,0,2,6,2,0,0,0,4,0,0,0,1,7,0,0,0,0,1,1,0,0,0,0,0,0,6,0,0,0,1,1,5,0,0,0,0,0,1,0,0,0,0,0,0,0,0,0,0,0,0,0,0,0,0,0,0,0,0,0,0,0,0,1,0,0,0,0,0,0,1,0,0,0,0,0,0,0,0,0,0,0,0,0,0,0,0,0
3068576400018100109,26,0,0,0,1,0,0,1,0,0,0,0,0,0,0,0,0,2,1,0,0,1,5,0,0,0,0,6,0,0,0,1,1,0,5,0,0,1,0,1,0,0,1,0,3,0,1,4,0,0,0,0,0,0,0,0,1,0,2,0,1,0,0,0,0,0,0,0,0,0,1,0,0,0,0,1,2,0,1,0,1,3,0,0,0,0,0,0,7,0,41,0,0,0,3,0,0,0,1,0,7,0,5,0,1,7,0,1,0,0,6,0,0,0,0,0,0,0,0,0,1,3,0,0,3,0,6,1,0,1,0,0,0,0,0,0,0,0,0,0,0,0,0,0,0,0,0,0,0,0,0,0,0,0,0,0,0,0,0,0,0,0,0,0,0,0,0,0,0,0,0,0,0,0,0,0,0,0,0,0
3068576400018100110,55,1,0,0,0,0,0,0,0,0,0,0,0,0,0,0,0,0,0,0,0,0,0,0,0,5,0,1,0,0,1,0,0,0,1,0,0,0,0,1,4,0,0,1,0,6,6,0,0,0,0,0,0,0,0,2,3,0,2,0,0,0,0,0,3,0,0,0,0,0,0,0,0,0,0,0,1,0,0,0,0,0,0,2,0,0,0,0,1,0,9,0,0,0,6,1,6,0,0,0,2,0,0,0,0,1,0,0,0,0,0,0,0,0,0,0,0,0,0,0,0,0,0,0,3,1,0,0,0,0,0,0,0,0,0,0,1,0,0,0,0,0,0,0,0,0,0,0,0,0,0,0,0,0,0,0,0,0,0,0,0,0,0,0,0,0,0,0,0,0,0,0,0,0,0,0,0,0,0,0
3068576400018100112,36,0,0,0,0,2,1,2,3,2,0,0,0,0,0,2,0,0,0,5,5,0,2,0,0,1,1,33,0,14,1,0,1,0,5,0,0,3,1,0,2,0,0,0,0,1,5,4,0,0,0,1,0,9,1,1,2,0,0,0,0,0,0,1,9,0,0,2,1,0,0,0,0,0,0,0,4,0,0,1,0,4,0,0,19,0,0,4,4,4,30,0,0,0,1,2,2,1,0,1,33,1,5,0,0,1,0,0,2,0,2,0,26,0,2,0,0,2,0,0,0,0,0,3,5,0,1,1,0,3,15,2,0,0,0,0,0,0,1,0,0,0,0,0,0,0,0,0,0,0,0,0,0,0,0,0,0,0,0,0,0,0,0,0,0,0,0,0,0,0,0,1,0,1,0,0,0,0,0,0
3068576400018100114,32,0,0,0,2,0,0,0,0,0,0,0,0,0,0,0,0,2,0,2,0,0,3,1,1,0,0,3,0,0,0,1,0,0,8,0,0,0,1,1,0,0,0,0,0,0,1,6,0,1,0,0,0,0,0,0,0,0,0,0,1,0,0,0,2,0,0,0,0,1,0,1,0,0,0,0,4,0,0,1,0,11,0,0,0,0,0,0,4,0,81,0,0,0,2,0,0,0,0,0,3,0,10,0,4,10,0,0,0,0,1,0,0,0,0,0,0,1,1,0,0,2,0,1,2,0,3,0,0,0,0,0,0,0,0,0,0,0,0,0,0,0,1,0,0,0,0,0,0,0,0,0,0,0,0,0,0,0,0,0,0,0,0,0,0,0,0,0,0,0,0,0,0,0,0,1,0,0,0,0
3068576400018100121,24,0,0,0,0,0,0,1,0,0,0,0,0,0,0,0,0,1,0,0,0,0,0,0,0,2,0,5,0,0,1,1,1,0,3,0,0,0,0,0,1,0,0,1,0,2,0,3,0,0,0,0,0,0,0,1,1,0,0,0,0,0,1,0,0,0,0,0,0,0,0,0,0,0,0,0,0,0,0,0,0,0,0,0,0,0,0,0,2,0,13,0,0,0,0,3,1,0,1,0,3,0,0,0,3,7,0,0,0,0,0,0,0,0,0,0,0,0,1,0,0,0,0,1,0,1,1,0,0,0,0,0,0,0,0,0,0,0,0,0,0,0,0,0,0,0,0,0,0,0,0,0,0,0,0,0,0,0,0,0,0,0,0,0,0,0,0,0,0,0,0,0,0,0,0,0,0,0,0,0
3068576400018100122,2,0,0,0,0,0,0,0,0,0,0,0,0,0,0,0,0,0,0,0,0,0,0,0,0,0,0,3,0,0,0,1,0,0,2,0,0,0,0,0,0,0,0,0,0,0,0,0,0,0,0,0,0,0,0,0,0,0,1,0,0,0,0,0,0,0,0,0,0,0,0,0,0,0,0,1,0,0,0,0,0,0,0,0,1,0,0,0,2,0,25,0,0,0,0,0,0,0,0,0,3,0,1,0,0,1,0,0,0,0,0,0,0,0,0,0,0,0,1,0,0,0,0,0,2,0,0,0,0,0,0,0,0,0,0,0,0,0,0,0,0,0,0,0,0,0,0,0,1,0,1,0,0,0,0,0,0,0,0,0,0,0,0,0,0,0,0,0,0,0,0,0,0,0,0,0,0,0,0,0
3068576400018100128,33,0,0,0,1,0,0,2,0,0,0,0,0,0,0,0,0,0,0,0,0,0,1,0,0,2,0,0,0,0,0,2,3,0,0,0,0,0,0,0,1,0,0,0,0,0,1,0,0,0,0,0,0,0,0,1,1,0,1,0,0,0,0,0,4,0,0,0,0,0,1,0,0,0,1,0,1,0,0,0,0,2,0,0,0,0,0,0,1,0,5,0,0,0,1,4,0,0,0,0,6,0,0,0,1,6,0,0,0,0,0,0,0,0,0,0,0,0,0,1,0,0,0,0,1,0,0,0,1,0,0,0,0,0,0,0,0,0,0,0,0,0,0,0,0,0,0,0,0,0,0,0,0,0,1,0,0,0,0,0,0,0,0,0,0,0,0,0,0,0,0,0,0,0,0,0,0,0,0,0
3068576400018100129,22,0,0,1,3,0,0,0,0,0,1,0,0,0,0,0,0,3,1,0,0,0,4,0,0,0,0,4,0,0,0,1,0,0,6,0,0,1,0,0,1,0,0,0,1,0,1,2,0,0,2,0,0,0,0,0,1,0,0,0,0,0,0,2,1,0,0,0,0,0,0,0,0,0,1,0,2,0,1,0,0,10,0,0,0,0,0,1,2,0,33,0,0,0,2,0,0,0,0,0,5,0,7,0,2,4,0,0,0,0,5,0,0,0,0,0,0,0,0,0,0,1,0,0,0,0,0,0,0,0,0,0,0,0,1,0,0,0,0,0,1,0,0,0,0,0,0,0,0,0,0,0,0,0,0,0,0,0,0,0,0,0,0,0,0,0,0,0,0,0,0,0,0,0,0,0,0,0,0,0
3068576400018100131,57,2,0,1,0,1,1,0,0,2,0,0,1,1,0,3,0,1,0,3,10,0,5,2,4,0,0,34,0,0,0,1,1,1,4,0,0,2,0,0,1,1,1,0,1,0,9,20,1,0,0,0,0,1,0,0,1,3,1,0,1,0,0,0,1,0,0,0,1,0,0,1,0,0,1,0,4,0,0,6,0,2,0,2,0,0,0,0,9,3,63,0,1,0,5,3,0,0,0,1,52,0,4,0,2,2,0,0,0,0,2,0,0,0,2,0,0,3,22,0,1,0,0,0,3,0,2,1,1,0,0,2,0,0,0,0,0,0,0,0,0,0,0,0,0,0,0,0,0,0,0,0,0,0,1,0,1,0,0,0,0,0,0,0,0,0,0,0,0,0,0,0,0,0,0,0,0,0,1,0
3068576400018100132,102,3,4,3,0,1,1,1,2,8,0,0,1,0,0,10,0,3,3,6,11,1,1,7,2,0,0,78,1,1,1,3,0,0,2,0,0,5,0,0,3,3,1,0,6,3,9,19,0,0,0,0,0,0,0,0,1,1,1,0,0,0,0,2,8,0,0,0,9,0,0,0,0,2,3,0,1,0,0,9,0,7,0,0,0,0,0,1,7,5,93,0,0,0,13,5,3,0,0,10,91,0,3,1,0,9,0,3,0,0,2,0,0,2,1,0,0,14,4,0,1,3,0,0,10,1,5,3,0,0,0,4,2,0,0,0,0,0,1,1,0,0,0,0,0,0,0,0,0,0,3,0,0,0,1,1,0,1,0,0,2,0,0,0,0,0,1,0,0,0,0,0,0,0,1,0,1,0,0,0
3068576400018100133,17,0,0,0,1,0,0,0,0,0,0,0,1,0,0,0,0,0,0,0,0,1,0,0,0,0,0,1,0,0,0,0,0,0,3,0,0,0,0,0,1,0,0,0,2,1,2,1,0,0,0,0,0,0,0,0,2,0,0,0,0,0,0,0,1,0,0,0,0,0,0,0,0,0,0,0,0,0,0,0,0,4,0,0,0,0,0,0,4,0,44,0,0,0,6,0,0,0,0,0,2,0,6,0,3,3,0,0,0,0,1,0,0,0,0,0,0,0,0,0,1,3,0,0,5,0,0,0,1,0,0,0,0,0,0,0,0,0,0,0,0,0,0,0,0,0,0,0,0,0,0,0,0,0,0,0,0,0,0,0,0,0,0,0,0,0,0,0,0,0,0,0,0,0,0,0,0,0,0,0
3068576400018100134,29,0,0,2,1,0,0,0,0,0,0,0,0,0,1,0,0,1,0,1,0,0,1,2,0,0,0,1,0,0,0,1,0,0,3,2,0,0,0,0,1,0,0,1,0,0,1,5,0,0,0,0,0,0,0,0,2,0,0,0,0,0,0,0,3,0,1,0,0,0,0,0,0,0,0,0,1,0,0,0,0,5,0,0,2,0,0,1,0,0,23,0,0,0,2,0,0,0,0,0,3,0,2,0,0,0,0,1,0,0,6,0,1,0,0,0,0,0,2,0,0,1,0,0,0,0,3,0,0,2,0,0,0,0,0,0,0,0,0,0,0,0,0,0,0,0,1,0,0,1,0,0,0,0,0,0,0,0,0,0,0,0,0,0,0,0,0,0,0,0,0,0,0,0,0,0,0,0,0,0
3068576400018100135,25,0,0,0,0,0,0,0,0,0,0,0,0,0,0,0,0,0,0,0,0,0,0,0,0,0,0,1,0,0,0,1,0,0,4,0,0,1,0,0,1,0,0,0,0,3,1,2,0,0,0,0,0,0,0,0,2,0,2,0,0,0,0,0,0,0,0,0,0,0,0,0,0,0,0,1,0,0,0,0,0,4,0,0,0,0,0,0,3,0,51,0,0,0,2,0,0,0,0,0,1,0,1,0,1,3,0,0,0,0,1,0,0,0,0,0,0,0,1,0,0,1,0,0,0,0,2,0,1,0,0,0,0,0,0,0,0,0,0,0,0,0,0,0,0,0,0,0,0,0,0,0,0,0,0,0,0,1,0,0,0,0,0,0,0,0,0,0,0,0,0,0,0,0,0,0,0,0,0,0
3068576400018100137,44,0,0,0,2,0,0,0,0,0,0,0,1,0,1,0,0,2,0,2,0,0,3,0,0,1,0,1,0,1,1,3,1,0,8,1,0,2,0,0,0,2,0,0,2,0,2,5,0,0,0,0,0,0,0,0,1,0,0,0,0,0,0,0,1,0,0,0,2,0,0,0,0,0,0,0,4,0,1,0,0,4,0,0,44,0,0,0,1,0,11,0,0,0,3,0,0,0,0,0,3,0,7,1,2,8,0,0,0,0,4,0,0,0,0,0,0,1,1,0,0,4,0,1,4,0,4,0,1,0,0,0,0,0,0,0,0,0,0,0,0,0,0,1,0,0,0,0,0,0,0,1,0,0,0,0,0,0,0,0,0,0,0,0,0,0,0,0,0,0,0,0,0,0,0,0,0,0,0,0
3068576400018100138,13,1,0,0,0,0,0,0,0,0,0,0,0,0,0,1,0,0,0,1,0,0,0,0,0,0,0,5,0,0,0,0,0,0,0,0,0,0,0,0,0,0,0,0,0,0,1,2,0,0,0,0,0,0,0,0,0,0,0,1,0,0,0,0,0,0,0,0,0,0,0,0,0,0,0,0,0,0,0,0,0,1,0,0,0,0,0,0,0,0,10,0,0,0,0,0,0,0,0,1,8,0,0,0,1,0,0,0,0,0,0,0,0,0,0,0,0,1,2,0,0,0,0,1,1,0,0,1,0,0,0,0,0,0,0,0,0,0,0,0,0,0,0,0,0,0,0,0,0,0,0,0,0,0,0,0,0,0,0,0,0,0,0,0,0,0,0,0,0,0,0,0,0,0,0,0,0,0,0,0
3068576400018100142,9,0,0,0,0,0,0,0,0,0,0,0,0,1,0,0,0,0,0,0,0,0,0,0,0,0,0,1,0,0,0,0,0,0,1,0,0,0,0,0,1,0,0,0,0,0,0,0,0,0,0,0,0,0,0,0,0,0,0,0,0,0,0,0,0,0,0,0,0,0,0,0,0,0,0,0,0,0,0,0,0,1,0,1,0,0,0,0,0,0,16,0,0,0,1,0,0,0,0,0,1,0,0,0,0,2,0,0,0,0,0,0,0,0,0,0,0,0,1,0,0,0,0,0,1,0,0,0,0,0,0,0,0,0,0,0,0,0,0,0,0,0,0,0,0,0,0,0,0,0,0,0,0,0,0,0,0,0,0,0,0,0,0,0,0,0,0,0,0,0,0,0,0,0,0,0,0,0,0,0
3068576400018100144,14,0,0,0,1,0,0,0,0,0,0,0,0,0,0,0,0,1,0,2,1,0,1,0,0,0,0,1,0,1,0,2,0,0,5,2,0,0,0,0,0,0,0,0,1,1,3,2,1,0,0,0,0,0,0,0,0,0,0,0,0,0,0,0,2,0,1,0,0,0,0,0,0,0,0,0,4,0,0,1,0,2,0,1,17,0,0,0,1,0,9,0,0,1,1,0,0,0,0,1,2,0,2,0,1,4,0,0,0,0,1,0,0,0,1,0,0,0,1,0,0,1,0,0,2,0,2,0,0,0,0,0,0,0,0,0,0,0,0,0,0,0,0,0,0,0,0,0,0,0,0,0,0,0,0,0,0,0,0,0,0,0,0,0,0,0,0,0,0,0,0,0,0,0,0,0,0,0,0,0
3068576400018100147,46,0,0,2,0,0,0,0,0,4,0,0,0,0,0,3,0,0,0,3,8,0,4,6,2,3,0,38,1,2,0,2,2,0,3,3,0,1,1,4,0,0,2,0,0,1,6,12,0,0,0,0,0,0,0,0,0,1,1,0,0,0,0,3,5,0,0,0,2,0,0,0,0,0,0,0,6,0,0,8,0,11,0,1,0,0,0,2,3,1,51,0,0,0,2,0,0,0,0,2,35,0,2,0,0,2,0,0,0,0,1,0,2,1,0,0,0,8,9,0,4,3,0,1,6,2,1,0,2,0,1,0,0,0,0,0,1,1,0,0,0,0,0,1,0,0,1,0,1,1,0,0,0,0,0,0,0,0,0,0,0,0,0,0,0,0,1,0,0,0,0,0,0,0,0,0,0,0,0,0
3068576400018100151,18,0,0,0,1,1,0,0,0,1,0,0,0,0,0,2,0,0,0,3,3,0,1,1,0,0,0,15,0,0,3,1,0,0,5,0,0,0,0,0,0,0,2,0,0,1,4,0,0,1,0,0,1,0,0,0,0,0,0,0,0,0,1,0,1,0,0,0,0,0,0,0,0,0,0,0,3,0,0,2,2,4,0,0,0,0,0,1,2,0,19,0,0,0,0,5,0,0,0,1,22,1,0,0,0,0,0,0,0,0,1,1,0,0,1,0,0,3,1,0,0,0,0,0,1,0,1,1,0,0,0,2,0,0,0,0,0,0,1,0,0,0,0,0,0,1,0,0,0,0,0,0,0,1,0,0,0,0,0,0,0,0,0,0,0,0,0,0,0,0,0,0,0,0,0,0,0,0,0,0
3068576400018100154,25,1,1,1,2,2,0,0,0,9,0,0,0,0,0,4,0,0,0,8,4,1,1,6,2,0,0,17,0,0,0,3,2,0,6,1,0,3,0,0,5,1,1,0,0,0,6,7,0,0,0,0,1,0,0,0,0,1,3,0,0,0,0,0,8,0,0,0,7,0,0,0,0,0,0,0,3,0,0,10,0,2,1,0,0,0,0,0,2,7,55,0,0,0,1,2,0,0,0,0,23,0,0,0,0,4,0,0,0,0,0,0,0,0,1,0,1,13,4,0,1,1,0,0,4,0,0,5,0,0,1,2,0,0,0,0,0,0,1,0,0,0,0,0,0,0,0,0,0,0,0,0,0,0,0,0,0,0,0,0,2,0,0,0,0,0,0,0,0,0,0,0,0,0,0,0,1,0,0,0
3068576400018100156,12,6,0,0,1,1,0,0,0,0,0,0,1,0,0,0,0,0,0,0,0,0,0,0,1,0,0,1,0,0,0,0,0,0,0,0,0,0,0,0,0,0,0,0,0,0,5,8,0,0,0,0,1,0,0,0,1,0,0,0,0,0,0,0,0,1,0,0,0,1,0,0,0,0,0,0,0,0,0,0,0,3,0,0,0,1,0,0,0,0,1,0,0,0,0,0,0,0,0,0,3,0,0,0,0,0,0,0,0,0,0,0,0,0,0,0,0,0,24,0,0,0,0,0,0,0,0,0,0,0,0,0,0,0,0,0,0,0,0,0,0,0,0,0,0,0,0,0,0,0,0,0,0,0,0,0,0,0,0,0,0,0,0,1,0,0,0,0,0,0,0,0,0,0,0,0,0,0,0,0
3068576400018100158,10,5,0,1,0,0,0,0,0,0,0,0,0,0,0,0,0,0,0,0,0,0,0,0,0,0,0,0,0,0,0,0,1,0,0,1,0,1,0,0,0,0,0,0,0,0,2,1,0,1,0,0,0,0,0,0,2,0,0,0,0,0,0,0,0,0,0,0,1,1,0,0,0,0,1,0,0,0,0,0,0,1,0,1,0,0,0,0,0,0,1,0,0,0,0,0,0,0,0,0,0,0,0,0,0,0,0,0,0,0,0,0,0,0,0,0,0,1,17,0,0,0,0,0,0,0,0,0,0,0,0,0,0,0,0,0,0,0,0,0,0,0,0,0,0,0,0,0,0,0,0,0,0,0,0,0,0,0,0,0,0,0,0,0,0,0,0,0,0,0,0,0,0,0,0,0,0,0,0,0
3068576400018100160,13,0,0,10,0,0,0,0,1,0,0,1,0,0,1,0,0,0,0,0,0,0,0,0,0,0,0,0,0,0,0,0,0,0,0,0,0,0,0,0,0,0,0,0,0,0,4,5,0,0,0,0,0,0,0,0,0,0,0,0,0,0,0,0,0,0,0,0,0,1,0,0,0,0,2,0,0,0,0,0,0,0,0,0,0,0,0,1,0,0,0,0,0,0,1,0,0,0,0,0,2,0,1,0,0,0,0,0,0,0,0,0,0,0,0,0,0,1,3,0,0,0,0,0,0,0,0,0,0,0,0,0,0,0,0,0,0,0,0,0,1,0,0,0,0,0,0,0,0,0,0,0,0,0,0,0,0,0,0,0,0,0,0,0,0,0,0,0,0,0,0,0,0,0,0,0,0,0,0,0
3068576400018100163,53,0,0,2,2,4,0,0,3,0,0,0,0,0,8,1,1,1,0,8,5,1,2,6,0,5,0,58,0,5,0,3,0,3,8,2,0,8,0,0,1,0,0,0,2,2,6,10,0,0,0,0,2,2,0,5,2,0,2,0,0,0,2,0,13,1,0,3,4,0,0,1,0,0,0,0,8,0,0,6,0,2,3,1,17,0,0,8,5,3,60,0,0,0,2,1,1,0,0,1,67,0,6,0,1,4,2,0,0,1,2,0,34,1,0,0,0,11,4,0,2,1,0,6,10,0,0,1,1,2,19,2,0,1,0,1,0,1,1,0,0,0,0,0,0,0,2,0,0,1,0,0,0,0,0,0,1,1,0,2,0,0,0,0,0,0,0,0,0,0,0,0,0,1,0,0,0,0,0,0
3068576400018100166,14,2,0,0,0,1,0,1,0,0,0,0,0,0,0,0,0,0,0,0,0,0,0,0,0,0,0,9,0,0,0,0,1,0,0,0,0,0,1,0,0,0,0,0,0,0,4,13,0,0,0,0,0,0,0,0,1,0,0,0,0,0,0,0,0,0,0,0,0,1,0,1,0,0,0,0,0,0,0,1,0,3,0,0,0,0,0,0,0,1,2,0,0,0,0,1,1,0,0,0,12,0,0,0,1,0,0,0,0,0,0,0,0,0,0,1,0,0,38,0,0,0,0,0,0,0,0,0,1,0,0,0,0,0,0,0,0,0,0,0,0,0,0,0,0,0,0,0,0,0,0,0,0,0,0,0,0,0,0,0,0,0,0,0,0,0,0,0,0,0,0,0,0,0,0,0,0,0,0,0
3068576400018100168,15,0,0,2,0,0,0,0,0,2,0,0,0,0,0,1,0,0,0,8,3,0,1,1,0,0,0,11,0,0,0,0,2,0,1,0,1,0,0,0,0,0,0,0,0,0,0,1,0,0,0,0,0,0,0,0,0,0,2,0,0,0,0,0,0,2,0,0,0,0,0,0,0,0,0,0,2,0,0,3,0,0,1,0,0,0,0,0,0,0,14,0,0,0,0,0,0,0,0,0,16,1,1,0,0,2,0,0,0,0,0,0,0,0,0,0,0,3,0,0,0,0,0,0,2,0,0,0,0,0,0,0,0,0,0,0,0,0,0,0,0,0,0,0,0,0,0,0,0,0,0,0,0,0,0,0,0,0,0,0,0,0,0,1,0,0,0,0,0,0,0,0,0,0,0,0,0,0,0,0
3068576400018100170,45,0,0,0,0,0,0,0,0,2,0,0,1,0,0,0,0,0,1,12,6,0,0,0,3,0,0,23,0,0,0,3,4,1,5,0,0,0,1,0,2,2,1,0,3,1,2,11,0,0,0,0,2,0,0,0,0,0,0,0,0,0,0,0,7,0,1,0,4,0,0,1,0,0,0,0,1,0,0,8,0,0,0,0,0,0,0,0,0,1,61,0,0,0,3,0,1,0,0,1,7,0,1,0,0,8,0,6,0,0,0,0,0,0,0,0,0,14,1,0,0,1,1,0,3,1,1,1,1,1,0,0,0,0,0,0,0,0,0,0,0,0,0,0,0,0,1,0,0,0,0,0,0,0,0,0,0,0,0,0,0,0,0,2,0,0,0,0,0,0,0,0,0,0,0,0,0,0,0,0
3068576400018100175,60,0,0,3,1,0,1,0,0,2,0,1,0,2,0,1,0,0,1,17,2,1,1,1,1,0,0,9,0,0,0,3,2,0,7,0,0,0,0,0,5,1,5,0,1,1,7,8,0,0,0,0,1,0,0,0,0,1,0,0,0,0,0,0,1,1,0,0,2,0,0,1,0,0,0,0,2,0,0,12,0,1,0,0,0,0,0,0,0,8,52,0,0,0,7,0,0,0,0,2,15,0,0,0,0,3,0,3,0,0,0,0,0,0,1,0,0,22,3,0,0,3,1,0,4,0,1,0,2,0,1,1,2,0,0,0,0,0,0,0,0,0,0,0,0,0,1,0,0,0,0,1,0,0,0,0,0,0,0,0,0,0,0,0,0,0,0,0,0,0,0,0,0,0,0,0,0,0,0,0
3068576400018100177,4,0,0,1,0,0,0,0,0,0,0,0,0,0,0,0,0,0,0,1,0,0,0,0,1,0,0,2,1,0,0,0,0,0,0,0,0,0,0,0,0,1,0,0,1,0,1,7,0,0,0,0,0,0,0,0,1,0,0,0,0,0,0,0,0,0,0,0,0,3,0,0,0,0,0,0,0,0,0,1,0,0,0,0,0,0,0,1,0,0,1,0,1,0,0,0,0,0,0,0,1,0,0,0,0,0,0,0,0,0,0,0,0,0,0,0,0,0,19,0,0,0,0,0,0,0,0,0,0,0,0,0,0,0,0,0,0,0,0,0,0,0,0,0,0,0,0,0,0,0,0,0,0,0,0,0,0,0,0,0,0,0,0,0,0,0,0,0,0,0,0,0,0,0,0,0,0,0,0,0
3068576400018100179,9,2,0,0,0,0,0,0,0,0,0,0,1,0,0,0,0,0,0,0,0,0,0,0,1,0,0,3,0,0,0,0,0,0,0,0,0,0,0,0,0,0,0,0,0,0,1,1,0,0,0,0,0,0,0,0,0,0,0,0,0,0,0,0,0,0,0,0,0,0,0,0,0,0,0,0,0,0,0,0,0,0,0,0,0,0,0,0,0,1,1,0,0,0,0,0,0,0,0,0,3,0,0,0,0,0,0,0,0,0,0,0,0,0,0,0,0,0,13,0,0,1,0,0,0,0,0,0,0,0,0,0,0,0,0,0,0,0,0,1,0,0,0,1,0,0,0,0,0,0,0,0,0,0,0,0,0,0,0,0,0,0,0,0,0,0,0,0,0,0,0,0,0,0,1,0,0,0,0,0
3068576400018100180,20,2,0,0,0,0,0,0,0,0,0,0,0,0,0,0,0,0,0,0,0,0,0,0,2,0,0,3,0,0,0,0,0,0,0,0,0,0,0,0,0,0,0,0,0,0,0,8,0,0,0,0,0,0,0,0,0,0,0,0,0,0,0,0,0,0,0,0,0,5,0,0,0,0,0,0,0,1,0,1,0,1,0,0,0,0,0,0,0,0,2,0,0,0,0,0,0,0,0,0,8,0,0,0,0,1,0,0,0,0,0,0,0,0,1,0,0,0,32,0,0,0,0,0,1,0,0,0,2,0,0,0,0,0,0,0,0,0,0,0,0,0,0,0,0,0,0,0,0,0,0,0,0,0,0,0,0,0,0,0,0,0,0,0,0,0,0,0,0,0,0,0,0,0,0,0,0,0,0,0
3068576400018100181,8,2,0,1,0,0,0,0,0,1,0,0,0,0,0,0,0,0,0,1,0,0,0,0,3,0,0,5,0,0,0,0,0,0,0,0,0,0,0,0,0,0,0,0,0,0,2,3,0,0,0,0,0,0,0,0,0,0,0,0,0,0,0,0,0,0,0,0,0,4,0,0,0,0,0,0,0,1,0,0,0,1,0,0,0,0,0,0,0,1,0,0,0,0,0,0,0,0,0,0,1,0,0,0,0,1,0,0,0,0,0,0,0,0,1,0,0,0,19,0,0,0,0,0,2,0,0,0,0,0,0,0,0,0,0,0,0,0,0,0,0,0,0,0,0,0,0,0,0,0,0,0,0,0,0,0,0,0,0,0,0,0,0,0,0,0,0,0,0,0,0,0,0,0,0,0,0,0,0,0
3068576400018100187,16,4,0,0,0,0,0,0,0,0,0,0,0,0,0,0,0,0,0,1,0,0,0,0,3,0,0,3,1,0,0,0,1,0,0,0,0,0,0,0,0,0,0,0,0,3,5,8,0,0,0,0,0,0,0,0,0,0,0,0,0,0,0,0,0,0,0,0,0,0,0,0,0,0,0,0,0,0,0,1,0,2,0,0,0,0,0,0,0,0,1,0,0,0,0,0,0,0,0,0,5,0,0,0,0,0,0,0,0,0,0,0,0,0,0,0,0,1,38,0,0,0,0,0,0,0,0,0,1,0,0,0,0,0,0,0,0,0,1,0,0,0,0,0,0,0,0,0,0,0,0,0,0,0,0,0,0,0,0,0,0,0,0,0,0,0,0,0,0,0,0,0,0,0,0,0,0,0,0,0
3068576400018100195,26,5,0,0,0,0,0,0,0,0,0,0,0,0,0,1,0,0,0,0,0,0,0,0,4,0,0,3,0,0,0,0,0,0,0,0,0,0,0,0,1,0,0,0,0,0,4,5,0,0,0,0,0,0,0,0,0,0,0,0,0,0,0,0,1,0,0,0,0,4,0,0,0,0,0,0,0,0,0,1,0,2,1,0,1,0,0,0,0,0,3,0,0,0,0,0,0,0,0,0,7,0,0,0,0,0,0,0,0,0,0,0,0,0,0,0,0,0,34,0,0,0,0,0,2,0,0,0,1,0,0,0,0,0,0,0,0,0,0,0,0,0,0,0,0,0,0,0,0,0,0,0,0,0,0,0,0,0,0,0,0,0,0,0,0,0,1,0,0,0,0,0,0,0,0,0,0,0,0,0
3068576400018200017,21,0,0,0,0,0,0,0,0,2,0,0,0,0,0,2,0,1,0,0,0,0,1,0,0,1,0,0,0,0,0,0,1,0,1,0,0,1,0,0,1,0,0,0,0,1,0,0,0,0,0,0,0,0,0,0,0,0,1,0,0,0,0,0,1,0,0,0,0,0,0,0,0,0,0,0,0,0,0,0,0,0,0,10,0,0,0,0,0,0,2,0,0,0,0,0,9,0,0,0,0,0,0,0,0,0,0,0,0,0,1,0,1,0,0,0,0,1,1,0,0,0,0,0,2,0,4,0,0,0,0,0,0,0,0,0,0,0,0,0,0,0,0,0,0,0,0,0,0,0,0,0,0,0,0,0,0,0,0,0,0,0,0,0,0,0,0,0,0,0,0,0,0,0,0,0,0,0,0,0
3068576400018200025,36,0,0,0,0,0,0,0,0,1,0,0,0,0,0,0,0,1,0,0,0,1,0,0,0,1,0,0,0,0,2,0,0,0,0,0,0,0,0,2,3,0,0,0,0,1,2,0,0,0,0,0,0,0,0,1,0,0,6,0,0,0,0,0,1,0,0,0,0,0,0,0,0,0,1,0,0,0,0,0,0,0,0,15,0,0,0,0,0,0,2,0,0,0,1,0,6,1,0,0,0,0,0,0,0,0,0,0,0,0,0,0,0,0,0,0,0,0,0,0,1,0,0,0,0,0,4,1,0,0,0,0,0,0,0,0,0,0,0,0,0,0,0,0,0,0,0,0,0,0,0,0,0,0,0,0,0,1,0,0,0,0,0,0,0,0,0,0,0,0,0,0,0,0,0,0,0,0,0,0
3068576400018200034,79,0,0,0,0,0,2,0,0,5,0,1,0,0,0,1,0,1,0,0,0,0,0,0,0,2,0,1,0,1,1,0,1,0,0,0,0,0,0,1,1,0,0,0,0,3,6,0,0,0,0,0,0,0,0,2,0,0,11,1,0,0,0,0,4,0,0,0,0,0,0,0,0,0,1,0,0,0,0,1,1,0,0,16,0,0,0,0,0,0,10,0,0,0,2,0,10,0,0,0,0,1,0,0,0,0,0,0,0,0,0,0,0,0,0,0,0,0,1,0,0,0,0,1,0,0,4,0,0,0,0,0,0,0,0,0,0,0,0,0,0,0,0,0,0,0,1,0,0,0,0,0,0,0,0,0,0,0,0,0,0,0,0,0,0,0,0,0,0,0,0,0,0,0,0,0,0,0,0,0
3068576400018200035,21,0,0,1,0,0,0,0,0,0,0,0,0,0,0,0,1,0,0,1,0,0,0,0,0,0,0,1,0,0,0,0,0,0,1,0,0,0,0,0,0,0,0,0,0,2,1,1,0,0,0,0,0,0,0,0,0,0,2,1,0,0,0,0,3,0,0,0,0,0,0,0,0,0,0,0,1,0,0,0,0,0,0,3,0,0,0,0,0,0,2,0,0,0,0,1,0,0,0,0,3,0,1,0,0,0,0,1,0,0,0,0,0,0,0,0,0,0,0,0,0,3,0,0,1,0,0,2,0,1,0,0,0,0,0,0,0,0,0,0,0,0,0,1,0,0,0,0,0,0,0,0,0,0,0,0,0,0,0,0,0,0,0,0,0,0,1,0,0,0,0,0,0,1,0,0,0,0,0,0
3068576400018200039,54,0,0,0,0,0,0,0,0,8,0,0,0,0,0,1,0,2,0,0,0,0,1,0,0,4,0,0,0,0,0,0,0,0,1,0,0,0,0,2,4,0,0,0,0,2,7,0,1,0,0,0,0,0,0,2,2,0,10,0,1,0,0,0,2,0,0,0,0,0,0,0,0,0,0,0,0,0,0,0,0,0,0,39,0,0,0,0,0,1,14,0,0,1,0,1,10,0,0,0,0,0,1,0,1,0,0,0,0,0,0,0,0,0,0,0,0,0,0,0,0,0,0,1,0,0,8,0,0,0,0,0,0,0,0,0,0,0,0,0,0,0,0,0,0,0,0,0,0,0,0,0,0,0,0,0,0,0,0,0,0,0,0,0,0,0,0,0,0,0,0,0,0,0,0,0,0,1,0,0
3068576400018200040,103,0,0,1,0,0,2,0,0,0,0,0,0,0,2,0,0,1,0,0,0,0,2,2,0,1,0,5,0,0,1,0,0,0,22,0,0,0,0,1,5,0,0,0,1,4,2,3,0,0,0,0,0,0,3,1,2,1,5,1,0,0,0,0,11,0,2,0,0,0,0,0,0,0,1,0,0,2,2,0,0,0,0,1,0,0,0,2,0,0,5,1,0,0,1,6,0,0,0,0,15,0,3,0,0,0,0,9,0,0,0,0,0,1,0,0,0,0,0,0,0,6,0,1,3,0,1,2,0,0,0,0,0,0,0,0,0,0,0,0,0,0,0,0,0,0,0,0,1,0,0,0,0,0,0,0,0,0,1,0,0,0,0,0,0,0,0,0,0,0,1,0,0,0,1,0,0,0,0,0
3068576400018200045,36,1,0,0,0,0,1,0,0,6,0,0,0,0,0,0,0,2,0,0,0,0,0,0,0,2,0,0,0,0,0,0,0,0,0,0,0,0,0,0,2,0,0,0,0,0,1,2,0,0,0,0,0,0,0,1,0,0,3,0,0,0,0,0,0,0,0,0,0,0,1,0,0,0,1,0,1,0,0,0,0,0,0,20,0,0,0,0,0,0,7,0,0,0,1,0,8,0,0,1,0,0,1,0,0,0,0,1,0,0,0,0,0,0,0,0,0,1,0,0,0,0,0,1,0,0,3,0,0,0,0,0,0,0,0,0,0,0,0,0,0,0,0,0,0,0,0,0,0,0,0,0,0,0,0,0,0,0,0,0,0,0,0,0,0,0,0,0,0,0,0,0,0,0,0,0,0,0,0,0
3068576400018200050,27,0,0,1,0,0,2,0,0,3,0,0,0,0,0,0,0,0,0,0,0,0,0,0,0,1,0,0,0,0,1,0,0,0,0,0,0,0,0,0,0,0,0,0,0,1,1,0,0,0,0,0,0,0,0,1,0,0,0,0,0,0,0,0,2,0,0,0,0,0,0,0,0,0,0,0,0,0,0,0,1,0,0,12,0,0,0,0,0,0,3,0,0,0,1,1,1,0,0,0,0,0,0,0,0,0,0,0,0,0,0,0,0,0,0,0,0,1,0,0,0,0,0,1,1,0,0,0,0,0,0,1,0,0,0,0,0,1,0,0,0,0,0,0,0,0,0,0,0,0,0,0,0,0,0,0,0,0,0,0,0,0,0,0,0,0,0,0,0,0,0,0,0,0,0,0,0,0,0,0
3068576400018200052,100,0,0,2,0,0,2,0,0,17,0,0,0,0,0,1,0,3,0,1,0,0,0,0,0,5,0,0,0,0,2,2,0,0,1,0,0,0,1,0,1,0,0,0,0,1,6,0,0,0,0,0,0,0,0,4,0,0,11,0,0,0,0,0,3,0,0,0,0,0,2,0,0,0,3,0,0,1,0,0,1,0,0,24,0,0,0,0,0,0,13,0,0,0,1,1,15,0,0,0,0,1,0,0,0,0,0,0,0,1,0,0,0,0,0,0,0,1,1,0,0,0,0,0,2,0,8,0,1,0,0,0,0,0,0,0,0,0,0,0,0,0,1,0,0,0,0,0,0,0,0,1,0,0,0,0,0,0,0,0,0,0,0,0,0,0,0,0,0,1,0,0,0,0,0,0,0,0,1,0
3068576400018200054,42,0,0,0,0,0,2,0,0,0,0,0,0,0,0,1,0,0,0,0,0,0,0,0,0,3,0,0,0,0,0,0,0,0,0,0,0,0,0,0,4,0,0,0,0,1,1,0,0,0,0,0,0,0,0,0,0,0,4,0,0,0,0,0,3,0,0,0,0,0,0,0,0,0,0,0,0,0,0,0,0,0,0,9,0,0,0,1,0,0,2,0,0,0,0,0,4,0,0,0,0,0,0,0,0,0,0,0,0,0,1,0,0,0,0,0,0,1,0,0,0,0,0,0,0,0,3,2,0,0,0,0,0,0,0,0,0,0,0,0,0,0,0,0,0,0,0,0,0,0,0,0,0,0,0,0,0,0,0,0,0,0,0,0,0,0,0,0,0,0,0,0,0,0,0,0,0,0,1,0
3068576400018200055,113,0,1,1,2,0,1,0,0,22,0,1,0,0,0,3,0,3,0,1,0,0,2,0,0,6,1,0,0,0,1,2,0,0,1,0,1,0,0,5,7,0,0,1,0,1,3,1,0,0,0,0,0,0,0,6,0,0,17,0,1,0,0,0,5,1,0,0,0,0,0,1,0,0,0,0,0,0,0,0,0,0,0,56,0,0,0,0,0,0,4,0,0,0,2,1,26,0,0,0,0,0,0,0,1,0,0,0,0,0,0,1,1,0,1,0,0,0,0,0,0,0,0,2,4,0,7,0,0,0,0,0,0,0,0,0,0,0,0,0,0,0,0,0,0,0,0,0,0,0,0,0,0,0,0,0,0,0,0,0,0,1,0,0,0,0,0,0,0,0,1,0,0,1,0,0,0,0,0,0
3068576400018200059,104,0,0,1,0,0,0,0,0,14,0,1,1,0,0,1,0,4,0,0,0,0,0,1,0,6,0,1,0,0,2,0,0,0,0,0,0,0,0,0,5,0,0,0,0,3,5,4,0,0,0,0,0,0,1,1,2,0,10,0,0,0,0,0,8,0,0,0,0,0,0,1,0,0,2,0,0,0,0,0,0,0,0,31,0,0,0,0,0,0,20,0,0,0,1,0,33,1,0,0,0,0,0,0,1,0,0,0,0,0,0,0,0,0,0,0,0,0,1,0,1,1,0,3,2,0,4,0,0,0,0,0,0,0,0,0,0,0,0,0,0,0,0,0,0,0,0,0,0,0,0,0,0,0,1,1,0,1,0,0,0,0,0,0,0,0,0,0,0,0,0,0,0,0,0,0,0,0,0,0
3068576400018200061,45,0,0,0,1,0,0,0,0,2,0,0,0,0,0,1,0,3,0,0,0,0,0,0,0,2,0,1,0,0,0,1,0,0,0,0,0,0,0,0,2,0,0,0,0,2,3,0,0,0,0,0,0,0,0,0,0,0,9,0,1,0,0,0,5,3,0,0,0,0,0,0,0,0,1,0,0,0,0,0,1,0,0,12,0,0,0,0,0,0,13,0,0,0,3,0,0,0,0,0,0,0,0,0,1,0,0,0,0,0,0,0,0,0,0,0,0,0,0,0,0,0,0,2,2,0,1,1,0,0,0,0,0,0,0,0,0,0,0,0,0,0,0,0,0,0,0,0,0,0,0,0,0,0,0,0,0,0,0,0,0,0,0,0,0,0,0,0,0,0,0,0,0,1,0,0,0,0,0,0
3068576400018200064,85,0,0,0,0,0,2,1,0,1,0,0,0,0,0,0,0,0,0,0,0,2,1,0,0,19,0,2,0,0,10,0,1,0,0,0,0,1,0,14,6,0,0,0,0,9,2,1,0,0,0,0,0,1,0,1,1,0,4,0,1,0,0,0,5,0,0,0,0,0,1,0,0,1,1,1,0,0,2,0,0,0,0,6,0,0,0,1,0,0,9,0,0,0,5,1,6,0,1,0,1,1,1,0,0,0,0,0,0,0,0,0,0,0,0,0,0,0,1,0,0,0,0,5,1,0,4,0,0,0,0,0,0,0,0,0,0,0,0,0,0,0,0,0,0,0,0,0,0,0,0,0,0,0,1,0,0,0,0,2,0,0,0,0,0,0,0,0,0,0,0,0,0,1,0,0,0,0,0,0
3068576400018200066,77,0,0,4,0,0,0,0,0,1,0,0,0,0,0,0,0,0,0,0,1,0,0,0,0,1,0,0,0,0,0,3,1,0,6,0,0,0,0,0,0,0,0,2,3,3,4,2,0,0,0,0,0,0,2,0,0,0,0,0,0,0,0,0,5,0,2,0,0,0,1,1,0,0,0,0,3,0,0,0,0,0,0,0,0,0,0,2,0,0,8,0,0,0,1,0,0,0,1,0,20,0,1,0,3,0,0,12,0,0,0,0,1,2,1,0,0,0,2,0,0,4,0,0,3,0,0,3,0,0,0,0,0,0,0,0,0,2,0,0,1,0,0,0,0,1,0,0,0,0,0,0,0,0,0,0,0,0,0,0,0,1,0,1,0,0,0,0,0,0,0,0,0,0,0,0,0,0,0,0
3068576400018200068,46,0,0,2,0,0,0,0,0,12,0,0,0,0,0,0,0,1,0,0,0,0,0,0,0,8,0,0,0,0,4,0,0,0,0,0,1,0,0,4,5,0,0,0,0,8,4,0,0,1,0,0,0,1,0,2,0,0,2,0,0,0,0,0,2,1,0,0,0,0,1,0,0,0,0,0,0,0,0,0,0,0,0,14,0,0,0,0,0,0,14,0,0,0,1,0,8,0,0,0,1,0,0,0,0,0,0,0,0,0,0,0,0,0,0,0,0,0,0,0,0,0,0,0,1,0,2,0,0,0,0,0,0,0,0,0,0,0,0,0,1,0,0,0,0,0,0,0,0,0,0,0,0,0,0,0,0,0,0,0,0,0,0,0,0,0,0,0,0,0,0,0,0,0,0,0,0,0,0,0
3068576400018200069,129,0,0,1,0,0,0,0,0,2,0,0,0,0,0,0,0,0,0,7,1,0,0,1,2,0,0,34,0,0,1,5,1,0,6,1,0,0,0,1,2,0,0,1,6,6,2,8,0,0,0,0,0,0,1,0,1,0,1,0,0,0,1,0,3,1,0,0,0,0,1,0,0,0,0,0,0,0,3,1,0,0,0,0,0,0,0,3,0,1,12,0,0,0,5,2,1,0,0,0,35,0,4,2,0,2,0,15,0,0,0,1,0,5,2,0,0,4,1,0,0,6,0,2,8,0,0,2,1,1,0,0,0,0,0,0,0,0,0,0,0,0,0,0,0,0,1,0,0,0,0,0,0,0,0,0,0,0,0,0,0,0,0,1,0,0,0,0,0,0,0,0,0,0,0,0,0,0,0,0
3068576400018200071,48,0,0,1,0,0,1,0,0,7,0,0,0,0,0,0,0,0,0,1,0,0,0,0,0,4,0,0,0,0,0,0,0,0,0,0,0,0,0,0,2,0,0,1,0,0,2,0,0,0,0,0,0,0,0,3,1,0,2,1,1,0,0,0,4,0,0,0,0,0,0,0,0,0,0,0,0,0,0,0,1,0,0,12,0,0,0,0,0,0,10,0,0,0,1,0,11,0,0,1,0,0,0,1,1,0,0,0,0,0,0,0,0,0,0,0,0,0,0,0,0,0,0,1,0,0,3,0,1,0,0,0,0,0,0,0,0,0,0,0,2,0,0,0,0,0,0,0,0,0,0,0,0,0,0,0,0,0,0,0,0,0,0,0,0,0,0,0,0,0,0,0,0,0,0,0,0,0,0,0
3068576400018200072,83,0,0,0,0,0,0,0,0,8,0,1,0,0,1,0,0,0,0,0,0,0,1,0,0,0,0,4,0,0,0,1,1,0,2,0,0,0,0,3,3,1,0,0,0,4,2,0,0,0,0,0,0,0,1,0,0,0,0,0,0,0,0,0,8,1,0,0,1,0,0,0,0,0,0,0,0,0,3,0,1,0,0,1,0,0,0,1,0,0,12,0,0,0,1,7,0,0,0,0,23,0,1,0,0,0,0,11,0,0,0,0,1,1,0,0,0,1,1,0,1,1,0,0,6,1,0,1,1,0,0,0,0,0,0,0,0,0,0,0,0,0,0,0,0,0,0,0,0,0,0,0,0,0,0,1,0,0,0,0,0,0,0,0,0,0,0,1,0,0,0,0,0,0,0,0,0,0,0,0
3068576400018200073,37,0,0,0,0,0,1,0,0,11,0,1,0,0,0,0,0,4,0,0,0,0,0,0,0,4,0,0,0,0,0,0,0,0,0,0,0,0,0,0,2,0,0,0,1,3,2,1,0,0,0,0,0,0,0,2,1,0,1,0,0,0,0,0,4,3,0,0,0,0,0,0,0,0,1,0,0,1,0,0,1,0,0,12,0,0,0,0,0,0,6,0,1,0,0,0,17,0,0,0,0,0,0,0,0,0,0,0,0,0,0,0,0,0,0,0,0,0,0,0,0,0,0,2,0,0,0,0,1,0,0,0,0,0,0,0,0,0,0,0,0,0,0,0,0,0,0,0,0,0,0,0,0,0,0,0,0,0,0,0,0,0,0,0,0,0,0,0,0,0,0,0,0,0,0,0,0,0,0,0
3068576400018200074,84,0,0,0,1,0,1,1,0,1,0,0,0,0,0,0,1,5,0,0,0,0,0,0,0,6,0,0,0,0,2,2,0,0,0,0,0,0,0,1,8,0,0,0,0,2,8,1,0,0,0,0,0,0,0,4,4,0,5,0,0,0,0,0,8,2,0,0,0,0,0,0,0,0,0,0,0,0,0,0,3,0,0,17,0,0,0,0,0,0,21,0,0,0,3,12,18,2,0,2,0,0,0,0,1,0,0,0,0,0,0,0,0,0,0,1,0,0,0,0,0,0,0,2,6,0,0,1,0,0,0,0,0,0,0,0,0,0,0,0,0,0,0,0,0,0,1,0,0,0,0,0,0,0,1,0,0,0,0,0,0,0,1,0,0,0,0,0,0,0,0,0,0,0,0,0,0,0,0,0
3068576400018200077,14,0,0,0,0,0,0,0,0,3,0,0,0,0,0,0,0,2,0,0,0,1,0,0,0,0,0,0,0,0,0,0,0,0,0,0,0,0,0,1,2,0,0,0,0,0,1,0,0,0,0,0,0,0,0,0,0,0,0,0,0,0,0,0,0,2,0,0,0,0,0,0,0,0,1,0,0,0,0,0,0,0,0,6,0,0,0,2,0,0,4,0,0,0,0,0,8,0,0,0,0,0,0,0,0,0,0,0,0,0,0,0,0,0,0,0,0,0,0,0,0,0,0,0,0,0,0,0,0,0,0,0,0,0,0,0,0,0,0,0,0,0,0,0,0,0,0,0,0,0,0,0,0,0,0,0,0,0,0,0,0,0,0,0,0,0,0,0,0,0,0,0,0,0,0,0,0,0,0,0
3068576400018200078,28,0,0,1,0,0,0,0,0,2,0,0,0,0,0,1,0,0,0,0,0,0,0,0,0,2,0,0,0,0,0,0,0,0,0,0,0,0,0,0,4,0,0,0,0,1,1,0,0,0,0,0,0,0,0,1,0,0,1,0,0,0,0,0,2,4,0,0,0,0,0,0,0,0,1,0,0,0,0,0,1,0,0,4,0,0,0,0,0,0,13,0,0,0,2,1,5,0,0,0,1,0,0,0,0,0,0,0,0,0,0,0,0,0,1,0,0,1,1,0,0,0,0,1,2,0,0,0,0,0,0,0,0,0,0,0,0,0,0,0,0,0,0,0,0,0,0,0,0,0,0,0,0,0,0,0,0,0,0,0,0,1,0,0,0,0,0,0,0,0,0,0,0,0,0,0,0,0,0,0
3068576400018200079,48,0,2,1,0,1,1,0,0,1,0,1,0,0,0,0,0,0,0,3,0,0,2,5,2,0,0,8,0,0,0,2,1,0,4,0,0,0,0,0,1,1,0,0,1,0,4,14,0,0,1,0,1,1,1,0,1,1,1,0,0,0,0,0,2,0,1,0,3,2,0,0,2,0,0,0,0,0,1,2,0,0,0,1,14,0,0,0,3,2,32,0,0,0,3,1,3,0,0,0,10,0,7,0,1,2,0,3,0,0,2,0,0,0,0,0,0,4,18,0,1,9,0,0,2,0,4,1,0,1,1,0,0,0,0,0,0,0,0,0,0,0,0,0,0,0,0,0,0,0,0,0,0,0,0,0,0,1,0,0,0,0,0,0,0,0,0,0,0,0,0,1,0,0,0,0,0,0,0,0
3068576400018200085,64,0,0,0,0,0,0,0,0,0,0,0,0,0,0,0,1,2,0,0,0,0,1,0,0,6,0,0,0,0,0,1,0,0,1,0,0,1,0,1,3,0,0,0,1,1,7,1,0,0,0,0,0,1,1,6,2,0,5,0,0,0,0,0,4,0,0,0,0,0,0,0,0,0,1,0,0,0,0,0,0,0,0,14,0,0,0,0,1,0,27,0,0,0,0,17,11,2,0,0,1,0,0,0,0,0,0,0,0,0,0,0,1,0,0,0,0,0,1,0,0,1,0,0,0,0,0,0,0,0,0,0,0,0,1,0,0,0,0,0,0,0,0,0,0,0,1,0,0,0,0,0,0,1,0,0,0,1,0,0,0,0,0,0,0,0,0,0,0,0,0,0,0,0,0,0,0,0,0,0
3068576400018200086,28,0,0,1,3,0,0,0,0,1,0,0,0,0,0,0,0,3,0,3,0,0,3,0,0,0,0,3,0,0,0,3,0,0,3,2,0,0,0,0,1,0,0,0,0,0,0,8,0,0,2,0,0,0,0,0,0,0,0,1,0,1,0,2,2,0,1,0,0,0,0,1,1,0,1,0,2,0,0,0,0,1,0,0,34,0,0,0,0,1,24,0,0,0,0,0,0,0,0,0,4,0,3,0,0,4,0,0,0,0,4,0,0,0,1,0,0,1,2,0,0,3,1,1,2,0,3,0,0,0,0,0,0,0,0,0,0,1,0,0,0,0,0,0,0,0,0,0,0,0,0,0,0,0,0,1,0,0,0,0,0,0,0,0,0,0,0,0,0,0,0,0,1,0,0,0,0,0,0,0
3068576400018200087,35,0,0,0,0,0,0,0,0,0,0,0,0,0,0,0,0,0,0,0,0,0,0,0,0,2,0,0,0,0,0,0,0,0,0,0,0,0,0,0,1,0,0,0,0,0,2,0,0,0,0,0,0,0,0,1,1,0,0,0,0,0,0,0,2,0,0,0,0,0,0,0,0,0,0,0,0,0,0,0,0,0,1,5,0,0,0,0,0,0,5,0,0,0,0,5,5,0,0,0,0,0,0,0,2,0,0,0,0,0,0,0,0,0,0,0,0,0,0,0,0,0,0,0,0,0,0,0,0,1,0,0,0,0,0,0,0,0,0,0,0,0,0,0,0,0,0,0,0,0,0,0,0,0,0,0,0,1,0,0,0,0,0,0,0,0,0,0,0,0,0,0,0,1,0,0,0,0,0,0
3068576400018200088,56,0,0,0,0,0,2,0,0,7,0,0,0,0,1,0,0,0,0,0,0,0,0,0,0,0,0,2,0,0,0,1,0,0,3,0,0,1,0,0,1,0,0,1,0,7,5,0,0,0,2,0,0,0,1,1,1,1,2,0,0,0,0,0,9,0,0,0,0,0,0,0,0,0,0,0,3,0,0,0,0,0,0,2,1,0,0,2,0,0,6,1,0,0,0,0,2,0,0,0,8,0,0,0,1,1,0,10,0,2,0,0,0,0,0,0,0,1,0,0,0,5,0,1,4,0,0,4,0,0,0,0,0,0,0,0,0,0,0,0,0,0,0,0,0,0,0,0,0,0,0,0,0,0,0,0,0,0,0,0,0,0,0,0,0,0,0,0,0,0,0,0,0,0,0,0,0,0,0,0
3068576400018200093,30,0,0,0,0,0,0,0,0,0,0,0,0,0,0,0,0,1,0,0,1,0,0,0,0,2,0,0,0,0,0,0,0,0,1,0,0,0,0,2,4,0,0,0,0,0,4,2,0,0,0,0,0,0,1,1,0,0,2,0,0,0,0,0,3,0,0,0,0,0,0,0,0,0,0,0,0,0,0,1,0,0,0,2,0,0,0,0,0,0,8,0,0,0,2,8,11,0,0,0,0,0,0,0,1,0,0,0,0,0,0,0,0,0,0,0,0,1,0,0,0,0,0,0,0,0,0,0,0,0,0,0,0,0,0,0,0,0,0,0,0,0,0,0,0,0,0,0,0,0,0,0,0,0,0,0,0,0,0,0,0,0,0,0,0,0,0,0,0,0,0,0,0,0,0,1,0,0,0,0
3068576400018200097,93,0,0,4,10,0,0,0,0,2,0,0,2,0,0,0,0,3,0,2,1,1,6,2,1,0,0,5,0,1,1,3,1,1,28,1,0,0,2,1,2,0,0,0,0,4,4,13,0,1,1,0,0,0,0,0,6,0,1,0,0,0,0,3,6,0,1,0,0,0,0,0,8,0,0,0,8,0,1,1,0,2,0,3,39,0,0,1,5,5,89,0,0,0,9,0,2,0,0,3,9,1,11,1,0,16,0,0,0,0,7,0,3,0,0,0,0,1,3,0,0,9,0,1,7,0,13,0,1,0,0,1,1,0,0,0,0,0,0,0,0,0,0,0,0,0,0,0,0,0,0,0,0,0,0,1,0,0,0,0,0,0,0,1,0,0,0,0,0,0,1,0,0,0,0,0,0,0,0,0
3068576400018200099,33,0,0,1,3,0,0,0,0,0,0,0,1,0,0,0,0,0,0,0,0,1,2,1,0,1,0,4,0,0,2,0,0,0,6,0,0,1,1,0,1,0,0,0,0,0,5,3,0,0,0,0,0,0,1,0,0,0,0,0,0,0,0,1,1,0,1,0,0,0,0,0,0,0,0,1,2,0,1,0,0,4,0,0,1,0,0,0,0,0,34,0,0,0,2,0,0,0,0,0,3,0,4,0,1,3,0,0,0,0,0,0,1,0,0,0,0,1,3,0,0,3,0,0,3,0,3,2,1,2,0,0,0,0,0,0,0,0,0,0,0,0,0,0,0,0,0,0,0,0,0,0,0,1,0,0,0,1,0,0,0,0,0,1,0,0,0,0,0,0,0,0,0,0,0,0,0,0,0,0
3068576400018200104,97,0,0,1,0,0,0,0,0,1,0,0,0,0,1,1,0,0,0,0,0,0,2,0,0,9,0,1,0,1,6,0,0,4,3,0,1,0,1,0,5,0,1,1,1,5,9,1,0,1,0,0,0,3,0,1,4,0,2,0,0,0,0,0,7,0,0,0,0,0,1,0,1,0,0,0,1,0,1,1,1,1,0,6,13,0,0,0,3,0,17,0,0,0,1,0,0,1,1,0,2,0,4,0,0,6,0,1,0,0,0,0,0,0,2,0,0,3,0,0,0,0,1,4,4,1,0,2,0,3,0,0,0,0,0,0,0,0,0,0,0,0,0,0,0,0,0,0,1,1,0,0,0,0,0,0,0,0,0,0,0,0,0,0,0,0,0,0,0,0,0,0,0,0,0,0,1,0,0,0
3068576400018200105,16,0,0,1,1,0,0,0,0,1,0,0,0,0,0,0,0,0,0,0,0,0,4,1,0,0,0,1,0,0,0,3,0,0,6,0,0,0,0,0,1,0,0,0,0,0,0,1,0,0,0,0,0,0,0,0,0,0,0,0,0,0,0,0,1,0,0,0,0,0,0,0,0,0,0,0,1,0,2,1,0,3,0,0,0,0,0,0,1,0,47,0,0,0,3,0,0,0,0,3,4,0,2,0,0,5,0,0,0,0,1,0,0,0,0,0,0,0,0,0,0,4,0,0,3,0,2,1,1,1,0,0,0,0,0,0,0,0,0,0,0,0,0,0,0,0,0,0,0,0,0,0,0,0,0,0,0,0,0,0,0,0,0,0,0,0,0,0,0,0,0,0,0,0,0,0,0,0,0,0
3068576400018200106,83,0,0,0,0,0,0,0,0,0,0,1,2,0,0,1,0,1,0,1,0,0,3,2,0,1,0,9,0,0,0,2,1,0,4,0,0,0,0,0,3,0,1,0,1,0,4,9,0,0,1,0,0,0,0,2,1,0,3,0,0,0,0,0,3,0,0,0,1,0,0,0,0,0,1,0,7,0,0,0,0,0,0,5,0,0,0,0,5,0,70,0,1,0,9,7,2,0,0,2,9,1,5,0,4,21,0,1,0,0,6,0,1,0,0,0,0,1,1,0,0,4,0,0,8,0,8,0,0,2,0,0,0,0,0,0,0,0,0,0,0,0,0,0,0,0,0,0,0,1,0,0,0,0,0,0,0,0,0,0,0,0,0,0,0,0,0,0,0,1,0,0,0,0,0,0,0,0,0,0
3068576400018200112,44,0,0,0,0,0,0,0,0,0,0,0,0,0,0,0,2,0,0,0,0,0,1,0,0,4,0,2,0,0,1,1,0,0,3,0,0,0,0,0,2,0,0,0,0,1,4,0,0,0,0,0,0,0,0,2,0,0,1,1,0,0,0,0,0,0,0,0,0,0,0,0,0,0,1,1,0,0,0,0,0,0,0,3,0,0,0,0,2,0,12,0,0,0,2,1,2,0,0,0,0,0,0,0,0,1,0,1,0,0,0,0,0,0,0,0,0,0,1,0,0,0,0,1,1,0,1,1,1,0,0,0,0,0,0,0,0,0,0,0,0,0,0,0,0,0,0,0,0,0,0,0,0,0,0,0,0,0,0,0,0,0,0,0,0,0,0,0,0,0,0,0,0,0,0,0,0,0,0,0
3068576400018200114,9,0,0,0,0,2,0,0,2,0,0,0,0,0,2,0,2,0,0,0,0,0,1,1,0,1,0,17,0,1,0,1,0,0,0,0,0,1,0,0,0,0,0,1,0,0,4,0,0,0,0,1,0,2,0,0,0,0,0,0,0,0,0,0,6,0,0,2,0,0,0,1,0,0,0,0,1,0,0,0,0,0,0,0,5,0,0,4,1,2,7,0,0,0,1,1,0,1,0,1,12,0,1,0,0,0,0,0,0,0,0,0,29,0,0,0,0,0,0,0,0,0,0,3,3,0,0,0,0,0,6,0,0,0,0,0,0,0,1,1,0,0,0,0,0,0,0,0,0,0,0,0,0,0,0,0,0,0,0,0,0,0,0,0,0,0,0,0,0,0,0,0,0,0,0,0,0,0,1,0
3068576400018200115,42,0,0,0,0,0,0,0,0,1,0,0,0,0,0,0,0,1,0,0,0,0,1,0,0,5,0,0,0,0,1,0,0,0,1,0,0,0,0,0,4,0,0,2,0,0,4,0,0,0,0,0,0,0,0,1,2,0,0,0,0,1,0,0,0,0,0,0,0,0,2,0,0,0,0,0,0,0,0,0,0,0,0,3,0,0,0,0,0,0,7,0,0,0,1,2,0,0,0,0,1,0,0,0,0,1,0,1,0,0,0,1,0,0,0,0,0,0,0,0,1,0,0,0,2,0,1,0,0,0,0,0,0,0,0,0,0,0,0,0,0,0,0,0,0,0,0,0,0,0,0,0,0,0,1,0,0,0,0,0,0,0,0,0,0,0,0,0,0,0,0,0,0,0,0,0,0,0,0,0
3068576400018200117,48,0,0,0,0,0,2,0,0,4,1,0,0,0,0,1,0,0,0,0,0,1,0,0,0,0,0,2,0,0,0,3,0,0,1,0,0,0,0,1,1,0,0,2,1,3,6,9,0,0,1,0,0,0,2,0,0,0,1,0,0,0,0,0,9,2,0,0,0,0,2,2,0,0,0,0,1,0,0,0,0,0,0,0,0,1,0,2,0,0,4,0,0,0,1,0,0,0,0,0,14,0,2,0,0,0,0,9,0,0,0,0,1,1,0,0,1,4,1,0,0,3,0,0,6,0,0,3,0,0,0,0,0,0,0,0,0,0,0,0,0,0,0,0,0,0,0,0,0,0,0,0,0,0,0,0,0,0,0,0,0,0,0,0,0,0,0,0,0,0,0,0,0,0,0,1,0,0,0,0
3068576400018200118,162,0,0,3,0,0,0,0,0,0,0,2,0,0,2,1,2,3,0,1,1,0,8,0,0,9,0,3,0,1,5,1,0,0,1,0,1,0,0,2,5,0,0,1,1,3,4,2,0,0,0,0,0,0,0,3,2,1,3,0,0,0,0,0,5,0,0,0,0,0,0,0,0,0,1,0,2,0,0,1,0,1,0,11,1,0,0,0,7,0,38,0,0,0,0,2,2,0,1,0,5,0,0,0,0,5,0,0,0,1,0,0,0,0,1,0,0,1,2,0,0,1,0,1,5,0,0,0,2,0,0,0,0,0,0,0,0,0,0,0,1,0,0,0,0,0,0,1,0,0,0,0,0,1,0,0,0,0,0,0,0,0,0,1,0,0,0,1,0,0,0,0,0,0,0,0,0,0,0,0
3068576400018200119,20,0,0,1,1,0,1,0,1,0,0,0,0,0,0,0,0,1,0,0,0,0,2,0,0,0,0,1,0,0,0,0,0,0,7,0,0,1,0,0,1,0,0,0,3,0,0,1,0,0,0,0,0,0,0,0,0,0,1,0,0,0,0,1,1,0,1,0,0,0,0,0,0,0,0,0,2,0,0,0,0,6,0,1,1,0,0,0,5,0,28,0,0,0,1,0,0,0,0,1,0,0,5,0,3,2,0,0,0,0,1,0,0,0,0,0,0,1,3,0,0,2,0,0,0,0,1,0,0,2,0,0,0,0,0,0,0,0,0,0,0,0,0,0,0,0,0,0,0,0,0,0,0,0,0,0,0,0,0,0,0,0,0,0,0,0,0,0,0,0,0,0,0,0,0,0,0,0,0,0
3068576400018200124,36,0,1,0,0,0,1,0,0,1,0,0,0,0,0,0,0,0,0,11,2,0,2,4,0,0,0,16,0,0,0,1,1,0,2,3,0,2,0,1,0,0,1,0,1,0,1,3,0,0,1,0,0,1,0,1,0,1,1,0,0,0,0,0,0,0,0,0,0,0,0,0,0,0,0,0,3,0,0,4,1,3,0,0,1,0,0,0,3,6,21,0,0,0,2,0,0,0,0,0,33,0,2,0,1,4,0,0,1,0,0,0,0,0,0,0,0,8,0,0,0,1,2,0,4,1,0,1,2,1,0,2,0,0,0,0,0,0,0,0,0,0,0,1,0,0,0,0,0,0,0,0,0,0,0,0,0,0,0,0,0,0,0,0,0,0,0,0,0,0,0,0,0,0,0,0,0,0,0,0
3068576400018200127,19,0,0,0,1,1,0,0,0,0,0,0,0,0,0,2,0,1,0,10,3,0,2,3,2,0,0,19,0,1,0,4,0,0,7,1,0,1,1,0,0,0,0,0,5,0,3,10,0,0,0,0,0,0,0,1,0,1,0,0,0,0,1,0,2,0,0,0,2,0,0,0,0,0,2,0,1,0,0,3,0,0,0,0,0,0,0,1,1,3,53,0,1,0,1,0,0,2,0,1,25,0,1,0,1,1,0,0,0,0,0,0,0,0,0,0,0,7,0,0,0,0,0,0,8,0,0,1,1,0,2,3,0,0,0,0,0,0,0,0,0,0,0,0,0,0,0,0,1,1,0,0,0,0,0,0,0,0,0,0,0,0,0,0,0,0,0,0,0,0,0,0,0,0,1,0,0,0,0,0
3068576400018200128,76,1,0,2,0,0,0,1,0,0,0,0,0,0,0,0,1,2,0,0,0,0,1,1,0,1,0,1,0,0,2,1,0,0,2,0,0,0,0,1,4,0,0,0,0,2,6,3,0,0,0,0,0,0,0,5,2,0,1,0,0,0,0,0,3,0,0,0,0,0,0,0,0,0,0,0,0,0,0,0,0,0,0,3,0,0,0,0,0,1,20,0,0,0,3,7,1,0,0,0,8,0,1,0,11,14,0,0,0,0,1,1,1,0,0,0,0,0,0,0,0,0,0,2,0,0,0,0,0,0,1,0,0,0,0,0,0,0,0,0,0,0,0,0,0,0,0,0,0,0,0,0,0,0,0,0,0,0,0,0,0,0,0,1,0,0,0,0,0,0,0,0,0,0,0,0,0,0,0,0
3068576400018200129,81,0,0,0,1,0,0,0,0,0,0,0,0,0,0,0,0,5,1,0,1,0,2,2,1,3,0,11,0,0,1,1,0,0,4,0,1,0,0,0,2,0,0,0,0,1,2,8,0,0,0,0,0,0,0,3,1,0,0,0,0,0,0,0,6,0,0,0,0,1,0,0,0,0,0,0,3,0,1,0,0,2,0,0,0,0,0,0,3,0,44,0,0,0,6,10,5,1,0,2,6,0,5,0,15,12,0,0,0,0,1,0,0,0,1,0,0,1,1,0,2,1,0,0,0,0,1,0,0,1,1,0,0,0,0,0,0,0,0,0,0,0,0,0,0,0,0,0,0,0,0,0,0,0,0,0,0,1,0,0,0,0,0,0,0,0,0,0,0,0,0,0,0,0,0,0,0,0,0,0
3068576400018200130,24,0,0,0,0,0,0,0,0,0,0,0,0,0,0,0,0,0,0,0,0,0,2,0,0,3,0,0,0,0,0,0,0,0,0,0,0,0,0,2,2,0,0,0,0,2,2,1,0,0,0,0,0,0,0,1,0,0,0,0,0,0,0,0,1,0,0,0,0,0,0,0,0,0,0,0,0,0,0,0,0,0,0,1,0,0,0,1,0,0,9,0,0,0,0,1,0,0,0,0,1,0,0,0,0,1,0,0,0,0,0,0,0,0,0,0,0,1,0,0,0,0,0,0,1,0,0,0,0,0,0,0,0,0,0,0,0,0,0,0,0,0,0,0,0,0,0,0,0,0,0,0,0,0,0,0,0,0,0,0,0,0,0,0,0,0,0,0,0,0,0,0,0,0,0,0,0,0,0,0
3068576400018200131,28,0,0,0,0,0,0,0,0,1,0,0,0,0,0,0,0,0,0,0,0,0,5,1,0,1,0,6,0,0,1,1,1,0,9,0,0,0,1,0,1,0,0,0,8,0,3,4,0,0,0,0,0,0,0,0,1,0,1,0,0,0,0,0,2,0,1,0,0,0,0,0,0,0,0,0,1,0,1,0,0,5,0,1,0,0,0,0,5,0,64,0,0,1,1,0,0,0,3,3,3,0,5,0,0,5,0,0,0,1,5,0,0,0,0,0,0,0,1,0,0,4,0,0,6,0,2,0,0,0,0,0,0,0,0,0,0,0,0,0,1,0,0,0,0,0,0,0,0,0,0,0,0,0,0,0,0,0,0,0,0,0,0,0,0,0,0,0,0,0,0,0,0,0,0,0,0,0,0,0
3068576400018200134,47,0,1,0,0,0,0,1,0,1,0,0,2,0,0,4,1,0,0,11,12,0,0,6,3,0,0,43,0,0,0,0,4,0,6,1,0,0,0,0,1,0,2,0,1,1,13,7,0,0,0,0,0,0,0,0,1,0,3,0,0,0,0,0,2,0,0,0,1,1,0,0,0,0,0,0,2,0,0,6,1,5,0,0,1,0,1,0,8,4,42,0,0,0,4,3,0,0,0,1,64,0,4,0,0,0,0,0,0,0,4,0,1,0,0,0,0,11,1,0,1,0,0,0,6,0,5,3,0,2,0,3,0,0,0,0,0,0,0,0,0,0,0,0,0,0,1,0,0,0,0,0,0,0,0,0,0,0,0,0,0,1,0,1,0,0,0,0,0,0,0,0,0,0,0,0,0,0,0,0
3068576400018200135,46,0,0,0,0,0,0,0,0,0,0,0,0,0,0,1,0,1,0,0,0,0,0,0,0,8,0,4,0,0,0,2,0,0,3,0,0,0,0,2,2,1,0,0,0,4,2,15,0,0,0,0,0,0,0,2,0,0,2,0,0,0,0,0,5,0,0,0,0,0,0,1,0,0,0,0,0,0,0,0,0,0,0,0,0,0,0,0,4,0,26,0,0,0,4,16,0,0,0,2,3,0,1,0,6,24,0,0,0,0,1,0,0,0,0,0,0,0,3,0,1,0,1,0,1,0,0,0,0,0,0,0,0,0,0,0,0,0,0,0,1,0,0,0,0,0,0,1,0,0,0,0,0,0,0,0,0,0,0,0,0,0,0,0,0,0,0,0,0,0,0,0,1,0,0,0,1,0,0,0
3068576400018200136,47,0,0,0,0,0,0,0,0,1,0,0,0,0,0,1,0,2,0,0,0,0,2,2,1,2,0,6,0,0,1,5,1,0,1,0,0,0,0,0,1,0,0,0,0,0,0,5,0,0,0,0,0,0,0,0,4,0,4,0,0,0,0,0,2,0,0,0,0,0,0,1,0,0,1,0,0,0,0,0,0,0,0,0,0,0,0,0,2,0,23,0,0,0,1,6,0,0,0,1,2,0,1,0,6,30,0,0,0,1,0,0,0,0,0,0,0,0,1,0,0,0,0,0,1,0,0,0,1,0,0,0,0,0,0,0,0,0,0,0,0,0,0,0,0,0,0,0,0,0,0,0,0,0,0,0,0,0,0,0,0,0,0,0,0,0,0,0,0,0,0,0,0,0,0,0,0,0,0,0
3068576400018200137,78,0,0,0,1,0,3,1,0,1,0,0,0,0,0,3,1,0,0,6,1,0,0,0,1,1,0,31,0,0,0,2,2,0,6,0,0,0,0,0,2,0,0,0,0,3,5,4,0,0,1,0,0,0,1,0,0,0,1,0,0,0,0,0,5,1,1,0,0,1,0,0,0,0,0,0,1,0,0,0,0,0,2,0,0,0,0,1,0,0,19,0,0,0,0,1,1,0,0,0,28,0,3,0,0,5,0,7,0,0,0,0,0,1,0,0,0,3,1,0,0,9,0,1,8,0,2,2,0,0,0,0,1,0,0,0,0,0,1,0,0,0,0,0,0,0,0,0,0,0,0,0,0,0,0,0,0,1,0,0,1,1,0,0,0,0,1,0,0,0,0,0,0,0,0,0,0,0,0,0
3068576400018200138,42,0,1,0,0,0,0,0,1,0,0,0,2,0,1,0,0,3,0,1,2,0,0,0,0,5,0,10,0,0,3,6,0,0,3,0,0,0,0,0,3,1,0,1,0,0,3,6,0,0,0,0,0,0,0,0,0,0,1,0,0,0,0,0,3,1,0,0,0,0,0,0,0,0,0,0,0,0,1,2,0,0,1,0,0,0,0,0,0,0,25,0,0,0,2,11,0,0,0,0,2,0,0,0,14,27,0,0,0,0,0,0,0,0,0,0,0,0,0,0,0,0,0,0,8,0,1,0,0,2,0,0,0,0,0,0,0,0,0,0,0,0,0,0,0,0,0,0,0,0,0,0,1,0,0,0,0,0,0,0,0,0,0,0,0,0,0,0,0,0,0,0,0,0,0,0,0,0,1,0
3068576400018200141,16,1,0,0,0,1,0,0,0,0,0,0,0,0,0,0,1,0,0,0,0,0,1,0,3,0,0,5,0,0,0,0,0,0,2,0,0,0,0,0,0,1,0,1,0,0,2,2,0,0,0,0,0,0,0,0,0,0,0,0,0,0,0,0,0,0,0,0,0,2,0,0,0,0,0,0,0,0,0,0,1,2,0,1,0,0,0,0,0,0,2,0,0,0,0,0,0,1,0,0,10,0,0,0,0,1,0,0,0,0,0,0,0,0,0,0,0,0,37,0,0,0,0,0,0,0,0,0,1,0,0,0,0,0,0,0,0,0,0,0,0,0,0,0,0,0,0,1,0,1,0,0,0,0,0,0,0,0,0,0,0,0,0,0,0,0,0,0,0,0,0,0,0,0,0,0,0,1,0,0
3068576400018200142,41,0,0,0,0,1,0,0,0,8,0,0,0,0,0,1,0,0,0,8,3,0,1,2,0,0,1,36,0,0,0,3,6,0,9,0,0,2,0,0,0,0,2,0,0,1,4,10,0,0,0,0,0,0,0,1,0,0,0,0,0,0,0,0,2,0,0,0,4,0,0,0,0,0,1,0,3,0,0,3,0,2,0,0,0,0,0,0,3,3,44,0,0,0,2,0,0,0,0,1,48,0,0,0,1,4,0,0,0,0,0,0,1,1,0,0,0,7,3,0,0,1,0,1,5,0,1,3,0,0,0,2,1,0,0,0,0,0,0,0,0,0,0,0,0,0,0,0,0,0,0,0,0,0,0,0,0,0,0,0,0,0,1,1,0,0,0,0,0,0,0,0,0,0,0,0,0,0,0,0
3068576400018200148,78,0,0,5,3,0,0,0,0,0,1,0,2,0,2,2,1,2,0,0,0,0,10,2,0,0,0,5,0,1,1,4,1,0,25,0,0,3,0,0,4,0,0,0,5,3,2,5,0,0,0,0,0,0,0,0,3,0,1,0,0,0,0,2,5,0,1,0,0,0,0,0,0,0,0,0,5,0,1,0,0,22,0,1,1,0,0,0,6,0,125,0,0,0,9,0,1,0,2,4,13,2,17,2,5,18,1,0,0,0,3,0,0,0,0,0,0,1,3,0,0,10,0,1,6,0,3,0,1,1,0,1,0,0,0,1,0,0,0,0,0,0,0,0,0,0,0,0,0,0,0,0,0,0,0,0,0,0,0,0,0,0,0,0,0,0,0,0,0,0,0,0,0,0,0,0,0,1,0,0
3068576400018200150,25,4,0,0,0,1,0,0,0,0,1,0,0,0,0,0,0,0,0,2,0,0,0,0,1,0,0,17,0,1,0,1,0,0,0,0,1,0,0,0,1,0,0,0,0,0,9,7,0,0,0,0,0,0,0,0,0,0,0,0,0,0,0,0,0,0,0,1,0,4,0,0,0,0,0,0,0,0,0,1,0,2,0,1,0,0,0,0,2,2,8,0,0,0,0,0,0,0,0,0,8,0,0,0,1,1,1,1,0,0,0,0,1,0,1,0,0,3,26,0,0,0,0,0,4,0,0,1,1,0,0,0,0,0,0,0,0,0,0,0,1,0,0,2,0,0,0,0,0,1,0,0,0,1,0,0,0,0,0,0,0,0,0,0,0,0,0,0,0,0,0,0,0,0,0,0,0,1,0,0
3068576400018200152,22,0,0,0,2,0,0,0,0,0,0,0,1,0,0,0,0,5,0,0,0,0,4,0,0,0,0,3,0,0,0,1,0,0,11,0,0,0,0,0,1,0,0,0,0,1,0,3,0,0,0,0,0,0,0,0,0,1,0,0,0,0,0,0,4,1,0,0,0,0,0,0,0,1,1,0,3,0,0,1,0,7,0,2,0,0,0,0,4,0,45,0,0,0,2,0,0,0,1,2,2,0,10,0,5,4,0,0,0,0,3,0,0,0,0,0,0,0,2,0,0,4,0,2,3,0,2,3,2,0,0,0,0,0,0,1,0,0,0,0,0,0,0,0,0,0,0,0,0,0,1,0,0,0,0,0,0,1,0,0,0,0,0,0,0,0,0,0,0,0,0,0,0,0,0,0,0,0,0,0
3068576400018200156,30,0,0,1,3,0,0,0,0,0,0,0,0,0,0,0,0,0,0,2,0,0,1,0,0,0,0,3,0,0,0,3,0,0,5,0,0,2,0,0,2,0,0,0,0,0,2,10,0,0,0,0,0,0,1,0,1,0,0,1,0,0,0,0,3,0,0,0,0,0,0,1,2,0,0,0,1,0,0,1,0,3,1,0,23,0,0,1,0,0,24,0,0,0,4,0,0,0,1,1,1,0,1,0,0,0,0,0,0,0,4,0,0,0,0,0,0,0,2,0,0,1,0,0,3,0,5,0,1,0,0,0,0,0,0,0,0,0,0,0,0,0,0,0,0,0,0,0,0,0,0,0,0,0,1,0,0,0,0,0,0,0,0,0,0,0,0,0,0,0,0,0,0,0,0,0,0,0,0,0
3068576400018200157,68,2,2,2,4,0,0,0,0,1,0,0,1,0,2,0,0,2,1,0,1,0,12,4,0,0,0,5,0,0,0,9,1,2,25,3,2,0,1,0,1,1,0,1,6,3,4,19,0,0,3,0,1,0,1,0,2,0,0,0,0,0,0,0,13,0,0,0,0,1,0,0,15,0,1,1,12,2,1,3,3,6,0,0,90,0,0,0,1,0,46,0,1,0,7,1,2,0,2,1,6,0,10,1,3,14,0,0,0,0,7,0,1,1,1,0,0,0,1,0,1,13,0,1,12,0,11,1,0,1,0,1,0,0,0,0,0,0,0,0,0,1,0,0,0,0,0,0,0,1,0,0,0,1,0,0,0,1,0,0,0,1,1,1,0,0,0,0,0,0,0,0,0,1,0,0,0,0,0,1
3068576400018200159,22,0,1,2,0,0,0,0,0,1,0,0,1,0,0,10,0,0,0,3,6,0,0,0,1,0,0,20,0,0,0,0,1,0,1,1,0,1,0,2,1,0,0,0,0,1,4,6,0,0,0,0,0,0,0,0,0,0,0,0,0,0,0,0,1,0,0,0,1,0,0,0,0,0,1,0,0,0,0,0,1,5,0,0,0,0,0,0,2,2,7,0,0,0,2,4,1,0,0,0,23,0,2,0,0,3,0,0,0,0,2,0,0,0,0,0,0,3,1,0,1,3,0,0,1,0,1,1,0,0,0,1,0,0,0,0,0,0,0,0,0,0,0,0,0,0,0,1,0,1,0,0,0,0,0,0,0,0,0,1,0,0,0,0,0,0,0,1,0,0,0,0,0,0,0,0,0,0,0,0
3068576400018200163,20,1,2,1,0,1,0,0,0,1,0,0,0,0,0,2,0,0,0,8,7,0,0,2,1,0,0,29,0,0,0,2,1,0,2,3,0,0,0,0,0,0,0,0,0,0,6,13,0,0,0,0,0,0,0,0,0,0,2,0,0,0,0,0,2,0,0,0,3,0,0,0,0,0,0,0,1,0,0,2,0,4,0,0,0,0,0,0,4,3,33,0,0,0,5,0,0,1,0,0,32,0,0,0,0,1,0,0,0,0,0,0,1,0,0,0,0,2,3,1,0,0,0,0,1,1,0,5,0,1,0,1,0,0,0,0,0,0,0,0,0,0,0,0,0,0,0,0,0,0,0,0,0,0,0,0,0,0,0,0,2,0,0,0,0,0,1,0,0,0,0,0,0,0,0,0,0,0,0,0
3068576400018200167,69,0,0,2,0,0,0,0,0,5,0,0,0,1,0,0,0,1,0,25,2,0,2,3,2,0,0,27,0,0,0,4,6,0,6,5,0,0,1,0,5,2,3,0,4,1,8,16,0,0,0,0,0,1,0,1,1,1,1,0,0,0,0,0,5,0,0,0,3,0,0,1,1,0,0,0,4,0,0,10,0,1,0,1,3,0,0,1,1,3,90,0,0,0,6,1,2,1,0,0,56,0,1,0,1,13,0,8,0,0,1,1,1,0,0,0,0,17,1,0,1,2,0,0,8,0,0,0,2,1,0,0,2,0,0,0,0,0,1,0,0,0,0,1,0,0,0,0,0,0,0,0,0,0,0,0,0,0,0,0,0,0,0,0,0,0,0,0,0,0,0,0,0,0,0,0,0,0,0,0
3068576400018200169,63,1,3,2,0,1,1,0,0,2,0,0,0,0,0,6,0,0,0,14,7,0,3,4,0,0,1,52,0,1,1,0,3,0,4,0,1,1,0,0,9,0,1,0,1,1,9,18,0,0,0,0,0,0,1,2,3,1,1,0,0,0,0,1,4,0,0,1,10,0,1,0,0,0,0,0,1,0,0,13,0,5,0,0,3,0,0,0,3,3,72,0,0,0,2,0,0,0,0,2,56,1,4,0,0,6,0,0,0,0,2,0,1,0,1,0,0,14,0,1,0,0,0,3,14,0,0,3,1,1,2,0,0,0,0,0,0,0,0,0,0,0,0,0,0,0,0,0,0,1,0,1,0,1,0,0,0,0,0,0,1,0,0,0,0,0,0,0,0,0,0,0,0,0,0,0,0,0,0,0
3068576400018200170,8,0,0,0,0,1,0,0,0,2,0,0,0,0,0,0,0,0,0,5,1,0,0,2,1,0,0,4,0,0,1,0,0,0,0,0,0,0,0,0,0,0,0,0,0,0,1,5,0,0,0,0,0,0,0,0,0,0,0,0,0,0,0,0,2,0,0,0,1,0,0,0,0,0,0,0,0,0,0,1,0,0,0,0,0,0,0,0,0,2,12,0,0,0,1,0,0,0,0,2,4,0,0,0,0,0,0,0,0,0,0,0,0,0,0,0,0,2,2,0,0,0,0,0,1,0,0,1,0,0,0,0,0,0,0,0,0,0,0,0,0,0,0,0,0,0,0,0,0,0,0,0,0,0,0,0,0,0,0,0,1,0,0,0,0,0,0,0,0,0,0,0,0,0,0,0,0,0,0,0
3068576400018200176,5,0,0,0,1,0,0,0,0,0,0,0,0,0,0,0,0,0,0,6,3,0,0,0,0,0,0,5,0,0,0,0,0,0,0,0,0,0,0,0,1,0,0,0,0,0,0,4,0,0,0,0,0,0,0,0,0,0,0,0,0,0,0,0,0,0,0,0,0,0,0,0,0,0,0,0,1,0,0,1,0,0,0,0,0,0,0,0,0,1,3,0,0,0,0,0,0,0,0,0,4,0,0,0,0,2,0,0,0,0,0,0,0,0,0,0,0,6,1,0,0,0,0,0,1,0,1,0,0,0,1,0,0,0,0,0,0,0,0,0,0,0,0,0,0,0,0,0,0,0,0,0,0,0,0,0,0,0,0,0,0,0,0,0,0,0,0,0,0,0,0,0,0,0,0,0,0,0,0,0
3068576400018200178,32,0,0,0,0,0,1,1,0,2,0,1,0,0,0,0,0,0,0,9,2,0,0,1,0,0,0,2,0,0,0,2,1,0,3,1,0,0,0,0,5,1,0,0,0,0,0,9,0,0,0,0,0,0,0,0,0,0,0,0,0,0,0,0,3,0,0,0,3,1,0,0,0,0,1,0,1,0,0,6,0,0,0,0,0,0,0,0,1,1,28,0,0,0,3,0,1,0,0,0,7,0,1,0,0,9,0,2,0,0,0,1,0,0,0,0,0,9,4,0,0,0,4,0,2,0,0,0,0,1,0,0,1,0,0,0,0,0,0,0,0,0,0,1,1,0,0,0,0,0,0,0,0,0,0,0,0,0,0,0,0,0,0,0,0,0,0,0,0,0,0,0,0,0,0,0,0,0,0,0
3068576400018200183,24,3,0,3,0,0,0,0,0,0,0,0,0,0,0,1,0,0,0,0,0,1,1,0,3,0,0,7,0,0,0,1,0,0,0,0,0,0,0,0,0,3,0,0,0,0,17,14,0,0,0,0,0,0,0,0,2,0,0,0,0,0,0,0,0,0,0,0,0,2,1,1,0,0,0,0,1,0,0,2,0,3,0,0,1,0,0,0,0,4,0,0,0,0,0,0,1,0,0,0,7,0,0,0,0,0,0,0,0,0,0,0,0,1,1,0,0,0,50,0,0,0,0,0,2,1,0,0,5,0,0,0,0,0,0,0,0,0,0,0,0,0,0,0,0,0,0,1,0,0,0,0,0,0,0,0,0,0,0,0,0,0,0,0,0,0,0,0,0,0,0,0,0,0,0,0,0,0,0,0
3068576400018300009,38,0,0,0,1,1,1,0,0,1,0,0,0,0,0,0,1,0,0,0,0,0,0,0,0,4,0,0,0,0,0,0,0,0,1,0,0,0,0,1,3,0,0,0,0,0,1,1,0,0,0,0,0,0,0,1,1,0,6,0,0,0,0,0,3,0,0,0,0,0,0,0,0,0,0,0,0,0,0,0,1,0,0,19,0,0,0,0,0,0,3,0,0,0,0,0,6,0,0,0,0,0,0,0,1,0,0,0,0,0,0,0,0,0,0,0,0,0,0,0,0,0,0,0,1,1,12,0,0,0,0,0,0,0,0,0,0,0,0,0,0,0,0,0,0,0,0,0,0,0,0,0,0,0,0,0,0,0,0,0,0,0,0,0,0,0,0,0,0,0,0,0,0,0,0,1,0,0,0,0
3068576400018300015,31,0,0,0,0,0,0,0,0,1,0,0,0,0,0,0,2,1,0,0,0,0,1,0,0,0,0,0,0,0,0,0,0,0,0,0,0,0,0,2,2,0,0,0,0,3,0,0,0,0,1,0,0,0,0,0,0,0,6,0,0,0,0,0,2,1,0,0,0,0,0,0,0,0,0,1,0,0,0,0,1,0,0,12,0,0,0,0,0,0,3,0,0,0,0,0,4,0,0,0,0,0,0,0,1,0,0,0,0,0,0,0,1,0,0,0,0,0,0,0,0,0,0,0,0,0,6,1,0,0,0,0,0,0,0,0,0,0,0,0,0,0,0,0,0,0,0,0,0,0,0,0,0,0,0,0,0,0,0,0,0,0,0,0,0,0,0,0,0,0,0,0,0,0,0,0,0,0,0,0
3068576400018300062,27,0,0,1,0,0,0,0,0,0,0,0,0,0,0,0,0,0,0,0,0,0,2,0,0,7,0,1,0,1,0,0,0,0,0,0,0,0,0,0,0,0,0,1,0,1,2,0,0,0,0,0,0,0,0,3,0,0,0,0,0,0,0,0,3,0,0,0,0,0,0,0,0,0,0,0,0,0,0,0,0,0,0,5,0,0,0,0,0,0,5,0,0,0,0,0,0,0,0,0,0,0,0,0,0,4,0,0,0,0,0,0,0,0,0,0,0,0,0,0,0,0,0,1,1,0,1,0,0,0,0,0,0,0,0,0,0,0,0,0,0,0,0,0,0,0,0,0,0,0,0,0,0,0,0,0,0,0,0,0,0,0,0,0,0,0,0,0,0,0,0,0,0,0,0,0,0,0,0,0
3068576400018300081,10,0,0,0,0,0,0,0,0,0,0,0,0,0,0,0,0,0,0,0,0,0,2,0,0,0,0,0,0,0,0,0,0,0,4,0,0,0,0,0,1,0,1,0,0,0,0,3,0,0,0,0,0,0,0,0,0,0,0,0,0,0,0,0,0,0,0,0,0,0,0,0,0,0,1,0,0,0,0,0,0,1,0,0,0,0,0,0,1,0,10,0,0,0,1,0,0,0,0,1,1,0,0,0,1,2,0,0,0,0,2,0,0,0,0,0,0,0,0,0,0,3,0,0,0,0,1,1,0,1,0,0,0,0,0,0,0,0,0,0,0,0,0,0,0,0,0,0,0,0,0,0,0,0,0,0,0,0,0,0,0,0,0,0,0,0,0,0,0,0,0,0,0,0,0,0,0,0,0,0
3068576400019100016,108,0,0,4,1,3,0,1,0,1,0,2,1,0,0,7,1,1,0,17,5,0,0,0,3,0,0,36,0,1,1,2,1,0,2,1,1,1,1,0,1,0,3,0,0,0,5,11,0,0,0,0,0,0,0,1,5,0,0,0,0,0,1,0,1,1,0,0,1,2,2,0,0,0,0,1,1,0,0,5,0,1,0,0,0,0,0,0,0,7,13,0,0,0,1,1,1,1,0,0,46,1,0,0,1,1,0,1,0,0,0,0,0,0,0,0,0,20,27,0,0,0,0,0,5,0,0,0,2,0,0,1,0,0,0,0,0,0,0,1,0,0,0,0,0,0,0,0,1,0,0,0,0,0,0,0,0,0,0,0,0,0,0,0,0,1,0,0,0,0,0,0,0,1,0,0,0,0,0,0
3068576400019100024,39,3,0,0,0,0,0,0,0,2,0,0,0,0,0,0,0,0,0,5,1,0,1,1,3,0,0,13,0,0,0,2,1,0,0,0,0,0,0,0,1,1,0,0,0,0,4,4,0,0,0,0,1,0,0,0,1,0,0,0,0,0,0,0,0,0,0,0,0,0,0,0,0,0,0,0,0,0,0,7,0,3,1,2,2,0,0,0,0,1,39,0,0,0,1,0,0,1,0,0,13,0,0,0,0,2,0,0,0,0,1,0,0,0,2,0,0,7,15,0,0,0,0,0,5,0,0,1,2,0,0,0,0,0,0,0,0,0,0,0,0,0,0,0,0,0,0,0,0,0,0,1,0,0,0,0,0,0,0,0,0,0,0,0,0,0,0,0,0,0,0,1,1,1,0,0,0,0,0,0
3068576400019100036,21,0,0,0,0,0,0,0,0,0,0,0,0,0,0,0,0,1,0,1,1,0,1,0,3,0,0,4,0,0,0,0,0,0,0,0,0,0,1,0,0,0,0,0,0,0,0,4,0,0,0,0,0,0,0,0,0,0,0,0,0,0,0,0,0,0,0,0,0,4,0,1,0,0,0,0,0,0,0,0,0,1,1,0,0,0,0,0,0,1,2,0,0,0,0,0,1,0,0,0,1,0,0,0,0,0,0,0,0,0,0,0,0,0,0,0,0,1,30,0,1,1,0,0,1,0,0,0,1,0,0,0,0,0,0,0,0,0,0,0,0,0,0,0,0,0,0,0,0,0,0,0,0,0,0,0,0,0,0,0,0,0,0,0,0,0,0,0,0,0,0,0,0,0,0,0,0,0,0,0
3068576400019100057,7,4,0,0,0,0,1,0,0,1,0,0,0,0,0,0,0,0,0,1,1,0,0,0,1,0,0,3,0,0,0,0,0,0,0,0,0,0,0,0,0,0,0,0,0,0,1,1,0,0,0,0,0,0,0,0,0,0,0,0,0,0,0,0,0,0,0,0,1,1,0,0,0,0,0,0,0,0,0,0,0,1,0,0,0,0,0,0,0,0,6,0,0,0,0,0,0,0,0,0,2,0,0,0,0,0,0,0,0,0,0,0,0,0,0,0,0,2,23,0,1,0,0,0,1,0,0,0,1,0,0,0,0,0,0,0,0,0,0,0,0,0,0,0,0,0,0,0,0,0,0,0,0,0,0,0,0,0,0,0,0,0,0,0,0,0,0,0,0,0,0,0,0,0,0,0,0,0,0,0
3068576400019100060,0,0,0,0,0,0,0,0,0,0,0,0,0,0,0,0,0,0,0,1,1,0,1,0,0,1,0,30,0,0,0,0,0,0,0,0,0,0,1,1,0,0,0,0,1,0,3,0,0,0,0,0,0,0,0,0,0,0,0,0,0,0,0,0,1,0,0,0,0,0,0,0,0,0,0,0,0,0,0,0,0,0,0,0,0,0,0,0,0,0,12,0,0,0,0,1,0,0,0,0,3,0,0,0,0,0,0,0,0,0,0,0,0,0,0,0,0,0,1,0,0,0,0,0,0,0,0,0,0,0,0,0,0,0,0,0,0,0,0,0,0,0,0,0,0,0,0,0,0,0,0,0,0,0,0,0,0,0,0,0,0,0,0,0,0,0,1,0,0,0,0,0,0,0,0,0,0,0,0,0
3068576400019100061,20,1,0,2,0,0,0,0,1,0,0,0,1,0,0,2,1,1,0,3,5,0,0,1,5,1,0,77,0,0,0,0,0,0,2,0,0,0,0,0,0,0,0,0,0,0,7,4,0,0,0,0,0,0,0,0,0,0,0,0,0,1,0,0,0,0,0,0,2,1,0,2,0,0,0,0,0,0,0,0,0,0,0,0,0,0,0,0,0,2,9,0,0,0,0,0,0,0,0,0,38,0,0,0,0,3,0,1,0,0,0,0,0,0,0,0,0,2,29,0,0,1,0,0,1,0,0,0,0,0,0,0,0,0,0,0,0,0,0,0,0,0,0,0,0,0,0,0,0,0,0,0,0,0,0,0,0,0,0,0,1,0,0,0,0,0,0,0,0,0,0,0,0,0,1,0,0,0,0,0
3068576400019100066,30,5,0,1,0,1,1,0,0,0,0,1,0,0,0,2,0,0,1,7,4,0,0,0,1,0,0,37,0,0,0,0,0,0,2,0,0,0,1,0,0,0,1,0,0,2,9,7,1,0,0,1,0,1,0,0,1,1,0,0,0,0,0,0,1,0,0,0,1,4,0,0,0,0,0,0,1,0,0,1,0,1,0,0,0,0,0,0,0,2,7,0,0,0,2,1,0,0,0,0,31,0,0,0,1,0,0,0,0,0,0,0,0,0,1,0,0,13,39,0,0,0,0,0,2,0,0,0,1,0,0,0,2,0,0,0,0,0,0,0,0,0,0,0,0,0,0,0,0,0,0,0,0,0,0,0,0,0,0,1,2,0,0,0,0,0,0,0,0,0,0,0,0,0,0,0,0,0,0,0
3068576400019100069,9,4,0,0,0,0,0,0,0,0,0,0,0,0,0,2,0,0,0,2,1,0,1,0,3,1,0,6,0,0,0,0,0,0,0,0,0,0,0,0,0,0,0,0,0,0,1,8,0,0,0,0,1,0,0,0,0,0,1,0,0,0,0,0,1,2,0,0,1,0,0,0,0,0,1,0,0,0,0,0,0,0,0,0,0,0,0,0,0,1,11,0,0,0,0,0,0,0,0,0,3,0,0,0,0,1,0,1,0,0,0,0,0,0,0,0,0,4,15,0,0,0,0,0,0,0,0,0,0,0,0,0,0,0,0,0,0,0,0,0,0,0,0,0,0,0,0,0,0,0,0,0,0,0,0,0,0,0,0,0,1,0,0,0,0,0,0,0,0,0,0,0,0,0,0,0,0,0,0,0
3068576400019100070,3,1,0,1,0,0,0,0,0,0,2,0,0,0,0,6,0,1,0,5,2,0,0,0,1,0,0,3,0,0,0,0,0,0,4,0,0,0,1,0,0,0,0,0,0,0,1,6,0,0,0,0,0,0,0,0,1,0,0,0,0,0,0,0,0,0,0,0,0,1,0,0,0,0,0,0,3,0,0,1,0,0,0,0,0,0,0,0,0,0,3,0,0,0,0,0,0,0,0,0,5,0,1,0,0,0,0,1,0,0,0,0,0,1,0,0,0,1,10,0,0,0,0,0,0,1,0,0,0,0,0,0,0,0,0,0,0,0,0,0,0,0,0,1,0,0,0,1,0,0,0,0,0,0,0,0,0,0,0,0,0,0,0,0,0,0,0,0,0,0,0,0,0,0,0,0,0,0,0,0
3068576400019100073,6,2,0,0,0,0,0,0,0,0,0,0,0,0,0,0,0,0,0,2,0,0,2,0,1,0,0,0,0,0,0,0,1,0,1,0,0,0,0,0,0,0,0,0,0,0,0,5,0,0,0,0,0,0,0,0,0,0,3,0,0,0,0,0,0,5,0,0,0,0,0,1,0,0,0,0,0,0,0,0,0,0,1,0,0,0,0,0,0,0,5,0,0,0,0,1,0,0,0,0,1,0,0,0,0,0,0,0,0,0,0,0,0,0,0,0,0,7,8,0,0,0,0,0,0,0,0,0,0,0,0,0,1,0,0,0,0,0,0,0,0,0,0,0,0,0,0,0,0,0,0,0,0,0,0,0,0,0,0,0,1,0,0,0,0,0,0,0,0,0,0,0,0,0,0,0,0,0,0,0
3068576400019100076,11,3,0,1,0,0,0,0,0,0,0,0,0,0,0,6,0,0,0,6,4,0,1,0,2,0,0,5,0,0,0,0,0,0,0,0,0,0,0,0,1,0,0,0,0,1,2,6,0,0,0,0,0,0,0,0,0,0,1,0,0,0,0,0,0,1,0,0,1,2,0,0,0,0,0,0,0,0,0,0,0,0,0,0,0,0,0,0,0,0,7,0,0,0,1,0,0,0,0,0,8,0,0,0,0,0,0,0,0,0,0,0,0,0,0,0,0,6,23,0,0,0,0,0,0,0,0,0,2,0,0,0,0,0,0,0,0,0,0,0,0,0,0,0,0,0,0,0,0,0,0,0,0,0,0,0,0,0,0,0,0,0,0,0,0,0,0,0,0,0,0,0,0,0,0,0,0,0,0,0
3068576400019100079,19,2,0,1,1,0,0,0,0,0,0,0,0,0,0,1,0,0,0,12,2,0,0,0,0,0,0,12,0,0,0,1,0,0,0,0,0,0,1,0,0,1,0,0,0,0,3,2,0,0,0,0,0,0,0,0,1,2,2,0,1,0,0,0,2,1,0,0,4,0,0,1,0,0,0,0,1,0,0,3,0,0,0,0,0,0,0,1,0,1,7,0,0,0,1,0,0,0,0,0,11,0,0,0,0,0,0,1,0,0,0,0,0,0,2,0,1,20,12,0,0,1,0,0,1,0,1,0,1,0,0,0,0,0,0,0,0,0,0,0,0,0,0,0,0,0,0,0,1,0,0,0,0,0,0,0,0,0,0,0,0,0,0,0,0,0,0,0,0,0,0,0,0,0,0,0,0,0,0,0
3068576400019100080,27,7,0,1,0,0,0,0,0,1,1,0,0,0,0,2,0,2,0,7,8,0,0,1,0,0,0,19,0,0,0,1,2,0,2,0,0,0,1,0,3,0,0,0,0,0,7,15,1,0,0,0,0,0,0,0,1,0,0,0,0,0,0,0,0,0,1,0,1,6,0,0,0,0,1,0,1,0,0,2,0,0,0,0,0,0,1,0,0,0,15,0,0,0,0,0,0,0,0,0,22,0,1,0,2,0,0,0,0,1,0,0,0,0,2,0,0,24,41,0,0,0,0,0,0,2,0,0,0,0,0,0,0,0,0,0,0,0,1,0,0,0,0,0,0,0,1,1,0,0,0,0,0,1,0,0,0,2,0,0,1,0,0,0,0,0,0,0,0,0,0,0,0,0,0,0,0,0,0,1
3068576400019100081,13,0,0,1,0,0,0,0,0,0,0,1,0,0,0,2,0,0,0,5,2,0,2,0,2,0,0,12,0,0,0,1,1,0,1,0,0,0,0,0,1,0,0,0,0,1,2,6,0,0,0,0,0,0,0,0,1,0,0,0,0,0,0,0,0,0,0,0,1,2,0,0,0,0,1,0,1,0,0,0,0,0,0,0,0,0,0,0,0,0,0,0,0,0,0,0,0,0,0,0,7,0,0,0,0,0,0,0,0,0,0,0,0,0,0,0,0,6,14,0,0,0,0,1,1,2,1,0,0,0,0,0,0,0,0,0,0,0,0,0,0,0,0,0,0,0,0,0,0,0,0,0,0,0,0,0,0,0,0,0,0,0,0,0,0,0,0,0,0,0,0,0,0,0,0,0,0,0,0,0
3068576400019100086,15,5,0,1,0,0,0,0,0,0,0,0,0,0,0,1,0,0,0,0,0,0,0,0,0,0,1,5,0,0,0,0,0,0,0,0,0,1,0,0,0,0,0,0,0,0,1,7,0,0,0,0,0,0,0,0,1,0,0,0,0,0,0,0,0,0,0,0,0,1,0,0,0,0,1,0,1,0,0,1,0,0,0,0,0,0,0,0,0,0,2,0,0,0,0,0,1,0,0,0,7,0,0,0,0,0,0,0,0,0,0,0,0,0,0,0,0,3,8,0,0,0,0,0,0,0,0,0,0,0,0,0,0,0,0,0,0,0,0,0,0,0,0,0,0,0,0,0,0,0,0,0,0,0,0,0,0,0,0,0,0,0,0,0,0,0,0,0,0,0,0,0,0,0,0,0,0,0,0,0
3068576400019200026,91,0,0,0,2,1,1,0,0,2,0,0,0,0,0,18,0,2,1,16,13,0,2,1,7,0,0,57,2,0,0,3,3,0,1,1,0,0,1,0,5,1,1,0,0,0,9,3,0,1,0,0,0,2,0,0,1,0,0,0,1,1,1,0,1,1,0,0,10,0,0,1,0,0,0,0,1,0,2,6,0,0,0,1,0,0,0,0,0,3,40,0,1,0,3,1,1,0,0,0,69,1,1,0,0,8,0,5,0,0,0,0,0,0,0,0,0,12,2,0,0,0,2,0,1,0,0,0,1,1,0,0,0,0,0,0,0,0,1,0,1,0,0,0,0,0,1,0,0,0,0,0,0,0,0,0,0,0,0,0,2,0,0,0,0,0,0,0,1,0,0,0,0,0,0,0,1,0,0,0
3068576400019200030,87,0,0,1,1,0,2,0,0,6,0,0,0,0,0,1,0,1,0,11,5,0,0,0,1,0,0,16,1,0,2,6,3,0,5,0,0,0,1,0,5,0,2,0,0,2,2,18,0,0,0,0,0,0,0,1,0,0,0,1,1,0,0,0,6,0,0,0,2,0,0,2,0,0,1,0,1,0,0,2,0,1,1,0,0,0,0,0,0,4,27,0,0,0,3,2,1,0,0,1,22,0,0,0,1,9,0,1,0,0,1,0,0,0,1,0,0,13,4,0,0,3,1,0,3,0,0,0,0,0,0,0,1,0,0,0,0,0,1,0,0,0,0,0,0,0,0,0,0,1,0,0,0,0,0,0,0,0,0,0,0,0,0,0,0,0,0,0,0,0,0,0,0,0,0,0,0,0,0,0
3068576400019200031,62,0,0,1,1,0,1,0,2,0,0,0,0,0,0,11,0,1,0,13,11,0,2,4,6,2,0,71,0,0,1,0,3,0,1,0,0,1,0,0,1,0,4,0,0,0,7,9,0,0,0,0,0,1,0,0,0,0,0,1,0,0,0,0,0,2,0,0,7,0,0,0,0,0,0,0,1,0,0,5,1,2,0,0,1,0,0,1,0,2,45,0,0,0,2,2,0,0,0,1,71,0,0,0,0,1,0,1,0,0,0,0,0,0,1,0,0,9,5,0,0,0,0,0,2,0,0,0,0,0,0,0,2,0,0,0,0,0,0,0,1,0,0,0,0,0,0,1,1,0,1,0,0,0,0,0,0,1,0,0,1,0,0,0,0,0,0,0,0,0,0,0,0,1,0,0,0,0,0,0
3068576400019200046,62,3,0,0,0,0,0,0,0,3,0,0,0,0,0,0,0,0,1,5,0,0,1,3,0,1,0,8,0,0,0,2,1,0,4,0,0,0,0,0,3,0,3,0,0,1,8,11,0,0,0,0,0,0,0,0,0,0,0,1,0,0,0,0,1,0,0,0,6,3,0,0,0,0,0,0,3,0,0,2,0,2,0,0,0,0,0,0,0,2,41,0,0,0,1,2,0,0,0,0,13,1,0,0,1,2,0,2,0,0,0,0,0,0,0,0,0,5,38,0,1,0,0,0,4,0,0,0,1,0,0,0,0,0,0,0,0,0,0,0,0,0,0,1,0,0,0,0,0,0,0,0,0,0,0,0,0,0,0,0,0,0,0,0,0,0,0,0,0,0,0,0,0,0,0,0,0,0,0,0
3068576400019200056,15,0,0,0,0,0,0,0,0,0,0,0,0,0,0,0,0,0,0,2,1,0,1,0,0,0,0,4,0,0,0,1,0,0,0,0,0,0,0,0,0,0,0,0,0,0,0,0,0,0,0,0,0,0,0,1,0,1,0,0,0,0,0,0,0,0,0,0,0,0,0,0,0,0,0,0,0,0,0,2,0,0,0,0,2,0,0,0,0,0,2,0,0,0,0,0,0,0,0,0,3,0,0,0,0,2,0,0,0,0,0,1,0,0,0,0,0,3,0,0,0,0,0,0,1,0,0,0,0,0,0,0,0,0,0,0,0,0,0,0,0,0,0,0,0,0,0,0,0,0,0,0,0,0,0,0,0,0,0,0,0,0,0,0,0,0,0,0,0,0,0,0,0,0,0,0,0,0,0,0
3068576400019200059,49,1,0,2,0,0,0,0,0,1,0,0,0,3,0,1,0,0,0,21,3,0,5,2,6,1,2,42,0,0,0,0,1,0,2,1,0,2,2,0,0,0,1,1,0,1,13,17,0,0,0,0,0,0,0,0,2,0,0,0,0,1,0,0,3,0,0,0,4,0,0,1,0,0,0,0,0,0,0,5,0,2,0,0,0,0,0,0,0,4,77,0,0,0,6,4,1,0,0,0,55,0,0,0,1,4,0,2,0,0,0,0,0,0,0,0,0,14,48,0,0,2,1,2,8,0,0,0,3,0,1,0,1,0,0,0,0,0,0,0,0,0,0,0,0,0,0,0,0,0,0,0,0,0,0,0,0,0,0,0,3,0,0,0,1,1,0,0,0,0,0,0,0,1,0,0,0,0,0,0
3068576400019200063,17,2,0,0,0,0,0,0,0,1,0,0,0,0,0,0,0,0,0,5,0,0,0,0,1,0,0,1,0,0,0,1,1,0,0,0,0,0,0,0,2,0,0,1,0,0,1,3,0,0,0,0,0,0,0,1,1,0,1,1,0,0,0,0,0,0,0,0,0,2,0,0,0,0,0,0,0,0,0,1,0,3,0,0,0,0,0,0,1,0,5,0,0,0,0,0,0,0,0,0,4,0,0,0,0,2,0,0,0,0,0,0,0,0,0,0,0,3,23,0,0,0,0,0,0,0,0,0,1,0,0,0,0,0,0,0,1,0,0,0,0,0,0,0,0,0,0,0,0,0,0,0,0,0,0,0,0,0,0,0,0,0,0,0,0,0,0,0,0,0,0,0,0,0,0,0,0,0,0,0
3068576400019200077,30,3,0,1,0,1,0,0,0,0,0,0,0,0,1,0,0,0,0,4,2,1,1,2,1,0,0,48,0,0,0,0,1,0,0,1,0,0,0,0,0,0,0,0,1,1,17,4,0,0,0,0,0,0,0,0,0,0,0,0,0,1,0,0,0,0,0,0,0,5,0,0,0,0,0,0,1,0,0,0,0,4,0,0,0,1,0,0,0,0,18,0,0,0,0,0,1,0,0,0,37,0,0,0,0,2,0,2,0,0,0,0,0,0,4,0,0,3,35,0,0,0,0,0,1,1,0,0,2,0,0,0,0,0,0,0,0,0,0,0,0,0,0,0,0,0,0,0,0,0,0,0,0,0,0,0,0,0,0,0,0,0,0,0,0,0,0,0,1,0,0,2,0,0,0,0,0,0,0,0
3068576400019200088,36,7,0,2,0,0,1,0,0,0,0,0,0,0,0,4,0,0,0,11,15,0,0,0,6,1,0,46,0,0,0,0,0,0,1,0,0,0,0,0,2,0,1,0,3,0,12,16,0,0,0,0,0,1,0,0,0,1,1,0,0,0,0,0,2,1,0,0,6,0,0,0,0,0,0,0,2,0,0,2,0,3,0,0,0,2,0,0,0,1,12,0,0,0,1,5,0,0,0,0,31,0,0,0,0,1,0,0,0,0,0,0,0,0,1,0,0,16,43,0,0,0,0,0,7,0,0,0,0,0,1,0,1,0,1,0,0,0,0,0,0,0,0,0,0,0,0,0,1,0,0,0,0,0,0,0,0,0,0,0,0,0,0,0,0,0,0,0,0,0,0,0,0,0,0,0,0,0,0,0
3068576400019200097,5,0,0,1,0,0,0,0,0,1,0,0,0,0,0,0,0,0,0,1,0,0,1,0,0,1,0,37,0,0,0,0,0,0,0,0,0,0,0,0,0,0,0,0,0,0,0,0,0,0,0,0,0,0,0,0,1,0,0,0,0,0,1,0,0,0,0,0,0,0,0,0,0,0,0,0,0,0,0,0,0,0,1,0,0,0,0,0,0,0,6,0,0,0,2,0,0,0,0,0,20,0,0,0,0,0,0,0,0,0,0,0,0,0,0,0,0,1,2,0,0,0,0,0,0,0,0,0,0,0,0,0,1,0,0,0,0,0,0,0,0,0,0,0,0,0,0,0,0,0,0,0,0,0,0,0,0,0,0,0,1,0,0,0,0,0,0,0,0,0,0,0,0,0,0,0,0,0,0,0
3068576400019200098,39,4,1,3,0,1,1,0,0,0,0,0,0,3,1,8,0,2,1,11,8,0,0,2,6,0,0,49,0,0,0,0,1,0,0,0,0,0,1,0,0,0,1,0,0,0,16,11,0,0,0,0,0,1,0,0,1,1,2,0,0,0,2,0,1,0,0,0,7,5,0,1,0,0,1,0,4,0,0,2,0,0,1,0,0,0,0,0,0,4,25,0,0,0,0,7,0,0,1,0,29,0,0,0,2,1,0,0,0,0,0,0,0,0,2,1,0,22,53,0,0,0,0,0,4,1,0,0,2,0,0,0,2,0,0,0,0,0,0,0,0,0,0,0,0,0,0,0,0,1,0,0,0,0,0,2,0,0,1,0,0,0,0,0,0,0,0,0,0,0,0,0,0,0,0,0,0,0,0,0
3068576400019200102,16,2,0,1,0,0,0,0,0,0,0,0,0,0,0,0,0,0,0,1,0,0,0,0,1,1,0,3,0,0,0,0,0,0,0,0,0,0,0,0,0,0,0,0,0,0,2,6,0,0,0,0,0,0,0,0,2,0,0,0,0,0,0,0,0,0,0,0,0,1,0,0,0,0,0,0,0,0,0,0,0,2,0,0,0,0,0,0,0,0,1,0,0,0,0,0,0,0,0,0,3,0,0,0,0,0,0,0,0,0,0,1,0,0,0,0,0,0,27,0,0,0,0,0,2,0,0,0,0,0,0,0,0,0,0,0,0,0,0,0,0,0,0,0,0,0,0,0,0,0,0,0,0,0,0,0,0,0,0,0,0,0,0,0,0,0,0,0,0,0,0,0,0,0,0,0,0,0,0,0
3068576400019200114,26,2,0,2,0,0,0,0,0,0,0,0,0,0,0,3,0,0,0,4,2,0,2,0,0,0,0,41,1,0,0,0,0,0,0,0,0,0,0,0,0,1,0,0,0,0,8,5,0,1,0,0,0,0,0,0,0,0,0,0,0,0,0,0,0,0,0,0,2,0,0,1,0,0,0,0,0,0,0,0,0,2,1,0,0,0,0,1,0,0,22,0,0,0,0,2,0,0,0,0,30,0,0,0,0,0,0,0,0,0,0,0,0,0,1,1,0,5,24,0,0,0,0,0,2,0,0,0,1,0,0,0,1,0,0,0,0,0,0,0,0,0,0,0,0,0,0,0,0,0,0,0,0,0,0,0,0,0,0,0,2,0,0,0,0,0,0,0,0,0,0,0,0,0,0,0,0,0,0,0
3068576400019200143,46,12,0,1,0,0,0,0,0,1,2,0,1,1,0,2,0,0,0,19,6,0,1,1,4,0,0,16,0,0,0,1,1,0,2,0,0,0,0,1,3,0,0,0,0,0,10,23,0,0,0,0,0,0,1,0,3,0,5,0,0,0,0,0,4,5,0,0,3,1,0,0,0,0,0,0,1,0,0,2,1,1,0,0,1,0,0,0,1,4,15,0,0,0,2,0,1,0,0,0,15,0,0,0,1,0,0,3,0,1,0,0,0,0,1,0,0,49,63,0,0,1,0,0,7,2,0,0,2,0,0,0,0,0,0,0,0,0,2,0,0,0,0,0,0,0,0,0,0,1,0,0,0,0,0,0,0,0,0,0,0,0,1,0,0,0,0,0,0,0,0,0,0,0,0,0,0,1,0,0
3068576400019200148,19,7,0,1,0,0,1,0,0,0,0,0,0,0,0,0,0,2,0,11,2,0,1,1,6,0,0,14,0,0,0,1,1,0,5,0,0,0,0,0,0,0,0,0,3,0,1,14,0,0,0,0,0,0,0,0,0,0,7,0,0,0,0,0,1,7,0,0,5,0,0,0,0,0,0,0,1,0,0,6,0,0,0,0,0,1,0,0,0,2,39,0,0,0,1,1,0,0,0,0,27,0,0,0,1,0,0,0,0,1,0,0,0,0,0,0,0,35,36,0,1,0,0,0,4,2,0,1,0,0,0,0,0,0,0,0,0,0,0,0,0,0,0,0,0,0,0,0,0,0,0,0,0,0,0,0,0,0,0,0,0,0,0,0,0,0,0,0,0,0,0,0,0,0,0,0,0,0,0,0
3068576400019200167,13,2,0,2,0,0,0,0,0,0,0,0,0,0,0,1,0,0,0,1,5,0,0,0,2,0,0,6,0,0,0,1,0,0,0,0,0,0,0,0,0,0,0,0,1,0,2,4,0,0,0,0,0,0,0,0,0,0,2,0,0,0,0,0,0,2,0,0,1,0,0,0,0,0,0,0,1,0,0,1,0,1,0,0,0,0,0,0,0,1,7,0,0,0,0,0,0,0,0,0,1,0,0,0,1,0,0,0,0,0,0,0,0,0,0,0,0,2,13,0,0,0,0,0,1,2,0,0,0,0,0,0,0,1,0,0,0,0,0,0,0,0,0,0,0,0,0,0,0,0,0,0,0,0,0,0,0,0,0,0,0,0,0,0,0,0,0,0,0,0,0,0,0,0,0,0,0,0,0,0
3068576400019200171,64,11,0,4,0,1,0,0,0,0,0,0,0,2,0,8,0,1,1,17,11,0,2,1,11,0,0,22,0,0,0,2,5,0,3,1,0,1,0,0,0,0,0,0,4,1,14,31,0,0,0,0,0,0,0,0,3,1,4,1,0,0,0,0,2,15,0,0,7,3,1,0,0,0,0,0,6,0,0,3,0,2,0,2,0,1,0,0,0,3,52,0,0,0,0,1,2,0,0,0,25,0,0,0,0,0,0,0,0,0,0,0,0,1,2,0,0,41,65,0,1,0,0,0,3,6,0,0,1,0,0,0,0,0,1,0,0,0,0,0,0,0,0,1,0,0,2,0,0,0,1,0,0,0,0,0,0,0,0,0,0,0,1,1,0,0,0,0,0,0,0,0,0,1,0,0,0,0,0,0
3068576400019200176,32,8,0,0,0,0,0,0,0,1,3,0,0,0,0,8,0,1,0,7,5,0,0,2,5,0,0,14,0,0,1,0,3,0,2,0,1,0,1,0,1,2,0,0,1,2,2,6,0,0,0,0,0,1,0,0,0,3,9,0,0,0,0,0,1,2,0,0,3,5,1,1,0,0,1,0,0,0,0,2,0,0,0,0,0,0,0,1,1,1,22,0,1,0,0,0,0,0,0,0,15,0,1,0,0,0,0,0,0,0,0,0,0,0,0,0,0,18,33,0,0,0,0,0,2,2,0,0,1,0,0,0,1,0,0,0,0,0,0,0,1,0,0,0,0,0,0,0,0,0,0,0,0,0,0,0,0,0,0,0,1,0,0,0,0,0,0,1,0,0,0,0,0,0,0,0,0,0,0,0
3068576400019200188,19,1,0,0,0,0,0,0,0,0,0,0,0,0,0,4,0,1,0,1,3,0,1,1,1,0,0,7,0,0,0,0,1,0,0,0,0,1,0,0,0,0,0,0,0,1,1,6,0,0,0,0,0,0,0,0,4,0,0,0,1,0,0,0,0,1,0,0,1,0,0,0,0,0,0,1,1,0,0,2,0,0,0,0,0,0,0,1,0,0,6,0,0,0,1,0,0,0,0,0,4,0,0,0,0,0,0,0,0,0,0,0,0,0,1,0,0,7,14,0,0,0,0,0,0,0,0,0,1,0,0,0,1,0,0,0,0,0,1,0,0,0,0,0,0,0,0,0,0,0,0,0,0,0,0,0,0,0,0,0,0,0,0,0,0,0,0,0,0,0,0,0,0,0,0,0,0,0,0,0
3068576400019200191,105,12,0,2,0,1,1,0,1,0,8,0,0,4,1,11,0,2,0,37,15,1,7,3,14,0,0,38,1,0,0,7,8,0,9,0,0,0,0,0,5,2,0,0,2,5,18,24,0,1,0,0,3,0,2,1,2,0,20,0,0,0,1,0,3,9,0,0,7,7,1,1,0,0,0,0,1,0,0,7,0,0,1,0,2,0,0,0,0,2,41,1,0,0,1,1,0,1,0,0,60,0,3,0,0,0,0,1,0,0,0,0,1,0,3,0,0,69,121,0,0,0,0,0,5,5,3,3,1,0,0,0,0,0,0,0,0,0,0,1,0,0,1,0,0,0,2,1,0,1,0,1,0,0,0,0,1,0,0,0,1,0,0,0,0,0,0,0,0,0,0,0,0,1,1,0,0,0,0,0
3068576400019200200,40,3,0,0,0,0,1,0,0,0,0,0,2,0,0,0,0,1,0,14,4,0,3,1,2,0,1,20,0,0,0,1,3,0,1,0,0,0,0,1,3,0,0,0,0,5,4,18,0,0,0,0,0,0,0,0,0,1,1,0,0,0,0,0,0,2,0,0,0,1,0,0,0,0,0,0,1,0,0,2,0,0,0,0,0,0,0,0,0,0,3,0,0,0,4,2,2,1,0,0,10,0,0,0,0,0,0,0,0,2,0,0,0,0,0,0,0,24,36,0,0,0,0,0,2,2,1,1,1,0,0,0,0,0,0,0,0,0,0,0,0,0,0,0,0,0,0,0,0,0,0,0,0,0,0,0,0,0,0,0,1,0,0,0,0,1,0,0,0,0,0,0,0,0,0,0,0,0,0,0
3068576400019300012,11,1,0,0,2,0,0,0,0,1,1,0,0,0,0,0,0,1,0,6,2,0,1,1,0,0,0,4,0,0,0,3,0,0,3,0,0,0,0,1,0,0,1,0,0,0,1,4,0,0,0,0,0,0,0,0,1,0,0,0,0,0,0,0,2,0,0,0,0,0,0,0,0,0,0,0,0,0,0,2,0,1,0,0,4,0,0,0,0,0,7,0,0,0,2,0,0,1,0,1,4,0,1,0,0,1,0,0,0,0,0,0,2,0,0,0,0,2,2,0,0,3,0,0,3,1,0,0,0,1,0,0,0,0,0,0,0,0,0,0,0,0,0,0,0,0,0,0,0,0,0,0,0,0,0,0,0,0,0,0,0,0,0,0,0,0,0,0,0,0,0,0,0,0,0,0,0,0,0,0
3068576400030100006,14,1,0,0,0,0,1,0,0,0,0,0,0,0,0,6,0,0,0,3,6,0,0,0,2,0,0,24,0,0,0,0,0,0,0,0,0,0,0,0,0,0,0,0,0,0,3,5,0,0,0,0,0,0,0,0,0,0,0,0,0,0,0,0,0,0,0,0,1,1,0,0,0,0,0,0,0,0,0,1,0,1,0,0,0,0,0,0,0,1,25,0,0,0,0,0,0,0,0,0,7,0,0,0,0,1,0,0,0,0,0,0,0,0,0,0,0,11,14,0,0,0,0,0,0,0,0,0,0,0,0,0,0,0,0,0,0,0,0,0,0,0,0,0,0,0,0,0,1,0,0,0,0,0,0,0,0,0,0,0,0,0,0,0,0,0,0,0,0,0,0,2,0,0,0,0,0,0,0,0
3068576400030100010,23,13,0,0,0,0,0,0,0,1,0,0,0,0,0,5,0,0,0,11,2,0,2,0,4,0,0,24,0,0,0,2,1,0,2,0,0,1,0,0,1,0,0,0,2,0,14,13,0,0,0,0,0,1,0,0,0,0,2,0,1,0,0,0,1,7,0,0,4,1,2,1,0,0,0,0,0,0,0,3,0,0,0,0,0,0,0,0,1,2,21,0,0,0,0,0,0,0,0,0,10,0,0,0,0,0,0,0,0,0,0,0,0,0,0,0,0,23,47,0,1,0,0,0,5,1,0,0,1,0,0,0,0,0,0,0,0,0,0,0,1,0,0,0,0,0,1,0,0,0,0,0,0,0,0,0,0,0,0,0,1,0,0,0,0,0,0,0,0,0,0,0,0,0,0,0,0,0,1,0
3068576400030100019,12,1,0,1,0,0,0,0,0,0,0,0,0,1,0,8,0,1,0,3,4,0,0,0,4,0,0,16,0,0,0,1,0,0,1,0,0,0,0,1,0,0,0,0,0,0,8,5,0,0,0,0,0,0,0,0,1,0,1,0,0,0,0,0,0,0,0,0,0,1,0,0,0,0,0,1,1,0,0,0,0,0,1,0,0,0,0,0,0,0,8,0,0,0,0,1,0,0,0,0,7,0,0,0,0,0,0,0,0,0,0,0,0,0,0,0,0,4,20,0,0,0,0,0,0,0,0,0,0,1,0,0,4,1,0,0,0,0,1,0,0,0,0,0,0,0,0,1,0,0,0,0,0,0,0,0,0,0,0,0,1,0,0,0,0,0,0,0,0,0,0,0,0,0,0,0,0,0,0,0
3068576400030100020,8,2,0,0,0,0,0,0,0,0,0,0,0,0,0,0,0,0,0,0,1,0,0,0,1,0,0,1,0,0,0,0,0,0,0,0,0,0,0,0,0,1,0,0,0,0,0,0,0,0,0,0,0,0,0,0,0,0,0,0,0,0,0,0,0,0,0,0,0,0,0,0,0,0,0,0,0,0,0,0,0,0,0,0,0,0,0,0,0,0,1,0,0,0,0,0,0,0,0,0,1,0,0,0,0,0,0,0,0,0,0,0,0,0,0,0,0,0,13,0,0,0,0,0,1,0,0,0,0,0,0,0,0,0,0,0,0,0,0,0,0,0,0,0,0,0,1,0,0,0,0,0,0,0,0,0,0,0,0,0,0,0,0,0,0,0,0,0,0,0,0,0,0,0,0,0,0,0,0,0
3068576400030100028,26,1,0,1,0,0,0,0,0,2,0,1,0,2,0,3,0,0,0,6,0,0,0,0,1,1,0,5,0,0,0,1,2,1,0,0,0,0,1,0,1,0,0,0,1,1,4,5,0,0,0,0,0,1,0,0,2,0,0,0,0,0,0,0,0,1,0,0,2,3,0,1,0,0,0,0,0,0,0,4,0,0,0,0,0,0,0,0,0,2,1,0,0,0,1,0,1,0,0,0,10,0,0,0,0,0,0,1,1,0,1,0,0,0,1,0,0,8,42,0,0,1,0,0,1,2,0,0,2,0,0,0,0,0,0,0,0,0,0,0,0,1,0,0,0,0,0,0,0,0,0,0,0,0,0,0,0,0,0,0,0,0,0,0,0,0,0,0,0,0,0,0,0,0,0,1,0,0,0,0
3068576400030100031,17,4,0,1,0,2,0,1,0,0,0,1,0,0,0,23,0,0,0,1,6,0,1,1,3,0,0,11,0,0,0,0,0,0,3,0,0,0,0,0,1,1,0,0,0,2,9,15,0,0,0,0,0,0,0,0,0,0,0,2,0,0,0,0,0,1,0,0,6,1,0,0,0,0,0,0,0,0,0,1,0,0,0,0,0,0,0,0,0,0,10,0,0,0,1,0,0,0,0,0,23,1,0,0,0,0,0,0,0,0,0,0,0,0,1,0,0,8,15,0,0,0,0,0,1,1,2,0,2,0,0,0,0,0,0,0,0,0,1,0,0,0,0,0,0,0,1,0,0,0,0,0,0,0,0,0,0,0,0,0,0,0,0,0,0,0,0,0,0,0,0,0,0,0,0,0,0,0,0,0
3068576400030100034,15,2,0,0,0,0,0,0,0,0,0,0,1,0,0,5,0,0,0,5,1,0,1,0,0,0,0,2,0,0,1,4,0,0,1,0,0,0,0,0,2,0,0,0,0,1,10,3,0,0,0,0,0,0,0,0,2,0,5,0,0,0,0,0,0,0,0,0,4,0,0,0,0,0,1,0,0,0,0,1,0,0,0,0,0,0,0,0,0,0,2,0,0,0,1,0,1,0,0,0,5,0,0,0,0,0,0,0,0,0,0,0,0,0,0,0,0,9,9,0,0,0,0,0,2,1,0,1,0,0,0,0,5,0,1,0,0,0,0,0,0,0,0,1,0,0,0,0,0,0,0,0,0,0,0,0,0,0,0,0,1,0,0,0,0,0,0,0,0,0,0,0,0,0,0,0,0,0,0,1
3068576400030100043,10,5,0,1,0,0,0,0,0,0,0,0,0,0,0,0,0,0,0,1,2,0,0,3,0,0,0,0,1,0,0,0,0,0,0,0,0,0,0,0,0,0,0,0,0,0,0,1,0,0,0,0,0,0,0,0,0,0,1,0,1,0,0,0,0,0,0,0,0,0,0,0,0,0,0,0,0,0,0,0,0,0,0,0,0,0,0,0,0,0,0,0,0,0,1,0,0,0,0,0,2,0,0,0,1,0,0,0,0,0,0,0,0,0,0,0,0,1,14,0,0,0,0,0,2,0,0,0,1,0,0,0,0,0,0,0,0,0,1,0,0,0,0,0,0,0,0,0,0,0,0,0,0,0,0,0,0,0,0,0,0,0,0,0,0,0,0,0,0,0,0,0,0,0,0,0,0,0,0,0
3068576400030100048,20,2,0,1,0,0,1,0,0,1,0,1,0,1,0,1,0,0,0,4,0,0,1,0,1,0,0,5,0,0,0,0,1,0,1,0,0,0,0,0,0,0,0,0,1,2,3,5,0,0,0,0,0,0,0,0,0,0,7,3,1,0,0,0,0,0,0,0,1,0,1,2,0,0,0,0,0,0,0,3,0,0,0,0,0,0,0,0,0,0,1,0,0,0,2,0,0,0,0,1,7,0,0,0,0,0,0,0,0,0,0,0,0,0,0,0,0,11,17,0,0,0,0,0,1,2,0,0,0,0,0,0,0,0,0,0,0,0,0,0,0,0,0,0,0,0,0,0,0,0,0,0,0,0,0,0,0,0,0,0,0,0,0,0,0,1,0,0,0,0,0,0,0,0,0,0,0,0,0,0
3068576400030200005,15,3,0,0,0,0,0,0,0,0,0,0,0,0,0,0,0,0,0,7,0,0,0,0,1,0,0,9,0,0,0,0,0,0,0,0,0,0,0,0,0,0,0,0,0,1,3,6,0,0,0,0,0,1,0,0,0,0,0,0,1,0,0,0,0,1,0,0,0,0,0,1,0,0,0,0,0,0,0,0,0,0,0,0,0,0,0,0,0,2,5,0,0,0,0,1,0,0,0,0,9,0,0,0,0,0,0,0,0,0,0,0,0,0,1,0,0,10,14,0,0,0,0,0,3,0,0,0,0,0,0,0,0,0,0,0,0,0,0,0,0,0,0,0,0,0,0,0,0,0,0,0,0,0,0,0,0,0,0,0,0,0,0,0,0,0,0,0,0,0,0,0,0,0,0,0,0,0,0,0
3068576400030200012,7,0,0,0,0,0,0,0,0,1,0,0,0,0,0,1,0,0,0,4,1,0,0,0,3,0,0,6,0,0,0,1,0,0,0,0,0,0,0,0,1,0,0,0,0,1,3,3,0,0,0,0,0,0,0,0,0,0,0,0,0,0,0,0,2,0,0,0,0,1,0,0,0,0,0,0,0,0,0,0,0,0,0,0,0,0,0,0,0,1,1,0,0,0,0,0,0,0,0,0,12,0,0,0,0,0,0,0,0,0,0,0,0,0,0,0,0,7,19,0,0,0,0,0,0,0,0,0,0,0,0,0,1,0,0,0,0,0,0,0,0,0,0,0,0,0,0,0,0,0,0,0,0,0,0,0,0,0,0,0,1,0,0,0,0,0,0,0,0,0,0,0,0,1,0,0,0,0,0,0
3068576400030200018,18,5,0,1,0,0,0,0,0,0,0,0,0,0,0,0,0,0,0,0,1,0,0,0,0,0,0,2,0,0,0,0,0,0,0,0,0,0,0,0,0,0,0,0,0,0,5,1,0,0,0,0,0,0,0,0,1,0,0,0,0,0,0,0,0,0,0,0,0,0,0,0,0,0,0,0,0,0,0,0,0,1,0,0,0,0,0,0,0,0,3,0,0,0,0,0,0,0,0,0,0,0,0,0,0,0,0,0,0,0,0,0,0,0,0,0,0,4,27,1,0,0,0,0,2,1,1,0,1,0,0,0,1,0,0,0,0,0,0,0,0,0,0,0,0,0,0,0,0,0,0,0,0,0,0,0,0,0,0,0,0,0,0,0,0,0,0,0,0,0,0,0,0,0,0,0,0,0,0,0
3068576400030200027,36,7,0,0,0,0,2,0,0,0,0,1,2,0,0,16,0,0,0,4,8,0,0,0,5,0,0,18,0,0,0,0,1,0,0,0,0,0,0,0,0,0,0,0,0,0,9,5,0,0,0,0,0,1,0,0,0,0,0,0,1,0,0,0,2,0,0,0,10,2,0,0,0,0,0,0,2,0,0,1,0,2,0,0,0,0,0,0,0,1,19,0,0,0,1,0,0,0,1,0,11,0,0,0,0,0,0,0,0,0,0,1,0,0,1,1,0,6,37,0,0,0,0,0,2,2,0,0,2,0,0,0,1,0,0,0,0,0,0,0,0,0,0,0,0,0,0,0,0,0,0,0,0,0,0,0,1,0,0,1,0,0,0,0,0,0,0,0,0,0,0,0,0,0,0,0,0,0,0,0
3068576400030200029,54,4,0,2,0,1,0,0,0,0,0,0,0,0,0,16,0,1,0,11,12,0,0,1,6,0,0,16,0,0,0,1,1,0,0,0,1,0,1,0,0,0,0,0,1,1,9,11,0,0,0,0,0,1,0,0,3,0,2,0,0,0,1,0,0,2,0,0,7,3,0,0,0,1,0,0,0,0,0,6,0,1,0,0,0,0,0,0,0,1,26,0,0,0,0,1,1,0,1,0,19,0,0,1,0,0,0,0,0,0,0,0,0,0,0,2,0,13,42,0,0,1,1,0,0,3,0,1,2,0,0,0,0,0,0,2,0,0,1,0,2,0,0,0,0,0,1,0,1,1,0,0,0,0,0,0,1,1,0,0,1,0,0,0,0,0,0,0,0,0,0,0,0,0,0,1,0,0,0,0
3068576400030200031,16,1,0,0,0,0,0,0,0,1,0,0,0,0,0,2,0,1,0,7,1,0,1,0,2,0,0,5,0,0,0,0,0,0,0,0,0,0,0,0,0,0,0,0,0,0,2,4,0,0,0,0,0,0,0,0,0,1,0,0,1,0,0,0,0,0,0,0,0,1,0,0,0,0,0,0,0,0,0,0,0,0,0,0,0,0,0,0,0,0,0,0,0,0,0,0,0,0,0,0,3,0,0,0,0,0,0,0,0,0,0,0,0,0,0,1,0,8,15,0,0,0,0,0,0,0,0,0,0,0,0,0,0,0,0,0,0,0,0,0,1,0,0,0,0,0,0,0,0,0,0,0,0,0,0,0,0,0,0,0,1,0,0,0,0,0,0,0,0,0,0,0,0,0,0,0,0,0,0,0
3068576400030200032,31,4,0,1,0,0,0,0,0,0,0,1,0,0,0,1,0,0,0,2,1,1,0,0,1,0,1,5,0,0,0,0,0,0,1,0,0,1,0,0,0,0,1,0,0,1,6,6,0,0,0,0,0,1,0,0,0,0,0,0,1,0,0,0,0,0,0,0,3,3,0,0,0,0,0,1,0,1,0,1,0,0,0,0,1,0,0,0,0,1,1,0,0,0,0,0,0,0,1,0,17,0,0,0,0,1,0,0,0,0,0,0,0,0,0,0,0,5,30,0,0,0,0,0,1,0,0,0,3,0,0,0,0,0,0,0,0,0,0,0,0,0,0,0,0,0,0,0,0,0,0,0,0,0,0,0,0,0,0,0,0,0,0,0,0,0,0,0,0,0,0,0,0,0,0,0,0,1,0,0
3068576400030200034,19,4,0,0,0,0,1,0,0,0,0,0,0,0,0,1,0,0,0,1,0,0,0,0,3,0,0,3,0,0,0,0,0,0,1,0,0,0,0,0,0,0,0,0,0,0,1,9,0,0,0,0,0,0,0,0,1,0,0,0,0,0,0,0,0,1,0,0,0,1,0,0,0,0,0,0,0,1,0,0,0,0,0,0,0,0,0,0,0,0,0,0,1,0,1,0,0,0,0,1,3,0,0,0,0,0,0,0,0,0,0,0,0,0,0,0,0,4,19,0,0,0,0,0,2,1,0,0,0,0,0,0,0,0,0,0,0,0,0,0,0,0,0,0,0,0,0,0,0,0,1,0,0,0,0,0,0,0,0,0,0,0,0,0,0,0,0,0,0,0,0,0,0,0,0,0,0,0,0,0
3068576400030200039,30,2,0,3,0,0,0,0,1,0,0,0,0,0,0,3,0,0,0,9,1,0,0,2,0,0,0,8,0,0,0,1,0,0,1,0,0,2,0,0,0,0,1,0,0,0,8,0,0,0,0,0,0,0,0,0,2,0,2,0,0,0,0,0,1,0,0,0,0,1,0,0,0,0,0,0,0,0,0,1,0,0,0,0,0,0,0,0,0,3,3,0,0,0,1,2,1,0,0,0,12,0,0,0,0,0,0,0,0,0,0,0,0,0,0,0,0,15,13,0,0,0,0,1,1,0,0,2,2,0,0,0,1,0,0,0,0,0,0,0,1,0,0,0,0,0,0,0,0,0,0,0,0,0,0,0,0,0,0,0,0,0,0,0,0,0,0,0,0,0,0,0,0,1,0,0,0,0,0,1
3068576400030200043,58,17,0,3,0,0,0,0,0,0,0,1,0,0,0,19,0,2,0,15,9,0,1,4,4,0,0,20,0,0,1,3,0,1,3,0,0,1,0,0,3,0,0,0,0,1,17,19,0,2,0,0,0,0,0,0,2,0,4,0,1,0,0,0,3,1,0,0,7,1,0,0,0,0,0,2,3,0,0,1,0,0,1,0,0,0,0,1,0,1,14,0,1,0,3,3,0,0,0,0,36,0,0,0,1,0,0,0,0,0,0,1,0,0,0,0,0,19,51,1,1,0,0,0,8,4,0,1,8,0,0,0,2,0,1,0,0,0,0,0,0,0,1,0,0,0,0,0,0,0,1,0,0,0,0,0,0,1,0,0,0,0,0,0,0,0,0,0,0,0,0,0,0,0,0,0,0,0,0,1
3068576400030300018,9,0,0,1,0,0,0,0,0,1,0,0,0,0,0,2,0,0,2,5,0,0,0,0,1,0,0,15,0,0,0,1,1,0,2,0,0,2,0,0,0,0,0,0,0,0,3,3,0,0,0,0,0,0,0,0,0,0,2,0,0,0,0,0,1,1,0,0,1,0,1,1,0,0,0,0,0,0,0,1,0,0,0,0,0,0,0,0,0,0,4,0,0,1,0,0,0,0,0,0,21,0,0,0,0,0,0,1,0,0,0,0,0,0,1,0,0,13,5,0,0,0,0,0,2,1,0,0,0,0,0,0,0,0,0,0,0,0,0,0,0,0,0,0,0,0,0,0,0,0,0,0,0,0,0,0,0,0,0,0,0,0,0,0,0,0,0,0,0,0,0,0,0,0,0,0,0,0,0,0
3068576400031200128,49,2,0,2,0,0,0,0,0,0,0,0,0,0,0,3,0,0,0,13,4,0,0,0,3,0,0,6,0,0,0,0,0,0,0,0,0,0,0,0,1,1,0,0,1,1,8,5,0,0,0,0,0,0,0,0,1,0,4,2,0,0,0,0,1,2,0,0,1,2,0,0,0,0,0,0,0,0,0,0,0,0,0,0,0,0,0,0,0,0,4,0,0,0,0,0,1,0,0,0,3,0,0,0,0,0,0,0,0,0,0,0,1,0,1,0,0,9,38,0,0,0,0,0,8,1,0,1,0,0,0,0,0,0,0,0,0,0,1,0,0,0,0,0,0,0,0,0,0,0,0,0,0,0,0,0,0,0,0,0,0,0,0,0,0,0,0,0,0,0,0,0,0,0,0,1,0,0,0,0
3068576400032100004,18,8,0,0,0,0,0,0,1,0,0,0,0,1,0,10,0,0,0,2,8,0,1,0,4,0,0,6,0,0,0,1,2,0,0,0,0,0,1,0,0,0,0,0,1,0,8,10,0,0,0,0,1,0,0,0,0,0,1,0,0,0,0,0,0,1,0,0,8,1,0,0,0,0,0,0,1,0,0,0,0,0,0,0,0,1,0,0,0,0,3,0,0,1,2,0,1,0,0,0,4,0,0,0,0,0,0,1,0,0,1,0,0,0,0,0,0,5,15,0,0,0,0,0,1,2,0,0,0,0,0,0,0,0,0,0,0,0,0,0,0,0,0,0,0,0,0,1,0,0,0,0,0,0,0,0,0,0,0,0,0,1,0,0,0,0,0,0,0,0,0,0,0,0,0,0,0,1,0,0
3068576400032200006,28,14,0,1,0,0,1,0,0,0,0,1,0,0,1,4,0,0,0,4,2,0,0,0,2,1,0,11,0,0,0,0,1,0,0,0,0,0,0,0,0,0,0,0,1,1,6,14,0,1,0,0,1,0,0,0,1,1,0,1,0,0,0,0,1,0,0,0,0,0,0,0,0,1,0,0,0,0,0,0,0,0,0,0,0,0,0,1,0,1,10,0,0,0,0,0,0,0,0,0,14,0,0,0,0,0,0,0,0,1,0,0,0,0,0,0,0,12,22,0,0,0,0,0,0,0,0,1,0,0,0,0,0,0,0,0,0,0,0,0,1,0,0,0,0,0,0,0,0,1,0,0,0,0,0,0,0,2,0,0,1,0,0,1,0,0,0,0,0,0,0,0,0,0,0,0,0,0,0,0
3068576400032200017,15,0,0,0,0,1,0,0,0,1,0,0,0,0,0,6,0,0,0,7,4,0,0,0,1,0,1,25,0,0,0,1,0,0,0,0,0,1,0,0,0,0,0,0,0,0,3,0,0,0,0,0,0,0,0,0,1,0,1,3,0,0,0,0,0,0,0,0,1,0,0,0,0,0,0,0,0,0,0,0,0,0,0,0,0,1,0,0,0,0,0,0,0,0,0,0,0,0,0,0,5,0,0,1,0,0,0,0,0,0,0,0,0,0,0,0,0,1,8,0,0,0,0,0,1,0,0,0,0,0,0,0,0,0,0,0,0,0,0,0,0,0,0,0,0,0,0,0,0,1,0,0,0,0,0,0,0,0,0,0,1,0,0,0,0,0,0,0,0,0,0,0,0,0,0,0,0,0,0,0
3068576400032200021,8,0,0,1,0,0,1,0,0,0,0,0,0,0,0,1,0,0,0,3,2,0,0,0,0,0,0,30,0,0,0,0,0,0,0,0,0,0,0,0,0,0,0,0,0,0,2,0,0,0,0,0,0,0,0,0,0,0,0,4,0,0,0,0,0,0,0,0,4,0,0,0,0,1,0,0,0,0,0,0,0,0,0,0,0,0,0,0,0,0,0,0,0,0,0,0,1,0,1,0,23,0,0,0,0,0,0,0,0,0,0,0,0,0,0,0,0,0,2,0,0,0,0,0,0,1,0,0,0,0,0,0,0,0,0,0,0,0,1,0,0,0,0,0,0,0,0,0,0,0,0,0,0,0,0,0,0,0,0,0,1,0,0,0,0,0,0,0,0,0,0,0,0,0,0,0,0,0,0,0
3068576400044100003,15,2,0,0,0,0,0,0,0,2,0,0,0,0,0,0,0,0,0,4,0,0,0,0,1,0,0,4,0,0,0,2,0,0,0,0,0,0,0,0,2,0,0,0,0,1,1,4,0,1,0,0,0,0,0,0,1,0,7,0,0,0,0,0,0,0,0,0,4,2,0,0,0,0,0,0,0,0,0,0,0,0,0,0,0,0,0,0,0,0,3,0,0,0,0,0,0,0,0,0,5,0,0,0,0,0,0,0,0,0,0,0,0,0,0,0,0,3,26,0,0,0,0,0,1,1,0,0,0,0,0,0,0,0,0,0,0,0,0,0,0,0,0,0,0,0,0,0,0,0,0,0,0,0,0,0,0,0,0,0,0,0,0,0,0,0,0,0,0,0,0,0,0,0,0,0,0,0,0,0
3068576400044100005,9,2,0,1,0,0,0,0,0,0,0,0,0,0,0,0,0,0,0,2,1,0,0,0,2,0,0,3,0,0,0,0,0,0,0,0,0,0,0,0,0,0,0,0,0,0,3,4,0,0,0,0,0,0,0,0,0,0,1,0,0,0,0,0,0,0,0,0,0,1,0,0,0,0,0,0,1,0,0,0,0,0,0,0,0,0,0,0,0,0,2,0,0,0,0,1,0,0,0,0,4,0,0,0,0,0,0,0,0,0,0,0,0,0,0,0,0,2,25,0,0,0,0,0,0,1,0,0,2,0,0,0,0,0,0,0,0,0,0,0,0,0,0,0,0,0,0,0,0,0,0,0,0,0,0,0,0,0,0,0,0,0,0,0,0,0,0,1,0,0,0,0,0,0,0,0,0,0,0,0
3068576400044100006,10,1,0,0,0,0,0,0,0,1,0,0,0,0,0,3,0,0,0,9,4,0,0,1,2,0,0,4,1,0,0,1,1,0,1,0,0,0,0,0,1,0,0,0,0,1,3,3,0,1,0,0,0,0,0,0,1,0,2,2,0,0,1,0,0,0,0,0,0,1,0,1,0,0,0,0,0,0,0,0,0,0,0,0,0,0,0,0,0,0,2,0,0,0,2,0,1,0,0,0,7,0,0,0,0,0,0,0,0,0,0,0,0,0,0,0,0,4,6,0,0,0,0,0,0,1,0,0,1,0,0,0,0,0,0,0,0,0,1,0,1,0,0,0,0,0,0,0,0,0,1,0,0,0,0,0,0,0,0,0,0,0,0,0,0,0,0,0,0,1,0,0,0,0,0,0,0,0,0,0
3068576400044100007,15,9,0,1,0,0,0,1,0,2,0,0,0,0,0,14,0,0,0,11,6,1,0,2,5,0,0,7,0,0,0,1,1,0,0,0,0,1,1,0,2,0,0,0,0,4,10,10,0,0,0,0,0,0,0,0,0,1,1,3,0,0,0,0,2,0,0,0,7,5,1,1,0,0,0,0,0,0,0,0,0,0,0,0,0,0,0,0,0,1,2,0,0,0,3,0,1,0,0,0,7,0,0,0,1,0,0,2,0,0,0,0,0,0,0,0,0,15,31,0,0,0,1,0,3,3,0,0,1,1,0,0,0,0,0,0,0,0,0,1,0,0,0,0,0,0,1,0,0,0,0,0,0,0,0,0,0,0,1,0,1,0,0,0,0,0,0,0,0,0,0,0,0,1,0,1,0,0,0,0
3068576400044100012,31,1,0,2,0,1,0,1,0,1,0,0,0,0,0,13,0,0,0,10,5,0,3,1,3,0,0,13,0,0,0,0,0,0,0,0,0,0,1,0,0,0,0,0,0,0,8,7,0,0,0,0,0,0,0,1,0,0,6,6,0,0,0,0,0,0,0,0,1,2,0,0,0,0,0,0,0,0,0,0,1,0,0,0,0,0,0,0,0,2,7,0,0,0,4,0,1,0,0,0,17,0,0,0,0,0,0,0,0,0,0,0,0,0,1,1,0,14,17,0,0,0,0,0,1,0,0,0,0,0,0,0,0,0,0,0,0,0,0,0,0,0,0,0,0,0,0,0,0,0,0,0,0,0,0,0,0,0,0,0,0,0,1,0,0,0,0,0,0,0,0,0,0,0,0,1,0,0,0,0
3068576400044100013,17,2,0,1,0,0,0,0,0,1,0,0,0,0,0,14,0,0,0,7,5,0,0,0,2,0,0,7,0,1,0,0,0,0,1,0,0,0,0,0,0,1,0,0,0,0,4,2,0,0,0,0,0,0,0,0,1,0,0,1,0,0,0,0,1,0,0,0,1,1,0,0,0,0,0,1,0,0,0,1,0,0,0,0,0,0,1,0,0,0,5,0,0,0,1,0,0,0,0,0,8,0,1,0,1,0,0,0,0,0,0,0,0,0,1,0,0,11,10,0,0,0,0,0,1,0,0,0,0,0,0,0,0,0,0,0,0,0,0,0,0,0,0,0,0,0,0,0,0,0,0,0,0,0,0,0,0,0,0,0,0,0,0,0,0,0,0,0,0,0,0,0,0,1,0,0,0,1,0,0
3068576400044100015,54,6,0,2,0,1,2,0,0,0,0,0,0,0,0,13,1,2,0,16,9,0,3,4,5,1,0,17,0,0,0,0,6,0,1,0,1,1,0,0,0,0,0,0,1,2,16,39,0,0,0,0,0,0,0,0,3,0,11,8,0,0,0,1,2,1,0,0,0,6,1,0,0,0,1,0,3,0,0,2,0,1,0,0,0,0,0,0,0,3,24,0,0,0,3,2,1,2,0,0,16,0,0,0,1,0,1,0,1,0,0,0,1,0,0,0,0,38,58,0,0,0,0,0,5,1,0,1,3,0,0,1,0,0,0,0,0,0,0,0,0,0,0,0,0,0,0,0,1,0,0,1,0,0,0,1,0,2,0,0,0,0,0,1,0,0,0,0,0,0,0,0,0,0,0,0,0,0,1,0
3068576400044100018,62,8,0,2,0,0,1,0,0,1,0,0,0,0,0,2,0,1,0,7,1,0,2,0,1,0,0,16,0,1,0,0,0,0,0,1,0,0,0,0,5,1,0,0,0,3,7,20,0,0,0,0,1,0,0,0,2,0,4,6,0,0,0,0,1,1,0,0,0,5,0,1,0,0,0,0,0,0,0,4,0,0,0,1,1,2,0,0,0,2,6,0,0,0,2,1,0,0,0,0,15,0,0,0,0,0,0,0,0,0,0,0,0,0,1,0,0,18,63,0,0,0,0,0,3,4,0,1,0,0,0,0,0,0,0,0,0,0,0,0,0,0,0,0,0,0,1,1,0,1,1,0,0,0,0,0,0,0,1,0,0,0,0,0,0,0,0,0,0,0,0,0,0,1,0,0,0,0,0,1
3068576400044100022,30,0,0,1,0,0,1,0,0,2,0,0,0,0,0,0,0,0,0,10,1,0,0,0,0,0,1,17,0,0,0,0,0,0,0,0,0,0,0,0,2,0,0,0,0,1,3,4,0,0,0,1,0,0,0,0,1,0,10,6,0,0,0,0,0,0,0,0,1,0,0,0,0,0,0,0,0,0,0,0,0,0,0,0,0,0,0,0,0,1,8,0,0,0,4,0,0,0,0,0,16,0,0,0,0,0,0,0,0,0,0,0,0,0,2,0,0,13,6,0,0,0,0,0,1,1,0,0,1,0,0,0,0,0,0,0,0,1,0,0,0,0,0,0,0,0,0,0,0,0,0,0,0,0,0,0,0,0,0,0,2,0,0,0,0,0,0,0,0,0,0,0,0,0,0,0,0,0,0,0
3068576400044100030,115,15,0,3,0,3,2,0,1,8,8,1,0,18,1,8,0,2,0,20,6,0,5,6,3,1,0,58,0,1,3,3,2,0,2,3,0,1,2,0,2,1,0,0,2,5,30,42,0,0,1,0,0,1,2,1,1,1,5,34,2,4,1,0,1,0,0,0,4,4,1,0,0,0,0,0,7,0,0,3,1,0,1,0,0,1,0,0,3,3,30,13,0,0,5,3,1,1,0,0,40,0,4,0,1,0,0,5,0,0,0,0,0,0,2,1,0,36,62,0,1,0,0,2,5,4,0,1,4,1,0,0,2,0,0,0,0,0,1,1,0,0,0,2,0,0,1,0,0,0,0,0,0,0,0,0,0,0,0,0,1,0,0,0,0,0,0,0,0,0,0,0,0,1,0,0,0,0,0,2
3068576400044100033,37,0,0,2,0,0,1,0,0,0,0,0,0,2,0,11,0,0,0,1,7,0,4,0,3,0,0,8,0,0,0,0,0,0,3,0,0,0,0,0,0,0,0,0,0,3,6,0,0,2,0,0,0,1,0,0,0,0,1,2,0,0,0,0,3,0,0,0,6,0,0,1,0,0,1,0,1,0,0,3,0,0,0,0,1,0,0,0,0,0,5,17,0,0,3,0,0,0,3,0,26,1,2,0,0,0,0,0,0,0,8,0,0,0,0,0,0,1,4,0,0,0,1,0,2,0,0,0,0,0,0,0,0,0,0,0,0,0,1,0,0,0,0,0,0,0,0,1,0,0,0,0,0,0,0,0,0,0,0,0,0,0,0,1,0,0,0,0,0,0,0,0,0,0,0,0,0,1,0,0
3068576400044100037,69,0,0,1,0,0,1,1,0,2,10,0,0,0,0,0,0,1,1,0,0,0,1,0,0,0,0,4,0,0,0,0,1,3,0,0,0,0,0,0,0,0,0,0,0,1,8,0,0,0,0,0,1,0,0,1,0,0,1,0,0,0,0,0,0,0,0,0,0,0,0,0,0,0,45,0,3,0,0,1,0,0,1,0,0,0,0,1,0,2,9,0,0,0,0,0,0,2,0,0,13,0,3,2,0,0,0,0,0,1,1,0,1,0,0,0,0,0,3,0,0,0,0,4,0,0,0,0,1,0,4,0,1,0,1,0,0,0,0,0,0,0,0,0,0,0,0,0,0,1,0,0,0,0,0,0,0,1,0,0,0,0,0,0,0,0,0,0,0,0,1,0,0,0,0,0,0,0,0,0
3068576400044100039,15,0,0,0,0,0,0,0,0,1,0,0,0,1,0,5,0,0,0,7,3,0,0,0,3,0,0,23,0,0,0,0,0,0,0,0,0,0,0,0,0,1,0,0,0,0,3,1,0,0,0,0,0,1,0,0,1,0,0,3,0,0,0,0,0,0,0,0,1,0,0,0,0,0,0,0,1,0,0,0,0,0,0,0,0,1,0,0,0,0,3,0,0,0,0,0,0,0,0,0,20,0,0,0,0,0,0,0,0,0,0,0,1,0,1,0,0,5,1,0,0,0,0,0,0,0,0,0,0,0,0,0,0,0,0,0,0,0,0,0,0,0,0,0,0,0,0,0,0,0,0,0,0,0,0,0,0,0,0,0,1,0,0,0,0,0,0,0,0,0,0,0,0,1,0,0,0,0,0,0
3068576400044100040,77,9,0,1,0,3,2,0,0,4,0,0,0,0,2,7,0,0,0,32,5,1,6,3,3,0,0,52,0,0,0,1,7,0,0,0,0,3,0,1,3,3,0,0,0,1,18,32,0,0,0,1,1,0,0,0,1,0,8,27,5,0,0,0,2,0,0,0,5,2,1,1,0,0,0,0,2,0,0,7,0,0,1,0,1,3,0,0,0,0,24,0,0,0,8,4,1,0,0,0,29,0,0,0,0,0,0,0,0,3,1,0,0,0,0,2,0,38,43,0,0,1,0,1,4,3,1,0,7,0,0,0,0,0,1,0,0,0,0,0,0,0,0,0,0,0,0,0,0,0,0,0,0,1,0,0,0,0,0,0,0,0,1,1,0,0,0,0,0,0,0,0,0,0,0,0,0,0,0,0
3068576400044100054,46,0,0,0,0,0,0,0,0,1,3,0,4,0,0,0,0,0,0,0,0,0,4,2,0,0,0,0,1,1,0,3,1,0,9,0,1,9,0,0,1,6,0,0,0,10,2,0,2,5,0,1,0,0,1,0,0,0,10,1,0,0,0,0,4,1,0,0,0,2,1,0,0,0,0,0,18,0,3,0,0,1,5,0,0,1,0,0,1,0,9,4,0,0,1,1,0,0,0,0,1,21,0,2,2,0,0,1,0,0,0,0,0,0,1,0,0,1,3,0,0,2,2,1,1,0,0,0,6,1,0,0,0,0,0,0,0,0,0,0,0,0,0,0,0,0,0,0,1,0,0,0,0,0,0,0,0,0,0,0,0,0,0,0,0,0,0,0,0,0,0,0,0,0,0,0,0,0,0,0
3068576400044100063,20,0,1,0,0,1,0,0,0,2,6,0,0,0,0,0,0,0,0,0,0,0,0,1,0,0,0,0,0,0,0,3,0,0,1,0,0,7,0,0,1,13,0,0,0,2,1,5,1,3,0,0,0,0,0,0,1,0,1,1,1,0,0,0,0,0,0,0,0,1,0,1,0,0,1,0,5,0,2,0,0,4,0,0,0,1,0,1,1,0,5,3,0,0,0,0,0,0,1,0,1,4,3,0,0,0,0,0,1,0,0,0,0,0,2,0,0,0,3,0,1,0,1,0,0,0,0,0,12,0,0,0,0,0,0,0,0,0,0,0,0,0,0,0,0,0,0,0,0,0,0,0,0,0,0,0,0,0,0,0,0,0,0,0,0,0,0,0,0,0,0,0,0,0,0,0,0,0,0,1
3068576400044100068,20,4,0,0,0,0,0,0,0,0,8,0,0,6,0,0,1,1,0,0,0,0,1,0,0,0,0,2,0,0,0,0,0,0,0,0,0,0,0,1,0,1,0,1,1,0,1,6,0,0,0,0,0,0,0,0,1,0,3,8,3,0,0,0,0,1,0,0,0,0,0,0,0,0,0,0,3,0,0,0,0,0,0,0,0,1,0,0,2,0,12,1,0,0,0,0,0,0,0,0,0,0,5,0,0,0,0,0,0,0,0,0,0,0,1,0,0,2,1,0,0,0,0,0,0,0,1,0,1,0,0,0,0,0,0,0,0,0,0,0,0,0,0,0,0,0,0,0,0,0,0,0,0,0,0,0,0,0,0,0,0,0,0,0,0,0,0,0,0,0,0,1,0,0,0,0,0,0,0,0
3068576400044100070,19,0,0,0,0,0,0,0,0,1,6,0,0,0,0,0,0,0,0,0,0,0,3,1,0,0,0,0,0,0,0,2,0,0,1,0,0,0,0,0,1,25,0,0,0,0,2,1,2,8,0,0,0,0,0,0,1,0,0,0,1,0,0,0,1,0,0,0,0,1,0,0,0,0,0,0,12,0,0,0,0,2,0,0,1,0,0,0,1,0,6,0,0,0,0,0,0,0,0,0,0,0,0,0,0,0,0,0,0,0,0,0,0,0,0,0,0,0,1,0,0,0,0,0,0,0,0,0,11,0,0,0,0,0,1,0,0,0,0,0,0,0,0,1,0,0,0,0,0,0,0,0,1,0,0,0,0,1,0,0,0,0,0,0,0,0,0,0,0,0,0,0,0,0,0,0,0,0,0,0
3068576400044100071,41,0,0,0,0,0,0,0,0,2,5,1,1,0,0,0,0,0,0,1,1,0,4,0,0,0,0,0,1,0,0,5,0,0,0,0,0,4,0,0,2,31,0,0,0,7,1,0,3,5,0,0,0,0,0,0,1,0,4,0,2,0,0,0,0,0,0,0,0,3,0,0,0,1,1,0,20,0,0,0,0,2,1,0,0,1,0,0,0,0,6,5,0,0,2,0,0,0,0,0,0,4,1,0,0,0,0,0,0,0,0,0,2,0,1,0,0,0,0,0,0,0,0,0,0,0,0,0,7,1,0,0,1,0,0,0,0,0,0,0,0,0,0,0,1,0,0,0,0,0,0,0,0,0,0,0,0,0,0,0,0,0,0,0,0,0,0,0,0,0,0,0,0,0,0,0,0,0,0,0
3068576400044100078,28,0,0,0,0,0,1,0,1,0,2,0,3,0,1,0,0,2,0,0,0,0,2,1,0,0,0,1,0,1,0,3,0,0,0,0,0,6,0,0,3,1,0,0,0,1,0,0,2,2,0,0,0,0,0,0,0,0,8,1,1,0,0,0,3,0,0,0,0,0,1,0,0,0,0,0,15,0,2,0,0,0,2,1,3,1,0,0,2,0,7,6,0,0,0,0,0,0,0,0,0,5,1,0,0,0,0,1,0,0,1,1,0,1,0,0,0,0,0,0,0,0,1,0,3,0,0,0,2,1,0,0,0,0,0,0,0,0,0,0,0,0,0,0,0,0,0,0,0,0,0,0,0,0,0,0,0,0,0,0,0,0,0,0,0,1,0,0,0,0,0,0,0,0,0,0,0,0,0,0
3068576400044100085,38,0,0,2,0,0,0,1,0,0,5,0,5,0,0,0,0,0,0,1,0,0,3,0,0,0,0,2,0,0,0,2,0,0,4,0,0,7,0,0,0,12,0,0,0,10,2,6,3,2,0,0,0,0,0,0,0,0,13,0,4,0,0,0,1,0,0,0,1,0,0,0,0,0,1,0,14,0,3,0,0,2,3,0,0,2,0,1,0,0,11,4,0,0,0,1,0,0,0,0,2,13,1,0,0,0,0,0,0,0,0,0,0,0,0,0,0,1,3,0,0,0,2,1,0,0,0,0,3,0,0,0,0,0,0,0,0,0,0,0,0,0,0,0,0,0,0,0,0,0,0,0,0,0,0,0,0,0,0,0,0,0,0,0,0,0,0,0,0,0,0,0,0,0,0,0,0,0,0,0
3068576400044100086,42,0,0,0,0,0,0,0,0,1,10,0,1,0,0,0,0,1,0,0,0,0,3,0,0,0,0,0,0,0,0,8,0,1,0,0,0,5,0,1,0,57,0,0,0,9,1,0,2,6,0,0,0,0,0,0,0,0,9,1,2,0,0,0,1,0,0,0,0,1,0,0,0,0,0,1,17,0,0,1,0,3,0,1,1,2,0,1,0,0,3,5,0,1,1,0,1,0,0,0,2,6,0,0,0,0,0,0,0,1,0,0,0,0,0,0,0,1,3,0,0,1,1,0,0,1,0,0,19,0,0,0,0,0,0,0,1,0,0,0,0,0,0,0,0,0,0,0,0,0,0,0,0,0,0,0,0,0,0,0,0,0,0,0,0,0,0,0,0,0,0,0,0,0,0,0,0,0,0,0
3068576400044200026,64,10,0,2,0,1,0,0,0,4,0,0,0,0,0,33,0,0,2,29,9,1,2,0,4,1,1,28,3,0,0,5,2,0,2,0,0,2,1,0,1,2,0,0,1,2,11,13,0,0,0,0,1,0,0,0,1,0,11,16,0,0,0,0,3,1,0,0,6,3,1,1,0,0,0,1,1,0,0,3,0,0,1,1,0,0,1,0,0,2,11,0,0,0,3,1,0,0,0,0,41,1,0,0,0,0,0,2,0,0,0,0,0,0,0,0,0,23,58,0,0,0,0,1,8,3,1,0,5,0,0,0,0,0,0,1,0,0,1,0,1,0,0,0,0,0,2,1,0,0,1,0,0,0,0,0,0,0,0,0,0,1,0,1,0,0,0,0,0,0,0,0,1,0,0,1,0,0,0,0
3068576400044200031,48,3,0,1,0,1,1,0,0,3,0,1,0,0,0,9,0,0,0,15,8,0,4,1,3,0,0,20,0,0,0,0,1,0,0,1,0,2,0,0,0,0,0,0,0,0,7,11,0,0,0,0,1,0,0,0,0,0,8,6,0,0,0,0,1,1,0,0,3,1,2,0,0,0,0,0,1,0,0,7,0,0,0,0,0,1,0,0,0,1,14,0,0,0,7,2,1,0,0,1,9,0,0,0,0,1,0,0,0,1,0,0,0,1,1,0,0,25,40,0,1,0,0,0,2,1,0,0,0,1,0,0,0,0,0,0,0,0,0,0,0,0,0,0,0,0,1,0,0,1,0,0,0,0,0,0,0,0,0,0,0,0,0,0,0,0,0,0,0,0,0,0,0,0,0,0,0,0,0,0
3068576400044200035,15,3,0,0,0,1,0,0,1,0,2,0,0,0,1,0,0,1,0,1,0,0,1,0,0,0,0,9,1,0,0,0,0,0,0,0,0,0,0,1,0,1,0,0,0,0,2,3,0,0,0,0,0,0,0,0,0,0,1,1,0,0,0,0,0,0,0,0,0,1,0,0,0,1,9,0,2,0,1,0,0,1,0,0,0,2,0,0,0,0,1,3,0,0,0,1,0,0,0,0,10,0,0,0,0,0,0,0,0,0,2,1,0,0,0,0,1,0,19,0,0,0,0,0,1,0,0,0,4,0,1,0,0,0,0,0,0,0,0,0,0,0,0,0,0,0,1,0,0,1,0,0,0,0,0,0,0,0,0,0,0,0,0,1,0,0,0,0,0,0,0,0,0,0,0,0,0,0,0,0
3068576400044200040,73,1,0,1,0,0,0,0,1,0,3,0,0,0,0,0,0,0,0,0,0,0,0,0,0,0,0,6,0,0,2,0,1,3,0,1,0,0,0,0,0,0,0,0,0,4,13,4,0,1,0,0,0,0,0,3,0,0,3,0,0,0,0,0,2,0,0,0,0,0,0,0,0,0,46,0,0,0,0,0,0,1,0,0,0,0,0,3,0,0,5,4,0,0,0,0,0,0,0,0,10,0,2,0,1,0,0,0,0,1,1,0,2,0,0,0,0,0,0,0,0,2,0,0,1,1,0,1,1,0,4,0,0,0,0,0,0,0,0,0,0,0,0,0,0,0,0,0,0,0,0,0,0,0,0,0,0,1,0,0,0,0,0,0,0,0,0,0,0,0,0,0,0,0,0,0,0,0,0,0
3068576400044200042,44,5,0,1,0,1,0,0,0,0,1,0,0,0,0,2,0,0,0,1,7,0,2,0,5,0,0,10,0,0,0,0,0,0,1,0,0,0,0,0,1,2,0,0,0,0,6,9,0,1,0,0,0,1,0,1,0,0,1,1,1,0,0,0,0,0,0,0,3,1,0,0,0,0,9,0,1,0,0,1,0,3,1,0,1,1,0,0,0,0,4,7,0,0,1,3,0,0,0,0,25,1,2,0,1,0,0,0,0,0,5,0,0,0,0,0,0,2,32,0,0,0,0,0,3,0,0,0,0,0,0,0,0,0,1,0,0,0,0,0,0,0,0,0,0,0,0,0,0,0,0,0,0,0,0,0,0,0,0,0,0,0,0,0,0,0,0,0,0,0,0,0,0,0,0,2,0,0,0,0
3068576400044200044,82,10,0,1,0,2,1,0,1,1,8,0,0,14,0,0,0,0,0,1,0,0,12,0,1,0,0,11,0,0,1,1,1,1,1,0,0,0,0,0,1,2,0,1,2,1,8,33,0,0,0,2,1,0,0,0,0,0,0,12,8,0,0,0,3,0,0,0,0,3,0,0,0,0,1,0,1,0,0,0,0,1,3,0,2,4,0,0,1,0,12,4,0,0,1,0,1,0,0,0,18,0,7,0,1,0,0,9,0,0,0,0,1,0,0,0,0,3,70,0,0,0,1,1,5,0,0,0,6,1,0,0,0,0,0,0,0,0,0,0,0,0,0,0,0,1,1,0,0,0,1,0,0,0,0,0,0,0,0,0,1,0,0,0,0,0,0,0,0,0,0,0,0,1,0,0,0,0,0,0
3068576400044200045,44,11,0,1,0,1,3,0,0,0,1,0,1,1,2,2,0,0,0,2,4,0,6,0,0,0,0,10,0,1,0,0,0,0,1,0,0,0,0,0,0,0,0,3,1,0,4,14,0,1,0,0,0,1,0,0,1,0,0,5,6,0,0,0,1,0,0,2,2,3,1,0,0,0,1,0,0,0,0,0,0,0,2,0,7,1,0,0,0,0,18,13,0,1,1,1,1,1,0,0,15,1,6,2,0,0,0,1,0,0,1,0,1,0,1,0,0,1,31,0,0,0,1,1,2,0,0,0,2,0,0,0,0,0,0,0,0,0,0,0,1,0,0,0,0,0,2,0,0,0,0,0,1,0,0,0,0,1,0,0,0,0,0,0,0,0,0,0,0,0,0,0,0,0,0,0,0,0,0,0
3068576400044200048,130,1,0,2,0,0,0,0,3,5,6,0,0,0,0,7,0,2,0,0,17,0,2,0,6,0,0,22,2,0,1,1,0,4,1,0,0,0,1,0,4,2,0,0,0,5,10,5,0,0,0,2,0,1,0,1,1,0,0,0,0,0,0,1,3,0,0,0,7,4,2,2,0,0,54,0,1,0,0,0,0,0,2,0,6,1,0,5,0,1,10,21,0,2,1,6,0,1,0,1,55,3,3,0,1,0,0,2,0,0,11,0,0,0,0,0,0,1,14,0,0,1,0,2,6,0,0,0,3,1,0,0,0,1,1,0,0,0,0,0,0,0,0,0,0,0,0,0,0,0,0,0,1,0,0,0,0,0,2,0,0,1,1,0,0,0,0,0,0,0,0,0,0,0,0,0,0,1,0,0
3068576400044200050,8,2,0,1,0,0,0,0,0,0,0,0,0,1,0,0,0,0,0,0,0,0,0,0,3,0,0,3,0,0,0,0,0,0,0,0,0,0,0,0,0,0,0,0,0,0,1,3,0,1,0,0,0,0,0,0,0,0,0,1,0,0,0,0,0,0,0,0,0,1,0,0,0,0,0,0,0,0,0,0,0,0,0,0,0,0,0,0,0,0,0,0,0,0,0,0,0,0,1,0,7,0,0,0,0,0,0,0,0,0,0,0,0,0,1,0,0,2,36,0,0,0,0,0,1,0,0,0,2,0,0,0,0,0,0,0,0,0,0,0,0,0,0,0,0,0,0,0,0,0,0,0,0,0,0,0,0,0,0,0,0,0,0,0,0,0,0,0,0,0,0,0,0,0,0,0,0,0,0,0
3068576400044200052,7,0,0,0,0,0,0,0,0,0,0,0,0,0,0,0,0,1,0,0,0,0,0,0,0,0,0,2,0,0,0,0,0,0,0,0,0,0,0,1,0,0,0,0,0,0,1,1,0,0,0,0,0,0,0,0,0,0,0,0,0,0,0,0,0,0,0,0,0,0,0,0,0,0,0,0,0,0,0,1,0,0,0,0,0,0,0,0,0,0,0,0,0,0,0,1,0,0,0,0,2,0,0,0,0,0,0,0,0,0,0,0,0,0,0,0,0,1,12,0,0,0,0,0,0,0,0,0,1,0,0,0,0,0,0,0,0,0,0,0,0,0,0,0,0,0,0,0,0,0,0,0,0,0,0,0,0,0,0,0,0,0,0,0,0,0,0,0,0,0,0,0,0,0,0,0,0,0,0,0
3068576400044200053,50,1,1,0,0,0,0,0,2,1,6,0,2,0,0,0,0,0,0,0,0,0,4,0,0,0,0,1,0,0,1,2,0,0,2,1,0,2,0,0,1,22,0,0,0,3,4,2,0,13,0,0,1,0,0,1,0,0,11,3,0,0,0,0,2,0,0,0,0,1,0,0,0,0,4,0,12,0,0,0,2,0,2,0,0,2,0,0,0,0,9,5,0,0,0,2,0,0,0,0,0,5,2,1,0,0,0,1,3,0,0,0,0,0,2,0,2,1,2,0,0,2,0,2,1,0,0,0,4,1,0,0,0,1,0,0,0,0,0,0,0,0,0,0,0,0,0,0,0,0,0,0,0,0,0,0,0,0,0,0,0,0,1,0,0,0,0,0,0,0,0,0,0,0,0,0,0,0,0,0
3068576400044200054,62,15,0,1,0,1,0,0,0,0,10,0,0,11,0,1,0,1,0,0,1,0,4,2,4,0,0,13,0,0,1,1,0,0,0,1,0,0,0,0,0,1,0,0,1,1,13,35,0,0,0,0,1,1,0,0,3,0,1,13,2,0,0,0,4,0,0,0,0,10,0,0,0,0,0,0,2,0,0,1,0,1,0,0,0,7,0,2,2,0,18,2,0,0,4,1,0,0,0,0,31,1,4,0,0,0,0,4,0,0,0,0,0,0,0,0,0,2,93,0,0,0,0,0,1,1,0,0,2,2,0,0,0,0,0,0,0,0,0,0,0,0,0,0,0,0,1,0,0,0,0,0,0,0,0,0,0,1,0,0,0,0,0,0,0,0,0,1,0,0,0,0,0,0,0,0,0,0,0,0
3068576400044200057,39,0,0,0,0,0,0,0,0,0,9,0,2,0,0,0,1,0,0,1,0,0,5,0,0,0,0,1,0,0,0,4,0,0,7,0,0,3,0,0,0,8,0,0,1,5,4,3,2,1,0,0,0,0,0,0,0,0,7,0,0,0,0,0,0,0,0,0,1,0,1,0,0,0,2,0,11,0,2,0,0,3,8,0,0,2,0,0,1,1,16,9,0,1,0,0,0,0,0,0,0,11,3,0,1,0,0,4,1,1,0,1,0,0,2,0,0,0,3,0,1,2,2,1,1,0,0,0,4,0,0,0,0,0,0,0,1,0,0,0,0,0,0,0,0,0,0,0,0,0,0,0,0,1,0,0,0,0,0,0,0,0,0,0,0,0,0,0,0,0,0,0,0,0,0,0,0,0,0,1
3068576400044200059,59,17,0,1,0,1,0,0,0,2,5,0,0,5,0,0,0,2,1,1,0,0,1,0,0,0,0,12,0,1,0,0,0,0,0,0,1,0,1,0,0,1,0,1,1,0,7,34,1,0,0,0,1,1,1,0,0,0,1,3,5,0,0,0,1,0,0,0,0,6,0,0,0,0,0,0,3,0,0,0,1,0,0,0,0,3,0,0,0,1,16,1,0,0,1,3,0,0,0,1,18,0,4,0,0,0,0,0,0,0,0,1,0,1,0,0,0,1,61,0,0,1,0,1,1,1,0,0,3,0,0,0,0,1,0,0,0,0,0,0,0,0,0,0,0,0,0,0,0,0,1,0,0,0,0,0,0,0,0,0,1,0,0,0,0,0,0,0,0,0,0,0,0,0,0,0,1,0,0,0
3068576400044200061,28,5,0,0,0,2,0,0,0,1,0,0,1,0,2,2,0,0,0,12,6,0,4,1,3,0,0,66,0,0,0,1,1,0,0,1,0,3,0,0,0,0,0,0,1,2,12,23,0,0,0,1,0,0,0,0,0,0,5,7,0,0,0,0,0,0,0,0,5,4,0,0,0,0,1,0,3,0,0,3,0,0,0,0,0,1,0,0,0,1,14,1,0,0,6,1,0,0,0,0,34,0,0,0,0,0,0,0,0,0,0,0,0,1,2,0,0,19,43,0,0,0,0,0,1,2,0,0,2,0,0,0,0,0,0,0,0,0,0,0,0,0,0,0,0,0,0,0,0,0,0,0,0,0,0,0,0,0,0,0,1,0,0,0,0,0,0,0,0,0,0,0,0,0,0,0,0,0,0,0
3068576400044200062,42,0,0,0,0,0,0,0,0,0,5,0,4,0,0,0,0,0,0,0,0,0,2,2,0,0,0,0,0,0,0,2,0,0,1,1,0,1,0,0,0,0,0,0,1,9,2,6,0,3,0,1,0,0,1,0,1,0,6,2,0,0,0,0,3,0,0,0,0,0,0,0,0,0,8,0,12,0,1,0,0,0,2,1,0,0,0,1,1,1,13,6,0,0,1,1,0,1,0,1,0,13,0,0,0,0,0,2,0,0,0,0,0,0,0,0,0,1,2,0,0,1,0,1,2,0,0,0,0,0,0,0,0,0,0,0,0,0,0,0,0,0,0,0,0,0,0,0,0,0,0,0,0,0,0,0,0,0,0,0,0,0,0,0,0,0,0,0,0,0,0,0,0,1,0,0,1,0,0,0
3068576400044200064,49,5,0,1,0,0,0,1,0,0,3,0,0,13,1,0,0,0,0,2,1,0,7,1,1,0,0,8,0,0,0,0,1,0,0,1,0,0,1,0,0,0,0,1,0,1,4,38,0,0,0,0,0,0,0,0,1,0,2,11,8,0,0,0,2,0,0,0,0,4,0,0,0,0,1,0,1,0,0,0,0,0,3,0,0,1,0,0,3,1,11,5,0,0,1,0,0,0,0,0,18,0,3,0,2,0,0,2,0,1,0,0,0,0,0,0,0,2,37,0,0,0,0,0,1,0,0,0,1,0,0,0,0,0,0,0,0,0,0,0,0,0,0,0,0,0,0,0,0,0,0,0,0,1,0,0,0,0,0,0,0,0,0,0,0,0,0,0,0,0,0,0,0,0,0,0,0,0,0,0
3068576400044200065,31,0,0,0,0,0,0,0,1,2,2,0,5,0,0,1,0,0,0,0,0,0,1,0,0,0,0,1,0,1,1,3,0,0,3,0,0,0,0,0,1,47,0,0,0,3,2,0,2,12,0,0,0,1,0,0,0,0,3,0,0,0,0,1,0,0,0,0,0,3,0,0,0,0,1,0,5,0,0,0,0,2,1,0,0,0,0,0,0,0,4,3,0,0,1,0,0,0,0,0,1,3,0,0,0,0,0,1,3,1,0,0,1,0,0,0,0,1,1,0,0,0,0,0,0,0,0,0,11,0,0,0,0,0,0,0,0,0,0,0,0,0,0,0,0,0,0,0,0,0,0,0,0,0,1,0,0,0,0,0,0,0,0,0,0,0,1,0,0,0,0,0,0,1,0,0,0,0,0,0
3068576400044200068,44,8,0,0,0,0,0,0,0,0,0,0,0,0,0,0,0,0,0,1,0,0,1,0,3,0,0,14,0,0,1,0,1,0,0,0,0,0,0,0,0,2,0,0,0,0,10,13,0,0,0,0,0,0,0,0,0,0,0,2,0,1,0,0,0,0,0,0,0,6,0,0,0,0,0,0,0,0,0,2,0,2,0,0,0,0,0,0,0,0,1,0,1,0,0,1,1,0,0,0,19,0,0,0,0,0,0,0,0,0,0,0,0,0,0,0,0,2,81,0,0,0,0,0,2,0,0,0,4,0,0,0,0,0,0,0,0,0,0,0,0,0,0,0,0,0,0,0,0,0,0,0,0,0,0,0,0,0,0,0,0,0,0,0,0,0,1,0,0,0,0,0,0,0,0,0,0,0,0,0
3068576400044200071,40,1,0,0,0,0,0,0,0,0,1,0,0,0,0,4,0,0,0,15,4,0,2,0,4,0,0,59,0,0,0,1,2,0,1,0,0,1,0,0,0,0,0,0,0,3,3,15,0,0,0,0,0,0,0,1,1,0,9,8,1,0,0,0,2,0,0,0,2,0,0,0,0,1,0,0,5,0,0,6,0,0,0,0,0,0,1,0,0,1,8,0,0,0,5,0,1,0,0,0,24,0,0,0,0,0,0,0,0,0,0,0,0,0,2,0,0,34,26,0,0,0,0,0,3,3,0,0,2,0,0,0,0,0,0,0,0,1,1,0,1,0,0,0,0,0,0,0,0,0,0,0,0,0,0,0,0,0,0,0,0,0,0,0,0,0,0,0,0,0,0,0,0,0,0,0,0,0,1,0
3068576400044200072,83,0,0,1,0,1,2,1,2,3,10,1,16,0,1,0,0,0,1,1,0,0,4,1,0,0,0,0,0,0,1,1,1,0,2,0,0,11,0,0,3,13,0,1,4,9,1,4,9,2,0,1,0,1,0,0,0,0,14,2,0,0,0,0,4,1,0,0,0,0,0,0,0,1,4,0,31,0,2,0,0,3,7,1,7,0,0,0,4,0,7,13,0,0,1,1,0,1,1,0,0,21,4,0,0,0,0,0,0,0,0,0,0,0,0,0,0,0,2,0,0,2,0,0,6,0,0,0,9,0,0,0,0,0,1,0,0,0,0,1,1,0,0,0,0,0,0,0,0,0,0,0,0,0,0,0,0,0,0,0,1,0,0,0,0,0,0,0,0,0,0,0,0,2,0,0,0,0,0,0
3068576400044200079,108,0,0,2,1,0,1,1,0,2,0,0,1,1,0,1,0,0,0,30,8,0,7,0,2,0,0,164,0,1,1,1,4,0,1,0,1,5,0,0,2,0,0,0,3,4,14,28,1,0,0,1,0,0,0,0,1,2,13,19,6,0,0,0,3,0,1,0,3,0,1,0,0,0,0,0,7,0,0,5,0,0,1,1,0,2,0,0,0,2,31,3,1,1,11,0,0,0,1,0,77,0,0,0,2,0,0,1,0,0,0,0,1,0,3,0,0,41,10,0,0,0,2,0,6,1,0,0,0,0,0,0,0,0,1,0,0,0,0,0,0,0,0,0,1,0,0,0,0,2,1,1,0,0,1,1,1,0,0,2,2,0,0,0,0,0,0,0,0,0,0,2,0,1,3,0,1,0,0,0
3068576400044200080,25,0,0,0,0,0,0,0,0,3,4,0,1,0,0,0,0,0,0,0,0,0,4,0,0,0,0,0,1,0,0,2,0,0,1,0,0,0,0,0,1,48,0,0,0,3,2,0,1,10,0,0,0,0,0,0,1,0,1,0,1,0,0,0,1,0,0,0,0,4,0,0,0,1,0,0,12,0,1,0,0,0,0,0,0,2,0,0,0,0,2,2,0,0,0,0,0,0,0,0,0,0,0,0,0,1,0,0,2,0,0,0,0,0,0,0,1,0,0,0,0,0,0,0,0,0,0,0,9,0,0,0,0,0,0,0,0,0,0,0,0,0,0,0,0,0,0,0,0,0,0,0,0,0,0,0,0,0,0,0,0,0,0,0,0,0,0,0,0,0,0,0,0,0,0,0,0,0,0,0
3068576400044200083,49,0,0,0,0,0,0,0,0,2,2,1,4,0,1,0,0,0,0,0,0,0,4,0,0,0,0,0,0,0,0,7,0,0,2,1,0,3,0,0,0,45,0,0,0,4,4,1,2,7,0,0,0,1,0,0,0,0,6,0,1,0,0,0,2,0,0,0,1,1,1,0,0,0,1,0,13,0,0,0,0,3,0,0,0,1,0,0,0,0,6,6,0,0,1,0,0,0,0,0,0,1,2,0,0,0,0,1,0,0,0,0,2,0,0,0,0,0,1,0,0,1,0,0,1,0,0,0,16,0,0,1,0,0,0,0,0,0,0,0,0,0,0,0,0,0,0,0,0,1,0,0,0,0,0,0,0,0,0,0,0,0,0,0,0,0,0,0,0,0,0,0,0,1,0,0,0,0,0,0
3068576400044200085,24,1,0,1,0,0,0,0,0,2,2,0,1,0,0,0,0,0,0,0,0,0,5,0,0,0,0,0,1,0,0,1,0,0,5,0,0,0,0,0,0,51,0,0,0,2,2,0,1,8,0,0,0,0,0,0,0,0,3,0,0,0,1,0,2,0,0,0,0,0,1,0,0,0,2,0,11,0,0,0,0,5,0,0,0,0,0,0,0,0,3,1,0,0,0,0,0,0,0,0,0,2,1,0,0,0,0,0,0,0,0,0,0,0,1,0,1,0,2,0,0,0,0,1,0,0,0,0,12,0,0,0,0,0,1,0,0,0,0,0,0,0,0,0,0,0,0,0,0,0,0,0,0,0,0,0,0,0,0,0,0,0,0,1,0,0,0,0,0,0,0,0,0,0,0,0,0,0,0,0
3068576400044200087,31,0,0,0,0,0,0,0,0,3,5,0,4,0,0,0,0,1,0,0,0,0,0,0,0,0,0,0,0,0,0,0,0,0,0,0,0,4,0,0,0,8,0,0,0,4,1,2,7,4,0,0,0,1,0,0,0,0,4,0,0,0,0,0,0,0,0,0,0,0,1,0,0,0,1,0,16,0,2,0,0,1,0,0,0,0,0,0,0,0,8,3,0,1,0,0,0,0,0,0,2,6,2,0,0,0,0,0,0,0,0,0,0,0,1,0,0,0,0,0,0,0,0,0,0,0,0,0,11,0,1,0,0,0,0,0,0,0,0,0,0,0,0,0,0,0,0,0,0,0,2,0,0,0,0,0,0,0,0,0,0,0,0,0,0,0,0,0,0,0,0,0,0,0,0,0,0,0,0,0
3068576400044200089,20,0,0,0,0,0,0,1,0,2,2,0,1,0,0,0,0,0,0,1,0,0,3,1,0,0,0,1,0,0,0,1,0,0,1,0,0,0,0,0,0,6,0,0,0,1,0,0,0,1,0,0,0,0,0,0,0,0,0,0,0,0,0,0,1,0,0,0,0,2,0,0,0,0,0,0,4,0,0,0,0,1,1,0,0,0,0,0,0,0,2,3,0,0,0,0,0,0,0,0,0,0,0,0,0,0,0,0,0,0,0,1,0,0,0,0,0,0,0,0,0,0,0,0,0,0,0,0,5,0,0,0,0,0,0,0,0,0,0,0,0,0,0,0,0,0,0,0,0,0,0,0,0,0,0,0,0,0,0,0,0,0,0,0,0,0,0,0,0,0,0,0,0,0,0,0,0,0,0,0
3068576400044200092,28,0,0,2,0,1,0,0,0,1,0,1,0,0,0,3,0,1,0,10,5,0,5,1,1,2,0,154,0,1,2,0,0,0,1,0,0,2,1,0,0,2,0,0,0,1,8,0,1,0,0,0,0,0,0,0,1,1,3,2,0,0,0,0,1,0,1,0,0,0,0,0,0,0,1,0,7,0,0,0,0,0,2,0,0,1,0,0,0,0,5,0,0,0,1,0,0,0,0,0,116,0,1,0,1,2,0,0,0,1,0,0,0,0,0,0,1,14,3,0,0,0,0,0,3,0,0,0,1,0,0,0,0,0,0,0,0,1,2,0,0,0,0,0,0,0,0,0,0,0,0,0,0,0,0,0,0,0,0,0,3,0,0,0,0,0,0,0,0,0,0,0,0,0,2,0,1,0,0,0
3068576400044200095,75,0,0,0,0,0,0,0,0,5,12,0,3,0,0,0,0,0,0,0,0,0,10,1,0,0,0,2,0,0,0,8,0,0,1,0,2,6,0,0,0,48,0,0,0,5,5,3,2,8,0,0,0,1,0,0,1,0,11,0,2,0,0,0,3,0,0,0,0,2,0,0,0,0,0,0,31,0,0,0,0,5,1,1,0,0,0,0,0,0,11,5,0,1,0,1,1,0,0,0,1,7,3,0,0,0,0,0,2,0,0,0,0,0,1,0,1,1,3,0,0,0,0,1,0,0,0,0,17,1,0,0,0,0,0,0,0,0,0,0,0,0,0,0,0,0,0,0,0,0,0,0,0,0,0,0,0,0,0,1,0,0,0,0,0,0,0,0,0,0,0,0,0,2,0,0,0,0,0,1
3068576400044300001,48,8,0,4,0,0,0,0,0,0,0,0,0,0,0,23,0,0,0,19,29,0,2,1,8,0,1,8,0,1,0,1,3,0,0,0,0,2,1,0,0,2,0,0,0,1,10,14,0,0,0,0,0,0,0,1,1,0,8,13,0,0,0,0,1,2,0,0,10,0,0,0,0,1,0,2,0,0,1,2,0,0,0,0,0,0,0,0,0,2,1,0,0,0,2,0,0,0,0,0,11,0,0,0,0,0,0,4,0,0,0,0,0,0,1,1,0,33,30,0,0,0,1,0,4,0,0,1,0,1,0,0,1,1,0,0,0,0,0,0,0,0,0,0,0,0,1,0,1,0,1,0,0,0,0,0,0,0,0,0,0,0,0,0,0,0,0,0,0,0,0,0,0,1,0,0,1,0,0,0
3068576400045100002,37,1,0,2,0,1,0,0,0,0,1,0,0,0,0,5,0,1,0,11,3,0,0,0,2,1,2,129,0,0,0,0,0,0,1,0,0,2,0,0,2,0,0,0,0,0,8,13,0,1,0,0,0,0,0,0,0,0,1,7,0,0,0,0,1,0,0,0,1,2,0,0,0,0,1,0,1,0,0,0,0,1,2,0,0,0,0,0,0,0,13,1,0,0,0,1,1,0,0,0,70,0,0,0,0,0,0,0,0,0,0,0,0,0,0,0,0,3,12,0,0,0,1,0,0,3,0,0,1,0,0,0,0,0,0,0,0,0,0,0,1,0,0,0,0,0,0,0,2,0,0,0,0,0,0,0,0,0,0,0,2,0,0,0,0,0,0,0,0,0,0,0,0,0,0,0,0,0,0,0
3068576400045100005,49,2,0,1,1,0,1,0,0,0,2,0,0,0,0,0,0,1,0,12,8,2,0,0,1,0,1,85,0,0,0,1,0,0,4,1,0,1,0,0,2,1,2,0,0,1,7,8,0,1,0,0,0,0,0,0,0,0,4,9,0,0,0,0,0,0,0,0,3,2,0,1,0,0,0,0,1,0,1,3,0,0,1,0,0,0,0,0,0,2,10,2,0,1,2,0,0,0,0,0,78,0,2,0,0,0,0,0,0,0,0,0,0,0,1,0,0,16,10,0,0,1,0,1,0,0,0,0,2,0,0,0,0,0,0,0,0,0,1,0,0,0,0,1,0,0,0,0,1,1,0,0,0,0,0,0,0,0,0,0,1,0,0,0,0,0,0,0,0,0,0,1,0,0,0,0,0,0,0,0
3068576400045100006,29,7,0,0,0,1,0,1,0,0,0,0,0,0,0,1,0,1,0,0,0,0,1,0,2,0,0,11,0,0,0,0,0,0,0,0,0,0,0,0,0,1,0,0,0,1,5,14,0,0,0,1,0,0,0,0,4,0,0,0,1,0,0,0,0,0,0,0,1,5,1,0,0,0,1,0,1,0,0,0,0,1,0,0,1,1,0,1,0,0,0,0,1,0,0,1,0,0,0,0,16,0,0,0,0,0,0,0,0,0,0,0,0,0,1,0,0,4,62,0,0,0,0,0,0,2,0,0,0,0,0,0,0,0,0,0,0,0,0,0,0,0,0,0,0,0,0,0,0,1,0,0,0,0,0,0,0,0,0,0,0,0,0,0,0,0,0,0,0,0,0,0,0,0,0,0,0,0,0,0
3068576400045100012,33,5,0,0,0,3,0,0,0,0,0,0,0,1,0,1,0,3,0,1,0,0,1,3,4,0,0,14,0,0,0,1,0,0,2,0,0,0,0,0,0,0,0,0,0,0,7,19,0,0,0,0,0,0,0,0,1,0,0,1,1,0,0,0,0,0,0,0,0,7,1,0,0,0,1,0,1,0,0,0,0,2,0,0,0,2,0,0,1,2,1,1,0,0,1,1,2,0,0,0,20,0,0,0,0,0,0,0,0,0,0,0,0,0,0,0,0,1,56,0,0,0,0,0,1,1,0,1,2,1,0,0,0,0,0,0,0,0,0,0,0,0,0,0,0,0,0,0,0,0,0,0,0,0,0,0,0,0,0,0,0,0,0,0,0,0,0,0,0,0,0,0,0,0,0,0,0,0,0,0
3068576400045100015,95,25,0,3,0,1,1,0,0,2,31,0,0,55,0,0,0,1,0,9,0,1,18,1,1,0,0,8,0,1,2,1,2,0,4,2,1,3,0,2,0,1,0,0,0,2,4,41,0,0,0,1,0,0,0,1,2,0,7,48,28,0,0,0,9,0,0,0,1,1,2,0,0,0,1,0,10,1,0,1,0,1,0,0,2,9,0,1,2,3,48,20,0,1,10,2,3,1,1,0,9,0,17,0,1,0,1,10,0,0,0,0,3,0,0,0,0,12,14,1,0,1,3,1,12,2,1,0,3,2,0,0,0,0,0,0,0,0,0,1,0,0,0,0,0,0,0,0,0,2,1,0,0,0,0,0,0,2,0,0,0,0,0,1,0,0,0,0,0,0,0,0,0,0,0,0,0,0,1,1
3068576400045100021,10,1,0,0,0,0,0,0,0,0,0,0,0,0,0,0,0,0,0,0,0,0,0,0,0,0,0,2,0,0,0,0,0,0,0,0,0,0,0,0,0,1,0,0,0,0,1,2,0,0,0,0,0,1,0,0,1,0,0,0,0,0,0,0,0,0,0,0,1,1,0,0,0,0,0,0,0,0,0,0,0,0,0,0,0,2,0,0,0,0,0,0,0,0,0,1,0,0,0,0,4,0,0,1,0,0,0,0,0,0,0,0,0,0,0,0,0,0,11,0,0,0,0,0,0,0,0,0,0,0,0,0,0,0,0,0,0,0,0,0,0,0,0,0,0,0,0,0,0,0,0,0,0,0,0,0,0,0,0,0,0,0,0,0,0,0,0,0,0,0,0,0,0,1,0,0,0,0,0,0
3068576400045100025,44,0,0,0,0,1,0,0,1,0,0,0,0,0,1,5,0,1,0,0,11,0,5,0,5,0,0,29,1,0,0,0,1,0,0,0,0,0,0,0,2,0,0,0,0,1,4,3,0,0,0,2,0,0,0,0,0,0,0,1,0,0,0,0,0,1,0,0,4,0,0,0,0,0,5,0,2,0,0,3,0,0,0,0,0,2,0,1,0,0,6,9,1,0,1,5,1,0,1,0,41,0,3,0,0,0,0,0,0,0,6,0,0,0,0,0,1,2,7,0,0,0,0,1,4,0,0,0,2,0,1,0,0,0,0,0,0,0,0,0,0,0,0,0,0,0,0,0,0,1,0,0,0,0,0,0,0,1,0,0,0,0,0,0,0,0,0,0,0,0,0,0,0,0,0,1,0,0,1,0
3068576400045100026,12,0,0,0,0,0,0,0,0,1,0,0,1,0,0,0,0,1,0,1,0,0,1,0,0,0,2,56,0,0,0,0,0,0,1,0,0,0,0,0,0,2,0,0,0,0,0,0,0,1,0,1,0,0,0,0,0,0,0,1,0,0,0,0,0,0,0,1,2,0,0,0,0,0,0,0,0,0,0,1,0,0,0,0,0,2,0,0,0,0,5,1,0,0,0,0,0,0,0,0,50,0,0,0,0,0,0,0,0,0,0,0,0,0,0,0,0,1,0,0,0,1,0,0,1,0,1,0,0,0,0,0,0,0,0,0,0,0,0,0,0,0,0,0,0,0,1,0,0,0,0,0,0,0,0,0,0,0,0,0,2,0,0,0,0,0,0,0,0,0,0,0,0,0,0,0,0,0,0,0
3068576400045100028,22,4,0,0,0,0,0,0,0,0,0,0,0,0,0,0,0,0,0,0,2,0,3,0,3,0,0,5,0,0,0,1,1,0,1,0,0,0,0,0,0,1,0,0,1,0,8,22,0,0,0,0,0,0,0,0,1,0,0,9,0,0,0,0,2,0,0,1,0,3,0,0,0,0,0,0,3,0,0,3,0,1,1,1,1,1,0,0,1,1,4,2,0,1,3,1,0,0,0,1,17,0,1,0,0,0,0,0,0,0,1,0,0,0,1,0,0,0,22,0,0,0,0,2,1,2,0,0,0,0,0,3,0,0,0,0,0,0,0,1,0,0,0,0,0,0,0,0,1,0,0,0,0,0,0,0,0,0,0,0,0,0,0,1,0,0,0,0,0,0,0,0,0,0,0,0,0,0,0,0
3068576400045100029,85,0,0,2,0,0,1,0,2,1,2,0,0,0,1,0,0,0,0,0,1,0,3,0,0,0,0,8,0,0,2,0,0,2,0,0,0,0,0,0,1,1,0,0,1,2,7,10,0,0,0,1,0,0,0,3,0,0,0,6,0,0,0,0,0,2,0,0,3,0,0,0,0,0,44,0,1,0,0,0,0,0,0,0,0,0,0,0,0,1,3,6,0,0,0,0,0,0,0,0,15,2,0,0,0,0,1,0,0,0,2,0,1,0,0,0,0,0,12,0,2,1,0,0,0,0,0,1,1,0,1,0,0,0,0,0,0,0,0,0,0,0,0,0,0,0,0,0,0,0,0,0,0,0,0,0,0,1,0,0,0,0,1,0,0,0,0,0,0,0,0,0,1,0,0,0,0,0,0,0
3068576400045100030,56,2,1,1,0,1,0,0,1,0,2,0,0,0,0,13,0,0,0,0,10,0,9,0,7,0,0,35,0,0,0,2,0,0,2,1,0,0,1,0,0,1,0,5,0,0,10,3,1,0,0,0,0,1,0,0,0,0,1,1,0,0,0,0,1,0,0,0,4,1,0,0,0,0,4,0,0,0,0,1,0,0,0,0,0,1,0,2,0,1,5,16,0,0,1,2,3,0,1,0,47,0,4,0,0,0,0,0,0,0,9,0,2,0,0,0,0,1,9,0,0,0,0,1,4,1,0,0,1,0,0,1,0,0,1,0,0,0,0,1,1,0,0,0,0,0,0,1,0,0,0,0,0,0,0,0,1,0,1,1,1,0,0,0,0,0,0,0,0,0,0,0,0,0,1,0,1,0,0,0
3068576400045100031,50,1,0,1,0,0,0,0,0,1,3,0,0,4,1,5,0,0,0,29,9,0,0,3,3,1,0,143,0,0,0,0,0,0,3,0,0,3,0,0,0,1,0,1,0,1,2,12,0,0,0,0,1,1,0,0,3,0,2,17,2,0,0,0,5,0,0,0,2,1,1,0,0,0,1,0,3,0,1,2,0,0,0,0,0,1,0,1,0,0,31,2,0,0,3,1,1,0,0,2,114,0,0,0,0,0,0,0,0,0,0,0,0,0,0,0,0,19,2,0,0,0,0,0,2,0,2,1,1,0,2,0,0,0,0,0,1,0,0,0,0,0,0,0,1,0,0,0,0,0,0,0,0,0,0,0,0,1,0,0,6,1,0,1,0,1,0,0,1,0,0,1,0,0,0,0,0,0,1,0
3068576400045100032,72,9,0,4,0,1,0,0,0,1,1,0,0,0,0,0,0,0,0,0,6,0,3,2,0,0,0,3,0,1,1,0,1,1,0,0,0,0,0,0,1,1,0,0,0,1,13,19,0,1,0,1,0,0,0,0,1,0,2,12,2,0,0,0,3,1,0,0,2,0,0,1,0,0,57,1,4,0,0,0,0,0,0,0,0,1,0,0,0,1,8,4,0,0,4,0,0,2,0,1,5,2,0,0,0,0,0,1,0,0,0,0,1,0,1,0,0,5,18,0,1,0,0,2,2,3,0,3,0,1,1,1,0,0,0,0,0,0,1,0,0,0,0,1,0,0,0,0,0,0,0,0,0,0,0,0,0,0,0,0,0,0,0,0,0,0,0,0,0,0,0,0,0,0,0,1,0,0,0,0
3068576400045100039,66,1,0,0,1,0,1,0,2,1,5,0,1,0,3,0,0,0,0,0,0,0,1,0,0,3,0,15,0,2,0,1,0,3,2,0,0,2,0,0,1,0,0,0,0,1,20,0,0,0,0,0,2,1,0,0,1,0,2,1,2,0,0,0,1,1,0,1,0,0,0,0,0,0,17,1,4,0,0,0,0,0,0,1,0,1,0,3,1,0,11,3,0,0,0,0,0,0,0,0,6,1,18,0,2,0,0,0,0,0,0,0,16,0,0,0,0,1,1,0,1,1,1,8,5,0,0,0,0,0,17,0,0,0,0,0,0,0,0,0,0,0,0,0,0,1,0,0,0,0,0,0,0,0,0,0,0,0,0,0,0,0,0,0,0,0,0,0,0,0,0,0,0,0,2,0,0,0,0,0
3068576400045100041,67,0,0,0,3,1,0,0,4,1,4,0,1,0,1,0,0,0,0,1,0,0,1,0,0,0,0,8,0,2,1,1,0,0,1,0,0,2,0,0,7,0,0,0,0,1,17,1,0,1,0,0,1,2,0,4,3,0,0,0,1,0,0,0,5,0,0,1,0,0,0,1,0,0,9,0,3,0,0,1,0,0,0,0,1,0,0,7,0,0,12,1,0,0,0,0,1,0,0,0,8,1,5,0,0,0,0,0,0,0,0,0,3,0,1,0,0,0,0,0,0,0,2,6,1,0,0,0,0,0,15,1,0,0,1,0,0,0,1,0,1,0,0,0,0,0,0,0,0,0,0,0,0,0,0,0,0,0,1,0,0,0,0,1,0,0,1,0,0,0,0,0,0,0,0,0,0,0,0,0
3068576400045100043,39,0,0,0,0,7,3,0,0,0,7,0,3,0,14,0,0,0,0,0,0,0,6,0,0,0,0,1,2,0,0,0,0,0,6,0,0,1,0,0,0,40,0,0,0,1,0,0,0,33,0,0,0,0,0,0,0,0,3,0,1,0,0,0,1,0,0,0,0,4,3,0,0,1,3,0,24,0,0,0,1,3,2,0,1,2,0,0,0,0,17,6,0,0,2,1,0,0,0,3,2,3,1,0,0,0,0,2,1,0,0,0,1,0,1,1,2,3,1,0,1,6,0,2,5,0,0,0,18,0,0,1,0,0,0,0,0,0,0,0,0,0,0,0,0,0,0,2,0,0,0,1,0,0,0,0,0,0,0,0,0,0,0,1,0,0,0,0,0,0,0,0,0,0,0,0,0,0,0,0
3068576400045100044,28,0,0,1,1,0,3,0,0,0,9,0,0,0,0,0,0,0,0,0,0,0,3,0,0,0,0,2,0,0,1,1,0,0,5,0,0,0,0,1,0,3,0,0,3,2,0,2,5,3,0,0,0,0,0,0,0,0,8,1,0,0,0,0,3,0,0,0,0,2,0,1,0,0,9,3,4,1,0,0,1,2,3,0,0,0,0,0,0,0,6,4,0,0,0,2,0,0,0,0,0,6,0,1,0,0,0,2,2,0,0,0,2,0,0,0,0,1,0,0,1,0,0,0,1,1,0,0,0,0,0,3,0,0,0,0,0,0,0,0,0,0,0,0,0,0,0,0,0,0,0,0,0,0,0,0,0,0,0,0,0,0,0,0,0,0,0,0,0,0,0,0,0,0,0,0,0,0,0,0
3068576400045100045,56,1,0,0,0,0,3,0,0,0,12,0,5,0,0,0,0,0,0,1,0,0,5,0,0,0,0,2,0,0,0,2,0,0,1,6,0,2,0,0,1,6,0,0,3,2,2,2,5,8,1,0,0,0,0,0,0,0,25,2,0,0,0,0,14,0,0,0,0,3,0,0,0,0,7,0,13,0,0,0,4,0,5,1,0,3,0,0,0,2,10,18,0,0,0,2,1,0,0,2,4,12,8,0,1,0,1,8,0,0,0,0,1,2,1,0,1,1,3,0,0,0,0,0,4,0,0,0,6,0,1,0,0,0,0,0,0,0,0,0,0,0,0,0,0,0,0,0,0,0,0,0,0,0,0,0,0,0,1,0,0,0,1,0,0,0,0,0,0,0,0,0,0,1,1,0,1,0,0,0
3068576400045100048,149,0,0,0,1,1,0,1,11,1,10,1,2,0,15,2,0,0,1,1,2,2,30,2,1,8,2,34,0,17,3,7,1,1,32,0,0,13,0,0,2,8,0,1,18,0,13,1,1,0,0,2,0,4,0,1,1,0,4,17,3,0,0,1,21,0,0,14,1,0,0,2,0,0,5,1,12,0,0,1,1,2,2,0,33,3,0,23,4,0,44,8,0,1,6,13,2,3,0,1,33,4,33,11,2,0,2,2,1,1,0,1,40,0,0,0,0,2,3,0,4,0,0,25,30,2,1,0,2,5,28,9,0,0,0,0,1,0,0,0,2,0,0,2,0,0,1,0,2,0,0,0,0,0,0,1,0,0,1,0,1,0,1,0,0,0,0,0,0,0,0,0,1,1,0,0,0,0,0,0
3068576400045100050,45,0,0,5,1,2,0,0,0,2,0,0,0,0,0,9,0,0,0,22,11,0,2,1,1,1,0,122,0,0,0,2,0,0,2,0,0,1,0,1,1,1,0,0,0,0,8,2,0,2,0,0,1,0,0,0,0,0,1,14,1,0,0,0,5,0,0,0,6,0,1,1,0,0,1,0,5,0,1,3,0,1,2,0,0,2,0,1,0,0,24,1,0,0,3,0,0,0,0,0,77,0,1,0,0,1,0,0,1,0,0,0,0,0,1,0,1,18,3,0,0,0,2,0,2,0,2,1,0,2,0,0,1,0,0,0,0,0,1,0,0,0,0,0,0,0,0,0,0,0,0,0,1,0,0,0,0,0,0,0,5,0,0,0,0,0,0,0,0,0,0,0,0,0,2,1,0,0,0,0
3068576400045100052,145,0,0,0,0,0,7,0,0,2,56,1,13,0,0,1,0,2,1,4,0,0,7,1,0,0,0,9,0,0,2,6,0,0,8,0,0,19,0,0,4,15,1,0,8,8,4,7,22,4,1,0,0,1,0,0,1,0,45,5,1,0,0,0,16,1,0,0,0,2,1,0,0,0,1,0,43,0,1,0,0,6,11,1,0,10,0,0,1,1,19,12,0,1,6,0,2,2,0,0,5,25,13,0,2,1,0,6,2,0,0,0,1,1,1,0,0,0,5,0,1,3,4,2,3,1,2,0,3,1,0,0,0,0,0,0,0,0,0,0,0,0,1,1,0,0,0,0,0,0,1,0,0,0,0,0,0,0,0,2,0,1,0,0,0,0,0,0,0,0,0,0,0,0,0,0,0,0,0,1
3068576400045100054,85,0,0,0,0,0,3,0,0,4,14,1,6,0,2,0,0,0,0,0,1,0,7,0,0,0,0,0,0,0,0,6,0,0,1,0,0,12,0,0,2,84,0,0,1,8,1,3,2,16,0,0,0,0,0,0,2,0,14,3,0,0,0,0,1,0,0,0,0,4,1,0,0,0,2,0,23,0,0,0,2,6,3,1,0,0,0,0,0,0,4,7,0,1,1,0,0,0,0,0,1,3,1,0,0,0,0,1,6,1,0,0,0,0,0,0,0,1,2,0,1,0,1,0,0,0,0,0,15,0,0,0,0,0,0,0,0,0,0,0,0,0,0,0,0,0,0,1,0,0,0,0,1,0,0,0,0,0,0,0,0,0,0,1,1,0,0,0,0,0,0,0,0,0,0,0,0,0,0,0
3068576400045100057,213,5,0,1,0,0,0,0,1,1,8,2,0,0,0,0,0,1,0,1,1,0,2,3,1,1,0,12,0,0,0,1,3,11,0,0,1,0,0,0,1,7,1,0,3,2,18,12,2,3,0,0,0,2,0,1,5,0,0,3,1,0,0,0,1,0,0,0,0,7,5,0,0,0,128,0,4,1,0,1,2,2,0,0,0,1,0,2,0,2,7,0,2,0,2,0,1,3,0,0,15,0,2,0,0,0,0,3,0,0,0,0,3,1,0,0,0,6,44,0,0,0,0,2,1,0,0,1,4,0,1,1,2,0,0,0,0,0,0,0,1,0,0,0,1,1,1,0,0,1,1,0,0,0,0,0,1,0,0,0,0,0,0,0,0,0,0,0,0,0,0,0,0,0,0,0,0,0,0,1
3068576400045100060,46,0,0,0,0,2,0,0,0,2,7,0,2,0,1,0,0,0,0,0,0,0,4,1,0,0,0,0,0,0,0,0,0,0,3,0,0,2,0,0,0,38,0,0,0,1,0,1,0,12,0,0,0,0,0,0,1,0,3,0,2,0,0,0,0,0,0,0,0,4,1,1,0,0,0,0,18,0,0,1,1,2,0,0,0,0,0,0,0,0,12,0,0,1,1,1,0,0,0,0,0,0,1,0,1,0,0,1,0,0,0,0,1,0,0,0,0,1,2,0,2,0,1,0,0,0,1,0,15,1,0,0,0,0,0,0,0,0,0,0,0,0,0,0,0,0,0,0,0,0,0,0,0,0,0,0,0,0,0,0,0,0,0,0,0,0,0,0,0,0,0,0,0,0,0,0,0,0,0,0
3068576400045100061,40,0,0,0,0,0,0,0,0,1,5,0,1,0,0,0,0,0,0,0,0,0,3,0,0,0,0,0,1,0,0,1,0,0,0,0,0,2,0,0,0,15,0,0,0,3,0,1,2,3,0,0,0,0,0,1,0,0,2,1,0,0,0,0,0,0,0,0,0,2,0,0,0,0,2,0,8,0,0,0,0,1,1,1,0,0,0,0,0,0,11,2,0,0,0,1,0,0,0,1,0,1,3,0,0,0,0,1,1,0,0,0,0,1,1,0,0,2,1,0,0,0,0,0,0,0,0,0,10,0,0,0,0,0,0,0,0,0,0,0,0,0,0,0,0,0,0,0,0,0,0,0,0,0,0,1,0,0,0,0,0,0,0,0,0,0,0,0,0,0,0,0,0,0,0,0,0,0,0,0
3068576400045100062,62,0,0,2,0,0,1,0,2,3,0,1,1,0,0,1,0,0,0,0,0,0,9,1,0,0,0,4,0,1,0,12,2,0,69,0,0,1,1,0,1,12,0,2,3,2,23,1,0,2,0,0,0,2,0,1,2,0,1,3,0,0,0,1,0,0,0,0,0,1,0,0,0,0,3,0,10,0,1,0,1,5,0,1,0,0,0,1,0,1,36,5,0,1,9,17,15,0,0,0,1,0,4,0,0,1,0,1,0,0,0,0,0,0,0,0,0,0,3,0,7,0,0,0,21,0,5,0,6,1,1,0,0,0,0,0,0,0,0,0,0,0,0,0,0,0,0,0,0,0,1,0,0,0,0,0,0,1,0,0,0,0,0,0,0,0,0,0,0,0,1,0,0,0,0,0,0,0,0,0
3068576400045100071,13,0,0,0,0,0,0,0,1,1,2,0,0,0,0,3,0,0,1,2,3,0,0,0,3,0,0,37,0,0,0,0,1,0,0,0,0,0,0,0,0,0,0,0,1,0,2,0,0,0,0,0,0,0,0,0,0,0,0,1,0,0,0,0,0,0,1,0,1,0,0,0,0,0,1,0,2,0,0,1,0,0,0,0,0,0,0,1,0,0,8,1,0,0,0,0,0,0,0,0,33,1,0,0,0,0,0,0,0,0,0,0,0,0,0,0,0,2,0,0,0,0,0,0,0,0,0,0,0,0,0,0,0,0,0,0,0,0,0,0,0,0,0,0,0,0,0,0,0,0,0,0,0,0,0,0,0,0,0,0,0,0,0,0,0,0,0,0,0,0,0,1,0,0,0,0,0,0,0,0
3068576400045100073,77,0,0,0,0,4,1,0,0,3,1,0,0,0,0,0,0,1,1,2,0,0,9,0,0,0,0,8,0,0,0,21,4,0,97,0,0,0,1,0,0,11,0,0,6,2,21,0,0,7,0,1,0,0,0,0,2,0,2,3,1,0,0,1,3,1,0,0,0,1,1,0,0,1,2,0,9,0,2,0,0,5,0,0,0,3,0,0,0,0,27,1,0,3,15,27,16,0,0,0,4,0,3,0,0,1,0,0,0,0,0,0,2,1,1,0,0,1,1,0,18,1,0,0,23,0,5,0,10,2,0,3,0,0,0,0,0,0,0,0,0,0,0,0,0,0,0,0,0,0,0,0,0,0,0,0,0,0,0,0,0,0,0,0,0,0,0,0,0,0,0,0,0,0,0,0,0,0,0,0
3068576400045100078,85,0,0,0,0,4,0,0,1,1,9,0,4,0,3,0,0,0,0,0,0,0,9,0,0,1,0,3,1,1,0,4,0,0,13,0,0,3,1,0,0,59,0,0,2,2,2,3,3,50,0,0,0,0,0,0,2,0,11,0,0,0,0,0,2,0,0,0,1,0,3,0,0,0,1,0,40,0,1,0,0,3,3,0,0,1,0,0,0,0,22,5,0,0,3,0,1,0,0,0,2,1,2,0,0,0,0,1,2,1,0,0,0,0,1,0,1,1,1,0,4,0,0,0,0,0,0,0,30,0,3,2,0,0,0,0,0,0,0,0,0,0,0,0,0,0,0,1,0,0,0,1,0,1,0,0,0,0,0,0,0,1,0,1,0,0,0,0,0,1,0,0,0,2,0,0,0,0,0,0
3068576400045100082,44,0,0,0,0,0,0,0,0,0,8,0,5,0,0,0,0,0,1,1,0,0,3,0,0,0,0,1,0,0,0,0,0,0,3,0,0,5,0,0,0,6,0,0,2,2,0,1,3,3,0,0,0,0,0,0,0,0,10,1,1,0,0,0,0,0,0,0,0,0,0,0,0,0,0,0,7,0,0,0,1,2,8,0,0,0,0,0,0,0,3,3,0,0,1,1,0,0,1,0,0,2,0,0,0,0,0,1,2,0,0,0,0,0,0,0,0,1,1,0,3,1,0,0,0,0,0,0,5,0,0,1,0,0,0,0,0,0,0,0,0,0,0,0,0,0,0,0,0,0,0,1,0,0,0,0,0,0,0,1,0,0,0,0,0,0,0,0,0,0,0,0,0,0,0,0,0,0,0,0
3068576400045100084,84,0,0,0,0,0,0,1,0,5,13,0,4,0,1,1,0,1,0,0,0,0,17,0,0,0,0,0,0,0,2,4,0,0,16,0,0,3,0,0,0,48,0,0,2,8,7,0,3,23,1,0,0,0,0,0,1,0,10,1,1,0,0,0,0,0,0,0,0,4,0,0,0,2,2,0,34,0,0,0,0,2,2,0,0,3,0,0,0,0,14,2,0,0,1,0,0,0,1,0,6,1,1,0,0,0,0,0,5,0,0,0,1,1,0,0,2,0,5,0,0,0,0,0,0,0,0,0,19,0,0,0,0,0,0,0,0,0,0,0,0,0,0,0,0,0,0,0,0,0,0,0,0,1,0,0,0,2,0,0,0,0,0,0,0,0,0,0,0,0,0,0,0,0,0,0,0,0,0,0
3068576400045100095,30,0,0,0,0,1,0,0,0,1,10,0,5,0,0,0,0,0,0,0,0,0,4,0,0,0,0,0,0,1,0,2,0,0,4,0,0,2,0,0,1,3,0,0,1,0,0,0,6,0,0,1,0,0,1,0,1,0,14,1,0,0,0,0,2,0,0,0,0,0,0,0,0,0,0,0,16,0,0,0,1,0,7,0,0,3,0,0,0,1,7,7,0,0,1,0,0,0,0,0,0,17,5,0,0,0,0,2,0,0,0,0,0,0,0,0,0,1,3,0,0,3,0,0,1,0,0,0,1,0,0,0,0,0,0,0,0,0,0,0,0,0,0,0,1,0,0,0,0,0,0,0,0,0,0,0,0,0,0,0,0,0,0,0,0,0,0,0,0,0,0,0,0,0,0,0,0,0,0,0
3068576400045100099,49,0,0,0,0,0,0,0,0,4,5,0,4,0,0,0,0,0,0,0,0,0,7,1,0,0,0,0,0,0,0,3,0,0,1,0,1,9,0,0,0,40,0,0,0,5,2,3,4,10,0,0,0,0,0,0,2,0,4,1,0,0,0,0,0,0,0,0,0,3,0,0,0,0,0,0,17,0,2,0,1,3,0,0,0,1,0,0,0,0,9,1,1,0,3,0,1,0,0,0,0,2,0,0,1,0,0,1,1,0,0,0,0,1,1,0,0,0,1,0,0,2,0,1,1,0,0,0,9,0,0,0,0,0,1,0,0,0,0,0,0,0,0,0,0,0,0,0,0,0,0,0,0,0,0,0,0,0,1,0,0,0,0,0,0,0,0,0,0,0,0,0,0,1,0,0,0,0,0,0
3068576400045100100,26,0,0,0,0,1,0,0,0,2,5,0,1,0,0,0,0,0,0,0,0,0,5,0,0,0,0,1,0,0,0,1,0,0,8,0,0,1,0,0,0,31,0,0,0,4,1,2,0,7,0,0,0,0,1,0,0,0,5,1,2,0,0,0,0,0,0,0,0,1,0,0,0,0,0,0,8,0,0,0,0,2,0,0,0,0,0,0,0,0,2,0,0,0,0,0,0,0,0,0,0,1,0,0,0,0,1,1,0,0,0,0,0,1,0,0,0,1,0,0,0,0,0,1,0,0,0,0,7,0,0,0,0,0,0,0,0,0,0,0,0,0,0,0,0,1,0,0,0,1,0,0,0,0,0,0,0,0,0,0,0,0,0,0,0,0,0,0,0,1,0,0,0,0,0,0,0,0,0,0
3068576400045100101,42,0,0,0,0,0,0,0,0,5,13,0,7,0,0,0,0,1,0,0,1,0,3,1,0,0,0,0,1,0,0,3,0,0,3,0,0,2,0,0,0,17,0,0,0,2,0,3,4,2,0,0,0,0,0,0,0,1,8,1,0,0,0,0,1,0,0,0,0,1,0,0,0,0,0,0,9,0,2,0,1,0,1,0,0,0,0,0,0,0,2,1,0,0,0,0,0,0,0,0,0,4,4,0,0,0,0,1,0,0,0,1,0,0,0,0,0,1,1,1,0,0,0,0,1,0,0,0,7,0,0,2,0,0,0,0,0,0,0,0,0,0,0,0,0,0,0,0,0,0,0,0,0,0,0,0,0,0,0,1,0,0,0,0,0,0,1,0,0,0,1,0,0,0,0,0,0,0,0,0
3068576400045100102,31,0,0,0,0,0,0,0,0,3,9,0,11,0,0,0,0,0,0,0,0,0,1,0,0,0,0,0,0,0,0,3,0,0,0,0,0,1,0,0,1,3,0,0,0,0,1,2,1,2,0,1,1,0,0,0,0,0,2,1,0,0,0,0,2,0,0,0,0,0,0,0,0,0,0,0,20,0,0,0,0,3,3,0,0,0,0,0,0,0,5,3,0,0,0,1,1,0,0,0,0,4,1,0,0,0,1,0,0,0,0,0,0,0,0,0,0,2,1,0,0,1,0,0,1,1,0,0,12,0,0,4,0,0,0,0,0,0,0,1,0,0,0,0,0,0,0,0,0,0,0,0,0,0,0,1,0,0,0,0,0,0,0,0,0,0,0,0,0,0,0,0,0,1,0,0,0,0,0,0
3068576400045100106,79,0,0,0,0,0,0,0,0,4,13,0,1,0,1,0,0,1,0,1,0,0,11,0,0,0,0,0,0,1,1,2,0,0,12,0,0,1,0,0,1,47,0,0,1,3,4,0,1,50,0,0,0,0,0,1,1,1,12,3,0,1,0,0,0,0,0,0,0,5,3,0,0,0,0,0,20,0,0,1,0,4,2,1,1,0,0,0,0,0,14,1,0,0,1,1,0,0,0,0,0,1,0,0,2,0,0,2,2,0,0,0,0,0,3,0,0,0,2,0,1,0,0,0,3,1,0,0,16,1,0,1,0,0,0,0,0,0,0,0,0,0,0,0,0,0,0,0,0,0,0,0,0,1,0,0,0,0,0,0,0,0,0,1,0,0,0,0,0,0,0,0,1,0,0,0,0,0,0,0
3068576400045100111,37,1,0,1,0,0,1,0,0,1,9,0,4,0,0,0,1,0,0,0,0,1,5,0,0,0,0,0,0,0,0,2,0,0,0,0,0,1,0,1,0,13,0,0,0,3,1,3,1,2,0,0,0,0,0,0,0,0,4,0,0,0,0,0,1,0,0,0,0,1,0,0,0,0,0,1,6,0,1,0,0,1,1,0,0,0,0,0,0,0,3,5,0,0,0,0,0,0,0,0,0,7,0,0,0,0,0,0,4,0,0,0,0,1,0,0,0,1,0,0,0,0,1,0,0,0,0,0,6,0,0,0,0,0,0,0,0,0,0,1,0,0,0,0,0,0,0,0,0,0,0,0,0,0,0,0,1,0,0,0,0,0,0,0,0,0,0,0,0,0,0,0,0,0,0,0,0,0,0,0
3068576400045100112,38,0,0,0,0,0,0,0,0,1,3,0,2,0,2,0,0,0,0,1,0,0,8,0,0,0,0,2,1,2,1,1,0,0,25,0,0,1,0,0,0,43,0,0,0,5,1,0,3,22,0,1,0,0,0,0,0,0,2,0,1,0,0,0,0,0,0,0,0,3,0,0,0,0,0,0,11,0,0,0,0,4,1,0,0,0,0,0,0,0,8,5,0,0,0,1,0,0,0,0,0,2,0,0,0,0,0,0,0,0,0,0,0,0,1,0,0,0,1,0,2,0,0,0,0,0,0,0,8,0,0,0,0,0,0,0,0,0,0,0,0,0,0,0,0,0,0,1,0,0,0,0,0,0,0,0,0,0,0,0,0,0,0,0,0,0,0,0,0,0,0,0,0,1,0,0,0,0,0,0
3068576400045100114,23,0,0,1,0,0,2,0,0,2,0,0,0,0,0,0,0,0,0,0,0,0,1,1,0,6,0,1,0,0,1,0,0,0,0,0,0,0,0,0,2,1,0,1,0,1,0,0,0,2,0,0,0,0,0,0,0,1,3,8,0,0,0,0,1,0,0,0,0,0,0,0,0,0,0,0,1,0,0,0,0,0,0,6,0,1,0,0,0,0,1,3,0,1,1,2,1,0,0,0,0,0,1,0,0,0,0,0,0,0,1,0,0,0,0,0,0,0,0,0,0,0,0,2,1,0,0,3,0,0,1,0,0,0,1,0,0,0,0,0,0,0,0,0,0,0,0,0,0,0,0,1,0,0,0,0,0,0,0,0,0,0,0,0,0,0,0,0,0,0,0,0,0,0,0,0,0,0,0,0
3068576400045100115,48,0,0,0,0,0,0,0,0,2,5,0,2,0,2,0,0,0,0,0,0,0,4,0,0,0,0,0,0,0,0,2,0,0,3,0,1,4,0,0,0,35,0,0,1,7,2,0,2,5,0,0,0,1,0,0,0,0,7,0,4,0,0,0,1,0,0,0,0,4,0,0,0,0,0,1,12,0,0,0,0,5,0,0,1,0,0,1,0,0,4,0,0,1,1,0,1,0,0,0,0,0,0,0,0,0,0,0,0,0,0,0,0,0,0,0,0,0,2,0,0,0,0,0,0,0,0,0,12,0,0,0,0,0,0,0,0,0,0,0,0,0,0,0,0,0,0,0,0,0,0,0,0,1,0,0,0,0,1,0,0,1,0,0,0,0,1,0,0,0,0,0,0,0,0,0,0,0,0,0
3068576400045100116,24,0,0,0,0,0,0,0,0,2,0,0,2,0,1,0,0,0,0,0,0,0,12,0,0,0,0,0,0,0,1,3,0,0,21,0,0,1,0,0,0,37,0,0,0,4,1,0,0,11,0,0,0,0,0,0,0,0,8,0,1,0,0,0,0,0,0,0,0,0,0,1,0,2,0,0,8,0,0,0,0,2,1,0,0,0,0,0,0,0,0,1,0,0,0,0,0,1,0,0,0,0,0,0,0,0,0,1,0,0,0,0,0,0,1,0,0,0,2,0,0,1,0,0,0,0,0,0,5,0,0,0,0,0,0,0,0,0,0,0,0,0,1,0,0,1,1,0,0,0,0,0,0,0,0,0,0,0,0,0,0,0,0,0,0,0,0,0,0,0,0,0,0,0,0,0,0,0,0,0
3068576400045100119,35,0,0,0,0,0,0,0,0,0,3,0,2,0,2,0,0,0,0,0,0,0,6,0,0,0,0,0,1,0,1,2,0,1,12,0,0,1,0,0,0,52,0,0,0,2,1,2,1,7,0,0,0,1,0,1,0,0,1,0,4,0,0,0,0,0,0,0,0,1,0,0,0,1,0,0,11,0,0,0,0,1,1,0,1,0,0,0,0,0,8,1,0,0,0,0,0,0,0,0,0,2,3,0,0,0,0,0,1,0,0,0,0,0,1,0,0,0,0,0,0,0,0,0,0,0,0,0,11,0,0,0,0,0,0,0,0,0,0,0,0,0,0,0,0,0,0,0,0,0,0,0,0,0,0,0,0,1,0,0,0,0,0,1,0,0,0,0,0,0,0,1,0,0,0,0,0,0,0,0
3068576400045100120,7,0,0,0,0,0,0,0,0,1,1,0,0,0,0,0,0,0,1,1,0,0,3,0,0,0,0,1,0,0,0,1,0,0,4,0,0,1,0,0,0,17,0,0,0,1,1,1,0,5,0,1,0,0,0,0,0,0,2,0,3,0,0,0,0,0,0,0,0,0,0,0,0,0,0,0,9,0,0,0,0,0,0,0,0,0,0,0,0,0,9,0,0,0,0,0,0,0,0,0,0,0,0,0,0,0,0,1,0,0,0,0,0,0,0,0,0,1,0,0,0,0,0,0,0,0,0,0,7,0,0,0,0,0,0,0,0,0,0,0,0,0,0,0,0,0,0,0,0,0,0,0,0,0,0,0,0,0,0,0,0,0,0,0,0,0,0,0,0,0,0,0,0,0,0,0,0,0,0,0
3068576400045100125,15,1,0,0,0,0,0,0,0,0,6,0,3,1,0,0,0,1,0,0,0,0,0,0,0,0,0,3,0,0,0,0,0,0,0,0,0,3,0,1,0,2,0,1,0,1,0,0,5,1,0,0,0,0,0,0,0,0,8,0,1,0,0,0,1,0,0,0,0,0,0,0,0,0,0,0,11,1,0,0,0,1,2,0,0,0,0,0,0,0,6,4,0,0,0,0,0,0,0,0,0,11,0,0,1,0,0,0,0,0,0,0,0,0,0,0,0,0,1,0,0,0,0,0,1,0,0,0,0,0,0,1,0,0,0,0,0,0,0,0,0,0,0,0,0,0,0,0,0,0,0,0,0,0,0,0,0,0,0,0,0,0,0,0,0,0,0,0,0,0,0,0,0,0,0,0,0,0,0,0
3068576400045100126,33,0,0,1,1,0,0,1,0,0,2,0,0,0,2,0,0,0,0,1,0,0,4,1,0,0,0,0,0,0,0,4,0,0,1,0,0,2,0,0,0,27,0,0,0,2,3,0,2,11,0,1,0,0,0,0,0,0,1,0,1,0,0,0,1,0,0,0,0,3,0,0,0,0,1,0,10,0,0,0,0,4,0,0,0,0,0,0,1,0,2,4,0,0,0,0,0,0,0,0,1,1,1,0,0,0,0,0,1,0,0,1,0,0,1,0,1,0,0,0,0,2,0,0,0,0,0,0,8,0,0,0,0,0,0,0,0,0,0,0,0,0,0,0,0,0,0,0,0,0,0,0,0,0,0,0,0,1,0,0,0,0,0,1,0,0,0,0,0,0,0,0,0,0,0,0,0,0,0,0
3068576400045100127,14,0,0,0,0,0,0,0,0,1,0,0,0,0,0,0,0,0,0,0,0,0,1,0,0,0,0,0,1,1,0,2,0,0,3,0,0,2,0,0,0,13,0,0,0,2,1,0,0,3,0,0,0,0,0,0,0,0,2,0,0,0,0,0,0,0,0,0,0,1,0,0,0,1,0,0,4,0,1,0,0,0,0,0,0,0,0,0,0,0,2,1,0,0,0,0,0,0,0,0,0,0,0,0,0,0,0,0,0,0,0,0,0,0,0,0,0,0,0,0,1,0,0,0,0,0,0,0,4,0,0,0,0,0,0,0,0,0,0,0,0,0,0,0,0,0,0,1,0,0,0,0,0,0,0,0,0,0,0,0,0,0,0,0,0,0,0,0,0,0,0,0,0,0,0,0,0,0,0,0
3068576400045100129,31,1,0,0,0,0,0,0,0,4,1,0,0,1,0,0,0,0,0,0,1,0,7,0,0,3,0,4,0,0,0,7,0,0,21,0,0,0,0,0,0,3,0,2,6,1,3,0,0,1,0,0,0,0,0,1,0,0,7,13,0,0,0,0,2,1,0,0,0,0,0,0,0,0,0,6,4,0,0,0,3,0,0,17,1,4,0,0,0,0,7,9,0,3,4,15,8,0,0,0,3,1,1,0,0,0,0,1,0,0,0,0,0,0,0,0,0,0,0,0,1,1,0,0,8,0,0,0,2,1,0,0,0,0,0,0,0,0,1,0,0,0,0,0,0,1,0,0,0,0,0,0,0,0,0,0,0,0,0,0,0,1,0,0,0,0,0,0,1,1,0,0,0,0,0,0,0,0,0,1
3068576400045100133,32,0,0,0,0,1,1,0,0,0,2,0,5,0,0,0,0,0,0,0,0,0,1,2,0,0,0,1,0,0,0,0,0,0,2,0,0,1,0,0,0,9,0,0,1,2,0,4,0,4,0,0,0,0,0,0,0,1,1,0,0,0,0,0,0,0,0,0,0,0,0,0,0,0,0,0,8,0,0,0,0,1,3,0,0,0,0,0,0,1,11,2,0,0,1,0,0,0,0,0,1,5,1,0,1,0,0,0,0,0,0,0,0,0,0,0,0,0,1,0,1,0,0,0,0,1,0,0,2,0,0,0,0,0,0,0,0,0,0,0,0,0,0,0,0,0,0,0,0,0,0,0,0,0,0,0,0,0,1,0,0,0,0,0,0,0,0,0,0,0,0,0,0,0,0,0,0,0,0,1
3068576400045100134,37,0,0,1,0,0,0,0,0,2,7,1,1,0,2,0,0,0,0,0,1,0,2,0,0,0,0,0,0,0,1,1,0,0,3,0,0,2,0,0,0,52,0,0,0,5,3,1,1,12,0,0,0,0,0,1,0,0,5,0,0,0,0,0,0,0,0,0,1,3,0,0,0,0,1,0,12,0,0,0,0,2,1,0,0,0,0,0,0,0,3,0,0,0,1,0,0,0,0,0,0,0,0,0,0,0,0,0,1,0,1,0,0,0,0,0,1,0,1,0,0,0,0,0,0,0,0,0,14,0,1,0,0,0,0,0,0,0,0,0,0,0,0,0,0,0,0,0,0,0,0,0,0,1,0,0,0,1,0,0,0,0,0,0,0,0,0,0,0,0,0,0,0,0,1,0,0,0,0,0
3068576400045100137,19,0,0,0,0,2,1,0,0,0,2,0,0,0,1,0,0,0,0,0,0,0,4,0,0,0,0,1,0,0,0,0,0,0,2,0,0,0,0,0,0,14,0,0,0,0,1,0,0,9,0,0,0,0,0,3,0,0,1,0,0,0,0,0,0,0,0,0,0,2,1,0,0,0,1,0,14,0,0,0,0,1,1,0,0,0,0,0,0,0,12,5,0,0,1,2,1,0,0,0,4,0,0,0,0,0,0,0,0,0,0,2,0,1,0,0,0,0,0,0,0,1,0,0,0,0,0,0,10,0,0,0,0,0,0,0,0,0,0,0,0,0,0,0,0,0,0,0,0,0,0,0,0,0,0,0,0,0,0,0,0,0,0,0,0,0,0,0,0,0,0,0,0,0,0,0,0,0,0,0
3068576400045100139,109,1,0,1,0,0,2,0,0,1,1,1,2,0,0,0,8,1,0,1,1,0,3,2,0,18,0,4,1,0,1,0,0,0,5,0,0,0,0,0,7,4,0,1,0,5,6,0,1,1,0,1,0,1,0,0,1,0,29,39,0,0,1,0,2,1,0,0,0,0,0,0,0,0,1,0,4,0,1,0,1,2,0,50,0,3,0,1,0,0,15,14,0,3,8,2,2,0,0,2,0,1,1,2,0,0,0,0,0,0,1,0,2,0,0,0,0,1,3,0,0,0,2,0,3,0,1,0,3,0,0,0,0,0,0,0,0,0,0,0,0,0,0,0,0,1,0,0,0,0,0,0,0,0,0,0,0,0,0,1,0,0,0,1,0,0,0,0,0,0,0,0,0,0,0,0,0,0,0,0
3068576400045100140,62,1,0,0,0,1,0,1,1,2,2,0,4,0,4,0,1,1,1,0,0,0,9,0,0,0,0,1,0,0,1,3,0,0,38,0,0,1,0,0,2,63,0,0,0,7,5,1,0,28,0,0,0,0,0,0,1,0,5,3,3,0,0,0,0,0,0,0,0,1,0,0,0,1,0,0,21,0,0,1,1,5,0,1,0,2,0,1,0,0,12,2,0,0,0,3,1,0,1,2,2,0,2,0,0,0,0,0,1,0,0,0,1,0,0,0,0,0,1,0,1,1,0,1,1,0,0,0,13,3,0,0,0,1,0,0,0,0,0,0,1,0,0,0,0,0,0,0,0,0,0,0,0,1,0,0,0,0,0,0,1,0,0,0,0,0,0,0,0,0,0,0,0,0,0,0,0,0,0,0
3068576400045100143,46,0,0,0,0,0,0,0,0,2,13,0,1,0,0,0,0,0,0,0,0,0,8,1,0,0,0,0,0,0,0,4,0,0,9,0,0,2,0,0,0,58,0,0,0,3,3,2,1,11,0,0,0,0,0,0,1,0,7,0,2,0,0,0,0,0,0,0,0,1,1,0,0,0,0,0,15,0,0,0,0,1,2,0,0,0,0,0,0,0,1,1,0,0,0,0,0,0,0,0,2,0,0,0,0,0,0,0,0,0,0,0,0,1,0,0,0,0,1,0,0,0,0,0,0,0,0,0,13,0,0,0,0,0,0,0,0,0,0,0,1,0,0,0,0,0,0,0,0,0,0,1,0,0,0,0,0,0,0,0,0,0,0,1,0,0,0,0,0,0,0,0,0,0,0,0,0,0,0,0
3068576400045100144,21,0,0,2,0,0,0,0,0,7,2,0,1,0,0,0,1,0,0,0,0,0,1,0,0,0,0,0,0,0,0,3,0,0,1,0,0,0,0,0,0,21,0,0,0,2,0,0,2,6,0,0,0,0,0,0,0,0,7,0,2,0,0,0,2,0,0,0,0,0,0,0,0,1,0,0,6,0,0,0,0,1,0,0,0,0,0,0,0,0,0,0,0,0,1,0,0,0,0,0,0,1,1,0,0,0,0,0,2,0,0,1,0,0,1,0,0,1,0,0,0,0,0,0,1,0,0,0,5,0,0,0,0,0,1,0,0,0,0,0,0,0,0,0,0,0,0,0,0,0,0,0,0,0,0,0,0,0,0,0,0,0,0,0,0,0,0,0,0,0,0,0,0,0,0,0,0,0,0,0
3068576400045100146,28,0,0,0,0,2,2,0,0,1,3,1,2,0,0,0,0,0,0,0,0,0,6,1,0,0,0,0,0,0,0,0,0,0,2,0,0,0,0,0,0,8,0,0,1,2,0,0,1,3,0,0,0,0,0,1,1,0,2,0,0,0,0,0,0,0,0,0,0,0,0,0,0,1,0,0,17,0,0,0,0,1,1,0,0,1,0,0,0,0,2,5,0,0,0,0,0,0,0,1,0,0,0,0,0,0,0,1,0,0,0,0,0,0,1,0,1,1,2,0,1,0,0,0,0,0,0,0,4,1,0,0,0,0,0,0,0,0,1,0,0,0,0,0,0,0,0,1,0,0,0,0,0,0,0,0,0,0,0,0,0,0,0,0,0,0,0,0,0,0,0,0,0,0,0,0,0,0,0,0
3068576400045100148,54,0,0,0,0,2,11,0,0,0,21,0,5,0,0,0,0,0,0,0,0,0,8,1,0,0,0,3,0,0,0,1,0,0,3,0,0,4,0,0,0,6,0,0,4,1,0,1,5,5,0,0,0,0,0,0,0,0,3,0,0,0,0,0,6,0,0,0,0,2,0,0,0,0,1,0,11,0,1,0,0,0,5,1,0,4,0,0,2,0,14,5,0,0,3,3,0,0,0,0,0,9,1,0,0,0,0,5,0,0,0,0,1,0,0,0,0,0,1,0,0,1,1,0,2,1,0,0,3,0,0,1,0,0,0,0,0,0,0,0,0,0,0,0,0,0,0,0,0,0,0,1,0,0,0,0,0,0,0,0,0,0,0,0,0,0,1,0,0,0,0,0,0,0,0,0,0,0,0,0
3068576400045100151,17,0,0,0,0,0,0,0,0,0,1,0,0,0,0,1,0,0,0,3,2,0,0,3,5,1,0,58,1,0,0,0,0,0,1,0,0,0,1,0,0,0,0,0,1,2,0,0,1,1,0,0,1,0,0,0,0,0,1,1,1,0,0,0,0,0,0,0,1,0,0,0,0,1,0,0,1,0,0,0,0,0,3,1,0,1,0,0,0,0,14,0,0,0,1,0,0,0,1,0,62,0,0,0,1,0,0,0,0,0,0,0,0,0,0,0,0,0,0,0,0,0,0,0,1,0,0,0,0,0,0,0,0,0,0,0,0,0,0,0,0,0,0,0,0,0,0,0,0,0,0,0,0,0,0,0,0,0,0,0,2,0,0,0,0,0,0,0,0,0,0,0,0,0,0,0,0,0,0,0
3068576400045100154,72,0,0,1,0,0,0,0,0,4,7,0,5,0,0,0,0,0,0,1,0,0,1,2,0,0,0,0,0,0,0,2,0,0,8,0,0,4,0,0,0,49,0,0,2,5,5,2,3,7,1,0,0,0,0,0,1,0,7,0,1,0,0,0,2,2,0,0,1,0,0,0,0,0,0,0,29,0,3,0,0,4,1,0,0,0,0,0,1,0,3,4,0,1,0,2,0,1,0,0,1,1,0,0,0,0,0,0,2,0,0,0,2,0,0,0,1,0,3,0,0,2,0,0,1,0,0,0,17,0,0,0,0,0,0,0,0,0,0,1,0,0,1,0,0,0,0,0,0,0,1,0,0,0,0,0,1,1,0,0,0,0,0,0,0,0,0,0,0,0,0,0,0,0,0,0,0,0,0,0
3068576400045200002,22,0,0,1,0,2,0,0,0,0,1,0,0,0,0,0,0,0,1,2,1,0,0,3,2,0,0,8,0,0,0,0,0,0,0,0,0,1,0,0,0,0,0,0,0,0,4,6,0,1,0,0,0,0,0,0,0,0,0,1,0,0,0,0,0,0,0,0,0,3,0,0,0,0,0,0,0,0,0,0,0,0,0,0,0,0,0,0,0,0,0,0,0,0,0,1,0,0,0,0,7,1,0,0,0,0,0,0,0,0,1,0,0,0,0,0,0,2,37,0,0,0,0,0,3,0,0,0,3,0,0,0,0,0,0,0,0,0,0,0,0,0,0,0,0,1,0,0,0,0,0,0,0,0,0,0,0,1,0,0,0,0,0,0,0,0,0,0,0,0,0,0,0,0,0,0,0,0,0,0
3068576400045200007,74,1,1,1,0,0,0,0,0,0,0,1,2,1,0,12,0,9,0,22,15,1,3,1,3,0,0,85,0,0,5,0,1,0,2,0,0,2,0,0,3,2,1,0,0,3,17,5,1,0,0,0,0,0,0,0,1,0,1,12,1,0,1,0,1,0,1,0,9,0,0,0,0,0,0,1,5,0,0,3,0,0,1,1,0,0,0,0,0,1,7,2,0,0,1,0,0,1,0,0,105,0,1,0,0,0,0,1,0,1,0,0,0,0,0,1,0,30,5,1,0,0,0,0,0,0,1,0,0,1,1,0,0,0,0,0,0,0,0,0,0,0,0,0,0,0,0,1,0,0,0,0,0,0,0,0,0,0,0,0,3,1,0,0,0,0,0,0,0,0,0,0,0,1,0,0,1,0,0,0
3068576400045200014,25,0,0,1,0,0,0,0,1,1,1,0,0,3,0,14,0,1,0,17,14,1,2,3,8,0,2,116,0,0,0,0,2,0,1,0,0,5,1,1,1,0,0,0,1,2,11,3,0,0,0,0,0,0,0,0,0,0,1,19,1,0,2,0,2,0,0,0,12,0,0,1,0,1,1,0,4,0,0,3,0,0,1,0,0,6,0,1,0,0,29,4,0,0,5,1,0,0,1,0,101,0,1,0,0,0,0,0,0,0,3,0,0,0,1,0,1,13,5,1,1,1,0,0,0,0,0,0,0,1,0,0,0,0,0,1,0,0,0,0,1,0,0,0,0,0,0,0,0,2,0,0,0,0,0,0,1,0,0,0,0,0,0,0,0,0,0,0,0,0,0,0,0,0,1,0,1,0,0,0
3068576400045200015,14,3,0,0,0,0,0,0,0,0,0,0,0,0,0,0,0,0,0,1,0,0,0,0,1,1,0,6,0,0,0,1,0,0,0,0,0,0,0,0,0,2,0,0,0,0,1,3,0,0,0,0,0,0,0,0,0,0,1,0,0,0,0,0,0,0,0,0,0,0,0,1,0,0,0,0,1,0,0,1,0,0,0,0,0,1,0,0,0,0,2,0,0,0,0,0,0,0,0,0,6,0,0,0,0,0,0,1,0,0,0,0,0,0,0,0,0,0,13,0,0,1,0,0,0,0,0,0,1,0,0,0,0,0,0,0,0,0,0,0,0,0,0,0,0,0,0,0,0,0,0,0,0,0,0,0,0,0,0,0,0,0,0,0,0,0,0,0,0,0,0,0,0,0,0,0,0,0,0,0
3068576400045200017,18,8,0,0,0,1,0,0,0,0,0,0,0,1,1,1,0,0,0,0,0,0,0,0,0,1,0,6,0,0,0,0,0,0,0,0,0,0,0,0,0,0,0,0,0,0,3,6,0,0,0,0,0,0,0,0,0,0,1,0,0,0,0,0,0,0,0,0,1,0,0,1,0,1,0,0,0,0,0,0,0,0,0,0,0,2,0,0,0,0,0,0,0,0,0,1,0,1,0,0,5,0,1,0,0,0,0,0,0,0,0,0,0,0,0,0,0,1,19,0,0,0,0,0,1,0,0,0,1,0,0,0,0,1,0,0,0,0,0,0,0,0,0,0,0,0,0,0,0,0,0,1,0,0,0,0,0,0,0,0,0,0,0,0,0,0,0,0,0,0,0,0,0,0,0,0,0,0,0,0
3068576400045200020,11,4,0,0,0,0,0,0,0,0,0,0,0,3,0,1,0,1,0,0,0,0,0,0,0,0,0,7,0,0,0,0,1,0,0,0,0,0,0,0,0,1,0,0,0,0,2,10,0,0,0,0,0,0,0,0,0,0,2,1,1,0,0,0,0,0,0,0,0,2,0,0,0,0,0,0,0,0,0,0,0,0,0,0,0,0,0,0,0,1,1,1,0,0,0,0,0,0,0,0,11,0,1,0,0,0,0,0,0,0,0,0,0,0,1,0,0,0,21,0,0,0,0,0,2,1,0,0,0,0,0,0,0,0,0,0,0,0,0,0,0,0,0,0,0,0,0,0,0,0,0,0,0,0,0,0,0,0,1,0,1,0,0,0,0,0,0,0,0,0,0,0,0,0,0,0,0,0,0,0
3068576400045200023,21,12,0,1,0,1,0,0,0,0,0,0,1,2,0,0,0,2,0,1,0,1,1,1,0,0,0,8,0,0,0,0,0,0,0,0,0,0,0,0,1,2,0,0,1,0,9,11,0,1,0,0,0,0,0,0,3,0,0,3,1,0,0,0,1,0,0,0,0,1,0,0,0,0,2,0,3,0,0,1,0,0,1,1,0,1,0,0,2,0,1,1,0,1,0,3,0,0,0,0,23,1,1,0,1,0,0,0,0,0,0,0,0,0,0,0,0,0,51,0,0,0,0,0,4,0,0,0,3,0,0,0,0,0,0,0,0,0,0,0,0,0,0,0,0,0,0,0,0,0,0,0,0,1,0,0,0,0,0,0,0,0,0,0,0,0,0,0,0,0,0,0,1,0,1,0,0,0,0,1
3068576400045200025,40,26,0,0,0,2,1,0,0,0,0,0,0,0,2,0,0,2,0,1,1,1,2,0,3,0,0,20,1,0,0,0,1,0,0,0,0,0,0,1,1,1,0,0,0,1,14,22,0,1,0,0,0,0,0,0,1,0,0,6,0,0,0,0,1,1,1,0,0,14,0,0,0,0,4,0,5,1,0,2,0,8,0,1,0,20,0,0,0,2,1,1,1,0,0,1,3,0,0,0,28,0,0,0,0,0,0,0,0,0,1,0,0,0,0,0,0,1,107,0,0,0,0,1,7,0,0,0,9,0,0,1,0,0,0,0,0,0,0,1,0,0,0,0,0,0,0,0,0,0,0,0,0,0,0,0,0,1,0,0,0,0,0,0,0,0,0,0,0,0,0,0,0,0,0,0,0,0,1,0
3068576400045200026,34,2,0,1,0,1,1,0,1,0,1,0,0,4,1,1,0,0,0,4,0,0,5,0,0,0,0,6,0,2,2,0,0,1,2,0,0,0,1,0,0,0,0,0,1,1,1,20,0,0,0,0,0,3,0,0,0,0,3,11,1,0,0,0,0,1,0,0,0,0,0,0,0,0,0,0,0,0,0,0,0,0,0,0,11,2,0,0,5,0,10,7,0,0,1,0,0,0,0,0,3,0,4,0,0,0,0,1,0,0,0,0,0,0,3,0,0,1,1,0,0,0,5,1,6,0,0,0,0,0,0,0,0,0,0,0,0,0,0,0,0,0,0,1,0,0,0,0,0,0,0,0,0,0,0,0,0,0,0,0,0,0,0,0,0,0,0,1,0,0,0,0,0,0,0,0,0,0,0,0
3068576400045200036,79,4,0,2,0,0,0,0,3,0,7,0,1,0,0,0,0,0,0,1,0,0,2,0,0,0,0,3,0,1,2,0,0,2,0,0,0,0,0,0,1,0,0,0,0,3,6,11,0,1,0,0,0,0,0,0,1,0,0,7,0,0,0,0,0,0,0,0,0,0,0,0,0,0,93,0,1,0,0,0,0,0,0,0,0,0,0,0,0,0,8,5,0,0,1,0,1,4,0,0,5,2,0,0,0,0,0,1,0,0,0,0,2,0,0,0,0,3,3,0,0,0,0,1,0,0,0,0,0,1,0,1,0,0,0,0,0,0,0,0,0,0,0,0,0,0,1,0,0,0,1,0,0,0,0,0,0,2,0,0,0,0,0,0,0,0,0,0,0,0,0,0,0,0,0,0,0,0,0,0
3068576400045200037,83,0,0,0,0,0,0,1,8,0,5,0,1,0,2,0,0,0,0,0,0,0,0,0,0,1,0,7,0,4,1,1,0,0,5,0,0,3,1,0,1,1,0,0,1,1,9,1,0,2,0,1,1,8,0,2,1,0,0,6,0,0,0,0,7,0,0,3,0,0,1,0,0,0,7,0,7,0,0,1,0,1,0,0,4,1,0,11,0,0,14,3,0,0,2,0,0,0,0,0,13,0,21,3,0,0,0,0,0,0,1,0,30,0,1,0,0,0,2,0,0,1,1,9,3,0,0,1,1,0,28,2,0,0,0,0,0,0,0,0,0,0,0,0,0,0,0,0,0,0,0,0,0,0,0,0,0,0,1,0,0,0,0,0,0,0,0,0,0,0,0,0,0,0,0,0,0,1,0,0
3068576400045200038,42,2,0,0,0,0,0,0,3,0,2,0,0,0,7,0,1,0,0,0,1,1,7,0,0,2,0,7,0,6,2,0,0,0,2,0,0,3,0,0,0,4,0,0,0,1,2,8,0,6,0,0,0,6,0,0,1,0,0,7,2,0,0,0,4,1,0,3,0,0,2,0,0,0,3,0,1,1,0,3,1,1,1,0,13,2,0,4,1,1,21,2,0,0,2,0,2,0,1,0,10,1,12,0,0,0,0,1,0,1,1,0,20,0,0,0,0,2,1,0,1,0,0,5,2,2,0,1,2,1,11,4,0,0,0,0,0,0,0,0,0,0,0,0,0,0,0,0,0,0,0,0,1,0,0,0,0,0,0,0,1,0,0,0,0,0,0,0,0,0,0,0,0,0,0,0,0,0,0,0
3068576400045200039,200,0,0,5,1,1,3,0,1,6,17,0,0,0,0,1,0,0,0,1,0,0,4,0,0,0,0,3,0,0,0,0,2,2,3,0,0,2,0,2,1,2,0,2,2,0,15,1,6,2,0,0,0,0,0,3,2,0,8,1,0,0,0,0,9,0,0,2,0,0,0,0,0,0,115,0,6,0,0,0,0,0,1,0,0,0,0,1,0,0,5,6,0,0,3,1,0,0,0,0,4,7,5,0,4,0,0,1,1,0,0,0,3,1,0,0,0,1,5,0,1,1,1,3,7,1,0,2,0,0,0,0,0,0,1,0,0,0,1,0,0,0,0,0,0,0,1,0,0,0,0,0,0,0,0,0,0,0,1,0,0,0,0,0,0,0,0,0,0,0,0,0,0,1,0,0,0,0,0,0
3068576400045200042,45,1,0,1,0,0,3,0,0,0,10,0,2,0,1,0,0,0,0,0,0,0,9,0,0,1,0,2,0,0,0,0,1,0,4,4,0,2,1,0,0,11,0,1,5,0,0,4,2,10,0,0,0,0,1,0,0,0,15,5,0,0,0,0,4,0,0,0,1,2,1,0,0,0,13,6,12,0,0,0,2,2,2,0,1,1,0,0,1,1,11,5,0,0,1,3,1,0,0,2,7,2,2,0,2,0,0,8,0,0,0,0,1,1,0,0,0,1,2,0,2,1,0,1,6,0,0,0,3,1,0,0,0,0,0,0,0,0,0,0,0,0,0,0,0,0,0,0,0,0,0,0,0,0,0,0,0,0,0,0,0,0,0,0,0,0,0,0,0,0,0,0,0,0,0,0,0,0,0,0
3068576400045200043,139,0,0,3,0,0,5,0,3,1,27,0,7,0,1,0,0,2,0,0,1,0,11,2,0,1,0,4,0,1,2,1,1,3,13,1,0,7,0,0,2,1,0,0,2,5,11,2,9,3,0,2,0,2,1,0,0,0,31,3,1,0,0,0,6,1,0,1,2,0,0,1,0,0,50,1,15,1,1,0,0,0,12,0,1,3,0,0,0,1,26,13,0,0,2,0,1,0,1,1,11,17,8,0,1,0,0,13,0,0,1,0,5,0,2,0,1,1,5,0,1,0,4,2,4,0,0,0,0,0,6,1,0,0,0,0,0,0,0,1,1,0,0,0,0,0,0,0,0,0,0,0,0,0,0,0,0,0,1,0,0,1,0,1,0,0,0,0,0,0,0,0,0,0,0,0,0,0,0,0
3068576400045200044,12,0,0,0,0,0,0,0,0,0,0,0,0,0,0,0,0,0,0,4,1,0,2,0,2,0,0,7,0,0,0,0,0,0,2,0,0,3,0,0,0,1,0,0,0,0,5,13,0,0,0,0,0,0,0,0,0,0,2,5,0,0,0,0,1,0,0,0,3,0,0,0,0,0,0,0,4,0,0,1,0,0,0,0,0,0,0,0,0,0,7,1,0,1,3,0,0,0,0,0,15,0,0,0,0,0,0,0,0,1,0,0,0,0,0,0,0,12,0,0,0,0,0,0,1,0,2,0,0,0,0,0,0,0,0,0,0,0,0,0,0,0,0,0,0,0,0,0,0,0,0,0,0,0,0,0,0,0,0,0,1,0,0,0,0,0,0,0,0,0,0,0,0,0,0,0,0,0,0,0
3068576400045200054,90,0,0,0,0,0,1,0,0,6,13,1,8,0,0,0,0,1,0,0,1,0,4,0,0,0,1,2,0,0,0,3,0,0,2,0,0,8,1,1,1,33,0,0,0,6,1,4,10,12,0,0,0,2,1,1,0,0,21,1,0,0,0,0,5,1,0,0,0,0,0,0,0,1,0,0,17,1,0,0,0,3,6,0,0,1,0,0,0,0,9,2,0,1,3,0,0,0,0,0,1,4,8,0,0,0,0,0,2,0,0,2,0,0,0,0,0,0,4,0,0,0,0,0,4,0,0,0,10,1,0,0,0,0,0,0,0,0,0,0,0,0,1,0,0,0,0,0,0,0,0,0,0,0,0,0,0,0,1,0,0,0,0,1,0,0,0,0,0,0,0,0,0,2,0,0,1,0,0,0
3068576400045200056,48,0,0,0,0,6,0,0,0,1,6,0,3,0,7,0,0,0,0,1,0,0,5,0,0,1,0,4,0,0,0,0,1,0,4,0,0,3,0,1,0,44,0,0,0,2,2,0,0,43,0,0,0,0,0,2,0,0,4,0,1,0,0,0,0,0,0,0,0,3,0,0,0,3,2,0,25,0,0,0,1,0,0,0,0,1,0,0,0,0,33,2,0,0,0,0,0,0,0,0,1,0,1,0,0,0,0,0,0,0,0,0,0,0,0,0,1,0,1,0,6,0,1,1,1,0,0,0,16,0,0,2,0,0,0,0,0,0,0,0,0,0,0,0,0,0,0,0,0,0,0,0,0,0,0,0,0,0,0,0,0,0,0,0,0,0,0,1,0,0,0,0,0,1,0,0,0,0,0,0
3068576400045200059,149,0,0,0,2,7,0,0,0,1,12,0,10,0,3,0,1,0,0,0,0,3,21,0,0,0,0,1,0,0,2,4,0,0,19,3,0,10,0,0,3,47,0,2,5,17,7,11,4,37,0,1,0,0,1,0,1,0,30,2,2,0,1,0,7,0,0,0,0,8,1,0,0,1,9,1,52,0,2,0,10,6,4,1,1,1,0,0,2,0,47,9,0,0,2,3,0,0,0,1,3,16,4,0,3,0,0,11,3,0,0,0,0,3,6,0,7,4,4,0,5,1,2,1,7,0,0,0,31,2,0,0,0,0,0,0,0,0,0,0,0,0,1,1,0,0,0,0,0,1,2,1,0,0,0,0,0,0,0,0,0,0,0,1,0,0,0,0,0,0,0,0,0,0,0,0,0,0,0,1
3068576400045200060,40,0,0,0,0,0,0,0,0,0,13,0,3,0,0,0,0,0,0,2,1,0,3,0,0,0,0,8,0,0,0,0,1,0,1,0,0,0,0,0,1,0,0,0,0,1,1,2,3,0,0,1,0,0,0,0,4,0,11,2,0,0,0,0,1,0,0,0,0,0,0,0,0,0,0,0,19,0,2,0,1,0,4,0,0,1,0,0,4,0,6,2,1,0,1,0,0,0,0,0,14,17,5,0,0,0,0,3,0,1,0,0,2,0,2,0,0,6,1,0,1,1,1,0,3,0,0,1,0,0,0,2,0,0,0,0,0,0,0,0,0,0,0,0,0,0,0,0,0,0,1,0,0,0,0,0,0,0,0,0,0,0,0,0,0,0,0,0,0,1,0,0,0,0,0,0,0,0,0,0
3068576400045200061,62,0,0,2,1,3,0,0,0,0,5,0,4,0,6,0,0,0,0,1,0,0,7,1,0,1,0,2,2,0,0,0,1,1,7,0,0,5,0,0,0,78,0,0,0,6,3,2,1,66,0,0,0,0,1,1,0,0,5,0,2,0,0,0,1,0,0,0,0,9,5,0,0,2,2,0,32,0,0,1,0,4,0,1,0,0,0,0,0,0,38,2,0,1,2,1,0,0,1,2,4,1,0,0,0,0,0,3,2,0,0,0,0,0,0,0,0,1,4,0,0,0,0,0,0,0,0,0,27,0,0,4,0,0,0,0,0,0,0,0,0,0,0,0,0,0,0,1,0,0,0,1,0,0,0,0,0,0,0,0,0,0,0,2,0,0,0,1,0,0,0,0,0,0,0,0,0,0,0,0
3068576400045200062,73,0,0,0,1,4,0,0,0,1,1,0,1,1,0,0,0,0,0,3,1,1,7,0,0,0,0,12,0,0,0,9,3,1,35,0,0,2,0,0,0,7,0,0,5,4,16,3,0,16,0,3,0,0,0,0,0,0,1,5,0,0,0,0,3,0,0,0,1,1,1,0,0,0,2,1,10,0,0,1,0,6,1,1,1,4,0,0,0,0,13,2,1,2,4,10,6,1,0,0,7,0,2,1,0,0,1,0,0,0,0,0,1,0,2,0,0,1,1,0,14,0,0,1,23,1,3,0,9,1,0,1,0,0,0,0,0,0,0,0,0,0,0,0,0,0,0,0,0,0,0,0,0,0,0,0,0,0,0,0,0,0,0,1,0,0,0,0,0,0,0,0,0,0,0,0,0,0,0,1
3068576400045200063,69,0,0,0,0,1,0,0,0,4,7,0,2,0,1,0,0,0,0,0,0,0,7,0,0,0,0,0,1,1,0,4,0,0,3,0,0,4,0,0,0,48,0,0,0,2,2,5,2,19,0,0,0,0,0,0,0,0,9,0,1,0,0,0,0,0,0,0,0,5,0,0,0,0,0,0,17,0,1,0,1,3,0,0,0,1,0,0,1,0,9,1,0,0,1,1,1,0,1,0,0,1,1,0,0,0,0,0,6,0,0,0,0,0,0,0,0,0,2,0,0,0,1,0,1,0,0,0,22,0,0,1,0,0,0,0,0,0,0,0,0,0,0,0,0,1,1,0,0,1,0,0,0,0,0,0,0,0,0,0,0,0,0,0,0,0,0,0,1,0,0,0,0,0,0,0,0,0,0,0
3068576400045200065,45,0,0,0,0,0,0,0,0,1,14,0,7,0,0,1,0,0,0,1,0,0,2,0,0,0,0,3,0,0,2,0,0,0,0,0,0,5,0,0,0,1,0,0,1,4,1,0,4,1,0,1,0,0,0,0,0,0,16,1,1,0,0,0,6,0,0,0,0,0,0,0,0,0,0,0,9,0,3,0,0,0,3,0,0,0,0,1,3,1,14,6,0,0,1,1,0,1,0,0,1,27,2,0,0,0,0,1,0,0,0,0,0,0,0,0,1,1,4,0,1,1,1,1,4,0,0,1,1,1,1,3,0,0,0,0,0,0,0,0,0,0,0,0,0,0,0,0,0,0,0,0,0,0,0,0,0,0,0,0,1,0,0,0,0,0,0,0,0,0,0,0,1,0,0,0,0,0,0,0
3068576400045200068,51,0,0,0,0,0,0,0,0,0,1,0,3,0,0,1,1,0,0,9,5,0,3,0,0,0,0,29,0,0,0,0,1,0,2,0,0,2,0,0,0,2,0,0,0,5,4,7,1,6,0,0,0,0,0,0,0,0,4,8,2,0,2,0,1,0,0,0,2,0,0,0,0,0,0,0,11,1,0,2,0,0,2,0,0,1,0,0,0,0,12,3,0,0,0,0,0,0,0,0,51,4,1,0,1,0,0,0,0,1,0,0,0,0,0,0,0,12,1,0,0,0,1,0,1,0,2,2,0,1,0,0,0,0,0,0,0,0,1,0,0,0,0,0,0,0,0,1,0,0,0,0,0,0,0,0,0,0,0,0,0,1,0,0,0,0,0,0,0,0,0,0,0,0,0,0,0,1,0,0
3068576400045200070,76,0,0,1,0,0,1,0,1,8,16,2,11,0,2,0,0,0,0,0,0,0,3,0,1,0,0,1,0,0,0,6,0,1,1,0,0,2,0,0,1,14,0,0,0,5,3,1,7,12,0,1,0,0,0,0,2,0,24,0,1,0,0,0,0,1,0,0,0,1,0,0,0,0,0,0,20,0,1,0,2,6,4,0,0,3,0,0,0,0,6,5,0,0,1,1,0,0,0,0,3,1,9,0,1,0,0,0,2,0,0,0,0,0,4,0,0,0,0,0,0,3,0,0,1,0,0,0,18,0,0,1,0,0,0,0,0,0,0,0,0,0,0,0,0,0,1,0,0,0,0,0,0,0,0,0,0,0,0,0,0,0,0,0,0,0,0,0,0,0,1,0,0,1,0,0,0,0,0,0
3068576400045200073,192,1,0,4,1,0,0,0,0,8,36,0,7,0,1,0,0,0,0,0,0,0,15,1,0,1,0,1,0,0,0,12,0,0,6,0,0,6,0,0,1,91,0,0,0,9,6,6,8,17,0,0,0,1,0,0,2,0,35,2,1,0,0,0,4,0,0,0,0,4,0,1,0,1,2,0,39,0,3,1,1,9,3,0,0,1,0,0,0,0,10,4,0,0,2,1,0,1,0,1,1,4,4,0,1,0,1,1,8,0,2,1,0,1,2,0,0,0,3,0,0,0,0,1,0,0,0,0,45,1,1,5,0,0,0,0,0,0,0,0,0,0,0,0,1,0,0,0,0,0,0,1,0,0,0,0,0,1,0,0,0,0,0,2,0,0,0,0,0,0,0,0,0,0,0,0,1,0,0,0
3068576400045200079,91,1,0,0,0,0,2,0,1,3,14,0,6,0,0,2,0,0,0,1,3,0,9,0,0,0,1,11,0,0,1,1,0,0,7,0,0,5,0,0,0,5,0,0,4,8,2,1,5,6,0,0,0,0,0,0,0,0,13,3,0,0,0,1,7,0,0,0,0,0,1,0,0,0,1,1,32,0,0,1,1,3,8,0,0,5,0,0,2,1,17,10,0,0,1,0,1,0,0,0,34,34,2,0,0,0,0,2,0,0,0,0,0,0,0,0,0,2,1,0,0,1,3,0,3,0,0,0,2,2,0,0,0,0,0,0,0,0,0,1,0,0,0,0,0,0,0,0,1,0,0,0,1,0,0,1,0,0,0,0,1,0,1,0,0,0,0,0,0,0,0,0,1,0,0,0,0,0,0,0
3068576400045200080,50,1,0,1,0,0,3,0,0,3,0,0,0,0,1,1,0,1,0,0,0,1,14,1,0,0,0,4,0,1,0,21,3,0,120,0,0,2,1,1,3,2,0,0,18,2,32,1,0,5,0,1,0,0,0,1,1,2,1,2,0,0,0,1,2,0,0,0,0,0,1,0,1,0,3,1,4,0,1,0,0,11,0,1,0,3,0,0,0,1,32,2,0,1,7,26,19,0,0,0,0,0,2,0,1,0,0,0,1,0,0,0,0,0,0,0,0,1,1,0,13,1,1,0,20,0,10,0,4,1,1,0,0,0,0,0,1,0,0,0,0,0,0,0,0,0,0,0,0,0,0,0,0,0,0,0,0,1,0,0,0,0,0,0,0,0,0,0,0,1,0,0,0,0,0,0,0,0,0,0
3068576400045200082,37,0,0,0,1,1,0,0,0,6,6,0,1,0,5,0,0,0,0,1,0,0,8,0,0,0,0,1,0,0,1,1,0,0,13,0,0,2,0,0,0,45,0,0,1,1,1,2,2,49,0,0,0,0,0,0,1,0,7,2,2,0,0,0,0,0,0,0,0,3,1,0,0,1,0,0,22,0,0,0,0,3,0,0,1,1,0,0,0,0,37,2,0,0,1,1,0,0,0,1,2,0,0,0,0,0,0,0,0,0,0,0,0,0,1,0,0,2,4,0,0,0,0,0,0,0,0,0,13,0,0,1,0,0,1,0,0,0,0,1,0,0,0,0,0,0,0,1,0,0,0,0,0,0,0,0,0,0,0,0,0,0,0,0,0,0,0,0,0,0,0,0,0,0,0,1,0,0,0,0
3068576400045200083,29,0,0,0,0,0,0,0,0,1,1,0,1,0,1,0,0,0,0,1,0,0,7,1,0,0,0,1,0,1,0,6,0,0,8,0,0,3,0,0,0,40,0,0,0,6,1,1,1,6,0,0,0,0,0,0,1,0,2,0,0,0,0,0,0,0,0,0,0,1,0,0,0,0,3,0,11,0,0,0,1,2,0,0,0,1,0,0,0,0,7,0,0,0,0,0,0,0,0,0,0,0,1,0,0,0,0,0,2,0,1,0,0,0,0,0,0,0,1,0,0,1,0,0,0,0,0,0,17,0,0,0,0,0,0,0,0,0,0,0,0,0,0,0,0,0,1,0,0,0,0,0,0,0,0,0,0,0,0,0,0,0,0,0,0,0,0,1,0,0,0,0,0,1,0,0,0,0,0,0
3068576400045200084,107,1,0,1,1,0,0,0,0,0,4,0,5,0,3,0,0,0,0,0,0,0,14,0,0,0,0,1,1,0,1,3,0,0,22,0,0,2,0,1,0,88,0,0,0,2,3,0,0,43,0,0,0,1,0,0,0,0,17,2,4,0,0,0,2,1,0,0,0,3,0,0,0,0,0,1,39,0,0,0,0,8,0,1,0,1,0,0,0,0,28,4,0,0,3,0,0,0,0,0,2,0,1,0,2,0,1,1,2,0,0,0,0,0,0,0,1,3,4,0,1,1,1,1,4,1,1,0,28,0,1,1,0,0,0,0,0,0,0,0,0,0,0,0,0,0,1,0,0,0,0,0,0,1,0,0,0,0,0,0,0,0,0,0,0,0,0,0,0,0,0,0,0,0,0,0,0,0,0,0
3068576400045200086,30,0,0,0,0,1,1,0,0,0,0,0,1,0,1,0,0,0,0,0,0,0,3,0,0,2,0,1,0,0,0,1,0,0,9,0,0,1,0,0,0,12,0,0,0,1,8,0,0,18,0,0,0,1,0,1,0,0,1,1,0,0,0,1,1,0,0,0,0,2,1,0,0,0,0,0,4,0,0,0,0,2,0,0,0,1,0,0,0,0,6,1,0,2,5,3,8,0,0,0,1,0,1,0,1,0,0,0,0,0,0,0,0,0,1,0,0,0,0,0,5,0,0,0,9,0,1,0,5,0,1,1,0,0,0,0,0,0,0,0,0,0,0,0,0,0,1,0,0,0,0,0,0,0,0,0,0,0,1,0,0,0,0,2,0,0,0,0,0,0,0,0,0,0,0,0,0,0,0,0
3068576400045200088,57,0,0,0,0,0,0,0,0,4,5,0,4,0,0,0,0,0,1,0,1,1,13,1,0,0,0,0,0,0,0,5,0,0,16,0,0,1,0,0,0,62,0,0,0,4,3,1,1,18,0,0,0,0,0,0,0,0,12,0,1,0,0,0,0,0,0,0,0,2,0,0,0,2,0,0,21,0,0,0,1,7,0,0,0,0,0,0,0,0,3,2,0,0,0,1,0,0,1,0,0,1,0,0,0,0,0,1,6,0,0,0,0,0,0,0,0,1,3,0,1,1,0,0,0,0,0,2,10,2,0,0,0,0,0,0,0,0,0,1,0,0,0,0,0,0,0,0,0,0,0,0,0,0,0,0,0,0,1,0,0,0,0,0,0,0,1,0,0,0,0,0,0,1,0,0,0,0,0,0
3068576400045200093,34,1,0,2,0,0,0,0,0,0,2,0,2,0,0,3,0,0,0,5,3,0,3,0,1,0,1,52,0,1,0,0,1,0,0,0,0,2,0,0,1,0,0,0,0,2,1,6,0,4,1,0,0,0,0,0,0,0,7,10,1,0,0,0,3,0,0,0,0,0,0,0,1,0,0,1,14,0,0,3,1,1,3,0,0,5,0,0,0,0,24,4,0,0,8,0,1,0,0,0,76,5,1,0,0,1,0,1,0,0,0,0,0,0,0,1,0,11,0,0,0,1,1,1,2,0,1,0,1,1,0,0,0,0,0,0,0,0,1,0,0,0,0,0,0,0,0,0,0,0,0,0,0,0,0,0,0,0,0,0,1,0,0,0,0,0,0,0,0,0,0,0,0,1,0,0,0,0,0,0
3068576400045200094,29,0,0,0,0,0,0,1,0,3,5,0,3,0,0,0,0,0,0,1,0,1,10,0,0,0,0,0,0,0,0,5,0,0,4,0,0,2,0,0,0,38,0,0,0,6,0,0,0,1,0,0,0,0,0,0,1,0,4,1,0,0,0,0,0,0,0,0,0,0,0,0,0,0,0,0,9,0,0,0,0,3,0,0,0,0,0,0,0,0,6,0,0,1,1,0,2,0,0,0,0,0,0,0,0,0,0,0,0,0,0,0,0,0,0,0,0,1,0,0,0,0,0,1,0,0,0,0,4,0,0,0,0,0,0,0,0,0,0,0,0,0,0,0,0,0,0,0,0,0,0,0,0,0,0,0,0,0,0,0,0,0,0,0,0,0,0,0,0,0,0,0,0,0,0,0,0,0,0,0
3068576400045200096,16,0,0,0,0,1,1,0,0,0,0,0,0,0,2,0,0,0,0,1,0,0,0,0,0,1,0,0,0,0,0,0,0,0,2,0,0,0,0,0,0,10,0,0,1,1,0,0,0,32,0,0,0,0,0,0,0,0,2,2,0,0,0,0,0,0,0,0,0,3,1,0,0,0,0,0,5,1,0,0,0,0,0,4,0,0,0,0,0,0,12,4,0,1,0,0,0,0,0,0,0,2,0,0,0,0,0,0,0,0,0,0,0,0,0,0,0,0,1,0,0,0,0,1,3,0,0,0,3,0,1,1,0,0,0,0,0,0,0,0,0,0,0,0,0,0,0,0,0,0,1,0,0,0,0,0,0,0,0,0,0,0,0,0,0,0,0,0,0,0,0,0,0,0,0,0,0,0,0,0
3068576400045200097,34,0,0,1,0,0,0,0,0,2,4,0,5,0,0,0,0,0,0,0,0,0,3,0,0,0,0,0,0,0,0,4,0,0,0,0,0,6,0,0,1,15,0,0,0,0,0,1,5,1,0,0,0,0,0,0,1,0,5,0,0,0,0,0,1,0,0,0,0,2,0,0,0,0,2,0,13,0,0,0,0,2,2,0,0,0,0,0,0,0,3,0,0,0,1,0,0,0,0,0,0,8,1,0,1,0,0,0,1,0,0,0,1,0,2,0,0,2,0,0,1,0,0,0,0,0,0,0,12,0,2,1,0,0,0,0,0,0,0,0,0,0,0,0,0,0,0,0,0,0,0,0,0,0,0,0,0,0,0,0,0,0,0,0,0,0,0,0,0,0,0,0,0,0,0,0,0,0,0,0
3068576400045200099,50,0,0,0,0,0,1,0,0,2,14,0,5,0,0,0,0,0,0,0,0,0,4,1,0,0,0,0,0,0,0,5,0,0,1,0,0,5,0,0,0,9,0,0,1,1,2,1,0,2,0,1,0,0,0,1,0,0,9,1,0,0,0,0,1,0,0,0,0,1,0,1,0,0,0,0,18,0,0,1,0,2,2,0,0,1,0,0,0,0,3,2,0,0,0,0,0,0,0,0,0,7,3,0,1,0,0,0,2,0,0,0,0,0,0,0,0,0,1,0,0,0,0,0,0,0,0,0,8,0,0,1,0,0,1,0,0,0,1,0,0,0,0,1,1,0,0,0,0,0,0,0,0,0,0,0,0,0,0,0,0,0,0,0,0,0,0,0,0,0,0,0,0,0,0,0,0,0,0,0
3068576400045200100,11,0,0,0,0,0,1,0,0,0,0,0,1,0,0,0,0,0,0,0,0,0,3,0,0,1,0,0,0,0,0,2,0,0,6,0,0,1,0,0,0,2,0,0,0,2,7,0,0,12,0,0,0,0,0,0,0,0,1,0,0,0,0,0,0,0,0,0,0,1,0,0,0,0,0,0,2,0,0,0,0,0,0,0,0,0,0,0,0,0,7,0,0,1,3,3,4,0,0,0,1,0,0,0,0,0,0,0,0,0,0,0,0,0,0,0,1,0,0,0,1,0,0,0,3,0,1,0,0,0,0,1,0,0,0,0,0,0,0,1,0,0,0,0,0,0,0,0,0,0,0,0,0,0,0,0,0,0,0,0,0,0,0,0,0,0,0,0,0,0,0,0,0,0,0,0,0,0,0,0
3068576400045200101,37,0,0,0,0,0,0,0,0,5,3,0,2,0,0,0,1,0,0,0,0,0,5,0,0,0,0,0,0,0,1,0,0,0,2,0,0,1,0,0,0,41,0,0,0,2,1,0,0,15,0,0,0,0,0,0,0,0,5,0,0,0,0,0,1,0,0,0,0,4,1,0,0,0,0,0,8,0,1,0,0,3,0,0,0,0,0,0,0,1,6,0,0,0,0,0,1,0,0,0,1,1,1,0,0,0,0,0,0,0,0,0,0,0,0,0,0,1,0,0,0,2,0,0,0,0,0,0,6,0,0,0,0,0,0,0,0,0,0,0,0,0,0,0,0,0,0,0,0,0,0,0,0,0,0,0,0,0,0,0,0,0,0,0,0,0,0,0,0,0,0,0,0,0,0,0,0,0,0,0
3068576400045200104,41,0,0,1,1,7,0,0,0,0,7,0,5,0,9,0,0,1,1,1,0,0,6,0,0,0,0,1,0,0,0,2,0,0,3,0,0,6,0,0,0,66,0,0,0,2,3,0,1,45,0,0,0,0,0,6,0,0,3,0,2,0,0,0,1,0,0,0,0,3,4,0,0,1,0,0,38,0,0,0,0,1,0,2,1,0,0,0,0,0,22,7,0,0,1,1,0,0,0,0,2,1,2,0,0,0,0,0,0,0,0,0,0,0,1,0,4,0,2,0,2,2,0,1,1,0,0,0,24,0,0,5,0,0,0,0,0,0,0,0,0,0,0,1,0,0,0,0,0,0,0,1,0,0,0,0,0,1,0,0,0,0,0,0,0,0,0,0,0,0,0,0,0,0,0,0,0,0,0,0
3068576400045200108,51,0,0,1,0,0,1,0,0,3,12,1,3,0,0,0,0,0,0,2,0,0,5,0,0,0,0,31,0,0,0,0,1,0,2,0,0,4,0,0,0,0,0,0,1,1,1,4,8,3,0,1,0,0,0,0,1,0,7,1,2,0,0,0,3,0,1,0,0,0,0,1,0,0,1,0,12,0,0,0,0,2,3,1,0,0,0,0,0,0,14,7,0,0,3,0,0,0,0,0,27,19,3,0,0,0,0,2,0,0,0,0,0,0,1,0,1,2,2,0,0,1,0,0,3,0,0,0,1,0,0,0,0,0,0,0,0,0,0,0,0,0,0,0,0,0,0,0,0,0,0,0,0,0,0,0,0,0,0,1,0,0,0,0,0,0,0,0,0,0,0,0,0,0,0,0,0,0,0,0
3068576400045200111,15,0,0,0,0,0,0,0,0,0,0,0,1,0,0,0,0,0,0,3,2,0,0,0,0,1,1,52,0,0,0,0,0,0,0,0,0,0,0,0,0,2,0,0,1,0,0,0,0,0,0,0,0,1,0,0,0,0,1,4,0,0,0,0,0,0,0,0,0,0,0,0,0,1,1,0,2,0,0,0,0,0,0,0,0,1,0,0,0,0,6,1,0,0,0,0,0,0,0,0,51,0,0,0,0,0,0,1,0,0,0,0,0,0,0,1,0,4,0,0,0,0,1,0,1,0,1,0,0,1,0,0,0,0,0,0,0,0,0,0,0,0,0,1,0,0,0,0,0,0,0,0,0,0,0,0,1,0,0,0,2,0,0,0,1,0,0,0,0,0,0,1,0,0,0,0,0,0,0,0
3068576400045200114,37,0,0,0,0,9,0,0,0,1,4,0,1,0,1,1,1,0,0,1,0,0,4,2,0,3,0,1,0,0,1,0,0,0,5,0,0,5,0,0,1,40,0,1,0,4,2,1,0,27,1,0,0,0,0,6,1,1,10,5,0,0,0,0,5,0,0,0,0,4,9,0,0,1,0,1,28,0,0,0,1,1,0,15,0,2,0,1,0,0,23,7,0,0,3,5,2,0,0,2,2,4,0,0,0,0,0,0,0,1,0,1,0,0,1,0,4,0,2,0,1,5,1,1,3,0,4,0,15,0,0,2,0,0,1,0,0,0,0,0,0,0,0,0,0,0,0,0,0,1,0,0,0,0,0,0,0,0,1,0,0,0,0,1,0,0,0,0,0,0,0,0,0,0,1,0,0,0,0,0
3068576400045200115,27,1,0,1,0,0,0,0,0,3,0,0,0,0,0,0,1,1,0,0,0,0,1,0,0,4,0,2,0,0,0,0,0,0,2,1,0,0,0,1,4,1,0,1,1,2,1,1,0,0,0,2,0,0,0,0,0,0,20,15,0,0,1,0,2,3,0,0,0,1,1,0,0,0,0,0,2,0,0,0,0,0,0,21,0,4,0,1,0,0,8,3,0,1,1,2,6,0,0,1,1,0,0,1,0,0,0,0,0,0,3,0,1,0,0,0,0,0,0,0,0,1,1,2,1,0,0,0,2,0,0,0,0,0,0,0,0,0,0,0,0,0,0,0,0,0,0,0,0,0,0,0,0,0,0,0,0,0,0,0,0,0,0,0,0,0,0,0,0,0,0,0,0,0,0,0,0,0,0,0
3068576400045200118,10,0,0,0,0,2,0,0,0,0,0,0,0,0,1,0,0,0,0,0,0,0,0,0,0,0,0,0,0,0,0,0,0,0,2,0,0,0,0,0,0,20,0,0,0,1,1,0,0,14,0,0,0,0,0,0,0,0,2,0,1,0,0,0,0,0,0,0,0,0,2,0,0,0,0,0,6,0,0,0,0,2,0,1,0,0,0,0,0,0,15,0,0,0,2,0,0,0,0,0,0,1,0,0,0,0,0,0,1,0,0,1,0,0,0,0,0,0,0,0,0,1,0,0,0,0,0,0,6,0,0,1,0,0,0,0,0,0,0,0,0,0,0,0,0,0,0,0,0,0,0,0,0,0,0,0,0,0,0,0,0,0,0,1,0,0,0,0,0,0,0,0,0,0,0,0,0,0,0,0
3068576400045200120,66,0,0,0,0,0,1,0,0,0,1,0,0,0,0,0,0,0,0,0,0,0,2,2,0,8,0,1,0,0,3,1,0,0,2,1,0,0,0,1,4,0,0,0,0,5,4,1,0,0,0,2,0,0,0,0,2,0,19,17,0,0,0,0,0,0,0,0,0,0,0,0,0,0,0,0,2,0,0,0,0,0,0,23,0,5,0,0,0,0,8,9,0,0,1,2,4,0,0,1,0,0,0,0,1,0,0,0,0,1,1,0,0,0,0,0,0,2,0,0,0,1,1,0,0,0,8,0,1,0,0,0,0,0,0,0,0,0,0,0,0,0,0,0,0,0,0,0,0,0,0,0,0,0,0,0,0,0,0,1,0,0,0,0,0,0,0,0,0,0,0,0,0,0,0,0,0,0,0,0
3068576400045200122,23,0,0,1,0,1,0,0,0,3,1,0,0,0,3,0,0,0,0,0,0,0,2,0,0,1,0,0,0,0,0,1,0,0,16,0,0,1,0,0,0,37,0,0,0,0,1,0,0,8,0,0,0,1,0,0,0,0,3,0,2,0,0,0,1,0,0,0,0,4,2,0,0,1,0,0,11,0,0,0,0,3,0,0,0,0,0,0,0,0,1,0,0,0,0,1,0,0,0,0,0,0,0,1,0,0,0,0,2,0,0,0,0,0,0,0,0,0,2,0,0,1,0,0,0,0,0,0,5,0,0,0,0,1,0,0,0,0,0,0,0,0,0,1,0,0,2,0,0,0,0,0,0,0,0,0,1,0,0,0,0,0,0,0,0,0,0,0,0,0,0,0,0,0,0,0,0,0,0,0
3068576400045200125,65,0,1,2,0,0,4,0,0,0,18,0,6,0,0,1,0,0,0,0,0,0,7,1,0,1,0,14,0,0,1,0,2,0,5,0,0,3,0,0,2,1,0,0,1,2,0,2,3,1,0,0,0,0,0,1,0,0,12,4,0,0,0,0,2,0,0,0,1,0,1,0,0,0,0,1,24,0,0,0,2,0,11,1,0,2,0,0,0,0,19,7,1,0,0,1,0,0,0,0,15,19,2,0,0,0,0,1,0,0,1,0,0,1,1,0,1,4,1,0,0,2,0,0,3,1,0,0,0,0,0,0,0,0,0,0,0,0,0,0,0,0,0,0,0,0,0,0,0,1,0,0,0,0,1,0,0,1,0,0,0,0,0,0,0,0,0,0,0,1,0,0,0,0,1,0,0,0,0,0
3068576400045200128,68,0,0,1,0,0,0,0,0,0,0,0,0,0,0,1,5,0,0,0,0,0,3,0,0,3,0,0,0,0,0,1,0,0,0,1,0,0,0,3,4,0,0,0,0,4,3,0,0,2,0,0,0,0,0,1,0,0,14,11,0,0,0,0,2,0,0,0,0,0,0,0,0,0,0,0,3,0,0,0,0,0,1,10,0,0,0,0,0,0,11,5,0,0,2,4,2,0,0,0,1,0,1,0,0,0,0,0,0,0,0,0,0,0,0,0,0,2,0,0,0,1,1,0,2,0,2,0,1,0,0,0,0,0,0,0,0,0,0,0,0,0,0,0,0,0,0,0,0,0,0,0,0,0,0,0,0,0,0,0,0,0,0,0,0,0,0,0,0,0,0,0,0,0,0,0,0,0,0,0
3068576400045200129,34,0,0,0,0,0,0,0,0,0,3,1,0,0,0,0,0,0,1,0,0,0,4,0,0,0,0,0,0,1,1,1,0,0,0,0,0,0,0,0,0,38,0,0,0,3,0,0,0,10,0,0,0,0,1,0,0,0,1,0,1,0,0,0,0,0,0,0,0,1,0,1,0,0,0,0,15,0,0,0,0,3,1,0,0,0,0,0,0,0,0,0,0,0,1,0,1,0,0,0,0,0,0,0,0,0,0,0,1,0,0,0,1,0,0,0,0,0,0,0,0,0,0,0,0,0,0,0,8,0,0,0,0,0,0,0,0,0,0,0,0,0,0,0,0,0,0,0,0,0,0,0,0,0,0,0,0,0,0,0,0,0,0,0,0,0,0,0,0,0,0,0,0,0,0,0,0,0,0,0
3068576400045200134,73,1,0,0,0,0,0,0,1,6,9,0,5,1,1,0,0,0,0,0,0,0,8,1,0,0,0,3,0,0,1,2,0,0,0,0,0,6,0,1,1,54,0,0,0,10,2,2,4,8,0,0,0,1,0,0,0,0,4,0,3,0,0,0,2,0,0,0,0,1,0,0,0,0,2,1,27,0,2,0,1,9,1,1,0,1,0,0,1,0,8,7,0,0,0,0,0,0,1,0,2,3,4,0,0,0,0,1,0,0,0,0,1,0,0,0,0,2,1,0,0,0,0,1,0,0,0,0,17,0,0,0,0,0,0,0,0,0,0,2,0,0,0,0,0,0,0,0,0,0,0,0,0,0,0,0,0,0,0,0,0,0,0,0,0,0,0,0,0,0,0,0,0,0,0,0,1,0,0,0
3068576400045200141,15,0,0,1,0,0,0,0,0,0,1,0,0,0,0,0,0,0,0,4,7,0,0,10,1,0,0,24,0,0,0,0,0,0,1,1,0,4,0,0,2,0,0,0,0,2,3,1,0,0,0,0,0,0,0,0,0,0,2,2,0,0,0,0,1,0,0,0,4,0,0,0,0,0,0,0,4,0,0,3,0,0,1,0,0,3,0,0,1,0,10,8,0,0,1,1,0,0,0,0,25,1,0,0,0,0,0,0,0,0,0,0,0,0,1,0,0,6,0,0,0,0,0,0,0,0,0,0,2,1,0,0,0,0,0,0,0,0,0,0,0,0,0,0,0,0,1,0,0,1,0,0,1,0,0,0,0,0,0,0,0,0,0,1,0,0,0,0,0,0,0,0,0,0,0,0,0,1,0,0
3068576400045300001,6,0,0,1,0,0,0,0,0,1,0,0,0,0,0,8,0,1,0,2,3,1,0,0,3,0,0,13,0,0,1,0,1,0,0,0,0,2,0,0,0,0,0,0,0,0,5,0,0,0,0,0,0,0,0,0,1,0,0,1,0,0,0,0,0,0,0,0,3,0,0,0,0,0,0,0,2,0,0,2,0,0,1,0,0,3,0,0,0,0,2,0,0,0,0,0,1,0,0,0,21,0,0,0,0,0,0,0,0,0,0,0,0,0,0,0,0,4,2,0,0,0,0,0,1,0,0,0,0,0,0,0,0,0,0,0,0,0,0,0,0,0,0,0,1,0,0,1,0,0,0,0,0,0,0,1,1,0,0,0,0,0,0,0,0,0,0,0,0,0,0,0,0,0,1,0,0,0,0,0
3068576400045300041,45,0,0,3,0,0,2,1,0,3,1,0,0,0,0,0,1,1,0,1,0,0,13,0,0,0,0,5,0,0,1,17,2,0,105,0,0,1,0,1,0,5,0,0,16,2,18,0,0,1,0,0,0,1,0,0,3,0,2,2,1,0,0,0,0,0,0,0,0,0,2,1,0,0,2,1,7,0,0,0,0,7,0,0,0,4,0,0,0,0,16,0,0,0,9,16,8,0,0,0,3,0,0,0,0,0,0,0,0,0,0,0,2,0,1,0,0,3,2,1,14,0,1,1,19,0,6,0,2,1,0,2,0,0,0,0,0,0,0,0,0,0,0,0,0,0,0,0,0,0,1,0,0,0,0,0,0,0,0,0,0,0,0,0,0,0,0,0,0,0,0,0,0,0,0,0,0,0,0,1
