EntityID,fov,volume,center_x,center_y,min_x,min_y,max_x,max_y,anisotropy,transcript_count,perimeter_area_ratio,solidity,cluster
3068576400044100107,,3545.0574752186576,1602.2063469559905,7847.488401266773,1586.3217798715948,7840.673985221383,1617.8945499977283,7855.165682760357,2.215073698744386,595,0.2583750543387521,0.8960308951899965,cluster_5
3068576400044100112,,1887.559939891156,1559.5954306945666,7855.814112507855,1548.6902649977187,7849.961726972675,1568.9469944202212,7863.397769375802,1.5300954050792577,372,0.331697519603443,0.8681095582830097,cluster_5
3068576400044100115,,1739.4855802351192,1512.7372241698863,7863.138315996794,1501.8390921442929,7857.297900251789,1525.0311512841138,7871.334275750114,2.6702474021588687,168,0.3626825201151771,0.9080874079744158,cluster_5
3068576400044100123,,1832.5943554984613,1487.8617526156725,7899.2882873451745,1476.505302013699,7886.748076806197,1497.103880252837,7910.540419826049,3.730841811136929,264,0.3881879492020249,0.908105889823855,cluster_5
3068576400044200111,,3010.824320244905,1638.7404736926217,7843.980439626247,1621.2557855794305,7837.6489948866865,1653.949801832942,7851.350442886615,2.4388468963674126,740,0.2964870147465762,0.8530539106706415,cluster_5
3068576400044200113,,562.778483558902,1660.9729831730565,7840.960821524526,1654.339708685734,7838.620022428272,1667.249119474071,7843.582281619068,2.665409500139412,207,0.5859021708447926,0.9766983041390842,cluster_5
3068576400044200116,,238.6487926556132,1619.4103424049276,7844.081171021184,1617.2059207689956,7841.371746245386,1622.2470404014157,7847.595184809832,1.2225881691999227,77,0.8114682296893554,0.9999999999999998,cluster_5
3068576400044200119,,888.1026456832436,1623.9938198799723,7849.0574745027425,1617.044050559542,7843.640800663881,1630.3000295936588,7853.491688038014,1.257449166408607,85,0.4408534300599794,0.9301379920441464,cluster_5
3068576400044200120,,1898.637591583861,1577.223125451072,7850.989214625216,1566.3843109369247,7844.120597853597,1587.3971562859606,7858.431466058874,2.260070803857919,323,0.3243261914133874,0.9203442538609372,cluster_5
3068576400044200124,,1259.9761627320595,1543.7480196813462,7858.650562190226,1533.8709059420737,7851.646196894368,1552.311223556376,7865.507289666157,2.044262524642648,262,0.4138764443163577,0.910864500049552,cluster_5
3068576400044200127,,1576.9892450335687,1546.4889370404348,7865.0654349394845,1534.7178262733732,7859.438592416704,1559.0367524117903,7870.447699140815,2.931765824317143,193,0.3783048530724532,0.9351310059255956,cluster_5
3068576400045100179,,1236.1639686385984,1704.9723836926382,7842.404885262434,1695.6568425029436,7837.810591593665,1715.140617691065,7846.955250786312,2.2942944045628915,297,0.3958933275406404,0.945566657711666,cluster_5
3068576400045100181,,1306.6167357645204,1688.3126236819517,7843.973714798742,1678.5751862935847,7839.918006241627,1698.0764952199754,7848.206606665199,2.36731631531145,391,0.3789869889891054,0.951642165331202,cluster_5
3068576400045100183,,1153.366488545395,1727.4393234608433,7849.798888455827,1719.3018278933323,7844.450528991476,1736.2834017313614,7855.600948925754,1.3647701101082017,402,0.4158856608223797,0.8922885144105716,cluster_0
3068576400045100185,,865.6350558518608,1736.276429603453,7851.274338540379,1730.650591181925,7845.208333934323,1741.1578689877977,7856.898915919442,1.301998087889744,455,0.4158522736567463,0.9823665373513648,cluster_0
3068576400045100188,,495.8608344583738,1859.063080563088,7852.253453842074,1855.8161566565784,7847.550045062249,1863.164448871863,7856.359589718084,1.197592838314675,265,0.5698130052367519,0.9533799632108374,cluster_5
3068576400045100189,,948.5875573267854,1837.777213230612,7852.947350654446,1828.693572086789,7847.90794315469,1845.566864715704,7857.800589970661,2.007322036504578,363,0.4776599718566746,0.8744242333418246,cluster_5
3068576400045100192,,1018.9168332126976,1873.949875447244,7855.32667694558,1868.463435072566,7849.22396022684,1879.5605727093016,7860.903177428429,1.1202663254912548,396,0.3845250159418944,0.9810748218374984,cluster_5
3068576400045100201,,533.8822831048121,1760.863445688577,7857.889956916499,1756.2634107534257,7853.956489860405,1764.878938020376,7861.869212032145,1.0764192734745497,274,0.5179238949425747,0.9871747047553954,cluster_5
3068576400045100202,,597.1844310960604,1892.5000929667951,7859.023360361724,1888.1664473462424,7854.581528206741,1897.4991673392567,7863.109805322834,1.2632532282895217,248,0.4866551578745017,0.9980649426437456,cluster_5
3068576400045100203,,733.0517030592049,1769.9569910555324,7858.800120556799,1764.6505164837206,7854.430969950882,1776.1483139669238,7863.403159801364,1.435022351547094,294,0.4665492894406497,0.9699850543029476,cluster_5
3068576400045100205,,623.4596856991913,1867.1453431703924,7860.950618820295,1861.9201177851007,7856.639578214942,1872.4356137606903,7865.422260915294,1.8883065204860137,198,0.5047783648944127,0.9857623498406431,cluster_5
3068576400045100207,,750.8878442827798,1778.363974214764,7862.883183950644,1773.654275464584,7857.515291114202,1783.4244416999263,7867.989602965484,1.1392852153560609,319,0.4422090036530601,0.9754743793254934,cluster_5
3068576400045100209,,987.6492512144754,1847.6304094848224,7866.466000479327,1840.689766547286,7858.984945509477,1855.0320631352668,7872.715636080084,2.04609284214764,331,0.456677796991399,0.914598598414931,cluster_5
3068576400045100211,,212.1855252284924,1797.0440167449126,7861.979706485597,1793.954188207783,7859.165802242407,1800.1678109092752,7864.419564148008,1.67436920006341,50,0.8795258823070524,1.0,cluster_5
3068576400045100217,,541.3203074886419,1838.471829253485,7865.433250307761,1833.410603561014,7861.015410569072,1842.699625605534,7870.662528371542,1.720442909812724,245,0.5557806708872556,0.9787222230938688,cluster_5
3068576400045100219,,850.7302697356293,1764.5847884283178,7866.332871254266,1757.310749281914,7861.312638038144,1770.7922167303504,7871.051550941812,1.2354420594550095,369,0.4534844650394123,0.9148846678285985,cluster_1
3068576400045100221,,760.4976659035442,1898.259861636992,7866.003390811166,1892.4649142292817,7861.744987278962,1904.521283569257,7869.726732289929,1.5105060487185529,247,0.4530941445105033,0.9808907808140588,cluster_5
3068576400045100222,,595.6815309376592,1917.0985839280872,7867.989993026444,1912.622448804664,7862.599356181998,1923.567622655333,7874.093954580343,2.3205914194677546,220,0.6825036409785669,0.8240148726182992,cluster_5
3068576400045100225,,605.3030162348642,1887.8229695317264,7865.569875393462,1882.9281293586264,7862.057390648828,1892.5725910474528,7869.4261806287905,1.2861750607419171,194,0.4920647516997974,0.9903597506096452,cluster_5
3068576400045100227,,671.34303539772,1836.8129649898488,7871.978624200709,1830.325567278596,7864.628648716705,1843.286988412484,7878.25761442293,1.9479667215995813,326,0.721958855154292,0.6924746076362286,cluster_5
3068576400045100228,,582.0873499361992,1874.7207937266253,7869.07229721012,1870.326302021057,7864.41536200672,1879.6672594086497,7873.225496112634,1.4469683420675477,190,0.5039790482029504,0.996876791602082,cluster_5
3068576400045100229,,755.3019152196756,1797.9599340019538,7868.384503422249,1789.56741404318,7864.421468800369,1804.245145232452,7873.487453754603,1.9479284418066505,222,0.529529307871034,0.8843990240168543,cluster_5
3068576400045100230,,653.590018072266,1821.435693608599,7870.093963923662,1816.1915809626328,7865.257526278337,1827.4491789228905,7874.227594039597,1.6956622148005969,148,0.4951175417630388,0.9867651186652197,cluster_5
3068576400045100234,,395.32300647850127,1907.4584081512533,7871.792320823827,1904.8517749259104,7867.508137024757,1910.883680685868,7877.355402245938,1.349939596661664,168,0.7585563638325707,0.8186212325315187,cluster_5
3068576400045100235,,253.45164135882928,1790.5278768769842,7870.015553361584,1786.8699384706854,7867.579643711173,1794.6790169606452,7872.254863495561,1.727334964832702,99,0.8142119818923533,0.9710873760141036,cluster_5
3068576400045100237,,265.2686119734637,1923.9531607582453,7872.91020012144,1920.94974386002,7869.086030607385,1927.49246989116,7876.297675586686,2.263707230452934,98,0.8142223493774149,1.0,cluster_5
3068576400045100239,,305.13115938906543,1831.3153435052736,7874.316991380962,1827.565219151567,7870.953647977321,1835.395825979432,7877.382550758709,2.061618316706908,113,0.7476999500531479,1.0,cluster_5
3068576400045100241,,1367.217268634931,1806.2064102881848,7877.813427699506,1799.6803667484448,7870.856043934792,1812.8623250443136,7885.5963078425075,1.049669272960046,499,0.3438793218814995,0.930416933037391,cluster_5
3068576400045100242,,986.6344746217756,1849.146512168831,7876.734788197735,1843.1621221745825,7870.95152386826,1854.8917313967,7883.649167546149,1.6854250336557626,331,0.4066015995389137,0.966187109055798,cluster_5
3068576400045100243,,740.3041540839346,1794.3963500785935,7874.608531426382,1788.6126996115588,7867.445207089765,1799.8516369537797,7878.934076017894,1.2909847907999166,315,0.5646029432521936,0.8249846751650773,cluster_5
3068576400045100244,,851.9029113186589,1861.1345482262973,7876.435127162672,1854.8471984556863,7872.099985374554,1867.9440948227468,7880.995961967263,1.6603498198191318,254,0.4304965570636593,0.9766422245928412,cluster_5
3068576400045100245,,681.2675086415608,1882.7431376789104,7875.940465695538,1876.2864482480315,7872.329666212987,1888.557086057275,7880.961796475661,1.5280666117812756,253,0.4934814985824473,0.9805792257261716,cluster_5
3068576400045100247,,543.3073559471395,1826.9901170360624,7878.6267121354595,1821.73239385922,7873.310683305563,1830.9607855742347,7883.101560036377,1.0198610424805992,250,0.6522905821227981,0.8273125501951336,cluster_5
3068576400045100248,,396.99727136289823,1921.464480447205,7877.518138103557,1918.1104976228064,7873.411481555007,1924.7753266115408,7881.057239615556,1.2841437282422867,144,0.6067330016590328,0.990351836520139,cluster_5
3068576400045100250,,598.2806473769923,1778.576993658418,7879.585967712161,1774.193924318266,7875.165154276334,1782.71609900414,7884.701346676258,1.0008715132218,249,0.4964859497366402,0.9825837191677436,cluster_1
3068576400045100251,,242.1391351365241,1896.899400055661,7876.954548406378,1893.3213635984337,7874.7642447928065,1900.416513794917,7879.764469997634,1.6594659519569217,86,0.8102863468307825,1.0,cluster_5
3068576400045100252,,363.7695418456021,1928.084693675399,7879.101473620094,1924.9661684192104,7875.452772909141,1931.6663429120904,7882.131427935318,1.00529557434668,176,0.6248199903259243,0.9999999999999994,cluster_5
3068576400045100256,,825.3682011056993,1835.4494840018508,7882.567445721236,1829.566642488099,7877.169347719667,1841.1353738465573,7888.308245929988,1.4588488797450854,266,0.453647440513226,0.9368357960574356,cluster_5
3068576400045100258,,725.5545763263572,1871.0860826197743,7883.029745979467,1865.6434796746173,7878.153636697403,1875.9630878455512,7888.5555982144415,1.604149694928335,232,0.4556860880693767,0.9945127344527028,cluster_5
3068576400045100259,,1306.9756278058155,1799.6726275845992,7886.228861245922,1791.4596496335148,7878.721499319681,1806.6740293005405,7893.427893223279,1.828209294208703,516,0.3804951464639816,0.9211076611361686,cluster_5
3068576400045100265,,446.7076635707657,1824.6896796095448,7888.912928162369,1820.7211350396333,7883.8314121063395,1829.249718713427,7892.687381393214,1.2816838083827904,160,0.6450811975506606,0.8829586261268915,cluster_5
3068576400045100266,,560.6153336551693,1832.085284803108,7887.91117446538,1827.107537836973,7883.78429580938,1837.4077111582587,7892.262610000412,1.8538759434043408,201,0.5370143090652798,0.9786897093484672,cluster_5
3068576400045100268,,787.220402489039,1862.511229518784,7889.742182947703,1855.1883486852475,7885.79875822709,1869.866412163837,7893.66962837561,2.170427610084144,182,0.503820796488159,0.9173990537145504,cluster_5
3068576400045100269,,644.0023333004299,1852.2950878584647,7890.574172178115,1846.718256419866,7886.248718000974,1857.3105141639555,7894.442825892329,1.319046549236215,215,0.483913659216337,0.9869691214689688,cluster_5
3068576400045100271,,498.8905747009809,1931.2192825095387,7891.855807629587,1926.23431452752,7888.016796932189,1935.5304387593949,7896.033316246488,1.5111537216998632,258,0.5551657923619625,0.969592901207794,cluster_5
3068576400045100275,,602.4944071562239,1838.921523377696,7894.261121887976,1834.395305415539,7889.505538252177,1843.8930881880567,7898.557164037236,1.0524063123354843,214,0.4924551253107379,0.9712039633469046,cluster_5
3068576400045100278,,361.6053753595019,1925.7715276053823,7894.397593421579,1920.1997121383663,7891.748942329251,1930.609509185228,7897.779476726873,2.4676560488566324,124,0.7457570627832542,0.9231905344483006,cluster_5
3068576400045100279,,282.7766836913894,1889.8600899332464,7894.888393230734,1886.7063275819364,7892.09876807891,1893.70158252998,7898.113625685426,1.5940320174448972,132,0.7370680599068641,1.0000000000000002,cluster_5
3068576400045100280,,470.75128207517696,1802.5299452987315,7895.939678001464,1798.2431624581902,7893.05252881878,1807.2493239063529,7899.333794383708,1.453273571789032,242,0.5632357209028641,0.9960951492152028,cluster_5
3068576400045100283,,660.8485512631238,1854.8516398370923,7898.494240015789,1850.0095842098835,7894.293498970501,1859.444367621936,7902.898741488256,1.086227448946142,179,0.475545076326822,0.9871233401205451,cluster_5
3068576400045100285,,611.8281444261831,1922.3825580272744,7898.465003053432,1917.0822958753104,7894.55686425406,1928.195011034913,7901.468672068974,1.584384596782895,211,0.508967823840235,0.9889940201799768,cluster_5
3068576400045100286,,894.694033964301,1846.3934069142945,7900.494341195213,1839.8408611845327,7895.7093933204305,1852.5274667219028,7905.248566967755,1.4756876263444063,249,0.4080128933024088,0.9877705150813716,cluster_5
3068576400045100289,,436.8885604832152,1883.0165135365644,7900.164237912153,1878.955145602285,7896.608807199113,1886.5924473825112,7903.9989679879955,1.4644215214834906,171,0.5816470419366374,0.9919723512649428,cluster_5
3068576400045100293,,827.7733345693955,1832.955182326012,7906.205563178301,1826.002279726741,7901.185962377512,1838.96505738269,7910.576358616014,1.481441448431421,241,0.4687741163604216,0.9001996085338227,cluster_5
3068576400045100294,,276.01993644797096,1889.32776372157,7904.017724968813,1886.5322658502853,7900.3697667462575,1892.5497801995664,7907.463407047326,1.8275022564678225,103,0.7559306395922586,0.9954374819488344,cluster_5
3068576400045100296,,532.9058718580511,1879.8480525046948,7905.495211093593,1875.8662833064327,7900.818540174572,1883.5761188827823,7910.094920765359,1.5162855365534522,262,0.5356432287543491,1.0,cluster_5
3068576400045100297,,924.6348961954968,1859.0007987864064,7906.682844908167,1853.1515485284,7901.152303601882,1864.866585877449,7912.352711655037,1.1410916188107048,272,0.4119212813721734,0.9546905819228138,cluster_5
3068576400045100299,,1220.8140435817609,1805.119293032458,7908.416660461567,1798.0507781562076,7902.212701378681,1811.2018745525943,7915.834841453069,1.0053600018092057,455,0.35829897421256,0.9560785118901438,cluster_5
3068576400045100301,,318.30689479012784,1886.2751275444805,7907.530479363587,1883.5677232418889,7903.743941638611,1889.8984315244384,7910.513288561416,1.3891683072038872,124,0.6965280963298788,0.989573149208103,cluster_5
3068576400045100305,,712.1320982230403,1898.915475252844,7912.268173821555,1894.323906393788,7906.916271426095,1904.0416050033195,7917.207190853351,1.4393587123086922,235,0.4616403669987369,0.972801862971356,cluster_5
3068576400045100306,,548.4538495849574,1927.8300004713897,7912.537348648903,1917.1985133911544,7907.512911540956,1932.162312890075,7917.180514083761,1.8787576154059584,209,0.7077865338949992,0.5883070824106698,cluster_5
3068576400045100307,,185.44026644596264,1910.5322935234856,7910.70058985737,1908.0975283251264,7908.053252720771,1913.026112502324,7913.132347756642,1.2302949349822443,102,0.8853160487021156,0.9999999999999996,cluster_5
3068576400045100308,,181.4737485221212,1855.2759482751696,7912.702619518043,1852.984153949889,7910.139428816507,1858.2417012975968,7914.936343667696,1.4443272178570905,55,0.9144043644460244,1.0,cluster_5
3068576400045100313,,811.932785059235,1841.884405821257,7914.066333454575,1836.18696700782,7909.486284613122,1848.6959190414227,7918.418597938762,1.486465106938436,243,0.4336906178742694,0.985166743975495,cluster_5
3068576400045100316,,466.9574521266703,1810.5814317750592,7916.460096954297,1806.251112471932,7912.295503044411,1814.2336171851248,7920.9619185376605,1.187416586675914,238,0.567930812994467,0.97316239904569,cluster_5
3068576400045200155,,528.2888108891179,1671.8772123073998,7841.313577687665,1665.0920976229547,7838.398425757883,1677.7314467091703,7844.338260598824,2.22787140171875,162,0.6710223859855101,0.8492257060205844,cluster_5
3068576400045200160,,1120.7857197188637,1717.1592095834678,7847.46084488026,1709.1040936321283,7842.200349390786,1725.6928696037417,7852.807464463757,1.6143049389092845,418,0.3962032662151126,0.9457900872984778,cluster_0
3068576400045200163,,1486.856581303081,1745.241778482361,7853.884785552922,1738.4952929996498,7844.878245584365,1753.7909707209426,7862.024907050619,1.6011549928720583,670,0.3892870194556805,0.8137349974603392,cluster_0
3068576400045200164,,563.9300870676758,1864.9798953105208,7848.821468235772,1858.6900167704337,7845.640721083087,1870.8251853501715,7852.322415860587,2.080213786212409,224,0.5599754431362234,0.974841017496338,cluster_5
3068576400045200165,,672.568147587105,1849.483993851029,7849.085214918959,1842.4491632791644,7846.390203543878,1858.5316299834249,7852.957837004499,2.7560061256693107,207,0.6051955086221658,0.8983207734360653,cluster_5
3068576400045200168,,1259.7558176801963,1883.893326654652,7854.408865265018,1875.926572281142,7848.448010401706,1893.3140972632511,7861.245649091291,1.3315035555650574,508,0.4747140388236676,0.7526353882312375,cluster_5
3068576400045200170,,678.2412816118434,1753.7529114408446,7853.986433248997,1749.0018987254557,7848.978961884086,1758.8308981562725,7860.42219064369,1.2148891462902562,303,0.5406109969599208,0.8789341688120432,cluster_5
3068576400045200171,,617.1093343106847,1825.8754708629408,7852.276221702092,1817.9543991512376,7849.419901114221,1834.524568978975,7854.712020460689,3.5442417929322705,156,0.6525159766563325,0.8791026760664413,cluster_5
3068576400045200173,,1213.3483874955944,1813.1183225613115,7856.774410782447,1805.9240885128288,7849.745732978458,1820.143628551033,7863.453128785761,1.2599861255887022,313,0.3832434131347013,0.8927797024433917,cluster_5
3068576400045200175,,651.1243522372556,1851.7065461518648,7854.645974958934,1846.4469005234528,7850.181826501894,1856.6720202150343,7858.688350141212,1.2504306819265865,220,0.53288613251796,0.9180705893056214,cluster_5
3068576400045200176,,1236.061180758261,1899.230365565496,7855.656659563996,1889.1313321123605,7850.501711958268,1908.316687998163,7861.477830098849,2.313914606082061,367,0.4046333831368843,0.9243330990313487,cluster_5
3068576400045200177,,564.2641870019379,1755.9294518066713,7862.381556806833,1749.6429319998294,7859.033474729749,1765.8245091829922,7865.839102295273,2.463104498026996,250,0.7491808873389658,0.7042477538659887,cluster_1
3068576400045200178,,702.6091142977899,1840.90202615854,7858.518660791036,1832.909597703701,7853.552255182967,1847.44874167566,7865.941365935164,2.256645730465485,217,0.6644857968173835,0.6804328204198161,cluster_5
3068576400045200180,,962.3544108531812,1827.179679037534,7858.636126355799,1819.603806226287,7854.500122987896,1834.6023399344413,7862.929357159896,1.9745995251878203,346,0.4218800681083836,0.975265343847119,cluster_5
3068576400045200181,,412.7983378631491,1800.841009444071,7858.187597031714,1793.531410083904,7854.725582867478,1806.1750335781653,7861.241957030785,2.839291405336092,97,0.8624774373939691,0.7741294098974744,cluster_5
3068576400045200184,,962.8680972930764,1788.2866113037412,7861.1838552625695,1781.0733046400007,7856.765537790481,1795.7526160304249,7866.807684136776,1.0836782905746527,286,0.4312443662148869,0.9301782343685052,cluster_5
3068576400045200185,,738.8889776131496,1804.7882604206045,7864.63355521408,1798.868810973113,7858.594830743109,1809.6340916474703,7870.753678859087,1.4150009469565843,225,0.5300742309034394,0.8732965502670396,cluster_5
3068576400045200188,,725.418618836278,1908.7970282867088,7864.242742447202,1903.365634428557,7859.641682429122,1914.973675110535,7869.79405755161,1.2016107116045514,284,0.5423725614506066,0.8304817614117949,cluster_5
3068576400045200190,,1158.7555435204151,1856.7853094956024,7865.995958868306,1849.0382354502376,7859.573544068449,1862.788643728904,7872.281535796191,1.621420899896728,376,0.3777841334886803,0.9684476269543272,cluster_5
3068576400045200192,,616.484499596914,1879.0016644854225,7864.202121868788,1874.393865498905,7859.854390280769,1883.0471586001336,7869.772384745499,1.3444085886039234,157,0.4973907602059157,0.9731770046136128,cluster_5
3068576400045200193,,992.0579525764164,1826.8605294433164,7865.792019205336,1819.013542155516,7860.68693818133,1834.376749100784,7871.319163361097,1.905568798592442,237,0.4296941600590404,0.9422066984802144,cluster_5
3068576400045200194,,657.7521138851347,1813.6926952183464,7864.932636716467,1808.7926171827887,7860.545432689261,1818.62102759941,7869.501560924997,1.3070916923547893,118,0.4687218912895314,0.9944625266094226,cluster_5
3068576400045200198,,1340.9197553003153,1775.6656064878682,7870.579502723624,1767.617828242651,7862.858899741093,1785.8486535717864,7878.1411511102015,1.1145471934081437,570,0.4479092821568802,0.7358545395011414,cluster_1
3068576400045200199,,867.0175398078838,1866.8725318621275,7869.571975283413,1862.4000654511249,7863.758472301557,1871.9113059384813,7875.344324948503,1.3267347945330583,258,0.4272818185573558,0.9549333510889118,cluster_5
3068576400045200205,,753.7205898341133,1892.228576519081,7871.665569591853,1884.981849358744,7867.741705223665,1899.426027165597,7875.013502610318,2.0339750578713205,276,0.5023738231730371,0.916295074595597,cluster_5
3068576400045200206,,963.2576646798664,1785.913923013722,7876.970725774961,1781.567028212454,7869.619821526516,1791.292456689144,7883.11581528089,1.671941609578992,389,0.4062116203139263,0.9825608608333004,cluster_4
3068576400045200207,,462.0433391225846,1914.9487070493687,7873.057687349989,1910.7353637147955,7868.993528979609,1919.372157274772,7877.662026442584,1.9588803741566312,143,0.604472609099494,0.979176532534438,cluster_5
3068576400045200211,,593.838293449556,1818.4212684847648,7875.389131527527,1812.87938065548,7871.249965371247,1825.898554638308,7878.865346633613,1.735934279978891,165,0.578363201798951,0.8910226306570941,cluster_5
3068576400045200212,,702.398952934039,1936.1979928212545,7886.817031150612,1925.3242519708224,7871.794357390834,1943.7349410356808,7896.21503914023,7.215789672332038,153,1.031294892694796,0.6473625710374725,cluster_5
3068576400045200216,,364.8968395203,1912.3640096575025,7876.6069827351475,1907.604899066166,7872.897217337065,1917.848543477356,7879.862776128402,2.4438329384504653,105,0.7470136534593177,0.957102257623376,cluster_5
3068576400045200217,,896.93687559667,1877.2696010610453,7879.500246184705,1870.0763371295288,7873.625057361383,1885.0655092301008,7884.613517995889,2.292179439717972,308,0.467638567329176,0.9103622798861616,cluster_5
3068576400045200218,,473.1525045857669,1841.347874978448,7878.4389550094575,1837.8595004883068,7873.950116475719,1845.6223663415385,7882.795540830504,1.1011835509168768,181,0.5646235354730457,0.9669840481627764,cluster_5
3068576400045200219,,826.7052089482622,1893.7269626734287,7880.32310242644,1887.4699200087416,7874.68718979229,1900.3799634106315,7885.1214471121075,1.5574643121439604,306,0.5198247599591966,0.805671751277803,cluster_5
3068576400045200220,,884.0971739542977,1911.7660619121364,7881.222668538348,1903.575488062948,7876.236204048579,1919.4385591453315,7885.585490969808,1.7857071377129847,278,0.5598108511940342,0.7714388944282968,cluster_5
3068576400045200225,,308.1469981136561,1821.8093013067808,7883.107195405572,1818.295261020373,7878.920892017528,1824.4720304448344,7886.666115335721,1.3996886733919696,121,0.7316456101683537,0.9650654048532484,cluster_5
3068576400045200226,,780.3070136998915,1861.523352819133,7883.549496308673,1855.099601373288,7879.219520840057,1868.6250745375207,7887.645056439146,2.3064878199387167,246,0.4767724457918291,0.9958287975062108,cluster_5
3068576400045200230,,2145.377571878365,1789.7992746246532,7890.072880923916,1779.64541423918,7881.920503858115,1798.5573118435211,7900.0442295824305,1.4285423266697663,1119,0.2982994705882276,0.8888494442985162,cluster_1
3068576400045200232,,407.5939900646089,1890.0843212866168,7885.747064013676,1887.1721555050472,7881.465983195317,1893.4673145155552,7889.923919558336,1.372929662263817,142,0.611101976222774,0.9724147819174634,cluster_5
3068576400045200233,,970.471068653223,1921.341962244936,7887.747559130416,1914.6282878194288,7882.601150615221,1927.6317839124024,7892.161041431592,1.362216619496751,386,0.3974146302082081,0.97021780673836,cluster_5
3068576400045200236,,1143.2461600973477,1902.2484140350025,7892.974351788951,1896.7501891631844,7886.248718001027,1908.0144742047933,7899.535652300951,1.477428297915142,445,0.368325707711013,0.9752642408880674,cluster_5
3068576400045200238,,1151.7241868491533,1818.190116931268,7894.446547220708,1811.0607576238488,7887.760675960486,1823.8390725651368,7903.003258040051,1.6380399406943729,420,0.4158665688978898,0.8671785033067445,cluster_5
3068576400045200239,,514.3316052541753,1875.084984798375,7894.396553504049,1871.3981512366715,7889.944946418197,1878.4925783306128,7898.9847411354895,1.1609049974036705,191,0.5264456278872559,1.0,cluster_5
3068576400045200241,,388.9122696934165,1830.660666894036,7893.780926905457,1826.4450425030127,7890.583178551932,1834.716823086057,7896.690969438067,1.4872028030180162,146,0.6241164011430259,0.9907048928810992,cluster_5
3068576400045200243,,693.5504442422653,1863.27929253768,7896.633405953215,1857.5170924971617,7891.983875859015,1868.4305282603084,7901.95269734337,1.8105258839656195,247,0.4888213830722617,0.9670762121842056,cluster_5
3068576400045200244,,756.5890685572504,1815.076905717467,7900.847516683951,1810.8134099844333,7893.5032662103695,1820.2403388056348,7906.53690840882,1.958802703001825,201,0.485978711646675,0.9546135091763392,cluster_5
3068576400045200246,,908.4710020027512,1895.0889349968256,7900.248754231406,1888.9251316288703,7894.7464310538835,1901.4268317848023,7905.24094444347,1.2992774734133323,330,0.4016870763205812,0.9938105256673256,cluster_5
3068576400045200247,,432.90671630304666,1912.074304207686,7898.910829298883,1908.0057532831672,7894.455363775917,1916.0300528017049,7904.266856765263,1.8202482067063703,119,0.6981917237280982,0.8537164374861277,cluster_5
3068576400045200248,,1065.2367552045466,1797.4265410041958,7902.066327950998,1790.3925072256682,7897.233372669921,1806.2428724055703,7908.712796691162,1.3702292912149383,366,0.4796268834388928,0.7736544995803172,cluster_1
3068576400045200249,,234.88232515648608,1808.257355937365,7899.266028793486,1806.3649898671176,7895.7093933204305,1810.2453043991088,7902.76383234662,1.8284948161616408,74,0.8123854522390567,0.997602240318306,cluster_5
3068576400045200251,,549.1024523882772,1830.0609171850465,7899.509575658807,1825.595636536637,7896.119993003282,1835.9373434253648,7903.1994786945,1.4128148987788238,204,0.5465089701761602,0.9682648190415052,cluster_5
3068576400045200252,,617.3157373787022,1923.6743025936687,7904.168588534775,1916.7754659689856,7898.047182136702,1929.152875189702,7907.645122289874,1.9168103452701448,239,0.6509126391667254,0.7395379129251962,cluster_5
3068576400045200254,,721.0138264169668,1934.2416878683564,7903.820110460663,1929.7966405068569,7898.559249666023,1938.5798141507216,7909.441288785814,1.495362293517216,229,0.4510502630665551,0.9852479128037632,cluster_5
3068576400045200255,,594.2453951414504,1908.4232555224448,7903.120742349122,1903.828462416826,7898.876744138382,1913.355845830472,7907.388323546734,1.3592684055448294,188,0.4888033521193654,1.0,cluster_5
3068576400045200256,,262.5940735070602,1837.855463644604,7901.979074219118,1834.340415679563,7899.315700256266,1841.2171459073984,7904.879267879904,1.8357514075034616,58,0.7709712983230634,0.9945529753712288,cluster_5
3068576400045300152,,717.5614532100808,1845.6240866801784,7884.663704634951,1839.5559437628604,7878.925008557819,1850.6075226014573,7889.820203889501,1.0121009341259697,215,0.4987923434180591,0.8943008623805566,cluster_5
3068576400045300166,,439.1708724130932,1915.1300176725329,7894.13089411608,1910.529112436032,7890.616935072599,1918.9930496087447,7897.722439610229,1.1117904848409104,120,0.5780733951972384,0.9768702489221496,cluster_5
3068576400045300197,,201.8153289132701,1920.8214928904056,7914.741359656421,1917.69110000371,7912.598585674255,1923.5147628833795,7917.273009991,1.5943642766460135,67,0.8742974532422095,0.9986512324648644,cluster_5
3068576400046200823,,1296.6010178455444,1943.831933167339,7901.8226569237395,1937.5714085217653,7894.055306273568,1951.5600477189864,7909.352045857225,1.0637020604628409,274,0.3821522557036033,0.8958006196279132,cluster_5
3068576400046200854,,901.0790293523924,1949.017590796397,7912.733812900276,1942.7897437954755,7905.657919848292,1954.2122144904708,7920.682278710478,1.6388623043498156,243,0.6978851578137366,0.7525904458388001,cluster_5
3068576400057100009,,554.7893142238897,1477.174343702031,7913.720424000735,1472.1283814073638,7909.05429662469,1482.324617548417,7918.873136711614,1.6710609028081411,113,0.5783265959551592,0.9030310715831849,cluster_5
3068576400057100013,,2462.589292953215,1450.201472937341,7956.022536209478,1440.336222197569,7943.804496433531,1459.4024165965373,7968.91100023033,2.124712711738154,388,0.318126053337612,0.8086558421189123,cluster_5
3068576400057100017,,2068.366395096414,1426.534772613851,8008.092031700813,1419.1397944817102,7995.552139151847,1432.6549741294966,8020.398287771902,1.9326361263764045,342,0.3309958627231722,0.894257060463674,cluster_5
3068576400057100039,,744.9338953802783,1429.2703791061926,8131.239332211948,1424.686337114347,8125.401772915801,1433.157224271445,8138.526491611285,1.5826757813442631,155,0.5490542981971815,0.8609248826036707,cluster_5
3068576400057100045,,400.7467686374774,1428.147034961154,8186.483241682583,1425.255596754114,8182.375358065932,1431.1870460079474,8190.550798569024,1.446995762017273,103,0.6224999847217604,0.9718050745042232,cluster_5
3068576400057100047,,304.7594460319344,1428.7295459465297,8193.377262368294,1425.2117474569563,8190.460888979392,1432.2910904876403,8196.02596113504,1.2583463339332317,76,0.7278489468405189,0.9485384896922232,cluster_5
3068576400057100049,,295.0434203948115,1429.469796997195,8197.433478346315,1425.3583058046,8194.251614915273,1433.413561043462,8199.96808216956,1.6622209614778989,78,0.8237088133185394,0.8750093265677703,cluster_5
3068576400057200039,,3643.662157383993,1462.2314139884602,7933.738000185397,1450.7220518391048,7915.801272057572,1474.0390218620716,7948.475470403256,2.1349874979449504,426,0.2754001339162144,0.8250703973291256,cluster_5
3068576400057200068,,2988.5698968018405,1436.127383073171,7985.707122191479,1422.7393713214071,7971.717293030619,1445.2101910804151,8004.33584738219,2.4327216338384035,300,0.3666028119588577,0.6957443664758806,cluster_5
3068576400057200089,,3150.0348988834508,1421.2562051497969,8028.754600969331,1413.6775161260657,8014.345155202621,1429.651834598435,8045.41264470438,1.987346029488846,541,0.275162977204279,0.8392915748328943,cluster_5
3068576400057200128,,3568.534453396468,1417.4765987426874,8054.914914479813,1407.6237185089135,8038.762348739332,1425.7879673754476,8069.379649574717,1.685019567259732,486,0.2843423302680712,0.7906477291335926,cluster_5
3068576400057200155,,2903.003161153866,1416.2343355923,8078.939833004622,1406.5563484562647,8067.412792626294,1424.0681341685715,8094.471255571077,1.6925640753914877,381,0.2868865223544974,0.8318357178158959,cluster_5
3068576400057200181,,1129.9775567675938,1421.941140166695,8095.7456537193075,1417.01526584778,8088.838900047764,1427.607490384887,8104.028063385824,1.0450588985088924,210,0.3955486572930247,0.9367960211056796,cluster_5
3068576400057200188,,344.5456248934461,1422.2501075653258,8104.471546037755,1418.691385358176,8101.485607232015,1426.3606683085618,8107.9314958939485,1.6478049600364997,99,0.6859731246746622,0.9829415086901718,cluster_5
3068576400057200191,,2187.207083648661,1432.103801230293,8111.207400480774,1424.4978307572433,8103.322682188119,1441.757031507557,8123.977924013339,1.2792458189298337,34,0.2903557166437056,0.9145885684223612,cluster_5
3068576400057200196,,1557.876960679821,1424.2634959738557,8118.8156373475795,1419.3347568215192,8105.796400592579,1432.4196617586083,8129.513298619502,2.072386982274208,410,0.4148780747570481,0.7849966901186862,cluster_5
3068576400057200226,,2037.6689615834944,1425.465474119217,8147.372652761092,1419.1834066035608,8136.985105483392,1432.2143117404944,8158.792999871211,1.8640242291008893,377,0.3201417914854693,0.8807517039006997,cluster_5
3068576400057200245,,2071.96442932865,1426.1792240424402,8162.475019774952,1417.671651014492,8152.869061792184,1434.9441343322103,8171.001386010745,1.1885274152271172,213,0.3404683965632488,0.7977323216399592,cluster_5
3068576400058100027,,510.9917738936381,1904.0888173116723,7908.586397428539,1898.8846496999213,7904.924575976431,1908.5925224769023,7912.559157511305,1.687468706508187,207,0.5684975407602305,0.9590237740490082,cluster_5
3068576400058100033,,832.9230869613159,1891.009499995493,7914.315823475617,1886.166592573699,7908.615684023847,1896.3259844008696,7919.180179594691,1.0621915238425992,233,0.4194012955427312,0.971647560785916,cluster_5
3068576400058100034,,555.0495365534958,1830.831007605656,7912.65429408748,1826.927933186518,7908.710967394178,1835.655351935266,7916.756119568295,1.0274051586915836,124,0.510931800439299,0.9868699970984858,cluster_5
3068576400058100035,,281.56457863166395,1933.15741426919,7912.479735095725,1930.5618559786803,7909.244455860752,1935.9476494724604,7915.842612738541,1.4168662819144957,101,0.721343449699919,0.9865681472405264,cluster_5
3068576400058100039,,1110.2933245100228,1850.262816646386,7920.046416816333,1843.201424730974,7913.619810129246,1856.591026023068,7925.778922597954,1.2565348268657155,271,0.3843751150841644,0.9214303918814616,cluster_5
3068576400058100041,,594.1512308151314,1833.2280415463351,7918.679821106068,1827.007948936353,7914.543409135622,1838.750006806034,7921.951195695937,1.507590415888472,160,0.5496541919403984,0.9031738570053488,cluster_5
3068576400058100042,,240.40416593560812,1925.962535039169,7917.715296627793,1922.5221118327047,7915.102128462921,1929.4207568513875,7920.255859659423,1.5470878413423736,109,0.8174070656807093,0.9747253089898408,cluster_5
3068576400058100043,,491.1296696038976,1924.0749894040964,7922.035019714369,1919.399199912244,7918.077581612047,1929.441408458244,7925.403811786456,2.0522989651099075,138,0.5798907560114211,1.0,cluster_5
3068576400058100044,,511.2167421691248,1904.9257202589145,7920.686695558819,1898.806807793033,7916.611908784309,1911.6554284640688,7924.708257223132,2.42997117578722,160,0.7026628458370082,0.8034083564350997,cluster_5
3068576400058100045,,816.5338355837063,1873.6438682674031,7923.937920135707,1868.0243703030344,7919.364726790082,1879.5581544933173,7928.251927351766,1.029414112093549,240,0.4129135126327488,0.9982988516562166,cluster_5
3068576400058100046,,707.6171311597083,1895.936157073256,7924.246154739076,1891.2999552810595,7919.619790107356,1901.0236954212703,7928.569421824125,1.2010678079815231,176,0.441752371369382,0.9953110422968544,cluster_5
3068576400058100047,,1227.8474374404464,1818.887419977889,7929.240060723817,1812.6982565154783,7920.044155571556,1825.4900065222755,7937.267715397696,1.886650665500946,462,0.4024434649487621,0.91154429642047,cluster_5
3068576400058100048,,500.2580136075754,1888.0368213570189,7924.3261017114355,1884.2241084069387,7920.063766117837,1891.466039636554,7928.951946620378,1.3708578009350196,177,0.5392112846491753,0.9862979999785976,cluster_5
3068576400058100050,,1044.3019707831056,1834.967431279352,7928.956101664641,1827.6482750767368,7922.649154957759,1841.989168469815,7934.643503003263,2.2485278807399496,220,0.4207377010350038,0.9659034029939092,cluster_5
3068576400058100051,,636.262774914005,1811.565989110983,7927.492746380034,1806.786614033448,7922.64370602638,1815.537218846384,7933.3275112147485,1.4888615942781287,157,0.5130780978307573,0.9634485924346632,cluster_5
3068576400058100052,,551.489983247368,1947.45798493188,7926.807611802512,1943.7348550764489,7921.565214754375,1950.4270381248948,7932.637675774115,1.6957047089900268,191,0.5765942394628557,0.92311390085656,cluster_5
3068576400058100053,,578.2862231694141,1847.473475597481,7927.064815618047,1840.7603515583787,7922.64370602638,1852.9574325723715,7930.845299891715,1.9254189459374065,156,0.6016475308304502,0.864942083625364,cluster_5
3068576400058100057,,567.1648288973552,1913.958976911439,7930.733580807143,1909.0864132124848,7925.888065492454,1919.0515840949176,7934.549415624068,1.7575846559852135,127,0.5940086934576551,0.9067954143990766,cluster_5
3068576400058100058,,686.9416557107221,1940.5241131996845,7930.628218270374,1936.4584865830195,7925.697287634311,1945.5461943050907,7936.245240839267,1.1270120640416557,234,0.502681140083697,0.9180797923437136,cluster_5
3068576400058100059,,1077.7120037791944,1924.867609846304,7931.093401249448,1918.250106609907,7926.099224651822,1931.393510357484,7936.560073604853,1.4235867109907672,353,0.3669648873247469,0.9885078265650784,cluster_5
3068576400058100061,,959.4936431868808,1847.378696914497,7934.247477160616,1841.5171888155007,7928.165221875588,1853.8987790683525,7939.488025940769,1.652131041593596,185,0.4213122110738871,0.9458133157561393,cluster_5
3068576400058100067,,479.89052493136353,1913.7454360171248,7936.476517167474,1908.8542069194484,7933.0009405527235,1918.891547949294,7939.994556888849,1.6799544740021066,124,0.5832905188905276,0.9701116611926112,cluster_5
3068576400058100068,,266.35991840671323,1937.637683376217,7938.329941816233,1935.3906946487327,7934.217372254841,1940.249367187618,7941.859548987379,1.8961008660123264,58,0.7871071129929261,0.9973898295279786,cluster_5
3068576400058100070,,561.022713768297,1821.6669228279093,7939.72067369638,1816.6030798815004,7935.0388928760385,1826.1138104144884,7944.660371307015,1.139412739287936,259,0.5940487946051861,0.86477755972748,cluster_5
3068576400058100071,,982.7730037458732,1950.227574368724,7942.872266904569,1944.210241566143,7934.973494898574,1955.1713386890656,7950.299262447836,1.096718061795957,236,0.4501772179347693,0.9024515645876902,cluster_5
3068576400058100073,,388.4539680554586,1942.5152152039525,7941.245261081151,1939.90401513536,7935.319403076272,1945.5902457032123,7946.51236637652,2.12068098049032,143,0.7458032701498931,0.8904439210920998,cluster_5
3068576400058100074,,288.8296141881159,1866.0979492480487,7939.762232153479,1863.0356174305584,7936.772894691064,1869.394718460485,7942.373699214765,1.2046893930509783,110,0.6984654497715627,1.0,cluster_5
3068576400058100075,,690.211058507757,1878.099491402936,7941.448726713469,1872.830441151256,7936.868251462869,1882.6118791746464,7945.613609128006,1.1432836067392884,218,0.4574829149364491,0.9822615551678656,cluster_5
3068576400058100076,,622.25098444119,1827.336262484645,7944.015155280782,1823.2102251730653,7937.531343286508,1830.62225049625,7949.501018467668,1.5362370953454991,210,0.5200129201836092,0.9543761206515786,cluster_5
3068576400058100078,,564.4532196245805,1886.6915240760352,7943.126410763813,1882.3881380884964,7938.225383209115,1891.7937924217424,7947.432865855713,1.7427458614258553,153,0.53658632945149,0.9627448660420967,cluster_5
3068576400058100079,,440.8742166168206,1851.72169154965,7943.537336636657,1847.3915033729425,7939.2005201174015,1855.8361808374727,7947.690146112138,1.789199341007791,125,0.6154140099095168,1.0,cluster_5
3068576400058100082,,747.1739668712993,1901.0410832217096,7943.733796214488,1895.7019763575345,7939.267621056786,1906.2557522282489,7948.447365810968,1.5282725620287327,186,0.4457365572432916,0.9825547995629692,cluster_5
3068576400058100083,,260.4914583113559,1859.0315446413188,7942.645908332591,1855.841240979824,7939.649339430277,1862.6578295252543,7945.207455897727,1.4304086810025376,71,0.7868792939471447,0.9785362330165062,cluster_5
3068576400058100084,,457.3031767892343,1917.9059039444123,7943.097227221724,1914.565642126852,7938.963240611743,1921.8729715857928,7947.309622095216,1.1138946733968706,105,0.5799274782004383,0.9690413743993068,cluster_5
3068576400058100085,,440.6129320539415,1932.064575968252,7945.880644392361,1928.612392321127,7941.623305506102,1936.4984329940933,7951.844201917172,2.19348355586965,145,0.7057363254126338,0.8761527642399579,cluster_5
3068576400058100086,,514.9942140595977,1834.8279096250008,7948.380781447361,1829.3157544969413,7943.175539504664,1840.174051234122,7952.956216681453,1.7829975367166102,274,0.6694988991104703,0.8243960872140366,cluster_5
3068576400058100087,,820.772554970137,1911.384524311805,7949.240254489226,1905.0898004244648,7943.837744765282,1918.794253696513,7953.19161115949,1.9901358547880288,231,0.4689282020872962,0.9485766903464352,cluster_5
3068576400058100088,,459.49670853838353,1935.308967352943,7949.325864124708,1930.7731917036665,7943.996860919037,1938.7617610965344,7953.530972025615,1.6316231382795887,83,0.6113201392037263,0.9589066244600516,cluster_5
3068576400058100089,,887.2419366851952,1862.181491139942,7949.15565970898,1855.6038127292784,7944.580152584373,1868.6723598271903,7954.158804130042,1.565343282267512,186,0.4222183033720016,0.9782345004096732,cluster_5
3068576400058100093,,249.76538673479087,1920.8781673461715,7949.966672938155,1918.243558425138,7946.794407198468,1923.415158472088,7953.085809770308,1.4451656141852591,79,0.7813230250679817,0.9736774886412832,cluster_5
3068576400058100094,,779.125736114094,1856.7522800123973,7953.310289570605,1850.9606461669216,7947.591012358336,1862.941955769236,7959.024146138848,2.270370586407475,261,0.483684924436094,0.9704485699925022,cluster_5
3068576400058100095,,278.0356263575166,1925.752117903052,7950.461838312652,1922.7794850942312,7947.545291738565,1929.0480828867671,7953.996045794062,1.2081497371241712,134,0.7318380622923424,1.0000000000000004,cluster_5
3068576400058100096,,572.786753250232,1950.4117936978948,7952.478690786607,1946.889043950904,7947.043854243106,1954.847343927016,7958.269616305666,1.404915606346378,186,0.593766380309413,0.8866368492336018,cluster_5
3068576400058100098,,623.3089644696438,1929.8223228389704,7956.136797513899,1925.1812361602945,7951.447467690382,1934.523503619748,7960.733188722974,1.1118077256508974,135,0.4812713988064536,0.994575824424936,cluster_5
3068576400058100099,,926.0825398861044,1877.305080328024,7956.582619733513,1869.64797423275,7952.049879690973,1883.3155102491664,7961.972052706366,1.8100120792462004,224,0.4290033511787002,0.973007177979778,cluster_5
3068576400058100100,,884.8277193445,1841.0006275434864,7957.773429459484,1834.504242132938,7952.350671660929,1848.487035705992,7962.785131668183,1.2714343407455817,440,0.4611027425555289,0.877109890946896,cluster_5
3068576400058100101,,870.3859540271783,1887.613856544502,7958.124345525182,1882.706932438741,7952.551251701074,1892.3880399968823,7964.245384874303,1.3293846509080398,232,0.4218912528767378,0.9619591621542088,cluster_5
3068576400058100110,,868.1146276452703,1849.0500798239864,7966.351251393572,1843.0015872474216,7960.0660124213955,1855.7600553158013,7971.660938537895,1.8192110205436327,348,0.4505418593491392,0.9514898804773008,cluster_5
3068576400058100112,,862.8871913025258,1944.4617269968985,7965.553575272563,1938.3914888698068,7959.554802118906,1950.9378015730776,7970.949641447391,1.0288451419832163,301,0.4653992410075371,0.8877325586797151,cluster_5
3068576400058100113,,423.91186978583374,1899.2134262495945,7963.608582458618,1894.4789927566287,7960.43503248996,1903.1786478601105,7967.193535211238,1.6149979479919918,160,0.5995416319233707,1.0,cluster_5
3068576400058100117,,747.8076911871785,1869.1330166686616,7971.378300518459,1861.0713647508187,7965.473637128824,1875.4752483209656,7976.394930941065,2.434684152807149,315,0.571135348700702,0.8637618291554606,cluster_5
3068576400058100122,,597.1568052882651,1868.876584394588,7977.540377931144,1862.934494281919,7972.708333151056,1874.478430485766,7982.660385160093,2.537236433469018,267,0.5909469916852833,0.9159018382913684,cluster_5
3068576400058100124,,741.4567182653115,1880.987831243296,7978.278794729625,1875.1535565531167,7973.725159653213,1886.6422098551648,7981.926434914459,1.2832642733563258,408,0.4830182687197691,0.9248140025936136,cluster_5
3068576400058100125,,819.5164093501493,1898.467085003404,7978.179335120374,1890.320813850291,7974.426792935326,1905.82817015366,7982.393860804708,2.358005606987665,282,0.4785715635720571,0.9728422135887403,cluster_5
3068576400058100126,,847.9991776165388,1891.2518728274808,7981.76796444578,1886.039594700409,7975.645660973945,1897.3088454495849,7986.462308792996,1.5785521630429384,309,0.4419536985858839,0.9528296945880906,cluster_5
3068576400058100129,,1291.6367582752312,1930.137013082176,7984.268659446623,1922.226263354297,7978.4995741546945,1938.972726603561,7989.262608193572,1.6009473181934908,472,0.3658875075677836,0.9458689556439696,cluster_5
3068576400058100136,,1279.6022590961816,1894.238362500916,7990.45066031828,1884.9786248089656,7984.6071084929,1904.243031600816,7995.991106795397,1.710359767550088,321,0.4112044250368,0.8546933311880536,cluster_5
3068576400058100141,,769.0344825262104,1946.0682905786573,7995.622366061827,1940.383200500474,7991.158379048451,1953.4554001791385,7999.373808393824,1.5750134384809018,340,0.4907935818003645,0.9169044469612788,cluster_5
3068576400058100146,,947.794621102076,1934.047637853186,8001.918416156243,1928.0713995415067,7997.485102103187,1940.1381605055287,8006.873741246414,1.2898316263767005,492,0.401619102504097,0.9762372500953064,cluster_1
3068576400058200021,,720.2293769607122,1872.3415413337395,7905.640778881003,1867.5923772869303,7900.857490901728,1877.246986145964,7910.432422828941,1.071641599981451,220,0.4481003220319132,0.974025173939034,cluster_5
3068576400058200023,,1019.605865641608,1846.625004752443,7908.187095817049,1838.8648417160064,7903.843841345539,1854.393869704508,7913.126672972618,1.905668814660601,348,0.4493671437341491,0.9000967380709584,cluster_5
3068576400058200025,,1344.6311901421898,1822.229219045732,7915.148607462602,1817.1241886165783,7906.766660234433,1827.5048414454016,7923.47422472086,1.6783100860729574,459,0.3456241550447466,0.9806917303069026,cluster_5
3068576400058200028,,385.66932439239207,1863.863121402192,7912.716985682309,1860.8674765861936,7908.767143498486,1866.918552703762,7917.090504526229,1.466758382726448,135,0.6282142978386257,0.9869343276325055,cluster_5
3068576400058200034,,488.3938365673913,1858.9202948736424,7917.0345795216945,1852.8581110592988,7913.355674381443,1863.9302197889376,7920.900495199667,1.6781787155809704,120,0.6692153244244247,0.8455783683498458,cluster_5
3068576400058200037,,1037.3922840075954,1804.5990103438903,7921.759903614388,1798.8496393727287,7915.398712538283,1812.4874326748247,7930.278035538666,1.0742946137997111,268,0.4873827257583016,0.7526351237058423,cluster_5
3068576400058200042,,440.127957888743,1916.1699481080016,7923.673405948234,1911.171627364076,7920.322668832839,1920.071906130634,7927.753764810708,1.4127102562798537,116,0.6166235075812873,0.9693030844813668,cluster_5
3068576400058200043,,503.9669877045545,1838.7735672279773,7923.695837870733,1832.4067934678144,7919.895325443965,1843.2927701310737,7927.49594837201,1.7127635173103282,82,0.608777929917825,0.903037778361406,cluster_5
3068576400058200049,,165.27619690893744,1902.4872790632053,7923.4972402934145,1900.0921923023063,7921.227711649977,1904.9848938245548,7926.158420541912,1.2563857815058068,85,0.9559625036822093,1.0,cluster_5
3068576400058200055,,484.1139928953135,1882.888774217838,7927.848185352499,1878.958029018493,7923.63212415381,1887.5119169077109,7931.594052610815,1.2190320221124211,95,0.5490914305095479,0.9795514627013908,cluster_5
3068576400058200063,,971.2455362646408,1900.562382072654,7933.345528853753,1893.967374658637,7928.216489450153,1907.227736514483,7938.079654088597,1.4350535994713804,223,0.4007805463781433,0.959158435039396,cluster_5
3068576400058200064,,521.5261677757846,1876.1302942333828,7933.06028420729,1871.0435765564744,7929.027452161038,1880.799611442923,7936.980473971418,1.6043152873662394,190,0.5441838434240401,0.9756292148553216,cluster_5
3068576400058200067,,1164.9527939978925,1836.8123011561,7937.934457232178,1830.261782637448,7931.721125937557,1844.9114789143111,7943.178571736878,1.594026566164803,280,0.3852843398426791,0.9384727241694673,cluster_5
3068576400058200068,,469.5148440258516,1945.8352665368104,7935.187676699928,1940.030682151207,7930.99146559936,1950.3447254343705,7941.184535639183,2.0868378832671466,180,0.6930147498628417,0.74955462911808,cluster_5
3068576400058200070,,664.3370312444757,1890.195226492888,7937.7586779853,1885.566275811254,7932.519769950123,1894.8376934085509,7942.513579109506,1.3619548852658612,160,0.4750030740594765,0.9794770512710071,cluster_5
3068576400058200074,,1094.7086179853718,1925.237861120475,7941.706696041337,1918.7804653238584,7935.711342676452,1931.0449417314733,7950.048573760652,1.2339318315772867,327,0.4454022895927135,0.8080503297796033,cluster_5
3068576400058200076,,649.4922722261907,1911.2881742872216,7942.513691413579,1906.3637504822748,7937.024539343617,1918.988620105124,7948.656177005002,2.4563128613466514,167,0.6390263408637461,0.8407396628133192,cluster_5
3068576400058200080,,1009.6491300914688,1845.92445795178,7946.59758362231,1838.921217081834,7939.464124921824,1852.6618675389216,7952.760749176325,1.547515394152772,362,0.4411048510054155,0.8601570488123165,cluster_5
3068576400058200085,,991.5646631513108,1883.017419911266,7949.382862816785,1875.6388680747853,7944.783090433527,1890.800624627272,7954.019231231711,1.7339029185637909,227,0.4126215199587443,0.9601333002342504,cluster_5
3068576400058200086,,413.4354808586248,1896.798122495649,7948.47529244471,1892.560506010357,7945.539069413283,1901.83106002245,7951.23382143281,1.65810044770858,91,0.6526777062128755,0.9344390127032378,cluster_5
3068576400058200087,,400.3698773656075,1833.0822378374544,7952.927955771141,1828.8419264213512,7948.512215225388,1836.9622498970125,7957.500108667638,2.0322981809277127,122,0.6743138493827994,0.9372915100523936,cluster_5
3068576400058200089,,1276.241177883157,1940.035375411309,7958.222175531742,1932.8305600450983,7949.997867333576,1947.6930425008136,7967.087780290485,1.850022573525198,354,0.4062110352381857,0.8948360506378731,cluster_5
3068576400058200090,,947.4407416368756,1867.9367287860227,7957.77770954017,1860.791804594872,7950.626310653533,1875.040012298789,7963.007955520148,1.0954083153675556,205,0.5069595054482542,0.7835841898312426,cluster_5
3068576400058200091,,419.8406590820367,1899.316879765851,7953.637135156147,1894.486958617704,7950.398644389499,1903.6942519716645,7957.953956228272,1.6348338130102973,105,0.643620739787122,0.9421874975912136,cluster_5
3068576400058200095,,534.5535903504474,1895.041432843133,7957.1911576845,1891.125656490064,7952.787429058258,1899.7768099684008,7961.408987792734,1.1490484454519927,156,0.5350756092733127,0.9704113210357044,cluster_5
3068576400058200097,,927.159082195493,1906.651567421222,7959.08343366724,1901.071836035,7954.043417080607,1913.317670563199,7964.627705231074,1.1505415889771302,315,0.451861249535491,0.8895613525940944,cluster_5
3068576400058200099,,709.5475999009764,1916.1346823997624,7960.8924584394845,1909.6005316030016,7955.76609935742,1920.89537416206,7965.797150221952,1.2688606854902804,263,0.5339935789811209,0.86862396583183,cluster_5
3068576400058200101,,847.1700426572912,1922.635054249376,7964.757930632951,1916.876445624487,7958.604865190424,1927.5323612530904,7970.006571592073,1.6345058565574806,236,0.444156007893132,0.952171705392731,cluster_5
3068576400058200102,,845.0179247739302,1855.7222901901328,7964.0317028894,1847.4112426427776,7958.621112273245,1863.3600661986925,7969.617871590791,2.203194010695216,326,0.5070652229646174,0.8995572431148621,cluster_5
3068576400058200106,,926.795348712094,1878.5211148518904,7965.228442211534,1871.2476981861,7961.198633993948,1885.6813490191007,7969.379172703645,1.869509538545444,264,0.4205590968539586,0.9746211914445052,cluster_5
3068576400058200107,,971.4800625984516,1892.1304325968536,7968.208098537905,1885.5400204601533,7963.458948408985,1899.2860895535136,7972.631070638936,1.5544896340549783,284,0.3942280697784269,0.9846143504113456,cluster_5
3068576400058200109,,1138.9686641038418,1909.652752937294,7969.282216668573,1902.7795704681785,7964.208545471436,1916.96383396009,7974.69063610822,1.3435637362385784,371,0.3612766160976473,0.9802990020595445,cluster_5
3068576400058200112,,767.6249050664856,1859.5661013116087,7972.853940202343,1853.671551349902,7968.0195684650225,1864.7485336650664,7978.129269859675,1.03284744658383,399,0.509556355020263,0.8924815464691546,cluster_5
3068576400058200113,,1127.9195711768955,1941.4631695684527,7974.6064614575425,1935.580377368086,7968.495214673098,1947.952043559444,7981.000270900023,1.0781054385225082,303,0.3896106190625361,0.9247497902135334,cluster_5
3068576400058200114,,1523.2084447436564,1848.8725887560047,7977.751009816691,1841.3559012464048,7971.631282287377,1857.108924033459,7983.795387524181,1.3463436946651877,267,0.3215269946508082,0.943626425237843,cluster_5
3068576400058200120,,1320.8565729246109,1917.5939398009807,7982.668052215521,1910.997335230853,7976.318988903971,1924.8956036332456,7989.011709742306,1.0709097052809715,384,0.3484615056219491,0.9459474049058636,cluster_5
3068576400058200121,,1264.6034952458683,1905.5662171847184,7986.052329108536,1897.1719490809376,7978.793355887103,1914.396740165202,7991.746539127058,1.1043681706580286,457,0.436167685535633,0.8040454206519316,cluster_5
3068576400058200124,,1183.6843582971176,1946.743454550804,7985.501764084698,1939.8716434249573,7979.016425604746,1953.6604891511008,7991.587648954803,1.6318869257412902,315,0.3763871756319036,0.9443447069723648,cluster_5
3068576400058200125,,917.9010564216842,1881.0596956459235,7985.521585544578,1873.781836797801,7981.599345385373,1888.186484774515,7990.037135877404,1.660236666857006,344,0.4293712486005323,0.9434359845197074,cluster_5
3068576400058200129,,539.2350011697706,1929.3233135033583,7991.113149685434,1923.904636786256,7988.563240358749,1935.473406642221,7994.340307930583,2.018019826443072,232,0.5659399263630326,0.991455734607559,cluster_5
3068576400058200130,,770.0560167596007,1936.525496552999,7993.564858384402,1929.6060735803687,7988.001924434702,1946.132706150592,7997.700590465704,1.6554687143611244,296,0.6059501315409718,0.7559810283754654,cluster_5
3068576400058200131,,996.171384120572,1917.243600270504,7993.941050274354,1910.6589842722208,7989.169856244928,1924.9846222856827,7998.335760966836,1.562922464010465,330,0.4113713339817218,0.9572871466684492,cluster_5
3068576400058200132,,878.6205361932871,1905.5577160945668,7995.56339165124,1898.504255060396,7991.437793184197,1912.5484812304028,7999.09072021242,1.8258674748999195,253,0.4491324778307128,0.9392158415008028,cluster_5
3068576400058200134,,1614.9293481949385,1922.140172248291,8001.392222880256,1911.6556649295503,7993.869201874133,1929.983414702309,8007.947214698529,1.2812251213212102,485,0.357930911156938,0.836453829714249,cluster_5
3068576400058200136,,1997.5763872415548,1897.026892074972,8004.416247949463,1888.140159867071,7997.4856250222465,1906.2299171694187,8012.1579715804755,1.2599104833347488,73,0.273369853236533,0.977514326001322,cluster_5
3068576400058200137,,1332.180247878931,1907.7209841512429,8009.922798505525,1900.7845309842264,8002.45236088395,1913.763560944924,8017.233830444553,1.270003741938228,49,0.3588788076941182,0.908027120449235,cluster_5
3068576400058200139,,917.935448816986,1917.414083858444,8015.253821260166,1910.151311986132,8008.445847024357,1923.4054456278848,8021.021347867566,2.093626145288528,34,0.4593130537000437,0.9096827571244184,cluster_1
3068576400058200140,,947.5113691312,1943.8650786361345,8014.833492870363,1937.599779045394,8009.449414782918,1950.666837723409,8019.382969778271,1.403430217022876,164,0.4131437136725311,0.9522098645376847,cluster_5
3068576400058300016,,591.3537744947157,1920.057867412252,7909.561212409791,1914.611838893772,7906.029401173611,1925.5598305659007,7913.218316019628,1.7069042051098555,167,0.5358748217546424,0.9618178028853466,cluster_5
3068576400058300025,,383.0274904426142,1917.1193197843293,7916.753558260485,1912.038954500668,7912.382865295851,1922.085009327912,7921.879518217946,1.6342233887008386,82,0.9864507362845304,0.6901754917362195,cluster_5
3068576400058300028,,330.2923561490357,1912.184376728912,7917.991456463825,1908.653742807324,7914.841688052222,1915.789974083081,7920.96473246661,1.299290628259896,76,0.6583693119012625,1.0000000000000002,cluster_5
3068576400058300040,,400.6946740597572,1906.494941724579,7928.347527538469,1903.0204028575488,7924.011035850378,1909.9879410617104,7932.215787735036,1.341905254542096,113,0.6403527445566862,0.9497063341106152,cluster_5
3068576400059100009,,327.71469809668866,1941.465835031552,7923.613461603177,1938.2232354199527,7920.077360831911,1944.4742199313416,7926.500711224714,1.0539831467765015,103,0.6742558250717304,0.9999999999999998,cluster_5
3068576400059100019,,380.0359440978502,1944.5321323268784,7948.916441479006,1940.7825920985256,7944.958878314093,1948.2903593199087,7953.191611159462,1.324331152810052,90,0.7406213064532406,0.8168807506653255,cluster_5
3068576400059100023,,852.5400332439226,1952.562775818271,7961.222088117118,1947.7335783688188,7950.697158817438,1956.2589438423004,7969.075633362498,2.1507188047740984,214,0.568409633998971,0.7861575088927011,cluster_5
3068576400059100030,,274.3253229445445,1951.076768312072,7980.920899728606,1947.7579842307373,7978.038543018569,1953.704711982296,7985.164757923656,1.4606500974960268,75,0.8045323581494851,0.936313259697152,cluster_5
3068576400059100034,,1739.7333438584303,1959.5818357088644,7994.649758209432,1950.18712479582,7983.854767804755,1967.2345716441555,8005.2302667938975,2.029998729050604,354,0.3602256610198178,0.8825876257233344,cluster_5
3068576400059100043,,599.7655751626718,1962.3963441778465,8016.668859570026,1957.108459228356,8012.556205820784,1967.686575171188,8021.252954920272,1.0964218924969886,233,0.5071110839965868,0.9737084485862992,cluster_5
3068576400059100049,,1094.238955584315,1973.161339758401,8031.924962284552,1966.801054063313,8023.963101547637,1979.548434837074,8038.617235871943,1.4174206927872095,394,0.457086974115315,0.8388722841173053,cluster_5
3068576400059100050,,711.463107513945,1983.474658623318,8039.49732453827,1979.1442335212776,8033.944414233157,1988.386948512249,8044.239998218758,1.18482625978554,273,0.4596766633930885,0.9988736167204056,cluster_5
3068576400059100051,,197.98676421051744,1977.5624837015464,8039.75566403671,1974.9197934774545,8036.712951312712,1979.8847264151707,8043.248702719832,2.13479524327284,63,0.9424242800430606,1.0000000000000004,cluster_5
3068576400059100052,,1589.9950913189068,1989.1867754576729,8050.046745759295,1980.774547506209,8041.236104521397,1996.756788482416,8058.272689345606,1.668089423777065,464,0.356148810171314,0.9036182504539344,cluster_5
3068576400059100054,,985.291906070274,1997.958240147222,8066.687959978319,1992.654355449072,8058.09206378156,2003.728170051957,8076.538135127955,3.141199902615612,279,0.4929824451306048,0.9387600219121776,cluster_5
3068576400059100059,,638.3025389838932,2013.950589448643,8107.037971862986,2008.9559605564327,8101.109879439153,2018.30862576068,8113.250783397826,1.9810854839142988,188,0.5548449326737835,0.9064020293353074,cluster_5
3068576400059100068,,1672.5016758225402,2026.3778874452908,8162.131231473924,2018.5571684812824,8150.637354943487,2032.606741228152,8174.756487296087,2.3245771889040623,332,0.3830222108202941,0.7979077806644965,cluster_5
3068576400059100075,,942.9559602634343,2022.913598095585,8179.58368725603,2018.473077717579,8171.457934519833,2027.8784566868885,8188.728445396742,2.421835914016321,246,0.4994299724069404,0.8534573609914942,cluster_5
3068576400059200017,,676.1612343006536,1951.7749366955288,7928.14666879135,1947.300491554584,7910.528189085706,1953.9922042297044,7938.988527340276,5.055239214347774,153,0.9772357778959986,0.5748668573619671,cluster_5
3068576400059200018,,868.2268134588774,1943.3511803687668,7915.536297256113,1939.1952334240573,7908.786044819282,1948.5227447327293,7922.810396489585,1.5845613773674143,242,0.483178601361927,0.8955173313833267,cluster_5
3068576400059200033,,837.7104658017589,1951.225498964208,7973.305101142257,1946.7325053414568,7966.178211053694,1956.4099192803783,7978.896047873532,1.538094462443145,300,0.4722192995877776,0.9074959686690064,cluster_5
3068576400059200041,,1380.216074720752,1945.6768832084467,8003.814647214671,1937.4218090176528,7998.206259027042,1954.321023479716,8010.093718386866,1.5531482279981832,617,0.3613828178489222,0.9307003429265068,cluster_1
3068576400059200044,,554.045399359228,1965.291355656252,8009.751042985299,1960.7240437277285,8004.281813315822,1969.847113075062,8014.751025516335,1.9475192468278573,189,0.5652128767390671,0.9491429282976708,cluster_5
3068576400059200045,,651.3778742658286,1958.331349993385,8009.172211855438,1953.964553000988,8004.289435840053,1962.713004025032,8014.213496093608,1.3417211037309285,206,0.4805266814114955,0.9742969376704722,cluster_5
3068576400059200046,,657.750794801841,1951.1811574505136,8010.992708735379,1945.783113201776,8005.76277064764,1955.927326467276,8015.522019538464,1.1406318576366468,204,0.4967374067499474,0.938462370436277,cluster_5
3068576400059200049,,1098.4104634763771,1969.439052859341,8020.697206770421,1963.370060673981,8012.808337158402,1975.64083076138,8027.949319260674,1.261518414970115,414,0.4028870475275662,0.9005860770566214,cluster_5
3068576400059200050,,973.1609570540436,1954.697953351976,8022.37593760415,1948.9728031443576,8016.1484356592755,1961.0100633224408,8027.277551175601,1.0275379356819372,127,0.3860474806851721,0.9860623436149254,cluster_5
3068576400059200051,,847.7393637022408,1979.7352867661143,8029.159486645296,1973.528858253484,8021.941366885443,1988.304964727679,8040.360410539375,2.898988447944214,193,0.6012777453170407,0.7137720610214469,cluster_5
3068576400059200062,,1612.600174313891,1996.9788558054493,8078.169366432419,1989.7723413170704,8069.322138083133,2004.8607938522864,8086.708584366144,1.1942718501596792,243,0.3297384230737573,0.9118263627569044,cluster_5
3068576400059200063,,1560.8615761131382,2007.8507873513795,8093.399785855212,2001.2885767518776,8078.595321418248,2014.910327634107,8108.152895799627,3.541180286669973,490,0.497969138668382,0.7645572083861918,cluster_5
3068576400059200064,,390.25472412568615,2010.6942419112709,8112.282601671628,2008.0121365112705,8108.466012228044,2013.888792775919,8116.106135325229,1.326057385349186,79,0.6225175329863321,0.9955839301948476,cluster_5
3068576400059200065,,1079.3164120546362,2018.7334667776963,8121.23268801692,2013.9904004909472,8112.780348440212,2022.99462750394,8129.666326958247,2.306945246504265,234,0.4225939833690178,0.9367188369419684,cluster_5
3068576400059200069,,1716.8110232821753,2020.587073749828,8139.802759962584,2014.7562712873512,8129.069157104465,2025.4858246729848,8152.747948811524,2.268624460507514,315,0.3704376073316892,0.8480456764309781,cluster_5
3068576400059200083,,991.9833642612024,2018.9555779732968,8171.021603661078,2014.8002140097096,8162.099675920616,2023.2404896133576,8179.967092852436,2.527404034005197,102,0.4636094152289551,0.9221778202994544,cluster_5
3068576400059200096,,1693.6511214370323,2013.417160699312,8187.825496059573,2008.0897101322385,8179.511658718284,2019.972484729438,8198.483095774885,1.5978402141531558,168,0.3327283009232496,0.932836029539452,cluster_5
3068576400070100002,,1803.305469628699,1429.0619613041515,8217.377047503032,1424.4696174386554,8205.15622793676,1434.1349795747942,8230.3248837558,2.7313262564035945,373,0.3623568427662751,0.8773964881591971,cluster_5
3068576400070100013,,1657.252704558848,1429.5414398113862,8294.089744515468,1423.6844475154248,8277.253378436719,1435.8185939001337,8304.757408710018,2.555172316019508,369,0.4519437604294372,0.7289098619296417,cluster_5
3068576400070100029,,1079.3565091621476,1470.0289033823135,8364.614944295592,1465.0905071448651,8357.452372802207,1476.7489080390949,8370.96705639941,1.0762358953553652,332,0.3840462879908347,0.9589291134640808,cluster_5
3068576400070100031,,2857.823755893221,1472.8541793149743,8385.084541462304,1462.17154479599,8370.94355686865,1482.1498448770794,8400.513293958138,2.6822475875221263,1256,0.2800981364781101,0.9152966420268376,cluster_5
3068576400070100038,,667.1409654586016,1510.1824442481395,8402.07951559919,1505.3662332836277,8396.677430790585,1517.0564129869626,8407.943025903183,1.8675381809921223,233,0.5818776464164327,0.851459976978933,cluster_5
3068576400070100042,,674.7766680931171,1501.1276900856412,8413.776255631137,1495.4600910106255,8409.372477993971,1506.5898406669626,8417.484295502945,1.3696107201070384,104,0.4778551092517805,0.9781049690452442,cluster_5
3068576400070100043,,1065.7689045614777,1516.9672246711796,8414.907680196482,1510.7645512658603,8409.48654646516,1523.2198929169735,8420.17724768102,1.1686223001860565,427,0.3671207504857472,0.9796821710843768,cluster_5
3068576400070100047,,391.0885611910548,1499.7370299449597,8419.211585687955,1494.5561389357165,8416.83911713048,1504.709468795371,8422.006889168924,2.0700633091794924,119,0.6968983412798072,0.9383198078491484,cluster_5
3068576400070100048,,639.7175958311759,1508.3590936675232,8422.822851106468,1503.886286589029,8417.879311611892,1512.4111823438998,8428.120713393826,1.0956475955280238,283,0.4815793531818436,0.98073103262328,cluster_5
3068576400070100050,,892.9287763644586,1524.1456222281802,8423.624128186246,1518.9998483497377,8418.133928758034,1529.2504671610964,8429.566365403021,1.203893644876298,274,0.4113021441787379,0.9614058423878152,cluster_5
3068576400070100052,,892.9302669302725,1516.0137918589558,8425.6291931361,1510.6889766777222,8419.638264193314,1520.898371088858,8431.737164041018,1.058343659739227,358,0.4277053191814076,0.9532436124190498,cluster_5
3068576400070100053,,745.5726451057071,1531.5417216099934,8426.064435658254,1527.527904349466,8420.617859691518,1535.706120051996,8431.830745533134,1.437900354312294,262,0.4411299497456036,0.9933159251821674,cluster_5
3068576400070100056,,888.8014761306849,1538.7366565217728,8428.167368808567,1533.2338321475363,8422.251683147353,1545.4414003944792,8434.221086790027,1.1527928950911122,319,0.4542822845122413,0.8989278365053329,cluster_5
3068576400070100059,,867.5563806951363,1546.405787720145,8431.86686190209,1538.8692846501572,8427.205676515108,1553.6717793344214,8436.624685580995,1.9128700650536743,348,0.4629664697913239,0.912651094442564,cluster_5
3068576400070100060,,802.15758493336,1497.527129826363,8433.972987044348,1492.614043666,8428.202055490136,1503.9381880234896,8439.031395935952,1.315181082012261,289,0.4626746142794237,0.919149085627156,cluster_5
3068576400070100062,,438.72686331650345,1560.2952308112328,8433.475748661962,1555.0309594891817,8429.959256565771,1566.751145923203,8436.769053617198,2.145117097248209,134,0.7285116242812595,0.8567399706559443,cluster_5
3068576400070100063,,147.41072163411062,1554.0288430226465,8433.530113198556,1552.0222321971214,8431.002804115758,1556.0982795055038,8435.811979001366,1.361766977468014,82,1.0012522064241571,1.0,cluster_5
3068576400070100065,,1056.493376679089,1490.5960584898169,8439.622892417368,1485.4477084331336,8431.81686261019,1496.3240462747713,8449.033239986265,2.310227856946716,599,0.4724074424847786,0.8797677364490731,cluster_5
3068576400070100067,,773.925408120152,1536.8702130817042,8438.906113801318,1531.851640578835,8434.22548132713,1542.2426719323562,8443.92996601839,1.1077196086681027,158,0.4389595129279434,0.9637323905597678,cluster_5
3068576400070100069,,549.3938325267635,1522.7479366955956,8439.59437144291,1518.675808006564,8434.76546631267,1526.7306772111062,8444.145960012605,1.1407005996110346,228,0.5120535714405543,0.9886646498293926,cluster_5
3068576400070100072,,466.32345366436255,1506.461442114074,8440.580382864076,1502.405039576358,8436.435414815369,1509.657119958959,8446.107249912438,1.6567313762411704,232,0.6089449726952525,0.93745674100571,cluster_5
3068576400070100075,,1047.9640128074566,1513.5307229291045,8444.544153940109,1508.843803131315,8438.398933414464,1518.8652113398766,8451.497378340184,1.3285682867957405,516,0.383159229359206,0.9697914416307644,cluster_5
3068576400070100077,,471.6602511537436,1545.7025456614444,8442.554894235467,1541.191195780229,8438.855658206847,1550.37947622198,8446.589842558733,1.3619963589532742,189,0.5746035169452662,0.9758650345422384,cluster_5
3068576400070100078,,1658.328605969486,1563.80124281325,8447.040834692858,1555.8090405267296,8439.695437203432,1571.090146151607,8454.9609506173,1.1643953671736755,472,0.3137999617927978,0.9364804296776416,cluster_5
3068576400070100080,,2432.7317682925327,1609.3065187025354,8449.158708405348,1600.5384845587414,8441.021669620704,1617.6786357520907,8457.754962783838,1.0203344261727123,62,0.2445118685720723,0.9888085857372608,cluster_5
3068576400070100081,,271.047979506458,1541.5893477667794,8445.897769855701,1537.34480726308,8442.989038685397,1546.0435874293703,8448.47346242116,2.431791449144281,122,0.8424895918794546,0.96644965400148,cluster_5
3068576400070100083,,495.3987992606373,1536.914252945566,8449.189687751774,1533.0962242619398,8444.467799006226,1540.593456906448,8453.974812754703,1.345042816705433,222,0.5567289063076957,0.987362655207802,cluster_5
3068576400070100086,,505.9738140234156,1582.9929644150434,8450.539826155904,1579.1294848501266,8444.859603061881,1587.165366287675,8455.493267233182,1.6298991142029555,43,0.6115213997745969,0.8907449536978018,cluster_5
3068576400070100088,,864.5194416030745,1504.5500365941173,8450.252361731445,1499.049467074307,8444.902281198973,1510.310560349654,8456.607184528219,1.007004705659129,326,0.434877643713588,0.9465719637184388,cluster_5
3068576400070100091,,789.0586940280172,1533.4020107111244,8455.890322335877,1528.5651063348405,8449.81418922475,1537.981705999489,8461.736714122328,1.5241931663943766,315,0.4443090081699701,0.9941816103675984,cluster_5
3068576400070100092,,587.9247435152957,1598.6352703083287,8455.306392266839,1592.304827774581,8450.855260270311,1603.6878066087008,8459.273162131962,1.4756045722412825,194,0.5672345178699519,0.8918488839768333,cluster_5
3068576400070100093,,219.22183286282444,1588.8704936961385,8454.55146335908,1586.0409290410716,8451.844992597013,1592.1709944617253,8457.44701929998,1.4346646189659291,72,0.8463718459834499,0.9674436636932864,cluster_5
3068576400070100095,,787.1437377567233,1524.6833274907017,8458.26188887481,1520.493611460218,8452.345741258558,1528.902230048356,8463.753076299356,1.3967897496598451,263,0.4316268560901601,0.9921559785973676,cluster_5
3068576400070100096,,1741.634744378171,1570.7192540527524,8460.674317718933,1562.8689538169713,8452.529499132586,1578.4945328125816,8468.319075130883,1.1334861472269266,468,0.3140263230750783,0.935313086879924,cluster_5
3068576400070100099,,1311.524192488404,1557.5096826534823,8460.535205271926,1550.207537694932,8454.155480823401,1564.1527217880482,8467.156942920848,1.3162948004793975,353,0.3378717920808607,0.9725582263522612,cluster_5
3068576400070100102,,1171.018104723404,1582.554458060766,8461.59292628498,1575.6424436666289,8455.157365724732,1588.5603271979307,8467.532971198136,1.0311126754857165,557,0.3850089133923523,0.9062410498737368,cluster_5
3068576400070100105,,600.7174484521107,1516.3138012247234,8462.449939982325,1511.597165073584,8457.373979022312,1520.49542822908,8467.704049243683,1.45234336108492,208,0.5303441740980349,0.9336188689096228,cluster_5
3068576400070100107,,552.5957512137553,1532.399714577446,8463.004560598272,1527.527904349466,8458.894341314015,1539.4926800463634,8467.5911429559,1.496100249235762,214,0.6649245818486172,0.7676030845841341,cluster_5
3068576400070100111,,546.4041919887146,1543.6544620235252,8468.489889384364,1539.2750523077607,8463.728170280609,1547.1413126657874,8472.864530627574,1.17509546020864,172,0.5478817960587601,0.9482853009494316,cluster_5
3068576400070100115,,917.6911637187168,1606.401808270906,8470.933149699906,1600.8706582278928,8463.834870768835,1611.00497302985,8477.19304112761,1.3793192344735108,340,0.4359577534533572,0.9149005372471252,cluster_5
3068576400070100118,,1549.2822109239328,1579.2797706981112,8472.507334719134,1571.0902545690033,8465.775388533208,1587.748717507617,8480.45232133557,1.2094274203989557,598,0.3823503087118378,0.7927440182082272,cluster_5
3068576400070100123,,524.1065592382836,1540.2194155388372,8474.889071366959,1536.5500008307306,8469.375631483435,1543.812415499903,8479.772794157961,1.931410598461187,144,0.567075744335492,0.9737597447293947,cluster_5
3068576400070100124,,473.6735718166189,1562.617680202127,8474.485908229057,1558.692308223906,8470.080484366998,1566.2681472250767,8480.072498109927,1.2172557270492197,123,0.6307395453553939,0.8829383450724321,cluster_5
3068576400070100126,,445.5214516864372,1558.0598059934232,8477.226052380443,1554.2262074626574,8472.6221064125,1561.363537592515,8481.926696766495,1.3212241592331293,113,0.5959883765561914,0.9543071450966464,cluster_5
3068576400070100132,,484.2023803296773,1520.9944409901725,8478.221108220709,1517.117166752847,8474.008176226174,1525.7835179204112,8482.20990179122,1.139331018883535,404,0.627317490049795,0.8652058181744059,cluster_5
3068576400070200062,,1773.904409287493,1430.71064170323,8239.387021951321,1424.4563169699468,8227.880022573576,1436.7288255975786,8250.190975730811,2.188541787456152,478,0.3396585747609431,0.8860844407205015,cluster_5
3068576400070200067,,2192.4958170841896,1425.8531011481505,8260.389309709228,1420.6956021272208,8246.767868761102,1431.650694458603,8273.664705080977,2.546947814187825,417,0.3258649798680611,0.8969235702601904,cluster_5
3068576400070200074,,1197.5525508546075,1426.6182688602046,8280.09410910785,1421.5821666779848,8273.02317649321,1431.5758166505384,8287.314333923987,1.5099001551671405,354,0.3640894939415263,0.9603535949777456,cluster_5
3068576400070200082,,1554.232612644326,1435.9273223991693,8310.08163051871,1429.5247951133251,8300.838331202875,1442.1499589776736,8319.049290429853,1.7576503375852797,324,0.3294664953680359,0.9624179305067708,cluster_5
3068576400070200084,,375.381363654276,1443.85662118536,8316.63811279986,1439.4168606477267,8313.49924477024,1447.978966287006,8319.869845810366,1.7324777248571954,79,0.6708928415957145,0.952954471670939,cluster_5
3068576400070200087,,1988.0376249940884,1447.297028650542,8326.005085749712,1439.2241923302345,8317.606936684377,1454.9146668838914,8334.50411416598,1.1885055414387808,647,0.2912430685469652,0.9307979229457116,cluster_5
3068576400070200088,,1279.7342015134368,1460.134770718431,8340.870403615098,1453.7969163105106,8329.550736304187,1466.1933249122196,8350.48296922257,3.274014933478333,346,0.4280077808090271,0.946755461243408,cluster_5
3068576400070200089,,1062.3237335092374,1450.0949674629433,8338.89109672401,1444.6251740428638,8332.168392691883,1454.7194630869346,8346.810992875833,1.4934568774196135,402,0.3897255599429862,0.965482650626008,cluster_5
3068576400070200091,,1212.4973184980142,1454.0928474770767,8352.433515741308,1448.5706059538622,8343.005163903328,1459.677190112028,8360.16337892289,1.5678915635621526,466,0.40239386749594,0.8876440547761415,cluster_5
3068576400070200093,,795.686334209454,1463.7171167225372,8355.262830321539,1459.0420819942617,8349.97696488684,1468.0005627503658,8360.66863207735,1.2157690990988856,307,0.4490940468294235,0.939656554270234,cluster_5
3068576400070200097,,1342.2121789276548,1459.9473221781243,8365.216515054373,1452.4470683011957,8358.275733310817,1466.178408154412,8373.345601345716,1.4498143010375122,586,0.3558687683637021,0.9359540513441524,cluster_5
3068576400070200100,,1192.263626181758,1478.6545046840058,8372.088672218966,1471.3097142089691,8365.4863305469,1485.8452455384786,8377.958727163075,1.2891271950267396,317,0.3589602683776128,0.9653635932853925,cluster_5
3068576400070200103,,779.7832311075297,1487.9564607056675,8380.410039104072,1481.174354044218,8375.13330339648,1493.8556609514096,8385.71958457716,1.8296019657344844,252,0.4714398976311501,0.9411051252467976,cluster_5
3068576400070200104,,1087.388645169673,1484.0968991255472,8385.740603893852,1477.4574429369334,8377.610484210043,1491.739674527065,8392.225002065159,1.62627569103589,212,0.4392278016493155,0.8432524770495808,cluster_5
3068576400070200108,,1224.4239612704189,1501.4764827730069,8394.463137025401,1496.276246882756,8386.62891520256,1507.0013827446846,8402.78024248649,1.6538572121644992,304,0.3675543872064866,0.9648127594304634,cluster_5
3068576400070200109,,1067.857602749897,1492.0482432699152,8394.646029818332,1486.1881570155806,8388.64312602331,1497.390360534638,8401.083572265008,1.0603712022145837,289,0.3733874123103021,0.9772130662150044,cluster_5
3068576400070200110,,826.091462542674,1482.528024371962,8399.500064052098,1477.588501953167,8393.316457116436,1487.6119921471284,8404.561661281823,1.0055408928756122,314,0.4291410941496957,0.9811406857734648,cluster_5
3068576400070200112,,973.2700218308992,1496.289348802641,8404.762644536371,1491.568291827126,8398.694469278587,1501.585731240369,8411.422785535711,1.1701979699435494,308,0.3873083636970608,0.981060259688578,cluster_5
3068576400070200113,,405.7423443276508,1517.1001002671717,8402.157848725541,1513.49193739441,8398.788772277385,1521.9933512808625,8405.587277426428,1.357521300923257,81,0.6357778849422405,0.9691107294092308,cluster_5
3068576400070200114,,851.0690515410602,1506.264201124135,8407.572712459318,1500.4899281735222,8401.59929666051,1512.2704989283477,8413.439908376873,1.43611078549455,334,0.4458641662859767,0.9159261029099012,cluster_5
3068576400070200115,,1539.9298524891688,1484.67727052484,8411.563440599153,1479.0413775433924,8402.662943067786,1491.2216982154864,8424.259010367625,1.7738894557264429,600,0.399633368217692,0.8166861779759429,cluster_5
3068576400070200116,,1403.7471309785813,1528.2037731459916,8413.268749521785,1521.0207797055689,8405.141604323944,1536.009718171028,8420.735746073891,1.996385036496218,304,0.3539777150820654,0.9576399486919072,cluster_5
3068576400070200120,,1780.5933987627495,1545.751516725664,8420.727071268275,1535.592657247369,8413.076282127877,1556.4740893901442,8427.878187732971,1.8729700055696863,409,0.3277118852412653,0.8929563264433139,cluster_5
3068576400070200125,,1435.8360649521828,1487.2897722899324,8426.244108376326,1482.152390386621,8418.133928758034,1494.2889794593311,8438.842905855348,1.6074182427308246,820,0.4188274699694524,0.8136936517376203,cluster_5
3068576400070200129,,989.1129092159312,1500.5336414503013,8426.626122114745,1494.3514128824625,8421.198348242748,1506.204384257006,8432.601568450906,1.3336615874700013,340,0.3840556857920321,0.9814758220292368,cluster_5
3068576400070200130,,1391.177497444164,1562.9921694510888,8428.918185391738,1554.1348777630087,8421.913823656814,1571.9456809925528,8436.654391090939,1.9136794556456027,286,0.4138639340523781,0.8075893668131048,cluster_5
3068576400070200135,,1324.4980678765808,1512.9056113507888,8433.958219039412,1505.5009497806209,8427.70659217706,1521.1068467890766,8440.467014063146,1.5871758558339917,599,0.3673493983189724,0.901499976090994,cluster_5
3068576400070200136,,683.0907099839652,1529.0152025341506,8435.098400854795,1523.502636018881,8430.905830538788,1534.3804679159025,8440.38812535657,1.110535032699739,347,0.5238390064814751,0.8771725976879964,cluster_5
3068576400070200137,,2382.6994352634806,1592.25752200573,8440.283037125053,1582.502157803,8432.515741607323,1601.028153201093,8449.125855293985,1.4231728924393223,61,0.2489658318832146,0.9891445223592084,cluster_5
3068576400070200138,,592.4040813902734,1548.4712341589718,8437.394515070422,1541.440636706358,8434.425727480015,1555.9072935479426,8441.077783760282,2.5042338450609702,241,0.6564607034711205,0.8118760979447746,cluster_5
3068576400070200139,,1515.2883973595845,1575.6706439432512,8441.871655107183,1565.604561853413,8434.224958408071,1582.6734371105342,8452.648050041704,1.8345053561701945,532,0.4030897113308912,0.8430264170250041,cluster_5
3068576400070200140,,391.3847691846438,1561.5160197889952,8437.91232430699,1555.2260988295054,8435.196328295837,1568.0473604783788,8440.801214302099,2.436567091744826,139,0.861124985023806,0.7438164890020228,cluster_5
3068576400070200142,,843.7447243590811,1499.189853865766,8442.39147052209,1493.0105080448193,8437.99775370168,1505.4571874852286,8447.15711951182,1.110614484740418,387,0.4233225270973718,0.9742257281994188,cluster_5
3068576400070200143,,925.9478923275852,1529.6258508845906,8445.644911368452,1523.8862481461963,8438.882625814316,1536.6110005245807,8453.04850656999,1.1246070739727072,360,0.4875973196970418,0.7196932549121982,cluster_5
3068576400070200153,,930.717111005713,1520.9792047577685,8449.919069259318,1515.1940743999965,8443.861712930055,1527.4872947155145,8455.061279244748,1.1640791539473283,343,0.4323090100535873,0.9263848359818592,cluster_5
3068576400070200154,,300.3987647185612,1549.313334393266,8448.061891543637,1546.971396142479,8444.259770662962,1552.152105550755,8452.450041193539,1.582058363181556,113,0.7417402340582687,0.9560281868494894,cluster_5
3068576400070200155,,565.9819595756636,1589.6468806599912,8449.688460192685,1583.2664851835214,8444.66443455648,1596.3201279814948,8453.6262486587,2.413744255837867,125,0.6682820593499008,0.8441419744605773,cluster_5
3068576400070200157,,722.3638317340526,1544.0250513365356,8452.863389181011,1538.3862690719925,8447.817151345029,1548.595082735237,8457.942948336706,1.079165755604698,275,0.5055703645305282,0.890624376782126,cluster_5
3068576400070200159,,1124.228257980992,1499.6307829499744,8455.911250261694,1493.210894783773,8446.544750891475,1507.0006833233815,8463.952470909426,2.418061434569289,560,0.4424603049482468,0.8861792674361618,cluster_5
3068576400070200162,,753.2575658858761,1509.788182598701,8457.485735225744,1504.5699641867286,8452.216580975442,1514.5879078070716,8463.043454078259,1.2114509183409712,259,0.4505492738896292,0.9651480917437754,cluster_5
3068576400070200164,,985.6290173468944,1543.2300585437445,8460.484065483646,1535.832621932234,8452.969512099386,1550.449730524055,8467.439783394437,1.527580277279502,379,0.6121669505378388,0.6335170646032696,cluster_5
3068576400070200168,,889.9646277354516,1592.6502800043122,8460.75450060189,1587.460716485972,8454.868940853212,1597.5347390806735,8466.21003220377,1.2144247686581728,307,0.4084396339061672,0.9771744778908998,cluster_5
3068576400070200169,,2718.4900647811264,1646.5347954479382,8465.572932336794,1637.6640944655137,8455.932877745898,1656.6913571846453,8474.425745382967,1.052336725944694,31,0.2327172232763213,0.9714101519895304,cluster_5
3068576400070200170,,1036.8624481537329,1612.4540099269054,8461.275900968018,1603.0617714346918,8456.14205290386,1622.3842715828464,8466.730177247384,2.127352242394382,318,0.5365697554506408,0.7522114479361955,cluster_5
3068576400070200171,,867.9210340981159,1601.8321996096165,8463.508196382636,1596.8395646805754,8457.59335023173,1607.3107211031777,8469.377130358398,1.0418857756768989,426,0.4296512468603698,0.9325601864484524,cluster_5
3068576400070200173,,987.8199915549444,1523.8099699617126,8468.354189839933,1517.8589892547602,8461.94476106776,1529.999659659639,8473.542767495832,1.2018736872653897,302,0.4198621019942185,0.9109482744937918,cluster_5
3068576400070200174,,589.5862690227506,1509.326551945312,8466.942012606169,1505.1088600219443,8461.942841552289,1514.534419692911,8474.17574623665,1.4550546110765332,256,0.6419501176005707,0.7674748370584477,cluster_5
3068576400070200178,,1764.6525610381889,1627.4137678616992,8472.383981092351,1619.1426798590105,8463.936243153707,1637.2631024371346,8481.795220955508,1.110704444169176,502,0.3417926777661367,0.8387860386740569,cluster_5
3068576400070200186,,609.5596895986254,1547.3618291497312,8477.767119276772,1542.7847605555712,8472.57856731684,1552.6067951986015,8482.81400516707,1.8926403474618687,186,0.5555754449545912,0.95753145459319,cluster_5
3068576400070200187,,512.9398357621973,1534.5669659185858,8476.867869536169,1530.5370175350872,8472.56257442755,1538.2631732853358,8481.446208979376,1.381635687568438,151,0.5409349392958621,0.9754998805894634,cluster_5
3068576400070200191,,401.83492374313727,1514.6322532442462,8477.466695582078,1509.9484219249714,8473.810934297064,1518.3358299997326,8482.041523621352,1.7925544503369295,212,0.6898545288755863,0.9337856552624252,cluster_5
3068576400071200252,,1681.83155668578,1818.024430993229,8474.264440758881,1806.469978630972,8468.087093450338,1827.8596556880289,8481.339987443818,1.696358280417162,322,0.4015590846090905,0.8001816044361848,cluster_5
3068576400071200254,,1093.981049723676,1830.6792060911444,8475.798188156024,1823.3922291367185,8470.200068985972,1837.0759808870275,8481.478016554935,1.5200107445630238,103,0.4038778162088317,0.9275729945564208,cluster_5
3068576400072100025,,718.5902709371521,2007.758961312633,8215.882234172766,2002.359973111124,8210.409982699333,2013.5546264345503,8221.792176381166,1.91853710844069,211,0.5105642396979843,0.8986711733818041,cluster_5
3068576400072100041,,646.213611940553,1992.6765457197312,8235.329559495263,1987.3650282803,8229.912286451925,1998.5630362394843,8241.475370724103,2.3013672771727807,177,0.5475430156261437,0.9293521223475112,cluster_5
3068576400072200027,,1025.0696449636332,2019.3027016776248,8194.451289256895,2011.6835394308223,8186.383330867198,2025.053831656881,8202.238808412654,2.2996741397174443,111,0.4640424444420824,0.8856173595544325,cluster_5
3068576400072200028,,2795.3475971298994,2045.78630222414,8196.50118874984,2035.9409037526864,8186.4785531477955,2057.416012163707,8205.712660040683,1.058124755596612,384,0.2350195222426563,0.9589626686685772,cluster_5
3068576400072200032,,1136.145801045069,2014.17557848755,8207.162296439048,2008.7767448006696,8197.916634514357,2021.6332561814293,8220.03796679813,2.584158690171599,139,0.5854100413762772,0.7283280182460413,cluster_5
3068576400072200047,,1014.3732093819236,1995.6079346338847,8218.707201520314,1990.378779142157,8212.798952474812,2002.1832643516689,8225.279645469123,1.4240626369868816,46,0.3888120781549195,0.9755617238387246,cluster_5
3068576400072200050,,1288.0504285832346,2000.1719882099733,8226.469504794157,1992.029789314116,8218.921199858625,2008.4919667747977,8236.488404435535,1.863811439430053,210,0.4859135400015634,0.7485574986405503,cluster_5
3068576400072200056,,521.5093992766568,1988.40177656806,8234.571690239158,1985.2897226136213,8228.377480587982,1992.431595184813,8243.258788971209,2.304094409210645,67,0.8300524606008662,0.6393659499054548,cluster_5
3068576400072200068,,2223.549877679417,1981.5524679873176,8251.314210162804,1973.7763908897896,8240.66334614109,1990.2018427712903,8264.154260323932,1.6621122968757296,312,0.3180863348541189,0.8498361151612809,cluster_5
3068576400072200081,,1718.8952327406532,1975.246269943796,8267.171507164125,1968.4438738779425,8258.856570257789,1982.9647584399136,8276.077289926992,1.3247904972982645,208,0.3014839026143878,0.9604719921774209,cluster_5
3068576400072200090,,1994.153987543902,1975.4394181768896,8282.541213056851,1967.7548854191928,8270.846781107106,1982.257295239675,8292.931951827257,1.767687759391074,126,0.3621435307022051,0.7953683607091794,cluster_5
3068576400072200104,,2252.2921636895185,1981.1263006390848,8298.868292305937,1972.2374850261813,8291.122840531927,1990.486767755605,8307.02245846653,1.135466185779694,34,0.2705311039176479,0.9216593298747704,cluster_5
3068576400083100016,,1054.2424087046045,1616.2575696995095,8469.802016821674,1610.4698479844394,8464.332895934986,1622.897868199841,8475.034942058435,1.3022524453403177,396,0.3862557857401015,0.9585377462258152,cluster_5
3068576400083100017,,668.9078602843864,1533.7689719687369,8468.76879743697,1528.0235008572004,8464.72088315138,1539.7803112973304,8473.529525162765,1.295758184301528,236,0.6102740224253651,0.8152917521919546,cluster_5
3068576400083100023,,596.8841034748953,1514.997414115634,8471.398035520026,1509.1239456952312,8466.516715910047,1520.1941462188372,8475.23462721362,1.216469118825647,262,0.5732601403606611,0.8762743078659337,cluster_5
3068576400083100033,,389.8430182079852,1528.4059970975632,8477.748443948296,1524.5584753349133,8474.381725933063,1531.930535727857,8480.954723792524,1.112777191918069,143,0.6200581387735201,0.9696585415451022,cluster_5
3068576400083100036,,721.648989452489,1617.1012403715577,8478.931922491824,1611.7393130879775,8474.632803398992,1623.9107555978187,8483.762645717332,1.180807718602392,296,0.4859288966305756,0.9172248943197916,cluster_5
3068576400083100038,,1428.100325749776,1606.5533886393762,8482.02149304961,1600.029373841517,8475.502633174885,1614.2850813005891,8487.561827265707,1.1830325934708943,571,0.3460283922034545,0.9283409001551342,cluster_5
3068576400083100039,,2387.856856953724,1650.3955716071027,8482.968162567231,1639.8100576374668,8475.371951943274,1661.8126334230276,8490.791427609265,1.5511873898520765,743,0.2786046379026434,0.932879027821384,cluster_5
3068576400083100041,,873.8781881684538,1581.171273206134,8480.943568516537,1575.070456174716,8476.70189690292,1587.5554733943145,8485.603665510751,1.2189136089583443,327,0.431091938383414,0.9474198356766088,cluster_5
3068576400083100042,,229.11050204310897,1554.0913460550687,8480.047508837337,1550.9137686182414,8477.042397039848,1557.060951115857,8483.266470626828,2.2099430111341887,91,0.8611817251834601,1.0,cluster_5
3068576400083100046,,977.3722164516892,1593.897422075055,8485.030987708638,1587.703478224994,8479.322873771045,1599.912400152874,8489.925427963044,1.2968123275115602,293,0.3835317228055132,0.9892722451275624,cluster_5
3068576400083100048,,621.0021551356475,1572.9733087456536,8484.897083144386,1568.329215380803,8480.662170235526,1578.363951675992,8489.210479338082,1.1718144337626204,123,0.5174861522935523,0.9629930609929904,cluster_5
3068576400083100052,,698.1113191404654,1539.652264079326,8486.776310459536,1533.723437893253,8482.200582489493,1545.0261786777244,8491.359543918976,1.379233129793772,268,0.4801814551468139,0.9468668908581616,cluster_5
3068576400083100053,,727.5718660899386,1550.1406938722484,8487.987365420311,1545.2175890192327,8482.762358329024,1555.4300001121533,8492.860228232561,1.7048029857969975,294,0.4738418932122052,0.9557047236426676,cluster_5
3068576400083100057,,478.99423454515545,1534.5629676813792,8490.358478926335,1530.3550486799215,8485.98963865421,1538.8193744110245,8495.188022116801,1.9478723029503573,143,0.5981285211704167,0.9555043352014436,cluster_5
3068576400083100058,,687.1436497987186,1635.7695522137694,8489.873452826809,1631.2832508608374,8485.999880537482,1640.826289685453,8494.13035743952,1.167630592183073,348,0.4670096286909243,0.9818056542252231,cluster_5
3068576400083100059,,968.6914400092552,1666.809431751062,8489.213691534971,1660.011918182215,8484.573996169267,1673.3010159374903,8494.43276070125,1.5277080304520565,366,0.4013798482353227,0.9758025117197736,cluster_5
3068576400083100062,,2070.425021617332,1640.8336624224723,8497.863644410989,1631.3691947435111,8487.659752827085,1648.4815221732704,8507.791477772775,1.126249609913484,887,0.3196379617249013,0.8170139550849813,cluster_5
3068576400083100063,,1265.4452252811302,1606.2841898874867,8492.104941806681,1599.4904869573684,8487.162736812144,1614.112852474893,8498.292438993274,1.2857833978984183,546,0.3606358819927577,0.9306246021007404,cluster_5
3068576400083100067,,471.2896953288479,1572.1922405756434,8494.91132689564,1567.7848131691585,8490.82866423255,1575.755259849769,8498.906161798885,1.1200304901931004,142,0.5551983971832289,0.9869086642492124,cluster_5
3068576400083100068,,1131.3153197150937,1582.4925122050977,8498.577090194658,1575.6425001335865,8491.625965880658,1588.8884312753455,8505.512005055603,1.5258899159295312,374,0.377315066186657,0.9646706553813188,cluster_5
3068576400083100069,,1181.553845016638,1653.3963693096907,8495.290695209767,1646.9577260303415,8489.613298475206,1659.8575379160686,8500.418517427943,1.1675229948237298,568,0.3558723991306772,0.9693958014527068,cluster_5
3068576400083100070,,408.82689583074296,1531.147759546361,8494.292117975276,1526.9337319551903,8490.748037792118,1535.5767009252056,8497.67756612114,1.398219761831288,155,0.6052574376692222,0.988484330744716,cluster_5
3068576400083100073,,567.6050754723526,1539.7782035220694,8500.141471306286,1535.0211155457398,8495.587284426383,1544.6541743597468,8504.184061391517,1.3549625164500465,237,0.5094151773766066,1.0,cluster_5
3068576400083100075,,733.0085370434088,1626.9156219267466,8502.601781669291,1622.5287256623133,8497.285825381405,1631.698355435252,8509.484143262966,1.4207586451885663,313,0.472953573047723,0.943666340996277,cluster_5
3068576400083100076,,1086.7408744123588,1574.4381923740004,8504.101416377518,1566.0868624100092,8498.036780237631,1582.4538033927297,8508.999530307983,1.1551040415081322,301,0.4589713955909315,0.9227148263739688,cluster_5
3068576400083100084,,263.41017217042133,1594.9532021194789,8506.501937027877,1591.0105921980555,8503.33593695204,1599.0177340202877,8509.435806076053,2.314957818921452,36,0.8517023510024267,0.949887643839322,cluster_5
3068576400083100093,,231.1768158673029,1608.65340086493,8511.150472223233,1605.1079100896973,8509.174322904433,1612.0359506357142,8513.384068573265,1.786065863407418,89,0.8257195256101431,1.0000000000000002,cluster_5
3068576400083100095,,693.7177030776638,1584.252879241421,8514.228437623438,1578.753008130122,8510.69873765579,1590.2989544211832,8517.78852966411,1.6533167679688276,329,0.4943746466267886,0.9536584979368572,cluster_5
3068576400083100097,,236.45299519329623,1613.6731117578386,8514.946106501406,1609.1584193836638,8512.689853256621,1617.452424497146,8519.097002010847,1.3305179211104992,262,1.3173782708458024,0.6092187655050929,cluster_5
3068576400083200028,,1121.8359424116995,1551.9703372203298,8470.592896909935,1546.6414899000645,8463.195163306222,1559.4383278361709,8478.97422730695,1.3093259275828173,367,0.4490343480773701,0.8300937496679156,cluster_5
3068576400083200030,,1610.5367235913943,1593.5181099897052,8473.825402864653,1586.2889543953297,8465.291238209262,1601.14430527606,8481.688866618842,1.2661053599914769,638,0.3352688658941828,0.9165829936796898,cluster_5
3068576400083200032,,1331.917417941236,1566.2366902225183,8480.581660977005,1558.6776955934529,8470.74552163956,1574.12549116148,8488.926022416377,1.919533936193952,384,0.441479296808362,0.7613247970684838,cluster_5
3068576400083200038,,1472.6730916161996,1634.6427242896184,8480.828353160376,1626.5623032913347,8473.823926811838,1643.557736470587,8486.031059327386,1.31733245116437,518,0.3414980334752573,0.918952179419986,cluster_5
3068576400083200047,,248.0805728453384,1540.6050756185248,8481.522965944432,1536.8989772224006,8479.152392096606,1544.2492691997406,8483.788480475485,1.7527984927368392,96,0.8145962104633985,0.957039120454962,cluster_5
3068576400083200049,,1030.6427146129026,1527.4872971100808,8485.844410875432,1521.7819678955843,8480.116537694561,1534.1364527121784,8492.319241748812,1.1473481504789491,488,0.4193624425278771,0.8999904050150883,cluster_5
3068576400083200052,,1875.740560457256,1623.4916054643911,8489.137998558346,1615.9584282522387,8481.20818881262,1631.609052683764,8496.568902478732,1.0168774073073237,850,0.304944337673227,0.933306882342,cluster_5
3068576400083200055,,753.5316686706356,1583.776527369135,8488.773665128398,1577.6028360250068,8484.462297216287,1588.6381246123617,8493.19066494096,1.260831042542831,253,0.4843485175618846,0.9052251942310456,cluster_5
3068576400083200060,,497.84321285491706,1567.724825442407,8490.162646361125,1562.821304425475,8486.705203084357,1573.314222036336,8493.616207212317,1.5415984014834676,145,0.5664579078634912,0.979203337233614,cluster_5
3068576400083200066,,1535.0811903613708,1546.372969233085,8497.315718449994,1538.6405153570968,8489.318001189196,1553.0996610525497,8506.246253197784,1.2269502713644116,469,0.3721261865834382,0.8243320386333574,cluster_5
3068576400083200067,,1051.8543265281996,1593.8371899513256,8495.150251837536,1587.7947361643182,8489.950090961944,1600.0057078506256,8500.745656138446,1.3044249128365903,362,0.3653097542884854,0.9923126768926048,cluster_5
3068576400083200071,,939.1035148917226,1563.642502389005,8496.833084685639,1556.7992372588478,8491.67549539009,1571.5391805352742,8502.110674717183,1.950788164847552,302,0.4422013305233064,0.9163450370266932,cluster_5
3068576400083200073,,1107.0631809097697,1609.762128391542,8502.396426608817,1605.367059612313,8495.776147154476,1614.6604663579694,8510.083450127828,1.5398485374177493,384,0.3910374096507417,0.9422513077840003,cluster_5
3068576400083200077,,1004.2662939487208,1601.1277851439156,8503.881921347856,1593.8129382176598,8498.051706617978,1606.0129834229408,8510.709959275304,1.075327956921163,405,0.4261922290853595,0.931975070632891,cluster_5
3068576400083200079,,602.8049972232088,1563.135846097785,8502.89571396137,1557.3507728594448,8499.387797560761,1568.756069154836,8506.460227343941,1.7257608804183564,211,0.5248886590693423,0.985182806516298,cluster_5
3068576400083200080,,1188.398832340488,1654.6883025349746,8505.0571325529,1647.39685155043,8499.576819727588,1662.166626521681,8511.536086208018,1.0845829760364774,518,0.4008105460661478,0.8996205644521019,cluster_5
3068576400083200081,,882.7545192164303,1554.6415043844302,8505.070892526106,1549.04410819482,8499.381266295606,1560.5345623395388,8510.152301627359,1.0803258588193276,277,0.4080625728706143,0.981136964873471,cluster_5
3068576400083200082,,1058.2711006589898,1586.4754402185742,8507.354667389729,1575.9171124198656,8500.406569494418,1593.9152921762793,8511.697621884694,2.1377054302847505,395,0.5210805777649172,0.7883619607132369,cluster_5
3068576400083200085,,679.8807527345516,1633.2138797778457,8505.814556738695,1628.5922411273273,8500.83683054476,1637.7644701065933,8510.565239239313,1.1977198065798045,290,0.4550654684614143,0.994821413267861,cluster_5
3068576400083200086,,805.7275011777708,1618.7415622244368,8505.47821052477,1612.932494293553,8500.852006018555,1625.765705879201,8509.517149541234,1.5553924987230656,302,0.4716844294175698,0.9215487065775432,cluster_5
3068576400083200088,,1560.6035817988627,1643.1311797960386,8511.419619009232,1632.8658398352975,8505.267179311437,1660.6007643339146,8517.027487907071,2.842977306881869,876,0.4047050571549398,0.6986500975730665,cluster_5
3068576400083200090,,1338.132619232353,1599.461042292534,8513.79188653549,1589.77248494867,8507.913808488038,1609.038963661685,8519.73129714974,1.6220559325394313,765,0.4067872206915265,0.8589543255910482,cluster_5
3068576400083200091,,1458.3434970134674,1568.8546140203796,8512.14922094599,1555.4327518425066,8506.548357268246,1588.744253708103,8518.347519550056,4.78196614194629,604,0.5541609805726115,0.7883985013098763,cluster_5
3068576400083200092,,736.030385592389,1619.3144509032188,8511.639714708892,1612.101700666879,8508.451989456618,1626.8451077693178,8515.411417265172,2.152703974250344,342,0.5197721172751701,0.916532314575624,cluster_5
3068576400083200093,,639.3214919353171,1629.1927678157224,8514.281905967378,1623.3076252369667,8510.266954913051,1635.288132876941,8518.252466965008,1.6183678039893898,370,0.5186405977518525,0.9397497004037269,cluster_5
3068576400083200095,,260.56903196972104,1592.1827034390192,8516.293176504367,1588.7365956109434,8513.759608385555,1596.1880703548568,8518.460801215875,1.7202923213757932,64,0.7928414017181548,1.0,cluster_5
3068576400083200096,,907.814666622625,1618.4233695754522,8519.821539726081,1609.9506613405706,8514.097400540273,1625.6112671991395,8523.9460659586,1.7898300960617164,125,0.4962266199731148,0.8419300564803348,cluster_5
3068576400083200097,,394.08836798072014,1609.9922639342144,8517.674160721783,1605.1555349089067,8515.432602125973,1615.9375056503077,8520.468521564979,2.255126184788775,132,0.6976939134668116,0.9535769487204953,cluster_5
3068576400084100011,,1968.127578658344,1807.0813852061435,8480.723320437684,1795.7627685994528,8472.396758493178,1819.5529565897475,8486.373911887113,1.4342817764712106,361,0.3265564398227681,0.8875262161634153,cluster_5
3068576400084100012,,1126.7056518004126,1666.9205684743445,8480.178469649689,1660.375558879016,8474.608735721304,1672.4395322618952,8485.748643097968,1.0771926110804853,34,0.371440383424599,0.9600107647210436,cluster_5
3068576400084100013,,3291.222053465828,1734.7109770274478,8483.104703738843,1719.8565474979346,8475.156343231103,1749.290204151224,8491.83229554724,1.9122201112871569,36,0.2561051130508689,0.8667267979119508,cluster_5
3068576400084100015,,2213.012076608989,1782.3760264028203,8482.645613303821,1767.1822755974065,8475.58720521424,1794.1915970518685,8493.383718223546,2.276882541749692,608,0.3449294037275145,0.7635727505492348,cluster_5
3068576400084100021,,1205.87897902366,1694.1798828758638,8486.427725890513,1686.5651012654134,8479.45825133134,1700.085584672904,8491.880632734328,1.2845138514803094,43,0.355816761252429,0.990949430061196,cluster_5
3068576400084100024,,656.5804167411393,1738.8636055255051,8490.765674734648,1733.2414345829948,8486.496027927446,1744.9597389749454,8494.148569673596,1.0852259535354487,48,0.4892401615412294,0.9832006662390202,cluster_5
3068576400084100027,,2303.621042608077,1681.2035290015683,8494.061999883479,1670.85222838602,8486.488405403186,1692.7471242187908,8501.837938284787,1.421869498020507,793,0.2749152128431898,0.9376123032202308,cluster_5
3068576400084100031,,1621.8369662425034,1665.4372445631438,8499.23959968392,1658.566180368159,8489.477310495084,1672.647906156973,8507.223742214295,1.2001333311700602,800,0.3520460050095693,0.8592720120999633,cluster_5
3068576400084100032,,1232.6668845279542,1745.1896099618484,8498.279785311073,1737.4894597350503,8490.509830876917,1752.1942816243106,8504.734295238271,1.3726682994382078,554,0.4041188052073982,0.9070337715014536,cluster_5
3068576400084100034,,1049.1482310288256,1698.9289126878937,8497.668943445531,1691.4138530469552,8492.153833021606,1706.411232222645,8502.668950068986,1.6740410301147437,427,0.4001009232165446,0.9591564167911876,cluster_5
3068576400084100036,,330.5630716080365,1758.789115429238,8497.37200899599,1754.599926469789,8494.341728706724,1763.2246154808977,8499.968419495348,1.6852060157193067,97,0.6994776785768542,1.0,cluster_5
3068576400084100037,,468.9062567546848,1711.2737075043715,8498.688942348883,1705.5118212578782,8496.537728810406,1717.4784686573234,8501.50072233516,2.486956948369797,222,0.6586752040000542,0.943332463772712,cluster_5
3068576400084100038,,835.8201196427693,1714.2193780729883,8502.790775457106,1706.5679771648845,8496.947730634492,1721.9071435469198,8508.283089071005,2.096666298474401,369,0.531288138192669,0.8308391502121292,cluster_5
3068576400084100042,,966.416796103368,1694.523416414375,8504.652793902205,1688.8772958643538,8499.113704804753,1701.9614666183993,8509.234553556416,1.2072183315662215,506,0.4167618655737862,0.9439190169198536,cluster_5
3068576400084200004,,4482.75573329363,1683.5850795989263,8476.29894793876,1671.791542737739,8464.497211633648,1696.6392845172643,8487.352381380051,1.0825175846747386,38,0.1877024461102219,0.9459962762687504,cluster_5
3068576400084200023,,1608.760187895464,1766.746718243227,8490.528884705405,1758.6014456304158,8483.490324242315,1775.2736629050098,8497.67756612114,1.378742552580376,498,0.3237401493693594,0.9307740171730848,cluster_5
3068576400084200028,,736.3438361402099,1754.2746276900596,8493.318983190964,1749.8480032926432,8488.23536225732,1759.0648799083945,8499.772599518044,1.1974511405130608,232,0.4890001733149977,0.9187536022734228,cluster_5
3068576400084200030,,779.4623167250213,1726.896852767662,8492.244330052768,1719.7019339197202,8488.756342342454,1736.0182700614102,8495.452156163154,2.446543825054362,49,0.5350373655001227,0.8962967158881766,cluster_5
3068576400084200032,,838.801687043264,1710.325482685341,8494.035304747102,1701.2563671599016,8491.24027327594,1719.0281565005882,8496.855115627348,3.23657424044931,232,0.5106941878908717,0.9598654510626012,cluster_5
3068576400084200039,,1215.511133762731,1724.4351517796056,8503.697870094877,1713.125466055462,8498.127018834233,1733.1418549629916,8508.652852066953,2.238287587054804,453,0.4229485244740695,0.9229318912408994,cluster_5
3068576400084200040,,1067.8152596073753,1683.3997439129494,8504.681962026005,1675.57148162865,8499.184357020928,1689.9706877281674,8509.270169116808,1.3785767087336684,595,0.4232077990111987,0.913650203496168,cluster_5
3068576400084200043,,381.4835438173737,1704.6361498698027,8506.418817267071,1699.7649888255671,8503.46411731233,1709.4163118922716,8509.059777798764,1.834302596629504,117,0.6522506764131385,1.0,cluster_5
3068576400084200044,,766.4056470312261,1667.7095031458869,8509.029752500632,1658.373323095973,8505.61097349651,1675.4569867800492,8512.691482059425,2.501328420548392,228,0.5651339111071413,0.8262499066994673,cluster_5
