EntityID,fov,volume,center_x,center_y,min_x,min_y,max_x,max_y,anisotropy,transcript_count,perimeter_area_ratio,solidity,cluster
3071551700039100002,,837.0162902030207,3252.790887573586,8734.26870458953,3246.220925080449,8726.953138759709,3258.344647100842,8741.242870808635,2.856871454172616,180,0.5018157253038287,0.9626804645774628,cluster_5
3071551700039100007,,1125.1356866486483,3226.751725546052,8778.160616975101,3219.896431242644,8769.664886727982,3233.071222521968,8784.56794866949,1.5971218650936578,476,0.4078918045741914,0.9314585646281776,cluster_0
3071551700039100009,,1304.5978335429725,3222.272057144471,8789.52370168663,3215.040556287672,8782.418381844172,3228.959011889928,8795.90343371821,1.2903589234533843,631,0.3562961687013231,0.9317192121546988,cluster_0
3071551700039100010,,1231.0471266814195,3218.586856664297,8800.824198314078,3212.382320922848,8794.461802773589,3224.871524718653,8807.025346689608,1.1189492493706403,664,0.3497474371408366,0.973383879458918,cluster_0
3071551700039100013,,890.4102227324382,3218.1740464645163,8829.600990948262,3210.846186348812,8824.531773478342,3223.454771802913,8836.467376904064,1.7976318758589096,464,0.4552324544704925,0.928124909910474,cluster_1
3071551700039100017,,750.7285796633446,3220.114886647252,8844.486417496773,3214.188568706999,8838.044561912098,3224.471698742418,8850.096499704683,1.3194918329648315,403,0.4943681379780922,0.8782724256529507,cluster_1
3071551700039100018,,1808.48027830502,3201.7770161154217,8852.289404171652,3193.2916060851435,8840.637065200403,3208.475496957203,8861.911929849255,2.0337326738174,689,0.3496864873284085,0.8405085114897288,cluster_5
3071551700039100019,,1041.5471830275433,3229.5978854509112,8851.54337925176,3224.6655902148577,8844.93726278955,3234.394293087339,8858.429039793227,1.365168110542727,108,0.3708794040877499,0.9837117916367516,cluster_1
3071551700039100021,,921.0925324972932,3221.51557915446,8860.046559447916,3217.092504205858,8852.257244334913,3225.040551155012,8868.608983192851,2.0902889934040387,503,0.4545418707366541,0.9339572408243604,cluster_1
3071551700039100027,,368.867090434449,3201.0051746467,8864.19644265644,3196.3268327651454,8860.803587794991,3205.569438328615,8867.982061115079,1.7946225625338683,51,0.7321580765543035,0.891917046199565,cluster_5
3071551700039100028,,984.3948059261838,3184.3351668186374,8872.608666706525,3177.9932010390844,8865.294425560154,3189.775348478236,8878.840131687131,1.2459906258196505,466,0.4534326979039775,0.8743717170142914,cluster_5
3071551700039100029,,333.80322228216056,3231.544537664133,8866.34217759406,3228.577143582411,8862.680502778647,3234.602660672954,8869.984525680253,1.1113538587852836,32,0.6469501481954582,0.9984361854631746,cluster_1
3071551700039100032,,364.4442982650373,3201.529674167568,8869.00359550178,3197.6759985696467,8865.348354683454,3204.797598483501,8872.600652029241,1.6707127532032866,186,0.65400606283748,0.9803567847598822,cluster_5
3071551700039100033,,248.2870787601824,3227.38779100039,8870.411187532141,3224.4168749854816,8867.640786237524,3230.376450360472,8873.297472856953,1.326783196507247,73,0.7772750801463132,0.976014800330694,cluster_5
3071551700039100035,,448.49859386640907,3192.4454046533315,8872.241331867235,3188.604419924099,8868.519152621991,3197.47034846334,8876.788222978219,1.3027083609371166,243,0.6693309493856009,0.8410826157637488,cluster_5
3071551700039100037,,827.4044773312935,3237.7901412273395,8873.629316537159,3231.81379040508,8869.152718970405,3243.976590009894,8877.773592997055,1.4210576518971323,37,0.4374323116495188,0.9482930035955056,cluster_1
3071551700039100043,,890.9101090887586,3191.289565957287,8881.065467566505,3184.4485742209195,8875.863485101592,3197.35201361802,8885.860342285845,1.3720637449218542,321,0.4360842800775352,0.9108318035488926,cluster_5
3071551700039100044,,639.5166847891217,3171.010006020045,8883.11680733528,3164.735892274153,8877.287796576671,3176.177374396273,8887.283945212852,1.901270954863437,379,0.600515222040079,0.8951883197007234,cluster_5
3071551700039100045,,727.0711782121343,3213.036107567565,8882.754406042885,3208.034548349434,8877.166853462912,3217.150532908449,8887.77899578391,1.0914688424417085,401,0.4704540962497953,0.9517899569543934,cluster_2
3071551700039100046,,629.6825634538712,3238.4726372213167,8881.010602232578,3233.702400234145,8877.235448553147,3242.853339070833,8885.946394304652,1.022556592451138,59,0.4877150241552633,0.9927821290557048,cluster_1
3071551700039100048,,259.9472024042818,3206.014067680135,8884.777132775745,3203.7457459901498,8880.68186356188,3207.927899655689,8889.005895843737,2.1221694555008463,97,0.832321806000077,0.9469620231876,cluster_5
3071551700039100049,,1040.912636192004,3223.295227220676,8888.524051898255,3218.8502525165604,8880.523640789741,3228.560763501994,8895.695004536294,1.6073347183326872,670,0.4048010659124558,0.9343216965093064,cluster_3
3071551700039100051,,402.7508391568485,3230.14790687966,8885.131543364316,3227.426268118032,8879.934202446813,3233.347699180012,8889.951648971299,2.1072318201579225,209,0.6697419609355791,0.9584671075294868,cluster_1
3071551700039100052,,438.14522494765407,3186.3847347045444,8887.090857186138,3182.576311007778,8883.51738180514,3190.522495357306,8891.001836176114,1.081703793015396,191,0.5661289177779526,1.0,cluster_5
3071551700039100060,,599.9406043741393,3177.467811033089,8898.956430486687,3172.5174386425574,8894.855575429394,3183.5450858135187,8902.642134340012,1.2765366958717554,295,0.5286299535298243,0.948234597034092,cluster_5
3071551700039100063,,750.2819239741226,3163.8416037502284,8900.95786191571,3158.670014382313,8896.578576317024,3168.599513630566,8906.767343461817,1.0368083155944026,382,0.4613197114815232,0.9283381124628448,cluster_5
3071551700039100064,,825.5806357398193,3154.167182616744,8904.520642421108,3148.875741180389,8897.742214319269,3159.0145429834856,8911.455163682273,1.7331853085501343,444,0.4720753563595927,0.9108532774441004,cluster_5
3071551700039100067,,408.9625356666977,3209.667010742437,8904.363177832172,3204.855815826732,8901.208362074483,3213.4792416153564,8907.790466399347,1.3608023349151803,249,0.6178424876105656,0.9783004046771138,cluster_5
3071551700039200003,,2789.834421588833,3236.7523561928865,8758.76139061227,3221.403657994093,8740.007895101911,3251.014341479552,8776.22857083595,4.7050628458817965,755,0.3787694288177562,0.8174281125698893,cluster_5
3071551700039200005,,1056.8816332195584,3233.380107709646,8782.144178908713,3228.670558941934,8770.790235049124,3238.383008017869,8789.602505295314,2.108219906915509,234,0.4708387139129213,0.8659163071575743,cluster_5
3071551700039200011,,1418.0895318580722,3215.4183783068515,8813.090723597406,3209.7605107874697,8804.98076381773,3221.1989726533093,8819.882377501797,1.243177890895616,745,0.3443121874551145,0.932934576789604,cluster_0
3071551700039200012,,647.9635497781147,3213.4213677279704,8823.368062779953,3209.037500200053,8819.253410913874,3219.610322055086,8830.460304049275,1.08008047276374,390,0.6810283886157701,0.7020404782387685,cluster_0
3071551700039200013,,1325.1017369741512,3213.713523505377,8837.478122101458,3208.3571529050346,8829.472593362732,3220.7925478319785,8845.832233211631,1.0348676242895427,559,0.3604697999996175,0.9334210424675974,cluster_3
3071551700039200018,,795.7751418009805,3214.205177940135,8853.241147073584,3208.678933301464,8847.801096642374,3219.489087076173,8859.855806982416,1.218283442242594,285,0.4733990784077585,0.9031032950605568,cluster_3
3071551700039200020,,549.9632657731446,3207.9106370642685,8859.002283136406,3203.649905969601,8853.49091157739,3211.979184727916,8863.80923893636,1.0592226039979744,239,0.547298159027762,0.9461220322473164,cluster_4
3071551700039200022,,983.2074199961936,3192.347242872805,8863.593830034342,3187.2606024197503,8856.034233841758,3197.899960362198,8870.751883278514,1.381262258542149,430,0.4995975884933634,0.7874093914754308,cluster_2
3071551700039200023,,1020.1133487130154,3215.784503006471,8866.046496348617,3211.109239868156,8857.581865668762,3221.396459651034,8872.960054765597,1.510985816787105,541,0.4552364932187496,0.8580565967688246,cluster_2
3071551700039200024,,358.2929287851394,3186.508566304295,8863.567697605698,3183.120170124068,8858.203657785674,3189.6887805708075,8868.755399094392,2.3846857659451293,129,0.7643100715115788,0.9236372826429298,cluster_5
3071551700039200025,,413.79116589045327,3227.021762175668,8861.457130426918,3224.458754570787,8856.841589073589,3230.345327037996,8865.749433882962,1.5163122449610835,83,0.6130573324300214,0.9823882664738212,cluster_5
3071551700039200026,,530.1772665228921,3208.510271402796,8866.477733919188,3204.234706625896,8861.882159349707,3212.4454770840457,8871.09427944693,1.2399254178560988,314,0.5476797623601297,0.9591650257525104,cluster_5
3071551700039200030,,526.3327834066922,3223.200383490868,8873.683255204194,3219.922965248013,8868.662543856215,3226.921148577105,8878.160845635924,1.3875006149644435,189,0.5399784874431265,0.9686552864033668,cluster_1
3071551700039200031,,763.7004081263382,3204.0162229898456,8875.875485248544,3199.7279032632823,8869.957852387843,3207.935522037825,8881.324021176864,1.394091234887223,398,0.4399003661944708,0.9924250451539998,cluster_5
3071551700039200032,,604.152610715589,3211.333405753517,8874.968249541975,3207.5701615851613,8869.797900891408,3215.876979340009,8879.557141485917,1.245952810570392,246,0.5108335304097497,0.9597313927466692,cluster_2
3071551700039200033,,396.4181393805649,3197.072536320733,8874.747664313456,3193.4641941985,8870.22583050183,3200.712803832105,8878.619487409358,1.066487330429465,245,0.6403159119690917,0.939853568700298,cluster_5
3071551700039200035,,398.0284953683543,3176.502619374264,8875.509554645107,3172.6113563744634,8871.181806808589,3180.125337831762,8879.040426174088,1.4907601383290974,195,0.6211141891787405,0.9969112362679308,cluster_5
3071551700039200036,,270.8424865900872,3229.180169891152,8876.228026599842,3226.7826079001416,8872.915532302117,3231.605670924479,8879.793876513928,1.433113181996912,71,0.7443165622127169,0.9802523776164332,cluster_5
3071551700039200042,,1078.7808457921324,3177.790581621736,8887.422232051293,3171.757202439511,8880.25169162186,3183.8616100581253,8894.157237476304,1.5965584733076894,441,0.4041444950225039,0.9083891379412744,cluster_5
3071551700039200043,,852.9445095731937,3200.294884576516,8887.3961792715,3194.974590920925,8882.00544907226,3205.254253120739,8893.18658259181,1.2645652482734244,449,0.413481878903002,0.9809519581541972,cluster_5
3071551700039200045,,1084.879538113597,3165.5110845077,8891.92686358122,3156.065778617466,8886.208858292544,3172.724770952532,8899.134444666617,1.5813208623951551,426,0.5140657143262805,0.7874038580416837,cluster_5
3071551700039200046,,872.1202494440959,3193.0319165332653,8891.910033933542,3188.2283986565644,8885.887467990413,3198.412753668784,8896.77495648835,1.0545055974923452,388,0.4132498298549421,0.9824360261905722,cluster_5
3071551700039200047,,1346.8612790921875,3231.3698023833417,8896.604732943813,3222.08149478265,8889.20675914598,3237.608308327053,8903.536127514588,1.1367378823291263,931,0.374559534634249,0.8770113660582416,cluster_3
3071551700039200048,,751.0634398766719,3208.638039319788,8896.14801093179,3204.957712288245,8889.566409223069,3212.471311360599,8902.752868850883,1.7843119965086285,209,0.5036269415117943,0.904455585797367,cluster_5
3071551700039200049,,558.0662823619446,3182.229410986044,8893.896081580722,3176.9609878480496,8889.803017505003,3186.2383362148885,8898.283873228364,1.1523279442396903,271,0.5209181952597354,0.9746178396064974,cluster_5
3071551700039200050,,844.9380456560605,3201.430031356748,8898.422255556245,3196.6986132080365,8892.959687345601,3205.875994962053,8904.00301217009,1.248543246712566,404,0.410470162700352,0.9862098917095194,cluster_5
3071551700039200051,,848.979946231842,3218.44160605497,8900.178251734782,3213.4777265468383,8894.025728953853,3223.427863138528,8906.391832195779,1.266041892172126,413,0.4385201459492368,0.932285667701069,cluster_2
3071551700039200055,,1168.0015680990848,3188.270980270908,8903.536062360958,3181.4689363577486,8896.908786010665,3194.24737951499,8911.095791178996,1.362193832711558,507,0.3697261689158577,0.9445141258928448,cluster_5
3071551700039200058,,1276.2186349519593,3172.778592291813,8907.132899819584,3166.414214703645,8899.691828240033,3178.667889562158,8913.812363003766,1.1660801615084546,524,0.3665540155034597,0.919072818514936,cluster_5
3071551700039200059,,576.1117029046372,3159.325700047568,8908.398168293921,3154.8967548857336,8903.40207092751,3163.733579636202,8913.539273583992,1.4238693573587518,304,0.5410102305775054,0.939919559404763,cluster_5
3071551700039200060,,826.0463245894034,3182.055690717112,8908.817612783345,3177.5889315687914,8902.703896972555,3187.64728416106,8913.830864822847,1.0688894211054214,277,0.4335438063069357,0.9861687458841172,cluster_5
3071551700039200064,,404.5489381228716,3164.7812998859445,8910.214123266778,3161.309434391075,8906.019567309473,3167.653393052239,8913.832594748179,1.233231778265596,210,0.6212566615718037,0.97627442425696,cluster_5
3071551700039300001,,544.1352492810586,3258.4457806780947,8722.693965146946,3254.805345039821,8717.741125657538,3262.021398778712,8727.416462039024,1.5751544897725094,55,0.5182067086188235,1.0,cluster_5
3071551700041100073,,584.6998943210683,3765.040658219906,8828.986264760402,3761.091432020204,8821.99328643692,3769.6140991375287,8835.216693739527,2.677819547585111,245,0.5980271769897082,0.9535448685935554,cluster_5
3071551700041100074,,512.0938571660913,3760.317835495532,8831.600566521227,3756.691817795846,8826.599001341174,3763.5495310908927,8836.909173530734,1.6816055532139325,231,0.5478723821757773,1.0,cluster_5
3071551700041100076,,432.5525303918202,3765.323462877651,8838.306590997932,3761.3336495538224,8833.917832788382,3769.526453205581,8842.382723319943,1.305433384237865,191,0.5912922815626979,0.988932536014994,cluster_5
3071551700041100080,,482.73274127743696,3776.075761499284,8854.433396096223,3772.230234483332,8849.766589596426,3779.688643768746,8859.401693673972,1.1416970383645009,271,0.5707178992485454,0.9750849324101348,cluster_5
3071551700041100085,,525.5941481024444,3776.105115478407,8864.532151403242,3773.36840130162,8858.806225694349,3779.616819833385,8869.228495740846,1.6723932779404167,300,0.583827147067801,0.9573475720524884,cluster_5
3071551700041100088,,275.42170709050737,3782.360466207999,8869.94823980247,3779.228986739568,8866.932914954312,3785.8297278511855,8873.114907666817,1.430692965458281,178,0.7476231924994596,1.0,cluster_5
3071551700041100089,,732.4383575542103,3770.925136990286,8874.113105514582,3767.571490473668,8866.82738466829,3773.504829441259,8882.783514121906,2.706806679618946,273,0.5518015215325717,0.9373329919461706,cluster_5
3071551700041100090,,469.0491951831322,3775.577612441422,8874.291072623288,3773.02571843474,8868.956620628353,3778.9767722566303,8879.818312912766,1.9431921925412328,129,0.7023325117926599,0.8010283242579275,cluster_5
3071551700041100095,,253.9860705459977,3786.897004930365,8881.926021486664,3784.6550527587647,8877.988244584125,3789.156902873985,8885.65145138215,1.9354789136914672,295,0.8199593096713117,0.9684084481052678,cluster_5
3071551700041100096,,874.9295890584784,3778.2558248487326,8885.66241760626,3773.278922764968,8879.178236080374,3782.917435425814,8891.658989343796,1.1420003322185657,423,0.4320724947157769,0.9390917208384782,cluster_5
3071551700041100104,,749.5569921697869,3778.941331298047,8898.941263971223,3774.337597690572,8893.859086217793,3784.3886787365655,8903.568537379124,1.0889764607792567,318,0.4695145900120146,0.9313223482577364,cluster_5
3071551700041200067,,2109.87639949977,3746.599707545277,8801.054236755583,3739.164745959341,8790.03206733117,3753.853871375484,8811.017276023978,1.6092808241487415,673,0.2790154510036842,0.9568537482566608,cluster_5
3071551700041200069,,810.1270757972959,3752.4368373560856,8813.747006956068,3746.057578897981,8808.537212457302,3757.9319465926105,8818.579430187678,1.0791753388190128,378,0.4351476243857886,0.962699729112162,cluster_5
3071551700041200070,,1232.548188361351,3756.229576466893,8822.48419948329,3749.417641331038,8815.737727634923,3764.4096067194473,8829.791563976421,1.0517433804125056,445,0.4094049460670561,0.8628518259700813,cluster_5
3071551700041200072,,1200.0926296476391,3771.109383354079,8843.131043645802,3765.6737670925454,8833.480332983274,3777.149814407568,8851.504296900905,1.6048945184881165,435,0.4429771828187979,0.8229942842357986,cluster_5
3071551700041200074,,909.3596203976834,3779.9408443400457,8852.54977441197,3774.578755576296,8843.530089134485,3785.139771586905,8861.858392227892,2.29877226124087,436,0.5695931751335063,0.7468324119470818,cluster_5
3071551700041200075,,1011.0233280796564,3769.752222468392,8859.675750641341,3765.599253673536,8852.522760781067,3774.813203272821,8866.756157154201,1.5923223204711718,348,0.4087536661996526,0.950056509808586,cluster_5
3071551700041200080,,654.7005275862306,3783.509564090848,8864.088366791339,3778.634336341296,8859.39881299189,3788.576425143968,8868.709443648508,1.1380850467707624,296,0.4876262219139305,0.9563084826977812,cluster_5
3071551700041200083,,674.043064708759,3788.132588317848,8873.082150354601,3783.9684825139975,8866.925337871937,3791.966613293365,8879.207176980346,1.2923593671579725,344,0.5216664237207153,0.9058968823874708,cluster_5
3071551700041200084,,636.7086275088117,3781.2515155700353,8876.201767209392,3777.343176591005,8869.134762989286,3785.4147886757705,8882.377628102455,2.1907938098512387,326,0.5646312738942917,0.8956889499714895,cluster_5
3071551700041200086,,1268.1944979173852,3768.608160832569,8887.55350120807,3763.766339661168,8878.087088791806,3775.320783202632,8895.47139174883,1.782510370886398,149,0.4318666216058738,0.8281185368140966,cluster_5
3071551700041200087,,792.5477884433301,3790.49008354847,8887.507926450538,3786.24402615055,8877.603854244198,3794.699757882953,8894.707813614172,1.98436867297502,497,0.5698080822292546,0.7893081638182404,cluster_5
3071551700041200090,,1301.5911418174603,3795.41677241712,8901.240292147731,3789.3885285450815,8892.625701739355,3801.815113560656,8908.870418351406,1.7864071667629404,702,0.3736804174836724,0.9105980404227094,cluster_5
3071551700041200092,,896.0904207799963,3771.36172201546,8903.914751709473,3767.8386150186543,8895.377944223836,3775.26893502434,8911.132714868034,2.1440755481707257,345,0.4754372899170058,0.8980713163552134,cluster_5
3071551700041200094,,839.2952073016571,3787.542922032328,8906.432883936088,3781.7742289098937,8900.613306391742,3792.188384804637,8912.51760896781,1.361768690562574,486,0.4536666396595739,0.9294154392255782,cluster_5
3071551700051100020,,662.27786230642,3204.6068591005524,8912.327387168138,3199.50951157722,8908.059608539716,3209.5956309990106,8916.430082015813,1.176154820131931,340,0.4614948250256067,0.9971971991904468,cluster_5
3071551700051100021,,172.33820931347054,3228.7425027656027,8911.481208115232,3226.193773785661,8908.650924381034,3231.051934270712,8914.460442552045,2.2143919293857035,151,0.9871425178544648,1.0,cluster_2
3071551700051100024,,318.98017761759314,3227.1764730178184,8916.298200400213,3223.3757604321404,8912.543998410809,3231.044737006526,8919.021966700753,1.001835417810044,149,0.7231080437674332,0.9525968581709124,cluster_5
3071551700051100026,,833.9227441278217,3194.178560864312,8916.844373676999,3189.688794427989,8910.496127834327,3198.316346090764,8922.782106905826,1.415929473001329,479,0.4266978862174325,0.9882779132736742,cluster_5
3071551700051100031,,646.9591531119722,3239.632259697092,8927.620614985652,3235.820256201193,8921.669810163163,3243.9993502544044,8933.143020397436,1.5569469800510705,484,0.5108514466244264,0.9572988909618644,cluster_2
3071551700051100032,,1003.6626279121032,3172.0611733343644,8929.932552543034,3167.7872223126683,8923.208717475043,3176.8690885615324,8937.275723416406,1.5805723486675096,522,0.4046559827934834,0.9457969732844284,cluster_5
3071551700051100033,,579.919462807624,3157.683565887767,8928.890055539827,3153.753992576419,8923.889372882068,3161.7958296464053,8933.404897121503,1.2111305593873898,249,0.5024670712424303,0.9769560864326596,cluster_5
3071551700051100035,,1002.366426382132,3181.046017027456,8933.140961788687,3175.7515179458587,8925.088450137504,3186.988058624684,8939.366885146135,1.1029617719086633,400,0.4145793932907962,0.9156564496071972,cluster_5
3071551700051100036,,324.72785078923346,3210.264735914584,8929.931407042024,3207.0791845490107,8926.678699562746,3213.733891982908,8933.310688462821,1.2057721072361316,122,0.6695567163184162,1.0,cluster_5
3071551700051100037,,766.5025148419014,3218.6912095604,8932.301999162652,3213.418204425785,8926.97817383544,3223.7278514730788,8937.914629451201,1.859678272744559,307,0.4572521698649062,0.9763434833552908,cluster_5
3071551700051100041,,551.8050590632447,3142.555216715754,8935.39188178571,3138.3971302586847,8930.145471806954,3146.598782004045,8941.37697210836,2.0940789649557385,187,0.5816154575842797,0.943160367830029,cluster_5
3071551700051100045,,169.23657594359588,3189.340920224963,8934.773115723556,3186.565605145288,8932.802708621186,3192.7056276176163,8936.625183519303,1.6633197560223316,97,1.0171248254642873,0.9407882148722578,cluster_5
3071551700051100046,,981.5612627057276,3174.01064716412,8942.693876385803,3169.0039511948003,8935.809746048044,3179.266292323163,8949.452541730174,1.666940772885818,432,0.3927818979653276,0.986562143793345,cluster_5
3071551700051100048,,360.3532125520216,3192.549491022151,8939.327874636023,3189.168462072646,8935.802439506506,3195.62369452568,8943.548825485024,1.2300417190620525,124,0.6693876185043336,0.942664148434374,cluster_5
3071551700051100051,,967.7784746449918,3223.2856439897755,8944.291791382524,3218.6270254415062,8937.85042531179,3229.109609828733,8950.206743788132,1.6264886947784951,289,0.4009426683883025,0.99736112502868,cluster_5
3071551700051100053,,495.37074790305246,3206.521244904012,8944.390154865636,3202.750187927288,8939.623987146604,3210.163223807476,8948.67942783351,1.4241168562949102,125,0.5741459200421622,0.9579660638999792,cluster_5
3071551700051100054,,685.2601423642544,3252.595941455666,8947.063782410214,3248.766726996436,8940.575568409537,3256.0955033028067,8952.99270448556,1.793363990866058,266,0.4811969315607748,0.9871145690678051,cluster_2
3071551700051100055,,659.8512827269327,3198.419867192111,8946.332311362194,3194.225954592948,8941.270521130291,3202.854155223944,8952.126718721991,1.4618545997369186,279,0.5280972518375062,0.9040533498379588,cluster_5
3071551700051100056,,572.4480218471425,3150.198799747828,8948.395560934105,3146.270386244877,8943.320885622066,3154.3405965376955,8953.020842971444,1.4058603970153296,317,0.5197450414753545,0.9544063128897808,cluster_5
3071551700051100059,,1354.347353450798,3130.025847706529,8957.675868151375,3127.155274098902,8944.25481095525,3133.671413440875,8973.856932749439,4.671924496482754,719,0.5117200252833286,0.8641578227927736,cluster_5
3071551700051100060,,1045.4100246069518,3160.3583074783387,8952.857077178645,3155.348461288285,8945.054411328052,3164.8400928853,8960.517735702419,1.7394142469941352,412,0.3989425373920937,0.9560013779388208,cluster_5
3071551700051100062,,296.3721860511327,3237.853030402548,8947.754127357048,3234.837649953596,8945.10476752283,3241.33103384507,8951.30539071197,1.2718042492789696,124,0.7073372899797032,0.9987413585285688,cluster_5
3071551700051100064,,415.5410512125936,3204.5365219714217,8953.338957357288,3200.7800341998427,8949.105907592768,3207.895329146596,8957.593566198748,1.197740040856087,184,0.6403733925221372,0.925934676654994,cluster_5
3071551700051100066,,579.9804715759874,3141.795518397553,8953.826040241436,3137.759020165447,8949.044630967976,3145.762994307558,8958.50699059724,1.2787268272709138,265,0.4916480937887538,0.9918944522667574,cluster_5
3071551700051100068,,554.2657706925905,3184.8805184631533,8956.139402930012,3181.024020120336,8951.018004207624,3188.4409515901807,8961.02447523877,1.1405963121396572,218,0.5228511335449877,0.972967362726055,cluster_5
3071551700051100070,,475.3863690460912,3173.661976897376,8957.143494886232,3170.2245217319223,8953.188937379593,3177.741613321635,8961.334054854862,1.3794976522530775,149,0.5830731237911463,0.946605579738368,cluster_5
3071551700051100074,,470.35826789671074,3179.3435434213293,8960.091880526712,3175.535756491924,8955.228118501522,3182.80527377726,8964.103226310724,1.206437589878953,178,0.5717318841794093,0.9750346872994248,cluster_5
3071551700051100075,,1095.8099853740907,3251.2137172318253,8964.520368781092,3243.086040118682,8956.268359576094,3258.419090427071,8971.391433394645,1.7884139486069672,357,0.479999697741753,0.7966821406064302,cluster_5
3071551700051100076,,545.6766431707379,3211.073366436785,8960.69280128187,3207.298731259196,8956.177916434253,3214.836823169137,8964.924335479405,1.1713452040838148,226,0.5150192642726115,0.9849641836020332,cluster_5
3071551700051100077,,436.8540499683079,3193.5036932354456,8961.013621172357,3190.164119019535,8956.928280218,3197.0084184856214,8965.135915053645,1.2198389615675505,155,0.5940010142435158,0.9425241619514164,cluster_5
3071551700051100082,,359.100537511224,3222.242567953855,8969.492030353913,3219.382990328635,8965.834454666727,3225.512870132989,8973.146494531638,1.1945333873835966,98,0.6395444340361623,0.9914048768493978,cluster_5
3071551700051100084,,350.5278202500539,3130.4450574673515,8973.07355321654,3128.273202526293,8968.350068543174,3132.991414035724,8978.492858860374,2.328473757266703,166,0.7364244928254174,0.9612007909537764,cluster_5
3071551700051100085,,568.2864444537742,3182.128021344028,8973.343782733757,3177.9068684936715,8968.566699461768,3186.006937739356,8977.428362723796,1.025556160829748,312,0.4939972726799361,1.0,cluster_5
3071551700051100086,,507.3046463686279,3243.5243297459265,8972.634255631698,3239.819876557671,8968.73916402704,3247.9862473896465,8976.666868485921,1.1527972401256212,87,0.5312519902538487,0.9958397429542828,cluster_5
3071551700051100089,,593.6513242700958,3216.030530519438,8976.120440655677,3211.5580039318074,8971.331834150258,3220.023723124586,8981.820710027623,1.41332577112052,128,0.5148225635786038,0.9582039863741688,cluster_5
3071551700051100091,,606.264065232559,3163.55661081331,8977.087986111279,3159.897364393909,8972.073441873925,3167.1134181328616,8982.173321569058,1.3543913403700532,216,0.4842956844268329,0.9971400294376992,cluster_5
3071551700051100093,,398.9855315724548,3211.406725198657,8979.30912674484,3208.634060283971,8974.48704359619,3214.826351605252,8983.279107848224,1.611609088344672,114,0.6263148935935566,1.0,cluster_5
3071551700051100096,,425.37230929286943,3178.3635123308454,8980.810793697585,3174.216501646566,8977.7778493033,3182.4074883749995,8983.992547942802,1.3998939966349344,133,0.5868907533604517,0.986596982464945,cluster_5
3071551700051100097,,625.2250785974283,3148.355256601491,8986.172907877344,3144.00249158349,8981.340796917213,3152.528313766121,8991.418421544477,1.3789063720003076,276,0.4782240565674051,0.999523414554026,cluster_5
3071551700051100098,,615.8213058991988,3161.4512392197425,8986.612156104282,3157.557046624982,8981.789203481922,3165.3790019929925,8991.198194408797,1.22286661264731,230,0.4793699958703295,0.9926881342229124,cluster_5
3071551700051100100,,534.5091355975875,3198.8247595591884,8987.495394027055,3194.415714755107,8983.242332117574,3202.7485287457043,8991.318600673869,1.0279462807037685,172,0.5088861843454814,1.0,cluster_5
3071551700051100101,,759.7766352012218,3213.096714815893,8989.591860263521,3209.021968274441,8984.183262379753,3217.675409909499,8994.828097324676,1.2307258238049554,132,0.443507164426112,0.9676441802374204,cluster_5
3071551700051100102,,226.7119677770235,3180.5633305768715,8988.406900118098,3177.9920501257075,8985.39719000632,3182.886757137866,8991.05350644774,1.1584000785920765,108,0.8041622040086898,1.0,cluster_5
3071551700051100103,,1651.7412106509664,3238.155410049265,8991.676184646576,3230.938453603321,8985.0262407971,3247.441197271275,8999.550175864617,1.002413079810296,100,0.3326127572397357,0.8910425348143474,cluster_5
3071551700051100104,,511.2735080242769,3153.107435092796,8990.805407836036,3149.075662724676,8985.928851037188,3156.976400385272,8995.042961728608,1.3926517308719024,217,0.5531951594161849,0.9689827071142886,cluster_5
3071551700051100108,,894.9797692437148,3245.7987437243896,8998.04805528297,3241.3035520012245,8990.95369198261,3249.9563659961486,9005.182522255862,1.7224606425615523,38,0.4531071632200359,0.9439485955008748,cluster_2
3071551700051100111,,633.3096345857788,3201.55134047654,8996.576363859118,3197.4548083482414,8991.169253508822,3205.445855865148,9002.582639438728,1.5486807325143332,191,0.529666979907247,0.922429979587935,cluster_5
3071551700051100112,,314.59979267970834,3157.5736054967247,8996.59521605223,3155.1332837471905,8992.494635817458,3160.0937441809497,9000.485781196498,1.5130975342747122,132,0.7248516853997032,0.955593303684577,cluster_5
3071551700051100116,,714.99273779862,3209.8380541829065,9001.672522124369,3205.0437247022155,8996.690122272832,3213.927282466889,9006.876903848346,1.0469055493288926,120,0.4454340144010404,0.9865448539635112,cluster_5
3071551700051100118,,694.0133830094924,3188.048590223486,9004.482699038177,3184.398218124682,8998.327734626499,3191.5118132260304,9010.169911454475,1.7146902423230934,183,0.479512616075831,0.9772397319652452,cluster_5
3071551700051100120,,648.9608419678972,3177.9796975063646,9004.804056651805,3174.1246966964345,8999.269496225405,3182.141668683873,9009.953921064063,1.3840059498081003,240,0.4718369701025509,0.9984820769935612,cluster_5
3071551700051100122,,493.5971056927335,3194.3542955492185,9005.0942524322,3191.1962995371127,9000.727355432155,3198.304963926776,9009.39217111305,1.218615499444143,120,0.5882685578246801,0.9371325852813296,cluster_5
3071551700051100125,,864.1717712390532,3206.8953195965446,9010.56926300454,3202.210564208056,9004.5789070692,3211.8753777732536,9016.161683608534,1.0947224484029376,208,0.4076924925183695,0.9811868719411284,cluster_5
3071551700051100127,,450.5421025912439,3156.5000061901515,9012.614086285832,3153.0113824998084,9008.692439120388,3159.7216340364475,9016.73861377872,1.2224235432641235,245,0.5661480246204893,0.9771123619847268,cluster_5
3071551700051100128,,576.32880566171,3172.1844171437488,9012.733696678815,3167.489551406085,9008.557220647894,3176.9435547665043,9016.967813233785,1.2603827379992916,241,0.4932420907288119,1.0000000000000002,cluster_5
3071551700051100130,,425.1393150374591,3199.6155199789364,9015.69478562451,3196.5363130262103,9011.376863185054,3202.6381652561927,9020.109880229587,1.4607466547492616,188,0.5894716371755707,0.992338335999107,cluster_5
3071551700051100131,,712.9310815497751,3193.201442093396,9017.430931792143,3188.6469461127454,9012.477468064166,3197.872162928492,9022.259770734838,1.1417729275579078,242,0.4515143917367396,0.9737564581692298,cluster_5
3071551700051100132,,335.77042057643104,3176.459952311038,9017.589411724502,3173.051372453206,9013.563374162555,3178.9266930394806,9021.652839456638,1.0404142192986814,177,0.6803992429846402,1.0,cluster_5
3071551700051100133,,440.0755194384735,3151.238867727556,9019.898476093598,3147.8889797889387,9014.982587083552,3154.801989971047,9024.190077005653,1.762304821360975,259,0.5996274265876568,0.9900130445592268,cluster_5
3071551700051100134,,557.5436880990043,3250.114961921616,9022.79827321958,3246.100453427731,9017.09070501951,3253.503802661584,9027.87462705766,1.8287892584822685,106,0.5308649066629137,1.0000000000000002,cluster_2
3071551700051100135,,512.2916357740563,3171.0513316365787,9020.847825857823,3165.123006145618,9017.446807082117,3176.939063427931,9024.386904423442,1.737416833141837,223,0.6475642246721506,0.842227731068961,cluster_5
3071551700051100138,,1161.454177086862,3212.2919542157683,9025.85317186908,3206.730957981121,9018.722453612923,3218.615860502673,9033.17288803332,1.3812797289384156,404,0.3756874758617843,0.9471670920503712,cluster_5
3071551700051100139,,596.3327454454741,3158.2771668343407,9023.775819760736,3154.5928364519536,9019.371531413552,3162.9979830883626,9029.979785955904,1.2725492317756208,214,0.6186883105589464,0.7814035764994319,cluster_5
3071551700051100140,,666.74488243961,3182.6407819199253,9024.593876376428,3177.2295097212595,9020.111965823988,3186.7530915313773,9030.477418969347,1.2152937404140087,313,0.4989534118665514,0.9239318166037208,cluster_5
3071551700051100142,,722.2236132357634,3237.115521816467,9025.526373921775,3232.4724117010505,9020.664449972755,3242.5105361120795,9030.142526156984,1.012296875557878,63,0.4452213197101011,0.9835068673872538,cluster_5
3071551700051100143,,794.100015071394,3198.519221357416,9027.779846792117,3194.43614905338,9020.98250221289,3203.6434737005525,9033.25629321524,1.3590461077622875,313,0.466349879384552,0.9126582673302358,cluster_5
3071551700051100144,,902.0134068666674,3190.32251389119,9026.990400217976,3185.3422053131662,9021.407014338578,3195.454348510917,9032.411140112026,1.2245805434601893,353,0.419930029365673,0.951883224493213,cluster_5
3071551700051100147,,323.9445409931023,3166.7185817464606,9030.221776007362,3163.232095111201,9026.077232467274,3170.758096193153,9033.597932752868,1.96890298150273,183,0.7740415054526567,0.8900697077843069,cluster_5
3071551700051100149,,816.8937026973018,3177.687235590601,9034.734652015852,3171.094025312045,9030.015824560693,3184.653501958592,9038.858728257976,1.6566434250409003,318,0.4696415486868233,0.9122121706779098,cluster_5
3071551700051100150,,294.5434344275958,3204.48565679494,9034.527991699206,3202.509238838677,9030.314876266786,3206.6337867239995,9038.841159922622,2.0696450241116566,86,0.7625551388067562,0.9805636215345014,cluster_5
3071551700051100151,,628.9188829611624,3213.4162553496567,9035.413898494648,3208.602496487202,9030.786644651394,3217.928098927144,9039.417604771945,1.1772304699442129,160,0.4852089433348735,0.9756019654827855,cluster_5
3071551700051100152,,334.3178555065324,3197.7176507255526,9036.372901966366,3194.3368801181578,9032.95689764291,3201.282808920157,9039.856642816989,1.1277584543119723,128,0.677283314726651,0.9552315371814748,cluster_5
3071551700051100154,,431.87121725060615,3184.8942758183725,9041.165361161564,3180.8401580161726,9036.803892221267,3188.2748324007425,9044.72277133765,1.0448578559527588,180,0.5806823988720266,0.9872202602359236,cluster_5
3071551700051100158,,538.1280077682595,3175.6022052649423,9047.51156368173,3171.68510819779,9042.35098656017,3179.6006433706907,9052.3764872765,1.7203944639478337,249,0.5342659744776092,0.9878425198590352,cluster_5
3071551700051100161,,896.9741429212343,3219.1329113453694,9052.383279211326,3213.33681999244,9045.315771593074,3224.3507595869114,9058.3687716215,1.7369041546401764,398,0.4357976529195911,0.9356401290177228,cluster_5
3071551700051100162,,463.7807507295713,3212.7385623051937,9050.836634723517,3209.298287026835,9046.380132017222,3216.4652275263884,9055.455836436056,1.4844911512715138,195,0.5746363791344135,0.9727655501883504,cluster_5
3071551700051100163,,643.3849955238821,3230.17820783203,9050.613221101268,3225.775072942086,9046.441089789669,3235.109040506276,9055.07630244096,1.0850709694658698,360,0.4787934583329037,0.9733466659243684,cluster_2
3071551700051100165,,417.5208845707536,3190.8519553975902,9056.164712448694,3187.34398542279,9051.70508564201,3194.759132525467,9060.08757965166,1.0655995740186648,240,0.6059998389553255,0.9833890374950132,cluster_5
3071551700051100168,,1041.530286595181,3194.990481351208,9062.303953346824,3187.4112748478137,9055.136356884355,3201.9568607234933,9068.488993570612,1.108078882681919,589,0.4353652619849448,0.8551114406760412,cluster_5
3071551700051100171,,662.6284372061539,3207.8929964823683,9065.632058737,3202.9922851864217,9060.919367179184,3212.465626513827,9070.406697924454,1.1746739367954369,273,0.4816030347344672,0.9513110335177916,cluster_5
3071551700051100172,,542.1815038076115,3239.7096548802806,9065.76414646642,3234.562272343796,9061.292856335684,3244.2028320738914,9069.815162423394,1.6727038755835442,143,0.5484791322108334,0.970236681882563,cluster_5
3071551700051100173,,1097.4418395991556,3220.978581608474,9069.849615332005,3215.38717592524,9062.99074105663,3226.6567516338127,9075.856837134512,1.1566817829906664,536,0.3825544176418174,0.9564441811960572,cluster_3
3071551700051100174,,219.5270879912881,3208.129222537249,9072.248950153173,3204.7998025080187,9069.563474264762,3211.40322514638,9074.894971573109,1.784710555492842,111,0.872334514917611,0.9739470285186812,cluster_3
3071551700051100180,,485.7785068321359,3218.470229438207,9083.11364561018,3214.078347565262,9079.64752394078,3222.675656078105,9086.78482311411,1.1733060563466249,330,0.5522194012784736,0.9843933822652404,cluster_3
3071551700051100182,,338.2728731962185,3221.908825171235,9092.201982563553,3219.170386610371,9087.979603752918,3225.0589758624465,9095.894439721738,1.3838513718645618,229,0.6781834059695175,0.9684734189991344,cluster_5
3071551700051100183,,194.66662450563385,3232.1865422304327,9090.990449858728,3229.445190847954,9088.41694750567,3234.62120903133,9093.251700909444,1.1810354764790283,122,0.8569561571145491,1.0,cluster_1
3071551700051100185,,267.1738318132777,3232.222074248103,9096.963235505684,3230.182488716192,9093.439988513028,3234.375288541215,9100.845716764725,1.770618558236364,157,0.7739890307188171,0.9822872110700008,cluster_1
3071551700051100187,,935.8356158459136,3232.376593695717,9106.93340926185,3226.937438946271,9100.677024391049,3238.304261101161,9112.193342948323,1.2877276553435892,524,0.3992503500694345,0.9804318507132423,cluster_3
3071551700051100195,,734.0595469596469,3240.315922129668,9121.266862760913,3235.23750202587,9115.497254755506,3246.121607975569,9127.943681620704,1.822811611725485,567,0.5205568617284707,0.9010796684760216,cluster_0
3071551700051100238,,1729.7390273281876,3259.377426063209,9167.356122948911,3249.844072179405,9155.773268919049,3267.649125738877,9180.021821058508,3.6166708205992153,836,0.3844113461170302,0.9369608231023494,cluster_5
3071551700051200012,,477.5071540325929,3225.1974018551286,8904.612622714458,3221.5325501453817,8900.07756801198,3228.877447856039,8908.928830605102,1.1902685097840169,307,0.5633017762152034,0.9828122050850602,cluster_2
3071551700051200014,,667.3092399070166,3238.797274645934,8907.538994814562,3234.7182780389658,8901.21817318879,3242.18085790262,8914.316743132342,2.025713297948957,259,0.5222031325130779,0.9703571449148974,cluster_3
3071551700051200016,,852.7709659972734,3233.182154923837,8910.542976462168,3227.258079930775,8903.928473699043,3238.6163644177595,8917.702367631147,1.9145323891599944,471,0.5012248707978743,0.8724837385843871,cluster_2
3071551700051200017,,737.0169281227879,3147.075511679991,8914.10310353734,3142.134425697518,8906.778772751653,3152.0302608070106,8920.699321382199,2.260594910493848,274,0.5058287166644662,0.9607256705252232,cluster_5
3071551700051200018,,849.3856303906206,3221.125865974921,8911.1424243149,3215.5973068632647,8905.811270314782,3226.9993385449284,8916.991649177142,1.2952571315517765,379,0.4359104936245349,0.9421956139620696,cluster_2
3071551700051200021,,901.263972154731,3242.2399896856755,8919.82595584447,3236.7701827326014,8912.400504738143,3247.2613089359693,8926.57751220711,2.07540953894058,377,0.4782379952546555,0.9244806984653512,cluster_2
3071551700051200022,,528.8732164598379,3202.619400005009,8920.575620529266,3198.4319634567755,8916.18902978694,3206.8351936342774,8924.995058431972,1.429979932590923,311,0.5260729551858899,0.9807472343112746,cluster_5
3071551700051200025,,1323.7466111859983,3228.2674621995434,8925.77874561455,3222.644868168374,8918.595588502623,3234.6726664736425,8933.941557762046,1.5456325496623555,434,0.3525927076475473,0.9529448318628482,cluster_5
3071551700051200032,,1097.635533638526,3245.685093439851,8935.405506624216,3240.2518109132134,8927.7910681773,3252.2970840267926,8942.434895693841,1.4707726412228996,500,0.423749372992816,0.8497243151484811,cluster_2
3071551700051200033,,725.6839789405776,3237.740710609356,8937.791154991204,3233.130223445545,8930.192692068897,3241.7183418101667,8945.106235498299,2.234368432616104,315,0.5548899528651053,0.848978522235335,cluster_5
3071551700051200036,,659.0711379524969,3232.699247995001,8938.988953412378,3228.973792961176,8932.745116011149,3236.662187748726,8945.030600874627,2.1231838646661187,259,0.5183575529556,0.965263811339994,cluster_5
3071551700051200041,,873.6218130497168,3186.931798380877,8942.676930804657,3182.874607022203,8936.296342685997,3192.001603555545,8949.141249209804,1.4591762236919994,372,0.422874919795364,0.9625530996767953,cluster_5
3071551700051200048,,635.8249208736659,3180.7417763337503,8948.803903158734,3176.8588009583973,8943.758805775036,3184.7166005045788,8954.541535258437,1.3853267695090856,212,0.5067062374874065,0.936943746426939,cluster_5
3071551700051200051,,385.2857736354851,3242.453034194411,8949.482343783355,3237.0544081702965,8945.830609438908,3246.931517152598,8952.852139947503,1.4976019180929805,70,0.7171652529156309,0.8714091317920835,cluster_5
3071551700051200058,,1607.8339871078442,3263.886123064952,8958.480850683996,3258.1329525215147,8948.620272584203,3269.9534721780738,8967.381785786389,1.5026731841522445,411,0.3145736796165148,0.9674207899758436,cluster_5
3071551700051200059,,194.80085644202967,3193.1521930551094,8951.847723944871,3190.872314585486,8949.051127378547,3195.121345913868,8954.760753916833,1.3521114314668576,80,0.9004077024066302,0.9696401840069494,cluster_5
3071551700051200064,,1097.595277511437,3225.4453261659028,8959.046526736087,3220.825330230084,8951.642118235608,3230.1243097796746,8966.29424600965,1.5698395324966108,302,0.3950757066896254,0.9466847171773976,cluster_5
3071551700051200065,,607.8022760767197,3233.423652977273,8956.578380170946,3229.3975157563214,8951.727563022649,3237.4109155285523,8962.171234789852,1.2808930452228249,117,0.5050184550991591,0.9600188915861768,cluster_5
3071551700051200068,,469.80710801677935,3134.845613132504,8957.827819916592,3131.908686338528,8952.679691874324,3137.625184963102,8962.861519543749,1.795771078517347,330,0.590176660189342,0.95070106030968,cluster_5
3071551700051200069,,1069.3304434783256,3217.6840013825663,8958.262611451237,3213.038003713925,8949.962439457382,3221.537767852976,8967.018941526054,2.0068696037092897,383,0.433204269207509,0.8917464941030108,cluster_5
3071551700051200071,,521.5314774016719,3202.6003694148826,8959.318150897881,3197.9999835212734,8955.044948964973,3207.1795571506964,8963.064073904392,1.3935991196352773,179,0.5312898851819999,0.9844274661755574,cluster_5
3071551700051200073,,864.063344619236,3246.2004866617617,8959.451650100005,3239.583847820685,8954.743314475147,3252.746340873361,8964.014745552737,1.6950593194701151,260,0.4399736624168784,0.9501056446908488,cluster_5
3071551700051200075,,333.7584453374895,3232.7125222810564,8965.124521300144,3229.992333024994,8959.967996958627,3235.5502099973046,8969.950560476302,2.8141770489529785,91,0.7701080327894934,0.980051883949438,cluster_5
3071551700051200078,,1161.113478848327,3254.557308782482,8974.642304407673,3249.106143299279,8964.384193089092,3258.944591668293,8982.739131872195,2.1029530553897904,221,0.4086089412799832,0.919932154402072,cluster_5
3071551700051200079,,666.8458609111321,3211.5730243417847,8968.579945354351,3206.9700635808053,8963.957251079077,3216.258439516203,8973.41222931636,1.1992741834042688,164,0.4868415133654115,0.9343829594123017,cluster_5
3071551700051200080,,874.1236345405143,3231.846273812648,8973.238553545498,3226.14122553575,8967.264818848142,3238.1172665118856,8978.26430635697,1.4639975046089422,183,0.4463458685439158,0.927045101314284,cluster_5
3071551700051200084,,683.5951512637303,3222.1365997131584,8979.441573426322,3217.2062456744416,8974.322606132857,3227.043301690124,8984.98249851677,1.735106634920701,134,0.5001151647393952,0.9291452476564896,cluster_5
3071551700051200087,,236.6191118441251,3194.660324235323,8979.650874144381,3191.174906118404,8977.562367473965,3198.1439539047665,8981.97592838425,1.83883673639036,62,0.8257103600465275,0.9760884754014528,cluster_5
3071551700051200088,,1126.857476520043,3227.853380220324,8985.892799880567,3223.4511721877325,8976.823928590622,3232.421340771295,8994.078627368808,1.9504655119600367,145,0.4047187743287317,0.93716491953211,cluster_5
3071551700051200096,,470.9663572084466,3206.248376795032,8990.714264840934,3202.974249177409,8986.418590906245,3209.231461844332,8995.05058412566,1.3803837402184336,96,0.5554919282028652,0.9910036567614584,cluster_5
3071551700051200104,,521.6371984726829,3194.3426809128805,8997.032108536194,3190.14109541455,8992.466321837772,3198.044938756909,9001.191725090725,1.3033421638688285,204,0.5779123006521595,0.9073827274400924,cluster_5
3071551700051200107,,957.0412537059256,3170.549548308939,9000.613030163142,3165.176745530404,8994.21245689112,3175.604828967802,9006.588210637028,1.3650518471155235,373,0.4011801936590324,0.9616882229273048,cluster_5
3071551700051200117,,1482.399705200358,3234.7624437002955,9008.857948903227,3223.580118900976,9001.254058957424,3242.6723473766906,9017.529197526464,1.426761794398431,93,0.4019412631366243,0.7704096786344524,cluster_5
3071551700051200120,,262.74201871143174,3195.38991707438,9010.356484913013,3191.2218080352022,9007.325893969755,3198.7642740697456,9012.958781946516,1.6055788993484814,128,0.8510463127682311,0.8732562576290066,cluster_5
3071551700051200122,,412.9291017304103,3145.4977797974743,9012.082811868402,3142.4547724326912,9006.06741593576,3149.0487961573454,9017.809779935757,3.147237629842737,267,0.7192869861991048,0.9779934718961676,cluster_5
3071551700051200126,,1564.6867522036414,3226.4853727572995,9024.354040623915,3218.5290062700105,9014.886039231951,3236.655908031322,9031.87127100151,1.1350029232812355,54,0.4088043894909569,0.722795752323405,cluster_5
3071551700051200130,,201.6574968073659,3241.5952619399363,9021.119850963269,3238.95639923451,9018.37754629012,3243.808533415561,9024.215334869818,1.327487794337054,33,0.8831056831742112,0.9685482420537004,cluster_5
3071551700051200131,,345.795628457995,3164.7066290409607,9023.78785178007,3161.71705518857,9020.448459582343,3168.446709247004,9027.68899349571,1.037688812579357,129,0.7438564011426246,0.8644520449336871,cluster_5
3071551700051200132,,614.250020738808,3204.5402117810345,9024.64091504058,3200.5084005572835,9020.094543415791,3208.678415712704,9029.936268294943,1.1989248801516972,269,0.5056668218242738,0.9693979616255356,cluster_5
3071551700051200138,,534.7608235849895,3171.2757099907462,9027.149629980811,3167.254930661144,9022.954562037614,3175.0257572236987,9031.480402220368,1.1261814615560812,187,0.5171503700725436,0.9865450056127204,cluster_5
3071551700051200139,,401.31153961249214,3177.7074044067817,9027.869958634588,3174.7810619880265,9023.670501381182,3181.0802082938044,9031.71085082162,1.266594930126059,151,0.6119152934028538,0.9971862386155176,cluster_5
3071551700051200140,,369.5183469616816,3219.331349035902,9029.4945493111,3215.885775344017,9025.439350946448,3222.832333414793,9032.841966386428,1.1163149182451215,118,0.6294904414621226,0.9967546515772888,cluster_5
3071551700051200141,,424.930415905965,3161.714489363497,9030.884793380012,3158.613376418557,9026.137745204356,3165.434544473133,9035.82533420132,1.580118167598569,229,0.6266094366578087,0.9503897566179051,cluster_5
3071551700051200145,,868.2436436047999,3168.917250640712,9038.4677486634,3163.272177587581,9033.157233636222,3173.865756966319,9044.105464587572,1.2533719588732233,381,0.4206864029157294,0.9622483581575476,cluster_5
3071551700051200147,,424.6385962832811,3231.359209680767,9036.28876734905,3227.92169352767,9031.9262584401,3234.377060241598,9040.428135568383,1.4127686835390665,96,0.5937138587184442,0.9836614814324576,cluster_2
3071551700051200148,,1361.459023369426,3214.141137484089,9042.187082626966,3204.3168442322853,9035.033338806696,3222.140288010733,9047.193258826766,1.7470190281662277,475,0.3922006232101181,0.8671799174901589,cluster_5
3071551700051200149,,509.821124161009,3200.366887015674,9041.190043539327,3195.7206209981487,9035.987599570708,3205.122049885331,9045.191354810857,1.199759213689031,156,0.6072119738944911,0.866251617582571,cluster_5
3071551700051200150,,591.9697255409646,3178.590361751444,9042.397793601262,3173.8091071331464,9037.879780096631,3184.314599794924,9047.856865299937,1.4445004700885495,269,0.6235639566627716,0.7897297099833305,cluster_5
3071551700051200152,,1007.8911302482694,3184.690315940687,9050.688981406884,3177.595427966651,9044.684525974271,3190.982521566052,9056.48012516262,1.1607528896137664,493,0.405288449914397,0.934126034127006,cluster_5
3071551700051200153,,711.4434532375408,3205.3176720169645,9049.324325218326,3200.309095650852,9044.480232307333,3210.4773366778863,9053.794295628291,1.2955071318144276,239,0.4596237129640551,0.9826812996502046,cluster_5
3071551700051200157,,1050.505292871121,3233.408696994292,9057.88719583335,3227.014696063791,9047.282533437588,3242.509835087567,9065.149577842278,1.92879804521264,762,0.5679501908020316,0.6987428212553473,cluster_3
3071551700051200158,,1131.5781489102478,3241.128572663522,9055.886974995236,3235.803976200691,9048.83797289302,3246.710958564196,9063.730767270812,1.3949190130606823,445,0.4310544889531779,0.8380247774125898,cluster_3
3071551700051200159,,983.8216296495356,3202.9401266370337,9056.831113978244,3195.4030880561268,9051.464268993494,3209.516509594783,9063.067862080628,1.265302015149847,465,0.4217684850817981,0.907288426130572,cluster_5
3071551700051200160,,620.1230185586808,3224.5204270874738,9057.759278116357,3221.434895022271,9051.898758969322,3228.0969427604723,9063.608528498053,1.835730538304179,296,0.5166527664329891,0.9601144369705596,cluster_3
3071551700051200162,,377.8573862285724,3214.686107303912,9064.830983351132,3211.158423762304,9061.519783516094,3218.037467677646,9068.145718270634,1.0575275526177377,162,0.6099765183692157,1.0,cluster_5
3071551700051200165,,848.3881197269241,3201.536567771976,9071.703460575218,3195.6845209156027,9066.364707606734,3207.840875477212,9078.12395107741,1.6844250382017385,424,0.4632941246125485,0.9141826641122048,cluster_5
3071551700051200167,,555.4049290346496,3234.935575340399,9073.876934693706,3232.0253287032965,9068.282878246311,3238.831893361932,9080.46362393459,2.007337965613927,181,0.5808860141321001,0.9638769427065804,cluster_3
3071551700051200169,,690.9202732193885,3210.9912356728087,9078.731963031263,3206.279024674273,9073.582095623617,3214.980773968932,9083.682611413984,1.1632900818249543,426,0.4716178143727988,0.9548348176168732,cluster_5
3071551700051200170,,430.3831314583468,3219.0080816290138,9077.671182674056,3214.73315799524,9074.56005241465,3224.011360968448,9081.987651515476,1.231207462568298,292,0.7291322351871362,0.7951940473946935,cluster_3
3071551700051200171,,1330.4639965361548,3227.657767624844,9084.804323830846,3219.585473281584,9077.621584840515,3234.3133072790897,9093.358095535565,1.388931984344197,842,0.4212013234709307,0.7938848903415051,cluster_3
3071551700051200172,,1064.4872928950483,3226.0461613064404,9098.826228985568,3220.913924649017,9090.837911457063,3232.8727471807606,9106.578805848085,1.169216874025781,609,0.4552100891624069,0.8029758370481384,cluster_3
3071551700051200175,,770.630232033731,3249.8296407491225,9117.575879984215,3245.307568002292,9112.658852281958,3254.621938054511,9122.585287266698,1.0776308804918242,74,0.4241863020326173,0.9905055232535224,cluster_5
3071551700051200178,,630.7786155510702,3238.211123530332,9124.900417638652,3232.369105827651,9116.44480593407,3245.772935934528,9130.884007239853,2.570092464883249,340,0.768471108206583,0.6218762952601595,cluster_5
3071551700051200192,,1565.1334764683354,3247.6996804020305,9141.246158562768,3242.982644041964,9129.38035283883,3252.791537731516,9153.992379067364,2.6607233373244514,818,0.4052018517225208,0.8158377565934906,cluster_5
3071551700051200239,,549.6298625704418,3272.947338690712,9180.131107137557,3268.283444575871,9174.246988168175,3277.4766692715,9185.803760737552,2.455167593406013,233,0.5967570396277919,0.9641490960698652,cluster_5
3071551700051200244,,564.7450804973776,3279.930952967124,9188.149752754476,3274.3721621178584,9183.24077203509,3284.909628716706,9192.763469671649,1.7298522837933057,245,0.5533725334675044,0.9844326081848,cluster_5
3071551700051300023,,335.4831861270744,3162.9377032983894,8923.635936354827,3159.723194299798,8919.971274399932,3165.9034449867586,8926.930677789242,1.2451792853161496,160,0.6462982748472409,1.0,cluster_5
3071551700051300025,,218.91475439647053,3177.9361082050523,8926.862945539406,3175.454820588565,8924.186261347562,3180.576044269937,8929.9092437302,1.033383926522211,109,0.824375978573398,1.0,cluster_5
3071551700051300027,,483.74777333497474,3195.285414439784,8930.019195356035,3191.6043480921103,8925.847692365298,3199.1398031510294,8934.33827983667,1.425711511500066,165,0.5483823947177714,0.9852091566606784,cluster_5
3071551700051300028,,575.3270690913629,3150.560993361595,8932.719265358348,3146.816857562116,8927.896782532858,3154.3527771898034,8937.597140276157,1.360740399653797,263,0.4938600098600488,1.0,cluster_5
3071551700051300031,,532.3749625179232,3145.823514803182,8940.272813583537,3141.6700897569235,8935.083243483474,3149.504454217605,8944.898287278289,1.2722742299914058,182,0.5426608993172649,0.9530400869866024,cluster_5
3071551700051300034,,242.9394351427836,3205.636316494437,8937.629021450832,3203.390462419919,8934.593512496735,3208.23989680868,8940.867453109506,1.2855387955959412,69,0.7659598775417155,1.0,cluster_5
3071551700051300035,,347.07701671059,3198.270743103992,8938.49958753332,3195.0903417437376,8935.400853132189,3201.8705700952823,8941.505257373334,1.1106754710949225,129,0.6415403598058501,0.9827768601201872,cluster_5
3071551700051300037,,360.7753851750674,3164.7201031916143,8939.212872890152,3161.2480271910654,8935.996822567215,3168.389747758596,8942.308735894825,1.1650846723802504,236,0.6193223727073996,0.9999999999999998,cluster_5
3071551700051300041,,225.5849541483768,3155.225592514816,8944.690603269484,3152.4182856958723,8941.96469678942,3157.914187073496,8947.906641440137,1.1271825417732428,84,0.8113205354395545,0.9904535164683844,cluster_5
3071551700051300044,,301.9308733316184,3191.491093707503,8947.911320992198,3187.7404600530945,8943.763956876222,3194.652139021131,8951.839434805812,1.992181172595286,149,0.8181161540041265,0.8678015248190276,cluster_5
3071551700051300045,,509.9700388603891,3212.138316452562,8949.572512837081,3208.612529190505,8944.544985563803,3215.3581333202874,8954.748766094737,1.5473666229021454,128,0.5893795218556487,0.9143624264823416,cluster_5
3071551700051300047,,279.753670886398,3174.730924705188,8951.05825302479,3171.4603498366587,8948.118285865701,3177.7566622577983,8953.78183990805,1.0900016069220009,123,0.7461405581485323,0.9434769028578665,cluster_5
3071551700051300052,,213.70479814398925,3198.859647626918,8954.38580614732,3196.2835640636786,8951.337384878694,3201.536209692156,8957.527449553589,1.666476833560932,98,0.8463931817086366,1.0,cluster_5
3071551700051300058,,276.2164501446499,3144.894995059762,8959.736459276935,3142.274571841481,8956.114005369565,3147.4583310675084,8963.084006344734,1.606010006849522,140,0.7279754408633529,1.0,cluster_5
3071551700051300059,,402.8367069129794,3161.607493772846,8962.256433089606,3158.3878527624124,8957.50581570421,3164.521538519848,8966.630614907062,1.5624045645438298,196,0.6355678915686029,0.9632523590443028,cluster_5
3071551700051300060,,187.43825630534067,3188.957979114874,8961.082195966437,3186.954038248392,8957.793260970868,3190.7097012630275,8964.329380244937,1.7394505545473993,75,0.943306967430112,0.959947030160274,cluster_5
3071551700051300064,,428.2417182726558,3152.912946073881,8964.817447036221,3149.342505072588,8961.22350255604,3156.2413620024245,8968.672148144095,1.0644788729514827,228,0.5715086878186014,1.0000000000000002,cluster_5
3071551700051300068,,576.9005491351658,3171.958729210906,8973.099317786859,3167.443899482348,8969.287481176498,3176.596598148765,8977.07563301646,1.200413316617772,270,0.4908736856114454,0.9957306414988712,cluster_5
3071551700051300069,,488.9897330509973,3151.640067344728,8973.861223290443,3147.9123393264827,8969.894200053273,3155.44346347644,8978.196001165308,1.218678885077508,207,0.5307320685581774,0.9977821906161772,cluster_5
3071551700051300071,,368.525247826612,3144.953911872105,8978.558543755355,3142.0249200612143,8974.582065478819,3147.775819621276,8982.77560694621,1.2364401250546737,164,0.6219931646759792,1.0000000000000002,cluster_5
3071551700051300078,,399.353640647935,3175.0732712565587,8988.424240947104,3171.654988999156,8984.982445501324,3178.6062948584204,8992.051304130091,1.0714186347305223,197,0.5983300678234028,0.9788274297857796,cluster_5
3071551700051300083,,561.7744890184415,3186.1499696566016,8992.56480102187,3182.1617203030446,8988.346596000865,3190.4337866634773,8997.419930420869,1.268313207402162,203,0.5299891186677085,0.9540848181096924,cluster_5
3071551700051300084,,375.909355404263,3179.881212821037,8994.148320515962,3176.624262780455,8990.73529502138,3183.265244110706,8997.743967595234,1.0749973333864002,139,0.6206060865675725,0.9731670359214328,cluster_5
3071551700051300085,,492.5142341227286,3142.6765552539296,8994.88229519678,3139.14921370695,8990.514785927015,3146.0062710842512,8999.435860857237,1.5071380005900112,221,0.5412401417686726,0.9995794793043687,cluster_5
3071551700051300087,,634.5080230023195,3149.5023389941134,8999.980430549776,3145.752614102513,8994.726598540043,3153.2228975820617,9005.398512646274,1.4336729165998483,190,0.4915396468844689,0.9725795625928918,cluster_5
3071551700051300091,,523.034528295649,3155.2461644858417,9004.264228947695,3152.158074042125,8999.314545162033,3158.3456414522216,9009.420519569509,1.6219884397164237,210,0.5572448786503381,0.9618953364727908,cluster_5
3071551700051300092,,565.0555143128361,3161.966151010314,9006.905319948919,3158.463024192088,9001.632242994634,3165.2709554204707,9012.12416484986,1.588635299722718,171,0.5143874054330183,0.9935368666931564,cluster_5
3071551700051300098,,679.7078736603913,3183.65105767384,9014.428976677678,3179.203682523735,9009.831455632491,3187.950668477307,9019.019735906502,1.0606400545850607,227,0.4510253625775982,0.996753093385014,cluster_5
3071551700051300113,,451.7923391304205,3240.656472925103,9031.911389409704,3237.0082010238243,9027.7935068777,3244.4188220416427,9035.825019208434,1.3405648986333965,68,0.5685303723400779,0.9881047254860816,cluster_2
3071551700053100012,,910.2629090908712,3779.927294228175,8913.530471999984,3773.7459007982407,8908.186406231041,3785.5748565116737,8918.893592902445,1.198403500620144,577,0.4425684851209853,0.913979810036791,cluster_5
3071551700053100015,,1000.6678082107122,3803.268339542949,8916.159875457712,3795.7907797773887,8909.759920492295,3810.09594194727,8921.505856190488,1.794538244448614,655,0.4666217692009314,0.8611621814611413,cluster_5
3071551700053100020,,585.3624184100735,3794.830110088199,8921.066696133736,3790.702243729685,8916.58060348275,3799.325000087143,8926.337849598554,1.3329208030701407,341,0.5172089396610123,0.9576922034921704,cluster_5
3071551700053100023,,2379.828942672918,3763.210516639766,8936.464014314108,3757.529617362716,8920.359637922016,3771.4779333226106,8948.627394152854,2.0714713327465035,1238,0.3275340884621772,0.822423211132474,cluster_5
3071551700053100026,,884.6307109377045,3806.807135693743,8925.991438934812,3800.6784559710377,8921.073875409664,3812.904211921109,8930.394465302586,1.3681093431827014,468,0.408670988659373,0.977385854497335,cluster_5
3071551700053100031,,1093.1898597224256,3811.523263002199,8940.178624804323,3805.676103573456,8932.224814704141,3816.379223437776,8947.726660258928,1.8006745350365083,449,0.3996322198246901,0.9451119770450616,cluster_5
3071551700053100032,,993.1316047812444,3805.092278028106,8936.461453079874,3800.30643890712,8930.012414773573,3810.325262378328,8943.962360382728,1.5345717643701522,446,0.416411279918941,0.9346499924200832,cluster_5
3071551700053100033,,929.4478737165114,3776.815578720812,8937.981357526798,3771.588060318352,8932.517571548558,3781.7454595403055,8944.086573251692,1.2277261718442878,448,0.4112875645280686,0.969825909138698,cluster_5
3071551700053100036,,406.3000650074944,3791.361161239943,8937.658854210169,3788.3431936623656,8933.709313248746,3794.631051965583,8942.134708271076,1.2314189390019197,220,0.6221361716521656,0.9769914223585638,cluster_5
3071551700053100040,,609.795602043112,3821.520181121415,8946.936429727079,3817.999185950897,8941.30149267512,3824.694874951182,8953.009551608082,1.7390878467277495,382,0.5095924604091787,1.0000000000000002,cluster_5
3071551700053100042,,544.4189274946896,3814.520713584487,8947.417658060624,3809.906799267532,8941.904382181776,3818.3902355921073,8952.194466466319,1.893655477706864,274,0.5580623781721091,1.0,cluster_5
3071551700053100045,,419.1870889269427,3761.955981402528,8950.192003906639,3758.400534476007,8945.532466050789,3765.24949466426,8956.197375690297,1.7210339929036431,225,0.7373557424360114,0.8279595941609099,cluster_5
3071551700053100049,,315.4109442889296,3826.921813822508,8952.92565734876,3823.8309150801774,8949.415900504007,3830.157785591829,8956.433543769723,1.4320647357525835,232,0.685056410255554,1.0,cluster_5
3071551700053100050,,469.1495550893752,3817.243478790922,8953.73040635216,3813.2252495787206,8949.657164828664,3821.749783449603,8957.790790184483,1.1884325209219762,203,0.553585707898725,0.9999999999999998,cluster_5
3071551700053100051,,576.1930018596115,3795.543886003744,8955.511790098057,3790.553989837962,8950.820693341517,3800.245482406791,8959.8818756571,1.7760449950688757,327,0.5310853642421224,0.9880387110786648,cluster_5
3071551700053100052,,594.5176852830605,3811.102739313508,8957.825845354137,3807.653695822314,8951.574884524567,3814.979737210334,8963.60563161262,1.774482841875282,259,0.5302495452753221,0.9864984632748705,cluster_5
3071551700053100055,,375.4626322334775,3782.499748052796,8957.196296217493,3778.878725483022,8951.874534409904,3785.162905250229,8961.349586810868,1.8956462859224688,145,0.7041498389151678,0.9076042215656036,cluster_5
3071551700053100056,,516.248554222953,3788.417923498088,8957.096096783682,3784.784479528817,8952.82446280018,3792.248240633152,8961.661860936325,1.2118282856851936,207,0.5313510956880722,0.9893893525936328,cluster_5
3071551700053100064,,184.9036756495422,3816.765554771252,8960.712519238443,3814.49702829882,8957.901427500829,3819.058214093408,8963.444767661002,1.373408177482954,97,0.8963220205077728,1.0,cluster_5
3071551700053100065,,660.1521227601702,3794.8869316979626,8962.657921674472,3789.657392112495,8958.538010327915,3800.694154254096,8966.08203748339,1.3394796764474777,279,0.4870201524124163,0.9820807827052846,cluster_5
3071551700053100066,,418.9031505451286,3785.59153707992,8963.76475368347,3781.612015724933,8960.099078155992,3789.697263068196,8967.398032598132,1.0694145680572695,228,0.5798507549046327,1.0000000000000004,cluster_5
3071551700053100067,,201.8497195534873,3825.45316954845,8962.917861052409,3822.774557145505,8960.417354139423,3828.3765103390033,8965.703568177509,1.3437583965915958,99,0.8504602831119852,1.0000000000000004,cluster_5
3071551700053100069,,517.7245074620032,3829.7974669165023,8965.797619964133,3825.32204575359,8961.237738939075,3834.625800484644,8970.408069399646,1.4559534680558772,221,0.5516026717226515,0.9641779445536252,cluster_5
3071551700053100074,,254.8045592644836,3807.0062460938734,8966.176212285345,3804.389840212143,8963.216533994688,3809.575577208602,8968.995987035301,1.0416776967094563,107,0.7582303437538249,1.0,cluster_5
3071551700053100075,,597.4290231540065,3837.086866533005,8968.569819821196,3833.060267612948,8963.362821098824,3840.7775218925503,8973.219573716922,1.130929666659204,349,0.5426706474885378,0.9446969290350736,cluster_5
3071551700053100079,,597.7259595080247,3769.111864688447,8972.497215992918,3764.815109929302,8967.316197562785,3773.226704890789,8977.678532918273,1.1152293326791023,259,0.5149986881043008,0.9610891108627008,cluster_5
3071551700053100080,,702.5992457840299,3785.8347293472407,8972.754252466038,3780.001507851349,8967.296820439007,3791.150256630728,8976.683778543616,1.0536938409177317,361,0.4779980697511106,0.96226878425518,cluster_5
3071551700053100082,,321.22301140081123,3762.5892554536704,8972.046113420764,3759.7928246456736,8968.403561286015,3765.7652392654095,8975.179468207787,1.045939362509654,41,0.6843454508383627,0.985293488936267,cluster_5
3071551700053100084,,855.9813072724195,3805.8212947347497,8975.230277240757,3801.229801133176,8968.663489685961,3811.179505985604,8981.619284765364,1.1438598039231975,339,0.4581285956185362,0.917553044401836,cluster_5
3071551700053100088,,581.6473080712602,3829.500112585483,8976.387392448773,3821.952695821344,8972.05522994387,3836.092639523594,8981.387230752254,1.612523731607633,306,0.8115237926101406,0.6317456721817102,cluster_5
3071551700053100093,,559.8846892083309,3762.949502664534,8978.595188724235,3758.0126223421694,8975.079095409634,3767.827376010573,8982.40376933356,1.276657353801175,191,0.5078963635659418,0.9936984321838996,cluster_5
3071551700053100097,,379.4254718591278,3823.1351399825,8984.06490506116,3820.611444127135,8977.468229558013,3827.052556761342,8989.275649040548,1.917378090668368,164,0.8682623064365933,0.7348727589792413,cluster_5
3071551700053100098,,1178.30512328005,3780.3403289594858,8982.759308575274,3772.425302755408,8977.768994765165,3788.256838211063,8988.322929515874,1.6869961646279912,495,0.3755559860243856,0.9541242930602796,cluster_5
3071551700053100099,,676.0112902199746,3811.797896392044,8983.435921036,3807.629517627525,8977.793381259306,3815.4015247943626,8990.632016628388,1.893968316363918,285,0.5190406302744092,0.9420134972599205,cluster_5
3071551700053100100,,668.6414238412842,3790.645762305525,8982.788914684874,3785.102289174146,8978.260734281406,3795.6425127076295,8988.00346224748,1.8845917795761484,256,0.49651753231563,0.9938493985973488,cluster_5
3071551700053100101,,660.9031520665037,3806.213658953832,8985.751895139414,3802.119147086387,8980.010390552166,3810.828990826596,8990.951177524423,1.4374404645745469,286,0.5048671689474656,0.9393255143469886,cluster_5
3071551700053100102,,1711.8698346846486,3831.91838665687,8987.26965829062,3822.4229092060486,8980.037449584781,3839.8123722376968,8993.732686180616,1.4293346129938298,846,0.3412001812312706,0.8968441527057628,cluster_5
3071551700053100107,,1661.5081570015489,3815.919283283707,8994.957899468505,3806.882939719016,8986.670798964431,3822.3668156221806,9001.82844709652,1.0028928513308288,632,0.3266105046166761,0.931439774292098,cluster_5
3071551700053100111,,1067.6667338221246,3743.562294942632,8995.551097950594,3738.6226547533615,8989.434833974958,3749.431606678005,9002.907410377393,1.774916002482225,453,0.3928178972395852,0.9813462104346076,cluster_5
3071551700053100113,,618.1806782034256,3829.9181675765576,8999.41765590057,3824.813722726257,8992.77661365594,3833.956609287927,9006.038303660014,2.3173692959041867,269,0.610420714814016,0.8531690862976908,cluster_5
3071551700053100117,,863.8222946227957,3795.643500692528,9006.539162787672,3790.784450014254,8998.52863319271,3800.9181191538055,9012.95325407495,1.4321300540872175,306,0.5087312058565293,0.8107055794725481,cluster_5
3071551700053100122,,631.2940879096024,3756.005059248352,9007.91893166602,3750.581752079693,9002.795238070024,3760.848105196057,9012.0946151426,1.1090761114887298,127,0.5697438317467097,0.8511926590716237,cluster_5
3071551700053100125,,1161.4917553750008,3824.059139604168,9013.522269584506,3817.191339748677,9005.466262114982,3829.014536524007,9021.135838418895,1.7503282690152646,483,0.4012894847137147,0.920986590751902,cluster_5
3071551700053100136,,598.3732102813917,3769.7608857306905,9018.10016595338,3765.6192170523072,9013.308001533402,3774.3736232727097,9023.330438392592,1.386954299214867,280,0.5059720344044846,0.9618419061460466,cluster_5
3071551700053100137,,560.4819911924745,3798.3838014554935,9017.892854706077,3793.924619863624,9013.631360283758,3803.076668388432,9022.169391423547,1.5657190475821914,226,0.5107156536337895,1.0,cluster_5
3071551700053100138,,879.4823093859824,3808.2870477896568,9020.293766845192,3802.323294054867,9014.622246912795,3813.861735301542,9026.43201795637,1.466824895205518,286,0.4387515281268542,0.9402526769493506,cluster_5
3071551700053100139,,1206.4050865623476,3747.4183431778943,9024.046320896452,3740.864491153489,9014.895648352527,3753.9633542542224,9030.319487183828,1.4078217761693843,733,0.3932049608239507,0.8927292751049397,cluster_5
3071551700053100142,,424.3885469503186,3827.150448298037,9020.785182056576,3822.920620412873,9016.332474043522,3831.069789836896,9025.282139296578,1.723626260584986,205,0.630581049519599,0.9780138959911444,cluster_5
3071551700053100145,,2051.876186839076,3778.2347933494448,9029.037791821916,3768.6651357497058,9019.659018396222,3786.3510531036254,9037.163107673245,1.7933019779777757,1126,0.2841772480759613,0.9678413334574985,cluster_5
3071551700053100147,,790.0779734642458,3816.347167123815,9024.42507377314,3811.6230710946975,9019.355999457546,3821.723717690594,9031.584277441669,1.3866941783274909,271,0.4589643298042291,0.9699884686227848,cluster_5
3071551700053100148,,2087.8083395428903,3790.477370259999,9028.927658726738,3781.477475572976,9019.679091215285,3798.967536381925,9039.214837409994,1.575939752468813,1117,0.3221636382345352,0.8304057305347132,cluster_5
3071551700053100149,,1095.8315482035032,3822.12001403458,9030.278624330518,3816.654844689858,9022.762188354232,3827.7114973923954,9037.377601159633,1.5811512742561389,380,0.3809212207909214,0.9703133546340796,cluster_5
3071551700053100151,,437.9428187703429,3760.727316567809,9028.054287172708,3757.921408567574,9023.458923047488,3763.516547897909,9032.627309474596,1.6502476222554927,313,0.6114264899893825,0.965356906547212,cluster_5
3071551700053100152,,462.46974736391866,3810.507001231115,9028.706707165516,3807.333471244501,9024.255428220304,3814.240706842246,9032.627309474596,1.2119976711779,195,0.5625491915576709,0.9886166662484606,cluster_5
3071551700053100153,,1464.34390648103,3801.380443665127,9031.961664264109,3793.961611801292,9024.426532676953,3808.4127711876577,9038.464432300723,1.2272944323095327,621,0.3161606741871499,0.9860406046128452,cluster_5
3071551700053100154,,906.0785364957298,3747.0371814970777,9034.71705615474,3741.017540630394,9028.961075420291,3753.062172728689,9042.418068142326,1.770174422293649,536,0.477747294379954,0.8933860930253545,cluster_5
3071551700053100157,,506.1340542742332,3753.684232785448,9034.368308760304,3749.3691783164913,9029.939528587718,3757.877999041969,9039.68280976039,1.432945240012971,444,0.5895954337838997,0.9294919410324576,cluster_5
3071551700053100158,,720.0507327141456,3760.816366081438,9037.138457688909,3756.1782165953673,9031.875707583738,3765.086054659411,9042.891454120348,1.2957208214339897,327,0.4693512481928921,0.9587027001104772,cluster_5
3071551700053100159,,1247.7813315794206,3813.88749719865,9038.469333241186,3807.633692657238,9031.656544484264,3822.298063609675,9046.03260228485,1.038785339062205,551,0.4062380621870662,0.8427188809135631,cluster_5
3071551700053100161,,1499.351889642683,3803.569394921401,9045.082768730148,3796.298690589768,9035.916322001269,3809.7503497081616,9052.647460480712,1.411580967526837,759,0.3464112090068554,0.9167868123989736,cluster_5
3071551700053100162,,346.9597964139165,3790.975392662626,9038.98859053882,3787.007564953161,9035.972477086638,3794.664084478135,9041.761931652158,1.4116682930769011,238,0.6603451367112533,0.9818013751381708,cluster_5
3071551700053100163,,359.61909138926296,3798.736725150243,9040.18017023994,3794.531936119427,9037.463901696274,3803.737064925084,9042.98813499958,1.67290970174283,174,0.7151794694351422,0.8926507383651803,cluster_5
3071551700053100164,,437.871443138292,3776.4432428555656,9040.45985643398,3771.892564943372,9037.486864075065,3780.613311349178,9043.947875099026,1.2003993125757937,239,0.5878312286466575,0.9672331942815532,cluster_5
3071551700053100165,,688.5492870930897,3755.746653837788,9044.40600068798,3751.252207159391,9038.950101616643,3760.247876522493,9049.47361451008,1.1216685459410018,432,0.459946237116119,0.9796526221369593,cluster_5
3071551700053100167,,214.01272287312423,3747.038852525952,9043.634999697124,3744.670591899388,9040.840546892934,3749.6870696006577,9046.915498307257,1.6412244296674474,133,0.8468672620699137,1.0,cluster_5
3071551700053100168,,638.8587343408047,3792.978447709207,9045.98016189256,3788.3209439499087,9041.270377797877,3796.72417412741,9052.072047194342,1.3177895348030326,362,0.5098476012955482,0.9468505639263992,cluster_5
3071551700053100170,,654.33093914771,3732.1184730578,9050.757652380707,3727.198411927744,9044.22341850653,3736.720784756778,9056.804831200085,2.0596072364615985,366,0.5472304719103093,0.922408861636336,cluster_5
3071551700053100171,,814.2230491058626,3762.843353363932,9049.944039805205,3757.945028569842,9044.475607799282,3767.433466267963,9055.090131105251,1.140013643782884,470,0.4237045547955019,0.973002304810954,cluster_5
3071551700053100172,,492.992981434216,3788.3244884478254,9050.869365642997,3783.9781967032336,9047.187201571616,3793.191473942447,9054.548699562572,1.1667148569973946,231,0.5457134477100692,0.9832451570936264,cluster_5
3071551700053100177,,243.70628045855145,3782.604105715728,9055.406579099616,3780.7409165138265,9051.60089679636,3784.645750948133,9059.265600134033,2.066772125353146,130,0.8256992759111385,1.0,cluster_5
3071551700053100179,,1237.4718404789244,3789.0211818955936,9059.791399631373,3781.435962884707,9052.709901956565,3794.789728257952,9067.185592968306,1.0202108888227162,781,0.4049975131332385,0.8579875182667674,cluster_5
3071551700053100180,,389.41761570570566,3776.8973580548927,9056.222056454368,3772.8572826909103,9053.171003729713,3780.610893206479,9059.612100639602,1.3908947270840852,188,0.6047440185503804,1.0000000000000002,cluster_5
3071551700053100183,,487.7708555263423,3734.948701667056,9060.70111960868,3731.095054037569,9055.88383153357,3738.291650743387,9065.5510679904,1.33654193926737,208,0.5539676314809884,0.990773710074384,cluster_5
3071551700053100184,,850.9630772058339,3754.6278892448017,9061.751026789612,3749.42815279544,9056.830839751445,3759.657362251218,9066.966658067016,1.0111581595899728,549,0.4160555193538013,0.9686448607529564,cluster_5
3071551700053100185,,463.7439753141019,3743.040623322536,9062.003517109328,3738.413818882307,9058.126917479947,3747.348438172805,9065.690367787898,1.2600693431831729,270,0.5627551782667634,0.981013661131216,cluster_5
3071551700053100190,,1492.995807922726,3777.3140621520206,9071.737101054889,3768.1166977620887,9065.793039568176,3788.9117351599607,9077.755293434184,2.469195011143312,960,0.3727939274042553,0.9325052651813228,cluster_5
3071551700053100193,,339.5312533372829,3759.0856196759664,9072.707303872676,3755.239038612881,9069.671760432931,3763.7593326126553,9075.501222999155,1.3980958092207425,167,0.7088903559603665,0.9465661833506068,cluster_5
3071551700053100194,,878.4781493774453,3727.917665789424,9076.05905242569,3722.3427625863706,9071.08480413326,3734.194278489543,9081.759457782062,1.3187435647326962,510,0.4280017051609489,0.9701496284413378,cluster_5
3071551700053100195,,816.1744648477,3735.465051302547,9079.12631703422,3729.9905521186383,9072.347158000206,3741.440463627284,9085.427982861707,1.6197332907920403,301,0.5005927655320644,0.8652782340162437,cluster_5
3071551700053100199,,1290.1894445093023,3726.434060719264,9087.502675567868,3719.85090631997,9079.642941079288,3733.9600839495824,9093.858483480317,1.185434130508047,673,0.3692450238421291,0.9392676461522108,cluster_5
3071551700053100201,,212.9920432754418,3711.508637119037,9094.933965797854,3708.602010703944,9091.593527747957,3714.031016528521,9097.512267699103,1.6626795100333709,78,0.8830931538266401,0.9610693115229008,cluster_5
3071551700053100202,,1275.8919507984745,3722.180295732792,9099.212200676337,3715.286150349539,9091.928055780148,3732.605119284041,9106.3822534295,1.8927060545579952,622,0.4166801684618652,0.8506287708331203,cluster_5
3071551700053100206,,1418.2027382649385,3713.268388377012,9112.931090080876,3704.380497920016,9103.109944496146,3721.460616712861,9123.593695872692,2.166049565971518,800,0.428473359445349,0.7709773671260101,cluster_5
3071551700053100209,,2010.133603008696,3702.691881276872,9132.973657667697,3694.776909348876,9121.736570499155,3709.9388896566297,9146.601308841657,2.4858025548178992,1217,0.3431405234956646,0.8948670952211912,cluster_5
3071551700053100214,,760.9910195208132,3673.428058364944,9165.165500540708,3666.9054434033023,9159.22765727012,3679.517588730479,9171.16491317927,2.0298780694393086,408,0.5076959681354399,0.9208930782713336,cluster_5
3071551700053100218,,507.8992122088598,3661.794793217349,9173.713291070777,3656.8973874425,9168.704053764928,3667.4283441518046,9179.35592481201,2.808073875885852,166,0.6569702494979285,0.93569593812818,cluster_5
3071551700053100219,,1330.4402953236172,3652.24525992334,9177.01922196964,3644.814834203112,9169.546154209798,3658.657394293283,9185.81869350702,1.373804377022766,442,0.3745857010521239,0.8825036442664894,cluster_5
3071551700053200009,,478.7628466197277,3779.021861047498,8905.928765224025,3774.8076887985294,8902.683245949998,3783.901565135153,8909.40479174474,1.369940384098634,74,0.5633158152983895,0.9787636155787576,cluster_5
3071551700053200010,,649.8081103492163,3807.0868953987233,8910.216016432067,3801.8750516938735,8904.014905894906,3813.135121849893,8915.67161335668,1.9654358974047264,356,0.7571084685858319,0.804408802048118,cluster_5
3071551700053200015,,1697.3572261087263,3756.640220342212,8916.214841215782,3747.644534256591,8909.817789638064,3765.624854882524,8922.470190550288,1.3877078156052034,33,0.3003965844529065,0.978913932261456,cluster_5
3071551700053200016,,627.1071559651527,3770.297356778167,8914.300597925672,3765.924119585054,8910.140136832842,3775.2934187084543,8918.697981115136,1.077701861697392,313,0.5052219120502642,0.9454294388443044,cluster_5
3071551700053200017,,712.347689795918,3789.296496586569,8915.679179103638,3784.717264683164,8910.725546495487,3793.6635490845993,8920.742267426995,1.3499835230779578,351,0.4495050510167626,0.9905155557060704,cluster_5
3071551700053200018,,1132.999858774626,3815.276191099406,8921.182514608829,3809.570494651116,8913.633583893838,3821.8860038912526,8928.303950905762,1.5955397585228497,745,0.3881712155975662,0.9581294623294242,cluster_5
3071551700053200019,,1099.068567465204,3770.272143794559,8921.853487081076,3763.378578872621,8916.283779795398,3777.277454647672,8927.304369056594,1.4848408119327408,552,0.3926500476853406,0.9192202590157614,cluster_5
3071551700053200021,,355.7605674322883,3799.8132188224,8922.727477285473,3796.9415497769423,8918.219665447341,3803.051116172224,8927.208679799782,1.873347329240944,172,0.6903540273220755,0.9812288705015676,cluster_5
3071551700053200022,,1131.5585513782448,3778.4431451979326,8926.473228385476,3772.890092534355,8918.687760705689,3784.088761013969,8933.885522489461,1.7706811303548815,634,0.4029672198953862,0.9092463072636164,cluster_5
3071551700053200024,,1311.5955047516704,3788.7900365243777,8927.771956817653,3782.207296327828,8920.649517025893,3795.1881771241215,8934.22273169781,1.0415580844521906,856,0.3467121065016871,0.9451242697698312,cluster_5
3071551700053200026,,1282.8982714528108,3823.544094226868,8931.183110944561,3813.303780319172,8922.16365787692,3830.709065310299,8939.438683083417,2.0358354053287413,829,0.4578130726937948,0.8050405239911409,cluster_5
3071551700053200028,,711.0341602692055,3769.349700816595,8930.919582325705,3764.865653884119,8926.155252167031,3773.505252594164,8936.3664909635,1.1819758079081797,364,0.4492537846631937,0.9945914007623032,cluster_5
3071551700053200030,,665.2077579725251,3819.294312361245,8937.54735962034,3815.351787949336,8930.99962741336,3823.911779303237,8944.721113009888,1.6842240270987847,339,0.6384843471798468,0.7691746180003779,cluster_5
3071551700053200033,,742.8543927820248,3797.4157074007376,8939.29450412814,3793.202826549529,8933.93108519401,3801.254360878454,8944.800865847923,1.3478162615150602,388,0.4478934593556691,0.980144732841097,cluster_5
3071551700053200034,,916.581534371114,3784.853343380674,8939.923154216247,3780.0330768195727,8933.500945255386,3790.89217000177,8945.593195537562,1.0982009878370755,494,0.441767484867174,0.8949263197477232,cluster_5
3071551700053200036,,1139.7976700613754,3828.9849565810473,8945.569601557001,3823.747694614376,8937.947497343259,3834.497886077117,8954.094056155973,1.6078174271801733,719,0.429193504597234,0.8609296078920047,cluster_5
3071551700053200038,,1469.2767879455862,3773.535960699941,8949.084132121427,3766.518826320888,8941.746353247967,3780.865926513136,8955.650581333966,1.0392838316374309,817,0.3242089012350171,0.9637593246872964,cluster_5
3071551700053200039,,871.4587940569662,3797.1181644286416,8948.554691079618,3789.801705990755,8943.892889573435,3803.281886585369,8954.856591080792,1.4312539105496578,464,0.4726816609328251,0.7952994094587743,cluster_5
3071551700053200041,,1067.615536033917,3804.853491769639,8953.583281873536,3799.146426865919,8946.47292930925,3810.573827537932,8960.28705726765,1.455809851773798,539,0.3870679398734223,0.9437356672602774,cluster_5
3071551700053200044,,419.8826161608138,3758.7745077959225,8956.018874524145,3755.261337426496,8951.295215257785,3762.316184769242,8960.570860155378,1.6784728053309683,181,0.6270536876424134,0.9627287067566352,cluster_5
3071551700053200045,,880.4838386238221,3833.347718550173,8958.79238680356,3826.879629391453,8951.644009497883,3839.027632203412,8964.839506899021,1.1959039208734925,567,0.508361706035315,0.8287710079952813,cluster_5
3071551700053200046,,670.8853297352547,3822.44525030571,8958.308169227472,3816.9665617475775,8952.807330690597,3827.778590327526,8963.74718477043,1.1754427034608226,324,0.5390831234974759,0.8526593777785312,cluster_5
3071551700053200047,,1433.9023684577437,3764.114142111973,8962.150758541406,3756.7032029952297,8953.914264361265,3769.789973525552,8969.983427683768,1.1498726499556648,951,0.3429465350497488,0.9385550500280064,cluster_5
3071551700053200048,,754.5256230714101,3774.950830305196,8959.248246758636,3769.14691097729,8954.286696047486,3781.347163636558,8964.751044772343,1.6957681804025029,410,0.5104922636986969,0.9278697044402484,cluster_5
3071551700053200051,,673.8054036529983,3801.775954853824,8967.772324059299,3798.602875683824,8961.150920271573,3805.460755664725,8975.55590364951,2.2353971108203434,311,0.5501338522635137,0.9225841575693554,cluster_5
3071551700053200052,,462.72097744594384,3780.622139170839,8968.38460756374,3776.180431567712,8961.922268019138,3785.659432182845,8972.419558898579,1.6846642407828745,213,0.71761778183357,0.788026735203474,cluster_5
3071551700053200053,,1562.7061023961735,3754.561213998887,8970.728843909097,3748.6399795962334,8961.471700813698,3760.182462122371,8981.180938483227,1.8312804033401373,577,0.337702767861722,0.9441771019089809,cluster_5
3071551700053200054,,661.4591546496047,3775.0838335594376,8966.218828116534,3769.122511890226,8961.470219403325,3781.6262226622216,8971.343677598112,1.499876854648089,341,0.5574395975883886,0.8949636502155749,cluster_5
3071551700053200055,,627.2296556567753,3793.061982599843,8968.894512513813,3787.3581850345818,8962.507731798622,3798.754050497574,8973.97276855404,1.16888935084403,274,0.6544280267381827,0.6987626656836016,cluster_5
3071551700053200056,,919.253235153598,3812.756218360056,8968.91046657081,3808.346745269779,8961.547011772815,3816.939028323156,8977.4837432551,1.867130684370988,503,0.4910818170869616,0.8771066479718601,cluster_5
3071551700053200058,,1052.3931239657495,3820.269167710315,8969.713312720733,3814.765484485909,8962.911212637948,3826.1742890253895,8976.145822381946,1.2342485573909376,549,0.4460397160128688,0.8747393577761031,cluster_5
3071551700053200063,,1146.081710375017,3798.1348700439694,8979.752859149497,3792.683120284463,8969.369447588955,3802.139224575491,8990.992204040222,2.540753883584728,461,0.4690295420992604,0.866631048791525,cluster_5
3071551700053200066,,533.3179696335874,3775.119494919672,8976.511434703136,3768.274928437765,8972.61492535224,3782.34818535357,8980.51040239008,2.002043039864871,242,0.7121880341527386,0.7426334001662109,cluster_5
3071551700053200067,,616.6433712737343,3837.1701906279927,8976.924566748456,3832.6786891274105,8972.479588327642,3840.778505166505,8982.475392776752,1.2493822120497815,435,0.5276680523165317,0.9214414656541988,cluster_5
3071551700053200071,,409.17494586605926,3825.377537251479,8978.240731673572,3822.416640428351,8973.868318610857,3828.4670770046905,8982.503531262699,1.4910644979615586,183,0.6114026921817529,0.967487095397634,cluster_5
3071551700053200072,,1276.1401686167276,3747.276809253549,8983.441559886165,3741.201522346181,8975.68400687327,3752.9096568870686,8989.523475084152,1.149762861066189,440,0.3524631130951903,0.9729034087752824,cluster_5
3071551700053200073,,725.8987960195348,3817.523718604723,8981.26043446869,3812.828415547088,8975.503453793404,3821.111288434743,8988.030896437282,1.6955474188013973,325,0.4979987130773886,0.9035138064530968,cluster_5
3071551700053200081,,1136.1167709699073,3760.86609659178,8992.516155607018,3756.396171377157,8981.382670977328,3766.606139502949,9005.760388733774,3.130455446387503,535,0.5838345548094971,0.6696738087992912,cluster_5
3071551700053200085,,807.8752127100748,3755.625581696935,8991.519128632657,3751.690265851299,8984.810858873752,3759.8788800797183,8998.05544500811,1.9966366840453067,284,0.4555618241766582,0.9943129093072902,cluster_5
3071551700053200086,,1349.982532302858,3789.5677864757954,8991.834184757301,3780.7409165138265,8985.5428567141,3796.7736511576727,8998.774457180394,1.4513741314736377,543,0.3685715505599796,0.888860374250022,cluster_5
3071551700053200087,,2274.878140005376,3772.3386853640186,8994.373967561716,3762.8145023419256,8987.090892187083,3782.06785636929,9002.394257399657,1.2679639092636614,817,0.2627760066450056,0.9421520662744391,cluster_5
3071551700053200089,,785.6243043200432,3802.695682045415,8994.041470608396,3797.3669437770095,8988.686490005568,3807.8679474966552,8998.678370482216,1.1358227335153004,319,0.4349704278881296,0.9653360441220188,cluster_5
3071551700053200091,,1138.1103698005843,3746.385896260254,9004.003031567785,3739.4784372850218,8988.699246213186,3751.687096138848,9017.38716670798,4.908049563916349,410,0.6195103048085052,0.7428632396599898,cluster_5
3071551700053200093,,610.1141501267114,3825.0223374870698,8997.119659174574,3821.777203347836,8991.800388387808,3829.292353784183,9002.401328364791,1.4111155716557904,272,0.5424258526726701,0.8996079085141462,cluster_5
3071551700053200094,,1273.7359538357505,3833.4467509586966,9004.12973944178,3828.285426853024,8992.460200017864,3839.470255340797,9016.9058870592,3.569282083250749,606,0.4870602088325696,0.81728745037303,cluster_5
3071551700053200097,,1070.0034171942923,3783.041078676856,9002.197316190346,3777.357377817425,8996.303365528804,3789.390864291018,9007.686021964742,1.0447147618524704,303,0.3599025414963939,0.993979006411726,cluster_5
3071551700053200098,,588.0956845929213,3801.7113959096896,9001.990135041788,3797.218378293305,8997.966454396217,3806.740575278613,9007.293715239735,1.1267525983015991,217,0.5335490658869048,0.9611575260297672,cluster_5
3071551700053200099,,1001.3995179703908,3808.541798313051,9004.96466718556,3801.595501582496,8998.750854151935,3815.76722940952,9011.081566261746,1.2258773809995869,410,0.4561032829012781,0.8353413273637715,cluster_5
3071551700053200101,,1096.416075553374,3735.649501402604,9007.340414129883,3728.5756696912367,9000.618641030742,3742.270169847384,9013.18615452319,1.6391574693750282,371,0.3950800779979507,0.9442186276217333,cluster_5
3071551700053200103,,893.7108360751273,3817.8912274518434,9011.172642010422,3813.8563097790425,9004.23595727301,3822.637367685816,9019.235011441197,2.185222068934406,342,0.4590171523328865,0.9571109578931528,cluster_5
3071551700053200105,,639.5352519103184,3764.1975069512728,9010.336658936643,3759.101087369565,9004.365402856183,3769.380521510648,9015.240083046458,1.90968279409984,234,0.5391196030469576,0.9346951917186952,cluster_5
3071551700053200106,,233.92848980463395,3750.2761178969913,9007.941716733769,3747.4732612264975,9005.315730252909,3752.749763579226,9011.07179925724,1.0462625372276806,45,0.7943910380680327,0.974170289817273,cluster_5
3071551700053200107,,683.0021029142331,3810.146734579521,9011.379565829297,3804.423648089079,9006.614844728676,3815.064316840133,9016.197984917597,1.529647191652215,250,0.4832055518168593,0.9622005615012909,cluster_5
3071551700053200108,,504.5329097215113,3786.929690471017,9010.950695471414,3780.783544791077,9006.581484542492,3793.2362160944094,9015.238586142394,3.276415867646404,177,0.6664478750550337,0.9367487304776742,cluster_5
3071551700053200109,,811.666539503522,3774.732211053557,9012.021506685724,3768.440865283126,9006.572714017788,3781.381297792371,9016.74901268643,1.9316477434861827,311,0.5042978595630676,0.8662871553254056,cluster_5
3071551700053200110,,1956.8587790131528,3734.943429918632,9021.33085333252,3728.520927162536,9012.129961100558,3741.682169591867,9030.129412348411,1.3939635908401444,785,0.2828707201986031,0.9569711725090058,cluster_5
3071551700053200111,,1495.9877137927772,3756.7732485231895,9018.026189630313,3749.645639183991,9012.348819941908,3764.204806248448,9024.089239143856,1.291332160364192,794,0.3243774367225295,0.9744008665728072,cluster_5
3071551700053200113,,812.7491955911372,3788.501024633774,9017.054021681442,3781.442052596783,9012.875393917317,3797.2095982886567,9021.287813977986,2.0746142419934497,379,0.5366006702942503,0.8332095092705369,cluster_5
3071551700053200116,,692.2949056253465,3774.943199213674,9021.509796033524,3769.36027340552,9016.649623166828,3782.154086791899,9027.31708021594,2.2698460773892646,308,0.5596855168318607,0.8576054517622517,cluster_5
3071551700053200130,,1615.5792797079223,3740.1168846370815,9042.202342871176,3734.1798712392456,9032.96339405348,3746.824826038859,9050.71707502514,1.5335453471261755,1086,0.3303106641059998,0.919619859929042,cluster_5
3071551700053200133,,1624.5879528289638,3769.6984300120166,9045.119717726137,3762.399851517764,9035.333793418937,3776.294117628804,9054.502784933837,1.614476966558187,927,0.3922851722722776,0.8481179868928075,cluster_5
3071551700053200137,,598.048977636468,3779.6929158202215,9048.222821720425,3776.246344659245,9042.35808220851,3784.826401793962,9055.80171806304,1.8825005621492248,284,0.7010337914837679,0.7439898213779882,cluster_5
3071551700053200140,,739.7783016149075,3746.2924318695736,9054.219923484088,3741.907484322871,9048.643700010354,3751.141228309085,9059.806483700311,1.3874755645062815,502,0.454880928732369,0.9785382011265256,cluster_5
3071551700053200141,,682.8292886439116,3753.943305223293,9052.947622607424,3749.206381222161,9048.2088784513,3758.853872907096,9057.043648266686,1.107457676618716,430,0.4652459246447799,0.9904057020404216,cluster_5
3071551700053200142,,543.5868437602288,3739.147617020472,9055.07505783302,3735.277819207876,9050.68711423998,3742.828895629964,9059.97660423681,1.1929116323423663,340,0.5115792434646308,0.995232247737286,cluster_5
3071551700053200144,,743.0864605273899,3797.1754300211,9059.579653590496,3792.173045228744,9054.669534461977,3802.770181643417,9065.368968744868,1.5114594365318197,359,0.5025104472427219,0.9154574427750518,cluster_5
3071551700053200146,,760.9834539922444,3779.3314574612336,9063.386014523756,3774.915188742457,9056.260700832305,3784.7399670286886,9068.163331280011,1.0709655565888507,394,0.494736815259636,0.8970326604675267,cluster_5
3071551700053200147,,922.873366522294,3763.312415767065,9061.841895705084,3758.78716366365,9055.222912438623,3767.978503870386,9068.636144509885,1.628037963991619,501,0.4217848587472158,0.9462120570207252,cluster_5
3071551700053200148,,355.660405635954,3769.4585902834688,9059.634524565028,3766.809563593879,9056.217082161013,3773.05124433519,9063.9911927228,1.2868930760770982,169,0.6583228837917107,0.9999999999999996,cluster_5
3071551700053200151,,1531.1222537288827,3728.91700252716,9066.73791703948,3721.3703928177047,9058.322379820938,3736.2224507502215,9074.020793029453,1.1764560390155123,673,0.3350859868231773,0.9236244422313818,cluster_5
3071551700053200152,,490.26315639775305,3772.2342788698943,9064.568485530704,3768.6454783197632,9058.502329974814,3775.551554716069,9069.3495668429,1.7209440527119986,200,0.6185415018181403,0.9287751274256169,cluster_5
3071551700053200153,,733.9412102483425,3739.9127126535673,9069.3669229449,3736.138988173218,9063.584850432744,3744.098664535512,9074.703289482535,1.3961616526179448,416,0.4509686161495329,0.9824105738806764,cluster_5
3071551700053200154,,842.1848187815832,3748.1783374731535,9071.555713662783,3743.040327280489,9066.044644924745,3753.0751960955577,9076.653734152424,1.3147566323578734,410,0.4249522997599482,0.9790885118888456,cluster_5
3071551700053200161,,1754.5568077976457,3757.021782649928,9080.652016105743,3747.476972249776,9073.745868462454,3769.632839302287,9091.141412440844,2.209160080790746,1111,0.3932271900908399,0.7999813321547392,cluster_5
3071551700053200163,,1855.8254475288195,3741.829876658193,9091.393217624383,3734.716037659743,9082.27102779616,3748.996462613582,9100.431866279978,1.279953910294072,699,0.3071195276547648,0.933635853056402,cluster_5
3071551700053200165,,632.4237768422356,3730.9178909577936,9097.96321020282,3726.482535725088,9093.149158649929,3735.472013723841,9102.93778413629,1.3272013811181926,568,0.5026822301367564,0.9552722487279676,cluster_5
3071551700053200167,,1664.2954816005476,3706.255079304624,9109.714377648676,3700.0660704564216,9099.621961060247,3713.065145853509,9121.193671052011,2.017168973480634,585,0.3507572221250376,0.9031762704552676,cluster_5
3071551700053200168,,1547.963274752165,3722.139419420645,9112.03272541873,3711.433055524683,9102.204529533808,3733.311092413791,9122.678207487108,3.572806581201429,830,0.4460292556392304,0.8334162954807285,cluster_5
3071551700053200169,,1442.086455931759,3696.714422231059,9111.49224520811,3690.463606391713,9103.283798088483,3702.4369308219057,9119.470677254025,1.279112266501262,71,0.323429069845548,0.9749616359079972,cluster_5
3071551700053200171,,395.65894666470285,3696.941267508911,9124.451837913672,3693.938738177178,9119.83034193453,3699.967972294862,9128.542843218249,1.5257831136410578,128,0.650906771209338,0.9698064785740886,cluster_5
3071551700053200173,,1077.9862662101452,3694.597058939172,9148.745793074317,3688.5147008583,9142.591630995916,3701.276400592425,9156.057331812126,1.7172168879186056,495,0.3949533642700064,0.9668124934082216,cluster_5
3071551700053200175,,398.0102941418172,3674.92308258298,9155.758042133632,3670.586786112192,9152.285516972604,3679.758728686916,9158.317116456468,1.5751286645747946,82,0.6318304115537899,1.0,cluster_5
3071551700053200176,,1028.167505591548,3684.768700064171,9157.932949314025,3677.338390276173,9151.77253410594,3692.016147828677,9163.724493874435,1.8297193947401391,442,0.4160374559671713,0.9572914551447712,cluster_5
3071551700053200178,,1638.3994847225645,3660.656498056848,9165.108963134351,3649.65360988871,9158.022956088316,3669.776901894255,9172.004155416118,1.8506655289582936,366,0.3879537002848984,0.829169252608361,cluster_5
3071551700063100037,,569.8556661911748,3293.955284134979,9203.84716845213,3288.349459446873,9198.414437967498,3299.6795091644053,9209.787714843558,3.06727747566172,243,0.6234983321091089,0.9410478831889656,cluster_5
3071551700063100049,,1460.3873039924342,3312.5958124537,9212.141921428403,3299.30441748301,9206.565617216913,3326.321154645356,9218.142823093807,3.722850754953982,670,0.4498908533650257,0.8474276949927485,cluster_5
3071551700063100055,,650.0232820486091,3331.7327581350187,9217.346401059302,3326.1170548906302,9211.680920858958,3338.2232434582247,9223.177811982108,2.0243854184227024,213,0.5927855799220071,0.805125596250983,cluster_5
3071551700063200021,,1540.7064500548308,3286.999295314622,9186.168136946591,3278.179695189425,9178.756907581355,3295.105026775077,9194.511928116002,1.950138059368801,358,0.344465840118693,0.9329148779218974,cluster_5
3071551700063200046,,284.5412236307714,3319.486670186897,9207.602473718587,3315.949510459659,9205.220653864688,3323.4060286602007,9210.145060469027,1.523804410264137,76,0.7320989322565437,1.0,cluster_5
3071551700063200057,,416.647552686945,3327.6396980793947,9219.513709224291,3322.5083939937485,9214.881607371712,3334.2749434909783,9223.620453598942,2.6518302926865225,124,0.7786707831333567,0.8650468420526094,cluster_5
3071551700064100013,,966.1398621724444,3336.2538958240903,9214.45441224423,3325.337898374031,9208.941217447926,3342.7652982302347,9220.157894553984,1.923074897330584,115,0.5660934203834539,0.7374460234066763,cluster_5
3071551700064100021,,369.042444059796,3609.537548726991,9217.639766781467,3605.2188227724814,9214.498453736836,3614.175091908637,9220.732751730347,1.8563400269404973,31,0.6638170881396316,1.0,cluster_5
3071551700064100041,,827.029359866969,3564.857246232936,9237.898557018623,3558.158054491781,9233.523184965728,3571.553898877653,9242.14359075661,1.670564986103459,159,0.4503642776654969,0.9440533620351176,cluster_5
3071551700064100043,,455.7138805665391,3372.554441017709,9247.64838071345,3367.123514519896,9243.471848128358,3378.173647974963,9251.365864997728,2.5722137459723786,123,0.6650301237531734,0.9355372920809796,cluster_5
3071551700064100044,,386.3890529838553,3381.651956634212,9250.06829172338,3377.487646722464,9245.971561839106,3385.4958242089187,9252.901892728343,1.1443781065297305,64,0.6426176550018479,0.9612123075479326,cluster_5
3071551700064200065,,1967.881612001721,3595.8722197552165,9222.858360349172,3585.833562523225,9213.577012450409,3605.2816681461145,9232.74038637665,2.1911746947226765,424,0.3229219985631468,0.891487183614626,cluster_5
3071551700064200066,,2040.1915633839856,3344.235977520196,9223.215940039185,3333.384317800709,9213.2600395217,3351.610226092852,9231.285556513823,1.1781523826470834,333,0.3126888638225428,0.860489706785989,cluster_5
3071551700064200080,,1211.3697218768225,3570.388304730942,9228.149278250225,3563.0153317208787,9222.819687936231,3577.798731630928,9233.750525176163,1.580737628501393,89,0.3795830795895943,0.9324880763096548,cluster_5
3071551700064200081,,1814.0772282944567,3579.856665895488,9231.864632625637,3568.803582108272,9223.265281036998,3589.3508954217223,9239.875691657287,1.8897085163392444,372,0.3828914294853701,0.8131215383306176,cluster_5
3071551700064200086,,2133.131670093148,3360.038527007401,9236.504008804886,3350.362966648434,9227.484034584986,3371.3946203707856,9245.201750824985,1.923130456603894,354,0.3045014399221926,0.905709048825856,cluster_5
3071551700064200090,,276.27843608793376,3348.308205923503,9233.095029569728,3345.337573917018,9229.515188768684,3350.834149951302,9237.048936394687,1.8595126598116984,74,0.8172793934349966,0.9186870981286008,cluster_5
3071551700065100026,,2807.379787612844,3618.130688836562,9212.178086442427,3608.8202346776034,9201.077694590227,3629.4035609050543,9227.226002461784,1.6193718193309596,458,0.3126748416760367,0.784697577181469,cluster_5
3071551700065200048,,2182.3749262971714,3644.4396541632273,9190.878452535171,3636.831351619291,9180.541089961209,3651.6687029474233,9201.648628672225,1.5860611060763576,530,0.272524321235074,0.9625061357185702,cluster_5
3071551700065200061,,1953.055901990412,3633.027923092238,9200.555209992195,3625.721299557081,9190.027079445088,3641.8402235111,9209.724849168197,1.075291079545447,475,0.3063625122659674,0.9150578800909666,cluster_5
