EntityID,fov,volume,center_x,center_y,min_x,min_y,max_x,max_y,anisotropy,transcript_count,perimeter_area_ratio,solidity,cluster
3071551700007100001,,888.0249111783071,4393.371136605024,7972.885367889328,4387.951471406908,7967.800287327762,4398.880612312771,7978.2781009572755,1.1361399420026397,54,0.3954312995922634,0.9933719778391844,cluster_5
3071551700007100007,,1345.8909809028842,4397.038284325133,7991.790565934783,4389.860415893832,7984.654034190445,4403.846139199288,7998.811856177308,1.387791266316875,282,0.3421048639290051,0.9511023110927,cluster_0
3071551700007100009,,369.1328215257538,4416.418399914498,7999.710836665668,4412.695903251105,7996.318641259208,4419.739613723359,8003.215004606426,1.0174193972319063,37,0.6156417025821904,0.988366793027987,cluster_5
3071551700007100010,,732.5513157024111,4393.308528668418,8004.41755978793,4389.58140266153,7997.876798522744,4398.100490718843,8012.246559047534,1.971785476898266,175,0.5282741509661301,0.9170985505391064,cluster_5
3071551700007100011,,685.1345774133082,4413.566133385143,8004.970036400346,4407.481757610767,8000.116685021595,4420.649122143453,8008.730466310773,1.8651351606882327,235,0.5253145744128673,0.9264492826286526,cluster_1
3071551700007100012,,704.534196962388,4400.149398358084,8007.862841634808,4394.57504103081,8003.122338557176,4405.8621594738015,8012.91462170264,1.1957084450444055,195,0.5192588711217053,0.8740942928573515,cluster_5
3071551700007100017,,458.4498151697586,4388.970231481205,8020.784172287131,4385.119272570064,8014.463984722503,4392.189305429644,8025.737280711944,2.057968613758303,41,0.6742870752664789,0.8678993491043062,cluster_5
3071551700007100018,,532.2779543086433,4395.884166340123,8018.019598260639,4391.88243674222,8013.552898714309,4400.827876280586,8021.98621809993,1.4850883636625496,141,0.5458150726039767,0.9803126947579311,cluster_5
3071551700007100019,,931.5934517829824,4425.823152331531,8019.644957623866,4417.205815061966,8013.537023993134,4432.204384345115,8025.873867272049,1.052021248653755,622,0.514994208545415,0.7558608304353044,cluster_1
3071551700007100021,,723.2922307219003,4392.585639116057,8025.919521589489,4386.504506068435,8020.889024397966,4397.744484108422,8030.994974233844,1.4838301721625915,179,0.4961712517850842,0.9067715157067244,cluster_5
3071551700007100025,,521.3931836727261,4424.69325490398,8032.229135671297,4420.395206008803,8028.134164137483,4429.119207797595,8036.263459533408,1.2040293910913789,221,0.5258688584882378,1.0000000000000002,cluster_5
3071551700007100028,,1057.707540348498,4398.992578788806,8036.874001792982,4393.402241583451,8031.11032653051,4404.811900417728,8042.29494365321,1.012504887947177,387,0.3642766061591925,0.9896499622638296,cluster_5
3071551700007100029,,1365.0250740089064,4447.03913524155,8036.679135183157,4440.102447310943,8028.825195016164,4453.890270244301,8043.053328167082,1.0174610696373296,621,0.3401244422341696,0.9479675682619484,cluster_3
3071551700007100030,,307.96270797897,4391.262504525549,8034.188919836212,4388.70070747623,8029.5811613826045,4393.453886680476,8039.312898803419,2.447990567284425,67,0.809636631823473,0.9334721606465168,cluster_5
3071551700007100033,,1675.5401828544714,4394.444927585075,8050.943133835222,4388.722218815688,8041.89261363607,4400.3683853802295,8062.513026478148,1.8325191398263927,487,0.3293206519600166,0.9554137405912672,cluster_5
3071551700007100034,,652.4944945761744,4429.701646131045,8052.206304381782,4425.146985299329,8045.678105692663,4433.868744716514,8056.85319574386,1.234719807699597,228,0.5009004626703067,0.937681801228977,cluster_5
3071551700007100036,,920.0693233978424,4417.469485038964,8055.592067050575,4412.1227197947055,8050.200621269813,4423.132425747544,8062.039923781354,1.1739640202627195,301,0.4039195642611881,0.9777928160829428,cluster_5
3071551700007100040,,652.1348695703706,4397.859377949112,8062.162942532397,4394.00765428448,8056.079795523075,4401.683031193378,8068.75376647864,1.8336518158034445,243,0.5133796897253023,0.9596415642854528,cluster_5
3071551700007100046,,352.49919384384896,4436.283082907946,8065.616609150892,4431.904167006006,8062.836059108896,4441.539040284329,8068.451809259599,1.966716791166257,159,0.7089913043758659,0.968798214690194,cluster_5
3071551700007100048,,456.9394696499375,4449.265499683684,8066.334194417608,4443.814504743184,8063.504213306345,4454.605548668327,8069.7401292049635,1.827828225128426,273,0.656043453286383,0.9248612713308456,cluster_5
3071551700007200012,,765.6800534220253,4403.891004441152,7998.976689105633,4398.661778907985,7993.416639255705,4408.089849206161,8004.598991671791,1.2527767042174929,247,0.4457644063303943,0.9536426034763048,cluster_1
3071551700007200016,,254.14905549810032,4407.017803427711,8006.870068351679,4404.10863619934,8003.860876571627,4409.660575060801,8009.983281024528,1.1486726252569326,127,0.7592727690461053,0.9730264336905464,cluster_3
3071551700007200020,,944.8559110543576,4418.095884052266,8013.42478218565,4412.605317379362,8008.406480725155,4423.316307888485,8019.0606128864865,1.1105346573194832,565,0.4040825603915209,0.9697390489811446,cluster_1
3071551700007200021,,907.5470408984388,4409.350292566282,8014.62696178694,4403.959217526386,8008.218870166493,4414.491857772454,8020.069961807386,1.2568525234054773,384,0.4277680789321408,0.9539111076823694,cluster_4
3071551700007200022,,330.28706904082907,4397.630772956858,8013.155585843729,4393.430427396615,8010.674379824478,4401.85052569978,8016.066517187663,1.798804105484898,77,0.7021163621195531,0.9847686906493998,cluster_5
3071551700007200025,,1013.5030498100376,4415.885642545923,8024.593601350943,4409.777212304132,8019.206000245739,4422.784142748287,8030.389751842114,1.2801365699712288,470,0.3879384588063584,0.965320723418854,cluster_5
3071551700007200027,,279.12495595257303,4399.369853236279,8025.832464209054,4396.946507042398,8022.237488108608,4401.851068831231,8029.513392170706,1.589107599379252,100,0.7349007746123428,1.0,cluster_5
3071551700007200028,,1108.3169701135855,4437.423592983235,8028.459640146132,4428.133499705993,8022.507426617095,4444.02114689199,8035.188287654703,1.904083289053192,428,0.4308191262879317,0.9109341715210624,cluster_3
3071551700007200029,,730.2871363142577,4406.749317298031,8027.772165515924,4402.2579125211705,8022.452352512487,4411.459344281071,8032.697777249363,1.1775957273692148,256,0.4396950090615474,0.9895591898435708,cluster_5
3071551700007200030,,478.3534309878417,4427.567321496891,8027.008839197641,4422.448318699837,8023.767632771673,4432.0684702030585,8030.735722240103,1.488718575761938,185,0.5856124371483494,0.9445902453576648,cluster_2
3071551700007200034,,1196.0834869442328,4413.909378657809,8035.131036664504,4406.57184807273,8029.573538985499,4420.907523761141,8040.425094923426,1.4390134516517477,353,0.3542173814150265,0.9764260818984462,cluster_5
3071551700007200035,,829.1659962853716,4433.000676513989,8035.509054035277,4427.583315703907,8030.313892554771,4438.861346771986,8040.0502966078675,1.114447677671319,425,0.4219774318775299,0.9812566587177202,cluster_2
3071551700007200038,,1320.007125113756,4409.674635782762,8045.847545862742,4402.889678760196,8039.899255979238,4416.50152278582,8051.812926800795,1.1753892952619067,204,0.3316198984237803,0.9680508026067473,cluster_5
3071551700007200039,,1029.6004326976963,4456.008544516193,8047.564061642493,4449.3443580853145,8041.892228360429,4462.919620067496,8052.823952229427,1.351274623976613,208,0.3795658163038541,0.9880624768475238,cluster_5
3071551700007200044,,809.6582965765049,4409.384565648953,8058.24615896385,4404.519943379095,8053.016118742271,4414.417615795596,8063.531878660543,1.2594177440749377,197,0.4233368631666195,0.9827451151101312,cluster_5
3071551700007200045,,963.1138218171882,4441.824955327532,8060.563379842626,4434.7531083552485,8056.039984208034,4448.47290033691,8066.176287763171,1.4343839729432724,329,0.4196453816333939,0.9275625598216732,cluster_5
3071551700007200047,,408.6630095974167,4431.868525780297,8062.290618185083,4428.299218396512,8057.996163878884,4436.012524303931,8066.8126715062845,1.3017213201008937,237,0.667616095803001,0.8920344992191578,cluster_5
3071551700007200048,,527.9162144178723,4403.039175440465,8065.245181698135,4399.231119707078,8060.508304064659,4407.100446060995,8069.74775160207,1.3988595086438491,189,0.5399146773649477,0.9890308826980162,cluster_5
3071551700007200050,,627.461514784755,4416.153914648415,8065.878869997765,4411.539617331007,8061.596075544288,4420.970618169176,8070.265699211521,1.2065149847952097,186,0.4713048122514319,0.9951509937909478,cluster_5
3071551700007300002,,2224.3307230233577,4406.214615911354,7985.645644226111,4397.50789180932,7974.611607022781,4413.475904658631,7999.129689189572,2.3269171693774235,288,0.3009104889568488,0.92078940016605,cluster_5
3071551700007300024,,303.23266790608824,4421.30657957602,8042.76897778212,4418.318715893085,8039.767613606711,4424.348494223553,8045.838287189716,1.0053671618817912,36,0.6730335213412906,0.9999999999999996,cluster_5
3071551700008100007,,195.3099013960358,4505.707744773782,8047.363078935669,4503.125581049626,8044.208069196464,4507.625232054641,8050.929087083819,2.099968847081082,47,0.9570309797091008,0.958787345014531,cluster_2
3071551700008100010,,359.70294314583043,4473.388220063068,8061.409129803237,4469.559641106133,8057.961604619287,4477.138020859014,8064.70043930607,1.147251565603656,117,0.7421869090316527,0.8659321540901536,cluster_5
3071551700008200015,,2246.825617326052,4510.992376572704,8035.511899770166,4504.098340388197,8026.035531870813,4518.3393238902645,8046.074775485414,1.359561253345416,215,0.2568953135190822,0.9848419997309168,cluster_5
3071551700008200017,,166.0890879773541,4469.735315021124,8031.095387246257,4467.585344350488,8028.208538725194,4471.949645686596,8033.636138854472,1.646316641964807,14,0.9515038467690724,1.0000000000000002,cluster_0
3071551700008200019,,391.4010140069016,4483.302856024275,8036.582760698824,4479.661860694028,8033.265558648925,4487.128483661712,8039.6525294499825,1.1908624739358442,76,0.605107364533004,0.9889548360833358,cluster_0
3071551700008200021,,710.5227793479892,4522.999252885441,8042.561587723192,4518.673432238715,8037.571679841303,4527.291030257622,8047.284750999256,1.1813072577327135,62,0.4417440976262509,1.0000000000000002,cluster_5
3071551700008200022,,1294.5335157119068,4499.176956448456,8048.771544255343,4493.451963430282,8042.175314945964,4505.455060411519,8055.376768242641,1.052102947730412,234,0.3384256028287064,0.9758593919104626,cluster_2
3071551700008200024,,1231.9060384027366,4467.300112278331,8056.118836724766,4461.332404370467,8049.660645293784,4475.216464926361,8062.235936317988,1.2296420804432624,312,0.3683538447661631,0.924730677327644,cluster_5
3071551700008200025,,548.0685348013519,4484.801439105907,8055.607730656992,4480.986939949487,8051.52239793939,4489.131114288322,8059.778469649063,1.04295451475637,143,0.5023495288563664,0.998075508241509,cluster_2
3071551700008200026,,1029.9750573057077,4524.366438549244,8063.071318822388,4519.019158693936,8057.329305634523,4530.529906574925,8068.444186862547,1.007180925921922,164,0.3733013591487886,0.9912809311161392,cluster_2
3071551700008200029,,398.3283355456569,4456.72577214003,8063.763732444311,4449.570165026255,8061.324126376015,4462.798297471072,8066.17681067356,2.7341888937518086,125,0.8420165384801875,0.8374509787078503,cluster_5
3071551700008200031,,688.0179923236853,4514.76813221242,8069.405866156035,4509.51572594247,8064.571604629242,4520.157580217742,8073.503050979526,1.230931625782998,181,0.475608593669354,0.9585900517173778,cluster_2
3071551700008300001,,708.6386597321268,4475.129680360501,8033.182835361832,4470.713298031387,8026.813923283778,4479.664841975717,8038.517529968437,1.515911154019613,157,0.4742528431046749,0.9658123624898912,cluster_3
3071551700008300004,,1353.4687989968884,4467.086511163075,8039.039630775108,4459.808174869018,8032.421607030732,4473.883803216134,8045.225509782319,1.073354965049002,289,0.3439474545672901,0.9537350297097984,cluster_2
3071551700009100003,,2851.528222422102,4822.640447284067,7778.63190617333,4800.321559283044,7772.889143007657,4837.766690765791,7786.565139946789,2.9068445160690466,61,0.3314607524511946,0.8044979524409426,cluster_5
3071551700009100016,,578.8384913892053,4896.690870869567,7783.909931140333,4891.896131806903,7779.557358349741,4901.81806594043,7787.861082289259,1.7464769157418352,67,0.5159776339403357,0.9836776631259204,cluster_5
3071551700009100018,,1962.0804206916853,4819.8856558365,7790.956774429789,4811.138412989546,7781.616570792903,4827.09669290202,7801.151326633203,1.3687142615130006,599,0.2975402860731276,0.9210289864414962,cluster_5
3071551700009100019,,260.612476274016,4869.936330911048,7785.640314875237,4867.250722259065,7782.177468505547,4872.530010604061,7788.959242585775,1.3731364159567645,119,0.7530756273479043,0.9907994366878984,cluster_5
3071551700009100020,,710.0599738911943,4876.196749770331,7787.839883070133,4870.719469678072,7782.899283040294,4881.622236677462,7792.367951063237,1.01485851351552,328,0.4549659723934352,0.9878361585281034,cluster_5
3071551700009100021,,1250.4798946580863,4849.060462913497,7788.740245436834,4839.352510466371,7783.526737654192,4857.442179704682,7793.597541050178,2.194873680318944,547,0.4002241386332614,0.9081873168171414,cluster_5
3071551700009100022,,410.1307089770694,4905.245950486388,7789.891806687118,4901.959418732658,7785.847993625077,4908.621775640077,7794.01701365826,1.360597532984797,173,0.5910989279198482,0.993638197016646,cluster_5
3071551700009100023,,946.7751334542476,4926.314128492931,7791.182303719986,4920.173399923531,7785.835620527395,4932.950325458443,7796.518906250184,1.6699260875369455,360,0.4114859358183286,0.9905474569916808,cluster_5
3071551700009100025,,685.688546333377,4885.39504869416,7792.183660836782,4880.664104739607,7787.575516354451,4890.469580497153,7796.824888733612,1.0776327925086917,311,0.4557381354287054,0.989697116726902,cluster_5
3071551700009100027,,370.6971149219784,4916.689332943796,7792.478788738633,4913.520680949429,7788.548446312504,4920.246213700708,7796.928705902681,1.1875164987151388,203,0.6373220163440063,0.9807085448011648,cluster_5
3071551700009100031,,756.9671578634038,4909.114628878945,7797.950776525306,4904.779426124664,7792.205702505768,4913.068322449135,7803.833437916434,1.4590830767828045,351,0.4568197888746831,0.9653790565562896,cluster_5
3071551700009100032,,807.7059104253508,4848.465851972979,7797.602358020361,4843.411557849395,7792.207722320127,4854.105654353265,7802.345100273117,1.039904003375188,430,0.4337352367327022,0.9747936498791232,cluster_5
3071551700009100034,,690.1402519302671,4901.331065123571,7800.984546631005,4897.84865210487,7795.490524221515,4905.489669031721,7806.866450534158,1.3679008524120544,342,0.4724272710670671,0.9841485053240088,cluster_5
3071551700009100035,,503.1866880770577,4833.15391293938,7799.814853318259,4829.258784454965,7796.107136776067,4837.189224285649,7804.188452605286,1.0783451556534065,135,0.5284656373285045,0.987311885282604,cluster_5
3071551700009100038,,678.3634921705019,4894.148256999061,7801.451801094591,4889.665770387964,7796.754902705033,4898.613942401597,7806.220265474606,1.1105601233519715,319,0.4780024075182912,0.9627648729288826,cluster_5
3071551700009100039,,1176.5542922801565,4819.041755033325,7804.359424787,4814.6848921384935,7796.977722839333,4824.080455735668,7813.288469931053,1.756740026200735,543,0.3691648068858981,0.988598362781164,cluster_5
3071551700009100040,,1845.7607419153644,4931.320724145443,7805.751303442986,4923.282631014443,7797.8349938499905,4939.529745328714,7813.523001759037,1.013185430938062,729,0.296171825700501,0.9524103754335748,cluster_5
3071551700009100041,,441.9825622105897,4879.17734196509,7801.62671125293,4874.616907935779,7798.483709799263,4883.910629755737,7805.164760673065,1.290113844000094,227,0.5861974649094969,0.9855708899235988,cluster_5
3071551700009100042,,890.3192842839542,4861.071844989418,7804.783872117556,4855.531850806217,7799.244320066202,4866.173967040397,7810.748902006052,1.2442344050165772,315,0.4253419338931788,0.9422410042416748,cluster_5
3071551700009100043,,668.0213815037329,4919.170962244948,7804.09615983956,4914.4420955449705,7799.176640749187,4923.594979857747,7808.491378387682,1.218548503237064,257,0.4813053898196013,0.9841914935578976,cluster_5
3071551700009100044,,560.969417905721,4811.84324125181,7804.733311820879,4807.295845849654,7800.300741045011,4815.465918815044,7810.18435521112,1.349589882572856,196,0.5400655047397009,0.976286285546614,cluster_5
3071551700009100046,,773.0474263556893,4837.587683914365,7808.617867407417,4833.800004284469,7802.502169739492,4841.663705706048,7814.562125057765,1.5670687657717928,413,0.4423585922051543,0.984803069983288,cluster_5
3071551700009100047,,819.5971333162045,4830.309766027197,7809.140766154846,4826.522964864205,7802.802633636559,4834.380811572995,7815.718520023068,1.645717616379736,403,0.4476021262765872,0.9374230181305522,cluster_5
3071551700009100049,,235.34711902448612,4889.506919385073,7806.6865405678045,4886.933536351247,7803.165891894296,4892.1172955772745,7809.853693770645,1.6135875531008577,88,0.8183236892033443,1.0000000000000002,cluster_5
3071551700009100052,,271.9030711985821,4894.823844046513,7808.562487270747,4892.005435595984,7805.587709575673,4897.713424558032,7811.687230593427,1.22830716203223,118,0.7345245755352403,1.0000000000000004,cluster_5
3071551700009100056,,760.2875695915719,4870.659188685274,7812.559802326941,4866.2918703372325,7807.001938076846,4875.480465488708,7817.788464776285,1.3423482852714126,307,0.460652986761684,0.9609226780588728,cluster_5
3071551700009100057,,621.3147568326428,4920.224490654361,7812.215745647985,4916.183696244867,7807.54219915622,4924.597951447267,7816.541073703902,1.099750150815954,202,0.4991877347564064,0.9593974719077344,cluster_5
3071551700009100058,,680.3715087890124,4887.101813822869,7813.28601748922,4881.378050560436,7808.433103197323,4892.421670348129,7817.247362813776,1.1891448867573229,322,0.4654979893721163,0.9875811727116048,cluster_5
3071551700009100059,,618.7753979636905,4859.825751689149,7812.871027629145,4854.96429010771,7808.939355179978,4864.678787321192,7817.071577866235,1.2911937526447514,209,0.5102704527550076,0.9335234699664492,cluster_5
3071551700009100061,,215.4760251538713,4865.7090700538365,7815.597610148254,4863.6982316352405,7811.772889306537,4867.474829072873,7819.095634619423,1.984360903464956,85,0.8776311629835181,1.0,cluster_5
3071551700009100066,,461.31427652237744,4835.852368657259,7816.799999542905,4831.532109623082,7813.120167683387,4840.202708382922,7820.572915289701,1.3115850461866396,305,0.5575673601075893,0.9948593757035622,cluster_5
3071551700009100067,,637.4918185401218,4946.424794931508,7820.808257048775,4943.298522545954,7814.000904557395,4950.090113053446,7827.026589197088,2.163226006544035,239,0.5273948561424321,0.99481030182847,cluster_5
3071551700009100068,,1889.589914478188,4822.2458067303205,7823.969618030947,4816.296421509951,7813.607681028709,4828.727476153784,7833.867240689214,1.885123601375748,907,0.3209520036922643,0.9140991393456812,cluster_5
3071551700009100070,,760.8057994370704,4940.013119838208,7821.028008135871,4936.059083026589,7815.120915633818,4943.792148448509,7827.294223203915,1.627525561243962,223,0.4600934944059522,0.9633727027926536,cluster_5
3071551700009100072,,569.6564302168293,4858.92294701186,7820.172846480533,4854.709861354079,7816.089066430141,4863.547480446809,7824.955244566487,1.377450587929035,202,0.5186124628846245,0.9655486460225872,cluster_5
3071551700009100073,,1348.4035795224731,4799.76621005301,7824.006177260338,4792.896622831069,7816.672033268084,4806.3303411789,7830.066220469935,1.2235347016610918,52,0.332609267991296,0.9717602884311468,cluster_5
3071551700009100074,,858.5589573044646,4843.610130683676,7821.9859511458335,4837.744492019127,7817.146990015623,4850.531604403046,7826.326581608118,1.22905792413116,449,0.4413839026010827,0.9489368197563908,cluster_5
3071551700009100075,,634.9313407635681,4871.83352228049,7821.368380556704,4866.650857945866,7817.143820466839,4876.025041500565,7827.289059715226,1.3311277646151938,285,0.5237103803945738,0.9181726115071106,cluster_5
3071551700009100078,,382.65922387952986,4927.610377357695,7822.242163386387,4924.289451705046,7818.080915348807,4931.41161846568,7825.529397692829,1.2214783272743757,205,0.6319359373684633,0.9670540590202612,cluster_5
3071551700009100082,,646.1146653562971,4868.943075139825,7828.616017515707,4864.783007277765,7822.243142794967,4873.413784802009,7833.87469350143,1.5436352794988395,231,0.5205303576905039,0.9295291338151892,cluster_5
3071551700009100084,,1327.115671867244,4837.07630169467,7831.955951639852,4829.690128725986,7825.329563012528,4844.748330025191,7839.096839489483,1.3344893116285992,586,0.3382186244077146,0.970215137518607,cluster_5
3071551700009100085,,726.6194993433304,4891.752659850877,7831.604523995308,4886.046934677011,7824.833858700819,4897.4014274050405,7839.502265753525,3.2043092187973654,305,0.5683632980806809,0.931351633505363,cluster_5
3071551700009100087,,1227.160892988708,4950.046789065614,7835.849088651434,4945.67688417969,7825.737886069673,4953.59788761561,7848.021968843775,2.8827736737072565,562,0.4514649027122259,0.9025913144024414,cluster_5
3071551700009100089,,678.4779363884895,4899.345749827139,7830.86036020909,4894.223600417891,7826.301519769943,4904.056599632102,7835.431181110536,1.2565369474496602,322,0.4671191326366378,0.9744389983079256,cluster_5
3071551700009100091,,2129.117675694637,4882.257699286129,7839.196627187188,4872.914677312432,7828.940494659636,4892.817301796436,7851.009732605224,2.5216635522770723,613,0.3166887825830181,0.9292939867766123,cluster_5
3071551700009100095,,1219.8434834234115,4943.952832730628,7842.219651109277,4939.128256883439,7833.088919401636,4949.652305159168,7851.476477371313,1.9015268638793263,614,0.4015655300158856,0.9006762825507804,cluster_5
3071551700009100096,,416.1936191561936,4825.966093257638,7839.799636341123,4822.686776470717,7834.014478154074,4829.649616022958,7845.369103614718,2.893453609353478,183,0.7142643230094398,0.9535346413708212,cluster_5
3071551700009100097,,286.2502167795543,4859.176396570368,7838.364997248611,4856.226588876134,7834.584784885609,4862.418675011494,7842.373969311421,2.3396559465680133,79,0.7835369277325188,0.99839718876565,cluster_5
3071551700009100098,,722.7311604650213,4936.03836912568,7841.248969601459,4930.892562631212,7835.106220395131,4939.95736185348,7846.737673502021,1.5533550671408285,378,0.502227838632984,0.8876604665916827,cluster_5
3071551700009100101,,1156.6554175800595,4871.2591505767205,7841.652992346848,4864.578574689005,7835.634351421787,4877.181959889782,7849.566630859716,1.4808973444501778,465,0.3702342859676362,0.9655717320913836,cluster_5
3071551700009100102,,812.0740548624179,4915.357378873353,7842.567874360482,4910.927207366979,7836.618153128012,4919.658609565733,7848.242369113438,1.303209171268531,397,0.418428682352729,0.9943633587421292,cluster_5
3071551700009100105,,298.2845150960817,4855.110360079775,7847.992234852986,4852.566069689123,7843.905212956476,4857.686687931571,7852.221771732022,1.965629480775981,56,0.7568726931106858,0.9766298698165136,cluster_5
3071551700009100106,,433.8716740864849,4924.749306387176,7846.942939224128,4920.511007664281,7843.613435238104,4929.1973001413135,7850.777949164999,1.089951547237952,165,0.5935030497308126,0.959131092402864,cluster_5
3071551700009100108,,649.009742082261,4879.298024465589,7848.860425605394,4874.059554087997,7844.044290032448,4884.119170372623,7853.318883999004,1.1773891260331637,246,0.4726626709953488,0.9934263801685058,cluster_5
3071551700009100116,,1344.6285336423157,4866.817287484709,7854.534231919192,4858.889861036536,7847.601635063667,4875.013157830644,7861.604210239037,2.1690269417233274,414,0.3634595062456925,0.972434420734834,cluster_5
3071551700009100117,,1006.480721513055,4946.701751465646,7856.89216826995,4941.902983143911,7846.999996483299,4952.568652271038,7868.452922469093,3.679834808992394,585,0.5604084916409581,0.8667702873315176,cluster_5
3071551700009100118,,623.2389250448082,4897.29776516123,7855.749017779184,4892.744928336939,7850.754417461252,4901.721226760064,7861.242538778639,1.0937773787041205,336,0.5264353557069227,0.9173672773654076,cluster_5
3071551700009100119,,759.323791502007,4905.422767490808,7857.991399695768,4901.727514966848,7850.685903063164,4909.017889706164,7864.658039443877,2.050815210462937,357,0.483975848878071,0.9527447204311258,cluster_5
3071551700009100120,,998.7645904375744,4878.513958990142,7857.057643053924,4872.281132110369,7850.907664368363,4884.517453814756,7863.13091480673,1.3247822836952663,354,0.4100532216992162,0.929429498549146,cluster_5
3071551700009100124,,1071.6966140180396,4854.345186017461,7859.456609199582,4848.65396450151,7852.67930747159,4860.748224136552,7865.146204341366,1.0430129117169982,324,0.3854679893569687,0.960492863898558,cluster_5
3071551700009100127,,1059.933238342586,4834.4529725983,7864.787402744748,4829.478557843153,7856.050672319344,4839.690926657476,7871.402399755637,1.4722322141439643,306,0.422838391938114,0.8767191582535111,cluster_5
3071551700009100128,,379.10075802758985,4915.68384005136,7862.221730155112,4912.960327465259,7857.638548641607,4918.144086691286,7866.932775005512,1.9665487627968243,200,0.6590429635368312,0.9858696050522148,cluster_5
3071551700009100130,,1529.2445331374556,4895.38286559972,7867.736617487827,4889.138536607919,7858.420764803336,4904.076948464555,7875.653255003675,1.2116051461900796,608,0.3475010722507753,0.8956785169288799,cluster_5
3071551700009100134,,902.0088094944116,4885.0859190286055,7867.553790605531,4879.70317130659,7861.774839962739,4890.369487319934,7872.799952857173,1.2635769589263195,356,0.3961757265812507,0.9951362533087356,cluster_5
3071551700009100138,,341.8167509209117,4878.626973250329,7871.527216680332,4875.362460309202,7867.974695532122,4882.473714099266,7874.7930015296,1.1276243601647606,159,0.6472599320904743,0.9984765571345632,cluster_5
3071551700009100140,,1576.5868122617574,4829.573111190287,7878.236179726568,4821.969357798303,7869.989396571564,4835.595726118618,7887.012078656513,1.0010335782404185,444,0.3318078555372459,0.9454013036255032,cluster_5
3071551700009100141,,791.8495963424975,4901.470453515954,7879.029623852876,4896.722982498593,7872.085544264936,4905.873528076992,7885.703017234712,1.6011626213369423,386,0.4833209096200313,0.8925883196917773,cluster_5
3071551700009100142,,1887.1689278170584,4842.882066398442,7880.874686491703,4835.5475342072505,7871.273292216213,4850.532678798676,7889.282177830426,1.2288979250103365,876,0.2891879487102979,0.9549014144946982,cluster_5
3071551700009100144,,325.0273057037375,4941.2660104608085,7877.440007156247,4938.187995917373,7874.424636444595,4945.047884771509,7880.755356317617,1.0888122887092524,149,0.6674470936057529,1.0,cluster_5
3071551700009100147,,1917.9235549913144,4887.535265036663,7883.693071551387,4877.104512356116,7876.5663757454095,4895.870936930436,7891.5666055098145,1.4443367025530651,997,0.3096396294957091,0.9228261353519952,cluster_5
3071551700009100148,,733.1645725187839,4899.185246061622,7887.753418552763,4894.277195254786,7881.491218565857,4904.388530847353,7893.385816276089,1.739638486107259,423,0.479600117869777,0.9866634615162776,cluster_5
3071551700009100149,,1257.7439101971936,4931.745621354853,7894.069888169849,4926.073124650107,7883.352080225325,4939.344106571537,7906.965633177399,3.251119845080704,745,0.4939662831359542,0.8527980515667178,cluster_5
3071551700009100150,,1911.097800713392,4865.176452019789,7892.299232635663,4858.60897895989,7883.672030262416,4871.739246665433,7901.886764102785,1.4106597095093425,913,0.2824555267674299,0.9707938113900472,cluster_5
3071551700009100152,,994.0789778319664,4909.789144333001,7892.391742179993,4905.039348500492,7885.682117225306,4914.801479506185,7898.880348203126,1.4268789031356948,513,0.3828754914321649,0.9938637775305844,cluster_5
3071551700009100153,,776.3796706857067,4876.617871194995,7893.177052574828,4871.83384878944,7888.192215663893,4880.777136284147,7898.816249016379,1.169459465235442,283,0.4354028195018685,0.9868892384269784,cluster_5
3071551700009100156,,353.71676731919035,4888.109081784093,7897.530101826632,4884.209120785241,7894.454535769113,4891.892775926599,7900.499097688099,1.4459219516253052,167,0.6563616003823679,0.9699984024437472,cluster_5
3071551700009100157,,717.3755718843443,4874.47490980627,7900.721232637907,4869.331026159267,7894.894584200077,4879.8002648437305,7905.697447501713,1.546722204528201,287,0.4739555980033226,0.9565607498148652,cluster_5
3071551700009100158,,686.8807379303915,4918.92371075342,7901.116096395808,4914.14827228789,7895.774040124789,4923.847442271899,7905.913437892125,1.220457446573793,359,0.4615822531269034,0.9901693090033415,cluster_5
3071551700009100159,,348.2604812046434,4859.266748457255,7901.453236891597,4855.507997522997,7897.634346842256,4862.913887926624,7904.711483108408,1.326904997747126,159,0.6653806853212852,0.9701594868229196,cluster_5
3071551700009100165,,1076.5304457768386,4870.427993409206,7907.19124670102,4863.897207710538,7901.294251664281,4878.056652164327,7912.28497543711,1.4630188645887825,311,0.3895793567059188,0.9343956724224262,cluster_5
3071551700009100166,,973.0673399288776,4920.646738414034,7910.014679798952,4915.209350028805,7903.939689650772,4925.374148039219,7916.254551238911,1.2460292832578357,560,0.4088920075302602,0.9479709574518508,cluster_5
3071551700009100167,,981.8996884913462,4861.4277316989765,7911.787165161762,4857.042993046885,7904.3878812444145,4865.615311312344,7919.291440097028,1.972857765336393,271,0.4117774133232147,0.9720403654506344,cluster_5
3071551700009100169,,1135.2136835022577,4905.335508076009,7910.761837345491,4898.452223967248,7905.057581198911,4911.274229387433,7917.6872451118625,1.3222705539849575,631,0.3751236116362956,0.9417121078331694,cluster_5
3071551700009100170,,389.1286408656644,4833.132300969104,7910.887351876127,4829.556753700184,7907.13282194919,4836.906024540307,7914.636730310911,1.3144096770944125,80,0.6092456131441956,0.9822688811301848,cluster_5
3071551700009100174,,528.0630857387446,4869.905308179085,7914.423669520299,4865.334539576134,7911.102809844699,4874.955899076755,7918.008827648531,1.5381358996573955,172,0.5318949360532952,0.9909046724853072,cluster_5
3071551700009100177,,954.2736497408728,4916.479602083256,7917.023414753553,4910.137106461742,7910.6481800062,4923.64622829721,7923.11475898566,1.540277394962973,609,0.4531116927469626,0.8670947652624361,cluster_5
3071551700009100183,,1511.535834188659,4891.642588393205,7931.992827397322,4883.279789162261,7925.434475152051,4900.439541931078,7941.443857114845,1.860158425905725,772,0.387630915024208,0.8173311962501404,cluster_5
3071551700009100185,,347.1200431456414,4900.675360457682,7930.657737902649,4896.858725800654,7927.655117372976,4904.675170624414,7933.451318841733,1.366450584044856,147,0.6478543785837824,1.0,cluster_5
3071551700009100186,,1385.8768548478663,4908.106897958808,7938.1144144511345,4899.587954010813,7931.589495053442,4915.010520577869,7946.501739448724,1.5374954402625238,708,0.3897641499574795,0.8315584301189444,cluster_5
3071551700009100188,,582.3681668102222,4916.713821776488,7941.923539954375,4914.39097969108,7934.559795570943,4919.676306496522,7949.472763107255,2.8275228529691856,358,0.6125254620882531,0.9513446190335244,cluster_5
3071551700009100193,,690.8991435009615,4906.831829040825,7952.995655491336,4901.152936102812,7947.7504756646995,4913.279564605938,7957.648738978413,2.1601451672399747,241,0.5172411780912897,0.9456587694238092,cluster_5
3071551700009100198,,1021.8182142415554,4910.4061140283,7967.064938701544,4903.598731224789,7956.925908445616,4915.964977226138,7974.566355885317,1.3561497889926395,290,0.59035259040762,0.6630012768721725,cluster_5
3071551700009100205,,801.8269351031494,4905.605101902877,8037.239845972856,4901.574351882015,8029.782047045337,4909.433268656295,8044.542344847379,2.2240075976446128,326,0.4929051309828337,0.9224271813856832,cluster_5
3071551700009100206,,621.895597625798,4897.774437127468,8040.148119446711,4893.52846747496,8035.17234131073,4901.514668011712,8044.994649079518,1.0576197087393966,54,0.4775780021688644,0.986017513013836,cluster_5
3071551700009100207,,951.0110120242382,4907.81673334147,8048.240420536234,4902.100582705421,8042.452098028438,4913.602515824973,8053.108869143319,1.2845203879505582,361,0.3892617688073556,0.9806194168525512,cluster_5
3071551700009100208,,1536.302579556987,4905.355339579997,8059.31626888858,4898.837516984301,8051.937645464563,4912.804583869789,8066.789355059781,1.0515168772551868,470,0.3304354638604749,0.916885422146053,cluster_5
3071551700009200064,,1219.9569201947734,4907.56106662691,7782.697030251657,4895.195957236245,7777.560502080112,4920.382932688374,7787.646922149765,3.7183236331493337,184,0.4952687801224308,0.87814885341394,cluster_5
3071551700009200065,,1264.1517301023705,4863.164681375493,7784.679831508795,4857.846110029791,7777.703681926756,4870.066135879941,7793.272429478081,1.57129983946682,342,0.370089416351282,0.920773970187592,cluster_5
3071551700009200066,,967.0741272405796,4845.11361975473,7783.7886044975585,4836.052547523104,7780.860604426462,4858.665121738251,7788.2697466238,3.5186713358497097,179,0.5659726677076841,0.8881260658291242,cluster_5
3071551700009200072,,625.0756888651284,4894.06030065239,7791.078013296084,4889.79455757796,7786.392891836707,4897.941402324419,7795.701185697413,1.13207080257753,278,0.4730029579561484,0.9916551181005564,cluster_5
3071551700009200074,,815.6774447344991,4870.028992885099,7794.985483080591,4865.017654097332,7789.328967230001,4874.704268896756,7800.076126776048,1.1413850883233625,379,0.4164671266825311,0.991231302581529,cluster_5
3071551700009200075,,447.2654447306874,4855.171848951771,7794.659822746145,4850.445770219474,7791.536439299614,4858.9146963713865,7798.571816440219,1.1496839210758931,233,0.5934150544149869,0.9698831451051478,cluster_5
3071551700009200077,,478.1031795366048,4878.305698904536,7795.338370591248,4874.641112735557,7791.463138139947,4882.839843263415,7799.092787832935,1.083448544691037,212,0.593741135519819,0.9260967065080284,cluster_5
3071551700009200079,,433.7573939742992,4920.861619454557,7796.734643050584,4916.6612195023445,7792.877992066818,4924.529792224539,7800.216806207043,1.1442576104798683,138,0.5766622264485921,0.9862317791149516,cluster_5
3071551700009200082,,1447.3017634482565,4946.740702393362,7809.445509542451,4940.613539735265,7796.376053626605,4954.209410274664,7826.809997337245,4.594138599337426,264,0.5138272188394906,0.8091548534171805,cluster_5
3071551700009200090,,777.0761513213408,4882.533575377823,7807.485520602791,4877.645967737949,7800.731720344335,4887.390677668884,7814.26033721359,1.5448996909993278,375,0.5070527826172436,0.8663636989094927,cluster_5
3071551700009200094,,720.6611647122176,4903.794177937764,7808.442257591689,4897.244521507237,7803.042747072373,4909.089523061172,7812.690753624056,1.217069872332743,393,0.5318527733478833,0.842712267186121,cluster_5
3071551700009200096,,692.4834542167035,4847.502500888812,7809.927607473352,4843.850034182757,7803.828143694759,4851.772411030831,7816.759462668554,1.9557674706725137,270,0.5211399865167151,0.8984681317389379,cluster_5
3071551700009200097,,463.5399220719387,4913.580589682272,7810.091843037146,4910.152457884495,7805.358565912715,4916.734370357364,7814.982915863238,1.6866704874715093,217,0.5822294565321472,0.990260283394292,cluster_5
3071551700009200098,,599.9042937300776,4852.724914186882,7811.791818996512,4848.919302027049,7806.239475299833,4856.519820445737,7817.179606172323,1.8277037901619304,208,0.5118648678626146,0.983609260237976,cluster_5
3071551700009200102,,292.364799919255,4822.486398097489,7812.875465488125,4819.21701184933,7809.454269317545,4825.140795393652,7816.233157439518,1.051874182125062,122,0.712647477857133,0.9843150615512222,cluster_5
3071551700009200104,,1288.9857817993106,4909.606777717322,7819.230304247184,4903.898879288898,7811.871781709369,4915.8971709341695,7826.860061173575,1.3580981959198235,528,0.3489131081642326,0.9434811346917814,cluster_5
3071551700009200105,,1106.1672724506116,4899.353863849868,7817.227519598179,4892.765265480528,7811.896442999385,4905.216134838825,7823.420909156227,1.2922631105970406,433,0.3629935995191057,0.9855028247396695,cluster_5
3071551700009200106,,1343.2229398176712,4810.651782760338,7818.342068792409,4803.479202512721,7811.650612013502,4816.520806864379,7825.6036183469,1.0917549153440145,430,0.3345096482777086,0.9690209590665404,cluster_5
3071551700009200111,,581.9711248119645,4933.161280000438,7819.970388551812,4929.067019754279,7815.317568107695,4936.719223917884,7825.154888583742,1.310823895052566,155,0.499617691316483,0.9856113350492156,cluster_5
3071551700009200113,,618.0758430431376,4918.949252689566,7820.749026416453,4914.3478790728,7816.416857976289,4923.23407570286,7825.312098579535,1.1682953838335717,234,0.4749438918533349,0.993252672941956,cluster_5
3071551700009200114,,1024.8862815659627,4831.812793751305,7823.9384436643,4827.179971937589,7817.067507032028,4837.850142496418,7831.380327416215,1.1461236412282338,531,0.4101170588942885,0.9125223693743166,cluster_5
3071551700009200119,,266.5005911543958,4885.0027967492,7823.152790433436,4881.360254636647,7820.478394223835,4888.424616724897,7825.348843296431,1.425390937380753,99,0.7573700360904313,0.9796258348909808,cluster_5
3071551700009200120,,607.1196023717068,4896.203524806625,7824.582716527138,4891.248135451766,7820.437414313645,4901.820848143927,7828.593677033896,1.274630734313553,235,0.5033302862945827,0.9720078883128648,cluster_5
3071551700009200121,,932.7496017489792,4854.398047187967,7827.940360096843,4849.789434731401,7821.380830995227,4859.172329097367,7834.191021032561,1.304288419791363,460,0.4140431281954133,0.9553952300245048,cluster_5
3071551700009200123,,764.667588325867,4862.805462829975,7828.28487968316,4859.1727774684805,7821.898778604679,4866.670635597024,7834.636609056274,1.9165527223624648,238,0.4616750222731452,0.991292725414582,cluster_5
3071551700009200125,,213.2068287628616,4876.527817997713,7826.417170789987,4873.386414751834,7823.341328473956,4879.4782524672055,7829.34282467683,2.2418678182528544,69,0.9105994868331292,0.9728970535967943,cluster_5
3071551700009200126,,1269.252306955767,4923.101754842311,7831.439819122899,4917.737941032337,7823.757800497458,4928.808718233608,7839.036290648336,1.4181087486026285,523,0.3546870104428106,0.9500805583118556,cluster_5
3071551700009200127,,654.6647212098883,4931.751332499042,7829.797400965779,4928.087247589974,7824.400171755769,4936.01685386765,7835.983050507584,1.4215413661910838,286,0.5012393712016149,0.9500826137894556,cluster_5
3071551700009200129,,616.0499580744204,4940.233529729129,7830.631771383735,4935.920873771844,7825.32694770343,4944.419018933137,7835.4311811108355,1.5716914237934012,192,0.499464459186929,0.9846598095215058,cluster_5
3071551700009200131,,186.75442495861213,4883.728858279596,7827.516361010407,4881.209802205843,7825.160662827432,4886.054162813406,7829.868394683333,1.0338864787585549,45,0.8618719770055918,1.0,cluster_5
3071551700009200134,,1257.0444813329352,4911.484000283049,7833.506893472185,4904.602355255405,7827.824512829006,4918.503508884113,7840.722945675921,1.165932991385405,520,0.3569633834147247,0.9378636799660998,cluster_5
3071551700009200137,,1446.8647878778097,4899.853377922239,7843.141685080513,4889.151564542992,7833.285707811435,4908.003484183827,7858.583917299655,2.5718270884592886,541,0.5043935794659279,0.6948860532860344,cluster_5
3071551700009200139,,1150.133535431269,4842.813451714411,7840.394634501994,4836.821881734326,7834.757443955638,4848.994740371127,7846.517393277169,1.056676410704826,362,0.3582115461669057,0.980118345156102,cluster_5
3071551700009200141,,785.7026077285643,4928.17350594901,7840.003738196568,4922.463886046309,7835.35520203883,4934.157801222657,7844.542548120078,1.2847678387304735,392,0.4339809314519857,0.9811910866203476,cluster_5
3071551700009200145,,624.3970716532428,4833.270316109015,7843.758662438513,4829.503796834575,7838.865401205372,4837.158197851759,7849.225204764632,1.3544583099181162,337,0.4926410320299022,0.980058586879391,cluster_5
3071551700009200146,,1496.0229895953958,4809.697894658596,7846.659848051247,4802.60969159117,7839.327222581667,4816.453681427903,7854.392418505324,1.1965799326447395,137,0.3109149696354847,0.9786886552382152,cluster_5
3071551700009200148,,2334.731752758904,4821.856904310797,7855.286902665227,4813.652690911333,7844.367381790186,4831.088752756466,7865.640474435919,1.695329621618025,753,0.2737786983262871,0.9338864119680113,cluster_5
3071551700009200150,,347.455505719296,4905.937419915887,7847.317544910554,4901.293045870213,7844.585391994956,4910.7250332339545,7849.969906961144,1.938025330933977,175,0.7122839526969151,0.9585616450222288,cluster_5
3071551700009200151,,1410.7994107577808,4932.299125028338,7852.746673286995,4925.28069214574,7845.275283147211,4938.992355895347,7860.535224161261,1.090906202124596,565,0.359367119020438,0.8870611339702349,cluster_5
3071551700009200152,,672.9490164969003,4837.879145493384,7850.31115406214,4833.584014316718,7845.215400887461,4842.391932970817,7855.540127758943,1.364103097672347,231,0.463586246831937,0.997535930508882,cluster_5
3071551700009200153,,666.6840721600772,4845.289420119702,7849.937810144331,4840.136746673484,7844.792142381147,4850.297627232709,7855.594897116068,1.7655297412760973,435,0.5043924238295787,0.9757752466286154,cluster_5
3071551700009200156,,686.9118963446007,4910.987365083208,7857.044629600904,4907.624596695434,7850.847272474695,4914.753613913894,7863.6327723344575,1.8954295250876725,281,0.5089137483253051,0.9704699450684198,cluster_5
3071551700009200157,,562.6358352290863,4940.311777192569,7855.364440488998,4936.494838561794,7850.651334856539,4944.259868243049,7860.054744390725,1.2324883287812731,288,0.5081421506524064,0.9836105206108752,cluster_5
3071551700009200160,,668.9751134432462,4846.297385616194,7857.522421554132,4842.1088590293,7851.7725780492,4850.383092645946,7863.583922472885,1.2580847839861948,461,0.4879558653919305,0.9938048150863532,cluster_5
3071551700009200161,,2366.68943838093,4860.5022489103385,7869.098950354762,4845.118726656207,7852.688367155565,4880.020535486694,7875.463591752531,1.7219976146714882,957,0.3970350131977293,0.4708695268810413,cluster_5
3071551700009200164,,684.3900258832272,4924.19419037458,7859.680512962239,4919.123077383107,7854.583291328379,4928.509202127394,7865.439519036085,1.5459385438108375,277,0.4855195879847684,0.9578490820980068,cluster_5
3071551700009200165,,705.0900174079629,4840.713929297454,7862.445380141422,4837.061882124208,7855.099667599728,4844.592363331917,7868.607546378566,2.1076967700877245,458,0.5024331715166964,0.948867628918748,cluster_5
3071551700009200167,,412.6111763477259,4919.939274233788,7863.530150573911,4917.136345200821,7857.664798436895,4923.070638481369,7867.848772984894,1.7124565585673004,141,0.7052740730527738,0.8699646324649288,cluster_5
3071551700009200168,,816.9014656379397,4945.501481185701,7868.349693814852,4939.506185747118,7857.669564649402,4950.300757609652,7876.748885060225,2.5644072323542777,410,0.6125109088680185,0.8212125335212173,cluster_5
3071551700009200169,,414.16699575332063,4900.730458551195,7862.897524346817,4897.835829468313,7858.10351798531,4903.716395059628,7867.360619473596,1.8832164437452863,195,0.6340371413925495,0.9853282544479168,cluster_5
3071551700009200171,,1236.391817635311,4936.716571434047,7867.176135737181,4929.855293561441,7859.694503821458,4942.329181535892,7874.70080666328,1.358110944135717,669,0.3809186884734408,0.9083579332788128,cluster_5
3071551700009200176,,1022.717334746282,4912.13735804169,7869.758109938515,4906.3900834525575,7863.3283659655635,4918.124395102689,7875.457158305308,1.4107680217001668,451,0.3906155618499433,0.9528592670391056,cluster_5
3071551700009200178,,749.2234537940465,4926.0517238154725,7870.111642338175,4920.957737815572,7864.258729452474,4929.913037645929,7875.654551490077,1.1425976147973544,303,0.4536470327146958,0.9673177841223698,cluster_5
3071551700009200184,,1719.6519002419543,4929.24299934689,7880.986703532786,4921.681271297991,7873.215706153033,4938.07799082261,7891.433639167868,1.5808901405733633,938,0.340646627907808,0.8598966372855581,cluster_5
3071551700009200186,,840.2582329764476,4917.888776529296,7880.318967315631,4913.183554540352,7874.816424255538,4923.111855949563,7886.047924556945,1.2851995473136195,477,0.4162641935322718,0.9886421550645412,cluster_5
3071551700009200187,,639.7309873563422,4908.034870044219,7880.556954621352,4904.104738787462,7876.152559567889,4912.323283538246,7885.06947138952,1.089537969666713,361,0.4670266077927984,0.993746837740236,cluster_5
3071551700009200192,,1621.1901370331975,4852.575220595359,7891.90349027075,4845.8888098831485,7884.649589601962,4859.173043951689,7900.370067970472,1.117236598027222,570,0.3026270419595187,0.9680907410092012,cluster_5
3071551700009200193,,536.2870212487466,4828.876729413424,7889.312800011801,4824.167227054049,7885.189565577992,4833.239846378159,7893.027419274937,1.2071703037161376,153,0.518515560631463,0.987132823218181,cluster_5
3071551700009200194,,971.4588376066278,4918.989618842337,7892.455552499915,4913.392307400762,7886.39393850914,4925.697239164716,7900.13324994793,1.2094107974923776,507,0.4602881306865689,0.8627109372819826,cluster_5
3071551700009200196,,422.492653534509,4819.498944931364,7892.494716943984,4816.438646157056,7887.821155026263,4822.579451937614,7896.631453687117,1.5657565348896314,73,0.5915752639959121,1.0,cluster_5
3071551700009200198,,658.4467307118812,4883.589551660748,7894.712528445379,4880.44344169987,7888.982799410815,4888.179355168846,7901.659479156759,1.6596653318343242,369,0.6136872456261085,0.796613905484957,cluster_5
3071551700009200201,,834.0089077565102,4900.858328573756,7899.033140682763,4896.196043175126,7893.102632807539,4905.597458774084,7904.365890193088,1.173992011424093,503,0.4267841898877447,0.9855979881753268,cluster_5
3071551700009200206,,1179.0604521993444,4884.216254534825,7907.391730624395,4877.594038012488,7901.0830044932445,4890.841500239072,7913.236102758083,1.1933228649794314,491,0.3750129156740949,0.9370811821148448,cluster_5
3071551700009200207,,1034.8678524060929,4842.057558479698,7907.994213627722,4834.118423922162,7901.377170905121,4849.98787493469,7914.833962300962,1.326168399853792,267,0.4650462110429729,0.8104392016341581,cluster_5
3071551700009200208,,1389.4094254660986,4893.713203750063,7910.789569285465,4888.013486190003,7901.525204894552,4899.454738184224,7919.15714214183,1.717715684960194,685,0.3546071408247467,0.9509473298578552,cluster_5
3071551700009200209,,1174.8384260693774,4845.429610794751,7914.326516992064,4837.579828720114,7903.709659443934,4852.975140853148,7921.0313628319855,1.6435734038637608,321,0.5202006057959071,0.6945875747832023,cluster_5
3071551700009200215,,756.3499832872428,4853.488860876627,7915.35565576554,4849.454076692772,7909.904067445581,4858.516275969267,7920.584358656234,1.1819898987737203,256,0.438821892375297,0.988535640757272,cluster_5
3071551700009200218,,647.9261457056923,4882.580357245711,7915.928717798271,4876.838676182171,7912.320677967301,4888.102476627755,7920.12482330048,1.4690810888682388,282,0.5071989476613049,0.9253435655614336,cluster_5
3071551700009200219,,1714.981160468069,4876.352513184386,7923.139143554682,4866.429641412544,7914.763984062922,4884.44638008812,7931.46576248831,1.7433838821747016,750,0.3390699885883193,0.8944716513275308,cluster_5
3071551700009200220,,1024.000724448409,4897.76549468635,7921.259366995617,4892.196664794307,7915.226559702735,4904.054043699271,7928.824108259268,1.2044091870686966,493,0.4526254514784327,0.8323996574411269,cluster_5
3071551700009200222,,1015.4184654991416,4905.675928647733,7924.267354412886,4899.782544301748,7917.690516752255,4910.727870044867,7932.250724328829,1.517376281178149,593,0.4220207578055523,0.9092186021414926,cluster_5
3071551700009200223,,594.5379975944899,4888.157843055003,7922.088017778472,4883.704865959604,7917.891333474485,4893.093044977654,7925.358175611868,1.2581116366641112,261,0.503773385597536,0.9909424781173742,cluster_5
3071551700009200225,,622.0357926500725,4914.855672189806,7926.972019681591,4910.681506827632,7922.353855649566,4919.347644280534,7931.46576248831,1.1094419144553742,348,0.4756606255252759,0.9909234503351912,cluster_5
3071551700009200231,,1918.2835052199653,4881.521343087287,7943.238921711912,4873.054630519906,7936.271471882511,4890.207726154955,7951.648271256306,1.119150698103841,618,0.2853434863523346,0.9467498313573048,cluster_5
3071551700009200232,,846.4655051352904,4906.123848498425,7945.430033377312,4900.274851368751,7939.61980881173,4912.097812153036,7950.744222020484,1.9094894121902304,423,0.4427017153207139,0.9770870146152502,cluster_5
3071551700009200233,,2251.3037628906686,4894.219819256526,7950.686810589184,4886.58159570396,7940.57457213827,4901.671580253104,7959.910856522883,1.283358608281401,725,0.2685814646716544,0.9446417957205692,cluster_5
3071551700009200234,,599.4602208576575,4915.148564061769,7958.529886187809,4913.195321979134,7950.115446798317,4917.53909267065,7968.778375160772,4.313431107278668,186,0.7197366221137736,0.914669990114549,cluster_5
3071551700009200235,,352.4708911315485,4885.797755497176,7954.745106187714,4882.674181269957,7950.706971249846,4888.871843489278,7958.836686125677,1.6082773226737783,36,0.6709325047667327,0.9872233894855345,cluster_5
3071551700009200237,,620.3721957546447,4906.514547792131,7961.863771820748,4903.629122643533,7955.467347099401,4910.298550253884,7969.293441841121,2.091927758980597,189,0.5823035952328866,0.9122792011720932,cluster_5
3071551700009200238,,1258.292443848154,4896.899826949092,7965.027644073351,4890.839938093966,7958.379643506391,4901.944839109951,7972.421877901152,1.3513729345319745,367,0.3549999600772873,0.9605737523215446,cluster_5
3071551700009200241,,1511.3699186288736,4910.521154573179,7980.343495479114,4904.802522558124,7971.065379575874,4916.084944890308,7994.832702900402,2.1764907980499024,280,0.4425256112337097,0.7593991112894194,cluster_5
3071551700009200243,,375.51408645499714,4910.181105764296,7992.161476135086,4906.902259299934,7988.772161891027,4913.677023461066,7995.638515236119,1.062629440685375,114,0.6180467900357222,0.9844115888629572,cluster_5
3071551700019100010,,607.462346737489,4409.814397903708,8071.54892751384,4404.755543527556,8067.695842893158,4414.987834432888,8075.579492143184,1.2101419938254596,219,0.4901508133165099,0.9799396953080004,cluster_5
3071551700019100012,,297.86926284601964,4442.225026936686,8073.0632667043665,4439.510318154778,8069.6617847734415,4445.234052300183,8076.287333222576,1.3456382511286251,155,0.6915213202483005,1.0,cluster_5
3071551700019100013,,1030.481593531955,4435.39984721422,8078.346516110009,4430.102805110316,8072.055843671273,4440.930733425452,8084.643466143422,1.0683314250691058,495,0.3787482483272596,0.9849449659019084,cluster_5
3071551700019100014,,628.890508132417,4397.079494959423,8081.124523107916,4393.4055610935575,8073.450623415311,4400.092149040196,8087.611073568093,2.6164754124116234,275,0.5833645563495787,0.9290882506026248,cluster_5
3071551700019100015,,566.688844550814,4404.97434126692,8078.096600204407,4400.781336411643,8073.496583324586,4409.108254340374,8082.383189441152,1.1401441006406745,289,0.4961301811343403,0.996282794013942,cluster_5
3071551700019100016,,822.5856510458503,4446.248481252399,8083.236635443473,4441.598216428896,8075.78377437848,4450.456067658711,8090.260342280605,2.220499110183574,373,0.5008196737117149,0.9042300584208406,cluster_5
3071551700019100023,,242.6951793934577,4393.976869093537,8089.000721923055,4391.645948836513,8085.793264733217,4397.366548549066,8091.999561563606,1.0733895869134449,108,0.8046421450654877,0.959011020252653,cluster_5
3071551700019100025,,868.8118243222395,4396.023009332365,8095.900518410564,4390.958286658237,8089.423255732634,4401.012715155855,8102.983139323148,1.599818306169339,378,0.4536451112173831,0.9516431795876634,cluster_5
3071551700019100028,,765.5748455409448,4430.679043669654,8099.298416371267,4425.744248922152,8093.839704222857,4435.248106387235,8105.054558037325,1.3797387299108963,339,0.4467453113202611,0.9707290984842476,cluster_5
3071551700019100029,,1071.5113181062577,4409.683699067055,8103.553193089456,4402.030858495453,8096.453549799861,4417.035085248272,8112.045339766523,1.845432065078804,409,0.4830694933746414,0.8000509390270505,cluster_5
3071551700019100030,,576.051932919776,4427.4213264111495,8106.060525978842,4423.110609395724,8101.716129842815,4431.282766979025,8110.658320365996,1.2602468832811715,288,0.5026160357677664,0.983298733220304,cluster_5
3071551700019100032,,165.6125073175603,4405.562440706704,8106.95896966498,4402.94928576571,8104.961422360637,4408.490031883266,8108.834389869529,1.452704783086773,93,0.9571179907194766,0.9829997547261003,cluster_5
3071551700019100034,,791.8501201487887,4394.404455760404,8112.805259043605,4389.374369331596,8105.911944360845,4398.668031263095,8120.422083623798,2.1939267213824887,271,0.5244205778854969,0.8900873438124576,cluster_5
3071551700019100037,,775.0286010462967,4438.12722935217,8116.0754149450095,4433.469095455606,8111.224402971683,4442.964692089625,8121.218933443522,1.0664942062881562,330,0.4181277219571052,0.9954211436512446,cluster_5
3071551700019100038,,533.4349823028222,4400.693892240063,8118.444552370414,4396.984681926611,8113.907446559579,4404.574789057659,8122.449406862517,1.2012462346972153,249,0.5402460002008187,0.9612689814377486,cluster_5
3071551700019100041,,650.1352960382426,4446.897415863849,8125.72999942089,4442.325970087231,8120.8068513014705,4450.940553599847,8130.920256138177,1.354200863936153,271,0.4726904952160317,0.9945474518356606,cluster_5
3071551700019100042,,1233.9122481745956,4404.231165022501,8130.337553268882,4397.597602015449,8122.40227804371,4408.725251352382,8140.962921131223,2.363137885652467,591,0.4184528995749415,0.9326033024421498,cluster_5
3071551700019100045,,522.7128782041734,4446.268349227742,8133.799553754559,4441.784504843719,8129.812289962097,4450.512735297835,8138.83330754672,1.4087238075292765,170,0.5560917950511497,0.9457519584578662,cluster_5
3071551700019100046,,924.2829957578166,4415.410364078522,8139.164490213478,4411.0850459341145,8132.780169871383,4419.890668330625,8145.851654689763,1.4711908662416329,254,0.4033306804517323,0.9779423222199122,cluster_5
3071551700019100049,,326.9915022565608,4443.104492652558,8138.508451947796,4439.759747407422,8135.114304427545,4446.398878095952,8142.121423683621,1.2303413007691064,86,0.6807123348853138,0.9801366774186554,cluster_5
3071551700019100050,,595.890783780603,4430.655099022101,8141.31908329027,4426.686634665914,8136.186825020236,4434.624709603824,8145.876741825131,1.456736092717253,240,0.4944732450887986,0.989882751300654,cluster_5
3071551700019100051,,388.3832144112848,4449.881817792161,8143.252050738904,4446.043923895674,8138.500044855552,4452.904932266405,8147.014538588715,1.2971839024616216,158,0.7029616218536346,0.8660784887194277,cluster_5
3071551700019100053,,832.5624725887023,4423.783029936939,8144.576880638791,4419.429786822435,8138.812640116068,4428.700433373039,8150.660738281433,1.4552949631948389,230,0.4281203783388559,0.9657879057678098,cluster_5
3071551700019100056,,816.4083217817752,4431.737123931441,8151.213251395252,4426.449049057785,8145.919384783649,4436.554260698909,8157.37152896932,1.3714008371139716,366,0.4351179330199529,0.9888244304381096,cluster_5
3071551700019100058,,807.9748085324927,4440.021728977433,8151.219645664127,4434.928026553758,8146.323967400058,4445.218638634169,8156.44569053194,1.194867339314409,378,0.4197466307567296,0.994662321069203,cluster_5
3071551700019100060,,682.7319979305232,4428.380283837426,8157.868350561037,4423.3663235421855,8153.109693212429,4434.08571419824,8162.328463345559,1.4130844168682053,257,0.4625128326898781,0.9977112299514684,cluster_5
3071551700019100061,,1350.2283688452114,4449.759590148779,8165.238362808202,4443.560532705154,8158.05523823442,4456.274602445186,8173.091531017001,1.287491384692387,579,0.3695870089329691,0.9102774567571762,cluster_5
3071551700019100062,,262.15870499162185,4436.6823126199815,8162.94981222374,4433.414220589339,8160.276767848857,4440.448305652608,8165.315876962181,1.7627843955359082,139,0.7627418226746797,0.9999999999999996,cluster_5
3071551700019100063,,245.2998350192796,4430.660001780431,8164.728238680008,4426.169685419885,8162.603329409321,4434.724980849023,8166.827809695063,2.359257166574152,147,0.9097220666085112,0.9300663964904898,cluster_5
3071551700019100068,,475.32991005170726,4450.1454524002775,8176.655996033258,4443.061105527465,8172.998395340312,4458.014283688992,8180.4169923609425,4.02944225413754,178,0.7767978602184878,0.9200002249811388,cluster_5
3071551700019200014,,444.2089506018386,4394.524461870419,8070.744059537786,4392.308114812817,8063.861219960459,4397.392274443308,8077.457821042814,3.1315571708637666,177,0.7394576146605775,0.9191824185807096,cluster_5
3071551700019200015,,582.8842487463199,4426.780663096364,8070.090333542662,4422.581823120262,8066.095124790654,4431.062642183454,8073.825734692784,1.100996717813098,301,0.4923940212239829,1.0,cluster_5
3071551700019200019,,438.98671885868725,4416.032366124509,8074.995983376742,4409.251930459018,8071.173717506324,4422.7262621170585,8079.770852604935,3.348359764384893,182,0.7957115333704002,0.8536163791197048,cluster_5
3071551700019200026,,396.41430580595454,4442.21907908332,8086.072978447608,4439.297445723888,8080.396865346318,4445.36233731412,8091.231088699225,2.412751884451244,166,0.6991527366701851,0.954426574611566,cluster_5
3071551700019200027,,402.992969703102,4424.749477925911,8083.321985797097,4420.617692374415,8080.014917543675,4431.294756847043,8086.805210889757,1.7131012585678125,185,0.7592700435631657,0.8457391224660111,cluster_5
3071551700019200031,,664.7247178115126,4429.004826964333,8090.494341457089,4420.96101520489,8085.108755531244,4435.492475427911,8097.132517616982,2.7136987013693465,205,0.6989410728399552,0.7289454669380666,cluster_5
3071551700019200034,,543.9980343304228,4424.866999870144,8095.043684890975,4421.209332666491,8089.7956882933395,4428.747595426152,8102.378919821229,1.7062609235515875,322,0.696705476978975,0.7227117877070038,cluster_5
3071551700019200036,,916.4055053567585,4441.874035652244,8097.730360052722,4435.45407198805,8090.019537953571,4446.690023406473,8104.044572313097,1.9036742568000988,435,0.4609374837242113,0.8987029426434683,cluster_5
3071551700019200042,,420.0343319052597,4418.113365514394,8101.305872781422,4413.799764786138,8096.840359602367,4423.211401250312,8104.837415328398,2.078066985771164,276,0.7110220021086902,0.8587385915437677,cluster_5
3071551700019200046,,193.87659156779787,4416.3681744375945,8105.605012061897,4414.395235523365,8102.47679216001,4418.627599151878,8109.460523711871,1.872971770962568,64,1.0065721168030253,0.8971143521882072,cluster_5
3071551700019200050,,339.3017588127855,4416.144697985783,8112.613177963117,4411.917273457775,8108.698677748636,4420.766439614445,8115.695907591481,1.7043320015251864,200,0.8481863871935824,0.7973689495293452,cluster_5
3071551700019200056,,486.2959197680197,4407.39958496844,8121.038989532702,4403.8719734758415,8116.4602083943,4411.171809263565,8124.9112679856735,1.181259523038219,145,0.5800743191595822,0.9299885077951784,cluster_5
3071551700019200062,,622.6097141057455,4400.624932414888,8133.923914798552,4395.831425092612,8124.59229675244,4405.898043892924,8143.333125629502,5.854074770966786,333,0.7454074073644649,0.9331814440199075,cluster_5
3071551700019200073,,335.91122286538047,4441.8193334529415,8142.880015419128,4438.000257537429,8139.386620486429,4446.708422605374,8145.788318497649,1.6858100076431988,188,0.7374355082355136,0.9160292471159718,cluster_5
3071551700019200076,,756.2995661574394,4409.923780603959,8148.294449915744,4405.028270597375,8140.581804404979,4415.073992130603,8156.651855767427,2.7711333755269307,381,0.5732657019803343,0.8489532039432935,cluster_5
3071551700019200078,,740.6463729535797,4447.560303349575,8150.232005834319,4440.8105073863735,8144.960329156487,4452.706613939338,8155.6559682084435,1.6008191837054813,249,0.5120372791785007,0.8661544813798815,cluster_5
3071551700019200079,,651.1675210803645,4416.806145474361,8150.098232743839,4412.213904058044,8145.511030982212,4421.348408393813,8154.714135901954,1.3697866371665424,228,0.4658436345056489,0.9982471098574428,cluster_5
3071551700019200086,,256.68406908559825,4424.699626896013,8165.091456336015,4420.734901858476,8162.200539967515,4428.594295103243,8167.736169384656,2.29766335708215,90,0.8406668967579501,0.9705401326472648,cluster_5
3071551700019200089,,494.47750043433314,4437.473515510005,8170.665617420077,4430.978714428608,8165.874548330767,4442.452878144628,8175.987233307323,2.8909699763153727,196,0.7001072135802343,0.8739411997574364,cluster_5
3071551700019300021,,582.1894603839766,4435.897428959265,8088.366493465639,4431.558052183995,8083.7944594870705,4439.706697941758,8093.806932330282,1.4571308998779533,202,0.5262601092560705,0.9473983654397028,cluster_5
3071551700019300022,,176.9311859120627,4429.424152933425,8086.446408799594,4426.9363350948415,8084.225149023476,4432.052882723843,8088.681890192502,1.1484908403974712,101,0.912318744227706,0.9697611864934786,cluster_5
3071551700019300027,,423.98040847395225,4410.628287226565,8094.969488560652,4407.525770953142,8090.201369767836,4413.659324116782,8099.12968420308,1.4225730557573228,186,0.623419925867153,0.947892007163604,cluster_5
3071551700019300028,,696.9626995984429,4419.1447347619405,8095.084218903764,4414.6714718633975,8089.8908166878255,4423.304659631898,8101.460662642587,1.359872407972771,268,0.4914966860729254,0.9500723722719846,cluster_5
3071551700019300038,,473.3399320612576,4407.1400779352525,8113.397698100031,4403.919722087436,8108.974862273185,4410.345176110515,8117.913608663872,1.397881000593837,184,0.5464063968132833,0.996966686758142,cluster_5
3071551700019300043,,779.3688434453915,4424.915522320814,8120.470692457091,4420.3438793400655,8114.937868485057,4429.568283240365,8126.294707618196,1.4493756043141997,263,0.4346256840675466,0.9919080394558478,cluster_5
3071551700019300044,,392.3134015766213,4417.705551622478,8119.355073035811,4414.527687502981,8115.420139970134,4420.503200992678,8123.529358814575,1.3561243117922297,129,0.613657799424241,0.9861934937217592,cluster_5
3071551700019300046,,375.3769960422391,4413.367192531358,8121.621954953314,4410.513514313063,8116.93387143119,4416.5877732761455,8126.013248304309,1.7628102603579014,121,0.6755631188698983,0.9480333210814412,cluster_5
3071551700020100007,,305.91491940777905,4474.585059571879,8066.250375969734,4470.728146514641,8063.34831309661,4478.814628482018,8068.55203105944,1.8235334684306408,131,0.7570872833397376,0.9373612911603616,cluster_5
3071551700020100013,,1050.559697107422,4454.628668339937,8074.6398544808035,4447.660526074455,8069.064343120493,4461.425677499354,8080.10766794475,1.4883781408627783,534,0.3826233553912225,0.9698578299131928,cluster_5
3071551700020100014,,550.3883635547533,4473.853291943055,8074.73672174281,4469.956624063494,8070.179732382893,4477.304972634427,8080.190853085345,1.3105025165374269,197,0.5286379463796695,0.9852827925351978,cluster_5
3071551700020100016,,508.30658632096856,4479.90193076406,8078.215802601335,4476.279181016107,8073.751196221765,4483.6774756543255,8082.891046310169,1.3168529906791264,184,0.5466449412650852,0.9636338319419682,cluster_5
3071551700020100017,,659.6566081785345,4490.627570806486,8081.215475884063,4486.579684313765,8075.458476308737,4494.1367754496905,8087.750322858704,1.697482416588777,280,0.5010875875269979,0.9772352753201662,cluster_5
3071551700020100018,,220.7755686463736,4495.914292604072,8077.750857070575,4493.29182012481,8075.25700713472,4498.635610650415,8080.430213286824,1.0787519363288605,77,0.8008618197974934,1.0,cluster_5
3071551700020100020,,526.6849890359066,4485.22068806269,8082.798658520316,4481.952346817876,8076.934365349968,4488.834403345896,8088.027153582053,1.9837594807034369,164,0.5738456556649209,0.9748405565001306,cluster_5
3071551700020100021,,955.7598619315294,4504.213332816773,8082.124341185924,4497.178065311328,8075.5059621848195,4510.005208348788,8087.937678020999,1.4383363369626356,363,0.4777739746307309,0.8476378830224928,cluster_5
3071551700020100026,,550.4525324631161,4453.068500568365,8086.50676425376,4449.667917721959,8080.812063348643,4456.959425726584,8091.583485323762,1.7951641905197038,264,0.5789779472106648,0.9047633764315852,cluster_5
3071551700020100027,,698.0532312442242,4478.470019351698,8086.533026159073,4474.174379073716,8080.573554333607,4483.685689740194,8091.772275013487,1.5000596393267902,309,0.533987009492689,0.8871189620050062,cluster_5
3071551700020100034,,649.2352834011077,4503.9645700076935,8091.253412140513,4498.242970149013,8087.392185969469,4508.851383808711,8095.215613087334,1.4934529865474957,253,0.4763310694197446,0.9918739006815837,cluster_5
3071551700020100035,,632.7014273145204,4465.455056315429,8092.993016601503,4461.612514190509,8087.787239036873,4469.992625541707,8097.861183203102,1.02565263653712,280,0.4798039979763056,0.976341077728858,cluster_5
3071551700020100039,,1108.3918245105665,4534.78126897482,8099.441419902875,4528.268687885691,8091.393369608624,4541.078273171517,8105.560938861558,1.0598953950571075,463,0.3989618138615176,0.9254944227637232,cluster_2
3071551700020100041,,374.9517269447381,4554.162871145471,8098.239641936002,4550.967637912223,8094.195883267436,4557.148301807877,8102.18174747416,1.1468907302985245,54,0.6145160781583447,0.9953266693009036,cluster_5
3071551700020100042,,547.9770144974585,4521.567790457786,8099.364442076359,4517.693486227034,8095.362223084999,4525.35956678445,8103.098656701526,1.0076303279490082,194,0.5099921115639955,0.991974580666079,cluster_5
3071551700020100043,,760.1474898014013,4500.3397217161255,8101.978943588167,4494.723868378587,8096.227496164684,4507.334378865702,8106.888997681018,2.3400172363888894,231,0.4923521190081975,0.955752344938932,cluster_5
3071551700020100045,,1250.9473714378742,4473.796000831347,8103.446092117212,4467.589013962425,8096.8472418675055,4480.154244890573,8109.879437946741,1.189857092030452,654,0.3375051733060519,0.9855912542139834,cluster_5
3071551700020100047,,824.237584292801,4491.233796841406,8103.947483475508,4487.139377677892,8096.80095065708,4494.695754915192,8111.636867406673,2.374781803822454,362,0.4744349698219584,0.9642610367622791,cluster_5
3071551700020100052,,886.4550069119305,4546.317829073677,8107.391961650871,4541.457582933313,8102.165920382966,4551.387518878135,8112.405853708374,1.00809098523222,309,0.4193456613764557,0.9597426584210806,cluster_2
3071551700020100053,,306.473107067013,4507.578941578337,8110.122888041871,4505.480061911012,8105.147996215058,4509.61862581113,8115.551939166736,3.0557534740520524,83,0.8352758407522212,0.9518158964983496,cluster_5
3071551700020100054,,902.7678805716388,4529.789227359955,8112.1208927425105,4525.626202075051,8105.088497310273,4534.21631644192,8119.419866707412,1.9069836862667968,427,0.4364261145210544,0.9557309465180028,cluster_2
3071551700020100055,,1062.3372087241244,4521.818964836119,8111.315959234389,4515.655882841102,8105.18978584873,4526.65666757063,8118.014464504999,1.0389669486058286,416,0.369742251737326,0.9787754404510458,cluster_2
3071551700020100056,,662.0678185320514,4482.254638043677,8111.936671630761,4477.3656590811215,8106.881479486282,4487.12492691928,8117.251052330108,1.3918651960123791,286,0.4744139687108498,0.9898221118621684,cluster_5
3071551700020100057,,850.0247853922655,4470.651970077467,8114.077368092696,4465.830022769569,8107.985673102015,4474.818896338544,8120.695649412021,1.740949858449628,322,0.4308272135126462,0.983121459353714,cluster_5
3071551700020100059,,213.6232645227317,4504.17501067502,8114.193434077672,4501.920623604126,8110.377127608914,4506.959899219667,8117.582483724175,2.145829362498027,89,0.9246142886149888,0.947110142160592,cluster_5
3071551700020100061,,851.5441537723555,4478.841536616253,8118.229822413705,4474.3892806608565,8111.562129833069,4484.847973735776,8123.935505268109,1.3945485525522945,419,0.4441217862983463,0.940043966329594,cluster_5
3071551700020100062,,1255.4397882155515,4491.7810446876765,8120.806143654875,4485.543312044633,8112.323692840458,4498.013678498547,8129.482450970308,2.137405956733798,674,0.384005854413401,0.9439028374465044,cluster_5
3071551700020100067,,379.7968678359129,4533.487096366965,8124.247108595015,4529.860297994444,8120.613488544018,4537.503144030517,8127.941137575558,1.22389502878249,243,0.6416424562250703,0.9636022963273744,cluster_2
3071551700020100070,,435.1066427759874,4501.776645063089,8127.049683932668,4497.797364510234,8122.66107165711,4505.272026227656,8130.744799207025,1.1801320019469923,167,0.5976799909014737,0.9751136869068048,cluster_5
3071551700020100071,,675.2573940425403,4476.869360656202,8126.527176447446,4470.332842615026,8120.927134248312,4483.065958469148,8134.116187942509,2.916799872515417,320,0.6107974026622528,0.8527840302171944,cluster_5
3071551700020100072,,724.2841570981881,4468.645859811716,8127.6942476259055,4463.962532181999,8122.367245994513,4473.135988082262,8133.588087189554,1.5814441946607385,355,0.4808252218320711,0.9482118124950956,cluster_5
3071551700020100073,,695.909225509404,4555.290949187826,8129.114495603559,4550.737581074765,8124.609310766634,4559.676707295617,8133.54837951397,1.0107505058589636,265,0.4519564515052177,0.9918616746984378,cluster_3
3071551700020100074,,721.5416964736128,4460.98148791389,8128.7366702978015,4456.605553520063,8123.637354009781,4466.758488547234,8133.999111194706,1.1077051807074636,336,0.5394281654849767,0.8820081180461999,cluster_5
3071551700020100075,,868.4973476233253,4536.450180566665,8131.287617787848,4529.924817454092,8126.1897575504145,4541.775965313209,8137.130256999938,1.3497599106418074,400,0.4181668611420271,0.9746348212515792,cluster_2
3071551700020100076,,286.6049264142473,4506.760066334395,8130.599157046644,4503.874415545981,8126.969578626262,4509.590131620169,8133.769897775816,1.1035756576032665,146,0.714753607709585,1.0,cluster_5
3071551700020100077,,667.616382503511,4476.270849590087,8132.912182589082,4472.362821576422,8126.890378560043,4480.546911453277,8138.268741779912,1.7336408747050298,331,0.4930489258643962,0.9735763187110772,cluster_5
3071551700020100080,,1052.1622682171562,4529.404226470902,8136.682786488467,4523.073850252384,8130.879528499145,4537.084617398587,8141.869537416253,1.293904312084313,465,0.3826304884235454,0.9767835344625364,cluster_2
3071551700020100081,,1472.9223574109706,4546.3681219409045,8140.060958056971,4539.043731533987,8132.235334705281,4551.567893949423,8149.7190249658515,1.2697166215394142,933,0.3491991856256465,0.8992677408967974,cluster_3
3071551700020100083,,596.9734763192437,4461.589351603753,8138.265875251688,4456.2019159151705,8133.492047585548,4467.551385295768,8142.380727708507,1.1033848993999622,322,0.5635853816721256,0.8654227979611246,cluster_5
3071551700020100084,,500.4404171393784,4553.563186398817,8139.568868315944,4550.74542654258,8133.38791804002,4556.700488426384,8145.91736732761,2.2181868313541333,196,0.6391532028772632,0.8982238455597867,cluster_3
3071551700020100085,,937.3003858838154,4563.045551128208,8139.393454335463,4558.852397719415,8132.932177918948,4568.016726584565,8146.110703699754,1.43752297695849,140,0.3967893308043407,0.9926127228343398,cluster_5
3071551700020100086,,1245.351004821549,4500.573361278749,8141.00853934198,4494.72207173959,8133.536973778382,4506.035228222127,8147.896079960706,1.3944835256027373,423,0.3545024146013045,0.973597644966818,cluster_5
3071551700020100088,,417.3061954066368,4539.278822400716,8141.701381290106,4534.760940980023,8138.00631755485,4543.287895087467,8145.441306656621,1.6907771091764203,223,0.6158521685151647,0.986813585494384,cluster_3
3071551700020100090,,190.9516596055284,4532.725656208727,8142.692081900619,4529.899265041689,8140.484604461892,4535.737815982642,8145.188253800658,1.334224726355663,105,0.8723244798208898,1.0000000000000009,cluster_2
3071551700020100091,,178.00062871658344,4472.978410674216,8143.19014838551,4470.612827996358,8140.840618023128,4475.381322722476,8145.423126743325,1.0371390160109732,86,0.8941465253145147,1.0,cluster_5
3071551700020100092,,349.45348373408154,4477.962387584111,8144.163666976091,4475.009363095588,8140.774928169122,4481.975407308092,8148.639087547295,1.7310283757006533,247,0.7013439018387073,0.9745666569726984,cluster_5
3071551700020100095,,777.6449718616335,4456.127538388573,8149.718808706732,4450.465885363456,8144.480426684507,4460.850622881347,8154.71413590186,1.170731140430085,265,0.4608078671200141,0.9290420949465972,cluster_5
3071551700020100096,,530.2898553557868,4464.20819592107,8148.917675115547,4459.701876566426,8144.830246597327,4468.998186067895,8156.157440665641,1.6345923902637651,337,0.6869939805582035,0.737475073270103,cluster_5
3071551700020100097,,296.54392028162323,4471.440654234091,8150.422871827525,4468.892576151096,8146.668120964859,4474.299764670217,8154.215055990011,1.402922680873746,165,0.7107840228034144,1.0,cluster_5
3071551700020100100,,974.4024574792752,4532.656229570109,8158.762881710573,4527.532726411225,8152.370343367224,4538.557331135289,8164.02195443407,1.012086044236944,556,0.3909828385291513,0.9749127077177224,cluster_2
3071551700020100102,,141.14491451361965,4512.644981699673,8155.749368193343,4510.381344401547,8153.489128655745,4515.068254916543,8157.783403788007,1.6906077435091966,34,1.048878684003162,1.0000000000000002,cluster_5
3071551700020100103,,684.5105101780127,4551.888029316738,8158.169352588869,4547.508896294869,8153.464210913019,4556.679273088037,8162.861789284025,1.0101168906579752,432,0.4546455882427707,0.9833246152566496,cluster_1
3071551700020100104,,1361.2111378930929,4487.820738237236,8161.357757816704,4481.006348845983,8154.85520254577,4495.662107198343,8167.535439680693,1.135355014274989,605,0.3431761161201935,0.9425215939448838,cluster_5
3071551700020100105,,658.6145174195385,4478.00955602344,8161.483725280867,4473.581706479867,8156.899874133178,4482.10794083991,8166.967358714655,1.1877430790836334,256,0.4792733779997694,0.9878004489040326,cluster_5
3071551700020100106,,1223.6029087111524,4509.348361230575,8165.275456656105,4503.875328544616,8158.227844451315,4515.065589399483,8171.999244381307,1.2967549433681913,506,0.3560064351830534,0.9535116276928997,cluster_5
3071551700020100107,,132.68222846066243,4544.101572317774,8160.322933243507,4542.017936417483,8158.456231368964,4546.060149771769,8162.255209390566,1.0723114894946473,78,1.033136920017619,1.0000000000000002,cluster_2
3071551700020100109,,970.511967200506,4548.872782359391,8166.713652567116,4543.372866878472,8160.570757815454,4554.134817711601,8173.137250874242,1.044636535255435,566,0.4357355329499851,0.8833315530587673,cluster_3
3071551700020100110,,1378.4716710747543,4519.63091090617,8171.555318033198,4513.4721900467175,8162.794370341748,4525.683215814655,8180.976306253507,2.045594676096222,519,0.3731495794884467,0.9297641897516288,cluster_5
3071551700020100113,,694.7449244852252,4537.506540977716,8170.220290471953,4532.309969473972,8164.370752429844,4542.275282232864,8176.597682309338,2.068774165498467,408,0.5102971860600428,0.928479821795552,cluster_2
3071551700020100116,,583.3950879605609,4462.444106111251,8170.349383667986,4457.940115255649,8165.450499137753,4466.503282580131,8174.38949317383,1.2008150897823562,165,0.5093118525384698,0.9874947697571352,cluster_5
3071551700020100117,,889.1907560798007,4498.659284938111,8172.936231827552,4493.482250562629,8167.424991009653,4504.29194356798,8178.601939875847,1.2007774703088223,337,0.4066477105433755,0.9828489736904368,cluster_5
3071551700020100120,,899.5650369939907,4508.045186669326,8176.650492901944,4502.518759478908,8171.702315363094,4513.803244679031,8182.662385339207,1.1644670711781662,382,0.4024497032014628,0.9773859089065956,cluster_5
3071551700020100122,,1483.8014561803916,4466.231467939634,8178.78702650187,4456.31229614447,8173.53673677757,4475.128479846996,8184.431026513614,1.9262084948987657,492,0.3390373965900287,0.9695925865163644,cluster_5
3071551700020100123,,291.85784866756694,4537.777504839624,8179.307825930396,4535.090168711256,8175.394797955163,4540.485353082464,8182.710725787372,1.754418299061419,226,0.7319416908970657,0.9958991529227,cluster_2
3071551700020100124,,321.58309500003503,4485.675472835176,8178.060534729751,4480.976445444374,8175.804828812859,4490.310936458911,8180.435204290944,2.14338187156442,162,0.7238625839238308,1.0,cluster_5
3071551700020100125,,234.98559495320472,4477.548602164507,8178.640752979984,4474.404249691899,8176.092279044973,4480.279270413796,8181.991135369164,1.3797989725394193,62,0.8368557435640104,0.938949530504734,cluster_5
3071551700020100126,,145.93995527687116,4518.076049507519,8178.315734656201,4514.671870210195,8176.421942626697,4521.775744190842,8180.204807931061,2.530875279295352,93,1.2847266346404125,0.8279730690201534,cluster_5
3071551700020100128,,912.3972598508186,4531.507584900529,8183.544782077677,4526.333047874863,8177.534193538957,4536.7127094895495,8189.387218064551,1.1744849720871835,400,0.4030076394030423,0.9704113945313996,cluster_2
3071551700020100129,,747.4014520984921,4490.659407982638,8183.9262803591855,4483.778805603616,8180.276144267728,4499.241252986749,8187.996176253541,2.043324327476305,397,0.5851844046825169,0.8138760348561661,cluster_5
3071551700020100131,,138.10163927509592,4509.898452425042,8183.1318607953135,4507.408028729191,8180.950271333871,4512.259898796548,8185.352891749447,1.3665084004694048,53,1.0585917040486932,1.0000000000000004,cluster_5
3071551700020100132,,1473.0047481561792,4517.515633065498,8185.750940137948,4509.374986946399,8178.974958563226,4524.562695425793,8192.213301484362,1.184119390753923,784,0.3258407018129299,0.9435480260058304,cluster_5
3071551700020100133,,240.7215405923725,4482.170447946367,8182.295793902223,4478.923852721012,8179.602932402669,4485.060453594049,8185.14315601587,1.2449951212698334,144,0.7826382915286427,1.0,cluster_5
3071551700020100134,,684.1761221194341,4481.723577793942,8187.052912265486,4474.910054516695,8182.297412061969,4488.800927240328,8191.559835383679,2.5981564028161004,280,0.5535480897249593,0.914051229642418,cluster_5
3071551700020100136,,1091.9361571499978,4570.707511007352,8190.444898351163,4566.445641676761,8182.643948141015,4575.038420346884,8197.918838486168,1.790729511541734,37,0.400831482384489,0.944678901022488,cluster_0
3071551700020100137,,515.4756113878009,4563.6261445997725,8188.044715147139,4559.9528524437455,8183.493041140588,4567.052394111821,8192.748676358822,1.2574968419115111,34,0.5374268173690958,0.9908682796767998,cluster_5
3071551700020100138,,639.0584659898301,4504.792748577357,8187.8565773053,4498.767949527739,8183.950061774688,4510.5710175449,8191.566331794251,1.667135515928896,251,0.5013185161587472,0.9633589053685974,cluster_5
3071551700020100139,,1681.3942352275662,4525.874101373073,8195.700041884818,4517.77430927352,8186.160396848712,4532.486762164338,8203.655297246733,1.417115411440478,778,0.3324732331057319,0.926327425999972,cluster_5
3071551700020100142,,723.9603623642298,4514.750373515352,8195.833554124622,4510.112761304479,8191.058308324876,4519.349611287778,8200.632146636706,1.0575438779046684,285,0.4469329092790865,0.9799508062738276,cluster_5
3071551700020100145,,913.2024523166808,4538.614046021589,8201.820852880892,4532.45545700953,8195.963677820304,4544.638917843077,8207.531538384641,1.4272810994857674,429,0.42332716109784,0.9412493052222456,cluster_2
3071551700020100146,,992.7288561140758,4551.077679734023,8201.167934781452,4544.998768385867,8195.650824152668,4557.207617733404,8206.679162712495,1.1684253504499706,622,0.4056966022469388,0.9442481967021727,cluster_3
3071551700020100148,,371.08963941082254,4561.09829864074,8205.100975054038,4557.943036086432,8201.520894336501,4564.615074412209,8209.046973766359,1.0468194311029049,183,0.6282678779944594,0.9778355994635406,cluster_1
3071551700020100154,,406.1002941749354,4571.554980366942,8214.762000017347,4567.129932178123,8211.206638200638,4575.5858904582765,8218.45153281781,1.633771189758363,153,0.6281223089301609,0.9674639602142504,cluster_0
3071551700020100155,,177.7215327542713,4578.46226324572,8214.404156727449,4575.67329446112,8211.330453998418,4581.019114612934,8217.382797914564,2.435127069594856,49,1.0103879684363324,1.0,cluster_0
3071551700020100156,,1050.6520213923668,4584.651862471638,8219.992151084212,4577.518101612057,8213.19858695452,4592.792318435859,8225.773677862546,1.872703048842896,507,0.4172491232288607,0.9572744972830244,cluster_0
3071551700020100161,,2081.624156766284,4642.985529448836,8232.930754815641,4633.145324243667,8223.443918963285,4652.133436859644,8242.606841577763,2.219638373598167,307,0.2909168511927626,0.9735853064709972,cluster_5
3071551700020100164,,739.9938289534016,4618.201417197582,8234.06563977276,4610.954870841413,8230.444602068352,4625.566465584741,8238.24111192167,1.7824297819803478,223,0.5296344410776707,0.8751304440237856,cluster_0
3071551700020100167,,261.119671413214,4614.054570751942,8238.971737492053,4609.541856394244,8236.22686213643,4618.092804016772,8241.817186717404,2.7148456809804475,64,0.8879395598241755,0.943661308806668,cluster_5
3071551700020100168,,510.0860216514099,4698.315778269108,8240.011011251523,4693.430592475264,8236.283965006518,4702.74613017544,8244.335789280023,1.8905269950879389,104,0.5651697742494112,0.9749366126200116,cluster_5
3071551700020100172,,340.7878786130389,4659.90030132528,8241.55786669487,4655.609529146875,8238.779236682514,4663.5269703391605,8244.464367225964,1.480537784141107,79,0.6601412136672878,1.0,cluster_5
3071551700020100173,,568.8655190199898,4681.771357509565,8243.548787939282,4674.009707525071,8240.082008768777,4688.607075932778,8246.205881339185,3.212718493019163,108,0.6232811257942951,0.9744066991476504,cluster_5
3071551700020100174,,853.0848009489147,4718.817741260044,8245.106606206651,4710.0325154472,8241.785562496389,4728.504895005793,8248.263809277314,3.045546298336206,233,0.5230907447370471,0.910815441820196,cluster_5
3071551700020100175,,1030.500932392395,4654.53881421228,8247.459404448191,4642.877075054545,8242.348819305533,4665.185585262952,8254.916381080422,2.499002885450769,359,0.5944756461657253,0.7166120860085622,cluster_5
3071551700020200014,,1105.591624970626,4502.877104530416,8069.296537186905,4495.775704753948,8063.771240135024,4508.823487622103,8075.320374124032,1.3809158915039357,196,0.3683116813025425,0.9713531502271884,cluster_5
3071551700020200017,,1719.1296400404058,4466.617588567454,8072.447806136303,4458.122835232133,8063.268039889719,4474.936953374037,8084.453796547905,1.8716584526777231,795,0.3966141712548689,0.8002369220247405,cluster_5
3071551700020200019,,300.3100840068041,4479.812529566837,8070.516376215427,4476.230631980488,8067.7034652902385,4483.390394162665,8073.843872992211,1.009848041786671,139,0.7310448523436498,0.93553615058279,cluster_5
3071551700020200021,,280.1522775903896,4486.792234764741,8072.16501280006,4482.897606207036,8069.44579438303,4490.719732722246,8075.303099157915,2.1994955350960645,60,0.8066931178640833,0.9346628710197844,cluster_5
3071551700020200023,,739.7836207717188,4547.2550612559,8078.760372524199,4541.966111639552,8074.181661049593,4553.068241346684,8083.133058550693,1.271323949305997,41,0.4610550207803401,0.9467541448088238,cluster_5
3071551700020200027,,813.0499242951091,4496.746013737434,8085.775003528549,4491.952211231683,8078.960879203239,4500.743474012224,8091.968927487269,1.477592023880084,252,0.4848136312562822,0.8730250646293375,cluster_5
3071551700020200035,,583.7439949226506,4458.627773358391,8086.394565634501,4454.787755970072,8081.310859886174,4462.596712297409,8091.407549546966,1.6119799266566346,284,0.5485576139251219,0.9389897804856084,cluster_5
3071551700020200037,,744.1480105737506,4534.36355980382,8087.006753554894,4530.433699191328,8081.980251322113,4539.271848979066,8092.657940239677,1.2190294819674283,139,0.4515070124107226,0.9731720651818212,cluster_2
3071551700020200038,,1108.851320773232,4526.137685659663,8089.5605368958195,4519.529332167442,8082.891860601671,4530.909511754502,8096.294959403558,1.013195747353857,270,0.3795631576894819,0.9503239050242844,cluster_2
3071551700020200039,,1439.9114767602614,4547.565844650341,8088.899316244946,4538.872199718159,8082.496351422659,4553.661016111251,8097.635573803637,1.2497449908688965,236,0.3613448854054226,0.8650348413886233,cluster_5
3071551700020200040,,360.1456501859449,4485.523173923472,8089.569293961883,4481.587091524023,8085.805664709406,4489.696033212418,8093.24295545191,1.5409462366335387,184,0.7061054791753979,0.9139312102417604,cluster_5
3071551700020200041,,592.4453758350099,4510.015959903015,8095.83220445471,4507.439163012509,8086.304024722827,4512.580396049891,8105.612059225823,3.8693089267662826,143,0.7744527070044559,0.7429685529028652,cluster_5
3071551700020200045,,1011.9429237097136,4542.722679448773,8096.485601139151,4537.664485698221,8088.90904254257,4548.15479319079,8103.447685629961,1.541577980591491,379,0.4112872208669921,0.928597036559516,cluster_2
3071551700020200047,,336.2916465123921,4456.028022501,8094.4925056769935,4452.7053977766645,8091.48714534137,4459.428658304732,8097.590328938724,1.1065546322267956,191,0.6505048763932534,1.0,cluster_5
3071551700020200048,,887.2877667906345,4501.151500989187,8096.560613754561,4492.186808496634,8091.654612902675,4508.668437076009,8102.29054185228,2.565274575286084,333,0.5293007451636579,0.825319741156187,cluster_5
3071551700020200051,,999.3013438385454,4484.514806240018,8103.194765039871,4479.72566962468,8096.120607598871,4489.34399114557,8110.529742419487,1.814872505971867,388,0.4086970823549892,0.9742933278721349,cluster_5
3071551700020200056,,172.8017997998351,4549.078157626153,8101.321701981898,4546.594773616203,8098.824830596752,4551.493977093631,8103.544645118803,1.273749165963311,56,0.9251888628906612,0.9844885834220188,cluster_5
3071551700020200057,,868.5520958374873,4498.153526591844,8109.498925154506,4494.047785011939,8101.637348397238,4504.998647713502,8115.643811323228,1.46021100277372,342,0.5445959803706583,0.8262032314566472,cluster_5
3071551700020200063,,327.52760483628714,4553.503549167923,8111.057056564553,4550.447884030424,8107.686017626342,4556.457808928953,8114.381213496223,1.1934571867329342,90,0.6488165843301997,1.0,cluster_5
3071551700020200065,,1080.540821806956,4536.8930692352,8115.960130810059,4530.194799856003,8109.349387747774,4542.297150260099,8122.895955516806,1.2822171811722516,526,0.4370197538657372,0.8694515653361757,cluster_2
3071551700020200066,,1054.9367014130746,4547.151979045885,8117.531125270494,4541.133597981686,8110.985343406209,4552.758119039071,8124.307504595541,1.0121037511915094,514,0.4047880749618252,0.915606713429092,cluster_3
3071551700020200067,,705.2085723318858,4462.670849568839,8115.361806443465,4457.39224603904,8110.483968561247,4467.343103077388,8119.743030571798,1.0067885981328908,410,0.4606855624457912,0.972118471897792,cluster_5
3071551700020200070,,319.6649366071239,4503.634487486469,8120.205347768237,4500.190966450237,8116.154481205204,4507.370337569143,8123.832494958885,1.91207299110568,124,0.8197737021795852,0.8685119916441633,cluster_5
3071551700020200071,,1137.0642920204857,4523.353995834518,8125.577558091559,4518.028466939633,8118.095493032458,4528.492403324705,8131.8253786262785,1.3200624254319409,603,0.3609630347000224,0.9831133948134166,cluster_2
3071551700020200072,,1279.047442356005,4544.116792858785,8126.377058847604,4536.948337205451,8119.5782986838,4551.701110420359,8133.592932708408,1.1489972928729093,886,0.3862709144142225,0.8565984629305027,cluster_3
3071551700020200077,,814.2308145471146,4455.018426398022,8130.040586054762,4450.749343456794,8123.335396790741,4464.329881423681,8137.426747298294,1.6536537958053878,336,0.6431537530257397,0.6562593378171554,cluster_5
3071551700020200081,,1797.6740960718976,4514.485529697945,8141.016929247803,4509.174828181271,8128.970336123715,4519.722800852336,8152.097517101855,2.2208890274091484,674,0.3223320987531097,0.9480421361015628,cluster_5
3071551700020200082,,755.7220847178489,4489.30526405046,8135.967678449886,4481.408860854644,8129.446445493221,4496.585993449629,8142.695813276681,3.399481799667648,313,0.6087761363389027,0.8344657079414132,cluster_5
3071551700020200085,,580.3385382781719,4468.325943630413,8136.625735364599,4463.55236718997,8131.601716467343,4472.51425703202,8141.572393279242,1.6613656009659306,291,0.5322252054001771,0.9741693304241872,cluster_5
3071551700020200092,,546.7513213518271,4456.571599113784,8142.293161620293,4452.205248132878,8137.912902803401,4461.6234555726205,8146.197273023122,1.452548933687683,263,0.540339842661488,0.9700235984909278,cluster_5
3071551700020200094,,1055.8928382969275,4527.790855114307,8146.326155914789,4521.294548861575,8138.679682603079,4534.706614749357,8152.688061520151,2.1220415069908145,521,0.4306265044598306,0.9267784502860984,cluster_2
3071551700020200095,,721.3637710628038,4484.979113392604,8148.792435187546,4480.658676630344,8143.043133151934,4489.423248123727,8154.504369619503,1.7638248307263928,163,0.4643658385058832,0.986303252380052,cluster_5
3071551700020200096,,874.92189774133,4538.80370513082,8148.877657636803,4532.836039094504,8143.008111733452,4544.624493092163,8154.127436368167,1.3531967677393002,404,0.4276614817926681,0.960686721338588,cluster_2
3071551700020200101,,344.6511703027606,4554.786304203259,8148.350396860869,4552.113148216984,8144.48692309508,4558.371577933584,8153.220277976926,1.9139805918705493,132,0.7198278303468368,0.9452822420047998,cluster_1
3071551700020200102,,379.6183958644286,4477.76590588273,8152.85872669523,4474.15691297269,8148.8533862429795,4480.984802770537,8156.460270955249,1.498997082397371,97,0.6275712607845492,1.0,cluster_5
3071551700020200103,,1191.3051643494066,4503.535478350713,8154.584486216519,4496.551361230155,8149.192541217749,4511.229306580157,8159.809247993163,1.431742970011039,514,0.3773364471058591,0.9373245201840792,cluster_5
3071551700020200104,,1006.9459054894432,4524.020444182897,8155.66066337381,4519.52013099852,8149.184660955948,4529.011842963225,8162.077861948205,1.5265087181211576,481,0.3824976281274216,0.9891010945444708,cluster_2
3071551700020200105,,596.3827299999,4466.185826721235,8154.37498859044,4461.322748527604,8149.987228685152,4471.201744897398,8157.953991758034,1.2562497919620197,342,0.5182236530378627,0.932622992500236,cluster_5
3071551700020200111,,499.70470784060194,4461.230217776439,8161.660740875109,4454.711334576314,8157.331854914001,4467.188040814248,8165.405123072954,3.025833217271689,237,0.6685901846516744,0.9406130937311916,cluster_5
3071551700020200114,,649.149645970419,4470.972892908992,8166.521536696031,4466.93663325122,8160.735664742853,4475.098090917678,8171.905424711955,1.664790779235821,243,0.4977867185339822,0.979712944993078,cluster_5
3071551700020200119,,1267.7901546303824,4529.869154057059,8171.833953615991,4525.11351707661,8163.306051049464,4535.51023643802,8179.423121226167,1.5853184967051857,500,0.3674756162319577,0.944930554393712,cluster_2
3071551700020200122,,709.3645014306181,4475.493157569615,8171.7283609171855,4469.97948323204,8166.735059293961,4481.050655525314,8176.871362849206,1.5469537926249046,190,0.4855231684290623,0.9431417011825204,cluster_5
3071551700020200124,,614.2312899670528,4483.926110638283,8173.388653324479,4478.169892493936,8169.7914953325535,4489.86643755858,8177.440617028801,1.7874425415844502,227,0.51398017212771,0.9623233780875547,cluster_5
3071551700020200125,,699.2463660891902,4547.74509857443,8176.767162984173,4543.185502675322,8170.821056496557,4551.650933082463,8181.691020325489,1.3335282244727815,381,0.4631038765280949,0.9875976007802536,cluster_1
3071551700020200128,,244.8539442177384,4490.87281881569,8177.573984651101,4485.765884049959,8173.814287331302,4493.615530080468,8180.6624093846785,1.178906637351953,102,1.2057600404879916,0.638698403521371,cluster_5
3071551700020200132,,542.148235652127,4501.402233210722,8182.276169228919,4497.171244155992,8178.4791209246,4506.8656300779,8185.835447094269,1.352177711442672,205,0.5282061667889407,0.9956462437958872,cluster_5
3071551700020200135,,661.0364405295913,4540.672196853769,8185.659006123432,4534.817023041901,8181.429363093847,4546.295328884242,8189.503046140346,1.4258971460610417,314,0.5618320221866947,0.8589177046505946,cluster_2
3071551700020200138,,820.1416550160022,4550.592595177939,8189.585212384829,4545.832639144606,8183.442760726304,4555.903076496084,8195.555657606294,1.7418146510469636,288,0.4638123004506758,0.9240733946128408,cluster_1
3071551700020200142,,750.4608000038148,4495.173132557918,8190.717996615824,4488.2111062557005,8186.726731036416,4501.465957294844,8195.35444964849,2.0952711920116105,342,0.4894542365316708,0.9595802516202716,cluster_5
3071551700020200145,,615.0684156464908,4540.071893248708,8192.822181641068,4536.448981305747,8188.332972348649,4544.128414923918,8197.804218789082,1.1842790562268304,231,0.5002120175025787,0.96492861482977,cluster_2
3071551700020200147,,520.7518173471517,4505.439667646457,8197.01378257416,4499.754190237095,8193.94402654832,4510.970473373884,8199.862351606016,1.895985723574964,165,0.5613121435724975,0.9930955805199008,cluster_5
3071551700020200151,,230.06475371500392,4531.519307594353,8203.237149958579,4528.066204932742,8200.801102245397,4534.970878942837,8205.384114197905,1.5963227394235435,124,0.8403649268382739,0.968924234516623,cluster_5
3071551700020200153,,1478.4326742410913,4555.788559894928,8210.999179115484,4541.911591192286,8202.889498760733,4569.471444611952,8220.269430847646,2.4603948195187515,583,0.5213798127168489,0.6432256668094964,cluster_0
3071551700020200155,,717.5556902223868,4566.594192404228,8210.129480624042,4562.177412613209,8204.935108366431,4571.106890846342,8216.332407886197,1.1834789033180797,271,0.4541144474439992,0.9842350145373572,cluster_0
3071551700020200159,,1117.7562496997728,4583.101222406071,8225.445657165714,4569.596648985843,8217.594974298676,4595.42284715455,8233.247050317945,4.470570882781465,417,0.6096012560774783,0.7518144173044097,cluster_5
3071551700020200161,,1023.915222052023,4597.68385619166,8228.189314621202,4590.796228858134,8222.890540986637,4604.878360402209,8234.110836122656,1.362623837879141,536,0.4046362449109852,0.9476936589112492,cluster_0
3071551700020200164,,682.9997147917595,4606.506422937152,8234.40495785763,4601.023705971647,8230.276736964988,4612.229734612803,8238.874498655197,1.504215985537617,237,0.5151598945829851,0.9226322627835972,cluster_0
3071551700020200169,,799.4228797275797,4623.477794576815,8241.260443470588,4617.476665278016,8235.918872682169,4629.79677572932,8246.895309049978,2.04612408303217,268,0.4788329937046275,0.954093734246179,cluster_5
3071551700020200175,,1121.7733142066816,4634.047971079685,8253.73654385947,4626.041256632288,8246.683231053952,4645.93932682933,8258.840841996913,1.8905061485472547,295,0.5350293541500529,0.6693259062798921,cluster_5
3071551700020300012,,1118.653175392617,4466.7662347676605,8084.424387378072,4458.703265313219,8078.717849214727,4473.913047987301,8090.672985144799,1.558069508730353,533,0.4069078568895504,0.9145877094204417,cluster_5
3071551700020300114,,469.2073046719087,4740.300137206002,8241.775628460191,4734.082352390558,8238.658151098329,4746.689356481059,8244.780354679386,2.67616134120148,72,0.7069606572082198,0.9319306747045086,cluster_5
3071551700020300116,,374.645839473536,4739.475179396671,8245.584066133508,4733.016019008341,8243.148912570057,4746.144026258233,8248.040719400185,4.16012845779996,89,0.8368880459395813,0.9680363310796672,cluster_5
3071551700021100020,,397.4528113654391,4863.903459836706,8117.378582300144,4861.235020015466,8112.144623790211,4866.3623410935925,8122.441784465464,2.0525383334653062,61,0.6751829562346666,0.9418376385944436,cluster_5
3071551700021100025,,744.9881330743785,4871.501603190195,8136.63603289814,4864.420668785773,8131.213670056863,4876.734259255351,8141.005370612693,1.3831493983289131,117,0.4991052808760021,0.9060501098716176,cluster_5
3071551700021100026,,1081.7290223852203,4859.882972012004,8147.500802620168,4851.097798907655,8137.562662820976,4868.365517743062,8160.87420569092,4.517514067749679,337,0.6013989586212486,0.7805554792274677,cluster_5
3071551700021100029,,250.58176862343075,4848.87397060984,8161.084567998151,4845.684582647529,8157.243020468252,4851.947860491826,8164.441114972347,2.0553372817936912,78,0.8365236920254027,0.9488617076535512,cluster_5
3071551700021100030,,790.0691173600081,4837.988841202464,8171.430591824306,4831.770127914306,8162.728760050126,4846.229776497066,8182.476068342723,3.483002493026203,150,0.7002427702769652,0.6576242617150929,cluster_5
3071551700021100034,,763.1773531777602,4820.222042904951,8195.38823901303,4815.636096058178,8188.5715089988435,4825.504142306996,8203.148673922366,2.2360865960388376,107,0.5143258329383774,0.954650414777764,cluster_5
3071551700021200030,,1816.1414314243696,4901.344751704221,8070.322210873055,4892.273039172744,8062.499980637036,4909.808781344271,8077.631400852096,1.329693548717132,400,0.3073883920552576,0.9111520034606728,cluster_5
3071551700021200036,,1906.7556699985591,4889.184706052586,8081.008993782658,4880.51133503913,8071.04045782693,4898.645828628272,8091.349594894951,1.6886535476501825,515,0.3525831617682947,0.8272533073863664,cluster_5
3071551700021200040,,983.0492975190266,4889.215627643581,8091.205748650705,4882.447617945435,8083.082625107201,4896.173356352952,8099.839798732896,3.027452101543095,438,0.4968189047541252,0.8982510252067348,cluster_5
3071551700021200045,,1621.6308375340882,4889.770376092805,8100.684412106014,4882.063564278628,8088.885598993114,4896.437094932297,8110.756883117171,2.312235942373349,447,0.3788471149754243,0.8824271681580241,cluster_5
3071551700021200053,,2343.6440912756725,4881.6064973350485,8124.890000192215,4875.267408532638,8102.301975475239,4887.3578095530265,8140.045291172825,3.464917725450184,373,0.4003933639596733,0.7465340696293196,cluster_5
3071551700021200058,,978.0370620742394,4851.478468650348,8152.020737891076,4845.632950231883,8144.170197134082,4857.970697685876,8160.102467343727,2.244477336482473,250,0.4885336419108639,0.8812248283798134,cluster_5
3071551700021200060,,860.484975158432,4838.346362808471,8160.274951963526,4832.587474039756,8155.609534373401,4844.696120724788,8165.101012558249,1.237363256553949,44,0.4193903141213987,0.9691591904205512,cluster_5
3071551700021200072,,1485.1404018875355,4828.523922705407,8182.074567505194,4821.852163462904,8172.692133269195,4834.807396380549,8189.506800688288,1.4880965643073678,199,0.3874891627970102,0.856974428021918,cluster_5
3071551700021200075,,2903.829566318592,4815.753019747369,8206.556566534795,4799.77981166043,8188.331191857847,4832.701437682341,8220.469475208798,3.8799455466459127,682,0.4047934476549747,0.6986488687886515,cluster_5
3071551700021200082,,774.9883446669658,4802.242408697216,8223.00265882271,4796.838540641536,8217.08091750936,4808.558789992128,8229.15189584327,1.7869095474481498,222,0.5259734139236795,0.863016951954548,cluster_5
3071551700021200083,,715.8378256646978,4793.254303514966,8224.353062544602,4788.534898815905,8219.326878516986,4797.61458521333,8230.219110079053,1.0286137666567006,127,0.4697876235318707,0.9571852851790056,cluster_5
3071551700021200084,,2961.3963521073943,4779.695774624956,8235.351185403988,4765.022596226605,8225.37532430425,4797.13876253901,8244.41780399659,2.141891021879444,461,0.3036678864072474,0.7999845174836663,cluster_5
3071551700021200085,,583.1070268075482,4770.528065952679,8232.372010206891,4765.698657276744,8228.303907989817,4775.775135931437,8236.714371428858,1.6023094306253172,71,0.535377474596407,0.9599889302536352,cluster_5
3071551700021200091,,851.2111877929026,4759.42226389044,8240.101292003104,4750.926476151153,8235.149127447989,4768.200091533467,8244.46038549486,2.780442084369863,114,0.5635543531585046,0.8763272164897672,cluster_5
