EntityID,fov,volume,center_x,center_y,min_x,min_y,max_x,max_y,anisotropy,transcript_count,perimeter_area_ratio,solidity,cluster
3071341200031100008,,957.0663795462684,1463.4932419136455,5661.126962537775,1457.1271241720387,5654.005769641726,1469.789001481147,5665.96766979414,1.0087615849177385,153,0.4407604543398168,0.8865981689758933,cluster_5
3071341200031100009,,852.976825647826,1452.9819212910663,5662.502015558775,1447.8628907841269,5657.113033350201,1457.492608370947,5668.559563822155,1.249226464081649,155,0.4119473621517954,0.989948939495613,cluster_5
3071341200031100012,,2257.61040848026,1460.0324152332712,5679.762834458293,1450.8783306525197,5668.18354046334,1470.7704056371183,5690.324103267143,1.846779337669424,414,0.3158879872286205,0.871955617479793,cluster_5
3071341200031100015,,977.4484638781208,1484.1821406948366,5703.6143101166335,1476.4555223533273,5698.033411994344,1491.703744874572,5708.713738157409,2.308996454097169,233,0.4279571022434342,0.983446479091896,cluster_5
3071341200031100017,,1875.6499454547447,1504.3495869673136,5715.992965708244,1496.4456699501775,5707.105310505863,1513.3470774312862,5723.2053295794585,1.2372627016946292,365,0.2838476710659823,0.9835003228526572,cluster_5
3071341200031100018,,1473.725904641386,1517.8720467713065,5723.514792168069,1510.4287911116955,5716.29361217142,1525.7415968779208,5730.349586928198,1.2663375767442484,313,0.3141116961427024,0.9976310075592042,cluster_5
3071341200031100020,,1268.031301062038,1534.2675381180145,5731.380412962839,1525.280776534082,5724.634018031708,1545.322916305925,5737.005016507242,2.423933609559122,289,0.4222387029641502,0.8729772066041115,cluster_5
3071341200031100021,,461.0647886897891,1519.6389913680457,5734.199372944081,1515.261944678679,5730.662627512889,1523.9891042549743,5737.563139715149,1.3299101621851794,96,0.5551018220847198,1.0,cluster_5
3071341200031100023,,1252.6570724044568,1528.3292790763626,5741.561959930877,1520.204626728713,5736.387287322522,1535.0472909191842,5747.396340507593,1.3274753088805349,270,0.3450576905000981,0.982420779698703,cluster_5
3071341200031100024,,1053.6154955636557,1556.084585334818,5742.729421054603,1548.2259129609763,5736.623099028294,1563.954754469271,5748.825345034905,2.3214195121145944,174,0.430736410332186,0.948119746050632,cluster_5
3071341200031100028,,393.7687908565599,1550.432976177519,5751.898966265174,1546.9646860300006,5748.267927608126,1554.6167185845093,5755.259835077168,1.0932350540081417,89,0.6097839133394601,0.9879901626352297,cluster_5
3071341200031100031,,562.8641606665191,1570.550261341525,5762.303156087387,1564.4498054448716,5758.851494889185,1575.8551053398523,5766.212634139776,1.9433739748364187,82,0.5472849418096662,0.9856901030057628,cluster_5
3071341200031100035,,1814.2714893190964,1598.4621031550828,5779.642079201371,1589.54933576855,5772.6446795651445,1608.1868572613853,5786.492550944133,1.3748961064542573,210,0.3320371614491116,0.8659432422926543,cluster_5
3071341200031100042,,574.4391744165756,1623.2494566512785,5801.716508779755,1618.289449375789,5796.085335042146,1629.524051815648,5806.22150149192,2.17294848588447,52,0.6152278870400639,0.8792031457667873,cluster_5
3071341200031100044,,1870.4252120993767,1641.2613385865334,5811.525045015072,1632.56345023094,5802.172130295381,1650.775625872895,5818.457435108988,1.304299424880215,221,0.3122343261079892,0.9160932444667248,cluster_5
3071341200031100047,,1254.9233681992985,1657.0946607061037,5820.357581741193,1648.963405056654,5814.569594066967,1666.2482189838738,5826.366833681001,1.7480963632166382,186,0.4224498224835978,0.8176986806365344,cluster_5
3071341200031200033,,1746.1939430659702,1471.4504095581703,5676.690846911109,1465.0776170400216,5666.693181798468,1479.084839123234,5686.137009675519,1.1465124019797257,227,0.3202648270903703,0.9147705532133172,cluster_5
3071341200031200037,,1104.6011060055228,1481.473024124659,5691.073303557473,1476.734749384768,5683.476465379624,1487.2425676562618,5698.296381122362,1.2991677107027004,124,0.3786497297592713,0.9739720391139908,cluster_5
3071341200031200039,,293.71962087875863,1496.1923610802207,5706.696619105437,1492.1618108859711,5704.0335045633765,1500.2108365897795,5709.05790800988,1.7195200899730745,45,0.7238306908033654,1.0000000000000004,cluster_5
3071341200031200059,,711.2440481662917,1571.6085441766024,5748.997504244295,1565.930826350997,5744.702947329069,1578.0064827410345,5752.898512714234,1.6189083145292715,51,0.4649788814588999,0.9909626899615008,cluster_5
3071341200031200061,,398.83459672329656,1556.8070352397135,5749.761161385899,1552.6915754211802,5746.214885512077,1561.2753487926716,5753.133033856336,1.570822352378727,60,0.6595129321383612,0.9263405552983032,cluster_5
3071341200031200062,,483.6935894139091,1544.2789810988018,5750.825840780423,1540.3683268446828,5746.983968459426,1548.7331150849957,5754.82882594366,1.0103903468393545,82,0.588729477672196,0.9060167073409174,cluster_5
3071341200031200072,,1540.4462751129154,1593.1403824007457,5768.410021285184,1583.0221541373617,5760.921753531558,1604.3956560221204,5775.873207269788,2.567149039072731,70,0.3835702615945647,0.8817861987675171,cluster_5
3071341200031200073,,252.3935360144195,1580.5755090847686,5765.189937290773,1577.0199198548914,5762.415349177705,1583.9926517817162,5767.997662726974,2.074954113119722,55,0.803978639025263,1.0,cluster_5
3071341200031200084,,2078.969100605382,1611.0272291330182,5794.868605598616,1601.524627617608,5786.957745122519,1621.1371208963476,5802.772240936168,1.4461519988263478,161,0.3025038614929007,0.8979347980624705,cluster_5
3071341200031200085,,439.7206920185278,1623.1742795114333,5792.219435967449,1619.2580613257428,5788.118298288901,1626.7169845699573,5796.666258553468,1.2346065487715256,31,0.5874916919120868,0.9696674032801134,cluster_5
3071341200031200087,,1193.1224737792345,1630.395902648823,5801.642317247146,1621.8645975053128,5794.184263016768,1637.24334515756,5809.81102475992,1.9123418574649325,214,0.4287604992582717,0.8659269180116749,cluster_5
3071341200031200096,,1233.9544763020149,1670.8674403995303,5820.586010895961,1661.509148736468,5815.72789502526,1679.0012218524953,5826.772093630425,1.5902164978240128,78,0.4329752269985611,0.8660136944332909,cluster_5
3071341200031200098,,1857.588945451227,1679.4641940236909,5827.867292693109,1667.1369349520214,5820.529534313681,1688.7166952016207,5833.87496927234,1.4486907714925934,201,0.3321462995825663,0.9167217119375836,cluster_5
3071341200031300003,,443.36759801745336,1473.669475366916,5706.955388735828,1470.0775235282683,5702.927994113579,1477.3762322717653,5710.888037406839,1.1324304737804587,34,0.5580289243459541,0.9971206899071734,cluster_5
3071341200031300021,,920.622648995543,1611.0130058003072,5783.978323592209,1604.9266700352423,5779.4768106799465,1617.1894757988475,5789.266287746492,1.339392408340201,97,0.4230962453110022,0.9413853897429012,cluster_5
3071341200042100002,,331.6366991162161,1128.900926638859,5962.305790035533,1125.3139323699045,5959.06722365046,1133.2218192304454,5965.03250520538,1.3807462996374924,113,0.7311641509632612,0.9307438976234405,cluster_5
3071341200042100004,,703.7779095915373,1131.0156718103265,5969.098787162414,1126.2390856595127,5964.547166082587,1135.8093915115749,5973.747463196322,1.1854395472078656,249,0.4513114259088268,0.9871504920868762,cluster_5
3071341200042100011,,789.082487946274,1132.3412460849645,5991.386934882926,1127.2498455582397,5982.500596689951,1136.2883637566524,5998.918056809491,2.2671311060299426,213,0.5822757203457675,0.7895102886173596,cluster_5
3071341200042100013,,512.5306621641238,1106.6175514258678,5988.033617510199,1102.3229803387733,5983.889655453919,1111.4178134622236,5991.68235264795,1.0913553772416311,200,0.5306159664869875,0.9989888197430326,cluster_5
3071341200042100015,,770.9377133865272,1118.2356805666784,5993.664355873108,1111.6754355435148,5987.514012058453,1123.2880979763108,5999.665251153796,1.122278487775096,192,0.50220372083331,0.8826302853072175,cluster_5
3071341200042100019,,585.8081113055305,1105.997025112334,5998.276502640055,1101.5061563937395,5993.782017630614,1110.0202426561966,6002.481911098011,1.083636691919321,190,0.4876061377945579,0.9870416766880724,cluster_5
3071341200042100022,,388.52960875852096,1095.9531480217297,6002.815205931068,1092.2684489466385,5998.835895645223,1098.9736970579522,6007.358331727443,1.080133866429828,151,0.6434429215346676,0.9629557517376812,cluster_5
3071341200042100023,,383.5520005714314,1101.0892926129166,6004.53508456554,1098.3147915420873,6000.591142514504,1104.0386093975844,6008.529663830044,1.3814074148387294,95,0.608399977511206,0.9998560216797768,cluster_5
3071341200042100024,,747.0334284425983,1118.5279189147388,6009.426586702206,1113.716477819106,6004.667657208256,1123.152102839579,6014.037438639574,1.0031588918377543,167,0.431945156204948,0.9888814523066922,cluster_5
3071341200042100026,,172.14737880320357,1090.6064380390687,6016.829007495254,1089.0270870973184,6013.678301225405,1092.332573345007,6020.121333903447,1.9539028528663167,66,0.9778156544799692,1.0000000000000002,cluster_5
3071341200042100027,,194.7817412785256,1111.2876175101335,6017.258127477062,1109.4384375631478,6014.143787128352,1113.6301202519014,6020.617901315242,1.476682244527827,31,0.8901056149328495,1.0000000000000002,cluster_5
3071341200042100028,,544.1572962857041,1105.662301211701,6019.692431357959,1102.019172611233,6015.441381238083,1109.5464341264592,6024.3337950303485,1.142590255854238,158,0.5174654422237316,0.9868202254161268,cluster_5
3071341200042100030,,628.779423341415,1130.757172361762,6025.560656012137,1126.387886517636,6020.091687805599,1134.767060858837,6031.083508049316,1.5198742415822957,158,0.5123645927826096,0.9546764407741248,cluster_5
3071341200042100034,,713.1394958215292,1117.0650470507935,6034.081214231895,1112.1383516459296,6029.056447309687,1122.4808024617005,6039.265878987688,1.6878165988207308,193,0.5188687435191041,0.8815926874942958,cluster_5
3071341200042100036,,878.2494549354046,1131.1335124509644,6044.866947423107,1127.205528923714,6037.5606837399655,1134.79887719688,6051.987180493915,1.906134978284135,229,0.4660267400741905,0.8785438263140818,cluster_5
3071341200042100044,,612.8344672792233,1130.864104946074,6070.483936725183,1126.8971046230406,6065.125317136439,1135.2018668846192,6074.897153453631,1.2645634143505444,168,0.5010413526402618,0.9700134656071872,cluster_5
3071341200042100047,,449.61362734820176,1124.2585295524225,6077.879585011359,1120.5122163882354,6073.201044044137,1127.4518349904918,6082.364189796923,1.4848765358768867,140,0.5979881661591394,0.971452228550384,cluster_5
3071341200042200004,,444.52742354693294,1123.9945075732055,5961.638519982296,1120.4605835137677,5956.617511800892,1127.5651375465318,5966.488384875303,1.3707391176921169,226,0.7148862603642642,0.8036137823773762,cluster_5
3071341200042200005,,720.9040396974716,1113.943222743601,5968.787577535354,1107.6061735258231,5961.77520615177,1120.117219392423,5975.407664409751,3.603483063205764,290,0.5708720284975636,0.9775637813970686,cluster_5
3071341200042200013,,649.9335614729773,1111.762893135661,5981.870824941455,1106.6305269170548,5976.768622067917,1116.079605352542,5987.155745589782,1.3339230237708828,169,0.492141698194449,0.958967446563538,cluster_5
3071341200042200017,,1090.824037733514,1099.853346434733,5990.093857415034,1094.4174760288472,5979.717045668834,1104.5241912738609,5999.242043562992,2.2926229514407352,356,0.4682808832867025,0.8502969374419019,cluster_5
3071341200042200020,,735.5960595522138,1116.4470682010233,5987.677023350261,1110.545121022444,5981.829547074405,1123.624174239097,5994.293326643214,1.484517714890636,234,0.6331753541505393,0.7065987065126269,cluster_5
3071341200042200037,,594.7736420335226,1097.6542060971103,6021.097118601004,1092.8462362788453,6016.864533731419,1102.1469484821191,6025.369352587609,1.023231356143908,200,0.4955520990418827,0.9711116991656624,cluster_5
3071341200042200041,,448.0784596681125,1107.2304381965266,6029.388293576252,1103.7249692398182,6025.29383432863,1110.516902600108,6033.685012594155,1.433720228408999,79,0.6008305614546198,0.9585932674718248,cluster_5
3071341200042200052,,509.95939653687657,1124.6677044820883,6045.30074119917,1121.2165594569465,6040.79076830089,1128.0062239590718,6049.884839188088,1.4627327143957456,129,0.5571713257406098,0.9606810999232308,cluster_5
3071341200042200057,,608.6932615625626,1101.956845039366,6065.399078312903,1098.7703794649103,6058.363753745349,1105.5309508163696,6071.918075038352,2.3887784970695805,185,0.5610693599714601,0.9741245927306748,cluster_5
3071341200042200059,,1166.3457555281946,1111.0111880167135,6073.70060507005,1104.1668439036123,6066.873113880783,1116.5223283284706,6079.8527765146055,1.057197699990321,541,0.3743490090795838,0.9259424112599256,cluster_5
3071341200042200060,,671.1245875294193,1119.197046850588,6073.561090605203,1115.2456662003096,6068.823152603583,1123.770027571741,6078.80895491952,1.16191627556336,180,0.4637936602679028,0.9849138241326192,cluster_5
3071341200042200064,,829.4156339151516,1112.1043805317984,6085.887150788984,1107.4577232270126,6079.224949781159,1116.299801986145,6093.861865094299,1.9191912533533704,218,0.5037007974236464,0.8904997831543064,cluster_5
3071341200042200065,,1399.5863181721147,1121.4563195749654,6088.891928815336,1114.4253404620945,6082.778589361536,1128.5501506814924,6095.752219997167,1.1729981128919462,380,0.3531656553308407,0.9575754109041134,cluster_5
3071341200042200070,,1198.8651655192325,1125.3766023168662,6097.904622711496,1116.478102984583,6091.715723727646,1132.6851326569663,6102.803312665077,1.471278745037675,461,0.4141666446225076,0.8213281947103961,cluster_5
3071341200042300004,,599.8841113324379,1118.5978308124393,5975.41332683406,1113.3687719102254,5970.73907571587,1123.6336759049336,5979.838748428752,1.2331294163938786,177,0.5821145127272959,0.8905412348531385,cluster_5
3071341200042300007,,286.41540683867333,1129.7857362475218,5984.897211247065,1126.7282089876242,5981.454519109415,1132.401512069394,5988.793296810207,1.323054793778926,90,0.7508230802137533,0.9449010101980164,cluster_5
3071341200042300015,,241.4671623548411,1125.2123907252646,5997.089843564347,1122.4771649931165,5994.600961397086,1128.382370023964,5999.597476704524,1.2830941537661966,93,0.7743875412693887,0.9999999999999998,cluster_5
3071341200042300016,,227.18151133099863,1113.5858916942636,5997.910487945796,1111.2743791394394,5994.6202618754505,1116.049035404885,6001.555747956035,1.619980107241105,61,0.8474050397586019,0.9935896265831464,cluster_5
3071341200042300029,,346.9680121654189,1113.2375842970905,6029.051266711957,1110.3300187704235,6025.291182328087,1116.343124595703,6033.584229020451,1.5997961094663016,102,0.6963576399753545,0.9425727274413036,cluster_5
3071341200042300030,,228.3612089398584,1102.5608717593498,6029.26336550418,1100.136590949487,6026.130089469185,1104.836407617256,6032.707603473545,1.462903719637248,60,0.8234105053050564,0.9705088884352788,cluster_5
3071341200042300033,,267.2101912175985,1099.7213631831669,6033.716634896185,1097.342822472286,6030.344302382079,1102.5567859135977,6036.921002205328,1.3056633632524688,74,0.7394679418124859,1.0,cluster_5
3071341200042300035,,362.17376370242914,1121.3499297190713,6037.72208564383,1117.1975199566566,6034.764843624122,1125.674745930804,6040.626980141633,1.7619548781524257,129,0.6576997965563137,0.9885320896158106,cluster_5
3071341200042300036,,428.0709669596906,1110.5854423791973,6041.16811771719,1107.7116648283811,6036.240892595584,1113.5532331050097,6045.966753186005,1.9641346569675031,80,0.6613271615357067,0.9299314961910978,cluster_5
3071341200042300037,,190.53385805885856,1126.5697514158226,6039.0197975125775,1123.3787690574493,6036.574853800471,1129.3890287392755,6041.252325933726,1.8334914858326337,72,0.9235933759303804,0.9784224451348804,cluster_5
3071341200042300038,,326.15803299975954,1105.7973468385503,6042.967281136244,1102.656682720176,6039.157464934036,1108.7844911011186,6046.495850026661,1.2195788808722046,77,0.6843713354171268,0.9663834342883948,cluster_5
3071341200042300041,,474.1987921500058,1116.6530220866273,6044.461594757917,1113.1865465706553,6040.027598641002,1120.5115145013312,6048.729083193071,1.1715029405752166,166,0.5499984268965293,0.985912749134067,cluster_5
3071341200042300044,,304.82748277072136,1120.949155887258,6058.35637544906,1118.1057713291389,6053.793541639312,1123.4607576958394,6062.560940542727,1.9097853386386408,96,0.7634978239072395,0.9338743571010958,cluster_5
3071341200042300045,,299.01350453958213,1125.8627207542063,6058.135146266273,1123.135857243804,6054.339401948135,1128.4048124369574,6061.806924426923,1.4886706382938897,71,0.7083141515933049,0.9862607779868996,cluster_5
3071341200043100006,,317.73379361582136,1191.9326457287764,5919.415403873746,1188.467336125349,5915.529211393431,1195.6257432007387,5923.098660056079,1.85480445937903,47,0.7523163506269313,0.945198656508607,cluster_5
3071341200043100008,,776.043146357646,1199.139661651957,5927.328605603646,1194.6735606701195,5920.071082269118,1203.7299759980774,5933.618918020744,1.0244424272837578,218,0.5053150749875358,0.8833656714055579,cluster_4
3071341200043100010,,1177.67166938157,1180.9580168032164,5930.286048554568,1175.2777437784373,5921.511057142793,1186.6252685097272,5937.741983784853,1.865721400678532,330,0.3963706015417788,0.9232059197038518,cluster_5
3071341200043100012,,1584.5519612406351,1171.024529172845,5929.6157789993695,1161.5634319540602,5921.936896758676,1179.0316262362696,5937.970777150845,1.6767838049855583,590,0.3486796503737848,0.9093589799119746,cluster_5
3071341200043100014,,745.3523916500883,1202.2138678260924,5935.318951897535,1197.1377534933388,5930.2393615011,1206.3784205237653,5940.466611174433,1.133302763252296,336,0.4491623905881737,0.9836029935601228,cluster_1
3071341200043100015,,1147.5006454988345,1160.524573068241,5937.883388554058,1153.084283499157,5932.122637123905,1168.181428559955,5943.7064787094505,1.230173470336151,381,0.3931289196270829,0.93669445352184,cluster_5
3071341200043100016,,456.0018135988494,1193.470588826265,5936.537704609424,1189.768356252826,5932.292018320173,1197.0160279149716,5941.195262744615,1.1305566424244315,129,0.577660859138393,0.985683698874158,cluster_2
3071341200043100017,,1126.9677206470465,1209.9006204726154,5941.156558826454,1205.0768265354604,5932.216388196996,1215.7860093937122,5948.782271180979,1.6228546007315678,157,0.4119932016817579,0.8960965956470612,cluster_5
3071341200043100018,,487.034939976894,1183.4915990403097,5939.133215997527,1178.7121653334823,5934.788289905909,1187.1688319900525,5945.043578837953,1.0312983550366617,118,0.6510239942889716,0.8959782855597174,cluster_5
3071341200043100019,,226.39010128300777,1189.3489689455323,5940.025012503799,1187.0806627598247,5935.947191897319,1191.7128139822664,5943.6721504076895,2.3066179735037338,51,0.9082707903446996,0.964583050718622,cluster_2
3071341200043100020,,306.28301798736857,1151.2409698038175,5938.852563823936,1147.2463359092444,5936.286399374836,1155.6919671627743,5941.025307489557,1.827058856327404,110,0.7251786030861415,1.0000000000000004,cluster_5
3071341200043100022,,931.1911208717792,1194.264787526203,5947.472368802416,1189.3629939901402,5938.715430277174,1198.6290135107492,5954.592118287092,1.776440210326334,295,0.4445248470308457,0.9477270303852244,cluster_2
3071341200043100025,,830.0331695894538,1149.3900741024715,5944.063880607763,1142.3534576424074,5940.401159736628,1156.6683734896446,5947.950188985577,1.9652189390887584,281,0.4778987264021585,0.9035579203050076,cluster_5
3071341200043100026,,1111.6634871927574,1186.147474486898,5949.978144773968,1181.5169079502562,5941.741284286111,1190.9032840593163,5957.377482080447,1.654122073507556,320,0.3796320986500294,0.9665551718699524,cluster_5
3071341200043100027,,363.77250668949614,1139.9814154222715,5947.120762438854,1136.351712775784,5943.328121268228,1143.362871154275,5950.44370348795,1.1701265142058257,121,0.6447944383510835,0.9778165055020852,cluster_5
3071341200043100028,,664.7386901619142,1205.3341212207404,5950.5707049323,1201.0799648950078,5944.952292649982,1209.4236447218705,5956.159109107832,1.6261810918357988,293,0.4879238965238558,0.9747590170824376,cluster_1
3071341200043100031,,656.7733749373153,1144.0655106754218,5953.427368915639,1139.0191466919323,5949.154120800698,1148.951668717085,5957.644133240426,1.326623390216344,247,0.4653582609577826,0.9887607700459312,cluster_5
3071341200043100033,,499.891033148709,1167.7458639035565,5957.554342387132,1163.6026575347876,5952.966556452055,1171.256211030026,5961.632449245475,1.032012153475803,145,0.5312546205022782,1.0000000000000002,cluster_5
3071341200043100034,,657.5611177470068,1206.300740949392,5960.296606075442,1202.7530709177508,5954.76989119473,1210.2324445215695,5965.21765286961,1.3829641874394958,283,0.4876141187318837,0.9668643866959976,cluster_3
3071341200043100036,,969.1802571323764,1156.613008844169,5961.423985067159,1149.8772781382718,5956.226797707564,1162.7161810348705,5966.409885292243,1.2010814173472533,296,0.3902035445049304,0.9810296508931544,cluster_5
3071341200043100037,,1100.0870005869378,1190.8232386316631,5961.945139312788,1184.695658768654,5956.267423356282,1196.5851676624702,5967.938936912088,1.055703065377605,349,0.3575849910572082,0.984153135063012,cluster_2
3071341200043100040,,797.7621153306895,1183.2137172926466,5968.41753996782,1178.6616019468454,5963.02214702442,1187.8690046833535,5973.946221888859,1.2486592644504009,220,0.4212084746164963,0.9941236990586512,cluster_5
3071341200043100041,,697.9693487935394,1207.7727035576524,5969.849792855907,1202.989296045087,5964.583083362828,1211.476437148168,5976.227607070336,1.607885456933992,256,0.4856256679700125,0.9859734418260686,cluster_3
3071341200043100042,,450.2757561625818,1199.823761758785,5970.96347548518,1196.9688062685684,5965.763412367806,1202.371728631775,5976.94751925958,2.129151521160489,181,0.6515623383043004,0.9550225949663004,cluster_2
3071341200043100044,,828.7514259258033,1194.4558771825305,5973.591204377481,1189.552095040044,5967.621540204767,1199.5183667536194,5980.169235840393,1.6475307091282234,230,0.4516806451681994,0.9558675638385292,cluster_2
3071341200043100045,,873.140588823392,1165.109623946086,5973.804150255599,1159.937670786867,5968.853462420881,1170.3773290880083,5978.811267802605,1.0468348566933778,299,0.4212735248080145,0.9630262462368382,cluster_5
3071341200043100048,,558.6164148262139,1136.7798825951786,5975.735574487147,1133.203284145295,5970.664431367761,1140.2001959644256,5980.349440506339,1.3933201285011003,168,0.5164328256663896,0.9824091366782216,cluster_5
3071341200043100049,,478.1781283217968,1189.3369303180298,5978.844785736941,1185.5493029921815,5974.428893548087,1193.077258667097,5983.507288837298,1.2098976894128997,93,0.5505387660486721,0.9943176187805812,cluster_5
3071341200043100051,,768.6677797328857,1142.1103266202297,5982.34040165242,1137.2206854917497,5976.535293570261,1146.9122435383465,5987.598833188318,1.286841550579724,206,0.4441483507489585,0.9630437536205426,cluster_5
3071341200043100052,,1186.0272963197217,1181.204051739457,5983.696999106111,1174.7711580359062,5977.3041207351125,1186.7639768940153,5991.08641574626,1.4908606341244184,298,0.3630017252253573,0.9716801304667002,cluster_5
3071341200043100053,,435.82071410331775,1156.7598757033095,5982.962434082044,1153.3070709131605,5978.93477889694,1160.4164708438072,5987.475255959798,1.3670861291068517,120,0.6044057616349162,0.9638862888041216,cluster_5
3071341200043100054,,1031.0285096245448,1171.9900128898191,5986.72403176017,1166.719744293184,5980.088727508989,1177.6922655758688,5992.79774593104,1.0344277629082388,319,0.3802200739592759,0.9740215097492804,cluster_5
3071341200043100056,,422.37100976474505,1160.0626558701497,5988.420425887437,1156.5948502930462,5984.217281465923,1163.782309872635,5992.581754762038,1.1925914807595024,80,0.586874772245077,0.9830875132017306,cluster_5
3071341200043100057,,353.8494528491276,1207.1347777722765,5987.7037745279895,1203.0442371265542,5984.433418343752,1211.2852448808592,5991.038789973431,1.5827288066784642,96,0.6831491253235474,0.9596389192043356,cluster_2
3071341200043100062,,302.63197127104326,1155.300505821423,5990.7386816429125,1152.260206549551,5986.746674982761,1159.2775563083462,5994.658480136814,2.048161060710609,84,0.8094901823751581,0.908309756612585,cluster_5
3071341200043100067,,823.9465417198917,1207.561637661254,5993.603384335544,1202.184893655734,5987.279080953253,1212.8991452153418,5998.676231220256,1.298545943769539,248,0.4746000117167766,0.8744157416002921,cluster_2
3071341200043100069,,426.0577798626186,1143.269558997731,5996.580402829613,1137.697386230332,5989.874511634514,1147.1329078231397,6001.771712868273,1.6280134710545244,106,0.9715313834881236,0.6265940757953317,cluster_5
3071341200043100070,,419.96243134743406,1153.558100192968,5996.453051658716,1149.469645845791,5992.764206739852,1157.6731864329963,5999.679263246198,1.1092969884527224,102,0.5873337501223147,0.9922081269772948,cluster_5
3071341200043100076,,476.7650587518365,1174.3216746532798,5999.912325452785,1170.2943503157176,5995.793807283502,1177.6864839477923,6004.14895319052,1.1748799461973538,96,0.5606481125655652,0.9690417665694808,cluster_5
3071341200043100078,,1668.7096767017802,1207.4073116347693,6007.829418021508,1201.4773441587292,5997.547769244482,1212.5549722435112,6017.569462643416,1.7742992211326691,483,0.3150656791143233,0.9759446159991,cluster_2
3071341200043100079,,442.6186905064645,1139.2676345039924,6003.732426838282,1134.3856436880503,5998.901086910262,1142.6842669533698,6008.001484954068,1.086599715702065,111,0.7152805003651156,0.7910436645963597,cluster_5
3071341200043100080,,257.761326828418,1169.2767632940263,6004.876174990898,1166.589010830651,6001.0892630381495,1172.0038854798445,6008.194580440143,1.3786505954055266,49,0.8103501125640955,0.953856756128572,cluster_5
3071341200043100081,,617.7407106842295,1158.7622869202366,6007.057415552177,1154.5810010272576,6001.560523031652,1163.7664728121215,6012.636999633231,1.6645781631320131,157,0.5807909826450203,0.8679862922493329,cluster_5
3071341200043100084,,319.6501094356166,1182.7154482146918,6005.894900894137,1179.5282071521603,6002.6404753066445,1186.0401525811374,6009.278324056382,1.0001513001419922,68,0.663848667604222,1.0000000000000002,cluster_5
3071341200043100086,,353.6789671218877,1172.9635051513735,6008.057205991297,1169.6419750140783,6004.1263774087,1176.434338723372,6011.552039613509,1.0169547347265155,60,0.6545688523661687,0.9683265449751616,cluster_5
3071341200043100089,,530.2262394708573,1187.8474737249032,6010.0574426016,1184.3278052477776,6005.469849144144,1191.6667987541653,6014.3188989679165,1.278969670458748,94,0.5189141955547759,1.0000000000000002,cluster_5
3071341200043100090,,437.19583317884127,1171.6507348912708,6014.335911995912,1167.687993219356,6010.687417808702,1176.183855274282,6018.331427599365,1.5296239237990612,122,0.6192368590516094,0.9369334121090982,cluster_5
3071341200043100092,,341.5125826526897,1160.029895231737,6015.268656991241,1157.3965341669646,6011.453167036088,1162.7811173453,6019.303387859871,1.5972717382434802,97,0.6629494467513294,0.9996339011602428,cluster_5
3071341200043100093,,746.0287923848166,1189.3786619986288,6018.74966693897,1184.280055937856,6014.439175872017,1194.7189565459128,6023.196880222943,1.1923735509102584,124,0.4568425788078714,0.9608797396837032,cluster_5
3071341200043100094,,351.3912801066236,1205.930491333722,6020.024397622284,1203.3359627845696,6015.690577228943,1208.8307135689868,6024.313967053697,1.8207165046284544,174,0.6656694992681366,1.0,cluster_2
3071341200043100095,,297.8359478763721,1164.9139651676448,6022.864815920418,1162.1381673202611,6019.247061115837,1168.0858088338382,6026.131443521085,1.198761909829146,87,0.7233639349292939,0.9666414525480912,cluster_5
3071341200043100097,,230.58096940971927,1210.8094072571291,6024.073796471478,1208.2552929929575,6020.702919780388,1213.077843224846,6027.39706083642,1.3045885788145846,80,0.8172090754729043,0.9785877299748588,cluster_2
3071341200043100098,,342.0818482697897,1146.29043706815,6023.947689286631,1142.7995695468649,6020.524796134139,1149.5138396132777,6027.212899948648,1.068346265844553,93,0.6514216997254113,0.9839538279008228,cluster_5
3071341200043100099,,365.7606830456108,1185.8642069531013,6024.895669580176,1181.9835019250645,6021.748970596815,1189.8584984259203,6028.128901229966,1.343462376602532,91,0.6295920125333362,0.987525973913854,cluster_5
3071341200043100100,,418.9015996334697,1136.7087518010717,6027.054030302781,1133.277892408099,6023.03156960094,1140.4014983220466,6030.6533449009285,1.0638042638713512,128,0.5935535294716864,0.9812529052828696,cluster_5
3071341200043100101,,1070.398455355529,1204.391328944757,6030.600484481184,1199.106790453483,6023.757041244628,1210.0539394521304,6036.833208089178,1.1142051642949995,226,0.3669184931207327,0.9797673588767404,cluster_5
3071341200043100102,,531.1229667801571,1166.0274018959128,6030.50091439887,1162.6599920369222,6025.834791770373,1169.4653166952758,6035.475109685496,1.384367814826999,148,0.5322539250619154,0.9705702013018124,cluster_5
3071341200043100103,,476.0184850061436,1175.6372296874422,6032.065501843185,1171.705638813556,6028.300478218182,1179.8831973444292,6035.887984146984,1.2238193628348937,115,0.538149609642276,0.9999999999999998,cluster_5
3071341200043100104,,551.7431819327112,1126.327648563865,6032.87271785626,1121.7688688898725,6028.664045261931,1130.7792302881835,6038.25906727798,1.041695381483441,180,0.6533893874970823,0.8100799503710088,cluster_5
3071341200043100108,,1174.239491056073,1207.504914573057,6042.464131907044,1200.042625218621,6033.254521582151,1213.2570820928745,6048.990570987578,1.853336270338651,414,0.4057520560313681,0.902459366722676,cluster_2
3071341200043100111,,832.421510792532,1159.8215642296734,6043.389242733959,1155.8769597869928,6037.374693522279,1164.6910953927743,6050.212725363859,1.4881767721441463,148,0.4339141729746968,0.9658777802415855,cluster_5
3071341200043100116,,1188.957718909443,1152.9773488679004,6047.288188281308,1148.0885214953553,6037.86268385891,1158.4430426520814,6055.394248213338,2.000496890978896,284,0.4204057825613855,0.8852127539110163,cluster_5
3071341200043100117,,483.60651030095727,1170.1475814373514,6042.467782740679,1166.2724199117224,6038.5607693100255,1174.0452741684044,6047.217145010638,1.4369473388460636,87,0.5621906373175971,0.9846953539485396,cluster_5
3071341200043100118,,713.6005319956818,1185.593133218243,6042.639973541767,1181.137815589164,6037.530580360527,1190.0648472589514,6047.59953287608,1.0057557034351814,140,0.4499894001157894,0.9868219497332998,cluster_5
3071341200043100120,,737.7925954025574,1174.32361074711,6048.235537924637,1169.269535131401,6042.241526778252,1178.5916758418318,6053.300547274854,1.0983575715339224,123,0.4643324948200607,0.9626420687567664,cluster_5
3071341200043100123,,840.4877552655406,1164.455000755981,6049.505657349253,1159.1239570743865,6041.8052177595855,1169.5684557465083,6055.593535771855,1.5750311627091556,165,0.4698264119092341,0.908464227425602,cluster_5
3071341200043100124,,802.000141724703,1146.7128722895247,6050.216674114024,1142.5099187019257,6042.947639011462,1150.052165184101,6056.660564879063,1.8305671610791423,261,0.4591623890665106,0.973959681372632,cluster_5
3071341200043100125,,2881.5653441196964,1178.870343021322,6056.487420865094,1168.9115657014588,6044.040008249535,1188.6428949820393,6066.732046728315,1.044862100525233,745,0.2721305601298969,0.8397021588211572,cluster_5
3071341200043100128,,857.331349701421,1202.2325705885053,6053.982547761232,1197.0236504085856,6048.170539775754,1207.87815088378,6060.455929685058,1.6743409071575095,247,0.451409026418485,0.936960800097716,cluster_2
3071341200043100132,,622.8849255482318,1133.5151897210008,6061.145099978619,1130.1433203556887,6052.223421952957,1137.2998392917518,6068.878605670293,2.328018017048703,159,0.7431472174110267,0.7217487492263275,cluster_5
3071341200043100133,,882.2710590513557,1209.7561737556753,6058.552716060033,1204.2080927310465,6053.805648156029,1217.141468547704,6063.707785085322,1.486874522678606,126,0.4357701074363267,0.9449952826351434,cluster_5
3071341200043100137,,410.8237614872797,1145.4111497847543,6062.312253485681,1142.9440900143334,6057.071829882439,1148.0167182664218,6067.471182862077,2.251694013552908,109,0.6522545954298192,0.9832602696174152,cluster_5
3071341200043100139,,207.8284117603518,1150.0575793377102,6063.609681426774,1147.6608254642142,6059.715172101107,1152.254557735438,6066.728104688706,1.6382322298937293,62,1.0104307926092353,0.8336856681770524,cluster_5
3071341200043100143,,1273.081159415879,1195.124261689134,6069.768241293733,1187.8456859716205,6060.143227514283,1200.80353012448,6080.345226940391,2.332481637982635,360,0.4393480560714448,0.823394467355551,cluster_2
3071341200043100144,,434.08107340298807,1162.7145529092431,6067.303221204741,1159.3524602804644,6062.510836753439,1165.8126436116297,6071.635861041856,1.6165942899600672,153,0.5947410690535305,0.9874984433561286,cluster_5
3071341200043100146,,1303.9933671769395,1180.1918190661052,6070.9710107061255,1172.4975044011428,6063.123392982035,1187.8247324581912,6078.062996118629,2.4104377547360154,402,0.3722256428941831,0.9799875927128164,cluster_5
3071341200043100149,,260.2811855879673,1167.539057713924,6068.316895051443,1165.335757818529,6064.584974788744,1169.8008939604783,6072.241456082509,2.0716061995797945,63,0.7988446689040306,1.0,cluster_5
3071341200043100152,,1216.549159136985,1186.1151739015006,6074.6434833823,1177.6525910179507,6065.696622809704,1192.82840391698,6082.425634510541,2.356890771990639,449,0.415995036461216,0.8670835919209977,cluster_2
3071341200043100160,,1289.9452524405633,1166.2035816359505,6086.309419488162,1159.1168566863307,6079.201302518463,1173.364780549804,6093.811154897812,2.056968939064028,314,0.3609681586977235,0.9754215289617372,cluster_5
3071341200043100164,,812.4522166169339,1133.0573022995493,6089.200455419813,1128.1423321806562,6084.155615748271,1137.8261591687617,6095.094452310706,1.1390345320682274,227,0.4209502281621632,0.9923748662819531,cluster_5
3071341200043100166,,929.5207390005706,1142.3368013236905,6092.833528607944,1136.2015522182755,6087.258444930982,1148.018272821496,6098.259107618404,1.2960684633311128,197,0.4021282893169403,0.968826651793448,cluster_5
3071341200043100171,,839.8842648478967,1138.0360051160417,6100.323745740622,1132.1838901460594,6094.679683174634,1143.7054997631203,6106.36339216912,1.7758258362440058,238,0.4545692706878474,0.9249988941964844,cluster_5
3071341200043100176,,290.2913716712699,1136.5969254262652,6109.0302467546135,1133.2972825438158,6105.179968686572,1140.2987006835842,6112.687318485564,1.92322047035145,77,0.8243230328469034,0.9006897981152592,cluster_5
3071341200043200002,,698.5990076340943,1211.3835395323802,5894.891062784815,1207.226859656224,5889.956114651274,1215.6880510373678,5899.86710117062,1.198599158287472,127,0.4471098085986195,1.0000000000000004,cluster_1
3071341200043200003,,2045.0090908882369,1202.7460786297645,5910.337547236118,1194.688944086739,5900.558611872755,1210.7966414295506,5919.50927411043,1.2457506479315157,399,0.2725994651700466,0.9694202282795517,cluster_4
3071341200043200004,,530.0624658823866,1189.2520325097237,5916.176196307097,1183.818565766942,5911.552863032585,1194.84353586025,5920.621258046555,2.165063112013906,77,0.6200658214143494,0.8795800816731374,cluster_5
3071341200043200005,,490.4838471864359,1204.9043579122217,5920.760518686117,1201.4571121580157,5915.850323583962,1208.884267548758,5925.764852987311,1.84329923354,87,0.5816841345352711,0.9868490058984456,cluster_1
3071341200043200007,,992.245345777602,1190.6467492882182,5929.162076436807,1184.6578932361165,5921.998102859554,1195.59304391995,5936.424221008309,1.5938092556328478,272,0.4536291002255055,0.8802930577832909,cluster_5
3071341200043200017,,680.8925892862362,1200.5465545096647,5943.014146519019,1196.0697060080252,5936.620301232954,1205.8535339457278,5948.667734703417,1.3575004811930769,336,0.556336242805639,0.8221007467313143,cluster_3
3071341200043200018,,1230.4154882013245,1170.2492093840008,5942.676618726399,1163.107779823555,5936.136683894759,1176.283655889147,5949.024096770213,1.123952346732806,329,0.35335609444954,0.9639823227014632,cluster_5
3071341200043200021,,680.1734476310827,1178.1622666265123,5944.066003473375,1173.944676561358,5937.414609216783,1182.9682457044064,5949.592904248728,1.612583359250777,185,0.5251138520569799,0.9101769270250822,cluster_5
3071341200043200026,,1052.1633080334575,1162.267514501695,5951.471573347925,1156.381791621665,5945.8869874755255,1169.494945852411,5957.18014816315,1.0634226763734018,316,0.3886212329591783,0.9406818410765954,cluster_5
3071341200043200028,,1030.0174565249574,1199.6839535920535,5958.300807412887,1195.277198323661,5949.056456389217,1204.354975844488,5966.403932695104,1.921994196980726,336,0.4722306751480877,0.816146681271214,cluster_3
3071341200043200031,,425.610100328411,1134.5134074033977,5960.148085592139,1130.935889030677,5956.183757969087,1138.1819068263924,5964.966547751895,1.3386997485570369,132,0.607917068545019,0.9524235554923502,cluster_5
3071341200043200034,,601.4229478425589,1171.577194145784,5965.726471083823,1166.891385542481,5960.852979575296,1176.0424983564174,5969.922088221774,1.212407881699613,166,0.5080274016814715,0.9511463061058992,cluster_5
3071341200043200042,,251.2618295321722,1142.5046857259213,5973.576690751651,1140.217458106859,5969.972004033865,1144.8722364652772,5976.981881870921,1.6813674125883626,86,0.7825149384039706,0.9895223365968878,cluster_5
3071341200043200043,,431.78471083112834,1178.067467194771,5974.189614270057,1174.4392245114202,5970.305008492507,1182.1505820348532,5977.703173370221,1.0076514308798483,125,0.5798158548262559,0.9733450049052864,cluster_5
3071341200043200045,,1173.3269143515415,1204.4626954756066,5979.3206714083735,1198.4396774192533,5970.549162028051,1209.7079574674308,5986.227394365837,1.331610220117191,323,0.3966458233920549,0.9192433867316908,cluster_2
3071341200043200048,,806.9800628653061,1124.9552332472094,5980.7226660310325,1119.1652132418335,5975.263787674994,1130.2741517886084,5986.350524260124,1.6427269055517617,249,0.4658750747686341,0.92540128377511,cluster_5
3071341200043200050,,409.5652853332647,1163.13390071736,5983.310720017844,1159.8800698426558,5977.650549087401,1166.5427849004266,5989.090458619936,2.3012866770847435,131,0.7285912114619014,0.8873303823443615,cluster_5
3071341200043200054,,554.0697624151328,1149.7641656561702,5984.39699301203,1145.7252828357337,5980.1333215403765,1153.805815015142,5988.282340917105,1.0033973273660488,129,0.5070405871620295,0.9959567812971069,cluster_5
3071341200043200058,,584.1824958911669,1126.0563860469183,5990.371546890106,1122.0823037787825,5985.416065428029,1130.3071276390883,5995.0660539628825,1.3441247392986126,142,0.5122546831971496,0.9608056936992756,cluster_5
3071341200043200064,,681.9569817077105,1148.236653574564,5992.960218654428,1144.5845215189702,5988.23411636846,1152.9086358443171,5999.122670985065,1.3114591911528697,155,0.4826894355189512,0.9516089636437872,cluster_5
3071341200043200070,,411.1755953824425,1136.8430304902697,5997.03705335473,1133.1709856759942,5993.082246567888,1140.179459675061,6000.88703925958,1.0610308207643109,94,0.581245821551831,0.995264151772473,cluster_5
3071341200043200072,,271.5733740205437,1158.9369630629938,5998.047433690909,1155.6843801508655,5994.820721032458,1161.4927810791787,6000.969972915002,1.4380236531416937,58,0.7552899545685109,0.97442926539572,cluster_5
3071341200043200084,,263.65584494125045,1164.2731151287842,6006.109283951134,1161.943772156491,6002.798594093585,1166.5496147307413,6009.748615481754,1.5408921723359452,71,0.7525664817688796,0.9974416559773374,cluster_5
3071341200043200089,,275.3556989038119,1166.677217486975,6010.443646337678,1162.8703006737774,6007.712983274353,1169.9162380174666,6013.039643958655,1.3983130041590075,72,0.7621307678652128,0.9401142082866152,cluster_5
3071341200043200093,,228.21212970380563,1175.9503700451062,6023.817805990902,1173.214928726239,6020.725861118032,1178.9583029723897,6026.964956157812,1.97452695707034,59,0.8400401873545202,1.0,cluster_5
3071341200043200098,,242.81942545404905,1193.271287803624,6033.209996613767,1190.6591857741366,6029.59642523219,1195.8291917192912,6036.690676964468,1.7513886852080445,35,0.8252818859332962,0.9591626657790228,cluster_5
3071341200043200099,,700.1685569402046,1186.2699552650322,6034.044004390064,1180.818548587532,6029.614637227895,1190.752227242918,6038.712468511025,1.1365688290929814,203,0.4635191811834787,0.9655155055387182,cluster_5
3071341200043200100,,733.5433928622799,1142.832761550866,6035.861139904296,1138.6911646430383,6030.331290267008,1147.1960334512603,6041.569816253237,1.3755051031673713,212,0.4931576597642687,0.8940477920459248,cluster_5
3071341200043200104,,482.842530733325,1168.137485559523,6037.4586841177415,1162.7103772363416,6034.197175502899,1173.926572036052,6041.533610368942,1.7203078923529185,116,0.6452347814969822,0.86586603985894,cluster_5
3071341200043200105,,212.02825911211568,1160.7222745796332,6036.253698560262,1156.903286801313,6034.348230950216,1164.2934545121257,6038.3162007252,1.9634382537498791,54,0.9536841021745214,0.8847853554535231,cluster_5
3071341200043200106,,274.0221519632329,1203.6128772827262,6039.418685434242,1200.4872472809816,6036.633917024916,1206.928337378839,6042.5005240705805,1.6368112957157577,85,0.7454974078304725,0.9944741305564548,cluster_5
3071341200043200111,,910.588610721056,1138.001432352179,6044.597502585694,1134.0633010221131,6038.356136850323,1143.0774058298955,6050.95776783056,1.4032888601668765,246,0.4162580119100673,0.9780151445898576,cluster_5
3071341200043200113,,149.10927305332103,1178.2641839550397,6042.044692283794,1175.6827889408264,6040.071513884028,1180.910133829569,6043.922294462804,1.5770685462404344,39,1.0156450749135548,0.9742673259826846,cluster_5
3071341200043200118,,1457.6642837966217,1215.764746147399,6049.892120612886,1207.8157065850835,6041.579546770644,1222.4192898390415,6057.540880903234,1.132428217713065,212,0.3554074790102089,0.8915926024070482,cluster_5
3071341200043200124,,524.1652463067293,1137.9374883487071,6054.232031360055,1133.8447079046994,6050.395574536919,1142.325234373328,6059.147564890756,1.025943585186853,153,0.5467776172652471,0.9664555975351388,cluster_5
3071341200043200125,,832.9103528090976,1163.2306136107834,6058.704594485795,1156.0911295767437,6052.01530435506,1169.5854237508693,6064.463754176826,2.028427090244877,252,0.553755169576999,0.8042375935584201,cluster_5
3071341200043200129,,207.5653961501316,1158.3373085427731,6056.731776897074,1155.8835078692505,6054.020337447977,1160.4285050974522,6059.71247137102,1.276644438277581,95,0.8409838202740935,0.9982581002679805,cluster_5
3071341200043200130,,580.1146164902802,1140.671210685191,6060.633984959038,1137.1467740173994,6054.974261599293,1144.7254913019135,6066.143346974177,1.7914634162640932,138,0.5391983336456444,0.9507721279496084,cluster_5
3071341200043200135,,1849.0418964253583,1146.71833879445,6070.165071709568,1134.820977196624,6063.093592694972,1157.4969082366615,6076.566882065422,1.8452477276884112,581,0.3849764671409393,0.8150509013985878,cluster_5
3071341200043200141,,1074.309157937009,1162.547676912143,6076.905627200328,1156.6412741627637,6070.445373586606,1168.9890360193654,6082.823003541928,1.2569196242385046,279,0.4097611520642407,0.9128432591616746,cluster_5
3071341200043200143,,936.989315664456,1131.213902045958,6079.726908009754,1126.0124843880574,6073.984877754762,1136.221585264342,6085.345524631406,1.0589695530107737,219,0.4165818266976506,0.9350331463629264,cluster_5
3071341200043200144,,1029.6308591903944,1152.396930994568,6080.913428727693,1146.9048495210354,6073.872774028583,1158.160095063639,6087.340606095249,1.6976143523314546,379,0.4176861793128865,0.9212500271160612,cluster_5
3071341200043200145,,1421.394300367972,1141.827772961365,6081.393828882457,1135.256969640819,6075.384712211609,1150.980132703068,6088.859374046671,1.1695553038894866,394,0.3720878048336095,0.8725099822380094,cluster_5
3071341200043200147,,879.9610829186972,1186.0997518283732,6086.86842399829,1182.0018032104858,6079.580418512489,1190.739360571873,6094.790345368558,2.272035426617377,233,0.4700565662361048,0.9490797994228316,cluster_2
3071341200043200149,,1017.3019778999508,1178.528281009461,6087.266806929653,1173.2441603492712,6080.996599276842,1183.3021968128044,6094.419509624962,1.3729273953190408,359,0.4032414047564017,0.9583602029113985,cluster_2
3071341200043200153,,862.9043746909231,1168.3043379230369,6093.517349374333,1161.3790617140762,6086.686315669579,1174.7575799101623,6099.550664114935,1.8069064611338588,304,0.4773713078240696,0.8897870908645761,cluster_2
3071341200043200155,,859.0573929957721,1173.9270257475982,6097.935074621406,1168.531015884735,6091.499315494311,1178.8726052786787,6103.690711397781,1.1257451569992676,302,0.4237802317185907,0.9686562046875454,cluster_2
3071341200043200156,,1712.0834394872898,1151.193404716618,6098.563991970323,1143.0808535861486,6091.604102731239,1159.1522944458038,6105.286085118053,1.1685378814544438,577,0.3043544413815337,0.9489150885460432,cluster_5
3071341200043300001,,330.82441727223886,1219.8279191562744,5873.938946462083,1216.7215517418315,5870.425514154273,1222.8283325471082,5877.272502236655,1.1891981509813272,37,0.6469229138411025,1.0000000000000002,cluster_1
3071341200043300002,,491.32193497119306,1215.7574273046914,5883.910339331459,1212.041720791123,5879.926532979665,1219.2513319831342,5888.094976822039,1.136175999291997,96,0.5300145758740918,0.9973787509102916,cluster_1
3071341200043300022,,241.31490074068049,1153.1676407278894,5951.401341798774,1150.409328537679,5948.705905556263,1156.085620312483,5954.201388392252,1.0452022204220162,80,0.7560175321407117,1.0,cluster_5
3071341200043300026,,406.4449954929551,1146.8668898107078,5959.365280648117,1142.9651214995622,5956.09193522328,1150.652931268491,5962.57558143771,1.2086794753981085,162,0.5851242750861522,0.9988248354329694,cluster_5
3071341200043300031,,478.81462264320055,1146.4681103809546,5965.817258656272,1142.412530154466,5962.211058428611,1150.4232840115244,5969.629050509331,1.153384424596047,180,0.5457184311255042,0.9885726022531676,cluster_5
3071341200043300035,,538.4566443166194,1147.5507026604537,5975.803120495345,1143.6316840233717,5970.68265507664,1150.9445556341475,5980.752109974011,1.3805759048224733,201,0.5570624003536387,0.934081821758972,cluster_5
3071341200043300045,,552.1835714836286,1139.1554710046894,5989.898732675401,1135.1652118810578,5984.981337859406,1143.6979339144666,5995.698553832042,1.0274274758118438,183,0.6128005692223493,0.829842110659272,cluster_5
3071341200043300049,,194.04773949820577,1162.2942946196135,5993.046007533741,1159.4428657224787,5990.228374306025,1164.4086882885829,5995.425397771426,1.0517269564985128,46,0.8834845225290036,0.9999999999999998,cluster_5
3071341200043300050,,269.3396218882374,1167.2775340578808,6000.840681024115,1164.005976943648,5998.385457467351,1171.09850813172,6003.767803714266,1.336943753925531,46,0.8414496586272036,0.8777952955201221,cluster_5
3071341200043300052,,222.8971018890334,1144.5880826356936,6003.566248496339,1142.2091455563834,6000.868473764492,1147.3243092837463,6006.631595491525,1.329227332545577,50,0.8059624835952767,1.0,cluster_5
3071341200043300055,,288.9695701774396,1147.5720500222394,6007.233042754307,1144.6518136954917,6003.691890973501,1150.2862006510325,6011.000504846462,1.4895604182616955,43,0.7434651753071078,0.9776486272840856,cluster_5
3071341200043300056,,364.1541966047303,1126.7617351701922,6008.86139570165,1123.5394843993413,6005.4174021693625,1129.807261218382,6012.266880773233,1.1011001269692655,99,0.6126424657100896,0.9963162926692272,cluster_5
3071341200043300058,,273.44395320485705,1138.013415735231,6009.0703014344335,1135.2356145079111,6006.120276508648,1140.8539370331698,6012.289851748295,1.1369789384834468,62,0.7121969026556408,1.0,cluster_5
3071341200043300060,,360.10070808332284,1179.6692779239747,6016.405481585297,1176.4036394170494,6012.4242633777285,1182.7595865783878,6020.689210579208,1.4908100449513797,81,0.6845967874055515,0.9397417898310648,cluster_5
3071341200043300062,,266.4685685751797,1137.713473387853,6017.527661657537,1135.1489522321451,6014.1730426746335,1140.3034260245329,6020.618672860121,1.1213270453450996,55,0.7215065503581891,1.0,cluster_5
3071341200043300064,,486.1566501360572,1154.6131040768742,6025.43622547041,1151.1266737025674,6021.170928792308,1158.4630956783683,6029.691016816468,1.1075952502886073,150,0.5307124922957094,1.0000000000000004,cluster_5
3071341200043300070,,483.30821378589457,1149.3345661799967,6035.71110693831,1145.6404844997917,6032.295188854167,1153.7848316050247,6039.991816358007,1.1052837168802967,193,0.5609788162133843,0.9661421555340908,cluster_5
3071341200043300092,,231.1794114376849,1149.3802913459467,6058.518827923929,1146.4911559240145,6055.520814372439,1151.8845122042833,6062.023620696702,1.128505560656527,76,0.8350628322732343,0.9518554896404204,cluster_5
3071341200045100115,,575.439080654692,1738.800206465818,5971.443971821499,1735.9846017427162,5964.670890574889,1741.475702166562,5978.132332437756,2.464681767733737,144,0.5899445550292409,0.9237388678700144,cluster_5
3071341200045100196,,476.65233530502826,1747.204193770761,6020.867239209243,1743.9180326266005,6016.419837932578,1751.1158147797066,6026.450434423154,1.4771076364290727,210,0.6057541064122732,0.9389804895148082,cluster_5
3071341200045100206,,489.6578397485399,1755.3675380355708,6033.165018691719,1747.2617296070314,6025.944743411013,1760.4359395753906,6038.2077711688935,2.5748277948527245,213,0.83652356050485,0.5798916423583824,cluster_5
3071341200045100210,,1258.2114702466909,1750.445994725745,6055.511442694703,1744.863669035824,6048.54819280827,1756.193765412832,6062.063521120507,1.1071632040470936,515,0.3561425173574751,0.9482474706049532,cluster_5
3071341200045100219,,753.9227523098134,1746.3656440426532,6083.280148397074,1742.179952784214,6077.694586787581,1750.792295096915,6088.5206678293525,1.2916625512399127,313,0.4493816473959667,0.9812064973687352,cluster_5
3071341200045100220,,1493.5419078387777,1738.8311935676834,6089.690267710116,1732.8942020479717,6079.463658558203,1744.9298833650366,6097.942385372012,1.4851468684231504,530,0.3538516609647155,0.8990537793792006,cluster_5
3071341200045100224,,2290.043860940202,1729.4354047005877,6101.612278974048,1723.701482672696,6089.317983461022,1736.4551070592463,6114.216269563172,2.0205282138326868,507,0.3048187333353743,0.8848091910698993,cluster_5
3071341200045100226,,648.5693165186783,1759.1990627370108,6099.050177970544,1754.534659910143,6093.537086742949,1762.9734911461055,6103.678184607556,1.1974464611150453,261,0.4782505600717791,0.9914430323939142,cluster_5
3071341200045100230,,644.7467651277044,1746.1055251073851,6102.763133388856,1742.4062951304854,6098.389612559073,1750.5772332745591,6108.0779359271855,1.19210357756559,273,0.4899460826139061,0.9569455316259036,cluster_5
3071341200045100231,,904.1862269799716,1754.5242769931922,6105.879233027415,1748.2163782689995,6100.67192585504,1761.1280468863172,6111.132540096237,1.286392981266954,424,0.4353726796956123,0.9274099786695834,cluster_5
3071341200045200062,,954.4253961005196,1741.444189887585,5946.9053320505855,1735.9553713726648,5940.822928782158,1746.4879614346291,5952.832771783746,1.237061664941916,41,0.3872516686983736,0.9817568970359658,cluster_5
3071341200045200108,,982.209629399039,1739.7747244833715,5983.21945782813,1734.4412672701444,5977.657561768145,1745.35817826591,5989.285227690027,1.1020229919881837,237,0.3985608411507181,0.9592276927511896,cluster_5
3071341200045200119,,477.9425824740344,1741.0449173429283,5991.438115933675,1736.6000906709412,5988.23411636846,1745.748091258993,5994.914597758439,1.3289169254373607,151,0.5683940843044885,0.9723291913116368,cluster_5
3071341200045200127,,1164.6030778614802,1744.913487001693,5998.83481941007,1737.9755296143417,5992.51748776371,1750.978893777316,6004.834391146653,1.112009462865302,368,0.3631895314195932,0.9570536540941866,cluster_5
3071341200045200140,,944.2511891321442,1749.173035018152,6010.888971007123,1745.0548817939614,6003.638862306081,1753.60839325259,6017.595690325205,1.7052530139514817,351,0.4075647049508117,0.9877564329560626,cluster_5
3071341200045200155,,484.0176032915,1752.5660333187625,6022.554152189847,1747.4874915734536,6017.944889971371,1757.0697601598024,6026.633072433773,1.39188343809884,250,0.6379511211639585,0.8683985040286175,cluster_5
3071341200045200164,,469.08224708113113,1754.3199202411067,6028.975935122261,1749.4201423812576,6025.551590450425,1758.7681007935294,6032.175094232786,1.5730413238292906,236,0.5669830294877705,1.0,cluster_5
3071341200045200168,,2253.2533879532666,1753.962809501625,6041.91186333492,1746.2838313970256,6030.798220259355,1762.9365682955813,6051.605470945204,1.041020220247252,1038,0.3215124850458712,0.8295203178029535,cluster_5
3071341200045200174,,771.3055778725261,1759.4401044349802,6055.447429242412,1755.744019241164,6048.183653631539,1763.6360979625724,6062.921706788475,2.130394429795817,397,0.5120835304166587,0.9149792774101662,cluster_5
3071341200045200175,,527.2640683743118,1741.137132046812,6055.163984961414,1736.338484269833,6051.56786544047,1745.7465660995208,6058.887052595353,1.1796013337123474,34,0.5229939131211548,0.986259272684218,cluster_5
3071341200045200176,,1082.2242291098223,1761.5714875032045,6068.681384199451,1756.769838050884,6061.49948941015,1766.913892508529,6075.248732150965,1.5024712098921058,536,0.3911454686874425,0.959726022592536,cluster_5
3071341200045200177,,1389.806537411671,1749.2812631002485,6073.356380804936,1741.5494620685113,6066.69438718788,1756.1142361774023,6079.850188054768,1.344018372617662,505,0.3422357991920265,0.9346077756817855,cluster_5
3071341200045200179,,1048.3676379468009,1756.2589586458328,6081.709098460003,1750.445790125441,6074.216813626642,1762.207698123686,6087.359107981024,1.0202106863957905,448,0.3969352150127988,0.9341689379519272,cluster_5
3071341200045200180,,158.7840918409894,1766.5038061691318,6078.278718621057,1764.5455906092952,6075.951027778424,1768.7206559108524,6080.675125108929,1.109919965475421,73,0.9519553475865958,0.9956180000606758,cluster_5
3071341200045200185,,948.3048225849036,1770.241648135341,6088.470667932589,1764.8592310809656,6081.0723350138505,1776.872538627505,6094.1625399144905,1.8198254990747795,575,0.4347292488052768,0.9508266688467064,cluster_5
3071341200045200186,,1006.6342878374604,1754.728875864952,6091.710999902025,1749.4037063209153,6085.966787766878,1760.8198598483857,6098.768360653549,1.208341943147632,413,0.4114379104501187,0.939869489661776,cluster_5
3071341200045200187,,647.3364425489424,1746.745421460217,6093.397701642403,1742.9359287273928,6088.2361867671625,1750.683092734619,6098.275218241213,1.2621625502693714,229,0.4816488924576897,0.9961592725925904,cluster_5
3071341200045200190,,1340.261705475529,1767.0753155963034,6098.124767555391,1760.9004252814048,6090.82992164403,1774.081439810988,6105.502076287054,1.1353527690215732,690,0.3619763000429067,0.9022317159123088,cluster_5
3071341200045200192,,940.393683607594,1779.0784328248735,6101.191574934609,1773.0908301295965,6094.0866992977,1784.0398161453406,6108.533575077599,2.156895112418875,489,0.4610471562782599,0.9122839679257514,cluster_5
3071341200055100009,,1392.393875491185,1127.201964562344,6107.619014799756,1120.5819723904233,6101.033411499915,1134.2285547824754,6114.344663769911,1.0300978335706843,501,0.3314741958028944,0.9015705120363336,cluster_5
3071341200056100013,,943.141017606832,1165.0128107196103,6104.034387116909,1158.8945343617115,6099.221017137939,1170.8838693428374,6110.039522427094,1.0993291240508254,312,0.4056177966119083,0.9636593995837596,cluster_2
3071341200056100014,,262.72800077023703,1134.9435387322026,6104.507275544156,1131.8901651841438,6101.272663530817,1138.4001935348888,6107.207097136464,1.5904701868503697,81,0.7815833820499546,1.0,cluster_5
3071341200056100016,,1308.034275842154,1175.356704248348,6105.405451693048,1167.0621109555268,6094.173121683136,1182.9776006852503,6114.17707423157,2.3240658661933256,469,0.4849614508076043,0.739520882047198,cluster_3
3071341200056100017,,257.51738866930225,1157.739739944984,6105.305359724996,1155.4903218683044,6101.729853254062,1159.973206699179,6108.905410384075,1.6564715942852266,79,0.7614071631549416,1.0,cluster_2
3071341200056100019,,414.0889881460936,1168.5188724004863,6115.633934761855,1164.5644807550943,6111.781065037174,1172.3664661201144,6120.278722208977,1.3508547977487848,219,0.6243049014289984,0.9623440226673544,cluster_3
3071341200056100021,,701.7268116968846,1151.7719664430226,6117.133041193533,1146.8815856667245,6112.512089497663,1156.5249391668603,6121.758513691618,1.0331996991336037,283,0.4747268881325933,0.9469188719767324,cluster_2
3071341200056100028,,437.30722392434825,1151.724252872738,6131.271764770944,1148.0409599751918,6127.624905436009,1155.4037554627466,6135.094886261858,1.1181829773945835,182,0.5729215208765703,0.9889030491390016,cluster_2
3071341200056100029,,307.94935855141244,1137.6128679506803,6132.982908954101,1134.1755144506528,6129.710973117315,1140.8578149930845,6136.359635545646,1.375115055287844,93,0.7162658827318927,0.9615236161051556,cluster_5
3071341200056100031,,440.0359638972624,1163.1498611406485,6139.274289201726,1159.407184071442,6133.353882677817,1166.0096319141849,6144.388109131799,2.1265956737623446,64,0.678637527334568,0.9096094764133444,cluster_5
3071341200056100032,,628.8165100662218,1141.3283621034009,6138.93806315856,1136.8660610198867,6134.653832196315,1146.4679759890505,6143.3332152156645,1.0835323512200787,350,0.501690472378955,0.9564264517587556,cluster_5
3071341200056100034,,237.91043631914576,1158.9281054748308,6138.118408557515,1156.19990444832,6135.215267641211,1162.013759071668,6141.325209202262,1.1393030624190774,103,0.8328954427198497,0.9398687303978136,cluster_0
3071341200056100035,,594.4974041046078,1268.1864106077771,6142.337270680109,1263.9891421552393,6137.962774511414,1272.52581422376,6146.637011754492,1.027002005207419,52,0.4827564585276386,0.98904708114399,cluster_5
3071341200056100037,,713.7879032872786,1154.7018971016153,6146.777744196259,1150.1513721128008,6142.031210924605,1159.183635178641,6152.431818989765,1.1893018649271752,300,0.4818150242176142,0.9432087708037356,cluster_1
3071341200056100039,,991.8938787426924,1146.222368094039,6152.719277484836,1138.511948535437,6142.984166533292,1153.685000139364,6158.617209315122,1.4436717275801016,422,0.6060063285176484,0.6543513352006072,cluster_0
3071341200056100044,,842.6466192194802,1147.8113670553869,6174.489345309439,1142.4598260280898,6168.846500254229,1154.389593682282,6179.090129194575,1.5638635572987312,290,0.452734817717087,0.925380409489446,cluster_0
3071341200056100045,,2351.2668269294813,1150.91426477429,6191.708400647658,1144.3285602908718,6178.046355416871,1157.1003597426843,6205.106213179954,2.226652624371073,808,0.3306953293317935,0.8059398688440301,cluster_0
3071341200056100059,,1790.1959315334225,1286.917091776939,6352.059741268953,1272.0991215118197,6345.620683390462,1300.2787049468225,6357.571392935984,2.761059275230949,475,0.4157274969383411,0.7918891648552239,cluster_5
3071341200056100061,,1699.845155225457,1314.4914002870005,6355.589858413318,1300.234993530127,6351.216886391801,1327.5838729582938,6361.343905859047,3.308963847685287,458,0.4095536453385939,0.8059660470717854,cluster_5
3071341200056100062,,367.8393441712629,1388.5472751559646,6357.056144613861,1384.861236480342,6354.2794887960445,1393.0907902444665,6359.619712924337,1.5137120253133347,55,0.652752560980035,1.0,cluster_5
3071341200056100063,,672.1941434516361,1408.8149915428855,6357.2422435413855,1399.112353109554,6354.447143410049,1416.8343823926225,6360.575225492287,3.0592518566611586,105,0.6596624333957909,0.8145493118167161,cluster_5
3071341200056100064,,1100.21701345866,1378.18362825564,6359.134334694483,1370.5885588595263,6354.846441394665,1385.0380446398342,6364.692605079033,1.4707816392738151,220,0.3852713226749267,0.9551381357585762,cluster_5
3071341200056100069,,481.0668454493186,1390.2426901074118,6361.50180634411,1383.647765752371,6358.975335534491,1396.1628166616922,6363.611523243435,2.826379324529477,120,0.6607188862687475,0.9571451018411442,cluster_5
3071341200056100070,,904.806982809716,1336.5318252139352,6363.9537227568735,1326.730566148213,6360.703264886501,1344.8010469609076,6367.72297787904,2.802496366731492,166,0.4948898332974966,0.9317862454055552,cluster_5
3071341200056100072,,566.3284899551968,1350.1380853124208,6366.681041758637,1344.316627247793,6362.971172161014,1357.703597155887,6369.234916062049,2.3555049092865943,146,0.6183695479185071,0.9021225350158528,cluster_5
3071341200056200016,,1670.9691470291873,1144.5016530034277,6111.99079930689,1136.137011723556,6104.710291165828,1153.0793891532105,6119.898928281039,1.566080355966467,454,0.3331672596204072,0.9067111068885496,cluster_2
3071341200056200018,,235.91360876895865,1154.179795074834,6109.9975756933845,1151.5566844843129,6105.519435812683,1156.7943059056518,6113.674836708433,2.2927717799220924,75,0.9387616409367148,0.9019597970560717,cluster_2
3071341200056200022,,845.7386660556197,1161.0713773484515,6117.801553621873,1155.8200417284463,6113.114223412808,1167.3025668523494,6122.377212774374,1.2619580760438116,357,0.4427945961909382,0.932167719957086,cluster_3
3071341200056200024,,507.7639902427845,1132.8026090255714,6122.57550689097,1130.388883912833,6116.335091582057,1135.7882975467458,6129.045113708157,2.426460317758884,108,0.624283343074549,0.9478635586588005,cluster_5
3071341200056200025,,1083.755866477512,1140.0596888921402,6124.054803075823,1134.2450305548955,6117.7103657876405,1146.3306333147414,6129.921213400403,1.132160257081255,504,0.4016433771907662,0.9063691813335728,cluster_2
3071341200056200026,,792.8535439280929,1151.5720991654146,6124.716110796683,1145.731779328604,6120.108784890817,1157.247360571988,6129.631872996582,1.2026098332898043,286,0.5193511227263833,0.8126134709923165,cluster_2
3071341200056200027,,1110.96031003899,1160.8492250356155,6129.06237680599,1154.5818521615413,6120.354964982473,1167.285202335226,6138.399012228392,2.033921241521212,601,0.5092723863609755,0.7897962835871196,cluster_1
3071341200056200028,,109.06316837814946,1158.8546085176074,6123.863186992982,1156.848928856794,6122.362612496566,1161.0542983330631,6125.570528346939,1.283008034434045,60,1.156624493812964,1.0,cluster_3
3071341200056200031,,566.8026143468654,1144.9835624423015,6133.277544597921,1140.0332068930295,6128.922112833275,1150.2583913569283,6139.717763276592,1.3662357232093627,207,0.6695816099694271,0.7596907031349973,cluster_3
3071341200056200034,,719.1384846278863,1152.0807745553732,6139.489062525141,1146.7161331773611,6134.692129483317,1157.4307791123,6144.395639072751,1.2346580518198975,287,0.477636174566615,0.9385341434282032,cluster_3
3071341200056200041,,2059.6090663610507,1149.4079873063183,6162.308029017406,1140.921503565101,6152.434094617993,1159.279682855691,6172.089822406616,1.219424119254176,795,0.3359685359317307,0.7652198178553656,cluster_3
3071341200056200042,,1306.1659562346474,1158.3846203585726,6165.971795378287,1152.8326207654204,6157.583753540054,1163.3608742853685,6173.743698221489,1.5325730103107216,166,0.3447105687029141,0.969040613711514,cluster_5
3071341200056200048,,1162.6299933064115,1166.6643189217928,6222.417799518896,1160.6288085726885,6214.877779422662,1173.604009165285,6228.641284369172,1.5503164614114948,280,0.3864320777496477,0.945418651688222,cluster_5
3071341200056200049,,2051.9874354311582,1174.760078739759,6234.130253816024,1165.3004196502643,6225.932012577305,1182.4182797070262,6244.15019479012,1.2230826222986877,227,0.2881654453361811,0.9337951701720736,cluster_5
3071341200056200050,,973.045481978342,1185.4591909688968,6250.672307209518,1180.0681394768503,6245.082696205681,1190.5438566099097,6256.552995002763,1.2005879778391326,74,0.3811104850499766,0.9835513962229828,cluster_5
3071341200056200054,,1964.6834497665657,1365.2766664200374,6361.760624479551,1355.7698382415354,6354.231152241047,1381.3666275179964,6368.687315714963,1.7105480200927292,339,0.3212785275232095,0.7786251089058617,cluster_5
3071341200056200058,,547.2814465252458,1400.6779372181393,6361.170846513815,1394.7997999037768,6357.691704362351,1405.6956386459494,6364.15912359052,1.856959714205796,103,0.5964903314378086,0.9021133660016736,cluster_5
3071341200056300020,,711.7702784625543,1145.1224922274705,6146.28142579752,1140.1572108534692,6140.467200168327,1150.4703452127608,6151.077338936846,1.2228071740435615,234,0.5126686378075159,0.9027729046271884,cluster_3
3071341200057100011,,229.6752940505812,1686.507691753895,6194.072918827914,1684.3041440690238,6191.141228498412,1689.2460207846198,6197.474266417275,1.5830723163363971,82,0.8151069242190518,0.9999999999999998,cluster_5
3071341200057100015,,367.3207118192263,1689.7784720021334,6201.2295354115695,1685.8381246010192,6196.473942789255,1694.0217524307866,6205.397991950109,1.591939592625749,255,0.8235728348945937,0.7803247066292761,cluster_5
3071341200057100017,,297.12845780623974,1683.6058914195787,6205.268201280217,1680.8730001219735,6201.759598921851,1686.2795288816685,6209.554686276816,1.4636303962182893,167,0.728475531178675,0.9785924060814994,cluster_5
3071341200057100027,,1008.6444251568915,1688.7202512658291,6220.711913213753,1682.766762264819,6214.090932683809,1693.978342184898,6228.984089234057,1.3545902686912463,470,0.4716200069287297,0.8225565465294119,cluster_5
3071341200057100029,,267.0035815606399,1675.4068361149189,6221.201881913012,1672.5376488786137,6217.584419662561,1678.3675274224877,6224.838323150756,1.9159880629872417,148,0.7894079890200631,0.9703634624255598,cluster_5
3071341200057100030,,568.0304310546804,1680.8921465823264,6222.270994209458,1675.322454249105,6217.994606766684,1685.3359698420077,6227.008677811607,1.420374336322528,276,0.6030837617851051,0.858227170003596,cluster_5
3071341200057100045,,596.487001783975,1673.265145554164,6247.480752657704,1668.4286492622675,6243.312064534349,1678.0565977257686,6252.0597068788975,1.0987050627922366,98,0.5021268307093513,0.9669640389489924,cluster_5
3071341200057100050,,732.2211240472641,1678.7455132550422,6253.6736000508245,1674.2612673654987,6247.855116230927,1683.07087395802,6260.24849923952,1.50728746011505,493,0.5184997947658676,0.9141646901449588,cluster_5
3071341200057100054,,286.2001936648313,1646.8332399805563,6262.713043935228,1643.2608154020304,6259.943384547441,1650.1928430584394,6265.922311453377,1.089357459128588,96,0.7151249454351903,0.989306217820238,cluster_5
3071341200057100061,,723.2145760803147,1638.5652851907705,6276.584680853471,1633.0067683560667,6271.066929751003,1644.1035878628506,6282.562427647113,2.226737651838064,394,0.4938908190397372,0.9755606129596096,cluster_5
3071341200057100068,,562.0409674903901,1619.694368698376,6302.560358452917,1615.9206280293806,6298.083685322382,1624.1670063448182,6306.749926236807,1.0318434750905785,208,0.5194080613395246,0.9826007344301292,cluster_5
3071341200057100073,,823.7069870652028,1587.8607213992325,6309.181023905073,1581.7902852352768,6304.025193313522,1593.4190491743916,6314.0491723822415,1.6189684801505964,172,0.4308888640418963,0.9812605974974328,cluster_5
3071341200057100074,,1679.097991255521,1599.3512866515755,6311.449843350921,1589.5003011956455,6303.795257424234,1607.995813908813,6317.830466145039,1.4783671484771057,447,0.3278343415953909,0.907502152792787,cluster_5
3071341200057100078,,1000.4601768680128,1564.6156851491978,6333.599128123381,1558.2797356383323,6327.446406435992,1571.4997724856928,6340.379716323827,2.0579582512380856,416,0.41890174278887,0.9622430065181272,cluster_5
3071341200057100090,,559.6973031902271,1498.085411978607,6356.458653532352,1492.2862545015903,6353.00014094867,1503.5102745923482,6359.400821438503,1.9171426581395048,132,0.5572485953565068,0.9675457279569738,cluster_5
3071341200057100091,,412.7160762262848,1464.7925324065093,6356.562654073844,1459.743079163754,6353.439838637346,1468.911326105482,6360.086291600864,1.2688890206526526,94,0.6308949754157277,0.970093335857322,cluster_5
3071341200057100093,,526.6325472001851,1448.3882747031992,6358.470666087362,1442.953853713979,6354.987121332499,1454.3729126970782,6362.120437628408,2.022949665508765,110,0.5750995247774867,0.960453218370356,cluster_5
3071341200057100096,,1711.9795762274505,1454.003121199364,6362.647213433366,1439.1522203524378,6353.467560724961,1467.015058686754,6371.178836583059,2.7353510147342184,308,0.4976091832178171,0.6737281499749582,cluster_5
3071341200057100105,,682.9883560011993,1422.277156678822,6364.630410947268,1416.2566739304582,6359.521650169202,1427.5573753075057,6368.455354934206,1.2765808443706246,149,0.5396152329870568,0.8869016039661636,cluster_5
3071341200057200011,,289.1765350316331,1691.7532827844511,6173.938006485283,1688.6560349618271,6170.746268897497,1694.6516308665196,6178.250583241896,1.2032948144904958,76,0.7979695473433417,0.8971933199459249,cluster_5
3071341200057200014,,389.1958846334016,1681.6725661028374,6196.829922802203,1678.679927265716,6192.139607582216,1684.521805939955,6201.0599565743805,1.4268921181746534,113,0.6559842209830525,0.9676393653126256,cluster_5
3071341200057200018,,305.94192824330275,1693.9903662646898,6202.747804823268,1690.148512529267,6199.0028746669,1697.2073571831058,6205.787592386893,1.1177514407367035,141,0.752774538758815,0.910875333979982,cluster_5
3071341200057200020,,1189.8508678201529,1678.537393310626,6211.78860753309,1671.7545565491978,6204.499383991512,1684.1961475057124,6220.037813496223,1.3420457732200273,491,0.4119665467347632,0.873311221260008,cluster_5
3071341200057200021,,1039.2154543078875,1690.3464557878085,6209.82473632517,1684.2794480845505,6204.98208190883,1697.1631619739903,6215.208680021012,1.289569656984088,475,0.390045922016931,0.969477889890761,cluster_5
3071341200057200022,,944.973097557984,1670.7067101105026,6219.380989561157,1665.6923275233985,6211.436818335053,1675.4288154099888,6226.114395022205,1.780405935234719,221,0.4721095056430292,0.880063522643898,cluster_5
3071341200057200027,,780.106522575521,1680.6404054619522,6229.982982774707,1676.0953027546364,6224.657372910178,1685.8534416438113,6235.247833135092,1.1160666126312004,318,0.4401575010554456,0.96603756678615,cluster_5
3071341200057200029,,580.8460070307848,1672.4896080410165,6229.651409628825,1667.7637218422294,6224.877256843123,1676.5543356995256,6233.652318090704,1.1297094363083084,172,0.5362990746692938,0.944084192572439,cluster_5
3071341200057200035,,629.433112443151,1673.7791447793193,6239.102612231849,1669.1600394237992,6234.575799183829,1677.932346833659,6243.875274253562,1.040798469229665,341,0.5047756620726043,0.959270735472708,cluster_5
3071341200057200036,,842.1281290964886,1681.125971600472,6242.820490734886,1676.1589569564746,6236.011067106593,1685.3541883456055,6251.631228133059,1.743451362501589,542,0.6582788274078665,0.6610983846448788,cluster_5
3071341200057200037,,2108.651099989283,1654.2116705496535,6248.681462420112,1644.930706374948,6238.783487132876,1664.4008235083156,6259.428468554017,1.8330141575842385,387,0.3706856874224176,0.8203416023226529,cluster_5
3071341200057200042,,636.3212137234229,1669.986349326413,6253.689592231735,1665.0716986858538,6248.750324690555,1676.1297616766292,6258.10096317694,1.1430065720234666,37,0.5956818565473266,0.794570688632623,cluster_5
3071341200057200044,,1297.3521976758532,1657.459207377471,6257.818037313709,1650.5275369612666,6246.61460386862,1662.5903383505886,6265.85730727474,1.7945416963154108,484,0.4235049658975081,0.8467370717295551,cluster_5
3071341200057200045,,1486.3473343981443,1667.246237727906,6265.20046838984,1659.106027985502,6255.646906696124,1675.819537323353,6273.098467178031,2.0794671256722626,608,0.3827433859310817,0.8840030723125925,cluster_5
3071341200057200047,,491.19430147309896,1639.6556392251,6264.425738032152,1635.4844971217724,6261.265142250136,1645.5224304543676,6268.747273018109,1.5409024370931084,61,0.6812697408162541,0.8077900634753753,cluster_5
3071341200057200048,,1837.845377634046,1651.4971710111915,6271.18230901983,1642.831712920297,6262.693650418903,1660.6754323672762,6282.722830452539,1.521463905967724,662,0.3981811657103269,0.7485542481449793,cluster_5
3071341200057200057,,1572.7512617471082,1636.0332415353694,6284.984112292558,1627.5037333953735,6275.278376997613,1646.899601191476,6294.150194357759,2.27825118727779,772,0.4027924151484333,0.8433367956175644,cluster_5
3071341200057200058,,1386.2683422600287,1625.3771431304265,6296.223764074328,1618.9558832530415,6284.549062941651,1630.8170073709205,6307.472457377642,2.107750360557892,557,0.4678509616523633,0.7491719194115661,cluster_5
3071341200057200059,,1548.561881312099,1616.0419981640644,6292.9614515043895,1607.7138294456358,6285.383079110073,1624.652746004342,6301.464395979534,1.872928301062376,294,0.3684972178616755,0.911946887151558,cluster_5
3071341200057200061,,1059.867928789856,1610.3344651972093,6304.707072712851,1603.3854108347773,6299.294995003087,1617.1953078210693,6310.618375607027,1.1722694666955735,325,0.401902807258237,0.922104404312471,cluster_5
3071341200057200064,,1452.1839515929394,1582.1350726782182,6318.163952615883,1574.479261675079,6310.815801281215,1591.862322032964,6326.208589543552,1.7225386986180002,410,0.3916129926387945,0.8644789956348569,cluster_5
3071341200057200066,,1363.8453874859304,1570.7225917552437,6321.770608290237,1562.9061309747578,6313.682209506519,1577.3154182164533,6329.641873291121,1.3024466527481744,350,0.3969254819073914,0.856307247992639,cluster_5
3071341200057200071,,2227.881032726681,1549.5966166933977,6344.217898593435,1537.4295475078768,6334.244283066713,1561.5006744949933,6354.233694858004,2.154260016679234,501,0.3306655148326711,0.8582433035800558,cluster_5
3071341200057200074,,2005.8007961440665,1514.7508448320498,6353.106595765383,1503.1019027430316,6347.522189091019,1530.1113790578393,6359.076834685002,2.337355618551455,451,0.4429362238480255,0.6961731942769687,cluster_5
3071341200057200076,,1241.971449178426,1479.8308288276803,6353.914343176422,1464.38250132411,6347.928785694064,1489.237389779899,6358.701571376502,2.4902687605395686,206,0.5381272993952327,0.671987421531889,cluster_5
3071341200057200077,,421.20735987734014,1501.6757969451803,6351.232067946089,1497.32942193927,6347.708357308141,1504.901669127112,6357.41266074202,1.2783372066860157,91,0.786288372499264,0.7551556181185158,cluster_5
3071341200057200078,,1937.895130186566,1534.0883247286672,6354.091902472173,1523.1995888172826,6348.3990054009855,1545.7767049709687,6359.401536296818,2.169581960509942,467,0.37381960044064,0.9333012383770296,cluster_5
3071341200057200079,,232.0925001899924,1494.8877716916668,6352.996997104162,1491.6685150764515,6349.968757126533,1498.2057974047063,6359.3680398772885,1.627553703824036,59,1.2100301646579077,0.4702145662280408,cluster_5
3071341200057200080,,210.48446760371948,1489.3912127848382,6354.595460002641,1485.9359482028483,6351.205844623199,1492.266228030043,6358.344024943406,2.1900371119745103,67,1.0748986343674969,0.7953857723297643,cluster_5
3071341200057200084,,717.4823127065501,1430.4831293873322,6361.703131765083,1425.5913291838967,6356.543585702304,1436.3690968625797,6367.8809312647945,1.24473272880944,135,0.5146085333171105,0.8844160986488864,cluster_5
3071341200057200085,,1343.812275914842,1437.880650446179,6364.896481402301,1427.332713671911,6357.255028607011,1445.3948963189669,6371.178836583059,1.7632656614422393,280,0.4094132961376605,0.8459365388556216,cluster_5
3071341200057200086,,751.4076849540402,1474.6301959232349,6359.956923747285,1466.9375220259942,6356.083046788979,1482.5115934639568,6362.863176576513,2.3672729848223613,157,0.5170903988556973,0.960490773852994,cluster_5
3071341200057200088,,708.5281056862107,1411.3016083902546,6362.6463217118935,1404.3041810073148,6359.520916059883,1418.9602247700989,6366.421428262143,2.157753596381351,118,0.5433431830454004,0.8943340002272824,cluster_5
3071341200057300006,,381.4974055320779,1689.537810986198,6196.527629435861,1684.6264084262452,6192.925875449721,1693.9405827554824,6200.484925810693,1.9612965558759563,218,0.7540352778968176,0.8560927886732174,cluster_5
3071341200058100019,,251.50770203208447,1782.914460315998,6110.904594929972,1779.663302408675,6108.554253476336,1785.7695240908286,6113.71627825549,1.1904110132939172,150,0.77137047784261,0.9958354429500798,cluster_5
3071341200058100022,,513.6603419918067,1743.1005721594306,6116.305818569679,1739.0804303134742,6111.3790199204,1747.023016197301,6120.501474667313,1.1456369270784532,203,0.5316747146324668,0.9913182215929802,cluster_5
3071341200058100023,,180.9259059258032,1727.299862562872,6115.785062225042,1725.3970479175166,6112.620960386397,1729.096883188723,6118.748436041538,1.6682488169018803,87,0.943528380031937,0.9626067111836736,cluster_5
3071341200058100026,,626.3962376035236,1754.4912774588086,6121.822581260449,1750.6572644486978,6117.066726835709,1759.054544176917,6127.060676187885,1.229117018688886,207,0.4937218519873872,0.9604936615880934,cluster_5
3071341200058100027,,600.3938536415619,1766.140651660582,6122.130758821329,1761.7434856507446,6117.286998997847,1770.3690376709094,6127.593468416396,1.5546798144701297,278,0.5047721532769919,0.9819026286032714,cluster_5
3071341200058100030,,803.845768642581,1740.3187592369395,6125.980527965541,1735.8443394230617,6119.892116101983,1744.9819531631797,6132.374282281471,1.0705231718065853,383,0.4606720799557027,0.9219161618541456,cluster_5
3071341200058100031,,687.0186245024028,1760.592497402885,6126.922495436725,1755.473879291149,6121.2397086991205,1765.4983496105156,6131.144596908067,1.0626700732792294,271,0.4806058367521836,0.9664028333040058,cluster_5
3071341200058100035,,827.2593270079769,1774.2776334548605,6132.617788712135,1768.1464636550577,6126.700490085148,1779.2321217254416,6138.213150920791,1.6626194652925343,309,0.4653954514713754,0.902294243666235,cluster_5
3071341200058100038,,720.6929611512693,1767.6597900154034,6134.590973554538,1763.1264278396295,6129.232788981832,1772.1875119498318,6139.812101467501,1.190130746666899,218,0.4570931520059652,0.965386824997994,cluster_5
3071341200058100039,,765.4009766130232,1736.9782703179767,6135.024171915496,1731.796097532549,6129.96726943327,1742.268754104907,6140.169784902285,1.3842148846131104,327,0.4490511799969207,0.97455969079527,cluster_5
3071341200058100040,,562.1483634780229,1759.3010117938209,6134.584787063169,1755.2578861645263,6130.4756833830415,1763.459843348088,6138.658561577573,1.108772118526432,240,0.5031187560371889,0.9936503004069516,cluster_5
3071341200058100042,,879.0330823179497,1718.4376178197292,6141.188515774118,1712.9180330168017,6135.2105037684,1724.709678056245,6146.697392137026,1.1706827582163557,229,0.4354546778666779,0.928277782887191,cluster_5
3071341200058100043,,428.50064691755153,1749.8105614077886,6139.751074731103,1746.1937973400477,6136.200054999589,1753.6709412381692,6143.611461641565,1.1194306999390509,155,0.5747576028975834,0.9947551565491052,cluster_5
3071341200058100045,,535.6956643353122,1763.8008749266808,6141.267156742683,1759.075325866412,6137.684096840858,1768.4349599730613,6145.142979472498,1.1899131016027502,176,0.5204937507730362,0.9909882928511932,cluster_5
3071341200058100046,,769.7792318365204,1773.6355349891387,6142.2982620964885,1768.0042715817356,6138.238327843344,1778.775302311819,6146.421020585491,1.328683144456117,252,0.446455765427217,0.9641235401337152,cluster_5
3071341200058100047,,694.945418765415,1788.4257867590272,6143.891106144875,1784.010806659887,6139.403928970894,1793.5646377570708,6148.760602978461,1.108035770735677,336,0.4615742627683414,0.987237993010016,cluster_5
3071341200058100048,,811.8624534470284,1743.3223875566507,6144.423252239549,1736.2005793716423,6140.057490461008,1750.595366650244,6148.4919413428215,2.023958522567368,288,0.4825619688449333,0.9415388024819424,cluster_5
3071341200058100049,,279.4558610467993,1782.227994438545,6144.140140995084,1779.54929816536,6140.306479821273,1784.524505429168,6147.94041160758,1.5843809187086049,99,0.7764485344487744,0.9530202040349136,cluster_5
3071341200058100052,,265.90291119997977,1711.9190756265812,6151.3186799168925,1709.1498501234855,6146.90938604106,1714.753572269133,6155.504417187769,2.748680717403444,73,0.8666164552973202,0.9612741994103406,cluster_5
3071341200058100053,,1476.079123968344,1742.8259094182345,6155.302092969238,1735.9990218535104,6148.618941579142,1749.246854815628,6162.08830816523,1.0049091210041905,449,0.3097684909783563,0.9826411527411324,cluster_5
3071341200058100057,,287.1575622073472,1715.2853034824673,6153.461671820808,1712.29403242405,6149.571897187828,1717.6460391025023,6157.015970093787,1.596160034522235,74,0.74769763447384,1.0,cluster_5
3071341200058100061,,561.0273357291893,1710.5145896480003,6159.256219016993,1706.458019383769,6155.595958107029,1716.0495310288682,6163.819691917324,1.3889996073997417,214,0.531458382826049,0.9818944701790576,cluster_5
3071341200058100063,,842.3816785095585,1762.3342381413709,6162.587836269582,1757.734503296561,6157.842816529636,1768.4639242515093,6168.833159645494,1.2055391470140886,292,0.4409255994540234,0.9520836019223888,cluster_5
3071341200058100064,,667.4569866898585,1725.2312323593503,6161.449894988049,1720.5536436535826,6156.941431354284,1730.1806548306745,6165.879230447418,1.0036940384282382,161,0.4610345621763471,0.9861288276148048,cluster_5
3071341200058100068,,202.70922192549776,1731.0744367591542,6165.9288963793,1728.7682707902577,6162.774438562341,1732.896994905426,6169.329047865864,1.4105773392218357,64,0.8727855406905772,0.9958088415012536,cluster_5
3071341200058100071,,792.2165280562915,1786.3924162573514,6172.763474936919,1781.8517585637908,6165.336448263092,1791.6683409955613,6180.563295885444,2.8619003064561217,383,0.5139640449734874,0.957772980692307,cluster_5
3071341200058100075,,598.0545802294151,1701.8877420762071,6172.089796297621,1697.0213028110732,6167.573675337338,1706.447534364201,6176.334423465947,1.3245451647386022,93,0.4943202717765227,0.9880425206085466,cluster_5
3071341200058100076,,159.8969968878881,1780.0950345124654,6173.00456624257,1777.228473065584,6171.285506106438,1782.9756241309974,6174.853659251736,1.7014840010109564,67,0.9844601262227493,1.0,cluster_5
3071341200058100077,,885.2749552620654,1711.1389445754032,6178.636769088314,1706.5538428237533,6172.304121874791,1716.6543024538332,6185.742635601638,1.501793623355117,235,0.4350917237234312,0.955990604002188,cluster_5
3071341200058100080,,315.9744474965557,1773.5716289361476,6178.096623757908,1769.783635438587,6174.546311496161,1776.958412136649,6181.716186671708,1.398660015590601,112,0.7187411107292014,1.0,cluster_5
3071341200058100084,,392.1781350671448,1755.076835408332,6180.994984924893,1752.252987215878,6176.926732688685,1757.6338105573743,6185.07469894411,1.5132380031691552,123,0.6234416264158921,0.9885333948833174,cluster_5
3071341200058100086,,1377.5976838699662,1701.1007143658042,6184.747835881183,1693.401644461826,6178.520495409687,1707.5559886394838,6191.034579211501,1.1959441690798254,547,0.3330470272266667,0.9742759728978504,cluster_5
3071341200058100087,,757.7951265659756,1721.2220431958065,6185.826329892166,1717.47809382965,6179.870267426148,1726.739550120549,6191.97801402754,1.1928942710859678,310,0.4720999680882559,0.9501296663720686,cluster_5
3071341200058100088,,347.7019619050639,1771.199238104424,6184.470342559223,1768.3444751492568,6179.875973630014,1774.29407581736,6188.971280878727,1.908696056794152,171,0.6901426454954092,1.0,cluster_5
3071341200058100092,,762.0587092716991,1752.4936059079623,6189.512703502526,1747.651346417906,6184.433125535814,1757.5410214406822,6195.038038262581,1.5587554420159626,224,0.4471003295734651,0.9835846908496824,cluster_5
3071341200058100093,,433.9090195922006,1727.7849809794825,6189.713770676021,1724.2490848271427,6185.103044786714,1732.0480642864768,6193.237550764154,1.3051931920877624,117,0.5930734727086229,0.9704586777859312,cluster_5
3071341200058100094,,1097.1417455264211,1765.703903459394,6191.33219428816,1759.0411521794315,6185.858413580029,1772.539058076754,6196.549976445589,1.321969659466651,359,0.3867129941356882,0.9366215246328408,cluster_5
3071341200058100095,,388.61380876279145,1692.6214835993237,6190.987840156515,1688.7820225543137,6186.591324188725,1696.4421947471776,6196.055322308333,1.446575002806881,126,0.7540873231526705,0.8121162449534487,cluster_5
3071341200058100096,,1272.209295527241,1741.1703341245827,6193.47931280292,1734.7190147221916,6186.398391502533,1747.927701686679,6201.362028870963,1.9872769402152115,527,0.3675633872628402,0.9525185184769164,cluster_5
3071341200058100097,,320.6477616197061,1699.6686587052825,6191.3873872003605,1694.9971598044856,6188.888825650901,1704.8922181955656,6193.500265659244,2.7551222413295027,119,0.7776605806349243,1.0,cluster_5
3071341200058100098,,963.7883376120592,1724.7675851874042,6196.500489056512,1719.0352746494532,6190.919735763027,1731.1686854639522,6202.374115584039,1.0715063421796815,360,0.4075805662765703,0.9337040375583224,cluster_5
3071341200058100099,,966.5582361786454,1773.916027808045,6199.1670903370095,1768.3786227487662,6190.61600087375,1780.2503323900023,6209.546222448878,3.085819595295739,417,0.5206961291410016,0.8363692679709849,cluster_5
3071341200058100102,,835.8011536868526,1745.4770136937698,6200.202971373342,1740.0566879469209,6193.763013061176,1749.578780342469,6205.621605543639,1.284417403521257,330,0.4282232336655732,0.9980252149675248,cluster_5
3071341200058100104,,1588.6188273756015,1764.5767617953766,6202.717328083877,1757.957800247308,6195.435113001095,1774.1478435520758,6210.689775590638,1.124086415631175,650,0.3298312568947674,0.8311368104877888,cluster_5
3071341200058100105,,254.62007007214103,1751.4517769426163,6199.827665327604,1749.426071745718,6195.687644727766,1754.438810752539,6202.921715931125,1.4289588281998844,93,0.8376838617355783,0.9433308835587428,cluster_5
3071341200058100106,,973.445809507949,1717.511162068938,6202.48912227124,1712.1672574033307,6196.226991177196,1722.431341789951,6209.6511041698905,1.4445942755882075,372,0.4040809168257424,0.9449122373846194,cluster_5
3071341200058100107,,1312.644237512146,1729.3564521365356,6204.350033969835,1722.084797368092,6193.958082417575,1735.5880659590805,6211.643523855258,1.590388502589276,497,0.4096694969441254,0.8427275122048254,cluster_5
3071341200058100108,,409.974819208443,1736.907183868258,6204.126901953817,1733.4599701542388,6200.325411071037,1741.009410862913,6207.625772771998,1.0310345696479242,158,0.6184351693666242,0.9641625064541808,cluster_5
3071341200058100110,,1075.8026274365416,1710.228674576725,6208.34635589824,1704.2860053795923,6201.733764501618,1715.2991577393575,6215.190275384119,1.3900508211781015,459,0.3796819002063034,0.9570917447988456,cluster_5
3071341200058100111,,851.1433545930474,1701.4955089967293,6207.562827063507,1696.2443969807384,6202.515568013355,1706.7454005921295,6213.179495992604,1.0722098493545344,359,0.4318844669182488,0.9718051302318113,cluster_5
3071341200058100112,,605.0387507372122,1751.611679033362,6206.98243454105,1747.5067922030696,6202.711506337799,1756.6494814116652,6211.802415789252,1.295628938048669,230,0.4925876908717712,0.9900696837305886,cluster_5
3071341200058100115,,386.2221748327278,1743.3152169791465,6207.865967548124,1739.3310639384642,6204.800768651813,1747.6037629556165,6211.666209385829,1.2354954221464818,168,0.6924624556093005,0.8599908351192748,cluster_5
3071341200058100117,,827.197714099243,1761.813934310598,6215.1029779421015,1755.575827739274,6209.700375825583,1768.38688733304,6220.462438121177,1.813243746710998,470,0.4575631941800026,0.9685457554262724,cluster_5
3071341200058100119,,637.9959732751225,1727.1805667086303,6215.506139683517,1721.964487301846,6211.369438885054,1732.119389330741,6219.575215441736,1.086596241170209,280,0.474898760624833,0.9951580653427768,cluster_5
3071341200058100120,,586.4901950201673,1696.4402144271842,6216.125072688076,1692.5174855343482,6211.580367342992,1700.9166099948918,6221.316572774672,1.306635760470989,235,0.5069325051083117,0.9855858111727418,cluster_5
3071341200058100122,,870.2623393278243,1713.4414150910743,6218.324282045522,1708.069169625579,6213.201479557651,1718.8647130729378,6223.583211992717,1.143896806440793,377,0.3994990558202644,0.9890982815959336,cluster_5
3071341200058100124,,1110.8894762408331,1704.0764809459524,6220.230466080436,1700.0974769668503,6211.968283100096,1708.7150091962258,6230.100232060898,2.1334830013094823,453,0.4374239200782609,0.9075490025769282,cluster_5
3071341200058100125,,818.0346206094346,1739.425989379619,6220.077947601451,1733.7388426332188,6214.820840515965,1744.902782148446,6225.00485177456,1.1528301402157994,345,0.4302684954355076,0.9705533597079278,cluster_5
3071341200058100126,,176.78000089250918,1747.0767560268691,6217.682840020148,1743.9135113649534,6215.579227763679,1750.341479852102,6220.013847842464,2.1569906797499514,96,0.992150812005663,1.0,cluster_5
3071341200058100127,,712.671055452559,1748.092641528088,6223.896543572808,1743.543008821987,6216.121709783378,1754.3990474239547,6230.520836686125,1.6795809037419924,379,0.7021044173681735,0.6833747211588383,cluster_5
3071341200058100128,,564.5807129227313,1697.7776569686616,6224.03507347977,1693.507922274031,6218.571840144255,1701.1498074631854,6229.361023843997,1.4944328884830616,239,0.5439661535895103,0.95467937337163,cluster_5
3071341200058100130,,758.4066869835938,1716.019656294818,6226.293420728092,1710.8239330277595,6221.247480833844,1721.3296003096464,6231.323373962245,1.1478054114033427,335,0.4610527242051833,0.9528237386573364,cluster_5
3071341200058100131,,843.2361406242308,1707.960886221777,6229.868546066356,1702.3552174075585,6223.608159441348,1714.0686037409228,6235.0967776877205,1.0913768235462966,412,0.4570833806772488,0.9018644617000544,cluster_5
3071341200058100133,,661.3369643154242,1723.636086770548,6228.509603008975,1718.9968755463224,6223.0183962813735,1729.050159039156,6232.404510499788,1.0695431898364502,298,0.486816109117293,0.980224926104262,cluster_5
3071341200058100134,,803.6586951044613,1692.778696741387,6229.982005457909,1687.4129857134678,6224.959914681555,1698.727543692647,6234.895648466564,1.2160662129340236,367,0.4374642361198533,0.9624184141330132,cluster_5
3071341200058100135,,422.9728639527104,1741.497507669734,6228.714661074615,1736.966792407004,6225.084233564118,1745.8358133349857,6232.384900210014,1.0630432891331758,253,0.6123462266766205,0.958221838358976,cluster_5
3071341200058100138,,1117.1300520089928,1731.341451080203,6234.392941390098,1723.5139961276684,6229.16464296477,1741.5074418350532,6240.605593979956,2.1725849757195466,592,0.4356675896049471,0.9101770491332476,cluster_5
3071341200058100139,,325.8415340579721,1720.0049551631432,6234.505163059972,1716.3899509491548,6231.580738939057,1723.609218353096,6237.149819783825,1.3585986052116914,178,0.6652384668640513,1.0,cluster_5
3071341200058100147,,559.390947112562,1687.119697251706,6245.445980452335,1682.9147273770866,6240.586967537491,1690.97893479114,6249.791799604385,1.1728648527681524,341,0.5354454291358196,0.9494824804074388,cluster_5
3071341200058200012,,655.8097817904597,1738.246400064249,6102.822743044496,1734.2731975038726,6097.95000779654,1742.378637559385,6107.754908064664,1.2673257345169258,290,0.4761644002650836,0.9917964297404568,cluster_5
3071341200058200016,,1015.1950333579288,1772.9206322144305,6107.576647151261,1766.2800321151462,6101.845085986115,1778.5793622116605,6112.426653463836,1.1756220846749437,443,0.38779681434001,0.9690661349492118,cluster_5
3071341200058200018,,1100.9799881816589,1737.1495378528618,6112.359244973436,1729.2257647069457,6106.489281396645,1745.126948190134,6118.253177682654,1.9870722847885296,414,0.4118057898669157,0.9250087482003349,cluster_5
3071341200058200019,,928.1408246536736,1761.8400133070284,6112.9245043565525,1756.4678770065882,6106.787670823853,1767.7864404755578,6118.231149236669,1.0695925842070877,412,0.4120985195549828,0.953220820711499,cluster_5
3071341200058200020,,720.2874010103823,1749.3590748214012,6112.6326662240745,1744.8978385802868,6107.452395540901,1754.1587104628236,6118.187003994869,1.206337348911901,303,0.4504024679354618,0.987058049504384,cluster_5
3071341200058200022,,1402.0722944933943,1715.4285447346297,6116.0405568011465,1707.5501230071532,6110.034587223639,1723.8711869603492,6121.701413962116,1.3300961320681854,41,0.3294394167883662,0.965093910948574,cluster_5
3071341200058200024,,1119.440582582046,1773.8543531831422,6116.855416014477,1766.6032737192404,6111.552436349604,1780.529081979363,6122.679995162024,1.3316761422817007,479,0.3721826649516048,0.9700019746188258,cluster_5
3071341200058200025,,794.419349363552,1785.355679192602,6122.292232638675,1781.71996416572,6114.896988856088,1789.7726474208018,6128.582141323819,1.8340447835386844,344,0.4875650958657417,0.928933122363117,cluster_5
3071341200058200026,,1043.6768641704052,1732.0315531192794,6123.354779427181,1726.7482176784924,6117.004837169919,1737.3430227157785,6130.540604210428,1.2597983520844969,466,0.4176502652686134,0.883813169570549,cluster_5
3071341200058200028,,860.2032353319223,1722.693578395228,6124.995272046356,1717.9892657430764,6117.527129674358,1727.1722832107264,6132.278515302468,2.0536850135356923,365,0.4645537280663512,0.9323938345545548,cluster_5
3071341200058200031,,643.5836006999621,1747.101598414521,6123.310946313398,1743.2618721267222,6118.447823405601,1751.0383977017448,6128.508933847183,1.2951415069668657,285,0.4800855277662061,0.9833614001339888,cluster_5
3071341200058200033,,581.5176314113805,1776.2563946403511,6125.274090796766,1771.2768833590594,6121.272643216598,1780.4314254280382,6129.781574314463,1.227266732751785,242,0.5062187608089763,0.9647710352044332,cluster_5
3071341200058200035,,160.2566814457497,1726.6310031314374,6128.02936779093,1724.6089434809037,6125.429688271255,1729.0739153893244,6130.4289235853885,1.210491888152652,54,0.9581905687037972,1.0,cluster_5
3071341200058200036,,971.010437703964,1750.8611151503644,6131.813803591321,1745.455054030196,6125.550312240193,1756.0492998669731,6137.483411476147,1.153758849243994,397,0.4022560446428002,0.9366749011137324,cluster_5
3071341200058200038,,987.18737664285,1784.0852947334874,6133.21883560725,1778.882478375754,6127.656102399399,1789.1225457987928,6139.957056083194,1.2173975241505568,492,0.3922848329035245,0.9595140424920074,cluster_5
3071341200058200040,,740.0793240635896,1729.2515172510575,6133.430236025427,1723.7202965387455,6128.620753794711,1734.2497082917528,6138.118762627875,1.0388404258154422,283,0.4481239632067441,0.9835508326077418,cluster_5
3071341200058200047,,1113.5175228241997,1757.9031149192049,6144.787776918019,1752.0300766498603,6137.148970458073,1766.1592022893246,6151.172826303517,1.4286623276481378,361,0.4254244891464468,0.8426156445692081,cluster_5
3071341200058200052,,1582.1279698705505,1789.0441455632229,6156.845481627395,1782.9118429208522,6145.530488225417,1794.0860798741242,6167.908017440542,2.35448726384296,758,0.3874961771979486,0.8771076653839346,cluster_5
3071341200058200054,,183.34573766808103,1730.3345749969087,6147.930585656252,1727.5047887309838,6145.833269427734,1733.344389891446,6150.192739785077,1.662743797935002,59,0.918063977737125,1.0000000000000002,cluster_5
3071341200058200055,,1263.176726558907,1771.3111110836185,6151.747599411321,1764.4946914509214,6146.008042899308,1777.8613195264793,6158.894954892962,1.0603475718621125,454,0.3583085087360974,0.937115774553012,cluster_5
3071341200058200057,,602.0785286121325,1763.1981310499737,6154.569436751258,1758.5689557562098,6149.296049858146,1768.4466971505046,6158.789619467776,1.0961967634131045,208,0.5390786242422204,0.9198378624681444,cluster_5
3071341200058200058,,261.2282632303276,1753.0603627833675,6154.44714121984,1750.1820476888968,6150.463607408247,1756.1328744202756,6158.424263464692,2.362945141149012,51,0.8648469319073262,0.940628654161788,cluster_5
3071341200058200059,,1104.462327026463,1731.9589953146549,6157.056637869623,1725.187216128486,6151.091457795419,1737.130910579516,6163.971248246291,1.3791985670560514,242,0.3988042941158542,0.90242808576219,cluster_5
3071341200058200060,,762.6357709511659,1778.0804781530337,6159.397056549484,1772.6426373487675,6154.113314339742,1783.857283564944,6165.19756544257,1.4743157622571943,234,0.4579512456401352,0.9555504704413452,cluster_5
3071341200058200061,,684.8208435943195,1714.8915788035515,6163.659683524426,1710.450689487853,6156.257788229759,1718.7148542857574,6169.346015188444,1.88996348997598,243,0.5713339954893425,0.8576846422981074,cluster_5
3071341200058200064,,360.0869464678992,1766.501047221558,6166.638125902705,1762.2713364613746,6161.833482623162,1769.9454187748588,6170.946296821762,2.259179536669183,111,0.7330787036090552,0.9427124926972138,cluster_5
3071341200058200065,,700.9997320928151,1781.0371072563362,6166.851169694036,1776.7675930009086,6161.652340861816,1785.5976832418075,6171.55747669891,1.1021560475757093,225,0.4577888660399348,0.9750921298610952,cluster_5
3071341200058200066,,2197.2878762774544,1739.3402331095224,6171.755276994494,1730.93359726354,6162.963349665903,1747.5235097118357,6180.577078753387,1.3533095836677849,611,0.261420262871105,0.9732837876704998,cluster_5
3071341200058200067,,1256.315009067269,1771.181713492717,6170.910394124308,1764.4846402053245,6163.186577982495,1776.9265764956688,6178.362836233989,1.394925914642787,437,0.362385279225175,0.93196961791234,cluster_5
3071341200058200068,,865.403768059982,1752.6904105216383,6171.675126149944,1747.1522204294386,6166.063562537813,1757.44996906065,6176.672821869399,1.032917412193905,300,0.4229358760298295,0.9554428716675406,cluster_5
3071341200058200069,,230.9576436633444,1716.6233163434922,6171.872442653707,1714.189209115139,6168.779903920145,1718.889051654007,6174.787402811262,1.3484876323932384,64,0.7930549686262393,1.0,cluster_5
3071341200058200070,,1365.307489966798,1762.7380109076098,6180.251115561535,1757.3502146764906,6171.591046910329,1769.4194545303926,6187.676542052623,1.3442397907784764,427,0.3630676531844856,0.9211288823287492,cluster_5
3071341200058200071,,1467.9807338582978,1778.7714298594983,6183.997599811918,1772.6666286782136,6174.734868376468,1787.1494117443272,6194.101079901214,1.6223210285155345,565,0.4555181934009762,0.7363286475219899,cluster_5
3071341200058200073,,504.3210801322516,1723.0549041539325,6179.629444823995,1716.37912337247,6175.319270962013,1730.1365085507168,6184.261538295159,2.6379017468654014,177,0.726613334988529,0.7711712539884745,cluster_5
3071341200058200075,,589.2362128536972,1748.4872676950838,6182.715957868436,1743.9894673836218,6178.123949193414,1752.2942296452006,6187.406290082921,1.2310240613076138,211,0.5061527193231058,0.9815335989984536,cluster_5
3071341200058200078,,1119.2445831682255,1714.0489072393698,6188.095402070874,1708.610608027244,6179.7218751579685,1719.253812510873,6194.837659947028,1.4034424280283209,488,0.4010009980527851,0.902348319379568,cluster_5
3071341200058200080,,983.3716560561631,1734.3383969759557,6184.279448391394,1727.2828296905682,6179.858409725149,1742.684117680629,6190.0030783872935,1.421374089139435,350,0.4292886465291658,0.9311395703838412,cluster_5
3071341200058200085,,1164.4102995011197,1700.8415877182929,6198.154834383102,1693.935628659431,6192.388590476227,1707.5169086880758,6204.245031238895,1.1111917857284124,412,0.3942173959868982,0.8828277551941122,cluster_5
3071341200058200088,,551.1595883153219,1756.4673211833865,6197.15015575299,1752.2281468805063,6192.889203397236,1760.474304662055,6201.582119372024,1.0151974611626586,145,0.5115356694167543,0.9807370937413752,cluster_5
3071341200058200097,,709.8219469864393,1735.758762125069,6212.140368918529,1730.8620399533231,6206.555244814952,1740.626578611318,6217.049591928117,1.1035161577429404,319,0.4870498977075316,0.9364801904711312,cluster_5
3071341200058200098,,534.4075642408447,1744.8295686510305,6213.456756797625,1740.5270995575488,6209.841055763691,1749.6286828034852,6218.176020653041,1.104072567155103,229,0.5459810831857893,0.935590904834093,cluster_5
3071341200058200104,,564.6333543535034,1754.4270547976469,6220.640801696902,1750.210066506247,6213.613278796684,1762.375859897748,6226.190724594973,1.55797457207229,243,0.802350671186474,0.6237693251082426,cluster_5
3071341200058200108,,1044.5775273884187,1731.1712795432795,6224.01166502236,1723.8704892087585,6217.85749040573,1738.3702288089146,6229.314460446713,1.0814861017095108,464,0.4054759795632066,0.923591731719566,cluster_5
3071341200058200118,,1117.2714125688672,1690.476544152803,6236.91178237734,1683.2062033708276,6229.105960306268,1698.7383884358717,6243.033408069145,1.6037068293239622,499,0.4459207883015086,0.8066425379057971,cluster_5
3071341200058200120,,581.1326928283484,1700.4810258306404,6234.81177320289,1697.0477385397533,6229.954579600112,1704.109625618452,6239.997414502815,1.4208054623739863,232,0.5078548583142503,0.982038378486124,cluster_5
3071341200058200121,,315.7186361764581,1705.22325764712,6238.122119713516,1702.5492488247028,6233.962812916785,1708.2657708565057,6242.30774465484,1.746457244039814,152,0.7420906728374302,0.9636083592662,cluster_5
3071341200058200123,,805.7624919091559,1707.429895847257,6241.77484774407,1700.070581918967,6234.8062477790345,1713.9773643252406,6246.9913967649145,2.020771464676492,637,0.5747980765683591,0.7489358254024726,cluster_5
3071341200058200125,,832.3716296957685,1716.6382212008973,6240.56503940437,1710.0296582017702,6236.053711230204,1724.4717261762994,6245.622947930357,1.891839789224376,578,0.4768715996148351,0.944350487978588,cluster_5
3071341200058200127,,873.1450991643123,1691.3071017655163,6247.940409299934,1682.1940147304897,6240.780902711324,1699.2242892835125,6255.066963488833,2.582631308368561,442,0.6662440509610968,0.6692980037748822,cluster_5
3071341200058200128,,506.2560085563966,1697.0346636422275,6249.477971299115,1690.8448256810743,6247.064187904255,1703.3975071294803,6252.217808657965,2.6085371521992613,190,0.6358909739650259,0.9746477376820328,cluster_5
