cell,eef2b,gata5,tbx1,spi1b,aplnra,prdm1a,meis3,stmn1a,yrk,her6,fn1b,tbx16,meox1,hand2,mef2cb,cldnb,dla,otx2b,tnnc1a,cfl1l,cldn7b,zic2a,fstl1a,bmp6,cd9b,nova2,nkx2.5,krt18a.1,myl7,dusp5,hes6,sparc,pdlim1,tal1,serpinh1b,bmp4,jdp2b,efnb2a,tnnt2a,mdkb,ptmaa,rbfox1l,nkx2.7,cdh11,ccn1,fabp3,btg1,lsp1a,angptl7,ttn.2,foxd1,hoxb3a,atp2a2a,sox7,twist1a,podxl,fthl27,rarga,mdka,cdx4,cxcl12a,gdf3,rac2,fzd8b,marcksl1a,sfrp5,fibina,fli1b,epcam,hspb1,smtnl1,fhl2a,foxl2a,actc1a,blf,loxl2a,emp2,egfl6,rasl11a,fermt1,fsta,plpp1a,aldh1a2,sox3,etv2,hoxb1b,her15.1,fli1a,cxcl12b,bambia,akap12b,hoxb9a,cyp26c1,hoxb7a,rbms2b,her9,irx1b,tmem88a,kirrel1b,ackr3b,krt8,rdh10a,colec12,ndnf,lmx1bb,pitx3,rspo3,pdgfra,hey1,msgn1,met,thbs2b,cdh5,twist1b,kazald2,myh7,cthrc1a,pfn1,apoc1,tnfaip6,apela,nrp2a,meis2a,elmo1,cnn3a,vox,irx3a,cdc42ep4a,rbm24a,nid1b,clec14a,pltp,foxi1,Blank-0,Blank-1,Blank-2,Blank-3,Blank-4,Blank-5,Blank-6,Blank-7,Blank-8,Blank-9,Blank-10,Blank-11,Blank-12,Blank-13,Blank-14,Blank-15,Blank-16,Blank-17,Blank-18,Blank-19,Blank-20,Blank-21,Blank-22,Blank-23,Blank-24,Blank-25,Blank-26,Blank-27,Blank-28,Blank-29,Blank-30,Blank-31,Blank-32,Blank-33,Blank-34,Blank-35,Blank-36,Blank-37,Blank-38,Blank-39,Blank-40,Blank-41,Blank-42,Blank-43,Blank-44,Blank-45,Blank-46
3071341200010100003,80,5,0,1,1,0,4,0,0,2,18,1,0,10,0,1,0,1,1,7,1,2,4,0,0,0,0,10,0,1,0,0,1,0,5,2,0,5,0,2,1,0,0,0,0,1,0,13,0,2,0,0,0,0,2,0,0,0,1,12,15,0,0,0,5,4,0,0,0,0,0,0,0,0,0,1,10,1,1,0,2,0,0,0,0,11,0,0,4,0,11,4,0,0,3,0,0,1,0,0,7,8,7,0,0,0,1,4,0,0,0,0,0,0,0,0,0,4,3,0,1,0,1,0,1,0,0,0,1,4,0,0,0,0,0,0,0,0,0,0,0,0,0,0,0,0,0,0,0,0,1,0,0,0,0,1,0,0,1,0,0,0,0,0,0,0,0,0,0,1,0,0,0,0,0,0,1,0,0,0
3071341200010100006,117,0,0,0,0,0,3,0,1,2,20,1,7,0,0,0,0,0,1,5,4,1,2,1,0,0,1,37,2,0,1,5,0,0,8,1,1,23,0,0,2,3,0,0,2,5,4,5,24,3,0,2,1,0,1,1,0,0,14,4,0,0,1,0,5,0,0,1,1,1,2,1,1,0,1,0,42,0,5,0,5,1,10,0,0,5,0,0,4,1,11,2,0,0,6,3,0,0,1,0,28,127,3,0,0,0,0,3,0,0,1,0,0,1,0,0,3,4,3,0,1,3,2,2,8,1,1,0,3,0,0,2,0,0,0,0,0,0,0,0,1,1,2,0,0,0,0,1,0,1,0,0,1,0,0,0,0,0,0,0,0,2,0,0,0,0,1,0,0,0,0,0,1,0,0,0,0,0,0,0
3071341200010100009,87,0,0,3,4,1,1,0,0,2,7,1,2,0,1,7,0,2,0,19,5,1,3,1,1,1,0,63,0,0,1,5,4,0,14,0,0,13,0,0,1,7,0,0,5,1,3,7,3,5,1,0,1,1,0,2,0,1,12,3,7,0,0,0,11,0,0,1,10,1,0,1,1,0,0,0,69,0,0,4,2,1,2,2,1,5,2,1,0,0,33,8,0,0,18,2,1,1,0,2,59,13,6,0,1,0,1,0,1,0,0,1,0,0,0,0,0,21,2,0,0,2,3,0,2,0,1,2,0,0,0,1,0,0,0,0,0,0,3,2,0,0,0,0,0,0,1,0,0,1,0,0,0,0,0,0,1,1,0,2,0,1,0,0,0,0,3,0,1,1,0,1,1,0,0,0,1,0,0,0
3071341200010100010,95,0,0,1,1,0,10,0,0,0,50,3,10,2,0,0,0,0,0,0,1,0,2,0,0,0,0,5,0,1,1,0,1,0,8,0,0,24,0,0,0,7,0,1,1,3,3,6,26,3,0,4,0,0,0,2,1,0,14,2,2,0,1,0,7,0,0,0,1,0,0,1,0,0,0,0,24,0,8,0,1,2,20,0,0,3,1,2,7,1,16,8,0,1,5,1,0,0,2,0,1,83,3,0,1,0,0,12,0,0,0,0,2,0,2,0,0,1,3,0,0,5,3,1,7,0,2,0,1,1,1,2,0,0,0,0,0,0,0,1,1,0,0,1,0,0,0,0,0,0,0,0,0,0,0,0,0,0,0,0,0,0,0,0,0,0,0,0,0,0,0,0,0,1,0,0,0,0,0,0
3071341200010100012,89,19,0,1,1,0,8,0,2,2,18,0,1,15,0,0,0,0,1,0,0,0,3,4,2,0,0,10,0,0,0,0,1,0,2,4,0,1,0,0,1,3,0,1,3,1,3,37,2,0,0,3,0,0,0,0,0,0,1,11,12,1,1,0,4,0,0,0,0,4,0,0,0,0,1,0,6,0,0,2,1,2,0,1,0,18,0,0,5,1,27,13,0,1,9,0,0,0,1,0,8,4,4,0,1,0,0,7,1,1,0,2,1,0,0,0,0,3,6,1,0,2,3,1,7,3,0,0,1,3,0,0,0,0,0,0,0,0,0,1,0,1,0,0,0,1,1,1,0,0,1,0,0,0,0,0,0,0,0,0,0,1,0,0,0,1,0,0,0,0,0,0,1,1,0,0,0,0,0,0
3071341200010100013,7,0,0,0,0,0,0,0,0,0,2,0,0,0,0,0,0,0,0,0,0,0,0,0,1,0,0,0,0,0,0,0,0,0,3,0,0,2,1,0,0,0,0,0,0,0,0,0,4,0,0,0,0,1,0,0,0,0,0,0,0,0,0,0,2,0,0,0,0,0,0,1,0,0,0,0,0,0,0,0,0,0,0,0,0,0,0,0,0,0,0,0,0,0,3,0,0,0,0,0,3,0,0,0,0,0,0,0,0,0,0,0,0,0,0,0,0,1,0,0,0,1,0,0,1,0,0,0,0,0,0,1,0,0,0,0,0,0,0,0,0,0,0,0,0,0,0,0,0,0,0,0,0,0,0,0,0,0,0,0,0,0,0,0,0,0,0,1,0,0,0,0,0,0,0,0,0,0,0,0
3071341200010100016,45,4,0,0,1,0,7,0,0,0,10,2,1,1,0,0,0,0,0,0,0,0,4,1,0,0,0,2,0,0,0,1,1,0,4,4,0,1,0,0,0,0,0,1,1,1,0,4,9,0,0,1,0,0,2,0,0,0,5,2,5,0,1,0,9,2,0,0,0,3,0,0,0,0,0,0,15,1,0,0,0,0,7,0,0,4,0,0,1,0,12,3,0,1,5,0,0,0,1,0,5,31,2,1,0,0,0,5,0,0,0,1,2,0,0,0,1,1,2,0,0,0,2,0,6,0,0,0,0,0,1,0,0,0,0,0,0,1,0,0,0,0,0,0,0,0,0,0,0,0,0,0,0,0,0,0,0,0,0,0,0,0,0,0,0,0,0,0,0,1,0,0,0,0,0,0,0,0,0,0
3071341200010100018,43,0,0,1,0,0,6,0,0,1,31,1,4,0,1,1,1,1,0,1,2,0,3,0,0,0,1,22,0,0,2,4,0,0,22,0,1,0,1,0,0,8,0,0,3,6,4,3,21,2,1,0,0,0,1,1,2,0,15,0,0,0,0,0,11,0,0,1,0,1,0,0,0,0,0,0,40,0,2,0,1,1,6,0,1,6,0,1,0,0,12,6,0,0,1,2,0,1,0,3,12,7,9,0,0,0,0,1,2,0,1,1,0,0,1,0,2,1,2,0,2,0,3,1,4,2,0,0,3,0,0,1,0,0,0,0,0,0,1,0,1,0,1,0,0,0,0,0,0,0,0,1,0,0,0,0,0,0,0,0,0,0,0,0,0,0,0,0,0,1,0,0,1,0,0,0,0,0,1,0
3071341200010100020,22,0,0,0,0,0,2,0,0,0,1,0,2,0,0,0,0,0,0,4,0,0,0,0,0,1,0,34,0,0,0,0,1,0,3,0,1,0,1,0,2,5,0,1,1,0,0,0,0,2,0,0,0,0,0,0,0,0,1,0,0,0,0,0,1,0,0,0,0,0,0,0,0,0,0,0,4,0,2,0,0,0,2,0,0,1,0,0,0,0,6,2,0,0,0,2,0,0,0,0,39,0,0,0,0,0,0,0,1,0,0,0,0,0,0,0,0,0,0,0,1,0,0,0,0,0,0,0,0,0,0,0,0,0,0,0,0,1,1,0,0,0,0,0,0,0,0,0,0,0,0,0,0,0,0,1,0,0,0,0,0,0,0,0,0,0,0,0,0,0,0,0,0,0,1,0,0,0,0,0
3071341200010100023,23,7,0,1,0,8,0,0,0,1,0,1,0,0,0,0,0,1,0,0,0,1,2,2,5,0,2,15,0,0,0,1,1,0,1,0,0,0,1,0,0,0,0,0,0,0,8,27,0,1,0,0,0,0,0,0,0,0,1,0,1,0,0,0,0,1,0,0,1,13,0,0,0,0,1,0,4,0,0,2,0,6,0,1,0,22,0,0,0,0,4,0,0,0,0,6,0,0,0,0,39,0,3,0,1,1,0,1,0,0,2,0,0,0,1,0,0,1,31,0,1,0,0,0,6,0,0,0,5,0,0,1,0,2,0,0,0,0,1,1,0,0,0,0,0,0,0,0,0,0,1,1,0,0,0,0,0,0,0,0,0,0,0,0,0,0,0,0,0,0,0,0,0,0,1,0,0,0,0,0
3071341200010100024,134,1,0,0,0,0,11,0,0,1,31,1,5,2,1,1,0,1,0,0,0,1,9,0,0,0,0,10,0,0,1,3,2,0,2,1,0,9,0,0,1,25,0,2,3,6,1,2,18,16,0,0,0,2,1,0,0,0,21,2,0,1,0,1,8,0,0,0,1,5,1,0,0,0,2,0,24,1,10,0,3,1,4,0,0,8,0,0,1,0,12,9,0,1,3,0,0,0,1,1,4,80,3,0,1,0,0,8,0,0,1,1,0,0,0,0,1,0,2,0,0,0,1,0,7,0,0,1,5,0,0,4,0,0,0,0,0,0,0,1,0,0,0,0,0,0,0,1,0,1,0,0,0,0,0,0,0,0,1,0,1,0,0,0,0,0,0,0,0,0,0,0,1,0,0,0,0,0,0,0
3071341200010100025,116,2,0,3,1,0,1,0,0,2,12,0,1,0,1,0,0,1,0,0,0,2,3,0,0,0,0,2,1,0,1,4,0,1,8,0,0,6,0,0,1,113,0,0,0,7,6,1,5,29,0,0,0,1,0,0,3,0,7,4,1,1,0,0,3,1,0,0,0,5,0,1,0,2,0,1,32,0,0,0,2,6,0,1,0,0,0,2,0,0,13,0,0,0,0,0,1,1,2,1,1,12,1,0,1,0,0,2,5,0,1,0,0,1,0,0,1,1,3,0,0,0,1,1,1,0,0,0,20,1,0,1,0,0,0,0,1,0,0,1,0,0,0,0,0,0,0,0,0,0,0,0,0,0,0,1,0,0,0,0,1,1,0,0,0,0,0,0,0,0,1,0,0,0,0,0,0,0,0,0
3071341200010100027,66,0,0,0,0,1,2,0,0,1,7,0,7,0,1,1,0,1,0,1,0,0,0,1,0,0,0,4,1,0,0,0,0,0,0,0,0,2,0,0,0,9,0,1,0,4,3,1,2,11,0,0,0,0,0,0,0,0,2,2,0,0,0,0,4,1,0,0,0,1,1,0,0,0,0,0,14,0,0,0,0,0,4,1,0,1,0,0,2,0,13,2,0,1,3,1,0,0,0,0,4,7,1,0,0,0,0,0,1,0,0,0,0,0,3,0,1,1,0,0,0,0,0,0,1,0,3,2,1,2,1,1,0,0,0,0,0,0,0,0,0,0,0,0,1,1,1,0,0,0,0,0,0,0,1,0,0,0,0,1,0,0,0,0,1,0,0,0,0,0,0,0,0,0,0,1,0,0,0,0
3071341200010100033,112,0,0,2,0,0,3,0,0,1,1,0,0,0,1,1,0,0,0,2,1,0,0,0,0,0,0,3,0,0,0,0,0,0,8,1,1,1,0,7,3,2,0,2,0,11,7,0,0,0,0,1,0,0,1,0,3,0,3,7,0,0,0,0,13,0,1,0,1,0,2,0,0,0,0,0,5,0,1,0,0,0,0,12,0,3,0,0,0,1,20,14,0,0,1,3,0,1,0,3,12,1,0,1,0,0,1,2,0,0,0,0,0,0,2,0,0,2,1,0,2,3,1,1,9,0,0,1,0,1,0,0,0,0,0,0,0,0,0,2,1,0,0,0,0,0,0,0,0,0,0,0,0,0,0,1,0,0,0,0,0,1,0,0,0,0,0,0,0,0,0,0,0,0,0,0,0,0,0,0
3071341200010100036,105,0,0,0,0,1,11,0,0,0,35,0,6,4,3,0,0,2,1,0,1,0,6,2,2,0,0,8,0,0,0,0,0,1,10,9,0,4,0,0,1,33,1,1,5,3,5,15,14,6,2,2,0,0,0,0,0,0,15,4,9,0,0,0,8,1,0,0,0,3,1,0,0,0,1,1,29,0,1,0,1,1,5,0,1,7,0,0,0,1,43,6,0,1,13,0,0,1,0,1,9,69,5,2,0,0,1,19,0,0,0,1,0,1,1,0,2,0,2,1,0,4,5,1,5,2,0,1,1,2,0,3,0,0,0,0,0,0,0,2,0,0,1,0,0,0,0,0,1,0,0,0,0,0,0,0,0,0,1,0,1,1,0,1,0,0,0,1,0,0,0,0,0,1,0,1,0,0,0,0
3071341200010100039,64,1,0,1,0,0,1,0,0,0,1,0,1,0,0,0,5,2,1,1,0,0,2,0,0,4,0,2,0,0,3,0,0,1,0,0,1,0,1,3,6,1,0,1,0,0,4,1,0,0,0,1,0,0,0,0,1,0,24,8,1,0,0,0,1,0,0,0,0,0,1,0,1,0,0,0,0,0,0,1,0,0,0,28,0,10,0,0,0,0,8,12,0,0,3,2,15,0,0,3,0,1,2,1,0,0,0,1,1,1,1,1,1,0,2,1,0,0,1,0,1,0,4,0,1,0,8,0,2,0,0,0,0,0,0,0,0,0,0,0,0,0,0,0,0,0,1,0,0,0,0,0,0,0,1,0,0,0,0,0,1,0,0,0,0,0,0,0,0,0,0,0,0,0,0,0,1,0,0,1
3071341200010100040,37,0,0,0,1,0,5,0,0,1,1,0,0,0,0,0,6,1,0,1,0,1,5,0,0,8,0,1,0,0,4,1,0,0,0,0,0,0,1,2,4,0,0,0,0,3,6,0,0,4,0,0,0,1,0,0,0,1,8,8,0,0,0,0,1,1,0,0,0,0,2,0,1,0,0,0,2,0,0,0,0,1,0,12,0,4,0,1,0,0,4,16,0,1,2,0,1,0,0,0,2,0,0,1,1,0,0,0,0,1,0,0,0,0,0,0,0,0,1,0,0,0,3,1,1,0,4,0,0,0,0,0,1,0,0,0,0,0,0,0,0,0,0,1,0,0,0,1,0,0,0,0,0,0,0,0,0,0,0,0,0,0,0,1,0,0,0,0,0,0,0,0,0,0,0,0,0,0,0,0
3071341200010100046,76,0,0,2,0,2,0,0,0,1,3,0,0,0,4,0,0,0,1,3,0,0,1,0,0,0,0,0,1,0,0,0,2,0,8,0,0,0,0,0,1,74,0,0,0,7,0,2,0,39,0,0,0,0,1,0,0,0,2,0,4,0,0,0,0,0,0,0,0,5,2,0,0,1,0,0,18,0,0,0,2,3,0,0,0,0,1,0,1,0,8,1,0,0,1,7,0,0,1,2,1,0,1,0,0,0,0,0,1,0,0,0,1,0,1,0,5,0,1,0,0,1,0,0,3,2,0,0,2,0,0,1,0,0,1,0,0,1,1,1,1,0,0,0,0,0,0,1,0,0,0,0,0,0,0,0,0,0,0,0,0,0,0,0,0,0,1,0,0,0,0,0,0,0,0,0,0,0,1,0
3071341200010100048,21,0,0,0,0,1,0,0,0,0,1,0,0,0,1,0,0,0,0,0,0,0,1,0,0,0,0,1,0,0,1,0,0,0,1,0,0,1,0,0,1,22,0,0,0,1,0,0,0,11,0,0,0,1,0,0,2,0,1,0,1,0,0,0,0,0,0,0,0,2,2,0,0,1,0,0,5,0,0,0,0,1,1,0,0,0,0,0,1,0,3,0,0,1,1,3,0,0,1,0,1,0,1,0,0,0,0,0,0,1,0,0,0,0,0,0,0,0,0,1,0,1,0,0,0,0,0,0,2,0,0,0,0,0,0,0,0,0,0,0,0,0,0,0,0,0,0,0,0,0,1,0,0,0,0,0,0,0,0,0,0,0,0,0,0,0,0,0,0,0,0,0,0,1,0,0,0,0,0,0
3071341200010100049,92,9,0,0,0,2,4,1,1,7,22,2,2,7,2,3,1,0,0,0,4,2,10,1,4,0,0,28,0,0,0,1,1,4,0,1,0,0,0,0,0,1,0,1,1,1,3,52,0,0,0,0,0,5,0,2,3,0,1,4,11,1,0,0,12,1,0,3,0,12,0,0,0,0,2,0,1,0,1,0,0,0,2,0,20,16,0,1,2,1,20,1,0,1,5,6,0,2,0,0,53,3,6,0,1,0,0,1,0,0,3,0,2,0,1,0,0,2,33,0,0,1,3,1,13,6,1,1,1,2,1,0,0,0,1,0,1,1,0,0,1,0,1,0,0,0,0,0,0,0,0,0,0,0,0,0,0,0,1,0,0,1,0,1,0,0,0,0,0,2,0,0,0,1,0,0,0,0,0,0
3071341200010100053,45,0,0,0,0,0,0,0,0,0,0,1,1,0,0,0,1,1,0,0,0,1,0,0,0,5,0,0,0,0,1,1,0,1,0,0,0,0,0,0,10,1,0,0,0,4,2,0,0,0,1,0,0,0,1,0,1,0,11,7,0,0,0,0,2,1,0,0,0,0,0,0,0,0,2,0,1,0,1,0,3,0,0,20,0,8,1,0,0,0,2,8,0,0,2,6,5,0,0,0,0,0,0,1,0,0,0,0,0,0,0,0,0,0,0,0,0,1,1,0,0,2,1,0,0,0,7,0,1,0,0,0,0,0,0,0,0,0,0,0,0,0,0,0,0,0,0,0,0,0,0,0,0,0,0,0,0,0,0,0,0,0,0,0,0,0,0,0,0,0,0,0,0,1,0,0,0,0,0,0
3071341200010100060,48,0,0,1,1,1,11,0,0,0,7,1,7,0,1,1,0,0,0,0,0,0,4,0,1,0,0,11,0,0,0,0,0,0,21,0,0,0,0,0,1,16,0,4,3,2,0,7,7,34,4,2,0,0,1,0,0,0,10,0,0,0,0,0,6,0,0,0,1,2,0,1,0,0,11,2,23,0,2,0,3,0,3,0,0,3,0,1,1,1,19,4,0,0,5,1,0,0,1,4,1,20,6,2,0,0,0,8,1,0,0,0,0,2,0,0,3,1,1,0,0,1,2,1,3,0,0,1,4,1,0,2,0,0,0,0,0,0,0,0,0,0,1,0,0,0,0,0,0,0,0,0,0,0,0,0,0,0,0,0,0,0,0,0,0,0,0,1,0,0,0,1,0,0,0,0,0,0,0,0
3071341200010100068,46,0,0,0,0,1,3,1,1,1,0,2,1,0,1,23,0,0,1,0,10,1,6,0,5,0,0,18,0,0,0,2,1,0,0,0,1,1,0,0,0,1,0,0,0,3,1,18,0,0,0,2,0,4,0,0,0,0,0,2,1,0,0,0,6,0,0,1,4,1,0,0,0,0,0,1,0,0,0,0,0,0,0,0,15,6,0,0,1,2,12,3,0,1,3,0,2,0,0,0,15,2,4,1,0,0,0,0,0,0,11,1,0,0,1,0,0,3,3,0,0,1,0,1,2,0,0,0,0,1,1,1,0,0,0,0,0,0,0,0,0,0,0,3,0,0,0,0,0,0,0,0,0,0,0,0,0,0,0,0,0,0,0,0,1,0,0,0,0,0,0,0,0,0,0,0,0,0,0,0
3071341200010100069,41,1,0,0,0,1,1,0,0,0,2,1,0,0,1,0,0,1,0,0,1,0,9,0,0,3,0,4,0,0,0,19,0,0,34,0,0,0,1,1,4,1,1,0,6,4,2,8,0,2,0,2,0,0,0,0,0,0,3,12,0,0,0,0,0,0,0,0,0,0,1,0,0,0,2,13,1,0,1,0,0,0,0,8,0,26,2,1,0,0,1,8,0,3,6,3,0,0,2,17,20,1,0,9,2,0,0,0,0,0,1,0,0,0,0,0,0,0,0,0,1,0,2,0,4,0,1,1,2,0,0,0,0,0,0,0,0,0,0,0,2,0,1,1,0,0,1,0,0,0,0,0,0,0,0,0,0,0,0,0,1,0,0,0,0,0,0,0,0,0,0,0,0,0,0,0,0,0,0,0
3071341200010100070,71,0,0,1,0,0,1,0,1,13,0,1,0,0,0,0,0,3,1,0,0,1,10,2,0,2,0,21,0,1,1,16,1,1,104,2,0,1,1,0,0,2,0,1,39,3,46,0,1,2,0,0,1,0,0,0,3,0,1,0,1,0,0,1,0,1,0,0,0,0,1,0,1,2,3,2,5,0,3,1,1,11,2,1,0,8,0,1,0,2,11,2,0,0,9,40,6,1,0,0,24,3,0,0,0,0,0,0,0,0,0,0,0,0,2,1,1,0,5,0,8,1,2,2,13,2,13,0,2,0,0,0,0,0,1,0,0,0,0,1,0,0,1,0,0,0,1,1,0,0,1,0,0,1,0,0,0,1,0,0,0,0,0,1,0,0,0,0,0,0,0,0,0,0,0,0,0,0,0,0
3071341200010100072,83,1,0,0,0,0,1,0,0,0,0,0,0,1,1,0,0,3,0,0,0,0,0,0,0,3,0,2,0,0,1,0,0,1,1,0,0,0,0,0,12,2,0,2,0,6,0,0,0,1,0,1,0,0,0,1,1,0,17,15,0,0,0,0,1,2,0,0,1,1,0,0,0,0,1,1,0,0,0,0,1,0,1,36,0,5,0,0,0,0,16,12,0,1,0,2,9,0,0,1,1,1,0,1,0,0,0,0,0,0,1,0,1,0,0,0,0,0,1,0,1,0,1,1,2,1,7,0,1,0,0,0,0,0,0,0,0,0,0,1,0,0,0,0,0,0,0,0,0,0,0,0,0,0,0,0,0,0,0,0,0,0,0,0,0,0,0,0,0,0,0,0,1,0,0,1,0,0,0,0
3071341200010100077,49,0,0,0,0,1,2,0,0,3,2,0,0,0,3,0,2,1,0,0,1,0,5,1,0,3,0,6,0,2,1,5,1,0,7,0,0,0,1,1,4,0,0,3,0,4,3,3,0,3,1,2,0,2,0,4,2,0,18,25,0,0,0,1,3,2,0,0,0,0,0,0,1,0,0,2,1,0,0,1,1,0,1,19,0,24,0,0,0,0,13,14,0,1,3,1,10,1,0,4,3,1,0,3,0,0,0,0,0,0,1,0,0,0,0,0,0,1,0,0,1,2,1,0,2,0,0,0,0,0,0,1,0,0,0,0,0,0,0,0,0,0,0,0,0,0,2,0,0,0,0,0,0,0,1,0,0,0,0,0,1,0,0,0,1,0,0,1,0,0,0,1,0,0,0,1,0,0,0,0
3071341200010200017,9,0,0,0,0,0,1,0,0,0,0,0,1,1,0,1,0,0,0,5,1,0,0,0,3,0,0,56,0,0,0,0,0,0,0,0,1,1,0,0,1,0,0,0,0,0,0,0,2,0,0,0,0,0,0,0,0,1,0,2,0,0,0,0,0,0,0,0,0,0,0,0,0,0,0,0,2,0,0,0,0,0,0,0,0,0,0,0,0,0,4,1,0,0,0,0,0,0,0,0,47,1,0,0,0,0,0,0,0,0,0,1,1,0,0,0,0,1,0,0,0,0,0,0,0,0,0,0,0,0,0,0,0,0,0,0,0,0,0,0,0,0,0,0,0,0,0,0,0,0,0,0,0,0,0,1,0,0,0,0,1,0,0,0,0,0,0,0,0,0,0,0,0,0,0,0,0,0,0,0
3071341200010200019,8,1,0,0,0,1,0,0,0,0,1,0,0,0,0,1,0,0,0,0,0,0,0,0,1,0,0,11,0,0,0,0,0,0,0,0,0,0,0,0,0,0,0,0,0,0,3,12,0,0,0,0,0,0,0,0,1,0,0,2,0,0,0,0,0,0,0,0,0,1,0,0,0,0,0,0,2,0,0,0,0,2,0,0,0,1,0,0,0,0,0,0,0,0,0,0,0,0,0,0,7,2,1,0,0,0,0,0,0,0,0,0,0,0,1,0,0,1,9,0,0,0,0,0,1,0,1,0,0,0,0,0,0,0,0,0,0,0,0,0,0,0,0,0,0,0,0,0,0,0,1,0,0,0,0,0,0,0,0,0,0,0,0,0,0,0,0,0,0,0,0,0,0,0,0,0,0,0,0,0
3071341200010200020,39,0,0,1,3,0,4,0,0,1,5,0,0,0,0,1,0,2,1,4,5,0,2,0,0,0,1,44,0,1,0,2,1,0,4,1,0,15,0,0,0,1,0,1,3,2,6,8,3,0,0,3,1,0,1,1,1,0,7,8,6,0,0,0,7,0,0,0,6,1,2,2,0,1,0,0,24,0,2,3,0,0,5,0,0,4,0,1,1,0,16,1,0,1,9,3,0,0,1,2,48,19,1,0,0,0,0,1,0,0,0,1,1,0,0,0,0,8,0,0,0,0,2,0,2,0,1,0,1,0,0,0,0,0,0,0,0,0,0,0,0,0,0,0,0,1,0,0,0,1,0,0,0,0,0,0,0,0,0,0,2,1,0,1,0,0,0,0,0,0,0,0,0,0,0,0,0,0,0,0
3071341200010200022,36,7,0,0,0,2,1,0,0,0,2,0,1,2,0,0,0,1,1,1,0,0,1,0,5,2,0,22,0,0,0,1,0,0,1,0,0,0,0,1,0,1,0,0,1,0,0,20,0,1,0,0,0,0,0,0,0,0,1,1,1,0,0,0,1,1,0,0,1,13,1,1,0,0,0,1,2,0,0,1,0,4,1,1,0,12,0,0,0,0,0,0,0,0,0,2,0,0,0,0,39,3,0,0,0,0,0,1,0,0,0,0,0,0,0,0,0,0,38,0,0,1,2,0,2,0,0,0,1,1,0,0,0,0,0,0,0,0,0,1,1,0,0,0,0,0,0,0,0,1,0,0,0,0,0,0,0,0,0,0,1,0,0,1,0,0,1,0,0,0,0,0,0,0,0,0,0,0,0,0
3071341200010200023,97,0,0,1,1,2,2,0,3,2,6,2,8,0,0,6,2,1,3,18,11,1,3,2,4,1,7,283,1,1,1,2,1,0,7,0,0,6,0,0,1,6,0,0,0,0,11,11,4,3,0,0,0,1,0,1,1,0,7,7,4,1,1,0,3,0,1,0,6,2,1,4,0,1,0,0,28,0,1,6,2,0,3,2,1,5,1,0,2,1,31,7,0,0,3,1,0,1,0,0,361,15,1,0,0,2,0,0,1,1,1,0,0,1,0,1,2,10,2,0,0,0,0,0,2,1,1,0,1,3,1,1,0,0,0,0,0,0,2,0,1,0,0,1,1,0,0,0,0,1,0,0,0,0,0,0,0,1,0,1,8,0,0,0,2,0,0,0,0,1,0,1,0,0,2,1,1,0,0,0
3071341200010200028,50,0,0,0,0,0,5,1,0,1,14,0,4,0,0,0,0,1,0,1,4,0,3,2,0,0,0,21,0,1,0,2,5,0,6,0,0,6,0,0,1,3,0,0,0,3,1,4,16,1,0,0,0,0,0,0,0,1,7,1,1,0,0,0,4,1,0,0,1,0,1,0,0,0,0,0,24,0,0,0,3,1,5,2,0,3,0,1,1,0,17,3,0,0,3,1,0,1,0,0,32,9,5,1,0,0,0,1,1,0,0,1,1,0,0,0,0,2,0,0,0,0,1,0,3,0,0,0,0,1,1,3,0,0,0,0,0,0,0,0,0,0,0,0,0,0,0,0,0,0,1,0,0,0,0,0,1,0,0,0,0,0,0,0,0,0,0,0,0,0,0,0,0,0,1,0,0,0,0,0
3071341200010200030,125,0,0,0,3,0,3,1,0,3,19,0,13,0,1,2,0,1,0,1,0,0,4,0,0,0,0,4,0,1,0,7,1,0,10,0,0,13,1,0,0,48,1,0,0,8,7,2,29,11,1,1,0,0,0,1,1,0,15,0,0,0,0,0,5,0,1,1,0,4,1,0,0,0,1,0,63,0,3,0,7,1,7,0,0,4,0,1,4,1,7,6,0,3,1,2,0,0,0,1,2,96,3,0,2,0,0,3,4,1,0,1,0,0,1,0,0,0,0,0,0,1,1,0,5,0,0,0,25,3,0,0,0,0,1,0,0,0,1,0,1,0,0,0,1,0,1,0,0,1,0,0,1,0,0,0,0,1,0,0,0,0,0,0,0,0,1,1,0,0,0,0,0,0,0,2,0,1,0,0
3071341200010200031,47,0,0,1,0,7,0,0,1,0,9,1,6,0,5,1,0,0,1,0,0,0,3,0,0,0,1,5,0,0,0,5,0,1,8,0,0,6,0,0,0,32,0,0,0,3,0,3,2,15,0,0,1,0,0,0,2,2,10,0,0,0,0,0,3,0,0,1,0,3,1,0,0,1,1,0,44,0,2,0,0,1,0,1,0,0,0,0,0,0,14,3,0,0,0,0,1,1,0,1,8,1,3,0,0,1,0,0,0,0,0,0,0,0,0,0,5,1,2,0,0,1,0,0,0,0,0,0,13,1,0,2,0,0,0,0,0,0,1,0,0,0,0,0,0,0,0,0,0,0,0,0,0,0,0,0,0,0,0,0,0,0,0,0,0,0,0,1,0,0,0,0,0,0,0,0,0,0,0,0
3071341200010200033,117,0,0,0,1,0,0,0,0,8,19,1,5,0,2,0,1,1,0,0,0,1,4,0,0,0,0,0,0,0,1,2,0,1,5,0,0,3,0,0,0,48,0,0,0,5,2,0,13,15,1,0,0,1,2,0,2,0,11,1,0,0,0,0,0,0,0,0,0,1,0,0,0,0,1,0,32,0,0,0,2,3,3,0,0,0,0,0,4,0,9,1,0,1,0,0,0,0,0,0,4,42,2,0,2,0,0,6,7,0,0,0,0,0,0,0,2,0,1,0,0,0,2,0,0,1,0,0,30,3,0,1,0,0,0,0,0,0,0,0,0,0,0,0,1,0,0,0,0,0,0,0,0,0,1,0,0,0,0,1,0,0,0,0,0,0,1,0,0,0,0,0,0,0,0,0,0,0,0,0
3071341200010200035,103,0,0,0,2,0,11,0,0,4,37,5,8,0,3,0,1,1,0,1,3,0,9,1,0,0,1,11,0,1,0,3,0,0,24,0,0,4,0,0,0,19,0,0,2,6,6,8,22,9,0,0,0,1,0,1,1,0,16,1,1,0,0,0,11,0,0,1,1,1,0,0,0,0,0,2,57,1,5,0,3,3,5,3,0,4,0,0,0,0,33,10,0,0,3,1,2,2,0,2,14,21,12,0,1,2,0,4,2,2,0,0,0,0,1,0,0,3,2,0,0,5,1,0,6,1,1,0,3,1,0,7,0,0,0,0,0,0,0,1,1,0,0,0,0,0,0,0,0,0,1,0,0,0,0,0,0,0,0,0,0,1,0,0,0,0,0,0,0,0,0,0,1,2,0,0,0,0,0,0
3071341200010200038,83,0,0,0,0,1,2,0,0,1,7,0,7,0,4,1,1,0,1,0,0,0,3,1,1,0,0,8,0,0,0,2,0,1,2,0,0,1,0,0,2,40,0,0,1,2,5,7,2,25,0,0,0,1,0,0,1,0,5,1,0,0,0,0,1,0,0,0,0,5,0,1,1,0,1,0,25,0,3,0,0,3,10,0,1,2,0,0,0,0,18,5,0,0,0,2,0,0,0,1,2,9,1,0,0,0,0,0,1,0,0,0,0,0,1,0,2,1,2,0,0,3,1,0,2,0,1,0,6,1,0,0,0,0,0,0,0,1,0,0,0,0,0,0,0,0,0,0,0,0,0,0,0,0,1,0,1,0,0,0,0,1,0,0,0,0,0,0,0,1,0,0,0,0,0,0,0,0,0,0
3071341200010200040,55,12,0,1,0,1,6,0,0,2,16,0,0,12,0,1,0,0,0,0,0,2,6,2,0,1,0,6,0,0,1,2,2,0,7,3,0,1,0,2,1,0,0,1,1,2,2,11,0,2,0,2,0,0,0,0,1,0,1,8,11,1,1,1,7,1,0,0,3,4,0,0,0,0,0,0,5,0,0,0,0,1,0,1,0,12,0,0,4,1,24,10,0,0,4,3,0,1,0,0,9,2,6,0,1,0,0,8,0,0,0,1,0,0,0,0,1,1,13,0,0,2,3,1,2,0,1,0,0,0,0,0,0,0,0,0,0,0,0,0,1,0,1,0,0,0,0,0,0,0,1,0,0,0,0,0,0,0,0,0,0,0,0,0,0,0,0,0,0,0,0,0,0,0,0,0,0,0,0,0
3071341200010200043,65,0,0,1,0,0,7,0,0,2,17,0,4,0,0,0,1,0,1,0,1,1,2,0,0,0,0,9,0,0,0,4,1,0,10,0,0,1,0,0,0,19,0,0,10,6,2,5,18,9,0,0,0,1,1,0,1,0,8,0,1,0,0,0,8,0,1,0,0,3,1,0,0,0,0,0,28,0,2,0,3,0,3,1,0,4,0,0,0,2,17,4,0,1,3,1,0,0,0,1,7,8,2,0,2,1,0,0,2,0,0,1,0,0,1,0,3,1,0,0,2,0,0,1,8,2,0,0,3,1,0,1,0,0,0,0,0,0,0,0,0,0,0,0,0,0,1,0,0,0,0,0,0,0,0,0,0,0,0,1,0,0,0,0,0,0,0,0,0,0,0,0,0,0,1,0,0,0,0,0
3071341200010200045,93,0,0,0,0,3,1,0,0,2,11,1,4,0,2,0,0,1,1,0,0,0,8,0,0,0,0,12,0,0,0,5,0,1,9,1,0,2,0,1,2,84,0,0,0,5,1,2,1,19,0,0,0,0,0,1,2,1,7,0,1,0,0,0,7,0,0,0,0,9,1,0,0,0,0,0,14,0,1,1,0,3,1,1,0,3,0,0,1,0,9,5,0,0,3,0,0,0,0,2,6,1,0,0,0,1,0,0,9,0,0,0,2,0,1,0,0,0,4,0,1,0,0,0,0,0,0,0,9,1,1,0,0,0,0,0,1,1,0,1,1,0,1,1,0,0,0,0,0,0,0,0,0,0,0,0,0,0,0,0,0,0,0,0,0,0,0,0,0,0,0,0,0,0,0,1,0,0,0,1
3071341200010200046,137,1,0,0,0,3,1,0,1,4,25,0,2,0,2,0,0,0,0,1,0,2,6,1,1,0,0,0,1,0,2,9,1,1,18,1,1,1,0,0,0,126,0,1,0,5,12,1,3,29,1,0,0,2,2,0,0,0,13,0,1,0,0,1,2,0,0,0,0,7,3,0,0,2,3,0,31,0,2,1,1,11,0,0,0,1,0,1,1,0,13,0,0,0,3,1,0,0,1,1,3,2,0,1,1,0,0,0,8,0,0,0,0,0,2,0,2,0,6,0,1,2,2,0,0,1,0,1,23,1,0,1,0,0,0,0,0,1,0,0,0,1,1,1,0,0,2,0,0,0,0,0,0,0,0,0,0,0,0,1,0,0,0,0,0,0,0,0,0,0,0,0,0,0,0,0,0,0,0,0
3071341200010200047,36,0,0,0,0,0,0,0,0,0,3,0,4,0,3,0,0,0,0,2,1,0,1,0,0,1,0,3,0,0,3,3,0,0,3,0,1,0,0,0,0,24,0,0,1,3,0,2,0,34,0,1,0,0,0,0,0,0,3,0,0,0,0,0,2,0,0,0,0,1,2,0,0,0,0,0,7,0,1,0,0,0,4,2,0,2,0,1,0,0,2,3,0,1,0,1,0,0,0,0,5,4,1,1,0,0,0,0,0,0,0,0,0,0,0,0,3,1,0,0,0,1,1,2,0,0,0,0,6,0,0,2,0,0,0,0,0,0,0,0,0,0,0,0,1,1,0,0,0,0,0,0,0,0,0,0,0,0,0,0,0,0,0,1,0,0,0,0,0,0,0,0,0,1,0,0,0,0,0,0
3071341200010200049,121,1,0,1,0,8,4,0,0,1,6,0,4,1,10,0,0,1,0,0,2,1,5,1,1,2,0,7,2,1,2,9,0,0,19,0,0,4,1,0,4,113,0,1,0,13,7,1,4,93,0,0,0,3,1,2,1,0,2,3,0,0,0,1,1,0,1,1,0,13,8,0,0,1,0,1,64,0,0,0,0,11,5,6,0,1,0,0,1,1,21,5,0,1,5,6,0,1,0,10,7,7,4,2,1,3,0,1,6,0,0,2,0,1,1,0,5,5,3,0,4,10,1,0,4,0,1,1,14,0,1,12,0,1,0,0,0,0,1,1,1,0,2,2,0,0,2,1,0,0,0,1,0,0,0,0,0,1,0,0,1,0,0,0,0,1,0,1,0,0,0,0,0,0,0,0,0,0,0,0
3071341200010200052,30,15,0,1,0,2,0,0,0,0,1,0,1,0,2,0,0,1,0,0,0,2,0,3,4,0,0,27,0,1,0,0,0,0,1,0,0,0,1,0,1,1,0,0,0,0,22,26,1,0,1,0,0,0,0,0,2,0,0,1,0,0,0,0,0,1,1,0,0,10,0,1,0,0,3,0,1,1,0,1,2,4,0,0,0,29,0,0,1,0,3,1,0,0,1,9,0,1,0,0,30,1,3,0,0,0,0,0,0,0,2,0,0,0,0,0,0,1,39,0,1,0,0,0,5,1,0,0,2,1,0,0,0,0,0,0,0,0,0,0,0,0,0,0,0,0,0,0,0,0,0,0,0,0,0,0,0,0,0,1,0,0,0,0,1,1,0,0,0,0,0,0,0,0,0,0,0,1,0,0
3071341200010200057,140,0,0,5,1,0,1,1,1,5,1,0,1,0,1,0,1,0,0,2,0,2,9,0,0,9,0,11,0,1,1,1,0,1,4,0,1,0,0,11,18,2,0,1,0,21,5,0,0,3,0,0,0,1,1,0,0,0,13,25,0,0,1,0,2,1,0,0,0,0,2,1,1,1,3,0,4,0,2,0,1,3,0,41,0,9,0,2,1,0,19,27,0,2,4,6,21,0,0,9,13,0,0,3,1,0,0,0,0,0,1,0,1,0,1,1,1,2,1,0,0,0,3,1,5,0,6,2,0,1,0,0,0,0,1,0,1,0,0,2,0,0,1,0,0,0,0,0,0,0,0,0,0,0,0,0,0,0,0,0,0,0,1,3,0,0,1,0,0,1,0,0,0,0,0,1,0,0,0,0
3071341200010200058,58,0,0,0,0,9,0,0,0,2,5,0,0,0,9,0,0,0,1,0,0,1,5,0,0,0,0,2,0,0,1,0,0,0,9,0,1,2,0,0,0,88,1,0,1,0,3,1,0,32,1,0,0,0,0,0,1,0,1,0,0,0,0,0,1,0,0,0,0,7,3,0,1,0,2,0,45,0,0,1,2,2,0,0,0,0,0,0,1,0,8,2,1,0,0,1,0,0,0,3,3,0,1,1,0,0,0,1,2,1,0,0,0,0,0,0,1,0,1,0,0,4,0,0,1,0,0,0,11,2,0,4,0,0,0,0,0,0,0,0,0,0,0,0,0,0,1,0,0,0,0,0,0,0,0,0,0,0,0,1,0,0,0,0,0,1,0,0,0,1,0,0,0,1,0,1,0,0,1,0
3071341200010200059,55,0,0,0,0,0,5,0,0,1,0,0,0,1,1,0,2,0,0,1,1,0,1,0,0,8,0,1,0,0,6,1,0,0,2,0,0,2,0,2,6,7,0,0,0,7,3,0,0,9,0,1,0,0,0,0,1,1,5,3,0,0,0,0,1,0,2,0,0,3,1,0,0,0,0,0,4,0,0,0,0,0,1,14,0,13,0,0,0,0,11,16,0,0,1,3,0,0,1,1,1,0,0,1,0,0,0,1,0,0,0,0,0,0,0,0,0,1,0,0,0,0,3,1,2,0,1,0,3,1,0,0,0,0,0,1,0,0,0,0,1,0,0,1,0,0,0,0,0,1,0,1,0,0,0,0,0,0,0,0,0,0,0,1,0,0,0,0,0,2,0,0,0,1,0,0,0,0,0,0
3071341200010200060,28,0,0,0,0,1,2,0,1,3,3,1,1,0,2,0,0,0,0,0,0,0,1,0,0,2,0,5,0,0,1,3,0,0,3,0,0,1,1,0,0,28,0,0,2,0,4,3,0,17,0,0,0,1,0,0,0,0,2,0,0,0,0,0,1,0,0,0,0,0,2,0,0,0,1,0,13,0,1,0,2,2,0,1,0,0,0,1,0,0,11,2,0,0,1,0,0,0,0,0,3,1,2,0,0,2,0,1,1,0,0,0,0,1,1,0,0,0,1,0,1,1,1,0,0,0,0,0,4,0,0,1,0,0,0,0,0,0,0,0,0,0,0,0,0,0,0,0,0,0,0,0,0,0,0,0,0,0,0,0,0,0,0,0,0,0,0,0,0,0,0,0,0,0,0,1,0,0,0,0
3071341200010200061,44,0,0,0,1,4,4,0,0,0,11,1,4,0,12,0,0,0,1,0,1,1,1,0,0,0,1,1,0,0,0,2,0,0,4,0,0,5,0,0,0,79,0,0,1,2,3,1,5,43,0,0,0,0,0,0,1,0,2,0,0,0,1,0,1,1,0,0,0,7,3,0,1,1,1,0,41,0,1,0,1,4,0,0,0,2,0,1,0,0,28,0,1,0,2,1,0,0,0,3,2,2,0,0,0,0,0,0,1,0,0,0,0,0,0,0,8,2,1,0,0,4,0,0,1,1,0,0,10,0,0,2,0,0,0,0,1,0,0,1,0,0,0,0,0,0,0,0,0,0,0,0,0,0,0,0,1,0,0,1,0,0,0,0,1,0,0,0,0,0,0,0,0,1,0,1,0,1,0,0
3071341200010200062,9,1,0,0,0,1,0,0,0,0,0,0,0,0,0,0,0,0,0,0,0,0,0,0,0,0,0,3,0,0,0,0,2,0,0,0,0,0,0,0,0,1,0,0,0,1,0,5,0,0,0,0,0,0,0,0,1,0,1,0,0,0,0,0,1,0,0,0,0,1,0,0,0,0,0,0,0,0,0,0,0,2,0,0,0,0,0,0,1,0,1,0,0,0,0,1,0,0,0,0,13,0,0,0,1,0,0,0,0,0,0,0,0,0,0,0,0,0,14,0,0,0,0,0,2,1,0,0,0,0,0,0,0,0,0,0,0,0,0,0,0,0,0,0,0,0,0,0,0,0,0,0,0,0,0,0,0,0,0,0,0,0,0,0,0,0,0,0,0,0,0,0,0,0,0,0,0,0,0,0
3071341200010200064,95,1,0,1,0,0,3,1,0,2,3,1,2,0,1,20,0,0,0,1,17,0,3,3,6,0,0,39,0,1,0,1,0,0,2,0,0,0,0,0,3,4,0,0,3,0,1,3,3,0,0,2,0,0,2,0,0,0,2,4,1,2,0,0,2,1,0,0,4,1,0,1,0,0,0,0,4,0,0,1,1,0,3,0,1,5,1,1,0,0,11,3,1,0,3,0,0,1,1,0,25,11,3,0,0,0,0,2,2,0,17,1,1,0,0,0,0,0,2,1,1,1,1,1,4,0,0,1,0,1,0,0,0,0,0,0,0,1,0,1,2,0,1,0,0,0,0,0,0,0,1,0,1,0,0,0,0,1,0,0,1,0,0,0,0,0,0,0,0,0,0,0,0,0,0,0,0,0,0,0
3071341200010200068,80,1,0,2,0,1,7,1,0,0,0,1,0,0,1,0,4,0,0,0,0,0,0,0,0,12,0,0,0,0,5,3,0,1,0,0,1,0,1,2,22,4,1,1,1,5,3,2,0,2,0,5,0,0,0,1,1,0,37,16,1,0,0,0,3,6,0,0,0,0,1,0,0,1,0,0,4,0,1,0,13,0,0,41,1,29,0,0,0,0,10,23,0,1,2,1,5,0,1,0,2,1,1,5,0,0,1,0,0,0,0,0,1,0,1,0,0,1,3,0,1,0,9,1,2,1,7,0,1,0,1,0,0,0,0,0,1,0,0,0,0,0,0,0,0,0,0,1,1,1,0,0,0,0,0,0,0,0,0,0,0,0,0,0,0,0,0,0,0,0,0,0,0,0,0,0,1,0,0,0
3071341200010200069,60,0,0,2,0,1,8,0,0,1,0,2,0,0,0,1,3,0,0,0,0,0,1,0,0,6,0,5,1,0,5,1,0,0,2,0,0,0,0,1,8,0,0,4,1,9,1,0,0,1,0,2,1,0,0,1,1,0,19,30,0,0,0,0,1,3,0,0,0,0,2,0,0,1,1,0,1,0,1,0,2,0,1,52,0,23,0,0,0,0,10,22,1,1,3,5,3,0,1,2,4,1,0,4,2,0,0,0,0,0,2,0,0,0,1,0,0,1,0,0,1,0,5,0,2,0,0,0,0,0,0,0,0,0,0,0,0,0,1,0,0,0,1,0,0,0,1,0,1,0,0,0,0,0,0,0,0,1,1,0,0,0,0,0,0,0,0,0,0,0,0,0,0,0,0,0,0,0,0,1
3071341200010200070,12,0,0,0,0,1,1,0,0,1,0,1,0,0,2,0,0,2,0,0,0,0,3,0,0,0,0,0,0,0,0,2,0,0,5,0,0,0,0,0,0,17,0,0,2,2,3,0,0,33,0,0,0,0,0,0,1,0,0,0,1,0,0,0,1,0,0,0,0,2,2,0,0,0,1,0,3,0,0,0,0,1,0,0,0,0,0,0,0,0,6,1,1,0,0,1,0,0,0,0,0,0,1,0,0,1,0,1,1,0,0,0,0,0,1,0,0,0,0,0,2,0,0,0,1,0,0,0,1,0,0,0,0,0,0,0,0,0,0,0,0,0,0,0,0,1,1,0,0,0,0,0,0,0,0,0,0,0,0,0,0,0,0,0,0,0,0,0,0,0,0,0,0,0,0,0,0,0,0,0
3071341200010200071,39,9,1,2,0,4,1,0,0,0,1,0,1,0,2,1,0,0,1,1,0,2,2,3,4,3,0,25,1,0,0,1,2,3,0,0,0,0,0,0,0,3,0,0,1,0,8,70,1,0,0,0,0,0,1,0,1,0,0,0,2,1,0,1,5,1,0,0,0,16,1,0,0,1,2,0,3,0,0,1,1,3,0,0,9,25,1,0,0,0,4,0,0,0,1,8,0,1,0,0,45,0,2,1,3,1,0,0,0,0,4,0,4,0,0,0,0,0,44,0,0,0,0,0,8,0,0,0,12,0,2,0,0,0,0,0,0,0,0,0,0,0,0,0,0,0,1,0,0,0,0,0,0,0,0,1,0,1,0,0,0,0,0,1,0,0,0,0,0,0,1,0,0,0,0,1,0,0,0,2
3071341200010200072,54,0,0,1,1,6,3,0,0,4,1,1,1,0,2,0,0,2,1,0,0,0,1,0,0,0,1,18,1,0,0,4,3,0,29,1,0,0,0,0,0,29,0,1,3,0,20,0,0,18,0,0,0,1,0,1,0,0,1,1,0,0,0,0,0,1,1,1,0,1,4,0,0,0,0,0,22,0,0,0,2,2,0,0,0,1,0,0,0,1,11,2,0,0,4,22,0,1,0,3,16,3,0,1,0,1,0,1,0,0,0,0,0,0,0,0,0,3,2,0,3,1,1,0,10,0,3,0,5,1,0,3,0,0,0,0,0,0,1,0,0,1,0,1,0,0,0,0,0,1,0,0,0,1,0,0,0,0,0,0,0,0,0,1,0,0,0,1,0,0,0,0,0,0,0,0,0,0,1,1
3071341200010200073,38,0,0,0,0,0,9,0,0,1,8,0,5,0,1,2,0,1,0,0,3,0,3,0,0,0,0,11,0,0,0,0,0,0,15,0,0,0,0,0,1,4,0,1,3,0,1,12,8,5,2,0,1,0,0,0,0,0,5,0,0,0,0,0,7,0,0,0,0,1,0,0,0,0,0,2,16,0,0,0,0,0,2,1,0,1,1,2,0,0,6,4,1,1,3,2,0,0,0,2,1,22,4,4,0,1,0,7,2,0,1,0,1,1,0,0,4,1,1,0,0,1,1,1,5,0,0,0,1,0,0,0,0,0,0,0,0,0,0,0,0,0,0,0,0,0,0,1,0,0,0,0,0,0,0,1,1,0,0,0,0,0,0,1,0,0,1,0,0,0,1,2,0,1,0,0,0,0,0,0
3071341200010200074,16,0,0,0,0,0,0,0,0,2,0,0,0,0,0,0,0,0,0,0,0,0,0,0,0,0,0,8,0,0,0,0,1,0,2,0,0,0,0,0,0,1,0,0,0,1,4,0,0,2,0,0,0,0,0,0,0,0,0,2,0,0,0,0,0,0,0,0,0,0,0,1,0,0,0,0,1,0,0,0,0,0,2,1,0,3,0,0,0,1,2,0,0,0,1,3,3,0,0,0,2,0,1,0,0,0,0,0,0,0,0,0,0,0,0,0,0,1,0,0,0,0,0,0,6,0,1,0,0,0,0,0,0,0,0,0,1,0,0,0,0,0,0,0,0,0,0,0,0,0,0,0,0,0,0,0,0,0,1,0,0,1,0,0,0,0,0,0,0,0,0,0,0,0,0,0,0,0,0,0
3071341200010200075,31,1,0,1,0,1,1,0,1,5,1,0,0,0,0,5,0,0,1,1,7,0,3,0,7,0,0,19,0,0,1,1,1,0,1,0,0,0,0,0,3,0,0,0,0,0,1,3,1,0,0,1,0,0,0,1,0,0,1,0,0,0,0,0,1,3,0,0,1,0,0,0,0,0,2,0,1,1,0,0,0,1,0,0,0,5,0,0,1,0,6,2,0,0,0,2,0,1,0,0,13,8,1,1,0,0,0,3,0,0,8,0,0,0,0,0,0,0,2,0,0,0,0,0,0,1,0,0,0,1,0,0,0,0,0,0,0,0,0,0,0,0,0,0,1,0,0,0,0,0,0,0,0,0,0,1,0,0,0,0,0,0,0,0,0,0,0,0,0,0,0,0,0,0,0,0,0,0,0,0
3071341200010200077,117,0,0,1,0,1,0,0,1,2,1,0,1,0,0,0,4,1,0,0,0,0,1,1,0,8,0,1,0,0,2,3,1,0,0,0,0,0,0,3,10,1,0,0,1,12,4,1,0,1,0,2,0,1,0,0,1,0,35,19,0,0,0,0,4,0,0,0,0,0,0,0,0,1,1,0,4,0,0,0,0,0,0,36,0,15,0,1,0,0,13,18,0,2,4,4,11,0,0,0,1,0,0,2,0,0,0,0,0,1,2,1,0,0,0,0,0,0,0,0,0,0,6,5,0,0,8,0,0,0,0,0,0,0,0,0,0,0,0,0,0,0,0,0,0,0,0,0,0,1,0,1,0,0,0,1,0,0,0,1,0,0,0,0,0,0,0,0,0,0,0,0,0,0,0,0,0,1,0,0
3071341200010200079,95,1,0,1,0,0,7,1,2,13,0,0,1,0,1,2,1,2,0,1,0,5,9,2,0,0,0,32,1,0,0,26,2,0,161,1,0,0,0,0,2,8,0,1,59,1,66,1,1,11,0,2,0,0,1,0,3,0,1,1,1,0,0,0,0,2,0,0,0,2,1,0,0,0,0,0,7,0,1,0,1,6,1,0,1,10,0,0,0,1,35,3,0,1,10,49,3,1,0,1,17,2,1,1,0,1,0,0,0,0,0,0,0,0,0,0,1,2,2,0,14,1,2,0,17,0,17,0,3,2,0,0,0,0,0,0,0,0,1,1,0,0,0,0,0,0,1,0,2,0,0,1,0,0,0,0,0,0,0,0,2,0,1,0,0,0,0,1,1,0,1,1,1,0,0,0,0,1,0,0
3071341200010200084,61,0,0,0,0,0,2,0,0,1,1,2,0,1,0,0,0,0,0,0,0,0,0,1,0,5,0,1,0,0,2,0,0,1,1,0,1,1,0,2,15,0,0,2,0,5,5,1,0,0,0,0,0,0,0,0,0,0,23,19,0,0,0,0,0,0,0,0,1,0,0,0,0,0,0,0,2,0,0,0,3,1,1,29,0,10,0,0,0,0,7,13,0,1,3,1,14,0,0,0,1,1,0,2,0,0,0,0,0,0,0,0,1,0,0,0,0,1,3,0,0,0,4,0,3,1,6,0,0,0,1,0,0,0,0,0,0,0,0,0,1,0,0,1,0,0,0,0,0,0,0,0,0,0,0,0,0,0,0,1,1,0,0,0,0,0,0,0,0,0,0,0,0,0,0,0,0,0,0,0
3071341200010200087,60,0,0,1,0,0,0,1,3,4,0,0,0,0,1,14,0,1,0,0,16,1,8,0,6,0,0,19,0,2,0,3,0,0,2,0,0,4,0,0,2,3,0,0,1,0,3,12,2,0,0,4,0,2,0,0,0,0,1,0,1,0,0,0,3,0,0,1,9,3,0,1,0,1,2,0,1,0,0,1,0,0,1,0,3,17,0,2,0,1,6,1,0,0,2,0,2,1,0,0,30,5,0,1,0,0,0,3,0,0,8,0,1,0,0,0,1,2,1,0,0,1,0,0,3,1,0,3,1,0,0,0,0,0,0,0,0,0,0,0,1,0,0,0,0,0,1,0,0,0,0,0,0,0,1,0,0,0,0,0,0,0,0,0,0,0,0,0,0,0,0,0,0,0,0,1,0,0,0,0
3071341200010200092,56,0,0,0,0,1,4,0,0,0,0,0,0,0,0,0,0,0,0,0,0,0,3,0,0,8,0,2,0,0,4,1,0,0,0,0,1,0,0,1,11,0,0,1,0,4,0,1,0,0,0,2,0,0,0,0,1,0,30,13,1,0,0,0,0,0,1,0,2,1,1,0,0,0,2,0,4,0,0,0,2,0,0,36,0,12,0,1,0,0,13,13,1,1,3,2,10,0,0,3,0,0,2,0,0,0,0,0,1,0,0,1,0,0,0,0,1,1,4,0,0,1,3,2,2,1,9,0,1,0,0,1,0,0,0,0,0,1,0,4,0,0,0,0,0,1,0,0,0,0,0,0,0,0,0,0,0,0,0,0,0,0,0,0,0,0,0,0,0,0,0,0,0,0,0,0,0,0,0,0
3071341200010200098,13,2,0,0,0,1,2,0,0,0,0,0,0,0,1,0,0,0,1,0,0,0,0,0,2,0,0,4,0,0,0,0,2,2,0,0,0,0,0,0,2,0,0,0,1,0,4,12,1,0,0,0,0,0,0,0,0,0,0,1,1,0,0,0,0,0,0,0,0,3,0,0,0,0,0,0,0,0,0,0,0,0,0,0,2,2,0,0,0,0,3,0,0,0,0,2,0,0,0,0,7,0,0,1,0,0,1,0,0,1,2,0,0,0,0,0,0,0,9,0,1,0,0,0,1,0,0,0,0,0,0,0,0,0,0,0,0,0,0,0,0,0,0,0,0,0,0,0,0,0,0,0,0,0,0,0,0,0,0,0,0,0,0,0,0,0,0,0,0,0,0,0,0,0,0,0,0,0,0,0
3071341200011100017,3,0,0,0,0,0,0,0,0,0,0,0,0,0,0,1,0,0,0,0,5,0,0,0,3,0,0,12,0,0,0,0,0,0,0,0,0,0,0,0,0,0,0,0,0,0,0,0,0,0,0,0,0,0,0,0,0,0,0,0,0,0,0,0,0,0,0,0,1,0,0,0,0,0,2,0,0,0,0,0,0,0,0,1,0,1,0,0,0,0,7,0,0,0,0,1,0,0,0,0,11,1,0,0,0,0,0,0,0,0,0,0,0,0,0,0,0,0,0,0,0,0,0,0,1,0,0,0,0,0,0,0,0,0,0,1,0,0,0,0,0,0,0,0,0,0,0,0,0,0,0,0,0,0,0,0,0,0,0,0,1,0,0,0,0,0,0,0,0,0,0,0,0,0,1,0,0,0,0,0
3071341200011100021,59,0,0,0,0,0,2,0,0,0,1,1,0,1,1,1,0,0,0,1,0,3,0,0,0,3,0,6,0,0,0,0,0,0,0,0,0,2,0,3,5,0,0,0,1,4,5,1,0,0,0,1,0,0,0,0,0,0,5,12,0,0,0,0,1,0,0,0,1,1,0,0,0,0,1,0,1,0,0,0,0,2,1,14,0,1,0,0,0,0,6,8,0,0,1,3,1,0,0,0,2,0,0,1,0,0,0,1,0,0,0,0,0,0,0,0,0,1,0,0,1,2,0,0,2,0,1,0,0,1,0,0,0,0,0,0,0,0,0,0,0,0,0,0,0,0,0,0,1,0,0,0,0,0,0,0,0,0,0,0,0,0,0,0,0,0,0,0,0,0,0,0,0,0,0,0,0,0,0,0
3071341200011200136,57,0,0,1,0,1,0,0,0,3,0,1,0,0,0,5,0,0,1,9,8,0,0,6,6,1,1,116,1,0,0,1,1,0,4,9,0,1,0,0,1,3,0,0,1,1,6,0,0,0,0,0,1,1,0,0,0,0,1,4,3,0,0,0,2,0,1,0,6,0,1,0,0,0,0,1,4,0,0,1,0,0,1,0,0,3,0,1,0,1,26,0,0,0,3,3,0,0,0,0,131,0,1,1,0,0,0,1,0,0,1,0,0,0,1,0,0,11,0,0,0,0,1,0,1,0,0,0,1,0,0,0,0,0,0,0,0,0,0,0,0,0,0,0,0,0,0,0,0,0,1,0,0,0,0,0,0,0,0,0,0,0,0,1,0,0,0,1,0,0,0,0,0,0,1,0,0,1,0,0
3071341200011200142,44,0,0,0,0,0,1,0,0,0,0,0,1,0,0,0,0,0,0,0,0,1,2,1,0,2,0,1,1,0,0,3,0,0,3,0,0,0,0,5,2,1,0,1,0,6,0,0,0,0,0,1,0,0,0,0,0,0,4,12,1,0,0,0,1,0,0,0,0,0,0,0,0,0,0,0,1,0,0,1,0,1,1,8,0,7,0,0,0,1,7,11,0,0,2,4,5,0,0,3,4,0,0,0,0,0,0,0,0,1,2,1,0,0,0,0,0,1,0,0,1,3,0,1,1,0,0,0,0,1,0,0,0,0,0,0,0,1,0,0,0,0,0,0,0,0,0,0,0,0,0,0,0,0,0,0,0,0,0,0,0,0,0,0,0,0,0,0,0,0,0,0,0,0,0,0,0,0,0,0
3071341200011200145,32,0,0,0,0,1,0,0,0,1,1,0,0,0,0,0,0,0,0,1,3,0,0,1,0,0,1,24,0,0,0,0,0,0,1,3,0,5,0,0,1,0,0,0,1,2,5,0,0,0,0,0,0,0,0,0,0,0,3,2,0,0,0,0,5,0,0,0,0,1,0,1,0,0,0,0,0,0,0,0,0,0,1,3,0,2,0,0,0,1,23,2,0,1,1,0,1,0,0,0,32,0,0,0,0,0,0,2,0,0,0,0,0,0,0,0,0,6,0,0,0,1,0,0,0,1,0,0,0,0,0,0,1,0,0,0,0,0,0,0,0,0,1,0,0,0,0,0,0,0,0,0,0,0,0,0,0,0,0,0,0,0,1,1,0,1,1,0,0,0,0,0,1,0,0,0,0,0,0,0
3071341200011200149,27,0,0,0,1,0,0,0,0,2,0,0,0,0,0,21,0,1,0,1,22,0,0,1,8,0,0,39,0,0,0,0,0,0,3,0,1,1,0,0,0,0,0,0,1,0,4,0,1,1,0,0,0,0,0,0,0,0,1,8,0,0,0,0,1,1,0,0,7,0,0,0,0,0,0,0,4,0,0,0,0,2,0,3,0,3,0,0,0,0,15,3,0,0,0,5,0,0,0,0,41,0,0,0,0,0,0,3,0,1,0,0,0,0,0,1,0,1,1,0,0,1,1,0,0,0,1,0,0,1,0,0,0,0,0,1,0,0,0,0,0,0,0,0,0,0,0,0,0,0,0,0,0,0,0,0,0,0,0,0,0,0,0,0,0,0,0,0,0,0,0,0,0,0,0,0,0,0,0,1
3071341200011200153,64,1,0,0,0,1,0,0,0,3,0,0,0,0,1,0,1,4,0,0,0,3,1,0,0,3,0,0,0,2,4,1,1,0,2,4,0,0,0,13,2,0,0,0,1,4,1,2,0,0,0,5,0,0,0,0,0,0,9,12,0,0,0,0,2,0,0,0,0,0,0,0,0,0,3,1,0,0,1,0,0,1,0,17,0,13,0,0,0,0,12,13,0,2,1,2,17,0,0,5,2,0,1,0,0,0,0,0,1,0,3,0,0,0,0,0,0,3,2,1,0,0,2,1,0,3,5,0,1,0,0,0,0,0,0,0,0,0,0,0,0,0,0,1,0,0,0,0,0,0,0,0,0,0,0,0,0,0,1,0,0,0,0,0,0,0,0,0,0,0,0,0,0,0,0,0,2,0,0,0
3071341200011200154,71,0,0,1,0,0,1,0,0,0,0,0,1,0,0,2,1,0,0,0,1,0,0,0,0,7,0,11,0,0,3,1,0,0,2,0,0,3,0,3,3,0,0,0,0,6,1,1,0,0,0,1,0,0,0,0,2,0,4,12,0,0,0,0,8,0,0,0,0,0,0,0,0,0,0,0,1,0,0,0,0,0,0,16,0,6,0,1,1,1,9,5,0,0,1,0,1,0,0,0,9,0,0,1,0,0,0,2,0,0,0,0,0,1,0,0,0,0,2,0,0,0,1,0,0,0,1,1,0,1,0,0,0,0,0,0,0,1,0,0,0,0,0,0,0,0,0,0,0,0,0,0,0,0,0,0,0,0,0,0,0,0,0,0,0,0,0,0,0,1,0,0,0,0,0,0,0,0,0,0
3071341200011200159,12,0,0,1,0,0,0,0,0,0,0,0,0,0,0,4,0,0,1,5,2,0,0,0,1,0,0,48,0,0,0,0,0,0,0,1,0,1,0,0,0,0,0,0,0,0,2,0,0,1,0,0,0,0,0,0,0,0,0,2,0,0,0,0,0,0,1,0,0,0,0,0,0,0,0,0,0,0,0,0,1,0,0,0,0,1,0,0,0,0,2,1,0,0,0,0,0,0,0,0,74,0,0,0,0,0,0,0,0,0,1,0,0,0,0,0,0,1,1,0,0,0,0,0,0,0,0,0,0,0,0,0,0,0,0,0,0,0,0,0,0,0,0,0,0,0,0,0,0,0,0,0,0,0,0,0,0,0,0,0,1,0,0,0,1,0,0,0,0,0,0,0,0,0,0,0,0,0,0,0
3071341200011200160,56,1,0,1,0,0,2,0,0,3,1,1,1,0,0,0,3,1,1,0,0,0,0,0,0,2,0,4,0,0,1,3,0,0,4,1,0,1,0,5,12,1,0,0,0,13,2,0,0,0,0,3,1,0,0,0,1,0,13,11,0,1,0,0,1,0,0,0,1,1,2,0,0,0,2,0,5,0,0,0,2,0,0,28,0,20,0,1,0,0,18,28,0,1,2,1,14,1,0,1,3,2,1,1,2,0,0,0,1,0,4,1,0,0,0,0,0,2,1,0,2,0,5,1,0,0,5,0,1,1,0,1,0,0,0,1,0,0,0,0,0,0,0,0,0,0,0,1,0,1,0,0,1,0,0,1,0,0,0,0,0,0,0,0,0,0,0,0,0,0,0,0,0,0,1,0,0,0,0,0
3071341200011300006,36,0,0,2,0,0,1,0,0,1,0,0,0,0,1,0,0,0,0,2,0,1,0,0,0,3,0,9,0,0,0,0,0,0,2,0,0,0,0,2,3,0,0,0,0,5,1,0,0,0,0,1,0,0,0,0,0,0,3,10,0,0,0,0,0,0,0,0,0,0,1,0,0,0,0,0,0,0,0,1,0,2,0,10,0,7,1,0,0,0,4,12,0,0,2,5,8,1,0,2,19,2,0,0,0,0,0,0,0,0,0,1,0,0,0,0,0,0,0,0,1,1,3,1,4,0,1,1,0,1,0,0,0,0,0,0,1,0,0,0,0,0,0,0,0,0,0,0,0,0,0,0,0,0,0,1,0,0,0,0,0,0,0,0,0,0,0,0,0,0,0,0,0,0,0,0,0,0,0,0
3071341200021100001,64,13,0,2,0,0,2,0,1,3,1,0,0,4,0,2,0,1,1,4,3,0,4,10,3,1,2,45,2,0,0,2,1,0,3,1,0,3,14,1,3,13,2,3,1,0,16,4,1,6,0,1,5,1,1,13,1,0,1,0,0,1,0,0,3,2,1,0,2,3,4,2,0,1,0,0,1,0,1,3,1,1,1,3,0,0,1,1,4,2,46,0,0,0,6,2,1,0,0,0,46,1,3,0,0,2,1,7,0,0,0,0,1,0,0,0,0,5,8,0,0,2,0,1,4,1,3,1,0,1,1,0,1,0,0,1,0,0,2,0,0,0,0,0,0,1,0,0,0,0,0,0,0,0,0,1,0,1,1,0,4,1,0,0,1,0,0,1,0,0,0,0,0,1,0,0,0,0,0,0
3071341200021100002,11,2,0,0,0,0,0,0,0,0,0,0,0,1,0,0,0,0,0,0,0,0,0,0,1,0,0,2,0,0,0,0,0,0,0,0,0,0,0,0,0,1,0,0,1,0,2,1,0,0,0,0,0,0,0,1,0,0,0,0,0,1,0,0,0,1,0,0,0,4,0,0,0,0,0,0,0,0,0,0,0,3,0,1,0,0,0,0,1,0,4,0,0,0,0,0,0,0,0,0,3,0,1,0,0,0,0,0,0,0,0,0,0,0,0,0,0,0,9,0,0,0,0,0,0,0,0,0,0,0,0,0,0,0,0,0,0,0,0,0,0,0,0,0,0,0,0,0,0,0,0,0,0,0,0,0,0,0,0,0,0,0,0,0,0,0,0,0,0,0,0,0,0,0,0,0,0,0,0,0
3071341200021100008,19,4,0,0,0,0,0,0,0,0,0,0,0,1,0,1,0,0,0,0,1,0,1,0,2,0,0,2,1,0,1,0,3,0,0,0,0,0,5,0,2,5,0,1,0,0,4,0,0,2,0,0,1,0,0,1,1,0,2,0,0,1,0,0,2,2,0,0,0,1,0,0,0,1,0,0,2,0,0,1,0,0,0,1,0,0,0,0,1,1,4,0,0,0,0,0,0,0,0,0,8,0,0,0,0,0,0,5,0,0,0,0,0,0,2,0,0,1,6,0,0,0,0,1,1,0,2,0,1,0,0,0,1,0,0,0,0,0,0,0,0,0,0,0,0,0,0,0,0,0,0,1,0,0,0,0,0,0,0,0,0,0,0,0,0,0,0,0,0,0,0,0,0,0,0,0,0,0,0,0
3071341200021100009,13,0,0,1,0,0,0,1,0,0,0,0,0,1,0,3,0,0,0,1,1,0,0,0,0,0,0,18,0,0,1,1,0,0,1,0,0,2,0,0,1,1,0,0,1,1,2,2,0,0,0,0,0,0,0,0,0,0,1,0,0,0,0,0,0,0,0,1,0,0,0,1,0,0,0,0,1,0,0,1,0,0,0,4,0,0,0,0,0,1,3,0,0,0,1,0,0,0,0,0,16,0,0,0,0,0,1,1,0,0,0,0,0,1,1,0,1,2,0,0,0,0,0,1,1,0,3,0,0,0,0,0,1,0,0,0,0,0,0,0,0,0,0,0,1,0,0,0,0,0,0,0,0,0,0,0,0,0,0,0,0,0,0,0,0,0,0,0,0,0,0,0,0,0,0,0,0,0,0,0
3071341200021100010,17,4,0,1,0,0,0,0,1,0,0,0,0,1,1,1,0,1,2,0,0,0,2,0,2,0,0,25,0,0,1,0,0,0,1,0,0,3,2,0,0,3,0,0,0,0,2,1,0,3,0,0,0,0,0,4,0,0,0,0,0,0,0,0,1,1,0,0,0,0,0,0,0,0,0,0,1,0,0,0,0,0,0,1,0,0,0,0,0,1,19,0,0,0,2,0,0,0,0,0,30,0,0,0,0,0,0,4,0,0,0,0,0,0,0,0,0,0,0,0,0,1,0,0,1,0,1,0,0,0,0,0,1,0,0,0,0,0,0,0,0,0,0,0,0,0,0,0,0,0,1,0,0,0,0,0,0,0,0,0,0,0,0,0,0,0,0,0,0,0,0,0,0,0,0,0,0,0,0,0
3071341200021100012,101,0,3,4,1,3,0,0,0,3,0,1,1,3,0,12,1,3,0,4,12,0,1,2,2,0,0,18,1,0,0,10,0,0,0,3,0,31,0,0,10,1,16,0,1,1,16,6,1,0,1,0,0,0,1,1,3,3,7,0,2,0,2,0,7,0,1,0,5,0,0,0,0,1,1,0,9,0,2,7,1,1,2,54,0,0,0,0,3,3,19,1,35,0,5,8,0,0,1,2,11,0,3,0,0,3,1,0,6,0,1,3,1,0,0,0,0,2,0,0,3,9,1,2,8,3,2,0,2,3,0,3,34,0,1,0,0,0,0,0,0,0,0,0,0,0,1,0,0,0,1,3,0,0,0,0,1,0,0,0,0,0,1,1,0,0,0,0,0,0,0,0,0,1,0,0,0,0,0,2
3071341200021100013,32,9,0,1,0,0,0,0,1,0,0,0,0,7,4,1,0,0,4,1,0,0,0,7,0,0,1,3,3,1,0,0,0,1,0,0,0,0,23,0,0,80,0,0,0,3,8,6,0,4,0,0,8,0,0,9,1,0,2,1,0,1,0,0,1,0,1,0,0,0,5,6,0,0,0,0,0,0,0,0,0,2,0,1,0,1,0,0,1,1,7,0,0,0,1,0,0,0,0,0,11,0,1,0,0,0,1,1,0,0,0,0,0,0,0,1,0,0,6,2,0,0,0,0,4,0,0,0,9,1,0,0,0,0,0,0,0,0,0,0,0,0,0,1,0,0,1,0,0,0,0,0,0,0,0,0,0,2,0,0,0,0,0,0,0,0,0,0,0,0,0,0,0,0,0,0,0,0,0,0
3071341200021100020,47,0,0,2,2,1,3,0,0,5,0,0,0,0,0,11,0,0,0,1,11,0,1,0,0,0,1,43,0,0,0,4,0,0,3,0,0,3,0,2,9,0,0,0,1,3,8,4,0,1,0,0,0,0,1,0,1,0,6,0,1,0,0,0,3,0,0,0,7,0,1,1,1,0,0,0,12,0,0,5,1,1,0,25,0,0,0,0,2,0,7,1,8,0,1,1,2,0,0,0,61,0,2,0,3,0,0,0,1,0,0,0,0,0,0,0,1,1,1,0,1,4,2,1,4,0,3,1,1,1,1,2,11,0,0,0,0,0,0,0,0,0,2,0,0,0,0,0,1,0,0,0,1,0,0,0,0,0,0,0,2,0,0,0,0,0,0,0,0,0,0,0,0,0,0,0,0,2,0,0
3071341200021100023,76,0,30,0,11,14,4,0,0,2,1,0,4,0,0,1,0,1,0,0,1,0,2,0,0,1,0,9,0,1,0,6,0,0,16,0,0,30,1,3,7,1,3,2,1,6,2,12,0,0,0,0,0,0,0,1,0,0,1,1,20,0,0,0,10,0,2,0,0,0,0,1,0,0,1,1,15,2,0,0,1,3,0,1,0,0,0,1,24,0,31,0,1,0,17,38,28,3,0,2,4,1,17,2,0,1,4,3,0,0,0,0,0,0,1,1,1,1,3,0,1,2,0,1,8,1,0,1,1,5,0,1,2,0,0,0,0,0,0,1,0,0,0,0,0,1,0,0,0,0,0,0,0,1,0,0,0,0,0,1,0,1,0,1,0,0,0,0,0,0,0,0,0,1,1,1,0,2,1,0
3071341200021100026,166,0,2,1,1,1,18,0,1,0,0,1,1,0,1,3,0,1,1,1,0,0,0,2,0,1,0,3,0,0,1,3,0,0,6,0,0,12,0,5,11,2,0,5,0,16,11,3,0,0,0,0,1,0,5,0,1,0,2,0,2,1,0,0,2,4,1,0,0,0,1,2,0,1,0,0,0,0,0,1,7,0,0,4,0,0,0,0,0,1,2,0,3,0,0,24,2,0,0,0,18,0,7,1,2,0,0,16,1,0,0,0,0,9,1,0,5,3,1,0,0,11,0,0,4,0,1,1,1,4,0,0,1,0,0,0,0,0,0,0,0,0,0,0,0,0,1,0,0,0,2,0,0,0,0,0,0,0,1,0,0,0,0,0,0,0,1,0,0,1,0,0,0,0,1,0,0,0,0,1
3071341200021100027,110,0,1,3,0,2,0,0,0,1,0,1,0,1,0,25,1,0,2,13,18,1,4,0,6,1,0,108,0,0,2,7,0,0,3,0,1,6,0,0,5,3,0,1,1,3,7,6,0,0,0,0,0,1,0,0,0,1,2,0,1,0,0,0,2,0,1,0,6,0,1,3,0,1,1,0,9,0,1,5,1,1,1,19,0,2,1,1,1,1,36,0,3,0,2,10,3,0,1,0,140,0,0,0,3,1,0,2,0,0,2,0,0,1,1,0,0,5,0,0,1,0,0,2,5,0,1,3,2,3,0,0,7,0,0,0,0,0,1,0,0,1,0,1,0,0,1,0,0,0,0,0,0,0,0,1,0,0,0,1,1,0,0,0,0,0,0,1,0,0,0,1,0,0,0,0,0,0,0,0
3071341200021100030,14,0,2,0,0,0,0,0,0,0,0,0,2,0,0,0,0,0,0,0,0,0,1,0,0,0,0,2,0,0,0,1,0,0,3,0,0,2,0,0,0,1,0,0,0,0,0,2,0,0,0,0,0,0,0,0,1,0,0,0,5,0,0,0,0,0,0,0,0,0,0,0,0,0,0,0,3,0,0,0,0,0,0,0,0,0,0,0,4,0,1,0,0,0,2,0,1,0,1,0,0,0,0,0,0,0,0,0,0,0,0,0,0,0,0,0,0,0,0,0,0,0,0,0,0,0,1,0,0,2,0,0,0,0,0,0,0,0,0,0,0,0,0,0,0,0,0,0,0,0,0,0,0,0,0,0,0,0,0,0,0,0,0,1,0,0,0,0,0,0,0,0,0,0,0,0,0,0,0,0
3071341200021100032,73,0,4,1,0,1,1,0,0,0,0,1,0,0,0,0,0,0,0,0,0,2,0,1,0,0,0,9,0,0,0,5,1,1,7,1,0,6,3,1,0,0,0,1,2,1,3,17,0,0,0,0,0,0,1,0,1,1,3,0,12,0,0,0,4,0,0,0,0,0,1,0,0,0,0,0,2,0,2,0,14,3,0,1,0,0,0,0,14,0,5,0,1,0,4,2,9,0,0,0,9,0,6,2,0,2,3,5,0,0,0,0,2,1,0,0,3,0,1,0,0,1,0,1,3,0,6,0,1,4,0,0,0,0,0,0,0,0,0,0,0,0,0,0,0,0,0,0,0,0,0,0,0,0,0,1,0,0,0,0,0,0,0,0,0,0,0,0,0,0,0,0,0,1,0,0,0,0,0,1
3071341200021100033,123,1,9,2,3,0,3,1,0,3,0,0,5,0,0,0,0,2,0,0,0,4,3,0,0,0,0,18,0,2,3,5,0,0,10,1,0,11,0,0,0,2,0,4,2,2,7,34,0,0,6,0,0,0,0,1,1,0,1,0,26,0,0,0,16,1,4,0,0,0,1,1,0,0,2,0,12,0,5,0,3,1,1,2,0,0,1,0,6,0,36,0,2,0,10,1,8,2,5,2,12,0,20,4,1,7,0,5,0,0,0,0,1,12,0,0,13,2,0,0,0,2,0,2,14,0,17,4,1,15,0,0,0,1,0,0,0,1,0,0,0,0,0,1,0,0,0,0,1,0,1,0,0,0,0,0,0,1,0,0,0,0,0,0,0,0,0,0,0,0,0,0,0,0,0,0,0,0,0,0
3071341200021100034,36,0,4,0,0,0,0,0,0,1,0,0,1,0,0,0,1,2,0,0,0,0,1,0,0,0,0,3,0,0,0,0,0,0,1,0,0,0,0,0,1,1,0,0,0,0,0,8,0,0,1,0,0,0,1,1,2,0,0,0,6,0,0,0,1,0,0,0,0,0,0,0,0,0,0,0,6,0,5,0,4,0,0,1,0,0,0,0,3,0,13,0,0,0,5,1,4,0,0,1,3,0,4,1,0,3,3,0,0,0,0,0,0,1,0,0,1,1,0,0,0,0,0,1,0,0,2,0,0,2,0,0,0,0,0,0,0,0,0,0,0,0,0,0,0,0,0,2,0,0,0,0,0,0,0,0,0,0,0,0,0,0,0,0,0,0,0,0,0,0,0,0,0,0,0,0,0,0,0,0
3071341200021100036,25,0,0,1,0,0,0,0,0,0,1,0,0,0,0,1,0,0,0,5,0,0,0,1,1,1,0,46,0,0,0,0,1,0,0,1,1,0,0,0,0,0,0,0,0,0,5,1,0,0,0,0,0,0,0,0,0,0,0,0,0,0,0,0,0,0,0,0,1,0,2,1,0,0,1,0,3,0,0,0,1,1,1,1,1,0,0,0,0,0,5,0,0,0,0,2,1,0,0,0,86,0,0,0,0,0,0,0,0,0,1,0,0,0,1,0,0,2,0,0,0,0,0,0,0,0,1,0,0,0,0,0,2,0,0,0,0,0,0,0,0,0,0,0,0,0,0,0,0,0,0,0,0,0,0,0,0,0,0,0,0,0,0,0,0,1,1,1,0,0,0,0,0,0,1,0,0,0,0,0
3071341200021100038,17,0,1,0,1,0,0,0,0,1,0,0,0,0,1,2,1,0,0,6,5,0,4,12,1,0,0,26,0,0,0,4,4,0,5,4,0,4,0,0,3,0,0,0,1,0,3,1,0,0,0,0,0,0,0,0,0,0,0,0,1,0,1,0,2,0,0,0,4,1,0,0,0,0,0,0,7,0,0,3,0,1,0,3,0,0,0,0,1,0,20,0,0,0,1,4,0,0,0,1,31,0,0,0,1,0,0,1,1,0,0,0,0,0,0,0,0,8,1,0,0,0,3,0,1,0,0,1,0,0,0,0,2,1,0,0,1,0,0,0,0,0,0,0,0,0,0,0,0,0,1,0,0,0,0,0,0,0,0,0,0,0,0,0,0,0,0,0,0,0,0,0,0,0,1,0,0,0,0,0
3071341200021100041,102,0,0,0,0,0,2,0,0,5,0,0,0,0,1,0,0,1,0,2,0,0,1,1,0,3,0,1,0,0,1,3,0,0,0,0,0,0,0,8,9,0,0,0,1,10,5,1,0,0,0,0,0,0,0,1,0,0,16,0,4,0,0,0,2,0,0,0,0,0,0,1,0,0,0,0,0,0,0,0,4,0,0,18,0,0,1,0,0,0,8,0,0,0,3,5,3,0,0,0,0,0,0,0,0,0,0,1,0,0,0,0,1,0,0,0,0,0,0,0,1,1,1,1,3,1,25,1,0,0,0,0,0,0,0,0,0,0,0,1,0,0,0,0,0,0,0,1,0,0,0,0,0,0,0,0,0,0,0,0,0,0,0,0,0,0,1,0,0,1,0,0,0,0,0,0,0,0,1,1
3071341200021100053,109,0,0,1,0,0,5,0,0,2,0,0,0,0,1,0,1,1,0,0,0,4,1,0,0,9,0,1,0,0,2,0,0,1,0,0,1,5,1,20,8,1,0,1,0,14,3,0,0,0,0,0,0,0,0,0,2,1,21,0,2,0,0,0,4,0,0,0,0,0,1,0,0,0,1,0,0,0,1,0,22,0,0,30,0,0,0,0,0,0,22,0,7,0,2,17,6,0,0,3,0,0,1,0,0,0,0,0,0,0,1,1,0,0,0,0,0,0,0,0,1,0,2,1,2,1,9,0,0,0,0,0,1,0,1,0,0,0,0,0,0,0,0,1,2,0,0,0,0,0,0,0,0,0,0,0,0,0,0,0,0,0,0,0,1,0,0,0,0,1,0,0,0,0,0,0,0,0,0,2
3071341200021100054,62,0,0,1,0,0,1,0,0,1,0,0,0,0,1,0,0,0,0,0,0,1,0,0,0,2,0,0,0,0,1,1,0,0,0,0,0,0,0,5,1,0,0,0,1,8,1,1,0,0,0,1,0,0,0,0,3,1,8,0,1,0,0,0,1,0,0,0,0,0,2,0,0,0,1,0,0,1,0,0,15,0,0,28,0,0,0,1,0,0,9,0,1,0,2,5,2,0,0,0,0,1,1,2,1,0,0,0,0,2,2,0,1,0,0,0,0,1,0,0,0,0,2,1,1,0,18,0,0,0,0,0,1,0,1,0,0,0,0,0,0,0,0,0,0,0,0,0,0,0,0,0,0,0,0,0,0,0,0,0,0,0,0,0,0,0,0,0,0,0,0,0,0,0,0,0,0,0,0,1
3071341200021100056,119,0,0,1,1,0,7,0,0,3,0,1,0,0,1,0,1,2,0,1,0,5,1,1,0,7,0,3,1,1,2,2,0,0,0,1,0,2,1,23,1,0,0,0,0,12,2,1,0,1,0,0,0,0,0,5,3,0,24,0,2,0,0,0,3,0,0,0,0,0,0,0,0,0,0,0,0,0,0,0,32,0,0,30,0,0,0,0,0,0,20,0,1,0,2,4,6,0,0,6,0,0,0,0,0,0,0,0,0,0,1,0,0,0,0,0,0,0,0,0,1,0,5,1,1,0,30,3,0,0,0,0,0,0,0,0,0,0,0,1,0,0,0,0,0,0,0,0,0,0,1,0,0,0,0,0,0,0,0,0,0,0,0,0,0,0,0,0,0,0,0,0,0,0,0,0,0,0,0,0
3071341200021100057,27,0,0,0,0,0,0,0,0,0,0,0,0,0,0,0,0,0,0,0,0,1,0,1,0,2,0,0,0,0,0,1,0,0,0,0,0,0,0,4,2,0,0,0,0,6,0,0,0,0,1,0,0,0,0,1,0,0,4,0,1,0,0,0,2,1,0,0,0,0,0,0,0,0,1,0,0,0,0,0,6,0,0,7,0,0,0,1,0,0,6,0,0,0,1,5,1,0,0,0,0,0,0,0,0,0,0,0,0,0,1,0,0,0,0,0,0,0,0,0,0,0,0,1,0,1,8,0,0,0,0,0,0,0,0,0,0,0,0,0,0,0,0,0,0,0,0,0,0,0,0,0,0,0,0,0,0,0,0,0,0,0,0,0,0,0,0,0,0,0,0,0,0,0,0,0,0,0,0,0
3071341200021100058,224,0,0,0,1,0,3,0,0,2,0,0,0,0,0,3,1,0,0,3,0,2,1,1,0,10,0,1,0,0,3,1,0,0,2,0,1,2,1,22,8,0,0,1,2,21,6,0,0,1,0,1,0,3,0,2,1,0,24,2,5,1,0,1,11,1,0,0,2,0,1,0,0,1,1,0,1,0,2,2,41,0,0,41,0,0,0,0,0,0,18,0,6,0,1,34,20,0,0,2,0,1,1,1,1,0,0,3,1,0,1,0,0,0,3,1,0,2,0,0,1,0,3,0,0,2,29,1,0,2,0,1,0,0,0,1,0,0,0,0,0,0,1,0,0,1,0,0,0,0,0,0,0,0,1,1,0,0,0,0,0,0,0,1,0,0,0,0,0,0,0,0,0,1,0,0,0,1,0,0
3071341200021100061,102,0,0,2,0,0,5,0,1,2,0,0,0,0,0,0,1,1,0,0,1,8,0,0,0,12,0,2,0,0,2,1,0,0,0,0,0,14,0,7,4,0,1,2,1,7,9,0,0,0,0,0,0,0,0,1,0,0,7,0,1,1,0,0,5,1,0,0,1,0,0,1,0,0,0,0,0,0,1,0,11,0,0,12,0,0,1,0,0,1,13,0,5,0,0,8,15,0,0,4,1,0,0,2,1,0,0,0,0,0,1,0,1,0,0,0,0,2,0,0,0,0,8,3,2,0,20,0,0,0,0,0,0,0,0,0,0,0,0,0,0,0,0,0,0,0,0,0,0,0,1,0,0,1,0,0,0,0,1,0,0,0,0,0,0,0,0,0,0,0,0,0,0,0,0,1,0,0,0,0
3071341200021100069,175,0,0,1,1,0,5,0,0,2,0,3,2,0,0,6,1,2,0,17,14,13,3,21,8,7,2,110,1,0,3,3,5,1,17,7,1,12,2,16,3,1,2,0,6,21,10,0,0,2,0,0,0,1,0,3,2,3,11,1,2,0,2,0,14,1,0,0,1,0,0,3,0,0,1,1,4,0,2,7,5,1,1,17,0,0,0,1,1,8,110,0,14,0,12,20,8,0,0,2,174,0,1,0,18,1,10,0,1,0,0,1,0,0,0,0,0,30,1,0,0,3,4,1,18,1,7,0,2,3,0,0,1,1,1,1,0,0,1,0,0,0,0,1,0,0,0,0,0,2,0,0,0,1,0,0,0,0,0,1,1,0,1,0,0,0,0,0,0,0,0,0,1,1,0,0,1,2,0,1
3071341200021100070,134,0,0,1,0,0,1,0,0,1,0,0,0,0,1,0,0,0,1,3,0,8,2,1,0,8,0,2,0,0,0,0,0,0,3,0,0,8,1,15,6,0,0,0,1,7,5,0,1,0,0,0,0,0,0,7,0,1,15,0,0,0,0,0,5,1,0,0,0,0,0,0,0,0,0,0,0,0,0,1,8,0,0,31,0,0,1,0,0,0,30,0,9,0,2,5,6,0,0,3,1,0,0,0,2,0,0,1,0,0,1,0,0,0,0,0,0,0,2,0,1,1,3,0,4,2,4,0,1,0,1,0,0,0,0,0,0,0,0,0,1,0,0,2,0,0,0,0,0,0,0,1,0,0,0,0,0,0,0,0,0,0,1,0,0,0,0,0,0,0,0,1,0,0,0,0,0,2,0,1
3071341200021100072,74,0,0,0,0,0,2,0,0,3,0,1,0,0,0,1,2,1,0,0,0,0,0,0,0,3,0,1,0,0,2,1,0,0,0,0,0,0,0,7,6,0,0,0,0,5,1,0,0,0,0,0,0,0,0,2,1,0,8,0,1,0,0,0,7,1,0,0,0,0,0,0,0,0,0,0,0,0,0,0,4,0,0,9,1,0,0,0,1,0,9,0,1,0,5,2,4,0,0,0,0,0,0,0,1,0,0,0,0,0,0,0,0,0,0,0,0,0,0,0,0,1,0,1,1,0,18,0,0,0,0,0,0,0,0,0,0,0,0,0,0,0,0,0,0,0,0,0,0,0,0,0,0,0,0,0,0,0,0,0,0,0,0,0,1,0,0,0,0,0,0,0,0,0,0,0,0,0,1,0
3071341200021100073,83,0,0,0,0,0,1,0,0,7,0,0,0,0,0,0,0,0,0,0,0,4,0,0,0,3,0,1,0,0,0,0,0,0,0,0,0,1,1,12,6,1,0,0,0,8,3,0,0,0,0,0,0,0,0,3,3,1,5,0,0,0,0,0,5,0,0,0,1,0,0,0,0,1,0,0,2,2,0,0,16,0,0,18,0,0,0,1,0,0,11,0,2,0,3,4,5,0,0,2,0,1,0,0,0,0,0,0,0,0,0,1,0,0,0,0,0,0,0,0,1,0,7,2,1,0,28,0,0,0,0,0,0,0,1,0,0,0,0,0,0,0,0,1,0,0,0,0,0,0,0,0,0,1,0,0,0,1,0,0,0,0,0,0,0,1,0,0,0,0,0,1,0,0,0,0,0,0,0,0
3071341200021100075,71,0,0,0,0,0,5,0,0,4,0,1,1,0,0,0,1,0,0,1,0,3,0,1,0,9,0,0,0,0,1,0,1,0,0,0,0,1,0,10,1,0,0,0,0,6,2,0,0,0,0,0,0,0,0,0,0,0,18,0,5,0,0,0,3,0,0,0,1,0,0,1,0,0,0,0,0,3,0,2,8,0,0,15,0,1,0,0,1,0,7,0,0,0,3,0,2,0,0,2,0,0,0,0,0,0,0,0,0,0,0,0,2,0,0,0,0,0,0,0,0,0,6,0,2,0,29,1,0,0,0,0,0,0,0,1,0,0,0,0,0,0,0,0,0,0,0,0,0,1,0,0,0,0,1,0,0,1,0,0,0,0,0,0,0,0,0,0,0,0,0,0,0,0,0,0,0,0,0,1
3071341200021100076,46,0,0,0,0,0,1,0,0,0,0,0,0,0,0,0,0,1,1,2,1,9,0,6,0,1,0,0,0,0,1,3,3,0,6,3,0,5,0,6,1,0,0,0,1,3,1,1,0,0,0,0,0,0,0,1,1,0,3,0,1,0,0,0,5,0,0,0,5,0,0,0,0,0,1,0,6,0,0,2,1,0,0,4,1,1,0,0,1,6,63,0,3,0,0,6,1,0,1,0,8,0,0,0,6,0,7,5,0,1,0,0,0,0,0,0,0,3,0,0,0,1,5,1,9,0,1,0,0,4,0,0,0,0,0,0,0,0,0,0,0,0,0,1,0,0,2,0,1,0,0,0,0,0,0,0,0,0,1,1,1,1,0,0,0,0,0,0,0,0,0,1,0,0,0,1,0,0,1,0
3071341200021100077,71,0,0,0,0,0,2,0,0,0,0,2,0,0,0,0,0,1,0,0,0,6,1,0,0,3,0,0,0,0,1,4,2,0,0,0,0,5,0,12,4,0,0,0,2,13,5,0,0,0,1,0,0,0,0,1,0,0,10,0,0,0,0,0,3,2,0,0,0,0,1,0,0,0,0,0,0,0,1,0,8,0,0,14,1,0,1,1,0,0,11,0,2,0,1,8,3,0,1,2,1,0,0,0,1,0,0,1,0,0,0,0,1,0,0,0,0,2,0,0,0,0,5,0,4,0,10,1,0,0,0,0,0,0,0,0,0,0,0,0,0,0,0,0,0,0,0,0,0,0,0,0,0,1,0,0,0,0,0,0,0,0,0,0,0,0,0,1,0,0,0,0,0,0,0,1,1,0,0,1
3071341200021100078,85,1,0,0,0,0,1,1,0,0,0,1,0,0,0,0,1,0,0,1,0,9,0,1,0,8,0,0,0,0,1,3,1,0,0,0,1,3,1,16,0,0,0,1,0,12,2,0,0,1,0,0,0,0,1,2,1,0,11,0,1,0,0,0,4,0,0,0,1,0,0,0,0,0,0,0,0,1,1,0,12,0,0,18,0,0,0,0,0,0,12,0,3,1,2,8,9,1,0,3,0,0,0,2,2,0,1,1,0,0,1,0,2,0,0,0,0,1,0,0,1,2,8,5,0,1,22,0,0,0,1,0,0,0,0,0,0,0,0,0,0,0,0,0,0,1,0,0,0,0,0,0,0,0,0,0,1,0,0,2,0,1,0,0,0,0,1,0,0,0,0,0,1,0,0,1,0,1,0,1
3071341200021100083,131,0,0,2,0,0,1,0,0,1,0,0,0,0,1,0,2,0,0,1,0,11,2,0,0,5,0,1,0,0,2,1,0,0,3,0,0,6,0,22,4,0,0,0,0,16,5,1,0,0,0,0,0,0,0,4,2,0,9,0,1,0,0,0,12,1,0,0,1,0,0,0,0,0,0,0,0,0,0,0,4,0,0,10,0,0,0,0,0,0,30,0,8,0,4,3,7,0,0,2,0,0,0,0,0,0,0,2,0,0,3,1,0,0,0,0,0,1,0,0,1,1,3,1,3,0,5,1,0,0,0,0,0,0,0,0,0,1,0,1,0,0,0,0,0,0,0,0,0,0,1,0,0,0,0,0,0,0,0,0,1,0,0,2,0,0,0,0,0,0,0,0,0,0,0,0,0,0,0,0
3071341200021100094,153,0,0,1,0,0,3,0,0,2,0,2,1,1,0,0,1,2,0,0,0,9,2,1,0,3,0,1,0,1,2,3,0,0,2,1,0,3,0,16,4,0,0,0,0,16,3,0,0,0,0,0,0,1,0,0,1,0,17,2,3,1,0,0,2,1,0,0,0,0,0,1,0,1,0,1,1,1,0,0,11,0,0,23,0,0,0,1,0,0,15,1,1,0,1,19,3,0,1,3,0,0,0,1,1,0,0,0,0,0,0,0,1,0,1,0,0,1,1,0,0,0,1,1,2,0,21,1,0,1,0,0,0,0,0,0,0,0,0,0,0,0,1,0,0,0,0,0,0,0,0,0,0,0,1,0,0,1,0,1,0,0,1,0,0,1,0,0,0,1,0,0,0,1,0,0,0,0,0,0
3071341200021100095,45,0,0,1,0,0,1,0,0,0,0,0,0,0,1,0,0,1,0,1,0,6,0,1,0,4,0,0,0,0,1,0,1,1,1,0,0,8,0,11,2,0,0,0,0,10,0,0,0,0,0,0,0,0,0,7,0,0,12,1,0,0,0,0,1,0,0,0,0,0,1,0,0,0,0,0,0,1,0,0,8,0,0,6,0,1,0,2,0,0,15,0,8,0,0,2,12,0,2,2,0,0,1,0,0,0,0,0,0,0,1,0,1,0,0,0,0,0,0,1,0,0,5,0,3,0,2,1,0,0,0,0,0,0,0,0,0,0,0,0,0,0,1,0,0,0,0,0,0,1,0,0,0,0,0,0,0,0,0,0,0,0,0,0,0,0,0,0,0,0,0,0,0,0,0,0,0,0,0,0
3071341200021100104,220,1,0,1,0,0,5,0,0,1,0,1,0,1,0,0,7,1,0,0,0,9,4,2,1,13,0,1,0,0,2,6,0,0,4,1,0,19,1,32,11,1,0,0,1,16,5,1,0,0,1,0,0,2,0,3,3,1,28,0,0,0,0,1,16,0,1,0,0,0,2,0,0,0,2,1,1,0,0,0,9,0,0,25,0,1,0,1,1,0,26,0,4,1,3,14,11,1,1,4,0,0,1,1,2,0,1,0,0,1,1,0,2,0,0,0,0,0,1,0,1,2,11,2,3,1,25,0,0,2,0,0,0,0,0,0,0,0,0,0,1,0,0,0,2,0,0,0,0,0,0,0,0,0,0,0,0,0,1,0,1,0,0,0,0,0,0,0,0,1,0,0,0,1,0,0,0,0,0,1
3071341200021100116,65,0,0,0,0,0,5,0,0,2,0,1,1,0,0,0,0,0,0,3,2,1,1,1,0,3,0,0,0,0,6,0,0,0,0,1,0,2,0,7,5,0,0,1,0,9,4,0,0,0,0,0,0,0,0,0,0,0,2,0,0,0,0,0,1,1,0,0,0,0,0,0,0,0,0,0,1,0,0,0,1,0,0,6,0,0,0,1,1,0,18,0,3,0,2,3,1,0,0,1,1,1,1,0,0,0,0,1,0,1,0,0,1,0,0,0,0,1,0,0,0,0,0,0,4,0,3,1,1,0,0,0,0,0,0,0,0,0,0,0,0,0,0,0,0,0,0,1,0,0,0,0,0,0,2,0,0,0,0,0,0,0,0,0,0,0,0,0,0,1,0,0,0,0,0,0,0,0,0,0
3071341200021200003,58,13,0,2,1,0,1,0,1,0,0,0,1,8,0,2,0,1,0,4,2,1,3,4,3,0,0,79,1,1,2,0,4,0,1,0,0,5,19,1,2,21,3,0,1,2,14,5,0,0,0,0,3,0,2,11,0,0,5,1,0,0,0,0,3,2,0,0,1,1,7,1,0,0,2,0,7,0,1,1,1,2,0,2,0,1,0,1,0,4,53,0,0,0,4,0,1,1,0,1,68,0,3,0,0,0,2,8,0,0,0,0,0,0,0,0,0,7,5,1,1,3,0,0,7,1,2,0,4,1,0,0,2,0,0,0,0,0,1,1,0,0,0,0,0,0,0,0,0,2,0,2,0,0,0,0,0,0,0,0,3,0,0,0,0,1,0,0,0,0,0,0,0,1,0,0,0,0,0,0
3071341200021200005,11,3,0,1,0,0,0,0,0,0,0,0,0,1,0,0,0,0,0,0,0,0,2,1,0,0,0,8,0,1,0,0,1,0,0,2,0,0,0,0,0,0,1,1,1,0,0,3,0,5,0,0,2,0,0,1,0,0,0,0,0,0,0,0,2,0,0,0,0,0,0,0,0,0,0,0,2,0,0,0,0,0,0,0,0,0,0,0,0,0,7,0,0,0,0,0,0,0,0,0,9,0,0,0,0,0,0,2,1,0,0,0,0,0,0,0,0,0,0,0,0,0,0,0,5,0,0,0,0,0,0,0,1,0,0,0,0,0,0,0,0,0,0,0,0,0,0,0,0,0,0,0,0,0,0,0,0,0,0,0,0,0,0,0,0,0,0,0,0,0,0,0,0,0,0,0,0,1,0,0
3071341200021200007,9,0,0,1,0,0,0,0,0,1,0,0,0,1,0,2,0,0,0,1,2,0,6,1,0,0,0,12,0,0,0,1,0,0,0,0,0,5,2,0,2,2,2,0,1,1,1,0,0,1,0,0,0,1,0,2,0,1,1,0,0,0,0,0,1,0,0,0,2,0,0,0,0,0,0,0,0,0,1,1,0,0,1,3,0,0,0,1,1,3,18,0,0,0,1,1,0,1,0,0,10,0,1,0,0,0,0,2,1,0,0,1,0,1,1,1,0,2,0,0,0,0,0,0,6,0,3,0,0,0,0,0,0,0,0,0,0,0,0,0,0,1,0,0,0,0,0,0,0,0,0,0,0,0,0,0,0,0,0,0,0,0,0,0,0,0,0,0,0,0,0,0,0,0,0,0,0,0,0,0
3071341200021200008,30,6,0,0,0,0,1,0,0,4,0,0,0,0,2,3,0,2,0,2,9,1,7,3,2,0,0,20,1,0,0,3,0,0,3,1,0,23,5,0,8,14,9,0,1,0,7,3,0,7,0,0,2,0,0,1,1,0,3,0,0,1,0,0,2,1,0,0,0,0,0,2,1,0,0,0,2,0,0,1,0,0,0,9,0,0,0,0,2,1,21,0,1,0,2,0,0,0,1,1,24,1,0,0,1,0,0,2,5,1,0,0,0,0,0,1,0,2,1,0,0,2,1,0,8,0,4,0,1,2,0,1,7,0,0,0,0,0,1,1,0,0,0,0,0,0,0,0,0,0,0,0,1,1,1,0,0,0,0,0,0,0,0,0,0,0,0,0,0,0,1,0,0,0,0,0,1,0,0,0
3071341200021200009,67,1,0,3,0,1,0,0,0,3,0,0,0,1,0,14,0,2,1,5,18,0,2,5,3,1,0,117,0,1,1,1,0,1,2,1,0,18,2,0,1,4,3,1,0,1,18,4,0,0,0,0,0,0,0,0,2,2,4,0,0,0,1,0,2,1,0,2,9,0,0,2,0,0,0,1,4,1,0,3,1,0,2,18,0,1,0,0,0,0,20,0,13,0,1,7,0,2,1,3,74,0,0,0,0,0,0,0,6,0,0,0,0,1,1,0,0,4,2,0,2,3,0,2,3,0,1,0,3,1,0,0,16,0,0,0,0,0,0,0,0,0,0,2,1,0,1,0,0,1,0,1,0,0,0,0,0,0,0,0,1,0,0,0,0,0,0,0,0,0,0,0,0,0,1,2,0,1,0,1
3071341200021200013,30,0,8,0,0,2,0,0,0,0,0,0,2,2,1,0,0,0,0,0,0,1,0,1,0,0,3,2,0,0,0,1,0,0,3,3,0,3,0,0,2,0,3,2,3,0,1,4,0,1,0,0,0,0,0,0,1,0,1,0,5,0,0,0,6,1,0,0,0,0,0,0,0,0,0,0,1,0,0,0,0,1,0,0,0,0,0,0,1,0,25,0,9,0,4,5,1,3,0,1,1,0,3,2,1,0,1,1,1,0,0,0,0,0,0,0,0,0,0,0,1,0,0,0,9,3,2,1,1,1,0,0,2,0,0,0,0,0,0,0,1,0,0,0,0,0,0,0,0,0,0,2,0,0,0,0,0,0,0,0,0,0,0,0,1,0,0,0,0,0,0,0,0,0,1,0,0,0,1,1
3071341200021200015,87,10,11,1,6,3,1,0,0,1,0,0,5,2,3,1,0,0,1,1,1,0,1,2,1,1,0,9,0,1,0,1,0,0,4,5,1,15,1,1,3,4,5,6,3,1,3,14,1,4,1,0,0,0,0,3,0,0,6,0,6,1,0,0,11,4,0,0,2,1,1,0,0,0,1,2,5,0,1,0,6,0,1,3,1,0,0,0,16,1,62,1,14,0,19,10,2,6,1,2,35,13,8,3,2,0,3,1,1,0,0,1,0,0,0,0,1,2,1,0,0,3,0,1,18,1,10,4,1,2,0,0,2,0,0,1,0,0,0,0,1,0,0,0,0,0,1,0,0,0,0,1,0,0,0,0,1,0,0,0,0,0,0,0,0,0,0,0,0,0,2,0,0,0,0,0,0,0,0,0
3071341200021200016,191,1,15,2,2,7,9,0,1,0,1,1,4,0,1,1,0,0,1,0,1,1,0,4,0,0,0,3,1,2,3,2,0,0,15,4,0,26,1,2,13,1,5,3,2,19,3,11,0,0,0,0,0,0,3,1,0,0,3,1,9,0,0,0,12,3,1,0,0,0,1,2,0,0,1,0,8,0,0,0,21,0,0,2,0,0,0,3,12,4,29,0,3,0,15,27,10,3,2,1,3,1,11,3,3,0,2,7,0,0,0,0,0,3,1,0,3,1,0,2,0,2,1,2,5,1,1,3,0,5,0,0,1,0,0,0,0,0,0,1,0,0,0,0,0,0,0,1,0,0,0,0,0,0,1,0,0,1,0,0,1,0,0,0,0,0,0,0,1,0,0,0,0,0,0,0,3,0,0,0
3071341200021200022,51,0,0,0,0,1,0,0,0,2,0,0,0,0,0,9,0,0,0,1,5,0,2,0,2,0,0,16,0,0,1,6,0,0,1,0,0,4,0,0,6,0,1,0,0,6,2,1,0,0,0,0,0,0,0,1,1,1,1,0,1,0,0,0,2,0,0,0,4,0,0,1,0,0,0,0,10,0,0,1,1,0,0,14,0,1,0,0,1,0,2,0,6,1,0,4,2,0,1,0,30,0,1,0,4,0,1,2,4,0,0,0,0,1,0,0,0,0,0,0,2,0,0,0,2,1,0,1,0,0,0,0,4,0,0,0,0,0,0,0,0,0,0,0,0,1,0,0,0,0,0,0,0,0,0,0,0,0,0,0,0,0,0,0,0,0,0,0,0,0,0,0,0,0,0,1,0,0,1,0
3071341200021200024,85,0,4,0,0,0,2,0,0,0,0,0,1,0,0,0,0,0,0,0,0,0,0,1,0,0,0,2,0,0,0,3,1,0,4,0,0,7,1,1,7,0,3,0,0,8,0,9,0,0,0,0,0,0,0,0,0,0,1,0,4,0,1,0,6,1,0,1,0,0,0,0,0,0,0,0,2,0,0,0,1,0,0,1,0,0,0,0,7,0,17,0,0,0,3,4,1,0,1,0,4,0,3,0,1,0,1,2,0,0,0,0,0,0,0,1,2,0,1,0,0,2,0,0,5,2,1,0,0,3,0,1,0,0,0,0,0,0,0,0,0,0,1,0,0,0,0,0,0,0,0,0,0,0,0,0,0,0,0,1,0,0,0,0,0,0,0,0,1,0,0,0,0,2,0,0,0,0,0,0
3071341200021200029,57,0,3,1,2,0,1,0,0,1,0,3,0,1,1,0,0,0,0,1,1,2,0,3,1,0,0,6,0,0,1,3,4,0,8,0,0,4,0,0,0,0,0,4,2,2,3,17,0,0,6,0,0,0,0,1,2,0,1,0,11,0,1,0,5,0,1,0,0,0,0,0,2,0,0,0,12,1,6,1,18,1,0,3,0,0,0,2,5,0,18,0,1,0,5,1,5,2,1,1,2,0,14,5,1,4,1,2,0,0,0,0,0,0,1,1,3,0,0,0,0,1,0,0,4,0,6,2,1,3,0,0,0,0,1,1,0,0,0,0,0,0,0,2,0,0,0,0,0,2,0,0,0,0,0,0,0,0,0,0,0,0,1,1,1,1,0,1,1,0,0,0,0,0,0,0,0,0,0,1
3071341200021200033,65,0,1,0,0,0,2,0,0,1,0,0,1,0,0,1,1,0,0,7,10,1,2,15,2,1,1,39,0,0,0,3,3,0,3,3,0,3,0,0,4,0,0,0,4,2,8,3,0,0,0,0,2,3,0,1,0,0,0,1,0,0,0,0,5,0,0,0,7,0,0,1,0,0,0,0,4,0,0,3,0,0,0,0,0,0,0,0,0,1,38,0,0,0,4,1,2,0,0,0,89,0,1,0,4,0,0,3,0,0,0,0,0,0,0,1,1,12,1,0,1,3,1,0,2,0,2,0,0,1,1,0,3,0,0,1,0,1,1,0,0,0,0,0,0,0,0,0,0,0,0,0,0,1,1,0,0,0,0,0,1,0,0,0,0,0,0,0,0,1,0,0,0,0,0,0,1,1,0,1
3071341200021200036,65,0,0,1,0,0,1,0,0,0,1,0,0,0,0,0,0,0,0,2,0,1,0,0,0,2,1,3,0,0,0,0,0,0,1,0,0,4,0,1,3,0,0,1,4,5,4,1,0,0,0,0,0,0,0,1,0,1,3,0,0,0,0,0,4,2,0,0,0,0,0,1,0,0,0,0,2,0,1,1,0,0,0,0,0,0,0,0,0,0,6,0,0,0,1,3,0,0,2,0,4,0,0,1,0,0,0,3,0,0,0,1,0,3,0,0,0,0,1,0,0,2,0,0,1,0,0,1,1,1,0,0,0,0,0,0,0,0,0,0,0,0,0,0,0,0,0,1,0,0,0,0,0,0,0,0,1,0,0,0,0,0,0,0,0,0,0,0,0,0,1,0,0,0,0,0,0,0,0,0
3071341200021200044,88,0,0,1,0,0,2,0,0,2,0,0,1,0,0,1,1,0,0,14,6,3,0,7,2,1,1,80,0,0,0,3,2,0,2,1,0,5,0,0,3,1,0,0,2,5,6,2,1,0,0,0,1,0,0,0,1,1,3,0,0,0,1,0,10,1,0,0,1,0,1,1,0,0,1,0,5,0,0,3,2,0,0,11,0,1,0,2,0,1,28,0,2,0,4,0,1,0,0,0,78,1,0,0,3,0,0,1,0,0,0,0,0,0,0,0,0,12,0,0,0,0,0,0,2,0,2,0,0,1,0,0,0,0,0,1,0,0,0,0,0,0,0,0,0,0,0,0,0,0,0,0,0,1,0,0,1,0,0,0,0,0,0,0,0,0,0,0,0,0,0,0,0,0,0,1,1,0,0,0
3071341200021200050,52,0,0,0,0,2,1,0,0,2,0,0,0,0,0,0,0,0,0,0,0,0,1,0,0,4,0,0,0,0,2,1,0,0,0,0,0,0,0,11,1,0,0,0,0,5,6,0,0,0,0,0,0,0,0,0,0,0,10,0,2,0,0,0,0,0,0,0,0,1,0,1,0,0,0,0,0,6,0,1,7,0,1,17,0,1,0,2,0,0,10,0,0,0,1,6,0,0,0,1,1,0,0,0,0,0,0,1,0,0,1,0,0,0,0,0,0,0,0,0,0,0,4,1,1,0,9,0,0,0,0,0,0,0,0,0,1,0,0,0,0,0,0,1,0,0,0,0,0,0,0,0,0,0,0,0,0,1,0,0,0,0,1,0,0,0,0,0,0,0,0,0,0,0,0,1,0,0,0,0
3071341200021200051,49,0,0,0,0,0,0,1,0,0,0,0,0,0,0,1,1,0,0,0,0,5,0,0,0,8,0,0,0,0,0,2,0,0,0,0,0,6,0,7,0,0,0,1,0,3,1,0,0,0,0,0,0,0,0,1,1,0,8,0,1,0,0,0,4,0,0,0,0,0,0,0,0,0,0,0,0,0,0,0,3,0,0,5,0,0,0,0,0,0,5,0,3,0,1,7,8,0,0,1,0,0,1,1,0,0,0,0,0,0,2,0,0,0,0,0,0,0,0,0,0,0,4,2,0,0,8,1,0,0,0,0,1,0,0,0,0,0,0,0,0,0,0,0,0,0,0,0,0,0,0,0,0,0,0,0,0,0,0,0,1,0,0,0,0,0,0,0,0,0,0,0,0,0,0,0,0,0,0,0
3071341200021200052,74,0,0,0,0,0,2,0,0,0,0,1,0,0,0,1,1,1,1,0,0,10,0,0,0,5,0,0,0,0,1,0,0,0,0,0,0,8,0,14,2,0,0,0,0,3,1,0,0,1,0,0,0,0,0,3,1,0,6,0,0,0,0,0,4,0,0,0,0,0,0,0,0,0,0,0,1,0,0,0,12,0,0,19,0,0,0,0,0,1,15,0,9,0,2,3,6,1,0,1,0,0,0,0,0,0,0,0,0,0,0,0,1,0,0,0,0,0,0,0,1,0,5,0,4,0,6,0,1,0,0,0,0,0,0,0,0,0,0,1,0,0,1,1,0,0,0,0,0,0,1,0,0,0,0,0,0,0,0,0,0,0,0,0,0,0,0,0,0,1,0,0,0,0,0,1,0,0,0,0
3071341200021200054,88,0,0,0,0,0,1,0,0,0,0,0,0,0,0,0,6,1,1,4,0,7,0,0,0,5,0,2,0,0,1,2,2,0,1,1,1,8,0,7,3,0,0,1,0,9,3,0,0,0,0,0,0,1,0,1,0,0,9,0,1,0,0,0,19,0,0,0,0,1,0,0,0,0,0,0,0,0,0,1,1,0,0,22,0,0,0,0,0,0,22,0,7,0,3,16,9,0,0,3,12,0,0,0,2,0,0,0,0,0,0,0,0,0,1,0,0,2,0,0,0,1,5,3,6,0,1,0,1,0,0,0,0,0,0,0,0,0,0,0,0,0,0,0,0,0,0,0,0,1,0,0,0,1,0,1,0,0,0,0,0,0,0,0,0,0,0,0,0,0,0,0,0,0,1,0,0,0,0,0
3071341200021200072,90,0,0,2,0,0,2,0,0,1,0,1,0,0,0,1,2,0,0,1,0,3,2,1,1,8,0,0,0,0,1,0,0,0,2,0,0,3,1,7,4,0,0,0,0,10,3,0,0,0,0,0,1,0,1,1,0,0,9,0,1,0,0,0,10,1,0,0,1,0,1,0,0,1,0,0,0,0,1,0,6,0,0,14,0,0,0,0,0,0,13,0,6,0,4,4,6,0,0,2,3,0,0,0,0,0,4,0,0,0,0,0,0,0,0,0,0,0,0,0,0,0,1,1,2,1,2,0,0,0,0,0,0,0,0,0,0,0,0,1,0,0,0,0,0,0,0,0,0,0,0,0,0,0,0,1,0,0,1,0,0,0,0,0,0,0,0,0,0,0,0,0,0,0,0,2,0,0,0,0
3071341200021200076,31,0,0,2,1,0,2,0,1,0,0,0,0,0,0,9,0,1,0,2,11,0,0,7,5,0,0,54,0,0,0,1,0,0,1,0,0,3,0,1,0,0,0,0,2,2,5,2,0,0,0,0,0,0,0,0,0,0,3,1,0,0,0,0,0,1,0,0,7,0,0,0,0,0,1,0,3,0,0,2,0,0,1,4,0,0,0,1,0,0,29,0,0,0,5,4,2,0,0,0,49,0,1,0,0,0,2,1,0,0,0,0,0,0,0,0,0,3,0,0,1,0,0,0,4,0,0,1,0,0,0,0,1,0,0,1,0,0,0,0,1,0,0,0,0,0,1,0,0,0,0,0,0,0,0,0,0,0,0,0,0,0,0,1,1,0,0,0,0,0,1,0,0,0,0,0,0,0,0,0
3071341200021200079,61,0,1,0,0,0,3,0,0,0,1,0,0,0,0,0,0,1,0,0,0,5,0,1,0,4,0,1,0,0,1,2,0,0,0,0,0,6,0,7,7,0,0,1,0,11,0,0,0,1,0,0,0,0,0,4,1,1,9,0,0,0,0,0,4,0,0,0,0,0,0,0,0,0,0,0,1,3,0,0,4,0,0,6,0,0,0,0,0,0,14,0,3,0,1,12,6,0,0,6,0,0,0,1,1,0,0,0,0,0,1,0,0,0,0,0,0,0,0,0,0,2,1,1,1,0,11,1,0,0,0,0,0,0,0,0,0,0,0,0,0,1,0,0,0,0,0,0,0,1,0,1,0,0,0,0,0,0,0,0,0,0,0,0,0,0,0,0,0,0,0,0,0,0,0,1,0,0,0,0
3071341200021200094,12,0,0,0,0,0,0,0,0,0,0,0,0,0,0,2,0,0,0,3,2,2,1,3,0,0,0,16,0,0,0,0,2,0,3,3,0,2,0,0,0,1,0,0,2,2,1,0,1,0,0,0,0,0,0,0,0,0,0,0,0,0,0,0,1,0,0,0,1,0,0,0,0,0,0,0,0,0,1,3,0,0,0,0,0,0,0,0,0,1,13,0,0,0,4,0,1,0,0,0,23,0,0,0,1,0,1,2,0,0,0,0,0,0,0,0,1,3,0,0,0,0,0,0,3,0,0,0,0,0,0,0,0,0,0,0,0,0,0,0,0,1,0,0,0,0,0,0,0,0,0,0,0,0,0,0,0,0,0,0,0,0,0,0,0,0,0,0,0,1,0,0,0,0,0,0,0,0,0,0
3071341200021200105,54,1,0,0,0,0,2,0,0,0,0,0,0,0,0,4,0,0,0,3,10,3,0,5,0,0,0,37,0,1,0,1,2,0,5,0,0,1,1,2,1,1,1,0,1,3,4,0,1,1,0,0,0,0,0,0,0,0,2,0,1,0,2,0,1,1,0,0,4,0,1,1,0,0,0,0,0,0,0,2,0,0,0,8,0,2,0,0,0,2,27,0,1,0,0,0,1,1,0,1,55,0,1,0,2,0,0,4,0,0,0,0,0,0,0,0,0,1,0,0,1,1,0,0,5,1,1,2,0,1,0,0,0,0,0,0,0,0,0,1,0,0,0,1,0,0,0,0,0,0,0,0,0,0,0,0,0,0,0,0,1,0,0,0,0,0,0,1,0,0,1,0,0,0,0,0,0,0,0,0
3071341200021300037,66,0,0,0,0,0,8,0,1,1,0,0,0,0,0,0,5,1,0,0,1,6,1,2,0,4,0,0,0,0,1,1,1,1,3,0,0,2,0,17,1,0,0,0,0,7,4,1,0,0,0,0,0,0,0,1,0,0,8,0,1,0,0,0,5,0,0,0,0,0,0,1,0,0,0,0,0,2,0,1,15,0,0,9,0,0,0,0,0,0,15,0,1,0,1,8,6,0,0,3,1,0,0,0,0,0,0,0,0,0,5,0,0,0,0,0,0,1,0,0,0,0,4,1,0,0,14,0,0,0,0,0,0,0,0,0,0,0,0,0,0,0,0,0,0,0,0,0,0,0,0,0,0,1,0,0,0,0,0,0,0,0,0,2,0,0,0,0,0,0,0,0,0,0,0,0,0,0,1,1
3071341200021300039,48,0,0,0,0,0,0,0,0,0,0,0,0,0,0,0,0,1,0,0,0,0,1,0,0,5,0,1,0,0,2,0,0,0,2,0,0,0,1,7,1,0,0,0,0,4,0,0,0,2,0,0,0,0,0,1,0,0,6,0,2,0,0,0,2,0,0,0,0,0,0,0,0,0,0,1,0,1,0,0,4,0,0,7,1,0,0,0,0,0,6,0,0,0,1,1,0,0,0,2,0,0,0,0,1,0,0,0,0,0,0,0,1,0,0,0,0,1,1,0,0,0,2,1,0,0,11,0,0,0,0,0,0,0,0,1,0,0,0,0,0,0,0,0,0,0,0,0,0,0,0,1,0,0,0,0,0,0,0,2,0,0,0,0,0,0,0,0,0,0,0,0,0,0,0,1,0,0,0,0
3071341200021300044,24,0,0,0,0,0,0,0,0,2,0,0,0,0,0,1,0,0,0,1,0,0,1,0,0,2,0,0,0,0,0,2,0,1,0,0,0,0,0,3,1,0,0,0,0,4,3,0,0,0,0,0,0,1,0,0,0,0,4,0,1,0,1,0,1,1,0,0,0,0,0,0,0,0,0,0,0,2,0,0,2,0,0,5,0,0,0,0,0,0,8,0,1,0,0,2,2,0,0,1,0,0,0,0,1,0,0,0,0,0,0,0,0,1,0,0,0,0,1,0,0,0,3,0,0,1,5,0,0,0,0,0,0,0,0,0,0,0,0,0,0,0,0,0,0,0,0,0,0,0,0,0,0,0,0,0,0,0,0,0,0,0,0,0,0,0,0,0,0,0,0,0,0,0,0,0,0,0,0,0
3071341200021300046,57,0,0,0,0,0,0,0,0,0,0,1,0,0,0,0,0,0,0,0,0,5,0,1,0,4,0,0,1,0,0,0,0,0,0,0,0,2,0,5,4,0,0,0,0,7,1,0,0,0,0,0,0,1,0,0,0,0,8,0,1,0,0,0,4,1,0,0,0,0,2,0,0,0,0,0,0,1,0,0,8,0,0,7,0,0,0,0,0,0,13,0,2,0,1,1,2,0,0,5,0,0,0,0,0,0,0,0,1,0,2,0,0,0,0,0,0,1,1,0,0,0,2,0,2,0,5,2,0,0,0,0,0,0,0,0,0,1,0,0,0,0,0,0,0,0,0,0,0,0,0,0,0,0,0,0,0,0,0,0,0,0,0,0,0,0,0,0,0,0,0,0,0,0,1,0,0,0,0,0
3071341200021300068,114,1,2,1,0,0,0,0,0,0,0,0,0,0,0,0,9,1,0,2,0,20,1,3,0,9,0,2,0,1,2,2,1,0,0,0,2,7,0,20,7,0,0,0,3,15,4,0,0,0,0,0,0,1,0,7,1,0,12,0,0,0,0,0,6,0,0,0,4,0,0,0,0,0,3,0,2,0,0,0,2,0,0,26,0,1,0,1,0,0,32,0,19,0,1,0,11,1,1,4,2,0,0,0,2,0,3,0,0,0,2,0,0,0,0,0,0,2,1,0,0,2,9,1,14,0,4,1,0,0,0,0,0,0,0,0,0,0,0,0,0,0,0,0,0,0,0,0,1,0,2,0,0,0,0,0,0,0,0,0,2,0,0,1,0,0,0,0,0,0,0,1,0,0,0,0,0,1,0,0
3071341200022100014,10,1,1,3,0,0,0,0,0,0,0,1,1,0,0,0,1,1,1,0,0,0,0,0,0,0,2,2,0,0,0,0,1,0,1,0,0,1,4,1,0,6,0,0,0,1,11,17,0,2,0,0,0,0,0,0,0,0,0,0,0,0,0,0,1,0,0,0,0,4,0,0,0,0,2,0,2,0,0,0,0,1,0,0,0,1,0,0,2,1,2,0,0,0,0,1,0,0,0,1,10,0,0,0,0,0,0,0,0,0,0,1,0,0,0,0,0,0,14,0,0,0,0,0,0,0,0,0,3,0,0,1,0,0,0,0,0,0,0,0,0,0,0,0,0,0,0,0,0,0,0,0,0,0,0,0,0,0,0,0,0,0,0,0,0,0,0,0,0,0,0,0,0,0,0,0,0,0,0,0
3071341200022100015,79,1,10,2,2,0,0,0,0,0,1,0,1,0,0,6,1,0,0,3,6,1,1,1,0,1,1,91,0,0,0,5,0,0,1,1,0,6,0,0,2,1,1,0,0,0,6,2,0,1,0,0,0,0,0,0,1,0,1,0,7,0,0,0,2,1,0,0,6,0,0,1,0,1,0,0,9,0,2,0,0,1,1,25,0,0,2,1,12,0,19,0,2,0,6,15,3,0,0,0,103,0,6,0,1,2,2,0,2,1,2,0,0,0,0,0,0,2,1,0,2,0,1,0,6,0,3,0,0,0,0,0,5,0,0,0,0,1,0,0,0,0,0,0,0,1,0,0,0,0,0,1,0,0,0,0,0,0,0,1,2,0,0,0,0,0,0,0,0,1,0,0,1,1,0,0,0,0,1,1
3071341200022100018,30,2,8,0,0,1,0,0,0,0,0,0,0,1,2,3,0,1,0,0,4,0,0,1,2,0,3,26,1,0,0,3,0,0,1,0,0,4,1,0,1,4,5,3,0,1,2,0,1,1,0,1,0,0,0,1,0,1,1,0,1,1,0,0,0,2,0,0,2,0,1,0,0,0,0,0,6,0,0,0,0,0,0,8,0,0,0,0,5,0,9,0,1,0,8,2,0,1,0,2,41,3,3,0,0,0,0,0,0,0,0,0,0,0,1,0,0,1,0,0,1,0,1,1,3,0,1,0,0,0,0,2,6,0,0,0,0,0,0,0,0,0,0,0,1,0,0,0,0,0,0,0,1,0,0,0,0,0,0,0,2,0,0,0,0,0,0,0,0,0,0,2,0,0,1,1,0,0,0,0
3071341200022100023,99,0,4,0,4,0,1,0,0,0,0,1,1,0,1,0,0,3,1,0,0,11,1,0,0,2,0,18,1,1,0,1,0,0,22,0,0,4,0,2,2,1,1,1,7,1,7,14,4,0,1,0,1,1,2,2,0,0,4,0,5,0,0,0,12,2,0,0,0,0,0,0,0,0,0,0,14,2,4,0,16,3,0,6,0,0,0,1,4,0,44,0,7,0,12,4,0,0,5,10,20,1,9,0,1,1,0,7,0,1,0,0,0,1,0,0,14,1,0,0,1,0,1,1,10,0,2,4,0,2,0,1,0,0,0,0,0,1,0,0,0,0,0,0,0,1,0,0,0,0,0,0,0,0,0,0,0,0,0,0,0,0,0,0,0,1,0,0,0,0,0,0,0,0,0,0,0,1,0,0
3071341200022100024,44,1,4,2,1,0,0,0,2,0,0,0,1,0,1,0,0,2,0,0,0,3,1,0,0,1,0,7,0,0,0,2,0,0,3,0,0,0,0,1,0,0,0,2,0,0,3,7,0,0,4,0,0,1,0,0,1,0,2,0,11,0,0,0,6,0,2,0,0,0,0,0,0,0,0,0,3,0,0,0,2,1,0,3,0,0,0,2,4,0,19,0,0,0,5,2,0,0,2,2,7,0,12,1,0,4,1,2,0,0,0,0,0,1,0,0,8,1,1,0,0,0,0,1,4,0,1,1,0,4,0,0,0,0,0,0,0,0,0,0,0,1,0,2,1,0,0,0,0,0,0,0,0,0,0,0,0,0,0,0,0,0,0,0,0,0,0,0,0,0,1,0,0,0,0,0,0,0,0,0
3071341200022100025,188,0,2,4,0,1,2,0,0,1,0,2,1,0,0,0,1,0,1,0,0,1,2,0,1,22,0,3,1,0,12,2,0,0,1,0,0,0,0,8,8,0,0,0,2,8,4,8,0,0,1,0,0,0,0,0,1,0,10,0,5,0,0,0,8,6,1,0,0,0,1,0,0,0,3,1,3,0,2,0,4,0,0,27,0,0,0,0,1,1,21,0,2,1,6,7,13,1,1,1,7,12,2,1,1,0,2,1,0,2,0,1,2,1,1,0,2,0,0,0,0,0,9,0,5,0,28,5,0,1,0,0,0,0,1,1,0,0,0,0,0,0,0,0,0,1,0,0,1,0,0,0,0,0,0,0,0,0,0,0,0,0,0,0,1,0,0,0,0,0,0,0,0,0,1,0,0,0,0,1
3071341200022100026,108,0,1,0,0,0,3,0,0,3,0,1,2,0,0,1,0,1,0,0,0,1,0,0,0,4,0,0,0,0,2,1,0,0,1,0,0,0,1,1,3,0,0,0,1,6,1,1,1,0,2,0,0,0,0,2,0,0,4,0,0,0,0,0,3,0,0,0,0,0,0,0,0,0,1,0,0,0,0,0,2,0,0,23,0,0,0,0,0,0,13,0,2,0,1,1,2,0,0,0,1,0,0,0,1,0,0,2,0,0,0,0,0,0,1,0,1,0,0,0,0,0,1,2,1,0,9,0,0,0,0,0,0,0,0,0,0,0,0,0,0,0,0,0,0,0,0,0,1,0,0,0,1,0,0,0,0,0,0,0,0,0,0,0,0,0,0,0,0,0,0,0,0,0,0,0,0,0,0,0
3071341200022100028,21,0,4,0,3,0,0,0,0,1,0,0,0,0,0,0,0,1,0,0,0,1,2,1,0,0,1,9,0,0,0,0,0,0,6,0,0,0,1,0,1,0,0,1,1,0,0,5,0,0,2,0,0,0,0,0,1,0,0,0,1,0,0,0,3,0,1,0,0,0,0,0,0,0,0,0,0,0,0,0,6,4,1,2,0,0,0,0,1,0,16,0,2,0,2,0,0,1,0,5,7,0,8,0,1,0,1,2,0,0,0,0,0,2,0,1,8,0,0,0,0,0,0,0,3,0,1,3,0,0,0,3,0,0,0,0,0,0,0,0,0,0,0,0,0,0,0,0,0,1,0,0,0,0,0,0,0,0,0,1,0,1,1,0,0,0,0,0,0,0,0,0,0,0,0,0,0,0,0,0
3071341200022100030,43,0,0,1,0,0,0,0,0,0,0,1,1,0,0,0,0,1,0,0,0,0,2,0,0,6,0,0,0,1,4,1,0,0,0,0,0,1,0,2,3,0,0,0,0,1,0,0,0,0,0,0,0,0,0,0,0,2,3,0,0,0,0,0,1,1,0,0,0,0,0,0,0,0,0,0,0,0,0,0,0,0,0,11,0,0,0,0,0,0,3,0,0,0,3,0,4,0,0,0,0,2,0,0,0,0,0,0,0,0,0,1,0,0,0,0,0,0,0,0,0,0,0,1,0,0,8,0,0,1,0,0,0,0,0,0,0,0,0,0,0,0,1,0,0,0,0,0,0,0,0,0,1,0,0,0,0,0,0,0,0,0,0,0,0,0,0,0,0,0,0,0,0,0,0,0,0,0,0,0
3071341200022100031,54,1,0,0,0,0,3,0,0,5,0,0,0,0,0,0,0,0,0,1,0,0,0,0,1,4,0,1,0,0,2,2,0,0,1,0,0,0,0,0,4,0,0,1,0,1,2,0,0,0,0,0,0,0,0,5,0,0,1,0,0,0,0,0,2,3,0,0,0,0,0,0,0,0,0,0,0,0,0,0,1,0,0,12,0,0,0,0,0,0,17,0,0,0,0,2,0,0,0,1,2,1,0,0,0,0,0,0,0,0,0,0,0,1,0,0,0,1,0,0,0,0,0,0,1,0,5,0,0,0,0,0,0,0,0,0,0,0,0,0,0,0,0,0,0,0,0,0,0,0,1,0,0,0,0,0,0,0,0,0,0,0,0,0,0,0,0,0,0,0,0,0,0,0,0,0,0,0,0,0
3071341200022100035,44,0,0,0,0,0,1,0,0,0,1,0,0,0,0,0,0,3,0,1,0,0,0,0,0,5,0,1,0,1,0,1,0,0,0,1,0,0,1,5,1,0,0,0,0,1,2,0,0,0,0,0,0,0,0,1,0,0,9,0,0,0,0,0,2,10,1,0,0,0,0,0,0,0,0,0,0,1,0,0,13,0,0,15,0,0,0,0,0,0,11,0,2,0,0,23,8,0,1,2,1,0,1,0,0,0,0,0,0,0,1,0,1,1,0,0,0,0,0,0,1,1,5,1,0,0,22,1,0,0,0,0,0,0,0,0,0,0,0,0,0,0,0,0,0,0,0,0,0,1,0,0,0,0,0,0,0,0,0,0,1,0,0,0,0,0,0,0,0,0,0,0,0,0,0,0,0,1,0,0
3071341200022100037,76,1,0,0,0,0,3,0,0,4,0,0,0,0,1,0,0,2,0,0,1,0,0,0,0,8,0,1,0,0,0,0,0,0,2,0,0,0,1,4,5,0,0,0,0,5,4,0,0,1,0,0,0,0,0,9,0,0,7,0,0,0,0,0,8,6,0,0,0,0,0,0,0,0,0,1,0,2,0,0,7,0,0,26,0,0,0,0,0,0,20,0,2,0,0,7,3,0,0,4,3,0,1,0,1,0,0,0,0,0,0,0,0,0,0,0,0,2,1,0,0,0,5,1,1,0,19,0,0,1,0,1,0,0,0,0,0,0,0,0,0,0,0,0,0,0,0,1,0,0,0,0,0,0,0,0,0,0,0,1,1,0,0,0,0,0,0,0,0,0,0,0,0,1,0,0,0,0,1,0
3071341200022100039,83,0,0,0,0,0,1,0,0,25,0,0,0,0,0,0,0,0,0,0,0,0,0,1,0,6,0,5,0,0,1,0,4,1,4,0,0,0,0,2,2,1,0,0,0,4,2,3,0,0,0,0,0,2,0,3,0,0,3,0,0,0,0,0,9,7,0,0,0,0,1,0,0,0,0,1,1,0,0,0,0,0,0,14,0,0,0,0,1,0,14,0,0,0,3,5,4,0,0,13,9,0,3,0,3,0,0,0,0,0,0,1,1,0,0,0,0,0,0,0,0,1,2,0,4,0,0,0,1,0,0,0,1,0,0,0,0,0,0,0,0,0,0,1,0,0,0,1,0,0,0,0,0,0,0,0,0,0,0,0,0,0,1,0,0,0,0,0,0,0,1,0,0,1,0,0,0,0,0,1
3071341200022100040,108,0,0,1,0,0,3,0,0,0,0,0,0,0,1,3,2,2,0,1,0,0,0,0,0,17,0,1,0,0,3,2,0,0,3,0,0,2,0,8,5,0,0,0,0,12,6,0,0,0,0,0,1,0,0,0,0,0,10,1,2,0,1,0,5,5,0,0,1,0,0,0,0,0,1,0,0,4,0,1,51,0,0,37,1,0,0,0,0,0,24,1,10,0,2,6,14,1,0,4,0,0,0,2,2,0,0,1,0,2,1,0,0,0,0,0,0,1,0,0,1,0,13,0,2,2,38,1,0,0,0,1,1,0,1,0,0,0,0,0,0,0,0,0,0,1,0,0,0,1,0,0,1,0,0,0,0,0,0,0,0,0,0,0,0,0,0,0,1,0,0,0,0,0,0,0,0,0,1,0
3071341200022100044,60,0,1,1,0,1,0,0,0,0,0,1,0,0,0,0,0,0,0,0,0,2,0,0,0,6,0,16,0,0,3,8,0,0,2,0,0,0,0,0,0,1,0,1,0,2,3,0,0,0,0,0,0,0,1,3,0,0,0,1,0,0,0,0,6,1,0,0,0,0,0,0,0,0,2,1,12,0,2,0,1,2,0,7,0,0,0,0,1,0,24,0,0,0,3,11,0,0,4,4,16,1,0,1,9,0,7,0,0,1,0,0,0,0,0,0,0,1,0,0,0,1,2,0,6,2,0,0,0,2,0,1,0,0,0,0,0,0,0,0,0,0,0,0,0,0,0,0,0,0,0,0,0,0,0,0,0,1,1,0,0,0,1,0,0,0,0,0,0,0,0,0,0,0,0,0,0,0,0,0
3071341200022100048,41,0,0,0,0,0,2,0,0,0,0,0,0,0,0,0,2,0,0,0,0,0,2,0,0,1,0,0,0,1,1,0,0,0,0,0,0,0,0,0,8,0,0,1,0,2,1,0,0,0,0,0,0,0,0,1,0,0,5,0,0,0,0,0,0,4,0,0,0,0,0,1,0,0,0,0,0,0,0,0,1,0,0,9,0,0,1,0,0,0,2,0,0,0,0,0,2,0,0,3,0,0,0,0,0,0,0,0,0,0,0,0,0,0,0,0,0,0,1,0,2,0,0,1,0,0,8,0,0,0,0,0,0,0,0,0,0,0,0,0,0,0,0,0,0,0,0,0,0,0,0,0,0,0,0,0,0,0,0,0,0,0,0,0,0,2,0,0,0,0,0,0,0,0,0,0,0,0,0,0
3071341200022100049,72,0,0,1,0,0,0,0,0,17,0,0,0,0,0,0,0,1,0,0,0,0,1,0,0,7,0,7,0,1,2,2,1,0,2,1,1,0,0,1,3,0,1,3,0,2,4,0,0,0,0,0,0,0,0,5,0,0,1,1,0,0,0,0,10,8,0,0,0,0,0,0,0,0,1,0,1,2,1,0,0,0,0,23,0,1,0,1,0,0,17,0,1,0,3,3,1,0,1,17,6,0,3,1,4,0,1,0,0,0,0,0,0,1,2,0,1,0,0,0,0,0,2,0,3,1,2,0,1,0,0,0,0,0,0,0,1,0,0,0,0,0,0,0,0,0,0,0,0,0,0,0,0,0,0,0,0,0,0,1,0,0,0,0,0,0,0,0,0,0,0,0,0,1,1,0,0,0,0,0
3071341200022100053,21,0,0,0,0,0,0,0,0,4,0,0,0,0,0,0,0,0,0,0,1,0,0,0,0,4,0,0,0,1,0,0,0,0,0,0,0,0,0,0,1,0,0,0,0,3,1,0,0,0,0,0,0,0,0,4,0,0,0,0,0,0,0,0,1,0,0,0,0,0,0,0,0,0,0,0,1,0,0,0,1,0,1,9,0,0,0,0,0,0,9,0,1,0,0,0,0,0,0,3,1,0,0,0,0,0,0,0,0,0,1,0,0,0,0,0,0,0,1,0,0,0,0,0,0,0,4,0,0,0,0,0,0,0,0,0,0,0,0,0,0,0,1,0,0,0,0,0,0,0,0,0,0,0,0,0,0,0,0,0,0,0,0,0,0,0,0,0,0,0,0,0,0,0,0,0,0,0,0,0
3071341200022100054,114,0,0,2,0,0,4,0,1,0,0,2,0,0,1,1,7,0,0,0,0,0,1,2,0,12,0,0,1,0,1,2,0,0,2,0,0,0,1,7,11,0,0,0,0,9,10,0,0,0,0,0,0,0,0,5,1,1,12,1,0,0,0,0,2,8,0,0,0,0,0,0,0,0,0,0,0,1,0,0,10,0,0,42,0,0,0,1,1,0,23,0,3,0,3,8,2,0,0,10,3,0,1,0,3,0,0,0,0,0,0,1,0,0,0,0,0,0,0,0,0,1,7,1,2,0,32,1,0,1,1,0,0,0,0,0,1,0,0,0,2,0,0,0,0,0,0,0,0,0,0,0,0,0,0,0,0,0,0,0,0,0,0,0,0,0,0,0,0,0,0,0,0,0,0,0,1,0,0,0
3071341200022100056,100,0,0,3,0,0,8,0,0,1,0,0,0,0,2,0,3,1,0,1,0,0,1,0,0,12,0,1,0,0,1,0,0,0,1,0,0,0,0,2,11,1,0,0,0,6,3,0,0,0,0,0,0,1,0,5,3,1,10,2,1,0,0,0,6,9,0,0,0,0,1,0,0,0,2,0,3,5,0,1,7,2,0,46,0,0,0,0,1,0,17,0,5,0,2,10,12,0,0,5,0,0,0,0,0,0,0,1,0,0,0,0,1,0,0,1,0,0,0,0,1,0,4,1,0,0,37,0,0,0,0,0,0,0,1,0,0,0,0,0,0,0,0,1,0,0,0,0,0,0,0,0,0,0,0,0,0,0,0,0,0,0,0,0,0,0,0,0,0,0,0,0,0,0,0,0,0,0,0,0
3071341200022100057,102,0,0,1,0,0,1,0,0,1,0,0,0,0,1,0,2,1,0,0,1,1,1,0,0,7,0,0,0,0,0,2,0,0,2,0,0,1,1,3,7,0,0,0,0,4,1,0,0,0,0,0,1,0,0,2,2,0,8,0,0,0,0,0,5,3,1,0,1,0,0,0,0,0,0,0,0,1,0,2,19,0,1,31,0,0,0,0,0,0,23,0,2,0,2,4,5,0,0,2,1,0,1,1,1,0,0,1,0,0,1,1,0,0,0,0,0,0,0,0,1,0,9,0,0,0,31,2,0,1,0,0,0,0,0,0,0,0,0,0,0,0,0,0,0,0,1,0,0,0,0,0,0,0,0,0,0,0,1,0,0,0,1,1,0,1,0,0,2,0,0,0,0,0,0,0,0,0,0,0
3071341200022100058,51,1,0,2,0,0,2,0,0,9,0,0,0,0,0,0,0,1,0,0,0,0,1,0,0,2,0,1,0,0,0,0,0,0,1,0,0,0,0,0,3,0,0,1,1,2,3,0,1,0,0,0,0,0,0,1,0,0,2,0,0,0,0,0,3,5,0,0,0,0,1,0,0,0,0,0,2,1,0,0,1,0,1,9,0,0,0,0,0,2,6,0,0,0,0,0,3,0,0,5,3,0,0,0,0,0,0,0,0,0,0,1,0,0,0,0,1,0,1,0,0,0,4,0,0,0,3,0,0,0,0,0,0,0,0,0,0,0,0,0,0,0,0,0,0,0,0,0,0,0,0,0,0,0,0,0,0,0,1,0,0,1,0,0,0,0,0,0,0,0,0,0,0,0,0,0,0,0,0,0
3071341200022100061,36,0,1,0,0,0,2,0,0,1,0,0,0,0,0,0,0,0,0,0,0,0,0,2,0,1,0,1,0,0,0,0,0,0,1,0,1,0,1,3,1,0,0,1,0,4,6,0,0,0,0,0,0,0,1,2,0,0,2,0,2,0,0,0,3,0,0,0,0,0,1,0,0,0,1,1,0,0,0,0,3,0,0,19,0,0,0,0,0,0,8,0,3,0,2,7,2,0,0,5,0,0,0,1,1,0,0,1,0,0,1,0,0,0,0,0,0,2,0,0,0,1,3,1,4,0,16,0,0,0,0,0,0,0,0,0,0,0,0,0,0,0,0,0,0,0,0,0,0,0,0,0,0,0,0,0,0,0,0,0,0,0,0,0,0,0,0,0,0,0,0,0,0,0,0,0,0,0,0,2
3071341200022100062,48,0,0,0,0,0,0,0,1,3,0,0,1,1,0,0,0,0,0,0,0,1,0,0,0,0,0,8,1,0,0,1,0,0,7,0,0,0,0,0,2,0,0,0,0,0,0,2,2,0,1,0,0,1,1,1,0,1,0,0,1,0,0,0,3,2,1,0,0,1,0,1,0,0,0,0,8,0,0,0,1,3,0,3,0,0,0,1,1,1,16,0,1,0,4,0,0,0,0,7,7,0,6,0,1,0,0,6,0,0,0,0,0,0,0,0,6,0,1,0,0,0,1,0,2,0,0,2,0,2,0,0,0,0,0,0,0,0,0,0,0,0,0,0,0,2,0,0,0,0,0,0,0,0,0,0,0,0,0,0,1,0,0,0,0,0,0,0,0,0,0,0,0,0,0,0,1,0,0,0
3071341200022100064,43,1,0,0,2,3,0,0,0,0,0,0,0,0,0,2,0,0,0,1,4,0,0,1,0,0,0,16,0,0,1,0,1,0,1,0,0,4,0,0,2,1,1,0,0,0,3,11,0,0,0,0,0,0,0,0,0,0,0,0,0,0,0,0,0,1,0,0,2,1,0,0,0,1,0,0,2,0,0,2,3,0,0,6,1,2,1,0,3,0,10,0,0,0,7,2,0,0,0,3,20,1,0,1,0,0,0,0,0,0,1,0,0,0,0,0,0,1,6,0,0,0,0,0,6,0,3,0,0,0,0,0,0,0,0,0,0,0,0,0,0,0,0,0,0,0,0,0,0,0,0,0,0,0,0,0,0,0,0,0,1,0,0,0,0,0,0,0,0,0,0,0,0,0,1,0,0,1,0,1
3071341200022100066,35,0,1,0,0,2,0,0,0,0,0,1,0,0,0,2,0,0,0,6,4,0,0,0,1,0,0,13,0,0,0,1,2,0,1,0,0,0,6,0,0,1,1,0,0,0,0,0,1,0,0,0,0,0,0,1,0,0,1,0,0,0,0,0,1,0,0,0,1,0,0,0,0,0,0,0,0,0,0,0,0,1,0,6,0,3,0,0,2,1,4,0,0,0,1,1,0,0,0,5,27,0,2,0,0,0,0,0,0,0,0,0,0,0,0,0,0,1,0,0,2,0,0,0,9,0,9,2,0,0,0,1,0,0,0,0,0,0,0,0,0,0,0,0,0,0,0,0,0,0,0,0,0,0,0,0,0,0,0,0,0,0,0,0,0,0,0,0,0,0,0,0,0,0,0,0,0,0,0,0
3071341200022100067,114,1,2,2,0,0,4,1,0,0,0,1,0,1,0,1,1,0,0,1,0,2,1,0,0,7,0,1,0,0,0,1,0,1,4,0,0,5,1,11,13,0,0,1,0,13,2,0,0,0,0,0,0,0,0,1,0,1,14,0,1,0,0,0,5,4,0,0,0,0,2,0,0,0,2,0,0,2,0,0,46,0,0,26,0,1,0,0,0,0,24,1,3,0,2,7,17,1,0,5,1,0,1,1,2,0,0,1,0,1,1,1,0,0,0,0,0,0,0,0,0,2,3,1,1,0,27,0,0,0,0,0,0,0,0,0,0,0,0,1,0,0,0,0,0,0,0,0,0,0,0,0,0,1,2,0,0,0,0,0,0,0,0,0,0,1,0,0,0,0,0,0,0,0,0,0,0,0,0,4
3071341200022100068,83,0,0,0,0,0,3,0,0,0,0,0,1,1,0,0,2,1,0,0,0,0,1,0,0,4,0,0,0,0,0,2,0,0,0,0,0,0,0,4,7,0,0,0,0,1,3,0,0,0,0,0,1,0,0,2,0,0,7,1,0,0,0,0,8,9,0,0,0,0,0,1,0,0,0,0,0,0,0,0,10,0,0,37,1,0,1,0,0,0,14,0,3,0,1,4,5,0,1,5,0,1,0,0,1,1,0,0,0,0,1,0,0,0,0,0,0,0,1,0,0,1,3,0,2,0,14,0,0,0,0,0,1,0,0,0,0,0,0,0,0,0,0,0,0,0,0,0,0,1,0,0,0,0,0,0,0,0,0,0,0,0,1,0,1,0,0,0,0,0,0,0,0,0,0,0,0,0,0,1
3071341200022100070,68,0,1,0,0,0,1,0,0,2,0,1,0,0,1,1,0,1,0,0,1,0,0,0,0,1,0,0,0,0,1,1,0,0,0,0,0,0,0,5,9,0,0,1,0,3,3,1,0,0,0,0,0,0,0,3,2,0,3,0,0,0,0,0,3,4,0,0,0,0,0,1,0,0,0,0,0,0,0,0,2,0,0,25,0,0,0,0,0,0,8,0,1,0,1,5,2,0,0,3,0,0,2,0,0,0,0,0,0,0,0,2,0,1,0,1,0,1,0,0,0,0,1,0,1,0,7,0,0,0,0,0,0,0,0,0,0,0,0,0,0,0,0,0,0,0,0,0,0,0,0,0,0,0,0,0,0,0,0,1,0,0,0,0,0,0,0,0,0,0,0,0,0,0,0,0,0,0,0,0
3071341200022100072,85,0,1,2,0,0,3,1,0,5,0,0,0,0,1,2,0,0,0,0,0,1,0,0,0,5,0,1,1,0,1,0,0,0,1,0,0,2,0,11,3,0,0,0,1,11,4,1,0,0,0,0,0,0,1,1,0,0,13,0,3,0,0,0,4,1,0,0,0,0,0,0,0,0,2,0,0,5,0,0,4,0,0,24,0,0,0,0,0,0,14,0,1,0,3,12,9,0,0,2,0,0,1,0,0,0,0,0,0,0,2,0,0,1,0,1,0,0,1,0,0,0,3,1,1,0,21,0,0,0,0,0,0,0,1,0,0,0,0,0,1,0,0,0,0,1,0,0,0,0,0,0,0,0,0,0,0,0,1,0,0,1,0,0,0,1,0,0,1,1,0,0,0,2,0,1,0,0,0,0
3071341200022100074,18,0,0,1,4,1,0,0,0,1,1,0,0,0,1,3,0,0,0,2,6,0,0,2,5,0,0,25,0,0,0,1,4,0,1,3,0,1,1,0,1,0,5,0,0,1,0,3,0,0,0,0,0,0,0,0,1,0,1,0,0,0,0,0,0,0,0,0,2,1,0,0,0,0,0,0,0,0,0,4,0,1,0,2,0,6,0,0,4,1,18,0,0,0,2,3,0,0,0,4,22,1,0,0,0,0,0,2,0,0,1,0,0,0,0,0,1,2,0,0,1,0,0,0,7,0,13,0,0,0,0,3,0,0,0,0,1,0,1,0,0,0,0,0,0,0,0,0,0,0,0,0,0,0,0,1,0,0,0,0,0,0,0,0,0,0,0,0,0,2,0,0,1,0,0,0,0,0,0,0
3071341200022100080,77,0,1,1,0,0,2,0,0,0,0,0,0,0,0,1,0,0,0,1,0,0,0,0,0,3,0,5,0,2,0,0,0,0,0,0,1,0,0,0,4,2,0,1,1,6,1,2,0,0,0,0,0,0,0,2,0,0,11,0,0,0,0,0,1,1,0,0,1,0,0,0,0,0,0,0,0,0,0,0,3,0,2,32,0,0,1,0,0,0,10,0,2,0,1,2,2,0,1,1,0,0,2,0,0,0,0,0,0,0,0,0,0,0,2,0,2,1,0,0,0,1,0,1,1,0,13,0,0,0,0,0,0,0,0,0,0,0,0,0,0,0,0,0,0,0,0,0,0,0,0,1,0,0,0,0,0,1,0,0,1,0,0,0,0,0,0,0,0,0,0,0,0,0,0,0,0,0,0,0
3071341200022100082,91,0,20,0,1,0,2,0,0,1,0,1,7,0,0,4,0,1,3,0,5,5,0,0,0,0,1,26,0,1,1,5,0,0,36,0,0,5,0,0,0,0,1,5,2,2,2,14,0,0,1,0,0,0,2,0,1,1,2,0,15,0,1,0,17,2,2,0,2,0,1,1,0,0,0,2,7,2,1,0,10,5,3,1,0,0,0,2,15,0,27,0,8,2,10,7,2,0,5,9,28,1,17,2,2,2,0,15,0,1,3,0,0,3,0,0,23,0,2,1,1,3,0,2,8,0,3,1,1,1,0,1,0,0,1,0,1,0,0,0,2,0,1,1,0,0,0,0,0,0,1,0,0,0,0,0,0,0,0,0,1,0,0,1,0,0,0,0,0,1,0,0,0,0,0,1,0,0,0,1
3071341200022100085,46,0,0,2,0,0,1,0,0,2,0,0,0,0,0,0,1,0,0,0,0,2,1,0,0,7,0,1,0,1,0,3,0,0,1,0,0,1,0,5,1,0,0,0,0,11,3,0,0,0,0,0,0,0,0,2,1,0,12,0,6,0,0,0,4,2,0,0,0,0,0,0,0,0,0,0,1,0,0,0,11,0,0,36,0,0,0,0,0,0,8,0,5,0,2,15,9,0,0,1,0,0,0,0,0,1,0,0,0,0,1,1,1,1,0,0,0,0,0,0,0,1,12,1,1,0,5,0,2,0,0,0,0,0,0,0,1,0,0,0,0,0,0,0,0,0,0,0,0,0,0,0,0,0,0,0,0,0,0,0,0,0,0,0,0,0,1,0,0,0,0,0,1,0,0,0,0,0,1,0
3071341200022100086,114,0,0,0,0,0,2,0,0,0,0,0,0,0,1,0,0,0,0,0,0,1,0,0,0,2,0,2,0,0,2,0,0,1,1,0,0,0,0,3,13,0,0,0,0,6,4,4,0,0,1,0,0,0,0,2,2,0,8,0,1,0,0,0,5,1,0,0,0,0,0,0,0,0,1,0,1,1,0,0,2,0,0,41,0,0,2,0,1,0,23,0,0,0,0,9,6,0,0,3,2,0,2,0,1,0,0,1,0,0,0,0,1,0,0,0,0,2,0,0,0,1,3,0,1,0,19,1,0,0,0,0,0,0,0,0,0,0,0,1,0,0,0,0,0,0,0,0,0,0,1,1,0,0,0,0,0,0,0,0,0,0,0,0,0,1,0,0,0,0,0,0,0,0,0,0,0,0,0,0
3071341200022100088,34,0,0,1,0,0,1,0,0,1,0,0,0,0,0,0,1,0,0,1,0,0,0,0,0,2,0,1,0,0,1,0,0,0,2,0,0,0,0,2,4,1,0,0,0,1,1,0,0,0,0,0,0,1,0,0,1,0,13,0,1,0,0,0,4,4,0,0,0,0,0,0,0,0,0,0,0,2,0,0,16,0,0,9,0,0,0,0,0,0,5,0,1,0,1,2,3,0,1,3,0,0,0,0,0,0,1,0,0,0,0,0,0,0,0,0,0,2,0,0,0,0,1,0,0,0,18,0,0,0,0,1,0,0,0,0,0,0,0,0,0,0,0,0,0,0,0,0,0,0,0,0,0,0,0,0,0,0,0,0,0,0,1,0,0,0,0,0,0,0,0,0,0,0,0,0,0,0,1,1
3071341200022100089,11,0,0,0,0,0,0,0,0,0,0,0,0,0,0,0,0,0,0,0,0,0,1,0,0,0,0,0,0,0,0,0,0,0,2,0,0,0,0,0,1,0,0,0,0,2,0,0,0,0,0,0,0,0,0,0,0,0,6,0,0,0,0,0,1,0,0,0,0,0,0,0,0,0,0,0,0,0,0,0,4,0,0,9,0,0,0,0,0,0,4,0,2,0,1,0,0,0,0,2,0,0,0,1,0,0,0,0,0,0,0,0,0,0,0,0,0,1,0,0,1,0,3,0,0,0,5,0,0,0,0,0,0,0,0,0,0,0,0,0,0,0,0,0,0,0,0,0,0,0,0,0,0,0,0,0,0,0,0,0,0,0,0,0,0,0,0,1,0,0,0,0,0,0,1,0,0,0,0,0
3071341200022100090,44,1,3,1,0,1,1,0,0,1,0,0,0,0,0,0,0,0,0,4,6,1,0,0,4,1,4,20,0,0,0,2,2,0,6,1,0,6,2,1,0,1,2,0,0,3,3,5,0,0,0,0,0,0,0,0,1,0,0,0,0,0,0,0,6,0,0,1,2,0,0,0,0,0,0,0,3,0,0,4,0,3,0,3,0,0,1,0,10,1,14,0,0,0,2,23,1,1,0,3,24,1,2,0,0,0,0,1,0,0,4,0,0,0,0,0,0,0,1,0,4,0,0,1,8,0,19,1,0,0,0,2,2,0,0,0,0,0,0,0,2,0,0,2,0,0,0,0,0,0,0,0,0,0,0,0,0,0,0,0,0,0,1,0,0,0,0,0,0,0,0,0,0,0,0,0,0,0,0,0
3071341200022100091,55,0,0,0,0,0,1,0,0,0,0,0,0,0,0,0,1,0,0,0,0,2,1,0,0,5,0,0,0,0,0,1,0,0,0,0,0,3,0,8,2,0,0,0,2,9,3,1,0,0,0,0,0,0,0,1,0,0,7,0,2,0,0,0,1,1,0,0,0,0,1,0,0,0,1,0,0,1,1,0,11,0,0,18,0,0,0,0,1,0,5,0,3,0,3,7,4,0,0,2,0,0,3,0,0,0,0,0,0,0,4,0,0,0,0,0,0,0,0,0,0,1,3,0,0,1,14,2,0,0,0,1,0,0,0,0,0,0,0,0,0,0,0,0,0,0,0,0,0,0,0,0,0,0,1,0,0,0,0,0,0,1,0,0,0,0,0,0,0,0,0,0,0,0,0,0,0,0,0,0
3071341200022100097,22,0,6,0,1,0,0,0,1,0,0,0,0,0,0,2,0,0,1,0,2,0,0,0,0,0,1,27,0,1,0,1,0,0,1,0,0,3,0,0,0,0,0,0,0,0,2,0,0,0,0,0,0,0,0,0,0,0,1,0,0,0,0,0,1,1,0,0,1,0,0,0,0,0,0,0,1,0,0,2,0,1,0,4,0,0,0,0,2,0,7,0,0,0,1,3,0,0,0,1,29,0,1,0,0,1,1,0,0,0,0,0,0,1,0,0,0,0,0,0,0,2,1,0,2,0,0,0,0,1,0,2,0,0,0,0,0,0,0,0,0,0,0,0,0,0,0,0,0,0,0,0,0,0,0,0,0,0,0,0,0,0,0,0,0,0,0,0,0,0,0,0,0,0,0,0,0,1,0,0
3071341200022100098,18,0,4,0,0,0,2,0,0,0,0,1,1,0,0,0,0,0,0,0,0,1,0,0,0,0,0,4,0,0,0,3,0,0,4,0,0,2,0,0,2,0,0,0,0,0,0,0,0,0,0,0,0,0,0,0,0,0,1,0,8,0,0,0,4,1,0,0,0,0,0,0,0,0,0,0,1,0,1,0,6,0,0,1,0,0,1,0,9,0,2,0,0,0,5,1,0,0,2,1,1,0,3,2,0,0,1,0,0,0,0,1,0,0,0,0,2,0,0,0,0,0,0,0,1,0,2,2,0,4,0,0,0,0,0,1,0,0,0,0,0,0,0,0,0,0,0,0,0,0,0,0,0,0,0,0,0,0,0,0,0,0,0,0,0,0,0,0,0,0,0,0,0,0,0,0,0,1,0,0
3071341200022100099,11,4,0,0,0,0,1,0,0,0,0,0,0,1,0,0,0,0,0,0,0,0,1,1,0,0,3,3,0,0,0,0,0,0,1,1,0,2,1,0,1,2,0,0,0,0,1,1,0,0,0,0,0,1,0,0,0,0,2,0,0,1,0,0,1,0,0,0,0,0,0,1,0,0,1,0,0,0,0,0,0,0,0,0,0,0,0,0,0,0,4,0,0,0,2,0,0,2,0,0,8,4,0,2,0,0,0,0,0,0,0,0,0,0,0,0,1,0,0,0,0,0,0,0,8,0,2,1,0,0,0,1,0,0,0,0,0,0,0,1,0,0,0,0,0,0,0,0,0,0,0,0,0,0,0,0,0,0,0,0,0,0,0,0,0,0,0,0,0,0,0,0,0,0,0,0,0,0,0,0
3071341200022100100,46,2,0,1,0,4,8,0,1,2,1,1,1,1,0,0,0,0,1,0,0,0,0,2,0,1,9,3,2,1,0,0,0,0,5,0,0,9,10,0,1,27,0,0,5,0,8,4,0,16,0,0,0,0,0,5,0,0,1,0,1,7,0,1,5,4,0,0,0,1,0,1,0,1,0,0,0,0,0,0,1,0,2,0,0,0,0,0,2,1,16,0,0,0,0,1,0,2,0,4,8,15,4,2,1,0,0,8,0,0,0,0,0,0,0,1,0,0,1,2,0,3,7,0,8,0,10,0,1,0,0,0,0,0,0,1,0,0,0,0,0,1,0,0,0,0,0,1,0,1,0,0,0,0,0,0,0,0,0,0,0,1,0,0,1,0,0,1,0,0,1,0,0,0,0,0,0,0,1,0
3071341200022100103,41,0,6,0,1,2,1,0,2,0,0,1,1,0,0,5,0,0,1,4,9,0,0,0,3,0,1,35,0,1,0,0,1,0,1,0,0,11,0,0,3,1,0,0,0,1,6,3,0,0,0,0,0,1,0,0,0,1,1,0,1,0,1,0,1,1,0,0,2,0,0,3,0,0,0,0,8,0,0,0,0,1,0,8,0,0,0,0,6,1,14,0,0,0,8,13,1,0,0,2,51,0,6,0,1,0,1,2,0,0,5,2,1,1,0,0,1,3,0,0,0,1,2,1,3,0,5,2,1,2,0,6,5,0,0,0,0,0,0,1,0,0,0,0,0,0,0,0,0,0,0,0,0,0,0,0,0,0,0,1,0,0,0,1,1,0,0,0,0,0,0,0,0,0,0,0,0,0,0,0
3071341200022100108,95,0,6,0,1,1,6,0,0,1,0,0,1,0,0,0,0,0,0,0,0,8,0,0,0,1,0,6,0,0,0,3,1,0,3,0,0,9,0,0,1,0,0,7,1,4,2,13,0,0,1,0,0,2,0,0,1,0,3,0,25,0,0,0,4,0,2,0,0,0,1,1,0,1,1,0,5,0,4,0,10,1,0,1,0,0,0,1,11,0,11,0,0,0,9,5,0,0,8,1,1,0,18,2,2,0,2,3,0,0,0,1,1,2,1,1,2,0,0,0,0,0,1,2,4,0,5,2,0,7,0,0,0,0,0,1,0,0,0,0,0,0,0,0,0,0,0,0,0,0,0,0,0,1,0,0,0,1,0,0,0,0,0,0,0,1,0,0,0,0,1,0,0,1,0,0,0,0,0,0
3071341200022100109,12,2,0,0,0,1,1,0,0,1,0,0,0,0,0,0,0,0,1,0,0,0,0,0,1,0,1,0,0,0,0,0,0,0,0,0,0,0,1,0,0,10,0,0,0,0,4,9,0,6,0,0,0,0,0,0,0,0,0,0,0,0,1,0,2,0,0,0,0,1,0,0,0,0,0,0,0,0,0,1,0,0,0,0,0,1,0,0,0,0,2,0,0,0,0,0,0,0,0,0,10,0,1,0,0,0,0,0,1,0,0,0,0,0,0,0,0,1,6,0,0,0,0,0,1,0,0,0,0,0,0,0,0,0,0,0,0,0,0,0,1,1,0,0,0,0,0,0,0,0,0,0,0,0,0,0,0,0,0,0,0,1,0,0,0,0,0,0,0,0,0,0,0,0,0,0,0,0,0,0
3071341200022100113,124,0,17,0,3,3,12,0,0,2,0,2,5,0,0,0,1,1,0,1,0,2,3,2,0,1,1,13,0,0,1,7,0,0,10,0,1,14,0,0,6,0,0,6,2,2,2,14,0,0,0,0,0,1,3,1,0,3,4,0,19,2,0,0,6,1,0,0,1,0,1,0,0,0,0,0,10,2,5,1,49,1,2,3,0,0,0,0,23,0,25,0,1,1,10,28,16,4,5,1,9,1,29,3,0,0,1,8,1,0,0,2,0,3,2,0,2,0,0,0,1,1,1,0,9,0,3,1,0,8,0,1,0,0,1,0,0,0,2,1,0,0,0,0,0,0,0,0,0,1,1,0,0,0,0,0,0,0,0,1,1,0,0,1,0,0,0,1,0,1,2,2,0,0,0,0,0,0,0,0
3071341200022100114,114,0,0,0,0,0,1,0,0,0,0,0,1,0,0,0,0,0,0,0,0,5,0,1,0,6,0,1,0,0,1,0,0,0,1,1,0,3,0,10,3,0,1,0,2,18,1,2,0,1,0,0,0,0,1,0,0,1,7,0,2,0,0,0,8,1,0,0,0,0,0,1,0,0,0,0,0,0,0,0,3,0,0,15,0,0,0,0,0,1,26,0,1,0,2,13,5,1,0,1,0,0,1,0,2,0,0,1,0,0,1,1,2,1,0,0,0,1,1,0,0,2,1,1,1,1,8,0,0,0,0,0,0,0,0,0,0,0,0,0,0,0,1,0,0,0,0,0,0,1,0,0,0,0,0,0,0,0,0,0,0,0,0,1,0,0,0,0,0,0,0,0,0,0,0,0,0,0,0,0
3071341200022100117,118,1,7,0,1,1,7,0,1,0,0,0,2,0,2,0,1,3,0,0,0,1,0,3,0,0,0,3,1,1,0,3,0,0,3,0,0,13,0,2,6,0,0,2,0,10,7,9,0,2,0,0,0,0,1,0,0,0,2,0,6,1,0,0,2,0,0,0,0,0,0,0,0,1,2,0,2,0,0,0,1,0,0,0,0,0,0,1,7,0,8,0,0,0,0,8,0,0,1,0,8,1,7,0,0,0,1,10,1,0,0,0,1,2,0,0,3,0,1,0,0,4,1,1,6,1,0,2,1,3,0,0,1,0,0,0,1,0,0,0,0,0,0,0,0,0,0,0,0,0,0,0,0,0,0,0,0,0,0,0,0,0,1,3,0,0,0,0,0,0,0,0,0,1,0,0,0,0,0,0
3071341200022100121,63,0,1,0,0,0,2,0,0,2,0,0,0,1,1,0,0,0,0,0,0,1,0,0,0,0,0,4,0,0,2,3,0,0,2,0,1,4,0,1,5,0,0,3,2,3,1,5,0,0,0,0,0,0,0,0,2,0,1,0,9,0,1,0,0,0,1,0,1,0,0,1,0,0,2,0,7,0,2,0,4,0,0,0,0,0,0,0,1,0,8,0,0,0,0,4,4,0,0,0,1,0,13,0,0,0,0,7,0,0,0,0,0,1,0,0,1,1,1,0,0,0,0,2,6,0,5,0,0,3,0,0,0,0,0,0,0,0,0,0,0,0,0,0,0,0,0,0,0,0,0,0,0,0,0,1,0,0,0,0,0,0,1,0,0,1,0,0,0,0,0,0,0,0,0,0,0,0,0,0
3071341200022100124,59,0,23,2,2,2,0,0,0,0,0,0,0,0,0,3,0,0,0,1,6,1,0,0,1,1,0,45,0,0,1,4,0,0,2,0,1,2,0,0,1,0,1,0,0,2,4,0,0,1,1,0,0,0,0,0,0,1,0,0,5,0,0,0,4,2,0,0,4,0,2,1,0,0,0,0,3,1,1,4,0,2,0,14,0,0,0,0,7,1,10,0,0,0,9,14,1,0,1,1,54,0,5,1,0,0,2,0,0,1,0,0,0,0,0,0,1,1,1,0,1,0,3,0,2,0,7,1,0,0,1,2,12,0,0,0,1,0,0,0,1,0,0,0,0,0,0,0,0,0,1,0,0,0,0,0,0,0,0,0,1,0,0,0,0,0,1,0,0,0,0,0,1,0,0,0,1,0,2,0
3071341200022100126,103,0,4,1,0,1,14,1,1,0,0,2,2,0,1,2,0,0,0,0,1,2,0,0,2,1,0,15,0,1,1,2,0,0,3,0,0,6,0,0,5,1,0,0,0,14,6,2,0,0,0,0,0,1,4,0,0,0,0,0,1,0,0,0,1,1,0,0,0,0,1,1,0,0,0,0,4,0,0,0,0,0,0,4,0,0,0,2,1,1,7,0,1,0,1,5,0,1,0,0,17,0,2,0,1,0,0,12,0,0,0,0,0,1,0,0,1,0,0,0,0,3,2,1,2,0,1,2,1,3,0,0,0,0,1,0,1,0,0,1,0,0,0,0,0,0,0,0,0,1,1,0,0,0,0,0,0,0,0,0,0,0,0,4,0,0,0,0,0,0,0,0,0,0,0,0,0,0,0,0
3071341200022100129,82,0,4,0,1,1,10,0,0,0,0,0,1,0,0,0,0,0,0,0,0,0,0,0,1,0,0,0,0,0,0,0,0,0,1,0,0,5,0,0,4,0,0,2,1,6,10,2,0,0,0,0,0,0,3,0,2,0,1,1,4,0,0,0,0,1,0,0,1,0,0,0,0,0,0,0,4,2,0,0,1,0,0,1,0,0,0,0,3,0,6,0,1,0,1,7,0,1,0,0,1,0,1,0,0,0,0,3,2,0,0,0,0,0,0,0,0,1,1,0,0,3,0,0,3,1,0,0,0,1,0,0,1,0,0,0,0,0,0,0,0,0,0,0,0,0,0,0,0,0,0,0,0,0,0,0,0,0,0,0,0,0,0,0,0,1,0,0,1,0,1,0,0,0,0,0,0,0,0,0
3071341200022100130,147,0,0,2,0,0,18,0,0,0,0,0,0,0,0,1,0,1,0,1,0,0,0,0,0,0,1,0,1,0,0,0,1,0,6,0,0,9,0,3,14,0,0,1,1,27,9,2,0,0,0,0,0,0,3,0,3,1,2,0,3,0,0,0,4,0,0,1,0,1,1,0,0,0,1,0,3,0,0,0,0,0,0,0,0,0,0,3,1,0,5,0,1,0,3,15,2,1,0,0,10,0,3,0,0,0,0,12,0,0,1,0,1,6,0,0,4,3,0,0,0,3,0,2,1,1,0,4,0,4,0,0,0,0,0,0,0,0,1,0,0,0,0,0,0,0,0,0,0,0,0,0,0,0,0,2,1,0,0,0,0,0,0,1,0,0,1,0,0,0,0,0,0,0,1,0,0,0,0,0
3071341200022100133,31,0,0,0,0,1,1,0,0,1,0,0,0,0,0,5,0,0,0,1,5,1,0,1,1,0,0,31,0,0,1,1,0,0,0,0,0,5,2,1,0,0,0,0,0,0,3,4,0,0,0,0,0,0,0,1,0,0,2,0,2,0,0,0,4,0,0,0,3,0,0,0,0,0,0,0,5,0,0,0,0,0,0,1,0,1,0,1,0,1,10,0,0,0,2,0,0,0,0,0,24,0,1,0,2,0,0,0,0,0,0,0,0,0,0,0,1,1,0,0,0,0,0,0,0,0,5,1,0,0,0,0,2,0,0,0,0,0,0,0,0,0,0,0,0,0,0,0,0,0,0,0,0,0,0,0,0,0,0,0,0,0,0,0,0,0,0,0,0,0,0,0,0,0,0,0,0,0,0,0
3071341200022100139,111,0,2,0,0,0,10,1,0,0,0,0,0,0,0,1,0,0,0,0,1,1,1,0,0,1,0,1,0,0,0,0,0,0,2,0,0,11,0,1,4,0,0,1,0,11,4,2,0,0,0,0,0,0,4,0,2,1,1,0,2,0,0,0,3,0,0,0,0,0,1,1,0,0,0,0,1,0,0,0,1,0,0,1,0,0,0,3,1,0,6,0,0,0,0,7,0,0,0,0,5,0,1,0,0,1,0,7,0,0,0,0,0,3,0,0,0,0,0,0,0,4,0,0,0,0,0,3,0,4,0,0,0,0,0,0,0,0,0,0,0,0,0,0,0,0,0,0,0,0,0,0,0,0,0,0,0,0,0,0,0,1,0,0,0,0,0,0,0,0,0,0,0,0,0,0,0,0,0,1
3071341200022100140,103,0,1,1,0,0,10,0,0,0,0,0,1,0,0,0,0,0,0,1,1,0,0,0,0,0,0,3,0,0,0,2,0,0,2,0,0,5,0,2,6,0,0,4,0,18,9,3,0,0,0,0,0,1,3,1,1,0,1,0,1,1,0,0,2,2,0,0,0,0,0,0,0,0,0,1,1,0,0,0,1,0,0,0,0,0,0,2,0,0,4,0,0,0,3,6,0,0,0,0,5,1,3,0,1,0,0,11,0,0,0,0,0,0,0,0,5,0,1,0,1,3,0,0,0,2,0,3,0,4,0,1,2,0,0,0,0,0,1,0,0,0,0,2,0,0,0,0,0,0,0,0,0,0,0,0,0,0,0,0,0,0,0,0,0,0,0,0,0,0,0,2,0,0,1,1,0,0,0,0
3071341200022100141,74,0,0,0,0,1,1,0,0,0,0,0,0,0,0,7,0,0,0,6,4,1,0,1,0,0,0,24,0,0,0,1,1,0,1,0,0,1,0,0,3,0,0,0,0,4,5,6,0,0,0,0,0,0,0,1,1,0,1,0,1,0,0,0,3,0,0,0,1,0,1,1,0,1,0,0,4,0,0,6,1,1,0,3,0,0,0,1,0,0,22,0,1,0,2,5,0,0,0,0,30,0,0,0,3,0,0,3,0,0,0,0,0,0,0,0,0,3,0,0,3,0,1,0,1,0,2,0,0,2,0,0,5,0,0,0,0,0,0,0,0,0,0,0,0,0,0,0,0,0,0,0,0,0,0,0,0,0,0,1,0,0,0,0,0,0,0,0,0,0,0,0,0,0,0,0,0,0,0,1
3071341200022100142,31,0,4,0,1,3,0,0,0,0,0,0,1,0,0,1,0,2,0,3,1,0,0,1,1,0,0,19,0,0,0,0,0,0,2,0,0,2,0,0,0,0,2,0,0,2,4,2,0,3,0,0,0,0,0,0,1,1,1,0,0,1,0,0,2,0,0,0,1,0,0,1,0,0,0,0,3,0,0,0,0,0,0,6,0,0,0,0,1,1,13,0,0,0,1,8,0,0,0,0,16,2,1,0,0,0,0,0,0,0,0,0,0,0,0,0,0,0,0,0,0,1,1,0,2,0,2,0,0,0,0,1,1,0,0,0,0,0,0,0,0,0,0,0,0,0,0,0,0,0,0,0,0,0,0,0,0,0,0,0,0,0,0,0,0,0,0,0,0,0,0,0,0,0,0,0,0,0,0,0
3071341200022100146,56,0,20,1,1,2,1,0,0,0,0,1,1,0,0,0,0,0,1,0,0,1,2,0,2,0,1,3,0,2,0,3,0,0,6,2,0,27,0,1,3,0,1,6,0,6,4,8,0,0,0,0,0,0,0,0,4,2,1,0,9,0,0,1,4,1,0,0,0,1,0,1,0,0,0,0,6,0,0,0,6,1,0,1,0,0,0,0,16,0,17,0,12,0,9,25,5,2,0,1,4,3,11,2,0,0,4,8,0,1,0,0,0,0,0,0,1,0,0,0,0,1,2,1,2,0,2,3,1,5,0,0,1,0,0,0,0,0,0,0,0,0,1,0,0,0,0,0,0,0,0,0,0,0,0,0,0,0,0,0,0,0,0,0,0,0,0,0,0,0,0,0,0,0,0,0,0,0,0,0
3071341200022100149,12,0,0,0,0,0,0,0,0,0,0,0,0,0,0,1,0,0,0,0,0,0,0,0,0,0,2,3,0,0,0,1,1,0,1,1,0,1,0,1,0,0,0,0,0,0,1,0,0,1,0,0,0,0,0,0,1,0,1,0,0,0,0,0,2,0,1,0,0,0,1,0,0,0,0,0,0,0,0,0,0,0,0,1,0,0,0,0,2,0,5,0,2,0,1,0,0,0,0,0,9,0,0,0,0,0,0,0,0,0,0,0,0,0,0,0,0,0,0,0,0,0,1,0,0,0,0,1,0,0,0,0,0,0,0,0,0,0,0,0,0,0,0,0,0,0,0,0,0,0,0,0,0,0,0,1,0,0,0,0,0,0,0,0,0,0,0,0,0,0,0,0,0,0,0,0,0,0,0,0
3071341200022100151,32,0,0,0,0,0,0,1,1,0,0,0,0,0,1,6,3,0,0,2,6,0,3,1,0,0,0,24,0,0,0,0,0,1,1,0,0,1,0,0,4,0,0,0,0,1,3,0,0,0,0,0,0,0,0,0,0,1,0,0,0,1,1,0,0,0,0,0,1,0,1,1,0,0,0,0,8,0,0,3,0,0,0,6,0,2,0,0,3,0,6,0,3,0,2,1,2,0,0,0,26,0,1,0,0,0,0,0,0,0,1,0,0,0,0,0,0,1,0,0,1,1,0,0,0,0,0,1,0,2,0,0,3,0,0,0,0,0,0,0,0,0,0,0,0,0,0,0,0,0,0,0,0,0,0,0,0,0,0,0,0,0,0,0,0,0,0,0,0,0,0,0,1,0,0,0,0,0,0,1
3071341200022200003,36,6,0,0,0,2,0,0,0,0,0,0,0,3,3,0,0,2,5,0,0,0,1,0,1,0,1,2,6,0,0,0,0,0,1,0,0,0,26,1,0,70,0,0,1,1,18,15,0,8,0,0,5,0,0,8,0,0,0,0,0,0,0,0,0,0,0,0,0,1,7,3,1,0,0,0,1,0,1,1,0,0,0,2,0,0,0,0,0,0,4,0,0,0,1,0,0,0,0,0,9,0,1,0,0,0,0,2,0,0,0,0,1,0,1,0,0,3,15,1,0,0,0,0,7,0,0,0,8,0,0,0,0,0,0,0,0,0,0,1,0,0,0,0,0,0,0,0,0,0,0,0,0,0,0,0,0,1,0,0,0,0,0,0,0,0,0,0,0,0,0,0,0,0,0,0,0,0,0,0
3071341200022200006,26,0,0,2,0,0,0,0,0,0,0,1,1,1,5,0,0,0,4,0,0,0,0,1,2,0,1,0,6,1,0,0,0,0,0,0,0,0,24,0,0,63,1,0,0,1,21,11,0,5,0,0,5,0,0,12,0,1,2,0,0,1,0,0,0,0,0,0,0,1,8,8,0,0,0,0,1,0,0,0,0,1,0,0,0,0,0,0,1,2,4,0,0,0,0,1,0,0,0,0,6,0,0,1,0,0,0,0,0,0,0,0,0,0,0,1,1,0,4,1,0,0,1,0,1,0,0,0,7,0,0,0,0,0,0,0,0,0,0,0,0,0,0,0,0,0,0,0,0,0,0,0,0,0,0,0,0,1,0,0,0,0,0,0,0,0,0,0,0,0,0,0,0,0,0,0,0,0,0,0
3071341200022200008,25,2,0,3,0,0,1,0,1,0,0,0,1,2,4,0,0,1,8,0,0,0,0,0,2,0,8,7,5,0,0,1,0,0,0,0,0,0,23,0,1,61,0,0,0,0,11,9,0,3,0,1,4,0,0,4,0,0,2,0,1,0,0,0,1,0,0,0,0,1,6,3,0,0,0,0,2,0,0,0,0,7,0,0,0,3,0,1,1,5,5,0,0,0,0,2,0,1,0,0,12,1,1,0,0,0,0,0,0,0,0,0,1,0,0,1,0,1,6,0,0,0,1,1,5,0,0,0,7,0,0,0,0,0,0,0,0,0,0,0,1,0,0,0,0,0,0,0,0,0,1,0,0,0,0,0,0,0,0,0,0,0,0,0,0,0,0,0,0,0,0,0,0,0,0,0,0,0,0,0
3071341200022200011,36,11,0,1,0,0,3,0,1,1,0,0,0,0,4,0,0,0,1,0,1,0,3,5,0,1,18,19,8,0,0,3,1,0,2,1,0,1,37,1,0,109,0,0,0,1,28,9,0,22,0,0,3,0,0,9,0,0,2,0,0,1,0,0,5,0,1,0,0,1,10,2,0,0,0,0,0,0,0,0,0,0,1,0,0,0,0,0,4,6,17,0,0,0,1,0,1,0,1,1,15,9,3,1,0,0,0,2,0,0,0,0,0,0,2,1,0,2,3,3,2,0,1,1,10,0,2,0,13,0,0,0,0,0,0,0,0,0,1,1,0,0,0,0,0,0,0,0,0,0,0,0,0,0,0,0,0,1,0,0,0,1,1,0,0,0,0,0,0,0,2,1,0,0,0,0,1,0,0,0
3071341200022200012,2,1,1,0,0,0,0,0,0,0,0,0,0,0,0,0,0,0,0,0,0,1,0,1,0,0,0,2,0,0,0,0,1,0,0,1,0,1,0,0,0,2,1,0,0,0,2,2,0,1,0,0,0,0,0,1,0,0,0,0,0,1,0,0,0,0,0,0,1,0,0,0,0,0,0,0,0,0,0,0,0,0,0,0,0,0,0,0,1,0,8,0,0,0,0,0,0,0,0,0,3,0,0,0,0,0,0,1,0,0,0,0,1,0,0,0,0,0,0,0,0,0,0,0,1,0,0,0,0,0,0,0,0,0,0,1,0,0,0,0,0,0,0,0,0,0,0,0,0,0,0,0,0,0,1,0,0,0,0,0,0,0,0,0,0,0,0,0,0,0,0,0,0,0,0,0,0,0,0,0
3071341200022200020,36,0,0,1,1,1,1,0,0,1,0,0,0,0,0,0,1,1,0,0,0,0,0,0,0,7,0,0,0,0,0,0,1,0,0,0,0,0,0,2,4,0,0,1,0,2,0,0,0,0,1,0,0,1,0,5,0,0,3,0,0,0,0,0,0,2,0,0,0,0,0,0,0,0,0,0,0,3,0,0,7,0,0,21,0,0,0,0,0,1,8,0,3,0,1,5,4,0,0,3,0,0,0,0,1,0,0,0,0,0,0,0,0,0,0,0,0,0,1,0,0,0,7,0,0,0,17,1,0,0,1,0,0,0,0,0,0,0,0,0,0,0,0,0,0,0,0,0,0,0,0,0,0,0,0,0,0,0,0,0,0,0,0,0,0,1,0,0,0,0,0,0,0,0,0,0,0,0,0,0
3071341200022200021,212,0,0,1,0,1,10,0,0,2,0,1,0,0,1,2,1,5,0,1,0,1,0,2,0,20,0,0,0,1,2,4,1,0,4,0,0,6,2,12,9,0,0,1,0,13,5,1,1,0,0,0,0,1,0,5,1,1,20,0,4,0,0,0,8,18,0,0,1,0,1,0,0,0,1,0,0,3,1,0,37,0,0,70,0,0,0,1,1,0,30,0,11,0,6,8,18,1,0,12,2,0,0,4,7,1,0,1,0,0,1,0,0,0,0,1,0,2,0,0,2,0,19,3,4,0,63,1,1,1,0,0,0,0,2,0,0,0,0,0,0,0,1,1,0,0,0,0,0,0,0,0,0,0,0,0,0,0,0,0,0,1,0,1,0,0,1,0,0,1,0,0,0,1,1,0,0,0,0,0
3071341200022200025,55,0,0,0,0,0,1,0,1,0,1,0,0,0,1,0,0,2,1,0,0,1,0,1,0,9,1,0,0,0,0,0,0,0,1,0,0,0,0,12,4,0,0,0,0,5,1,1,0,0,0,0,0,0,0,0,0,1,4,0,0,0,0,0,4,0,0,0,0,0,0,0,0,0,0,0,1,0,0,1,13,0,0,17,0,0,0,0,0,0,5,0,2,0,3,5,13,0,0,1,0,1,0,0,1,0,0,0,0,0,0,0,1,0,0,0,0,1,0,0,0,1,4,1,0,0,16,0,0,1,0,0,0,0,0,0,0,0,0,0,0,0,0,1,0,0,0,0,0,0,0,0,0,0,0,0,0,0,0,0,0,0,0,0,0,0,0,0,1,0,0,0,0,0,0,1,0,0,0,0
3071341200022200039,90,0,3,0,0,0,5,1,0,4,1,0,0,0,0,1,3,0,0,0,0,0,1,0,0,10,0,2,0,0,3,0,1,0,0,0,0,0,0,4,10,0,0,0,1,8,6,0,0,0,0,0,0,0,0,3,1,0,11,0,0,1,0,0,3,10,0,0,0,0,0,0,0,0,4,0,1,2,0,0,11,0,0,42,0,1,1,0,0,0,22,0,0,0,2,5,1,0,0,5,0,0,0,0,0,0,0,0,1,0,0,0,0,0,0,0,0,0,0,0,0,0,3,0,2,1,13,0,0,0,0,0,0,0,0,0,0,0,0,0,0,0,0,0,0,0,0,0,0,0,0,0,0,1,1,0,0,0,0,0,0,0,1,0,0,0,0,0,0,0,0,0,0,0,0,0,0,0,0,0
3071341200022200045,72,0,0,0,0,0,3,0,0,2,0,0,0,0,1,0,0,1,0,0,0,0,0,0,0,3,0,2,0,0,1,2,0,0,0,0,0,0,0,10,2,1,0,0,0,1,3,0,0,0,0,1,0,0,0,0,0,0,6,0,4,0,0,0,3,0,0,0,1,0,0,0,0,0,0,0,0,0,0,0,9,0,0,4,0,0,0,0,0,0,7,0,0,0,1,1,3,0,0,0,0,0,1,0,0,0,0,0,0,0,2,0,1,0,0,0,0,0,0,0,1,0,3,1,0,0,14,2,0,0,0,0,0,0,0,0,0,0,0,0,0,0,1,0,0,0,0,0,0,0,0,0,0,0,0,0,0,0,1,0,0,0,0,0,0,0,0,0,0,0,0,0,0,0,0,0,0,0,0,0
3071341200022200047,175,0,0,0,0,0,2,0,0,6,0,0,0,0,0,1,0,0,0,1,0,1,0,2,0,5,1,1,0,0,1,2,0,0,1,0,0,0,1,5,17,0,0,4,1,8,2,0,0,0,0,0,0,0,1,2,1,0,6,0,3,0,0,0,7,14,1,0,1,1,0,0,0,0,1,0,0,0,1,1,13,0,0,55,0,0,0,0,0,0,31,0,0,0,3,10,2,0,0,4,2,1,2,0,0,1,0,2,0,1,0,1,2,0,0,0,0,0,0,0,1,0,7,0,0,1,26,0,0,0,1,0,1,0,0,0,0,0,0,0,0,0,0,1,0,0,0,0,0,0,0,0,0,0,1,1,0,0,0,0,0,0,0,0,0,0,0,0,0,1,0,0,0,0,0,0,0,1,0,0
3071341200022200049,21,0,3,0,0,0,0,0,0,0,0,0,0,0,0,2,0,0,1,2,3,4,1,0,0,0,0,10,0,0,1,1,1,0,5,1,0,2,0,0,0,0,0,0,0,0,3,3,0,0,2,0,0,0,0,0,0,0,0,0,1,0,0,0,3,0,0,0,1,1,1,0,0,0,1,0,4,1,1,0,0,1,0,0,0,1,0,0,1,0,10,0,1,0,5,1,0,0,0,5,23,0,7,1,0,0,0,6,0,0,0,0,0,1,0,0,2,0,2,0,0,0,0,1,3,0,1,1,0,0,0,0,0,0,0,0,0,0,0,0,0,0,0,1,1,0,0,0,1,1,0,0,0,0,0,0,0,0,0,0,0,0,0,0,0,0,0,1,0,0,0,0,0,0,0,0,0,0,0,0
3071341200022200057,219,2,0,2,1,1,9,1,0,1,0,1,1,0,0,1,1,0,1,0,1,1,1,2,0,11,0,0,0,1,5,2,0,1,2,0,0,0,0,3,25,0,0,0,0,13,9,0,0,0,0,0,0,1,1,5,2,1,23,1,0,0,0,0,3,14,0,0,0,0,0,0,0,0,1,1,0,1,1,0,8,0,0,62,0,0,1,0,0,0,29,0,3,0,1,24,8,0,0,5,2,1,4,1,5,0,0,2,0,0,0,2,1,1,2,0,0,1,1,0,0,1,2,1,0,0,26,0,0,0,0,0,0,0,0,0,0,0,0,0,0,0,0,0,0,0,0,1,0,0,0,0,0,0,0,1,0,1,0,1,0,0,1,0,0,0,0,0,0,0,0,0,1,0,0,0,0,0,0,0
3071341200022200058,147,1,4,1,2,0,5,0,1,4,0,0,4,0,0,0,0,1,0,1,1,5,1,2,0,3,1,16,0,1,1,2,2,0,34,0,1,2,1,5,8,0,1,1,7,7,10,12,0,0,3,0,0,0,1,4,0,1,1,0,5,0,0,0,14,5,2,0,0,0,3,0,0,0,2,1,8,1,1,0,4,0,1,25,0,0,0,1,4,0,61,0,4,0,9,6,3,1,1,13,16,0,16,0,0,1,0,10,0,0,0,0,2,5,0,0,13,2,1,0,2,1,3,1,12,0,12,0,1,3,0,1,0,0,0,0,0,0,1,0,0,0,1,1,0,0,0,1,0,0,0,0,0,0,0,0,0,0,0,0,1,1,0,0,0,0,1,0,1,0,0,0,0,0,0,0,0,2,0,0
3071341200022200059,29,0,0,0,0,0,1,0,0,0,0,0,0,0,0,0,1,0,0,0,0,0,0,1,0,2,0,0,0,0,0,0,0,0,0,0,0,0,0,1,4,0,0,1,0,1,3,1,0,0,0,0,0,0,0,3,0,0,3,0,0,0,0,0,3,6,0,0,0,1,0,0,0,0,0,0,0,2,0,0,2,0,1,14,0,0,0,0,0,0,8,0,3,0,0,10,1,0,0,5,0,0,0,0,2,0,0,1,0,0,0,0,0,0,0,0,0,0,0,0,0,0,6,0,1,0,4,0,0,0,0,0,0,0,0,0,0,0,0,0,0,0,0,0,0,0,0,0,0,0,0,0,0,0,0,0,0,0,0,1,0,0,0,0,0,0,0,0,0,0,0,0,0,0,0,1,0,0,0,0
3071341200022200061,23,1,2,0,0,1,0,0,0,1,0,0,0,0,0,5,0,0,1,1,2,0,0,0,6,0,0,16,0,0,2,2,1,0,1,0,0,3,0,0,1,0,1,0,1,0,0,3,0,1,0,0,0,0,0,1,0,0,1,0,0,0,0,0,1,0,0,0,0,1,0,0,0,0,0,0,4,0,0,2,1,0,0,2,0,0,0,1,5,2,6,0,0,0,7,7,1,0,0,1,12,0,1,0,0,0,0,1,0,0,2,0,0,0,0,0,0,1,0,0,1,0,1,1,4,0,10,0,0,0,0,0,0,0,0,0,1,0,0,0,0,0,0,0,0,0,0,0,0,0,0,0,0,0,0,0,0,0,0,0,1,0,0,0,0,0,0,0,1,0,0,0,0,0,0,0,0,0,0,0
3071341200022200064,64,0,0,3,0,0,0,1,0,1,0,0,0,0,0,0,0,0,0,0,0,3,0,0,0,2,0,2,0,0,1,0,0,0,0,0,0,0,0,1,6,0,0,0,0,4,0,0,0,0,0,1,0,0,0,0,0,0,6,0,0,0,0,0,3,3,0,0,0,0,0,0,0,0,2,1,0,0,0,0,14,0,1,15,0,0,0,0,0,0,13,0,3,0,0,2,4,0,0,4,0,0,0,1,0,0,0,0,0,0,0,0,0,0,0,0,0,0,1,0,0,0,5,0,0,0,11,0,1,0,0,0,0,0,0,0,0,0,0,1,0,0,0,0,0,0,1,0,0,0,0,0,0,0,0,0,0,0,0,0,0,0,0,0,0,0,0,0,0,0,0,0,0,0,0,0,0,0,0,0
3071341200022200071,73,12,1,0,2,4,12,0,0,5,0,1,0,2,0,0,1,1,0,3,2,0,0,0,4,0,2,24,1,0,0,2,2,0,4,0,0,5,6,0,2,7,1,0,0,0,5,15,1,4,0,0,0,0,0,4,2,0,3,0,0,2,0,0,7,1,1,0,2,5,0,0,0,0,0,0,0,0,1,1,0,2,0,1,0,5,0,1,8,4,15,0,0,0,7,6,0,4,0,7,44,22,7,5,2,0,0,3,0,0,1,0,1,0,0,0,1,1,4,0,2,0,1,0,23,0,18,0,2,1,0,1,0,0,0,0,0,0,0,1,0,0,0,0,0,0,0,0,1,0,0,0,0,0,1,0,0,0,0,0,1,0,0,0,0,0,0,0,0,0,0,0,0,0,0,0,0,0,0,0
3071341200022200078,194,1,0,0,0,1,2,0,0,4,0,0,0,0,1,0,0,1,1,0,0,12,1,0,0,21,0,1,0,0,4,4,0,1,0,0,0,3,0,20,12,0,0,0,0,10,5,0,0,0,0,0,0,0,0,4,1,1,17,0,2,0,0,0,3,1,1,0,2,0,2,0,0,1,1,0,0,0,0,0,13,0,0,50,1,0,1,1,0,1,28,0,5,0,5,19,12,0,0,5,1,0,2,0,4,1,0,0,0,1,2,2,1,0,1,0,1,1,0,0,0,0,4,5,1,0,33,3,0,1,0,0,0,0,0,1,0,0,0,0,0,0,0,0,0,0,0,0,0,0,0,0,0,1,0,1,1,0,0,0,0,0,0,0,0,0,1,0,0,0,0,0,0,0,0,1,0,0,0,0
3071341200022200079,41,0,0,0,0,0,2,0,0,1,1,0,1,0,0,0,2,0,0,0,0,5,0,0,0,8,0,0,0,0,2,1,0,0,1,0,0,2,0,9,6,0,0,0,0,10,1,1,0,0,0,0,0,0,0,1,0,0,7,0,1,0,0,0,1,0,0,0,0,0,0,0,0,0,0,0,0,0,0,0,12,0,0,10,0,0,1,0,0,0,3,0,1,0,1,24,5,0,0,1,1,0,1,0,1,0,0,0,0,0,1,0,0,0,0,0,0,0,0,0,0,1,3,1,1,0,8,0,0,0,0,0,0,0,0,0,0,0,0,1,0,0,0,0,0,0,0,0,0,0,0,0,1,0,0,0,0,0,0,0,0,0,0,0,0,0,0,0,0,0,0,0,0,0,0,0,0,0,0,0
3071341200022200081,45,0,7,1,1,1,2,0,0,2,0,1,0,1,0,2,0,2,0,3,6,1,1,2,1,1,2,20,0,0,1,4,3,0,4,0,0,1,2,0,3,0,0,0,0,0,2,1,0,0,0,0,0,0,0,0,1,0,2,0,0,1,0,0,3,0,0,0,3,0,0,0,0,0,0,0,2,0,0,8,1,0,0,4,0,2,0,0,9,0,11,0,0,0,0,13,1,1,0,1,28,6,3,0,0,0,0,0,0,0,7,0,1,0,0,0,0,1,0,0,3,1,2,0,6,0,11,0,0,0,0,3,1,0,0,0,0,1,0,0,0,0,0,0,0,0,0,0,0,0,0,0,0,0,1,0,0,0,0,2,0,0,0,0,0,0,0,0,0,1,0,1,0,0,0,0,0,1,0,0
3071341200022200082,142,0,2,4,2,0,13,0,2,0,1,0,0,0,2,0,1,0,0,0,0,15,5,0,1,0,0,23,0,0,0,5,0,0,25,0,0,6,1,1,5,0,0,4,7,5,7,13,0,0,0,0,1,0,0,2,3,2,7,0,12,0,0,0,13,0,0,0,1,0,0,0,0,0,1,2,20,1,5,1,29,0,0,14,0,1,1,1,6,1,56,0,1,0,8,9,2,0,1,2,11,1,22,3,0,0,2,10,1,0,0,0,3,4,0,0,9,3,1,0,1,1,3,1,13,0,15,3,0,8,0,0,0,0,0,0,1,1,0,1,0,0,0,2,0,0,0,0,0,0,1,0,0,0,0,1,0,0,1,1,0,0,0,0,0,0,1,1,0,1,0,0,0,0,0,0,0,1,0,1
3071341200022200085,17,0,0,0,0,0,1,0,0,1,1,0,0,4,0,0,0,0,0,0,0,0,0,0,0,0,1,1,2,0,0,0,0,0,0,0,0,2,1,0,0,0,0,0,0,1,2,18,0,1,0,0,0,0,0,1,0,0,0,0,0,0,0,0,6,0,0,0,0,0,0,3,0,0,0,0,0,0,0,0,0,0,0,0,1,0,0,0,2,0,2,0,0,0,2,0,0,0,0,3,6,3,0,0,0,0,0,0,0,0,0,0,0,0,0,0,0,0,2,0,0,0,2,0,3,1,0,1,0,1,0,0,0,0,0,0,0,0,0,1,0,0,0,1,0,0,0,0,0,0,0,0,0,0,0,0,0,0,1,0,1,0,0,0,0,0,0,0,0,0,0,0,0,0,0,0,0,0,0,0
3071341200022200086,79,9,17,0,3,8,8,1,0,7,0,0,1,5,0,1,0,2,1,2,10,2,1,2,1,0,19,37,1,0,1,5,2,0,9,3,0,15,1,1,5,5,4,1,2,2,2,13,0,4,0,0,0,0,1,2,0,1,2,0,1,3,0,0,14,2,0,0,1,1,1,1,1,2,3,0,5,0,2,4,0,0,0,5,0,1,1,0,16,0,35,0,0,0,13,13,3,6,1,2,49,14,8,4,0,0,0,6,0,0,4,0,0,0,0,0,0,2,1,0,4,0,5,0,24,1,11,1,1,1,0,3,2,1,0,1,1,2,0,0,0,0,0,0,0,0,0,0,0,0,0,0,0,0,0,0,0,0,0,1,1,0,0,0,0,0,0,0,1,0,0,0,0,0,0,0,0,0,0,1
3071341200022200087,59,0,0,1,0,0,3,0,0,1,0,0,0,0,0,0,3,0,1,0,0,3,4,0,0,12,0,0,0,0,4,2,0,0,1,0,0,2,0,9,10,0,0,0,0,12,2,1,0,0,0,0,0,0,0,1,3,0,10,0,0,0,0,0,1,2,0,0,0,0,0,0,0,0,2,0,0,0,0,0,2,1,0,28,0,0,0,0,0,0,8,0,8,1,1,5,1,0,0,2,1,0,1,0,6,0,0,0,0,0,1,0,0,0,0,0,1,0,0,0,0,2,4,3,4,0,6,5,0,0,0,0,0,0,0,0,0,0,0,0,0,0,0,0,0,0,0,1,0,0,0,0,0,0,0,0,0,0,0,0,0,0,1,0,0,0,0,0,0,0,0,0,0,0,1,1,0,0,0,0
3071341200022200092,52,1,12,0,1,2,1,0,0,0,0,0,1,0,0,8,0,1,0,1,4,1,0,1,2,0,0,24,0,0,0,1,0,0,1,0,0,9,0,0,2,0,0,0,0,0,4,6,0,0,0,0,0,0,1,0,1,0,2,0,16,0,0,0,2,0,0,0,1,0,0,0,0,0,0,0,7,0,1,1,2,2,0,18,0,0,0,0,12,0,24,0,0,0,6,6,3,1,3,3,45,0,9,0,0,0,1,1,0,0,2,0,0,0,0,0,0,0,1,0,0,1,0,0,3,0,0,0,0,6,0,4,6,0,0,0,0,1,0,1,0,1,0,0,0,0,0,0,0,1,0,0,0,0,0,0,0,0,0,1,0,0,0,0,0,0,0,0,1,0,0,0,0,0,0,0,0,0,0,0
3071341200022200093,7,3,0,1,0,0,0,0,0,0,0,0,0,0,0,0,0,0,1,0,0,0,0,0,0,0,1,2,0,0,0,0,0,0,0,0,0,0,0,1,0,4,0,0,0,0,1,2,0,2,0,0,0,0,0,0,0,0,0,0,0,0,0,0,0,0,0,0,0,1,0,0,0,0,0,0,0,0,0,0,0,0,0,0,0,0,0,0,1,0,0,0,0,0,1,0,0,0,0,0,1,1,0,0,0,0,0,1,0,0,0,0,0,0,0,0,0,0,0,0,0,0,0,0,1,0,0,0,0,0,0,0,0,0,0,0,0,0,0,0,0,0,0,0,0,0,0,0,0,0,0,0,0,0,0,0,0,0,0,0,0,1,0,0,0,0,0,0,0,0,0,0,0,0,0,0,0,0,0,0
3071341200022200096,74,0,0,2,0,0,9,0,0,2,0,1,0,0,1,0,0,2,0,0,0,1,0,2,0,0,0,7,0,0,1,5,0,0,9,2,0,13,1,2,3,0,0,1,2,13,3,3,0,0,0,0,0,0,0,0,0,0,2,0,1,0,0,0,8,0,0,0,0,0,0,0,0,0,0,0,3,1,1,0,2,0,0,4,0,0,0,0,0,0,12,0,0,0,3,2,0,0,0,0,14,1,0,0,3,0,0,5,0,0,1,0,0,0,1,0,0,4,0,0,0,2,3,0,2,0,3,1,1,0,0,0,0,0,0,0,0,0,0,1,0,0,0,0,0,0,0,1,0,0,0,0,0,0,0,0,0,0,0,0,0,0,0,1,0,0,0,0,1,0,0,0,0,2,0,0,0,0,0,0
3071341200022200097,102,0,2,0,0,1,7,2,0,4,0,0,0,0,1,0,0,1,0,2,1,7,1,1,0,0,0,12,0,0,1,4,0,0,23,1,0,7,0,1,1,0,0,2,7,1,1,4,2,0,2,0,0,0,1,0,3,1,0,0,15,0,0,0,12,0,4,0,0,0,0,0,0,0,0,0,17,1,2,1,21,0,1,4,0,0,1,0,4,1,24,0,0,0,11,2,3,0,0,0,8,0,29,0,1,0,1,11,0,0,0,0,0,0,0,0,8,0,0,0,1,3,0,1,7,0,10,0,1,11,0,0,0,0,0,0,0,0,0,2,0,0,0,1,0,0,0,0,0,0,0,0,0,0,0,0,0,0,0,0,0,0,0,0,0,2,0,0,0,0,0,0,0,0,0,0,0,0,0,0
3071341200022200098,92,11,9,1,2,3,4,0,0,5,0,1,2,9,2,6,0,0,2,3,8,0,4,15,3,1,18,19,1,0,0,2,2,0,3,3,0,11,3,0,2,8,4,0,8,2,4,8,0,6,0,0,0,2,1,4,2,1,2,0,1,5,0,0,26,3,0,0,0,3,0,0,0,0,2,1,7,0,0,1,2,0,0,5,0,0,0,0,17,0,43,0,0,0,2,16,1,6,0,8,42,22,9,3,0,0,1,8,0,0,3,1,1,1,1,0,1,2,3,0,1,2,7,0,22,0,17,2,0,0,0,5,4,0,0,0,1,1,0,0,1,0,0,0,0,0,0,0,0,0,0,0,0,0,0,1,0,0,0,1,0,0,0,1,0,0,0,0,0,0,0,0,0,0,0,0,0,0,0,1
3071341200022200099,36,0,0,2,3,0,0,0,0,2,0,0,1,0,0,3,1,0,0,10,4,1,0,11,0,0,0,33,1,0,0,1,2,0,7,4,0,2,1,0,0,0,0,0,0,2,2,0,0,0,0,0,1,1,0,0,0,1,0,0,0,0,0,0,1,1,0,0,6,0,0,1,0,0,0,0,1,0,0,5,1,0,1,5,0,0,0,1,0,1,23,0,0,0,1,8,0,0,0,0,56,0,0,0,4,0,0,1,0,1,0,0,0,1,0,0,0,10,1,0,0,1,2,0,4,0,2,0,0,2,0,0,0,0,0,0,0,0,0,0,0,1,1,0,0,0,0,0,0,0,0,0,0,0,0,0,0,0,0,0,0,0,0,0,0,0,1,0,0,0,0,1,0,0,0,2,0,0,0,1
3071341200022200101,56,0,0,0,0,0,4,0,0,0,0,0,0,0,0,1,0,1,0,2,0,1,0,0,0,0,0,0,0,0,0,1,0,0,1,0,0,2,0,1,4,0,0,1,0,13,2,3,0,0,0,0,0,0,2,0,0,0,4,0,1,0,0,0,1,2,1,0,0,0,0,0,0,0,0,0,3,0,0,0,1,0,1,0,1,0,0,2,3,0,2,0,0,0,2,2,1,1,1,0,2,0,3,0,1,0,1,8,0,0,0,0,0,0,1,0,0,1,0,0,0,0,2,1,2,0,1,0,1,4,1,0,0,0,0,0,0,0,0,0,0,0,0,0,0,0,0,1,1,0,0,0,0,0,0,0,0,0,0,0,0,0,0,0,0,0,0,0,0,0,0,0,0,0,0,0,0,0,0,0
3071341200022200102,26,0,1,0,1,0,0,1,0,0,0,0,0,0,0,0,0,0,0,0,0,0,1,0,0,0,0,3,0,0,0,1,0,0,4,0,0,4,0,1,2,0,0,2,1,1,1,8,0,0,0,0,0,0,2,0,1,1,0,0,7,0,0,0,1,0,2,0,0,0,0,0,0,0,0,0,3,2,3,1,7,0,0,1,0,0,0,0,1,0,12,0,0,0,2,3,2,1,0,1,3,0,14,2,0,0,1,1,0,0,0,0,0,0,0,0,0,1,0,1,0,1,0,0,0,0,4,0,0,5,0,0,0,0,0,0,0,0,0,0,0,0,0,0,0,0,0,0,0,0,0,0,0,0,0,0,0,0,1,1,0,0,0,0,0,0,0,0,0,0,0,0,0,0,0,0,0,0,0,0
3071341200022200104,89,0,0,0,0,0,7,1,0,0,0,2,0,0,0,0,0,1,0,1,0,0,0,0,0,0,0,0,0,0,0,0,0,0,3,0,0,9,0,2,10,0,0,1,0,13,0,1,0,1,1,0,0,1,4,0,0,0,1,0,0,0,0,0,4,2,0,0,1,0,0,0,0,0,3,0,0,0,1,0,1,0,0,1,0,0,0,0,1,1,1,0,1,0,1,3,0,1,0,0,5,0,0,0,1,0,0,16,0,0,1,1,0,1,1,0,1,1,0,0,0,0,2,0,0,1,0,1,0,0,0,0,0,0,0,0,0,0,0,0,0,0,0,0,0,0,0,0,0,0,0,0,0,0,0,0,0,0,0,0,0,0,0,0,0,0,0,0,0,0,0,0,0,0,0,0,0,0,0,0
3071341200022200107,35,0,9,1,0,2,0,0,0,1,0,0,0,0,1,6,0,1,0,1,7,0,1,0,1,0,2,48,0,0,1,0,0,0,2,1,0,4,0,0,0,0,0,0,0,1,1,0,0,0,0,0,0,0,0,0,1,1,0,0,2,0,0,0,1,0,0,1,2,0,0,1,0,1,1,0,8,0,1,3,1,0,1,9,0,0,0,0,6,0,7,0,1,1,4,2,0,0,0,1,57,0,1,0,0,1,1,0,0,0,3,1,0,0,1,0,0,2,0,0,1,1,3,0,3,0,0,1,0,2,0,4,7,0,0,0,0,0,1,1,1,0,0,0,0,0,0,1,0,0,0,0,0,0,0,0,0,0,0,0,0,0,1,0,0,0,0,0,0,0,0,0,1,0,0,0,0,0,2,1
3071341200022200108,81,0,3,0,0,2,7,0,0,0,0,0,0,0,1,1,0,1,0,1,0,2,1,1,0,0,0,1,0,0,0,1,0,0,0,1,0,5,0,0,11,0,0,1,1,8,3,2,0,0,1,0,0,1,4,0,2,0,1,1,1,0,0,0,0,0,0,0,0,1,1,0,0,0,2,0,2,0,2,0,0,0,1,0,0,0,0,0,2,0,7,0,0,0,0,10,1,1,0,0,6,1,3,0,1,0,0,6,0,0,0,0,1,2,0,0,0,0,0,0,0,0,3,1,1,1,0,0,0,1,0,0,0,0,0,1,0,0,0,0,0,0,0,0,0,0,0,0,0,0,0,0,0,0,0,0,0,0,0,0,0,0,0,0,0,0,0,0,0,0,0,0,0,0,0,0,0,0,0,0
3071341200022200109,62,0,0,2,0,1,1,0,1,3,1,0,1,0,0,3,0,0,2,12,14,2,1,3,4,0,0,119,0,0,0,1,3,0,4,4,0,2,2,0,1,0,0,0,1,3,6,2,0,0,0,0,0,0,0,0,2,1,0,0,0,1,1,0,0,0,1,0,1,0,0,2,0,0,0,0,2,0,0,2,0,1,0,4,0,0,0,0,0,0,32,1,0,0,1,9,0,0,0,0,106,0,0,1,3,0,0,0,0,1,0,0,1,0,0,0,0,12,1,0,0,0,1,0,1,0,5,0,1,1,0,0,3,0,0,1,0,0,0,0,0,0,0,0,0,0,0,0,0,0,0,0,0,1,0,0,0,0,0,0,0,0,0,0,0,1,0,0,0,0,0,0,0,0,0,0,0,1,1,0
3071341200022200110,18,0,1,0,0,0,1,0,0,1,0,1,0,0,0,2,0,0,0,2,3,0,0,0,0,0,0,13,0,0,0,0,0,0,0,0,0,4,0,0,3,0,0,2,0,2,4,3,0,0,0,0,0,0,0,0,0,1,1,0,0,0,0,0,3,0,0,0,2,0,0,0,0,0,0,0,3,0,0,1,0,0,1,1,0,0,0,0,2,0,6,0,0,0,0,0,0,0,0,0,12,0,3,0,0,0,0,1,0,0,0,0,0,0,0,1,0,2,0,0,0,1,0,2,0,0,1,1,0,0,0,0,1,1,0,0,0,0,0,0,0,0,0,0,0,0,0,0,0,0,0,0,0,0,0,0,0,0,0,0,0,0,0,0,0,0,0,0,0,0,0,0,0,0,0,0,0,0,0,1
3071341200022200112,124,0,14,3,4,2,2,0,1,1,0,1,1,0,1,1,1,1,1,3,9,1,1,0,3,0,3,70,0,0,1,2,0,0,2,0,1,10,0,1,6,1,2,2,1,4,6,6,0,1,0,0,0,1,0,1,0,2,1,0,3,0,0,0,2,2,0,0,6,0,0,0,0,0,0,0,8,0,0,5,2,0,0,6,0,0,1,1,9,1,24,0,4,0,10,22,2,3,0,1,79,1,7,0,1,0,0,2,1,1,2,0,0,3,1,0,0,1,1,0,0,2,0,0,7,1,1,4,1,2,0,4,6,0,0,0,0,0,0,0,0,0,1,1,0,1,0,0,1,0,0,0,0,0,0,0,0,1,0,0,0,0,1,0,0,0,0,0,0,0,0,0,1,0,0,0,0,0,0,0
3071341200022200113,106,1,1,1,0,1,7,0,0,1,0,0,0,0,0,0,0,0,1,1,0,0,0,0,0,1,0,3,0,0,2,1,0,0,3,0,0,9,0,7,3,0,0,2,0,14,11,2,0,0,0,0,0,0,3,0,1,0,0,0,0,0,0,0,4,0,0,0,1,0,0,0,0,0,1,0,1,0,2,0,0,0,0,1,0,0,0,2,3,0,7,0,0,0,2,4,3,1,1,0,8,0,2,1,1,0,0,9,0,0,0,0,1,4,1,0,1,0,1,0,0,9,0,0,1,0,0,2,0,1,2,0,0,0,1,0,0,0,0,1,0,0,0,1,0,0,0,1,0,0,0,0,0,0,0,0,0,0,0,0,1,0,0,1,0,0,0,0,0,0,0,0,0,0,0,0,0,0,0,0
3071341200022200114,146,0,2,0,0,0,15,0,0,0,0,1,1,0,1,1,0,2,0,0,0,0,0,1,0,0,2,2,1,0,1,1,0,0,5,0,0,7,0,1,7,0,0,5,1,23,9,2,0,1,0,0,0,0,8,0,0,0,1,0,0,0,0,0,3,1,0,0,0,0,1,1,0,0,1,0,0,0,0,0,1,0,0,1,0,0,0,4,1,1,9,0,1,0,3,10,0,1,0,0,15,4,7,0,0,0,0,11,0,0,0,0,0,6,0,0,2,0,2,0,0,3,2,1,3,1,0,0,0,2,0,0,1,0,1,0,0,0,0,0,1,0,0,0,0,0,0,0,0,0,1,1,0,0,0,1,0,0,0,0,0,0,0,1,0,0,0,0,1,0,0,0,0,0,0,0,0,0,0,0
3071341200022200118,87,0,0,2,1,2,0,0,1,3,0,0,0,0,0,17,5,0,0,7,14,0,1,0,4,1,1,82,0,0,2,3,1,0,2,0,0,6,0,0,3,1,0,0,0,1,6,1,0,0,0,0,0,0,0,0,1,2,1,0,0,0,0,0,3,1,0,0,2,0,0,0,0,0,1,0,7,0,0,3,0,0,1,14,0,1,0,1,1,0,16,0,0,0,0,1,1,0,0,0,113,0,2,0,1,0,0,0,0,0,0,1,2,0,1,0,0,3,0,0,1,1,0,2,1,0,3,1,1,1,0,0,6,0,0,0,1,0,0,0,1,0,0,1,0,0,0,1,0,1,0,0,0,0,0,0,0,0,0,0,1,0,0,0,0,0,2,0,1,0,0,1,1,0,0,0,0,0,0,1
3071341200022200119,47,3,2,3,1,0,1,0,0,2,1,1,0,5,1,0,0,0,0,0,3,2,1,8,0,0,3,3,0,2,0,2,1,0,6,5,0,5,4,0,1,4,0,2,2,0,2,2,0,11,0,0,0,0,1,0,0,0,0,0,1,0,0,0,8,5,0,1,0,0,0,0,0,0,0,0,9,0,0,0,1,0,1,2,0,0,0,1,5,2,26,0,0,0,10,1,0,5,0,2,25,7,7,4,2,0,2,3,0,0,0,0,0,0,1,0,0,0,0,0,0,0,0,1,5,0,7,0,0,0,0,0,3,0,0,0,0,0,0,0,1,0,1,0,0,0,0,0,0,0,0,0,0,0,0,0,0,0,0,0,0,0,0,0,0,0,0,0,0,0,0,0,0,0,0,0,0,0,0,0
3071341200022200120,74,0,20,1,4,16,2,0,1,1,0,0,2,1,0,0,0,0,0,1,0,0,1,2,0,2,16,11,0,1,1,1,0,1,12,10,0,13,2,0,3,1,3,1,1,2,1,9,0,1,0,0,0,2,1,0,3,1,2,2,8,2,0,0,10,0,1,0,0,0,0,1,1,0,1,0,6,0,1,0,1,1,0,2,0,1,0,0,14,2,39,0,20,0,11,28,1,5,0,0,9,3,11,1,1,0,0,2,0,1,0,0,1,0,0,0,1,1,1,0,1,0,2,0,9,0,1,5,0,3,0,1,6,0,0,0,0,0,0,0,0,0,0,0,0,0,0,1,1,0,1,0,0,0,0,0,1,1,0,1,1,0,0,0,0,1,0,0,0,0,0,0,0,0,0,0,0,0,0,0
3071341200022200123,29,0,3,0,1,0,5,0,0,0,0,0,0,0,0,2,1,0,0,1,1,0,8,0,2,0,0,2,0,0,2,2,0,0,2,0,0,4,0,0,2,0,0,1,0,2,3,3,0,0,0,0,0,0,0,0,0,0,1,1,1,1,0,0,4,0,0,0,2,0,0,0,0,0,0,0,1,0,0,0,1,0,0,1,0,0,0,0,3,0,4,0,2,0,5,3,12,0,0,0,9,1,4,0,0,0,1,2,0,0,0,1,0,0,0,0,0,1,3,0,0,0,0,1,3,0,0,0,0,3,0,0,4,0,0,0,0,0,0,0,1,0,0,0,0,1,0,0,0,0,0,0,0,0,0,0,0,0,0,0,0,0,0,0,0,0,0,0,0,0,0,0,0,0,0,0,0,1,0,1
3071341200022200124,35,0,0,0,0,0,0,0,0,2,0,0,0,0,0,13,0,0,0,4,8,0,1,1,0,1,0,14,0,0,0,0,0,0,0,0,0,5,0,0,6,0,0,0,0,0,0,0,0,0,0,0,0,0,0,1,2,0,1,0,0,0,0,0,1,0,0,0,5,0,0,0,0,0,1,0,5,0,0,0,0,0,1,12,0,0,0,0,0,0,6,0,4,0,0,1,1,0,0,0,23,0,0,0,0,0,0,0,0,0,0,0,0,0,0,0,0,0,0,0,1,0,0,0,0,0,0,3,0,0,0,0,2,0,0,0,0,0,0,0,0,0,0,0,0,0,0,0,0,0,0,0,0,0,0,0,0,0,0,0,0,0,0,0,0,0,0,0,0,0,0,0,0,0,0,0,0,0,0,0
3071341200022300016,48,0,0,0,0,0,1,0,0,0,0,0,0,0,0,0,0,1,0,0,0,0,0,0,0,5,0,0,0,0,4,0,0,0,0,0,0,1,1,0,0,0,0,0,0,5,2,0,0,0,0,0,0,0,0,0,0,0,5,0,0,0,0,0,2,4,0,0,0,0,0,0,0,0,0,0,0,0,0,1,2,0,0,15,0,0,0,0,0,0,5,1,0,0,1,6,1,0,0,2,0,0,0,0,0,0,0,0,0,0,0,0,0,0,0,0,0,0,0,0,1,0,0,0,0,0,7,1,0,0,1,0,0,0,0,0,0,0,0,1,0,0,0,0,0,0,0,0,0,0,0,0,0,0,0,0,0,0,0,0,0,0,0,0,0,0,0,0,0,0,0,0,0,0,0,0,1,0,0,0
3071341200022300018,40,0,0,0,0,0,2,0,1,0,0,0,0,0,0,1,0,1,0,0,0,1,0,0,1,6,0,0,0,0,0,1,1,0,0,0,0,1,0,0,5,0,0,1,0,3,1,0,0,0,0,0,0,0,0,0,0,0,10,0,3,0,0,0,1,1,0,0,0,0,0,0,0,0,0,0,0,1,0,0,10,0,0,9,0,0,0,0,0,0,3,0,3,0,0,0,7,1,0,1,1,0,0,0,0,0,0,0,0,0,1,0,1,0,0,0,1,0,0,0,1,1,2,1,1,0,11,0,0,0,0,0,0,0,0,0,0,0,1,1,0,0,0,1,0,0,0,1,0,0,0,1,0,0,0,0,0,0,0,1,0,0,1,0,0,0,0,0,0,0,0,1,0,0,0,0,0,0,0,0
3071341200022300019,30,0,0,0,0,0,1,0,0,3,0,0,0,0,0,0,0,1,0,0,0,0,0,0,0,2,0,1,0,0,0,0,0,0,1,0,0,0,0,0,2,0,0,0,1,1,0,0,0,0,0,0,0,0,0,0,1,0,1,0,0,0,0,0,0,3,0,0,0,0,0,0,0,0,1,0,0,0,0,0,1,0,0,12,0,0,0,0,0,0,4,0,3,0,1,3,0,0,0,1,0,0,0,0,0,0,0,0,0,0,0,0,0,0,0,0,0,0,0,0,0,0,0,0,2,1,3,0,0,0,0,0,0,0,0,0,0,0,0,0,0,0,0,0,0,0,0,0,0,0,0,0,0,0,0,0,0,0,0,0,0,0,0,0,0,0,0,0,0,0,0,0,0,0,0,0,0,0,0,0
3071341200022300020,56,1,0,0,0,0,1,1,0,4,0,0,0,0,0,0,0,1,0,0,0,0,1,0,0,1,0,0,0,0,2,0,1,0,2,0,0,0,0,0,5,1,0,0,0,1,3,1,0,0,0,0,1,0,0,4,3,0,3,0,1,0,0,0,4,3,0,0,0,0,0,0,0,0,0,0,1,1,0,0,4,0,0,18,0,0,0,0,0,0,10,0,1,0,1,0,0,0,0,14,0,0,0,0,1,0,0,1,0,0,0,1,0,0,0,0,0,1,0,0,3,0,5,1,0,0,12,0,0,1,0,0,0,0,0,0,0,0,0,0,0,0,0,0,0,0,0,0,0,0,0,0,0,0,0,0,0,0,0,0,1,1,0,0,0,0,0,0,0,0,0,0,0,0,0,1,0,0,0,0
3071341200022300021,13,0,0,0,0,0,0,0,1,1,0,0,0,0,0,0,0,0,0,0,0,1,2,0,0,0,0,3,0,0,0,0,0,0,5,0,0,0,0,0,1,0,1,0,1,0,0,3,0,0,2,0,0,0,0,0,0,0,1,0,0,0,0,0,4,0,0,0,1,0,0,0,0,1,0,0,6,0,1,0,0,2,1,1,0,0,0,0,0,0,10,0,1,0,3,0,0,0,2,2,3,0,8,1,0,2,0,2,0,0,0,1,0,1,0,0,2,0,0,0,0,2,0,0,3,0,0,3,0,4,0,0,0,0,0,0,0,0,0,0,0,0,0,0,0,0,0,0,0,0,0,0,0,0,0,0,0,0,0,0,0,0,0,0,0,0,0,0,0,0,0,0,0,0,0,0,0,0,0,0
3071341200022300023,18,0,0,0,0,0,0,0,0,3,0,0,0,0,0,0,1,0,0,0,0,0,0,0,0,0,0,1,0,0,1,0,0,0,0,0,0,0,0,0,1,0,0,0,0,0,0,0,0,0,0,0,0,1,0,0,0,0,0,1,0,0,0,0,0,1,0,0,0,0,0,0,0,0,0,0,0,0,0,0,1,0,0,5,0,0,0,0,0,0,5,0,0,0,0,1,5,0,0,3,4,0,0,0,0,1,0,0,0,0,0,0,0,0,0,0,0,0,0,0,0,0,1,0,1,0,0,0,0,0,0,0,0,0,0,0,0,0,0,0,0,0,0,1,0,0,0,0,0,0,0,0,0,0,0,0,0,0,0,0,0,0,0,0,0,0,0,0,0,0,0,0,0,0,0,0,0,0,0,0
3071341200022300026,120,0,0,1,0,0,2,0,0,1,0,0,0,0,0,1,0,0,0,0,0,0,0,0,0,5,0,1,0,0,0,1,0,0,1,1,0,0,1,4,4,0,0,0,0,9,1,0,1,0,0,0,0,1,0,2,0,0,7,2,0,0,0,0,3,4,0,1,0,2,1,0,0,0,0,1,0,0,1,0,9,0,0,30,0,0,1,0,0,0,12,0,4,0,3,10,3,0,0,0,1,0,0,0,3,0,0,0,0,1,1,0,0,0,0,0,0,0,1,0,2,0,6,1,0,1,21,0,0,0,0,0,0,0,0,0,0,0,0,0,0,0,0,0,0,1,0,0,0,0,0,0,0,0,0,0,0,0,0,0,0,0,0,0,1,0,0,0,0,1,0,0,0,0,0,0,0,0,0,0
3071341200022300027,85,0,0,0,0,0,7,0,0,1,0,0,0,0,0,0,4,0,0,0,0,0,0,0,0,13,0,0,0,1,1,1,0,0,0,0,0,0,1,0,13,0,0,0,0,6,0,0,0,0,0,0,0,0,0,1,0,0,6,0,0,0,0,0,5,1,0,0,0,0,0,0,0,0,0,0,0,0,0,0,1,0,0,14,0,0,0,0,0,1,8,0,1,0,1,10,4,0,0,7,0,0,1,0,0,0,0,0,0,0,0,0,0,0,0,0,0,0,1,0,0,0,2,0,0,1,16,0,0,0,0,0,0,0,0,0,0,0,0,0,0,0,0,0,0,0,0,0,0,0,0,0,0,0,0,0,0,0,0,1,0,0,0,0,0,1,0,0,0,0,1,0,0,0,0,0,0,0,0,0
3071341200022300034,77,0,0,0,0,0,1,0,0,0,0,0,0,0,1,0,1,0,0,1,0,1,0,1,0,3,1,0,0,0,2,0,0,0,0,0,0,0,0,6,2,0,0,0,0,6,8,0,0,0,0,0,0,0,0,4,0,1,8,0,0,0,0,0,0,2,0,0,0,0,0,0,0,0,0,0,1,0,0,0,17,0,0,8,0,0,1,0,0,0,14,0,0,0,1,3,4,1,0,2,0,0,0,0,0,0,0,0,0,0,0,0,0,0,0,0,0,0,0,0,0,2,1,0,0,1,14,1,1,0,0,0,1,0,0,0,0,0,0,0,1,0,0,0,0,0,0,0,0,0,0,0,0,0,0,1,0,0,0,0,0,0,0,1,0,0,0,0,0,0,0,0,0,0,0,0,0,0,0,1
3071341200022300039,58,0,0,0,0,0,1,0,0,0,1,0,0,0,1,1,1,0,0,0,0,1,1,0,0,3,0,1,0,0,1,0,0,0,0,0,0,0,0,2,5,0,0,0,0,6,5,0,0,0,0,0,0,0,0,3,1,0,5,0,1,0,1,0,3,3,0,0,0,0,0,0,0,0,0,0,0,0,0,0,3,0,0,18,0,0,0,0,0,0,9,0,1,0,0,8,3,0,0,3,0,0,0,1,0,0,0,0,0,0,0,0,0,0,0,0,0,1,0,0,0,0,0,1,0,1,10,0,0,0,0,0,0,0,0,0,1,0,0,0,0,0,0,0,0,0,0,0,0,0,0,0,0,0,0,0,0,0,0,0,0,0,0,0,0,0,1,0,0,0,0,0,0,0,0,0,0,0,0,1
3071341200022300042,30,0,0,1,0,0,1,1,1,0,0,0,1,0,0,1,0,2,0,0,1,1,1,0,0,3,0,0,0,0,2,1,0,0,0,0,0,0,0,1,3,0,0,0,0,2,2,0,0,0,0,0,0,0,1,0,1,0,2,0,0,0,0,0,2,1,1,0,0,0,0,0,0,0,0,1,0,0,0,0,4,1,0,8,0,0,0,0,0,0,3,0,1,0,0,1,2,0,0,0,0,0,0,1,0,0,0,0,0,0,0,0,0,0,0,0,0,0,1,0,0,0,0,0,0,0,6,0,0,0,0,0,0,0,0,0,0,1,0,0,0,0,0,0,0,0,0,0,0,0,0,0,0,0,0,0,0,0,0,0,0,0,0,0,0,0,0,0,0,0,0,0,0,0,0,0,0,0,0,0
3071341200022300043,43,0,0,0,0,0,0,0,0,0,0,0,0,0,0,0,0,0,0,0,0,0,0,0,0,4,0,0,0,0,0,0,0,0,0,0,1,1,0,1,5,0,0,0,0,1,0,0,0,0,0,0,0,1,0,1,0,1,3,0,0,0,0,0,2,5,0,0,0,0,1,0,0,0,0,0,0,0,0,0,1,0,0,8,0,0,0,0,0,0,11,0,1,0,0,3,1,0,0,1,0,0,1,0,0,0,0,0,0,0,0,0,0,0,0,0,0,0,0,0,0,0,1,1,0,0,9,1,0,0,0,0,0,0,0,0,0,0,1,0,0,0,0,0,0,0,0,0,0,0,0,0,0,0,0,0,0,0,0,0,0,0,0,0,0,0,0,0,0,0,0,0,0,0,0,0,0,0,0,0
3071341200022300065,27,0,0,0,0,0,2,0,0,0,0,0,0,0,0,0,0,0,0,1,0,0,1,0,0,0,0,0,0,0,0,0,0,0,0,0,0,0,0,5,2,0,0,0,0,5,3,1,0,0,1,0,0,0,0,1,0,0,3,1,0,0,0,0,2,1,0,0,0,0,0,0,0,0,0,0,1,0,0,0,8,0,0,12,0,0,0,0,0,0,6,0,1,0,1,4,2,0,0,0,1,0,0,0,0,0,0,1,0,0,0,1,0,0,0,1,0,0,0,0,0,0,2,1,0,0,9,0,0,0,0,0,0,0,0,0,0,0,0,0,0,0,0,0,0,0,0,0,0,0,0,0,0,0,0,0,0,0,0,0,0,0,0,0,0,0,0,0,0,0,0,0,0,0,0,0,0,0,0,0
3071341200022300066,37,0,0,0,0,0,1,0,0,0,0,0,0,0,1,0,0,0,0,0,0,0,0,1,0,0,0,0,0,0,2,1,0,0,0,0,0,0,0,8,3,1,0,0,0,3,1,1,0,0,0,0,0,0,0,0,0,1,4,0,0,0,0,0,2,1,0,0,1,0,0,0,0,0,0,0,1,0,0,0,5,0,0,18,0,0,0,0,0,0,6,0,2,0,0,5,7,0,0,2,0,0,0,0,0,0,0,0,0,0,1,0,0,0,0,0,0,1,0,0,0,0,1,0,0,0,3,0,0,0,0,0,0,0,0,0,0,0,0,0,0,0,0,0,0,0,0,0,0,0,0,0,0,0,0,0,0,0,0,0,0,0,0,0,0,0,0,0,0,0,1,0,0,0,0,0,0,0,0,0
3071341200022300109,157,1,0,0,0,0,24,0,0,1,0,2,0,0,4,1,1,0,0,1,2,1,0,1,1,0,1,1,0,1,0,0,0,0,7,0,0,10,1,2,6,1,0,3,0,9,8,5,0,0,0,0,0,0,6,0,0,0,2,0,2,0,0,0,6,5,0,0,1,0,0,1,0,0,0,0,0,0,0,1,0,0,0,0,0,0,0,4,0,1,7,0,1,0,2,5,0,0,0,0,24,0,2,1,1,0,0,12,0,0,0,0,0,1,0,0,0,1,0,0,1,3,1,1,3,1,0,2,0,2,0,0,0,0,0,0,0,0,0,0,0,0,0,0,0,0,0,0,0,0,1,0,0,0,0,0,0,0,0,0,1,0,0,0,0,1,1,0,0,0,0,0,0,1,1,0,0,0,0,0
3071341200023100022,85,1,0,0,0,0,2,0,0,1,2,2,1,0,0,10,0,0,0,1,15,0,6,0,6,1,0,28,0,0,2,0,0,0,4,1,0,1,0,0,2,3,0,0,0,2,1,5,2,1,0,3,0,0,0,0,0,0,1,0,1,0,0,0,7,0,0,0,4,2,0,0,0,1,8,0,2,0,0,0,0,1,0,0,1,5,0,2,1,2,1,5,0,1,1,0,0,0,0,0,14,5,2,2,0,0,0,1,0,0,17,0,0,1,0,0,0,1,2,0,0,2,0,0,4,0,0,0,2,0,2,0,0,0,0,0,0,0,0,0,0,0,0,0,0,0,0,0,1,0,0,0,0,0,0,0,0,0,0,1,0,0,0,0,0,0,0,0,0,0,0,0,0,0,0,0,0,0,0,1
3071341200023100037,46,0,0,2,0,0,1,0,0,6,0,1,0,0,0,1,0,1,0,0,0,0,3,0,0,0,0,10,0,0,0,11,1,0,65,0,0,0,1,0,1,1,1,0,12,0,30,1,0,1,0,0,0,0,0,1,0,0,0,0,0,0,0,1,1,0,0,0,1,0,0,1,0,0,2,0,3,0,0,1,0,2,2,0,0,4,0,2,1,0,13,1,0,0,4,24,4,1,0,0,5,0,1,0,1,0,0,0,1,0,1,0,0,0,1,0,0,1,4,0,0,1,3,0,2,0,3,0,3,0,0,0,0,0,0,0,0,0,0,0,0,0,0,0,1,0,0,0,0,0,0,0,0,0,0,1,0,0,0,0,0,0,0,0,0,0,1,0,0,0,0,1,0,0,0,0,0,0,0,0
3071341200023100039,62,1,0,0,0,2,1,0,0,1,0,0,0,1,1,0,0,1,0,0,1,0,0,1,0,8,0,1,1,0,0,3,0,0,0,0,0,0,0,2,5,3,0,0,0,2,1,0,0,0,0,3,1,1,0,0,0,0,20,15,0,0,0,0,4,0,0,0,0,0,1,0,0,1,1,0,2,0,0,1,2,1,1,35,0,5,0,0,0,0,5,13,0,1,3,1,6,0,0,3,2,0,0,4,0,0,0,0,0,0,1,0,1,0,0,0,1,2,4,0,0,0,2,0,3,0,7,1,0,0,0,0,0,0,0,0,0,0,0,0,1,0,0,0,0,0,0,0,0,0,1,1,0,0,0,0,0,0,0,0,0,0,0,0,0,0,0,0,0,0,0,0,1,0,0,0,0,0,0,1
3071341200023100042,15,5,0,0,0,3,1,0,0,0,0,0,0,1,0,1,0,0,0,0,1,0,1,0,3,0,0,3,0,0,0,0,0,0,0,0,0,0,0,0,0,1,0,0,1,0,3,10,0,0,0,0,0,0,0,0,0,0,0,1,0,0,1,0,0,0,0,0,1,5,1,1,0,0,0,0,1,0,0,3,0,1,0,0,0,3,0,1,0,0,0,0,0,0,0,1,0,0,0,0,5,0,1,0,1,0,1,0,0,0,2,0,0,0,0,0,0,0,5,0,1,0,0,0,1,1,0,0,1,0,0,0,0,0,0,0,0,0,0,1,0,0,0,0,0,0,1,0,0,0,0,0,0,0,0,0,0,0,0,0,0,0,0,0,0,0,0,0,0,0,0,0,0,0,0,0,0,0,0,0
3071341200023100051,39,1,0,0,0,0,1,0,0,1,0,1,0,0,2,0,0,1,0,0,0,0,2,0,0,0,0,15,0,1,1,6,1,0,23,0,0,0,1,0,1,12,0,0,5,1,22,2,0,12,0,0,0,1,1,0,1,0,1,4,1,0,0,1,0,0,0,0,0,1,1,0,0,0,4,0,3,0,0,0,0,2,0,0,0,6,0,1,0,0,5,1,0,0,10,11,4,1,0,0,15,0,0,0,0,1,0,1,1,0,0,0,1,0,0,0,0,2,2,1,4,0,2,0,7,0,3,0,0,0,0,0,0,0,0,0,0,0,0,0,1,0,0,1,0,0,0,0,0,0,0,0,0,1,0,0,0,0,1,0,0,0,0,0,0,0,0,0,0,0,0,0,0,0,1,0,0,1,0,0
3071341200023100055,8,0,0,0,2,2,0,0,0,0,0,0,0,0,6,0,1,1,0,0,0,1,1,0,0,0,1,0,0,0,0,0,0,0,3,0,0,0,0,0,1,16,0,1,0,0,2,0,1,26,0,0,0,0,0,0,0,1,2,0,0,0,0,0,0,0,0,0,1,1,2,0,0,0,0,0,18,0,0,1,0,4,0,0,0,2,0,1,0,0,7,0,1,1,0,2,0,0,0,2,4,0,0,0,0,0,0,0,0,0,0,1,0,0,0,0,1,0,2,0,3,1,0,0,0,0,1,0,3,0,0,1,0,0,0,0,0,0,0,0,0,0,0,0,0,0,0,1,0,0,0,1,0,0,0,0,0,0,0,0,0,0,0,0,0,0,0,0,0,0,0,0,0,0,1,0,0,0,0,0
3071341200023100057,26,0,0,0,1,1,1,0,0,1,0,0,1,0,13,0,0,1,0,0,0,1,0,0,1,1,0,3,0,2,3,0,0,0,6,0,0,0,0,0,0,40,0,0,1,3,5,1,0,47,0,0,0,0,0,0,0,0,3,2,0,0,0,1,3,1,0,1,0,5,7,0,0,2,1,0,23,1,0,0,0,3,0,0,1,2,0,0,0,0,20,1,0,0,1,2,0,0,0,1,12,0,1,0,0,1,0,0,0,0,0,0,0,0,0,0,0,3,2,0,5,1,0,0,2,0,0,0,5,0,0,2,0,0,0,0,0,0,0,0,0,0,1,0,0,0,1,0,0,0,0,0,0,0,0,0,0,0,1,0,1,0,0,0,0,0,0,0,0,0,0,0,0,0,0,0,0,0,0,0
3071341200023100058,54,12,0,1,1,15,0,1,0,0,0,0,1,1,0,0,1,2,0,0,0,0,2,1,10,0,0,40,0,0,0,0,0,0,0,0,1,0,1,0,3,1,0,0,0,1,9,33,0,3,0,0,0,0,0,0,3,0,0,0,1,0,0,0,0,0,0,0,0,18,0,0,0,0,4,0,1,0,0,0,1,8,0,0,0,55,0,0,0,0,1,0,0,0,0,6,0,0,0,0,58,1,2,0,1,0,0,1,0,0,2,0,0,0,1,0,0,0,61,1,0,0,0,0,3,2,0,0,4,0,0,1,0,0,0,1,0,0,0,0,0,0,0,0,0,0,1,0,0,0,1,0,0,0,0,0,0,0,0,0,0,0,0,0,0,0,0,0,0,1,0,0,0,0,0,0,1,1,0,0
3071341200023100062,106,0,0,6,0,3,1,0,0,4,4,2,4,0,7,1,0,1,0,0,0,0,7,1,0,0,0,8,0,0,0,2,3,0,27,1,1,3,0,0,1,123,0,2,1,6,12,1,0,128,0,0,0,1,0,3,0,0,6,3,5,0,0,0,3,0,0,1,0,5,9,0,0,0,3,0,42,1,0,0,0,8,3,1,0,4,0,0,0,0,17,1,0,0,3,7,1,0,1,6,3,4,1,1,0,0,1,2,9,0,1,1,0,0,0,0,4,6,1,0,0,4,1,0,8,1,1,0,3,0,1,3,0,0,2,0,0,0,0,1,0,0,0,1,0,0,0,0,0,0,0,1,0,0,0,0,0,0,0,1,0,1,0,0,0,0,0,0,0,0,0,0,0,0,0,0,0,0,1,0
3071341200023100064,49,0,0,1,0,2,3,0,0,3,2,0,2,0,0,0,0,1,0,0,0,0,0,0,0,1,0,5,0,0,2,1,1,0,4,0,0,1,0,0,1,16,0,0,2,1,1,2,3,13,0,0,0,1,0,0,2,0,4,0,1,0,0,0,1,0,0,0,0,2,1,0,0,0,2,1,11,0,0,1,1,1,4,0,0,1,0,1,1,0,19,0,0,0,1,1,1,0,2,2,2,1,0,0,0,0,0,1,1,0,0,0,0,0,0,0,1,0,0,0,1,1,1,0,0,0,0,0,3,0,0,0,0,0,0,0,0,0,0,0,1,0,1,0,1,0,0,0,0,0,0,1,0,0,0,0,0,0,0,0,0,0,0,0,0,0,0,0,0,0,0,0,0,0,0,0,0,0,0,0
3071341200023100066,20,1,0,0,0,2,1,0,0,0,0,0,0,0,0,0,0,0,0,1,0,0,0,0,2,0,0,5,0,0,0,0,0,0,0,0,0,0,0,0,0,1,0,0,0,1,3,35,0,1,1,0,0,0,0,0,0,0,0,0,0,0,0,0,0,0,0,0,1,3,0,0,0,0,1,0,1,0,0,0,0,1,0,0,0,6,0,0,0,0,0,0,0,0,1,0,0,0,0,0,9,0,0,0,0,0,0,1,0,0,0,0,0,0,0,0,0,1,8,0,0,0,0,0,1,0,0,0,2,0,0,0,0,0,0,0,0,0,0,1,1,0,0,0,0,0,0,0,0,0,0,0,0,0,0,0,0,0,0,0,0,0,0,0,0,0,0,0,0,0,0,0,0,0,0,0,0,0,0,0
3071341200023100068,33,0,0,0,0,0,3,0,0,0,11,0,3,0,1,0,2,0,0,0,0,0,0,0,0,0,0,8,1,0,0,1,0,0,8,0,0,1,0,0,0,10,1,0,0,1,0,3,1,3,0,0,0,0,0,1,0,1,4,0,0,0,0,0,3,0,0,0,0,2,1,0,0,0,0,0,28,1,0,0,3,1,5,0,0,1,0,0,0,0,14,1,0,0,0,0,0,1,0,0,2,2,2,0,0,0,0,1,1,0,0,0,0,0,2,1,1,0,1,0,2,0,1,0,0,0,0,0,1,0,0,2,0,0,0,0,0,0,0,0,0,0,0,0,0,0,0,0,0,0,0,0,0,0,0,0,0,0,0,0,0,0,0,0,0,0,0,0,0,0,0,0,0,0,0,0,0,0,0,0
3071341200023100071,127,0,0,3,0,0,1,0,0,6,7,0,3,0,1,0,1,1,1,1,0,1,7,1,0,1,0,3,2,0,0,7,0,1,5,2,0,4,0,0,1,91,0,0,0,5,9,2,1,14,0,0,0,0,1,1,0,0,6,0,3,0,0,0,4,1,1,0,1,12,1,0,0,0,0,0,37,0,0,0,2,10,1,0,1,0,0,0,0,0,15,0,0,1,2,0,1,2,0,2,0,2,1,1,0,0,0,0,6,1,0,1,0,0,1,0,0,3,1,0,0,3,0,2,0,2,0,0,18,0,0,0,0,0,0,0,0,0,0,0,0,0,0,1,0,0,1,0,0,0,0,0,0,0,0,0,0,0,0,0,0,0,0,0,0,0,1,0,0,0,0,0,0,0,0,0,0,0,0,0
3071341200023100074,75,2,0,2,1,6,0,0,0,0,1,0,0,1,2,0,0,1,1,5,6,1,6,0,9,1,1,15,0,0,0,1,3,1,4,0,0,1,0,0,1,3,0,0,1,0,11,45,0,1,0,5,0,1,1,0,0,0,0,16,0,0,0,0,4,0,1,0,2,0,1,1,0,0,3,0,5,0,0,6,0,3,0,0,0,10,0,0,1,1,17,0,0,0,4,0,0,0,0,0,17,0,6,3,0,0,0,0,0,0,0,0,1,1,0,0,0,7,4,0,4,1,7,0,6,0,0,0,0,0,0,11,0,0,0,0,0,0,0,0,0,0,0,0,0,1,0,0,0,0,0,0,0,0,0,0,0,0,0,0,0,0,0,1,0,0,0,0,0,0,0,0,0,0,0,0,0,0,0,0
3071341200023100083,43,0,0,0,0,0,0,0,0,3,4,1,3,0,0,0,1,0,0,1,0,0,1,0,0,1,0,3,0,1,1,1,0,0,0,1,0,5,0,0,1,14,1,0,0,1,1,4,2,4,0,0,0,0,0,0,0,0,5,0,1,0,0,0,0,0,0,0,0,0,0,1,0,0,0,0,19,0,0,0,1,2,2,0,0,0,0,0,2,0,2,1,0,1,0,0,0,0,0,0,2,10,2,0,1,0,0,0,0,0,0,0,0,1,0,0,1,0,1,0,0,1,0,0,0,0,0,0,5,3,0,0,0,0,0,0,0,0,0,0,0,0,0,0,0,0,0,0,0,0,0,0,0,0,0,0,0,0,0,0,0,0,0,0,0,0,0,0,0,0,0,0,0,1,0,1,0,0,0,0
3071341200023100086,24,0,0,0,0,5,1,0,0,1,2,0,0,0,2,2,0,0,0,0,0,0,0,0,3,0,0,18,0,1,1,1,0,0,0,0,0,1,0,0,0,1,0,0,0,1,4,89,0,0,0,0,0,1,0,0,2,0,0,3,0,0,0,0,0,1,0,0,3,6,0,0,0,0,1,0,0,0,0,1,0,3,0,0,0,9,0,0,0,0,7,1,0,0,1,2,0,0,0,0,19,0,1,0,0,0,0,0,0,0,0,0,0,0,0,0,0,6,19,0,1,0,0,1,4,0,0,0,2,0,3,3,0,0,0,0,0,0,0,0,0,0,0,0,0,0,0,1,0,0,0,1,0,0,0,0,0,0,0,0,0,0,0,0,0,0,0,0,1,0,0,0,0,0,0,0,0,0,0,0
3071341200023100088,89,1,0,0,0,0,0,0,0,1,7,0,4,0,0,0,0,0,0,0,0,0,6,0,0,0,0,4,1,0,1,3,0,1,10,0,0,0,0,0,0,45,0,0,0,3,2,1,3,8,0,0,0,1,0,0,2,0,4,0,0,0,0,0,0,0,0,0,0,11,1,2,0,0,0,0,16,0,0,0,0,2,1,1,0,0,0,0,0,0,4,0,0,1,1,0,1,1,0,0,0,5,0,0,0,0,0,0,4,0,0,2,0,0,0,0,0,2,1,0,0,1,0,0,0,1,0,0,8,0,0,1,0,0,0,0,1,0,0,1,1,1,0,0,0,0,0,0,0,0,0,0,0,0,0,0,0,0,0,0,0,0,0,0,0,0,0,0,0,0,0,0,1,0,0,0,1,0,0,0
3071341200023100089,37,0,0,1,0,0,0,0,1,1,4,1,2,0,0,0,0,0,0,0,0,0,1,0,0,0,0,2,0,0,0,1,0,0,3,0,0,0,0,0,0,25,0,0,0,1,0,0,2,3,1,0,0,0,0,0,0,0,0,0,0,0,0,0,0,0,0,0,0,3,0,0,0,0,0,0,16,0,1,0,1,2,0,1,0,1,0,0,0,0,2,1,0,1,1,0,0,0,0,0,0,2,1,0,0,0,0,0,2,0,0,0,0,0,2,0,1,0,2,0,0,1,0,2,1,0,0,0,4,0,0,0,0,0,0,0,0,0,1,0,0,0,1,0,0,0,0,0,0,0,0,0,0,0,0,0,0,1,0,1,1,0,0,0,0,0,0,0,0,0,0,0,0,0,0,0,0,0,0,0
3071341200023100090,66,0,0,0,0,0,0,0,0,0,9,1,0,1,0,1,0,0,0,0,0,0,1,0,0,0,0,0,0,0,0,3,0,0,3,0,0,1,0,0,0,34,0,1,0,2,2,0,1,6,0,0,0,0,0,0,1,0,1,0,1,0,0,0,2,0,0,0,0,9,0,0,0,0,1,0,16,0,0,0,0,8,0,0,0,0,0,0,0,0,3,0,0,0,0,0,0,0,0,0,1,4,0,0,0,0,0,1,0,0,0,0,0,0,2,0,1,1,0,0,1,0,0,0,1,0,0,0,9,2,0,1,0,0,0,0,0,0,0,0,0,0,0,0,0,0,0,0,0,0,0,0,0,0,0,0,0,0,0,0,0,0,1,0,0,0,0,0,0,0,0,0,0,0,0,0,0,0,0,1
3071341200023100091,49,2,0,1,0,4,0,0,3,1,1,0,0,0,0,2,0,0,0,1,2,0,5,1,9,1,0,12,1,1,0,0,2,0,2,0,1,0,0,0,3,0,0,0,0,0,4,37,1,0,0,1,0,0,1,0,0,0,1,3,0,0,0,0,1,0,0,2,4,3,0,0,0,0,2,1,2,0,0,1,0,1,0,0,0,6,0,0,0,0,9,1,0,1,2,2,1,1,1,0,28,1,2,1,0,0,1,0,0,0,0,0,1,0,0,0,0,3,9,0,1,1,3,0,6,0,0,0,1,0,2,9,0,0,0,1,0,0,0,1,0,0,1,0,0,0,0,0,0,0,1,0,0,0,0,0,0,0,0,0,0,0,0,0,0,0,0,0,1,0,0,0,0,0,0,0,0,0,0,0
3071341200023100092,99,0,0,0,0,0,0,0,0,1,24,1,12,1,0,9,0,0,0,5,5,0,5,0,12,0,3,210,2,0,0,1,0,0,5,0,1,21,0,0,0,13,0,0,0,6,4,6,10,6,0,2,1,1,1,0,2,0,11,1,0,1,0,1,5,0,0,0,4,1,0,1,0,0,1,1,47,0,3,1,2,2,19,1,1,6,0,2,0,0,25,6,1,0,3,3,0,0,0,0,209,54,6,0,1,1,0,3,2,0,0,0,0,0,1,0,3,8,3,0,1,4,6,0,3,1,1,0,7,0,0,1,0,0,0,0,1,0,1,0,1,0,1,0,1,0,2,0,0,1,0,0,0,0,0,0,1,0,0,0,4,0,0,1,0,0,0,0,0,0,0,0,0,0,0,0,0,0,0,0
3071341200023100093,105,2,0,1,3,0,4,0,0,5,29,1,15,0,0,0,0,1,0,2,3,0,4,2,0,0,0,18,2,0,0,4,0,1,8,0,0,11,2,0,2,14,0,0,2,6,2,9,18,9,0,0,0,0,1,1,1,0,18,1,1,0,0,0,4,0,0,0,1,2,2,0,0,0,1,1,37,0,3,0,0,1,17,0,0,0,0,1,4,2,25,3,0,0,3,3,0,0,1,0,19,41,7,1,1,1,0,0,2,0,0,1,0,0,0,1,1,1,4,0,0,1,2,2,5,1,0,0,6,0,0,1,0,1,0,0,1,0,0,2,0,0,1,0,0,0,0,0,0,0,1,0,1,0,0,1,0,0,1,0,0,1,0,0,0,0,0,0,0,0,0,0,0,0,0,0,1,0,0,0
3071341200023100095,91,0,0,1,0,2,0,0,1,6,12,1,1,0,5,1,0,1,0,1,0,0,9,0,0,0,0,3,1,0,0,2,0,1,14,1,0,1,0,0,0,91,0,1,0,3,4,3,3,21,0,0,0,1,0,0,3,1,9,2,2,0,0,0,1,0,0,0,2,7,3,1,0,0,0,0,46,0,1,0,5,6,0,0,0,0,0,0,0,0,5,1,1,0,1,0,0,1,0,1,3,2,2,0,0,0,0,3,2,0,0,0,0,0,1,0,5,1,4,0,2,3,0,0,0,0,0,0,8,0,0,1,1,0,0,0,0,0,0,1,2,0,1,0,0,0,1,1,0,0,0,0,0,0,0,0,0,1,0,0,1,0,0,0,0,0,0,0,0,0,0,0,0,0,0,1,0,0,0,0
3071341200023100097,125,0,0,0,0,0,0,0,0,5,18,0,1,0,2,2,0,0,1,1,0,2,3,1,0,0,0,2,1,0,1,13,0,0,1,0,2,7,2,0,2,106,0,1,1,8,1,1,4,25,1,0,0,1,1,0,2,0,13,0,3,0,0,0,4,0,0,0,0,9,1,0,0,0,0,1,38,0,2,0,1,9,1,0,0,1,0,0,1,0,9,1,0,1,1,0,0,1,0,0,3,6,1,0,0,0,1,1,9,0,1,1,0,1,0,0,1,1,1,0,0,3,2,1,1,1,1,0,24,1,0,2,0,0,0,0,0,1,0,2,1,1,0,0,0,0,1,0,0,0,1,0,0,0,0,0,0,0,0,0,0,0,0,0,0,0,0,0,0,0,1,0,1,0,0,0,0,0,0,1
3071341200023100098,177,10,0,2,0,3,1,1,15,4,1,0,3,0,7,6,0,1,0,1,12,0,5,4,7,8,0,58,0,17,0,1,1,3,0,1,0,0,1,1,2,2,0,0,1,2,13,33,0,1,0,2,0,14,0,0,1,0,0,14,1,0,2,0,45,1,0,19,3,8,0,4,0,0,13,0,19,1,0,6,0,4,1,1,63,12,0,9,3,7,114,2,0,0,4,1,1,10,0,0,46,4,21,1,0,0,0,1,0,1,3,0,46,0,0,0,0,4,31,0,1,3,12,7,26,2,0,1,1,3,35,0,0,1,0,0,0,1,0,0,1,0,0,1,0,0,1,0,1,0,0,0,0,0,0,0,0,1,0,0,1,0,0,0,0,0,0,0,0,0,0,0,1,0,0,0,1,0,0,0
3071341200023100099,124,0,0,3,1,0,3,0,0,10,16,0,13,0,2,11,1,1,0,15,13,0,3,0,2,1,2,186,1,0,2,6,1,1,4,0,0,15,0,0,1,11,1,1,0,9,8,6,33,3,0,1,1,1,1,0,1,0,14,1,0,0,0,1,8,0,1,1,4,1,2,1,0,0,1,1,36,0,2,0,0,2,13,0,0,5,0,2,1,1,33,2,0,1,5,2,0,2,1,0,146,56,4,0,2,0,0,0,1,0,0,1,2,0,0,1,0,6,0,1,0,2,6,1,3,0,1,1,9,1,0,0,0,0,0,1,0,0,1,0,0,0,2,0,1,0,0,0,0,2,0,1,0,0,0,0,0,0,0,0,4,0,0,0,0,1,0,0,0,1,0,1,0,0,0,0,0,0,0,0
3071341200023100103,21,0,0,0,0,0,7,0,0,0,20,1,2,0,0,0,0,1,0,0,0,0,1,0,0,0,0,8,0,0,0,0,0,0,5,0,2,2,0,0,1,0,0,0,2,0,1,0,12,0,0,0,0,0,0,0,0,0,10,1,0,0,0,0,0,0,0,1,2,0,1,0,0,0,0,0,12,0,1,0,1,1,3,0,0,2,0,0,0,0,2,0,0,0,0,0,0,0,0,0,11,7,3,0,1,1,0,0,0,0,0,0,0,0,1,0,4,0,0,0,3,0,0,0,0,1,0,0,0,1,0,0,0,0,0,1,0,0,0,0,0,0,0,0,0,0,0,0,0,0,0,1,0,0,0,0,0,0,0,0,0,0,0,0,0,0,0,0,0,0,0,0,0,0,0,0,0,0,0,0
3071341200023100108,17,0,0,1,0,0,1,0,0,1,3,0,0,0,0,3,1,0,0,3,1,0,1,0,1,0,0,32,0,0,0,0,0,0,0,1,0,2,1,0,0,2,0,0,0,0,1,5,2,2,0,0,0,0,0,0,0,0,3,2,2,0,0,0,2,0,0,0,2,0,0,1,0,0,0,0,10,0,0,0,0,0,5,0,0,1,0,0,1,0,13,0,0,0,2,1,0,0,0,0,42,3,0,0,0,0,0,0,0,0,0,0,0,0,0,1,0,2,1,0,0,0,0,0,1,0,0,0,0,0,0,0,0,0,0,0,0,1,2,0,0,0,1,0,0,0,0,0,0,0,0,0,0,0,0,0,0,0,0,0,0,0,0,0,0,1,0,0,0,0,0,2,0,0,0,0,0,0,0,0
3071341200023100109,71,2,0,0,0,0,0,0,2,2,0,1,0,0,1,11,2,0,1,1,14,0,6,1,6,1,0,40,0,1,0,3,5,0,2,0,0,2,1,0,1,1,1,0,1,2,2,10,1,2,0,2,0,1,0,0,1,0,0,0,1,0,1,0,11,0,0,0,6,5,1,2,0,0,0,0,0,0,0,0,1,0,0,0,5,7,0,1,0,0,12,1,0,0,1,2,7,1,0,0,34,5,7,0,0,0,0,5,1,0,7,0,0,0,1,0,0,4,4,0,0,3,0,2,4,1,0,0,0,0,0,0,0,0,0,0,0,0,1,0,0,0,0,0,2,0,0,0,0,1,0,0,0,0,1,0,0,0,0,0,0,0,0,0,0,0,0,0,1,0,0,0,0,0,0,0,0,0,0,0
3071341200023100112,70,1,0,1,0,3,2,0,1,1,3,0,3,1,0,21,0,0,0,0,12,0,9,1,9,0,0,45,0,1,1,3,0,0,1,0,1,0,2,0,1,2,0,0,3,1,4,11,0,0,0,1,0,0,0,0,0,0,1,1,1,0,0,0,7,0,2,0,6,3,0,0,0,0,2,0,1,0,2,0,0,2,3,0,1,16,0,2,1,0,7,1,0,0,1,0,3,1,1,0,16,2,3,1,1,0,1,0,0,0,8,0,0,0,0,0,0,1,6,0,0,2,0,0,7,0,0,4,2,2,0,2,0,0,0,0,2,0,0,0,0,0,2,0,0,0,0,1,0,0,0,0,0,0,0,0,1,0,0,0,0,0,0,1,0,2,2,0,0,0,0,0,0,0,0,0,0,0,0,1
3071341200023100113,20,0,0,0,0,0,1,0,0,0,0,0,0,0,0,0,0,0,1,6,2,0,0,0,4,0,0,46,0,0,0,0,0,0,0,0,0,1,0,0,0,1,0,0,0,0,1,0,1,0,0,0,0,0,0,1,0,0,0,2,0,0,0,0,2,0,0,0,3,0,0,0,0,0,0,0,6,0,1,0,0,0,0,0,0,2,0,0,0,0,7,0,0,1,1,0,0,0,0,0,55,1,1,0,0,0,0,0,0,0,0,0,0,0,0,0,0,10,1,0,0,0,0,0,0,0,1,0,0,0,0,0,0,0,1,0,0,0,0,0,0,0,0,0,0,0,0,0,0,0,0,0,0,0,0,0,0,0,0,0,0,0,0,0,0,0,0,0,0,0,0,0,0,0,0,0,1,0,0,0
3071341200023100116,74,0,0,0,0,0,0,0,0,6,10,0,2,8,0,1,0,1,0,1,2,1,2,2,1,0,0,14,0,0,1,0,1,0,5,6,0,0,0,0,1,0,0,1,7,1,2,28,0,2,0,2,0,0,1,1,1,0,0,3,16,0,1,0,5,1,0,0,0,6,0,0,0,0,2,0,3,0,0,0,0,1,0,0,0,23,0,0,1,0,26,2,0,1,2,0,0,2,0,0,9,0,12,0,0,0,0,4,1,0,1,0,0,0,0,0,0,3,19,0,0,1,5,0,7,1,0,0,0,3,0,0,0,0,0,0,0,0,0,1,0,0,0,0,0,0,0,0,0,1,0,1,0,0,0,0,0,0,0,0,0,1,0,0,0,0,0,0,0,0,1,0,0,0,1,0,0,0,0,0
3071341200023100119,184,33,1,3,0,2,9,0,2,6,58,3,3,40,0,5,0,0,0,4,2,0,14,7,6,1,1,50,0,1,1,1,8,0,6,16,0,3,1,3,4,3,0,0,4,4,12,72,1,2,1,6,1,2,3,0,6,0,5,15,43,1,0,0,18,1,0,0,2,9,2,1,0,0,1,1,6,2,0,0,0,3,2,0,0,35,0,2,3,2,61,5,1,1,25,2,0,1,0,0,80,5,34,3,1,0,0,27,1,0,0,2,0,0,2,0,0,9,67,1,0,1,11,1,14,6,3,1,1,1,1,1,1,0,0,0,2,0,0,1,0,0,0,0,0,0,0,0,0,0,1,0,0,0,0,0,0,0,0,1,1,0,1,1,0,1,0,0,0,0,0,0,0,0,0,2,0,1,0,1
3071341200023100124,54,3,0,3,0,0,3,1,3,3,0,1,1,2,0,13,0,1,1,14,9,0,5,1,5,1,1,179,1,0,1,0,3,0,3,0,0,6,1,0,1,1,0,0,1,3,11,25,0,1,0,0,0,0,0,1,0,0,0,7,6,1,1,0,4,0,0,0,15,6,0,0,0,1,2,0,4,0,0,4,0,2,1,1,0,12,0,1,0,0,24,1,0,0,6,2,0,0,0,0,177,1,0,0,1,1,0,1,0,0,0,0,0,1,0,0,2,13,29,0,0,0,1,1,4,1,3,0,1,1,0,0,0,0,2,0,0,0,1,0,1,0,0,0,0,0,0,1,0,1,0,0,1,0,0,0,0,0,0,0,3,0,0,2,0,0,0,1,0,1,0,0,0,0,1,0,1,0,0,0
3071341200023100127,8,1,0,1,0,0,0,0,0,0,0,0,0,0,0,0,0,0,1,1,0,0,0,1,1,0,0,23,0,0,0,0,0,0,0,0,0,0,1,0,0,1,0,0,0,0,1,4,0,0,0,0,0,0,0,0,0,0,0,1,0,0,0,0,0,0,0,0,1,1,0,0,0,0,0,0,0,0,0,0,0,1,0,0,0,1,0,0,0,0,0,0,0,0,2,0,0,0,0,0,19,0,0,0,0,0,0,0,1,0,0,0,0,0,0,0,0,2,2,0,0,0,0,0,2,0,0,2,2,0,0,0,0,0,0,0,0,0,1,0,0,0,0,0,0,0,0,0,0,0,0,0,0,0,0,0,0,0,0,0,0,0,0,0,0,0,0,0,0,0,0,0,0,0,0,0,0,0,0,0
3071341200023100129,31,1,1,0,0,0,0,0,0,2,0,0,1,0,0,2,1,0,0,7,0,0,1,0,2,1,1,53,0,0,0,1,1,0,1,0,0,3,0,0,0,0,0,0,0,0,5,12,0,0,0,0,0,0,0,1,0,0,0,0,0,0,0,0,1,0,0,0,2,0,0,0,0,0,0,1,1,0,0,1,0,0,1,1,0,5,0,0,0,0,7,0,1,0,6,1,0,0,0,0,67,0,0,0,1,0,0,0,0,0,0,0,0,0,0,0,0,4,1,0,0,0,1,0,1,0,0,0,0,0,0,0,0,0,0,0,0,0,0,0,2,0,0,0,0,0,1,0,0,1,1,0,0,0,1,1,0,0,0,0,1,0,0,1,0,0,0,0,0,0,0,0,0,0,0,0,0,0,0,0
3071341200023100133,66,2,0,4,1,1,0,0,0,1,0,0,0,0,0,14,1,3,1,15,11,0,5,0,1,0,0,115,0,0,0,2,2,0,1,1,0,14,1,0,4,0,0,2,2,2,9,4,2,0,1,0,0,1,0,0,0,1,1,7,0,0,0,0,0,2,1,0,10,1,0,0,0,0,0,0,3,0,1,3,0,0,1,0,0,9,0,1,0,1,15,0,0,0,3,3,0,0,0,1,61,1,2,0,2,0,0,1,1,0,0,0,0,0,0,0,2,23,4,0,1,1,0,1,0,1,0,8,0,1,0,0,3,0,1,1,0,0,2,1,0,0,0,2,0,1,1,0,0,0,0,0,0,0,1,0,0,0,0,0,5,0,0,1,3,0,0,0,0,0,0,0,1,0,0,0,0,0,1,0
3071341200023100148,145,13,0,3,0,1,1,0,0,0,1,0,0,0,1,15,2,15,0,11,14,0,3,2,8,0,0,96,0,0,11,0,2,0,2,0,0,7,1,0,1,2,0,0,2,3,16,27,0,0,0,0,0,0,0,0,2,1,0,3,1,1,0,0,3,0,0,0,9,17,0,1,0,1,4,0,9,0,0,2,0,0,1,0,1,2,0,1,1,2,30,1,0,1,1,1,3,2,0,0,76,0,2,1,0,0,0,1,0,0,0,0,0,0,3,0,0,26,61,0,1,1,0,0,11,3,0,2,1,1,0,0,1,0,0,1,0,1,2,0,0,0,0,1,2,0,3,1,1,0,1,0,0,1,0,0,0,0,1,0,1,0,0,0,0,0,0,0,0,0,0,0,1,3,2,1,0,0,0,0
3071341200023100149,26,6,0,0,0,0,0,0,0,0,0,0,0,0,0,1,0,2,1,1,1,0,1,2,1,0,1,13,0,0,0,0,0,0,1,0,0,0,0,0,0,0,0,0,0,1,0,4,0,1,0,0,0,0,0,0,0,0,0,0,0,0,0,0,0,0,0,0,0,5,0,0,0,0,0,0,0,0,0,1,0,0,0,0,0,0,0,0,0,0,0,0,0,0,0,0,0,1,0,0,7,0,0,0,0,0,0,0,0,0,0,0,1,0,0,0,0,1,10,0,0,0,0,0,0,0,0,1,0,0,0,1,0,0,0,0,0,0,0,1,0,0,0,0,0,0,0,0,0,0,1,0,0,0,0,0,0,0,0,0,0,0,0,0,0,0,0,0,0,0,0,0,0,0,0,0,0,0,0,0
3071341200023100151,99,9,0,4,0,0,6,0,1,0,0,0,1,0,1,4,0,1,0,9,7,0,2,4,1,2,0,65,0,0,1,3,1,0,4,3,1,5,2,0,2,0,0,1,3,1,11,23,0,0,0,0,0,1,0,1,0,0,3,4,0,0,0,0,4,5,0,0,4,3,0,0,0,0,1,0,3,0,0,5,0,0,1,1,0,6,0,0,1,3,53,0,0,0,10,0,1,1,0,0,65,1,2,0,1,0,0,0,0,0,0,0,0,0,0,0,0,23,12,0,0,1,0,0,5,8,0,0,1,0,0,0,0,0,0,0,0,0,0,0,0,0,1,0,0,0,1,0,1,1,0,0,0,1,0,1,0,0,0,0,0,0,0,0,0,0,1,0,0,1,0,0,0,0,0,0,0,0,0,1
3071341200023100155,58,5,0,1,1,2,3,0,0,0,0,0,1,1,0,8,1,0,0,5,6,0,1,0,6,0,0,31,0,0,0,0,1,0,2,0,0,0,0,0,1,0,0,0,0,0,7,22,0,1,0,0,0,0,0,0,0,0,3,1,1,0,0,0,2,2,0,0,4,4,2,0,0,0,1,0,1,0,0,1,0,0,0,1,0,1,0,0,0,0,5,0,0,0,5,1,2,0,1,1,34,0,1,0,0,0,0,1,1,0,0,0,0,0,1,0,0,14,18,0,1,0,0,0,4,1,0,0,1,0,0,0,1,0,0,0,0,0,1,1,0,0,0,0,0,0,0,0,0,1,0,0,0,0,0,0,0,1,0,0,1,0,0,0,0,0,1,0,0,0,0,0,0,0,0,0,1,0,0,0
3071341200023200017,7,0,0,0,0,0,0,0,0,0,0,0,0,0,0,0,0,0,0,0,0,0,0,0,0,0,0,0,0,0,0,3,0,0,11,0,0,0,0,0,0,1,0,0,4,0,4,0,0,2,0,0,0,0,0,0,1,0,0,0,0,0,0,1,1,0,0,0,0,0,0,0,0,0,0,0,0,0,0,0,0,0,1,1,0,0,0,0,0,0,0,0,0,0,3,3,0,1,0,0,0,0,0,0,0,0,0,0,0,0,0,0,0,0,0,0,0,1,2,0,0,0,0,0,2,0,1,0,0,0,0,0,0,0,0,0,0,0,0,0,0,0,0,0,0,0,1,0,0,0,1,0,0,0,0,0,0,0,0,0,0,0,0,0,0,0,0,0,0,0,0,0,0,0,0,0,1,0,0,0
3071341200023200019,319,3,0,6,1,0,0,0,11,12,6,0,0,0,2,1,0,0,0,0,2,0,3,2,0,0,0,26,0,1,1,6,3,15,4,0,2,0,0,0,2,3,0,0,0,2,14,4,0,3,1,0,1,0,0,12,2,0,4,0,0,0,0,0,4,2,0,1,0,1,0,2,0,0,243,0,9,1,1,1,0,1,1,0,0,6,0,8,0,0,12,3,0,0,0,4,0,2,0,0,25,2,9,1,3,0,0,1,0,0,1,0,2,0,0,0,1,4,3,0,0,1,0,8,6,0,0,0,1,4,9,0,0,0,0,0,1,0,0,1,1,0,0,1,1,0,0,1,0,0,0,0,0,0,0,0,0,0,0,0,0,2,0,0,0,0,0,1,0,0,0,1,0,0,1,0,0,0,0,0
3071341200023200021,73,0,0,0,0,1,4,0,0,2,2,0,1,0,0,0,2,1,0,0,0,0,0,1,0,9,0,1,0,2,2,5,0,1,1,0,0,1,0,1,14,0,0,3,0,6,6,0,1,1,0,2,0,1,1,2,1,0,37,20,0,0,0,0,1,4,0,0,0,1,0,0,0,0,0,1,3,0,0,0,5,0,1,39,0,11,0,0,0,0,7,15,0,3,4,2,2,0,0,1,2,0,1,0,0,0,0,0,1,0,3,0,1,1,1,0,0,1,2,0,0,0,4,1,4,1,4,1,0,0,0,0,0,0,0,0,0,0,0,0,0,0,0,0,0,0,0,0,0,0,0,0,0,0,0,0,0,0,0,0,1,0,1,0,0,0,0,1,0,0,0,0,0,1,0,0,0,0,0,0
3071341200023200024,102,1,0,1,0,0,1,0,2,8,2,0,0,1,1,1,0,1,0,0,0,1,9,2,0,0,0,37,0,0,0,30,4,0,151,0,0,2,3,0,1,3,0,1,55,1,72,0,1,3,0,1,0,0,0,2,3,0,2,1,0,0,0,0,0,1,0,1,1,0,0,1,1,0,2,1,4,0,2,0,1,12,1,0,0,12,0,0,0,2,33,1,0,2,6,26,9,2,0,1,15,0,2,0,0,0,0,2,2,0,0,0,2,0,1,0,0,0,5,2,12,1,3,2,18,1,10,0,2,3,0,1,0,0,0,0,1,0,0,1,1,0,0,2,0,2,1,1,1,2,0,0,0,0,0,0,0,1,0,1,1,0,0,0,0,0,0,1,0,0,0,1,0,0,0,1,0,0,0,1
3071341200023200027,86,0,0,0,0,0,1,0,2,1,0,1,0,0,0,0,0,0,0,1,0,0,21,2,0,0,1,48,0,1,2,9,1,2,30,0,1,3,0,0,0,0,0,0,25,1,17,2,1,4,0,4,0,0,0,2,1,0,2,18,0,0,0,0,3,0,0,0,1,0,2,1,1,0,21,0,5,0,1,0,0,1,1,1,0,24,0,1,1,0,4,8,0,1,12,21,0,1,0,0,26,1,6,7,0,0,1,1,1,0,0,0,3,0,0,0,0,2,2,0,5,0,5,1,24,0,3,0,3,1,0,3,0,0,0,0,2,0,0,1,0,0,0,1,1,0,1,0,0,0,0,0,0,0,0,0,0,1,0,0,0,3,0,1,0,0,0,0,0,0,0,0,0,0,2,0,1,0,0,1
3071341200023200029,87,0,0,2,0,2,1,0,0,3,0,0,1,0,7,1,0,1,0,1,0,1,1,0,0,2,0,32,1,0,2,11,5,0,29,0,0,0,0,0,2,35,0,0,14,0,29,0,0,38,1,0,0,0,0,3,0,0,0,1,0,0,0,0,0,2,0,0,0,2,4,0,0,0,0,3,32,0,2,0,0,9,0,0,0,8,0,0,0,0,12,1,0,0,8,20,4,2,0,4,14,0,0,1,0,0,0,0,1,0,0,0,1,0,2,0,0,4,4,0,8,2,3,1,11,0,8,0,3,1,0,3,0,0,0,0,0,0,0,1,1,0,1,2,1,0,0,0,0,1,0,1,0,0,0,0,0,0,0,1,0,2,0,0,2,0,0,0,0,0,0,0,0,1,0,0,0,0,0,0
3071341200023200033,120,8,0,0,0,6,1,0,1,1,0,0,1,0,0,16,0,1,0,0,12,0,13,0,20,1,0,12,0,1,1,1,2,0,4,0,0,2,1,0,4,3,0,1,1,2,21,97,0,0,0,6,0,0,0,0,2,0,0,15,2,0,0,0,1,4,0,0,7,6,0,1,0,0,0,0,6,0,0,6,1,2,1,0,0,26,0,0,2,0,14,2,2,0,6,5,0,2,0,0,45,3,2,4,0,0,1,2,0,0,10,0,0,0,1,0,0,3,17,0,5,0,2,1,13,0,0,0,1,1,0,10,0,0,0,0,0,0,1,0,1,0,0,0,0,0,0,0,1,0,0,1,0,0,0,0,0,0,0,0,0,1,0,1,0,0,1,0,0,0,0,0,0,0,0,1,1,1,0,0
3071341200023200035,153,1,0,4,1,5,10,0,1,4,4,0,1,0,8,1,2,1,1,0,0,1,1,3,0,12,0,7,0,2,4,0,0,0,12,0,1,0,0,0,14,37,0,1,0,15,9,0,2,40,0,0,1,0,0,3,0,0,16,19,0,1,0,0,1,2,1,0,0,5,1,0,1,0,0,1,17,0,5,0,1,2,0,32,0,10,0,0,0,0,23,27,0,1,4,2,1,0,0,6,1,0,3,0,2,1,0,1,3,0,0,0,0,0,0,1,0,3,3,0,2,3,4,1,4,0,3,1,9,1,0,7,0,0,0,0,0,0,0,0,0,0,0,0,0,0,0,0,0,1,0,0,0,1,1,0,0,0,0,0,0,2,0,0,0,0,0,0,0,0,0,0,0,2,0,0,0,2,2,1
3071341200023200036,69,1,0,1,0,0,17,0,0,0,1,2,0,0,0,0,3,2,0,0,0,0,6,0,1,18,0,3,1,2,12,0,0,0,0,0,0,0,0,1,21,0,0,0,0,5,6,0,0,1,0,1,0,0,1,1,0,0,8,5,0,0,0,0,1,2,0,0,0,0,2,0,0,0,0,0,5,0,1,0,1,0,2,11,0,8,1,0,2,0,12,31,0,2,2,0,4,2,0,0,3,0,0,1,0,0,0,2,0,1,0,0,0,0,0,0,0,2,0,0,0,0,3,2,6,0,4,0,0,0,0,1,0,0,0,0,0,0,0,0,0,0,0,0,0,0,0,0,0,0,0,0,0,0,1,0,0,0,0,0,0,0,0,0,0,0,0,0,0,0,0,0,0,0,1,0,0,0,0,0
3071341200023200039,84,0,0,0,0,0,4,0,1,1,6,2,4,0,0,0,0,2,0,1,0,1,3,0,0,5,0,5,0,0,2,1,0,0,4,0,0,7,0,2,2,6,0,0,1,3,1,3,0,7,0,0,0,0,0,0,2,0,7,5,2,0,0,0,4,0,0,0,0,1,1,0,0,0,0,1,23,0,2,1,3,2,5,17,2,2,0,0,1,0,11,13,0,2,2,1,2,0,0,0,4,6,2,0,0,0,0,1,0,0,2,0,0,0,0,0,0,0,0,0,2,1,2,0,3,1,5,0,4,2,0,0,0,0,0,0,0,0,1,0,0,0,0,0,0,0,0,0,0,1,0,0,0,0,0,0,0,0,0,1,0,1,1,1,0,0,0,0,0,0,0,1,0,0,0,1,0,0,0,0
3071341200023200041,45,0,0,0,0,8,1,0,0,2,7,1,1,1,11,0,0,0,0,0,0,0,3,0,0,0,0,2,2,0,2,4,1,0,27,0,0,0,0,0,0,73,0,1,2,2,0,1,0,82,0,0,0,2,0,2,0,0,15,0,1,1,0,0,2,1,0,0,0,5,1,1,0,0,0,0,34,0,1,0,1,3,2,1,0,0,0,0,0,0,6,1,0,1,2,0,0,0,0,3,1,0,1,0,1,0,1,0,5,0,0,0,0,1,0,0,1,0,3,0,2,6,0,0,1,1,1,0,2,2,0,5,0,0,0,0,0,1,0,0,0,1,0,1,0,0,0,0,0,0,0,1,0,0,0,1,0,1,0,0,0,1,0,0,0,0,0,1,0,0,0,0,0,0,0,0,0,0,1,0
3071341200023200044,15,0,0,1,0,0,0,0,0,2,1,1,0,0,0,0,0,0,0,0,0,0,0,0,0,0,0,2,0,0,0,2,0,0,1,0,0,0,0,0,1,10,0,0,0,2,0,2,0,15,0,0,0,0,0,1,0,0,1,0,0,0,0,0,0,0,0,0,0,0,0,0,0,0,0,0,8,0,0,0,0,0,2,0,0,0,0,0,1,0,6,0,0,0,1,0,0,0,0,0,1,1,1,0,0,1,0,1,0,0,0,0,1,0,0,0,0,1,0,0,0,0,0,0,0,0,0,0,4,1,0,2,0,0,0,0,0,0,0,0,0,0,0,0,0,0,0,0,0,0,0,0,0,0,0,0,0,0,0,0,0,0,0,0,0,0,0,1,0,0,0,0,0,0,0,0,0,0,0,0
3071341200023200045,43,0,1,0,0,0,0,0,0,0,13,0,7,0,0,0,1,1,0,1,0,0,3,1,0,1,0,1,0,0,0,2,0,0,5,0,0,1,0,0,0,35,0,0,0,2,1,1,4,15,0,0,0,1,0,0,0,0,3,1,1,0,0,0,0,0,0,0,0,1,0,1,0,0,1,0,19,0,0,0,1,1,0,0,0,1,0,0,0,0,2,0,0,0,1,1,0,1,0,0,1,4,1,0,0,0,0,0,3,0,0,0,0,0,0,0,0,1,0,0,0,1,2,0,0,1,0,0,17,0,0,0,0,0,0,0,0,0,0,1,0,0,0,0,0,0,0,0,0,0,0,0,0,0,0,0,0,0,0,0,2,0,0,1,0,0,0,0,0,0,0,0,0,0,0,0,0,0,0,0
3071341200023200048,79,0,0,1,0,3,2,0,1,5,5,1,5,0,7,0,0,0,1,0,0,0,7,0,1,1,0,1,0,0,1,5,0,0,30,0,0,0,0,0,0,127,1,1,1,4,1,3,0,62,0,0,0,2,1,0,0,0,4,0,1,0,0,0,3,0,0,0,1,8,3,1,0,2,0,1,25,0,1,0,0,4,2,0,0,1,0,1,0,1,14,1,0,0,2,17,0,0,0,9,2,1,0,1,0,0,0,1,2,0,0,0,1,0,1,0,1,2,4,0,1,3,0,0,5,0,0,0,1,4,1,2,0,0,1,0,0,0,0,0,0,0,2,1,0,0,1,1,0,0,0,0,0,0,0,0,0,0,0,2,0,1,0,1,0,0,2,0,0,0,0,0,1,2,0,0,0,0,0,0
3071341200023200051,81,1,0,0,0,0,1,0,0,4,8,0,6,0,0,0,0,0,0,0,0,0,5,0,0,0,0,1,0,0,0,6,0,0,5,0,0,12,0,0,0,52,0,0,0,9,0,1,8,10,0,1,0,0,0,0,1,0,8,2,0,0,0,0,1,0,0,0,1,5,0,0,0,2,0,1,40,0,2,0,1,4,1,0,0,0,1,0,0,0,16,1,0,0,0,0,1,0,0,1,0,14,3,0,0,0,0,2,7,0,0,1,0,0,0,0,0,0,5,0,0,1,0,0,2,0,0,0,30,0,0,0,0,0,0,0,0,0,0,2,1,0,0,0,0,0,0,0,0,0,0,0,0,0,0,0,0,0,0,1,0,0,0,0,0,0,0,0,1,0,0,0,0,0,0,1,0,1,0,0
3071341200023200052,49,0,0,0,1,1,9,0,0,4,15,1,8,0,1,1,1,0,0,1,0,0,5,0,1,0,0,5,0,0,0,2,1,0,15,2,0,0,0,0,1,18,0,3,5,1,8,5,12,22,0,0,0,0,1,0,2,0,9,0,1,0,0,0,21,1,1,0,0,7,0,0,0,0,1,3,20,0,2,0,7,2,4,1,0,6,0,1,0,0,16,5,0,1,2,4,0,0,0,0,4,29,6,1,0,0,0,14,1,0,0,5,0,3,2,0,4,3,3,0,1,0,1,0,15,0,0,2,0,1,0,0,0,0,0,0,0,0,1,1,0,1,1,0,0,0,0,0,1,0,0,0,0,0,0,0,0,0,0,0,0,0,0,0,0,0,0,0,0,1,0,0,1,0,0,0,0,0,0,0
3071341200023200054,89,2,0,0,0,1,1,0,1,4,2,0,0,1,0,8,0,0,0,1,2,0,9,0,6,0,0,18,0,0,1,0,4,0,2,1,0,0,1,0,0,0,0,0,0,2,5,56,1,0,0,3,0,0,0,0,2,0,0,7,0,0,1,0,4,1,0,0,8,4,1,0,0,0,0,0,1,0,0,4,0,2,0,0,0,10,0,0,0,2,22,0,0,1,4,2,0,0,0,0,17,0,3,4,0,0,1,0,0,0,2,0,0,0,1,0,0,2,6,0,2,0,1,0,6,0,0,0,0,0,0,10,0,0,0,0,0,0,0,0,0,1,0,0,0,0,0,0,0,0,0,0,0,0,0,0,0,0,0,0,0,0,0,0,0,0,0,0,0,0,0,0,0,0,0,0,0,0,0,0
3071341200023200057,38,7,0,4,1,15,1,0,0,3,1,0,0,0,0,1,0,1,0,0,0,0,2,0,7,0,1,35,0,0,0,0,1,0,2,0,0,0,0,0,1,1,0,0,0,0,17,53,1,3,1,0,1,0,0,0,1,0,0,1,0,1,0,0,0,0,0,0,1,18,1,2,0,0,2,0,4,0,1,0,1,8,0,2,1,45,0,0,0,0,1,1,1,0,1,7,3,0,2,0,56,0,3,0,2,0,1,0,0,0,0,0,1,0,2,0,0,1,70,0,1,0,0,1,6,0,0,1,8,0,1,0,0,0,0,0,0,0,0,1,1,0,0,1,0,0,0,0,0,0,0,0,0,0,0,0,0,0,0,0,0,1,0,1,0,0,1,0,0,0,0,0,0,1,0,1,0,0,0,1
3071341200023200058,147,0,0,0,0,0,1,0,1,6,37,1,5,0,2,0,1,1,1,1,1,0,11,0,0,1,0,1,2,0,2,12,1,0,16,0,0,7,0,0,1,120,0,0,1,7,1,3,12,45,0,1,0,1,0,0,1,0,7,1,2,0,1,0,1,0,0,0,3,4,2,0,0,1,1,0,65,0,1,0,6,9,4,2,0,1,0,0,3,0,9,0,1,3,1,0,0,0,1,3,2,24,1,0,0,0,0,0,4,0,0,1,1,1,0,0,0,1,8,0,1,4,4,0,0,2,0,0,29,4,0,0,0,0,0,0,1,0,0,0,0,0,1,1,0,0,0,0,0,0,0,0,0,0,1,0,0,0,2,1,0,0,0,0,0,0,0,0,0,0,0,0,0,0,0,0,0,0,0,0
3071341200023200060,118,0,0,1,0,0,0,0,0,1,5,0,1,0,3,0,0,0,0,1,2,0,10,0,0,2,0,3,0,2,0,13,0,0,21,1,0,6,0,0,0,60,0,0,1,6,6,3,13,30,0,0,0,1,0,0,0,1,4,0,6,0,0,0,4,1,0,0,0,6,1,1,0,1,0,1,43,0,1,0,2,9,0,1,0,2,0,0,0,1,10,3,2,1,0,0,0,1,0,0,1,9,0,0,1,0,0,1,7,0,0,0,1,0,1,0,1,0,2,0,0,1,1,0,0,0,0,0,23,3,0,0,0,0,0,0,0,0,0,0,0,0,0,0,0,0,0,0,0,0,0,0,0,0,0,0,0,0,2,0,0,0,1,0,0,0,0,0,0,0,0,0,0,0,1,0,0,0,0,0
3071341200023200062,18,2,0,0,0,2,0,0,0,0,0,0,0,0,0,1,0,0,0,0,0,0,1,0,0,0,0,9,0,0,0,0,1,0,0,0,0,0,0,0,1,1,0,0,0,0,2,45,0,1,0,0,0,0,0,0,0,0,0,1,0,0,0,0,0,0,0,0,0,4,0,0,0,0,0,0,1,0,0,0,1,2,0,2,0,2,0,0,0,0,2,0,0,0,0,4,0,0,0,0,11,0,0,0,0,0,1,0,0,1,0,0,0,0,0,0,0,2,10,0,0,0,0,0,2,0,0,0,0,0,0,0,0,0,0,0,1,0,0,0,0,0,0,0,0,0,0,0,0,0,0,0,0,0,0,0,0,1,0,0,0,0,0,0,0,0,0,0,0,0,0,0,0,0,0,0,0,0,0,0
3071341200023200063,73,0,0,3,4,23,3,1,0,4,13,1,1,0,17,1,0,4,1,1,0,1,8,1,0,0,0,7,0,0,2,8,1,0,10,0,1,5,1,0,2,159,1,0,0,7,12,1,1,99,1,0,0,0,1,2,1,0,3,2,7,0,0,0,0,1,0,1,1,14,15,0,0,4,0,0,111,0,1,0,0,13,0,1,0,2,0,0,2,0,9,0,1,1,3,0,1,1,0,6,3,5,4,0,0,1,0,0,7,0,0,1,2,1,1,0,9,7,5,0,5,27,0,0,4,0,2,0,23,4,0,7,0,0,1,1,0,0,1,4,0,0,2,0,0,0,0,0,0,1,0,1,0,0,0,0,0,2,0,0,0,1,0,3,1,0,0,0,1,0,0,1,0,0,0,0,0,0,0,0
3071341200023200064,86,0,0,1,0,1,0,0,0,1,10,0,1,0,1,1,0,0,1,0,0,1,4,1,0,0,0,0,0,0,0,3,0,0,7,0,1,1,0,0,1,71,0,0,0,2,3,0,4,10,0,0,0,1,0,0,3,0,2,0,2,0,1,0,3,1,1,0,0,7,1,0,1,0,0,1,19,0,0,0,2,3,0,0,0,1,0,0,0,0,5,0,0,1,0,0,0,0,0,0,0,0,0,0,0,0,0,0,1,0,0,0,0,0,1,0,1,1,0,0,0,1,0,0,0,1,0,0,17,4,0,0,0,0,0,0,0,0,0,1,0,0,0,0,0,1,1,0,0,1,0,0,1,0,1,0,0,0,0,0,0,0,0,0,1,0,0,0,0,0,0,1,0,0,0,0,0,0,1,0
3071341200023200065,5,0,0,0,0,0,0,0,0,0,0,0,0,0,0,0,0,0,0,0,0,1,0,0,0,0,0,1,1,0,1,0,0,0,0,0,0,0,0,0,0,0,0,0,0,0,0,1,0,0,0,0,0,0,0,0,0,0,0,0,0,0,0,0,0,0,0,0,1,1,0,0,0,0,1,0,0,0,0,0,0,0,0,0,0,2,0,0,0,0,0,0,0,0,1,2,0,0,0,0,9,0,0,0,0,0,0,0,0,0,0,0,0,1,0,0,0,1,4,0,0,0,1,0,1,0,0,0,1,0,0,0,0,0,0,0,0,0,0,0,0,0,0,0,0,0,0,0,0,0,0,0,0,0,0,0,0,0,0,0,0,0,0,0,0,0,0,0,0,0,0,0,0,0,0,0,0,0,0,0
3071341200023200066,242,4,0,3,1,6,2,0,10,1,5,2,3,1,7,4,0,3,1,3,5,1,3,4,3,1,0,27,0,5,0,3,1,10,5,0,2,1,0,0,2,35,0,0,3,1,16,19,2,37,0,1,0,3,0,1,5,0,4,15,2,0,2,1,16,3,0,3,4,9,4,0,0,1,70,1,25,1,1,0,0,3,4,2,18,9,0,6,0,2,31,2,0,2,6,1,1,5,2,3,34,3,5,1,2,0,0,0,1,1,0,1,8,1,2,0,1,11,5,0,5,5,5,4,13,0,0,4,9,1,17,5,0,0,0,0,0,1,0,1,0,0,0,2,0,1,0,1,3,0,0,0,1,0,0,1,0,0,0,0,0,1,0,0,1,0,0,0,0,0,0,0,0,0,0,0,0,0,1,0
3071341200023200068,73,0,0,0,0,1,2,0,0,2,18,1,7,0,0,1,0,1,1,0,0,0,4,0,0,0,0,2,0,2,0,4,0,0,1,0,0,6,0,0,0,52,0,0,1,5,0,1,12,9,1,0,0,0,0,0,0,0,4,0,2,0,0,0,1,0,0,0,1,2,0,0,0,0,0,0,31,0,0,0,0,2,6,0,0,1,0,0,1,0,10,0,0,0,3,0,0,0,0,1,1,33,3,0,0,0,0,0,6,0,0,1,0,0,1,0,0,2,0,0,0,1,0,0,0,0,0,0,10,1,0,1,0,0,0,0,0,0,0,1,0,0,0,1,0,0,0,0,0,0,0,0,0,0,0,0,0,0,0,0,0,0,1,0,0,0,0,0,0,0,0,0,0,0,0,0,0,0,0,0
3071341200023200072,173,1,0,1,0,0,4,0,0,12,26,1,10,0,0,0,2,2,0,1,0,0,6,0,0,0,0,3,1,0,0,13,0,1,3,0,1,11,1,0,2,84,0,1,1,13,9,1,16,27,0,0,0,1,0,0,3,0,22,2,1,0,0,0,6,0,1,0,0,1,1,0,0,0,1,0,54,0,3,0,0,9,10,0,0,3,0,0,3,1,10,4,1,0,5,1,0,4,1,1,1,30,3,0,0,0,1,0,6,1,0,0,1,0,2,1,1,2,3,0,1,3,2,1,3,0,1,0,32,1,0,7,0,0,0,0,0,0,0,1,2,0,1,0,0,1,0,1,0,1,0,2,0,0,0,0,0,0,0,0,0,0,0,0,0,0,0,0,0,0,0,0,0,0,0,0,0,0,0,1
3071341200023200078,123,0,0,1,1,1,17,1,0,1,17,0,4,1,2,37,0,1,0,1,14,1,5,1,5,0,0,53,0,1,2,2,1,1,17,0,0,4,1,0,2,10,0,0,3,2,10,5,13,5,0,3,1,1,0,0,0,0,18,2,1,0,0,0,15,1,0,0,3,4,1,1,0,0,2,1,30,1,4,1,1,4,17,0,0,8,1,4,0,0,17,0,0,0,7,0,2,0,2,1,38,17,11,0,1,0,1,1,4,3,13,0,2,0,0,0,1,0,5,0,0,2,0,1,13,2,1,1,5,0,0,4,0,0,0,0,0,0,0,1,1,1,1,0,0,0,0,0,0,0,0,0,0,0,0,0,0,0,0,0,1,0,0,0,0,0,0,0,0,0,0,1,0,0,0,0,0,0,0,1
3071341200023200079,53,2,0,2,0,0,1,0,1,0,0,0,0,1,0,14,0,0,0,1,15,0,8,0,6,0,0,28,0,1,1,1,0,0,1,0,0,0,0,0,3,7,0,0,2,2,1,4,1,3,0,1,0,1,1,0,0,0,3,2,0,0,0,0,8,1,0,1,6,2,0,0,0,0,5,0,1,0,0,1,1,1,1,0,6,6,1,4,2,1,8,2,0,1,1,1,5,1,2,0,15,4,3,0,0,0,0,1,2,0,5,0,1,0,0,0,0,1,8,0,0,2,0,0,2,0,0,2,0,1,2,0,0,0,0,0,0,0,0,0,1,0,0,0,1,0,0,0,0,0,1,0,0,0,0,0,0,0,0,0,0,0,0,1,1,0,0,0,0,0,0,0,0,0,1,0,0,0,0,0
3071341200023200082,157,1,0,0,0,0,7,0,0,0,46,2,13,0,1,2,0,0,0,0,0,0,3,1,0,2,0,7,0,0,0,5,0,0,16,1,1,10,0,0,8,26,0,0,2,3,7,11,13,6,0,2,0,1,1,0,1,0,18,2,0,0,0,0,18,2,0,0,1,6,0,2,0,0,0,0,35,1,2,0,5,2,11,0,0,6,0,0,1,0,8,3,0,0,9,0,0,0,0,1,6,17,13,1,2,0,0,1,0,0,2,0,0,0,5,0,1,1,2,0,1,2,6,1,13,1,0,0,4,4,0,8,0,1,0,1,0,0,0,0,0,0,1,0,0,0,0,0,0,0,1,0,0,0,0,0,0,0,0,0,0,0,0,0,1,0,0,0,0,1,0,0,0,0,2,0,0,0,0,0
3071341200023200083,266,0,0,1,0,0,13,0,0,2,84,3,19,0,0,0,0,3,0,7,0,1,8,1,0,0,0,32,0,3,1,9,1,0,10,1,2,15,0,0,1,7,1,1,6,9,11,14,43,5,0,2,1,0,2,0,2,1,46,2,1,0,0,1,14,3,1,0,1,3,0,0,0,1,1,1,61,1,8,1,0,1,33,0,0,12,1,0,2,0,32,5,0,2,9,4,1,2,0,1,30,80,10,1,0,0,0,8,0,0,0,2,2,0,6,0,1,8,3,0,0,4,7,0,10,0,0,0,3,1,1,4,0,0,0,0,0,0,0,1,1,1,0,0,0,0,0,0,0,1,1,1,2,0,0,0,0,0,0,0,2,1,0,0,0,0,0,1,0,2,0,0,1,0,0,3,0,0,0,0
3071341200023200084,12,0,0,0,0,0,1,0,0,0,0,0,0,0,0,1,0,0,0,1,1,0,0,0,0,0,0,33,0,0,0,0,0,0,0,0,0,0,0,0,0,0,0,0,0,0,2,0,0,0,0,0,0,0,0,0,0,0,0,0,0,0,1,0,0,0,0,0,0,0,0,0,0,0,0,0,0,0,0,0,0,0,1,0,0,0,0,0,0,0,3,0,0,0,0,0,0,0,0,0,30,0,0,0,0,0,0,0,0,0,0,0,0,0,0,0,0,2,0,0,0,0,0,0,0,0,1,0,0,0,0,0,0,0,0,0,0,0,0,0,0,0,0,0,0,0,0,0,0,0,0,0,0,0,0,0,0,0,0,0,0,0,0,0,0,0,0,0,0,0,0,0,0,0,0,0,0,0,0,0
3071341200023200086,32,4,0,0,0,2,0,0,1,0,1,0,1,0,0,1,0,0,0,0,2,0,3,0,5,1,0,17,0,0,0,0,2,0,0,0,0,0,0,1,1,1,0,0,0,0,7,27,0,0,0,0,0,2,1,0,0,0,0,0,0,0,0,0,1,1,0,0,0,6,0,0,0,0,0,0,0,0,0,1,0,2,0,1,2,3,0,1,1,0,1,0,0,0,0,3,2,0,1,0,23,1,3,0,0,0,0,0,1,0,3,0,1,0,1,0,0,1,18,0,0,2,0,0,2,0,0,0,1,0,0,0,0,0,0,0,0,0,0,0,0,0,0,0,0,0,0,0,0,0,0,0,0,0,0,0,0,0,0,0,0,0,0,0,0,0,1,0,0,0,0,1,0,0,0,0,0,0,0,0
3071341200023200088,70,21,0,3,0,13,1,0,1,2,2,0,1,3,2,0,1,3,0,1,2,1,2,2,19,1,0,48,0,0,1,1,5,0,0,0,0,0,2,0,0,2,1,0,3,0,21,38,0,2,0,1,0,1,0,0,0,0,0,2,3,0,1,0,2,0,0,0,0,27,2,0,0,0,0,0,3,0,2,0,0,7,0,0,1,33,0,1,0,0,4,1,0,0,2,5,2,2,0,1,113,3,1,0,0,0,0,1,0,0,1,0,0,0,1,0,0,1,106,0,1,1,1,1,16,1,0,1,4,0,0,0,0,1,0,0,0,0,0,0,2,0,0,0,0,0,0,0,0,0,0,1,0,0,1,0,0,0,0,0,0,0,0,1,0,0,0,0,0,0,0,0,0,0,1,0,0,0,0,1
3071341200023200089,124,6,0,1,1,0,6,0,0,4,15,0,1,17,0,1,0,1,1,0,2,2,5,2,0,1,0,7,0,0,3,0,0,0,2,18,0,2,0,3,1,0,0,1,1,2,4,23,2,2,0,1,0,0,2,1,0,0,3,6,29,0,0,0,11,2,0,0,0,1,2,0,0,0,2,0,2,0,0,0,1,0,5,0,1,14,0,0,1,6,22,5,0,2,1,1,0,5,1,0,4,19,21,1,0,0,0,5,0,0,0,1,0,0,1,0,1,2,4,0,1,2,6,1,8,0,0,0,2,0,0,0,1,0,0,0,0,0,0,1,0,0,0,0,0,0,0,0,1,0,0,0,0,0,0,0,0,0,0,0,0,0,0,0,0,1,0,0,0,0,0,0,0,0,0,0,0,0,0,0
3071341200023200091,61,2,0,2,1,0,1,0,0,1,2,1,0,0,0,19,0,3,0,20,15,0,0,2,8,0,1,66,0,0,0,1,3,0,3,0,0,6,0,0,1,1,0,0,2,0,9,10,0,1,0,1,0,1,0,1,1,1,1,9,7,0,1,0,1,0,0,0,13,1,0,3,0,0,3,1,15,0,1,1,1,0,0,0,0,4,0,0,1,0,21,1,0,0,2,0,0,2,0,1,105,2,1,0,1,1,0,1,2,0,0,0,0,0,0,0,0,21,5,0,0,2,0,0,2,0,8,0,0,0,0,0,0,0,0,0,0,0,0,1,0,0,1,1,0,0,0,0,0,1,0,0,0,0,0,0,0,1,0,0,1,0,0,0,0,0,0,1,0,0,0,0,0,0,0,0,2,0,0,0
3071341200023200095,61,13,0,3,0,11,0,0,0,0,1,0,0,2,0,1,0,1,0,0,2,1,3,0,17,1,0,69,0,1,0,2,0,0,1,0,0,0,0,0,0,2,0,1,1,0,16,58,0,2,0,0,0,0,1,1,0,0,2,2,2,2,0,0,0,0,0,0,0,19,0,1,0,0,2,0,1,0,0,2,0,3,1,1,1,33,1,0,0,0,1,1,1,0,0,6,0,0,0,0,97,1,1,1,0,0,0,1,0,0,3,1,0,0,1,0,0,2,111,0,1,0,0,0,10,1,0,0,3,0,0,0,0,0,0,0,0,0,0,0,1,0,1,0,0,0,0,0,0,0,2,0,0,0,0,0,0,0,0,0,0,0,0,0,0,0,1,0,0,0,0,0,0,0,0,0,1,1,0,0
3071341200023200096,1,0,0,1,0,0,0,0,1,2,3,0,1,0,0,2,1,1,0,2,3,0,1,0,1,0,0,18,0,0,1,0,0,0,0,0,0,1,0,0,0,1,0,0,0,0,0,0,0,1,0,0,0,0,1,0,0,0,0,1,3,0,0,0,0,0,0,0,0,0,0,0,0,0,0,0,2,0,0,0,0,0,0,0,0,4,0,0,1,1,0,0,0,0,0,0,0,0,0,0,6,0,1,0,0,0,0,0,0,0,0,0,0,0,0,0,0,1,1,0,0,0,0,0,0,1,0,0,1,0,0,0,0,0,0,0,0,0,0,0,0,1,0,0,0,0,0,1,0,0,1,1,0,0,0,0,0,0,0,0,0,0,0,0,0,0,0,0,0,0,0,0,0,0,0,0,0,0,0,0
3071341200023200103,103,3,0,3,0,4,1,1,2,0,0,0,1,0,1,15,2,7,2,15,17,0,3,0,6,1,0,133,0,0,5,1,2,1,0,1,2,12,1,1,2,1,0,0,0,4,20,28,0,3,0,1,0,0,0,0,1,0,0,4,0,0,1,1,1,2,2,0,3,6,0,1,1,0,1,0,6,0,0,2,0,2,1,0,0,4,0,2,0,1,15,1,0,0,8,4,0,0,0,0,150,1,1,0,1,1,0,1,1,0,0,1,2,0,2,0,2,12,23,0,0,1,0,1,3,1,0,3,3,0,0,0,0,0,0,1,1,0,0,0,3,1,0,1,0,0,1,0,0,0,0,1,0,0,0,1,0,1,0,1,3,0,0,0,0,0,0,0,1,0,0,0,0,1,4,0,1,1,0,0
3071341200023200104,9,1,0,1,0,2,0,0,0,0,0,0,0,0,0,0,0,0,0,0,0,0,0,0,2,0,0,7,0,0,0,0,0,0,0,0,0,0,1,0,0,0,0,0,0,0,1,1,0,0,0,0,0,0,0,0,1,0,0,0,0,0,0,0,0,0,0,0,0,3,0,0,0,0,0,0,0,0,0,0,0,0,0,0,0,2,1,0,0,0,0,0,0,0,0,0,0,0,0,0,10,0,0,0,0,0,0,0,0,0,0,0,0,0,0,0,0,0,4,0,0,0,0,0,2,0,0,0,0,0,0,0,0,0,0,1,0,1,0,0,0,0,0,0,0,0,0,0,0,0,0,0,0,0,0,0,0,0,0,0,0,0,0,0,0,0,0,0,0,0,0,0,0,0,0,0,0,0,0,0
3071341200023200109,111,18,0,1,0,3,0,0,0,0,2,0,1,1,1,0,1,3,1,2,0,2,0,5,5,2,1,69,2,0,2,0,1,0,0,0,0,2,1,0,0,0,0,1,3,1,11,55,0,1,0,0,0,0,0,0,1,0,0,0,4,1,1,0,1,1,0,0,2,26,1,1,0,0,1,0,0,0,0,0,0,4,1,1,0,20,1,2,0,0,2,0,0,0,3,7,1,1,1,0,107,1,0,0,1,0,0,1,0,0,1,0,0,1,1,0,0,1,78,0,0,0,0,0,12,3,0,0,8,1,2,0,0,0,1,1,0,0,1,0,1,0,0,2,0,0,0,0,0,3,0,0,0,1,0,0,0,0,0,0,0,1,1,0,0,0,0,0,0,0,0,1,0,0,0,1,1,0,0,2
3071341200023200110,74,1,0,2,0,4,4,0,0,0,1,0,0,0,0,3,1,1,2,12,11,0,3,2,4,0,1,107,0,0,1,0,4,0,2,0,0,11,3,1,2,1,0,2,1,3,11,15,0,1,0,0,1,0,0,0,0,0,1,10,0,0,0,0,6,4,0,0,5,3,1,0,0,0,0,0,5,0,1,7,0,1,1,0,0,8,1,2,0,0,25,0,0,0,24,0,1,0,1,0,38,0,1,0,1,0,0,0,0,0,0,0,0,0,1,0,0,20,23,0,1,0,2,0,3,3,1,1,1,0,0,0,0,0,0,0,0,0,2,0,0,0,0,3,0,0,0,0,0,0,0,0,0,0,0,1,0,0,1,0,0,1,0,2,0,0,0,0,0,0,0,0,0,0,0,0,1,0,0,0
3071341200023200112,13,0,1,0,0,1,0,0,0,0,1,0,0,0,0,0,0,0,0,0,1,0,0,0,2,1,0,16,1,0,0,0,0,0,1,0,0,0,0,0,0,0,0,0,0,0,3,4,0,0,0,0,0,0,0,0,0,0,0,1,0,0,0,0,0,0,0,0,0,1,0,0,0,0,0,1,0,0,0,0,0,1,0,0,0,1,0,0,0,0,0,0,0,0,2,0,0,0,0,1,13,1,0,0,0,0,0,0,0,0,0,0,0,0,0,0,0,0,9,0,0,0,0,0,4,0,0,0,0,0,0,0,0,0,0,0,1,0,0,0,0,0,0,0,0,0,0,0,0,1,0,0,0,0,0,0,0,0,0,0,0,0,0,0,0,0,0,0,0,0,0,0,0,0,0,0,0,0,0,0
3071341200023200113,14,3,0,1,0,1,0,0,0,0,1,0,1,0,0,0,0,1,0,2,0,0,0,0,0,0,0,21,0,0,0,0,0,0,0,0,0,0,0,0,0,0,0,1,0,0,3,6,0,0,0,0,0,1,0,0,0,0,1,1,0,0,0,0,0,0,0,0,3,2,0,0,0,0,0,0,2,0,0,0,0,0,0,1,0,1,0,1,0,0,1,0,0,0,1,2,0,0,0,0,12,0,0,1,1,0,0,0,0,0,0,0,0,0,0,0,0,2,15,0,0,0,0,0,4,0,0,0,0,0,0,0,0,0,0,0,0,0,0,0,0,0,0,0,0,1,0,0,0,0,1,0,0,0,0,0,0,0,0,0,0,0,0,0,0,0,0,0,0,0,0,0,0,0,0,0,0,0,0,0
3071341200023200115,68,9,0,2,0,2,0,0,1,0,0,0,2,0,0,11,0,5,0,8,11,1,2,1,7,1,0,40,0,0,3,1,1,0,0,0,0,2,0,1,0,2,0,0,0,2,8,17,0,0,0,0,0,0,1,0,2,0,0,1,0,0,0,0,1,0,0,0,6,7,0,0,0,0,0,0,6,0,0,0,0,0,0,1,0,2,0,0,1,0,15,0,0,0,4,2,0,1,0,0,44,1,0,0,1,0,0,0,0,0,0,0,0,1,1,0,0,10,40,0,0,1,0,0,4,2,0,2,4,0,1,0,0,1,0,0,0,0,0,0,0,0,1,1,1,0,0,0,0,1,0,0,0,0,0,0,0,0,0,0,1,0,0,0,1,0,0,1,1,0,0,0,0,0,0,0,1,0,0,0
3071341200023200117,17,1,0,0,0,2,0,0,0,0,0,0,0,0,0,0,0,1,0,0,0,0,0,0,0,0,0,6,0,0,0,0,0,0,0,0,0,0,0,0,0,2,0,0,0,0,1,3,0,0,0,0,0,0,0,0,0,0,0,0,0,0,0,0,0,0,0,0,0,4,0,0,0,0,0,0,0,0,0,0,0,1,0,0,0,1,0,0,0,0,1,0,0,0,0,0,0,0,0,0,7,0,0,0,0,0,0,0,0,0,0,0,0,0,0,0,0,0,9,0,0,0,0,0,0,1,0,0,0,0,0,0,0,0,0,0,0,0,0,0,0,0,0,0,0,0,0,0,0,0,0,0,0,0,0,0,0,0,0,0,0,0,0,0,0,0,0,0,0,0,0,0,0,0,0,0,0,0,0,1
3071341200023200124,82,25,0,1,0,5,0,0,0,0,1,0,1,1,0,1,0,3,0,1,0,1,2,9,7,0,0,36,0,0,1,0,3,0,0,1,0,0,0,0,0,1,0,0,3,0,10,32,0,1,0,1,0,0,0,0,4,0,1,1,0,0,2,0,0,1,0,0,0,20,0,0,0,0,0,0,0,1,1,2,0,2,0,1,0,6,0,0,0,3,3,0,0,0,3,2,0,0,0,0,33,0,0,0,0,0,0,1,0,2,1,0,0,0,0,0,0,4,53,0,0,0,2,0,5,5,0,0,7,0,0,0,0,0,0,0,0,0,1,0,1,0,1,0,0,0,0,0,0,0,0,1,0,0,0,0,0,0,1,0,0,0,0,0,0,1,0,0,0,0,0,0,0,0,1,0,0,0,0,0
3071341200023200126,67,9,0,2,0,1,1,0,0,0,0,0,0,0,0,2,1,1,0,11,6,1,3,0,4,0,0,30,0,0,0,1,3,0,2,1,0,3,1,0,1,0,0,0,0,0,10,24,0,0,0,0,0,1,1,0,1,0,2,1,0,0,0,0,0,1,0,0,2,5,0,1,0,0,1,0,4,2,0,0,0,1,0,0,0,5,0,1,0,1,9,0,0,0,4,1,0,1,0,0,31,0,2,0,0,0,0,1,0,0,0,0,0,0,0,0,0,22,31,0,0,0,0,0,4,3,0,0,2,0,0,0,0,0,0,0,0,0,0,0,0,0,0,0,0,0,1,0,0,0,0,0,0,1,0,0,0,0,0,0,0,0,0,0,0,0,0,0,0,0,0,0,1,0,0,0,0,0,0,0
3071341200024100011,124,0,0,1,1,0,3,2,0,2,0,1,0,0,0,2,4,1,1,10,0,2,1,2,2,1,0,38,1,0,3,2,1,0,4,9,1,12,0,8,0,1,0,3,2,9,10,1,0,1,0,2,0,0,0,0,1,0,3,13,1,0,0,0,17,0,1,0,3,0,1,2,1,0,0,1,4,0,1,2,1,0,1,7,0,7,0,0,0,0,29,7,0,0,5,5,3,1,0,1,56,2,0,4,0,0,0,4,1,0,1,1,0,0,0,0,1,7,3,0,2,2,0,1,2,0,1,2,0,7,0,0,1,0,0,1,1,1,0,0,0,0,0,0,1,0,0,0,0,0,0,0,0,0,0,0,0,0,0,0,2,0,0,0,0,0,0,0,0,0,0,0,0,0,0,1,1,1,0,0
3071341200024100015,28,0,0,0,1,0,1,0,0,0,1,0,0,0,0,0,0,0,0,0,0,0,1,0,1,1,0,0,0,0,3,0,0,0,0,0,0,0,0,2,1,0,0,1,0,4,1,1,0,1,0,1,0,1,0,0,0,0,2,7,1,0,0,0,0,0,0,0,0,0,0,0,0,0,0,1,0,0,0,0,0,0,1,5,0,0,0,0,0,0,8,6,0,0,1,0,1,0,0,0,0,0,0,0,0,0,0,0,0,0,0,0,0,0,1,0,0,0,0,0,0,0,2,1,2,1,1,0,1,3,0,0,0,0,0,1,0,0,0,0,0,0,0,0,0,0,0,0,0,0,0,0,0,0,0,0,0,0,0,0,0,0,0,0,0,0,0,0,0,0,0,0,0,0,0,0,0,0,0,0
3071341200024100016,36,0,0,1,0,0,3,0,0,2,0,0,0,0,0,0,2,0,0,0,0,0,0,0,0,2,0,2,0,0,3,1,1,0,0,0,0,1,1,0,1,0,0,0,0,4,2,0,0,1,0,0,0,0,0,0,0,0,0,3,0,0,0,0,4,0,0,0,0,0,0,0,0,0,0,0,3,0,0,0,0,0,0,4,0,2,0,0,0,0,1,7,0,2,2,2,0,1,0,0,3,1,2,0,1,0,0,1,0,0,0,0,0,0,0,0,0,0,0,0,1,1,0,0,1,0,0,1,0,0,0,0,0,0,0,0,1,0,0,0,1,0,0,0,0,0,0,0,0,0,0,0,0,0,0,0,0,0,0,0,0,0,1,1,0,0,0,0,0,0,0,0,0,0,0,0,0,0,0,0
3071341200024100022,68,0,0,0,0,0,1,0,0,0,7,0,7,0,0,0,0,0,0,0,0,0,0,0,0,0,0,5,0,0,0,3,0,0,9,0,0,9,0,0,1,17,0,0,0,4,0,0,3,10,0,0,0,1,0,0,0,0,6,1,0,0,1,1,1,0,0,0,0,1,0,0,0,1,2,1,31,0,3,0,10,0,12,1,0,2,0,1,2,0,7,5,0,0,2,1,0,0,0,0,3,12,5,0,0,0,0,0,4,0,1,0,0,0,1,0,1,2,3,0,0,4,0,0,2,1,0,0,3,3,0,0,0,0,0,0,0,0,0,0,0,0,1,0,0,0,0,1,0,0,0,0,0,0,0,0,0,0,0,0,0,0,1,0,0,0,0,0,0,0,0,0,0,0,0,0,0,0,0,0
3071341200024100032,77,0,0,0,0,0,0,0,0,2,10,1,2,0,0,2,2,0,0,0,0,1,1,0,1,0,0,3,1,0,0,3,0,0,1,0,0,9,1,0,0,31,0,0,1,12,1,3,7,7,0,0,0,1,0,0,1,0,7,0,0,0,0,0,3,0,0,0,0,7,0,0,0,0,0,0,41,0,0,0,3,5,3,1,0,0,0,0,3,0,5,1,0,0,1,0,0,0,0,1,0,12,0,0,0,0,0,0,3,0,0,0,1,0,0,0,0,1,0,0,0,1,0,0,0,1,0,0,13,1,0,1,0,0,1,0,0,0,0,0,0,0,0,0,0,0,0,0,0,0,0,0,0,0,0,0,0,0,0,0,1,1,0,0,0,0,0,0,0,0,0,0,0,1,0,0,0,0,0,1
3071341200024200028,25,0,0,1,0,0,0,0,0,1,0,0,0,0,0,2,0,0,0,5,2,0,0,0,1,0,2,61,0,0,0,0,0,1,2,2,0,2,0,0,0,0,0,0,2,0,2,0,0,0,0,0,0,0,0,0,0,0,1,3,0,0,1,0,0,0,1,0,4,0,2,0,0,0,1,0,3,0,0,0,0,0,0,0,0,1,0,0,0,0,7,0,0,0,0,0,0,0,0,0,80,2,0,0,0,1,0,0,1,0,0,0,0,0,0,0,0,3,1,0,0,0,1,0,0,0,0,0,0,1,0,0,0,0,0,0,0,0,0,0,0,0,0,0,0,0,0,0,0,0,0,0,0,0,0,0,0,0,0,0,3,0,0,0,0,0,0,0,0,0,0,0,0,0,0,0,1,0,0,0
3071341200024200033,124,0,0,1,0,1,3,0,0,8,0,0,0,0,0,1,0,2,0,6,1,3,0,2,0,1,0,44,1,0,0,2,2,0,9,8,0,7,0,3,2,0,0,1,1,11,9,3,0,1,0,0,0,0,0,0,1,0,2,8,0,0,1,0,2,2,0,0,1,0,0,0,0,0,0,1,4,0,1,2,0,0,0,3,1,4,0,1,0,0,26,13,0,0,3,2,0,0,0,0,47,0,0,0,1,1,0,9,1,0,0,0,0,0,0,1,0,3,1,0,1,1,1,0,2,2,1,0,0,2,1,0,0,0,0,0,0,0,0,0,0,0,0,0,0,0,0,0,0,0,0,0,0,0,0,0,0,0,0,0,3,1,1,0,0,0,1,0,0,0,0,1,0,0,0,0,0,0,0,0
3071341200024200043,26,0,0,0,0,0,0,0,0,1,0,0,0,0,0,5,1,0,0,6,5,1,0,0,0,0,0,85,0,0,0,0,0,0,0,0,0,1,0,0,0,0,0,0,0,0,4,0,1,0,0,0,0,0,0,0,0,0,0,3,0,0,1,0,0,0,0,1,3,0,0,1,0,0,0,0,1,0,0,0,0,0,2,0,0,2,0,0,0,0,3,1,0,0,2,1,0,0,0,0,91,0,0,0,1,0,0,0,1,0,0,0,0,0,0,0,1,2,0,0,0,0,0,0,0,0,1,0,1,0,0,0,0,0,0,0,0,0,1,0,0,0,0,0,0,0,0,0,0,0,0,0,0,0,0,0,0,0,0,0,0,0,0,0,0,0,0,0,0,0,0,0,0,0,0,0,1,0,0,0
3071341200024200047,176,1,0,1,0,0,6,1,0,4,38,1,28,1,2,3,2,2,2,9,0,1,4,1,0,2,0,100,0,0,0,7,0,0,19,2,1,31,1,0,1,36,2,0,0,12,9,6,21,20,1,0,0,1,0,0,3,0,17,0,5,1,0,0,5,0,0,0,4,2,2,4,0,0,0,0,74,0,9,0,6,4,37,2,1,4,0,0,7,0,43,8,0,1,8,6,1,0,1,1,91,47,9,1,2,1,1,5,11,0,3,0,0,1,2,0,3,9,2,0,0,6,6,3,8,2,0,2,16,7,0,0,0,0,0,1,0,0,2,1,2,1,1,0,0,0,0,0,1,1,0,1,0,0,0,0,0,1,0,1,2,1,0,0,0,0,1,0,1,1,1,0,0,1,0,1,2,0,0,1
3071341200024200050,10,2,1,1,0,0,0,0,0,0,0,0,3,0,0,0,0,0,0,4,1,0,0,0,0,0,0,26,0,0,0,0,0,0,1,0,0,2,0,0,1,4,0,0,0,1,2,0,0,9,0,0,0,0,0,0,0,0,1,3,1,0,1,0,0,0,0,0,0,0,0,0,0,0,1,0,14,0,0,0,0,0,1,1,0,4,0,1,1,0,2,1,0,0,1,0,2,0,0,0,16,2,0,0,0,0,0,0,0,0,0,0,0,0,0,0,0,4,0,0,0,0,0,0,0,1,0,0,1,0,1,0,0,0,0,0,0,0,0,0,0,0,0,0,1,1,0,0,0,0,0,0,0,0,0,0,1,0,0,0,1,0,0,0,0,0,0,0,0,0,0,0,0,0,0,0,0,0,1,0
3071341200024200051,106,0,0,1,0,2,1,0,1,0,21,0,14,0,1,1,0,1,0,5,5,0,2,0,1,0,0,112,0,0,0,9,2,0,16,0,1,27,0,0,2,7,1,2,2,11,4,4,14,2,0,2,1,0,1,1,2,0,8,1,1,0,0,0,0,0,1,0,1,0,0,0,0,0,2,0,50,0,5,2,6,4,14,0,0,2,0,0,4,0,23,8,0,1,1,2,0,0,1,0,80,40,15,1,3,0,0,5,2,0,1,1,1,0,1,1,1,5,4,0,0,7,6,0,4,1,1,0,8,5,1,1,0,0,0,0,1,0,0,3,0,0,1,1,0,2,0,1,0,2,0,0,0,0,0,1,1,0,0,1,1,0,0,0,0,0,0,0,0,0,0,0,0,2,0,0,0,0,0,0
3071341200035100017,22,0,8,0,1,0,1,0,0,0,0,2,0,0,0,0,0,0,1,0,0,0,0,1,0,0,0,0,0,1,0,1,0,0,2,3,0,2,0,0,2,0,1,1,0,1,1,1,0,1,0,0,0,1,1,1,0,0,0,0,1,0,0,0,0,0,0,0,0,0,0,0,0,0,0,0,1,0,0,0,0,1,0,0,0,1,0,0,2,0,8,0,1,0,5,6,2,1,1,0,0,2,1,1,0,0,0,1,0,0,0,0,0,0,1,0,0,1,0,0,0,0,0,0,0,0,0,1,0,1,0,0,1,0,0,0,0,0,0,0,0,0,0,0,0,0,0,0,0,0,0,1,0,1,0,0,0,0,0,0,0,1,0,0,0,0,0,0,0,0,0,0,0,0,0,0,0,0,0,0
3071341200035100018,17,0,3,0,0,0,2,0,0,0,0,0,0,1,1,1,0,0,0,0,1,2,1,3,1,0,0,2,0,0,0,1,1,0,5,4,0,1,1,0,2,1,0,1,1,0,0,1,0,6,0,0,0,0,0,0,1,0,0,0,0,1,0,0,6,4,0,0,0,0,0,0,0,0,0,0,2,0,0,1,0,0,0,0,0,0,0,0,3,0,5,0,1,0,4,1,1,1,0,2,10,2,0,3,0,0,0,5,0,1,0,0,0,0,0,0,0,0,0,0,0,0,0,0,5,0,2,0,0,0,0,0,0,0,0,1,0,0,0,0,0,0,0,0,0,0,0,0,0,0,0,0,0,0,0,0,0,0,0,0,0,0,0,1,0,0,0,0,0,0,0,0,0,0,0,0,0,0,0,0
3071341200035100021,51,0,1,1,0,0,2,1,0,0,0,0,1,0,0,1,0,1,0,0,1,0,0,0,0,0,0,3,0,0,0,1,0,0,1,0,0,5,0,0,0,0,0,0,0,5,5,1,0,0,0,0,0,0,1,0,0,0,0,0,1,0,0,0,2,0,0,0,0,0,0,0,0,0,1,0,0,0,1,1,0,0,0,1,0,0,0,0,0,1,3,0,0,0,1,1,2,0,0,0,7,0,0,1,0,0,0,7,0,0,0,1,0,0,0,0,0,0,0,0,0,2,1,0,1,0,0,4,0,0,0,0,1,0,0,0,0,0,0,0,0,0,0,0,0,0,0,0,0,0,0,0,0,0,0,0,0,0,0,0,0,0,0,1,0,0,0,0,0,0,0,0,1,0,0,0,0,1,0,0
3071341200035100022,69,0,1,0,0,1,4,0,0,0,0,0,0,0,1,0,0,1,0,0,0,0,0,0,0,0,0,1,0,0,0,0,0,0,0,1,0,10,0,0,1,1,0,1,0,9,7,0,0,1,1,0,0,1,1,0,0,0,1,1,1,0,0,0,1,2,0,0,0,0,0,0,0,0,0,0,1,0,1,0,0,0,0,0,0,1,1,1,1,0,5,0,1,1,3,3,0,1,0,1,13,0,4,0,0,0,0,5,0,0,0,1,0,2,0,0,1,0,0,0,0,2,2,1,3,0,0,1,0,1,0,0,1,0,0,0,1,0,0,0,0,0,0,0,0,0,1,0,0,0,0,0,0,0,0,0,0,0,1,0,0,0,0,0,0,0,0,0,0,0,0,0,0,0,0,1,0,0,0,0
3071341200035100023,59,0,11,0,5,4,0,0,0,1,0,1,0,0,0,1,0,1,1,0,0,0,0,0,0,1,5,3,0,0,0,5,0,0,4,5,0,8,0,1,1,0,2,2,0,0,1,4,0,2,0,0,0,1,2,1,1,1,2,0,3,0,0,0,2,0,0,0,0,0,0,0,0,1,0,0,2,0,2,0,5,0,0,2,0,0,0,0,9,0,17,0,15,0,5,12,0,6,0,1,1,0,4,1,1,0,0,0,1,0,0,0,0,2,0,0,0,1,0,0,0,4,2,0,6,1,2,0,0,4,1,0,1,0,0,0,0,0,0,0,0,0,0,0,1,0,0,0,0,0,0,0,0,0,0,0,0,0,0,0,0,0,0,0,0,0,0,0,0,0,0,0,0,0,0,0,0,0,0,1
3071341200035100026,28,0,1,0,1,0,0,0,0,0,0,0,0,0,3,1,0,1,0,0,4,0,0,0,1,0,0,4,0,0,0,1,0,0,0,0,0,1,0,0,5,0,0,0,0,2,1,0,0,0,0,0,0,0,0,2,0,0,2,0,0,1,0,0,0,0,0,0,1,0,0,0,0,0,0,0,2,0,0,1,0,0,0,8,0,0,0,0,1,1,1,0,3,0,1,0,0,0,0,0,4,0,0,0,1,0,0,0,0,0,0,1,0,0,0,0,0,1,0,0,0,1,0,0,1,0,0,0,0,0,0,1,6,0,0,0,0,0,0,0,0,0,0,0,0,0,0,0,0,0,0,0,0,0,0,0,0,0,0,0,0,0,0,0,0,0,0,0,0,0,0,0,0,0,0,0,0,0,0,0
3071341200035100027,44,8,5,1,2,0,5,0,0,1,0,0,1,1,0,2,0,0,0,0,2,2,3,6,0,0,7,13,3,0,1,0,0,1,5,6,0,9,9,0,3,26,3,4,1,1,6,6,0,7,0,0,0,0,0,4,1,0,1,0,2,1,0,0,8,4,0,0,2,0,2,0,0,0,1,0,9,0,0,1,2,0,1,1,0,0,0,0,8,0,23,0,4,0,2,5,0,0,0,0,21,1,1,2,2,0,0,4,1,0,0,0,0,1,0,0,1,0,1,0,1,0,1,1,12,2,9,0,1,1,0,0,2,0,0,0,0,1,0,2,0,0,0,0,0,0,0,0,0,0,0,0,0,0,0,0,0,0,1,0,0,0,1,0,0,0,1,0,0,0,0,0,0,0,0,1,0,0,1,0
3071341200035100028,49,0,0,0,1,0,5,0,1,0,0,0,0,0,0,0,0,0,1,1,1,0,2,0,0,0,0,1,0,0,0,0,0,1,0,0,0,5,0,0,4,2,0,4,0,1,4,3,0,1,0,0,0,0,2,0,0,0,1,0,1,0,0,0,3,1,0,0,0,0,0,0,0,1,1,0,3,0,0,0,0,0,0,4,0,0,0,0,1,0,2,0,0,0,1,1,1,1,0,0,6,0,2,0,0,0,0,7,0,0,0,1,0,0,0,0,0,0,1,0,0,1,2,1,0,0,0,1,0,0,0,0,0,0,0,0,0,0,0,0,0,0,0,0,0,0,0,0,0,0,0,0,0,0,0,0,0,0,0,1,0,0,1,1,0,0,0,0,0,0,0,0,0,0,0,0,0,0,0,0
3071341200035100029,11,0,0,1,1,1,0,0,0,0,0,0,0,0,0,0,0,0,0,0,1,1,0,0,0,0,0,21,0,0,0,1,0,0,0,0,0,0,0,0,0,0,0,0,0,0,1,0,0,0,0,0,0,1,0,0,0,0,0,0,1,0,0,0,0,0,0,0,0,0,0,0,0,0,0,0,1,0,0,1,0,0,0,0,0,0,0,0,0,1,1,0,1,0,0,0,0,0,0,0,16,0,0,0,0,0,0,1,0,0,0,0,0,0,0,0,0,1,0,0,0,0,0,0,0,0,0,1,0,0,0,0,1,0,0,0,0,0,0,0,0,0,0,0,0,0,0,0,0,0,0,0,0,0,0,0,0,0,0,0,0,0,0,0,0,0,0,0,0,0,0,0,0,0,0,0,0,0,0,0
3071341200035100030,56,0,1,0,0,0,0,0,1,2,1,0,0,0,0,5,0,1,1,4,5,0,2,0,2,0,1,22,0,0,0,4,0,0,2,1,0,19,0,0,3,1,7,2,0,0,8,3,0,0,0,0,0,0,0,1,0,0,10,0,0,2,0,0,5,1,0,0,3,0,0,1,0,0,1,0,4,0,0,5,0,0,1,33,0,0,0,0,2,0,8,0,6,0,4,3,0,0,0,0,28,1,2,2,0,0,1,0,6,0,0,0,0,0,0,1,0,1,1,0,0,3,1,0,7,1,1,1,0,2,0,2,17,0,0,0,0,0,0,0,0,0,0,0,0,0,1,0,0,0,0,0,0,0,0,0,0,0,0,0,0,1,0,0,0,0,0,0,0,1,0,0,0,0,0,1,1,0,0,0
3071341200035100031,23,0,0,0,0,1,0,0,0,0,0,0,0,0,0,0,0,0,0,4,3,0,0,0,1,1,0,25,0,0,0,0,0,1,2,1,0,1,0,0,3,0,0,0,0,0,5,2,0,0,0,0,0,0,0,1,0,0,2,0,0,0,1,0,1,1,0,0,3,0,0,0,0,0,0,0,3,0,1,0,1,0,0,5,0,0,0,0,0,0,11,0,3,0,0,0,0,0,0,0,15,0,2,0,0,0,0,0,1,0,0,0,0,0,0,0,0,2,0,0,1,2,0,0,0,0,1,0,0,0,0,0,7,0,0,0,0,0,0,0,0,0,0,1,0,0,0,0,0,0,0,0,0,0,0,0,0,0,0,0,0,0,0,1,0,0,0,0,0,0,0,0,0,0,0,1,0,0,1,0
3071341200035100032,29,17,0,0,0,0,1,0,1,1,0,0,1,6,10,0,0,0,4,0,0,0,2,0,3,0,2,5,6,1,0,0,1,1,0,1,0,2,52,0,1,95,1,1,0,0,17,8,0,15,0,1,8,0,0,19,0,0,3,0,0,0,0,0,0,1,0,0,1,1,6,6,0,1,0,0,3,0,1,0,2,3,0,0,1,0,0,0,0,3,4,0,0,0,0,0,0,0,0,0,10,1,1,1,0,0,0,5,0,0,0,0,0,0,2,0,0,0,8,0,0,0,0,0,8,0,1,0,14,0,0,0,0,0,0,0,0,0,0,0,0,0,0,0,0,0,0,0,0,0,0,0,0,0,1,0,0,0,0,0,0,0,0,0,0,0,0,1,0,1,0,0,0,0,0,0,0,0,0,0
3071341200035100035,13,0,0,3,0,0,1,0,0,0,0,0,0,0,0,1,0,0,0,6,1,0,0,1,0,0,0,43,0,0,1,0,0,0,0,0,0,2,1,0,0,2,1,0,0,0,1,0,0,0,0,0,0,0,0,0,0,0,0,1,0,0,0,0,0,0,0,0,0,0,0,1,0,0,0,0,1,0,0,1,0,0,1,5,0,1,0,1,1,0,5,0,1,0,0,0,0,0,0,0,43,0,0,1,0,0,0,0,0,0,0,0,0,0,0,0,0,1,1,0,0,0,0,0,0,0,0,0,0,0,0,0,1,0,0,0,0,0,0,0,0,0,0,0,0,0,0,0,0,0,0,0,0,0,0,0,0,0,0,0,1,0,0,0,0,0,0,0,0,0,0,0,0,0,0,0,0,0,0,0
3071341200035100036,37,0,0,0,0,0,2,0,0,1,0,1,1,3,2,1,0,0,0,2,3,0,9,3,1,0,1,15,1,0,0,0,1,0,2,2,0,13,9,0,3,15,0,1,0,1,9,1,1,2,1,0,1,0,0,4,0,1,6,0,0,0,0,0,4,1,0,0,1,0,0,0,0,0,0,0,6,0,0,2,0,0,0,5,0,0,0,0,1,1,20,0,2,0,6,0,0,0,0,0,18,0,0,0,1,0,0,3,4,0,0,0,0,1,0,0,0,0,2,0,3,2,0,0,10,2,6,0,1,0,0,0,6,0,0,0,0,0,1,0,0,0,0,0,0,0,0,0,0,0,0,0,0,0,0,0,0,0,0,1,0,0,0,0,0,1,0,0,1,0,0,0,0,0,0,0,0,0,0,0
3071341200035100037,18,1,0,0,0,0,1,0,0,0,0,1,0,1,1,1,0,2,1,3,1,0,1,6,0,0,0,41,1,0,1,0,1,0,2,0,0,3,4,0,2,5,3,1,1,0,5,4,0,2,0,0,1,0,0,2,0,1,2,0,0,0,0,0,2,5,0,0,0,0,1,0,0,0,0,0,2,0,0,0,0,0,1,3,0,1,1,0,1,3,12,0,0,0,3,3,0,0,0,0,23,2,0,1,0,0,0,3,0,0,0,0,0,0,0,0,0,5,0,0,1,0,1,0,1,0,2,0,0,0,0,0,4,0,0,0,0,0,0,0,0,0,0,1,0,0,0,0,0,0,0,0,0,1,0,0,0,0,0,0,0,0,0,0,0,0,0,0,0,0,0,0,0,0,0,1,0,0,0,1
3071341200035100039,11,0,1,0,0,0,0,0,0,1,0,0,0,0,0,1,0,0,0,2,3,0,1,0,1,0,0,19,0,0,0,0,1,0,0,1,0,2,2,0,1,0,1,1,0,0,0,0,0,1,0,0,0,0,0,0,0,0,2,0,0,0,0,0,1,0,0,0,1,0,0,0,0,0,0,0,2,0,0,1,0,0,0,1,0,0,0,0,1,2,5,0,1,0,0,0,0,0,1,0,8,1,0,0,0,0,0,1,0,1,1,0,1,0,0,0,0,2,0,0,1,0,0,0,4,0,0,0,0,0,0,0,2,0,0,1,0,0,1,0,0,0,0,0,0,0,0,0,0,0,0,0,0,0,0,0,0,0,0,0,1,0,0,0,0,0,0,0,0,0,0,0,0,0,0,0,0,0,0,0
3071341200035100040,57,15,1,2,0,0,6,0,0,0,0,1,2,1,3,0,0,0,1,3,2,1,0,10,1,1,0,21,3,0,1,2,3,0,6,1,0,4,23,0,2,39,0,3,0,1,16,9,0,8,0,0,0,0,0,16,1,1,4,0,1,0,0,0,3,3,0,0,1,2,3,1,0,0,0,0,2,0,1,0,1,0,1,1,0,0,0,0,1,4,25,0,0,0,1,0,0,1,0,1,29,4,4,0,1,0,0,4,0,0,0,0,0,0,0,0,0,3,8,0,0,4,2,1,15,1,0,0,2,2,0,1,0,0,0,0,0,0,0,0,0,0,0,0,0,0,2,0,0,1,1,0,0,1,1,0,0,0,0,0,0,0,0,0,0,0,0,0,0,0,0,0,0,0,0,1,0,1,0,0
3071341200035100041,14,1,0,0,0,0,0,0,0,1,0,0,0,0,0,0,0,0,0,0,0,0,1,1,0,0,0,4,0,0,0,0,1,0,0,0,0,0,1,0,0,6,1,0,0,0,2,3,0,1,0,0,0,0,0,0,0,0,0,0,1,0,0,0,0,0,0,0,0,3,0,0,0,0,0,0,0,0,0,0,0,2,0,0,0,0,0,0,1,1,1,0,0,0,1,0,0,0,0,0,6,0,0,0,0,0,0,0,0,0,0,0,0,0,0,0,0,0,17,0,0,1,0,1,1,0,0,0,0,0,0,0,0,0,0,0,0,0,0,0,0,0,0,0,0,0,1,0,0,0,0,0,0,0,0,0,0,0,0,0,0,0,0,0,0,0,1,0,0,0,0,0,0,0,0,1,0,0,0,0
3071341200035100042,24,9,0,0,0,0,0,0,0,0,1,0,1,0,0,0,0,1,0,0,1,0,1,0,10,1,1,10,1,1,0,0,2,0,1,0,0,0,0,0,0,3,1,0,1,1,17,21,0,0,0,0,1,0,0,1,0,0,0,0,1,0,0,0,1,0,0,0,2,11,2,0,0,0,0,0,1,0,0,0,0,4,0,0,0,1,0,0,4,3,6,0,1,0,3,1,0,0,0,0,28,2,0,0,0,0,0,3,0,0,0,0,0,0,0,0,0,1,25,0,0,0,0,0,4,0,0,1,0,0,0,0,0,0,0,0,0,0,0,0,1,1,0,1,0,0,0,0,0,0,0,0,0,0,0,0,0,0,0,0,0,0,0,0,1,0,0,0,0,0,0,0,0,0,0,0,0,0,0,0
3071341200035100048,17,3,0,1,0,0,0,0,1,0,0,0,0,1,0,0,0,0,0,0,0,0,0,0,4,0,0,3,0,0,1,1,0,0,0,0,0,0,1,0,0,0,0,0,0,0,6,2,0,0,0,0,0,0,0,0,0,0,0,0,0,0,0,0,0,0,0,0,0,7,1,0,0,0,0,0,0,0,0,0,0,2,0,0,0,1,0,0,4,0,1,0,0,0,0,0,0,0,0,0,5,0,0,0,0,0,0,0,0,0,0,0,0,0,0,0,0,0,19,0,0,0,0,0,6,0,0,0,0,0,0,0,0,0,0,0,0,0,0,0,0,0,0,0,0,0,0,0,0,0,1,0,0,0,0,0,0,0,0,0,0,0,0,0,0,1,0,0,0,0,0,0,0,0,0,0,0,0,0,0
3071341200035100050,16,0,0,1,1,1,0,0,0,1,0,0,0,1,0,1,0,2,1,6,5,0,0,2,2,1,0,14,0,0,0,0,0,0,0,0,0,0,0,0,4,1,1,0,0,1,3,2,0,1,0,0,0,0,0,0,0,3,0,0,0,0,0,0,1,3,0,0,2,0,0,0,0,0,1,0,0,0,0,0,0,0,0,0,0,1,0,0,0,5,10,0,0,0,2,1,0,0,0,1,20,0,1,0,0,0,0,0,0,0,0,0,0,0,0,0,0,8,0,0,1,0,0,0,3,0,4,0,0,1,0,0,5,0,0,0,1,0,0,0,0,0,0,0,0,0,0,0,0,0,0,1,0,0,0,0,0,0,0,0,0,0,0,0,0,0,0,0,0,0,0,0,0,0,0,0,0,0,0,0
3071341200035100053,40,7,0,1,1,2,0,0,2,0,0,1,0,0,0,11,0,1,0,9,10,1,0,0,15,0,1,133,0,1,0,1,3,0,0,0,0,1,0,0,0,1,0,0,2,0,9,33,0,0,0,0,1,0,0,0,0,0,0,1,0,1,1,0,1,0,1,1,12,13,0,0,0,0,0,0,0,0,1,0,0,3,5,0,0,4,1,0,1,1,30,0,0,0,1,7,0,0,0,0,85,1,0,0,1,0,0,0,0,0,0,0,1,0,0,0,0,4,46,0,0,1,2,0,5,0,0,0,0,0,0,1,0,0,0,1,0,0,1,0,0,0,0,0,1,0,0,1,0,1,0,0,0,0,0,0,0,1,0,0,1,0,1,0,0,0,0,0,0,0,0,0,0,1,0,1,1,0,1,0
3071341200035100054,40,5,0,1,0,0,0,0,0,0,0,0,0,0,0,2,0,1,0,2,4,2,1,0,7,1,0,33,0,0,0,0,0,0,0,0,0,1,0,0,0,0,0,0,0,0,9,11,0,0,0,0,0,0,0,0,1,0,0,0,0,0,0,0,0,0,0,0,1,7,0,1,0,0,0,0,0,0,0,0,0,2,0,0,0,0,0,0,0,1,3,0,0,0,1,1,0,1,0,0,20,0,0,0,0,0,0,0,0,1,0,0,0,0,1,0,0,0,45,0,0,0,0,0,3,1,0,0,0,0,0,0,0,0,1,0,0,0,0,1,0,0,0,0,0,0,0,0,0,0,0,0,0,0,0,0,0,0,0,0,0,0,0,0,0,0,0,0,0,0,0,0,0,0,0,0,0,0,0,0
3071341200035200018,55,0,4,0,1,1,3,0,0,0,0,2,0,0,0,0,0,0,0,1,1,0,0,0,0,0,4,1,0,0,1,3,0,0,0,0,1,5,0,1,4,0,1,5,0,4,7,1,0,1,0,0,0,0,2,1,2,0,2,0,1,0,0,0,1,0,0,0,0,0,0,2,0,0,0,0,2,0,1,0,1,0,0,0,0,0,0,0,2,1,3,1,1,0,5,5,0,1,0,0,3,0,7,0,0,0,0,1,0,0,0,0,1,0,0,0,0,0,0,0,0,2,0,0,3,1,0,2,0,1,1,0,5,0,0,0,0,0,0,0,0,0,0,0,0,0,0,0,0,0,0,0,0,0,0,0,0,0,0,0,0,0,0,2,0,1,0,0,0,0,0,0,0,0,0,1,0,0,1,0
3071341200035200019,12,0,0,0,0,0,0,0,1,0,2,0,0,0,2,0,0,0,3,0,0,0,0,1,0,0,0,2,2,0,0,0,0,0,0,0,0,0,13,0,0,20,0,0,0,0,11,4,0,2,0,0,3,0,0,12,0,0,0,0,1,0,0,0,0,0,0,0,0,1,2,0,0,0,0,0,1,0,0,0,1,0,0,2,1,1,0,0,0,0,3,0,0,0,0,0,0,0,0,0,2,1,0,0,0,1,0,0,0,0,0,0,0,0,1,0,0,0,3,0,0,0,1,0,1,0,0,0,3,0,0,0,0,0,0,0,0,0,0,0,1,0,0,0,0,0,0,0,0,0,0,0,0,0,0,0,0,0,0,0,0,0,0,0,0,0,0,0,0,0,0,0,0,0,0,0,0,0,0,0
3071341200035200026,14,2,0,1,0,0,0,0,0,0,0,0,0,0,0,0,0,1,0,0,0,0,0,1,1,0,0,3,0,0,0,0,0,0,0,0,0,0,1,0,0,3,0,0,0,0,1,10,0,1,0,0,0,1,0,0,1,0,0,0,0,0,0,1,0,0,0,0,0,6,0,1,0,0,0,0,0,0,0,0,0,1,0,3,0,2,0,0,0,0,1,0,0,0,0,3,0,0,0,0,4,1,0,0,0,0,0,0,0,0,0,0,0,1,0,0,0,1,6,0,0,0,0,0,0,0,0,0,2,0,0,0,0,0,0,0,0,0,0,0,0,0,0,0,0,0,0,0,0,0,0,0,0,0,0,0,0,0,0,0,0,0,0,0,0,0,0,0,0,0,0,0,0,0,1,0,1,0,0,0
3071341200035200027,28,0,0,0,1,0,0,0,0,0,0,0,0,0,0,1,1,0,0,1,3,0,4,1,0,0,0,8,1,0,0,2,0,1,2,0,0,4,0,0,1,0,2,0,0,0,1,2,0,0,0,0,0,0,0,2,0,0,1,0,1,0,0,0,0,0,0,0,2,1,0,0,0,0,0,0,1,0,0,4,0,0,0,11,1,0,0,0,3,0,2,0,0,0,1,2,0,0,0,0,12,0,0,0,1,0,0,0,4,0,0,0,0,0,0,0,0,1,0,0,0,1,1,0,1,1,1,0,1,0,1,0,4,0,0,0,1,0,0,0,0,0,0,0,0,0,0,0,0,0,0,0,1,0,0,0,0,0,0,0,2,0,0,0,0,0,0,1,0,0,0,0,0,0,0,0,0,0,0,0
3071341200035200032,10,0,0,0,0,0,0,0,0,0,0,0,0,0,0,1,0,0,0,1,0,0,2,0,0,2,0,50,0,0,0,0,1,0,1,0,0,0,0,0,0,0,1,0,0,0,5,0,0,0,0,0,1,1,0,0,0,0,0,0,0,0,1,0,0,0,0,0,0,0,0,0,0,0,0,0,1,0,0,0,0,0,0,2,0,0,0,0,0,0,6,0,0,0,0,0,0,0,0,0,24,0,0,0,0,0,0,0,0,0,0,0,0,0,0,0,1,3,0,0,0,0,0,0,0,0,0,0,0,0,0,0,2,0,0,0,0,0,1,0,0,0,0,0,0,0,0,0,0,1,0,0,0,0,0,0,0,0,0,0,0,0,0,0,0,0,0,0,0,0,0,0,0,0,2,0,0,0,0,0
3071341200035200035,41,5,1,0,0,0,5,0,0,1,2,2,0,5,4,0,0,0,1,2,1,0,2,6,1,0,0,8,0,0,0,1,2,0,2,2,0,3,23,0,4,34,1,2,1,0,7,13,0,10,0,0,5,2,0,8,2,0,4,0,0,1,0,0,6,4,0,1,0,0,4,0,0,0,1,1,5,0,1,1,0,1,1,1,0,0,0,0,3,4,11,1,0,0,4,0,0,1,0,1,18,1,6,1,0,0,0,2,0,0,0,0,0,0,2,1,0,3,3,0,0,0,0,1,11,1,5,0,4,1,0,0,3,1,0,0,0,0,1,1,2,0,0,1,0,0,0,1,0,1,0,1,1,0,0,0,0,0,0,0,0,0,0,0,0,1,0,0,0,0,0,0,0,0,0,1,0,0,0,0
3071341200035200037,4,0,0,0,0,0,0,0,0,0,0,0,0,0,0,1,0,0,0,0,1,0,0,1,0,0,0,16,0,0,0,0,0,0,0,0,0,0,0,0,1,1,0,0,0,1,1,0,0,0,0,0,0,0,0,1,0,0,0,0,0,0,1,0,0,0,0,0,0,0,0,0,0,0,0,0,0,0,0,0,0,0,0,0,0,0,0,0,1,0,0,0,0,0,0,0,0,0,0,0,10,0,0,0,0,0,0,0,0,0,0,0,0,0,0,0,0,1,0,0,0,0,0,0,0,0,0,0,0,0,0,0,1,0,0,0,0,0,0,0,0,0,0,0,0,0,0,0,0,0,0,0,0,0,0,0,0,0,0,0,0,0,0,0,0,0,0,0,0,0,0,0,0,0,0,0,0,0,0,0
3071341200035200039,95,19,5,2,1,0,5,0,0,1,3,1,2,8,0,2,1,1,4,8,10,1,7,8,3,0,0,86,1,0,1,0,3,0,6,4,1,15,20,1,10,12,5,9,5,0,11,9,1,6,0,0,3,0,0,13,1,0,3,0,2,4,0,0,13,5,1,0,6,2,1,3,0,0,4,0,7,0,3,5,1,0,3,1,0,1,1,1,6,7,90,0,1,0,8,4,0,5,1,1,116,0,4,0,1,0,0,6,0,0,0,1,1,0,0,0,1,7,9,1,1,2,1,0,27,3,12,1,2,0,0,0,4,0,0,0,0,1,0,0,0,0,0,0,0,0,0,1,0,0,2,0,0,0,2,0,0,0,0,0,1,0,1,0,0,0,0,0,0,1,0,1,1,0,0,3,0,0,0,0
3071341200035200041,19,3,1,1,0,1,0,0,1,0,0,0,1,0,0,0,0,1,0,0,0,1,1,0,1,0,0,3,0,0,0,0,3,0,0,0,0,0,1,0,1,0,0,1,0,0,13,17,0,1,0,0,0,0,0,0,2,0,0,0,0,0,0,0,1,0,0,0,0,6,0,1,0,0,0,1,0,0,1,2,0,10,0,1,1,1,0,1,4,2,0,0,0,0,0,0,0,0,0,0,13,0,2,0,0,0,0,0,0,0,0,0,0,0,0,0,0,1,15,0,0,0,0,0,5,0,0,0,4,0,0,0,0,0,0,1,0,0,0,0,0,0,0,1,0,0,0,0,0,0,0,2,0,0,0,0,0,0,0,0,0,0,0,0,0,1,0,0,0,0,0,0,0,0,0,0,0,0,0,0
3071341200035200042,10,7,0,0,0,0,0,0,0,0,0,0,0,0,0,0,0,0,0,2,0,0,0,0,2,0,0,3,1,0,0,0,0,0,0,0,0,0,0,0,0,0,0,0,0,0,10,14,0,0,0,0,0,0,0,1,0,0,0,0,0,0,0,0,0,0,0,0,1,3,0,0,0,0,0,0,0,0,0,0,0,0,1,0,0,0,0,0,1,0,0,0,0,0,0,0,0,0,0,0,4,0,0,0,1,0,0,0,0,1,0,0,0,0,0,0,0,0,16,0,0,0,0,0,2,0,1,0,2,0,0,0,0,0,0,0,0,0,0,0,0,0,0,0,0,0,0,1,0,0,0,0,0,0,0,0,0,0,0,0,0,0,0,0,0,0,0,0,0,0,0,0,0,0,0,0,0,0,0,0
3071341200035200046,26,3,1,1,0,0,1,0,0,2,0,1,0,1,0,3,0,1,0,4,2,0,1,8,2,0,0,30,0,0,0,2,0,0,5,0,0,1,2,0,5,3,1,3,3,0,4,3,0,3,0,0,0,0,0,1,0,0,1,0,0,0,1,0,2,2,0,0,1,0,0,3,0,0,1,0,8,0,0,6,0,1,1,0,0,0,0,2,2,1,42,0,0,0,0,0,0,0,1,0,24,0,1,1,1,0,0,0,0,0,0,0,0,1,0,0,0,5,1,0,1,3,0,0,6,1,0,0,0,0,0,0,4,0,0,0,0,0,0,0,0,0,0,1,0,0,0,1,0,0,0,0,0,0,0,0,0,0,0,0,0,0,0,0,0,0,0,0,0,0,0,0,0,0,0,1,1,1,0,0
3071341200035200047,51,7,0,2,2,0,3,0,0,1,0,1,0,3,1,8,0,2,1,8,22,0,4,7,6,0,1,57,0,1,0,0,1,0,5,6,0,1,16,0,1,4,3,2,0,1,7,2,1,2,0,0,3,0,1,5,0,0,3,1,0,0,0,0,3,5,0,0,14,0,3,0,0,0,0,1,13,1,0,1,1,0,0,0,0,0,2,1,2,5,44,0,0,1,7,5,1,1,1,0,48,0,2,0,0,2,0,8,0,0,0,0,0,0,0,0,0,1,1,0,0,0,1,0,9,2,4,0,2,0,0,0,7,0,0,1,0,1,0,0,0,0,0,0,1,0,0,1,0,1,0,0,0,0,0,0,0,0,0,0,1,0,0,1,0,0,0,0,0,1,0,0,0,1,1,0,0,0,0,0
3071341200035200051,13,0,1,1,0,0,0,0,0,0,0,0,0,0,0,2,0,0,0,5,0,0,0,0,1,0,0,15,0,0,0,1,0,0,1,0,0,0,0,0,1,0,3,0,1,1,2,0,0,0,0,0,0,0,0,0,0,0,0,0,2,0,0,0,1,4,0,0,1,0,0,0,0,0,0,0,0,0,0,2,0,0,0,0,0,0,0,0,0,1,10,0,0,0,1,0,0,0,0,0,12,0,0,0,0,0,1,0,0,0,0,1,0,0,1,0,0,3,0,0,0,3,1,0,2,0,0,1,0,0,0,0,1,1,0,0,0,0,0,1,0,0,0,0,0,0,1,0,0,0,0,0,0,0,0,0,0,0,0,0,0,0,0,1,0,1,0,0,1,0,0,0,0,0,0,0,0,0,0,0
3071341200035300011,30,1,0,0,0,0,0,0,0,2,0,0,0,0,1,3,0,0,1,1,3,0,0,0,1,0,1,0,1,1,0,1,0,0,0,0,0,17,0,0,1,2,2,0,0,0,4,1,0,0,0,0,1,0,0,0,1,0,11,1,0,0,0,0,2,0,0,0,0,0,0,0,0,0,0,0,6,0,0,2,0,0,0,13,0,0,0,1,0,0,1,0,4,0,0,1,0,0,0,1,2,0,1,0,0,0,0,1,2,0,0,0,0,0,0,0,0,1,0,0,1,1,0,0,1,0,0,2,0,0,1,2,16,0,0,1,0,0,0,0,0,1,0,0,0,0,0,1,0,0,0,0,0,0,0,0,0,0,0,0,0,0,0,0,0,0,0,0,0,0,0,0,0,0,0,0,0,0,0,0
3071341200035300013,25,3,0,0,0,0,2,0,0,3,0,0,0,2,0,0,0,0,0,0,2,0,0,1,0,0,2,5,0,0,0,2,1,1,3,1,0,2,1,0,3,1,1,1,0,1,1,0,0,3,0,0,0,0,0,2,0,0,0,0,0,0,0,1,2,2,0,0,0,0,0,0,0,0,0,0,2,0,0,2,0,0,0,4,0,0,0,1,2,0,10,0,1,0,4,0,0,1,0,0,6,1,1,0,0,0,0,2,1,0,0,0,0,0,0,0,0,0,0,0,0,2,1,0,4,0,5,0,1,0,0,0,1,0,0,0,0,0,0,0,0,0,0,0,0,0,0,0,0,0,0,0,0,0,0,0,0,0,0,0,0,0,0,0,0,0,0,0,0,0,0,0,0,0,0,0,0,0,0,0
3071341200035300014,10,0,0,1,0,0,0,0,0,0,0,0,0,0,0,2,0,0,0,2,1,0,0,0,1,0,0,26,0,0,0,0,0,0,1,0,0,1,0,0,1,0,0,0,0,1,1,0,0,0,0,0,0,0,0,0,0,0,0,0,0,0,0,0,0,0,1,0,1,0,0,0,0,0,1,0,0,0,0,0,0,0,0,0,0,0,0,0,0,0,3,0,0,0,0,1,0,1,0,0,34,0,0,0,1,0,0,0,0,0,0,0,0,0,0,0,0,1,0,0,0,0,0,0,0,0,0,1,0,0,0,0,0,0,1,0,0,0,0,0,0,0,0,0,0,0,0,0,0,0,0,0,0,0,0,0,0,0,0,0,0,0,0,0,0,0,0,0,0,0,0,0,0,0,0,0,1,0,0,0
3071341200035300027,8,1,0,0,0,0,0,0,0,0,0,0,1,0,0,0,0,0,1,0,0,0,0,0,0,0,0,6,0,0,0,0,0,0,0,0,0,0,0,0,0,0,0,0,0,0,6,1,0,0,0,0,0,0,0,0,0,0,0,0,0,0,0,0,0,0,0,0,0,2,0,0,0,0,0,0,0,0,0,0,0,0,0,0,0,0,0,0,0,0,0,0,1,0,0,1,0,0,0,0,5,0,0,0,0,0,0,0,0,0,0,0,0,0,0,0,0,1,8,0,0,0,0,0,2,0,0,0,0,0,0,0,0,0,0,0,0,0,0,0,0,0,0,0,0,0,0,0,0,1,0,0,0,0,0,0,0,0,0,0,1,0,0,0,0,0,0,0,0,0,0,0,0,0,0,0,0,0,0,0
3071341200035300030,10,0,0,0,0,0,0,0,0,0,0,0,0,0,0,1,0,0,0,0,0,0,0,0,2,0,0,8,0,0,0,0,1,0,0,0,0,0,0,0,0,0,0,0,0,1,6,6,0,0,0,0,0,0,0,0,0,0,0,0,0,0,0,0,0,1,0,0,0,0,0,0,0,0,0,0,0,0,0,0,0,0,0,0,0,1,0,0,0,0,2,0,0,0,0,0,0,0,0,0,4,0,0,0,0,0,0,0,0,0,0,0,0,0,0,0,0,0,5,0,1,0,0,0,2,0,0,0,0,0,0,0,0,0,0,0,0,0,0,0,0,0,0,0,0,0,0,0,0,1,0,0,0,0,0,0,0,0,0,0,0,0,0,0,0,0,0,0,0,0,0,0,0,0,0,0,0,0,0,0
3071341200036100008,35,1,0,0,0,0,1,0,0,1,0,0,2,1,1,9,0,1,0,12,5,0,0,1,5,0,0,29,0,1,0,0,2,0,2,0,1,1,0,0,1,0,0,0,0,0,6,4,0,0,0,1,0,0,0,0,0,0,0,4,0,0,0,0,0,1,0,0,4,4,0,0,0,0,0,0,2,0,0,1,0,0,1,0,0,2,0,0,0,2,29,0,0,0,4,1,0,0,0,0,26,0,0,0,1,0,0,0,0,0,0,0,0,0,0,0,0,10,22,0,0,0,1,0,2,1,0,1,0,0,0,0,0,0,0,0,0,0,0,0,0,0,0,1,0,0,0,0,0,0,0,0,0,0,0,0,0,0,0,0,0,0,0,0,0,0,0,0,0,0,0,0,0,0,1,0,0,0,0,0
3071341200036100014,57,0,0,0,0,0,2,0,1,2,0,0,0,0,0,13,0,0,1,18,8,0,6,1,1,1,0,70,0,0,0,0,2,0,0,0,0,1,4,0,0,1,0,0,0,5,19,6,0,0,0,0,0,1,0,0,0,0,1,0,0,0,1,0,0,0,1,0,2,0,1,0,0,0,0,0,4,0,0,0,0,0,2,0,0,2,0,0,0,4,31,0,1,0,0,0,0,0,0,0,80,0,0,0,2,0,0,0,0,1,0,1,1,0,1,1,0,12,14,0,0,0,0,0,2,1,0,3,0,0,0,2,0,0,0,0,0,0,0,0,0,0,0,0,0,0,0,1,0,0,0,0,0,0,0,1,0,0,0,0,0,0,0,0,0,0,0,0,1,0,0,0,0,0,0,1,0,0,0,0
3071341200036100022,45,2,0,7,2,1,1,0,0,0,0,0,0,1,0,3,0,3,0,7,7,0,0,4,5,0,0,48,0,0,0,0,0,0,3,1,0,3,0,0,0,0,0,0,0,1,8,9,0,0,0,0,0,0,0,0,1,1,0,0,0,0,0,0,2,3,0,0,4,9,0,0,0,0,0,1,2,0,0,0,0,1,0,3,0,1,0,0,1,1,11,0,0,0,1,1,0,0,0,0,32,0,0,1,1,0,0,0,0,0,0,1,0,0,0,0,0,12,28,0,0,0,0,0,2,0,1,0,0,0,0,0,1,0,0,0,1,0,0,0,0,0,0,0,0,0,0,0,1,1,1,0,0,1,0,0,0,0,0,0,0,0,0,0,0,0,0,0,1,0,0,0,0,2,0,1,0,0,0,0
3071341200036200055,31,0,0,2,0,0,3,1,0,2,0,0,0,1,0,3,1,2,2,11,4,0,2,1,6,0,0,23,0,0,0,2,4,0,12,0,0,3,0,0,1,2,0,0,0,1,6,4,0,0,0,0,0,0,0,0,1,0,3,1,0,0,1,0,4,10,0,0,2,1,0,0,0,0,0,0,2,0,0,4,0,0,0,0,1,2,0,0,0,1,31,0,0,0,4,0,1,0,0,0,14,0,0,0,0,0,0,1,0,1,0,0,0,0,0,0,0,19,3,0,0,0,1,0,2,0,0,0,0,0,0,0,0,0,1,0,0,0,0,2,1,0,0,0,0,0,0,0,0,0,0,0,0,0,0,0,0,0,0,0,0,0,0,0,0,0,0,0,0,1,0,0,0,0,0,0,0,0,0,0
3071341200036200067,13,3,0,0,0,1,0,0,0,0,0,0,0,0,0,1,0,0,0,0,3,0,0,0,1,0,0,5,0,0,0,1,0,0,0,0,0,0,0,0,0,0,0,0,0,0,4,5,0,0,0,0,0,0,0,0,0,0,0,0,0,0,0,0,0,0,0,0,0,5,0,1,0,0,0,0,0,0,0,0,0,0,0,0,0,0,0,0,0,0,1,0,0,1,0,0,0,0,0,0,3,0,0,0,0,0,0,0,0,0,0,0,0,0,0,0,0,0,10,0,0,0,0,0,4,0,0,0,0,0,0,0,0,0,0,0,0,0,0,0,0,0,0,0,0,0,0,0,0,0,0,0,0,0,0,0,0,0,0,0,0,0,0,0,0,0,0,0,0,0,0,0,0,0,0,0,0,0,0,0
3071341200036200074,102,9,0,3,0,2,4,0,0,0,0,1,0,2,1,0,2,5,1,13,5,0,5,1,8,0,1,36,1,0,0,3,3,1,1,2,0,0,0,1,1,3,0,0,3,1,12,40,0,0,0,1,0,0,0,0,3,0,3,1,0,0,0,0,4,8,0,0,1,23,0,0,0,0,0,1,6,0,0,5,1,2,0,0,1,1,0,2,5,4,33,0,0,0,4,2,1,0,1,1,44,1,1,1,0,0,0,0,0,0,0,1,0,1,2,0,1,14,61,0,1,0,7,0,16,0,1,0,3,2,1,0,0,0,0,1,0,0,0,0,0,0,0,0,0,0,0,0,0,0,1,0,0,0,0,0,0,0,0,0,0,0,0,0,0,0,0,0,0,0,1,0,0,0,0,0,0,0,0,0
3071341200036200082,24,1,0,2,0,0,0,0,0,0,1,1,1,0,0,6,0,3,3,11,10,0,0,1,2,0,0,114,0,0,0,0,1,0,0,1,0,3,0,0,0,0,0,0,0,0,8,0,0,0,0,0,0,0,0,0,0,0,0,0,0,0,0,0,0,1,0,0,5,1,0,0,0,0,0,0,0,1,0,1,0,0,1,0,0,2,0,1,0,2,21,0,0,0,2,3,0,0,0,0,90,0,1,0,0,0,0,0,0,1,0,0,0,0,1,0,0,16,4,0,0,0,0,0,1,1,0,0,0,0,0,0,0,0,0,0,0,0,0,0,0,0,0,0,0,1,0,0,0,0,0,0,0,0,0,0,0,0,0,0,1,1,0,0,0,0,1,0,0,0,0,0,0,0,2,0,1,0,0,0
3071341200036200089,23,2,0,1,0,1,0,0,0,0,0,0,0,0,0,1,0,1,0,0,0,0,0,0,1,0,0,10,0,0,0,0,0,0,0,0,0,0,0,0,0,0,0,0,0,1,4,2,0,0,0,0,0,0,0,0,1,0,0,0,0,0,0,0,0,1,0,0,0,4,2,0,0,0,0,0,0,0,1,0,0,0,0,0,0,2,0,0,1,1,2,0,0,0,1,1,0,0,0,0,8,0,0,0,0,0,0,0,0,0,0,0,0,0,0,0,0,2,14,0,0,0,0,0,2,0,0,0,0,0,0,0,0,0,0,0,0,0,0,0,0,0,0,0,0,0,0,0,0,0,0,0,0,0,0,0,0,0,0,0,0,0,0,0,0,0,0,0,0,0,0,0,0,1,0,0,0,0,0,0
3071341200036200097,48,4,0,1,0,0,0,0,2,0,0,0,1,1,0,2,0,1,0,7,6,0,1,1,9,0,0,34,0,0,2,2,2,0,1,0,0,1,1,0,1,1,1,0,2,0,10,13,0,0,0,0,0,0,0,0,3,0,0,0,1,0,0,0,1,1,0,0,0,9,0,2,0,1,0,0,4,0,1,0,0,1,1,0,1,2,0,0,1,2,13,0,0,0,0,1,1,0,0,0,19,0,0,0,0,1,0,0,0,0,0,0,0,0,1,0,0,6,31,0,0,0,0,0,6,1,0,0,1,0,0,0,0,0,0,0,0,0,0,0,0,0,0,0,0,0,0,0,0,1,0,0,0,0,0,0,1,0,0,0,2,0,0,0,0,0,0,0,0,0,0,0,0,0,1,1,0,0,0,0
3071341200036200106,58,2,0,2,0,3,2,1,0,0,0,0,0,1,0,1,0,1,0,7,2,0,1,0,8,0,0,32,0,0,0,4,2,0,3,0,0,0,0,0,0,0,0,0,0,1,8,21,1,0,1,0,0,0,0,0,2,0,0,0,1,0,0,0,4,10,0,0,0,6,1,1,0,0,1,0,4,0,0,8,0,3,1,0,0,1,0,1,0,1,10,0,1,0,2,0,2,0,0,0,35,1,0,0,0,0,0,0,0,0,0,0,0,0,0,0,0,11,53,0,0,0,0,0,10,3,1,1,3,0,0,0,0,0,0,0,0,0,0,0,0,0,0,0,0,0,0,0,0,0,0,0,0,0,0,0,0,0,0,0,0,2,0,0,1,0,0,0,0,0,0,2,0,0,1,0,1,0,0,0
3071341200036200110,85,23,0,5,1,0,1,0,2,2,0,3,1,1,0,1,0,5,0,22,7,1,1,3,9,0,0,95,1,0,0,0,4,0,2,1,0,0,2,0,0,1,0,1,0,2,22,36,0,3,0,0,0,1,0,0,1,0,0,1,1,0,0,1,5,6,0,1,2,11,1,2,0,0,1,0,6,0,0,2,1,1,4,2,0,5,0,2,4,1,26,0,1,0,1,2,1,0,1,0,76,1,1,0,1,0,0,0,0,1,0,1,0,0,1,0,0,26,65,0,1,0,1,0,9,7,3,1,2,3,0,0,0,0,0,0,0,0,3,0,1,1,0,0,0,0,1,0,0,1,0,0,0,0,0,0,0,0,0,0,1,0,0,0,1,1,1,0,0,0,0,2,0,1,0,0,0,0,0,0
3071341200036200114,123,9,0,6,2,0,2,1,0,1,0,0,0,9,1,10,1,3,3,29,12,0,5,3,12,1,2,186,0,1,0,4,8,0,11,3,0,0,0,0,2,3,1,0,4,0,31,20,2,0,0,0,1,0,0,2,0,1,2,0,1,0,0,0,3,14,2,0,5,2,2,1,0,0,0,0,4,0,0,7,0,1,0,0,0,2,1,0,1,5,85,0,0,0,9,4,2,2,0,2,138,1,2,0,0,0,0,2,1,1,0,0,0,0,0,0,0,43,56,0,0,0,2,0,11,2,5,0,0,1,1,0,7,1,0,0,0,0,0,0,0,0,1,0,0,0,0,1,1,1,2,0,1,0,0,1,0,0,0,0,3,0,1,2,0,0,0,1,0,0,1,0,1,0,0,2,0,0,0,0
3071341200036200118,11,2,0,1,0,0,0,0,0,0,0,0,0,0,0,0,0,0,0,2,1,0,0,0,3,0,0,18,0,0,0,0,0,0,0,0,0,0,0,0,0,0,0,0,0,0,6,2,0,0,0,0,0,0,0,0,0,0,0,0,0,0,0,0,0,0,0,0,0,2,0,0,0,0,0,0,0,0,0,0,0,1,0,0,0,0,0,0,0,0,8,0,0,0,0,0,0,0,0,0,13,0,0,0,0,0,0,0,0,0,0,0,0,1,0,0,0,0,4,0,0,0,0,0,0,4,0,0,1,0,0,0,0,0,0,0,0,0,0,0,0,0,0,0,0,0,0,0,0,0,0,0,0,0,0,0,0,0,0,0,0,0,0,1,0,0,0,0,0,0,0,0,0,0,0,0,0,0,0,0
