EntityID,fov,volume,center_x,center_y,min_x,min_y,max_x,max_y,anisotropy,transcript_count,perimeter_area_ratio,solidity,cluster
3071341200041100014,,903.2839786477068,783.6712751642716,6077.909025080305,776.1417395085671,6070.786861595346,791.4669769531173,6083.881003857881,1.8820445168880235,172,0.558834942108649,0.7481016825117683,cluster_5
3071341200041100022,,1278.4341322409532,744.673604343231,6083.36463980477,737.9344936759258,6076.259940355686,751.7397745489353,6089.739121558959,1.3059648062042288,430,0.341837897968559,0.9703789376942804,cluster_5
3071341200041100024,,405.173679397067,754.5485756862573,6079.638419533266,750.2873881301053,6076.052341346493,758.9764596614729,6082.830625966457,1.43273123525421,78,0.6381686670039617,0.942004337707561,cluster_5
3071341200041100028,,1441.5622755557652,808.6606413116954,6084.621137083473,800.9918572367084,6078.9829780397085,818.2141398127235,6090.382694456916,1.5121578123187385,376,0.3455041597680318,0.9315590286283464,cluster_5
3071341200041100032,,1061.217355732982,784.8922396437348,6087.079774909405,778.212977887491,6081.432464943643,791.772405004582,6092.933951361919,1.0245772298035989,288,0.4239910170016743,0.8862358934307275,cluster_5
3071341200041100034,,843.1872750254145,726.789473276758,6092.757986554288,720.8618738065279,6086.292714110349,732.4356653068228,6098.058956339199,1.7161241358613788,257,0.4709440881409996,0.9072053194843342,cluster_5
3071341200041100036,,1191.9009851983049,838.1056253551197,6091.29089249477,828.8624791477645,6085.754129172556,847.5988086098762,6098.049663213557,2.335621357892619,538,0.4265926879845066,0.8594390739970341,cluster_5
3071341200041100037,,1286.5061182266172,714.4442203341545,6092.947759478789,706.1458987548456,6087.05007618651,722.1560661107131,6098.320848114943,1.5324484369024236,382,0.3892431289611821,0.8703249046107517,cluster_5
3071341200041100038,,1255.6550700559233,698.5742863037029,6096.758758089744,688.7584520617315,6087.878492392102,706.8207530458728,6103.759740913589,2.7816875570146755,448,0.4413778661459462,0.8685290820944926,cluster_5
3071341200041100040,,968.0874342887608,797.7031961556212,6093.283372916397,790.6931494195182,6088.580226365403,803.8134007838995,6098.577798204362,1.2576157865500648,100,0.391827534912529,0.9873692737309812,cluster_5
3071341200041100044,,980.4809677165296,755.6841294543739,6097.757218161655,750.1999877920751,6092.341944179096,761.4735105742446,6103.234169012541,1.0155910988460488,101,0.3742434911836071,0.993011844908602,cluster_5
3071341200041100045,,2361.745349970505,673.7683007361975,6103.928904761348,659.529148513638,6097.539871911889,689.6104353831156,6110.443771482974,2.333912811099336,502,0.3740856632269968,0.7238655278109868,cluster_5
3071341200041200120,,1237.2492806159555,796.1398595065137,6070.778245278155,788.0724957208374,6064.808874250388,805.1911967130819,6078.476299281799,1.86309883422091,97,0.4241656366498887,0.8492408783841561,cluster_5
3071341200041200121,,811.044744289363,774.0040548169052,6072.193971420943,769.90328385288,6066.6117187624495,778.8497779788747,6078.745971735628,1.2176193132494326,122,0.4818619494567081,0.9073017152103716,cluster_5
3071341200041200125,,595.4897659030471,749.6238624678738,6074.238886541773,744.6264907594565,6070.4369681691205,754.2141485825615,6079.499209750181,1.1549599042094605,86,0.5293390605536795,0.9439263184783137,cluster_5
3071341200041200127,,1706.9748320599924,726.5007754984882,6079.29604942732,716.9432617128451,6072.21162124711,734.467037145512,6086.249567701998,1.0210591621962424,152,0.3143819829445897,0.9355812822190464,cluster_5
3071341200041200128,,1351.9327085599812,810.7814723989885,6076.719845978209,799.7050565187926,6072.267510909974,820.1466449546665,6081.997222055886,2.225591636780502,75,0.4091568761108228,0.8736384933674746,cluster_5
3071341200041200129,,668.4776720652078,739.3126909860556,6076.298345978119,733.7940515656529,6072.3613464846085,746.0200559620181,6080.717822601446,1.5542632537140093,187,0.5305008680128642,0.9020457361740832,cluster_5
3071341200041200132,,1101.6775283730026,795.7462997308605,6081.5984559884255,788.1217496448045,6075.188773887329,801.519997620008,6088.096575186572,1.1141397041698464,395,0.3948201383999978,0.9251145326272384,cluster_5
3071341200041200137,,580.6427997340609,773.6745201103405,6082.758863657022,769.3412530924298,6078.310062819872,777.9000005121594,6087.880584017752,1.173496050334185,232,0.5301753451356644,0.9351780396273992,cluster_5
3071341200041200138,,1334.2301217620184,763.2649164615135,6087.25643845377,754.5617305223235,6078.752628175824,771.3516027666551,6093.190579653986,2.0602915795762504,338,0.4219504930460184,0.8511590908470114,cluster_5
3071341200041200140,,877.1197574200942,711.4585766323132,6085.341736585649,704.9586419737266,6079.934355474715,717.2115390941588,6089.627015255537,1.2678686114942246,72,0.4137501712299745,0.9855684527252684,cluster_5
3071341200041200142,,227.8862393719114,757.962188293787,6084.490327685532,754.8035583033278,6081.310998598321,761.2440064289115,6087.454191672973,1.9730728856275443,52,0.877794864085079,0.9542932264656216,cluster_5
3071341200041200148,,173.93408376310614,752.4654762875454,6089.86533579685,750.2388822893955,6087.321003014527,754.6096438162368,6092.390078460162,1.2733858079598277,52,0.928594098545048,0.98716273093607,cluster_5
3071341200041200150,,1455.3807693285994,821.2431316444072,6091.944999277596,811.4757049970322,6086.5024758394775,831.2692261177133,6096.755559933044,2.0144546689458256,540,0.3527105596781316,0.9399788989207432,cluster_5
3071341200041200152,,261.6900824145196,740.6994955047902,6090.527252821246,736.4038374661468,6088.562014369518,745.0206541468101,6092.650601731482,2.1699946111578594,84,0.8202532551081332,1.0,cluster_5
3071341200041300010,,195.72169250057263,766.2263221200963,6079.156439751138,763.8204264701054,6076.700712070156,768.5575021248858,6081.513575886309,1.087974626917214,39,0.8595399319765972,0.9948639737479896,cluster_5
3071341200041300011,,222.57736552077367,761.77647370245,6079.835197895382,759.2966312678487,6077.1270430868935,764.0927104273721,6082.782366419314,1.2050842327519915,47,0.8049835394882939,0.9860935592956366,cluster_5
3071341200041300015,,320.6640046990595,819.8797505614267,6083.295351183058,816.4613557512714,6079.796943610209,823.3366691186877,6086.689792439672,1.2579046262718605,60,0.67807747834258,0.9795017958450276,cluster_5
3071341200041300018,,425.32892923636985,724.303854800639,6087.355047693804,720.1158394523133,6084.025073829954,728.7440553980601,6091.224821725364,1.4822916834415163,113,0.6184551689424741,0.9423373789708716,cluster_5
3071341200042100060,,2216.1371209847784,867.8586733435369,6099.302857631889,853.1097261773405,6092.772716174502,880.2258843615508,6105.110299537235,2.3321741245819414,815,0.3135981053986618,0.9020021703807612,cluster_5
3071341200042100063,,986.5840123704584,886.9815132087953,6098.968739024183,879.0876319094394,6094.603146161668,894.5661095401924,6103.234169012541,2.059416200259041,419,0.4330772809767515,0.916317046224624,cluster_5
3071341200042200068,,650.6448368531486,896.7800236602199,6093.606932245193,892.6863271665941,6088.826342093177,901.3726969081862,6098.434026739857,1.0273780220741422,108,0.4703623375951178,0.989333601157083,cluster_5
3071341200042200072,,849.9812315222721,902.8237232760532,6100.421847856734,895.1685111684775,6096.463904033861,913.7469532374286,6104.837657841597,2.350024574902751,297,0.5607631118699835,0.7693891123238805,cluster_5
3071341200053100007,,573.6823953816404,539.3303288987448,6156.852661009718,534.6105471010544,6151.974870957065,543.6186077210367,6161.488187346355,1.334643220159424,307,0.5423179431147558,0.954926899784899,cluster_5
3071341200053100013,,814.5084373489059,524.9628781277742,6187.451786525461,520.2007926257518,6182.294559291509,530.3536278749865,6192.763582965158,1.25621185788474,50,0.4166994283390143,0.9942434222695126,cluster_5
3071341200053100014,,1491.8799904537489,514.9971061998576,6193.0972585274285,508.6015187856244,6184.970900149136,521.9551082149372,6200.43132105362,1.372258052611214,336,0.3183345581809619,0.978751083815696,cluster_5
3071341200053100015,,804.4827345569777,494.5128280210455,6217.0227977115055,488.1239400488792,6212.883144125412,500.7498740479947,6221.273342871697,1.5125006875474047,249,0.4437894652923516,0.9777979659780444,cluster_5
3071341200053100019,,220.4521710021209,479.9363089105531,6233.418327479237,476.8709068835082,6231.22216167317,482.8231671625938,6236.216507295806,1.207178748297274,108,0.8155254061498044,0.9999999999999998,cluster_5
3071341200053100020,,855.4007391969719,473.629074537228,6239.734939790918,466.1756730220216,6234.532975801771,480.09031406442176,6244.16308469515,1.7671109296152063,282,0.4590881848425779,0.9479398373675996,cluster_5
3071341200053100023,,701.0010398252799,469.410541310299,6248.344894476109,463.1458323050402,6242.8554966375295,476.2905255147952,6252.793647524417,2.225359948063156,182,0.5580538041145693,0.8901575060793889,cluster_5
3071341200053100027,,1687.1969538233357,443.0904863029717,6263.674759192572,434.9204968267304,6254.759596491413,448.92585369776896,6271.385313901616,1.1410492231247589,490,0.314936759765082,0.9304356109607546,cluster_5
3071341200053100029,,695.3029466707484,467.1221740370583,6268.589918887469,459.8334906241944,6265.996739882364,475.2640345614553,6272.15011282532,2.621683890580416,153,0.5752850474833869,0.8701519300976407,cluster_5
3071341200053100032,,588.91777815112,468.2359204916894,6273.051914427952,461.2157822354808,6270.100751066191,474.6290357658506,6275.70513728164,2.5509346696435253,71,0.5680890809586732,0.9661718788855748,cluster_5
3071341200053100035,,660.4616612765535,426.6834875774365,6280.309601448199,422.7707281218045,6274.9838135595,430.98502201769946,6285.262100201574,1.0946686361830351,191,0.4747905974164726,0.9799449886275432,cluster_5
3071341200053100037,,1051.9015440742764,465.5428181427523,6282.96138669871,456.6404304175381,6278.849108269036,475.1681247432045,6286.971288906664,2.29675250787086,132,0.4643472655734726,0.8407252480840351,cluster_5
3071341200053100040,,759.1391344599717,461.8691464089114,6295.92571472641,457.1873210598035,6290.962649842425,466.483768062542,6301.191201392679,1.1632555422726238,94,0.433558283909489,0.9779215276216334,cluster_5
3071341200053100044,,1584.1947559224036,438.8461367842971,6310.075990626146,429.4372308156742,6303.796829002276,448.1678579146442,6316.115907662248,1.6178699718631655,522,0.3416979384683269,0.9166014450238,cluster_5
3071341200053100045,,393.8181640187736,449.61539870164313,6307.729100560834,445.9892724474863,6303.925244760043,452.92732919395394,6311.200069487799,1.2566215934025833,106,0.6054188309786003,0.9892114127824588,cluster_5
3071341200053100050,,1103.4767343802728,406.9296396235946,6329.206579963903,400.0222375919072,6324.65292276227,414.69076415368886,6334.345009733897,1.554336999310813,497,0.3719425330545415,0.98984637451483,cluster_5
3071341200053100054,,2992.65184081422,467.4808088439285,6339.927211917764,454.8611479194128,6331.570291491572,479.0875596715063,6348.956331734753,1.5773471999377098,1117,0.2402788891355183,0.9447341920207938,cluster_5
3071341200053100056,,1029.1248416898284,413.58187816228826,6341.592146501261,407.1659146980484,6335.616390066446,420.007972603798,6346.5417766765295,1.1725374493168923,316,0.409653596669783,0.9123109065033002,cluster_5
3071341200053100057,,719.7777506650043,487.5241640849617,6340.504883675022,481.76819322613886,6336.554780383393,493.74459806975534,6344.478092791178,1.5718307319914813,120,0.4561285536128941,0.9872937272341262,cluster_5
3071341200053100060,,900.4912005705761,439.9523528083063,6351.493322798632,432.3394280719208,6344.699003367989,446.0225689579498,6356.377659930801,1.507654619290287,396,0.5063179513207482,0.7835707522109674,cluster_5
3071341200053100061,,460.2165402403707,418.4283296583658,6349.331571998993,414.8045423450766,6345.256085062061,422.4311806501297,6353.009743966725,1.0715624987563857,209,0.5825566571430046,0.9509973027720342,cluster_5
3071341200053100065,,271.32294652147266,426.434629214842,6350.949117133344,422.5802949034878,6348.9377874615375,430.6041922188226,6352.813090783967,2.098564464023877,109,0.7871806160779993,1.0000000000000002,cluster_5
3071341200053100066,,548.1113721612894,401.5596357641098,6355.515017537988,397.3568483985728,6351.36771143624,406.7570773208691,6359.057496698759,1.1572202175124289,188,0.5319486531303018,0.9786733601976548,cluster_5
3071341200053100073,,611.2804417956265,411.8132512932801,6365.091424613546,405.9518106848341,6359.813578245943,417.1732295247784,6368.694938139545,1.6019367777883031,206,0.5799812923916617,0.8635375924772605,cluster_5
3071341200053100075,,408.3844631009565,445.2999580231482,6364.628187398402,441.74343591950367,6361.034874064531,448.9056216970553,6368.12912579681,1.0042440281945302,186,0.6401250396070871,0.9208599056708624,cluster_5
3071341200053100076,,408.358808814688,429.3701326066312,6367.5064832377375,425.70612379220427,6363.5783130716345,433.7967031296026,6371.05065789959,1.2515098871176975,185,0.6104952192750125,0.9697910047555034,cluster_5
3071341200053100081,,417.2025976980644,405.4692284057414,6373.341660168371,401.0800323287454,6370.063274303852,410.0836940625528,6376.41893056265,1.3974867288943047,101,0.6592894821357654,0.913346648365637,cluster_5
3071341200053100084,,635.3886138551952,413.5280654904453,6376.262043325989,408.1424383467119,6371.666292579625,418.4338986871974,6380.981686203967,1.1389126018514286,184,0.5360210150434107,0.8799331677781917,cluster_5
3071341200053200015,,1819.883186058332,549.4939676497587,6156.8009588264085,541.8012237031212,6149.571897187828,558.3326500358486,6164.3340644696245,1.0547477906691964,576,0.2937711350488765,0.9496255691159604,cluster_5
3071341200053200017,,2288.4508168338225,536.6137106336361,6169.537561495491,528.3269550544595,6159.939473299885,543.6224137297806,6179.52913338275,1.0018568732599715,530,0.2697632053077675,0.958855294623678,cluster_5
3071341200053200020,,1124.5206960856467,521.8520426763072,6179.421350957278,514.9740256785385,6173.062898003645,529.4360047678559,6187.957224098147,1.5322333451263463,401,0.4370040255841347,0.8326345163111698,cluster_5
3071341200053200048,,1103.9125939794783,469.7933946459517,6257.721065650497,464.4197275638442,6250.620993916366,475.6066074893201,6264.352198860146,1.2939331769647435,251,0.3884406610031706,0.9319924217151432,cluster_5
3071341200053200050,,326.8992551261492,462.6499384098157,6255.813547074555,459.0807036879734,6252.536996723527,465.7044084305504,6259.0641856512575,1.0141118195616952,95,0.6714756947048627,0.9807128022367256,cluster_5
3071341200053200055,,1531.2798721583708,434.0748422948173,6274.956364184997,425.8426183007282,6267.24591426314,440.2544361688567,6283.83258821655,1.0373131917911838,459,0.343971813620116,0.8842620772273876,cluster_5
3071341200053200056,,768.1603072653405,456.3792521166024,6272.191456487898,451.801323804307,6266.536717804867,461.3811647904766,6277.551075653111,1.3407615786330218,295,0.4678942694378327,0.930151871195487,cluster_5
3071341200053200060,,896.7119484484417,464.2511412439426,6278.384243240702,455.1284785311804,6274.035291898268,474.86394331019824,6286.056608316759,1.88700484492875,136,0.6928791892139413,0.5605396704672466,cluster_5
3071341200053200061,,519.6372812398464,450.30199446879215,6281.241974340751,445.8740678128547,6277.133687134856,455.3635794291176,6284.9793554997605,1.236582281121151,157,0.5328609653973841,0.9835791085197554,cluster_5
3071341200053200064,,700.308746269892,412.4659972008208,6290.573240021565,408.4125862176568,6285.739121934295,417.1437007047883,6295.479979908522,1.0880268959509465,132,0.4519394793833117,0.9864094374963314,cluster_5
3071341200053200065,,1636.2171942059904,437.9467787912976,6296.31330293129,431.45501791907895,6288.223020377809,444.388363479179,6303.230470086961,1.1756483149799295,589,0.3113718368703649,0.9536845428181316,cluster_5
3071341200053200067,,736.6026518795361,418.9539975312632,6299.948318017802,414.3924141705624,6293.10516836894,423.9740581693222,6305.656963178693,1.2917997917162596,218,0.4850125719660915,0.9267373320313624,cluster_5
3071341200053200069,,915.2178647550168,425.7960831444474,6307.450866497607,418.9351295770885,6301.4526264134,432.0774959820088,6312.747622765345,1.0373284004896806,332,0.4195866265661639,0.948920766308605,cluster_5
3071341200053200070,,521.9965345513286,414.72903155547374,6306.452982033971,410.6742372108005,6302.278909131506,418.9084117509048,6310.977547139072,1.265155012828897,157,0.5404355113700489,0.9916302932259972,cluster_5
3071341200053200073,,1630.2167767925262,408.73656091552135,6316.967157024255,402.0445644518997,6308.351240823943,415.1285320350104,6324.7108141624585,1.4021520733128816,444,0.3069264853129869,0.961507755854212,cluster_5
3071341200053200074,,900.2814698721493,419.98080689308375,6314.546470665805,414.26529901491386,6309.103960145994,426.2672399858675,6319.500988212585,1.0059963192717922,247,0.4021237582135407,0.9984614339988364,cluster_5
3071341200053200078,,1470.9095120250224,445.4925465213672,6320.097369202637,436.1250338636348,6314.373159135744,455.0916713326405,6326.550825764078,1.944887144374384,677,0.3480722545738092,0.9536111298321772,cluster_5
3071341200053200081,,258.498780756409,400.8787262985503,6322.929248832304,397.94672925025577,6320.212543123305,404.1931753460927,6325.597077499277,1.0466447549697118,70,0.7393058375936867,1.0,cluster_5
3071341200053200086,,822.4482909881559,419.2366859365205,6332.5982596337935,414.85821430516296,6326.541222746024,423.7639672105697,6338.664543223849,1.316551112462109,343,0.4346158225511387,0.9696629996275128,cluster_5
3071341200053200101,,194.1425135136094,425.7089930345469,6343.596400648641,422.0924611709031,6341.058852812716,429.0701639619416,6345.7801825273045,2.2242679287685365,62,1.0079105421556953,0.8914785891326392,cluster_5
3071341200053200102,,742.7313320764348,436.8020241833369,6345.521063801817,431.5031395130828,6340.623708593918,441.9933590908464,6350.226691705208,1.0429400289986055,261,0.4597993215728909,0.9603418973413468,cluster_5
3071341200053200108,,230.2447163510842,425.0608778449941,6347.347766215084,421.28316419505296,6345.0591374479045,428.449642347033,6349.508411669871,1.6929808500398935,61,0.9320172389610216,0.8743836358644191,cluster_5
3071341200053200112,,819.7928421611742,424.9580385141048,6356.67045466567,419.01490744408966,6351.6991430712105,431.1996411071266,6361.119833472765,1.211783224010664,362,0.4455033849500612,0.946693694859152,cluster_5
3071341200053200114,,701.6020579181761,498.1595110438448,6356.649165325552,493.6194417694393,6352.394101313945,503.1993267542992,6361.317709492735,1.0724636743888176,234,0.4493574447400604,0.9841159217292802,cluster_5
3071341200053200116,,811.233364730887,442.04132622780384,6359.749098880323,435.4394840965966,6354.249364236698,448.3692704331961,6366.842468398279,1.873000025832128,309,0.5358559414821165,0.86790240760752,cluster_5
3071341200053200120,,763.350101220774,432.59987354307225,6361.196762158486,426.20528810340926,6356.733262680212,437.7518508440088,6366.176949807901,1.0378092880507204,306,0.4530755588000711,0.9721519389132096,cluster_5
3071341200053200123,,1943.9944896767408,493.7369902986198,6370.123184440002,485.469315755759,6361.267775352185,501.1639463476582,6379.986214964965,1.889622490711807,749,0.2895560933000774,0.9933433723060262,cluster_5
3071341200053200124,,607.387504574846,450.795730267852,6367.1594187471765,445.2967867310946,6361.785118978402,454.8497763964348,6372.051747653779,1.326482526229968,282,0.5497027854508794,0.8774517238263805,cluster_5
3071341200053200131,,1094.6625133957698,441.40190954173113,6375.62304480628,432.550999733238,6371.032809436017,450.6405291324521,6380.784662027937,2.175425256752729,361,0.4359597263628821,0.8952094751071964,cluster_5
3071341200053200137,,1131.6245322328791,442.1957280249308,6382.844108956934,432.9509000280008,6378.637028347591,449.7255302373079,6387.371677824159,1.957121787578288,430,0.4103878991128051,0.9314146853406712,cluster_5
3071341200053200139,,722.7854741728303,424.3206662950924,6383.003872999871,418.89807173823937,6378.853019516592,429.9405082609716,6387.210078054592,1.2649371958110758,227,0.4460224448313904,0.9890881307869516,cluster_5
3071341200053200142,,563.5617771143724,415.4853984315047,6386.784807672201,409.9621176653487,6382.265639257424,419.9687196665837,6390.592207372934,1.3096878422119531,145,0.5572381985630024,0.9071610989976702,cluster_5
3071341200053300018,,1068.0124355785629,458.00886518915735,6262.251506439171,451.11810544384616,6256.920311858943,465.0828009879984,6266.85510195548,1.4051833890520296,387,0.3755864202191254,0.9752248004577329,cluster_5
3071341200053300024,,199.64587212999177,446.4159675041814,6276.430348818254,443.08574017803903,6274.025336957679,449.6393063979058,6278.7485178791385,2.2157594678467976,60,0.918730886346,1.0,cluster_5
3071341200053300027,,276.734391047911,450.31475385787377,6291.016554853066,448.0386271151866,6287.60986446943,452.7997221630701,6294.819461907145,1.5367085733524208,104,0.7394645993626637,0.9856567093408788,cluster_5
3071341200053300040,,301.9790644177027,422.048297472894,6342.2420871172935,419.3624266497876,6338.99615240188,425.77192318627385,6346.820815326803,1.2915924074143124,115,0.9048022393153284,0.7836922281506373,cluster_5
3071341200053300041,,308.4048470950884,430.4960627076048,6345.249602762657,428.08811963236246,6341.419339381755,433.447754318872,6349.344118224164,1.8574729222673487,105,0.7194261482486264,0.9921809359461112,cluster_5
3071341200053300043,,1120.7808860768887,406.368344493411,6348.854116467139,398.3073395039377,6343.561009718713,415.1506920503027,6353.783925053934,1.572017675026721,352,0.4303569760966694,0.8638187789871976,cluster_5
3071341200053300053,,331.2037698716943,411.18404017344335,6359.982306507115,407.7887158695634,6356.835034134254,414.9896334989166,6362.640085895203,1.2406772642410286,93,0.6661039788825854,1.0000000000000002,cluster_5
3071341200053300056,,1640.6926569632344,503.6492380342151,6368.9230553238,495.5718295334456,6359.603516720756,509.9495386000195,6378.430987646817,1.9126086830960112,616,0.3495379898444088,0.865125889246345,cluster_5
3071341200053300059,,334.84486642390254,439.6903113447143,6367.520738538899,436.087197918312,6363.774890129671,442.9438960593959,6371.269599226206,1.3473418403536752,127,0.6911067216504561,0.980972493321966,cluster_5
3071341200053300062,,567.629169414054,413.48391645589993,6369.812983621546,405.5236015502735,6365.866111804458,419.4902168439535,6373.512533808645,1.8126838904635607,142,0.7059784799602965,0.6986764295517675,cluster_5
3071341200053300063,,254.4162531293645,400.5819925340064,6369.956773512968,397.6278884481644,6367.050418813219,403.4452927298825,6372.775902619183,1.2882627252579055,81,0.7445908316121993,1.0000000000000002,cluster_5
3071341200053300065,,265.5806911848396,433.6618222937512,6374.2369295009685,430.74143730051406,6371.522433626335,437.1848931067345,6377.456600512456,1.5149650888979878,102,0.7520614608261259,1.0,cluster_5
3071341200053300067,,460.6842709396557,401.115093671826,6378.428323166984,396.6596979464058,6375.2475914420775,406.006890028198,6381.636210738524,1.6006771155589137,77,0.6187085114768892,0.9327215392327886,cluster_5
3071341200053300068,,295.9891349650595,407.4542084137197,6379.345470029518,404.2110730611077,6375.330417671235,410.68917248664144,6382.827472777484,1.1573702980254994,72,0.7689660578743753,0.9204764320638288,cluster_5
3071341200053300075,,466.7323877460851,402.3333939345536,6384.474683000109,397.7620128810584,6381.228973964538,407.3307508309613,6387.480388266957,1.607278426615257,110,0.5997754489886792,0.9569181228145016,cluster_5
3071341200054100027,,1189.6905873983983,656.1766462847198,6108.732978475253,649.1034712780628,6103.410628043581,664.6038294426435,6114.467550649457,1.4374427551545974,334,0.4102457067129922,0.8771572397042073,cluster_5
3071341200054100028,,715.2437009282241,629.1719569982733,6108.973462483068,622.4884816749163,6105.746611693186,636.7309834568604,6112.4015274936655,2.169980343248424,193,0.525090385385017,0.9135662012489784,cluster_5
3071341200054100032,,1836.018398885597,602.7193946526905,6116.255422863687,592.4390964924788,6108.661753761306,612.4174806355577,6123.054464052046,1.57957684349754,624,0.3143999113679996,0.9114639614212324,cluster_5
3071341200054100039,,357.12154350420195,611.0924037883416,6120.581547560411,606.3973710214871,6118.042968089351,615.3739529137322,6123.214478135691,1.6872351143706226,176,0.674862762573629,0.9770917473898002,cluster_5
3071341200054200027,,313.555485887595,646.930578276732,6109.856729009923,643.626486021426,6106.421810277867,649.7830354647565,6113.043555206392,1.0514720893989726,84,0.7177247527561048,0.9396083518473368,cluster_5
3071341200054200030,,1039.311976576099,618.5543397753034,6113.603890724831,612.7818533622186,6107.477113964068,625.5344528314694,6119.731474416393,1.3992928953381696,373,0.4056508667003302,0.92295653728461,cluster_5
3071341200054200035,,765.940348972778,667.4624215667878,6113.785790638612,663.4693002317786,6108.540319721778,672.1394307141702,6119.247765658747,1.2603509666489876,35,0.4342626094548086,0.9949962615584682,cluster_5
3071341200054200037,,663.8440273125419,633.3971478415033,6116.722296952342,628.9208572461928,6111.081654971195,637.78840255323,6122.512854031152,1.6642960330850969,164,0.5038841555288148,0.946559559135674,cluster_5
3071341200054200041,,1496.930444501064,586.3501629445822,6124.282126011405,578.556285593769,6117.124387546663,594.3696220047356,6131.900589378623,1.8062451132413704,471,0.3438706736205357,0.9409187032717138,cluster_5
3071341200054200042,,1338.4258622323518,622.7249075523096,6123.628062678522,614.6188575290091,6118.21774024457,630.2375028689444,6129.263124698826,1.4550689704759905,44,0.332028925668898,0.9900264589977964,cluster_5
3071341200054200049,,488.3010790628719,575.3657915126568,6129.495064476285,571.8746735747496,6125.170690630266,579.0608186486436,6133.969964395212,1.3465627467750825,105,0.5399040840022474,0.9999999999999996,cluster_5
3071341200054200051,,1577.4924947889017,592.9306778999531,6135.462104095075,585.2951771679601,6127.504859629822,601.0104099938277,6142.870568345901,1.607148367288222,74,0.3221042306696555,0.9425786733139838,cluster_5
3071341200054200052,,2097.3949773626687,567.802752466675,6137.8858073474485,558.7443928982527,6129.121611155022,577.0249616615521,6145.0070398723565,1.1906986249260367,716,0.2950704439188962,0.907229326358338,cluster_5
3071341200054200055,,1741.3184879686692,582.3406534278984,6139.845742957812,575.7944647696766,6131.135479152708,589.861107583416,6147.786241208631,1.1835115846740636,195,0.3120946398859963,0.9172890538237488,cluster_5
3071341200054200067,,460.56381903768425,572.7271860406453,6146.742552359085,568.7630047350575,6143.25072988214,576.6188319447001,6150.523674349128,1.101457843332731,42,0.5457658307758253,0.9976862231612652,cluster_5
3071341200054200068,,1142.0096441886194,564.1002343874062,6150.685895952708,556.6272128758776,6145.043705063359,571.0262560826126,6156.475992171309,1.046966445339492,193,0.3675928687090137,0.964571777604618,cluster_5
3071341200055100010,,1014.8996895658662,907.7637334739104,6105.778932596463,900.463915607578,6098.454548280755,914.9469762592043,6111.028268812146,1.024253145458322,410,0.4334469691196498,0.7726666473281877,cluster_5
3071341200055100016,,674.9699444350317,921.2134947210386,6116.116653006911,916.2795943942314,6111.773442612617,926.0537249783432,6121.131763684502,1.1013084243328903,281,0.4598025677118124,0.992011714757892,cluster_5
3071341200055100017,,881.05350224054,954.5327377715256,6117.845216938032,946.316605962138,6113.952564197459,962.026364801774,6122.181851321058,2.0098341062713017,401,0.4579120027513256,0.9405983899908622,cluster_5
3071341200055100020,,1016.5708957884622,964.13737787392,6124.479735859137,957.948121328518,6118.601696979336,969.6283259850136,6130.7533470309445,1.1487223621733411,172,0.3804202445095014,0.9776955365525104,cluster_5
3071341200055100034,,480.0388687557484,948.3133911519374,6144.572972063238,944.2976685953722,6140.722755692769,951.8129362285634,6149.241414000336,1.540411179866774,108,0.5593414154815693,1.0,cluster_5
3071341200055100035,,1175.5671731506254,1000.8904828583146,6146.795702692078,993.9633996779932,6141.718140609491,1007.9007460489,6153.217912640615,1.0143685719026725,369,0.3645376942769305,0.956379935799907,cluster_5
3071341200055100036,,1320.1261385192597,958.387250320434,6149.687195198036,951.4394654387638,6143.27715306459,964.8196621918584,6158.440101063585,1.0277091207771716,378,0.363710161372771,0.9296994599755188,cluster_5
3071341200055100037,,667.1955810802987,975.9617876185492,6149.755310803821,969.9791796094236,6145.560447707857,981.118337067252,6153.992093727824,1.437990945947154,302,0.499333973442555,0.9416489586213024,cluster_5
3071341200055100038,,1143.5694518875716,1010.150662711014,6152.170314348755,1003.860926819793,6146.055791776461,1015.6481072360252,6157.891968026446,1.0014985289625555,344,0.3506859916907738,0.981756395081707,cluster_5
3071341200055100040,,469.9966144893042,1019.105087387231,6152.131431296633,1015.6974206089678,6148.282446607811,1022.609200660889,6156.5244471921205,1.0540830925373808,215,0.5499880969093742,0.992032589216946,cluster_5
3071341200055100043,,1190.4623473710883,1026.0770128702106,6157.028814854485,1018.3160559531308,6151.305608115513,1034.4830409970518,6163.577355627883,1.470220387196093,532,0.4017410341024979,0.8844180715208585,cluster_5
3071341200055100052,,631.3924173951098,964.3649459324544,6165.465286416512,959.4034836935068,6161.175173606545,969.427142201824,6169.168578633838,1.4307601193177295,196,0.4773719012339122,0.9910623088017928,cluster_5
3071341200055100054,,1064.5897956032452,1016.0388087345544,6167.494364409604,1010.0874050041851,6161.903004110733,1021.812006646709,6173.109332006069,1.0262543214528588,322,0.3599134344800484,0.9910452831109612,cluster_5
3071341200055100055,,1020.8352109736852,1007.2624527628484,6170.490115313432,1002.0742406362438,6162.971724100389,1012.5713521171848,6176.860413226295,1.114063760053723,303,0.3980299503244505,0.948739165715211,cluster_5
3071341200055100060,,472.5533939427813,989.990539771458,6173.26905010089,986.208279978872,6169.067061377124,993.3345095099216,6178.692718314311,1.0512507012994583,171,0.5843846461768537,0.9709648419244036,cluster_5
3071341200055100063,,1082.8541646706192,1032.052667091978,6177.437461632676,1026.532452759354,6171.502309706615,1038.0436080276502,6184.024213960125,1.0219122167177843,388,0.3805996377144108,0.9465280869648284,cluster_5
3071341200055100064,,473.4197927264048,979.3421171554544,6177.241770541833,975.832901091423,6172.81678227569,982.517942906879,6182.527169787416,1.337879642405136,215,0.5728222627319471,0.973690319931084,cluster_5
3071341200055100065,,354.218534369331,1024.2153061288157,6176.166878623118,1020.4354817389764,6173.014561448987,1027.1192216655804,6179.925895955757,1.0337614262117556,136,0.6555032519314731,0.9747189716959686,cluster_5
3071341200055100066,,389.1198057700124,1049.934687085468,6175.396704157392,1045.984207646044,6171.973347415689,1054.988859611216,6177.974735911485,1.4733168742762692,159,0.677278230472056,0.9467170929749084,cluster_5
3071341200055100070,,731.6821594502167,1042.485740328836,6181.572010709425,1037.0982728044542,6176.222937567096,1046.7928083489987,6187.80233410104,1.522122796655356,166,0.4808788202564013,0.9317288782937496,cluster_5
3071341200055100071,,1286.9931958045051,1053.0981656528622,6182.858693732085,1046.0340187527504,6177.23894991895,1059.599866876897,6188.934326551359,1.114708258626121,423,0.3442702994732307,0.9721529697710758,cluster_5
3071341200055100073,,532.6332733777222,1037.0882880667994,6185.200739918014,1032.4205044997668,6180.791722212764,1041.804798202045,6188.748459941313,1.1018013817778014,109,0.5250339160206491,0.9930490829921856,cluster_5
3071341200055100074,,420.4291915869178,1028.718472444688,6187.421535265583,1024.9394350331845,6182.8133438438,1032.6407060516156,6191.974769091971,1.4359143386513062,133,0.6436685634715887,0.9709048518510538,cluster_5
3071341200055100075,,439.459530367352,990.0009274717834,6184.817397245642,986.6665922452776,6180.782621108501,994.1529375526544,6188.990285530546,1.1677376885834427,160,0.5816560016431697,0.9857747144591888,cluster_5
3071341200055100078,,1206.355746233672,1017.4898075457924,6190.816908837849,1011.1615649498946,6183.694091057157,1025.2912551417676,6196.527511380898,1.6125184638497605,363,0.3710349245248041,0.9402137768509776,cluster_5
3071341200055100081,,200.70799545394408,1057.0387794517808,6189.813709213603,1053.5335965720333,6187.896817093444,1060.5113813325884,6191.899026931595,1.9590782057708969,113,0.9122119951422488,1.0,cluster_5
3071341200055100082,,1242.4049103131276,1037.205804188187,6192.980763070431,1028.717983768635,6187.890760156623,1044.68561823363,6198.896836536795,1.2493566315983284,268,0.3748022102384335,0.9205634103632814,cluster_5
3071341200055100084,,252.24180961305265,1052.2233564597702,6192.590870300094,1049.4371110205764,6189.081661788142,1055.2361124065312,6195.697961286244,1.093409297287138,64,0.7769761749790023,0.9741217113604952,cluster_5
3071341200055100087,,1138.7156077023612,996.9697309536784,6198.952751775917,992.2594201765876,6191.392820950487,1002.3818488572506,6206.510632148722,1.6747204425887376,395,0.3808986708882433,0.9596201667022836,cluster_5
3071341200055100088,,461.208396254958,1008.296354008814,6197.163359358624,1004.800587378597,6192.313086720988,1011.5672018826696,6201.8159256658855,1.664942355434018,152,0.6009330386493613,0.9643927595925728,cluster_5
3071341200055100090,,309.5202359678849,1055.2926157402524,6197.065002143127,1051.9918883751675,6194.181696011105,1059.33088684705,6200.322199478581,1.6051587636026263,116,0.7052806075417096,1.0000000000000002,cluster_5
3071341200055100092,,503.5447510241355,1030.4221471798326,6198.854458602107,1026.4694991597446,6194.955877098313,1035.1672593682183,6202.597729177623,1.0170850826486029,106,0.5340369816703415,0.9927156986547512,cluster_5
3071341200055100094,,281.1946115900221,1057.1406286755891,6200.974052527874,1053.0703024892066,6197.985749325326,1060.3834650543026,6203.861845906951,1.6098427309342451,97,0.7673745937528188,0.9768680101809722,cluster_5
3071341200055100095,,952.1532569238536,1037.0528784233456,6204.323555153876,1030.1436404355284,6198.808077729513,1042.9354575713328,6209.4917531728615,1.0827675440881996,276,0.4150812210619708,0.9371067427912116,cluster_5
3071341200055100096,,304.5209766610099,1009.8180786505784,6203.694374379573,1005.8638039835348,6201.010171218475,1013.5116546883607,6206.090363745103,1.64705260765772,67,0.7040249184456612,1.0,cluster_5
3071341200055100097,,1349.4609285718566,1018.2508517857052,6209.251597779332,1011.458333812198,6201.467300616442,1025.2996130296333,6216.173144733579,1.313093541039608,336,0.3506659871242809,0.9376411814794132,cluster_5
3071341200055100101,,673.2158620830933,1046.1441058972514,6209.429870799867,1041.635600627739,6204.224159379122,1050.825133501094,6214.515341070086,1.116889941811716,144,0.4892336564074244,0.9545415348395174,cluster_5
3071341200055100103,,823.631971674139,1009.35012118972,6211.181863132508,1004.3577814612848,6205.676413872861,1014.2063767799176,6216.7451507472015,1.3199710433957652,187,0.4280165777371013,0.9859661130341404,cluster_5
3071341200055100106,,632.5726353577012,1039.1051669462424,6213.122354282829,1034.6024218421078,6209.300692564251,1043.9323569292446,6217.288148900746,1.1760427874799453,127,0.4938473390781812,0.9623248730772732,cluster_5
3071341200055100107,,520.9766622517024,1059.7005027079629,6214.581427455334,1055.4124284751745,6210.4847409006425,1063.58759200567,6218.400521952998,1.0275073130823122,127,0.5266514387415081,0.9866312669484288,cluster_5
3071341200055100108,,835.5908772634999,1024.4125270749705,6219.025167173635,1018.3609818394408,6213.4698457741,1028.8673986792744,6226.0307012505455,1.4391899833929802,216,0.4437500799973079,0.9593942649448142,cluster_5
3071341200055100111,,1719.2470181898277,1006.09176752456,6223.6775544185375,998.0406033633006,6215.599725742854,1014.2878626322532,6231.473385213748,1.7156710968048583,399,0.3111088457008567,0.9537925338156256,cluster_5
3071341200055100112,,1194.0795559138478,1016.7192086413828,6222.980322568087,1008.107415797494,6216.6427577655895,1024.4910503692092,6229.05104477738,1.6819400252164276,302,0.4022347585766593,0.9226687809206202,cluster_5
3071341200055100113,,418.0540693365052,1039.528293104922,6219.942280999008,1035.5191947602564,6216.643651596691,1043.162032455897,6223.508679455466,1.1465988142581318,87,0.5882104282133488,0.9962442302202116,cluster_5
3071341200055100117,,1134.451847979415,1073.3132634536555,6229.113179694638,1067.8468001105607,6221.180069224034,1079.3073963993045,6236.389167941231,1.3446184666016336,420,0.4084382614741693,0.8725214083714562,cluster_5
3071341200055100121,,430.9212439208825,1023.9210118196326,6235.538303630214,1020.85164328029,6230.700622992791,1026.6050735034055,6240.245730484236,1.6556935969589404,140,0.6291834895310292,0.960610136218917,cluster_5
3071341200055100122,,236.06499541028683,1056.892124132082,6234.731427631371,1054.1084899178138,6231.517896686059,1059.655216212237,6237.689797706327,1.4194935620933034,102,0.8147328719770792,0.9608793334359916,cluster_5
3071341200055100126,,863.9296081731939,1015.0747482667408,6238.818624944695,1007.7604778358738,6232.546755466527,1021.8017411819944,6243.724436582515,1.5215040359888297,318,0.4870716495144332,0.8744347089045411,cluster_5
3071341200055100128,,400.4327028404011,997.543641596507,6240.261938653377,993.2586682058852,6236.737844775344,1001.4228694278136,6243.646400412555,1.5208100108381246,185,0.6085763400791925,1.0000000000000004,cluster_5
3071341200055100129,,618.2316777332309,1054.1719274754976,6241.422165529803,1049.168366339223,6237.231308577921,1058.8888087203288,6245.464353799832,1.2149146269841444,280,0.4790328305522546,1.0,cluster_5
3071341200055100136,,758.981834245024,1027.0433811606542,6248.092568665051,1022.7186396649164,6242.200205359043,1032.8229213166455,6254.208241574521,1.5867269099323558,298,0.5022070395018474,0.8797708055659348,cluster_5
3071341200055100140,,638.8871252850377,1064.6333069803686,6250.52357170628,1060.1043869911614,6246.335940900365,1068.9321038278083,6255.508640273166,1.0657638848476445,233,0.4811220609543158,0.988753436165987,cluster_5
3071341200055100141,,549.943446589562,1019.11908177006,6251.408354850849,1014.1942073735272,6248.069651828069,1024.1320786832805,6254.753993888523,1.5031913883609571,173,0.5184476456539543,0.9962674416342284,cluster_5
3071341200055100146,,593.3439351144757,1061.3302703943211,6257.265825236337,1055.5390907646915,6253.464650962139,1066.3285987330155,6261.33970472142,1.70209015088593,176,0.5255422796133535,0.9662289412942658,cluster_5
3071341200055100148,,527.8257360925702,1074.6406502586124,6259.278141806072,1070.9077320420408,6254.038648087614,1078.315816861992,6263.379551553347,1.3992072113211973,329,0.5348228742914194,0.9902713794667756,cluster_5
3071341200055100150,,547.1155053851592,1041.9475052653177,6259.906128857344,1036.6241681097072,6256.828745538507,1047.6970042569292,6263.479448359414,1.8241620806794905,197,0.5760098302620588,0.9254373029437098,cluster_5
3071341200055100151,,405.3149140159839,1052.465531682897,6261.259335970164,1048.4203792922815,6257.426491121487,1055.8721421607593,6265.86860319595,1.6488420567732769,151,0.6443095357922607,0.9619028285020726,cluster_5
3071341200055100152,,480.5619236220151,1058.6104052737835,6262.269551998076,1054.2740403624448,6257.459486103928,1063.438972647258,6266.510193389945,1.5472347597335736,157,0.6093851147426238,0.9349014425436516,cluster_5
3071341200055100153,,269.5672536795739,1068.933317080793,6263.984139355766,1065.8362597348714,6260.857921408001,1071.7400144739013,6267.020524500347,1.0371867059399889,63,0.7248207776641012,1.0,cluster_5
3071341200055100156,,768.6278090544233,1063.2502157412034,6268.910443883845,1058.0338739093345,6263.217219627482,1068.6085971866928,6273.833814532098,1.0981684581714943,286,0.4432451513898585,0.9754265877490558,cluster_5
3071341200055100157,,480.5150375054643,1032.865545406324,6266.6917983963785,1028.5438113133007,6263.183252082459,1036.9475614036814,6270.59254058144,1.2860555177234598,154,0.5590223701235014,0.9705971189922206,cluster_5
3071341200055100161,,516.5487769451902,1052.0875441375067,6271.234363777352,1045.9382588187498,6267.813832073892,1056.8910858650522,6274.922742701905,1.6322789802349518,223,0.6036520995622209,0.8980992138842269,cluster_5
3071341200055100162,,368.1865518803825,1068.934128970757,6273.337397262944,1065.811212283466,6268.738342135433,1071.2731239038085,6277.782448311132,1.6569143926332093,133,0.6562923236434798,0.9942315584329104,cluster_5
3071341200055100163,,784.5838227767513,1041.149528622822,6276.030998840294,1036.5374572884757,6269.250696513087,1045.526380176209,6282.501390423119,1.6192786806606896,268,0.4975473599711702,0.8752684861232803,cluster_5
3071341200055100169,,537.9769620428855,1063.0765228972562,6284.841728520719,1058.2184568514858,6281.039077990029,1067.9432244860911,6288.536380019867,1.6813449278464647,232,0.5516896213712795,0.9517672179407564,cluster_5
3071341200055100174,,509.8178660966102,1035.4055446746208,6292.482307940146,1030.8180977567715,6286.421307401908,1039.7329049174589,6297.759982818082,2.365871937818961,144,0.6395407962454426,0.912516725549728,cluster_5
3071341200055100180,,191.2668735018399,1051.677495724334,6301.928614692531,1048.740422405876,6299.229974802561,1054.4431697578589,6304.413497998667,1.6686534178885013,87,0.8954836530141917,1.0,cluster_5
3071341200055100182,,1262.0645100375716,1042.4624952113825,6307.889592460145,1036.1087710747977,6300.905663695374,1049.0080007034385,6314.163239359681,1.0591204478797571,486,0.3407164219492502,0.9706466882583016,cluster_5
3071341200055100183,,403.4058130133529,1055.5524196098122,6306.484962423817,1052.3548949741262,6301.792294390846,1058.8676121839992,6311.042657298956,1.5014778703793317,220,0.6656836733921746,0.9193762207142822,cluster_5
3071341200055100184,,174.80158284455436,1050.6847864545389,6306.614231450042,1048.180826147014,6304.373466321747,1053.0172476780945,6308.967100158385,1.2239825144843592,85,0.930155603781637,1.0,cluster_5
3071341200055100190,,460.8987369935143,1045.2522456247054,6315.949593433984,1039.9144854450735,6312.327024605907,1049.8933934083511,6319.569994359426,1.4683201611847867,216,0.6301872633300066,0.878975815770999,cluster_5
3071341200055100191,,531.9911931248342,1060.991868988049,6318.209492997265,1057.4893444165937,6314.157167966742,1064.9158346615557,6323.1143050463015,1.1916399507611013,174,0.5488053748980217,0.9636421524504954,cluster_5
3071341200055100195,,362.2037370046277,1047.3384882016662,6328.924273525508,1042.1598061492125,6325.814619700564,1052.14174354384,6331.763951832504,2.063912922067304,112,0.7195399993215629,0.9322219926199654,cluster_5
3071341200055100201,,1314.9444197204325,1060.2581327084274,6354.65817007253,1053.712210894534,6346.576087742992,1065.6739947675214,6361.891216316008,1.2829612499408165,474,0.3652819825383498,0.8978213855135738,cluster_5
3071341200055100202,,1254.8421267599242,1069.2858453976978,6354.859867079721,1064.2958740990382,6346.719797881002,1074.2315579236747,6362.855554151931,1.5413957779375462,277,0.3490595234687252,0.987619210896136,cluster_5
3071341200055200018,,621.9089121914413,911.3701723835566,6113.093077037139,905.5468347658835,6109.251365498134,917.067708036388,6117.165599413091,1.93820469768068,160,0.519062769087106,0.9676990954574016,cluster_5
3071341200055200019,,758.3224224706464,930.2239636321356,6114.035117913081,925.228131126496,6109.741136796959,936.0719250672076,6119.017002793598,1.1136149830348752,170,0.452881012851821,0.9525291669034875,cluster_5
3071341200055200026,,872.1074645507338,930.935108851433,6123.710717656858,924.927440779296,6118.675354030469,937.4945267028112,6128.930160844462,1.2035182635886783,278,0.4310576469827919,0.9341947022214508,cluster_5
3071341200055200028,,2041.886428832603,943.7369241008164,6129.813371133895,937.3022050226168,6120.636702966196,950.5754929322736,6139.564246149155,1.4710768300617116,558,0.284776610016567,0.9713016751038792,cluster_5
3071341200055200029,,2201.0641434756303,954.7777684525256,6133.815656828725,947.489225457148,6121.594408168647,961.4799117139836,6144.80577585724,1.630654277448499,544,0.3000361429203812,0.872690886489406,cluster_5
3071341200055200031,,425.790703470706,970.4098225229202,6131.528770138525,965.4790186692284,6128.404762625711,974.962227075961,6134.344519773244,1.6043340647213176,170,0.6015423068731486,0.9858066824732532,cluster_5
3071341200055200032,,1301.1372883507297,984.1647489177512,6133.612165025109,974.3925960977396,6129.700709639717,993.8821148200918,6137.901877627773,2.358653208913371,383,0.3889539281432794,0.9483633886599152,cluster_5
3071341200055200034,,632.4017376510917,966.4932373739248,6137.10339883669,961.4903830398576,6132.800922511857,972.1674729936112,6141.108048482014,1.1156463500256546,247,0.4876182840554371,0.974161702983944,cluster_5
3071341200055200035,,943.052534397116,1000.3233684646832,6138.474207761626,991.5825276252368,6133.322371748389,1009.8781722519608,6142.868548524262,2.625997675789494,359,0.4903911538878437,0.9121922438135324,cluster_5
3071341200055200036,,744.5618046372753,991.4350407411322,6142.655233544653,986.5695708973328,6137.484014148289,996.3412897016397,6147.951963420319,1.3087981360459284,277,0.4757086556965664,0.9321473055443966,cluster_5
3071341200055200037,,685.3044692415037,984.421283128666,6142.71769448452,980.3825444061836,6137.476391723761,988.1615331233892,6148.162351986431,1.4391183367522349,290,0.47186724202018,0.973349849808716,cluster_5
3071341200055200038,,595.1276219344243,972.2723630776144,6143.677753939898,967.4816050926432,6138.995638771935,976.9674873466894,6148.166953104586,1.0466802565067936,224,0.491944489900733,0.9951809395012232,cluster_5
3071341200055200044,,964.3357623959272,966.0038948370368,6155.107425452866,959.9733165269912,6148.065561607708,970.8251748745232,6161.553804464505,1.5203814633287414,353,0.4138952406422369,0.9369186961701672,cluster_5
3071341200055200047,,459.77706345065087,952.079032834744,6155.009104535463,947.6844408491324,6150.532583949865,956.0273581747804,6159.969930387062,1.651633734556299,46,0.6115571382489008,0.9642208469225396,cluster_5
3071341200055200048,,1279.148676695394,980.11175092363,6156.532185337666,970.021370821172,6150.46217883398,987.2738352934456,6162.099384989897,1.8664716319688293,493,0.3953467509566276,0.9089497853978586,cluster_5
3071341200055200050,,438.3402533571303,1038.816594254521,6157.020580025272,1035.157475063084,6152.951788398138,1042.6787648101442,6160.777603555657,1.4257736705409494,225,0.5764800032005661,0.9884938975444924,cluster_5
3071341200055200053,,354.7642076715496,1007.9778203681492,6160.514631626576,1004.9419032811712,6157.0932315948485,1011.6387913028726,6163.734526066685,1.0083708906599855,113,0.6498789558500416,0.981691667668426,cluster_5
3071341200055200054,,1238.1188252399318,974.1511360357464,6165.287983811796,968.2869293153216,6155.744227644992,980.5097886688944,6172.333131097221,1.5392381033866311,450,0.3883744225236137,0.8991409938189726,cluster_5
3071341200055200057,,711.545351390648,1029.731786158991,6163.509572438057,1023.6891662940016,6157.829144732816,1035.434957040548,6169.107721008073,1.707578763769973,266,0.5185927842510113,0.8911746391490026,cluster_5
3071341200055200058,,1204.641239243986,987.604228557602,6165.284312967343,981.1944798357302,6157.8380798920025,993.7450752257464,6172.141509411748,1.204337726632474,446,0.3663743212798884,0.952971785320259,cluster_5
3071341200055200059,,852.6841585627011,1047.1968204138602,6166.918271748953,1042.0399049952678,6160.703064815918,1052.4071509480486,6173.196213503089,1.7061914440064463,224,0.4349961422148744,0.9808212136645152,cluster_5
3071341200055200062,,695.7970802473784,1034.3618533814786,6168.815514181149,1028.758678448114,6163.429785835436,1039.217014384965,6173.114934608959,1.012598589522493,234,0.4696872234320605,0.978643118676016,cluster_5
3071341200055200063,,1570.5107032036549,965.037987494824,6174.304381591618,957.6980657804382,6167.593313141004,973.093102704242,6181.41921762108,1.241351842242696,498,0.3188329677610342,0.932833002292785,cluster_5
3071341200055200066,,1184.586907622217,996.1731508094643,6176.977041634943,990.204801081357,6169.449581169929,1000.9493940124668,6184.3985120023335,1.4500860521727472,346,0.3746828545234252,0.929478190915536,cluster_5
3071341200055200069,,457.77123676568726,1043.074342515018,6173.9528776307625,1039.232275899702,6170.327428088505,1046.836796415815,6178.229896838431,1.054873734919079,101,0.6224487992961115,0.900114118388079,cluster_5
3071341200055200073,,393.2256928319925,985.5454472010896,6177.984563298641,982.116985912034,6174.188842393594,989.0825167244744,6181.706832491854,1.1209878839161986,113,0.599466574624495,0.9878796979163242,cluster_5
3071341200055200074,,418.4793209642593,1004.3550618874522,6178.089850648736,1000.793894872013,6174.221262030513,1009.2246978650016,6181.380025990953,1.2339966098348052,117,0.6376012881091228,0.9327560212135382,cluster_5
3071341200055200076,,1005.0045935500008,973.2613361069853,6182.958413746493,968.070936188699,6176.1683473007415,979.5630259018674,6188.993710758013,1.2041217078611526,416,0.3945751241682931,0.96246707703739,cluster_5
3071341200055200079,,1102.568256108848,1004.4493163681626,6185.186543810801,996.2636418666078,6179.682438813219,1011.7320051294596,6189.523026305458,1.6750956412705829,300,0.3851858220196358,0.9710366113232388,cluster_5
3071341200055200080,,660.4498980899601,1022.1090400919812,6185.239031941369,1017.3244049984768,6180.105950401036,1026.381457883169,6190.749215103923,1.5646326123034455,205,0.4927923710572011,0.9776887540266402,cluster_5
3071341200055200084,,959.3850622979872,978.5706946266235,6190.953182777914,973.278194250302,6184.046865162982,983.272616961206,6197.59313195655,1.2989019060969844,302,0.4024513737260941,0.9724422946221416,cluster_5
3071341200055200087,,764.4681031384989,985.4299807110748,6194.174457450213,980.7990753230542,6188.348808457534,990.3764451624978,6200.106593586517,1.5541170270208002,260,0.4565651511345226,0.9624030754329976,cluster_5
3071341200055200089,,632.6127248011065,990.1976321380072,6199.273690093186,986.1675430447988,6192.453243746915,993.3365293498674,6205.3524624328,2.0226128014848626,233,0.5352665550163881,0.9818908438965596,cluster_5
3071341200055200090,,1226.5983809349427,1065.073004861861,6199.241082606754,1058.0785228920852,6191.831728929429,1071.20873776505,6206.311002271339,1.7013734675812773,396,0.3925728003132547,0.9190736510860392,cluster_5
3071341200055200091,,1025.3516868328304,1046.9454996633467,6199.749184630919,1041.083109479986,6193.382128895113,1052.145857119946,6205.701612690576,1.081901780143023,286,0.378225693238265,0.97263427473276,cluster_5
3071341200055200093,,825.8957181085061,1019.4023379852478,6199.384608021506,1011.5046035474836,6195.358788887028,1027.3882241549973,6202.915219497134,2.5283849976139554,205,0.5029835226185789,0.911542343463555,cluster_5
3071341200055200095,,484.6190244705062,1061.0862377569008,6206.581916586248,1057.7500618097745,6201.224830615985,1064.7625416403966,6210.913389184168,1.441629885213879,102,0.5730717666722075,0.9724485395033218,cluster_5
3071341200055200096,,989.4715807054054,1053.8533250092937,6209.64817575388,1049.3720077045514,6201.589513185111,1058.3916892696768,6217.333723388028,1.9364347201793453,215,0.4292947308240289,0.9479181621970574,cluster_5
3071341200055200097,,701.9236767969911,1032.370926485947,6212.099610528276,1027.436894379998,6203.080668410134,1036.9655063681023,6220.528190510314,3.1303623829051563,164,0.6579129142880228,0.7549795111882974,cluster_5
3071341200055200099,,1003.0596398708587,1068.6961116066695,6211.440503488562,1063.3798645156046,6205.522384706337,1075.1921498959362,6216.998867220734,1.110936350769511,361,0.3881387512404179,0.963000782144405,cluster_5
3071341200055200101,,300.86636275165586,996.3829169399506,6212.168929851047,993.4767613757972,6207.383784277887,999.344227632972,6216.737852370668,2.470902416552079,65,0.8362611281642237,0.9090969519681968,cluster_5
3071341200055200103,,728.4872030139159,1048.0227688732004,6218.572143786751,1042.2131178883878,6213.223268076808,1053.8234017923885,6223.365032740234,1.2390473560295774,182,0.5385992410249435,0.8160566164172285,cluster_5
3071341200055200107,,618.0204659326544,1076.1744755691327,6220.256959263816,1072.2192261885716,6213.768297062474,1079.2423763470006,6226.781117681228,2.187840301994348,82,0.5591071504369514,0.9149401977225198,cluster_5
3071341200055200111,,1126.0838138878682,993.1423414281408,6223.536437013544,987.1863278947932,6217.209161176323,998.6149587817204,6229.524568038155,1.1100655568847202,374,0.3581516925245606,0.9812189155387326,cluster_5
3071341200055200113,,1156.3412608846834,1060.0584206543938,6223.129600893254,1052.4205452005997,6217.238793615708,1066.8048572114228,6229.371703013322,1.3255650342415355,448,0.3764944501557581,0.938224832985046,cluster_5
3071341200055200114,,1119.5680426691697,1044.3263153291152,6227.1425835021055,1037.8139421078097,6221.389764558246,1050.5077517544637,6233.248929601876,1.066060763048272,381,0.3633676568331153,0.9745257837665192,cluster_5
3071341200055200116,,322.92569102059144,1066.6896290371003,6229.434669531833,1063.3202353648774,6225.418765051789,1069.675023678369,6232.383801022349,1.012945267892769,113,0.6761807366596154,1.0000000000000002,cluster_5
3071341200055200117,,967.9856453480064,1030.8538795472111,6232.325337579557,1026.462707671853,6225.9421159881895,1036.4926174679135,6238.584844375139,1.3204487177123048,333,0.4142049645145627,0.9471546768914888,cluster_5
3071341200055200118,,422.332988347902,1022.2354073344756,6229.83850911336,1015.8585841295416,6225.947914259471,1027.380353122595,6233.376470760293,2.6312171492383936,106,0.7400534500789434,0.8861708672245161,cluster_5
3071341200055200120,,376.3173203704206,1008.6249362270004,6232.907334812054,1002.8799380112634,6230.9533045214885,1014.0634605357124,6234.888408943301,2.86013761424272,68,0.7268874882023718,0.9821232731749412,cluster_5
3071341200055200122,,1099.906214645605,1064.1511463072327,6236.4377118099,1057.8383274503997,6229.730455307506,1070.2342201311758,6241.923734789519,1.0753983503834317,462,0.4208918166756947,0.866801214934295,cluster_5
3071341200055200124,,738.7816260857284,1038.038305477454,6238.377039079021,1032.4556663796222,6234.202403875537,1043.5352894598373,6243.478864992248,1.0900602087612736,232,0.4611489617850074,0.9553096646247664,cluster_5
3071341200055200127,,1829.267546014486,1072.8532345828426,6248.362669740615,1065.8937923714873,6237.048320633314,1079.2828636337742,6261.943748081205,2.617369322706098,810,0.3586518168943149,0.9080308101894764,cluster_5
3071341200055200129,,470.8912250457851,1031.503270907486,6242.014832304869,1027.2043437279144,6238.632210950398,1036.280001542524,6245.396588844626,1.340299088184025,172,0.5696893401488622,0.9851715850514006,cluster_5
3071341200055200130,,838.3664135429215,1017.1103201131348,6245.047795768858,1009.8762746803948,6240.511278849683,1023.5698242789052,6249.368494249353,1.8464808966824129,333,0.4800650189196772,0.9080071740452436,cluster_5
3071341200055200131,,701.3755930025692,1042.0088033228567,6246.062140727626,1036.9392588154203,6241.292678548055,1046.5298185786096,6250.547768695889,1.005225784405578,249,0.4709409912659788,0.9614108261784527,cluster_5
3071341200055200134,,581.9506332461062,1051.3256149750002,6247.800155034979,1046.9402579779448,6243.549819795368,1056.1373957519263,6251.377866963568,1.1707614976578709,183,0.5196453165886804,0.9520165094496856,cluster_5
3071341200055200135,,440.5566881779934,1033.9060748778627,6248.718944491871,1030.330109079565,6245.045786516032,1037.183134054242,6252.749056116615,1.1141211976779553,156,0.5687354247074246,0.985860475891392,cluster_5
3071341200055200139,,269.23169979938064,1057.5192563319868,6251.623299313257,1054.3877989754917,6248.745567874318,1060.3889929957654,6254.524600670591,1.089746016190016,91,0.7293785471750643,0.9857372093561794,cluster_5
3071341200055200140,,629.1808154235591,1040.6844430917945,6253.542257745751,1036.1917054821574,6249.474309284873,1045.6290175678778,6257.241364631844,1.243434303402748,175,0.4872679992769164,0.986480394788645,cluster_5
3071341200055200141,,394.26187973510446,1052.1926161398462,6254.510537883035,1048.5817422616392,6251.216332098479,1055.9581100784328,6257.77787025454,1.1157423888217,140,0.602841163505896,0.9863293887460876,cluster_5
3071341200055200142,,570.7838578196641,1026.963465975693,6256.244507421565,1022.9552189964606,6252.456251778816,1031.4875971811357,6260.711303154567,1.004138947177211,207,0.5009438877070242,0.9966136702432354,cluster_5
3071341200055200143,,524.1381619899616,1020.0076902139698,6258.168800605369,1014.7836141578427,6253.89111746779,1023.3651766040678,6263.675090581141,1.372210399487145,157,0.6206860623041058,0.8857699053741238,cluster_5
3071341200055200145,,750.1232750888307,1030.8702346683522,6261.301155002853,1024.2305662589192,6256.16914169281,1037.03260028447,6266.544059444639,1.825654126966499,297,0.5212206994490454,0.839610141372021,cluster_5
3071341200055200150,,520.3976677098782,1049.0675592757716,6265.745379505411,1045.3938154126167,6261.330778374248,1053.749556582561,6270.033582670401,1.010484526806168,184,0.536283063354071,0.9818594404000914,cluster_5
3071341200055200151,,368.9471284733471,1041.65473527035,6265.204441620271,1037.3051310750454,6261.591073460783,1045.452322998607,6269.048498107874,1.8488302487194648,159,0.6906915279690227,0.9648957119460942,cluster_5
3071341200055200152,,1092.6796622803415,1074.5781730452256,6270.614031112253,1070.4662580414604,6262.655204408768,1079.2038107084545,6280.010952974779,1.9715753708687904,456,0.429314692912965,0.9129110289707906,cluster_5
3071341200055200155,,266.2226702287049,1038.878898933335,6268.57923061627,1036.1808289925011,6265.283216745017,1042.0652015340477,6271.631799188379,1.3460689749676316,117,0.7478507009530382,0.9885352221625432,cluster_5
3071341200055200156,,667.806566202981,1026.631099148786,6270.838757517196,1022.395998480746,6265.363615997047,1031.658508955201,6275.7035027369375,1.2313281618176926,274,0.4918187868204487,0.9595788854523576,cluster_5
3071341200055200158,,491.37430378844863,1034.5601993450098,6274.022694524689,1031.0178706725771,6269.596209265422,1037.8411269598273,6278.512128647554,1.3487394992263595,191,0.5393392346134555,0.9953712294237934,cluster_5
3071341200055200161,,651.7890373220467,1048.261195573214,6276.735567219134,1043.8845236332086,6272.331869809534,1053.7074498284608,6280.780035922066,1.059861852748087,241,0.487128868425502,0.9716423763724448,cluster_5
3071341200055200162,,405.31668642650914,1064.5539120209896,6277.819487135407,1060.79860796692,6273.645879535396,1068.2436070827862,6281.383116838035,1.0939188902851575,173,0.599500908389082,0.9858247684757834,cluster_5
3071341200055200163,,434.8126363702696,1058.4093944078322,6280.041200507026,1054.8711799879925,6275.920659661286,1062.1101081784311,6283.924475701238,1.142470375406824,175,0.5735820737364593,0.9837831342555188,cluster_5
3071341200055200164,,1160.173680275175,1073.672602754323,6289.460612042423,1069.3793625582368,6278.382893311974,1077.6682378806986,6299.611020076078,2.777280149405524,578,0.4464379452673767,0.9049574101519186,cluster_5
3071341200055200165,,826.49443939196,1037.7430457458756,6284.931568534891,1031.2411784160058,6279.62119659165,1043.0753807327671,6291.027108231794,1.7585951097850812,350,0.4759910729420663,0.9037237092951927,cluster_5
3071341200055200166,,1465.7709984401015,1051.84484868894,6286.609998794308,1044.027541202382,6279.623641583793,1059.0101613450397,6294.867128372354,1.3874515714456872,647,0.3467274066465184,0.911072821934158,cluster_5
3071341200055200168,,575.9321353702876,1061.969665102085,6292.31975107325,1057.28371997742,6288.79741550393,1066.6459638375045,6296.093471863372,1.2903780560614868,155,0.5055263325402716,0.9838715626358682,cluster_5
3071341200055200169,,1012.4768661715724,1047.8024759258417,6296.499896403936,1041.864059878664,6290.608082485228,1053.6407874715192,6302.687051359189,1.1189678250081423,407,0.3853470377295218,0.9584254873548792,cluster_5
3071341200055200172,,768.0489539989562,1067.6010758195969,6302.792377529761,1064.2931879028424,6294.552540211766,1071.5245442642383,6310.096280650128,2.370252915060137,375,0.5230177679429681,0.919412946606792,cluster_5
3071341200055200173,,737.6794821247511,1059.803678847187,6301.534128659207,1053.2829118240982,6296.456719588219,1064.6856429959976,6306.679638215968,1.2200037359883693,361,0.5084205515555996,0.859538264692625,cluster_5
3071341200055200176,,771.9417191501057,1063.0083578511014,6310.700411709841,1057.5848258904723,6305.854248198546,1068.9805592878888,6315.12359127599,1.2368673060194288,351,0.4596233544168787,0.9355254154537394,cluster_5
3071341200055200178,,486.3661021830056,1051.672563532062,6312.58508403106,1047.2000632185964,6308.597660026262,1055.9920883479954,6316.297469366918,1.3343939865502223,175,0.5650312618989308,0.9644013087011906,cluster_5
3071341200055200180,,1359.2472993124877,1036.2303519640593,6319.426026715437,1031.1676469871716,6310.377322509221,1041.6897630202595,6328.062763947087,1.6825335984864205,67,0.3760795189403119,0.8996200782017366,cluster_5
3071341200055200181,,730.6254485193731,1044.6634469155513,6322.884182745452,1040.6704613882523,6318.0220276339605,1049.5943298677237,6329.36617715268,1.2459691332107905,233,0.4846838527795798,0.9422618915724906,cluster_5
3071341200055200182,,841.8528367956708,1053.7255762170432,6320.707777611468,1048.3639180189623,6315.3059496378455,1059.3942741761216,6326.343681789665,1.0984616922822144,240,0.4663995371855059,0.8790027892896753,cluster_5
3071341200055200183,,466.73121426563256,1055.8002226417725,6328.667241617075,1051.8076680989566,6324.417452512125,1059.3644158876857,6333.0110877504085,1.2447407000503723,103,0.5846851356819164,0.9500600915304256,cluster_5
3071341200055200184,,718.5346059321497,1052.3037911137087,6334.346253738242,1046.1047091513626,6329.291639183663,1058.1328327771498,6338.962793031941,1.3275077729487406,234,0.4867039333109186,0.9237599239455366,cluster_5
3071341200055200185,,1259.3018643983123,1061.3316150703229,6340.979400144258,1055.9306315123183,6333.819986770434,1067.4772555349307,6348.679688579228,1.264318548952237,208,0.3467011213620023,0.9789496683460857,cluster_5
3071341200055200186,,1566.834211444528,1051.2095426132885,6344.17289681328,1043.8921461268226,6336.04726839597,1058.625760388389,6352.907681108736,1.479758009777938,325,0.3455502684831669,0.9105558959575616,cluster_5
3071341200055300014,,1245.5563623728112,918.2551235878854,6125.622526246456,912.5935987995838,6118.413321878696,924.2493936402756,6132.035394801304,1.4035743344016962,55,0.3416673408769103,0.9977950165725528,cluster_5
3071341200055300039,,1513.5113425280272,999.1194098460958,6159.728083647759,991.1323045849058,6152.844018829066,1005.1981857060885,6168.894005709172,1.234926103131828,507,0.3549682437838284,0.9253512479723078,cluster_5
3071341200066100024,,588.6111213045663,403.5186343331111,6390.217304087048,397.6330887785851,6386.212259315958,408.3174777225392,6394.029898897873,1.351483683227387,110,0.5629984438571852,0.9007428506728924,cluster_5
3071341200066100030,,641.7638257865577,520.4608883771235,6401.783005867662,516.0240399924262,6395.317475225432,526.5613749047272,6406.430636821084,1.7017899325186705,393,0.5778275297920284,0.8180866341412106,cluster_5
3071341200066100031,,489.11430371704046,406.6976925569267,6397.399364613876,401.65099026673965,6394.036621037462,411.341029825502,6400.762004311695,1.4900584675869406,71,0.6000700680396571,0.9121497433177028,cluster_5
3071341200066100033,,991.1087767224016,533.2085938796753,6403.400978557633,526.3714887384862,6398.6342475893925,540.377414320177,6408.206742365264,1.4163971807543965,387,0.3988516138464716,0.9602046611453734,cluster_5
3071341200066100036,,1459.6897989330944,509.56866717861806,6405.228357865221,499.4546820961144,6398.665742084881,520.1262537295135,6410.806668071869,2.1054900488073245,330,0.4023731847295032,0.85395551726485,cluster_5
3071341200066100037,,577.7478015860223,401.21592678883496,6405.28833112429,396.12875938584136,6401.801488699007,406.7210544255299,6408.545308820267,1.614032862826421,121,0.5072122275908354,0.998383582160746,cluster_5
3071341200066100039,,449.5140097969127,449.3874348866248,6407.791413239999,443.5566237806608,6403.9014986867405,453.88792116621534,6411.41160647884,1.6023567646868977,159,0.7050138514762335,0.8109868225619409,cluster_5
3071341200066100052,,1356.3989435143096,517.496923103589,6421.386212640391,510.3179293781231,6414.790441306594,524.7450437959467,6427.85697287202,1.195944423533783,436,0.3336503018238387,0.9749769428994932,cluster_5
3071341200066100053,,223.41113801131337,531.3637556893958,6418.203195754309,528.1892794358373,6415.635672047354,535.0211643620253,6421.370948955605,1.9792987892216087,112,0.9027547244431916,0.94089001930976,cluster_5
3071341200066100055,,794.0552138939,536.0700246277834,6422.300959622046,530.1162457782549,6417.127528619947,542.1911114605525,6426.612210917221,1.3674697029478766,347,0.4695238203365245,0.9235425532038468,cluster_5
3071341200066100056,,441.1814321183638,407.0650646472236,6421.807874726342,402.1279750679605,6418.810491950713,412.149082265027,6424.877704008662,1.8776637286407565,146,0.5993681102818648,1.0,cluster_5
3071341200066100057,,1650.2477248296354,525.1731989268143,6429.349200611906,516.9866195618279,6421.080419046865,531.7444415498702,6436.763602762953,1.0857436123622282,688,0.3235048912136211,0.9244516928862364,cluster_5
3071341200066100058,,476.5222389181347,414.4135452026909,6425.761260625034,409.1661292600282,6422.8065898104205,420.0227181736873,6428.376303253104,1.9614050023517853,249,0.5865172285712746,1.0,cluster_5
3071341200066100061,,363.7222204713791,427.30156006588265,6426.824058251237,421.8214643012644,6424.534436902031,432.2316244108909,6429.489119678708,2.325116339536823,153,0.7148903634438737,0.9705992413559386,cluster_5
3071341200066100062,,862.659922033584,535.19129659002,6430.4092219846425,529.6136153211087,6425.40493584503,540.9175945148718,6436.81812351344,1.313180259151743,405,0.4569095325533494,0.8939898481216247,cluster_5
3071341200066100064,,579.6886535263759,426.556519310393,6432.088962583463,421.3505406575233,6427.561462812821,431.0068815002156,6436.500751454184,1.2897120566522973,222,0.567575148559832,0.8720684739811975,cluster_5
3071341200066100070,,2489.0067483398107,477.2845257931025,6446.651545792135,467.1605101262385,6439.488004966626,488.7178284958339,6456.498559193447,1.642394998216236,1515,0.257667356233878,0.9577263230088044,cluster_5
3071341200066100072,,270.5025978297573,423.9009331314065,6443.490158305839,421.09032405173866,6440.487416273627,426.5670665592546,6446.336140970949,1.0871208202700846,92,0.713696125395763,1.0,cluster_5
3071341200066100083,,1231.825748578383,540.7025866823332,6457.849389939785,536.102016305745,6449.635988031655,550.3411822675117,6467.49782667296,1.8628170270349456,433,0.4371537594285272,0.7375471212019782,cluster_5
3071341200066100094,,786.9187278725049,518.6957479487328,6459.379800201378,512.9069957347614,6454.3430590730495,523.4519396965416,6465.757134185352,1.774776374468446,294,0.4716268784309189,0.9592266455379912,cluster_5
3071341200066100097,,529.7407262052426,485.9284181438965,6461.82278617549,482.4187583350551,6457.378317666358,489.7351524590289,6466.653844622726,1.4122683423225193,278,0.5313192205711905,0.990405937532646,cluster_5
3071341200066100099,,568.210075805156,457.8792678790955,6461.717992275896,452.8190622969228,6458.039239143376,462.95963248475823,6465.7762100999225,1.5678940285201082,336,0.5700453138754606,0.8889047315221926,cluster_5
3071341200066100100,,827.2274213966326,479.028415305303,6465.04307916294,474.9586281094525,6458.134286757862,483.4057380254886,6471.607630656268,1.5613601424239565,419,0.4558082290485573,0.9335366255806729,cluster_5
3071341200066100104,,514.0694273622557,423.78855235661104,6465.44559021847,419.4149098015942,6461.967685709981,428.5201058856076,6468.806844971602,1.3175672375989231,331,0.5248108444266779,0.9981795809546252,cluster_5
3071341200066100106,,549.9357112514133,490.6311486835963,6468.586266064779,485.3340136616736,6463.812771633517,495.7091757123253,6473.335422373075,1.3594443676282644,210,0.6088575065021772,0.8661185369430576,cluster_5
3071341200066100110,,970.8657418075264,521.9023793212632,6471.024566069152,516.3187187195542,6465.14269115399,527.9178142772137,6475.818935539612,1.0839406346541782,333,0.3855891476250945,0.982440628144507,cluster_5
3071341200066100114,,295.4603450962399,534.7063455303596,6470.58328674247,531.2196372640642,6467.428736793327,538.1107829921621,6473.869126546744,1.8883385902904688,143,0.7312231629102027,0.9975895412795952,cluster_5
3071341200066100115,,689.4191748961182,454.9109829081453,6471.584926895323,449.5794357313047,6467.183716897461,460.0486058796271,6475.818935539612,1.1902935845293798,284,0.4516137750323308,0.995491412498442,cluster_5
3071341200066100117,,411.6540022929551,569.6386295897928,6472.055665808097,566.0913441217149,6467.787776388534,572.6955179061493,6475.902600926807,1.2677341811440712,37,0.5966962175301348,0.9884081700198744,cluster_5
3071341200066100118,,863.1633695989736,492.8700718412729,6475.461287115874,486.7889017941927,6469.681312049345,498.2782632910721,6480.1391441966125,1.272777214101937,193,0.4285414754883096,0.9552196486969562,cluster_5
3071341200066100119,,2187.4787045161806,426.8841492006659,6479.754119185136,418.0042044103328,6469.715234310853,435.5322600072259,6489.426902098908,1.529265802941769,717,0.3022281420250809,0.90652438856335,cluster_5
3071341200066100121,,961.5287797063284,509.3932740914216,6476.654937392544,503.6517667625064,6471.351475620106,514.7612201119102,6482.388454198444,1.0657557699137157,433,0.3957817831801304,0.9579809546891428,cluster_5
3071341200066100123,,416.6500985299269,461.38250832061846,6477.262141882887,457.6383450131833,6473.541702803063,464.9451701156486,6481.315270790665,1.0097189132118165,214,0.6127149623861458,0.9394579998231728,cluster_5
3071341200066100125,,1016.1925162521924,477.0676336159349,6479.302161676324,470.7793088294544,6473.998255452159,482.9556111871585,6484.961236843157,1.254800311825199,270,0.3975074128014983,0.95048811207483,cluster_5
3071341200066100131,,1128.0388108321868,408.10608501427913,6489.025775104331,400.4613782875086,6482.312510460894,414.36642080932654,6495.872002347169,1.0201520892832836,360,0.4121860358179061,0.8782554931466571,cluster_5
3071341200066100132,,814.101505141672,445.6571807195841,6488.695448178065,440.7309547529656,6483.494244463684,450.4378055841268,6494.725785251746,1.0783366754155257,433,0.4211337825091861,0.976929092428096,cluster_5
3071341200066100134,,316.38667530222654,519.3436437967968,6488.12243500883,516.2999048527276,6484.594578985251,522.5370065744306,6491.458786805419,1.3749258164390656,114,0.6846311897455967,0.995297778757971,cluster_5
3071341200066100136,,717.381790806641,569.817931096636,6492.694634182759,563.9452269130434,6487.033727553926,574.5243200372649,6498.066811884308,1.181293639994991,436,0.4909454109929524,0.905201467037638,cluster_5
3071341200066100144,,730.0177707010741,439.18117301639774,6498.391900887465,435.11439274046535,6492.463673516784,444.0706095082441,6503.628686560587,1.18647810900492,323,0.4545210265909709,0.9777490685437324,cluster_5
3071341200066100151,,855.3888788455403,548.9999866066173,6501.255921560943,543.7543081229755,6495.381381183278,553.7725270768493,6507.753057861552,1.0118757120045858,416,0.415592459381929,0.971847062227264,cluster_5
3071341200066100158,,574.7187735326938,522.7207732671299,6503.38871613157,517.8180898802674,6498.822597710475,527.1680769383196,6508.056796633719,1.697093031580309,175,0.5194027913825988,0.9888166536702468,cluster_5
3071341200066100160,,817.9065952954473,482.4166076666856,6504.619602554289,476.7722042639869,6500.1313701117015,488.2367878729088,6509.556617766411,1.1901067224479769,382,0.4203263336251024,0.9804319555544436,cluster_5
3071341200066100162,,652.1993815914541,518.6274995496619,6508.1297392718125,513.5611505214963,6503.641570212489,524.9650041757521,6511.9760360040345,1.4903968699678125,207,0.4891577720250349,0.9848443655106096,cluster_5
3071341200066100171,,381.74958964132736,409.6860691305374,6510.549052754198,406.7118996734272,6506.737827674624,412.8415993814066,6514.361976979035,1.2462957426196888,165,0.6046122344269796,1.0,cluster_5
3071341200066100172,,1163.271646292635,505.63388911076606,6513.209589759171,499.57743367196014,6507.275475954266,512.5094792303385,6518.560856804544,1.147311874277653,474,0.3501851451240356,0.9819539857124318,cluster_5
3071341200066100177,,940.6054975607842,428.7762615450055,6518.479243221927,423.5191443306664,6512.983535466337,434.0221350224032,6525.42402629735,1.1328787755726009,349,0.4023182902425427,0.9688539520836708,cluster_5
3071341200066100182,,859.2931110850205,465.5801599263615,6523.002504887928,460.4810171777767,6517.086666782921,470.045630336869,6529.385332000367,1.564644133737253,412,0.4267827488668358,0.9588553571493968,cluster_5
3071341200066100187,,515.4607168227649,458.5530731919179,6524.787485036447,454.5279129752766,6520.879721352711,462.8136374303879,6528.306630455739,1.0904947026024674,218,0.5207732114631183,0.9959249098191192,cluster_5
3071341200066100189,,555.8448265109878,451.80528741226,6529.246670436588,447.5520337940514,6523.881738434094,455.4246067387268,6533.8926769228,1.2059657863616218,252,0.5223614683332335,0.9775310685496827,cluster_5
3071341200066100191,,471.20571387006703,475.11031892979,6530.29537663192,471.2766334594858,6526.457791007772,479.28276814577856,6534.880667199914,1.1573527817375613,187,0.5890223407543385,0.9235328061837154,cluster_5
3071341200066100192,,553.5570584668716,498.9148315658235,6530.915107140673,494.61155997446,6526.370389757317,503.4112053613442,6535.4921572137855,1.3554258742556338,250,0.5252784964166491,0.9785521230655668,cluster_5
3071341200066100195,,391.8446336821748,436.6106180415367,6531.855345278783,433.10902968134354,6528.636398784935,440.4329412388562,6535.691549215557,1.086840906794131,189,0.6087157026864194,0.9865220229466016,cluster_5
3071341200066100202,,634.5830506353404,483.9779729475375,6540.494094999843,477.2275588069964,6534.741051567696,488.7160139258111,6545.390184671058,1.3772919772611911,225,0.578012566771819,0.821965718483563,cluster_5
3071341200066100203,,381.7010919975824,466.38164303094766,6539.72430695896,462.6461068799806,6536.418577302968,469.9698641949081,6543.346447416334,1.0653263709147216,169,0.6160176481016467,0.987527920343663,cluster_5
3071341200066100207,,1116.7731101893114,510.0230109258226,6545.958560508217,503.393442533386,6540.115883363833,516.9616687439213,6554.168259078706,1.4506240561595198,326,0.40842437454533,0.9033998314571338,cluster_5
3071341200066100209,,976.6535310358148,475.7073038447784,6547.1149362533815,466.7263035161495,6542.335505872781,484.2390953410367,6550.661895420168,2.4396457076173657,247,0.4697247893971145,0.903650067388964,cluster_5
3071341200066100210,,567.7162704443173,442.1279045337128,6547.540735289288,438.59499161791217,6543.007048671106,445.8160030666928,6552.4838126697305,1.3098201092744404,314,0.5163210608681127,0.97017258282888,cluster_5
3071341200066100215,,767.3366259718933,531.6006016761238,6553.489034921862,526.6889819355495,6547.849263700191,536.5687062738182,6558.54467925761,1.181027478731672,271,0.4529518140213691,0.9557547372316996,cluster_5
3071341200066100232,,930.5859984185132,467.79223085413054,6568.184576101056,462.0079660515486,6562.480234431049,474.1826776810087,6574.940734966893,1.4246138982905756,356,0.4666542377930729,0.8394748613761839,cluster_5
3071341200066100234,,1175.1712078914825,497.6729341493145,6570.582868404877,490.82820142318536,6563.951708072263,504.27360969531367,6576.929988288624,1.2175347507485912,475,0.3724380174041227,0.931028041187824,cluster_5
3071341200066100235,,821.1537305620741,482.0256656902706,6569.749398494155,476.253885548281,6564.941919828956,487.3724512621535,6575.580510497079,1.3192730111290984,302,0.4337408230243257,0.9678413008628036,cluster_5
3071341200066100242,,720.7671775922231,462.8714114746471,6580.417512341905,458.5408430511456,6574.173183928819,468.6921349535399,6584.985631432039,1.258185214577467,227,0.4853964819688424,0.9292367153186633,cluster_5
3071341200066100244,,2064.027628786986,417.0003695127902,6580.52896031879,407.0401668841679,6572.337834644461,426.3569029375448,6590.110948294579,1.6339296468960869,462,0.3286979282120861,0.8681722177486627,cluster_5
3071341200066100248,,1166.0885776024686,486.9708025274796,6581.519538410734,480.9057172243415,6575.728970061186,493.3197126172829,6587.271703424767,1.0126424906339486,256,0.3474648452151513,0.9829872021767144,cluster_5
3071341200066100249,,644.4918718817313,559.7724164463339,6580.844315248783,552.5949268673643,6576.480236622889,565.3743795216565,6584.247628368753,1.900947297523954,190,0.5370173259221093,0.9245496338139854,cluster_5
3071341200066100252,,1143.647467054618,440.2714755378021,6586.48299807764,432.9290926075225,6580.798266098724,446.879521648523,6592.142213303359,1.4253359517052189,265,0.3591776459269591,0.9832416739912988,cluster_5
3071341200066100256,,788.4761295031807,549.759676998039,6590.049822481705,544.1435550467346,6583.914930739962,554.7969182103848,6595.066414500222,1.0317721617906357,229,0.5386507360395995,0.8193848149917258,cluster_5
3071341200066100260,,358.0863945071328,469.6141780762568,6590.556769755045,466.5802445055327,6586.851621433647,472.3477057659149,6594.290477013708,1.3539277398629823,72,0.6315958592550187,0.9999999999999996,cluster_5
3071341200066100261,,297.3220447113255,529.2815775983355,6591.815379589722,526.7719163423343,6588.167800264998,532.0569795279432,6595.453637500013,1.4973773637155043,129,0.7105208114636122,0.9877428899163322,cluster_5
3071341200066100262,,193.60763873258168,533.5285473040575,6591.155788570875,531.274983416871,6588.305254432728,535.81812073413,6594.081722992298,1.608035397807483,94,0.8809697510079831,1.0,cluster_5
3071341200066100264,,1877.410839302364,499.9034515197117,6599.388182854951,490.91753369787335,6590.10549665555,508.6277212081863,6607.265601375428,1.1336018121821008,377,0.3394937325206263,0.8384041017884544,cluster_5
3071341200066100265,,959.5841045585352,433.5674998572717,6595.490739607433,426.16486007899226,6590.432076019728,439.2956946357188,6601.508759949375,1.160333709689887,213,0.4201085162901435,0.9144929308329972,cluster_5
3071341200066100266,,574.8380511036562,403.2864232904444,6594.645543267848,398.9290475383203,6590.698422434492,408.4181597622064,6598.43698381061,1.246929902191872,92,0.5120417818185866,0.9744320745182168,cluster_5
3071341200066100267,,679.5136158388232,461.7597066785571,6595.933896545253,457.3193943059638,6591.637232222441,467.01867985530936,6601.008647709616,1.3245003831824953,239,0.4792549826542731,0.971398991146908,cluster_5
3071341200066100268,,398.33238207442,484.19587740199125,6596.825473278412,481.0049066507979,6592.373485338402,488.2052234961317,6600.943857277394,1.260223038890036,84,0.6812629289707662,0.8801740670371601,cluster_5
3071341200066100269,,577.5881274063133,553.7913551222018,6597.788320497944,549.1336692503392,6593.349176711165,558.1589271427654,6601.860500566145,1.061093928817056,107,0.5375797638436777,0.9324702679727042,cluster_5
3071341200066100270,,226.52160017955995,532.9247337876351,6596.458930627625,529.9085413938656,6593.9633782819465,535.8477470228469,6599.0558336015465,1.0372090889091043,115,0.7923041191419679,1.0,cluster_5
3071341200066100275,,229.26982494580227,544.8158124699738,6601.038352330639,541.4736429331755,6597.007250235273,548.2134056592688,6604.370801726459,1.6946907192915492,98,0.991190959269712,0.8303864095173943,cluster_5
3071341200066100284,,1660.4343590316655,523.4638960215317,6613.724590936561,514.907016522635,6607.030267095363,531.2805833667359,6622.529166966853,1.6387674914051478,360,0.3394426733133855,0.9154986895486948,cluster_5
3071341200066100288,,686.6983814178832,556.6160038392946,6615.132309175859,551.8521811870747,6610.50354827038,561.2076887155944,6619.654473618444,1.0360985454234537,231,0.452587139874839,0.98749508198279,cluster_5
3071341200066100289,,665.8626686427392,440.051594990312,6615.938039409236,435.66990770978896,6611.044266906445,444.43363259690136,6620.534859619269,1.1127468277521446,110,0.4543724766924119,0.994671852133127,cluster_5
3071341200066100292,,246.70889998505515,483.70412207123775,6619.214076821698,480.9437470061088,6616.336435823951,486.722557385219,6622.318051197465,1.0053127837087603,88,0.7573486485329382,1.0,cluster_5
3071341200066100293,,914.7809820908428,512.063454886529,6621.604507900976,506.48842426663447,6616.5661804856845,516.9692912375355,6626.980183149708,1.0277488632621214,288,0.3976737213488067,0.980346463654342,cluster_5
3071341200066100294,,508.01876230985977,479.1901453329455,6622.075295648088,475.47233423679626,6616.92093993325,482.9245391401045,6627.108188750512,1.4884043139952607,181,0.5813566904784503,0.93256430907432,cluster_5
3071341200066100295,,1099.3265029076024,523.2674712444085,6625.7870998275175,517.1526677942692,6619.588291224276,528.3819781937589,6632.229226249814,1.001486407184502,353,0.3590012447367713,0.986505449844187,cluster_5
3071341200066100296,,609.0016906332089,551.4835188563571,6625.295478389586,547.4316002240818,6620.656259204028,556.1532652621173,6629.59266000316,1.2309183588561805,211,0.4876086978908147,0.9883668174691816,cluster_5
3071341200066100297,,255.65196599887565,530.1757841202169,6624.820199955772,528.208556315575,6621.177819411181,532.9985936310721,6628.775403401251,1.5811395107926514,78,0.86814285625412,0.8864382038539137,cluster_5
3071341200066100298,,537.5815337620747,474.7296367385933,6627.447761357946,470.4153898024794,6623.13253522296,479.042045104912,6631.432199160366,1.163155960641339,166,0.5460016729002238,0.9592336753465804,cluster_5
3071341200066100299,,426.3746757100295,541.9236495202513,6629.281331228252,538.2220224169927,6625.35096184607,545.7780018232521,6632.820307544484,1.0296965860859295,181,0.5796104987967556,0.9872997222412608,cluster_5
3071341200066100300,,1308.7886408930829,486.6580967673975,6632.6795486667415,478.5412475444592,6626.704011936008,492.9744437149231,6641.248047876041,1.8614872534009483,464,0.380355035546113,0.9543247170531955,cluster_5
3071341200066100303,,1624.1039162304166,476.9257579597365,6637.078589554609,468.53268191910286,6629.899316102783,485.11929775000505,6643.435705109072,1.5135892360001175,374,0.3154593329173458,0.9710043773197248,cluster_5
3071341200066100308,,639.8155343926959,500.33268347154814,6637.813477050244,495.6617009600839,6633.522139781002,505.3154684790256,6642.4572484145765,1.1410340186794992,266,0.4855115238087682,0.9707136066059178,cluster_5
3071341200066100314,,372.3787418487449,487.88519626075424,6641.479457269508,484.6234746674494,6637.265486503911,492.0965231700317,6644.921808871847,1.6804712415239178,126,0.6697346564826775,0.9617385267678428,cluster_5
3071341200066100315,,747.6188679454367,540.0411028257521,6644.476116158817,534.2745760219016,6640.560017442829,545.4955593648012,6649.2867141975885,1.4182655432596674,283,0.4495705491172654,0.995941483190722,cluster_5
3071341200066200012,,2315.652323168471,515.6063408807541,6384.750417844573,506.8496426673527,6375.740485552318,525.2591919581213,6392.680282643591,1.099265466499414,878,0.2623708947546723,0.959709439839744,cluster_5
3071341200066200017,,1398.5541592442378,495.1636015611738,6385.901645678225,488.1107427451646,6378.663474869146,501.28395490302006,6394.357694135415,1.6085052019554829,436,0.3351152727216995,0.9808421699155662,cluster_5
3071341200066200018,,274.19542594870416,412.4241317265372,6382.757396968869,408.72155966382223,6380.290658796383,416.6020570708096,6385.0055075286,1.8594663096323008,87,0.7724101780099116,1.0,cluster_5
3071341200066200019,,1426.660010698556,433.9036036246943,6390.43111938329,426.7045431705784,6383.803524678597,442.32373329659913,6396.743808383516,1.0510593317816976,544,0.3410024706489504,0.9346697501014968,cluster_5
3071341200066200021,,1534.9210479594328,450.31994755001966,6390.809197115998,440.86673510820543,6383.530722604392,458.7515211191484,6397.607833702269,1.397823277953537,512,0.3492612859482764,0.8853952067324466,cluster_5
3071341200066200022,,1471.1084635091274,508.0012432599846,6396.312181175111,498.52901165689616,6388.502213990413,515.9915405396574,6402.406508390297,1.511875069605693,525,0.364821976601457,0.8811222038013353,cluster_5
3071341200066200023,,302.4799593166674,410.2536791224824,6391.302510926959,407.5954492162562,6387.835991016385,413.5255316255119,6394.808378846348,1.1805781145992282,65,0.7396111116537788,0.92613348588464,cluster_5
3071341200066200025,,1253.670725213125,524.1214923633529,6395.703270515704,515.3033778790833,6389.953685012205,532.0733962096732,6401.687826690706,1.6498280125222882,693,0.4135630211836846,0.8705070087902202,cluster_5
3071341200066200031,,644.5059034145376,448.92508331940775,6400.655368997255,444.7195903822976,6395.7130441595245,453.5560985048849,6405.75330641079,1.021403047478799,259,0.5008568275404474,0.9367635653110916,cluster_5
3071341200066200035,,1078.7241870039188,408.0120644296862,6406.059522805655,399.458234966002,6399.700078986726,416.5754638690644,6412.686866335821,1.689264871314438,343,0.5579576731551543,0.6878804824375891,cluster_5
3071341200066200039,,762.8833891156505,433.2184527926348,6407.587309742355,428.43617690331166,6402.373947649463,439.4530081298514,6412.446027916731,1.285557249002018,310,0.4769595521140891,0.9340685156703318,cluster_5
3071341200066200040,,1096.6152905676893,525.583431683833,6412.778996250695,520.1088140671762,6405.210224154362,532.4298140207768,6421.370948955605,1.7908378893301455,319,0.4313605075898711,0.864922775115312,cluster_5
3071341200066200042,,1675.5059818731083,538.7654161562932,6412.347385435226,529.848996146641,6404.688642227149,546.3689342316845,6420.357660127215,1.1474469257047262,626,0.3348094778093524,0.8879233227636059,cluster_5
3071341200066200043,,503.6165238211411,442.4225452415902,6408.614272082677,436.9939836461346,6405.820357278948,447.2093431788255,6411.871143493801,1.693087612881421,219,0.5634515926248113,0.9850419004649024,cluster_5
3071341200066200047,,402.25355903667656,436.6204933163068,6414.100744080082,431.8658343789967,6410.904592352375,441.3798401452204,6416.81270927967,1.9443127474955204,154,0.6456910127735852,0.9561032435081566,cluster_5
3071341200066200049,,838.4178226110753,440.24310472495097,6418.140597451084,433.9260580926836,6412.079512637574,446.1599221143945,6423.416304799082,1.6466614539043498,253,0.473779985621471,0.8767897774233169,cluster_5
3071341200066200052,,668.610499886259,547.3785599720736,6418.791055552944,542.7317607175012,6412.998962205025,551.7364884986018,6423.441077056821,1.3662502695920655,160,0.4733440825178004,0.977423345983704,cluster_5
3071341200066200060,,741.4207806806214,436.09639223713646,6426.074737808247,429.24442246323935,6422.260748051844,441.752293681838,6430.46079004936,1.6057900406897934,246,0.4725214351972865,0.9436706146826006,cluster_5
3071341200066200061,,841.0199669189242,404.443152187892,6428.109042426832,399.4203996897516,6423.023213577338,409.9686444456021,6432.730717145512,1.198591953710347,285,0.4469729729030107,0.9235224441544412,cluster_5
3071341200066200070,,567.5797899170524,418.70794376179305,6432.250218524029,413.80157277210327,6428.092509614876,423.42465694240536,6435.986982574452,1.2861278774405294,265,0.50897916665086,0.9834343313131632,cluster_5
3071341200066200071,,1026.027796525872,543.2283395621597,6433.363247086934,531.9198400660533,6427.009317640433,549.0693326972073,6438.075951941738,1.5836783468858493,468,0.5183054164942353,0.7548541811693976,cluster_5
3071341200066200075,,2012.919440337436,501.9648468576951,6442.0836592980095,491.20586191606407,6434.378281961895,512.5151149331039,6449.851658704809,1.5233803783718631,810,0.3045293590410756,0.8984437666108251,cluster_5
3071341200066200077,,1070.079770203885,416.5704828103963,6440.2958684839205,407.69879781217065,6435.443541895374,423.93109780324016,6445.537225679839,1.8468036128422065,393,0.4174863081123642,0.9186642351658724,cluster_5
3071341200066200080,,1091.7327568430242,401.2479061011866,6445.419865937,394.8472067781298,6438.717294593362,407.1711103451307,6451.203564698004,1.208854797021743,347,0.3967064679536615,0.9166525393525136,cluster_5
3071341200066200086,,756.3200342107209,511.0108157472006,6445.38943982382,504.8178286673338,6440.997136112002,517.6721147574201,6449.691626514996,1.953043001359981,369,0.4649983856723256,0.9809810305995847,cluster_5
3071341200066200087,,624.1685724299792,527.9242180394609,6445.313639429682,522.9147048733232,6441.509796513365,533.0349445165325,6448.916047133655,1.4412412713062517,334,0.4908627871044774,0.993385257581414,cluster_5
3071341200066200089,,2555.2893257815062,525.4483295755998,6454.958716176305,515.6948234149224,6441.932564187034,535.8686898170072,6469.5551916385775,1.265881264053431,927,0.3496700137185989,0.7315427164286987,cluster_5
3071341200066200091,,1525.5921243369005,541.7098342085625,6447.370718359967,532.4348284366845,6441.95847085598,550.2051015817033,6454.442430743859,1.404023763744696,606,0.3648042625030018,0.842560604660913,cluster_5
3071341200066200096,,380.4633433981668,493.3168552050915,6450.588764633075,489.6409603893641,6447.538262847893,497.3129152226864,6454.1184439947865,1.1145090447658863,218,0.6140563121989951,1.0,cluster_5
3071341200066200097,,2117.6304399967376,557.0890022334535,6455.7554310300375,549.3940948852974,6447.531714824983,565.223571755775,6465.026999514081,1.153996347268784,531,0.26176311358591,0.9780408546564372,cluster_5
3071341200066200099,,586.7116200238072,484.9205121262031,6452.432499505142,479.434283110752,6448.503675085489,489.968649813566,6455.7503052837865,1.4499042290883477,236,0.5126095521766906,0.9832549948827124,cluster_5
3071341200066200100,,929.2959707783816,501.5486489736795,6454.436442304538,495.6412254787259,6449.70621172924,507.6154125059476,6460.044617412808,1.0406689540637897,477,0.4011091278062718,0.9618058421228776,cluster_5
3071341200066200105,,486.7662724774559,466.8496363585806,6456.756958615689,462.02482958654736,6453.598472208837,471.7222348344581,6459.9322023907325,1.483495271671195,228,0.5517078484063215,0.9995864186577368,cluster_5
3071341200066200106,,572.3655061081981,508.4735716149163,6458.413470711553,503.8541521574661,6454.017231470695,512.6418062114706,6462.980320753059,1.2908314052129954,260,0.5246091423295502,0.9568195756099808,cluster_5
3071341200066200107,,1025.3370953153592,493.88043413179815,6459.97766303069,488.15827641444247,6454.017255529804,499.5742220508073,6466.317164952412,1.2266688451287533,375,0.3800867266426549,0.9659094979727488,cluster_5
3071341200066200109,,679.0665849202578,450.3223958912332,6460.632118009083,445.7788047795413,6454.687080722453,454.43165858669767,6465.968763199427,1.5128251551566512,298,0.5038917625058849,0.9186043761991146,cluster_5
3071341200066200111,,502.4256605256842,442.28126608947525,6461.142438711234,438.26386416463697,6456.8451695122685,446.7818650978771,6465.950834314158,1.6723801497061972,297,0.5680682245162737,0.9704293124224256,cluster_5
3071341200066200112,,696.0460413331654,533.553520849818,6463.118601491885,529.1651555722588,6457.666852864788,537.7106795084851,6468.993814620566,1.5432655237678834,196,0.4801470572980743,0.9580190308369936,cluster_5
3071341200066200115,,399.66574058816127,515.3096440926737,6463.942482604015,512.3254390151509,6458.80961983509,518.7024736431879,6468.589664804461,1.8442870109277645,147,0.6599586888304062,0.9807605196779025,cluster_5
3071341200066200118,,242.6476572735032,544.9998808608842,6463.035092056948,542.0244939257494,6459.586387692796,547.7418152883762,6466.0880160712695,1.8090179943755065,122,0.8006621395975432,1.0,cluster_5
3071341200066200119,,559.7388584233981,509.87268962830063,6465.58656366384,505.7376486531637,6461.06272507718,514.227139118978,6469.633946057144,1.1693391099559205,233,0.5282568960625804,0.9496926781864528,cluster_5
3071341200066200122,,984.96134723618,501.6900908949547,6467.741693373649,495.6947214276738,6461.902749988092,507.43780293789433,6473.3168251003935,1.0141381791091155,293,0.3813295272220253,0.9872597886303038,cluster_5
3071341200066200125,,839.8483270757985,546.9478638890567,6468.724324515182,540.43233620433,6463.858658374349,552.5157735620802,6472.427447513017,1.4054963641702054,291,0.4447513973275692,0.9535323416947108,cluster_5
3071341200066200126,,678.8880756712819,446.142758415976,6468.205110380398,440.961739312041,6464.170657262604,453.33156004983954,6472.144881011103,1.5635527521306538,306,0.5255587220082677,0.8725284040455015,cluster_5
3071341200066200127,,510.98650959138615,460.2818623908234,6467.941569359337,455.04504986816886,6464.218993817263,464.2479635175698,6473.073516409789,1.657123213595103,217,0.592560112038174,0.9016230722958124,cluster_5
3071341200066200128,,629.0366974997847,403.60592304546617,6467.898984699981,398.4093026644808,6464.384628609967,410.37076432583046,6472.173955616605,1.7028866296440632,220,0.5202804785322788,0.9514471462121225,cluster_5
3071341200066200129,,1130.2260007313205,557.441911017382,6471.796607117386,552.3627957918231,6465.159527641762,561.8990977337894,6479.38391581867,1.4915346093605977,563,0.3856163132393479,0.9415580827489594,cluster_5
3071341200066200136,,934.5720940222704,499.03591974162185,6478.683750173359,488.3578324376065,6469.382879992537,505.089669273296,6483.703739198694,1.05036735808543,348,0.6508407264015982,0.5603177038835514,cluster_5
3071341200066200143,,827.6185716476189,548.3756799985103,6475.472194088014,540.3875974359099,6472.176736537105,554.9769819464468,6480.151618689034,1.8325864076575336,295,0.475023929884578,0.9170161485110924,cluster_5
3071341200066200148,,623.9707335955521,545.9786096951758,6481.166894333489,540.7119156884804,6477.238122987177,550.9882086805846,6485.6362967074665,1.8678253527982016,194,0.5065958693973794,0.9857288877901056,cluster_5
3071341200066200150,,973.9609951115008,486.5972131359241,6484.649799801205,479.9630718074946,6478.965667061655,492.82754215684,6489.549016948011,1.2860633458461337,383,0.3950945748597293,0.9677227421983844,cluster_5
3071341200066200151,,1130.6273270215013,556.6634988844218,6484.9507668228525,551.0075106493039,6479.041148892331,562.54194269079,6490.938317369696,1.094594050444759,621,0.3541438658722873,0.9821586202013616,cluster_5
3071341200066200152,,460.5552222229575,474.575108804042,6485.548967716275,469.4970646260497,6481.494005064764,480.3313235289781,6488.678032519712,2.173881836546208,198,0.6493926972838516,0.902719962703813,cluster_5
3071341200066200154,,1976.5425483301456,534.1993330325923,6491.768424519398,525.4371031073972,6481.5761583629055,541.3679847410318,6501.064296942495,1.3170860565667355,738,0.305070270043386,0.8876718309455117,cluster_5
3071341200066200155,,1367.4773482248545,544.7251105851587,6489.377830157051,537.6181257671095,6481.792043170019,551.3166092429797,6497.351626159829,1.441268558095558,462,0.3459828462791601,0.9501190787721768,cluster_5
3071341200066200158,,430.6794384713822,465.97700013341006,6489.539180905201,461.0775982980561,6485.374153768389,470.0275623936668,6492.416660279806,1.1747205383685977,170,0.6300998651167441,0.9190241198389696,cluster_5
3071341200066200161,,742.2670732260875,513.7363910480602,6490.680282204253,508.6871143685872,6485.028211092676,518.4864805165654,6495.728202599428,1.2057106757078082,230,0.4496078350973405,0.9635167073940172,cluster_5
3071341200066200166,,639.1172686240786,405.3037292255462,6495.915953666824,399.9730745258255,6490.895981994715,412.6826429843088,6499.618589778462,2.1062053384861583,272,0.5785232374801238,0.8755045086246277,cluster_5
3071341200066200168,,817.1804290150667,524.9249175300664,6496.275277983114,519.6382048171453,6491.179727428569,530.3363323226025,6501.431289662206,1.012178944832033,293,0.4281310877340737,0.9779421332725454,cluster_5
3071341200066200170,,1872.7370471633656,509.18248326655606,6501.336729614449,500.229823924289,6493.26159594589,517.915425652955,6509.339332100313,1.161816443769946,684,0.3015501099210808,0.9251500878783226,cluster_5
3071341200066200183,,1523.832309920181,420.87876970726575,6502.774237712249,409.72570267825097,6498.181643955765,430.2424482449197,6508.076020032393,2.0823689209478182,578,0.3492917685493117,0.962092119384666,cluster_5
3071341200066200184,,867.5997643609489,407.5918808756464,6503.650985823397,401.1706986733104,6498.189493408102,414.1755764754554,6511.646559178559,2.269495347913796,329,0.5411812065508866,0.8151011509261281,cluster_5
3071341200066200187,,1213.1236731532076,539.2049278890753,6508.004961950509,531.1760125034472,6503.093195836018,547.3764948682518,6513.084033132114,1.7097591082098595,435,0.3663624937783254,0.9627470117808952,cluster_5
3071341200066200190,,1338.9676768590004,492.7279266325972,6510.186190731524,486.0470406712948,6504.152623202725,499.4251679884334,6515.974598428216,1.1271751127499967,500,0.336334992181508,0.9587200845562892,cluster_5
3071341200066200191,,501.171562898517,402.9421957401527,6508.949559801231,399.47481198297135,6504.234999290688,406.8645622367926,6513.187248625654,1.398799495600726,214,0.5505893588353219,0.9800148839119543,cluster_5
3071341200066200193,,1451.93423827037,551.9170301088038,6511.77949881606,544.505821743795,6504.588404129006,559.1271210418865,6519.667157490795,1.7708881825409837,572,0.3432037525232524,0.9406388850367752,cluster_5
3071341200066200196,,1711.456162947677,522.3653902294183,6515.162932198239,510.4137281911066,6508.035076565553,531.6127395610588,6520.722726764314,2.0102732863914703,1015,0.3612829072865282,0.8713957298817507,cluster_5
3071341200066200200,,996.29093361462,476.1247200941757,6514.106756951558,468.4275068914707,6510.4987431917225,485.77614246671794,6518.89779152806,2.2239671492964086,491,0.4696378663225758,0.8715639212065099,cluster_5
3071341200066200201,,392.6862328839214,558.1529893763228,6516.94740574851,554.3788048485488,6512.702635401788,561.2705315381579,6520.7462246824,1.3989012858413858,120,0.6225182487216205,0.9911647855930008,cluster_5
3071341200066200203,,1680.7483632597432,537.4022060664555,6522.423670171833,529.8801696834604,6514.323554670487,544.7120920542371,6530.991812664989,1.171254210601702,871,0.3045536247330271,0.959236612517788,cluster_5
3071341200066200204,,483.7619492214844,487.4854122284501,6518.917269018682,483.27070584940674,6514.780454407416,492.2278146683964,6522.798140787912,1.2713672104402438,154,0.5772652784269513,0.9472551139814211,cluster_5
3071341200066200205,,523.9489222706538,479.77861850364695,6518.931727954311,474.53313834907794,6514.854181666285,484.07460381233113,6522.880604715283,1.2710249117153316,190,0.5648342584830363,0.9340209913699128,cluster_5
3071341200066200206,,324.5587253606801,493.697183718034,6518.127668439726,490.1258962829512,6515.076704015011,496.83215083027153,6521.297109871377,1.0842837162194847,143,0.6607158744710085,0.998748455063174,cluster_5
3071341200066200211,,974.3312554980882,446.369409303723,6524.074042439582,440.5820955320524,6518.592809426378,453.4617123348116,6530.256332552443,1.0477227983915447,414,0.417179533264116,0.9198880177544216,cluster_5
3071341200066200213,,777.2310392379636,436.44167129769073,6524.317077933526,431.5510455981628,6519.354381120772,441.44774057115416,6529.2386969147765,1.0523722109106373,251,0.4305747834446926,0.9751250442993092,cluster_5
3071341200066200215,,1332.4862437937668,527.2617685228338,6526.625254872515,518.3732465605818,6519.7865424315605,536.8711162496188,6534.293544910117,2.171495515307741,648,0.3912756559721299,0.9139083339736164,cluster_5
3071341200066200216,,513.2827129597009,494.57647832885226,6524.514556695595,489.976646902589,6520.727659187312,498.8129906627024,6527.764811684401,1.2605978923260013,218,0.538570560621708,0.9863398402732344,cluster_5
3071341200066200220,,422.0439544247071,486.0543834242572,6524.555828650316,481.7499406194405,6521.340447916046,489.96314534932833,6527.731216411502,1.2847803241260547,131,0.5809720129346508,1.0,cluster_5
3071341200066200223,,298.1453198472946,481.7120902549959,6530.159308945979,478.709012043079,6526.991403088621,485.1407624237201,6533.824986607236,1.2706422969715545,105,0.7239828589217547,0.9829569785152508,cluster_5
3071341200066200225,,775.529596419267,488.0765529098949,6532.375743859013,481.6290761749196,6527.921647390857,493.7019042289029,6536.82505855516,1.1402764148420348,253,0.4503253252401942,0.959660890256098,cluster_5
3071341200066200227,,345.7976470277748,463.5311070730058,6532.798163032203,460.35875461312287,6529.198405153422,466.633791547332,6536.891805085032,1.2090532557935674,153,0.6642763047271817,0.9864182358566984,cluster_5
3071341200066200228,,789.5423458282806,425.45227258607554,6534.481442442911,420.212042016973,6529.397970479327,430.99747875949566,6539.2141844903,1.1252137039169623,212,0.4251676427909715,0.9824391358848936,cluster_5
3071341200066200229,,1374.9584959425686,445.2557630806877,6536.879248406332,438.527847627948,6529.932345798941,451.8911100631293,6543.988391110523,1.0028128333744253,473,0.3337401563364551,0.9667176984604726,cluster_5
3071341200066200231,,899.844258395106,506.6379614276494,6537.491305386963,500.6838388231717,6532.20795985004,513.1060007399767,6543.615954745839,1.779743698658486,279,0.4301415497574173,0.9758136686812694,cluster_5
3071341200066200232,,970.9804598134252,433.2162143310933,6539.373883973726,427.33125766299565,6532.006290350437,438.7794261865232,6545.623151939028,1.0021867937406823,348,0.4660981128243358,0.8260340898231293,cluster_5
3071341200066200233,,325.922924455483,479.072646267933,6536.098162092987,475.6868766223407,6532.962770187882,482.8352377866527,6539.104733333901,1.136453305473469,141,0.657850549148829,0.998788737486348,cluster_5
3071341200066200236,,1169.5929250766585,456.3814373607124,6538.8407795627,449.7270352632686,6532.96201770451,462.81487315846175,6545.07678955783,1.328886841224742,524,0.3671662874682347,0.9623406551083432,cluster_5
3071341200066200237,,349.18483007002146,472.24417586040806,6535.967478838755,467.1714047720882,6533.174013800268,476.0874284762156,6539.171459635949,1.442953821659463,147,0.7205643210758363,0.9175658545694588,cluster_5
3071341200066200238,,984.2092074668642,403.93301910558745,6540.147546509493,399.4375836823656,6533.630567251337,409.0617196655122,6547.192029029202,1.4754996808165983,290,0.3976767885331552,0.98303703150053,cluster_5
3071341200066200243,,536.2830810719698,416.06776634625743,6541.722620753311,410.9880894888856,6537.680305794866,421.5806220405493,6545.908455157439,1.5161918923228346,190,0.5735456499945596,0.9095271744874848,cluster_5
3071341200066200244,,1147.2303546729695,495.0953206318817,6541.648767118431,488.1754269044282,6536.743690047008,502.0657655005806,6546.671661396535,1.404111216790327,264,0.3572543578186286,0.9865057510239488,cluster_5
3071341200066200245,,1036.92318212254,523.7409770162104,6543.2591076823965,518.0728491200161,6536.95205879148,528.2830957308367,6549.3193366694695,1.218434638616135,414,0.3867738454891053,0.9669044567860882,cluster_5
3071341200066200246,,648.2336422360983,473.2483535520092,6542.048874248804,466.86563056647447,6537.7200808667385,479.6993117930273,6546.090465776604,1.784782694000664,202,0.5560310233516552,0.8689041178999596,cluster_5
3071341200066200247,,1235.6767883852935,534.4832066810762,6544.956116152108,527.6116027258516,6538.954497591558,540.7682097239323,6552.064728936293,1.072978056352016,488,0.388693794193549,0.8681041281676214,cluster_5
3071341200066200250,,514.6008195175755,462.4224595077912,6545.270042498988,457.7268487006452,6540.846590884913,466.752974049617,6548.8283014343615,1.046850525740462,248,0.547592083677304,0.9540162891536088,cluster_5
3071341200066200251,,763.3059160745403,411.89314462467286,6547.540500346221,407.4033521148843,6541.781403007045,416.9976870003112,6551.957842434174,1.0606716931036873,316,0.4573137194387136,0.9452918336568888,cluster_5
3071341200066200252,,550.6322969868995,431.5965021603637,6551.219767185146,427.25916813173467,6547.618559728236,436.785272177698,6554.764833800089,1.395344465891256,232,0.5280704994783205,0.9628694442280792,cluster_5
3071341200066200253,,1053.5576364237202,515.6957515280559,6552.991572468577,506.221657806382,6548.291595164043,522.7980969405216,6557.610661819124,1.8136471326717192,297,0.4537547462234527,0.8366384447877441,cluster_5
3071341200066200254,,352.2994303800164,524.9409415148103,6552.510016615405,522.3949540574805,6548.837790513264,527.8479011009393,6556.557568278271,1.4222944258757118,131,0.6715501957236879,0.9583606766231616,cluster_5
3071341200066200256,,457.65154005047134,504.0366601578749,6554.417487303335,500.3612435102624,6549.859492326239,508.922436793181,6558.976058517294,1.5311496188060514,129,0.6530940117077267,0.866943116612869,cluster_5
3071341200066200257,,879.5020693609142,490.060535831511,6555.178071681215,484.0467116017589,6549.931712030735,496.75492907426127,6561.029471532225,1.539586260873408,190,0.4650430606972974,0.8827726080799944,cluster_5
3071341200066200258,,540.1403948874431,496.1058792154337,6556.564622762571,491.7187684807864,6550.942890058234,500.5279789598411,6561.553023611633,2.046829527058889,180,0.5832197742530189,0.9309914424816336,cluster_5
3071341200066200260,,785.7169241116675,420.4407082085671,6555.855147821859,413.5158207985262,6551.321074132949,427.0016575063793,6560.51070906606,1.9606648293306368,269,0.4950864065138453,0.9326115131350572,cluster_5
3071341200066200261,,800.878840980698,540.4461662042994,6556.826686945904,535.7093658343019,6551.537959133052,545.2442075431906,6562.369298007769,1.1525029102729003,337,0.4365675541444004,0.962030542852658,cluster_5
3071341200066200262,,307.5133224180269,512.2904397347821,6558.873550073911,509.49677713365344,6555.762500389414,515.0061430289959,6562.324524715131,1.139628003148057,105,0.6809266752065551,0.9952367969166408,cluster_5
3071341200066200264,,1341.233369877341,426.6723448667544,6561.926987247913,417.0692084492788,6556.073082883013,434.50289337887017,6567.077224264259,1.4746611857455802,265,0.3533468203296848,0.9649732403599562,cluster_5
3071341200066200266,,1354.104251397693,486.3676611095299,6563.458892591663,476.2545868691877,6557.273467373465,496.5055273238493,6568.594765050157,2.20903405345412,451,0.4147724576904145,0.8575988559237248,cluster_5
3071341200066200268,,698.7807324753583,547.1546032260331,6562.501897499113,542.021863998992,6557.9108246091255,552.3737409449578,6567.29119561162,1.1749328968941275,266,0.4480090714454904,0.999838769123804,cluster_5
3071341200066200270,,618.3094005203818,519.9508425665989,6562.094714800159,514.9626644492012,6558.126815778127,524.3785960381408,6566.254299629431,1.3039817123924744,200,0.4781838181515966,0.9930087471006952,cluster_5
3071341200066200271,,2604.7475341339627,407.0698222426295,6567.764507763584,395.3132304641114,6561.365557322606,420.6353552696991,6577.107411573884,1.613216922005438,828,0.2713894989884421,0.9198567840784372,cluster_5
3071341200066200272,,1056.0139811470694,509.94598602476606,6567.35033495728,502.2077299167776,6562.322074754407,516.2060780812104,6571.814143606216,1.483622778160309,458,0.4396867983532635,0.9013434117704598,cluster_5
3071341200066200273,,748.9360048500156,539.3032650367351,6567.94616673347,534.4452205819397,6562.680842322857,544.2588910376459,6573.116534399184,1.2010064547877772,263,0.4444697538328245,0.9786461158557392,cluster_5
3071341200066200276,,882.2593522446409,424.6435954662794,6571.62588697632,418.7371812831782,6566.5461205968295,429.9409989852391,6577.376069394434,1.311451078333759,215,0.4068525567408457,0.9804345667235976,cluster_5
3071341200066200278,,572.6494834414996,544.4999660213401,6572.278513622821,539.5481954632044,6567.273756107071,549.2336308604043,6577.504364817189,1.7183385263542656,187,0.5548693374507799,0.9304806648747482,cluster_5
3071341200066200279,,727.1056426806707,553.4363583571113,6571.650039753062,547.4070933340157,6567.428842066634,560.1137067719226,6576.154455965198,1.7968422439453386,254,0.4751450412951556,0.9817446213427546,cluster_5
3071341200066200280,,737.3573435361595,475.5841174847109,6573.26984639051,470.39504502008856,6568.438920912762,486.1945324328989,6577.450402979206,1.801563243786752,175,0.5663927888123191,0.7525500020326439,cluster_5
3071341200066200281,,713.1725909161521,559.0704568082202,6575.019396716975,552.924436378401,6569.484564146394,564.6452567588326,6580.533732109228,2.2513231389653714,233,0.5191349911957904,0.9497886090581495,cluster_5
3071341200066200282,,457.276975941764,531.5957342290549,6573.563147944501,527.6353910991202,6570.113199667156,535.7651041261572,6576.902802632174,1.214405629758844,153,0.559466334776574,0.9810676335600876,cluster_5
3071341200066200287,,528.5776948939066,468.11081033384886,6576.480062365166,463.4029958351469,6572.597098110669,472.53301637395214,6580.56135311712,1.2591742384112203,166,0.527698591863918,0.9819322029765608,cluster_5
3071341200066200291,,175.4843920703869,534.6107482866074,6579.653603906795,532.4219009777967,6576.621458980168,536.6599928808864,6582.733085515472,1.824927555982871,59,0.9747028516362136,0.973867660897328,cluster_5
3071341200066200293,,1010.8851530483548,405.6688848685279,6583.281792170201,399.7262415525002,6577.240193385898,412.6723334182266,6588.767910905784,1.412262138265224,132,0.398082915818449,0.9634651529685562,cluster_5
3071341200066200295,,775.2103491918408,473.3545944491824,6583.543505308028,466.99401517045646,6578.735423956206,478.7239224780504,6589.332221067588,1.2236713523473324,264,0.5029714097287633,0.853360945566929,cluster_5
3071341200066200299,,489.4290843990928,494.8722626421018,6586.563508592495,490.38536899128064,6582.573944327886,498.8000339468608,6590.25935110975,1.0257367671994282,127,0.5436556511375641,0.9756703824012192,cluster_5
3071341200066200302,,586.9376863806704,463.027860246688,6588.329957620228,458.5667521557182,6584.583714159135,468.0564261923563,6592.010802234967,1.2276469102825476,186,0.5054312938435209,0.9703679033465408,cluster_5
3071341200066200304,,657.1098819917659,476.11798881324063,6591.478975439257,472.000334088117,6586.851621433647,480.0963211747969,6596.156288237128,1.1991619581889796,164,0.4734488735104443,0.9809415681671568,cluster_5
3071341200066200307,,1174.2273071947552,444.0639598780921,6595.7900447093325,437.6317514645117,6588.922680790897,449.89580292762446,6601.635632331664,1.243177912128852,342,0.3689976029981973,0.9511335362457024,cluster_5
3071341200066200311,,598.670793684192,559.1811702551983,6598.290006834474,555.0497518891486,6591.423875730922,562.3202253346536,6605.378732939835,2.3360896895226,131,0.6524957421275931,0.8066518872635273,cluster_5
3071341200066200312,,705.6949492334069,412.9172328930796,6596.341660613428,407.79614282698776,6591.173464635311,417.97561279406017,6601.409426670608,1.0626613439396508,105,0.4810698097703655,0.9367127470357745,cluster_5
3071341200066200315,,1397.4938371559947,424.3032423100995,6601.030918649595,416.58023666797845,6593.1643813751325,433.4265168460019,6607.14269228288,1.3690064102857216,407,0.3889992334495593,0.8692629921763277,cluster_5
3071341200066200320,,1155.4137093016914,408.70490676223807,6603.51465230777,401.3023392323437,6598.351650672144,416.3986561403639,6608.851283648647,1.6436824853279717,268,0.3684587370411363,0.964412277609041,cluster_5
3071341200066200322,,675.1802220682815,466.964032682701,6606.938862060918,461.8326530515759,6602.395795397629,471.86270369944606,6611.385602071212,1.3157103148314584,247,0.4627236767763735,0.9872999487029372,cluster_5
3071341200066200324,,626.3831964076256,532.1535061340493,6608.350316444579,527.9741453066752,6603.430075464058,536.3884346908467,6613.6392729116105,1.448081729967425,132,0.4917982862403379,0.9696339905418132,cluster_5
3071341200066200327,,1118.6469106162042,428.7800084369423,6609.612820904607,419.65657294923096,6605.205268195859,437.2172584313616,6614.731507346438,2.405867134242472,326,0.4045555330027856,0.973468051341798,cluster_5
3071341200066200330,,2100.1043449628046,424.58754608896646,6616.080028028168,412.53661451554,6607.797162223874,435.7917324556821,6624.727614089476,1.9589384527168543,632,0.3232630792334184,0.861366359197069,cluster_5
3071341200066200334,,490.7643496495965,540.2157555163388,6620.29608285743,536.5681291100087,6615.557231454469,544.2689987327794,6624.7524689904685,1.604184447498494,136,0.557875098840732,0.9805739555804482,cluster_5
3071341200066200341,,244.32942133518688,534.8780638393465,6626.112780294325,531.4384901426878,6623.383424463067,538.3322319103355,6628.84279030596,1.5433160184777153,111,0.836160242191861,0.9423702300056828,cluster_5
3071341200066200348,,1230.4706222440589,534.100237096692,6633.607150196222,527.4707925332917,6627.368511215036,540.4104859357772,6639.448837204273,1.049184287152342,420,0.358661590592149,0.948574010956715,cluster_5
3071341200066200349,,1034.5540458465848,567.1563711666785,6632.694221071293,560.2031931796416,6622.33256633552,575.2265938525948,6637.602045299144,1.3159854750332816,388,0.4548722442987106,0.6845592744349509,cluster_5
3071341200066200350,,554.2828260940589,558.4220391879652,6632.404324422468,553.3889577657873,6628.234162114903,562.5362184612223,6637.267411050162,1.5652625392028752,128,0.5449280226990849,0.9579515215180078,cluster_5
3071341200066200351,,525.4436350819271,550.7453887493452,6632.917676756277,546.5465619177727,6628.646091608183,554.5520952698564,6637.578109125625,1.3891591603218352,198,0.5389001494145315,0.9759198518389816,cluster_5
3071341200066200353,,636.8917719377196,544.812990610929,6636.212902485087,540.5125420393916,6631.232353500074,549.6155585696241,6640.571860932478,1.1358032511350482,200,0.4862596114242924,0.969132622602332,cluster_5
3071341200066200355,,1051.6938974441382,507.9743756556728,6641.236853898898,501.9103391251895,6633.932093673019,513.5299501332637,6647.478805115386,1.150802505378394,520,0.4144365468457428,0.8926086357119908,cluster_5
3071341200066200356,,454.80487090229735,556.8751876283594,6638.223448517804,552.3772529078814,6634.320914916528,561.9491127074621,6641.701279323072,1.4001780496199758,193,0.5886068639636326,0.9690712707560648,cluster_5
3071341200066200357,,293.3573776096531,515.3591228850631,6638.8477892609935,511.7871678046532,6635.936746398739,518.6570427709551,6642.440152812229,1.215152537555224,113,0.7222667434814495,0.9656854767180744,cluster_5
3071341200066200360,,712.0411782047918,497.0764078819034,6644.403577896666,490.0781469730299,6640.519824327555,504.8936821746654,6647.646531419861,2.086543805822722,318,0.5426204888260678,0.8979022158020485,cluster_5
3071341200066200362,,180.3064386415428,560.4039753256617,6643.095763797768,557.8315951378471,6640.778341921718,562.8587294576711,6645.647653404006,1.0286757546877296,93,0.8868674516589896,0.999400181070182,cluster_5
3071341200066200364,,1119.2800161795103,550.9950295157313,6646.50707917889,543.3351152530627,6640.88400419633,558.5048399373086,6651.128453537419,1.4682704475584245,317,0.3968269580929657,0.929244632828138,cluster_5
3071341200066200365,,842.0023293339125,533.2175536784551,6649.284587688772,526.6675749295899,6643.474642526801,539.8704602548682,6653.094575509417,1.0384964427251384,270,0.4430756257943237,0.954298277943413,cluster_5
3071341200066300021,,528.6836869134642,413.7860582308666,6395.608121517299,406.8772071295119,6390.08384544634,417.4986747997818,6400.763130302234,1.0464171796881498,103,0.740181345910968,0.6513812572091029,cluster_5
3071341200066300025,,1085.116730768858,440.0519935792928,6399.999970549668,434.1019799900501,6394.309501955962,445.35994726855125,6405.954802118193,1.0208914738521977,352,0.3931062421133741,0.9414591192688002,cluster_5
3071341200066300026,,409.4084075655056,419.4606513667669,6397.978475905577,415.4525217249442,6394.985614050344,423.7915014063667,6401.153483613798,1.3189598626142094,114,0.5930837627663115,1.0000000000000004,cluster_5
3071341200066300033,,508.6707575247885,415.1995399512611,6407.451167981859,410.7558524964428,6403.383549210223,419.70116389086047,6411.19948693107,1.2416508804815092,162,0.5459925091423924,0.9905014628402984,cluster_5
3071341200066300039,,739.2144592825048,400.5989782963312,6417.646763870411,395.26987751912856,6411.633343626235,405.79114024758894,6423.307567943541,1.2139090472291143,138,0.5522706042339967,0.7912281635921883,cluster_5
3071341200066300040,,1487.798789731941,415.2808032573672,6415.738291347314,404.5522199156799,6410.673683671324,425.5631784072299,6421.390286941848,2.185110814778919,507,0.3650943736505593,0.8987193187671688,cluster_5
3071341200066300067,,299.5440342636158,408.9837054523804,6445.129883120404,406.0788493625016,6441.87412253351,412.378930609818,6448.13949521722,1.0310381711272254,90,0.6884716178901159,1.0,cluster_5
3071341200066300095,,363.2620385487842,484.40401442263646,6469.143724538787,480.9204677372099,6465.913167090535,488.1145983659161,6472.634623612223,1.1614338592491822,138,0.620059976987018,1.0000000000000002,cluster_5
3071341200066300099,,596.0682808213332,469.5053930489206,6472.722408342307,465.454930538061,6467.639076641064,473.1161384509036,6478.149256536655,1.4142978693926416,156,0.511059822951471,0.970635344911254,cluster_5
3071341200066300105,,916.4062351824188,451.6255626515066,6477.73846553873,445.5758155693385,6471.528763030101,458.4720464133029,6482.934656251406,1.5051857256335286,409,0.4513915372380182,0.8825625820019248,cluster_5
3071341200066300111,,360.4689567463933,467.2879917291002,6479.393775096288,464.0044722545059,6475.600760804551,470.5553547953372,6483.229993747539,1.3947643021969556,132,0.641867714581641,1.0,cluster_5
3071341200066300116,,410.3628028031941,463.2631425090652,6484.51535458932,459.9948551191079,6480.584911705091,467.1769084688797,6488.713469957796,1.1272340551947015,125,0.6002838060715382,0.9779135844411212,cluster_5
3071341200066300121,,465.0553108981866,525.6489961977982,6485.810381657312,522.1531262764762,6481.558030719258,529.2748581146634,6490.192606338944,1.1483388676579942,183,0.5533496485486599,0.9913600434163372,cluster_5
3071341200066300134,,655.0583895731156,492.88788285702174,6499.506238551412,488.6089739743769,6493.234792102358,498.7453673350562,6504.115619527604,1.3332966678374352,218,0.5407719701410657,0.8665107268622886,cluster_5
3071341200066300136,,341.6279402760765,498.6995975121453,6496.664153689839,495.4589616283469,6493.54433025623,501.9175754577087,6500.192540164084,1.0229011481367238,99,0.6387496800919675,1.0000000000000002,cluster_5
3071341200066300166,,1126.9406708088852,417.7892621878573,6522.163903214481,408.5067444544795,6517.09987589519,425.0240223800864,6527.213451534607,1.5036861444855023,463,0.398895692484329,0.9185183468631112,cluster_5
3071341200066300172,,449.19928567068666,478.2210561680035,6524.937181931624,473.7553142657611,6521.095712521712,483.11112181933527,6528.854978484359,1.5808769697911422,176,0.6105899139394378,0.943613175438208,cluster_5
3071341200066300180,,990.5659012633826,415.0654664007265,6535.076563576286,408.3393283823361,6529.241689489456,422.33928469701135,6540.7831186543735,1.334383351036336,302,0.4609953784201943,0.8462020072827849,cluster_5
3071341200066300205,,663.348630633627,502.0984536658493,6560.751044798489,496.4401381285338,6556.2478309788,507.1014104971562,6565.750079519095,1.4876188691225083,213,0.5214182030323792,0.9070647728150752,cluster_5
3071341200066300207,,538.6102349800252,532.0333272110902,6561.749732351143,528.110170356139,6557.083244828888,535.7961310131689,6566.0936336652885,1.1074608070232557,165,0.5206785642840726,0.980314095028897,cluster_5
3071341200066300208,,227.635434224449,526.4175036457112,6560.769769123553,524.1762042496302,6557.790795768024,528.6108914295145,6563.976016845709,1.3841061672847084,82,0.7963807471736405,0.9948700225220032,cluster_5
3071341200066300229,,494.51091378846985,545.9927077886459,6578.798722885353,541.3765145458818,6575.40426844937,550.6584373625743,6582.3456417200205,1.4270620545074884,176,0.553324905153633,0.9715803576203677,cluster_5
3071341200066300235,,472.65813464260896,541.2972486712948,6585.042743066931,537.5226061183762,6580.446997258834,545.0700619197867,6588.875906490284,1.06787924171404,230,0.5653695194340972,0.982093626636826,cluster_5
3071341200066300237,,599.133749539492,525.3522806030288,6585.917555160706,521.376399096483,6581.7365643595,529.6651363983434,6590.619367854288,1.1605861357041771,255,0.4867251228430863,0.983190682638919,cluster_5
3071341200066300238,,659.175363696426,515.5606145001258,6587.132270913293,511.2563009597473,6582.548223896718,519.954836452035,6591.686162594016,1.0920216341493287,205,0.458300733997889,0.987958979790257,cluster_5
3071341200066300242,,382.1657430563385,557.8151434021455,6589.10259650649,553.2595397856452,6586.215278265107,562.6109072735563,6591.580591607431,1.7773919896385637,82,0.6502386449574561,0.9762897077349214,cluster_5
3071341200066300243,,560.6090254851675,488.9999359799718,6591.035587234736,484.3331051416403,6586.522032077256,492.9875576895636,6595.9315557216105,1.3478392567939268,184,0.5307675057864191,0.9541137143983864,cluster_5
3071341200066300245,,225.3634703475907,546.9519740699775,6596.602198398656,544.0298322159139,6593.159798507898,549.5936925915726,6599.973220592688,1.7611733375294618,95,0.9111450793941256,0.908282735559744,cluster_5
3071341200066300246,,453.9835175282502,480.79814778527896,6594.345576596453,476.4051102429612,6588.486135697449,485.0411011512261,6600.48391956501,1.9101628831153703,107,0.8011244292086762,0.678638672026941,cluster_5
3071341200066300251,,569.3548657506324,467.9746433648857,6598.563861186,463.702399743434,6593.275359994588,472.0362244071778,6603.153352090349,1.3004132656395253,144,0.570403088768069,0.8830646026281972,cluster_5
3071341200066300252,,674.6388772596013,523.8956731082773,6598.166033844268,519.0955601987068,6593.433749485294,528.808719722721,6602.472150788559,1.0033852671444696,140,0.4605431489713679,0.9799089360411112,cluster_5
3071341200066300253,,365.50729563031774,541.5003993777277,6597.899574854489,538.5397471700288,6594.23234709113,544.9595560274178,6602.212981344596,1.2442142360227268,116,0.6483303342207888,0.9730646374251076,cluster_5
3071341200066300254,,229.14594625403728,488.9265167437388,6597.482044982456,486.1304000272231,6594.967716114287,492.3264170851327,6599.691711810636,1.271233172908643,63,0.8041939770628745,1.0000000000000002,cluster_5
3071341200066300255,,298.07748958929375,516.5101900573828,6598.498513686142,512.8364133347202,6595.641786635834,519.237219067072,6602.299193404575,1.0135008283627247,53,0.7461246113890853,0.96196495100756,cluster_5
3071341200066300261,,505.7226281168542,548.8342490990394,6607.930118559184,544.1217365459319,6604.489492219629,554.0718490316201,6611.55497923541,1.623909381862428,156,0.560359570380459,0.9731666678494596,cluster_5
3071341200066300262,,589.1422346706747,507.6243920057677,6613.514904421303,503.50517239756266,6609.309100406883,512.4318181950391,6617.941414632256,1.0079532671543967,148,0.4909270354425709,0.994047884932992,cluster_5
3071341200066300267,,628.0441204470017,534.3971600726086,6617.838820544157,530.819569167562,6612.4409723574,538.6165375171312,6623.9266635947215,1.6190876717897065,116,0.535431909387882,0.8938833366517508,cluster_5
3071341200067100009,,321.8882361239654,566.6781023183086,6486.775708111103,563.7370077758509,6482.547454725779,569.2396278801888,6490.756804963528,1.899833998099295,133,0.7212365595413053,0.969243221540816,cluster_5
3071341200067100010,,413.1616995100606,587.8719607386935,6492.544533583757,583.8917676081139,6489.531071158711,592.608261661143,6495.805741096752,1.411389605985587,36,0.5989008709930242,0.9842330479871374,cluster_5
3071341200067100018,,553.2185955757185,563.211817775497,6508.30971868788,560.0816095980955,6502.773417483978,566.1936954618355,6514.132025784532,1.8756058898333603,202,0.5580192584840854,0.9437961270563304,cluster_5
3071341200067100025,,987.825034021324,590.5149517780201,6532.745137384897,585.975417447668,6525.835010021909,595.9143296315068,6538.992004416953,1.4073593899712349,401,0.4313195945317926,0.9145893924156308,cluster_5
3071341200067100026,,407.9202144079892,609.480581376895,6535.083666251629,605.8112927295967,6531.451906406479,612.9056772174137,6538.853452887464,1.153298006244756,62,0.581555908080882,0.99744789649558,cluster_5
3071341200067100030,,383.7224968751809,610.9823179094554,6545.805555182043,607.1540440960576,6542.831945814941,615.0225482305522,6548.681051077019,1.3835237855400129,41,0.6116662772082156,1.0000000000000002,cluster_5
3071341200067100047,,2627.975974628448,611.4554255609518,6582.978158519867,601.2282851049835,6572.869348739352,620.3743048113259,6593.145200170081,1.2288953832786735,835,0.271684546206743,0.8950072793706239,cluster_5
3071341200067100054,,690.9319669159918,571.926555677427,6588.873666619007,564.8011794529398,6585.334884324888,579.1064852555746,6592.366918339375,2.20518267707976,300,0.5304422257437272,0.9242385369887102,cluster_5
3071341200067100055,,194.4203898244637,628.5839288255146,6588.330030774151,626.2467513789312,6585.140292379198,630.6820499106859,6591.287350387379,1.8776166988158072,40,0.8980654889355327,1.0,cluster_5
3071341200067100057,,433.1555207545454,576.3837280905714,6594.099247369542,570.9802655555486,6591.104869302388,580.2362725138709,6597.841958159983,1.3788979809834727,219,0.680954644733623,0.8631450787140376,cluster_5
3071341200067100061,,481.4793090334418,573.698193302062,6603.528982329945,569.6618080539693,6598.735796595986,579.2833082681367,6607.950056940401,1.2527196981290838,217,0.6821661753642313,0.8112310540148482,cluster_5
3071341200067100062,,949.1100312215276,659.0114815782757,6607.72082294096,653.3605551885438,6602.505378583344,664.89815548734,6613.171107028671,1.0885634560656243,45,0.3856318252390794,0.9863865074508846,cluster_5
3071341200067100064,,721.9066510672812,577.2519206476098,6609.574077995262,572.7705499135177,6603.181142567813,580.7880229413483,6616.27441294989,1.7769072186961017,290,0.5111514126549429,0.9137293332607463,cluster_5
3071341200067100068,,1446.5231676841383,645.2401181822519,6623.606827190758,637.0790484048647,6613.6185746624415,652.9251784609709,6631.369029201016,1.5620679826339818,465,0.4158289950046744,0.8031917605927149,cluster_5
3071341200067100072,,636.7951619787893,634.7279142376855,6619.245081280142,629.8515345523732,6614.641857913066,640.5059825765057,6623.519874926854,1.3714053050961446,198,0.4924040417569065,0.9715324931114628,cluster_5
3071341200067100077,,555.5584207145452,653.9933093054378,6624.602082128144,649.3721248903544,6620.656259203975,660.0001509142959,6629.034560739087,1.6183719201569453,51,0.5577748818357727,0.9480611169427312,cluster_5
3071341200067100078,,420.208149569144,578.0300802561569,6625.56431525215,574.2049427752876,6621.087115551438,581.1443120003794,6629.747325194547,1.24174051725234,153,0.7593862759986739,0.7833028357749487,cluster_5
3071341200067100079,,935.1983163482272,755.1542693001471,6628.949128170286,750.0873058151741,6622.972503033146,760.5608580750776,6634.930749527286,1.165246002523041,36,0.3912120582380899,0.9883779549780466,cluster_5
3071341200067100083,,2097.782432851669,675.2754635275711,6633.020824478539,666.4043850461404,6624.244519158758,684.2903387663749,6641.66002687991,1.4139339948888665,613,0.2743113868139603,0.9555810601073772,cluster_5
3071341200067100084,,578.9961870420881,665.5425263944538,6630.445041872875,659.7407479350308,6625.609654023396,670.4120288415836,6634.881469280244,1.5575619121507878,162,0.5595511310552271,0.8790240775504461,cluster_5
3071341200067100086,,911.9745338561468,820.1984462759744,6629.420603318888,813.5325497031857,6624.860464574969,827.145227146602,6634.542507534451,1.2380972468996967,157,0.4189665428312473,0.9675283670075664,cluster_5
3071341200067100087,,1208.4287978942675,628.818259333489,6634.49735040777,623.453902662445,6625.189572529168,634.6377959368951,6642.440152813274,2.065083139426069,313,0.4149286492397356,0.8830865346947658,cluster_5
3071341200067100088,,446.79511094943166,656.2237819299124,6630.544033259061,651.9156470971203,6626.938215100714,659.7218084755585,6634.315551745719,1.237467451092794,127,0.5874002252468103,0.9840913316703016,cluster_5
3071341200067100090,,372.4219237601585,686.9819092980305,6630.2218647244,683.2555401388867,6627.0404025550215,690.8571147583639,6633.516558238269,1.271585977520836,115,0.6422217787077571,0.9732316903631648,cluster_5
3071341200067100091,,580.9281597314317,640.2059291212425,6634.180056961412,636.5630518544276,6628.990131206225,643.6662080418224,6639.984577512424,1.635495982583375,159,0.5435295824608998,0.9387152013966148,cluster_5
3071341200067100092,,905.6181930209298,695.1387600362478,6633.934199407055,690.5290086802918,6627.134153425157,699.2617084788781,6640.945310231567,1.61132006622339,216,0.4725947541815393,0.8461263679623992,cluster_5
3071341200067100093,,1736.7825335851112,706.4859453843492,6635.0768040193525,697.6786925755933,6628.234162114721,718.5844573540269,6640.586602214629,1.6627864447904357,635,0.3603956072831081,0.9040595044167068,cluster_5
3071341200067100094,,1285.3252765618618,648.122135484156,6636.420479821792,640.383496530512,6629.062094515558,654.1679390644997,6642.139758095065,1.2452402097596638,318,0.3576194528166478,0.9356804927531353,cluster_5
3071341200067100095,,186.78519624943465,574.6610022283095,6631.972873688923,571.8388438423398,6629.739270529316,577.312998310142,6634.439639027023,1.0467956986706473,89,0.8897829868256342,0.9860518626970528,cluster_5
3071341200067100097,,753.618599752691,815.4583312934463,6636.7389294370505,810.0117168109252,6632.193369030242,821.7893796748923,6640.385994322641,1.345057626117267,233,0.4655013830435685,0.9674649513550728,cluster_5
3071341200067100104,,335.0453230485215,727.5252316744474,6637.115906769556,722.0772004070667,6635.222803342158,733.156564335338,6639.108259304519,3.108241121260085,120,0.7905170362644042,1.0,cluster_5
3071341200067100105,,1115.658347042439,609.2418533302292,6644.685837525859,603.5498639752217,6635.320828962248,615.778524173731,6650.455418101611,1.1698862151202325,267,0.4393756223334052,0.8488829825677313,cluster_5
3071341200067100106,,783.3330399611262,792.1233150640817,6640.4338197350935,785.5126413050184,6635.793853029944,798.9185288707702,6644.709623677095,1.7372956953295349,107,0.4729460584372283,0.9360327988960184,cluster_5
3071341200067100108,,1046.7675746467917,584.8653231266195,6639.79192972499,576.3674010587324,6636.745581472924,594.3496747084199,6643.394487411645,2.704948903754593,370,0.436126303999811,0.9796202035546352,cluster_5
3071341200067100111,,811.9455289234239,755.9549710489003,6642.116751083573,749.4639372810959,6636.747601294564,763.0441456493398,6647.294503383287,1.339896556290083,317,0.5505842936014346,0.7686932662097542,cluster_5
3071341200067100120,,277.8207817046769,764.7402265125894,6643.275261231822,761.4161966319988,6640.311455583083,767.6963803533976,6646.198689396584,1.506063436946579,113,0.7546937078806658,0.98160226151471,cluster_5
3071341200067100121,,501.8906953307388,771.2562106078257,6643.965671843994,766.8974063208233,6640.519824327555,775.7849044106716,6647.718728155051,1.0924557198235934,172,0.5387942496746114,0.9999999999999998,cluster_5
3071341200067100122,,1259.669423340653,780.7242167965043,6646.900152165354,773.6944778012906,6641.155784493936,787.9813777408646,6653.471672043099,1.121561290791939,224,0.3545107374235767,0.9404102013280804,cluster_5
3071341200067100127,,571.0204008756785,765.9221642198925,6651.213663052336,762.0392824645569,6646.359208315117,770.5364470656631,6655.028957955168,1.0104942136883024,97,0.5206148595603648,0.9801857789222224,cluster_5
3071341200067200007,,721.1530137553542,568.4712697135756,6463.912264073152,564.0498693545915,6458.509232883495,572.8408601574585,6469.420357955243,1.1649349462337617,34,0.459000255361111,0.9736235135189412,cluster_5
3071341200067200012,,898.2245963308518,568.3470332340413,6502.252707246477,564.1637894045592,6494.691814157666,572.6897362780728,6509.391156297843,2.084494349431659,502,0.4409268534523747,0.9757176364518746,cluster_5
3071341200067200013,,1250.4978483819823,576.9057238107017,6505.182547169264,571.1309047580831,6497.210685179994,583.050310045492,6512.796485301634,1.4759881622352833,684,0.3637893935961854,0.9471746723418176,cluster_5
3071341200067200014,,1225.6451624502888,590.2289206006711,6507.077396082816,584.4671433070774,6500.168266795061,596.4887090223715,6514.470397031187,1.1480411939239616,245,0.3597928263004347,0.9545398757688616,cluster_5
3071341200067200017,,2590.6115696654547,597.0965380317622,6517.3995290840085,585.6217340994712,6508.231758949417,606.6886006948168,6528.502568780201,1.0914651828008195,371,0.263312955636879,0.9026258539549006,cluster_5
3071341200067200018,,1453.1396230332923,573.2923636740376,6515.879419803854,564.6585321205414,6508.960138031465,582.8046680469463,6523.452610728906,1.9348288785330656,615,0.3805373599186016,0.8963687949938867,cluster_5
3071341200067200019,,1078.347824476954,570.7756665845078,6523.58226483418,564.2790231810166,6517.141173410326,577.2237510715622,6530.332765947322,1.665456816475585,394,0.3925310390228587,0.9590857590033768,cluster_5
3071341200067200021,,2214.529591473514,574.9356978453405,6539.873380916571,567.3953605213904,6528.181767306737,582.9765370572068,6549.592273362975,1.2385781322216682,655,0.2837003612928367,0.914972993390939,cluster_5
3071341200067200024,,928.607162897332,592.9200702481712,6543.027079337123,587.3227246740453,6537.715650307513,598.478817276692,6549.08065352806,1.0961461248311326,364,0.4037933272714084,0.959657038899178,cluster_5
3071341200067200025,,1516.0267212236222,581.6646034055234,6552.647395035842,574.2952290414015,6544.134946425603,587.8081114088366,6560.845359417172,1.0110562866010009,416,0.3314147654829781,0.9380295653360572,cluster_5
3071341200067200026,,1439.2697201445758,598.7301143974628,6554.463570394903,593.1326574457347,6546.116476164752,604.5708875054205,6562.393709229727,1.497245950923619,573,0.3250217707828728,0.9758151029672256,cluster_5
3071341200067200027,,347.5548827450816,590.3638137320473,6553.431836588591,587.3359417645182,6549.639690789377,593.1068683719789,6557.697560141446,1.7362181224181257,85,0.6676730760544246,0.9993607082858772,cluster_5
3071341200067200032,,1805.11308043702,593.260288982469,6568.353598515789,584.3664248762914,6560.989955886798,602.6634432398071,6575.115875851064,1.5290026711399345,404,0.2991222595503663,0.9668263594009464,cluster_5
3071341200067200033,,1299.7170341940744,605.3689145397819,6567.146055086205,598.1637439459394,6560.479888903333,611.6532342304828,6575.17525855714,1.2000902560197548,514,0.3526392983502017,0.9511922115633912,cluster_5
3071341200067200034,,1511.0277591066306,570.7088740384869,6571.875840055045,560.3533161498694,6564.282081050601,577.4837503926071,6578.122962045027,1.1428790981063153,562,0.3307244360389085,0.8482317543847304,cluster_5
3071341200067200040,,1007.7270538553464,622.667073253126,6584.545385831415,617.2255535642865,6577.362339906898,628.4145073616172,6591.886790614581,1.5332334765307538,151,0.4159271601776924,0.9286088314807984,cluster_5
3071341200067200050,,1950.0200590852469,635.8496567822067,6592.115976702828,626.484302928031,6583.3869658201065,643.9835989112347,6599.797866546301,1.26888304441026,270,0.2989919917942064,0.9153276345064184,cluster_5
3071341200067200057,,773.0253293041649,643.6829350886559,6602.802308643854,638.8876051360953,6596.681239444841,648.2931122240365,6608.336138661643,1.4056871508165152,138,0.4490902067053545,0.964068072455378,cluster_5
3071341200067200058,,1232.8614855334083,565.271738696894,6606.015942477986,559.0727434818203,6599.163297039502,572.670771822055,6612.284297221426,1.1263168832066992,391,0.3823322399141008,0.8981714616884708,cluster_5
3071341200067200063,,1119.8317446055644,642.5177999061352,6614.486487724266,635.0761553939045,6608.606978435665,649.05889424668,6620.200098124713,1.1848402761058598,434,0.3722473266561548,0.9679240916531432,cluster_5
3071341200067200064,,790.7244247735525,567.4927622964025,6614.542165733176,561.0859639624537,6609.775050288723,574.8879809146969,6619.960639633209,1.5602489512080433,204,0.5063998090279661,0.8520484882830476,cluster_5
3071341200067200071,,731.6849509774719,657.3493250012101,6618.987342144429,650.4530434902618,6614.608506471941,663.1894007478453,6623.855456221517,1.435198565718804,246,0.5426831066139833,0.7935161646212296,cluster_5
3071341200067200078,,679.0059097824259,570.4264573580876,6626.0369740705855,563.6872595953536,6622.40066913477,577.1911800861687,6630.044252630998,1.5838633128785524,191,0.5417673001276375,0.8802118620006797,cluster_5
3071341200067200079,,1537.7045875108374,831.5559460425986,6629.173537574972,822.1667331061283,6623.043749532932,841.5858043953763,6637.159645366171,2.156400516425287,413,0.391735824693805,0.8609742440890467,cluster_5
3071341200067200081,,387.76047859428826,661.2419631991162,6626.632991780191,655.5467368147883,6623.310801087429,665.0136982655255,6631.210311743876,1.2539251566320708,90,0.7818864199442642,0.794643864841675,cluster_5
3071341200067200084,,893.1048113752946,632.7754754129384,6632.252306647782,624.3385482270235,6623.872065303984,638.6743327900672,6640.195837574054,1.3125978394700824,178,0.8292435187280017,0.512674814035136,cluster_5
3071341200067200092,,1097.2559021227437,616.3187117659041,6637.386199303902,610.9055500808738,6629.96209146673,620.7412314437355,6644.436494929823,1.442466817930068,352,0.3791591410356023,0.9721477896570092,cluster_5
3071341200067200095,,1110.3143781659387,685.8787094535217,6637.68864541385,677.4578518821238,6631.662610531623,692.6551669794375,6642.132135670536,1.5779017941606888,338,0.408148338106196,0.9191385794898378,cluster_5
3071341200067200098,,1025.4877209802098,659.9918950675356,6637.822030528632,653.4845697565913,6632.4040309301145,667.1933492376767,6642.095333431818,1.4379149985624595,293,0.4033021516319998,0.9446155581071004,cluster_5
3071341200067200101,,1189.9345361288515,624.8660530893493,6645.669345508411,618.3780641868154,6637.813803404049,632.9435886119404,6652.518260244204,1.023860805269952,169,0.4843251043353803,0.7478121382051898,cluster_5
3071341200067200102,,1512.8359762249572,600.1892147249015,6641.646185234553,592.1186449732865,6635.019671942554,611.0084632272675,6649.247774973991,1.3205853647324604,381,0.3810960482160022,0.7919431324048615,cluster_5
3071341200067200103,,1120.423753301489,720.296240293893,6640.932959712148,713.1856665254833,6634.694559198514,727.1887283582449,6645.911981128057,1.1829616368434563,280,0.3862709715621801,0.9363001005437258,cluster_5
3071341200067200105,,1201.6392763939427,570.2011350440386,6641.408245400684,562.5284455453941,6636.115242072528,579.8560023314609,6646.459581475089,2.040367142671084,510,0.430098912387315,0.8686324313055974,cluster_5
3071341200067200109,,1188.8357596980732,814.2120328505235,6644.215074838618,805.9490035273658,6638.817782921905,822.0699226038519,6649.267466672105,1.749431956667128,228,0.409273894117324,0.8840213181681091,cluster_5
3071341200067200113,,1530.0627870674734,734.4734460944268,6644.8435890648125,726.422887482623,6638.192060891634,743.1508710081059,6651.3791188149735,1.5109701199513057,360,0.3337061665900092,0.9263237408130752,cluster_5
3071341200067200118,,741.4797187941354,758.7339343650402,6648.790193850872,752.3727914903429,6643.760722699231,765.2460395990354,6655.505376152906,1.09774748350799,144,0.6633171322652734,0.684642035719031,cluster_5
3071341200067200120,,465.7640642998166,772.7053906321046,6650.9528407754415,767.5699796764318,6646.690232506452,777.2968562970294,6654.935273671449,1.1430972029695503,89,0.6891039307312011,0.75007106641361,cluster_5
3071341200067200121,,216.53779785458104,742.6336787914978,6651.158910741755,740.0505164806956,6647.863524073597,745.1058819374115,6654.067120942938,1.365433530915658,36,0.8310331428167002,1.0,cluster_5
3071341200067300028,,494.09617903450817,569.0301838226038,6594.6963165235,564.1306697619362,6589.458585729493,573.4438713557142,6599.361190790282,1.922329549889088,186,0.6333658042148577,0.9201798413301124,cluster_5
3071341200067300037,,611.3292485546258,571.8477671921938,6619.433166268922,567.1047483073017,6614.13495482991,575.6784014098914,6623.813511954152,1.1714153556265603,140,0.5287359584481645,0.9618817795359672,cluster_5
3071341200067300041,,179.17960295070705,562.7958389292613,6624.1165563156965,561.0098251175963,6621.2311411271085,565.0819108644557,6627.014409236901,1.4232315835926344,38,0.987187211252712,0.9197585962389088,cluster_5
3071341200067300057,,994.2183737532444,745.8921395177794,6640.733139653575,738.2269368500965,6635.87601419403,752.1103930251339,6646.243590306088,1.275022182001927,288,0.397164176429328,0.9632692256850452,cluster_5
3071341200068100001,,751.7162983855958,1044.6827700644124,6422.415002033952,1039.8691842719377,6417.591875989239,1049.299964794548,6428.464037337732,1.0525227554946697,41,0.4673938555466951,0.9360412239966096,cluster_5
3071341200068100002,,496.4494021003665,1042.8152556134917,6430.00257291783,1039.103370128104,6425.579781619377,1046.7085636034326,6435.172498917975,1.3118103535368253,39,0.5985451134212161,0.9368045526028828,cluster_5
3071341200068100003,,561.3606950595791,1037.7207099979685,6440.048205434302,1032.7442581346145,6436.199510987095,1042.573979526177,6444.517644449556,1.0864342167264789,140,0.515366800378997,0.9814321836208674,cluster_5
3071341200068100015,,243.69621616946017,972.9426418843284,6511.451224170635,970.17805044928,6507.865809122736,975.3153829921672,6514.899874735834,1.80155231044926,55,0.8384794684882745,0.9367827822356646,cluster_5
3071341200068100016,,957.7659743412584,975.3963905908388,6516.88644604764,968.4146511636724,6510.885448728006,982.0551959145564,6522.455537385284,1.306975808217635,283,0.4420939937184139,0.8747734132773671,cluster_5
3071341200068100023,,361.3469075228896,954.3475582772572,6535.262000657333,950.8467795635036,6531.4632886337695,958.3135135179406,6539.584599059079,1.7659274250837962,75,0.7116973693127757,0.9360700342953812,cluster_5
3071341200068100026,,1748.7542748970525,936.842390344486,6555.918904348787,929.2117838641536,6549.333272027419,949.7913356619932,6564.807137197664,1.372986033393373,431,0.3716428406034794,0.8501708963850467,cluster_5
3071341200068100027,,714.2075963413974,925.7226885044212,6557.206424951169,919.3319326089128,6552.458183268738,930.184432793249,6561.959285518467,1.1155848320737474,92,0.5002077869651259,0.9489626692867248,cluster_5
3071341200068100030,,371.0161228321451,923.8631090727276,6564.440793344641,919.1261275838922,6560.1894689328055,929.0621481876937,6568.257707012021,1.5042816474016787,138,0.8622284033697662,0.7187464613253097,cluster_5
3071341200068100036,,617.3188021298969,905.1105244845988,6591.018337198271,900.1964728848507,6586.461706780807,910.6620045917532,6596.02973829353,1.917493057278923,163,0.5234315876791186,0.9819515570372532,cluster_5
3071341200068100038,,416.6762032676877,883.1559244940283,6593.119812780611,878.0795535707284,6590.234075065549,888.2424710776053,6596.018544000959,2.16147538204946,57,0.636031735046103,0.9999999999999998,cluster_5
3071341200068100040,,786.409784734114,884.9977289846094,6600.538724193046,878.2639465286469,6594.930074814032,890.0634496241382,6604.590956688817,1.2431432994450649,271,0.4773272372705741,0.9406315933620556,cluster_5
3071341200068100047,,686.3532575952315,855.3285263197002,6618.524580642429,849.5987062362387,6613.568677079558,861.4295175889082,6623.024539638459,2.0486245583845664,338,0.4975384110561819,0.9740701517757052,cluster_5
3071341200068200022,,854.9952264820978,1036.1307127265327,6431.466035412174,1031.5220162573503,6425.615509590241,1041.147314432748,6437.125540394594,1.307591827378456,187,0.4413314858578165,0.9233757785299824,cluster_5
3071341200068200030,,1991.697764119416,1024.832309452859,6447.168212835984,1014.1900067235276,6437.731247545233,1034.145704245176,6457.629513143921,1.6733432891511713,357,0.330874444964579,0.8664763076180284,cluster_5
3071341200068200034,,1269.547779040205,1028.4456385451624,6455.108470771642,1019.7142154537108,6445.776687687465,1036.4917689041172,6464.250541443618,2.4259569102766774,319,0.4457001605772413,0.8625651372891405,cluster_5
3071341200068200037,,1160.7868625426977,1018.1452436408598,6464.355407599957,1009.6496130635368,6458.878873622075,1023.992233982279,6471.823014561033,1.1073200586060066,269,0.4128857208416993,0.8772822712992113,cluster_5
3071341200068200041,,1862.06550577991,999.9269505528102,6490.892680141616,992.4379246631352,6479.283418152894,1006.4721342309368,6502.279680627236,2.3150167443997662,382,0.3434417821156981,0.905792642757149,cluster_5
3071341200068200044,,1325.31150638729,986.2038403833066,6506.044185759145,976.5443563142878,6497.934652565328,995.8822079910448,6513.813163935368,2.8869703523161387,338,0.4201049077653548,0.8863058038059727,cluster_5
3071341200068200045,,1613.107807797073,964.2671242622029,6513.416391531165,958.2488515810415,6505.760339522627,971.620582946386,6521.178155431469,1.1572539894714962,45,0.3067173761550717,0.9643852845373764,cluster_5
3071341200068200048,,371.5725467645053,972.0035930271224,6523.846733878082,968.8212935101972,6520.860716700891,976.2115114033692,6527.893150813276,1.2350967966582729,111,0.6481583568346495,1.0,cluster_5
3071341200068200050,,1646.526540075649,962.0962847139516,6534.853936120721,953.0912175349082,6520.866321334565,971.3455754210804,6545.874474607603,2.792948808345847,396,0.4352516790834767,0.7502717140069312,cluster_5
3071341200068200052,,409.07912013349096,961.5498136494964,6526.103836327902,957.8693920414668,6522.59424865579,965.2496580264022,6529.31688185338,1.0796585366842095,77,0.6214092814765236,0.9666880057483032,cluster_5
3071341200068200058,,1425.758243023777,946.036500592916,6544.114774327203,937.0759225183652,6536.897229682371,953.8153898316116,6549.911528931552,1.3167432487943742,339,0.381725078005439,0.8299190216995729,cluster_5
3071341200068200062,,404.0138343694687,935.4355017006276,6547.323933219142,932.0000840427356,6543.292351888987,939.2597229930708,6550.985703200883,1.1750885118601593,67,0.5927520485871681,0.9893128341909904,cluster_5
3071341200068200068,,433.00133172434784,919.024940104832,6561.08094738819,914.589988001738,6557.2388454036345,923.0969673961556,6564.254263271317,1.291086298264362,43,0.5915773235532397,0.9858380615888334,cluster_5
3071341200068200070,,1373.2768650386788,912.805199079927,6566.592065254999,905.0774931051884,6559.487698513818,921.4350797906138,6572.908806854504,1.0380219014312757,91,0.3669463030125146,0.8950039822189274,cluster_5
3071341200068200071,,2030.325612093457,920.4908800632556,6575.134205519848,909.1268412663848,6564.768970130803,929.8815288825645,6583.922515624713,2.232672572550692,592,0.329619296117166,0.9001378043211659,cluster_5
3071341200068200074,,1015.1421190818048,907.7357835589066,6576.018238687275,901.9770394422034,6570.226199166989,913.2324847587788,6581.438617181199,1.1991745207600824,173,0.3815423680711073,0.9812642122237152,cluster_5
3071341200068200082,,377.0165427677168,911.6709412550056,6586.720471549822,906.1234652408352,6583.348784395867,915.7625365988372,6591.97656216979,1.2953800588762974,104,0.9137314789913374,0.6721669380796318,cluster_5
3071341200068200083,,1262.7045276590372,896.3791502776174,6595.359439332029,889.3939031829397,6588.197924823952,908.2171830874332,6602.557543182222,1.7007430730680158,337,0.499865956366437,0.7370631795897202,cluster_5
3071341200068200087,,1680.5000852627186,864.3157597092624,6608.896456161791,855.138723566258,6600.237471308832,872.9147846250715,6620.203394283962,1.9713138269292247,470,0.4017999431978579,0.8090427723809939,cluster_5
3071341200068200090,,859.7684099526284,847.5464883998359,6625.216788892299,841.0462264951309,6620.571590581969,857.5311547749399,6629.0722923704925,1.9518175416761228,180,0.54310004426885,0.8179690580445997,cluster_5
