,fov,volume,min_x,min_y,max_x,max_y,anisotropy,transcript_count,perimeter_area_ratio,solidity,n_genes_by_counts,log1p_n_genes_by_counts,total_counts,log1p_total_counts,pct_counts_in_top_10_genes,pct_counts_in_top_50_genes,pct_counts_in_top_100_genes,pct_counts_in_top_120_genes,n_counts,clusters,cell type
3066494500026100111,,1091.2182107340338,5783.216330847029,5434.696026006792,5795.614668067955,5446.226326750307,1.0069800039226269,270,0.3774969593981056,0.9669334171946607,43,3.784189633918261,150.0,5.0172796,66.0,100.0,100.0,100.0,150.0,0,LPM-2
3066494500026100115,,686.0952889484308,5771.852909797547,5439.233883491196,5783.795401516542,5446.677925843225,1.6313494259704522,160,0.4944223097912285,0.9645010296020262,33,3.526360524616161,87.0,4.477337,66.66666666666666,100.0,100.0,100.0,87.0,0,LPM-2
3066494500026200116,,519.8141887033754,5790.928045966224,5433.718270173066,5803.788332741113,5439.118126702299,2.384354980530171,95,0.6084546273782242,0.9440796647661226,25,3.2580965380214817,36.0,3.6109178,58.333333333333336,100.0,100.0,100.0,36.0,0,LPM-2
3066494500026200123,,305.8526244416043,5824.083814216967,5441.33623223818,5830.917545417511,5447.331956773702,1.1808791273636263,119,0.7367500103315258,0.9291018085584428,35,3.58351893845611,78.0,4.3694477,60.256410256410255,100.0,100.0,100.0,78.0,0,LPM-2
3066494500027100097,,501.1969751296363,5842.363794955662,5439.16744033528,5850.992206460272,5448.507113377316,1.3791710791844685,180,0.5722150679868591,0.953999416219788,49,3.912023005428146,110.0,4.7095304,52.72727272727272,100.0,100.0,100.0,110.0,1,LPM-1
3066494500027100103,,955.1209502379986,5850.588368611316,5441.405006003532,5867.594521707761,5451.471622085123,1.704739168184792,309,0.5555248570955639,0.718552711954082,64,4.174387269895637,185.0,5.2257466,51.891891891891895,92.43243243243244,100.0,100.0,185.0,1,LPM-1
3066494500027100112,,858.9915924731484,5845.975747567731,5444.84377511514,5856.403464281128,5457.0380278457005,1.3866035066708473,262,0.4284804426048393,0.9627867640673538,46,3.8501476017100584,162.0,5.09375,63.580246913580254,100.0,100.0,100.0,162.0,1,LPM-1
3066494500027100119,,1830.850596788512,5832.294318088827,5448.708607282692,5850.766383441293,5462.877495430925,1.1972564578750853,686,0.2923868704854284,0.9546543103221756,91,4.5217885770490405,498.0,6.212606,53.21285140562249,89.7590361445783,100.0,100.0,498.0,3,CM
3066494500027100127,,1109.261167047107,5860.603513477656,5450.579958928483,5873.252069175431,5462.399142010839,1.1168064584721793,355,0.3866806596378155,0.9471263177191016,61,4.127134385045092,231.0,5.4467373,54.54545454545454,95.23809523809523,100.0,100.0,231.0,1,LPM-1
3066494500027100139,,929.2596343729842,5856.955759486139,5457.453052990903,5871.259315340589,5469.189178242651,1.7632157619500304,350,0.4434617751338643,0.9395775326409482,67,4.219507705176107,223.0,5.411646,48.4304932735426,92.37668161434978,100.0,100.0,223.0,1,LPM-1
3066494500027100142,,1218.2481322770204,5847.825410290905,5459.969195438792,5862.451273958509,5471.919052223666,1.4500651693924484,596,0.3554245345066099,0.9844339091860624,78,4.3694478524670215,430.0,6.066108,51.86046511627907,93.48837209302326,100.0,100.0,430.0,3,CM
3066494500027100152,,599.3348309230344,5867.587832052409,5464.551300280867,5876.154090418933,5474.698664023537,1.4543436496176805,182,0.5059340513564292,0.9866201611271544,45,3.828641396489095,106.0,4.6728287,52.83018867924528,100.0,100.0,100.0,106.0,1,LPM-1
3066494500027100160,,1077.0911096711077,5860.617779471903,5469.491953321265,5874.182236472265,5480.656828287216,1.0542786742337151,363,0.3893119625083102,0.9597147122081544,68,4.23410650459726,229.0,5.4380794,48.03493449781659,92.13973799126637,100.0,100.0,229.0,1,LPM-1
3066494500027200103,,442.5894137548815,5836.432831581152,5443.538937964418,5846.34559883215,5450.235334625525,1.3807928308984243,81,0.6250254371181952,0.9496085075037268,31,3.4657359027997265,53.0,3.988984,58.490566037735846,100.0,100.0,100.0,53.0,1,LPM-1
3066494500027200178,,361.025540208537,5870.066348261384,5480.613557741202,5876.840101781874,5488.344573532073,1.8229685725771227,90,0.6643681017766273,1.0,31,3.4657359027997265,60.0,4.1108737,61.66666666666667,100.0,100.0,100.0,60.0,1,LPM-1
3066494500027300149,,240.28206654417573,5887.538529791314,5484.444389634656,5892.351509345568,5491.069157409152,1.4282050249993234,66,0.8041481862185165,0.9733510952772352,16,2.833213344056216,29.0,3.4011974,79.3103448275862,100.0,100.0,100.0,29.0,1,LPM-1
3066494500035100026,,413.315023665836,5896.348605255785,5501.562496941581,5904.441197992668,5508.911607530656,1.3914493779487007,133,0.6298740269911961,0.9355288196901762,32,3.4965075614664802,65.0,4.189655,61.53846153846154,100.0,100.0,100.0,65.0,1,LPM-1
3066494500035100039,,843.5655716843688,5913.201529323392,5509.1067638481545,5927.230343796255,5517.929660072095,1.864005066460824,213,0.4400181183433078,0.9712427730097928,36,3.6109179126442243,91.0,4.5217886,62.637362637362635,100.0,100.0,100.0,91.0,1,LPM-1
3066494500035100042,,1485.44634475075,6007.826875269321,5513.967760731122,6026.326625198549,5526.904559430541,1.6217386889253709,365,0.3434906982997167,0.9305735071554678,63,4.1588830833596715,216.0,5.379897,54.166666666666664,93.98148148148148,100.0,100.0,216.0,1,LPM-1
3066494500035100050,,869.6849443781493,5985.233497494876,5526.494301872285,5997.380207408287,5538.186589374415,1.038060681096478,250,0.4483994516884805,0.8941279139833194,50,3.9318256327243257,182.0,5.209486,60.43956043956044,100.0,100.0,100.0,182.0,1,LPM-1
3066494500035100052,,1576.3303881557874,5953.551927753874,5527.243785259383,5973.987405972583,5538.037001790854,2.5079328933182667,476,0.346379606881347,0.9800671696378552,63,4.1588830833596715,247.0,5.5134287,48.178137651821864,94.73684210526315,100.0,100.0,247.0,1,LPM-1
3066494500035100058,,776.7668556503291,6020.425263533663,5535.343570053233,6031.668000565784,5544.70202510052,1.40565813945437,366,0.4399875113993015,0.9942075514621136,60,4.110873864173311,285.0,5.655992,68.42105263157895,96.49122807017544,100.0,100.0,285.0,3,CM
3066494500035100060,,817.7885820442891,6031.343505923642,5536.424542858151,6042.1369002949305,5546.715485229589,1.0259520128983963,267,0.4482392088128571,0.945664274563642,52,3.9702919135521215,192.0,5.26269,69.79166666666666,98.95833333333334,100.0,100.0,192.0,2,CM
3066494500035100069,,406.6070093838857,6057.599955235609,5552.738730611016,6065.205363874613,5561.826798902858,1.178216342910447,144,0.6740629491685415,0.8899689988216747,31,3.4657359027997265,103.0,4.644391,72.81553398058253,100.0,100.0,100.0,103.0,2,CM
3066494500035100071,,1344.1624477164028,6073.944963347196,5557.527744716706,6086.083180254886,5574.76122124465,1.3273928628227625,383,0.3654736869575207,0.9148124853866868,64,4.174387269895637,236.0,5.46806,55.08474576271186,94.0677966101695,100.0,100.0,236.0,0,LPM-2
3066494500035100072,,1198.211320049145,6084.8272935679,5564.928712351873,6103.46501137505,5584.318307558363,4.043095691239876,273,0.4932746718768074,0.8850993422277476,41,3.737669618283368,125.0,4.836282,58.4,100.0,100.0,100.0,125.0,0,LPM-2
3066494500035100073,,477.7287997101826,6082.850351422116,5568.928408222599,6091.377501521025,5577.778819839352,1.03431106834079,170,0.6048900859953337,0.919525299081221,42,3.7612001156935624,115.0,4.75359,64.34782608695652,100.0,100.0,100.0,115.0,0,LPM-2
3066494500035100080,,284.36838544748633,6096.159901601863,5590.672635232307,6102.377014467464,5597.765911531167,1.789831087489377,82,0.7511272042011593,1.0000000000000002,26,3.295836866004329,49.0,3.912023,67.3469387755102,100.0,100.0,100.0,49.0,0,LPM-2
3066494500035200058,,1158.014007257087,5973.700812310224,5531.045713591194,5990.735040983418,5540.660491739751,1.8950852544535133,266,0.3859588006572104,0.9638209620493946,40,3.7135720667043075,132.0,4.890349,64.39393939393939,100.0,100.0,100.0,132.0,1,LPM-1
3066494500035200060,,701.6145117688153,5991.157603464459,5532.942570892501,6003.586457300546,5540.305656401663,1.5524817529211756,237,0.472039612341855,0.9968508533711808,60,4.110873864173311,170.0,5.1416636,42.35294117647059,94.11764705882352,100.0,100.0,170.0,3,CM
3066494500035200063,,1020.1738323460291,6039.00946585328,5542.829969631962,6052.266134332044,5554.526865607124,1.1245873531261927,379,0.4238779571821393,0.8970430500325346,58,4.07753744390572,287.0,5.6629605,67.94425087108013,97.21254355400697,100.0,100.0,287.0,2,CM
3066494500035200066,,1177.5985020684436,6049.17623154628,5544.415329022344,6064.3833527261495,5558.124468079602,1.0341693237021907,376,0.4637135283914127,0.8900227803928393,55,4.025351690735149,231.0,5.4467373,63.20346320346321,97.83549783549783,100.0,100.0,231.0,0,LPM-2
3066494500035200068,,1573.5298982470829,6062.068186292349,5550.568596696387,6076.832396240417,5567.195101042055,1.4520221224749843,635,0.3501991359399733,0.9026545725816932,71,4.276666119016055,398.0,5.988961,63.06532663316583,94.72361809045226,100.0,100.0,398.0,0,LPM-2
3066494500035200078,,1100.3352720335793,6083.092875641718,5577.138459589497,6097.548194157993,5587.775204889016,1.507379916522473,366,0.3781249039469818,0.9596521278163233,47,3.8712010109078907,258.0,5.556828,73.25581395348837,100.0,100.0,100.0,258.0,0,LPM-2
3066494500035200080,,508.37131445870136,6091.912969968836,5584.06165310382,6100.515523230825,5592.328759689171,1.157770533349683,101,0.5435949255309019,0.9606810155201888,29,3.4011973816621555,67.0,4.2195077,64.17910447761194,100.0,100.0,100.0,67.0,0,LPM-2
3066494500035200088,,571.6907803648332,6101.776027094351,5597.341545542481,6109.964044121189,5605.751561273935,1.025006464447427,123,0.5127983415297549,0.9730771137415616,28,3.3672958299864737,58.0,4.0775375,65.51724137931035,100.0,100.0,100.0,58.0,0,LPM-2
3066494500035300039,,629.4018876404687,6004.392059637865,5523.686376477084,6014.897402237433,5530.801194041683,1.4930746772921926,139,0.4784335554113736,0.9989736572644582,33,3.526360524616161,88.0,4.4886365,64.77272727272727,100.0,100.0,100.0,88.0,1,LPM-1
3066494500035300040,,465.3029148897184,6026.939020456947,5524.184427657601,6035.534840863742,5531.75447173684,1.17080726922197,140,0.5858431499483919,0.941024182812552,37,3.6375861597263857,88.0,4.4886365,63.63636363636363,100.0,100.0,100.0,88.0,3,CM
3066494500035300044,,648.2920552059851,6005.018203432524,5530.274673053818,6016.453405559283,5537.173024746177,1.7170872059422757,211,0.4853650994527729,0.9925551110433376,49,3.912023005428146,167.0,5.123964,61.67664670658682,100.0,100.0,100.0,167.0,3,CM
3066494500035300045,,374.2664921953912,6025.963470332803,5530.425389649983,6033.364563499443,5537.011082181838,1.495834572744296,194,0.6226229893639191,1.0,47,3.8712010109078907,122.0,4.8121843,53.278688524590166,100.0,100.0,100.0,122.0,3,CM
3066494500060100061,,1127.9706714095548,6281.704956597168,6607.005683586432,6294.197452262812,6621.24709554835,1.7402503339758677,265,0.3975264983758983,0.9364198791981652,53,3.988984046564274,154.0,5.043425,47.4025974025974,98.05194805194806,100.0,100.0,154.0,4,LPM-3
3066494500060200092,,2103.583420477772,6289.748387043948,6567.96428346595,6306.527105017604,6589.060496184428,1.7698535913456026,334,0.308147681257795,0.8996783685448629,55,4.025351690735149,178.0,5.187386,57.30337078651685,97.19101123595506,100.0,100.0,178.0,0,LPM-2
3066494500060200097,,1158.5950131677364,6288.068572517881,6593.199997024384,6300.012495469164,6607.19306234465,1.6029168163598524,176,0.3750032017857289,0.9478521642622382,43,3.784189633918261,111.0,4.7184987,54.054054054054056,100.0,100.0,100.0,111.0,0,LPM-2
3066494500060200115,,987.8044459398756,6275.13447158382,6606.999096844827,6287.575423324388,6618.22317589198,1.0846452171260197,198,0.4191872101282397,0.9381575019342938,38,3.6635616461296463,156.0,5.056246,71.15384615384616,100.0,100.0,100.0,156.0,2,CM
3066494500060200133,,504.7729967933735,6275.971417168984,6625.405632388932,6283.3869768885015,6634.6709481852895,1.255122393641012,38,0.5673678416506802,0.934059143157874,15,2.772588722239781,19.0,2.9957323,73.68421052631578,100.0,100.0,100.0,19.0,3,CM
3066494500060200141,,678.5259843944156,6244.999551545656,6631.203965185602,6255.860960550973,6639.927567645075,1.3194822525585208,123,0.4989948984975658,0.9183106883334248,42,3.7612001156935624,91.0,4.5217886,60.43956043956044,100.0,100.0,100.0,91.0,2,CM
3066494500060300027,,128.2773597218628,6272.502289607518,6629.396783092896,6276.895812021217,6633.3135958466,1.3372667567667171,34,1.0681946565480287,0.9999999999999996,18,2.9444389791664403,20.0,3.0445225,60.0,100.0,100.0,100.0,20.0,1,LPM-1
3066494500067100003,,570.0152191234852,6114.139616310976,6752.596469703791,6121.959732935937,6762.729493569606,1.371985830233048,244,0.5143025030524179,0.986696937756,47,3.8712010109078907,184.0,5.220356,61.95652173913043,100.0,100.0,100.0,184.0,2,CM
3066494500067100012,,172.165095429727,6095.677403302212,6782.738447263815,6099.565556797338,6789.874381980944,2.627162568933544,37,1.0704240952546658,0.9635424794566844,13,2.6390573296152584,33.0,3.5263605,90.9090909090909,100.0,100.0,100.0,33.0,2,CM
3066494500067100014,,598.586399015751,6103.179204992095,6785.965358297764,6112.528514146106,6798.452174581349,1.1397958218194908,35,0.6540690431276343,0.7571645891891139,12,2.5649493574615367,23.0,3.1780539,91.30434782608695,100.0,100.0,100.0,23.0,0,LPM-2
3066494500067100018,,713.3391952115784,6085.789516904495,6789.703814562219,6095.615957649833,6801.361978817944,1.0059777347214147,151,0.5388286087970325,0.8452481573305651,36,3.6109179126442243,115.0,4.75359,71.30434782608695,100.0,100.0,100.0,115.0,2,CM
3066494500067100026,,441.9899127011317,6091.189932410808,6794.582808805243,6101.29921313076,6801.279072853096,1.8108011723582105,74,0.6234995062565757,0.9754318063243272,27,3.332204510175204,57.0,4.060443,68.42105263157895,100.0,100.0,100.0,57.0,2,CM
3066494500067100029,,532.5517973026408,6106.76739339742,6796.769389374325,6118.171933918033,6802.941329671021,1.876642569338205,36,0.5598664861122775,0.9771640262128104,21,3.0910424533583156,27.0,3.3322046,59.25925925925925,100.0,100.0,100.0,27.0,0,LPM-2
3066494500067100050,,413.3091895443829,6087.653202068007,6808.198554811999,6096.2722444434,6815.147665624096,1.3956616850658212,114,0.6034451136476501,0.985089396422497,34,3.5553480614894135,65.0,4.189655,60.0,100.0,100.0,100.0,65.0,0,LPM-2
3066494500067100054,,1221.4257699894265,6053.4501832142905,6816.513530179071,6069.1615083735705,6828.653039622436,1.264193114512509,456,0.3798495438575688,0.9132675377186744,57,4.060443010546419,275.0,5.620401,61.81818181818181,97.45454545454545,100.0,100.0,275.0,0,LPM-2
3066494500067100057,,570.4125072577837,6084.510857014393,6834.136673034889,6093.345573220425,6843.073201769244,1.3327942598505316,25,0.524477693726772,0.9760341650013756,13,2.6390573296152584,19.0,2.9957323,84.21052631578947,100.0,100.0,100.0,19.0,0,LPM-2
3066494500067200005,,698.8160169887753,6106.750900949175,6764.211259444479,6115.72847330209,6777.035350547571,1.7956776861561234,295,0.5468148701277334,0.9332995111500156,44,3.8066624897703196,245.0,5.5053315,75.10204081632654,100.0,100.0,100.0,245.0,2,CM
3066494500067200010,,587.2310237241998,6101.992017284554,6779.654356850518,6109.980638332024,6791.261994226288,1.9319188167160648,118,0.5499491571250749,0.9479008313055302,35,3.58351893845611,79.0,4.3820267,63.29113924050633,100.0,100.0,100.0,79.0,3,CM
3066494500067200026,,887.3396900664931,6073.675255977724,6793.085775375852,6087.321063490499,6802.185349756928,1.5514727865374918,108,0.4408804389953217,0.9634458679575824,29,3.4011973816621555,76.0,4.3438053,75.0,100.0,100.0,100.0,76.0,2,CM
3066494500067200035,,1811.277874271299,6091.263686602261,6799.220061830676,6112.30935940648,6816.94551870141,1.8712606853910043,567,0.3593645384317084,0.8722990664297076,66,4.204692619390966,307.0,5.7300997,48.85993485342019,94.78827361563518,100.0,100.0,307.0,0,LPM-2
3066494500067200054,,1447.2563200468994,6068.513537802959,6811.582957484939,6084.485632741541,6825.404732832631,1.168916127696177,355,0.3524875991263684,0.9010927618838024,55,4.025351690735149,184.0,5.220356,51.08695652173913,97.28260869565217,100.0,100.0,184.0,0,LPM-2
3066494500067200065,,1231.0522252321398,6045.527547450407,6823.50119186789,6064.303222157603,6834.14212475224,1.8719231110546424,307,0.4001518216075354,0.9291498752242,52,3.9702919135521215,128.0,4.8598123,49.21875,98.4375,100.0,100.0,128.0,0,LPM-2
3066494500067300004,,617.1657422847102,6094.385764846266,6785.632847358853,6103.415993342656,6795.880041941262,1.0471656937183005,199,0.5812818775377817,0.8449875271166122,43,3.784189633918261,146.0,4.9904327,65.06849315068493,100.0,100.0,100.0,146.0,0,LPM-2
3066494500067300010,,412.804183855226,6098.55728506356,6794.717720371488,6107.436225438807,6801.644378487246,1.0734384654255824,176,0.6778486751832976,0.8771430586531164,38,3.6635616461296463,122.0,4.8121843,65.57377049180327,100.0,100.0,100.0,122.0,0,LPM-2
3066494500067300012,,716.4150358273881,6090.752131996969,6800.998895623201,6101.42429639921,6811.51352192522,1.0192876087566516,263,0.5273393405631869,0.8732419390393212,37,3.6375861597263857,209.0,5.3471074,76.55502392344498,100.0,100.0,100.0,209.0,2,CM
3066494500067300014,,1504.6059476549458,6078.144343562213,6801.218131326227,6091.702292673486,6820.272579934483,1.1867989578661535,484,0.4268185416642102,0.7853125043594119,67,4.219507705176107,335.0,5.817111,65.67164179104478,94.92537313432837,100.0,100.0,335.0,0,LPM-2
3066494500068100016,,638.393244924345,6253.794578696307,6639.403838703323,6263.960127505296,6648.534863718319,1.3810547557325237,233,0.5028656138278632,0.9744393780524738,47,3.8712010109078907,146.0,4.9904327,54.794520547945204,100.0,100.0,100.0,146.0,1,LPM-1
3066494500068100018,,1034.5030331775476,6265.819008817527,6642.598979619061,6279.102472675951,6654.409837171494,1.165973247600213,213,0.3925711188253641,0.9289855636105576,45,3.828641396489095,149.0,5.0106354,60.40268456375839,100.0,100.0,100.0,149.0,1,LPM-1
3066494500068100019,,821.5618327293862,6218.7355373673445,6642.643752620863,6232.399141894595,6651.621588815809,1.8913848900422223,298,0.4683253629717656,0.9723147970836964,57,4.060443010546419,153.0,5.0369525,56.86274509803921,95.42483660130719,100.0,100.0,153.0,1,LPM-1
3066494500068100021,,824.1628803217548,6240.605098566435,6643.625975670006,6252.420253682265,6654.038560979873,1.5772104398763795,338,0.4814604226556785,0.9059403748444472,63,4.1588830833596715,203.0,5.31812,51.724137931034484,93.59605911330048,100.0,100.0,203.0,1,LPM-1
3066494500068100023,,873.847331360501,6256.540620765389,6645.219731799174,6267.046553987783,6656.63524987993,1.032307100827396,173,0.4025388920109818,0.9928786187030416,41,3.737669618283368,116.0,4.762174,61.206896551724135,100.0,100.0,100.0,116.0,1,LPM-1
3066494500068100026,,186.6164619457256,6243.675723022897,6651.033266933116,6249.83329290525,6655.362806422862,1.968632561126548,41,0.9300386537673908,1.0,16,2.833213344056216,22.0,3.1354942,72.72727272727273,100.0,100.0,100.0,22.0,1,LPM-1
3066494500068100027,,573.2091642379203,6191.4416522577385,6651.246919719299,6201.161971537059,6660.114680168588,1.1131375208212566,123,0.5134980113453648,0.975002103671602,29,3.4011973816621555,53.0,3.988984,58.490566037735846,100.0,100.0,100.0,53.0,1,LPM-1
3066494500068100030,,1084.007894181639,6182.330028168968,6656.141062959871,6194.091454820711,6673.735720863051,2.073236062350346,161,0.4449195011084095,0.8805831133014882,30,3.4339872044851463,57.0,4.060443,59.64912280701754,100.0,100.0,100.0,57.0,1,LPM-1
3066494500068100071,,1630.4075376034923,6139.651305394171,6707.3383002160535,6153.001890607518,6726.924528712285,1.8289117388009188,285,0.3478531429577978,0.9000637080921305,43,3.784189633918261,130.0,4.8751974,54.61538461538461,100.0,100.0,100.0,130.0,1,LPM-1
3066494500068100081,,914.3856314291507,6131.306436717946,6734.364514664846,6141.379230563773,6746.104638457849,1.291320502442857,178,0.4242043665020683,0.9336500163217046,46,3.8501476017100584,103.0,4.644391,51.45631067961165,100.0,100.0,100.0,103.0,1,LPM-1
3066494500068100092,,445.9429585600516,6131.042697866971,6745.50737803467,6137.736682180856,6755.722071853083,2.225468393334248,134,0.6326631146000944,0.9725150514541492,35,3.58351893845611,70.0,4.26268,57.14285714285714,100.0,100.0,100.0,70.0,1,LPM-1
3066494500068100100,,179.42282509999274,6119.050511147173,6749.794960628837,6124.073153327989,6755.194218819932,1.4890076825912035,46,0.9351367201630092,1.0,21,3.0910424533583156,32.0,3.4965076,65.625,100.0,100.0,100.0,32.0,3,CM
3066494500068100122,,719.2916190987311,6107.5069064817535,6765.744538737302,6118.957596294507,6780.842448521262,2.524410316137649,216,0.5987733755173129,0.823622421020028,56,4.04305126783455,140.0,4.94876,49.28571428571429,95.71428571428572,100.0,100.0,140.0,4,LPM-3
3066494500068100123,,1046.682547194881,6111.623272357503,6770.7291193365045,6124.293155094381,6783.88312380878,1.895422882555531,296,0.3946617522949904,0.994917325827357,49,3.912023005428146,189.0,5.247024,56.613756613756614,100.0,100.0,100.0,189.0,1,LPM-1
3066494500068200010,,808.5172397280097,6238.316152294652,6631.32428601646,6248.162576081834,6642.390202596953,1.1262099402637815,300,0.5065550051270717,0.8376418080553729,58,4.07753744390572,185.0,5.2257466,55.67567567567567,95.67567567567568,100.0,100.0,185.0,4,LPM-3
3066494500068200016,,990.345767723538,6271.1463036040695,6634.569711631064,6283.048402978326,6646.217262774049,1.199726607666446,285,0.4013052761574603,0.9570852198041494,63,4.1588830833596715,179.0,5.192957,48.04469273743017,92.73743016759776,100.0,100.0,179.0,1,LPM-1
3066494500068200019,,479.9462281930184,6245.530475833754,6638.55346914539,6255.6614152246,6644.745943191565,1.6417860650861529,209,0.5743497981141669,0.9784979955497004,45,3.828641396489095,123.0,4.8202815,56.09756097560976,100.0,100.0,100.0,123.0,4,LPM-3
3066494500068200021,,920.1427632070844,6227.755898809211,6641.666175762504,6240.7583819892925,6654.447869278503,1.5832281839977311,225,0.5187132229358662,0.8007799539127182,45,3.828641396489095,130.0,4.8751974,58.46153846153847,100.0,100.0,100.0,130.0,1,LPM-1
3066494500068200030,,895.2846655119797,6214.187363699908,6650.685681804929,6230.428642309893,6659.9061388527625,2.4593802322413763,271,0.4814930853497622,0.9491473543130065,57,4.060443010546419,150.0,5.0172796,53.333333333333336,95.33333333333334,100.0,100.0,150.0,1,LPM-1
3066494500068200032,,687.8067398234396,6201.942953659019,6649.754828751824,6210.527087861984,6667.687881550311,2.138131667427305,87,0.7281856581448798,0.6579571750395876,19,2.995732273553991,27.0,3.3322046,66.66666666666666,100.0,100.0,100.0,27.0,1,LPM-1
3066494500068200076,,1148.8985214571526,6133.524023753285,6722.324824782747,6147.761015891005,6735.711015349519,1.3937315215571278,266,0.3881806935805797,0.9288556928366718,49,3.912023005428146,148.0,5.0039463,55.4054054054054,100.0,100.0,100.0,148.0,1,LPM-1
3066494500068200083,,1158.4832357060204,6119.161467611226,6737.731584632575,6132.563199571331,6751.441441042496,1.6846773539260034,256,0.4031357130089472,0.895453510736403,57,4.060443010546419,172.0,5.1532917,52.32558139534884,95.93023255813954,100.0,100.0,172.0,4,LPM-3
3066494500068200090,,771.9986509726704,6121.782734098611,6746.416321339397,6133.311821209225,6760.328889740023,1.742801579214844,292,0.5784771945647217,0.7789494904795667,59,4.0943445622221,170.0,5.1416636,46.470588235294116,94.70588235294117,100.0,100.0,170.0,1,LPM-1
3066494500068200127,,1131.6508245549928,6111.930501040661,6781.265044793553,6125.471937998738,6793.53525795882,1.1174039787178864,375,0.3850761633580574,0.914475516015521,68,4.23410650459726,229.0,5.4380794,51.96506550218341,92.13973799126637,100.0,100.0,229.0,3,CM
3066494500068300003,,775.7272309027414,6254.488901275388,6631.406448356962,6264.981201240756,6640.274395487766,1.1846537417772265,268,0.4674892469662698,0.9292965216424712,59,4.0943445622221,205.0,5.327876,53.65853658536586,95.60975609756098,100.0,100.0,205.0,4,LPM-3
3066494500068300011,,789.9757580986146,6206.552943533475,6650.962446511425,6216.771943159372,6663.475814482143,1.3569169087609296,215,0.5488789918462055,0.8130667424222926,39,3.6888794541139363,80.0,4.394449,53.75,100.0,100.0,100.0,80.0,1,LPM-1
3066494500068300073,,500.6218439922605,6122.943065734327,6759.734648337344,6130.483112190554,6768.737777975832,1.466767372209312,139,0.535230739825512,0.9999999999999996,32,3.4965075614664802,69.0,4.248495,60.86956521739131,100.0,100.0,100.0,69.0,1,LPM-1
3066494500075100004,,610.0053445084347,6102.006555718011,6999.914504677934,6113.383538639757,7010.750705893357,2.546176075925535,157,0.6018030661253505,0.9493494769907088,47,3.8712010109078907,103.0,4.644391,40.77669902912621,100.0,100.0,100.0,103.0,0,LPM-2
3066494500075100005,,971.444738942398,6111.6100771531765,6998.895621448694,6122.716470994639,7010.690031829492,1.2957391757979098,293,0.416814825731584,0.9282936172555634,62,4.143134726391533,214.0,5.370638,56.54205607476636,94.39252336448598,100.0,100.0,214.0,3,CM
3066494500075100009,,282.4581341798666,6110.946083065819,7010.376002112191,6118.801265603917,7014.789751351064,1.7912063968051368,57,0.7627991717423467,1.0,18,2.9444389791664403,35.0,3.583519,77.14285714285715,100.0,100.0,100.0,35.0,2,CM
3066494500075100012,,469.2832515680192,6087.048459873399,7018.8230927149525,6095.996328328348,7031.16706288776,3.3402793329520306,123,0.7169565095636112,0.948955098863384,34,3.5553480614894135,59.0,4.0943446,49.152542372881356,100.0,100.0,100.0,59.0,0,LPM-2
3066494500075100013,,708.5599145574894,6089.059323332937,7019.678161570167,6100.948894470715,7034.02416207221,2.862505939369928,287,0.5836028718097702,0.8807373474074952,58,4.07753744390572,201.0,5.3082676,61.69154228855721,96.01990049751244,100.0,100.0,201.0,0,LPM-2
3066494500075100020,,817.2279095881827,6072.293366131526,7034.743147460551,6089.617480276393,7045.7838158766535,3.04211190209675,209,0.5835446428320393,0.8516306223071082,39,3.6888794541139363,144.0,4.9767337,65.97222222222221,100.0,100.0,100.0,144.0,0,LPM-2
3066494500075200089,,644.3371872012267,6100.244629508816,7010.375479192485,6110.1986430337165,7018.354385583358,1.296262036384212,267,0.469871517843738,0.9936187340971248,49,3.912023005428146,190.0,5.2522736,66.84210526315789,100.0,100.0,100.0,190.0,0,LPM-2
3066494500075200109,,781.77731994297,6078.224419418447,7028.734388304925,6088.794587335961,7037.926259558779,1.1737935980803922,202,0.4394146321485564,0.9758650135954337,34,3.5553480614894135,80.0,4.394449,62.5,100.0,100.0,100.0,80.0,0,LPM-2
3066494500075200111,,1416.7192417875362,6064.7579579410685,7032.083425359708,6080.109049304603,7047.84767497919,1.0451304618418962,348,0.4927406792379577,0.7194705354332578,58,4.07753744390572,195.0,5.278115,47.179487179487175,95.8974358974359,100.0,100.0,195.0,0,LPM-2
3066494500075200115,,500.4866605156444,6059.2507821621375,7038.332332534825,6068.160509881458,7048.216769875466,1.652732277869278,155,0.6291785944694962,0.9065583803975636,28,3.3672958299864737,52.0,3.9702919,57.692307692307686,100.0,100.0,100.0,52.0,0,LPM-2
3066494500075200117,,1056.439017762361,6051.18228621715,7041.76813987812,6062.743845512303,7056.853595693141,1.5872159520238525,309,0.4321466795638864,0.9150161103715748,54,4.007333185232471,156.0,5.056246,53.205128205128204,97.43589743589743,100.0,100.0,156.0,0,LPM-2
3066494500076100065,,638.1689678753542,6369.700203814585,6938.0487291393565,6379.584281937728,6948.435454405444,1.361216416704493,228,0.5002917203807576,0.9627238176941998,54,4.007333185232471,166.0,5.117994,54.21686746987952,97.59036144578313,100.0,100.0,166.0,0,LPM-2
3066494500076100066,,1371.5603870850912,6386.561070989207,6936.678898574182,6401.784900711732,6949.997983581712,1.1198291894274932,333,0.3345724353975886,0.9583003733509584,56,4.04305126783455,199.0,5.2983174,53.768844221105525,96.98492462311557,100.0,100.0,199.0,0,LPM-2
3066494500076100082,,1727.961099899285,6331.380836395789,6944.129754638063,6350.354901715809,6960.660656326005,1.6157940790719256,329,0.3624869775855753,0.8115672588604689,56,4.04305126783455,177.0,5.1817837,54.80225988700565,96.61016949152543,100.0,100.0,177.0,3,CM
3066494500076100086,,2317.035598153064,6341.34851685859,6947.0878427143725,6367.692102428478,6970.457706740317,3.080924188467056,595,0.3632059300934179,0.8194130430424215,56,4.04305126783455,472.0,6.1590953,76.0593220338983,98.72881355932203,100.0,100.0,472.0,2,CM
3066494500076100101,,418.22172801266873,6317.772713702741,6953.591116408914,6326.192046723802,6961.397539310385,1.077512994705926,121,0.6085695135953527,0.9758767995359106,30,3.4339872044851463,44.0,3.8066626,54.54545454545454,100.0,100.0,100.0,44.0,1,LPM-1
3066494500076100138,,253.1171171131139,6311.718491972483,6972.215408098305,6317.093391939221,6978.700365060413,1.407785102502116,87,0.7648367025695626,1.0000000000000002,26,3.295836866004329,44.0,3.8066626,56.81818181818182,100.0,100.0,100.0,44.0,1,LPM-1
3066494500076100140,,2538.7266725182844,6314.552198748293,6977.36093799007,6336.96896564212,7002.478092518863,2.024555558533302,810,0.3586739289157128,0.7749601460884111,76,4.343805421853684,671.0,6.510258,72.28017883755588,96.1251862891207,100.0,100.0,671.0,2,CM
3066494500076100147,,735.0104915040399,6302.438013273853,6978.077237533724,6311.388725137702,6988.113733426899,1.121346868700659,140,0.4385368862008333,0.9957373395870536,38,3.6635616461296463,62.0,4.1431346,50.0,100.0,100.0,100.0,62.0,1,LPM-1
3066494500076100153,,730.3337155243164,6293.163714199165,6983.751048994973,6304.114097779333,6995.038835182471,1.8130882274155176,248,0.4731239366868731,0.9774908582075666,48,3.8918202981106265,101.0,4.624973,53.46534653465347,100.0,100.0,100.0,101.0,1,LPM-1
3066494500076100170,,1054.7661483340073,6141.8209836898095,6990.948588053803,6154.761425856262,7002.464978475277,1.1740150718981386,321,0.3918932406997006,0.9283098401476444,60,4.110873864173311,208.0,5.3423343,54.32692307692307,95.1923076923077,100.0,100.0,208.0,3,CM
3066494500076100171,,1470.4097387677052,6167.088363976132,6991.86543230315,6184.08390234471,7003.329985640364,1.6454401698920325,387,0.3311421445738392,0.9664073827045928,56,4.04305126783455,213.0,5.365976,54.460093896713616,97.1830985915493,100.0,100.0,213.0,1,LPM-1
3066494500076100173,,1078.8785274334832,6282.956880318069,6992.772469826891,6296.198198359528,7006.167286931315,1.6214709423657103,311,0.3876130540080184,0.9583058225407266,51,3.951243718581427,136.0,4.919981,44.11764705882353,99.26470588235294,100.0,100.0,136.0,1,LPM-1
3066494500076100175,,1930.7061623758127,6226.051686103957,6994.411121598567,6245.794500762814,7013.079234036331,1.713103014911533,514,0.3495305098574296,0.8086594539186245,81,4.406719247264253,268.0,5.5947113,39.55223880597015,88.43283582089553,100.0,100.0,268.0,1,LPM-1
3066494500076100184,,807.5249511311831,6296.336686141871,6997.8515400653005,6308.179715649352,7007.000857959894,1.50544458159678,240,0.443582620310642,0.9691914746219776,44,3.8066624897703196,191.0,5.2574954,74.3455497382199,100.0,100.0,100.0,191.0,2,CM
3066494500076100187,,669.7938258759373,6274.138068035849,7001.884732411751,6284.173937113018,7011.226259257046,1.056502314497637,162,0.4833015153567842,0.9616721681222274,36,3.6109179126442243,62.0,4.1431346,56.451612903225815,100.0,100.0,100.0,62.0,1,LPM-1
3066494500076100190,,588.9500539312655,6131.917036475198,7002.648777480068,6140.177447367637,7011.42841808696,1.095741509497328,195,0.4952427240946583,1.0,32,3.4965075614664802,145.0,4.983607,76.55172413793103,100.0,100.0,100.0,145.0,2,CM
3066494500076100195,,999.434561361504,6192.486706720785,7005.102354969973,6205.529331896976,7015.7663378337,1.2573415603841451,290,0.3869424008262024,0.982318974816166,56,4.04305126783455,182.0,5.209486,46.7032967032967,96.7032967032967,100.0,100.0,182.0,3,CM
3066494500076100200,,1348.1666730938496,6168.355624071969,7007.884445575091,6185.8011032031,7019.149150852565,1.6841569085966366,434,0.352402961547022,0.9567575891768304,60,4.110873864173311,342.0,5.8377304,70.76023391812866,97.07602339181285,100.0,100.0,342.0,2,CM
3066494500076100206,,624.3775847704716,6185.256235608134,7010.451314421253,6195.91001856434,7018.736195983835,1.438663828630435,174,0.501090077694409,0.9820028732605884,49,3.912023005428146,135.0,4.912655,61.48148148148148,100.0,100.0,100.0,135.0,3,CM
3066494500076100215,,586.3608686938877,6180.157874653686,7015.411241019143,6191.316905118805,7022.736659835055,1.5117026914726566,161,0.5204529133705408,0.9731270280861998,42,3.7612001156935624,98.0,4.59512,58.16326530612245,100.0,100.0,100.0,98.0,3,CM
3066494500076100216,,592.6390282242969,6248.809499903369,7015.666735504181,6257.7074335872185,7024.388395983964,1.117862784954122,171,0.4938508902698232,0.9850760964398186,33,3.526360524616161,73.0,4.304065,64.38356164383562,100.0,100.0,100.0,73.0,1,LPM-1
3066494500076100218,,497.6750908145329,6225.418461524579,7019.265362573988,6233.163429512234,7027.412315640335,1.1692325560132648,61,0.5285912012896561,0.9999999999999998,22,3.1354942159291497,33.0,3.5263605,63.63636363636363,100.0,100.0,100.0,33.0,1,LPM-1
3066494500076200051,,1295.2921968670662,6356.472681853988,6934.576597126463,6375.045034797101,6944.729927040296,1.8100225895229176,380,0.3904512769186893,0.9398819778311972,69,4.2484952420493585,245.0,5.5053315,42.04081632653061,92.24489795918367,100.0,100.0,245.0,0,LPM-2
3066494500076200057,,996.3834975875736,6375.011240092194,6935.526368083368,6389.346939151475,6946.732234874089,1.3316078508245297,179,0.4936524024600786,0.7944364106371652,44,3.8066624897703196,104.0,4.65396,56.730769230769226,100.0,100.0,100.0,104.0,0,LPM-2
3066494500076200064,,631.1042780933886,6346.710067350057,6938.30657099408,6358.644209966811,6947.70291254122,2.005595743456108,104,0.538138294490587,0.9453061003221112,32,3.4965075614664802,76.0,4.3438053,63.1578947368421,100.0,100.0,100.0,76.0,3,CM
3066494500076200076,,1092.7483431484152,6322.044851257616,6947.413674981333,6334.997683853726,6958.935428073333,1.3047825010819325,217,0.3753425993588276,0.9771898971289312,46,3.8501476017100584,97.0,4.5849676,53.608247422680414,100.0,100.0,100.0,97.0,1,LPM-1
3066494500076200092,,1939.5229290527384,6312.970994856225,6959.297308652156,6329.213697378994,6978.24548223416,1.523588183325039,521,0.3065646412043818,0.8913573517313794,71,4.276666119016055,238.0,5.476464,47.05882352941176,91.17647058823529,100.0,100.0,238.0,1,LPM-1
3066494500076200105,,1337.1397303185845,6326.265246795422,6966.269574185006,6345.825813594725,6986.505968991438,3.950281443720546,430,0.4589010166906267,0.894802696737512,49,3.912023005428146,335.0,5.817111,78.80597014925374,100.0,100.0,100.0,335.0,2,CM
3066494500076200138,,790.7021120295419,6166.006990285492,6983.158705354301,6176.813007989216,6993.609819414021,1.2419082555946437,274,0.4451559618936312,0.971314646639562,45,3.828641396489095,110.0,4.7095304,53.63636363636364,100.0,100.0,100.0,110.0,1,LPM-1
3066494500076200149,,1597.923275272915,6294.876794316063,6988.06843549071,6312.574824794348,7003.781507584674,1.168260219078758,471,0.3942722366387295,0.7595785154438311,68,4.23410650459726,353.0,5.869297,54.39093484419264,94.90084985835693,100.0,100.0,353.0,3,CM
3066494500076200150,,1141.9976833298392,6129.741120209125,6990.950121648246,6145.1419650321,7004.170263005484,1.3646533118992088,309,0.4387208325645009,0.814489006793035,61,4.127134385045092,208.0,5.3423343,45.67307692307692,94.71153846153845,100.0,100.0,208.0,3,CM
3066494500076200152,,1672.4639455023705,6150.585078994708,6992.414848439497,6175.460484043337,7006.112608842015,1.7334144282513946,397,0.4395167035595335,0.7607406735452413,72,4.290459441148391,245.0,5.5053315,45.30612244897959,91.02040816326532,100.0,100.0,245.0,3,CM
3066494500076200162,,1225.4190183858002,6117.983833453631,6997.05910183623,6134.22223914664,7009.72039679503,1.1414000988773074,416,0.4391757632880017,0.7707157058844798,59,4.0943445622221,313.0,5.749393,69.32907348242811,97.12460063897763,100.0,100.0,313.0,0,LPM-2
3066494500076200167,,1649.6489342619925,6173.568913851194,6998.07571161578,6191.996827988582,7011.753337352246,1.3093015970594504,386,0.3371062941915874,0.8903102672857662,71,4.276666119016055,246.0,5.5093884,47.96747967479675,91.46341463414635,100.0,100.0,246.0,1,LPM-1
3066494500076200168,,1980.776296168065,6135.911096592384,7001.842400260092,6155.315759961743,7016.516883382432,1.4295218914681724,679,0.3092809826702349,0.9085626374574832,69,4.2484952420493585,517.0,6.249975,73.11411992263056,96.32495164410058,100.0,100.0,517.0,2,CM
3066494500076200169,,952.7825738280782,6283.167076372047,7001.183892303739,6296.449373049989,7012.703098163894,1.4035125760017908,289,0.5095484099682638,0.7457938768346365,56,4.04305126783455,179.0,5.192957,57.54189944134078,96.64804469273743,100.0,100.0,179.0,4,LPM-3
3066494500076200170,,1705.3500851846234,6152.104532319527,7004.328162799449,6174.555620130024,7017.210930064717,1.632730361253598,504,0.3492474822920922,0.892304875691199,57,4.060443010546419,399.0,5.9914646,76.19047619047619,98.24561403508771,100.0,100.0,399.0,2,CM
3066494500076200172,,1271.101309062616,6270.140380358243,7007.023802632621,6285.456744660725,7019.548135678235,1.3036487840511914,297,0.365459722437738,0.9286296798462784,56,4.04305126783455,136.0,4.919981,47.794117647058826,95.58823529411765,100.0,100.0,136.0,1,LPM-1
3066494500076300131,,778.9070368989185,6203.743007071532,6997.569873741733,6214.016415215888,7007.379897867579,1.3660745030191055,140,0.425046277597795,0.9983387857066972,36,3.6109179126442243,62.0,4.1431346,56.451612903225815,100.0,100.0,100.0,62.0,1,LPM-1
3066494500076300139,,465.992510949549,6242.412358380007,7003.165800099011,6250.033682468318,7010.996751791466,1.057119531541349,158,0.5465597217222627,1.0,36,3.6109179126442243,71.0,4.276666,50.70422535211267,100.0,100.0,100.0,71.0,1,LPM-1
3066494500076300148,,1508.83146463057,6256.7710169117645,7009.807527085062,6272.790007904137,7023.328035248698,1.0982592848743205,343,0.3323003627069191,0.9254857769489652,52,3.9702919135521215,148.0,5.0039463,50.67567567567568,98.64864864864865,100.0,100.0,148.0,1,LPM-1
3066494500076300150,,791.6238699492986,6212.072577243203,7014.694812918591,6223.085599114743,7025.374199071342,1.0882210750752663,147,0.4491389667362772,0.9546294523520064,36,3.6109179126442243,91.0,4.5217886,59.34065934065934,100.0,100.0,100.0,91.0,1,LPM-1
3066494500077200047,,2268.243446466601,6387.50702276413,6936.026133900249,6417.013709696855,6957.880583566481,1.6113924045530217,473,0.4487939235304847,0.5875010306495001,59,4.0943445622221,227.0,5.4293456,55.06607929515418,96.0352422907489,100.0,100.0,227.0,0,LPM-2
3066494500077200049,,2332.931529553164,6416.581729316447,6943.847749821483,6439.456997868696,6956.913303581878,1.8493876124030024,374,0.278008242250697,0.95101177712589,61,4.127134385045092,223.0,5.411646,50.224215246636774,95.06726457399103,100.0,100.0,223.0,0,LPM-2
3067542400039100110,,1170.0779339935168,10536.401886801916,8193.794627976175,10549.709658918437,8206.57348390383,1.100960434021385,352,0.3772991767725834,0.934949571050076,56,4.04305126783455,181.0,5.2040067,59.66850828729282,96.68508287292818,100.0,100.0,181.0,0,LPM-2
3067542400039100111,,335.42209334510835,10547.253086405124,8197.446817739683,10554.667112315978,8203.639421453387,1.2895697729887503,105,0.6776112418106293,0.9868630870291054,27,3.332204510175204,45.0,3.8286414,62.22222222222222,100.0,100.0,100.0,45.0,0,LPM-2
3067542400039100113,,1092.3458915618069,10560.766308784869,8204.689909141245,10575.141437362949,8217.332654309683,1.2247190817411933,286,0.42586430853234,0.8679460105895473,46,3.8501476017100584,169.0,5.1357985,63.905325443786985,100.0,100.0,100.0,169.0,0,LPM-2
3067542400039100114,,634.7390575416663,10547.717439493492,8203.450548523717,10560.004756817549,8211.268148877818,1.973638653116051,220,0.5413625660558496,0.9334358055425752,41,3.737669618283368,137.0,4.9272537,59.854014598540154,100.0,100.0,100.0,137.0,0,LPM-2
3067542400039100122,,1645.572320032151,10555.498053460824,8211.95734725683,10574.568517196947,8228.652276256633,1.4528329606861567,485,0.3729615663699298,0.826496704699398,56,4.04305126783455,355.0,5.874931,72.67605633802818,98.30985915492958,100.0,100.0,355.0,2,CM
3067542400039100139,,198.83244043390465,10579.051087437523,8231.199418668932,10583.844217651802,8238.286147811328,1.5371116343280158,61,1.105758101362764,0.8272072702081389,30,3.4339872044851463,43.0,3.7841897,53.48837209302325,100.0,100.0,100.0,43.0,3,CM
3067542400039100150,,1446.4149430027414,10567.937931179473,8239.947761809639,10583.573675821144,8253.079885974083,1.1864671537842175,537,0.3569026851901684,0.8664611904552969,71,4.276666119016055,412.0,6.0234475,62.62135922330098,94.90291262135922,100.0,100.0,412.0,3,CM
3067542400039100165,,515.3246989416177,10573.307264265792,8253.052031017321,10581.587653792209,8262.511791706256,1.010783464589632,156,0.5672145934523173,0.9500206762437714,45,3.828641396489095,112.0,4.727388,61.60714285714286,100.0,100.0,100.0,112.0,6,EC
3067542400039200121,,1149.5536291488231,10553.67674987086,8198.336159257671,10568.771303311045,8210.096589331592,1.7622600695152868,352,0.3823818118061996,0.9417032952598136,56,4.04305126783455,218.0,5.389072,56.42201834862385,97.24770642201835,100.0,100.0,218.0,0,LPM-2
3067542400039200143,,1458.3465225241214,10568.370110263875,8226.441423166185,10580.400890518187,8241.308276580952,1.2331850314835204,558,0.3435129446263453,0.9176804325009414,67,4.219507705176107,422.0,6.0473723,66.11374407582939,95.97156398104265,100.0,100.0,422.0,3,CM
3067542400039200151,,227.3176178397726,10580.405885909133,8236.012283321124,10584.361991434283,8243.095448582688,1.7930893657427247,68,0.8407434317630493,1.0,23,3.1780538303479453,29.0,3.4011974,55.172413793103445,100.0,100.0,100.0,29.0,3,CM
3067542400042100122,,1129.1854311902507,11455.19535983848,8204.977907198308,11476.19929685008,8215.114747501451,2.635262858934771,344,0.4665098190588703,0.8915319000204551,52,3.9702919135521215,223.0,5.411646,60.0896860986547,99.10313901345292,100.0,100.0,223.0,0,LPM-2
3067542400042100123,,791.5073303282593,11476.237036632196,8205.811482608155,11486.681644206508,8216.226320642976,1.3109100532140987,391,0.4368369620418035,0.9632179381887854,58,4.07753744390572,254.0,5.5412636,55.51181102362205,96.8503937007874,100.0,100.0,254.0,0,LPM-2
3067542400042100124,,936.7265496242952,11485.3169852333,8209.781124903222,11495.360197129816,8223.164562429722,1.7051575342754857,446,0.4271660038002071,0.9568624621273902,57,4.060443010546419,333.0,5.811141,70.57057057057057,97.8978978978979,100.0,100.0,333.0,2,CM
3067542400042100125,,766.8061948829368,11493.915117166369,8209.827690322296,11502.556243585348,8222.57421329533,1.0946681885027925,264,0.460057439697867,0.9543346486434516,55,4.025351690735149,141.0,4.955827,46.09929078014184,96.45390070921985,100.0,100.0,141.0,0,LPM-2
3067542400042100127,,1586.5746136766834,11497.278366283235,8215.725382266306,11514.410016471851,8233.28945163661,1.401667695922278,684,0.3667818133501195,0.8278322652751584,85,4.454347296253507,322.0,5.7776523,35.40372670807454,87.5776397515528,100.0,100.0,322.0,0,LPM-2
3067542400042100129,,1027.113043049508,11497.393792113107,8227.422292940511,11511.482384523795,8239.038292439649,1.546389486078361,519,0.4327205086383471,0.9113005689836928,73,4.304065093204169,394.0,5.9788857,66.75126903553299,94.16243654822335,100.0,100.0,394.0,2,CM
3067542400042100145,,1564.656129168945,11516.143033316956,8241.062444398947,11528.484819437255,8258.89176691362,1.534816948295621,955,0.353295140587348,0.8951681356848583,84,4.442651256490317,675.0,6.516193,58.81481481481482,93.77777777777779,100.0,100.0,675.0,3,CM
3067542400042200123,,2125.9525237974312,11446.336397392612,8195.757807726755,11469.30859654628,8207.305341602667,2.009671856622929,474,0.290027751302821,0.9491944081376944,62,4.143134726391533,282.0,5.645447,57.801418439716315,95.74468085106383,100.0,100.0,282.0,0,LPM-2
3067542400042200124,,800.3633569694791,11480.760754552795,8197.14357674055,11494.32816256805,8207.435898893475,1.0003886991580877,187,0.4872135646254367,0.8689682351198714,37,3.6375861597263857,122.0,4.8121843,68.85245901639344,100.0,100.0,100.0,122.0,0,LPM-2
3067542400042200126,,787.024099155887,11467.47898949844,8201.577002066811,11480.835172785562,8213.618891844322,1.2815454682932508,401,0.5399811356354709,0.7993936317579772,57,4.060443010546419,236.0,5.46806,53.813559322033896,97.03389830508475,100.0,100.0,236.0,0,LPM-2
3067542400042200127,,650.5745595609562,11486.58784268008,8204.039646788591,11497.924344381228,8212.801327005283,1.0804952717852845,278,0.4911429855664152,0.977087733183,55,4.025351690735149,152.0,5.030438,48.68421052631579,96.71052631578947,100.0,100.0,152.0,0,LPM-2
3067542400042200145,,1139.0619653251665,11507.015548527635,8231.731258590416,11523.326474316023,8242.426014456722,1.6195322055159116,714,0.3886129015894929,0.9525164414138102,80,4.394449154672438,557.0,6.324359,69.12028725314184,94.61400359066428,100.0,100.0,557.0,2,CM
3067542400042200159,,875.7829281937568,11526.675654130477,8252.35173477318,11538.744651900452,8264.189280342835,1.0180581259263597,684,0.4638455363330446,0.8691670789777604,78,4.3694478524670215,351.0,5.8636312,41.5954415954416,89.74358974358975,100.0,100.0,351.0,3,CM
3067542400042300126,,226.52289379805123,11528.430879462108,8241.145168036204,11533.154956411476,8247.636975699279,1.1233376992391133,88,0.7958131564734998,0.9999999999999998,30,3.4339872044851463,47.0,3.871201,57.446808510638306,100.0,100.0,100.0,47.0,3,CM
3067542400051200049,,2065.981221699817,10600.82596053204,8370.173276937916,10619.171148902742,8386.74144471405,1.1077653428212573,502,0.3337396552624329,0.8541064418888471,79,4.382026634673881,287.0,5.6629605,43.55400696864111,89.54703832752612,100.0,100.0,287.0,3,CM
3067542400051200055,,1235.9381660056763,10610.114425997232,8384.624029050312,10624.686255718376,8397.9052826285,1.4869174011094894,60,0.3944955648230882,0.951768688646661,21,3.0910424533583156,43.0,3.7841897,74.4186046511628,100.0,100.0,100.0,43.0,3,CM
3067542400051200056,,2788.906032757768,10604.669660165966,8386.719046811895,10625.01024804447,8408.171250536863,1.8283040869762168,153,0.2634471516316095,0.9039009986518128,40,3.7135720667043075,97.0,4.5849676,64.94845360824742,100.0,100.0,100.0,97.0,6,EC
3067542400055100075,,1739.8989466925666,11646.551226703672,8408.819240327979,11665.990354513217,8424.390563970255,1.991587492184508,699,0.3461117449855426,0.8859707842593871,69,4.2484952420493585,445.0,6.100319,66.06741573033707,95.73033707865169,100.0,100.0,445.0,6,EC
3067542400055200066,,310.18974165759295,11623.602723355194,8384.412074262564,11628.610097813737,8392.884970695657,1.7082418689469954,159,0.755154011349729,0.941221537536155,42,3.7612001156935624,96.0,4.574711,56.25,100.0,100.0,100.0,96.0,3,CM
3067542400055200074,,2357.511680649941,11624.649044153086,8388.623558504882,11651.4552831029,8401.547887103949,2.1084079867337624,1241,0.3030446263432243,0.9183373591678692,90,4.51085950651685,860.0,6.7580943,48.604651162790695,91.86046511627907,100.0,100.0,860.0,3,CM
3067542400055200090,,2356.971538767215,11641.327671666131,8394.055502326855,11668.563776561848,8409.79457424644,1.795864525563318,1138,0.3231816382841347,0.816885289578059,98,4.59511985013459,826.0,6.717805,52.17917675544794,89.70944309927361,100.0,100.0,826.0,3,CM
3067542400055200112,,717.3105855956759,11658.463560129352,8407.314886764796,11668.049543183846,8417.714663515464,1.244462237779532,297,0.456004015291763,0.9704974046128804,39,3.6888794541139363,201.0,5.3082676,74.6268656716418,100.0,100.0,100.0,201.0,0,LPM-2
3067542400099100016,,1348.665113033106,10597.998166197967,9461.519874728252,10610.862583138356,9476.896577613768,1.0399182049603632,388,0.3428854998604801,0.9514515967454528,47,3.8712010109078907,311.0,5.7430034,73.63344051446946,100.0,100.0,100.0,311.0,2,CM
3067542400099100019,,864.3369885736455,10590.29656581643,9468.635587194936,10603.080985636956,9478.75260203708,1.0239040261438348,300,0.4510084762800908,0.941647964734356,52,3.9702919135521215,236.0,5.46806,64.40677966101694,99.15254237288136,100.0,100.0,236.0,3,CM
3067542400099100129,,1599.7787698485754,10477.159769737147,9561.568642198756,10492.332152745154,9578.732977105734,1.071752005670361,398,0.3767551768561069,0.8529014576592446,54,4.007333185232471,287.0,5.6629605,67.59581881533101,98.60627177700349,100.0,100.0,287.0,6,EC
3067542400099100162,,968.8781280979714,10467.410972627546,9585.158736799096,10481.154421119589,9597.124518935154,1.9066429471578747,404,0.4204957029468249,0.9747478934331416,42,3.7612001156935624,343.0,5.8406415,80.75801749271136,100.0,100.0,100.0,343.0,2,CM
3067542400099100167,,872.4522143866321,10480.567709195277,9590.46702008915,10489.683671503974,9602.930591985718,1.4361074795988638,315,0.4385574442797018,0.9576895340031012,51,3.951243718581427,176.0,5.17615,52.27272727272727,99.43181818181817,100.0,100.0,176.0,3,CM
3067542400099100171,,1014.579540969448,10469.035099458111,9591.03137339062,10483.06039080882,9603.528570694678,2.105879426000582,319,0.4485605937090106,0.9061751138193056,53,3.988984046564274,161.0,5.0875964,47.20496894409938,98.13664596273291,100.0,100.0,161.0,3,CM
3067542400099200005,,433.4734561184376,10607.952254902762,9446.790887396375,10615.637098692525,9454.237167250514,1.1092228042978791,18,0.5702918355188099,0.9950617650091076,9,2.3025850929940455,12.0,2.5649493,100.0,100.0,100.0,100.0,12.0,2,CM
3067542400099200013,,872.6501919700374,10580.947291695657,9470.600518653004,10591.199426133004,9481.997529017006,1.1457449630032832,268,0.4109905680217632,0.9945550405997016,45,3.828641396489095,227.0,5.4293456,73.12775330396477,100.0,100.0,100.0,227.0,3,CM
3067542400099200015,,1026.1280184457378,10588.602062687703,9477.35291276933,10605.498079429834,9485.770650545732,2.0129171024610604,340,0.4449871934514439,0.8669037750794838,49,3.912023005428146,240.0,5.484797,65.83333333333333,100.0,100.0,100.0,240.0,3,CM
3067542400099200018,,236.0798349191744,10599.16247540196,9483.291076085685,10605.51474853713,9488.74907224305,1.3693708263665323,67,0.8082724443774635,0.9999999999999998,23,3.1780538303479453,39.0,3.6888795,66.66666666666666,100.0,100.0,100.0,39.0,3,CM
3067542400099200102,,1767.191571263356,10487.389603017413,9556.96815701542,10502.568414080426,9577.46704458482,1.0344659655329924,776,0.3504365651307668,0.8367444047417538,86,4.465908118654584,562.0,6.3332796,54.44839857651246,92.34875444839858,100.0,100.0,562.0,3,CM
3067542400099200111,,2102.6637362892143,10468.562529571464,9573.45753842307,10492.501204543112,9589.321206465152,1.2762477330943087,622,0.3647084828969383,0.7344738411641368,69,4.2484952420493585,485.0,6.1862087,68.65979381443299,96.08247422680412,100.0,100.0,485.0,2,CM
3067542400099200120,,3330.3791689333107,10450.89064383189,9569.016131039629,10470.574037530709,9593.22348774492,1.379364900410717,108,0.2183463348824777,0.9675063785623144,34,3.5553480614894135,76.0,4.3438053,61.8421052631579,100.0,100.0,100.0,76.0,2,CM
3067542400099200127,,997.923214075997,10489.521207993484,9573.115233817967,10499.185605522242,9588.668698225452,2.1601986502504333,224,0.4414051701732804,0.9258691945392072,48,3.8918202981106265,133.0,4.89784,48.1203007518797,100.0,100.0,100.0,133.0,3,CM
3067542400099200148,,850.6506833780345,10453.51740973301,9591.51623002824,10467.903661250491,9603.575373347448,2.339002398570096,313,0.5242732588852269,0.894224398573819,44,3.8066624897703196,260.0,5.5645204,76.92307692307693,100.0,100.0,100.0,260.0,2,CM
3067542400099200149,,718.2593596433003,10458.473557785612,9593.119142504243,10470.014308102322,9604.462621513472,1.847472958949108,294,0.5239200211179721,0.89400841545955,47,3.8712010109078907,198.0,5.293305,62.62626262626263,100.0,100.0,100.0,198.0,0,LPM-2
3067542400099300004,,405.6982321944993,10604.944752651503,9451.764776306296,10613.124747745878,9458.836126935146,1.2285427281372487,24,0.6381760952003424,0.909787361681946,11,2.4849066497880004,22.0,3.1354942,95.45454545454545,100.0,100.0,100.0,22.0,0,LPM-2
3067542400099300118,,849.3316502866002,10438.461319663927,9597.99500192056,10450.250776210512,9607.625416450424,1.310359819456173,268,0.418952475620065,0.977217119546772,47,3.8712010109078907,176.0,5.17615,63.06818181818182,100.0,100.0,100.0,176.0,0,LPM-2
3067542400101100005,,879.3552806925426,11267.154642783811,9576.271900701397,11279.557739058924,9585.776937849172,1.4906373264540256,178,0.4453996282446369,0.9107527769459524,40,3.7135720667043075,123.0,4.8202815,69.91869918699187,100.0,100.0,100.0,123.0,2,CM
3067542400101100010,,895.920051829706,11282.365209709538,9585.460702695076,11295.13437584938,9595.573619812483,1.5726659305612274,253,0.4386099485130552,0.92291439085995,44,3.8066624897703196,118.0,4.7791233,55.932203389830505,100.0,100.0,100.0,118.0,0,LPM-2
3067542400101100011,,690.9628378593125,11275.91083116779,9587.15567141789,11283.738812490164,9597.854671955314,1.4010541886775871,133,0.4709519278268902,0.9759159827529446,30,3.4339872044851463,85.0,4.454347,67.05882352941175,100.0,100.0,100.0,85.0,0,LPM-2
3067542400101200005,,1461.016640310402,11278.996962394936,9575.36027332424,11297.981479774018,9585.777074974549,1.8248912733168567,646,0.3543935247623224,0.9073205893341498,56,4.04305126783455,496.0,6.20859,72.17741935483872,98.79032258064517,100.0,100.0,496.0,2,CM
3067542400101200009,,1743.7317982765414,11262.046325289062,9583.956349131891,11277.739862283044,9599.38486058797,1.0157557405853788,582,0.3146033914432057,0.9044821599766292,56,4.04305126783455,451.0,6.1136823,71.17516629711751,98.66962305986696,100.0,100.0,451.0,0,LPM-2
3067542400101200012,,1788.8363124729365,11247.947116237288,9588.916648247692,11266.315853805409,9607.470326593422,1.126310544594267,392,0.3799669708300998,0.6922858862955614,51,3.951243718581427,272.0,5.609472,65.07352941176471,99.63235294117648,100.0,100.0,272.0,0,LPM-2
3067542400101200026,,1751.2128162330805,11233.048021777602,9599.0684883085,11251.301849590463,9611.503905884849,1.5079514983028397,181,0.2961963064823391,0.9775738902500742,36,3.6109179126442243,69.0,4.248495,52.17391304347826,100.0,100.0,100.0,69.0,0,LPM-2
3067542400102100071,,1483.4807822373375,11290.518276796574,9566.580005583632,11306.674105800495,9581.762925475949,1.2867051830175211,424,0.3577265050250036,0.8822919091830481,63,4.1588830833596715,324.0,5.7838254,66.0493827160494,95.98765432098766,100.0,100.0,324.0,6,EC
3067542400102200067,,1687.231111428704,11310.774339647824,9556.193163796364,11327.730483112484,9570.618433102298,1.2421771286970058,634,0.3092210374310482,0.9642015598958212,74,4.31748811353631,500.0,6.216606,64.0,95.19999999999999,100.0,100.0,500.0,3,CM
3067542400102200079,,1506.1546994297155,11304.243153715495,9562.94834666271,11319.642172634876,9577.712836660254,1.1202703847167506,797,0.3408739655901516,0.8983342128403592,77,4.356708826689592,591.0,6.383507,63.7901861252115,95.43147208121827,100.0,100.0,591.0,3,CM
3067542400102200098,,753.8606099123604,11304.422155864082,9576.38884561946,11316.131204168294,9585.390430649157,1.4228969897285728,224,0.4670592885078263,0.961985552836104,47,3.8712010109078907,129.0,4.8675346,51.162790697674424,100.0,100.0,100.0,129.0,3,CM
3067542400102200110,,2013.0111185512224,11293.51675716737,9584.166621407445,11313.5963357375,9598.420498517386,1.377410530313162,490,0.3108717931725553,0.8862427897152364,64,4.174387269895637,281.0,5.641907,44.83985765124555,95.01779359430606,100.0,100.0,281.0,3,CM
3067542400103100014,,835.2238230617872,11753.589614656476,9438.806635922036,11765.451210832329,9448.660163555607,1.1137831514387675,415,0.4641634756315403,0.9202630046328174,61,4.127134385045092,229.0,5.4380794,55.895196506550214,95.19650655021834,100.0,100.0,229.0,0,LPM-2
3067542400103100015,,1783.0013308850012,11739.718468249886,9439.796833062095,11757.989394939115,9454.606955303549,1.159774112233811,654,0.3111770762133376,0.9293062807848256,68,4.23410650459726,328.0,5.7960577,53.04878048780488,94.51219512195121,100.0,100.0,328.0,0,LPM-2
3067542400103100018,,520.1273072956045,11801.258138907013,9441.966470357956,11809.61160464808,9450.415079468909,1.0672404558813873,134,0.5489998839806792,0.9602731500276814,35,3.58351893845611,72.0,4.2904596,52.77777777777778,100.0,100.0,100.0,72.0,3,CM
3067542400103100020,,739.2937086874337,11757.67960526148,9447.074250532016,11768.823575621656,9455.887807030897,1.126081234703864,360,0.4624866345980028,0.9585860675692658,48,3.8918202981106265,277.0,5.627621,75.09025270758123,100.0,100.0,100.0,277.0,0,LPM-2
3067542400103100022,,1572.4216226887893,11807.984538420493,9448.345391069395,11823.905191960712,9462.206237033864,1.6475376124796377,463,0.3164670283305559,0.984246216359162,67,4.219507705176107,343.0,5.8406415,61.80758017492711,95.04373177842565,100.0,100.0,343.0,3,CM
3067542400103100024,,1230.2780987596068,11783.728269200572,9449.923839563337,11800.134825696614,9462.320613383568,1.4159463395227032,569,0.4273450514183738,0.8152823530090669,66,4.204692619390966,462.0,6.1377273,69.48051948051948,96.53679653679653,100.0,100.0,462.0,2,CM
3067542400103100025,,471.5156349842898,11799.361288421984,9450.474653795558,11807.558170511587,9457.780878775862,1.2290096520307177,252,0.5456155657529479,0.9999999999999998,53,3.988984046564274,177.0,5.1817837,58.19209039548022,98.30508474576271,100.0,100.0,177.0,3,CM
3067542400103100026,,830.7524517267373,11802.189603458892,9458.462326252538,11815.430982570928,9467.086944901905,1.6521478112186507,364,0.448335277578571,0.972629592993512,56,4.04305126783455,277.0,5.627621,66.4259927797834,97.83393501805054,100.0,100.0,277.0,2,CM
3067542400103200014,,1166.062689546311,11791.371826507006,9438.06886028579,11802.938502106326,9451.918845339816,1.2770394549473223,308,0.3652525822620781,0.962751807426372,52,3.9702919135521215,166.0,5.117994,51.80722891566265,98.79518072289156,100.0,100.0,166.0,3,CM
3067542400103200016,,652.0731406180382,11762.8664974388,9442.454700865645,11775.488574796527,9449.964661001894,1.720181379858809,280,0.5121178497972086,0.9331940085409104,50,3.9318256327243257,173.0,5.159055,52.601156069364166,100.0,100.0,100.0,173.0,0,LPM-2
3067542400103200017,,790.567929937445,11779.512640605964,9442.054376400629,11792.198851821531,9450.744121050157,1.5712503214569504,267,0.4441159402941296,0.9900570952889708,62,4.143134726391533,162.0,5.09375,40.74074074074074,92.5925925925926,100.0,100.0,162.0,3,CM
3067542400103200019,,1069.353349550334,11775.96988999864,9444.544952127048,11791.466551648908,9456.508933751782,1.8217837912339336,601,0.4454209548466342,0.8443454298737701,65,4.189654742026425,495.0,6.206576,68.88888888888889,96.96969696969697,100.0,100.0,495.0,2,CM
3067542400103200021,,506.7927933724345,11767.941253527964,9447.851765612744,11776.886896974527,9455.303142196735,1.2888649336058284,269,0.570473491379571,0.9419055377661958,37,3.6375861597263857,230.0,5.4424176,79.13043478260869,100.0,100.0,100.0,230.0,2,CM
3067542400103200031,,235.4032794501585,11814.23308983042,9461.486359227532,11820.034096013947,9467.450411062982,1.137168329771144,95,0.7961757408605684,0.9858774351117152,35,3.58351893845611,79.0,4.3820267,59.49367088607595,100.0,100.0,100.0,79.0,3,CM
3067542400103200032,,1491.025815103285,11817.445026803352,9462.260479154098,11835.11580433132,9475.384601434498,1.4475164184844187,442,0.3554991811420715,0.9015857425677488,65,4.189654742026425,344.0,5.8435445,67.15116279069767,95.63953488372093,100.0,100.0,344.0,3,CM
3067542400108200007,,1657.372618566597,9631.001791587356,9729.860924412547,9644.873158404913,9744.644591968745,1.002138595024409,547,0.2900555313799253,0.9874123767102464,67,4.219507705176107,442.0,6.0935698,65.15837104072398,96.15384615384616,100.0,100.0,442.0,3,CM
3067542400108200008,,3072.571317248357,9645.041353054788,9737.203914858292,9665.2518001407,9757.429432266355,1.007655253447988,865,0.2264512161702596,0.9392110492571472,77,4.356708826689592,600.0,6.398595,55.666666666666664,94.16666666666667,100.0,100.0,600.0,3,CM
3067542400108200010,,2491.655898278213,9628.34952664544,9742.159336485876,9648.053262202102,9761.25739952456,1.0430440491496202,1112,0.2659996187781405,0.888259265918842,85,4.454347296253507,813.0,6.7019606,59.40959409594095,93.84993849938499,100.0,100.0,813.0,3,CM
3067542400110100007,,409.2260973230145,10437.57191545143,9736.252162497403,10447.87636043668,9745.61455678302,2.088861853918732,148,0.8267635993512688,0.7340732163486224,38,3.6635616461296463,76.0,4.3438053,51.31578947368421,100.0,100.0,100.0,76.0,0,LPM-2
3067542400110100017,,163.99163828928468,10433.71653257486,9744.993800390588,10439.191104672287,9748.63903206692,1.5018240185884568,103,0.946781580456798,1.0000000000000004,29,3.4011973816621555,75.0,4.3307333,68.0,100.0,100.0,100.0,75.0,2,CM
3067542400110100019,,328.7163575710913,10418.035821275264,9746.27163416374,10426.157729662444,9752.97818531469,1.2186248730122096,24,0.7223772257332148,0.9353351662463584,10,2.3978952727983707,13.0,2.6390574,100.0,100.0,100.0,100.0,13.0,2,CM
3067542400110200007,,248.91867644001053,10428.428596450836,9737.386585926226,10433.828940784284,9743.08225814768,1.0395031804387398,70,0.7711656777780693,0.969042254568681,25,3.2580965380214817,36.0,3.6109178,58.333333333333336,100.0,100.0,100.0,36.0,0,LPM-2
3067542400110200009,,3407.846946612415,10391.411780930526,9739.671257053778,10419.694277920731,9757.851049690686,1.8900592058246,1070,0.2361829098219791,0.9355073756202398,74,4.31748811353631,572.0,6.350886,51.048951048951054,95.1048951048951,100.0,100.0,572.0,0,LPM-2
3067542400110200011,,900.6871503862496,10416.824619853938,9740.22988708923,10433.83715319299,9750.616294336458,2.0675468757770825,477,0.5490189428246265,0.7708611222964507,67,4.219507705176107,259.0,5.560682,59.07335907335908,93.43629343629344,100.0,100.0,259.0,0,LPM-2
3067542400110200012,,188.0450502802927,10432.36373363232,9741.114042036068,10438.969825856471,9746.288569267075,1.186480462571901,72,1.058885991013178,0.8224887510167975,23,3.1780538303479453,38.0,3.6635616,65.78947368421053,100.0,100.0,100.0,38.0,0,LPM-2
3067542400110200014,,757.3876848722673,10437.259296032613,9745.44145700223,10448.56991747543,9754.928008425652,1.371115476144927,347,0.4646827024323347,0.944209102429264,50,3.9318256327243257,248.0,5.5174527,71.37096774193549,100.0,100.0,100.0,248.0,2,CM
3067542400110200016,,768.006816458163,10382.339995799888,9751.08871585263,10393.317307723872,9762.030213803766,1.518536467069486,246,0.4774206839536012,0.9232757522288496,36,3.6109179126442243,108.0,4.691348,60.18518518518518,100.0,100.0,100.0,108.0,0,LPM-2
3067542400111100111,,651.0554345437727,10447.561125717097,9752.8648487625,10459.130144369245,9761.538762903743,1.439263993804884,377,0.5140337187298929,0.961198367148449,42,3.7612001156935624,299.0,5.7037826,75.91973244147158,100.0,100.0,100.0,299.0,2,CM
3067542400111100130,,1302.531843469602,10467.071923656078,9760.490157823486,10478.78171153394,9777.735020347389,1.591120763838729,569,0.3813389117019339,0.8978870764031733,72,4.290459441148391,435.0,6.0776424,64.13793103448275,94.94252873563218,100.0,100.0,435.0,2,CM
3067542400111100141,,1646.74159282529,10477.2885259557,9766.147455902665,10491.279633507258,9781.85575922648,1.2199851299896072,910,0.3178131453967777,0.9418033977951116,79,4.382026634673881,650.0,6.47851,60.30769230769231,94.76923076923077,100.0,100.0,650.0,3,CM
3067542400111100146,,457.1871645638458,10489.797450621145,9770.469503426955,10496.690281932451,9779.959141730971,1.593185834325112,241,0.5833224908970526,1.0,48,3.8918202981106265,149.0,5.0106354,60.40268456375839,100.0,100.0,100.0,149.0,3,CM
3067542400111100149,,1904.823660668568,10606.094091587698,9770.631028068949,10624.686255718376,9788.76076507556,1.3960778920186787,451,0.3575683815018076,0.8234942330707186,70,4.2626798770413155,295.0,5.6903596,52.54237288135594,93.22033898305084,100.0,100.0,295.0,0,LPM-2
3067542400111100180,,1075.6465872527835,10581.777608652956,9789.566560585095,10593.274893927444,9807.599836249545,1.4112929227416542,426,0.4873268483164423,0.7817232378809328,65,4.189654742026425,235.0,5.463832,41.702127659574465,93.61702127659575,100.0,100.0,235.0,3,CM
3067542400111100182,,1243.485465418103,10601.110474291494,9791.010220124745,10613.406381496015,9808.34335576931,1.2737167008666308,223,0.4148075173361317,0.8463577012441829,36,3.6109179126442243,151.0,5.0238805,70.86092715231787,100.0,100.0,100.0,151.0,2,CM
3067542400111100199,,1194.398096597659,10587.390361721533,9804.285347313602,10603.06473848722,9814.193476342734,1.6350448171152152,223,0.3807132155285276,0.9278408872085304,38,3.6635616461296463,171.0,5.1474943,68.42105263157895,100.0,100.0,100.0,171.0,2,CM
3067542400111100201,,1021.7142628577592,10576.006542328563,9805.802087199938,10588.5080656124,9817.639703518102,1.0825942742525072,201,0.407985504550715,0.9053341325064452,36,3.6109179126442243,124.0,4.828314,71.7741935483871,100.0,100.0,100.0,124.0,2,CM
3067542400111200083,,1455.6507654579266,10447.100270188968,9742.289646284824,10463.3234973689,9755.949981328364,1.0967837071101123,545,0.3549317529761215,0.8766831293585458,69,4.2484952420493585,344.0,5.8435445,42.44186046511628,93.02325581395348,100.0,100.0,344.0,3,CM
3067542400111200098,,1120.652780431635,10463.915443642263,9751.027876046055,10476.52937837327,9763.76439293006,1.5047715540943074,528,0.3673028267964466,0.989543344233774,71,4.276666119016055,321.0,5.7745514,49.84423676012461,93.45794392523365,100.0,100.0,321.0,3,CM
3067542400111200099,,754.114126341431,10455.443984146195,9752.858514799853,10465.772704714893,9765.390278971096,1.5779685525126108,477,0.4756451573250874,0.9611078466498704,70,4.2626798770413155,401.0,5.9964523,71.571072319202,95.01246882793018,100.0,100.0,401.0,2,CM
3067542400111200113,,713.0529502262982,10460.823678545972,9760.57525876096,10471.214268036078,9770.558409076732,1.0058851204905552,351,0.44596266686281,0.9958775297689916,48,3.8918202981106265,276.0,5.6240177,77.17391304347827,100.0,100.0,100.0,276.0,2,CM
3067542400111200148,,940.6554793841798,10601.168648220117,9783.57210967311,10612.173283837488,9796.613996044747,1.300732679300286,255,0.410968926047361,0.9737295575656488,58,4.07753744390572,134.0,4.905275,43.28358208955223,94.02985074626866,100.0,100.0,134.0,3,CM
3067542400111200163,,1565.6465557422653,10569.92865971516,9793.570187730857,10583.850705392184,9809.78739392555,1.1381897595963488,463,0.3191120711824978,0.9461086411481928,71,4.276666119016055,262.0,5.572154,43.12977099236641,91.98473282442748,100.0,100.0,262.0,3,CM
3067542400113100021,,465.3109073978361,11202.157800368705,9727.910458441953,11209.579728534209,9735.559332507391,1.0911428375362355,176,0.5755414990852202,0.976474126517873,31,3.4657359027997265,68.0,4.2341065,57.35294117647059,100.0,100.0,100.0,68.0,0,LPM-2
3067542400113100022,,4519.514128897201,11169.013359958024,9727.65263889645,11203.038374114867,9747.1070239868,2.1513412466753628,1566,0.2166676705463038,0.9134842039023896,94,4.553876891600541,785.0,6.666957,46.24203821656051,91.3375796178344,100.0,100.0,785.0,0,LPM-2
3067542400113100023,,534.8843174905849,11223.205114612978,9729.377521881534,11232.960853031467,9737.71745356667,1.0998548533693342,192,0.5690622839459185,0.9009697457067388,37,3.6375861597263857,98.0,4.59512,65.3061224489796,100.0,100.0,100.0,98.0,0,LPM-2
3067542400113100030,,285.0668671882347,11210.305056017787,9736.23193017162,11218.281413527544,9740.864651520573,1.9387360245643803,60,0.7616164044032213,0.9747933993851357,19,2.995732273553991,31.0,3.465736,70.96774193548387,100.0,100.0,100.0,31.0,0,LPM-2
3067542400113100040,,78.72334361578464,11259.845964591144,9748.71571488346,11263.937886417689,9751.20128966324,1.859523598676396,65,1.4276240669854567,0.9999999999999996,23,3.1780538303479453,34.0,3.5553482,61.76470588235294,100.0,100.0,100.0,34.0,3,CM
3067542400113100046,,969.3070174024411,11274.804477141082,9755.18199005428,11285.838888925537,9767.538211382423,1.6106879682623965,420,0.4073642664783045,0.9824505858141463,74,4.31748811353631,290.0,5.673323,43.44827586206896,91.0344827586207,100.0,100.0,290.0,3,CM
3067542400113100055,,525.689455045039,11274.609661490542,9772.75195578586,11283.163279396653,9781.514960795965,1.0657514223864948,154,0.5240211157081444,0.9864958826484554,38,3.6635616461296463,106.0,4.6728287,61.32075471698113,100.0,100.0,100.0,106.0,6,EC
3067542400113200016,,937.3332199684484,11217.10527725082,9724.399667868123,11227.576957990854,9739.014350176318,1.634506895681591,235,0.5260062064360626,0.7817939468170181,43,3.784189633918261,100.0,4.6151204,54.0,100.0,100.0,100.0,100.0,0,LPM-2
3067542400113200019,,736.320643547776,11208.763394838816,9727.37182511272,11219.527391529267,9737.055477693208,1.2238758696117855,231,0.497461489691069,0.8875866695059134,45,3.828641396489095,100.0,4.6151204,50.0,100.0,100.0,100.0,100.0,0,LPM-2
3067542400113200021,,1597.6354243981327,11231.192731844872,9728.631160581615,11247.764332096296,9742.731287897992,1.294802488942006,520,0.3340034554658784,0.897518273807169,68,4.23410650459726,275.0,5.620401,54.18181818181819,93.45454545454545,100.0,100.0,275.0,0,LPM-2
3067542400113200024,,1044.2273722789912,11197.69993173308,9734.17151784806,11211.959788884096,9744.412169115816,1.3802982301565632,352,0.4168214270707935,0.9008654977342682,55,4.025351690735149,239.0,5.480639,66.10878661087865,97.90794979079497,100.0,100.0,239.0,0,LPM-2
3067542400113200026,,1728.291079263168,11242.15615691682,9735.152126163712,11259.094677139798,9750.238359995144,1.2025437095133926,660,0.3219210731584395,0.8983482744560104,81,4.406719247264253,399.0,5.9914646,44.611528822055135,90.22556390977444,100.0,100.0,399.0,3,CM
3067542400113200032,,1219.2702905316105,11261.882388433529,9748.610693428784,11275.046155924898,9763.566912490349,1.6862834833243894,536,0.4112476920883683,0.8908359504816423,80,4.394449154672438,361.0,5.891644,40.7202216066482,90.85872576177285,100.0,100.0,361.0,3,CM
3067542400113200037,,979.3484738124556,11258.739237884794,9757.037415059827,11270.942948834345,9768.312748399696,1.2937312383212716,433,0.3851824942570677,0.9808455645605836,57,4.060443010546419,363.0,5.897154,71.900826446281,98.07162534435263,100.0,100.0,363.0,2,CM
3067542400113200040,,1312.451623896446,11271.590121072912,9764.265014241024,11288.4649617515,9776.864688672433,1.501358599078755,651,0.4394586911839341,0.7860232909027917,82,4.418840607796597,510.0,6.2363696,62.94117647058823,93.72549019607843,100.0,100.0,510.0,3,CM
3067542400114100147,,1374.9676840135794,11494.05726849181,9782.36743596512,11508.585970241613,9794.76140522536,1.1856842332463555,383,0.3702079204070468,0.9134567660904932,64,4.174387269895637,248.0,5.5174527,59.2741935483871,94.35483870967742,100.0,100.0,248.0,6,EC
3067542400114100154,,1350.1754749259576,11479.61984170362,9783.543093415285,11495.35080570981,9793.997794519635,1.46463737708825,530,0.3462090282481859,0.9561730972474656,54,4.007333185232471,338.0,5.826,65.68047337278107,98.81656804733728,100.0,100.0,338.0,6,EC
3067542400114100189,,1221.5607195154544,11392.419926192855,9808.482970858273,11410.18210922366,9819.655914683764,1.6186791938693357,498,0.4130695382678225,0.8784432712844656,66,4.204692619390966,350.0,5.8607864,64.28571428571429,95.42857142857143,100.0,100.0,350.0,3,CM
3067542400114100196,,1254.3172335969666,11412.473999280835,9813.926688429572,11427.079459057222,9826.739697149114,1.0545890471676704,463,0.3718023477712613,0.9176150635467324,66,4.204692619390966,378.0,5.9375362,65.60846560846561,95.76719576719577,100.0,100.0,378.0,2,CM
3067542400114200178,,1183.095205588116,11458.504854661704,9791.523786983253,11472.243041278283,9805.104708723502,1.1645719703247757,505,0.3804825185341358,0.9088589557063126,63,4.1588830833596715,355.0,5.874931,68.45070422535211,96.3380281690141,100.0,100.0,355.0,0,LPM-2
3067542400114200184,,2870.071307181511,11428.106356064442,9796.450857674949,11453.990990521952,9816.677437208677,2.1567331223198,1014,0.2600567308992735,0.9411268924559142,90,4.51085950651685,719.0,6.5792513,62.447844228094574,93.46314325452016,100.0,100.0,719.0,2,CM
3067542400114200203,,1202.1079686104256,11403.560693984937,9807.72769764492,11415.235817582736,9825.468360333478,1.5603561118448996,491,0.503896672698184,0.7266593454613928,75,4.330733340286331,329.0,5.799093,48.328267477203646,92.40121580547113,100.0,100.0,329.0,3,CM
3068576400045100183,,1153.366488545395,1719.3018278933323,7844.450528991476,1736.2834017313614,7855.600948925754,1.3647701101082017,402,0.4158856608223797,0.8922885144105716,57,4.060443010546419,214.0,5.370638,54.20560747663551,96.72897196261682,100.0,100.0,214.0,0,LPM-2
3068576400045100185,,865.6350558518608,1730.650591181925,7845.208333934323,1741.1578689877977,7856.898915919442,1.301998087889744,455,0.4158522736567463,0.9823665373513648,61,4.127134385045092,287.0,5.6629605,57.491289198606275,96.16724738675958,100.0,100.0,287.0,0,LPM-2
3068576400045100219,,850.7302697356293,1757.310749281914,7861.312638038144,1770.7922167303504,7871.051550941812,1.2354420594550095,369,0.4534844650394123,0.9148846678285985,51,3.951243718581427,293.0,5.68358,72.6962457337884,99.65870307167235,100.0,100.0,293.0,0,LPM-2
3068576400045100250,,598.2806473769923,1774.193924318266,7875.165154276334,1782.71609900414,7884.701346676258,1.0008715132218,249,0.4964859497366402,0.9825837191677436,36,3.6109179126442243,181.0,5.2040067,77.34806629834254,100.0,100.0,100.0,181.0,2,CM
3068576400045200160,,1120.7857197188637,1709.1040936321283,7842.200349390786,1725.6928696037417,7852.807464463757,1.6143049389092845,418,0.3962032662151126,0.9457900872984778,57,4.060443010546419,215.0,5.3752785,54.88372093023256,96.74418604651163,100.0,100.0,215.0,0,LPM-2
3068576400045200163,,1486.856581303081,1738.4952929996498,7844.878245584365,1753.7909707209426,7862.024907050619,1.6011549928720583,670,0.3892870194556805,0.8137349974603392,71,4.276666119016055,389.0,5.966147,65.80976863753213,94.60154241645245,100.0,100.0,389.0,0,LPM-2
3068576400045200177,,564.2641870019379,1749.6429319998294,7859.033474729749,1765.8245091829922,7865.839102295273,2.463104498026996,250,0.7491808873389658,0.7042477538659887,40,3.7135720667043075,162.0,5.09375,67.90123456790124,100.0,100.0,100.0,162.0,0,LPM-2
3068576400045200198,,1340.9197553003153,1767.617828242651,7862.858899741093,1785.8486535717864,7878.1411511102015,1.1145471934081437,570,0.4479092821568802,0.7358545395011414,75,4.330733340286331,410.0,6.0185933,61.70731707317073,93.90243902439023,100.0,100.0,410.0,3,CM
3068576400045200206,,963.2576646798664,1781.567028212454,7869.619821526516,1791.292456689144,7883.11581528089,1.671941609578992,389,0.4062116203139263,0.9825608608333004,65,4.189654742026425,225.0,5.420535,50.66666666666667,93.33333333333333,100.0,100.0,225.0,3,CM
3068576400045200230,,2145.377571878365,1779.64541423918,7881.920503858115,1798.5573118435211,7900.0442295824305,1.4285423266697663,1119,0.2982994705882276,0.8888494442985162,83,4.430816798843313,737.0,6.603944,57.6662143826323,91.85888738127545,100.0,100.0,737.0,3,CM
3068576400045200248,,1065.2367552045466,1790.3925072256682,7897.233372669921,1806.2428724055703,7908.712796691162,1.3702292912149383,366,0.4796268834388928,0.7736544995803172,63,4.1588830833596715,228.0,5.433722,47.368421052631575,94.2982456140351,100.0,100.0,228.0,3,CM
3068576400055100064,,490.0233770603449,938.16174795326,8001.53664806608,947.7510641493666,8009.71938896921,1.612096481211089,129,0.5851324738224885,0.9471907183011172,33,3.526360524616161,77.0,4.356709,63.63636363636363,100.0,100.0,100.0,77.0,0,LPM-2
3068576400055100075,,1005.2235425303954,959.4360620941036,8013.797438465223,974.9832131917638,8024.853364078076,1.02589202505439,186,0.4716269576871467,0.8557648464791896,33,3.526360524616161,118.0,4.7791233,75.42372881355932,100.0,100.0,100.0,118.0,2,CM
3068576400055100215,,324.2950577154149,1064.054359611339,8159.283338924182,1069.1612852724952,8168.254208530028,1.7761913314582118,40,0.7380043610849113,0.9775186863814592,16,2.833213344056216,22.0,3.1354942,72.72727272727273,100.0,100.0,100.0,22.0,2,CM
3068576400055100216,,1332.0799606078783,1054.9131383540594,8162.415734396975,1066.2886251785428,8178.264975656862,1.2531264851633812,9,0.3309910933187752,0.9925742007014138,5,1.791759469228055,5.0,1.7917595,100.0,100.0,100.0,100.0,5.0,2,CM
3068576400055200059,,1316.8776369111515,920.5374439632454,7987.062441596967,938.680057796186,7997.364223849607,1.80441396079754,247,0.3759901822716533,0.9281024958533484,40,3.7135720667043075,111.0,4.7184987,49.549549549549546,100.0,100.0,100.0,111.0,0,LPM-2
3068576400055200061,,1429.0660569986285,926.1938003913126,7994.980200907008,947.260051440748,8006.077568626156,1.8731870182622312,328,0.3972566867965612,0.8574383935013106,52,3.9702919135521215,169.0,5.1357985,50.29585798816568,98.81656804733728,100.0,100.0,169.0,0,LPM-2
3068576400055200062,,1788.1541684688311,945.29167964417,7999.892590282576,966.960402278406,8016.605420656186,2.168064304811846,524,0.3721234292418782,0.8285681183385242,64,4.174387269895637,335.0,5.817111,62.98507462686567,95.82089552238806,100.0,100.0,335.0,0,LPM-2
3068576400055200098,,3138.6596089415893,967.9669212501058,8036.254943787439,987.2242732985538,8060.548248809106,1.716907235795919,1025,0.2508103112831445,0.8794371977117993,89,4.499809670330265,683.0,6.527958,47.43777452415813,89.0190336749634,100.0,100.0,683.0,3,CM
3068576400055200201,,2156.3804449267427,1040.7439469360452,8144.015251603041,1067.0981834465165,8161.397833561665,2.739617159545193,467,0.3450624402104315,0.876820656868866,67,4.219507705176107,298.0,5.7004437,51.34228187919463,94.29530201342283,100.0,100.0,298.0,3,CM
3068576400058100146,,947.794621102076,1928.0713995415067,7997.485102103187,1940.1381605055287,8006.873741246414,1.2898316263767005,492,0.401619102504097,0.9762372500953064,68,4.23410650459726,354.0,5.872118,64.40677966101694,94.91525423728814,100.0,100.0,354.0,3,CM
3068576400058200130,,770.0560167596007,1929.6060735803687,7988.001924434702,1946.132706150592,7997.700590465704,1.6554687143611244,296,0.6059501315409718,0.7559810283754654,56,4.04305126783455,147.0,4.9972124,41.49659863945578,95.91836734693877,100.0,100.0,147.0,3,CM
3068576400058200134,,1614.9293481949385,1911.6556649295503,7993.869201874133,1929.983414702309,8007.947214698529,1.2812251213212102,485,0.357930911156938,0.836453829714249,59,4.0943445622221,319.0,5.768321,66.14420062695925,97.17868338557993,100.0,100.0,319.0,6,EC
3068576400058200139,,917.935448816986,1910.151311986132,8008.445847024357,1923.4054456278848,8021.021347867566,2.093626145288528,34,0.4593130537000437,0.9096827571244184,18,2.9444389791664403,26.0,3.295837,69.23076923076923,100.0,100.0,100.0,26.0,3,CM
3068576400059200041,,1380.216074720752,1937.4218090176528,7998.206259027042,1954.321023479716,8010.093718386866,1.5531482279981832,617,0.3613828178489222,0.9307003429265068,78,4.3694478524670215,406.0,6.0088134,54.187192118226605,93.10344827586206,100.0,100.0,406.0,0,LPM-2
3068576400108100024,,1037.7648159144092,1286.3513768602195,9178.537364412436,1300.476204409175,9195.092679499256,1.4465352615630962,262,0.5699486350717478,0.6724014160329858,47,3.8712010109078907,158.0,5.0689044,56.32911392405063,100.0,100.0,100.0,158.0,0,LPM-2
3068576400108200011,,751.5681481803299,1287.992466173689,9187.353290459749,1300.2621347546262,9196.320836694407,1.3294724450591762,280,0.4658878222143153,0.9434062355420612,46,3.8501476017100584,182.0,5.209486,71.42857142857143,100.0,100.0,100.0,182.0,0,LPM-2
3068576400108200012,,882.7668117851415,1291.8536850741675,9190.596674788514,1304.8187130309225,9201.745377776486,1.1991307705153569,158,0.4633649908972169,0.8897757170605003,41,3.737669618283368,94.0,4.553877,51.06382978723404,100.0,100.0,100.0,94.0,0,LPM-2
3068576400108200014,,1610.5199254993963,1281.8632602858577,9194.732712437664,1294.9478752202635,9214.646843266324,1.7555106155451454,511,0.3470899154108505,0.9087971242050756,57,4.060443010546419,399.0,5.9914646,74.68671679197995,98.24561403508771,100.0,100.0,399.0,2,CM
3068576400108200015,,901.8820619735696,1293.437719676322,9200.948689091165,1304.1159016872557,9210.926659327695,1.043090785101306,256,0.4074233842333529,0.9752446662615214,51,3.951243718581427,130.0,4.8751974,50.76923076923077,99.23076923076923,100.0,100.0,130.0,0,LPM-2
3068576400108200018,,806.8017361810357,1279.964655433832,9207.907756430635,1289.688117252268,9222.230728463648,2.066236467435194,265,0.4898812177567198,0.9429200110939544,43,3.784189633918261,180.0,5.198497,69.44444444444444,100.0,100.0,100.0,180.0,3,CM
3068576400108200141,,991.7151474808354,1206.6183662765357,9313.427908778358,1221.5095272483527,9324.742888781204,1.5604628972894887,326,0.4599880220087603,0.8284982180030868,63,4.1588830833596715,197.0,5.288267,43.65482233502538,93.4010152284264,100.0,100.0,197.0,3,CM
3068576400110100017,,695.5659622849946,1942.8449802973016,9185.071501745502,1952.5040674999696,9195.589065890295,1.3591014440632951,261,0.4713892570408965,0.9729881021454996,44,3.8066624897703196,178.0,5.187386,69.10112359550563,100.0,100.0,100.0,178.0,6,EC
3068576400110100023,,381.83267910809633,1946.1943064872253,9192.530361206753,1953.415482857468,9200.402152123286,1.2982863426514797,152,0.6258119902786833,1.0,33,3.526360524616161,117.0,4.7706847,69.23076923076923,100.0,100.0,100.0,117.0,2,CM
3068576400110100031,,628.0813520862552,1925.5015160649352,9219.378056512416,1936.5303484241656,9227.126029918774,1.3321308151133138,237,0.4970410403832841,0.969705243035836,42,3.7612001156935624,171.0,5.1474943,71.34502923976608,100.0,100.0,100.0,171.0,2,CM
3068576400110200019,,2577.2986270241263,1928.5511426150604,9175.575867677186,1945.7754905888287,9197.796417069834,1.2290378582629284,82,0.2432123009766944,0.975402517801774,35,3.58351893845611,56.0,4.0430512,51.78571428571429,100.0,100.0,100.0,56.0,2,CM
3068576400110200023,,1808.6109407243505,1922.018296904078,9190.324045702331,1937.707830316367,9206.349103387654,1.129461107182519,53,0.2956256388208915,0.9645353915785848,16,2.833213344056216,29.0,3.4011974,79.3103448275862,100.0,100.0,100.0,29.0,2,CM
3068576400110200027,,787.392801153337,1939.5022661627693,9198.568919193352,1953.089261912992,9210.493777496473,1.605153643179078,355,0.5651832624960723,0.7385903968223246,51,3.951243718581427,273.0,5.613128,66.66666666666666,99.63369963369964,100.0,100.0,273.0,2,CM
3068576400110200039,,1303.1863840351004,1918.4526648797848,9222.396893691288,1932.171196764601,9238.496081461331,1.4927771260424425,522,0.3979101467265918,0.8354252329493513,63,4.1588830833596715,354.0,5.872118,64.12429378531074,96.32768361581921,100.0,100.0,354.0,0,LPM-2
3068576400110200042,,1332.3449177488585,1906.8623649984927,9225.19548814636,1920.44162204422,9240.102273039316,1.0290584478944789,588,0.3888796245111648,0.8902745333792845,62,4.143134726391533,446.0,6.1025586,69.50672645739911,97.30941704035875,100.0,100.0,446.0,2,CM
3068576400110200044,,1140.881668236184,1897.518857315387,9235.25731273198,1912.914193692776,9245.608822385731,1.5722588068373116,472,0.3814272821850165,0.9564791934260192,53,3.988984046564274,281.0,5.641907,62.63345195729537,98.93238434163702,100.0,100.0,281.0,0,LPM-2
3068576400110300009,,470.0522414852246,1933.1749266137367,9212.710431868963,1941.011579250112,9220.632381197309,1.00800332729484,290,0.5960468578688767,0.9271280863115652,45,3.828641396489095,208.0,5.3423343,73.5576923076923,100.0,100.0,100.0,208.0,2,CM
3068576400111100007,,1287.8484460347,2116.2939818095924,9036.469362168067,2134.292589701415,9050.42288954318,2.5653080528034145,549,0.4018379476163751,0.9452052417330128,62,4.143134726391533,358.0,5.8833222,65.64245810055866,96.64804469273743,100.0,100.0,358.0,0,LPM-2
3068576400111100009,,626.9446165019634,2118.5479803362427,9046.048282065489,2131.481946599297,9055.174757415933,2.4160316787862284,343,0.5714313257366906,0.977124923995373,44,3.8066624897703196,238.0,5.476464,65.12605042016807,100.0,100.0,100.0,238.0,0,LPM-2
3068576400111100011,,2052.633731150145,2097.003367320715,9047.99383651554,2118.4482534315966,9064.719535427786,1.8364943835659848,661,0.3228448461416023,0.8615204852133385,56,4.04305126783455,529.0,6.272877,79.96219281663515,98.86578449905483,100.0,100.0,529.0,2,CM
3068576400111100018,,1677.7133506587932,2070.446538645267,9064.710369284216,2089.56688784967,9079.606912022546,1.552029856666251,614,0.3669115897148191,0.8369784894716242,65,4.189654742026425,485.0,6.1862087,65.77319587628865,96.90721649484536,100.0,100.0,485.0,2,CM
3068576400111100020,,1423.436647492141,2105.174084136455,9064.71166054996,2122.725086902129,9076.024802470192,1.3675296736843536,303,0.330303982202001,0.9849214705107744,59,4.0943445622221,180.0,5.198497,56.666666666666664,95.0,100.0,100.0,180.0,3,CM
3068576400111100160,,125.64035757174206,1935.5139539272504,9210.054929383548,1940.1654605206352,9214.175764283264,1.1984233474226405,77,1.1259598061999323,0.9567049991318032,18,2.9444389791664403,56.0,4.0430512,85.71428571428571,100.0,100.0,100.0,56.0,2,CM
3068576400111200010,,653.0387943887112,2125.3215391103304,9048.104618078736,2134.341516546454,9059.353956016486,1.2444949061521546,371,0.4963573756231464,0.9637404045984432,57,4.060443010546419,218.0,5.389072,54.12844036697248,96.78899082568807,100.0,100.0,218.0,0,LPM-2
3068576400111200015,,1146.0335322744006,2118.5600820121854,9057.36815464048,2131.44105848838,9070.052028481552,1.2808372788849318,392,0.3642162905149969,0.9823603898392628,67,4.219507705176107,220.0,5.398163,49.09090909090909,92.27272727272727,100.0,100.0,220.0,3,CM
3068576400111200016,,1337.2178052747104,2083.07248668732,9058.865186219646,2102.435412004276,9073.120856451802,2.085033909464206,623,0.4034316531680854,0.8814853865297924,58,4.07753744390572,522.0,6.2595816,74.52107279693486,98.46743295019157,100.0,100.0,522.0,2,CM
3068576400111200017,,920.1847452625084,2091.6693718213314,9064.624121763456,2106.5604054046307,9074.424057659317,1.933044570114768,246,0.4345590958664296,0.9641445565140648,48,3.8918202981106265,133.0,4.89784,52.63157894736842,100.0,100.0,100.0,133.0,3,CM
3068576400111200020,,1309.2167339808036,2071.3155968723245,9073.999692195115,2097.0886670922428,9082.739826436637,3.1292230804992105,365,0.5015819374260446,0.7354596767774247,61,4.127134385045092,226.0,5.42495,53.09734513274337,95.13274336283186,100.0,100.0,226.0,3,CM
3068576400111200124,,2059.3023839846155,1948.6824463227624,9176.786789529697,1968.77964162152,9196.912444959804,1.1595128344195205,705,0.3663607750694493,0.7391554535684359,85,4.454347296253507,423.0,6.0497336,41.60756501182033,88.65248226950354,100.0,100.0,423.0,3,CM
3068576400111200145,,599.2227575147309,1936.4903080318795,9192.877166419756,1947.3377887555305,9202.740873711911,1.1068124185936887,244,0.5778399621001428,0.8513832955992412,36,3.6109179126442243,191.0,5.2574954,77.4869109947644,100.0,100.0,100.0,191.0,2,CM
3068576400111200167,,467.25761651357806,1951.930618038704,9204.235736448863,1958.897914609102,9214.280168914218,1.5456902560164716,72,0.6162551690593946,0.9356355055307728,23,3.1780538303479453,33.0,3.5263605,60.60606060606061,100.0,100.0,100.0,33.0,3,CM
3068576400121100022,,2266.683352218798,1203.1357902958591,9315.841282624442,1219.14502505582,9340.566756629049,1.1594919477806909,868,0.2691683490861472,0.8894009243483747,79,4.382026634673881,615.0,6.423247,60.48780487804878,95.28455284552845,100.0,100.0,615.0,3,CM
3068576400121100043,,1516.4855842126194,1195.1448381349735,9332.182432270629,1210.2927998352354,9346.176654142571,1.1512832399079689,481,0.3212762774672756,0.9648998961861672,57,4.060443010546419,365.0,5.902633,73.6986301369863,98.08219178082192,100.0,100.0,365.0,2,CM
3068576400121100052,,850.1077085535459,1189.102104686592,9342.79186430374,1198.7972226045877,9356.19923890768,1.796336407348372,335,0.4515081693324548,0.9666213156223188,44,3.8066624897703196,285.0,5.655992,77.89473684210526,100.0,100.0,100.0,285.0,2,CM
3068576400121100062,,708.9486926223392,1197.3608155427712,9353.507908732814,1208.7304677883856,9362.986431255806,1.948918470253818,21,0.4746961560207515,0.9991718174065478,8,2.197224577336219,9.0,2.3025851,100.0,100.0,100.0,100.0,9.0,2,CM
3068576400121100065,,1091.6561164267284,1179.9659930095002,9358.024172065008,1191.1993123219083,9370.29330275391,1.1358348990538665,493,0.3583571524268411,0.988235484106134,51,3.951243718581427,420.0,6.042633,75.23809523809524,99.76190476190476,100.0,100.0,420.0,2,CM
3068576400121100070,,1290.2178517516502,1171.451483557431,9365.421120505433,1188.6676024218602,9376.891693518764,1.747117846358976,493,0.3828751070836911,0.90407083971222,53,3.988984046564274,210.0,5.351858,64.28571428571429,98.57142857142858,100.0,100.0,210.0,0,LPM-2
3068576400121100073,,876.3001456678869,1163.3324001625888,9368.171794960352,1175.7535426271195,9378.89638713257,1.0313754899704506,254,0.4233440476138085,0.9666330888505656,48,3.8918202981106265,128.0,4.8598123,49.21875,100.0,100.0,100.0,128.0,0,LPM-2
3068576400121100216,,1383.6488472285378,1215.663587762967,9500.042142209462,1233.320300163099,9512.828516517016,1.1438461019837791,325,0.3686319748810103,0.8999372424916315,59,4.0943445622221,183.0,5.214936,47.540983606557376,95.08196721311475,100.0,100.0,183.0,0,LPM-2
3068576400121100225,,938.1336823023742,1369.169456174487,9503.414502093914,1383.908231276338,9520.301749622557,2.3809360365779355,334,0.5599419033031915,0.7884141710665608,62,4.143134726391533,213.0,5.365976,53.051643192488264,94.36619718309859,100.0,100.0,213.0,3,CM
3068576400121100231,,948.0506026021712,1224.7203456341376,9505.136265489333,1237.8393234644016,9516.094480563685,1.27558733956407,289,0.4224799244506632,0.9356939489706004,58,4.07753744390572,160.0,5.081404,40.0,95.0,100.0,100.0,160.0,3,CM
3068576400121100243,,1640.0824376465955,1180.6857791560724,9509.131516848662,1199.016563365694,9522.977409093455,1.6053333683060511,557,0.3371732016876297,0.9005276728292444,62,4.143134726391533,297.0,5.6970935,59.25925925925925,95.95959595959596,100.0,100.0,297.0,0,LPM-2
3068576400121100249,,934.3389977881532,1374.1750728849693,9512.7142671229,1384.9481800446051,9525.076316445036,1.4943154889406056,234,0.4155296682964203,0.9704614696632182,38,3.6635616461296463,160.0,5.081404,68.75,100.0,100.0,100.0,160.0,6,EC
3068576400121100251,,1801.789836027765,1225.5134493292646,9513.722628372372,1244.1210168750708,9527.573651813756,1.0477943733342436,707,0.295650249226242,0.9545198121728666,65,4.189654742026425,519.0,6.253829,66.08863198458575,97.10982658959537,100.0,100.0,519.0,0,LPM-2
3068576400121100269,,1211.4046593556195,1158.855796476528,9524.5304793487,1173.9242907367698,9536.32721429037,1.36888885287455,409,0.3617806279888978,0.9704140005097306,54,4.007333185232471,157.0,5.062595,55.4140127388535,97.45222929936305,100.0,100.0,157.0,0,LPM-2
3068576400121200062,,1608.3202392648006,1189.6829258244409,9345.172529409152,1207.8485967226914,9366.17398324485,2.7834803505152057,547,0.4030120319575831,0.8180919823630173,60,4.110873864173311,367.0,5.908083,67.0299727520436,97.27520435967303,100.0,100.0,367.0,0,LPM-2
3068576400121200236,,345.68942757455835,1382.198388971659,9504.495534787531,1388.33415842205,9514.28868740714,2.201811074911722,83,0.7899891732013586,0.8874638746468342,29,3.4011973816621555,60.0,4.1108737,68.33333333333333,100.0,100.0,100.0,60.0,6,EC
3068576400121200248,,1599.4077233717512,1166.9636251702611,9513.68678282492,1184.3877997053223,9529.179229118272,1.4170318546679106,505,0.330252462890423,0.9365636087423612,58,4.07753744390572,228.0,5.433722,49.56140350877193,96.49122807017544,100.0,100.0,228.0,0,LPM-2
3068576400121200256,,1058.9178287084603,1251.0307371458932,9522.033578613888,1262.2062031086075,9533.957328493474,1.0008955522938818,555,0.3760776918376938,0.9853391065410834,72,4.290459441148391,375.0,5.9295893,54.666666666666664,94.13333333333334,100.0,100.0,375.0,3,CM
3068576400121200258,,1788.9345635939176,1235.657523925327,9518.649376806376,1252.2125441280257,9535.660022161625,1.1288116807554918,753,0.3194074561392653,0.8943345587351762,81,4.406719247264253,552.0,6.315358,64.4927536231884,94.38405797101449,100.0,100.0,552.0,2,CM
3068576400121200260,,1303.2464216256876,1362.1283956933728,9520.308032543966,1375.6595265013616,9533.079681852898,1.0665258229511414,478,0.3493801981524815,0.9368159394720034,59,4.0943445622221,342.0,5.8377304,68.71345029239765,97.36842105263158,100.0,100.0,342.0,6,EC
3068576400122200167,,1580.33278204333,1374.5892666926052,9490.652107037906,1392.452207726701,9505.288583404106,1.4745450413144117,600,0.366480106572586,0.8644944036269082,75,4.330733340286331,331.0,5.805135,44.10876132930513,91.54078549848943,100.0,100.0,331.0,3,CM
3068576400123100007,,978.9700332069292,1940.5894368897093,9359.119527911187,1952.886464817897,9372.603766674594,1.033755719661571,83,0.4560015611069626,0.8487291778390406,22,3.1354942159291497,37.0,3.637586,67.56756756756756,100.0,100.0,100.0,37.0,0,LPM-2
3068576400123100012,,486.9548565814632,1931.500916163574,9372.47116481835,1940.767778366347,9379.8319429566,1.1126542743216268,188,0.565068829870503,0.9708839137784442,33,3.526360524616161,127.0,4.8520303,76.37795275590551,100.0,100.0,100.0,127.0,0,LPM-2
3068576400123100013,,342.6803463197508,1939.6192474873208,9372.934254184882,1946.9504206143315,9378.738922368624,1.24886827871715,55,0.6815554314709805,0.9797153919827176,18,2.9444389791664403,35.0,3.583519,77.14285714285715,100.0,100.0,100.0,35.0,2,CM
3068576400123200033,,1033.544397900293,1914.140813799679,9363.338053657424,1936.123597126286,9383.797247484605,3.016842335454546,375,0.7170029950147743,0.5681051435387222,60,4.110873864173311,149.0,5.0106354,46.308724832214764,93.28859060402685,100.0,100.0,149.0,0,LPM-2
3068576400123200034,,493.94081974033,1934.552948666981,9367.134048641834,1945.4017162061048,9374.52254567384,1.5246724062170496,155,0.6244247126998791,0.8685432098864386,32,3.4965075614664802,86.0,4.465908,68.6046511627907,100.0,100.0,100.0,86.0,0,LPM-2
3068576400123200040,,277.6699753363803,1921.4835060459188,9377.192807721418,1928.320486139999,9383.863957809612,2.0498886959580287,141,0.7780559770933496,1.0000000000000002,33,3.526360524616161,79.0,4.3820267,56.9620253164557,100.0,100.0,100.0,79.0,0,LPM-2
3068576400124100115,,1413.5655262339744,2189.3088358559307,9349.972537334674,2206.475046698737,9361.25830032695,1.8274104344721145,300,0.3372030778688918,0.9744970476221658,44,3.8066624897703196,189.0,5.247024,60.317460317460316,100.0,100.0,100.0,189.0,0,LPM-2
3068576400124100147,,724.081157141447,2167.2541602826936,9362.728930996574,2178.229796987307,9373.028132138794,1.0674251886049682,308,0.5147320447608706,0.873100500478146,51,3.951243718581427,186.0,5.2311087,56.451612903225815,99.46236559139786,100.0,100.0,186.0,0,LPM-2
3068576400124100157,,313.47217427183114,1950.491385054998,9367.928895172176,1958.8375979442944,9374.240168748567,1.7399255259845452,92,0.78631671727305,0.893617393614176,32,3.4965075614664802,55.0,4.0253515,54.54545454545454,100.0,100.0,100.0,55.0,0,LPM-2
3068576400124100171,,1485.98321136581,1956.9278556962224,9376.582707459716,1974.3260994293853,9388.459714703116,1.3697765604017498,471,0.3326062126116116,0.9568853494459,64,4.174387269895637,287.0,5.6629605,46.68989547038328,95.1219512195122,100.0,100.0,287.0,3,CM
3068576400124100179,,416.40433093277966,2156.379422106829,9379.132266689288,2163.293493405501,9388.06133900665,1.107677869392815,120,0.626063590404975,0.9649972466054476,28,3.3672958299864737,83.0,4.4308167,71.08433734939759,100.0,100.0,100.0,83.0,6,EC
3068576400124100183,,886.4725963624389,2148.9420697097084,9379.94756247794,2160.4794435405447,9393.49503629512,1.1992954387710204,285,0.4786463072455987,0.8267011312997397,53,3.988984046564274,189.0,5.247024,61.37566137566137,98.4126984126984,100.0,100.0,189.0,6,EC
3068576400124100188,,292.28279881386663,1974.5118459167163,9383.804453746903,1983.5695245726013,9387.939340263934,2.376840312534876,136,0.7827629611588688,1.0000000000000004,32,3.4965075614664802,70.0,4.26268,57.14285714285714,100.0,100.0,100.0,70.0,3,CM
3068576400124100200,,541.9417897059918,2121.7236462855944,9391.827232159823,2133.8119936622984,9398.198053491364,1.9109131627158555,233,0.5545376159524943,1.0,36,3.6109179126442243,134.0,4.905275,65.67164179104478,100.0,100.0,100.0,134.0,0,LPM-2
3068576400124200130,,596.2911217050619,2169.506146491649,9357.913606299177,2180.874389887246,9366.080458219658,1.536084770522954,295,0.5515895452621736,0.9093587048260277,52,3.9702919135521215,165.0,5.1119876,53.333333333333336,98.7878787878788,100.0,100.0,165.0,3,CM
3068576400124200161,,379.63379554659537,2154.676269637713,9372.769926522626,2161.156157536708,9381.056893121891,1.175388031130662,204,0.6734137699698326,0.9301038567574652,32,3.4965075614664802,108.0,4.691348,73.14814814814815,100.0,100.0,100.0,108.0,0,LPM-2
3068576400124200162,,759.8658928603021,2160.709822747493,9371.963407216175,2171.224818406158,9382.051542708956,1.297802383138923,287,0.461547444696167,0.956135164962442,45,3.828641396489095,201.0,5.3082676,70.64676616915423,100.0,100.0,100.0,201.0,6,EC
3068576400124200171,,919.4278687418551,2144.067907593565,9376.224625688712,2152.9757524425954,9389.308280079804,1.4829549769823025,380,0.4215136118742321,0.943797562537619,70,4.2626798770413155,254.0,5.5412636,45.2755905511811,92.1259842519685,100.0,100.0,254.0,3,CM
3068576400124200181,,1159.367335780926,1978.1248017632208,9380.002181834712,1996.1706263646377,9391.929626480758,1.6477205923120954,453,0.4994328337556509,0.7812534637886623,63,4.1588830833596715,271.0,5.605802,43.91143911439114,95.20295202952029,100.0,100.0,271.0,3,CM
3068576400124200191,,2067.247729944563,1978.9695144622867,9389.579643219888,2009.572701941459,9399.838802525446,3.1405250231383257,781,0.368375098041812,0.8512619810100288,78,4.3694478524670215,504.0,6.2245584,54.166666666666664,93.25396825396825,100.0,100.0,504.0,3,CM
3068576400124200196,,1187.548631053683,2113.659577346584,9393.963240275178,2126.5645678284027,9407.028973993902,1.3268846453209793,601,0.3914512620424468,0.9052193356882507,70,4.2626798770413155,398.0,5.988961,66.33165829145729,94.9748743718593,100.0,100.0,398.0,6,EC
3071130200078100088,,949.434767447713,6022.505054186016,2194.1628272068187,6033.117779342183,2204.95024541424,1.0535589494483524,58,0.3802540000057887,0.9955138393888004,16,2.833213344056216,27.0,3.3322046,77.77777777777779,100.0,100.0,100.0,27.0,0,LPM-2
3071130200078100089,,1188.0701019592573,6036.042929843714,2193.8668515809595,6052.246224557627,2204.194981535512,1.6055604694085734,129,0.3754894929516942,0.9636986559246504,33,3.526360524616161,93.0,4.543295,68.81720430107528,100.0,100.0,100.0,93.0,0,LPM-2
3071130200078100091,,260.8817327865729,6032.547482331767,2198.7595387387883,6037.964180616335,2205.86340098878,1.419582191245252,17,0.7546299098858772,1.0,7,2.0794415416798357,10.0,2.3978953,100.0,100.0,100.0,100.0,10.0,2,CM
3071130200078100094,,778.2979843170963,6036.192218038441,2203.020419105774,6045.266606916381,2213.25047941178,1.1636665317925945,87,0.4192899967856415,1.0,29,3.4011973816621555,50.0,3.9318256,62.0,100.0,100.0,100.0,50.0,0,LPM-2
3071130200078100097,,738.1152159809199,6000.716972986604,2210.580206567499,6012.422417894617,2220.641363922493,1.1586346682564173,21,0.4796999513642861,0.9221093338974522,8,2.197224577336219,11.0,2.4849067,100.0,100.0,100.0,100.0,11.0,0,LPM-2
3071130200078100100,,2194.9231013616427,6015.349261073949,2218.3594560895945,6043.722816794888,2230.851480372048,2.9701965154300183,467,0.3353029797980182,0.8607801296400771,63,4.1588830833596715,284.0,5.652489,64.08450704225352,95.4225352112676,100.0,100.0,284.0,0,LPM-2
3071130200078200146,,2321.020739977089,6071.8411913101245,2199.971866272474,6095.027657247395,2215.9724322325683,1.7160964439606234,745,0.2872602898934043,0.8943989627213246,60,4.110873864173311,620.0,6.431331,76.77419354838709,98.38709677419355,100.0,100.0,620.0,2,CM
3071130200078200148,,1285.584949661729,6092.316564923984,2204.5505888264133,6105.5611389514615,2218.224954522495,1.127313406347255,402,0.3336359937252675,0.9826044788867,52,3.9702919135521215,286.0,5.659482,74.12587412587412,99.3006993006993,100.0,100.0,286.0,2,CM
3071130200078200150,,2317.291559156052,6098.938531519838,2212.253969682248,6118.553507537409,2230.6600193010627,1.638739050839341,649,0.2647529136046023,0.9748861143519562,66,4.204692619390966,483.0,6.182085,66.87370600414079,96.68737060041408,100.0,100.0,483.0,2,CM
3071130200079100493,,4761.540377601974,6297.74584505221,2160.318558016153,6325.290201993899,2187.7852246967086,1.5111994451382968,241,0.1932874982657886,0.9207340781928262,41,3.737669618283368,187.0,5.236442,74.8663101604278,100.0,100.0,100.0,187.0,6,EC
3071130200089200007,,741.6816593139671,6086.915985055507,2220.9460742140727,6097.208920767031,2232.3983199777604,1.614450356780089,88,0.481834142498453,0.91568798028861,25,3.2580965380214817,46.0,3.8501477,67.3913043478261,100.0,100.0,100.0,46.0,3,CM
3071130200089200008,,642.3623519999563,6077.024789472353,2221.480277383254,6086.836489338378,2231.5076227761097,1.7755289659267612,97,0.5176220774046438,0.9464144608381188,29,3.4011973816621555,42.0,3.7612002,54.761904761904766,100.0,100.0,100.0,42.0,3,CM
3071130200089200011,,870.480646938695,6015.567405182125,2226.154956208178,6032.438011153317,2235.5260138461463,2.0282140982382164,195,0.5253522717628406,0.8076041100592904,42,3.7612001156935624,140.0,4.94876,61.42857142857143,100.0,100.0,100.0,140.0,0,LPM-2
3071130200090100058,,1308.5897513198229,6183.059031621096,2347.302395301369,6197.547751408762,2361.9584924574265,1.2396601301176289,138,0.3687133248548647,0.8935880536600809,34,3.5553480614894135,59.0,4.0943446,59.32203389830508,100.0,100.0,100.0,59.0,3,CM
3071130200090100059,,1093.5910195350937,6237.94376345181,2347.265293349464,6252.34228260183,2360.491617486018,1.6384189660529973,184,0.4139183669657788,0.9462805096503224,36,3.6109179126442243,135.0,4.912655,74.07407407407408,100.0,100.0,100.0,135.0,6,EC
3071130200090100061,,1061.2673859663155,6232.96036152093,2348.654134883667,6243.633779663824,2363.2998605513094,1.472575808942006,71,0.3901849148009821,0.9693384760417662,21,3.0910424533583156,44.0,3.8066626,75.0,100.0,100.0,100.0,44.0,2,CM
3071130200090200022,,2101.1410400221566,6180.594320710066,2305.609912135878,6197.5348914589,2323.4048782963087,1.264738456148751,385,0.2896374104143057,0.9096026717211972,68,4.23410650459726,285.0,5.655992,59.29824561403508,93.6842105263158,100.0,100.0,285.0,3,CM
3071130200090200034,,1245.1805568856216,6183.822787806537,2320.756420936956,6196.175328104984,2337.2469811486267,2.0666404494595936,208,0.3894605113660811,0.910065204788909,51,3.951243718581427,130.0,4.8751974,48.46153846153846,99.23076923076923,100.0,100.0,130.0,3,CM
3071130200090200062,,1487.904946097483,6197.032739293864,2357.413016839694,6214.904211859788,2369.662309618236,1.4793341239669373,166,0.3478311734600893,0.9236573858037816,32,3.4965075614664802,83.0,4.4308167,68.67469879518072,100.0,100.0,100.0,83.0,0,LPM-2
3071130200090200065,,865.3639144083306,6205.885008434058,2363.991372257666,6216.245581609403,2375.849314825751,1.7214653506750297,111,0.4350690088094809,0.9878052849120764,19,2.995732273553991,30.0,3.4339871,70.0,100.0,100.0,100.0,30.0,0,LPM-2
3071130200090200082,,1267.5328089008135,6207.586244031237,2474.212783072565,6217.310393674897,2491.563386258581,1.922509206220516,199,0.3662777388712399,0.9673134614854928,30,3.4339872044851463,97.0,4.5849676,75.25773195876289,100.0,100.0,100.0,97.0,0,LPM-2
3071130200090200084,,2162.6623488097503,6190.624770374987,2482.0825892115445,6211.120068633181,2498.2039363732524,1.1274651420868096,477,0.2957460063394595,0.8773202940995473,52,3.9702919135521215,236.0,5.46806,61.440677966101696,99.15254237288136,100.0,100.0,236.0,0,LPM-2
3071130200101200018,,1666.5908809751782,6176.450408830178,2534.571097784308,6190.187334225784,2549.981206326803,1.2208326824244111,189,0.2942263010889018,0.9922209533886354,49,3.912023005428146,106.0,4.6728287,41.509433962264154,100.0,100.0,100.0,106.0,3,CM
3071551700007100007,,1345.8909809028842,4389.860415893832,7984.654034190445,4403.846139199288,7998.811856177308,1.387791266316875,282,0.3421048639290051,0.9511023110927,58,4.07753744390572,186.0,5.2311087,48.38709677419355,95.6989247311828,100.0,100.0,186.0,0,LPM-2
3071551700007100011,,685.1345774133082,4407.481757610767,8000.116685021595,4420.649122143453,8008.730466310773,1.8651351606882327,235,0.5253145744128673,0.9264492826286526,46,3.8501476017100584,169.0,5.1357985,68.63905325443787,100.0,100.0,100.0,169.0,2,CM
3071551700007100019,,931.5934517829824,4417.205815061966,8013.537023993134,4432.204384345115,8025.873867272049,1.052021248653755,622,0.514994208545415,0.7558608304353044,79,4.382026634673881,398.0,5.988961,49.74874371859296,91.4572864321608,100.0,100.0,398.0,3,CM
3071551700007100029,,1365.0250740089064,4440.102447310943,8028.825195016164,4453.890270244301,8043.053328167082,1.0174610696373296,621,0.3401244422341696,0.9479675682619484,82,4.418840607796597,321.0,5.7745514,41.43302180685358,87.85046728971963,100.0,100.0,321.0,1,LPM-1
3071551700007200012,,765.6800534220253,4398.661778907985,7993.416639255705,4408.089849206161,8004.598991671791,1.2527767042174929,247,0.4457644063303943,0.9536426034763048,51,3.951243718581427,191.0,5.2574954,63.87434554973822,99.47643979057592,100.0,100.0,191.0,0,LPM-2
3071551700007200016,,254.14905549810032,4404.10863619934,8003.860876571627,4409.660575060801,8009.983281024528,1.1486726252569326,127,0.7592727690461053,0.9730264336905464,37,3.6375861597263857,82.0,4.4188404,56.09756097560976,100.0,100.0,100.0,82.0,3,CM
3071551700007200020,,944.8559110543576,4412.605317379362,8008.406480725155,4423.316307888485,8019.0606128864865,1.1105346573194832,565,0.4040825603915209,0.9697390489811446,84,4.442651256490317,377.0,5.934894,51.9893899204244,90.98143236074272,100.0,100.0,377.0,3,CM
3071551700007200021,,907.5470408984388,4403.959217526386,8008.218870166493,4414.491857772454,8020.069961807386,1.2568525234054773,384,0.4277680789321408,0.9539111076823694,66,4.204692619390966,287.0,5.6629605,55.400696864111495,94.42508710801394,100.0,100.0,287.0,3,CM
3071551700007200028,,1108.3169701135855,4428.133499705993,8022.507426617095,4444.02114689199,8035.188287654703,1.904083289053192,428,0.4308191262879317,0.9109341715210624,62,4.143134726391533,258.0,5.556828,51.93798449612403,95.34883720930233,100.0,100.0,258.0,4,LPM-3
3071551700007200030,,478.3534309878417,4422.448318699837,8023.767632771673,4432.0684702030585,8030.735722240103,1.488718575761938,185,0.5856124371483494,0.9445902453576648,43,3.784189633918261,106.0,4.6728287,44.339622641509436,100.0,100.0,100.0,106.0,1,LPM-1
3071551700007200035,,829.1659962853716,4427.583315703907,8030.313892554771,4438.861346771986,8040.0502966078675,1.114447677671319,425,0.4219774318775299,0.9812566587177202,58,4.07753744390572,205.0,5.327876,54.63414634146342,96.09756097560975,100.0,100.0,205.0,1,LPM-1
3071551700008100007,,195.3099013960358,4503.125581049626,8044.208069196464,4507.625232054641,8050.929087083819,2.099968847081082,47,0.9570309797091008,0.958787345014531,12,2.5649493574615367,22.0,3.1354942,90.9090909090909,100.0,100.0,100.0,22.0,1,LPM-1
3071551700008200017,,166.0890879773541,4467.585344350488,8028.208538725194,4471.949645686596,8033.636138854472,1.646316641964807,14,0.9515038467690724,1.0000000000000002,7,2.0794415416798357,8.0,2.1972246,100.0,100.0,100.0,100.0,8.0,4,LPM-3
3071551700008200019,,391.4010140069016,4479.661860694028,8033.265558648925,4487.128483661712,8039.6525294499825,1.1908624739358442,76,0.605107364533004,0.9889548360833358,27,3.332204510175204,36.0,3.6109178,52.77777777777778,100.0,100.0,100.0,36.0,4,LPM-3
3071551700008200022,,1294.5335157119068,4493.451963430282,8042.175314945964,4505.455060411519,8055.376768242641,1.052102947730412,234,0.3384256028287064,0.9758593919104626,39,3.6888794541139363,121.0,4.804021,64.46280991735537,100.0,100.0,100.0,121.0,1,LPM-1
3071551700008200025,,548.0685348013519,4480.986939949487,8051.52239793939,4489.131114288322,8059.778469649063,1.04295451475637,143,0.5023495288563664,0.998075508241509,38,3.6635616461296463,73.0,4.304065,53.42465753424658,100.0,100.0,100.0,73.0,1,LPM-1
3071551700008200026,,1029.9750573057077,4519.019158693936,8057.329305634523,4530.529906574925,8068.444186862547,1.007180925921922,164,0.3733013591487886,0.9912809311161392,42,3.7612001156935624,75.0,4.3307333,50.66666666666667,100.0,100.0,100.0,75.0,1,LPM-1
3071551700008200031,,688.0179923236853,4509.51572594247,8064.571604629242,4520.157580217742,8073.503050979526,1.230931625782998,181,0.475608593669354,0.9585900517173778,41,3.737669618283368,98.0,4.59512,41.83673469387755,100.0,100.0,100.0,98.0,1,LPM-1
3071551700008300001,,708.6386597321268,4470.713298031387,8026.813923283778,4479.664841975717,8038.517529968437,1.515911154019613,157,0.4742528431046749,0.9658123624898912,47,3.8712010109078907,118.0,4.7791233,49.152542372881356,100.0,100.0,100.0,118.0,4,LPM-3
3071551700008300004,,1353.4687989968884,4459.808174869018,8032.421607030732,4473.883803216134,8045.225509782319,1.073354965049002,289,0.3439474545672901,0.9537350297097984,50,3.9318256327243257,180.0,5.198497,56.111111111111114,100.0,100.0,100.0,180.0,1,LPM-1
3071551700009200153,,666.6840721600772,4840.136746673484,7844.792142381147,4850.297627232709,7855.594897116068,1.7655297412760973,435,0.5043924238295787,0.9757752466286154,59,4.0943445622221,290.0,5.673323,55.51724137931034,96.89655172413794,100.0,100.0,290.0,5,EC
3071551700009200160,,668.9751134432462,4842.1088590293,7851.7725780492,4850.383092645946,7863.583922472885,1.2580847839861948,461,0.4879558653919305,0.9938048150863532,62,4.143134726391533,314.0,5.7525725,50.63694267515923,96.17834394904459,100.0,100.0,314.0,5,EC
3071551700009200165,,705.0900174079629,4837.061882124208,7855.099667599728,4844.592363331917,7868.607546378566,2.1076967700877245,458,0.5024331715166964,0.948867628918748,76,4.343805421853684,305.0,5.723585,46.885245901639344,91.47540983606557,100.0,100.0,305.0,5,EC
3071551700018100019,,1443.8032270992303,4057.202352688417,8198.694014677836,4076.731510636874,8213.596165605142,1.8992046963840663,573,0.4046878439774719,0.8465191845064178,66,4.204692619390966,228.0,5.433722,41.66666666666667,92.98245614035088,100.0,100.0,228.0,0,LPM-2
3071551700018100028,,927.6965817911328,4095.7270026320616,8206.108110675574,4107.613194330007,8219.867120976762,1.0734729981617173,596,0.4744558668924656,0.841494396341819,72,4.290459441148391,477.0,6.169611,67.71488469601678,95.38784067085953,100.0,100.0,477.0,2,CM
3071551700018100029,,1295.7336150670278,4106.105910579029,8206.043828938513,4116.987359678578,8223.450121679452,1.7058495445185369,571,0.4361811563277321,0.8592480164178781,76,4.343805421853684,359.0,5.886104,43.17548746518106,91.92200557103064,100.0,100.0,359.0,4,LPM-3
3071551700018100032,,1386.8884369010862,4114.048457246759,8209.543405212558,4129.390099965191,8227.120799945686,1.293592337678683,597,0.3901009285296078,0.8390132815255761,82,4.418840607796597,405.0,6.0063534,45.925925925925924,91.11111111111111,100.0,100.0,405.0,1,LPM-1
3071551700018100035,,902.3990629062868,4080.009879554064,8210.579088733171,4092.100804094229,8220.28727216415,1.2594057867591792,439,0.4098267675618082,0.9747659767891914,64,4.174387269895637,299.0,5.7037826,54.515050167224075,95.31772575250837,100.0,100.0,299.0,0,LPM-2
3071551700018100038,,651.3064394304045,4070.552950958362,8213.602954198936,4080.8633875115656,8221.757237746853,1.4535520997826317,294,0.4749574971319133,0.9985308472018036,44,3.8066624897703196,162.0,5.09375,60.49382716049383,100.0,100.0,100.0,162.0,0,LPM-2
3071551700018100042,,772.7593434375337,4124.294806553851,8223.178499571031,4131.940604077166,8237.004553930154,1.971788090216889,445,0.4820119227345136,0.9322406050772,72,4.290459441148391,282.0,5.645447,58.51063829787234,92.19858156028369,100.0,100.0,282.0,1,LPM-1
3071551700018100043,,918.5210415108518,4112.98733373588,8222.349252262911,4124.036297498503,8238.5474778264,1.9388547100949127,545,0.4858797320645244,0.8771163198140243,64,4.174387269895637,379.0,5.9401712,59.10290237467019,96.30606860158312,100.0,100.0,379.0,2,CM
3071551700018100053,,1140.9737705599086,4120.901637617504,8236.811147192742,4133.444911469289,8249.052778751984,1.0240443672142143,673,0.3608117654264055,0.969193293877572,82,4.418840607796597,413.0,6.025866,44.794188861985475,90.31476997578693,100.0,100.0,413.0,4,LPM-3
3071551700018100076,,408.6911757609426,4151.1637112070175,8264.51083726322,4159.107906396487,8272.644889066725,1.744771050934396,188,0.6456516286274617,0.9554783800223992,37,3.6375861597263857,84.0,4.4426513,59.523809523809526,100.0,100.0,100.0,84.0,1,LPM-1
3071551700018100079,,298.8006784010628,4142.754682085138,8270.510819489717,4149.844179496015,8276.234564835626,1.2615228208589022,120,0.7224855388869577,0.9650536857925822,28,3.3672958299864737,46.0,3.8501477,60.86956521739131,100.0,100.0,100.0,46.0,1,LPM-1
3071551700018100080,,998.645938782694,4150.951994898238,8271.009419883943,4168.295976442404,8282.490663760513,1.6799367053085963,476,0.5066184766375188,0.7636351823855283,68,4.23410650459726,213.0,5.365976,49.29577464788733,91.54929577464789,100.0,100.0,213.0,1,LPM-1
3071551700018200022,,1159.4001653959278,4085.853974280595,8204.576323661217,4105.779446546572,8215.185449375538,2.323086675512362,664,0.4266402197822288,0.8975726596273299,74,4.31748811353631,414.0,6.0282784,41.54589371980676,92.9951690821256,100.0,100.0,414.0,4,LPM-3
3071551700018200027,,634.5331022622624,4066.595313171106,8207.550622166213,4079.016782260736,8215.30454804154,1.5854643583884376,268,0.5239050314930368,0.9391761348556206,48,3.8918202981106265,142.0,4.962845,49.29577464788733,100.0,100.0,100.0,142.0,0,LPM-2
3071551700018200028,,1765.1573600891695,4048.382688133191,8208.54058202488,4064.421710831466,8222.555171263473,1.0785264744401006,341,0.296506433796238,0.9575070985106884,52,3.9702919135521215,209.0,5.3471074,50.717703349282296,99.04306220095694,100.0,100.0,209.0,0,LPM-2
3071551700018200042,,911.8425833942448,4115.453816286473,8220.720623683243,4126.043855847096,8246.515641800659,2.9838082873770624,492,0.8482456405340184,0.4941252094303888,63,4.1588830833596715,251.0,5.529429,52.191235059760956,94.82071713147411,100.0,100.0,251.0,4,LPM-3
3071551700018200043,,1020.2456910511236,4130.092236885756,8225.01847573169,4138.744288061327,8241.561665425816,1.903140393048596,385,0.4244386362252547,0.9510684504987378,55,4.025351690735149,245.0,5.5053315,60.816326530612244,97.95918367346938,100.0,100.0,245.0,1,LPM-1
3071551700018200054,,1009.0039403322425,4130.214666510323,8241.177568992589,4141.039904656418,8254.192168060617,1.1855184329234627,554,0.4074180042210238,0.9286485186218392,64,4.174387269895637,298.0,5.7004437,64.09395973154362,95.30201342281879,100.0,100.0,298.0,1,LPM-1
3071551700018200059,,723.2741161596791,4121.348700269023,8247.641672433187,4129.661332493049,8259.257116367895,1.4150474852375925,406,0.4562619887103407,0.9789086570217208,67,4.219507705176107,196.0,5.2832036,46.93877551020408,91.3265306122449,100.0,100.0,196.0,4,LPM-3
3071551700018200062,,1446.2864529869053,4128.66855107377,8249.176957803678,4144.120614575002,8266.179142502206,1.2016061855089248,865,0.4012158707648342,0.7968566827685828,74,4.31748811353631,471.0,6.156979,57.324840764331206,94.90445859872611,100.0,100.0,471.0,1,LPM-1
3071551700018200066,,1276.552521692683,4137.623299083908,8257.228411960523,4156.123858083158,8271.463566420985,1.187833571525726,645,0.4666773949626193,0.740615033848898,70,4.2626798770413155,358.0,5.8833222,60.33519553072626,94.41340782122904,100.0,100.0,358.0,1,LPM-1
3071551700018200071,,889.8352636015718,4148.895816545631,8274.786173858363,4158.622436046492,8287.714671684145,1.2084503157291122,248,0.419208576195507,0.949620491714059,42,3.7612001156935624,107.0,4.6821313,60.747663551401864,100.0,100.0,100.0,107.0,1,LPM-1
3071551700019100168,,744.0979780982891,4181.702422784407,8277.106148794324,4194.427249896748,8285.730519616687,2.0055378967438893,564,0.4719002824999298,0.9927137642681289,67,4.219507705176107,293.0,5.68358,53.58361774744027,94.19795221843003,100.0,100.0,293.0,1,LPM-1
3071551700019100184,,426.0926417166626,4272.7028300708735,8294.038564790128,4280.8990427730005,8301.533898751277,1.181333474859506,213,0.6073474632538857,0.952898746960905,45,3.828641396489095,104.0,4.65396,54.807692307692314,100.0,100.0,100.0,104.0,1,LPM-1
3071551700019100186,,965.8945975223908,4300.280198517092,8294.917733606235,4315.219448591915,8303.118872031306,1.9061016183446875,433,0.4292441213695719,0.9476350286115764,63,4.1588830833596715,260.0,5.5645204,55.00000000000001,95.0,100.0,100.0,260.0,1,LPM-1
3071551700019100191,,869.6208989866832,4314.080159427356,8296.495839787636,4324.851796439015,8307.437416731624,1.0288992089903026,430,0.4196760546531455,0.9500483203234328,70,4.2626798770413155,278.0,5.6312118,48.561151079136685,92.80575539568345,100.0,100.0,278.0,1,LPM-1
3071551700019100193,,553.9660505826868,4258.62989928611,8299.246316130037,4274.444670139541,8305.85031016076,2.3602316126952068,485,0.7333422928871675,0.7331257525115432,69,4.2484952420493585,273.0,5.613128,57.14285714285714,93.04029304029304,100.0,100.0,273.0,1,LPM-1
3071551700019100194,,1176.2329013421338,4210.464510535388,8297.947380626832,4228.787572206807,8308.191015528282,1.838698089610004,426,0.5033224430259481,0.7515007756697414,54,4.007333185232471,183.0,5.214936,51.91256830601093,97.81420765027322,100.0,100.0,183.0,1,LPM-1
3071551700019100195,,282.497885521507,4253.982075196658,8298.271725644296,4260.479220311173,8305.159827112853,1.531354861066998,272,0.7561925384524822,1.0000000000000004,56,4.04305126783455,141.0,4.955827,52.4822695035461,95.74468085106383,100.0,100.0,141.0,1,LPM-1
3071551700019100198,,300.9357735288331,4220.656634160305,8301.956360511987,4227.286664018047,8308.101473098382,1.5873237968609326,125,0.7076119367495081,1.0000000000000002,33,3.526360524616161,59.0,4.0943446,54.23728813559322,100.0,100.0,100.0,59.0,1,LPM-1
3071551700019100207,,598.0308947269388,4247.279246856271,8303.239860047657,4255.801749528795,8312.513850938069,1.1365305041189395,346,0.5167514196458834,0.9672777738472034,52,3.9702919135521215,164.0,5.1059456,60.97560975609756,98.78048780487805,100.0,100.0,164.0,1,LPM-1
3071551700019100208,,900.6523578106273,4318.187612836544,8304.40505666146,4331.168166764048,8317.018322259528,1.2327616889304829,551,0.4641432714893351,0.874201482583783,74,4.31748811353631,411.0,6.0210233,57.17761557177615,94.16058394160584,100.0,100.0,411.0,4,LPM-3
3071551700019100211,,741.2653926187643,4252.798080423929,8305.501262736407,4263.808224172857,8314.38852770754,1.0665851452280204,289,0.4473025718963628,0.9715718374220188,51,3.951243718581427,146.0,4.9904327,50.0,99.31506849315068,100.0,100.0,146.0,1,LPM-1
3071551700019100212,,581.0066421850339,4314.015857240485,8307.81691054076,4324.489079422024,8316.725140640761,1.4917246224630123,396,0.563947138013699,0.9198238310871218,61,4.127134385045092,277.0,5.627621,61.371841155234655,96.028880866426,100.0,100.0,277.0,2,CM
3071551700019100214,,501.85552991116265,4305.267352942979,8309.709839231824,4315.727883646661,8315.580253201095,1.780748778480321,257,0.5643803304031573,0.971406933477233,44,3.8066624897703196,190.0,5.2522736,67.89473684210526,100.0,100.0,100.0,190.0,2,CM
3071551700019100227,,346.23884815806707,4342.481475076733,8327.209100646325,4349.2006773582525,8334.094155138846,1.2592923519668462,60,0.6510321705274885,0.971642693406882,19,2.995732273553991,39.0,3.6888795,76.92307692307693,100.0,100.0,100.0,39.0,0,LPM-2
3071551700019100230,,890.7656794022099,4354.308928033024,8335.865994884984,4366.58076126644,8348.919742025737,1.383813631824172,426,0.4677842330575442,0.8909312669857361,52,3.9702919135521215,204.0,5.32301,51.470588235294116,99.01960784313727,100.0,100.0,204.0,0,LPM-2
3071551700019200215,,1276.7600920389011,4317.681636481696,8278.126441931596,4334.562496744612,8296.568661644778,1.4517301460405674,546,0.4725174163307678,0.6731523731984241,70,4.2626798770413155,334.0,5.814131,50.898203592814376,94.01197604790418,100.0,100.0,334.0,1,LPM-1
3071551700019200228,,451.90670518447234,4264.64338090564,8294.001735626853,4275.939187923161,8303.745594170108,1.0342981324509857,186,0.9429000766121768,0.633097213043856,41,3.737669618283368,115.0,4.75359,61.73913043478261,100.0,100.0,100.0,115.0,1,LPM-1
3071551700019200229,,831.1581566044966,4202.316739184204,8294.085724551242,4214.688452407941,8303.874235321602,1.4325115093412917,330,0.4314937596510105,0.9757096495550852,44,3.8066624897703196,143.0,4.9698133,59.44055944055944,100.0,100.0,100.0,143.0,1,LPM-1
3071551700019200230,,764.842362863306,4244.785556290684,8294.270763916124,4256.455698826916,8303.928092186683,1.0549624953894174,271,0.4672519017356747,0.9267585752950256,52,3.9702919135521215,165.0,5.1119876,50.303030303030305,98.7878787878788,100.0,100.0,165.0,1,LPM-1
3071551700019200231,,1367.1139974624928,4286.594852963392,8294.558310710072,4301.574479302046,8306.880152266416,1.2914133121932825,661,0.3312562156508025,0.9790182110034854,77,4.356708826689592,380.0,5.9427996,49.21052631578947,92.89473684210526,100.0,100.0,380.0,1,LPM-1
3071551700019200233,,745.5819242188742,4277.543451926152,8298.27344041439,4288.1339511913175,8309.069803104134,1.125983633211332,366,0.4596426165964714,0.9437960649655944,67,4.219507705176107,233.0,5.4553213,50.64377682403433,92.7038626609442,100.0,100.0,233.0,1,LPM-1
3071551700019200236,,838.7692648173804,4302.626887597869,8300.655119273584,4317.8511805128255,8310.45958588947,1.4653409021344583,459,0.5258079379139526,0.8318827512198425,69,4.2484952420493585,323.0,5.7807436,56.03715170278638,94.11764705882352,100.0,100.0,323.0,1,LPM-1
3071551700019200239,,1475.2427333711703,4231.873950633883,8300.757096544401,4247.693207403169,8313.270167463303,1.2706094691447376,623,0.3494376771210187,0.9179853406388122,66,4.204692619390966,297.0,5.6970935,55.892255892255896,94.61279461279462,100.0,100.0,297.0,1,LPM-1
3071551700019200240,,652.8899133225158,4262.577189424347,8302.269029277284,4273.337038020076,8310.461419318823,1.580382108718576,361,0.4776637734414306,0.9930119720642472,58,4.07753744390572,212.0,5.3612924,55.660377358490564,96.22641509433963,100.0,100.0,212.0,1,LPM-1
3071551700019200242,,683.1646818067168,4295.672376543615,8303.582340163688,4308.495758512615,8312.498922058208,1.6400626255381867,438,0.5138745198897197,0.93285663292886,73,4.304065093204169,292.0,5.6801724,45.89041095890411,92.12328767123287,100.0,100.0,292.0,4,LPM-3
3071551700019200243,,1775.6064434094685,4259.053306966536,8302.36679088827,4282.408616665623,8316.725430529787,1.6566142420235317,940,0.3724579577861128,0.8310048584088723,85,4.454347296253507,627.0,6.44254,45.77352472089314,92.50398724082935,100.0,100.0,627.0,4,LPM-3
3071551700019200245,,1046.2447451382534,4283.075374381716,8305.225416401037,4297.796366903294,8314.836112733246,1.5280979600270037,548,0.4041797524652413,0.9480768820431928,76,4.343805421853684,401.0,5.9964523,51.87032418952619,93.51620947630923,100.0,100.0,401.0,4,LPM-3
3071551700019200247,,1065.58604792798,4327.293190046621,8306.2425583975,4339.373133825575,8319.55581333376,1.2845028215463827,494,0.4100082401753281,0.9180127032986652,70,4.2626798770413155,321.0,5.7745514,47.66355140186916,93.76947040498442,100.0,100.0,321.0,4,LPM-3
3071551700019200252,,1248.8682861315708,4332.61099509783,8314.410020493242,4350.946808994679,8330.714038739683,2.4315525098758672,711,0.487520759065099,0.7912595065181289,67,4.219507705176107,466.0,6.1463294,62.66094420600859,96.35193133047211,100.0,100.0,466.0,0,LPM-2
3071551700019200258,,553.591150371922,4348.379204113484,8332.91542305169,4357.83973891497,8341.586523974416,1.0742356816295964,314,0.5400256677506444,0.9389382659627296,52,3.9702919135521215,178.0,5.187386,57.30337078651685,98.87640449438202,100.0,100.0,178.0,0,LPM-2
3071551700019300167,,495.9993647271374,4278.712283561921,8290.221903794649,4287.429313628951,8299.021551024056,1.3964850930390444,109,0.591715857002639,0.920704571867174,43,3.784189633918261,72.0,4.2904596,47.22222222222222,100.0,100.0,100.0,72.0,1,LPM-1
3071551700020100039,,1108.3918245105665,4528.268687885691,8091.393369608624,4541.078273171517,8105.560938861558,1.0598953950571075,463,0.3989618138615176,0.9254944227637232,56,4.04305126783455,260.0,5.5645204,58.07692307692308,97.6923076923077,100.0,100.0,260.0,1,LPM-1
3071551700020100052,,886.4550069119305,4541.457582933313,8102.165920382966,4551.387518878135,8112.405853708374,1.00809098523222,309,0.4193456613764557,0.9597426584210806,54,4.007333185232471,128.0,4.8598123,46.875,96.875,100.0,100.0,128.0,1,LPM-1
3071551700020100054,,902.7678805716388,4525.626202075051,8105.088497310273,4534.21631644192,8119.419866707412,1.9069836862667968,427,0.4364261145210544,0.9557309465180028,57,4.060443010546419,221.0,5.4026775,54.75113122171946,96.83257918552036,100.0,100.0,221.0,1,LPM-1
3071551700020100055,,1062.3372087241244,4515.655882841102,8105.18978584873,4526.65666757063,8118.014464504999,1.0389669486058286,416,0.369742251737326,0.9787754404510458,60,4.110873864173311,217.0,5.3844953,43.77880184331797,95.39170506912443,100.0,100.0,217.0,1,LPM-1
3071551700020100067,,379.7968678359129,4529.860297994444,8120.613488544018,4537.503144030517,8127.941137575558,1.22389502878249,243,0.6416424562250703,0.9636022963273744,45,3.828641396489095,124.0,4.828314,57.25806451612904,100.0,100.0,100.0,124.0,1,LPM-1
3071551700020100073,,695.909225509404,4550.737581074765,8124.609310766634,4559.676707295617,8133.54837951397,1.0107505058589636,265,0.4519564515052177,0.9918616746984378,53,3.988984046564274,142.0,4.962845,58.45070422535211,97.88732394366197,100.0,100.0,142.0,0,LPM-2
3071551700020100075,,868.4973476233253,4529.924817454092,8126.1897575504145,4541.775965313209,8137.130256999938,1.3497599106418074,400,0.4181668611420271,0.9746348212515792,68,4.23410650459726,246.0,5.5093884,46.7479674796748,92.6829268292683,100.0,100.0,246.0,1,LPM-1
3071551700020100080,,1052.1622682171562,4523.073850252384,8130.879528499145,4537.084617398587,8141.869537416253,1.293904312084313,465,0.3826304884235454,0.9767835344625364,74,4.31748811353631,259.0,5.560682,49.034749034749034,90.73359073359073,100.0,100.0,259.0,1,LPM-1
3071551700020100081,,1472.9223574109706,4539.043731533987,8132.235334705281,4551.567893949423,8149.7190249658515,1.2697166215394142,933,0.3491991856256465,0.8992677408967974,83,4.430816798843313,572.0,6.350886,43.70629370629371,90.55944055944056,100.0,100.0,572.0,4,LPM-3
3071551700020100084,,500.4404171393784,4550.74542654258,8133.38791804002,4556.700488426384,8145.91736732761,2.2181868313541333,196,0.6391532028772632,0.8982238455597867,42,3.7612001156935624,101.0,4.624973,48.51485148514851,100.0,100.0,100.0,101.0,4,LPM-3
3071551700020100088,,417.3061954066368,4534.760940980023,8138.00631755485,4543.287895087467,8145.441306656621,1.6907771091764203,223,0.6158521685151647,0.986813585494384,51,3.951243718581427,124.0,4.828314,49.193548387096776,99.19354838709677,100.0,100.0,124.0,4,LPM-3
3071551700020100090,,190.9516596055284,4529.899265041689,8140.484604461892,4535.737815982642,8145.188253800658,1.334224726355663,105,0.8723244798208898,1.0000000000000009,33,3.526360524616161,53.0,3.988984,52.83018867924528,100.0,100.0,100.0,53.0,1,LPM-1
3071551700020100100,,974.4024574792752,4527.532726411225,8152.370343367224,4538.557331135289,8164.02195443407,1.012086044236944,556,0.3909828385291513,0.9749127077177224,60,4.110873864173311,267.0,5.590987,53.18352059925093,96.25468164794007,100.0,100.0,267.0,1,LPM-1
3071551700020100103,,684.5105101780127,4547.508896294869,8153.464210913019,4556.679273088037,8162.861789284025,1.0101168906579752,432,0.4546455882427707,0.9833246152566496,66,4.204692619390966,325.0,5.786897,61.846153846153854,95.07692307692308,100.0,100.0,325.0,2,CM
3071551700020100107,,132.68222846066243,4542.017936417483,8158.456231368964,4546.060149771769,8162.255209390566,1.0723114894946473,78,1.033136920017619,1.0000000000000002,33,3.526360524616161,48.0,3.8918204,47.91666666666667,100.0,100.0,100.0,48.0,4,LPM-3
3071551700020100109,,970.511967200506,4543.372866878472,8160.570757815454,4554.134817711601,8173.137250874242,1.044636535255435,566,0.4357355329499851,0.8833315530587673,81,4.406719247264253,369.0,5.913503,42.54742547425474,90.5149051490515,100.0,100.0,369.0,4,LPM-3
3071551700020100113,,694.7449244852252,4532.309969473972,8164.370752429844,4542.275282232864,8176.597682309338,2.068774165498467,408,0.5102971860600428,0.928479821795552,57,4.060443010546419,215.0,5.3752785,53.02325581395348,96.74418604651163,100.0,100.0,215.0,1,LPM-1
3071551700020100123,,291.85784866756694,4535.090168711256,8175.394797955163,4540.485353082464,8182.710725787372,1.754418299061419,226,0.7319416908970657,0.9958991529227,48,3.8918202981106265,114.0,4.744932,48.24561403508772,100.0,100.0,100.0,114.0,1,LPM-1
3071551700020100128,,912.3972598508186,4526.333047874863,8177.534193538957,4536.7127094895495,8189.387218064551,1.1744849720871835,400,0.4030076394030423,0.9704113945313996,60,4.110873864173311,204.0,5.32301,52.450980392156865,95.09803921568627,100.0,100.0,204.0,1,LPM-1
3071551700020100136,,1091.9361571499978,4566.445641676761,8182.643948141015,4575.038420346884,8197.918838486168,1.790729511541734,37,0.400831482384489,0.944678901022488,18,2.9444389791664403,25.0,3.2580965,68.0,100.0,100.0,100.0,25.0,2,CM
3071551700020100145,,913.2024523166808,4532.45545700953,8195.963677820304,4544.638917843077,8207.531538384641,1.4272810994857674,429,0.42332716109784,0.9412493052222456,57,4.060443010546419,228.0,5.433722,54.824561403508774,96.9298245614035,100.0,100.0,228.0,1,LPM-1
3071551700020100146,,992.7288561140758,4544.998768385867,8195.650824152668,4557.207617733404,8206.679162712495,1.1684253504499706,622,0.4056966022469388,0.9442481967021727,76,4.343805421853684,347.0,5.8522024,43.51585014409222,90.77809798270894,100.0,100.0,347.0,4,LPM-3
3071551700020100148,,371.08963941082254,4557.943036086432,8201.520894336501,4564.615074412209,8209.046973766359,1.0468194311029049,183,0.6282678779944594,0.9778355994635406,38,3.6635616461296463,127.0,4.8520303,67.71653543307087,100.0,100.0,100.0,127.0,0,LPM-2
3071551700020100154,,406.1002941749354,4567.129932178123,8211.206638200638,4575.5858904582765,8218.45153281781,1.633771189758363,153,0.6281223089301609,0.9674639602142504,43,3.784189633918261,72.0,4.2904596,45.83333333333333,100.0,100.0,100.0,72.0,0,LPM-2
3071551700020100155,,177.7215327542713,4575.67329446112,8211.330453998418,4581.019114612934,8217.382797914564,2.435127069594856,49,1.0103879684363324,1.0,17,2.8903717578961645,25.0,3.2580965,72.0,100.0,100.0,100.0,25.0,0,LPM-2
3071551700020100156,,1050.6520213923668,4577.518101612057,8213.19858695452,4592.792318435859,8225.773677862546,1.872703048842896,507,0.4172491232288607,0.9572744972830244,69,4.2484952420493585,236.0,5.46806,42.79661016949153,91.94915254237289,100.0,100.0,236.0,0,LPM-2
3071551700020100164,,739.9938289534016,4610.954870841413,8230.444602068352,4625.566465584741,8238.24111192167,1.7824297819803478,223,0.5296344410776707,0.8751304440237856,45,3.828641396489095,119.0,4.787492,53.78151260504202,100.0,100.0,100.0,119.0,0,LPM-2
3071551700020200037,,744.1480105737506,4530.433699191328,8081.980251322113,4539.271848979066,8092.657940239677,1.2190294819674283,139,0.4515070124107226,0.9731720651818212,32,3.4965075614664802,78.0,4.3694477,61.53846153846154,100.0,100.0,100.0,78.0,1,LPM-1
3071551700020200038,,1108.851320773232,4519.529332167442,8082.891860601671,4530.909511754502,8096.294959403558,1.013195747353857,270,0.3795631576894819,0.9503239050242844,48,3.8918202981106265,153.0,5.0369525,57.51633986928104,100.0,100.0,100.0,153.0,1,LPM-1
3071551700020200045,,1011.9429237097136,4537.664485698221,8088.90904254257,4548.15479319079,8103.447685629961,1.541577980591491,379,0.4112872208669921,0.928597036559516,46,3.8501476017100584,178.0,5.187386,51.68539325842697,100.0,100.0,100.0,178.0,1,LPM-1
3071551700020200065,,1080.540821806956,4530.194799856003,8109.349387747774,4542.297150260099,8122.895955516806,1.2822171811722516,526,0.4370197538657372,0.8694515653361757,65,4.189654742026425,269.0,5.598422,49.44237918215613,94.42379182156134,100.0,100.0,269.0,1,LPM-1
3071551700020200066,,1054.9367014130746,4541.133597981686,8110.985343406209,4552.758119039071,8124.307504595541,1.0121037511915094,514,0.4047880749618252,0.915606713429092,66,4.204692619390966,278.0,5.6312118,45.68345323741007,94.24460431654677,100.0,100.0,278.0,4,LPM-3
3071551700020200071,,1137.0642920204857,4518.028466939633,8118.095493032458,4528.492403324705,8131.8253786262785,1.3200624254319409,603,0.3609630347000224,0.9831133948134166,81,4.406719247264253,346.0,5.8493247,44.21965317919075,91.04046242774567,100.0,100.0,346.0,1,LPM-1
3071551700020200072,,1279.047442356005,4536.948337205451,8119.5782986838,4551.701110420359,8133.592932708408,1.1489972928729093,886,0.3862709144142225,0.8565984629305027,88,4.48863636973214,468.0,6.150603,45.085470085470085,89.31623931623932,100.0,100.0,468.0,4,LPM-3
3071551700020200094,,1055.8928382969275,4521.294548861575,8138.679682603079,4534.706614749357,8152.688061520151,2.1220415069908145,521,0.4306265044598306,0.9267784502860984,63,4.1588830833596715,257.0,5.5529594,52.918287937743195,94.94163424124513,100.0,100.0,257.0,1,LPM-1
3071551700020200096,,874.92189774133,4532.836039094504,8143.008111733452,4544.624493092163,8154.127436368167,1.3531967677393002,404,0.4276614817926681,0.960686721338588,66,4.204692619390966,242.0,5.4930615,48.760330578512395,93.38842975206612,100.0,100.0,242.0,1,LPM-1
3071551700020200101,,344.6511703027606,4552.113148216984,8144.48692309508,4558.371577933584,8153.220277976926,1.9139805918705493,132,0.7198278303468368,0.9452822420047998,32,3.4965075614664802,75.0,4.3307333,65.33333333333333,100.0,100.0,100.0,75.0,2,CM
3071551700020200104,,1006.9459054894432,4519.52013099852,8149.184660955948,4529.011842963225,8162.077861948205,1.5265087181211576,481,0.3824976281274216,0.9891010945444708,67,4.219507705176107,301.0,5.710427,51.162790697674424,94.35215946843853,100.0,100.0,301.0,1,LPM-1
3071551700020200119,,1267.7901546303824,4525.11351707661,8163.306051049464,4535.51023643802,8179.423121226167,1.5853184967051857,500,0.3674756162319577,0.944930554393712,67,4.219507705176107,264.0,5.57973,51.515151515151516,93.56060606060606,100.0,100.0,264.0,1,LPM-1
3071551700020200125,,699.2463660891902,4543.185502675322,8170.821056496557,4551.650933082463,8181.691020325489,1.3335282244727815,381,0.4631038765280949,0.9875976007802536,70,4.2626798770413155,261.0,5.5683446,57.8544061302682,92.33716475095785,100.0,100.0,261.0,4,LPM-3
3071551700020200135,,661.0364405295913,4534.817023041901,8181.429363093847,4546.295328884242,8189.503046140346,1.4258971460610417,314,0.5618320221866947,0.8589177046505946,56,4.04305126783455,160.0,5.081404,46.875,96.25,100.0,100.0,160.0,1,LPM-1
3071551700020200138,,820.1416550160022,4545.832639144606,8183.442760726304,4555.903076496084,8195.555657606294,1.7418146510469636,288,0.4638123004506758,0.9240733946128408,59,4.0943445622221,202.0,5.313206,62.87128712871287,95.54455445544554,100.0,100.0,202.0,2,CM
3071551700020200145,,615.0684156464908,4536.448981305747,8188.332972348649,4544.128414923918,8197.804218789082,1.1842790562268304,231,0.5002120175025787,0.96492861482977,48,3.8918202981106265,139.0,4.9416423,51.798561151079134,100.0,100.0,100.0,139.0,1,LPM-1
3071551700020200153,,1478.4326742410913,4541.911591192286,8202.889498760733,4569.471444611952,8220.269430847646,2.4603948195187515,583,0.5213798127168489,0.6432256668094964,74,4.31748811353631,237.0,5.4722705,43.88185654008439,89.87341772151899,100.0,100.0,237.0,0,LPM-2
3071551700020200155,,717.5556902223868,4562.177412613209,8204.935108366431,4571.106890846342,8216.332407886197,1.1834789033180797,271,0.4541144474439992,0.9842350145373572,46,3.8501476017100584,176.0,5.17615,65.3409090909091,100.0,100.0,100.0,176.0,0,LPM-2
3071551700020200161,,1023.915222052023,4590.796228858134,8222.890540986637,4604.878360402209,8234.110836122656,1.362623837879141,536,0.4046362449109852,0.9476936589112492,65,4.189654742026425,252.0,5.5333896,51.19047619047619,94.04761904761905,100.0,100.0,252.0,0,LPM-2
3071551700020200164,,682.9997147917595,4601.023705971647,8230.276736964988,4612.229734612803,8238.874498655197,1.504215985537617,237,0.5151598945829851,0.9226322627835972,43,3.784189633918261,107.0,4.6821313,55.140186915887845,100.0,100.0,100.0,107.0,0,LPM-2
3071551700031200029,,2047.4579015443296,4365.550541816096,8334.883578229446,4383.6311010945465,8357.404425358682,2.47726084978098,660,0.3305347485734897,0.9010293581355988,61,4.127134385045092,247.0,5.5134287,44.12955465587044,95.54655870445345,100.0,100.0,247.0,0,LPM-2
3071551700039100007,,1125.1356866486483,3219.896431242644,8769.664886727982,3233.071222521968,8784.56794866949,1.5971218650936578,476,0.4078918045741914,0.9314585646281776,60,4.110873864173311,235.0,5.463832,57.446808510638306,95.74468085106383,100.0,100.0,235.0,0,LPM-2
3071551700039100009,,1304.5978335429725,3215.040556287672,8782.418381844172,3228.959011889928,8795.90343371821,1.2903589234533843,631,0.3562961687013231,0.9317192121546988,69,4.2484952420493585,336.0,5.820083,57.14285714285714,94.34523809523809,100.0,100.0,336.0,0,LPM-2
3071551700039100010,,1231.0471266814195,3212.382320922848,8794.461802773589,3224.871524718653,8807.025346689608,1.1189492493706403,664,0.3497474371408366,0.973383879458918,77,4.356708826689592,376.0,5.9322453,52.3936170212766,92.81914893617021,100.0,100.0,376.0,0,LPM-2
3071551700039100013,,890.4102227324382,3210.846186348812,8824.531773478342,3223.454771802913,8836.467376904064,1.7976318758589096,464,0.4552324544704925,0.928124909910474,67,4.219507705176107,304.0,5.7203116,60.85526315789473,94.4078947368421,100.0,100.0,304.0,2,CM
3071551700039100017,,750.7285796633446,3214.188568706999,8838.044561912098,3224.471698742418,8850.096499704683,1.3194918329648315,403,0.4943681379780922,0.8782724256529507,62,4.143134726391533,300.0,5.7071104,69.33333333333334,96.0,100.0,100.0,300.0,2,CM
3071551700039100019,,1041.5471830275433,3224.6655902148577,8844.93726278955,3234.394293087339,8858.429039793227,1.365168110542727,108,0.3708794040877499,0.9837117916367516,38,3.6635616461296463,78.0,4.3694477,55.12820512820513,100.0,100.0,100.0,78.0,2,CM
3071551700039100021,,921.0925324972932,3217.092504205858,8852.257244334913,3225.040551155012,8868.608983192851,2.0902889934040387,503,0.4545418707366541,0.9339572408243604,65,4.189654742026425,386.0,5.9584246,67.35751295336787,96.11398963730569,100.0,100.0,386.0,2,CM
3071551700039100029,,333.80322228216056,3228.577143582411,8862.680502778647,3234.602660672954,8869.984525680253,1.1113538587852836,32,0.6469501481954582,0.9984361854631746,17,2.8903717578961645,19.0,2.9957323,63.1578947368421,100.0,100.0,100.0,19.0,2,CM
3071551700039100037,,827.4044773312935,3231.81379040508,8869.152718970405,3243.976590009894,8877.773592997055,1.4210576518971323,37,0.4374323116495188,0.9482930035955056,21,3.0910424533583156,25.0,3.2580965,56.00000000000001,100.0,100.0,100.0,25.0,4,LPM-3
3071551700039100045,,727.0711782121343,3208.034548349434,8877.166853462912,3217.150532908449,8887.77899578391,1.0914688424417085,401,0.4704540962497953,0.9517899569543934,56,4.04305126783455,210.0,5.351858,60.476190476190474,97.14285714285714,100.0,100.0,210.0,1,LPM-1
3071551700039100046,,629.6825634538712,3233.702400234145,8877.235448553147,3242.853339070833,8885.946394304652,1.022556592451138,59,0.4877150241552633,0.9927821290557048,28,3.3672958299864737,42.0,3.7612002,57.14285714285714,100.0,100.0,100.0,42.0,1,LPM-1
3071551700039100049,,1040.912636192004,3218.8502525165604,8880.523640789741,3228.560763501994,8895.695004536294,1.6073347183326872,670,0.4048010659124558,0.9343216965093064,86,4.465908118654584,418.0,6.037871,43.54066985645933,89.95215311004785,100.0,100.0,418.0,4,LPM-3
3071551700039100051,,402.7508391568485,3227.426268118032,8879.934202446813,3233.347699180012,8889.951648971299,2.1072318201579225,209,0.6697419609355791,0.9584671075294868,44,3.8066624897703196,125.0,4.836282,60.8,100.0,100.0,100.0,125.0,2,CM
3071551700039200011,,1418.0895318580722,3209.7605107874697,8804.98076381773,3221.1989726533093,8819.882377501797,1.243177890895616,745,0.3443121874551145,0.932934576789604,84,4.442651256490317,462.0,6.1377273,46.103896103896105,89.6103896103896,100.0,100.0,462.0,0,LPM-2
3071551700039200012,,647.9635497781147,3209.037500200053,8819.253410913874,3219.610322055086,8830.460304049275,1.08008047276374,390,0.6810283886157701,0.7020404782387685,62,4.143134726391533,191.0,5.2574954,53.92670157068062,93.717277486911,100.0,100.0,191.0,3,CM
3071551700039200013,,1325.1017369741512,3208.3571529050346,8829.472593362732,3220.7925478319785,8845.832233211631,1.0348676242895427,559,0.3604697999996175,0.9334210424675974,78,4.3694478524670215,328.0,5.7960577,42.3780487804878,91.46341463414635,100.0,100.0,328.0,4,LPM-3
3071551700039200018,,795.7751418009805,3208.678933301464,8847.801096642374,3219.489087076173,8859.855806982416,1.218283442242594,285,0.4733990784077585,0.9031032950605568,66,4.204692619390966,144.0,4.9767337,40.97222222222222,88.88888888888889,100.0,100.0,144.0,3,CM
3071551700039200020,,549.9632657731446,3203.649905969601,8853.49091157739,3211.979184727916,8863.80923893636,1.0592226039979744,239,0.547298159027762,0.9461220322473164,49,3.912023005428146,158.0,5.0689044,54.43037974683544,100.0,100.0,100.0,158.0,3,CM
3071551700039200022,,983.2074199961936,3187.2606024197503,8856.034233841758,3197.899960362198,8870.751883278514,1.381262258542149,430,0.4995975884933634,0.7874093914754308,65,4.189654742026425,220.0,5.398163,52.72727272727272,93.18181818181817,100.0,100.0,220.0,1,LPM-1
3071551700039200023,,1020.1133487130154,3211.109239868156,8857.581865668762,3221.396459651034,8872.960054765597,1.510985816787105,541,0.4552364932187496,0.8580565967688246,77,4.356708826689592,364.0,5.8998976,46.97802197802198,92.58241758241759,100.0,100.0,364.0,1,LPM-1
3071551700039200030,,526.3327834066922,3219.922965248013,8868.662543856215,3226.921148577105,8878.160845635924,1.3875006149644435,189,0.5399784874431265,0.9686552864033668,38,3.6635616461296463,124.0,4.828314,65.32258064516128,100.0,100.0,100.0,124.0,2,CM
3071551700039200032,,604.152610715589,3207.5701615851613,8869.797900891408,3215.876979340009,8879.557141485917,1.245952810570392,246,0.5108335304097497,0.9597313927466692,53,3.988984046564274,150.0,5.0172796,60.66666666666667,98.0,100.0,100.0,150.0,1,LPM-1
3071551700039200047,,1346.8612790921875,3222.08149478265,8889.20675914598,3237.608308327053,8903.536127514588,1.1367378823291263,931,0.374559534634249,0.8770113660582416,99,4.605170185988091,592.0,6.3851943,45.27027027027027,88.17567567567568,100.0,100.0,592.0,4,LPM-3
3071551700039200051,,848.979946231842,3213.4777265468383,8894.025728953853,3223.427863138528,8906.391832195779,1.266041892172126,413,0.4385201459492368,0.932285667701069,67,4.219507705176107,237.0,5.4722705,47.257383966244724,92.82700421940928,100.0,100.0,237.0,1,LPM-1
3071551700051100021,,172.33820931347054,3226.193773785661,8908.650924381034,3231.051934270712,8914.460442552045,2.2143919293857035,151,0.9871425178544648,1.0,34,3.5553480614894135,68.0,4.2341065,60.29411764705882,100.0,100.0,100.0,68.0,1,LPM-1
3071551700051100031,,646.9591531119722,3235.820256201193,8921.669810163163,3243.9993502544044,8933.143020397436,1.5569469800510705,484,0.5108514466244264,0.9572988909618644,58,4.07753744390572,197.0,5.288267,57.360406091370564,95.93908629441624,100.0,100.0,197.0,1,LPM-1
3071551700051100054,,685.2601423642544,3248.766726996436,8940.575568409537,3256.0955033028067,8952.99270448556,1.793363990866058,266,0.4811969315607748,0.9871145690678051,49,3.912023005428146,131.0,4.882802,54.961832061068705,100.0,100.0,100.0,131.0,1,LPM-1
3071551700051100108,,894.9797692437148,3241.3035520012245,8990.95369198261,3249.9563659961486,9005.182522255862,1.7224606425615523,38,0.4531071632200359,0.9439485955008748,19,2.995732273553991,26.0,3.295837,65.38461538461539,100.0,100.0,100.0,26.0,1,LPM-1
3071551700051100134,,557.5436880990043,3246.100453427731,9017.09070501951,3253.503802661584,9027.87462705766,1.8287892584822685,106,0.5308649066629137,1.0000000000000002,28,3.3672958299864737,53.0,3.988984,60.37735849056604,100.0,100.0,100.0,53.0,1,LPM-1
3071551700051100163,,643.3849955238821,3225.775072942086,9046.441089789669,3235.109040506276,9055.07630244096,1.0850709694658698,360,0.4787934583329037,0.9733466659243684,58,4.07753744390572,188.0,5.241747,52.659574468085104,95.74468085106383,100.0,100.0,188.0,1,LPM-1
3071551700051100173,,1097.4418395991556,3215.38717592524,9062.99074105663,3226.6567516338127,9075.856837134512,1.1566817829906664,536,0.3825544176418174,0.9564441811960572,70,4.2626798770413155,357.0,5.880533,50.98039215686274,94.39775910364145,100.0,100.0,357.0,4,LPM-3
3071551700051100174,,219.5270879912881,3204.7998025080187,9069.563474264762,3211.40322514638,9074.894971573109,1.784710555492842,111,0.872334514917611,0.9739470285186812,29,3.4011973816621555,58.0,4.0775375,63.793103448275865,100.0,100.0,100.0,58.0,1,LPM-1
3071551700051100180,,485.7785068321359,3214.078347565262,9079.64752394078,3222.675656078105,9086.78482311411,1.1733060563466249,330,0.5522194012784736,0.9843933822652404,61,4.127134385045092,162.0,5.09375,42.592592592592595,93.20987654320987,100.0,100.0,162.0,4,LPM-3
3071551700051100183,,194.66662450563385,3229.445190847954,9088.41694750567,3234.62120903133,9093.251700909444,1.1810354764790283,122,0.8569561571145491,1.0,35,3.58351893845611,70.0,4.26268,52.85714285714286,100.0,100.0,100.0,70.0,0,LPM-2
3071551700051100185,,267.1738318132777,3230.182488716192,9093.439988513028,3234.375288541215,9100.845716764725,1.770618558236364,157,0.7739890307188171,0.9822872110700008,41,3.737669618283368,77.0,4.356709,48.05194805194805,100.0,100.0,100.0,77.0,4,LPM-3
3071551700051100187,,935.8356158459136,3226.937438946271,9100.677024391049,3238.304261101161,9112.193342948323,1.2877276553435892,524,0.3992503500694345,0.9804318507132423,71,4.276666119016055,274.0,5.616771,43.43065693430657,92.33576642335767,100.0,100.0,274.0,0,LPM-2
3071551700051100195,,734.0595469596469,3235.23750202587,9115.497254755506,3246.121607975569,9127.943681620704,1.822811611725485,567,0.5205568617284707,0.9010796684760216,71,4.276666119016055,247.0,5.5134287,46.963562753036435,91.49797570850203,100.0,100.0,247.0,0,LPM-2
3071551700051200012,,477.5071540325929,3221.5325501453817,8900.07756801198,3228.877447856039,8908.928830605102,1.1902685097840169,307,0.5633017762152034,0.9828122050850602,51,3.951243718581427,154.0,5.043425,57.14285714285714,99.35064935064936,100.0,100.0,154.0,1,LPM-1
3071551700051200014,,667.3092399070166,3234.7182780389658,8901.21817318879,3242.18085790262,8914.316743132342,2.025713297948957,259,0.5222031325130779,0.9703571449148974,58,4.07753744390572,127.0,4.8520303,43.30708661417323,93.7007874015748,100.0,100.0,127.0,4,LPM-3
3071551700051200016,,852.7709659972734,3227.258079930775,8903.928473699043,3238.6163644177595,8917.702367631147,1.9145323891599944,471,0.5012248707978743,0.8724837385843871,54,4.007333185232471,296.0,5.6937323,59.45945945945946,98.64864864864865,100.0,100.0,296.0,1,LPM-1
3071551700051200018,,849.3856303906206,3215.5973068632647,8905.811270314782,3226.9993385449284,8916.991649177142,1.2952571315517765,379,0.4359104936245349,0.9421956139620696,70,4.2626798770413155,217.0,5.3844953,45.16129032258064,90.78341013824884,100.0,100.0,217.0,1,LPM-1
3071551700051200021,,901.263972154731,3236.7701827326014,8912.400504738143,3247.2613089359693,8926.57751220711,2.07540953894058,377,0.4782379952546555,0.9244806984653512,50,3.9318256327243257,208.0,5.3423343,63.46153846153846,100.0,100.0,100.0,208.0,1,LPM-1
3071551700051200032,,1097.635533638526,3240.2518109132134,8927.7910681773,3252.2970840267926,8942.434895693841,1.4707726412228996,500,0.423749372992816,0.8497243151484811,70,4.2626798770413155,253.0,5.5373344,45.45454545454545,92.09486166007905,100.0,100.0,253.0,1,LPM-1
3071551700051200147,,424.6385962832811,3227.92169352767,9031.9262584401,3234.377060241598,9040.428135568383,1.4127686835390665,96,0.5937138587184442,0.9836614814324576,23,3.1780538303479453,53.0,3.988984,75.47169811320755,100.0,100.0,100.0,53.0,1,LPM-1
3071551700051200157,,1050.505292871121,3227.014696063791,9047.282533437588,3242.509835087567,9065.149577842278,1.92879804521264,762,0.5679501908020316,0.6987428212553473,75,4.330733340286331,542.0,6.297109,53.50553505535055,94.8339483394834,100.0,100.0,542.0,4,LPM-3
3071551700051200158,,1131.5781489102478,3235.803976200691,9048.83797289302,3246.710958564196,9063.730767270812,1.3949190130606823,445,0.4310544889531779,0.8380247774125898,71,4.276666119016055,278.0,5.6312118,47.482014388489205,92.44604316546763,100.0,100.0,278.0,4,LPM-3
3071551700051200160,,620.1230185586808,3221.434895022271,9051.898758969322,3228.0969427604723,9063.608528498053,1.835730538304179,296,0.5166527664329891,0.9601144369705596,67,4.219507705176107,195.0,5.278115,44.1025641025641,91.28205128205128,100.0,100.0,195.0,4,LPM-3
3071551700051200167,,555.4049290346496,3232.0253287032965,9068.282878246311,3238.831893361932,9080.46362393459,2.007337965613927,181,0.5808860141321001,0.9638769427065804,44,3.8066624897703196,104.0,4.65396,50.0,100.0,100.0,100.0,104.0,4,LPM-3
3071551700051200170,,430.3831314583468,3214.73315799524,9074.56005241465,3224.011360968448,9081.987651515476,1.231207462568298,292,0.7291322351871362,0.7951940473946935,59,4.0943445622221,176.0,5.17615,51.13636363636363,94.88636363636364,100.0,100.0,176.0,4,LPM-3
3071551700051200171,,1330.4639965361548,3219.585473281584,9077.621584840515,3234.3133072790897,9093.358095535565,1.388931984344197,842,0.4212013234709307,0.7938848903415051,85,4.454347296253507,517.0,6.249975,42.94003868471953,90.71566731141199,100.0,100.0,517.0,4,LPM-3
3071551700051200172,,1064.4872928950483,3220.913924649017,9090.837911457063,3232.8727471807606,9106.578805848085,1.169216874025781,609,0.4552100891624069,0.8029758370481384,77,4.356708826689592,329.0,5.799093,43.46504559270517,90.27355623100304,100.0,100.0,329.0,4,LPM-3
3071551700051300113,,451.7923391304205,3237.0082010238243,9027.7935068777,3244.4188220416427,9035.825019208434,1.3405648986333965,68,0.5685303723400779,0.9881047254860816,23,3.1780538303479453,38.0,3.6635616,65.78947368421053,100.0,100.0,100.0,38.0,1,LPM-1
3071551700061100049,,697.4640013658326,2621.508972139459,9410.083741698734,2630.846187046128,9420.12062541055,1.2516413315140398,157,0.4627386425853386,0.9710121757869242,33,3.526360524616161,76.0,4.3438053,56.57894736842105,100.0,100.0,100.0,76.0,5,EC
3071551700061100053,,653.8650851268559,2625.896405769337,9418.393249909675,2635.433190817776,9428.264749433429,1.0881640515693154,314,0.4802828284440985,0.973020582612961,46,3.8501476017100584,119.0,4.787492,51.26050420168067,100.0,100.0,100.0,119.0,5,EC
3071551700061100054,,465.0288731362591,2632.7966953634896,9421.436536534453,2640.0978968201,9430.416561215712,1.3511082522421898,100,0.585825437262932,0.9645542906615728,33,3.526360524616161,49.0,3.912023,51.02040816326531,100.0,100.0,100.0,49.0,5,EC
3071551700061100062,,889.7789926679053,2645.2788014294274,9435.343758862238,2662.134944891613,9445.251556477073,2.665617877355178,387,0.5030776563614641,0.8827660035992324,49,3.912023005428146,157.0,5.062595,54.77707006369427,100.0,100.0,100.0,157.0,5,EC
3071551700061100076,,819.054162235353,2665.099033890006,9451.330283870311,2678.2041301460267,9464.52756303857,2.5183822401146863,367,0.5249517540956806,0.8598942558534554,51,3.951243718581427,124.0,4.828314,52.41935483870967,99.19354838709677,100.0,100.0,124.0,5,EC
3071551700061200083,,1403.2376432009908,2585.452434979064,9413.140177737328,2603.479974904147,9426.051785795094,2.2987990124342126,267,0.3587432250885066,0.9721108382189888,43,3.784189633918261,109.0,4.7004805,50.45871559633027,100.0,100.0,100.0,109.0,5,EC
3071551700061200094,,991.521372764037,2635.107762464113,9426.707379363384,2648.449369417845,9438.087707309189,1.1335568154854248,391,0.4046445703358619,0.9448218705018112,51,3.951243718581427,165.0,5.1119876,51.515151515151516,99.39393939393939,100.0,100.0,165.0,5,EC
3071551700073100015,,503.8055778733928,2673.7088692121424,9463.139054792156,2681.81118102543,9471.90114991394,1.111845398011559,208,0.5444900035477162,0.9741201651850852,34,3.5553480614894135,77.0,4.356709,61.038961038961034,100.0,100.0,100.0,77.0,5,EC
3071551700073100022,,311.4738781429513,2673.9003267731523,9470.339181648946,2679.671909205252,9477.763272368637,1.6292938679318976,95,0.7048867298534036,1.0,23,3.1780538303479453,33.0,3.5263605,60.60606060606061,100.0,100.0,100.0,33.0,5,EC
3071551700073100030,,857.9190648708924,2734.311096064894,9476.836695442536,2745.6079931883028,9488.581003819272,1.7403622856907603,184,0.4293027784511864,0.9858236041776648,36,3.6109179126442243,106.0,4.6728287,66.0377358490566,100.0,100.0,100.0,106.0,5,EC
3071551700073100037,,608.7275204766602,2690.024470100339,9481.589121554372,2698.722616839132,9492.61154612552,1.0988444187701174,200,0.5311113164960689,0.9027767089997808,47,3.8712010109078907,85.0,4.454347,45.88235294117647,100.0,100.0,100.0,85.0,5,EC
3071551700073100053,,513.9235889805033,2672.169044512358,9497.35524161131,2681.795910045232,9504.246830774326,1.3933849774942892,205,0.5493826680362335,0.9905445268228108,40,3.7135720667043075,118.0,4.7791233,61.016949152542374,100.0,100.0,100.0,118.0,5,EC
3071551700073100055,,539.7966577774183,2632.5344587818618,9499.820126517732,2645.8204716785167,9505.051744268025,2.6170954621149263,254,0.61199994773657,0.9502812253251725,34,3.5553480614894135,143.0,4.9698133,71.32867132867133,100.0,100.0,100.0,143.0,5,EC
3071551700073100079,,212.0347039450364,2714.262962292169,9513.383067673303,2719.8232567099626,9519.94457804135,2.143815633393,224,0.8941799129824534,1.0,58,4.07753744390572,107.0,4.6821313,41.1214953271028,92.5233644859813,100.0,100.0,107.0,5,EC
3071551700073100088,,520.9200520439291,2725.480658725808,9521.709780163235,2733.8383453123133,9532.196100510111,1.9946324208515784,266,0.5814605410330929,0.9730878010992856,51,3.951243718581427,130.0,4.8751974,53.07692307692308,99.23076923076923,100.0,100.0,130.0,5,EC
3071551700073100102,,300.4343262825215,2732.0747515321423,9529.977102857076,2737.840660947446,9537.321539508004,1.2910337611905611,160,0.7115139145900049,1.0,33,3.526360524616161,75.0,4.3307333,57.333333333333336,100.0,100.0,100.0,75.0,5,EC
3071551700073100106,,425.4232841359859,2736.416375341898,9532.09733346379,2744.650271280725,9539.994339134302,1.178814794932014,242,0.6140777176187439,0.9833854257672336,44,3.8066624897703196,101.0,4.624973,51.48514851485149,100.0,100.0,100.0,101.0,5,EC
3071551700073100174,,626.5716214125365,2713.540626830148,9570.878371857909,2722.930049452659,9582.105968854004,2.066728919067814,255,0.5478678261618485,0.9497746730448992,41,3.737669618283368,142.0,4.962845,65.49295774647888,100.0,100.0,100.0,142.0,5,EC
3071551700073100191,,470.8963556692032,2716.996821737363,9578.76561569432,2727.066010000018,9586.856631456583,2.161228459386403,288,0.6096002291709103,0.9868812509070332,55,4.025351690735149,176.0,5.17615,61.36363636363637,97.1590909090909,100.0,100.0,176.0,5,EC
3071551700073200026,,574.5432453581312,2679.0044477554843,9469.36648295081,2688.148565171902,9478.039548798488,1.2544236578539003,256,0.5173114623132308,0.954038000137976,45,3.828641396489095,96.0,4.574711,51.041666666666664,100.0,100.0,100.0,96.0,5,EC
3071551700073200042,,952.3824752720484,2696.9040300755782,9485.328034332071,2707.610374509235,9498.948542559034,1.8812868479553395,313,0.418504439499291,0.9718230732236632,55,4.025351690735149,161.0,5.0875964,47.82608695652174,96.8944099378882,100.0,100.0,161.0,5,EC
3071551700073200053,,2202.961006893753,2649.957002366863,9492.82627315646,2671.262186594577,9508.97388378312,1.3880082062083234,949,0.2792101190664842,0.9388342262826916,70,4.2626798770413155,567.0,6.3421216,66.31393298059965,96.47266313932981,100.0,100.0,567.0,5,EC
3071551700073200058,,468.4447245912672,2642.335117442576,9500.875492999598,2650.303573467467,9509.625660914884,1.1594546757620396,184,0.6594704573245957,0.8478919019468949,29,3.4011973816621555,107.0,4.6821313,74.76635514018692,100.0,100.0,100.0,107.0,5,EC
3071551700073200126,,1480.758535666812,2739.5528815811576,9541.61426706239,2752.769247984756,9565.28165376369,3.378185704410324,754,0.4192102580312546,0.8840540372515251,77,4.356708826689592,388.0,5.963579,37.11340206185567,91.23711340206185,100.0,100.0,388.0,5,EC
3071551700073200164,,1724.994635132913,2721.317921947677,9561.991412198591,2735.5644610885483,9581.18253546175,1.2597451605383851,881,0.3272350856095756,0.8870279105955569,73,4.304065093204169,539.0,6.291569,58.62708719851577,95.73283858998145,100.0,100.0,539.0,5,EC
3071551700073200166,,1065.4063098012896,2747.73958549138,9565.1013728454,2757.872754205412,9581.613321737845,2.2949120883866296,476,0.424942154931434,0.929953292832937,67,4.219507705176107,228.0,5.433722,42.54385964912281,92.54385964912281,100.0,100.0,228.0,5,EC
3071551700073200200,,1065.9045564692867,2753.060649953942,9580.152686242189,2764.085373797343,9596.157282302967,1.9724020803054765,577,0.4067148317839325,0.9544327205128128,74,4.31748811353631,288.0,5.6664267,44.09722222222222,91.66666666666666,100.0,100.0,288.0,5,EC
3071551700074100041,,1474.8304595786165,2765.264083131881,9591.433610133608,2782.083555227758,9606.766816046182,1.9902196209713856,372,0.3759864168059473,0.8827643975425389,48,3.8918202981106265,161.0,5.0875964,54.037267080745345,100.0,100.0,100.0,161.0,5,EC
3071551700074100058,,686.5815901869098,2800.2071998612664,9615.598115132463,2808.250721262704,9627.327431493608,1.476005906884144,234,0.4969491690989037,0.951766672405509,34,3.5553480614894135,71.0,4.276666,60.56338028169014,100.0,100.0,100.0,71.0,5,EC
3071551700074100064,,1688.9420793912184,2806.926215527171,9623.434950971823,2826.2727521799297,9641.826185816351,2.252286998899224,613,0.3647814325149799,0.886985144861628,68,4.23410650459726,272.0,5.609472,50.73529411764706,93.38235294117648,100.0,100.0,272.0,5,EC
3071551700074200038,,1515.4778892686152,2777.157450018444,9600.58857473303,2798.335133619887,9615.667018466567,2.576222499297926,362,0.4047804877832018,0.8134141219785611,43,3.784189633918261,162.0,5.09375,62.96296296296296,100.0,100.0,100.0,162.0,5,EC
3066066200021100047,,1444.296070816347,875.6348568829055,3663.247566353475,891.859151214902,3675.666339519752,1.4731757744937233,408,0.3432759474244813,0.9410889309289372,72,4.290459441148391,240.0,5.484797,47.5,90.83333333333333,100.0,100.0,240.0,4,LPM-3
3066066200021100057,,972.1559359386468,878.0936774434724,3674.263153411832,891.3509826001255,3683.476471407935,1.565685425573381,349,0.4165093251546614,0.9295324037005034,65,4.189654742026425,208.0,5.3423343,49.03846153846153,92.78846153846155,100.0,100.0,208.0,4,LPM-3
3066066200021100088,,1811.58203002237,867.8292590507015,3707.334447213596,883.751092384477,3721.814375431301,1.1047052436072469,543,0.2884858345448311,0.9605876719578637,76,4.343805421853684,329.0,5.799093,47.72036474164133,92.09726443768997,100.0,100.0,329.0,4,LPM-3
3066066200021100120,,1284.8575908454486,864.6605961681437,3726.3908574165575,876.3145349017932,3747.421652457196,2.3958433110203763,410,0.444890910682485,0.8232867040518508,71,4.276666119016055,275.0,5.620401,51.272727272727266,92.36363636363636,100.0,100.0,275.0,0,LPM-2
3066066200021100134,,602.160278074133,869.2814331206743,3735.5950478701047,880.2759842875109,3744.2102805192217,1.7752116105184772,142,0.5308772921452657,0.9713596899608066,42,3.7612001156935624,77.0,4.356709,49.35064935064935,100.0,100.0,100.0,77.0,0,LPM-2
3066066200021100147,,2321.987604280603,848.1989561558044,3741.456818445067,866.7022815508847,3757.399852939707,1.041803018860716,606,0.2454688275194416,0.9859253990393846,69,4.2484952420493585,382.0,5.9480352,56.02094240837696,95.02617801047121,100.0,100.0,382.0,0,LPM-2
3066066200021100164,,1020.649116203358,816.3891534695006,3752.4522223358576,831.7001865877478,3763.554883462626,2.0813043237862274,199,0.4312165479898575,0.95289946659389,44,3.8066624897703196,107.0,4.6821313,63.55140186915887,100.0,100.0,100.0,107.0,0,LPM-2
3066066200021100176,,956.2730081574624,842.6905583085212,3756.232080640196,854.6780678929673,3765.4061339002287,1.31986892240217,180,0.3956997455882521,0.9896477395122012,42,3.7612001156935624,89.0,4.4998097,46.06741573033708,100.0,100.0,100.0,89.0,0,LPM-2
3066066200021100179,,534.5725893893134,801.5226396141555,3757.211666654605,811.2638089154506,3763.8920863976455,1.4596951631426347,135,0.5255861583184361,1.0000000000000002,26,3.295836866004329,53.0,3.988984,66.0377358490566,100.0,100.0,100.0,53.0,0,LPM-2
3066066200021200032,,1267.1721614238993,887.5424271749166,3652.1316483617193,900.9576959532376,3664.3016913609617,1.1576232180348591,418,0.3487210136496706,0.9582682377015488,63,4.1588830833596715,234.0,5.4595857,48.717948717948715,94.44444444444444,100.0,100.0,234.0,4,LPM-3
3066066200021200057,,645.1195359989872,878.1542444819491,3682.172692383386,887.1785174016755,3690.780931377437,1.071363896298723,263,0.4703022428393075,0.9923900940390562,60,4.110873864173311,151.0,5.0238805,45.6953642384106,93.37748344370861,100.0,100.0,151.0,4,LPM-3
3066066200021200096,,653.7352504830245,872.8717518675892,3720.339326997877,884.0211632794516,3728.5654594366697,1.4364845059872386,259,0.5068596183043685,0.949817772456146,60,4.110873864173311,155.0,5.049856,48.38709677419355,93.54838709677419,100.0,100.0,155.0,3,CM
3066066200021200155,,1195.068079048949,828.7650773258389,3755.501943487367,842.8052293640725,3766.700588404352,1.2792963892043807,302,0.3753301013076671,0.9310832493194392,64,4.174387269895637,160.0,5.081404,46.875,91.25,100.0,100.0,160.0,0,LPM-2
3066066200021200161,,2237.2114899672715,809.4397414481757,3755.430337702736,830.8297335738719,3772.4238509226384,1.2633954475877938,268,0.2806354618332518,0.9273586631727057,50,3.9318256327243257,102.0,4.634729,47.05882352941176,100.0,100.0,100.0,102.0,0,LPM-2
3066066200022100010,,1083.724353622618,1096.3442481826755,3575.009636572061,1106.8373234280114,3589.2230986215154,1.569976341620741,301,0.3754814184941182,0.9836809064672272,47,3.8712010109078907,115.0,4.75359,52.17391304347826,100.0,100.0,100.0,115.0,0,LPM-2
3066066200022100012,,877.7590342615712,1089.1389723099642,3585.041878046059,1102.231535824089,3596.9697112864897,1.2488655100060695,249,0.442516242710759,0.9421456771408668,48,3.8918202981106265,125.0,4.836282,48.0,100.0,100.0,100.0,125.0,0,LPM-2
3066066200022100019,,1015.3267756941584,1083.5560368137455,3595.042173692024,1096.3538148090124,3607.1305042811855,1.3687048270278996,291,0.4093979120100992,0.92124416399375,43,3.784189633918261,123.0,4.8202815,52.84552845528455,100.0,100.0,100.0,123.0,0,LPM-2
3066066200022100029,,631.0540352308551,997.7894750312246,3605.8496792973046,1006.9475345040964,3615.625762565877,1.3842189991438587,120,0.4815715979962037,0.9999999999999992,35,3.58351893845611,62.0,4.1431346,56.451612903225815,100.0,100.0,100.0,62.0,4,LPM-3
3066066200022100033,,1594.154917399223,1003.6038652700172,3606.247732454598,1017.7418756884892,3621.02114929644,1.1307982483109216,434,0.3097082265602434,0.9610369465910632,68,4.23410650459726,263.0,5.575949,54.372623574144484,93.15589353612167,100.0,100.0,263.0,4,LPM-3
3066066200022100034,,721.4457111328808,1016.8921648567376,3607.762179882172,1026.8636695300368,3618.6121022965726,1.137877182222676,131,0.4644321123114152,0.9507629811642336,38,3.6635616461296463,75.0,4.3307333,60.0,100.0,100.0,100.0,75.0,4,LPM-3
3066066200022100035,,1831.6033354402769,1023.7464108308144,3610.0113438334265,1037.195203005882,3626.523340203687,1.2284254939021286,430,0.28386555577914,0.9784488243778248,63,4.1588830833596715,237.0,5.4722705,54.008438818565395,94.51476793248945,100.0,100.0,237.0,4,LPM-3
3066066200022100043,,1225.309122443061,1078.361742569046,3616.815088781217,1091.0588157555244,3631.088575376023,1.210433784950629,245,0.3699523493030635,0.9172600497344948,50,3.9318256327243257,101.0,4.624973,47.524752475247524,100.0,100.0,100.0,101.0,0,LPM-2
3066066200022100052,,1055.983557395341,1034.7358530632573,3623.1881223448136,1046.4637584817692,3635.1628132951614,1.366741094793195,330,0.3812101089125131,0.985803916846965,59,4.0943445622221,200.0,5.303305,52.5,95.5,100.0,100.0,200.0,4,LPM-3
3066066200022100066,,963.0485626801436,1049.3964310293843,3633.4471801810496,1061.47313017774,3644.005077017363,1.3672858665299392,301,0.4057319957704894,0.9649176201903408,56,4.04305126783455,170.0,5.1416636,51.17647058823529,96.47058823529412,100.0,100.0,170.0,4,LPM-3
3066066200022100070,,473.9184971424027,1065.2635237290592,3639.197163178405,1073.1567952884195,3648.039706777896,1.0814103939567448,208,0.5923368043864087,0.9476585110427704,51,3.951243718581427,109.0,4.7004805,50.45871559633027,99.08256880733946,100.0,100.0,109.0,4,LPM-3
3066066200022200017,,497.22785221409873,1095.156840846765,3589.828680262965,1103.396066758144,3600.3718940290537,2.097269085269528,83,0.6091023444777529,0.9449692343852752,22,3.1354942159291497,32.0,3.4965076,62.5,100.0,100.0,100.0,32.0,0,LPM-2
3066066200022200028,,1415.9191409853272,1072.50952999934,3605.2609775419214,1087.8367466979744,3617.729956851953,1.1641042063065354,461,0.3397739664132117,0.9424287564761044,77,4.356708826689592,260.0,5.5645204,40.76923076923077,89.61538461538461,100.0,100.0,260.0,0,LPM-2
3066066200022200038,,714.1760760537431,1039.046321633659,3614.0805787444233,1049.4654023259084,3623.505056182147,1.4766893776358612,171,0.4564902490424574,0.9809822947831808,39,3.6888794541139363,95.0,4.564348,63.1578947368421,100.0,100.0,100.0,95.0,0,LPM-2
3066066200022200040,,1113.2788388913607,1056.1825075619654,3614.541392203288,1068.3331667403777,3627.144965804499,1.049300267811054,243,0.35638816142706,0.9907827075460643,50,3.9318256327243257,135.0,4.912655,56.2962962962963,100.0,100.0,100.0,135.0,0,LPM-2
3066066200022200041,,1088.6878027279702,1069.2942158701803,3615.9015251077935,1079.832999127828,3629.462546799477,1.2534030425870573,328,0.3653846292830313,0.9917808860758442,59,4.0943445622221,192.0,5.26269,47.91666666666667,95.3125,100.0,100.0,192.0,0,LPM-2
3066066200022200044,,830.3916179332839,1014.8592665935772,3618.20543985614,1024.1367684074123,3629.26478005646,1.1971320793283335,248,0.414845400701954,0.9944478794654426,50,3.9318256327243257,142.0,4.962845,55.633802816901415,100.0,100.0,100.0,142.0,4,LPM-3
3066066200022200045,,1483.0126483748045,1046.3805636284526,3620.240115621588,1061.5367343801263,3633.639652458193,1.201397781328534,301,0.3161946598011357,0.9764087972149292,55,4.025351690735149,158.0,5.0689044,49.36708860759494,96.83544303797468,100.0,100.0,158.0,4,LPM-3
3066066200022200051,,2208.0142766931813,1071.1658982859892,3626.4689809572383,1085.4679145737489,3649.2080926516473,1.5923607592003697,403,0.2966005666047489,0.9004722030667013,57,4.060443010546419,160.0,5.081404,43.125,95.625,100.0,100.0,160.0,0,LPM-2
3066066200022200060,,1111.165527495794,1058.7421434926164,3630.981309465833,1070.673616975215,3644.157327723961,1.099887428239304,287,0.3659153752629018,0.9755650199939488,55,4.025351690735149,164.0,5.1059456,50.0,96.95121951219512,100.0,100.0,164.0,4,LPM-3
3066066200022200061,,1383.8817751208178,1036.7464560600265,3630.208485861432,1049.963731643708,3646.488583506409,1.0168541348650797,322,0.3504407709629277,0.9121533179495274,47,3.8712010109078907,187.0,5.236442,54.54545454545454,100.0,100.0,100.0,187.0,4,LPM-3
3066066200022200065,,812.45937877653,1025.8820570092073,3641.9473018833705,1037.544249423963,3651.313611048153,1.139459320928783,174,0.4349307915321275,0.9657807630717024,49,3.912023005428146,100.0,4.6151204,43.0,100.0,100.0,100.0,100.0,4,LPM-3
3066066200032100010,,973.3483633023038,1217.2302966289485,3879.365673408321,1226.6106067669746,3896.1782516552735,1.7986739457593262,153,0.4879624246969104,0.8646674993086982,33,3.526360524616161,79.0,4.3820267,64.55696202531645,100.0,100.0,100.0,79.0,0,LPM-2
3066066200032100018,,716.0529670817934,1176.5002076912608,3899.117221000251,1186.3779591211546,3907.310794411737,1.2055486579331811,35,0.4471658046831495,1.0,10,2.3978952727983707,12.0,2.5649493,100.0,100.0,100.0,100.0,12.0,4,LPM-3
3066066200032100042,,758.3535117708138,1175.1305038353876,3934.566090673391,1182.7702567572169,3948.673243856353,1.9949298325091296,151,0.4965814780895741,0.9690090266246156,42,3.7612001156935624,109.0,4.7004805,56.88073394495413,100.0,100.0,100.0,109.0,4,LPM-3
3066066200032100053,,616.9705787798778,1159.992622955328,3943.893606879951,1170.652583203081,3954.4930373341376,1.6317670005329965,84,0.6568378398204898,0.8275230105199896,28,3.3672958299864737,57.0,4.060443,61.40350877192983,100.0,100.0,100.0,57.0,4,LPM-3
3066066200032100062,,774.2776570480675,1155.4568378369022,3955.095329912845,1164.678646187239,3966.574966357623,1.0189794044395788,78,0.430751145655624,0.9902318619080344,29,3.4011973816621555,50.0,3.9318256,54.0,100.0,100.0,100.0,50.0,4,LPM-3
3066066200032100070,,1064.31934009101,1163.2231584209997,3959.1640960578175,1174.4944253398994,3972.550561504144,1.467506941367886,204,0.3875552799745036,0.952625884079662,45,3.828641396489095,125.0,4.836282,56.00000000000001,100.0,100.0,100.0,125.0,4,LPM-3
3066066200032100223,,1121.4608126352605,1090.6746987760962,4093.1866866562114,1104.9003727558822,4106.353243977463,1.9025315755144951,300,0.3972990479613608,0.9556843534612592,57,4.060443010546419,173.0,5.159055,51.445086705202314,95.95375722543352,100.0,100.0,173.0,4,LPM-3
3066066200032200064,,1245.2433016805671,1207.9557869860669,3879.461957817693,1217.3255749197988,3896.6065022116222,1.8293928820156,401,0.3887346967228913,0.9436782000409516,61,4.127134385045092,177.0,5.1817837,50.282485875706215,93.78531073446328,100.0,100.0,177.0,0,LPM-2
3066066200032200069,,524.7161598481725,1200.941763603689,3883.311869122605,1207.8845459534627,3893.770783330715,1.720754896588737,120,0.5585906325501448,0.9784052192168966,32,3.4965075614664802,48.0,3.8918204,52.083333333333336,100.0,100.0,100.0,48.0,0,LPM-2
3066066200032200079,,1492.2645628795838,1183.445612178976,3891.367014828799,1202.0334269577938,3905.5668247461554,1.4118554864524056,383,0.3766873473413995,0.8280865347277766,59,4.0943445622221,203.0,5.31812,47.29064039408867,95.56650246305419,100.0,100.0,203.0,0,LPM-2
3066066200032200091,,2720.5135475320094,1170.1920836283205,3904.708120843908,1192.101687961073,3929.7739523346618,1.5300164001987415,451,0.3275966605064462,0.7367700212918283,72,4.290459441148391,200.0,5.303305,47.5,89.0,100.0,100.0,200.0,4,LPM-3
3066066200032200116,,1462.0161221177343,1166.567873515243,3925.4291359986337,1179.886056375881,3941.329434798438,1.073872079157318,299,0.3244429841731597,0.9742772065960073,57,4.060443010546419,195.0,5.278115,49.23076923076923,96.41025641025641,100.0,100.0,195.0,4,LPM-3
3066066200032200128,,1265.1082501026658,1178.636680266522,3931.1818525117073,1190.553423639739,3948.8008756397953,1.934911628864083,188,0.3863040578973961,0.9164545986475908,44,3.8066624897703196,132.0,4.890349,59.09090909090909,100.0,100.0,100.0,132.0,4,LPM-3
3066066200032200148,,1713.9876859498488,1170.6332632044216,3945.5560832482033,1185.5729362080745,3962.4967256550754,1.3245027033476102,189,0.3069796284124826,0.9557560247103096,41,3.737669618283368,124.0,4.828314,65.32258064516128,100.0,100.0,100.0,124.0,4,LPM-3
3066066200032200482,,1164.9239064763003,1098.689213380285,4093.9831701843696,1113.7377413476536,4105.872402971255,1.2436468155763007,243,0.3858306961401751,0.9388057772670636,50,3.9318256327243257,129.0,4.8675346,58.91472868217055,100.0,100.0,100.0,129.0,4,LPM-3
3066066200042100044,,511.8114047076716,1063.9999624844015,4113.649199459466,1071.4652066390406,4122.967122152794,1.1845239663736995,138,0.5754119439785567,0.9252709764875215,39,3.6888794541139363,60.0,4.1108737,50.0,100.0,100.0,100.0,60.0,4,LPM-3
3066066200042100054,,687.3036606440544,1075.852171146727,4118.743043507101,1091.2930174005585,4125.3546205962775,2.6983931430797594,53,0.5468023183839898,0.9528572104941354,19,2.995732273553991,31.0,3.465736,70.96774193548387,100.0,100.0,100.0,31.0,0,LPM-2
3066066200042100074,,549.9376141228936,1065.9028794824826,4132.99192391514,1074.382218648306,4141.705069289876,1.13952978783758,139,0.5257852225678609,0.9769414699808828,30,3.4339872044851463,56.0,4.0430512,60.71428571428571,100.0,100.0,100.0,56.0,4,LPM-3
3066066200042100077,,287.8676432097147,1081.1046673902683,4136.314596558447,1087.2972067010392,4143.893562061328,1.89082736554127,46,0.7560823476968617,0.9999999999999996,16,2.833213344056216,22.0,3.1354942,72.72727272727273,100.0,100.0,100.0,22.0,0,LPM-2
3066066200042100079,,714.0319603352453,1073.5971012121308,4137.551952582097,1083.4523808155525,4147.277798761439,1.2588209779826025,71,0.4588875627306744,0.97878609765682,20,3.044522437723423,30.0,3.4339871,66.66666666666666,100.0,100.0,100.0,30.0,0,LPM-2
3066066200042200029,,2074.599126138756,1071.5596043484445,4096.203336127533,1092.8041138627889,4114.509495769255,2.041591260593767,620,0.3430080061788328,0.8646372096428817,80,4.394449154672438,362.0,5.894403,44.751381215469614,90.60773480662984,100.0,100.0,362.0,4,LPM-3
3066066200042200062,,1990.532763191624,1065.2941189306805,4122.10252745341,1084.0847747556174,4138.83466084602,1.3137829894400923,422,0.3190528846203486,0.8658030815734609,59,4.0943445622221,167.0,5.123964,43.11377245508982,94.61077844311377,100.0,100.0,167.0,0,LPM-2
3066066200042200091,,1816.8458424081869,1063.2516950866282,4138.989501315647,1079.6701019726518,4157.761668227115,1.4563348037709938,467,0.3738626720433667,0.8040985745089368,54,4.007333185232471,184.0,5.220356,48.369565217391305,97.82608695652173,100.0,100.0,184.0,0,LPM-2
3066066200042200101,,2403.376004201069,1077.827564179798,4142.768801206788,1098.42830210463,4158.552437732069,1.419954525458648,587,0.2642964972852908,0.9487125061939758,66,4.204692619390966,312.0,5.7462034,58.01282051282052,94.87179487179486,100.0,100.0,312.0,0,LPM-2
3066066200042300005,,309.4213143413376,1070.457627207671,4110.401374577335,1077.4138329585862,4116.052388237237,1.1970236743302405,83,0.6722235568378653,1.0,22,3.1354942159291497,47.0,3.871201,72.3404255319149,100.0,100.0,100.0,47.0,0,LPM-2
3066066200074100036,,522.7493353958001,1568.2884818859857,5012.230599817947,1576.4943629696863,5020.512317530994,1.1191223205660894,162,0.5239108052716155,0.9948077719559584,37,3.6375861597263857,96.0,4.574711,59.375,100.0,100.0,100.0,96.0,0,LPM-2
3066066200074100047,,539.8786759356904,1585.0428993239022,5015.730646995348,1596.9028968871712,5023.220973897886,2.2695997553793505,154,0.5831576677871385,0.9580162642699138,35,3.58351893845611,100.0,4.6151204,68.0,100.0,100.0,100.0,100.0,0,LPM-2
3066066200074100050,,478.498820761892,1573.8090864024866,5017.591786329528,1582.5648161475413,5025.71888851815,1.1734207396768148,136,0.5800921264521994,0.9288221923976624,37,3.6375861597263857,64.0,4.1743875,46.875,100.0,100.0,100.0,64.0,0,LPM-2
3066066200074200028,,2303.99637159956,1550.7108298274215,4999.233823823504,1576.526889873652,5017.66924852456,2.28361048483985,480,0.3340440742326992,0.840225871477473,57,4.060443010546419,256.0,5.549076,60.546875,97.265625,100.0,100.0,256.0,0,LPM-2
3066066200074200041,,512.2796677403627,1576.4192602462292,5012.2306719251,1585.29429991519,5019.635500015624,1.5319437290827784,136,0.538454435197658,0.9954312797666406,30,3.4339872044851463,95.0,4.564348,75.78947368421053,100.0,100.0,100.0,95.0,2,CM
3066066200074200045,,2191.35925312692,1637.113278751419,5013.528571065082,1658.680630498351,5028.510357359593,1.1787736518363092,341,0.293372015756443,0.9061778388618968,67,4.219507705176107,219.0,5.3936276,50.68493150684932,92.23744292237443,100.0,100.0,219.0,4,LPM-3
3066066200074200053,,1202.1420689629235,1580.7450010642472,5019.486864433358,1599.042461181201,5030.476313008392,2.3078032293730013,256,0.408349044212545,0.9385676889343776,54,4.007333185232471,129.0,4.8675346,41.86046511627907,96.89922480620154,100.0,100.0,129.0,0,LPM-2
3066066200074200057,,709.6389123608814,1597.3702676980056,5020.0064873031415,1609.6425238969273,5029.7138280045365,1.8089492592869068,53,0.4955207015845123,0.9394540366055428,21,3.0910424533583156,33.0,3.5263605,66.66666666666666,100.0,100.0,100.0,33.0,2,CM
3066066200074200062,,352.89425503432903,1632.1349229514044,5022.052628787296,1640.713589367429,5028.601444281733,1.6309455570646036,29,0.6710291707311308,0.986965321388043,11,2.4849066497880004,15.0,2.7725887,93.33333333333333,100.0,100.0,100.0,15.0,4,LPM-3
3066066200074200072,,909.7571655337898,1619.7392162348149,5026.397321834865,1632.4302066726395,5034.770316562455,1.5221957804202737,33,0.4098369432206885,0.9933236226922808,15,2.772588722239781,21.0,3.0910425,76.19047619047619,100.0,100.0,100.0,21.0,0,LPM-2
3066066200074300036,,591.8306101928674,1630.627089333258,5016.169309274497,1640.9669899039532,5025.2339888559145,1.211440154812679,69,0.6405382960662281,0.802218187821311,27,3.332204510175204,43.0,3.7841897,60.46511627906976,100.0,100.0,100.0,43.0,2,CM
3066066200075100021,,1542.6834458250414,1898.5614601294924,5007.6246594866825,1920.9233849336367,5021.397030627544,2.2844327071853407,542,0.3922881668933594,0.8325638494742242,66,4.204692619390966,214.0,5.370638,50.0,92.5233644859813,100.0,100.0,214.0,0,LPM-2
3066066200075100023,,1810.494175833511,1887.965148251224,5014.271682913544,1906.6723613121533,5029.222183628683,1.3427762530942289,620,0.3171535796066456,0.9250571551989104,57,4.060443010546419,212.0,5.3612924,53.301886792452834,96.69811320754717,100.0,100.0,212.0,0,LPM-2
3066066200075100026,,641.6843348106096,1881.3109599325576,5020.0064873031415,1889.3770493128927,5030.180783591621,1.2314885876655617,291,0.4989765468690272,0.9735913942238312,38,3.6635616461296463,79.0,4.3820267,51.89873417721519,100.0,100.0,100.0,79.0,0,LPM-2
3066066200075100030,,1173.679190205918,1864.5451658497163,5023.66815721352,1879.439812207254,5035.880521433082,1.46165963845093,536,0.3879023544359023,0.9119173680256776,62,4.143134726391533,184.0,5.220356,46.19565217391305,93.47826086956522,100.0,100.0,184.0,0,LPM-2
3066066200075100032,,990.6413200534136,1839.9035439461584,5025.840109542123,1855.579982844701,5040.80004219279,1.823728891371589,295,0.5297509302427063,0.7460004216585487,56,4.04305126783455,149.0,5.0106354,55.033557046979865,95.9731543624161,100.0,100.0,149.0,4,LPM-3
3066066200075100036,,571.2691905735749,1858.1723094409529,5027.566203911818,1865.5837635667435,5037.778819876447,1.4128928072078657,242,0.5116757356941796,0.9860047900480512,51,3.951243718581427,93.0,4.543295,46.236559139784944,98.9247311827957,100.0,100.0,93.0,0,LPM-2
3066066200075200083,,2411.3397825534817,1823.2137971758093,5013.952932420856,1844.5168149742071,5029.84205960057,1.3397064628861497,636,0.2564181222533314,0.9539559693544764,73,4.304065093204169,346.0,5.8493247,52.312138728323696,91.61849710982659,100.0,100.0,346.0,4,LPM-3
3066066200075200086,,980.1388801764808,1818.0317706622025,5020.124726014034,1835.0066022540789,5033.176211797205,2.131907696419014,212,0.5139557969287453,0.7986734277589,44,3.8066624897703196,148.0,5.0039463,58.78378378378378,100.0,100.0,100.0,148.0,4,LPM-3
3066066200075200093,,1025.5531064310055,1848.1508135532056,5025.129667553255,1859.3545876296569,5038.719943768413,1.576373791919149,344,0.4149028211469522,0.9238370120657524,61,4.127134385045092,180.0,5.198497,45.55555555555556,93.88888888888889,100.0,100.0,180.0,4,LPM-3
3066904300037100160,,1201.4946829437974,7929.236737011524,8477.314423996606,7943.890749491817,8489.030612647613,1.2664758351304228,238,0.3699897093235868,0.9450836911594688,43,3.784189633918261,116.0,4.762174,58.620689655172406,100.0,100.0,100.0,116.0,0,LPM-2
3066904300037200137,,1380.2887356109145,7962.5296270890785,8494.038675378051,7978.69638517746,8507.463195038406,1.6929744573615937,186,0.3549888210263395,0.945042564235134,42,3.7612001156935624,120.0,4.7957907,68.33333333333333,100.0,100.0,100.0,120.0,2,CM
3066904300037300092,,394.2909520988405,7953.447299307896,8480.057745183694,7960.313755779063,8487.117636275701,1.0684349509886035,35,0.5880165091915487,0.9999999999999998,16,2.833213344056216,18.0,2.944439,66.66666666666666,100.0,100.0,100.0,18.0,0,LPM-2
3066904300038100099,,494.77995899579486,7987.173875695542,8501.362407750672,7997.508156745228,8508.195076905544,1.832390880296542,189,0.5917636666416461,0.973050016702437,43,3.784189633918261,113.0,4.7361984,55.75221238938053,100.0,100.0,100.0,113.0,3,CM
3066904300038100108,,467.9090378445701,7997.718097564772,8505.826224019971,8006.548040699162,8513.633189697772,1.3142339601442332,252,0.5874053751655516,0.9507347461969448,50,3.9318256327243257,130.0,4.8751974,50.0,100.0,100.0,100.0,130.0,3,CM
3066904300038100110,,1213.698370469831,7981.566291985218,8506.487809724882,8001.091863877752,8517.71057296601,2.2782127800529124,641,0.4279701751424168,0.9283989426566448,73,4.304065093204169,506.0,6.228511,68.57707509881423,95.45454545454545,100.0,100.0,506.0,2,CM
3066904300038100119,,715.8711702153782,8000.935700098607,8512.280648728633,8012.973938166996,8521.027732879944,1.7937241710439806,293,0.4750725320087151,0.9613915188852848,59,4.0943445622221,195.0,5.278115,52.820512820512825,95.38461538461539,100.0,100.0,195.0,3,CM
3066904300038200091,,1471.9495002703031,7985.436845919335,8493.602804877466,8003.98658480234,8506.3025069489,1.7197231843236238,368,0.3776799254907003,0.8462715776363418,69,4.2484952420493585,224.0,5.4161005,43.75,91.51785714285714,100.0,100.0,224.0,3,CM
3066904300044100110,,1066.0900868550666,6857.944564711049,8730.367135115821,6873.520339383357,8740.814788812559,1.3759828803276986,193,0.4077360678308031,0.926525580730367,37,3.6375861597263857,127.0,4.8520303,75.59055118110236,100.0,100.0,100.0,127.0,2,CM
3066904300049100040,,856.9324505561274,7997.672590571014,8516.674255830074,8008.150683247569,8530.211346885826,1.8355417322901475,316,0.4745154391328611,0.9132016263791966,53,3.988984046564274,229.0,5.4380794,69.43231441048034,98.68995633187772,100.0,100.0,229.0,2,CM
3066904300049100046,,686.964250422061,8007.533373391458,8520.687746204276,8014.077860268543,8535.298963224235,2.24630046811922,302,0.5500072705910518,0.8921550011597712,56,4.04305126783455,192.0,5.26269,55.208333333333336,96.875,100.0,100.0,192.0,3,CM
3066904300049100061,,642.7242828727645,8013.170613439548,8526.771920132343,8020.734702294165,8537.619151791612,1.4173906950763446,156,0.5031544227654919,0.9413644486156906,48,3.8918202981106265,110.0,4.7095304,47.27272727272727,100.0,100.0,100.0,110.0,1,LPM-1
3066904300049100156,,1358.1917924190398,8119.600445552795,8628.406702441858,8142.263111876166,8641.518925417424,2.617264752446889,370,0.4763682163782659,0.7153940571635705,68,4.23410650459726,205.0,5.327876,42.4390243902439,91.21951219512195,100.0,100.0,205.0,3,CM
3066904300049100157,,2309.562334610467,8144.846027375896,8631.115433167755,8163.047427547376,8647.830265458948,1.1118959330123062,502,0.267710805533583,0.933979945967734,86,4.465908118654584,307.0,5.7300997,42.671009771986974,87.29641693811075,100.0,100.0,307.0,3,CM
3066904300049100161,,3815.350066841062,8167.504501705688,8647.187889791318,8191.128087267027,8675.54972113381,1.7950278819295578,1063,0.2425077209373414,0.8424341961346538,88,4.48863636973214,683.0,6.527958,58.12591508052709,92.24011713030747,100.0,100.0,683.0,0,LPM-2
3066904300049200208,,1316.320040946358,8179.808749149153,8672.131754771739,8192.088276718909,8687.127547575987,1.2574486644368632,228,0.3395943596743628,0.973122115743153,55,4.025351690735149,151.0,5.0238805,52.980132450331126,96.68874172185431,100.0,100.0,151.0,0,LPM-2
3066904300050200197,,1483.8098001611293,8518.504477107956,8672.44811784412,8531.688899278142,8685.778037060334,1.0310250838940158,28,0.3130113084748669,0.9782077641404044,14,2.70805020110221,25.0,3.2580965,84.0,100.0,100.0,100.0,25.0,2,CM
3066904300056100221,,2276.128392973574,6880.469776932454,8872.759335306797,6905.401717329082,8886.506878221864,2.0155467247812235,67,0.2901071794871288,0.919730027130758,24,3.2188758248682006,43.0,3.7841897,67.44186046511628,100.0,100.0,100.0,43.0,2,CM
3066904300073200604,,4151.956910511138,8813.70060571662,9303.437026508547,8833.137278618105,9340.958162325662,1.9272196834213933,402,0.2415403695091779,0.8080625796160068,58,4.07753744390572,351.0,5.8636312,69.23076923076923,97.72079772079772,100.0,100.0,351.0,2,CM
3066904300073200624,,1539.4826584484113,8803.342972815655,9330.812631502298,8815.88589414136,9346.732514657611,1.2828958239628097,107,0.3123275445850772,0.9711657585862726,28,3.3672958299864737,76.0,4.3438053,76.31578947368422,100.0,100.0,100.0,76.0,2,CM
3066904300074100506,,2589.338683959426,8822.556231788503,9330.639585248004,8842.85822379822,9349.000438750238,1.095394879324986,475,0.2453254751452898,0.9587895473391496,53,3.988984046564274,412.0,6.0234475,76.94174757281553,99.27184466019418,100.0,100.0,412.0,2,CM
3066904300092100059,,985.6868705368618,7954.436697126881,9894.120018856993,7966.936085896092,9906.418603473936,1.0282837289412938,231,0.4161146890642163,0.9451473673709506,52,3.9702919135521215,112.0,4.727388,45.535714285714285,98.21428571428571,100.0,100.0,112.0,0,LPM-2
3066904300092200183,,1360.8915586804617,7968.86319796836,9883.69865307666,7985.771943819665,9896.31091320887,1.838407333931689,417,0.3728103616872692,0.9119207452561884,60,4.110873864173311,288.0,5.6664267,63.541666666666664,96.52777777777779,100.0,100.0,288.0,0,LPM-2
3066904300093100005,,468.3182488381947,8272.799319332715,9695.654177457003,8277.968981608514,9708.760527205775,2.8184757756250622,180,0.6877159181529218,0.9385617199523956,40,3.7135720667043075,104.0,4.65396,56.730769230769226,100.0,100.0,100.0,104.0,0,LPM-2
3066904300093100008,,381.7249227564109,8215.70569282385,9704.372128408426,8221.703880329518,9712.458453209652,1.2993383920927235,19,0.6234354724952994,0.9834517991034532,11,2.4849066497880004,12.0,2.5649493,91.66666666666666,100.0,100.0,100.0,12.0,2,CM
3066904300093100009,,1313.622150196954,8260.66412059458,9706.18454961192,8275.937033707061,9723.010064611668,1.6453247733250391,550,0.4603571363547635,0.7931423261545067,70,4.2626798770413155,310.0,5.739793,44.193548387096776,93.54838709677419,100.0,100.0,310.0,0,LPM-2
3066904300093100010,,431.9007540658236,8208.264701714577,9708.136236202274,8215.209225021526,9716.542262859475,1.367523438993488,48,0.5811525113494186,1.0000000000000002,17,2.8903717578961645,28.0,3.3672957,75.0,100.0,100.0,100.0,28.0,2,CM
3066904300093100012,,988.754920884043,8218.359758661534,9710.640612211344,8229.263038211353,9722.374067668074,1.0969205738464205,90,0.3742839415790139,0.9970918667151047,34,3.5553480614894135,63.0,4.158883,57.14285714285714,100.0,100.0,100.0,63.0,0,LPM-2
3066904300093100015,,901.9174459626744,8262.852511335119,9720.03160428336,8273.665960885817,9730.932700334051,1.070307251698545,186,0.4302614153477191,0.9404420705659724,43,3.784189633918261,103.0,4.644391,51.45631067961165,100.0,100.0,100.0,103.0,0,LPM-2
3066904300093100096,,1132.823731947792,8009.413490441088,9850.49271647006,8022.995197333861,9870.080442067294,1.7387243609638068,393,0.6087578441179352,0.6054042164004633,68,4.23410650459726,291.0,5.676754,64.60481099656357,93.81443298969072,100.0,100.0,291.0,2,CM
3066904300093100122,,1082.7307542452008,7991.943749127001,9868.633504518328,8004.524527768895,9884.152652913945,1.4991076880303569,380,0.4318166093499993,0.8110113323664472,42,3.7612001156935624,327.0,5.7930136,81.03975535168195,100.0,100.0,100.0,327.0,2,CM
3066904300093100131,,1393.7320714832638,7997.058099637616,9879.822450976371,8013.10720200532,9892.74751408309,1.4809669893921458,413,0.3374323403870347,0.9695636922327776,72,4.290459441148391,259.0,5.560682,42.084942084942085,91.5057915057915,100.0,100.0,259.0,3,CM
3066904300093200012,,157.83508113093774,8270.356598014598,9716.453030041892,8275.034410210517,9721.64221597959,1.5673578344705563,67,1.0143495248776244,0.97893389153033,17,2.8903717578961645,37.0,3.637586,81.08108108108108,100.0,100.0,100.0,37.0,0,LPM-2
3066904300093200020,,2442.498979311779,8173.088446349139,9746.18113566498,8196.960804075257,9762.663549220584,1.9483802699962995,408,0.2693134758744524,0.9435033129995252,56,4.04305126783455,213.0,5.365976,55.39906103286385,97.1830985915493,100.0,100.0,213.0,3,CM
3066904300093200097,,1628.7988245971962,8017.79761441344,9845.372347486047,8032.807745569238,9860.810312121608,1.1173959176051105,792,0.3082302321029646,0.962996716200809,84,4.442651256490317,626.0,6.4409466,59.584664536741215,93.9297124600639,100.0,100.0,626.0,3,CM
3066904300093200113,,1287.4980072132532,8014.956380968537,9857.746981771974,8030.387382571975,9870.571887271415,1.4385445775383263,726,0.3763711094626069,0.8962916339437977,77,4.356708826689592,506.0,6.228511,59.88142292490119,93.67588932806325,100.0,100.0,506.0,3,CM
3066904300093200124,,1155.4882470918035,7998.267656327722,9864.793539016704,8013.416919345121,9876.789899203515,1.3436248655494727,438,0.373604376590941,0.9632562796852908,67,4.219507705176107,342.0,5.8377304,66.08187134502924,95.02923976608187,100.0,100.0,342.0,2,CM
3066904300093200132,,1031.1373198569788,8014.111593038918,9870.014514020431,8028.575671939498,9882.488643240344,1.3282642439215435,384,0.4505167432721028,0.832482808487847,63,4.1588830833596715,254.0,5.5412636,57.08661417322835,94.88188976377953,100.0,100.0,254.0,3,CM
3066904300093200138,,993.4435812841476,8011.299087083016,9876.611720747296,8024.801568814889,9886.446411617984,1.6421431110557807,522,0.3954050557526472,0.9707824739144124,85,4.454347296253507,310.0,5.739793,52.903225806451616,88.70967741935483,100.0,100.0,310.0,3,CM
3066904300093200150,,620.2772352888303,7987.25363295303,9887.437924805516,7999.481108802037,9894.947155778636,1.6263471670081977,187,0.522994045547684,0.989503363372372,51,3.951243718581427,112.0,4.727388,53.57142857142857,99.10714285714286,100.0,100.0,112.0,0,LPM-2
3066904300093200154,,251.7550317940228,7998.640149801661,9891.8462308852,8008.184785271237,9895.51810798691,2.6915011462215777,100,0.9642147824959596,0.8529002206206134,30,3.4339872044851463,60.0,4.1108737,65.0,100.0,100.0,100.0,60.0,0,LPM-2
3066904300093300010,,382.10067635637273,8272.799319332715,9721.31993842644,8278.607343744015,9729.794251628313,1.5385287508945495,104,0.6340406998598059,0.9704276656675852,30,3.4339872044851463,86.0,4.465908,73.25581395348837,100.0,100.0,100.0,86.0,2,CM
3066904300094100007,,518.7524241759461,8274.185909179128,9706.854204408864,8282.486578113141,9715.430406562582,1.167128590121416,151,0.545462442507671,0.9482390616023124,36,3.6109179126442243,95.0,4.564348,67.36842105263158,100.0,100.0,100.0,95.0,0,LPM-2
3066904300094200044,,1053.0652650991535,8274.83953598995,9713.64489125527,8288.272994301507,9726.298434688972,1.0773660465831816,125,0.4465803743310809,0.8657874612098442,23,3.1780538303479453,91.0,4.5217886,84.61538461538461,100.0,100.0,100.0,91.0,2,CM
3066904300101100027,,1739.2047187306807,7223.439694017507,10049.70652150486,7239.976472190936,10063.843142373076,1.6250020054622418,542,0.3109916073389157,0.9630595912319752,61,4.127134385045092,404.0,6.003887,70.04950495049505,97.27722772277228,100.0,100.0,404.0,2,CM
3066904300101100039,,1584.6924773166777,7216.706421459805,10066.739401777964,7234.637069926524,10083.85730754533,1.3319073362280345,658,0.3705798758636889,0.8348699539269875,77,4.356708826689592,303.0,5.7170277,46.864686468646866,91.0891089108911,100.0,100.0,303.0,0,LPM-2
3066904300101200108,,2266.826212159343,7226.318322950705,10029.94061214753,7241.758857553138,10052.057351994832,1.4229504737757943,513,0.2895162339270901,0.9096927415692946,74,4.31748811353631,369.0,5.913503,57.18157181571816,93.4959349593496,100.0,100.0,369.0,3,CM
3066904300101200135,,1205.3322063559904,7226.726400430089,10059.876656875096,7242.645738070916,10074.004314506465,1.3045115020388331,541,0.4371472425771912,0.7834601524854499,83,4.430816798843313,369.0,5.913503,44.173441734417345,89.97289972899729,100.0,100.0,369.0,3,CM
3066904300101200139,,1068.6282138925883,7213.404971466664,10065.672717518424,7223.88597777289,10080.588396757496,1.526129225343667,251,0.4029222375741637,0.9361230984826152,51,3.951243718581427,152.0,5.030438,57.23684210526315,99.3421052631579,100.0,100.0,152.0,0,LPM-2
3066904300103100035,,142.99303108676582,7973.444204245036,10044.033164273967,7978.088086560892,10048.483966074728,1.1195203430080192,73,1.0193886547976645,0.9999999999999996,20,3.044522437723423,38.0,3.6635616,73.68421052631578,100.0,100.0,100.0,38.0,0,LPM-2
3066904300103100039,,117.2437244502895,7962.521924060145,10049.038965816228,7966.013215527948,10053.32007464272,1.3048731716821524,61,1.109524882409425,0.9999999999999996,25,3.2580965380214817,43.0,3.7841897,65.11627906976744,100.0,100.0,100.0,43.0,0,LPM-2
3066904300103100047,,2626.080707749443,7885.366952279401,10064.168787401784,7914.458350706998,10085.760388678327,3.2316383998784217,894,0.3243002686741638,0.8938106694199244,76,4.343805421853684,422.0,6.0473723,53.79146919431279,93.60189573459715,100.0,100.0,422.0,0,LPM-2
3066904300103200150,,1282.4681408418303,7975.547921669076,10036.443129408444,7990.401818208979,10053.60409642522,1.3348076915709186,466,0.4962646706739728,0.7343772656573629,73,4.304065093204169,261.0,5.5683446,50.191570881226056,91.18773946360153,100.0,100.0,261.0,0,LPM-2
3066904300103200153,,1910.984049955991,7945.863914887215,10041.104472632343,7963.865637506442,10056.101110512938,1.6028023433694631,708,0.3194716230030942,0.9242388747185972,61,4.127134385045092,329.0,5.799093,68.08510638297872,96.65653495440729,100.0,100.0,329.0,0,LPM-2
3066904300103200157,,1542.394635594977,7962.43280969559,10042.305378918549,7978.801445044506,10057.16090616498,1.4525334981241709,674,0.3630787350010873,0.871068045058789,76,4.343805421853684,420.0,6.042633,59.285714285714285,93.80952380952381,100.0,100.0,420.0,0,LPM-2
3066904300103200161,,1128.2793190721704,7933.466220289381,10047.908630188873,7950.294847346455,10058.910857394396,1.134960054678805,374,0.4398000200682053,0.8715953468140497,50,3.9318256327243257,218.0,5.389072,68.34862385321101,100.0,100.0,100.0,218.0,0,LPM-2
3066904300103200169,,1417.0356057930578,7913.345490844047,10058.711265309345,7930.886292330534,10070.680622534428,1.7267923827038334,467,0.3638699416332767,0.9193415224257028,59,4.0943445622221,217.0,5.3844953,52.07373271889401,95.85253456221197,100.0,100.0,217.0,0,LPM-2
3066904300103300009,,963.7916248779638,7925.935537262983,10049.922693685488,7938.253761970176,10061.834460137983,1.357930539708367,413,0.4264819091787713,0.9283086319814662,53,3.988984046564274,192.0,5.26269,52.083333333333336,98.4375,100.0,100.0,192.0,0,LPM-2
3066904300104100114,,1829.0776066878425,7990.601995528001,10039.99220946303,8013.96289976638,10053.243109841407,1.620441330044484,742,0.366649706605236,0.8386538439718474,88,4.48863636973214,495.0,6.206576,46.26262626262626,89.0909090909091,100.0,100.0,495.0,3,CM
3066904300104100122,,2171.194100938161,8220.290419808902,10042.614227422622,8239.355612212323,10058.36903460517,1.0173146564079705,963,0.2719816922074831,0.9332828789365496,96,4.574710978503383,506.0,6.228511,39.32806324110672,86.16600790513834,100.0,100.0,506.0,3,CM
3066904300104100134,,1152.0336604865252,8235.05037784491,10045.755659810586,8255.255035274711,10056.4681598511,2.8923360814860706,422,0.4549982653332312,0.8743455994916692,58,4.07753744390572,266.0,5.587249,62.03007518796993,96.99248120300751,100.0,100.0,266.0,0,LPM-2
3066904300104100142,,1476.36425836049,7981.374560916532,10046.246124185818,8002.041758640109,10057.709909251907,1.8490729603245524,633,0.4119204259907291,0.8381258849688499,65,4.189654742026425,491.0,6.1984787,75.96741344195519,96.94501018329939,100.0,100.0,491.0,2,CM
3066904300104100174,,552.9211373194283,8021.507125920063,10060.975066816653,8029.471474386967,10070.249762991938,1.1690896576886416,270,0.5105621026942658,1.0,45,3.828641396489095,198.0,5.293305,76.26262626262627,100.0,100.0,100.0,198.0,2,CM
3066904300104100183,,820.4445388162467,8187.315727432035,10064.635716293962,8198.088772703633,10075.92125150222,1.1517726007788054,296,0.448891227167821,0.9316744379064832,48,3.8918202981106265,208.0,5.3423343,63.942307692307686,100.0,100.0,100.0,208.0,3,CM
3066904300104100186,,1158.7651902823648,8032.398016849866,10066.288404829484,8048.22594812496,10077.289762161823,1.3997426257200745,602,0.3823678025057079,0.9484973563416368,76,4.343805421853684,412.0,6.0234475,62.13592233009708,93.68932038834951,100.0,100.0,412.0,6,EC
3066904300104100205,,602.9614753924365,8156.732745651033,10080.871858097003,8165.553351081684,10091.051436028163,1.5458154783111375,390,0.5075363012964348,0.9720584429791254,62,4.143134726391533,289.0,5.669881,61.93771626297578,95.8477508650519,100.0,100.0,289.0,3,CM
3066904300104200159,,1617.3615957571817,8000.275647156259,10050.003508028489,8016.613100972711,10063.922198323073,1.1288372141012162,788,0.3120714397032079,0.967375795607584,72,4.290459441148391,620.0,6.431331,74.35483870967742,96.45161290322581,100.0,100.0,620.0,2,CM
3066904300104200163,,1688.360709502257,8010.848195916467,10052.53465434707,8027.539589709577,10069.906435706262,1.2885323115587093,822,0.3488591106738732,0.8345609442899877,78,4.3694478524670215,603.0,6.403574,65.00829187396351,94.5273631840796,100.0,100.0,603.0,3,CM
3066904300104200164,,1341.0776132134588,8209.056111432164,10053.567388744852,8224.511204322773,10065.835038778316,1.414914256039998,617,0.3474308244396624,0.9562725887942378,77,4.356708826689592,349.0,5.857933,44.126074498567334,91.40401146131805,100.0,100.0,349.0,3,CM
3066904300104200172,,1139.7030878943176,8027.280420385603,10056.54172002753,8039.611411213701,10070.472252244792,1.226285534160289,615,0.403806377393852,0.8840947637859385,73,4.304065093204169,468.0,6.150603,66.88034188034187,95.08547008547008,100.0,100.0,468.0,3,CM
3066904300104200175,,835.4699840741596,8189.072960816234,10057.646999555747,8204.839158696795,10068.950821914455,1.997325522383311,305,0.5448232566559702,0.7983807274076112,66,4.204692619390966,166.0,5.117994,40.36144578313253,90.36144578313254,100.0,100.0,166.0,3,CM
3066904300104200181,,921.299239699941,8036.931057151871,10060.805729899505,8053.314060972402,10073.969958783386,2.402976215554553,561,0.5135644675984176,0.8259537785740879,74,4.31748811353631,374.0,5.926926,50.0,93.58288770053476,100.0,100.0,374.0,3,CM
3066904300104200184,,863.6918952853002,8197.405869325956,10062.14619057765,8211.071953142007,10072.543976034198,1.9788270550507336,475,0.4485972095323952,0.9665117011248188,57,4.060443010546419,358.0,5.8833222,70.39106145251397,98.04469273743017,100.0,100.0,358.0,2,CM
3066904300104200196,,3245.359510501742,8162.637474204246,10069.824273932729,8183.906973270158,10090.121991733033,1.0329870683683091,1696,0.2365080330980773,0.9117664653209852,106,4.672828834461906,1149.0,7.0475173,53.698868581375116,88.59878154917318,99.47780678851174,100.0,1149.0,3,CM
3066904300112100041,,296.7215277498368,7263.794002125334,10213.033146510928,7269.628851189918,10221.666916726985,2.386924241178081,94,0.7847796620877007,0.976411153153342,30,3.4339872044851463,45.0,3.8286414,55.55555555555556,100.0,100.0,100.0,45.0,2,CM
3066904300112100044,,149.09973399205484,7245.243343086026,10216.107407142536,7249.292908052053,10222.40131980897,2.236115541403397,38,1.1288958972898302,0.9314106982736338,12,2.5649493574615367,23.0,3.1780539,91.30434782608695,100.0,100.0,100.0,23.0,0,LPM-2
3066904300112100053,,3004.615898842335,7262.064856789366,10221.558266441,7282.301809135208,10242.39487523198,1.2248979401810582,944,0.237128629821303,0.920412821284738,82,4.418840607796597,598.0,6.395262,57.19063545150501,91.9732441471572,100.0,100.0,598.0,2,CM
3066904300112100055,,1268.867641920859,7219.998803808189,10223.611969766793,7238.730883430388,10236.044941011687,1.8314325898603925,498,0.4845312630317067,0.7458425895833377,67,4.219507705176107,301.0,5.710427,47.50830564784053,94.35215946843853,100.0,100.0,301.0,0,LPM-2
3066904300112100058,,627.8747313422298,7235.948536864186,10224.329375777084,7248.64432078034,10230.572376343478,2.0474703227400064,178,0.5447613257471744,0.961547308251918,32,3.4965075614664802,108.0,4.691348,71.29629629629629,100.0,100.0,100.0,108.0,0,LPM-2
3066904300112200043,,1477.2381347957285,7235.135461901177,10205.499564445974,7253.94672378972,10224.78116698434,2.29542617115974,295,0.4698000423176966,0.7439906184450091,40,3.7135720667043075,104.0,4.65396,56.730769230769226,100.0,100.0,100.0,104.0,0,LPM-2
3066904300112200053,,1014.7652632317096,7255.076924318816,10211.571490898696,7267.176062325351,10224.922290709294,1.4648620217026271,461,0.4320863941044029,0.9000761516996556,53,3.988984046564274,332.0,5.8081427,76.50602409638554,99.09638554216868,100.0,100.0,332.0,2,CM
3066904300112200056,,936.4112496698376,7245.961410805641,10213.24925528862,7258.682414449317,10225.012591463936,1.0845275849256415,269,0.4701536752517149,0.8683321308544061,40,3.7135720667043075,184.0,5.220356,72.82608695652173,100.0,100.0,100.0,184.0,2,CM
3066904300112200091,,1391.7458858470002,7215.217867439253,10231.72656666592,7227.371181832439,10251.771833960844,2.249975231761165,487,0.3959163665145195,0.9016568911407804,56,4.04305126783455,251.0,5.529429,54.581673306772906,97.60956175298804,100.0,100.0,251.0,0,LPM-2
3066904300112200099,,2521.225789124992,7201.610586999459,10245.165163705962,7219.036767348061,10266.36168088711,1.022118712587269,694,0.2566532791404485,0.9409260104253448,65,4.189654742026425,356.0,5.8777356,54.21348314606742,95.78651685393258,100.0,100.0,356.0,0,LPM-2
3068241300010100148,,806.5467833363927,4343.205288062993,8914.964411760662,4354.875217497795,8925.832529402966,1.6133952468488222,236,0.4662957706815674,0.930938768649016,45,3.828641396489095,111.0,4.7184987,57.65765765765766,100.0,100.0,100.0,111.0,5,EC
3068241300010100152,,913.6966542482046,4333.306289343881,8918.73289640873,4345.640289137329,8929.510340943021,1.020888851338499,268,0.4100231082741614,0.9684471353463115,51,3.951243718581427,127.0,4.8520303,52.75590551181102,99.21259842519686,100.0,100.0,127.0,5,EC
3068241300010100155,,2248.424870026619,4322.601211627521,8923.675389524207,4342.496828313479,8942.189674627365,1.1485761853089382,564,0.2802684572316635,0.898125973711147,61,4.127134385045092,292.0,5.6801724,61.64383561643836,96.23287671232876,100.0,100.0,292.0,5,EC
3068241300010100159,,1081.6998611357346,4265.650080596585,8932.023262225792,4286.462623115698,8941.814117577305,2.711946499031168,354,0.4737334956440247,0.8635255986014538,41,3.737669618283368,151.0,5.0238805,60.9271523178808,100.0,100.0,100.0,151.0,5,EC
3068241300010100168,,912.29373284823,4253.911730859941,8938.754911774417,4266.149575089844,8948.56944927349,1.3575989552249244,260,0.4157496662676681,0.9815869490690796,40,3.7135720667043075,132.0,4.890349,65.9090909090909,100.0,100.0,100.0,132.0,5,EC
3068241300010100173,,1425.4199333677448,4237.301771635491,8946.27535800703,4254.275790288112,8963.352927404965,2.402086010916652,488,0.3794582437781395,0.925371764706222,51,3.951243718581427,207.0,5.3375382,61.35265700483091,99.51690821256038,100.0,100.0,207.0,5,EC
3068241300010200168,,745.8126945288453,4348.042498507582,8906.689791590466,4359.087851861809,8915.571398659686,1.243595796914425,248,0.4491428451585938,0.9837539547666022,38,3.6635616461296463,154.0,5.043425,64.93506493506493,100.0,100.0,100.0,154.0,5,EC
3068241300010200178,,892.9298209280934,4311.319741730625,8927.631454785256,4323.576636768977,8938.15432998458,1.5436903304044025,184,0.4369316048886875,0.949542797967882,33,3.526360524616161,73.0,4.304065,58.9041095890411,100.0,100.0,100.0,73.0,5,EC
3068241300011100198,,1285.2735718619242,4511.303052396115,8835.344540636805,4527.168709934037,8848.751549521176,1.9412718375914109,321,0.3968435119659054,0.908295799820954,53,3.988984046564274,171.0,5.1474943,50.29239766081871,98.24561403508771,100.0,100.0,171.0,5,EC
3068241300011100217,,473.9472809965568,4501.468551970884,8850.5871163809,4509.147712883439,8860.22831989968,1.7107845375926491,121,0.5924782459116459,1.0000000000000004,33,3.526360524616161,55.0,4.0253515,58.18181818181818,100.0,100.0,100.0,55.0,5,EC
3068241300011100224,,835.1506588245426,4494.943271201738,8857.606230574364,4508.466890266916,8867.67233754785,1.514945276405103,223,0.4590897893650272,0.9274698495309144,38,3.6635616461296463,89.0,4.4998097,62.92134831460674,100.0,100.0,100.0,89.0,5,EC
3068241300011100228,,1512.0926752615328,4479.390945028323,8864.627712105892,4495.742792800732,8883.763552028167,2.139510059986464,403,0.3768837468718148,0.9001900624197077,48,3.8918202981106265,170.0,5.1416636,68.82352941176471,100.0,100.0,100.0,170.0,5,EC
3068241300011100242,,645.5026829424335,4468.469104800255,8876.264529214408,4481.36518857314,8883.571364148742,1.739350359628545,185,0.5160391611125926,0.973672196313372,36,3.6109179126442243,93.0,4.543295,69.89247311827957,100.0,100.0,100.0,93.0,5,EC
3068241300011100251,,1104.3297154415477,4432.11187144003,8882.75624605893,4444.368398032868,8896.443465341466,1.2897270361127848,414,0.3745215021500522,0.9656947237353876,60,4.110873864173311,197.0,5.288267,44.16243654822335,94.9238578680203,100.0,100.0,197.0,5,EC
3068241300011100255,,774.0672356522523,4442.164820393048,8886.323826624497,4455.540624222102,8898.120650650591,1.905158414858039,258,0.5827362385388523,0.7838295651041713,42,3.7612001156935624,133.0,4.89784,61.65413533834586,100.0,100.0,100.0,133.0,5,EC
3068241300011100256,,323.0313031331961,4439.481652895229,8890.32988159532,4446.249865232406,8897.21229489025,1.0613728614841835,87,0.7004088098192262,0.9858995491799524,27,3.332204510175204,42.0,3.7612002,59.523809523809526,100.0,100.0,100.0,42.0,5,EC
3068241300011100261,,323.607374930738,4375.017279139658,8898.858842676274,4384.373562304825,8904.760543717131,1.7476788241924095,64,0.8127965456297882,0.8533384357039371,15,2.772588722239781,20.0,3.0445225,75.0,100.0,100.0,100.0,20.0,1,LPM-1
3068241300011100262,,372.7291803880765,4367.975400534898,8901.343984165,4376.824346410343,8908.33687786161,1.5220176322001229,38,0.7960717307458706,0.7977841272962259,8,2.197224577336219,10.0,2.3978953,100.0,100.0,100.0,100.0,10.0,1,LPM-1
3068241300011200152,,612.9023763791357,4598.024702024247,8807.91431838986,4607.795397171499,8816.5685935112,1.46561342132851,132,0.5110708198916235,0.9562746353528674,33,3.526360524616161,66.0,4.204693,59.09090909090909,100.0,100.0,100.0,66.0,5,EC
3068241300011200212,,1199.141065985996,4508.160885588344,8845.72543647281,4522.967100762764,8859.522617839652,1.9532567267460568,313,0.3878905062225882,0.9328224597435258,43,3.784189633918261,153.0,5.0369525,61.43790849673203,100.0,100.0,100.0,153.0,5,EC
3068241300011200241,,1555.4378715863097,4441.179304649537,8870.971126992632,4454.423072760526,8888.318208363482,1.0020471085912426,363,0.3478006582988788,0.9306889366359488,50,3.9318256327243257,206.0,5.332719,58.252427184466015,100.0,100.0,100.0,206.0,5,EC
3068241300011200257,,1522.4699941667204,4413.336622239025,8882.638225612254,4428.454703722114,8896.4108026379,1.076865366464796,411,0.3252944405079604,0.945687930551494,46,3.8501476017100584,193.0,5.267858,63.730569948186535,100.0,100.0,100.0,193.0,5,EC
3068241300011200258,,1455.9699131217285,4391.092379741862,8884.670519418229,4408.5109373922005,8899.205643925116,1.5850707759967306,457,0.3920264309294396,0.8275186876657965,60,4.110873864173311,210.0,5.351858,50.476190476190474,95.23809523809523,100.0,100.0,210.0,5,EC
3068241300011200269,,1005.705412622159,4383.701643570721,8900.304501363255,4395.929281461323,8910.827252989364,1.2122404877231825,301,0.4036923178105688,0.9476179877210726,53,3.988984046564274,129.0,4.8675346,48.837209302325576,97.67441860465115,100.0,100.0,129.0,5,EC
3068241300011200270,,869.7120090499448,4373.936160062822,8903.68628323448,4386.483499156225,8912.94184040589,1.428361420664942,267,0.4324009009301141,0.9470310452496596,49,3.912023005428146,114.0,4.744932,50.877192982456144,100.0,100.0,100.0,114.0,5,EC
3068241300011200272,,1572.11466426864,4354.133451432766,8906.657984682963,4374.545801153374,8917.503716386338,1.952555390132552,481,0.3481530995782381,0.927932815492586,64,4.174387269895637,204.0,5.32301,49.01960784313725,93.13725490196079,100.0,100.0,204.0,5,EC
3068241300019100024,,978.3673219178348,4228.371111603925,8959.593128570528,4240.610465239183,8972.028235960217,1.0865842848524945,213,0.3966255272952485,0.9782546722390146,36,3.6109179126442243,109.0,4.7004805,61.46788990825688,100.0,100.0,100.0,109.0,5,EC
3068241300038100032,,1041.235097465743,4409.66961101628,9600.848096625912,4423.704839064369,9611.809853701554,1.008922530418756,279,0.3995837471095957,0.973112408226303,40,3.7135720667043075,127.0,4.8520303,59.84251968503938,100.0,100.0,100.0,127.0,0,LPM-2
3068241300038200010,,1587.2141953911782,4612.607526226912,9527.905892996712,4634.232764231492,9540.073596261493,2.1632646371120816,547,0.3688439323166954,0.9484214311654408,59,4.0943445622221,277.0,5.627621,50.18050541516246,96.75090252707581,100.0,100.0,277.0,0,LPM-2
3068241300038200015,,1315.282463492026,4616.220702409464,9534.828414059975,4635.769615755676,9545.59530397668,1.9360681510266355,508,0.3737842298739086,0.9509223276648598,60,4.110873864173311,310.0,5.739793,59.03225806451613,96.7741935483871,100.0,100.0,310.0,0,LPM-2
3068241300039100009,,1785.2259871900264,4633.18447937553,9527.789744945136,4656.29542153405,9540.538015900383,1.774322391372229,903,0.4283986964382035,0.781860707342928,79,4.382026634673881,491.0,6.1984787,54.17515274949084,92.87169042769857,100.0,100.0,491.0,0,LPM-2
3068241300039100025,,779.6020055753131,4649.591038847351,9535.7102100855,4662.760026740904,9544.75630667703,1.6325270409037815,417,0.4827405299803465,0.9204514496086496,53,3.988984046564274,312.0,5.7462034,72.75641025641025,99.03846153846155,100.0,100.0,312.0,2,CM
3068241300039100035,,764.6527196276643,4683.544311911371,9540.133618021471,4696.889822673675,9547.780159062597,1.7392811600611142,416,0.5032184047867653,0.8921351221726553,63,4.1588830833596715,230.0,5.4424176,45.65217391304348,94.34782608695652,100.0,100.0,230.0,3,CM
3068241300039100037,,581.3815814876921,4694.894524169655,9541.840449019524,4703.754939773096,9549.826456337196,1.155156143271482,265,0.4967467974701282,0.984875942240824,59,4.0943445622221,169.0,5.1357985,41.42011834319527,94.67455621301775,100.0,100.0,169.0,1,LPM-1
3068241300039100038,,905.5141998536104,4670.937107018605,9542.400911476185,4684.283116899316,9552.78385458804,1.6811103704107109,560,0.4549807536786666,0.8958755267993331,68,4.23410650459726,407.0,6.011267,63.39066339066339,95.57739557739558,100.0,100.0,407.0,2,CM
3068241300039100063,,1375.4868152487195,4661.813207371555,9551.689997543896,4675.757310726299,9565.148305778475,1.0395329345867277,38,0.3220118956676136,0.9911478854733912,19,2.995732273553991,28.0,3.3672957,67.85714285714286,100.0,100.0,100.0,28.0,2,CM
3068241300039100079,,663.6025444802002,4709.884011169535,9561.860691080406,4719.814389498795,9571.291057409955,1.136617518500492,211,0.47374860975459,0.9704394872543752,40,3.7135720667043075,116.0,4.762174,63.793103448275865,100.0,100.0,100.0,116.0,1,LPM-1
3068241300039100081,,761.7627784116962,4698.877404709573,9562.317625785015,4709.039507283398,9572.05878993603,1.181251394081433,296,0.4316471450990732,0.9977154831936608,57,4.060443010546419,183.0,5.214936,44.26229508196721,96.17486338797814,100.0,100.0,183.0,4,LPM-3
3068241300039100084,,1076.0117144739747,4706.804060563153,9567.33838393884,4719.278878920151,9580.21451551422,1.271783236432453,447,0.3938850640273962,0.9384821071572504,66,4.204692619390966,230.0,5.4424176,46.08695652173913,93.04347826086956,100.0,100.0,230.0,1,LPM-1
3068241300039100107,,897.1530686521596,4730.498833095007,9590.264613276442,4741.324940824343,9601.291144160046,1.2383620631568235,391,0.4079402449106694,0.990602346059611,46,3.8501476017100584,171.0,5.1474943,63.74269005847953,100.0,100.0,100.0,171.0,1,LPM-1
3068241300039100153,,590.9522315387884,4844.397082726853,9618.74031775935,4855.153057521213,9626.335008823244,1.6112730545464533,264,0.5259315516688328,0.9500058664250182,53,3.988984046564274,131.0,4.882802,43.51145038167939,97.70992366412213,100.0,100.0,131.0,1,LPM-1
3068241300039100159,,1111.1590258441504,4849.968334662635,9625.044138120991,4864.294026303454,9638.241754791536,1.1711028391400935,676,0.403669731651005,0.9147663544963714,85,4.454347296253507,438.0,6.0844994,48.401826484018265,90.41095890410958,100.0,100.0,438.0,3,CM
3068241300039100162,,537.2065670083978,4814.012956067874,9626.837902557914,4826.42705153074,9632.407833061832,2.241531571761185,152,0.5849415435783545,0.9411051782994588,37,3.6375861597263857,57.0,4.060443,45.614035087719294,100.0,100.0,100.0,57.0,1,LPM-1
3068241300039100163,,624.0034832963042,4826.129041116705,9627.053892014026,4840.5565621077885,9633.035847672074,2.6950521286657465,311,0.576666679452074,0.9402605556481332,55,4.025351690735149,159.0,5.075174,52.20125786163522,96.85534591194968,100.0,100.0,159.0,1,LPM-1
3068241300039100164,,830.3240627448212,4870.942986854718,9628.2196828238,4882.738457160953,9638.819714813651,1.1128246201099796,373,0.4304537944661338,0.961629420400514,64,4.174387269895637,204.0,5.32301,49.50980392156863,93.13725490196079,100.0,100.0,204.0,3,CM
3068241300039100165,,137.30710784069035,4863.892567925599,9630.53316329084,4869.523595296108,9633.521476756445,1.889905498748296,54,1.079975178410734,1.0,20,3.044522437723423,27.0,3.3322046,62.96296296296296,100.0,100.0,100.0,27.0,3,CM
3068241300039100172,,360.5237421300328,4878.170675178968,9638.772606862238,4883.5784733178025,9647.513441092911,1.487865875539283,198,0.6529957502574545,1.0,38,3.6635616461296463,129.0,4.8675346,65.89147286821705,100.0,100.0,100.0,129.0,2,CM
3068241300039100174,,209.7786709855502,4881.775060045308,9643.097093538538,4886.027021954226,9649.829574516889,1.7969515915284069,101,0.8640713299431112,1.0,25,3.2580965380214817,69.0,4.248495,76.81159420289855,100.0,100.0,100.0,69.0,2,CM
3068241300039100175,,682.0398903719365,4893.064441624284,9642.17478847354,4903.558393298663,9650.60675290219,1.203296438685205,388,0.4597893355320818,0.9822937847033568,62,4.143134726391533,211.0,5.3565865,52.13270142180095,94.3127962085308,100.0,100.0,211.0,0,LPM-2
3068241300039100178,,144.68891740798213,4885.291223761038,9646.808088586273,4889.357828624634,9651.79202632132,1.2609425387065027,66,1.0043019323771196,1.0000000000000002,22,3.1354942159291497,49.0,3.912023,75.51020408163265,100.0,100.0,100.0,49.0,2,CM
3068241300039100184,,955.1803291196288,4907.428897858697,9658.79059641679,4920.897091693975,9670.059020549166,1.466288136134902,552,0.4102058096118126,0.9651049414823152,63,4.1588830833596715,353.0,5.869297,60.3399433427762,96.3172804532578,100.0,100.0,353.0,0,LPM-2
3068241300039100186,,409.01313331534703,4916.580005003693,9666.36567927509,4925.372475079032,9673.046421243267,1.395671201594146,191,0.6030401151300132,1.0,39,3.6888794541139363,115.0,4.75359,66.95652173913044,100.0,100.0,100.0,115.0,6,EC
3068241300039200020,,602.2161089718138,4646.341179927442,9531.063004485231,4660.785946773371,9539.929144268335,2.1636783024575417,383,0.7077070592326259,0.7369382344622992,59,4.0943445622221,230.0,5.4424176,51.73913043478261,96.08695652173913,100.0,100.0,230.0,0,LPM-2
3068241300039200030,,175.2019290634223,4661.687947384122,9534.820791695896,4665.970080358156,9540.219206205296,1.6081778330168146,59,0.9313642175758962,1.0,16,2.833213344056216,23.0,3.1780539,73.91304347826086,100.0,100.0,100.0,23.0,2,CM
3068241300039200036,,526.2893795699913,4675.130043061873,9537.539869639431,4684.357589813235,9545.62467529862,1.0684039041994762,255,0.537639943250786,0.9684785724812736,59,4.0943445622221,167.0,5.123964,40.119760479041915,94.61077844311377,100.0,100.0,167.0,3,CM
3068241300039200045,,1199.5155234194046,4683.42842843816,9542.445256635649,4703.518782673507,9556.704784382287,1.7651233084493372,708,0.5430647407013994,0.6423521624671196,85,4.454347296253507,419.0,6.0402546,40.09546539379475,90.21479713603819,100.0,100.0,419.0,3,CM
3068241300039200062,,1181.6794134177426,4690.346155204931,9553.187164865323,4705.641019186241,9565.414302249434,1.314963874284211,614,0.3886678093039206,0.916227735909614,84,4.442651256490317,444.0,6.0980744,44.36936936936937,90.31531531531532,100.0,100.0,444.0,3,CM
3068241300039200171,,2091.0915125624933,4826.202657681306,9628.795815238718,4854.27014360246,9641.063071754195,2.380621543551268,1098,0.3588479493816403,0.8690211343405854,99,4.605170185988091,772.0,6.650279,52.461139896373055,89.76683937823834,100.0,100.0,772.0,3,CM
3068241300039200174,,1264.620751980155,4850.502565632743,9633.581139192787,4870.4419109823175,9644.327445944498,1.8075463200361448,729,0.4193861463147911,0.8916446547796432,72,4.290459441148391,575.0,6.3561077,73.73913043478261,96.17391304347827,100.0,100.0,575.0,2,CM
3068241300039200175,,659.9227659690133,4815.111708419397,9633.64157042543,4826.032816596994,9641.021430939883,1.477519998584141,187,0.4709930724910855,0.9943354242386896,48,3.8918202981106265,107.0,4.6821313,53.271028037383175,100.0,100.0,100.0,107.0,1,LPM-1
3068241300039200176,,741.4599656457101,4879.787016776236,9635.01858966374,4896.691660633382,9643.9024867289,1.9827685052820216,341,0.7008820476290402,0.6512208209821434,60,4.110873864173311,135.0,4.912655,39.25925925925926,92.5925925925926,100.0,100.0,135.0,1,LPM-1
3068241300039200179,,815.4635897027496,4868.119641089503,9637.471741884336,4879.208449593563,9647.271428460896,1.278420531060585,447,0.444116087222996,0.9406349932002924,48,3.8918202981106265,358.0,5.8833222,74.58100558659217,100.0,100.0,100.0,358.0,2,CM
3068241300039200180,,548.9013043063505,4885.590629920418,9640.681459405958,4894.282583898025,9648.426153671147,1.106629118617778,352,0.5345637919966125,0.9549431055891716,66,4.204692619390966,234.0,5.4595857,53.84615384615385,93.16239316239316,100.0,100.0,234.0,0,LPM-2
3068241300039200182,,2360.8435321811085,4894.648728562275,9644.21972621176,4916.475755066434,9664.360794314876,1.0507743407224717,1262,0.2924134556614124,0.8693051080206997,93,4.543294782270004,732.0,6.5971456,55.73770491803278,91.12021857923497,100.0,100.0,732.0,0,LPM-2
3068241300039200184,,544.8374440618028,4887.04166663964,9647.91145490774,4897.040908856677,9656.184837759349,1.3290438119403514,270,0.5340225930387789,0.9751086721184922,37,3.6375861597263857,225.0,5.420535,78.22222222222223,100.0,100.0,100.0,225.0,2,CM
3068241300039300033,,820.4634811965252,4661.520662154623,9538.60060717785,4673.8789643223845,9548.49128872835,1.1089695341723451,471,0.5066825787852528,0.8701475305604889,66,4.204692619390966,352.0,5.866468,63.92045454545454,95.45454545454545,100.0,100.0,352.0,2,CM
3068241300040200026,,1470.5347000201543,4917.603905352479,9664.891963641783,4931.793257982388,9684.885715195,1.1721565996975851,621,0.4434687253389598,0.7307712033666509,68,4.23410650459726,369.0,5.913503,66.39566395663957,95.1219512195122,100.0,100.0,369.0,6,EC
3068241300040200029,,1011.178540359215,4928.041236209339,9672.077330183716,4938.012905948104,9687.89069675402,1.6274736305780624,180,0.4365147107251035,0.9078154856049642,26,3.295836866004329,81.0,4.406719,75.30864197530865,100.0,100.0,100.0,81.0,6,EC
3068241300040200033,,1872.405283221215,4956.864644218195,9692.324853699767,4969.160444323175,9713.19452450848,1.535163061378321,33,0.3023685512873208,0.9436195969285216,14,2.70805020110221,20.0,3.0445225,80.0,100.0,100.0,100.0,20.0,0,LPM-2
3068241300046200078,,1728.7805734150822,4139.271190087887,9935.72626477659,4155.980676999128,9951.30936680866,1.364319088290278,304,0.3094996408591774,0.9483198810255512,41,3.737669618283368,141.0,4.955827,61.702127659574465,100.0,100.0,100.0,141.0,1,LPM-1
3068241300046200080,,2643.755597599791,4149.313508144241,9937.86404202546,4168.058451173787,9960.437116942972,1.0829070428529044,412,0.2739990977442585,0.8789511585642992,54,4.007333185232471,180.0,5.198497,51.66666666666667,97.77777777777777,100.0,100.0,180.0,1,LPM-1
3068241300060100054,,3192.8634729508103,5523.289517950169,10160.93240339843,5546.013096646461,10182.169472832778,1.2744890029365112,435,0.257249100697943,0.8521778153088881,55,4.025351690735149,183.0,5.214936,55.19125683060109,97.26775956284153,100.0,100.0,183.0,1,LPM-1
3068241300060100172,,2148.7403396682585,5609.660825426424,10319.38687829098,5626.93965748803,10335.192348853723,1.0873610619205871,17,0.2547361583972991,0.992055325392556,8,2.197224577336219,10.0,2.3978953,100.0,100.0,100.0,100.0,10.0,1,LPM-1
3068241300060200187,,3302.710352634768,5538.212049333071,10144.600243669616,5555.661389794653,10171.776266482138,1.508991645849353,109,0.2577228080706686,0.870650247661909,27,3.332204510175204,62.0,4.1431346,66.12903225806451,100.0,100.0,100.0,62.0,1,LPM-1
3068241300060200242,,595.8922673624163,5541.204804395282,10165.66967456672,5551.789362514315,10176.725459316454,1.5786907336626907,61,0.5964469726695759,0.8571377074311564,25,3.2580965380214817,33.0,3.5263605,54.54545454545454,100.0,100.0,100.0,33.0,1,LPM-1
3068241300060200271,,3484.001510805374,5528.091601503017,10177.841781056795,5550.115443511797,10198.72220839732,1.036848480758645,482,0.2138850643703392,0.9457348119362208,55,4.025351690735149,247.0,5.5134287,53.84615384615385,97.97570850202429,100.0,100.0,247.0,1,LPM-1
3068241300062100027,,4551.993085494771,5979.41263285109,10344.58487279276,6007.8637918993845,10365.94172243102,1.318161267137453,595,0.2231518457130427,0.9345355785524512,64,4.174387269895637,256.0,5.549076,46.484375,94.53125,100.0,100.0,256.0,1,LPM-1
3068241300064100009,,262.6275507162718,4316.080547375048,10383.541553574123,4322.04178311043,10389.68503071448,1.1635748101951455,61,0.7543256516789477,0.9873447509230532,22,3.1354942159291497,43.0,3.7841897,69.76744186046511,100.0,100.0,100.0,43.0,3,CM
3068241300064200002,,405.1511405787791,4309.469561110986,10368.88991068654,4317.2703542541385,10375.688168560724,1.6094304661096253,152,0.6128098532317027,0.9981700129103314,34,3.5553480614894135,108.0,4.691348,65.74074074074075,100.0,100.0,100.0,108.0,3,CM
3068241300064200005,,893.4474475999671,4307.603942803769,10377.60814587914,4320.007126630575,10386.873361840964,1.3259342161434948,480,0.4178717695971144,0.9589800238176156,59,4.0943445622221,389.0,5.966147,67.60925449871465,97.68637532133675,100.0,100.0,389.0,3,CM
3068241300064200007,,431.422932243888,4320.491560389383,10381.155683305233,4328.732689061236,10388.60127748986,1.3031798215294217,127,0.5899496136512324,0.975013162423786,26,3.295836866004329,68.0,4.2341065,69.11764705882352,100.0,100.0,100.0,68.0,1,LPM-1
3068241300064200008,,1724.5118341009884,4306.155148079626,10387.75585017811,4322.818308211525,10400.86595313278,1.3921981342238603,373,0.3010396940106554,0.9542092850789956,49,3.912023005428146,309.0,5.7365723,73.13915857605178,100.0,100.0,100.0,309.0,2,CM
3068241300069100159,,2773.773099992989,5577.986388888231,10445.7117232806,5601.827175822965,10462.493003413529,1.0053856978295777,316,0.2550880610933367,0.9219765285622727,45,3.828641396489095,192.0,5.26269,72.91666666666666,100.0,100.0,100.0,192.0,6,EC
3068241300071100013,,2499.243432924987,5995.027262433247,10368.29015622044,6014.493651219119,10385.229692403387,1.099310920688794,33,0.2374430323030591,0.9858190173239132,13,2.6390573296152584,16.0,2.8332133,81.25,100.0,100.0,100.0,16.0,1,LPM-1
3068241300076100007,,478.3221321045238,5188.230357998696,10653.45162167785,5194.888555870912,10663.036954711077,1.6079984763165944,135,0.6156629041692111,0.9235089004782996,31,3.4657359027997265,67.0,4.2195077,62.68656716417911,100.0,100.0,100.0,67.0,0,LPM-2
3068241300076100008,,1601.839450876818,5174.200039414534,10654.186422989796,5189.067461444839,10674.517986196355,2.4082742289158587,731,0.3675778230834537,0.9047651924242556,71,4.276666119016055,513.0,6.2422233,65.69200779727096,95.90643274853801,100.0,100.0,513.0,0,LPM-2
3068241300076100009,,1119.497327078511,5184.167683258709,10661.371130179448,5195.23788511995,10680.334427850064,2.2623725471855325,364,0.4398388995333828,0.9027596017027488,57,4.060443010546419,188.0,5.241747,48.40425531914894,96.27659574468085,100.0,100.0,188.0,0,LPM-2
3068241300076100012,,776.4349078929615,5169.621778317007,10671.38314397071,5179.568657425962,10682.124423198557,1.1873807374774492,256,0.4294575977927474,0.9925224343467216,43,3.784189633918261,182.0,5.209486,69.78021978021978,100.0,100.0,100.0,182.0,0,LPM-2
3068241300076100021,,2321.28624944898,5150.007638418869,10683.424997429844,5167.405430370152,10707.855379542098,1.5156371151937111,1208,0.3339480569312999,0.7742151670004261,66,4.204692619390966,1032.0,6.9402223,75.67829457364341,98.44961240310077,100.0,100.0,1032.0,2,CM
3068241300076100034,,697.9153081891495,5142.600589543783,10718.14806954101,5153.404621994479,10726.27895642499,1.4025569241352809,168,0.4672417622806096,0.9667313049485282,38,3.6635616461296463,98.0,4.59512,60.204081632653065,100.0,100.0,100.0,98.0,1,LPM-1
3068241300076100039,,731.1662748949126,5142.225754475005,10725.36860765199,5154.041216286064,10732.90668238309,1.6945879513377151,181,0.4770705578858659,0.9659948070481112,39,3.6888794541139363,109.0,4.7004805,57.798165137614674,100.0,100.0,100.0,109.0,1,LPM-1
3068241300076100041,,334.5860986561986,5118.471296037026,10726.66982026242,5126.9707691737685,10731.992946563092,1.7455481253105398,48,0.6961314024577867,1.0,14,2.70805020110221,26.0,3.295837,84.61538461538461,100.0,100.0,100.0,26.0,1,LPM-1
3068241300076100042,,586.4442051490868,5125.430975985032,10729.939131527037,5136.938338555744,10737.707894347408,1.574523837388402,146,0.5261086095569891,0.977077927973098,29,3.4011973816621555,68.0,4.2341065,64.70588235294117,100.0,100.0,100.0,68.0,1,LPM-1
3068241300076100099,,2388.988929531254,5028.527574210457,10812.398424596257,5049.104661587748,10834.300145751047,1.637776796423324,464,0.319985894955699,0.787694621084927,59,4.0943445622221,260.0,5.5645204,52.307692307692314,96.53846153846153,100.0,100.0,260.0,1,LPM-1
3068241300076100122,,947.7765687370584,5010.823434348036,10832.05924663224,5024.582003039962,10841.630535649305,1.729819954631086,39,0.4084974691919402,0.9920694290422832,13,2.6390573296152584,28.0,3.3672957,89.28571428571429,100.0,100.0,100.0,28.0,2,CM
3068241300076100126,,788.1906246576809,5032.729669846796,10837.51201699776,5041.275810365961,10851.495752256264,1.8100945641202808,205,0.4727730061946343,0.94295433700151,35,3.58351893845611,103.0,4.644391,66.99029126213593,100.0,100.0,100.0,103.0,1,LPM-1
3068241300076100129,,1869.8003568985573,5012.388958953513,10840.790698237986,5028.233272556011,10859.251452286178,1.101908485328026,809,0.3119477357498264,0.9047836195466624,84,4.442651256490317,605.0,6.40688,57.35537190082645,94.04958677685951,100.0,100.0,605.0,3,CM
3068241300076100137,,922.127938021577,5027.199774895607,10846.629249825146,5036.424876328037,10859.375129823373,1.382021127329157,427,0.4133459455791767,0.9639709572318628,58,4.07753744390572,226.0,5.42495,48.67256637168141,96.46017699115043,100.0,100.0,226.0,1,LPM-1
3068241300076100158,,975.7523431141112,4996.800474970179,10872.776979137245,5006.449044367807,10887.123154046803,1.485726510662146,311,0.4015731534359207,0.9859055412018222,42,3.7612001156935624,253.0,5.5373344,77.86561264822134,100.0,100.0,100.0,253.0,2,CM
3068241300076100162,,1163.9240085514316,4985.183920135558,10880.610223276826,5001.248451673691,10894.89689924973,1.0194957747908804,369,0.4610215001364492,0.7685971873630955,40,3.7135720667043075,308.0,5.733341,84.74025974025975,100.0,100.0,100.0,308.0,2,CM
3068241300076100164,,722.6029283071848,4977.869507336838,10888.344552634857,4986.710565314048,10899.859101575566,1.6235046160287971,260,0.4849835380934496,0.9419148856641898,40,3.7135720667043075,156.0,5.056246,68.58974358974359,100.0,100.0,100.0,156.0,0,LPM-2
3068241300076100168,,383.1419406863898,4998.965093972262,10892.8803312132,5006.632988686741,10898.957044976984,1.2609333061380463,142,0.6170076083680301,1.0,41,3.737669618283368,82.0,4.4188404,48.78048780487805,100.0,100.0,100.0,82.0,0,LPM-2
3068241300076100175,,608.4700963862383,4976.89380512258,10899.017335820214,4985.550886261752,10907.541780013436,1.0166200799550522,107,0.5009595653846707,0.95409411966345,28,3.3672958299864737,46.0,3.8501477,56.52173913043478,100.0,100.0,100.0,46.0,0,LPM-2
3068241300076100176,,1234.1644971123824,4953.632810929321,10901.458638085052,4965.980082524654,10915.63376225354,1.0200933330287243,365,0.34141237535897,0.9867606322899526,59,4.0943445622221,221.0,5.4026775,64.25339366515837,95.92760180995475,100.0,100.0,221.0,0,LPM-2
3068241300076200013,,931.704720903296,5178.392432201373,10670.849166147327,5188.7942104375,10684.814533976773,1.161863353383066,412,0.4424370921646505,0.913270385710289,63,4.1588830833596715,217.0,5.3844953,40.09216589861751,94.00921658986175,100.0,100.0,217.0,0,LPM-2
3068241300076200015,,765.8830770601473,5165.54441264552,10679.502277415157,5173.687192626599,10692.410500196413,1.8088648385834,273,0.4708251667929862,0.9555598647342032,35,3.58351893845611,233.0,5.4553213,82.40343347639485,100.0,100.0,100.0,233.0,2,CM
3068241300076200016,,513.6118431410271,5174.616192170104,10682.182616776292,5183.266781703808,10691.378472929537,1.646479690917941,148,0.5623871259862816,0.9683027273991698,42,3.7612001156935624,105.0,4.6634393,55.23809523809524,100.0,100.0,100.0,105.0,0,LPM-2
3068241300076200024,,2335.566910031498,5139.507605894982,10701.934397381028,5165.740796781151,10718.252083461908,1.783271069628173,1050,0.347280457795836,0.7612890185632661,82,4.418840607796597,770.0,6.6476884,63.63636363636363,95.1948051948052,100.0,100.0,770.0,3,CM
3068241300076200026,,512.9602348991407,5119.849509357202,10705.8211387944,5128.169698243331,10716.067127170463,2.1537693009621743,54,0.5762821808934303,0.9752888099993732,20,3.044522437723423,31.0,3.465736,67.74193548387096,100.0,100.0,100.0,31.0,4,LPM-3
3068241300076200028,,2177.8538059557573,5125.067600179389,10707.961451219762,5142.533349157256,10725.347051419183,1.1823769408818028,812,0.2628789540156372,0.9777627924607636,82,4.418840607796597,518.0,6.251904,46.33204633204633,93.82239382239382,100.0,100.0,518.0,4,LPM-3
3068241300076200035,,895.7633764736232,5132.483308016759,10723.477931133648,5144.524251989914,10736.219615229124,1.3384983420423149,167,0.4929643528962462,0.8580757788457891,39,3.6888794541139363,87.0,4.477337,51.724137931034484,100.0,100.0,100.0,87.0,1,LPM-1
3068241300076200041,,1637.6154612083778,5111.138268447995,10739.4016107946,5124.954019137964,10756.673144919452,1.4872034668729193,61,0.3346347366319392,0.9316480195035254,30,3.4339872044851463,44.0,3.8066626,54.54545454545454,100.0,100.0,100.0,44.0,1,LPM-1
3068241300076200120,,1132.331432616989,5024.25419760965,10833.34209813908,5035.748187145815,10847.095497279266,1.250541589462226,315,0.375130161557674,0.955303617451126,53,3.988984046564274,174.0,5.164786,51.14942528735632,98.27586206896551,100.0,100.0,174.0,1,LPM-1
3068241300076200140,,1168.352164254225,5004.271617850332,10853.766580776131,5016.870164862727,10868.427309942275,1.3755423086555054,540,0.3913661475412069,0.9160449608886722,54,4.007333185232471,443.0,6.0958247,76.2979683972912,99.09706546275395,100.0,100.0,443.0,2,CM
3068241300076200144,,2002.474234586704,5014.34808723578,10856.810092042557,5028.216285489418,10875.687746034471,1.2738485986368615,659,0.2954369769470722,0.9304264358027844,72,4.290459441148391,418.0,6.037871,47.12918660287082,93.0622009569378,100.0,100.0,418.0,3,CM
3068241300076200149,,1224.360972316496,4999.77585281515,10864.543259052109,5012.932744174292,10877.407275709946,1.101948115633088,422,0.3541325971690564,0.952547229581262,43,3.784189633918261,349.0,5.857933,77.07736389684814,100.0,100.0,100.0,349.0,2,CM
3068241300076200153,,1662.8720035660674,5000.297449921378,10877.430861020115,5018.768646966733,10894.956030341831,1.874487265742734,485,0.3630199006211509,0.8678645626201561,70,4.2626798770413155,280.0,5.638355,44.642857142857146,92.85714285714286,100.0,100.0,280.0,3,CM
3068241300076200157,,696.9910978616476,4968.521695893897,10890.102592603802,4977.897011855046,10900.682933526425,1.043620028587971,212,0.4683906396521439,0.967077692463059,40,3.7135720667043075,130.0,4.8751974,68.46153846153847,100.0,100.0,100.0,130.0,2,CM
3068241300076200159,,1113.9701271314436,4984.324058549824,10893.398100628983,4996.44313930206,10905.397224992364,1.1734768231112809,368,0.3943684314887549,0.9153593482144332,52,3.9702919135521215,200.0,5.303305,55.00000000000001,99.0,100.0,100.0,200.0,0,LPM-2
3068241300076200161,,2573.304556149439,4956.899980121793,10896.28770076148,4981.829091198621,10918.873604095214,1.480566150794821,1036,0.3444768670282113,0.7018309738965195,85,4.454347296253507,552.0,6.315358,44.927536231884055,90.39855072463769,100.0,100.0,552.0,0,LPM-2
3068241300085100098,,1058.8824274310844,5183.687491713078,11032.509130336472,5200.75155699093,11045.443425376636,2.7539475573235355,365,0.4551688129599922,0.918134644309246,52,3.9702919135521215,147.0,4.9972124,52.38095238095239,98.63945578231292,100.0,100.0,147.0,1,LPM-1
3068241300085100104,,1828.7067242449696,5058.256606111087,11038.667562812325,5083.7827769979895,11050.742789415452,2.499851152025231,883,0.3713383700455773,0.8521521161028348,90,4.51085950651685,443.0,6.0958247,43.792325056433405,88.48758465011286,100.0,100.0,443.0,1,LPM-1
3068241300085100109,,425.37354177026447,5189.519829960493,11043.119588034431,5198.6436469532655,11049.786449593405,1.4372106366752744,80,0.6256140556407984,0.9383066369415516,18,2.9444389791664403,36.0,3.6109178,77.77777777777779,100.0,100.0,100.0,36.0,1,LPM-1
3068241300085100110,,550.0261966036774,5087.401380778972,11043.387502352389,5100.164782212551,11050.201104198202,2.5078121482336964,298,0.6361756349232207,0.8501704566167652,49,3.912023005428146,109.0,4.7004805,48.62385321100918,100.0,100.0,100.0,109.0,1,LPM-1
3068241300085100113,,168.21145586191346,5055.83355200509,11045.146068057657,5060.883776614749,11049.751832361844,1.202975944932476,68,0.9191286972865774,1.0,23,3.1780538303479453,29.0,3.4011974,55.172413793103445,100.0,100.0,100.0,29.0,3,CM
3068241300085100114,,497.18923183461743,5180.871093394014,11045.079800551855,5188.108241530763,11055.63470326189,1.2909659671119929,191,0.5692364952362551,0.9641830370411336,40,3.7135720667043075,83.0,4.4308167,48.19277108433735,100.0,100.0,100.0,83.0,1,LPM-1
3068241300085100118,,809.5596319770736,5098.591642659856,11048.589391236806,5108.041668767746,11059.05278091729,1.1480006876608186,245,0.4171266399376326,0.9950412558578444,45,3.828641396489095,149.0,5.0106354,58.38926174496645,100.0,100.0,100.0,149.0,1,LPM-1
3068241300085100121,,313.8407823673692,5188.4251248219125,11049.294324826174,5196.65022550753,11054.08412960271,1.7279209739355512,85,0.6994888829293934,1.0,19,2.995732273553991,29.0,3.4011974,68.96551724137932,100.0,100.0,100.0,29.0,1,LPM-1
3068241300085100122,,1156.1285307469338,5033.787614788461,11049.683668290558,5050.636010340501,11060.564707110072,1.6494455467147409,686,0.4278837539761312,0.8830787113118655,63,4.1588830833596715,554.0,6.3189683,73.82671480144406,97.65342960288808,100.0,100.0,554.0,2,CM
3068241300085100125,,459.6959089536333,5195.77985430632,11050.114431181377,5204.485203536228,11056.76465997122,1.331120492824996,67,0.5705871284018568,0.9750831024077526,22,3.1354942159291497,42.0,3.7612002,71.42857142857143,100.0,100.0,100.0,42.0,2,CM
3068241300085100126,,2123.823952624899,5002.891969880512,11050.090882040951,5023.311869385072,11066.186035527437,1.0923633886993596,768,0.2965947084729628,0.8824122487614602,71,4.276666119016055,521.0,6.2576675,64.29942418426103,95.96928982725528,100.0,100.0,521.0,0,LPM-2
3068241300085100128,,1022.1265011175236,5023.210971639854,11052.354424350096,5035.947562294314,11062.832596399245,1.461846600764051,543,0.3835320762002832,0.9840443129651842,51,3.951243718581427,451.0,6.1136823,76.94013303769401,99.77827050997783,100.0,100.0,451.0,2,CM
3068241300085100131,,907.3424757240582,5145.69873044029,11056.6901218226,5157.869673586781,11066.179539144963,1.4611504871812346,94,0.3989845381042901,0.9918009329086616,27,3.332204510175204,46.0,3.8501477,63.04347826086957,100.0,100.0,100.0,46.0,1,LPM-1
3068241300085100134,,2072.253275554087,4985.718433485761,11058.41619663724,5006.207144341446,11077.956459408726,1.7973683374745502,639,0.3195594728299032,0.8709194652325838,69,4.2484952420493585,301.0,5.710427,54.81727574750831,93.68770764119601,100.0,100.0,301.0,0,LPM-2
3068241300085100135,,351.1845727651172,5054.716740005326,11060.26532998547,5065.194941983134,11065.08708374577,2.431491507983794,123,0.760951975033817,0.9323386042635085,23,3.1780538303479453,79.0,4.3820267,79.74683544303798,100.0,100.0,100.0,79.0,2,CM
3068241300085200072,,2608.0581864875944,5037.552348945891,11013.384235872218,5061.573397830896,11029.569274745529,1.2480669666151238,865,0.2607536588847524,0.9174645917801858,92,4.532599493153255,453.0,6.1180973,39.0728476821192,88.30022075055187,100.0,100.0,453.0,1,LPM-1
3068241300085200082,,1425.2071699803928,5078.481579992031,11026.062564913776,5091.665183673277,11039.937714051412,1.1016284368292222,279,0.3174964407555493,0.9768678590427764,59,4.0943445622221,145.0,4.983607,50.3448275862069,93.79310344827586,100.0,100.0,145.0,1,LPM-1
3068241300085200089,,1862.191162892308,5060.775805464184,11028.50147799441,5078.860552476908,11043.426889109867,1.535312845583309,783,0.2940671602640013,0.9645267461731448,84,4.442651256490317,357.0,5.880533,40.896358543417364,88.23529411764706,100.0,100.0,357.0,1,LPM-1
3068241300085200096,,2288.497617416436,5018.769908129165,11035.983016892897,5040.491090259471,11055.930947159224,1.015589914474955,878,0.320339957568878,0.8214009986789927,78,4.3694478524670215,516.0,6.248043,46.70542635658915,92.44186046511628,100.0,100.0,516.0,0,LPM-2
3068241300085200103,,240.78791974745667,5093.0648171351,11039.872700051135,5101.911929786874,11044.591500713364,2.7904587496729123,67,0.9626129369539776,0.8674651500652697,14,2.70805020110221,26.0,3.295837,84.61538461538461,100.0,100.0,100.0,26.0,1,LPM-1
3068241300085200104,,917.3037174816384,5102.041955973429,11039.300950799992,5112.282701659276,11051.803126561692,1.3287915196797029,25,0.4050061923720486,0.9804328378353744,8,2.197224577336219,10.0,2.3978953,100.0,100.0,100.0,100.0,10.0,1,LPM-1
3068241300085200105,,1361.7895450123335,5038.104874120517,11040.287553434006,5052.526005266178,11053.010678704624,1.1384457913177146,667,0.3392931572564181,0.9439427867122406,81,4.406719247264253,400.0,5.9939613,46.75,89.75,100.0,100.0,400.0,3,CM
3068241300085200107,,870.2376929144624,5011.401157366626,11044.61226023926,5021.76787750909,11056.026908726108,1.1561066931488375,334,0.414834954151603,0.9802168527779463,55,4.025351690735149,197.0,5.288267,47.71573604060914,97.46192893401016,100.0,100.0,197.0,0,LPM-2
3068241300085200108,,2390.7166663725566,5075.576061137395,11046.63191881402,5100.898887940399,11061.103046218612,2.19412151773159,1150,0.2996773148848979,0.9058378259367652,88,4.48863636973214,737.0,6.603944,50.47489823609227,90.77340569877883,100.0,100.0,737.0,3,CM
3068241300085200110,,1672.196355717156,5047.418778973104,11048.050060537253,5064.933840590988,11061.99930286331,1.3346212393129222,1200,0.3508025858519553,0.8577722907446754,72,4.290459441148391,946.0,6.853299,78.75264270613108,97.67441860465115,100.0,100.0,946.0,2,CM
3068241300085200116,,1806.0391632585315,5064.237219365572,11049.668444693352,5079.39458369575,11067.894946675222,1.2043004132224946,963,0.3328964248601204,0.851176472379236,65,4.189654742026425,812.0,6.7007313,74.50738916256158,98.15270935960592,100.0,100.0,812.0,2,CM
3068241300085200117,,1394.303100155689,5171.598047333455,11049.993965642252,5186.682854953487,11064.134135694374,1.0354688509740173,331,0.3980058694358557,0.8373874476035073,48,3.8918202981106265,198.0,5.293305,68.18181818181817,100.0,100.0,100.0,198.0,6,EC
3068241300085200121,,1567.307284832788,5072.167901398261,11057.56103687114,5090.99249901942,11068.110936131332,1.866337611296238,726,0.3376399739321857,0.958114469937728,71,4.276666119016055,533.0,6.280396,63.03939962476548,96.06003752345215,100.0,100.0,533.0,3,CM
3068241300085200123,,1173.2349002089616,5089.513347420627,11059.941951434515,5100.679812684896,11073.28156910622,1.146856027175973,462,0.360428452103351,0.9704358213137774,62,4.143134726391533,320.0,5.771441,61.875,96.25,100.0,100.0,320.0,3,CM
3068241300085200125,,734.7710249715649,5100.853984845209,11060.697914530909,5108.298566472806,11072.449729754671,1.588154337419974,176,0.4661862892111127,0.9585900624842518,50,3.9318256327243257,110.0,4.7095304,55.45454545454545,100.0,100.0,100.0,110.0,3,CM
3068241300085200126,,1625.3226987204002,4976.413513004201,11074.525052212352,4992.636324880357,11088.287223448233,1.0225637125130695,520,0.3184717377381754,0.9368160436611808,64,4.174387269895637,285.0,5.655992,49.824561403508774,95.08771929824562,100.0,100.0,285.0,0,LPM-2
3068241300085200127,,1643.5558683158013,4965.720438320012,11084.51746226932,4982.466658255775,11098.356902108362,1.256679366439909,688,0.3026250685473544,0.9798086608359458,62,4.143134726391533,334.0,5.814131,54.49101796407185,96.40718562874252,100.0,100.0,334.0,0,LPM-2
3068241300085300095,,2568.65206649407,4944.797922596095,11092.02163023666,4967.958697332988,11115.747993340976,2.681379491795831,1167,0.2947533701371649,0.9383421772435452,85,4.454347296253507,594.0,6.3885612,51.010101010101,93.77104377104376,100.0,100.0,594.0,0,LPM-2
3068241300086100081,,1185.373346508912,5286.393475598019,10984.403026412818,5306.366760483993,10993.789091493963,2.1685982095108502,462,0.4362107132872151,0.8639689200306465,61,4.127134385045092,217.0,5.3844953,52.53456221198156,94.93087557603687,100.0,100.0,217.0,0,LPM-2
3068241300086100082,,1192.489082381081,5297.415704419585,10987.776653954712,5311.118110838866,11000.592018226997,1.0650035564938527,493,0.3862521379992851,0.9145997482953362,68,4.23410650459726,304.0,5.7203116,49.67105263157895,94.07894736842105,100.0,100.0,304.0,0,LPM-2
3068241300086100090,,445.94110197624747,5288.923582716652,10991.666503645129,5297.841197379042,10997.912518045036,1.3912579083485863,200,0.6027429954377429,0.983809118227273,46,3.8501476017100584,123.0,4.8202815,58.536585365853654,100.0,100.0,100.0,123.0,0,LPM-2
3068241300086100091,,910.7921576364834,5272.632037168829,10992.970740030183,5283.453013515004,11005.163411617435,1.00182272178528,339,0.4159907004775042,0.9523321625814654,49,3.912023005428146,221.0,5.4026775,65.61085972850678,100.0,100.0,100.0,221.0,0,LPM-2
3068241300086100097,,1498.1109237067626,5214.575221028392,11000.0283946714,5232.068776473169,11011.68235959196,1.4632253953787266,340,0.3306332911315674,0.9357567159151317,68,4.23410650459726,178.0,5.187386,51.12359550561798,89.8876404494382,100.0,100.0,178.0,1,LPM-1
3068241300086100103,,1618.0693430298425,5217.059160660124,11009.14006578528,5236.001863146536,11022.03066192638,1.3702219597265632,547,0.3244249808640098,0.9408309202298168,73,4.304065093204169,275.0,5.620401,44.0,91.63636363636364,100.0,100.0,275.0,1,LPM-1
3068241300086100106,,1979.057849033725,5224.40223010139,11014.812106909963,5250.608965290584,11026.328743784636,2.274780891154306,844,0.3344047297669305,0.8943376808798879,83,4.430816798843313,595.0,6.3902407,53.445378151260506,92.60504201680672,100.0,100.0,595.0,3,CM
3068241300086100108,,1152.9717789812062,5202.4795149956135,11016.882707121707,5215.201176468886,11030.381133253792,1.2227590873678875,304,0.3699168578523596,0.982330683715359,62,4.143134726391533,157.0,5.062595,52.86624203821656,92.35668789808918,100.0,100.0,157.0,1,LPM-1
3068241300086100109,,4259.058647977099,5209.715339140223,11016.407001546731,5233.526799172798,11048.77927417619,1.4412532949736812,2290,0.2432196811508793,0.8188973408688087,110,4.709530201312334,1660.0,7.415175,57.22891566265061,89.87951807228916,99.3975903614458,100.0,1660.0,3,CM
3068241300086100110,,1035.9512470553464,5229.601413720941,11024.741894169538,5246.630062474265,11036.227412318316,2.440203669484515,412,0.4465714895832836,0.9338808571498745,52,3.9702919135521215,335.0,5.817111,71.34328358208955,99.40298507462687,100.0,100.0,335.0,2,CM
3068241300086200093,,1048.31836084465,5279.028902685282,10988.11162867292,5289.705523790832,11001.33604717362,1.318483048804487,412,0.3860061875435784,0.9571650879076125,56,4.04305126783455,267.0,5.590987,58.80149812734082,97.75280898876404,100.0,100.0,267.0,0,LPM-2
3068241300086200097,,1892.8413155336125,5258.217580745869,10989.941757520024,5276.818971344011,11004.61003603451,1.222836983466139,264,0.2878929548060882,0.9805908182132804,49,3.912023005428146,151.0,5.0238805,56.95364238410596,100.0,100.0,100.0,151.0,0,LPM-2
3068241300086200104,,2311.64984918697,5243.321527823199,11001.832554510327,5263.860056353255,11017.8730520882,1.6146864227554794,535,0.2754329898418541,0.9650200675200122,72,4.290459441148391,336.0,5.820083,46.42857142857143,92.85714285714286,100.0,100.0,336.0,3,CM
3068241300086200108,,324.85564357079096,5236.904679839048,11008.866669145333,5243.160869891372,11016.71831229398,1.7947797246165342,49,0.7102438364071355,0.9778801636746552,19,2.995732273553991,27.0,3.3322046,66.66666666666666,100.0,100.0,100.0,27.0,3,CM
3068241300086200114,,502.1209275782364,5227.596400131586,11025.479645414523,5237.558936532385,11032.376063281828,1.4436483583690465,264,0.5926232923692777,0.9553514341318968,54,4.007333185232471,175.0,5.170484,56.00000000000001,97.71428571428571,100.0,100.0,175.0,3,CM
3068241300086200119,,2523.5414460443453,5202.403080333309,11037.193553103987,5218.973131192047,11059.59689219094,1.406361848188844,397,0.2542898775849077,0.9340441792723344,60,4.110873864173311,281.0,5.641907,61.92170818505338,96.44128113879003,100.0,100.0,281.0,3,CM
3068241300087200032,,2067.966302854402,5482.667281530687,11014.140198968636,5503.18718464454,11027.051751175208,1.595085279040128,310,0.2767418292692151,0.9642679832001044,46,3.8501476017100584,134.0,4.905275,56.71641791044776,100.0,100.0,100.0,134.0,1,LPM-1
3068241300095100018,,1443.7493002010544,5353.346647910667,11217.634837057714,5366.089935868218,11234.067283765877,1.2893731059697038,172,0.3940512651883815,0.8501171606684392,45,3.828641396489095,74.0,4.317488,43.24324324324324,100.0,100.0,100.0,74.0,1,LPM-1
3068241300095100026,,192.8254454568749,5446.418487556563,11235.946119381872,5452.0685204048505,11240.495574621937,1.428055925533013,77,0.8795469458760428,1.0,22,3.1354942159291497,34.0,3.5553482,64.70588235294117,100.0,100.0,100.0,34.0,1,LPM-1
3068241300095100027,,482.20564520675225,5366.507032930761,11236.630844251196,5375.38650719878,11244.321378284129,1.24127523224663,181,0.5639084327038618,0.9684198109911264,39,3.6888794541139363,128.0,4.8598123,68.75,100.0,100.0,100.0,128.0,5,EC
3068241300095100029,,1894.1042511958967,5425.852548195647,11237.25196168004,5448.31342080345,11252.141580335752,1.8132899107372435,825,0.3571623797871644,0.8732141446511433,75,4.330733340286331,378.0,5.9375362,51.32275132275132,93.38624338624338,100.0,100.0,378.0,1,LPM-1
3068241300095100032,,889.1471827725926,5353.675840405353,11240.260307116245,5366.829616347097,11249.86606344928,1.6299889765444566,484,0.4361318590657882,0.9652549183973848,63,4.1588830833596715,281.0,5.641907,49.46619217081851,95.37366548042705,100.0,100.0,281.0,5,EC
3068241300095100038,,1739.84373608554,5369.312810304616,11250.54329970749,5388.578562478307,11266.38905160044,2.3043725280020504,700,0.3333506359162153,0.9202937451210462,63,4.1588830833596715,437.0,6.082219,65.21739130434783,97.02517162471396,100.0,100.0,437.0,6,EC
3068241300095100040,,2021.01595841904,5346.132580726135,11253.564511068364,5358.983791186961,11273.63812659284,1.5763844633549862,728,0.286518469526484,0.9530270261397892,72,4.290459441148391,422.0,6.0473723,58.767772511848335,94.7867298578199,100.0,100.0,422.0,6,EC
3068241300095100041,,3306.625290272036,5322.33585017859,11254.860447805033,5339.4593572741815,11279.881768134546,1.5391221992476245,1523,0.2301326016617673,0.933518326728192,88,4.48863636973214,623.0,6.4361506,46.3884430176565,88.60353130016051,100.0,100.0,623.0,1,LPM-1
3068241300095100042,,1310.8197889548396,5357.8060580730125,11254.236809441056,5369.867824148329,11267.576593217282,1.1339639741241954,595,0.3245848675573879,0.992031667311335,59,4.0943445622221,404.0,6.003887,71.03960396039604,97.77227722772277,100.0,100.0,404.0,6,EC
3068241300095100047,,1098.4841739753217,5331.113115211066,11279.866308430284,5343.017471903368,11292.369940630164,1.0365573280690366,530,0.3731562129345894,0.9664109390149652,60,4.110873864173311,259.0,5.560682,58.301158301158296,96.13899613899613,100.0,100.0,259.0,1,LPM-1
3068241300095100048,,625.5094961338725,5357.993523362694,11285.1154164686,5369.358109336084,11294.983124970156,1.7684047517972958,211,0.5323019162035195,0.9709808845539925,41,3.737669618283368,115.0,4.75359,59.130434782608695,100.0,100.0,100.0,115.0,1,LPM-1
3068241300095100052,,1806.6812839695767,5339.319289121461,11295.369968399396,5359.830293923946,11309.606152565257,1.521522776156247,780,0.320936991147283,0.9162734473711938,77,4.356708826689592,342.0,5.8377304,43.859649122807014,91.52046783625731,100.0,100.0,342.0,1,LPM-1
3068241300095200096,,2063.3902674393817,5370.545459762272,11224.497071391052,5389.21731696705,11240.647123276876,1.3284865575916378,486,0.3113666635121383,0.9072503359047912,63,4.1588830833596715,341.0,5.8348107,65.6891495601173,96.18768328445748,100.0,100.0,341.0,5,EC
3068241300095200098,,1172.566532044949,5434.453951290735,11227.194406985394,5448.32644103828,11239.132858149498,1.2618284140511842,384,0.3759482518741058,0.948471953330079,56,4.04305126783455,168.0,5.1298985,47.023809523809526,96.42857142857143,100.0,100.0,168.0,1,LPM-1
3068241300095200100,,703.0928240371838,5358.9674918291175,11229.407286990336,5370.319385914194,11237.90206393328,1.099228115397897,188,0.4663940666039358,0.9842221645268184,41,3.737669618283368,114.0,4.744932,53.50877192982456,100.0,100.0,100.0,114.0,1,LPM-1
3068241300095200106,,923.7344317858164,5351.415518075131,11232.786463760309,5366.419530689888,11244.196174135304,1.3722487989264454,221,0.4972747912591476,0.8068857799036991,44,3.8066624897703196,111.0,4.7184987,59.45945945945946,100.0,100.0,100.0,111.0,1,LPM-1
3068241300095200110,,2318.8014683880133,5434.967582140005,11238.431703389884,5459.328274177837,11261.764488036526,2.102157366947828,559,0.353232962261985,0.7276442050481393,61,4.127134385045092,333.0,5.811141,69.06906906906907,96.69669669669669,100.0,100.0,333.0,6,EC
3068241300095200120,,1699.607638629676,5335.141866080904,11252.835174718251,5347.944356963917,11273.059195538788,1.626715111301599,522,0.3446003314448958,0.9067996835464206,60,4.110873864173311,318.0,5.765191,61.63522012578616,96.85534591194968,100.0,100.0,318.0,5,EC
3068241300095200132,,1007.5811804376488,5334.893398359606,11273.427918666554,5351.154605376352,11282.168254548917,1.7697276710020453,374,0.4137398008235018,0.9784133156636842,64,4.174387269895637,174.0,5.164786,40.804597701149426,91.95402298850574,100.0,100.0,174.0,1,LPM-1
3068241300095200134,,1539.8534058261234,5340.214401581336,11274.56171264037,5356.783231338859,11292.520957261144,1.6668541012836129,931,0.4077572158409296,0.8162070981650098,86,4.465908118654584,466.0,6.1463294,51.072961373390555,91.20171673819742,100.0,100.0,466.0,1,LPM-1
3068241300095200137,,1658.8214238522555,5343.310214979852,11286.610607965673,5362.678792961584,11300.626594192365,1.3831068708656584,915,0.3323589879871562,0.9220853901148548,81,4.406719247264253,409.0,6.016157,46.21026894865526,91.68704156479217,100.0,100.0,409.0,1,LPM-1
3068241300095200140,,422.2549569872133,5330.5911201182935,11303.998049070433,5337.724380734073,11311.650815308156,1.1684030350896983,33,0.5824577292726484,0.986839901359087,14,2.70805020110221,18.0,2.944439,77.77777777777779,100.0,100.0,100.0,18.0,1,LPM-1
307557600146100024,,1910.9044047993136,9581.2415664338,4973.042571661086,9599.161216059803,4991.1470396278,1.1413596215388242,320,0.3371508714263341,0.8329116182930719,44,3.8066624897703196,223.0,5.411646,73.54260089686099,100.0,100.0,100.0,223.0,6,EC
307557600146100025,,1162.2514902688054,9542.972273542937,4974.505006612544,9557.256983391142,4984.8640679033015,1.388090218303664,110,0.3900683775097766,0.8945397808994716,28,3.3672958299864737,44.0,3.8066626,59.09090909090909,100.0,100.0,100.0,44.0,0,LPM-2
307557600146100026,,2261.3930957148928,9613.617246241269,4976.614044386765,9640.728370298766,4993.345911608964,1.6941410019879424,511,0.3654018424400567,0.7107738126138752,51,3.951243718581427,387.0,5.961005,77.2609819121447,99.74160206718346,100.0,100.0,387.0,2,CM
307557600146100027,,1788.472389768039,9594.012538805277,4979.097968668691,9608.764084616028,4998.448184009151,1.432259330459474,432,0.3572615981521551,0.8008664125230759,53,3.988984046564274,296.0,5.6937323,68.24324324324324,98.98648648648648,100.0,100.0,296.0,0,LPM-2
307557600146100034,,1152.3938934819837,9636.414358850923,4987.953698717294,9649.756751433142,5000.776762424502,1.4312688046938824,381,0.4028065091995466,0.9180221407189268,55,4.025351690735149,320.0,5.771441,74.375,98.4375,100.0,100.0,320.0,2,CM
307557600146100035,,951.8562624117718,9607.87972013107,4990.225384191956,9619.550355211875,5001.113967721716,1.127897352838571,19,0.3868881016068233,0.990636323637758,9,2.3025850929940455,14.0,2.7080503,100.0,100.0,100.0,100.0,14.0,2,CM
307557600146100142,,573.146875113016,9778.591185421872,5057.19399465879,9791.748637835772,5065.156099865109,2.6683135823236723,47,0.6135675208230245,0.9288420998501526,18,2.9444389791664403,28.0,3.3672957,71.42857142857143,100.0,100.0,100.0,28.0,2,CM
307557600146200022,,859.2272020055136,9604.175420341568,4981.904301918943,9614.00589249332,4992.388612149539,1.0289826427052997,294,0.4114969371315959,0.987492508416038,42,3.7612001156935624,237.0,5.4722705,77.21518987341773,100.0,100.0,100.0,237.0,2,CM
307557600146200024,,1139.7016034558876,9625.485835789148,4983.548132592449,9638.502336154632,4995.066236431701,1.2255598372348562,417,0.3572951294744592,0.98414232081575,47,3.8712010109078907,354.0,5.872118,77.68361581920904,100.0,100.0,100.0,354.0,2,CM
307557600146200027,,940.548868509606,9647.68019873407,4986.691333844745,9657.817157029296,5000.331447884589,1.3710743200060522,133,0.4208047153836477,0.938744454171989,30,3.4339872044851463,97.0,4.5849676,74.22680412371135,100.0,100.0,100.0,97.0,2,CM
307557600146200035,,2551.741841147385,9618.67450578952,4993.993891856423,9649.180327388916,5008.18706325275,2.1597746635264743,301,0.3100591281838302,0.8276120680920724,57,4.060443010546419,170.0,5.1416636,46.470588235294116,95.88235294117648,100.0,100.0,170.0,3,CM
307557600146200039,,1525.4522246483257,9646.931350138608,4995.763057309168,9665.986563785456,5007.898335984808,1.4635888942488184,297,0.3409916304859055,0.9507614279593374,60,4.110873864173311,204.0,5.32301,47.549019607843135,95.09803921568627,100.0,100.0,204.0,3,CM
307557600146200042,,1245.1900663194592,9599.54639051416,4996.90656680727,9618.75459894021,5007.426859798516,1.906837836991311,154,0.4067344447049721,0.8756494451875005,48,3.8918202981106265,92.0,4.5325994,48.91304347826087,100.0,100.0,100.0,92.0,3,CM
307557600146200108,,1189.1537840135538,9765.729475959011,5057.920440881738,9781.035178976264,5075.518946998651,2.089543811851454,366,0.5056812058357895,0.691445939663569,70,4.2626798770413155,293.0,5.68358,63.82252559726962,93.1740614334471,100.0,100.0,293.0,3,CM
307557600146200110,,896.5185806944273,9771.640102319734,5058.50004603593,9783.127553323606,5071.653330935807,2.062931350287602,186,0.4361169507764654,0.9806167122656528,36,3.6109179126442243,126.0,4.8441873,61.111111111111114,100.0,100.0,100.0,126.0,3,CM
307557600146200123,,650.5277115510729,9785.94234579894,5067.308043511319,9793.502911079446,5077.185959139075,1.356466223089159,59,0.4806994463716024,0.9916742746919684,22,3.1354942159291497,49.0,3.912023,71.42857142857143,100.0,100.0,100.0,49.0,2,CM
307557600146200129,,1146.9883564993097,9767.649971456,5070.771407943241,9780.191459433125,5085.001008142382,1.355037952803662,324,0.3720568225015336,0.9576531307933878,55,4.025351690735149,200.0,5.303305,53.5,97.5,100.0,100.0,200.0,3,CM
307557600146200145,,1012.8641356200536,9776.484177094557,5081.327369141829,9791.694680482127,5096.368222863877,2.7244454173241213,193,0.4804626206203637,0.8879503822739027,41,3.737669618283368,110.0,4.7095304,60.0,100.0,100.0,100.0,110.0,3,CM
307557600146300114,,305.73835678135515,9822.667948034032,5092.677480191418,9827.407548475809,5101.291223577661,2.0578844098181706,81,0.7391087926610745,0.9874584024701146,23,3.1780538303479453,54.0,4.0073333,74.07407407407408,100.0,100.0,100.0,54.0,0,LPM-2
307557600164100069,,563.544953904664,9814.01964081329,5105.359347444879,9825.031256438877,5116.137364817607,1.769318845856893,164,0.7351974832598182,0.7588077336207963,30,3.4339872044851463,136.0,4.919981,80.88235294117648,100.0,100.0,100.0,136.0,2,CM
307557600164100093,,418.37046907099335,9809.45996831129,5114.197561849191,9816.840664594863,5122.394355057358,1.4960713852149508,115,0.6203776945259706,0.9565216346923452,28,3.3672958299864737,82.0,4.4188404,76.82926829268293,100.0,100.0,100.0,82.0,2,CM
307557600164100102,,2339.4616100184207,9803.641604442102,5119.919978448988,9818.735327649338,5141.275566756421,1.558766168020386,367,0.2966604240488572,0.8590751801374253,42,3.7612001156935624,281.0,5.641907,76.86832740213522,100.0,100.0,100.0,281.0,2,CM
307557600164200060,,1903.0815044968847,9793.078544653688,5104.949553713582,9815.785030390844,5119.60490427052,2.070507541796642,217,0.3427444539245882,0.8736829273827842,44,3.8066624897703196,122.0,4.8121843,56.557377049180324,100.0,100.0,100.0,122.0,0,LPM-2
307557600165200028,,1757.4054216318962,9820.039520741324,5089.577526447638,9836.52021457516,5109.460473179068,1.452844353279187,288,0.4716277493784613,0.7807218555446135,46,3.8501476017100584,187.0,5.236442,70.58823529411765,100.0,100.0,100.0,187.0,0,LPM-2
307557600165200042,,644.902335435327,9814.404339481782,5098.477277555765,9823.421480117267,5111.060693845778,1.4329815761146418,116,0.5956857479331079,0.8260711515112079,27,3.332204510175204,82.0,4.4188404,75.60975609756098,100.0,100.0,100.0,82.0,2,CM
307557600165200050,,482.48433115594105,9821.150204984197,5109.280051228298,9832.273494014866,5116.672370406117,2.485439972321177,7,0.6298247760191004,0.9611344883350024,3,1.3862943611198906,3.0,1.3862944,100.0,100.0,100.0,100.0,3.0,2,CM
307557600243100028,,426.4599642746575,11585.568308541951,6358.119314314643,11594.606202318308,6366.369032808932,1.3404750704955544,29,0.7073282965328225,0.8344956570985902,10,2.3978952727983707,17.0,2.8903718,100.0,100.0,100.0,100.0,17.0,2,CM
307557600243100032,,1921.906293869883,11598.75064952811,6362.899100734093,11624.385236774242,6382.954727717794,1.2911910245780396,568,0.4357574255415101,0.5932963298813528,52,3.9702919135521215,413.0,6.025866,71.42857142857143,99.51573849878935,100.0,100.0,413.0,0,LPM-2
307557600243100033,,1238.0515386240886,11635.720136969288,6363.176154736892,11649.517159433442,6373.460904177829,1.3521395286481388,341,0.3638971844905141,0.9460854452723282,45,3.828641396489095,248.0,5.5174527,73.38709677419355,100.0,100.0,100.0,248.0,2,CM
307557600243100039,,709.9438628276564,11619.98415114983,6373.725800157905,11632.66391061372,6382.191431429901,1.2902039178993656,134,0.503447530478952,0.9345311529730884,32,3.4965075614664802,79.0,4.3820267,63.29113924050633,100.0,100.0,100.0,79.0,0,LPM-2
307557600243100043,,521.2283643603301,11605.835655331462,6376.573528153542,11616.10574032244,6382.933949623215,1.618659030363674,49,0.5407853994216594,0.9876794636039083,22,3.1354942159291497,34.0,3.5553482,64.70588235294117,100.0,100.0,100.0,34.0,0,LPM-2
307557600243100167,,1652.564050013108,11762.697520142025,6449.357527648913,11779.664771318054,6468.143173189383,1.9586610282696189,569,0.4287488636571086,0.7745892403665331,72,4.290459441148391,350.0,5.8607864,48.57142857142857,93.71428571428572,100.0,100.0,350.0,3,CM
307557600243100192,,449.0655426757721,11770.198456811431,6463.714088719304,11778.694699027945,6471.951898324563,1.3737595322791507,105,0.6201164949869903,0.9330632904089816,31,3.4657359027997265,67.0,4.2195077,67.16417910447761,100.0,100.0,100.0,67.0,3,CM
307557600243100198,,992.9991262482628,11773.510664622445,6466.980879871043,11783.93595870954,6490.82248185044,2.288929252985004,185,0.5122869867171728,0.5409176294862394,49,3.912023005428146,107.0,4.6821313,43.925233644859816,100.0,100.0,100.0,107.0,3,CM
307557600243200022,,459.5899018187016,11597.593388759577,6355.616385183204,11605.64130277525,6362.763296848694,1.174318340298646,56,0.5931636838669457,0.9486042557672978,17,2.8903717578961645,32.0,3.4965076,78.125,100.0,100.0,100.0,32.0,0,LPM-2
307557600243200027,,924.2846947946618,11595.205551158291,6359.131014253909,11608.775395997902,6370.642598493509,1.2335584355825615,247,0.5023419002015372,0.8097835565784214,37,3.6375861597263857,192.0,5.26269,72.91666666666666,100.0,100.0,100.0,192.0,2,CM
307557600243200029,,1277.7704790776993,11621.87568152963,6362.949365918008,11637.705399662358,6375.085741253898,1.6069305122585753,391,0.3863410312320718,0.9151653244995844,34,3.5553480614894135,337.0,5.8230457,78.04154302670622,100.0,100.0,100.0,337.0,2,CM
307557600243200035,,720.2779151522841,11612.91974960027,6370.557226042371,11624.202840569307,6380.671621418279,1.2933950128283276,117,0.4951608280481135,0.9173096416549796,32,3.4965075614664802,90.0,4.5108595,67.77777777777779,100.0,100.0,100.0,90.0,0,LPM-2
307557600243200038,,1721.838670611799,11647.149537248137,6373.981428189041,11666.683828941184,6386.713834400058,1.48355959854855,632,0.3075431207774149,0.9667511819441488,74,4.31748811353631,490.0,6.196444,65.10204081632654,95.10204081632652,100.0,100.0,490.0,3,CM
307557600243200042,,1451.9468461457657,11624.619673146852,6377.065046810771,11646.62198070167,6387.674850097163,2.10706633291843,207,0.3953760211331651,0.8451299769231908,48,3.8918202981106265,126.0,4.8441873,49.2063492063492,100.0,100.0,100.0,126.0,3,CM
307557600244100084,,1280.8860745036957,11836.04257174569,6477.667244974445,11853.02011864091,6487.804355664803,1.621703933723222,226,0.3761281853024861,0.9352689226862052,33,3.526360524616161,172.0,5.1532917,79.06976744186046,100.0,100.0,100.0,172.0,6,EC
307557600244200063,,1441.4498371284617,11775.598318902204,6453.360643064412,11793.507068438365,6464.801056880015,1.5974594488621898,333,0.3367457192528702,0.9595750889330844,50,3.9318256327243257,277.0,5.627621,70.3971119133574,100.0,100.0,100.0,277.0,2,CM
307557600244200067,,1612.7847107799687,11789.652620921608,6455.226728730211,11806.039283398868,6470.823037833991,1.0925098733784295,387,0.3313680686469465,0.8922720040641651,56,4.04305126783455,308.0,5.733341,62.98701298701299,98.05194805194806,100.0,100.0,308.0,2,CM
307557600244200075,,1645.0598783388236,11800.738692286988,6462.432366528836,11816.951733045942,6475.868758233431,1.3135584166887595,412,0.303805167604922,0.9721141357294322,51,3.951243718581427,289.0,5.669881,66.43598615916954,99.65397923875432,100.0,100.0,289.0,2,CM
307557600244200084,,2137.66042574476,11815.936257860045,6475.124882607024,11836.82509437034,6491.990392584312,1.0569058741121458,363,0.3246536651686473,0.7875668924268194,52,3.9702919135521215,273.0,5.613128,68.86446886446886,99.26739926739927,100.0,100.0,273.0,0,LPM-2
307557600244200089,,827.7303883558391,11785.356780088316,6478.550606683866,11797.60010490696,6490.78350076785,2.0794442371342026,183,0.4812252988376148,0.9252338268076415,42,3.7612001156935624,121.0,4.804021,57.02479338842975,100.0,100.0,100.0,121.0,3,CM
307557600244200093,,1585.432027761827,11797.874291332317,6490.2204767716885,11816.0861820036,6504.435848682912,1.3012552625803877,214,0.3360979951077128,0.9045013307708236,38,3.6635616461296463,117.0,4.7706847,60.68376068376068,100.0,100.0,100.0,117.0,3,CM
307557600244300044,,960.8299633853468,11815.765843998792,6469.25871107527,11832.201922719763,6478.790220707188,1.863153112263458,258,0.4657452411881003,0.8728939594574333,45,3.828641396489095,182.0,5.209486,68.68131868131869,100.0,100.0,100.0,182.0,2,CM
3071341200020100011,,228.8374930369212,2232.7661681144946,5485.400852975446,2238.9496381086974,5490.66179338319,1.404239262982194,31,0.8085993517966445,1.0,14,2.70805020110221,18.0,2.944439,77.77777777777779,100.0,100.0,100.0,18.0,4,LPM-3
3071341200020100012,,825.9318889205488,2203.62919222896,5486.641622580992,2217.038195756006,5496.230270037804,1.952766359694156,322,0.4761807563949056,0.9162951311822406,40,3.7135720667043075,247.0,5.5134287,78.54251012145748,100.0,100.0,100.0,247.0,2,CM
3071341200020100016,,649.0751081284751,2212.862926583944,5494.742631755767,2220.5477275174444,5507.088305549679,1.8557267902862,283,0.5061448457608656,0.9802446975304314,39,3.6888794541139363,219.0,5.3936276,75.34246575342466,100.0,100.0,100.0,219.0,2,CM
3071341200020100017,,1241.973981449054,2227.7207867003845,5497.588328709036,2239.8192556736017,5512.109399318868,1.2595574313901683,391,0.3550949030598551,0.9605199825795562,58,4.07753744390572,196.0,5.2832036,50.51020408163265,95.91836734693877,100.0,100.0,196.0,1,LPM-1
3071341200020100018,,714.4568543790245,2217.699170263373,5499.710090935851,2228.0184975814623,5511.524882853617,1.227944404455412,77,0.625466539842396,0.7584037871501713,23,3.1780538303479453,44.0,3.8066626,70.45454545454545,100.0,100.0,100.0,44.0,3,CM
3071341200020100019,,221.6152397739804,2232.8769288536937,5507.213747811695,2238.75079326259,5515.661795010225,1.5051322371406757,61,1.2514874362180777,0.641799998234214,19,2.995732273553991,27.0,3.3322046,66.66666666666666,100.0,100.0,100.0,27.0,1,LPM-1
3071341200020100022,,122.15310779184452,2228.2792411180026,5512.82993097229,2232.073053195758,5517.693324592132,1.9709574168228312,18,1.1459868446982926,1.0000000000000002,9,2.3025850929940455,11.0,2.4849067,100.0,100.0,100.0,100.0,11.0,1,LPM-1
3071341200020100027,,402.6604588771609,2228.2898385282674,5527.695224035975,2236.3990227675044,5534.079226698493,1.3747428753808884,86,0.6224377946581124,0.9724557844180346,21,3.0910424533583156,30.0,3.4339871,63.33333333333333,100.0,100.0,100.0,30.0,1,LPM-1
3071341200020200091,,1623.7378853359328,2205.9906443312534,5471.387417000606,2223.932260798807,5490.657391025779,1.004691047676558,394,0.3928726170078495,0.7356931115701195,62,4.143134726391533,230.0,5.4424176,51.73913043478261,94.78260869565217,100.0,100.0,230.0,1,LPM-1
3071341200020200092,,1251.2026351146417,2194.88059019261,5474.438828007938,2211.260752570417,5487.767332943567,1.3324529419579956,134,0.4373623300532982,0.8277858288519583,32,3.4965075614664802,78.0,4.3694477,66.66666666666666,100.0,100.0,100.0,78.0,0,LPM-2
3071341200020200093,,1454.4195984779558,2219.751104966287,5478.942500132119,2236.818972841517,5492.531998430346,1.1035160311928336,347,0.3732535767393879,0.8631244965881179,55,4.025351690735149,208.0,5.3423343,60.09615384615385,97.59615384615384,100.0,100.0,208.0,1,LPM-1
3071341200020200097,,719.8165466160422,2216.352942090617,5489.941363492153,2227.183175957696,5503.583972914679,2.6787927096096493,186,0.5553098455858613,0.90765877647908,40,3.7135720667043075,108.0,4.691348,57.407407407407405,100.0,100.0,100.0,108.0,4,LPM-3
3071341200020200106,,536.7467481890174,2217.4351537876883,5509.030782013714,2223.823044475469,5520.788376431383,1.9925426868800704,181,0.5887597072900306,0.9406650395860237,27,3.332204510175204,159.0,5.075174,81.13207547169812,100.0,100.0,100.0,159.0,2,CM
3071341200020200107,,506.93917593350017,2222.987197641006,5510.04165606511,2230.179324777962,5520.27512986884,1.5830027906758526,152,0.58698700591072,0.9384492583979868,42,3.7612001156935624,96.0,4.574711,59.375,100.0,100.0,100.0,96.0,4,LPM-3
3071341200020200108,,367.0437853965796,2231.473935270184,5512.129920860364,2238.732665454507,5521.066389643411,1.5228935027435089,110,0.7141420456981926,0.8951441688495813,23,3.1780538303479453,46.0,3.8501477,71.73913043478261,100.0,100.0,100.0,46.0,1,LPM-1
3071341200020200112,,561.6711228411873,2239.5931619384032,5527.685473080479,2249.3398936614053,5536.9200173073095,2.002257150196219,131,0.5611667344211732,0.9561123313953748,24,3.2188758248682006,70.0,4.26268,77.14285714285715,100.0,100.0,100.0,70.0,1,LPM-1
3071341200020200113,,983.0071364253156,2233.4579914452047,5528.655804588757,2246.997246157233,5541.210741249963,1.642782795794412,254,0.429706455381435,0.914644060846109,36,3.6109179126442243,137.0,4.9272537,69.34306569343066,100.0,100.0,100.0,137.0,1,LPM-1
3071341200020300005,,1668.5269920744884,2220.8568596738464,5516.847796044796,2238.5778341779646,5532.5492409204,1.6930311693748905,267,0.3626355020490133,0.9002125534882295,43,3.784189633918261,130.0,4.8751974,60.0,100.0,100.0,100.0,130.0,1,LPM-1
3071341200021100001,,1476.2144544550065,2506.0572315176028,5281.670785422682,2519.63737799978,5297.443646668452,1.1711312716767472,462,0.3456424345226549,0.9264607990773378,79,4.382026634673881,238.0,5.476464,44.537815126050425,87.81512605042016,100.0,100.0,238.0,0,LPM-2
3071341200021100008,,457.819807198976,2512.1569636805334,5305.604984499807,2519.3352969243165,5317.3400635799735,1.8537750581861567,106,0.7445115280014181,0.7580018039507082,37,3.6375861597263857,71.0,4.276666,53.52112676056338,100.0,100.0,100.0,71.0,0,LPM-2
3071341200021100010,,476.38039818012805,2508.22880684244,5315.645548892176,2515.985678129093,5324.783246780196,1.0593430143451512,143,0.5847998561637219,0.932198074726593,28,3.3672958299864737,49.0,3.912023,59.183673469387756,100.0,100.0,100.0,49.0,0,LPM-2
3071341200021100013,,911.45121181433,2519.115248096523,5341.215978478688,2532.9409804390298,5354.007449585316,2.4796013868242466,290,0.4714053711995443,0.9283048052052628,42,3.7612001156935624,223.0,5.411646,74.43946188340807,100.0,100.0,100.0,223.0,2,CM
3071341200021100153,,612.2385904964801,2247.9716477644724,5531.228588011373,2256.660094964359,5540.523291598967,1.1335830252904384,128,0.5099185015429503,0.93263856819707,27,3.332204510175204,54.0,4.0073333,64.81481481481481,100.0,100.0,100.0,54.0,1,LPM-1
3071341200021200003,,1329.190678412258,2504.329671785091,5296.03292613282,2519.5250319528354,5308.873057791796,1.2719106928799466,511,0.3730578592106987,0.8896890061846199,67,4.219507705176107,230.0,5.4424176,50.0,92.6086956521739,100.0,100.0,230.0,0,LPM-2
3071341200021200005,,229.54348193791617,2511.495693122212,5310.446205618165,2516.7704838895784,5317.731390432269,1.3023324904146607,75,1.0187003533845715,0.7767075479667127,19,2.995732273553991,31.0,3.465736,70.96774193548387,100.0,100.0,100.0,31.0,0,LPM-2
3071341200021200007,,1050.0580185463791,2505.8288008474133,5321.792238424719,2515.816948810349,5334.503386541565,1.2730609049100037,124,0.4129937390844822,0.9181779991735816,43,3.784189633918261,68.0,4.2341065,44.11764705882353,100.0,100.0,100.0,68.0,0,LPM-2
3071341200021200008,,1399.080241231551,2504.0874445814634,5332.871255631748,2518.570358435418,5344.761011012984,1.300727783181449,303,0.3434661453886206,0.9348472956062918,57,4.060443010546419,190.0,5.2522736,52.63157894736842,96.3157894736842,100.0,100.0,190.0,0,LPM-2
3071341200021200015,,1920.086363617188,2521.1839780713062,5357.642174291822,2538.673925227894,5374.285462868681,1.2482015753580282,531,0.3207988968901159,0.8864530718246622,82,4.418840607796597,299.0,5.7037826,43.1438127090301,89.29765886287625,100.0,100.0,299.0,3,CM
3071341200022100015,,1664.6618097130392,2527.3253172767763,5372.071288472921,2541.574367140993,5388.886437404007,1.3344836103321658,502,0.3270133272141847,0.9242705725920988,57,4.060443010546419,191.0,5.2574954,53.403141361256544,96.33507853403141,100.0,100.0,191.0,1,LPM-1
3071341200022100018,,1020.635031299428,2540.20893669158,5372.872266468257,2553.254832484146,5384.423181001076,1.690597348552246,237,0.3977056355064406,0.962765457808894,51,3.951243718581427,120.0,4.7957907,48.333333333333336,99.16666666666667,100.0,100.0,120.0,1,LPM-1
3071341200022100064,,1013.981496916884,2624.819502241441,5460.740621804712,2634.9978908981097,5474.279918138059,1.2385624985427797,188,0.3913681047650451,0.9714819717113378,36,3.6109179126442243,78.0,4.3694477,53.84615384615385,100.0,100.0,100.0,78.0,1,LPM-1
3071341200022100066,,599.130704924436,2617.742973533968,5462.244183291612,2626.592302819706,5470.520247406871,1.013752544943326,159,0.4943625218475641,0.9892009245455736,32,3.4965075614664802,71.0,4.276666,63.38028169014085,100.0,100.0,100.0,71.0,1,LPM-1
3071341200022100074,,843.8618887014721,2617.554940583782,5470.012814896922,2627.365572662312,5481.187224713613,1.1581102473737035,200,0.4331395336103015,0.968037226115784,41,3.737669618283368,101.0,4.624973,54.45544554455446,100.0,100.0,100.0,101.0,1,LPM-1
3071341200022100090,,707.8888231136083,2610.530796923062,5480.40015828752,2621.148496139886,5489.383065183276,1.118719380157156,280,0.4675766704427673,0.9699771743211204,50,3.9318256327243257,160.0,5.081404,55.00000000000001,100.0,100.0,100.0,160.0,1,LPM-1
3071341200022100097,,379.6320418134308,2600.868346964992,5488.421845269897,2608.512898232468,5495.950667168361,1.4083308040065454,139,0.6255834540328676,1.0,32,3.4965075614664802,51.0,3.9512436,54.90196078431373,100.0,100.0,100.0,51.0,1,LPM-1
3071341200022100099,,166.3672852688541,2616.746471698505,5489.632908750645,2621.192305859352,5494.495267166005,1.4465715765086318,78,0.943722169979903,1.0000000000000002,27,3.332204510175204,42.0,3.7612002,59.523809523809526,100.0,100.0,100.0,42.0,4,LPM-3
3071341200022100100,,578.832789743822,2619.54918201404,5490.716670569899,2627.8336033501787,5502.038187196255,1.5501472568661716,308,0.5825741960471383,0.8760296799432122,53,3.988984046564274,214.0,5.370638,56.074766355140184,98.5981308411215,100.0,100.0,214.0,4,LPM-3
3071341200022100103,,622.4331637581159,2603.391698515308,5493.65988340404,2612.3342255984417,5503.110328367236,1.045817726478948,321,0.4834913800984726,0.9843593640451436,58,4.07753744390572,170.0,5.1416636,47.647058823529406,95.29411764705881,100.0,100.0,170.0,1,LPM-1
3071341200022100109,,308.0508098337884,2623.873286791364,5500.375001316432,2630.716571191454,5506.865427970394,1.2595738211352794,81,0.7057730044318528,0.9868148168269576,20,3.044522437723423,44.0,3.8066626,77.27272727272727,100.0,100.0,100.0,44.0,2,CM
3071341200022100124,,846.69465185829,2600.8955096572795,5512.081199028338,2610.5830450961494,5523.932554363818,1.195443459396787,358,0.4406591039969929,0.957810374824142,55,4.025351690735149,179.0,5.192957,56.98324022346368,97.20670391061452,100.0,100.0,179.0,1,LPM-1
3071341200022100142,,392.1136318538577,2606.7941683963354,5530.027063328118,2611.5626366595648,5541.717048139239,2.800511442171634,153,0.7302271815284337,0.978498225304234,36,3.6109179126442243,70.0,4.26268,54.285714285714285,100.0,100.0,100.0,70.0,1,LPM-1
3071341200022100149,,163.79599110552397,2608.3123997475614,5542.890081928801,2612.9225076958023,5547.57671870511,1.0174121675367631,55,0.9460745325416507,1.0000000000000004,21,3.0910424533583156,25.0,3.2580965,56.00000000000001,100.0,100.0,100.0,25.0,3,CM
3071341200022200003,,964.8471152356514,2530.122616629719,5348.594481367109,2544.585935842874,5361.474965145393,2.142359562388545,294,0.4948351393512605,0.8503724695610904,37,3.6375861597263857,219.0,5.3936276,78.53881278538812,100.0,100.0,100.0,219.0,2,CM
3071341200022200006,,990.6703015514232,2541.736144745388,5356.884306953423,2555.103551213026,5367.732042978878,1.4310867414745454,249,0.407200390464097,0.9477280911905902,37,3.6375861597263857,200.0,5.303305,79.5,100.0,100.0,100.0,200.0,2,CM
3071341200022200008,,806.6404762068286,2553.287620646545,5361.659704706742,2563.9960089424785,5372.51163861489,1.1428320738743951,268,0.4233721402308151,0.99280292517727,44,3.8066624897703196,203.0,5.31812,69.95073891625616,100.0,100.0,100.0,203.0,2,CM
3071341200022200011,,1501.2545800226203,2558.8346523671585,5369.163250399318,2578.952085412024,5384.415558576548,2.254359731978804,473,0.3891946826681001,0.8128423415201517,54,4.007333185232471,358.0,5.8833222,74.30167597765363,98.88268156424581,100.0,100.0,358.0,2,CM
3071341200022200012,,215.47543514908432,2537.130412746309,5369.69494891251,2542.2128185684965,5375.970298310542,1.0295388338454976,39,0.8351360134051998,0.9793248127658036,17,2.8903717578961645,19.0,2.9957323,63.1578947368421,100.0,100.0,100.0,19.0,0,LPM-2
3071341200022200049,,818.4892246004723,2604.8621049492585,5458.96233720694,2616.0155579115526,5469.605862751816,1.0981560753626771,158,0.422235896519295,0.9739955901435944,40,3.7135720667043075,83.0,4.4308167,54.21686746987952,100.0,100.0,100.0,83.0,1,LPM-1
3071341200022200061,,663.3952572020899,2610.482671026452,5469.537789953432,2618.1483774167004,5481.513957654992,1.547512078582414,155,0.5303795993208337,0.9291864443258768,41,3.737669618283368,88.0,4.4886365,57.95454545454546,100.0,100.0,100.0,88.0,1,LPM-1
3071341200022200071,,1222.9453174440216,2618.115873636687,5477.091014927119,2635.4782313776086,5491.565658243229,1.6824043499725734,436,0.479487642739581,0.7754460005543135,63,4.1588830833596715,238.0,5.476464,44.957983193277315,94.53781512605042,100.0,100.0,238.0,4,LPM-3
3071341200022200081,,661.1553128650512,2608.6251944779947,5487.758007481586,2617.3340616974724,5498.474332907734,1.065402359158166,266,0.4821500146700143,0.9707692005565036,52,3.9702919135521215,148.0,5.0039463,50.67567567567568,98.64864864864865,100.0,100.0,148.0,1,LPM-1
3071341200022200085,,296.51971645453875,2625.3002288457337,5491.670461402274,2630.8662307640325,5498.5730132356575,1.1152991476433292,96,0.7026107631360052,1.0,24,3.2188758248682006,45.0,3.8286414,64.44444444444444,100.0,100.0,100.0,45.0,4,LPM-3
3071341200022200086,,1131.197517554974,2610.234069955878,5494.14709998885,2626.9067217914667,5509.109454145279,1.1982224145311058,585,0.5277428931641343,0.6804000113593612,80,4.394449154672438,339.0,5.8289456,41.88790560471977,90.2654867256637,100.0,100.0,339.0,4,LPM-3
3071341200022200092,,1137.811085372503,2591.283350338062,5501.51622901996,2603.519700586845,5513.975355976769,1.1168089717610656,332,0.3572655048251459,0.9777812861765248,46,3.8501476017100584,172.0,5.1532917,59.883720930232556,100.0,100.0,100.0,172.0,1,LPM-1
3071341200022200093,,265.2333870424112,2617.6454652101093,5503.993903333015,2623.958173859345,5509.88821577054,1.6222873435510612,33,0.7570003222049638,0.9901969459860256,13,2.6390573296152584,19.0,2.9957323,84.21052631578947,100.0,100.0,100.0,19.0,2,CM
3071341200022200098,,1895.7531636109843,2608.9783416337086,5506.566187071255,2621.9303067374467,5527.199391771239,1.592108985968048,613,0.3093662249969793,0.9386896759989448,77,4.356708826689592,380.0,5.9427996,42.63157894736842,90.26315789473685,100.0,100.0,380.0,4,LPM-3
3071341200022200107,,443.40804716621176,2596.434722284865,5515.09059872354,2602.499894144853,5524.061471760352,1.4817123651034327,280,0.6057417105802135,0.9634408734418928,53,3.988984046564274,121.0,4.804021,52.892561983471076,97.52066115702479,100.0,100.0,121.0,1,LPM-1
3071341200022200112,,1158.0890303738513,2595.390367852694,5522.481731107609,2607.0013795455534,5536.156977224419,1.1689380466732098,546,0.3897292616481845,0.8969631037685878,75,4.330733340286331,229.0,5.4380794,44.10480349344978,89.08296943231441,100.0,100.0,229.0,1,LPM-1
3071341200022200119,,862.8862137995504,2608.1438246337507,5528.496913149405,2619.892842454178,5542.844360998992,1.6665485783983114,286,0.5858244100870488,0.700670012712855,54,4.007333185232471,176.0,5.17615,44.31818181818182,97.72727272727273,100.0,100.0,176.0,4,LPM-3
3071341200033200050,,900.8595165998124,2238.651623415053,5542.205731441187,2251.162108675747,5552.620154621318,1.059717094659115,95,0.450150600398124,0.9122977613709684,24,3.2188758248682006,34.0,3.5553482,58.82352941176471,100.0,100.0,100.0,34.0,1,LPM-1
3071341200034100032,,1663.657904974212,2249.68347452445,5540.356062360394,2271.501883361737,5558.767288913713,1.6849271430822057,625,0.3970618524578242,0.6994996793624674,61,4.127134385045092,272.0,5.609472,51.10294117647059,95.95588235294117,100.0,100.0,272.0,1,LPM-1
3071341200034100061,,641.2874488477353,2289.7560608951208,5571.677175400412,2302.075084259186,5580.06343123901,2.100803195634233,190,0.5189749971241725,0.977740421675572,37,3.6375861597263857,82.0,4.4188404,63.41463414634146,100.0,100.0,100.0,82.0,1,LPM-1
3071341200034100064,,1050.794771714026,2300.932253271228,5575.607318189343,2318.2328800918867,5584.910880799669,1.764492790149084,415,0.4206184434696781,0.9507975224139562,50,3.9318256327243257,165.0,5.1119876,55.757575757575765,100.0,100.0,100.0,165.0,1,LPM-1
3071341200034100071,,782.5462662343684,2340.491712140996,5581.1911359611695,2352.481474414725,5592.20668558023,2.075391511105322,160,0.4760936549105444,0.9745774216624362,32,3.4965075614664802,66.0,4.204693,60.60606060606061,100.0,100.0,100.0,66.0,1,LPM-1
3071341200034100076,,1814.120617866572,2359.2241677102897,5588.750826876211,2373.6385851912287,5607.758049748317,1.4609689194795696,682,0.3162544002703218,0.8991825668894826,82,4.418840607796597,367.0,5.908083,41.689373297002724,90.19073569482289,100.0,100.0,367.0,3,CM
3071341200034100090,,1570.0376617283837,2403.7745177924576,5616.959131428704,2419.710171136296,5633.718811925904,1.9393191599654187,524,0.3345992198838866,0.9642034911416512,70,4.2626798770413155,358.0,5.8833222,53.910614525139664,94.41340782122904,100.0,100.0,358.0,4,LPM-3
3071341200034200034,,443.0070231628857,2263.381716544039,5549.980412040496,2271.407409416384,5557.514102865434,1.7220912791681444,164,0.5884017659783384,0.9885041950433864,30,3.4339872044851463,57.0,4.060443,61.40350877192983,100.0,100.0,100.0,57.0,1,LPM-1
3071341200034200051,,3632.993830609705,2311.948018404212,5577.034172937408,2344.8171967287003,5593.712127329249,2.111961802666116,1237,0.2470681450495418,0.9047935841596616,92,4.532599493153255,624.0,6.437752,46.955128205128204,90.22435897435898,100.0,100.0,624.0,1,LPM-1
3071341200034200057,,1545.3211498665255,2339.9498353281733,5589.894076444484,2359.4265999733634,5603.51225440777,1.844718697818062,473,0.3595498868657838,0.8989746283870605,63,4.1588830833596715,309.0,5.7365723,45.63106796116505,95.79288025889967,100.0,100.0,309.0,4,LPM-3
3071341200034200059,,1101.098046857182,2346.161853827352,5595.746597011786,2363.3162632534136,5606.245358409677,1.680480045266067,448,0.4365765426900091,0.8834672575605539,58,4.07753744390572,304.0,5.7203116,53.61842105263158,97.36842105263158,100.0,100.0,304.0,4,LPM-3
3071341200034200060,,875.313807388767,2372.052093889556,5595.338557530748,2385.9986488688955,5603.970581866267,1.589774898405883,358,0.430061282360444,0.9688938991441391,56,4.04305126783455,163.0,5.0998664,53.987730061349694,96.31901840490798,100.0,100.0,163.0,1,LPM-1
3071341200034200061,,2743.165512322158,2376.023652319353,5598.989907875439,2398.672367342024,5617.087491912811,1.422152699228719,1187,0.255557030347928,0.9085681371109569,92,4.532599493153255,755.0,6.6280413,41.324503311258276,88.87417218543047,100.0,100.0,755.0,3,CM
3071341200034200063,,952.9923489335284,2399.641764206481,5604.048168312755,2411.202088100464,5619.076907722065,1.5495848454756629,294,0.4736537286781391,0.8037197992563136,56,4.04305126783455,180.0,5.198497,46.666666666666664,96.66666666666667,100.0,100.0,180.0,4,LPM-3
3071341200035100018,,378.4762356395879,2611.330833285876,5540.16724493004,2617.912405249292,5549.0260046268495,1.1500193979181907,123,0.6881892031421278,0.9201489164953064,39,3.6888794541139363,81.0,4.406719,53.086419753086425,100.0,100.0,100.0,81.0,4,LPM-3
3071341200035100027,,1476.7817830563663,2606.6215125734534,5546.98370962511,2621.929305243216,5562.290252064012,1.2312850867556682,349,0.3648403251022038,0.8633011788947276,65,4.189654742026425,222.0,5.4071717,45.04504504504504,93.24324324324324,100.0,100.0,222.0,3,CM
3071341200035100032,,971.1351591461444,2619.7292050691576,5556.608335809799,2631.8799922514504,5568.421822569865,1.4515024667377303,402,0.4177699258313678,0.9442487866852388,48,3.8918202981106265,335.0,5.817111,76.11940298507463,100.0,100.0,100.0,335.0,2,CM
3071341200035100036,,761.5865121069994,2613.6484570715143,5563.629073384998,2628.45192281195,5572.712980237501,1.7170696100688043,268,0.5456405200144555,0.821343483979196,52,3.9702919135521215,163.0,5.0998664,52.14723926380368,98.77300613496932,100.0,100.0,163.0,0,LPM-2
3071341200035100037,,457.47436960980326,2618.3752332453296,5570.073372333301,2628.581122925742,5577.602320948266,1.22419720573533,205,0.7365706227335007,0.8004526229097645,49,3.912023005428146,102.0,4.634729,42.15686274509804,100.0,100.0,100.0,102.0,0,LPM-2
3071341200035100040,,926.2877268846707,2635.8626514016287,5577.195299334647,2646.7859633503203,5588.246286391792,1.0763142245115018,413,0.3978779513998479,0.9720836990625242,63,4.1588830833596715,249.0,5.521461,59.036144578313255,94.77911646586345,100.0,100.0,249.0,0,LPM-2
3071341200035200019,,492.6093706508513,2623.6062146734835,5544.98755322439,2630.76641446146,5553.632651623741,1.265010219688876,117,0.5348973253289602,0.9908851809305552,26,3.295836866004329,92.0,4.5325994,78.26086956521739,100.0,100.0,100.0,92.0,2,CM
3071341200035200035,,750.117848550557,2626.487653333142,5571.90501627667,2637.86448473294,5583.59854235272,1.192966166531895,341,0.5375601418261117,0.8031295996117365,65,4.189654742026425,227.0,5.4293456,48.458149779735685,93.3920704845815,100.0,100.0,227.0,0,LPM-2
3071341200035200039,,1682.781466443235,2636.4726212814885,5584.186493855017,2661.449426415756,5603.754590697266,3.1486395675476206,814,0.4439428002325187,0.7564463681487986,85,4.454347296253507,377.0,5.934894,35.80901856763926,89.38992042440319,100.0,100.0,377.0,0,LPM-2
3071341200035200046,,601.4180543340351,2663.119855816059,5606.565687486326,2674.8774172694,5613.798180055822,1.6551597405695628,252,0.5198019272823272,0.9912364585207488,51,3.951243718581427,116.0,4.762174,44.827586206896555,99.13793103448276,100.0,100.0,116.0,0,LPM-2
3071341200035200047,,1109.1767148896074,2672.010254750652,5609.943795858562,2687.868922372884,5621.689480148894,1.9769416160389548,462,0.4311422969015163,0.8856672549518092,65,4.189654742026425,241.0,5.488938,45.643153526970956,93.7759336099585,100.0,100.0,241.0,0,LPM-2
3071341200035300013,,481.8866155176983,2611.4138071299285,5558.96607400003,2620.1364299064626,5566.604592673773,1.1331767798948964,126,0.5547273796076057,0.9740806082500192,42,3.7612001156935624,76.0,4.3438053,42.10526315789473,100.0,100.0,100.0,76.0,4,LPM-3
3071341200043100008,,776.043146357646,1194.6735606701195,5920.071082269118,1203.7299759980774,5933.618918020744,1.0244424272837578,218,0.5053150749875358,0.8833656714055579,52,3.9702919135521215,142.0,4.962845,53.52112676056338,98.59154929577466,100.0,100.0,142.0,3,CM
3071341200043100014,,745.3523916500883,1197.1377534933388,5930.2393615011,1206.3784205237653,5940.466611174433,1.133302763252296,336,0.4491623905881737,0.9836029935601228,52,3.9702919135521215,269.0,5.598422,70.26022304832715,99.25650557620817,100.0,100.0,269.0,2,CM
3071341200043100016,,456.0018135988494,1189.768356252826,5932.292018320173,1197.0160279149716,5941.195262744615,1.1305566424244315,129,0.577660859138393,0.985683698874158,35,3.58351893845611,73.0,4.304065,57.534246575342465,100.0,100.0,100.0,73.0,1,LPM-1
3071341200043100019,,226.39010128300777,1187.0806627598247,5935.947191897319,1191.7128139822664,5943.6721504076895,2.3066179735037338,51,0.9082707903446996,0.964583050718622,14,2.70805020110221,25.0,3.2580965,84.0,100.0,100.0,100.0,25.0,1,LPM-1
3071341200043100022,,931.1911208717792,1189.3629939901402,5938.715430277174,1198.6290135107492,5954.592118287092,1.776440210326334,295,0.4445248470308457,0.9477270303852244,53,3.988984046564274,186.0,5.2311087,60.215053763440864,98.38709677419355,100.0,100.0,186.0,1,LPM-1
3071341200043100028,,664.7386901619142,1201.0799648950078,5944.952292649982,1209.4236447218705,5956.159109107832,1.6261810918357988,293,0.4879238965238558,0.9747590170824376,40,3.7135720667043075,233.0,5.4553213,75.9656652360515,100.0,100.0,100.0,233.0,2,CM
3071341200043100034,,657.5611177470068,1202.7530709177508,5954.76989119473,1210.2324445215695,5965.21765286961,1.3829641874394958,283,0.4876141187318837,0.9668643866959976,59,4.0943445622221,184.0,5.220356,52.71739130434783,95.1086956521739,100.0,100.0,184.0,3,CM
3071341200043100037,,1100.0870005869378,1184.695658768654,5956.267423356282,1196.5851676624702,5967.938936912088,1.055703065377605,349,0.3575849910572082,0.984153135063012,61,4.127134385045092,216.0,5.379897,55.092592592592595,94.9074074074074,100.0,100.0,216.0,1,LPM-1
3071341200043100041,,697.9693487935394,1202.989296045087,5964.583083362828,1211.476437148168,5976.227607070336,1.607885456933992,256,0.4856256679700125,0.9859734418260686,53,3.988984046564274,165.0,5.1119876,55.757575757575765,98.18181818181819,100.0,100.0,165.0,4,LPM-3
3071341200043100042,,450.2757561625818,1196.9688062685684,5965.763412367806,1202.371728631775,5976.94751925958,2.129151521160489,181,0.6515623383043004,0.9550225949663004,36,3.6109179126442243,103.0,4.644391,61.165048543689316,100.0,100.0,100.0,103.0,1,LPM-1
3071341200043100044,,828.7514259258033,1189.552095040044,5967.621540204767,1199.5183667536194,5980.169235840393,1.6475307091282234,230,0.4516806451681994,0.9558675638385292,43,3.784189633918261,120.0,4.7957907,51.66666666666667,100.0,100.0,100.0,120.0,1,LPM-1
3071341200043100057,,353.8494528491276,1203.0442371265542,5984.433418343752,1211.2852448808592,5991.038789973431,1.5827288066784642,96,0.6831491253235474,0.9596389192043356,29,3.4011973816621555,51.0,3.9512436,58.82352941176471,100.0,100.0,100.0,51.0,1,LPM-1
3071341200043100067,,823.9465417198917,1202.184893655734,5987.279080953253,1212.8991452153418,5998.676231220256,1.298545943769539,248,0.4746000117167766,0.8744157416002921,41,3.737669618283368,105.0,4.6634393,56.19047619047619,100.0,100.0,100.0,105.0,1,LPM-1
3071341200043100078,,1668.7096767017802,1201.4773441587292,5997.547769244482,1212.5549722435112,6017.569462643416,1.7742992211326691,483,0.3150656791143233,0.9759446159991,53,3.988984046564274,182.0,5.209486,55.494505494505496,98.35164835164835,100.0,100.0,182.0,1,LPM-1
3071341200043100094,,351.3912801066236,1203.3359627845696,6015.690577228943,1208.8307135689868,6024.313967053697,1.8207165046284544,174,0.6656694992681366,1.0,27,3.332204510175204,60.0,4.1108737,70.0,100.0,100.0,100.0,60.0,1,LPM-1
3071341200043100097,,230.58096940971927,1208.2552929929575,6020.702919780388,1213.077843224846,6027.39706083642,1.3045885788145846,80,0.8172090754729043,0.9785877299748588,21,3.0910424533583156,28.0,3.3672957,60.71428571428571,100.0,100.0,100.0,28.0,1,LPM-1
3071341200043100108,,1174.239491056073,1200.042625218621,6033.254521582151,1213.2570820928745,6048.990570987578,1.853336270338651,414,0.4057520560313681,0.902459366722676,55,4.025351690735149,187.0,5.236442,51.33689839572193,97.32620320855615,100.0,100.0,187.0,1,LPM-1
3071341200043100128,,857.331349701421,1197.0236504085856,6048.170539775754,1207.87815088378,6060.455929685058,1.6743409071575095,247,0.451409026418485,0.936960800097716,39,3.6888794541139363,108.0,4.691348,65.74074074074075,100.0,100.0,100.0,108.0,1,LPM-1
3071341200043100143,,1273.081159415879,1187.8456859716205,6060.143227514283,1200.80353012448,6080.345226940391,2.332481637982635,360,0.4393480560714448,0.823394467355551,54,4.007333185232471,168.0,5.1298985,54.166666666666664,97.61904761904762,100.0,100.0,168.0,1,LPM-1
3071341200043100152,,1216.549159136985,1177.6525910179507,6065.696622809704,1192.82840391698,6082.425634510541,2.356890771990639,449,0.415995036461216,0.8670835919209977,63,4.1588830833596715,228.0,5.433722,53.94736842105263,94.2982456140351,100.0,100.0,228.0,1,LPM-1
3071341200043200002,,698.5990076340943,1207.226859656224,5889.956114651274,1215.6880510373678,5899.86710117062,1.198599158287472,127,0.4471098085986195,1.0000000000000004,31,3.4657359027997265,88.0,4.4886365,70.45454545454545,100.0,100.0,100.0,88.0,0,LPM-2
3071341200043200003,,2045.0090908882369,1194.688944086739,5900.558611872755,1210.7966414295506,5919.50927411043,1.2457506479315157,399,0.2725994651700466,0.9694202282795517,61,4.127134385045092,212.0,5.3612924,50.0,94.81132075471697,100.0,100.0,212.0,3,CM
3071341200043200005,,490.4838471864359,1201.4571121580157,5915.850323583962,1208.884267548758,5925.764852987311,1.84329923354,87,0.5816841345352711,0.9868490058984456,22,3.1354942159291497,61.0,4.1271343,78.68852459016394,100.0,100.0,100.0,61.0,2,CM
3071341200043200017,,680.8925892862362,1196.0697060080252,5936.620301232954,1205.8535339457278,5948.667734703417,1.3575004811930769,336,0.556336242805639,0.8221007467313143,54,4.007333185232471,212.0,5.3612924,50.943396226415096,98.11320754716981,100.0,100.0,212.0,3,CM
3071341200043200028,,1030.0174565249574,1195.277198323661,5949.056456389217,1204.354975844488,5966.403932695104,1.921994196980726,336,0.4722306751480877,0.816146681271214,67,4.219507705176107,208.0,5.3423343,41.82692307692308,91.82692307692307,100.0,100.0,208.0,3,CM
3071341200043200045,,1173.3269143515415,1198.4396774192533,5970.549162028051,1209.7079574674308,5986.227394365837,1.331610220117191,323,0.3966458233920549,0.9192433867316908,60,4.110873864173311,188.0,5.241747,52.659574468085104,94.68085106382979,100.0,100.0,188.0,1,LPM-1
3071341200043200147,,879.9610829186972,1182.0018032104858,6079.580418512489,1190.739360571873,6094.790345368558,2.272035426617377,233,0.4700565662361048,0.9490797994228316,47,3.8712010109078907,128.0,4.8598123,53.125,100.0,100.0,100.0,128.0,1,LPM-1
3071341200043200149,,1017.3019778999508,1173.2441603492712,6080.996599276842,1183.3021968128044,6094.419509624962,1.3729273953190408,359,0.4032414047564017,0.9583602029113985,56,4.04305126783455,197.0,5.288267,53.80710659898477,96.95431472081218,100.0,100.0,197.0,1,LPM-1
3071341200043200153,,862.9043746909231,1161.3790617140762,6086.686315669579,1174.7575799101623,6099.550664114935,1.8069064611338588,304,0.4773713078240696,0.8897870908645761,50,3.9318256327243257,159.0,5.075174,54.71698113207547,100.0,100.0,100.0,159.0,1,LPM-1
3071341200043200155,,859.0573929957721,1168.531015884735,6091.499315494311,1178.8726052786787,6103.690711397781,1.1257451569992676,302,0.4237802317185907,0.9686562046875454,59,4.0943445622221,167.0,5.123964,45.50898203592814,94.61077844311377,100.0,100.0,167.0,1,LPM-1
3071341200043300001,,330.82441727223886,1216.7215517418315,5870.425514154273,1222.8283325471082,5877.272502236655,1.1891981509813272,37,0.6469229138411025,1.0000000000000002,11,2.4849066497880004,34.0,3.5553482,97.05882352941177,100.0,100.0,100.0,34.0,2,CM
3071341200043300002,,491.32193497119306,1212.041720791123,5879.926532979665,1219.2513319831342,5888.094976822039,1.136175999291997,96,0.5300145758740918,0.9973787509102916,24,3.2188758248682006,74.0,4.317488,81.08108108108108,100.0,100.0,100.0,74.0,2,CM
3071341200053100054,,2992.65184081422,454.8611479194128,6331.570291491572,479.0875596715063,6348.956331734753,1.5773471999377098,1117,0.2402788891355183,0.9447341920207938,80,4.394449154672438,628.0,6.4441314,55.254777070063696,94.90445859872611,100.0,100.0,628.0,5,EC
3071341200053200078,,1470.9095120250224,436.1250338636348,6314.373159135744,455.0916713326405,6326.550825764078,1.944887144374384,677,0.3480722545738092,0.9536111298321772,66,4.204692619390966,300.0,5.7071104,51.0,94.66666666666667,100.0,100.0,300.0,5,EC
3071341200053200114,,701.6020579181761,493.6194417694393,6352.394101313945,503.1993267542992,6361.317709492735,1.0724636743888176,234,0.4493574447400604,0.9841159217292802,42,3.7612001156935624,124.0,4.828314,68.54838709677419,100.0,100.0,100.0,124.0,5,EC
3071341200053200123,,1943.9944896767408,485.469315755759,6361.267775352185,501.1639463476582,6379.986214964965,1.889622490711807,749,0.2895560933000774,0.9933433723060262,63,4.1588830833596715,337.0,5.8230457,54.89614243323442,96.14243323442136,100.0,100.0,337.0,5,EC
3071341200056100013,,943.141017606832,1158.8945343617115,6099.221017137939,1170.8838693428374,6110.039522427094,1.0993291240508254,312,0.4056177966119083,0.9636593995837596,58,4.07753744390572,174.0,5.164786,55.74712643678161,95.40229885057471,100.0,100.0,174.0,1,LPM-1
3071341200056100016,,1308.034275842154,1167.0621109555268,6094.173121683136,1182.9776006852503,6114.17707423157,2.3240658661933256,469,0.4849614508076043,0.739520882047198,65,4.189654742026425,242.0,5.4930615,45.04132231404959,93.80165289256198,100.0,100.0,242.0,4,LPM-3
3071341200056100017,,257.51738866930225,1155.4903218683044,6101.729853254062,1159.973206699179,6108.905410384075,1.6564715942852266,79,0.7614071631549416,1.0,22,3.1354942159291497,53.0,3.988984,75.47169811320755,100.0,100.0,100.0,53.0,1,LPM-1
3071341200056100019,,414.0889881460936,1164.5644807550943,6111.781065037174,1172.3664661201144,6120.278722208977,1.3508547977487848,219,0.6243049014289984,0.9623440226673544,56,4.04305126783455,161.0,5.0875964,55.90062111801242,96.27329192546584,100.0,100.0,161.0,4,LPM-3
3071341200056100021,,701.7268116968846,1146.8815856667245,6112.512089497663,1156.5249391668603,6121.758513691618,1.0331996991336037,283,0.4747268881325933,0.9469188719767324,48,3.8918202981106265,169.0,5.1357985,63.905325443786985,100.0,100.0,100.0,169.0,1,LPM-1
3071341200056100028,,437.30722392434825,1148.0409599751918,6127.624905436009,1155.4037554627466,6135.094886261858,1.1181829773945835,182,0.5729215208765703,0.9889030491390016,44,3.8066624897703196,116.0,4.762174,57.758620689655174,100.0,100.0,100.0,116.0,1,LPM-1
3071341200056100034,,237.91043631914576,1156.19990444832,6135.215267641211,1162.013759071668,6141.325209202262,1.1393030624190774,103,0.8328954427198497,0.9398687303978136,32,3.4965075614664802,63.0,4.158883,65.07936507936508,100.0,100.0,100.0,63.0,2,CM
3071341200056100037,,713.7879032872786,1150.1513721128008,6142.031210924605,1159.183635178641,6152.431818989765,1.1893018649271752,300,0.4818150242176142,0.9432087708037356,55,4.025351690735149,201.0,5.3082676,59.70149253731343,97.51243781094527,100.0,100.0,201.0,0,LPM-2
3071341200056100039,,991.8938787426924,1138.511948535437,6142.984166533292,1153.685000139364,6158.617209315122,1.4436717275801016,422,0.6060063285176484,0.6543513352006072,68,4.23410650459726,231.0,5.4467373,44.15584415584416,92.20779220779221,100.0,100.0,231.0,4,LPM-3
3071341200056100044,,842.6466192194802,1142.4598260280898,6168.846500254229,1154.389593682282,6179.090129194575,1.5638635572987312,290,0.452734817717087,0.925380409489446,49,3.912023005428146,123.0,4.8202815,49.59349593495935,100.0,100.0,100.0,123.0,0,LPM-2
3071341200056100045,,2351.2668269294813,1144.3285602908718,6178.046355416871,1157.1003597426843,6205.106213179954,2.226652624371073,808,0.3306953293317935,0.8059398688440301,75,4.330733340286331,252.0,5.5333896,38.095238095238095,89.68253968253968,100.0,100.0,252.0,0,LPM-2
3071341200056200016,,1670.9691470291873,1136.137011723556,6104.710291165828,1153.0793891532105,6119.898928281039,1.566080355966467,454,0.3331672596204072,0.9067111068885496,61,4.127134385045092,258.0,5.556828,55.42635658914728,95.73643410852713,100.0,100.0,258.0,1,LPM-1
3071341200056200018,,235.91360876895865,1151.5566844843129,6105.519435812683,1156.7943059056518,6113.674836708433,2.2927717799220924,75,0.9387616409367148,0.9019597970560717,24,3.2188758248682006,47.0,3.871201,70.2127659574468,100.0,100.0,100.0,47.0,1,LPM-1
3071341200056200022,,845.7386660556197,1155.8200417284463,6113.114223412808,1167.3025668523494,6122.377212774374,1.2619580760438116,357,0.4427945961909382,0.932167719957086,73,4.304065093204169,220.0,5.398163,44.09090909090909,89.54545454545455,100.0,100.0,220.0,4,LPM-3
3071341200056200025,,1083.755866477512,1134.2450305548955,6117.7103657876405,1146.3306333147414,6129.921213400403,1.132160257081255,504,0.4016433771907662,0.9063691813335728,60,4.110873864173311,283.0,5.6489744,53.003533568904594,96.46643109540636,100.0,100.0,283.0,1,LPM-1
3071341200056200026,,792.8535439280929,1145.731779328604,6120.108784890817,1157.247360571988,6129.631872996582,1.2026098332898043,286,0.5193511227263833,0.8126134709923165,56,4.04305126783455,170.0,5.1416636,53.529411764705884,96.47058823529412,100.0,100.0,170.0,1,LPM-1
3071341200056200027,,1110.96031003899,1154.5818521615413,6120.354964982473,1167.285202335226,6138.399012228392,2.033921241521212,601,0.5092723863609755,0.7897962835871196,66,4.204692619390966,461.0,6.135565,64.64208242950107,96.52928416485899,100.0,100.0,461.0,2,CM
3071341200056200028,,109.06316837814946,1156.848928856794,6122.362612496566,1161.0542983330631,6125.570528346939,1.283008034434045,60,1.156624493812964,1.0,21,3.0910424533583156,40.0,3.713572,72.5,100.0,100.0,100.0,40.0,4,LPM-3
3071341200056200031,,566.8026143468654,1140.0332068930295,6128.922112833275,1150.2583913569283,6139.717763276592,1.3662357232093627,207,0.6695816099694271,0.7596907031349973,52,3.9702919135521215,135.0,4.912655,48.888888888888886,98.51851851851852,100.0,100.0,135.0,4,LPM-3
3071341200056200034,,719.1384846278863,1146.7161331773611,6134.692129483317,1157.4307791123,6144.395639072751,1.2346580518198975,287,0.477636174566615,0.9385341434282032,55,4.025351690735149,172.0,5.1532917,48.837209302325576,97.09302325581395,100.0,100.0,172.0,4,LPM-3
3071341200056200041,,2059.6090663610507,1140.921503565101,6152.434094617993,1159.279682855691,6172.089822406616,1.219424119254176,795,0.3359685359317307,0.7652198178553656,82,4.418840607796597,448.0,6.107023,48.4375,90.625,100.0,100.0,448.0,0,LPM-2
3071341200056300020,,711.7702784625543,1140.1572108534692,6140.467200168327,1150.4703452127608,6151.077338936846,1.2228071740435615,234,0.5126686378075159,0.9027729046271884,49,3.912023005428146,100.0,4.6151204,42.0,100.0,100.0,100.0,100.0,4,LPM-3
3071341200066100030,,641.7638257865577,516.0240399924262,6395.317475225432,526.5613749047272,6406.430636821084,1.7017899325186705,393,0.5778275297920284,0.8180866341412106,54,4.007333185232471,192.0,5.26269,52.604166666666664,97.91666666666666,100.0,100.0,192.0,5,EC
3071341200066100033,,991.1087767224016,526.3714887384862,6398.6342475893925,540.377414320177,6408.206742365264,1.4163971807543965,387,0.3988516138464716,0.9602046611453734,55,4.025351690735149,182.0,5.209486,57.14285714285714,97.25274725274726,100.0,100.0,182.0,5,EC
3071341200066100053,,223.41113801131337,528.1892794358373,6415.635672047354,535.0211643620253,6421.370948955605,1.9792987892216087,112,0.9027547244431916,0.94089001930976,22,3.1354942159291497,32.0,3.4965076,62.5,100.0,100.0,100.0,32.0,5,EC
3071341200066100055,,794.0552138939,530.1162457782549,6417.127528619947,542.1911114605525,6426.612210917221,1.3674697029478766,347,0.4695238203365245,0.9235425532038468,49,3.912023005428146,157.0,5.062595,55.4140127388535,100.0,100.0,100.0,157.0,5,EC
3071341200066100062,,862.659922033584,529.6136153211087,6425.40493584503,540.9175945148718,6436.81812351344,1.313180259151743,405,0.4569095325533494,0.8939898481216247,60,4.110873864173311,174.0,5.164786,48.275862068965516,94.25287356321839,100.0,100.0,174.0,5,EC
3071341200066100070,,2489.0067483398107,467.1605101262385,6439.488004966626,488.7178284958339,6456.498559193447,1.642394998216236,1515,0.257667356233878,0.9577263230088044,85,4.454347296253507,991.0,6.899723,60.34308779011099,95.05549949545913,100.0,100.0,991.0,5,EC
3071341200066100136,,717.381790806641,563.9452269130434,6487.033727553926,574.5243200372649,6498.066811884308,1.181293639994991,436,0.4909454109929524,0.905201467037638,70,4.2626798770413155,188.0,5.241747,43.61702127659575,89.36170212765957,100.0,100.0,188.0,5,EC
3071341200066200012,,2315.652323168471,506.8496426673527,6375.740485552318,525.2591919581213,6392.680282643591,1.099265466499414,878,0.2623708947546723,0.959709439839744,81,4.406719247264253,414.0,6.0282784,50.24154589371981,91.30434782608695,100.0,100.0,414.0,5,EC
3071341200066200017,,1398.5541592442378,488.1107427451646,6378.663474869146,501.28395490302006,6394.357694135415,1.6085052019554829,436,0.3351152727216995,0.9808421699155662,53,3.988984046564274,189.0,5.247024,52.38095238095239,98.4126984126984,100.0,100.0,189.0,5,EC
3071341200066200025,,1253.670725213125,515.3033778790833,6389.953685012205,532.0733962096732,6401.687826690706,1.6498280125222882,693,0.4135630211836846,0.8705070087902202,79,4.382026634673881,389.0,5.966147,46.01542416452442,91.00257069408741,100.0,100.0,389.0,5,EC
3071341200066200040,,1096.6152905676893,520.1088140671762,6405.210224154362,532.4298140207768,6421.370948955605,1.7908378893301455,319,0.4313605075898711,0.864922775115312,58,4.07753744390572,113.0,4.7361984,41.5929203539823,92.92035398230088,100.0,100.0,113.0,5,EC
3071341200066200042,,1675.5059818731083,529.848996146641,6404.688642227149,546.3689342316845,6420.357660127215,1.1474469257047262,626,0.3348094778093524,0.8879233227636059,64,4.174387269895637,281.0,5.641907,49.11032028469751,95.01779359430606,100.0,100.0,281.0,5,EC
3071341200066200071,,1026.027796525872,531.9198400660533,6427.009317640433,549.0693326972073,6438.075951941738,1.5836783468858493,468,0.5183054164942353,0.7548541811693976,65,4.189654742026425,261.0,5.5683446,49.808429118773944,94.25287356321839,100.0,100.0,261.0,5,EC
3071341200066200075,,2012.919440337436,491.20586191606407,6434.378281961895,512.5151149331039,6449.851658704809,1.5233803783718631,810,0.3045293590410756,0.8984437666108251,67,4.219507705176107,507.0,6.2304816,64.89151873767258,96.64694280078896,100.0,100.0,507.0,5,EC
3071341200066200086,,756.3200342107209,504.8178286673338,6440.997136112002,517.6721147574201,6449.691626514996,1.953043001359981,369,0.4649983856723256,0.9809810305995847,48,3.8918202981106265,211.0,5.3565865,59.71563981042654,100.0,100.0,100.0,211.0,5,EC
3071341200066200091,,1525.5921243369005,532.4348284366845,6441.95847085598,550.2051015817033,6454.442430743859,1.404023763744696,606,0.3648042625030018,0.842560604660913,74,4.31748811353631,285.0,5.655992,37.89473684210527,90.87719298245615,100.0,100.0,285.0,5,EC
3071341200066200096,,380.4633433981668,489.6409603893641,6447.538262847893,497.3129152226864,6454.1184439947865,1.1145090447658863,218,0.6140563121989951,1.0,31,3.4657359027997265,124.0,4.828314,73.38709677419355,100.0,100.0,100.0,124.0,5,EC
3071341200066200099,,586.7116200238072,479.434283110752,6448.503675085489,489.968649813566,6455.7503052837865,1.4499042290883477,236,0.5126095521766906,0.9832549948827124,44,3.8066624897703196,156.0,5.056246,66.02564102564102,100.0,100.0,100.0,156.0,5,EC
3071341200066200129,,1130.2260007313205,552.3627957918231,6465.159527641762,561.8990977337894,6479.38391581867,1.4915346093605977,563,0.3856163132393479,0.9415580827489594,72,4.290459441148391,300.0,5.7071104,44.333333333333336,92.66666666666666,100.0,100.0,300.0,5,EC
3071341200066200151,,1130.6273270215013,551.0075106493039,6479.041148892331,562.54194269079,6490.938317369696,1.094594050444759,621,0.3541438658722873,0.9821586202013616,75,4.330733340286331,292.0,5.6801724,45.54794520547945,90.75342465753424,100.0,100.0,292.0,5,EC
3071341200066200193,,1451.93423827037,544.505821743795,6504.588404129006,559.1271210418865,6519.667157490795,1.7708881825409837,572,0.3432037525232524,0.9406388850367752,59,4.0943445622221,370.0,5.916202,64.5945945945946,97.56756756756756,100.0,100.0,370.0,5,EC
3071341200066200196,,1711.456162947677,510.4137281911066,6508.035076565553,531.6127395610588,6520.722726764314,2.0102732863914703,1015,0.3612829072865282,0.8713957298817507,76,4.343805421853684,566.0,6.340359,55.830388692579504,94.52296819787986,100.0,100.0,566.0,5,EC
3071341200066200201,,392.6862328839214,554.3788048485488,6512.702635401788,561.2705315381579,6520.7462246824,1.3989012858413858,120,0.6225182487216205,0.9911647855930008,29,3.4011973816621555,81.0,4.406719,72.8395061728395,100.0,100.0,100.0,81.0,5,EC
3071341200066200203,,1680.7483632597432,529.8801696834604,6514.323554670487,544.7120920542371,6530.991812664989,1.171254210601702,871,0.3045536247330271,0.959236612517788,62,4.143134726391533,491.0,6.1984787,60.896130346232184,97.5560081466395,100.0,100.0,491.0,5,EC
3071341200066200215,,1332.4862437937668,518.3732465605818,6519.7865424315605,536.8711162496188,6534.293544910117,2.171495515307741,648,0.3912756559721299,0.9139083339736164,61,4.127134385045092,409.0,6.016157,66.25916870415648,97.31051344743277,100.0,100.0,409.0,5,EC
3071341200067100009,,321.8882361239654,563.7370077758509,6482.547454725779,569.2396278801888,6490.756804963528,1.899833998099295,133,0.7212365595413053,0.969243221540816,29,3.4011973816621555,56.0,4.0430512,58.92857142857143,100.0,100.0,100.0,56.0,5,EC
3071341200067100018,,553.2185955757185,560.0816095980955,6502.773417483978,566.1936954618355,6514.132025784532,1.8756058898333603,202,0.5580192584840854,0.9437961270563304,42,3.7612001156935624,99.0,4.6051702,50.505050505050505,100.0,100.0,100.0,99.0,5,EC
3071341200067100025,,987.825034021324,585.975417447668,6525.835010021909,595.9143296315068,6538.992004416953,1.4073593899712349,401,0.4313195945317926,0.9145893924156308,47,3.8712010109078907,139.0,4.9416423,58.992805755395686,100.0,100.0,100.0,139.0,5,EC
3071341200067100047,,2627.975974628448,601.2282851049835,6572.869348739352,620.3743048113259,6593.145200170081,1.2288953832786735,835,0.271684546206743,0.8950072793706239,72,4.290459441148391,412.0,6.0234475,40.29126213592233,94.1747572815534,100.0,100.0,412.0,5,EC
3071341200067100072,,636.7951619787893,629.8515345523732,6614.641857913066,640.5059825765057,6623.519874926854,1.3714053050961446,198,0.4924040417569065,0.9715324931114628,29,3.4011973816621555,77.0,4.356709,61.038961038961034,100.0,100.0,100.0,77.0,5,EC
3071341200067200012,,898.2245963308518,564.1637894045592,6494.691814157666,572.6897362780728,6509.391156297843,2.084494349431659,502,0.4409268534523747,0.9757176364518746,62,4.143134726391533,296.0,5.6937323,54.391891891891895,95.94594594594594,100.0,100.0,296.0,5,EC
3071341200067200013,,1250.4978483819823,571.1309047580831,6497.210685179994,583.050310045492,6512.796485301634,1.4759881622352833,684,0.3637893935961854,0.9471746723418176,79,4.382026634673881,338.0,5.826,38.46153846153847,91.42011834319527,100.0,100.0,338.0,5,EC
3071341200067200024,,928.607162897332,587.3227246740453,6537.715650307513,598.478817276692,6549.08065352806,1.0961461248311326,364,0.4037933272714084,0.959657038899178,40,3.7135720667043075,132.0,4.890349,58.333333333333336,100.0,100.0,100.0,132.0,5,EC
3071341200067200026,,1439.2697201445758,593.1326574457347,6546.116476164752,604.5708875054205,6562.393709229727,1.497245950923619,573,0.3250217707828728,0.9758151029672256,55,4.025351690735149,226.0,5.42495,52.21238938053098,97.78761061946902,100.0,100.0,226.0,5,EC
3071341200067200033,,1299.7170341940744,598.1637439459394,6560.479888903333,611.6532342304828,6575.17525855714,1.2000902560197548,514,0.3526392983502017,0.9511922115633912,59,4.0943445622221,208.0,5.3423343,47.11538461538461,95.67307692307693,100.0,100.0,208.0,5,EC
3071341200067200063,,1119.8317446055644,635.0761553939045,6608.606978435665,649.05889424668,6620.200098124713,1.1848402761058598,434,0.3722473266561548,0.9679240916531432,47,3.8712010109078907,187.0,5.236442,53.475935828877006,100.0,100.0,100.0,187.0,5,EC
