EntityID,fov,volume,center_x,center_y,min_x,min_y,max_x,max_y,anisotropy,transcript_count,perimeter_area_ratio,solidity,cluster
3066494500026100107,,681.5922599689774,5776.986531865717,5436.777106461486,5770.793088953124,5433.184781047137,5784.053060460905,5439.874106616392,2.1607334901000814,111,0.5195599637260758,0.9506933396309976,cluster_5
3066494500026100110,,1253.3120883018748,5818.21211030895,5437.276529137264,5807.779257196465,5433.725507424228,5834.792027658694,5441.170072183408,3.723443661445995,334,0.516523807360718,0.7944126184791807,cluster_5
3066494500026100111,,1091.2182107340338,5788.519159070864,5440.778844580403,5783.216330847029,5434.696026006792,5795.614668067955,5446.226326750307,1.0069800039226269,270,0.3774969593981056,0.9669334171946607,cluster_0
3066494500026100115,,686.0952889484308,5778.370551437643,5442.980397873223,5771.852909797547,5439.233883491196,5783.795401516542,5446.677925843225,1.6313494259704522,160,0.4944223097912285,0.9645010296020262,cluster_0
3066494500026100116,,212.20752181251527,5825.976052117609,5440.627772254856,5822.057694209201,5439.010129571715,5830.91425552661,5442.833988084188,2.276526866716444,85,1.1158012930477847,0.7987680999492397,cluster_5
3066494500026100117,,1547.4419548611825,5746.122451688411,5447.958350981754,5736.536615459657,5441.500560102157,5756.388503150634,5453.2255571187125,1.7493519631331451,210,0.3394528236475706,0.9360279251636672,cluster_5
3066494500026100118,,2490.8453844955447,5822.857577937127,5453.755906288076,5813.5997581730135,5442.040874155544,5831.888662044612,5463.309483953264,1.5086895015511157,382,0.2703117683439314,0.9521488764143652,cluster_5
3066494500026100123,,497.3185756053017,5708.9775254341785,5453.715749173368,5702.981702929553,5450.289971264783,5714.695771945909,5456.882883174198,2.302435250164101,103,0.61403976403621,0.969369005697922,cluster_5
3066494500026100127,,755.0313908672445,5704.68898836144,5461.650519858638,5696.749096884797,5458.131403343646,5711.160622732227,5465.569801161889,1.9955164072515783,101,0.485404443639763,0.9686417367848374,cluster_5
3066494500026100129,,2367.0708753699164,5672.610285553886,5469.143168112147,5661.487356865052,5461.715361784577,5682.62661087148,5475.9193134415855,1.525794539718399,395,0.2585843847405675,0.9560745137054846,cluster_5
3066494500026100131,,972.6299632022974,5640.190325120974,5482.557983749924,5633.3722086383095,5477.602837360483,5648.098972443278,5488.249198584667,2.107793040580299,203,0.4309100042794268,0.9493466663918108,cluster_5
3066494500026100135,,239.84956363097905,5630.124550304152,5488.141603365753,5627.385864574008,5484.924185862154,5632.885126556041,5491.012597155626,1.1237007217268795,58,0.7910531107135667,0.971728240812611,cluster_5
3066494500026100136,,447.49829295050256,5624.495810033791,5491.494245357347,5620.314580156442,5487.408078511922,5628.897656836243,5494.837023550332,1.4572103660211146,101,0.5801515920039825,0.9999999999999996,cluster_5
3066494500026100139,,735.1199761703986,5614.064401763259,5498.749904533428,5608.401407165978,5493.442183990419,5619.304322218478,5503.385388250718,1.4079864726608606,145,0.4512038843203579,0.9952044862445,cluster_5
3066494500026100142,,442.51664862567947,5605.732402557167,5503.464815872231,5600.986502583664,5499.67236516111,5610.080430460039,5506.404433895386,1.341632969128025,86,0.583081589106699,0.9999999999999998,cluster_5
3066494500026100143,,734.9263956905052,5603.103689407745,5510.371795929554,5598.20609300667,5505.871730560524,5608.663926454433,5515.230268974403,1.1643437224345283,90,0.4742944754979997,0.9354250440679298,cluster_5
3066494500026200114,,211.99709790891785,5769.596006365187,5437.278237950001,5767.489557402784,5433.715042897554,5772.145208075789,5440.414092269315,1.6454895807515426,40,0.9403938618617378,0.8934974263944455,cluster_5
3066494500026200116,,519.8141887033754,5797.072528821394,5436.6503477387405,5790.928045966224,5433.718270173066,5803.788332741113,5439.118126702299,2.384354980530171,95,0.6084546273782242,0.9440796647661226,cluster_0
3066494500026200120,,1370.7177132281292,5759.081744509157,5441.5735839128165,5748.870084647435,5435.150023745986,5768.396252113743,5447.546313783533,2.21155082452564,290,0.4028172472178041,0.8467637048835026,cluster_5
3066494500026200123,,305.8526244416043,5827.82775602826,5444.12463140311,5824.083814216967,5441.33623223818,5830.917545417511,5447.331956773702,1.1808791273636263,119,0.7367500103315258,0.9291018085584428,cluster_1
3066494500026200128,,602.5016809765308,5732.680654815625,5446.297535917073,5726.508250693532,5442.830222832356,5738.434360659284,5450.320368029212,1.967027725637812,110,0.5264381296407191,0.9892196540024416,cluster_5
3066494500026200130,,1421.9252818063,5721.552595671984,5451.369193719792,5713.938420125013,5445.597954537379,5730.922592273228,5458.341615946369,1.1446704524290172,295,0.3534345229675111,0.90341650344006,cluster_5
3066494500027100055,,249.9376203228576,5955.121037348262,5420.70995412251,5952.358249141472,5418.064467896755,5958.5471775279375,5423.985456948369,1.4561866770388276,104,0.7786990858214649,1.0,cluster_5
3066494500027100057,,876.6990343777868,5961.416068477183,5423.728172364564,5953.606756614516,5419.266838062849,5970.0053587027705,5427.573359923166,2.0345452874293706,249,0.4936413616543919,0.8781324583185861,cluster_5
3066494500027100059,,684.2306898609479,5948.245290297704,5424.563839453666,5943.097748078987,5420.907113764006,5953.685327376745,5428.616087688068,1.3543862723096456,197,0.4674127369391084,0.9900625397626188,cluster_5
3066494500027100061,,933.9191235135016,5908.468175433044,5424.862939307192,5900.110576867976,5421.088387553107,5916.179432609646,5428.892346662815,2.2499384557513045,277,0.4368311723470556,0.9656083920581452,cluster_5
3066494500027100062,,1280.2469007225372,5941.279987307941,5429.403694442769,5933.951649305966,5422.614176293427,5948.69883812926,5436.398587867103,1.5619579030527364,390,0.3634978076961008,0.9385930610235074,cluster_5
3066494500027100065,,570.7593635826016,5894.006740280159,5427.822411668941,5888.572958410162,5424.106525551031,5900.37618689416,5432.541097182215,2.1039852870945825,150,0.5785400336432508,0.923410685228794,cluster_5
3066494500027100066,,790.2735918075113,6001.269735372677,5431.93798280901,5995.006256334913,5425.460654042235,6008.128865958273,5438.007691173607,2.207007451448035,175,0.5611841335455107,0.8465009743513109,cluster_5
3066494500027100068,,603.6777274909394,5969.257700529174,5432.016361511222,5964.948828803044,5426.206995993573,5973.148087278471,5436.359894966008,1.2247898577455885,149,0.5227159830599059,0.950278896336639,cluster_5
3066494500027100071,,1344.9591180065777,5930.03098173096,5433.562227943793,5920.992278742542,5427.207441671979,5938.736033956277,5440.192292290247,1.4498843192036108,290,0.3599692110464901,0.9292909410932084,cluster_5
3066494500027100077,,693.3573426927181,5977.298424684791,5433.824290884048,5972.618620748034,5429.123769405484,5982.688052419831,5437.924376607404,1.0371429122279665,169,0.46757966362361,0.992951618567824,cluster_5
3066494500027100078,,374.5180632983751,5992.77957907853,5432.46872948826,5989.085816181537,5429.223608976017,5996.563799870763,5436.174413302114,1.2598029134859186,72,0.6176619042116437,0.9952596338605814,cluster_5
3066494500027100079,,362.6900994988613,5882.150315139728,5433.177527942632,5878.0290620190735,5429.778336121741,5885.65581344925,5435.87821278476,1.010947575908001,57,0.640502321221654,0.992531415287778,cluster_5
3066494500027100081,,180.47051778658945,5918.9661636726,5432.986592787885,5916.324680608579,5430.503102465571,5921.703441509503,5435.625417662887,1.7056202064166188,69,0.9498071950060022,0.9777628987739124,cluster_5
3066494500027100082,,435.5839773157138,5871.691851681133,5433.195587756079,5865.289951409108,5431.2419587033255,5877.878603018644,5435.421263180695,3.0145403002468263,208,0.697766889400898,0.9533114357525024,cluster_5
3066494500027100084,,1002.2099978537436,5855.909547514115,5437.98703740212,5848.927171099493,5433.184781047137,5863.674062852013,5443.215521137522,1.6071326863849302,284,0.4073579626552463,0.9435011360416016,cluster_5
3066494500027100086,,661.7351787975024,5938.803980074294,5438.752918287694,5932.601512180579,5434.596827130263,5943.881595477843,5442.898026272763,1.457710191743827,177,0.4881805690636148,0.9715970572988656,cluster_5
3066494500027100088,,279.38220149426706,5877.581332031455,5437.971391231257,5874.405182060158,5435.0307922934335,5880.617685109058,5440.630086530485,1.1230941039336706,38,0.7088555684930291,0.9933808314378684,cluster_5
3066494500027100089,,519.3747847429048,5843.668941918683,5438.086131513936,5838.237538096724,5435.014235740082,5848.845911788154,5441.38046376148,1.7389044185388522,148,0.5443300340148567,0.9980651342324424,cluster_5
3066494500027100091,,938.862035734292,5958.6554091783455,5440.99918302041,5953.060702376265,5435.927261505589,5964.506638829824,5446.223908559539,1.1037597564132708,197,0.3889656063252459,0.9804041437781296,cluster_5
3066494500027100092,,822.0344842536034,5835.961025817355,5441.421416788088,5830.058598024427,5435.770215654175,5842.55854217724,5449.432698535939,1.322464102980658,209,0.6040249485819205,0.7337989088739781,cluster_5
3066494500027100093,,439.9594071483411,5969.378541157702,5438.821424035909,5965.3001478352735,5435.759289460104,5973.578516707142,5442.134423825017,1.366785350934708,130,0.5787072652735891,0.9838450277163288,cluster_5
3066494500027100097,,501.1969751296363,5846.809482663238,5443.431689701062,5842.363794955662,5439.16744033528,5850.992206460272,5448.507113377316,1.3791710791844685,180,0.5722150679868591,0.953999416219788,cluster_3
3066494500027100101,,740.7024106506856,5933.641699896959,5445.157778437125,5928.3424007652175,5441.014108427088,5939.137082592748,5449.694222965944,1.2096344426876506,187,0.4330236570534492,0.9968285385112572,cluster_5
3066494500027100102,,642.4436633286542,5994.05084458861,5445.566871828011,5989.43606637341,5441.087909842907,5998.31422369634,5450.579877459293,1.084368724715223,130,0.4800765100479828,0.9607340332611356,cluster_5
3066494500027100103,,955.1209502379986,5860.388351355999,5446.935962173743,5850.588368611316,5441.405006003532,5867.594521707761,5451.471622085123,1.704739168184792,309,0.5555248570955639,0.718552711954082,cluster_2
3066494500027100104,,360.07351098138525,5879.861613195652,5444.933907260987,5876.443429851212,5441.513674145681,5883.384110495108,5448.394502775676,1.1335441218107614,78,0.6218961265356521,0.9958566720897812,cluster_5
3066494500027100107,,438.6320485299833,5918.448677797989,5446.570632513278,5913.767943456356,5443.251939184899,5922.712537025381,5450.45020287999,1.2717830105253498,120,0.5892050704322561,0.989825995081122,cluster_5
3066494500027100108,,560.4810345190723,6001.671204796244,5448.64161196107,5997.866130082115,5443.703590022007,6005.852237236166,5452.732836247819,1.1230478043017105,100,0.5251534215788839,0.9599538467910294,cluster_5
3066494500027100112,,858.9915924731484,5851.693833219848,5450.90522671794,5845.975747567731,5444.84377511514,5856.403464281128,5457.0380278457005,1.3866035066708473,262,0.4284804426048393,0.9627867640673538,cluster_2
3066494500027100113,,372.5453683603548,5902.161730277578,5448.412248351168,5898.746103293463,5444.849597156939,5905.280800728951,5451.885719967673,1.0773230929191306,122,0.6205311816960007,0.9812815232703588,cluster_5
3066494500027100114,,829.5628586921374,5962.9409035599365,5449.879030988534,5957.7983282842,5445.08510018267,5969.02422091093,5455.29808571948,1.3979494609015546,199,0.4232634760643576,0.9765387703676248,cluster_5
3066494500027100115,,610.0866037565974,5912.658729275739,5449.721686845675,5908.27465097487,5445.065206135617,5917.693870371089,5454.47830515611,1.2703558582263572,211,0.4943859461908734,0.9769054147354,cluster_5
3066494500027100116,,668.9197614415596,5940.610396977377,5450.910647967074,5935.089877458399,5445.97251883769,5944.780253880937,5455.992777246953,1.3494144669245762,158,0.4893969003398508,0.9774643550626788,cluster_5
3066494500027100117,,407.1089868224881,5883.74881631167,5449.202222045867,5879.5461886284165,5445.788273627061,5887.663575215163,5452.5021483611445,1.2413914572253828,99,0.6054332140703645,0.9721903403515904,cluster_5
3066494500027100119,,1830.850596788512,5841.780414070245,5455.944723365069,5832.294318088827,5448.708607282692,5850.766383441293,5462.877495430925,1.1972564578750853,686,0.2923868704854284,0.9546543103221756,cluster_3
3066494500027100121,,670.4681864914598,5951.41398202383,5452.427334757157,5947.0255522178495,5447.872993893603,5955.975549226622,5457.645883602127,1.0989176844501196,153,0.4660542928692809,0.9881756053651956,cluster_5
3066494500027100123,,653.2890893853114,5987.677363860522,5454.259808251482,5983.25859262381,5449.173237003577,5992.465681070674,5458.765981935055,1.142516008652677,179,0.4827511293880494,0.9545130452907106,cluster_5
3066494500027100124,,754.6172930850157,5968.593640826477,5454.922051271863,5963.187319996866,5449.615877130359,5973.560014905211,5459.618371343544,1.2182923032031028,179,0.4482445985883285,0.9763455106260972,cluster_5
3066494500027100127,,1109.261167047107,5867.390869821769,5456.043128969729,5860.603513477656,5450.579958928483,5873.252069175431,5462.399142010839,1.1168064584721793,355,0.3866806596378155,0.9471263177191016,cluster_2
3066494500027100128,,817.3104810016288,5918.4473888812345,5457.646184616205,5913.5646435855215,5451.031369748797,5924.478537885741,5462.800498965511,1.1677010054979724,205,0.4478136428020723,0.9286293237243086,cluster_5
3066494500027100133,,598.3015233836911,6002.772796766067,5456.807832580801,5998.23456519477,5452.742774347824,6007.469992217852,5461.129514760982,1.249799056092044,116,0.5037740520578252,0.9726092786013216,cluster_5
3066494500027100135,,403.2686712274447,6009.439343537019,5461.905849000584,6006.340390969905,5457.216741646062,6012.442055098903,5466.364404275642,1.3801619038858488,68,0.6212604693127516,0.975010813566076,cluster_5
3066494500027100136,,667.6440809769296,6015.041001803429,5459.669372706213,6008.635305002015,5455.123376627338,6020.016640622061,5464.814344167502,1.6252182407377953,140,0.5274574512246876,0.9185548705543916,cluster_5
3066494500027100137,,441.8967998825863,5892.0874896830655,5460.745071927448,5888.42828756793,5457.153647509938,5895.719885064135,5464.60544952028,1.0004693444449784,131,0.5552033416726249,0.9953807452062464,cluster_5
3066494500027100138,,741.6465897630601,5984.671221476185,5462.539659809197,5978.754440115825,5457.636208953576,5989.453505798367,5466.658618710077,1.22599415658041,185,0.4524883279071682,0.9798925838843155,cluster_5
3066494500027100139,,929.2596343729842,5863.827993922298,5463.162566584718,5856.955759486139,5457.453052990903,5871.259315340589,5469.189178242651,1.7632157619500304,350,0.4434617751338643,0.9395775326409482,cluster_2
3066494500027100141,,302.5309496445224,5999.902763395968,5462.871643830936,5997.006830834189,5459.447422042299,6002.669432508335,5466.260844424666,1.2935968182234228,59,0.6937247762066009,0.9933150827358634,cluster_5
3066494500027100142,,1218.2481322770204,5854.846094303206,5465.658171613991,5847.825410290905,5459.969195438792,5862.451273958509,5471.919052223666,1.4500651693924484,596,0.3554245345066099,0.9844339091860624,cluster_1
3066494500027100143,,1049.3471693760278,5927.600204414171,5465.032529093564,5921.2697208522495,5459.637581513385,5933.454649757925,5470.360744279488,1.2250596088126862,262,0.3686155393332028,0.9839708328195516,cluster_5
3066494500027100145,,868.1122366636206,5915.416792097384,5466.063641044477,5909.740313033132,5461.330097657123,5920.959010249528,5471.073900198455,1.0467123924321309,251,0.4079145681579113,0.9866008851455592,cluster_5
3066494500027100147,,1335.7987930430895,5953.740101779293,5468.158824249666,5947.118655511415,5462.053712076426,5960.445884883635,5474.425565869831,1.067093891804184,336,0.3184071147725214,0.9984424442397052,cluster_5
3066494500027100148,,419.57855613282425,5963.911342406084,5466.552384993445,5960.502059501324,5462.572714209013,5968.229255352596,5470.52671125227,1.18801377484555,143,0.607624797177366,0.9709671067766604,cluster_5
3066494500027100149,,571.5202491915474,5906.052609187964,5467.250157333569,5901.727243996368,5463.031576101641,5910.389026964871,5471.186770249533,1.0658169662104946,169,0.5031689379648773,0.968717461814986,cluster_5
3066494500027100150,,656.147974067858,5995.939188612008,5469.380249713786,5991.087551019433,5464.240081805032,6000.762981088653,5476.444940194415,1.696807448198543,143,0.5956075780621353,0.821669036623326,cluster_5
3066494500027100152,,599.3348309230344,5872.20350803079,5469.37557788384,5867.587832052409,5464.551300280867,5876.154090418933,5474.698664023537,1.4543436496176805,182,0.5059340513564292,0.9866201611271544,cluster_2
3066494500027100153,,663.747092975172,5880.579435581995,5469.909164925675,5875.736369640066,5465.7279478599685,5885.7767358274905,5474.21069761532,1.2857339255451978,147,0.4610892909649545,0.9950742649476114,cluster_5
3066494500027100160,,1077.0911096711077,5867.048359822317,5475.083707608727,5860.617779471903,5469.491953321265,5874.182236472265,5480.656828287216,1.0542786742337151,363,0.3893119625083102,0.9597147122081544,cluster_2
3066494500027100161,,789.4856306955237,5926.8068125843565,5474.14784372675,5921.83640362591,5469.796934321996,5932.4549252149045,5478.877517895355,1.167285536892447,178,0.4288475433117606,0.9836873713488096,cluster_5
3066494500027100167,,1232.8330176378106,5932.351966522916,5481.977446397513,5925.852017173323,5475.522260943886,5938.587816005363,5487.483839707855,1.064996725282329,255,0.3419004363129642,0.973329500380053,cluster_5
3066494500027100168,,763.6380218682482,5906.21399731496,5483.354954632413,5902.367604454126,5476.136250616971,5910.455571926324,5490.559997299475,1.9858217415587145,184,0.5275574932146815,0.8491963752132057,cluster_5
3066494500027100169,,857.5207121291699,5975.456779942425,5482.259205954722,5970.236269920349,5476.658151408286,5980.306606919635,5488.231965861501,1.53319001453998,202,0.4148763882733278,0.990268532329688,cluster_5
3066494500027100171,,1345.4289500452462,5943.336552696214,5485.084973620628,5937.729902748252,5477.440853645677,5949.38545130421,5492.255909302316,1.1704183985125354,283,0.3345610706456601,0.9697365778277688,cluster_5
3066494500027100174,,292.0829635686621,6021.33112843344,5480.910616104354,6018.614603606609,5477.476318229696,6024.019558620968,5484.314523188934,1.332962029224071,75,0.692913521899955,0.9961477633084188,cluster_5
3066494500027100178,,167.8095156785878,6012.841266711032,5481.112783780218,6010.48750113944,5478.700047118446,6015.18789881784,5483.50858921058,1.6686310518856184,47,0.9466716640780256,1.0,cluster_5
3066494500027100179,,440.7078011245702,5911.507928789875,5483.124565088475,5907.851296658501,5479.008005862856,5915.134668455072,5487.193797941667,1.272067307819703,100,0.5733691421958254,0.985186395570273,cluster_5
3066494500027100181,,420.22608838610864,5968.27918970019,5484.472098520606,5964.975715535647,5479.604003316992,5971.407066291265,5488.558783748727,1.3591643434218967,147,0.6147033352976051,0.952636530585744,cluster_5
3066494500027100182,,805.7541855122373,5959.928315816222,5485.55543477109,5954.8011990651885,5479.886197635205,5965.574601969922,5490.252806819122,1.579697307132896,215,0.4431305759774786,0.9648685321149836,cluster_5
3066494500027100183,,414.40595202537673,6003.457629212448,5488.696904339646,6000.462840420506,5482.910117291575,6007.761154907455,5495.221416831918,2.5484323282172374,120,0.7904205090741536,0.8244540863521,cluster_5
3066494500027100185,,305.3844247060737,5949.641723163231,5490.664401980358,5946.737928402354,5486.166332608963,5952.346252750821,5495.318457102496,2.0628864456425897,94,0.7938611009751592,0.918082728963532,cluster_5
3066494500027100186,,876.9075786395762,5972.165110551934,5491.595117494466,5966.33355858495,5486.706132107399,5978.295107160544,5496.876980994574,1.3819706503566334,235,0.4147103281350452,0.9729509139244696,cluster_5
3066494500027100188,,1013.5744950060064,5931.539303288069,5493.853071582155,5926.447951374433,5487.418678863726,5936.406493857116,5500.81296013214,1.320609303359725,247,0.3906020791815795,0.9574430841930366,cluster_5
3066494500027100189,,776.539105530648,5996.24543812596,5492.187294080411,5991.621030090392,5487.400466607296,6001.147645143123,5496.912933567002,1.0099034373727591,209,0.4194191350638743,0.9970830239733922,cluster_5
3066494500027100190,,408.3947325637923,6005.345321901593,5494.152809920623,6001.990331834176,5488.686446335275,6007.921793046231,5498.939435811646,2.178251619959942,119,0.6887509376422144,0.9181942512578628,cluster_5
3066494500027100192,,969.705940860277,5957.810862366953,5494.954158632243,5951.8992136770985,5488.929336796222,5963.973284264194,5500.867952502333,1.227912945010277,212,0.3918054367510345,0.9684367310659524,cluster_5
3066494500027100193,,295.74138016820973,6029.229324423258,5492.776120589739,6026.401947117762,5489.660783815921,6032.324001809397,5495.790785469163,1.065454602298303,69,0.691164726378872,0.9850525802290252,cluster_5
3066494500027100197,,309.69329358356,6008.828297001154,5499.209834421526,6006.874127222917,5494.434686322994,6010.766969656495,5503.624433411828,2.398865148657942,77,0.7668695125006221,1.0000000000000002,cluster_5
3066494500027100198,,502.5088869354711,5910.337326360682,5498.050772940413,5904.872342929467,5495.089683528742,5915.36887055845,5501.602887457832,1.8442912947987504,122,0.5695241971261958,0.9719356463060922,cluster_5
3066494500027100199,,694.9866333571767,5941.480907177808,5500.1742983154845,5935.073528654243,5495.886519247206,5947.342039618409,5504.099503220566,1.6444127008647802,178,0.4849893728800886,0.9742652143864148,cluster_5
3066494500027100201,,318.6203759931706,5993.83657781811,5498.645417663248,5987.865734193832,5496.274443571669,5999.205748563033,5503.375334506503,1.818617741436365,98,1.2097751775355798,0.5914999497213815,cluster_5
3066494500027100202,,770.3528518200745,5919.317116189667,5503.664199703261,5912.859449573718,5496.797369307328,5925.269263490857,5509.44319408501,1.4791282583980807,97,0.6007055942701983,0.7071706577248447,cluster_5
3066494500027100204,,374.53592972380994,6022.639122496983,5501.369027259193,6019.14898409927,5497.792597159082,6025.900646027358,5504.9356432845,1.0257844178996751,110,0.6185066089565235,0.9744951006053354,cluster_5
3066494500027100206,,563.5311864039234,5953.948669353214,5502.418276773925,5949.3797406651765,5498.516548523863,5958.913723514875,5506.286560267496,1.256460899528705,100,0.5117063752943114,0.992082197018262,cluster_5
3066494500027100212,,431.190724261054,5938.857918276792,5506.042181491067,5934.2683026042,5503.135362851134,5943.757174614082,5508.561234640037,1.7799448844027808,113,0.6318691718260318,0.9549048330781542,cluster_5
3066494500027100216,,815.2102133248502,5957.426966734705,5509.530014530693,5950.806734667914,5504.22572547659,5962.977584150194,5514.264519018705,1.22765059128283,130,0.4584931949843144,0.9185070098981836,cluster_5
3066494500027200066,,566.441858277725,5989.582361856375,5424.649727053528,5982.339999904877,5420.117128246394,5997.2933749572285,5429.292657260785,3.850769760123763,91,0.6882469359736065,0.9077516189750408,cluster_5
3066494500027200072,,521.5827092218582,5962.6325944037335,5429.394899568047,5957.477632228942,5425.638095949797,5967.548871485914,5433.051282465664,1.621796835469774,96,0.5602833838190212,0.9759678142142356,cluster_5
3066494500027200074,,1464.8132489182212,5985.702786605728,5432.074160331783,5973.854551886972,5426.198664722318,5994.025751608,5440.388257479232,1.806763546809997,426,0.446592337112782,0.7577677529067866,cluster_5
3066494500027200076,,589.267098495815,5955.7723137014245,5432.201089002784,5951.337504300458,5427.460039282253,5960.953738923642,5436.418198437683,1.642852866657715,159,0.5218184229360486,0.9510368754326548,cluster_5
3066494500027200081,,590.6628082926788,5911.583515270191,5435.822171162766,5908.24881667171,5429.778628389639,5914.944512568029,5441.144237393324,1.7878491933944662,168,0.5659144797740655,0.9086239873096128,cluster_5
3066494500027200083,,852.242058710347,5921.176029604932,5439.9508736742055,5915.834307632005,5433.436801670429,5926.499987743934,5445.52730329139,1.014390623621776,210,0.4273812844348797,0.9638933689620912,cluster_5
3066494500027200084,,318.3343637233708,5997.969009520472,5437.07369596966,5994.072766084535,5434.180180206957,6001.803569111694,5439.8551016924985,1.225457513522723,61,0.6784452424296549,0.9971141419394604,cluster_5
3066494500027200093,,1668.789448497244,5980.746647272637,5444.110347043784,5973.436106169645,5436.8337398213125,5988.175536126082,5451.206182794129,1.1416335104558253,439,0.3014594304778914,0.9554828789525563,cluster_5
3066494500027200103,,442.5894137548815,5841.168204111485,5447.218181157255,5836.432831581152,5443.538937964418,5846.34559883215,5450.235334625525,1.3807928308984243,81,0.6250254371181952,0.9496085075037268,cluster_2
3066494500027200114,,1116.147182200207,6013.575734826513,5449.862817152002,6007.477272761257,5443.76200331744,6021.424046335321,5455.026962581076,1.243236121964951,364,0.4377512233131754,0.8509623713251091,cluster_5
3066494500027200116,,1477.8437694362244,5946.315198612284,5457.221372959241,5934.403321295253,5448.534121779998,5957.708769770471,5462.329887244348,1.7689524760841278,459,0.5464579007503964,0.6005529062463898,cluster_5
3066494500027200119,,945.1131963405874,5925.164888820241,5453.384416890453,5916.61417721168,5448.089511074479,5930.710794972713,5459.305967587979,1.3811787764024597,249,0.451020375384874,0.8920383397874354,cluster_5
3066494500027200120,,303.44257290121067,5993.197251353699,5452.1149304417295,5989.603090673364,5449.075891477436,5996.334245790109,5455.474528409763,1.4628455320746976,71,0.7061772127160523,0.996156129900413,cluster_5
3066494500027200127,,691.0621032035237,5978.705665694036,5456.766569403632,5973.822512175614,5452.353924526396,5983.462883293147,5461.573907330256,1.0909054689683153,211,0.4478737359965952,0.9960610518570102,cluster_5
3066494500027200135,,824.1756400937544,5971.126490654123,5462.508032346815,5965.129893429159,5457.840568268808,5976.933697156531,5467.100309716903,1.3294237443398165,179,0.4200644643224662,0.9829609106639724,cluster_5
3066494500027200143,,398.4529787015935,6004.163957259313,5465.281644417736,6000.269155056651,5460.393561427478,6007.026027255287,5469.1340917536745,1.3106663551513134,95,0.7080641266420614,0.858944900104776,cluster_5
3066494500027200152,,811.8686665179391,5985.170674327018,5469.981969273308,5979.31353933479,5465.124837614897,5990.74983221482,5475.300669090483,1.2946173467805195,166,0.4839574377626195,0.8892618234817948,cluster_5
3066494500027200156,,577.028997336462,5904.997548571598,5472.573014284826,5899.714349538423,5468.517879115374,5912.327229175976,5476.8178023835735,1.5256899447538514,186,0.6895271003187118,0.7091276556548252,cluster_5
3066494500027200159,,1019.1168798294366,5963.565418855826,5474.166166329611,5957.1905271747455,5468.715122140942,5970.124200556635,5479.699213012049,1.5085945476319158,300,0.3970694333626849,0.968344509878856,cluster_5
3066494500027200161,,358.71836213342783,6009.897755105543,5472.757144177338,6006.956333594864,5469.469591797411,6013.931252726543,5476.663140918853,1.03177924426146,114,0.6866800726859411,0.95139082839685,cluster_5
3066494500027200163,,855.4326346158754,5914.270724593981,5475.800414567751,5908.27465097487,5471.3012716165285,5920.585319328835,5480.29718525424,1.489402371123234,201,0.4200449007428476,0.974623458373327,cluster_5
3066494500027200164,,528.4719996452949,5888.262637523485,5475.234002376435,5884.110063743887,5471.308894150181,5892.786308264359,5479.177439615556,1.0478516518992855,181,0.5120883316133061,0.9927956985347574,cluster_5
3066494500027200168,,832.7638719378691,5896.346748638518,5480.2951984615565,5891.164246297689,5475.297165448161,5901.525989988535,5485.2252789282975,1.2124311765860285,247,0.4060592605741448,1.0000000000000002,cluster_5
3066494500027200174,,709.3829241598503,5919.47860721962,5483.44895794656,5914.466029855998,5478.728011339001,5924.497428545609,5488.014992067067,1.0512026638743015,175,0.4479991375615538,0.9973333570536004,cluster_5
3066494500027200178,,361.025540208537,5873.841639450076,5484.172566064327,5870.066348261384,5480.613557741202,5876.840101781874,5488.344573532073,1.8229685725771227,90,0.6643681017766273,1.0,cluster_2
3066494500027200186,,883.4505003955185,5915.02154012768,5491.253020708355,5909.318427750635,5486.062931140714,5920.7281084985925,5496.395776230876,1.0575180004750122,191,0.3958952920027915,0.9975409449225032,cluster_5
3066494500027200188,,468.9799440185426,6023.634590708802,5491.47097701567,6020.3431634642,5487.184472346126,6026.990269583133,5495.768494109846,1.2867723718540722,123,0.5754551535306246,0.952465921210938,cluster_5
3066494500027200196,,918.180611481598,5922.977218223154,5496.7108923854985,5917.473567689595,5491.001174682175,5928.291820673182,5501.838624781904,1.0105278770386217,190,0.4033791622647031,0.9807529317760544,cluster_5
3066494500027200197,,555.6755547925675,5940.00786335532,5494.310094753222,5935.464577239007,5490.956749382937,5945.769367033357,5498.078957318428,1.3897690278346928,157,0.542198770237191,0.9889033123570852,cluster_5
3066494500027200198,,796.6994368760751,6015.637417670606,5497.943899080886,6010.768222937886,5492.692326005945,6020.328515579726,5502.604029092856,1.027363432194332,204,0.4237156097623927,0.9930095641219048,cluster_5
3066494500027200201,,755.9281447195801,5978.4306651118,5500.310703160365,5973.236304364322,5495.619836167919,5983.430725900673,5504.881046588926,1.0351729549349284,140,0.4266959271056326,0.9940781938201622,cluster_5
3066494500027200210,,257.5328689526553,5909.984605804019,5502.455919907807,5905.986395820503,5499.818850893569,5913.985466948607,5504.83200444897,2.3785927785593937,38,0.8324109604128065,0.9999999999999996,cluster_5
3066494500027200214,,574.0042325628194,5947.553238429705,5505.852181137642,5943.323231930055,5500.932088572559,5952.044417835231,5510.108217611154,1.0531432074556704,117,0.5158483310699956,0.961378291260466,cluster_5
3066494500027200218,,519.0987006699615,5966.39346356728,5508.360051650286,5962.16420343091,5504.307017252221,5970.766599793249,5511.994161085599,1.1029095534027948,72,0.5247056133920419,0.9858704018050416,cluster_5
3066494500027200223,,400.5278569494549,5951.325572625996,5513.134029411019,5947.060273323942,5509.629903700073,5955.760852908079,5516.113708948209,1.7022957408429975,42,0.6216526632631858,0.9842806539492152,cluster_5
3066494500027300044,,397.8488542984373,5949.763949531583,5418.335139410651,5945.24141853035,5415.622501795578,5954.713989528073,5420.9320817301,1.7843645474232457,133,0.6468100282207244,0.98044204483242,cluster_5
3066494500027300055,,475.2042008424822,5897.283821759085,5431.886769777338,5892.805518072135,5428.4512660312375,5901.686177685999,5435.493779431618,1.3617908605710851,122,0.5574648300476639,0.9797273682691304,cluster_5
3066494500027300058,,166.53898929364414,5904.945180564556,5432.198761777797,5902.29374162175,5429.914438746394,5907.041260424619,5434.980267708181,1.406564760526566,34,0.968322977974928,0.9445711400397208,cluster_5
3066494500027300073,,442.1873377704525,6004.327433323831,5439.894880023705,6000.623183528423,5435.77696039497,6008.144279640986,5443.628171396772,1.0936660028101994,125,0.573804561514173,0.9771578145279388,cluster_5
3066494500027300075,,406.3544005376616,5892.233281659277,5439.610605149489,5888.276220482406,5436.526195568267,5895.984968447448,5442.826853165639,1.2481572394087217,84,0.5981324661272028,0.9800457422625504,cluster_5
3066494500027300077,,213.6342735301636,5898.495894105238,5442.218121082128,5895.661649873233,5439.664608882217,5901.188115778402,5444.727480965707,1.0195421878326565,49,0.8131629047552343,0.9999999999999996,cluster_5
3066494500027300082,,405.230202380268,5947.355770270149,5445.573449734741,5943.4184419781295,5442.190306596705,5951.26764021908,5448.926255014985,1.0407696415400456,93,0.5833305999022732,1.0,cluster_5
3066494500027300085,,274.84974624717006,5896.94104734034,5447.223061899748,5894.20945430846,5444.268326488492,5899.953338837596,5450.328925997337,1.0348642215053507,51,0.7408476029457141,0.966778487119854,cluster_5
3066494500027300087,,276.00998322294146,6006.511014145194,5447.04587087766,6003.420240866336,5443.552505583265,6009.109739092352,5451.341277532064,1.8479850005005616,82,0.806956534157594,0.9181704772285956,cluster_5
3066494500027300100,,526.7906301043517,5878.05260765096,5454.545997247163,5874.338356809707,5450.464373530354,5882.528751173963,5458.767822810244,1.2538304181946902,131,0.5208770457684123,0.9915195069240784,cluster_5
3066494500027300110,,420.91496724671015,5881.176052408874,5460.447550166557,5877.470214567663,5456.622593105323,5884.657760697051,5464.017337717855,1.1725530146017689,93,0.5739722159517385,0.9951950978086272,cluster_5
3066494500027300114,,187.11822776032284,5907.636588521469,5461.573417373196,5904.928987159986,5459.049248289997,5910.232363217632,5463.869101784274,1.2741840134433875,50,0.8790693415759228,1.0000000000000002,cluster_5
3066494500027300129,,239.51849297009744,6012.248196290442,5469.260810906717,6008.030236512921,5466.659912037494,6015.231762985088,5474.034862363017,1.526376430030162,49,1.1101261493469217,0.6599171252044913,cluster_5
3066494500027300136,,1110.317895177133,5949.82784338307,5479.055637644603,5943.045321330217,5472.27324579179,5955.161370555077,5487.613249230442,1.8080400600139488,378,0.4231629976547183,0.8666421707364963,cluster_5
3066494500027300137,,536.9622996877231,5992.366392462207,5479.63424375629,5987.517660531356,5474.799706829081,5995.83451679048,5486.670526641423,1.579614791300757,117,0.6804944574731959,0.7735799985790803,cluster_5
3066494500027300139,,292.8949819564692,6001.406943737877,5480.4828019611095,5998.431217486364,5477.4628897183,6004.250674667841,5483.605844889234,1.0418210398036485,61,0.6825757569139616,1.0000000000000002,cluster_5
3066494500027300143,,230.9302892266893,5963.9771463875895,5481.373709932633,5961.3535471244,5478.77273144756,5966.760129870791,5484.23889852534,1.023328950212428,52,0.7722590198951619,0.9999999999999998,cluster_5
3066494500027300146,,464.4683942837909,5986.398712263005,5485.599338658939,5982.610872218603,5481.926010898645,5990.273693775422,5489.180669144182,1.0345597836989608,114,0.5450134587227516,0.998858684983302,cluster_5
3066494500027300149,,240.28206654417573,5889.734389210565,5487.837706598243,5887.538529791314,5484.444389634656,5892.351509345568,5491.069157409152,1.4282050249993234,66,0.8041481862185165,0.9733510952772352,cluster_2
3066494500027300160,,146.58322425501078,5947.10361377689,5495.739728218066,5945.286438465667,5493.333666221005,5948.956471120583,5498.195411807434,1.2956012145710103,49,1.0003973694381758,1.0,cluster_5
3066494500027300168,,269.8105546927473,6031.879498247153,5499.864202404401,6028.958324893039,5497.024199266259,6034.583467739987,5502.8168231766695,1.1082645317750053,65,0.710282527225984,0.9999999999999996,cluster_5
3066494500033100031,,1812.6956190671297,5480.84981770871,5578.864727996299,5475.718111709568,5567.094726445123,5485.807245779391,5590.87085954348,2.413897559432843,255,0.3634990297757671,0.8832739025281813,cluster_5
3066494500033100057,,238.98569820696224,5480.221461431239,5617.901750744954,5477.672372500355,5615.172659724783,5482.944922352928,5621.093016735627,1.0973090903241849,75,0.7788721794951129,1.0,cluster_5
3066494500033100065,,279.9550324325565,5484.371140158868,5637.038495644141,5481.90760392072,5632.724380765676,5486.635965393814,5641.338103695496,2.3759962634844,100,0.8063805199096513,0.971489738316806,cluster_5
3066494500033100115,,1401.800895438607,5498.739779931239,5734.622598178894,5493.382617953724,5725.17193482767,5503.410642412105,5743.869776098307,2.0031224064698128,172,0.3924895806247734,0.8663818629567297,cluster_5
3066494500033100123,,982.2918913715416,5493.308448139079,5758.220440187696,5489.117064156143,5747.207965912846,5498.628349842524,5766.833793919848,2.4193312036056613,190,0.5058912188415495,0.8427371223196914,cluster_5
3066494500033200042,,2752.1563692128257,5480.899240542449,5534.174169512777,5471.091168103689,5521.035911465779,5489.112230191172,5545.206746881883,1.776588657078124,283,0.2550204498660082,0.9202448421457744,cluster_5
3066494500033200061,,2563.9193550229056,5482.704044800652,5553.917999370176,5475.61526543424,5539.076858145996,5489.823669871865,5571.338766337109,2.2721493615150083,265,0.3384825917663888,0.7839580543812175,cluster_5
3066494500033200125,,1534.002467581582,5480.78278861154,5597.634879879465,5475.070853196319,5587.424558955024,5489.094018277998,5604.238116832594,1.2074306189566162,258,0.3684363538085401,0.8644875298451992,cluster_5
3066494500033200153,,987.76938179695,5481.198357278,5609.288629587849,5475.452224163986,5603.9698741238935,5486.32277535062,5618.151642801067,1.3077653850289392,205,0.4797461336070324,0.8503195258135248,cluster_5
3066494500033200161,,614.6811059841937,5486.9911831569925,5616.554335862481,5483.353469513344,5610.065018290012,5490.661330889515,5622.712804632121,1.8833314502233007,40,0.5690168225900506,0.8852171981951769,cluster_5
3066494500033200181,,1062.399255737006,5482.0842395025975,5625.572467630782,5475.711512978758,5618.498767451525,5489.627800111016,5632.471533477093,1.2640241761120266,174,0.4602228103866043,0.8150276980461092,cluster_5
3066494500033200203,,1206.8335661868273,5491.442573695887,5637.037017278074,5486.188923289004,5627.644340313167,5496.761187482506,5647.288468320126,2.301589457824774,125,0.4180269031081071,0.9024061594997989,cluster_5
3066494500033200222,,1272.6411419160122,5488.41419622516,5654.501952061065,5482.97028021796,5646.161560000756,5494.163791913964,5663.4862921493495,1.7665459703478334,321,0.3943765237375425,0.9104955305583406,cluster_5
3066494500033200237,,1834.4919573449847,5488.244555372863,5670.1031706394615,5482.264125220237,5659.557216536251,5494.868654437368,5680.824777161966,1.842204623094453,339,0.316500484235186,0.9149657499827376,cluster_5
3066494500033200248,,401.1391412070717,5492.813300514236,5679.983155621943,5489.559455351553,5675.795799593599,5496.205002625573,5684.026575684723,1.478426362803019,36,0.6136079174340727,0.9862115878589548,cluster_5
3066494500033200251,,1808.139786060765,5486.713893700137,5687.380768686308,5479.182507147398,5678.987376264485,5495.858524404221,5694.707141106015,1.2135434018287152,191,0.3028163104757949,0.9397904193514336,cluster_5
3066494500033200266,,1814.5621595817447,5492.257109151679,5701.563108619492,5485.396692626094,5693.334403248047,5499.468486191126,5710.373263215658,1.1966110710333648,283,0.2956958017406306,0.946218468340964,cluster_5
3066494500033200295,,1577.4757956615408,5496.950649153028,5717.249506386709,5491.063764292993,5706.515227408588,5502.485410070636,5726.498491188084,2.039191222784229,253,0.3470233087175507,0.9239446242443856,cluster_5
3066494500033200326,,934.5081869928044,5496.726476432567,5750.157136020124,5492.451081278128,5742.291907043709,5502.261286791905,5757.391742015154,1.7925491878368216,106,0.4748049675366929,0.8494314134573642,cluster_5
3066494500034100032,,658.0586955751024,5592.244783996628,5513.3657990905285,5587.01838808892,5509.033713534773,5598.317035705829,5518.502065829147,1.8519893515432664,96,0.5463697079496405,0.9072579071386362,cluster_5
3066494500034100035,,1221.1530560678434,5594.680545905545,5519.988062199603,5585.129390366502,5513.96013819747,5603.439313207316,5527.655884871037,2.147881287311057,56,0.4533052619821892,0.7703665989088863,cluster_5
3066494500034200064,,391.80755953248735,5580.763605245281,5522.987177621393,5576.228456071005,5519.188084984147,5585.22522379078,5526.854773474031,2.3946899063173794,44,0.6849739915494545,0.9847672987847338,cluster_5
3066494500034200070,,1724.3938196853362,5569.786143450181,5528.221859806049,5560.727364192196,5520.080536695306,5576.978277098784,5535.776782284782,1.0342080595489926,62,0.3270840157566637,0.892701264211479,cluster_5
3066494500034200112,,800.8504518574093,5568.559132930511,5539.169132357741,5561.568178194912,5535.884557205648,5575.617826506571,5542.627227040388,2.1009439257120057,32,0.4678078197962357,0.965091365053554,cluster_5
3066494500035100026,,413.315023665836,5900.364484834775,5505.136441796197,5896.348605255785,5501.562496941581,5904.441197992668,5508.911607530656,1.3914493779487007,133,0.6298740269911961,0.9355288196901762,cluster_2
3066494500035100027,,2868.14450559172,5973.28135020004,5510.971575540897,5955.792210089555,5501.295679258384,5991.927218994117,5519.359994726703,2.232859349401933,660,0.3786896289250969,0.6682549181528961,cluster_5
3066494500035100031,,893.6100890686039,6023.752964696179,5508.8323142465615,6016.567897058936,5503.791939605098,6029.8739213774925,5513.434154307461,1.2526692543923474,195,0.4280622160288952,0.9491871275574206,cluster_5
3066494500035100034,,698.8084595194152,6032.744822019171,5511.808738997283,6028.6581474513405,5506.252667159146,6036.418145135606,5517.308049245594,1.4837261361571898,205,0.4657789319201172,0.9910176991369556,cluster_5
3066494500035100037,,515.0599522407163,5943.598464097094,5512.589075501043,5938.679631096224,5508.186152687301,5948.602518862219,5516.253140227617,1.177706188548417,111,0.685613827718215,0.7898701401033923,cluster_5
3066494500035100039,,843.5655716843688,5920.288930679488,5513.270355530601,5913.201529323392,5509.1067638481545,5927.230343796255,5517.929660072095,1.864005066460824,213,0.4400181183433078,0.9712427730097928,cluster_2
3066494500035100040,,708.399794177454,5983.025076351237,5513.262233371092,5976.667811492259,5509.431881246566,5988.974529415639,5516.742228802587,1.8496279730500376,118,0.4844031260216033,0.9730068316565336,cluster_5
3066494500035100042,,1485.44634475075,6017.364210545334,5519.308994793589,6007.826875269321,5513.967760731122,6026.326625198549,5526.904559430541,1.6217386889253709,365,0.3434906982997167,0.9305735071554678,cluster_2
3066494500035100046,,380.84435863431247,6026.654706733004,5524.418386651466,6022.835902405868,5520.771579957956,6030.974220634838,5527.763587524393,1.4167220540308738,116,0.6309534374262346,0.9907720145899552,cluster_5
3066494500035100047,,1109.4142324343395,5966.914893964688,5525.506805837671,5958.598153838664,5520.979951685473,5975.04182181386,5530.40714888456,2.060877411764351,231,0.3987299839745514,0.9725619700688694,cluster_5
3066494500035100050,,869.6849443781493,5991.079808954346,5531.188046273172,5985.233497494876,5526.494301872285,5997.380207408287,5538.186589374415,1.038060681096478,250,0.4483994516884805,0.8941279139833194,cluster_2
3066494500035100051,,135.3283168647588,6046.114401922859,5529.66790195604,6043.560741550918,5527.609466524628,6048.328794890993,5532.037985424699,1.6101099599792972,63,1.1144385051656551,0.9570804415704084,cluster_5
3066494500035100052,,1576.3303881557874,5964.041489000917,5532.665531345913,5953.551927753874,5527.243785259383,5973.987405972583,5538.037001790854,2.5079328933182667,476,0.346379606881347,0.9800671696378552,cluster_2
3066494500035100054,,1112.105570776143,6045.437672613815,5537.790308808405,6040.02736512806,5531.062299207762,6051.774973103082,5544.366015390373,1.000269511248023,351,0.3818651635440981,0.9444357328274602,cluster_5
3066494500035100058,,776.7668556503291,6026.610077241267,5540.020418735245,6020.425263533663,5535.343570053233,6031.668000565784,5544.70202510052,1.40565813945437,366,0.4399875113993015,0.9942075514621136,cluster_1
3066494500035100060,,817.7885820442891,6036.615804797403,5541.396937541305,6031.343505923642,5536.424542858151,6042.1369002949305,5546.715485229589,1.0259520128983963,267,0.4482392088128571,0.945664274563642,cluster_1
3066494500035100061,,295.6964572591513,6051.944422989493,5542.372017007334,6049.929986048443,5538.121249895847,6054.478975184396,5546.574467940144,1.8641087846248487,62,0.7441252828817398,0.9905655780306754,cluster_5
3066494500035100069,,406.6070093838857,6061.77122987774,5557.211165836497,6057.599955235609,5552.738730611016,6065.205363874613,5561.826798902858,1.178216342910447,144,0.6740629491685415,0.8899689988216747,cluster_1
3066494500035100071,,1344.1624477164028,6080.244720669593,5566.318096325592,6073.944963347196,5557.527744716706,6086.083180254886,5574.76122124465,1.3273928628227625,383,0.3654736869575207,0.9148124853866868,cluster_0
3066494500035100072,,1198.211320049145,6094.657225175919,5574.830875272191,6084.8272935679,5564.928712351873,6103.46501137505,5584.318307558363,4.043095691239876,273,0.4932746718768074,0.8850993422277476,cluster_0
3066494500035100073,,477.7287997101826,6086.865788485834,5573.8744519041375,6082.850351422116,5568.928408222599,6091.377501521025,5577.778819839352,1.03431106834079,170,0.6048900859953337,0.919525299081221,cluster_0
3066494500035100077,,1084.1392064152262,6103.465513339873,5590.462248795752,6094.961987023978,5581.6157709924655,6108.429196758358,5597.43104789602,1.192900963888616,235,0.5859559656315944,0.6296578823201973,cluster_5
3066494500035100080,,284.36838544748633,6099.2897702170985,5594.270105339884,6096.159901601863,5590.672635232307,6102.377014467464,5597.765911531167,1.789831087489377,82,0.7511272042011593,1.0000000000000002,cluster_0
3066494500035200021,,465.2082455882166,5963.847300316557,5501.462108009316,5958.781574825235,5498.144546806796,5968.4183387513,5504.913441516228,1.27803680583736,127,0.5680463690863005,0.9929228583268932,cluster_5
3066494500035200023,,535.5611675943811,5995.508047254645,5503.973619703006,5990.348680878596,5499.399909059548,5999.377131449817,5508.140859273705,1.163763230537325,132,0.5426203838011373,0.975419418101895,cluster_5
3066494500035200025,,1010.8868183393124,5998.328269224848,5507.589794894428,5990.107343740766,5499.941184388141,6004.554607199461,5513.076550582274,1.6423798579713145,222,0.5050361804165497,0.7464829738150367,cluster_5
3066494500035200026,,145.33044753169298,6014.92794990414,5504.011176171117,6012.212539696744,5502.626719328319,6017.844595904975,5505.960643647288,1.689783287503555,45,1.0464831187817385,1.0,cluster_5
3066494500035200039,,751.8493002675158,6039.967753684628,5514.972214982366,6036.138663305288,5508.751690018617,6044.235507852327,5520.649463766724,1.5379745619211758,106,0.4605927099024299,0.9772537029544052,cluster_5
3066494500035200045,,373.61403141720336,5952.817009192032,5517.639258058347,5946.89666540292,5514.763321502101,5957.295729618959,5520.325246600692,2.036480276689352,32,0.7689987694582364,0.8441434087545615,cluster_5
3066494500035200047,,687.7364659805219,6033.105079542116,5520.778313293554,6027.893436440066,5516.023460835482,6037.674835352245,5526.056406478685,1.4594818706289632,131,0.4846179277447279,0.9530631576387886,cluster_5
3066494500035200048,,809.1480334030977,6041.41565521269,5525.679360062118,6037.189759964224,5519.94812049262,6045.8775437584345,5531.929484370696,1.44447718013744,282,0.4518983148815966,0.9501369372675592,cluster_5
3066494500035200058,,1158.014007257087,5981.461057905399,5536.188954245548,5973.700812310224,5531.045713591194,5990.735040983418,5540.660491739751,1.8950852544535133,266,0.3859588006572104,0.9638209620493946,cluster_2
3066494500035200060,,701.6145117688153,5997.401697333952,5536.947630936511,5991.157603464459,5532.942570892501,6003.586457300546,5540.305656401663,1.5524817529211756,237,0.472039612341855,0.9968508533711808,cluster_3
3066494500035200063,,1020.1738323460291,6045.956889124952,5548.600053610447,6039.00946585328,5542.829969631962,6052.266134332044,5554.526865607124,1.1245873531261927,379,0.4238779571821393,0.8970430500325346,cluster_1
3066494500035200064,,732.8373786708158,6024.020968078892,5546.3394328356535,6018.072081176238,5541.725375521125,6030.481925592754,5551.105109746503,1.5665590731920485,93,0.4853556957003402,0.9472782881322438,cluster_5
3066494500035200065,,916.9755183666724,6033.626614365047,5549.477934514327,6027.471434464981,5543.707098668986,6039.257206902432,5554.484124454588,1.072006201676822,201,0.4097447615078193,0.9728540183965948,cluster_5
3066494500035200066,,1177.5985020684436,6056.049533879958,5551.38793408104,6049.17623154628,5544.415329022344,6064.3833527261495,5558.124468079602,1.0341693237021907,376,0.4637135283914127,0.8900227803928393,cluster_1
3066494500035200068,,1573.5298982470829,6069.865236191793,5559.271758106434,6062.068186292349,5550.568596696387,6076.832396240417,5567.195101042055,1.4520221224749843,635,0.3501991359399733,0.9026545725816932,cluster_0
3066494500035200078,,1100.3352720335793,6089.686033329808,5582.229713357372,6083.092875641718,5577.138459589497,6097.548194157993,5587.775204889016,1.507379916522473,366,0.3781249039469818,0.9596521278163233,cluster_0
3066494500035200080,,508.37131445870136,6096.339666364317,5588.091244827745,6091.912969968836,5584.06165310382,6100.515523230825,5592.328759689171,1.157770533349683,101,0.5435949255309019,0.9606810155201888,cluster_0
3066494500035200085,,754.095617028488,6094.924475679859,5599.649135527936,6086.452100532747,5596.706123613234,6102.513053558073,5603.273765190985,2.599951163483016,46,0.5284413269699647,0.9542040101310806,cluster_5
3066494500035200088,,571.6907803648332,6106.175567069274,5601.420455044067,6101.776027094351,5597.341545542481,6109.964044121189,5605.751561273935,1.025006464447427,123,0.5127983415297549,0.9730771137415616,cluster_0
3066494500035300007,,432.8901498184684,5987.3139128222665,5501.4423315100585,5982.742783252068,5498.062895666408,5992.376995756105,5505.290907496805,1.8573449980810173,153,0.6975306111931205,0.8774689300250043,cluster_5
3066494500035300014,,307.0049723990224,5929.652254196181,5502.311122472502,5924.983357491406,5499.960704912149,5933.43673564569,5505.6378626154565,1.4507244089642168,73,0.7736645410882161,0.9080776887401684,cluster_5
3066494500035300019,,273.87211518621154,5926.835206958371,5506.113196010069,5924.279839407565,5502.604826409115,5929.674528110949,5509.708056413996,1.0936084922862996,60,0.7978395650412297,0.9381779947127012,cluster_5
3066494500035300023,,643.4376783831843,6007.483398082739,5510.052044256584,6003.252856701342,5505.434146539746,6012.220484929108,5514.392126719808,1.0699411830234014,144,0.463100111007606,0.992151512811679,cluster_5
3066494500035300025,,545.9008648381473,5936.28072202263,5511.293783879605,5931.933114933303,5506.852351112046,5941.114762860391,5514.816782602716,1.2775595852309585,101,0.5644027169982603,0.9013753011916952,cluster_5
3066494500035300028,,208.31077008454025,5929.299576231706,5512.377817372348,5926.722474338689,5509.662281735431,5931.851617256691,5515.020498932798,1.140719835261828,71,0.8243744856022153,0.9898496715032076,cluster_5
3066494500035300039,,629.4018876404687,6009.434155131776,5527.2011380978165,6004.392059637865,5523.686376477084,6014.897402237433,5530.801194041683,1.4930746772921926,139,0.4784335554113736,0.9989736572644582,cluster_2
3066494500035300040,,465.3029148897184,6031.497023576953,5528.200046730337,6026.939020456947,5524.184427657601,6035.534840863742,5531.75447173684,1.17080726922197,140,0.5858431499483919,0.941024182812552,cluster_4
3066494500035300041,,320.8637807554509,5946.374918551476,5528.802293212053,5942.834855430075,5525.7514360017785,5949.78162098464,5531.839401636037,1.339595126656998,85,0.66218713819205,1.0000000000000002,cluster_5
3066494500035300044,,648.2920552059851,6010.839243707892,5533.727985985207,6005.018203432524,5530.274673053818,6016.453405559283,5537.173024746177,1.7170872059422757,211,0.4853650994527729,0.9925551110433376,cluster_1
3066494500035300045,,374.2664921953912,6029.720315356507,5533.715011958186,6025.963470332803,5530.425389649983,6033.364563499443,5537.011082181838,1.495834572744296,194,0.6226229893639191,1.0,cluster_4
3066494500036100059,,2405.616101112916,6167.049483491622,5716.965212120427,6160.69145354593,5699.965446936547,6173.388724610108,5730.114252903867,2.416076474495985,307,0.3632081394941063,0.8326012227509458,cluster_5
3066494500036100065,,1164.9242235521792,6169.054729013807,5753.915252599,6163.121305401312,5745.957585263841,6173.927090494526,5763.658868129403,2.0802030879741333,149,0.4227715535133019,0.8784986934001657,cluster_5
3066494500036100074,,2580.5119306031984,6165.980703813772,5775.805995706272,6158.433336435308,5762.293601119376,6171.542082215816,5791.702923271136,2.261896713463381,399,0.3205763730234282,0.8335397750456386,cluster_5
3066494500036200108,,2072.54630394592,6115.359322416544,5604.49578610518,6107.325676143932,5589.451875931438,6126.148951195351,5616.466116963989,2.310317353331656,299,0.4059478158010158,0.7614150877727685,cluster_5
3066494500036200135,,1945.6507491467669,6125.737933454607,5621.96119441419,6117.62736332587,5613.019341733688,6133.759194496111,5631.708457372441,1.0352280651723191,208,0.296810731200825,0.9291923101674724,cluster_5
3066494500036200144,,2403.344668277475,6135.107776565203,5637.609540864191,6126.30557609568,5626.007372688631,6144.091223359235,5649.1573112523765,1.9681605227544,210,0.288985269648044,0.8969972505246658,cluster_5
3066494500036200160,,1223.7964398619015,6145.744856271926,5654.124465861418,6140.6486440832,5645.81856316214,6151.694822846944,5662.091871442486,1.444195268921893,146,0.3640450577894931,0.9695571374940046,cluster_5
3066494500036200173,,2012.268277573876,6154.1226612443725,5669.003731644353,6147.522786518244,5657.067515555559,6160.611151125063,5684.023094115282,2.207484614843988,214,0.377423095784414,0.8094561182367171,cluster_5
3066494500036200194,,1340.7597305879096,6161.021673244309,5685.261796561689,6155.013814430314,5675.476117669573,6165.636565577282,5696.276309977958,2.575304129460704,174,0.408554733669051,0.9211641083111484,cluster_5
3066494500036200203,,2367.149563620294,6157.815104955507,5697.542410171381,6148.266066363183,5683.725496290253,6166.472945044916,5709.789943342966,1.8074753758810536,206,0.3097002937752253,0.8372217593691723,cluster_5
3066494500036200234,,1901.5685422970173,6166.6326837549,5738.32149447103,6159.985383354286,5726.614110852321,6173.80225912278,5750.131604011977,2.1425648047061143,213,0.3725874968507985,0.8203408388155352,cluster_5
3066494500036200258,,2167.2114874311005,6156.477010981311,5755.335895608369,6146.454996384824,5747.781548446915,6166.84339821039,5763.1261380211145,1.4238017118244548,56,0.3048050822653017,0.862226539952035,cluster_5
3066494500036200268,,394.92438273141977,6159.743783511766,5762.89891869965,6155.453299600454,5759.113624624652,6163.43695507723,5766.345160973001,1.1570997925577522,33,0.6492707603475302,0.9328960959705388,cluster_5
3066494500041100084,,333.5557713927549,5527.790784720351,5876.693064674292,5524.537043514907,5872.927392733895,5531.356274638102,5880.265462236475,1.6744865077298896,87,0.7069342536671461,0.9557914704760954,cluster_5
3066494500041100109,,417.1873220412817,5551.602806265067,5919.528776886152,5546.790832802632,5913.998340438582,5556.70407273137,5924.050450772293,1.6080058055134243,86,0.8355458794442392,0.7723631282160645,cluster_5
3066494500041200063,,888.7541629405448,5501.950408279926,5798.570495308168,5497.864709127909,5787.896889200706,5506.754499328296,5804.896785458896,1.9386545546810767,210,0.5561468899688248,0.8242481690998732,cluster_5
3066494500041200094,,2499.503021969025,5505.382948761798,5816.4126187296415,5496.854123884846,5804.994547001727,5514.285278460773,5828.005357670319,1.6163936729888586,408,0.3003367663708976,0.8486836938718944,cluster_5
3066494500041200159,,1360.5221412760663,5510.328537353264,5832.178057802643,5504.400312691218,5825.624517183502,5516.422428634438,5840.558800966786,1.2980155799239368,356,0.3492488028678258,0.9474310321990088,cluster_5
3066494500041200173,,2194.079736510055,5515.747374143994,5848.044869343632,5508.7736257128445,5837.37721323741,5523.766095101369,5857.222713295856,1.5588260539297398,417,0.2661448584001933,0.9794119126767484,cluster_5
3066494500041200188,,2665.432203752097,5521.310303111002,5869.105937011459,5513.293806074226,5856.643237156669,5529.846016694119,5880.50239940181,1.3960079810599388,547,0.2972505894317379,0.8442584214270553,cluster_5
3066494500041200203,,1795.348357326645,5529.98592853941,5886.601846083997,5521.220712677316,5877.644147800001,5538.044223765188,5894.907840265743,1.4337897831463602,422,0.3231968476466453,0.923217612530572,cluster_5
3066494500041200217,,863.7945084917665,5536.628940623902,5898.629416994947,5531.885910241519,5891.248732014409,5540.972705470444,5905.906787377076,1.6879065416686263,306,0.4792921612829177,0.8930213822452818,cluster_5
3066494500041200220,,2006.706153184016,5545.927744606014,5904.894075688852,5536.310473025926,5892.274086635539,5558.310984578679,5913.690119569411,1.7380841311393067,391,0.3962909518563404,0.7073494897897581,cluster_5
3066494500041200242,,851.3260641991174,5555.129969864292,5926.5098310596,5550.008335264796,5918.964791862354,5559.253568230863,5932.925910726399,1.5494334567901522,165,0.5088744746542395,0.8466514219104445,cluster_5
3066494500042100012,,1700.5235564611476,5565.953404211994,5943.176637525256,5557.891977206379,5935.209835611261,5574.405996122346,5950.961768881217,1.3083035653250503,540,0.3309830042002479,0.9340841772722568,cluster_5
3066494500042100013,,593.9349237714852,5575.361483150299,5954.3777025901845,5570.299547971335,5950.7689697109845,5581.405090497908,5957.388733844383,1.6916855126666788,82,0.5339535217081265,0.9626767429948054,cluster_5
3066494500042100015,,1056.5590981351322,5592.740445297879,5964.637596745757,5586.102035185509,5957.595903501348,5598.467495126986,5971.521951723333,1.4906601901474554,209,0.4009030283116611,0.9299189355660002,cluster_5
3066494500042100017,,610.8065880056553,5586.9244708018805,5968.619997455288,5583.007069231734,5963.695211141068,5591.387936005318,5973.24609978377,1.2870776163560271,77,0.4910806275609825,0.9865732129207482,cluster_5
3066494500042100021,,543.7496429950756,5603.9078544931735,5974.196605923464,5598.561390655654,5970.381846838332,5609.8893689868255,5977.591819797421,2.144668674370924,75,0.5917299741260234,0.938431725319876,cluster_5
3066494500042100026,,128.82672064267177,5585.894807895397,5984.880372712404,5583.579184881068,5983.118883626725,5588.2580765300345,5986.878107449385,1.1410846341134606,33,1.0624241167090325,0.9999999999999996,cluster_5
3066494500042100027,,817.7275696806253,5581.892066147906,5990.810691883408,5577.534464519284,5983.989485292182,5586.11367276689,5997.476522156497,1.837030405572014,149,0.4913311466580871,0.8906655974704367,cluster_5
3066494500042100030,,482.0466082443321,5611.702249712231,5989.758959292426,5603.655779979128,5986.119182217979,5617.643821698594,5993.369750136792,2.145216883937553,165,0.8313005917382502,0.6643143170534769,cluster_5
3066494500042100031,,783.2325442779023,5596.591497541893,5992.94089792423,5591.186594394945,5987.695700834564,5601.319134002067,5998.65126026143,1.0812118443981622,149,0.5090451089810949,0.8790599784095967,cluster_5
3066494500042100032,,396.62033000219714,5623.16855668647,5990.6829271526,5618.678028546439,5987.83510006529,5627.3477927621225,5993.959961099747,1.5066645011709277,65,0.6369790247474388,0.9439524562311724,cluster_5
3066494500042100034,,228.03862977868465,5604.535126655378,5992.138322114828,5601.440533036631,5989.814500477381,5607.715086254256,5994.5566090078255,1.1340189404772694,45,0.7895311738574934,0.9963287221376408,cluster_5
3066494500042100035,,257.91686035944355,5611.335381539261,5993.572575766628,5607.897787255546,5990.819619086645,5614.994711817666,5996.167326257983,1.709619852504128,38,0.7850553266822711,0.992480165337012,cluster_5
3066494500042100037,,327.6612833298191,5621.882501814795,5995.292614989316,5618.163195986106,5992.604422448136,5625.775469592342,5998.219271739092,1.4560249153899607,71,0.6644428492709845,0.9984732055604258,cluster_5
3066494500042100038,,589.2126908602687,5589.972436017737,5998.111335395889,5585.262204683332,5993.762662480418,5594.900645577914,6001.90762131768,1.3083235047672734,151,0.5132225343248392,0.9632398564471624,cluster_5
3066494500042100040,,200.57596414246785,5641.150985951585,5998.4952769179845,5638.719376148206,5995.567771440428,5643.759727704088,6000.979447573558,1.23510322278523,92,0.8642691608126968,0.9770195434516188,cluster_5
3066494500042100043,,138.48560341532084,5646.578589924889,6002.111515435295,5644.051981640968,6000.102972519765,5648.765432567162,6004.544079080276,1.7459312575391146,43,1.064207680152924,1.0000000000000004,cluster_5
3066494500042100048,,374.5649643696471,5596.367490024174,6008.24350846189,5592.903046755659,6004.467897786012,5599.377063130743,6011.770950412452,1.0230912280142526,59,0.6096387192926008,0.9987939608491953,cluster_5
3066494500042100049,,505.3348634791956,5620.509421818102,6007.902724087222,5616.129416922246,6004.38273071607,5625.105917914734,6011.279302006183,1.3593625202396151,125,0.5390899522205421,0.9845744666662724,cluster_5
3066494500042100050,,434.95472363375,5630.953625204588,6008.309316226535,5627.017639566715,6004.591102443586,5634.86661462024,6012.036759571718,1.0947820830117418,94,0.583844218253332,0.9684525138149932,cluster_5
3066494500042100052,,417.6507760503654,5638.206900890712,6009.285896871946,5634.7037371830975,6005.461843173757,5641.879772872851,6012.7988843680205,1.0720548357684645,132,0.5908706652146235,0.98969291970468,cluster_5
3066494500042100055,,728.537757127297,5590.025820025504,6012.850299416873,5583.615560795339,6008.150181827849,5596.011609228122,6018.1315769477205,1.1018005276229623,279,0.5444409978947902,0.8214011059187925,cluster_5
3066494500042100060,,608.1273700332293,5632.493093209474,6016.998435505376,5627.441759638637,6012.088212606453,5637.42594758146,6021.441885587581,1.651610547835393,137,0.5278762796975722,0.9519759788845402,cluster_5
3066494500042100061,,356.9138757032191,5638.791132924476,6015.537959038899,5635.204545660267,6012.4756461426805,5642.273151543503,6019.061716442738,1.1125917962184293,88,0.6339554939126081,0.9969982919511376,cluster_5
3066494500042100063,,914.7899698813312,5676.328354661072,6019.399138979753,5668.525539848608,6012.913981112552,5685.902255449945,6025.595068455491,2.7555174717437203,255,0.5345854335284955,0.8688718186012888,cluster_5
3066494500042100065,,346.55694789239664,5612.740637797215,6017.073748960845,5609.27328786104,6013.616525695362,5616.74444538053,6020.357382037007,1.0661710163961735,73,0.6494788366051775,1.0,cluster_5
3066494500042100067,,254.23801797328468,5646.511630875712,6018.842532085041,5644.092814052414,6015.136789136575,5649.17893259977,6022.188138201892,1.1686893766609858,80,0.783225723753729,0.9749109215061568,cluster_5
3066494500042100070,,421.7510858768638,5602.12646116141,6023.399984617193,5598.738260361641,6019.418662412959,5606.275752566732,6027.072947747176,1.019445696322424,105,0.6009170371759137,0.9550452301126316,cluster_5
3066494500042100072,,487.3369047422947,5655.233129973778,6022.475276384176,5649.705322883203,6019.9016326987385,5661.3232274783095,6025.642920373943,2.1004382469095164,198,0.6018427088579706,0.98432206690026,cluster_5
3066494500042100075,,337.0632847237424,5595.718320837913,6026.188790736566,5591.848083418021,6022.843619011466,5598.975926115318,6029.734823299294,1.4908767467490114,84,0.6679881011444329,0.9975367673131476,cluster_5
3066494500042100076,,748.3726908484224,5616.982049392834,6027.969630666507,5612.3424896945535,6022.893769906441,5622.030344131745,6033.698389985717,1.1339206252929832,171,0.4684830104977839,0.9243298019424976,cluster_5
3066494500042100079,,308.2753977849394,5668.633354057257,6027.682044509421,5665.691833072798,6024.578194135402,5671.607474016293,6030.673255342586,1.1174795083722306,41,0.6765083883699362,0.9999999999999998,cluster_5
3066494500042100080,,158.47601747815443,5629.665511272203,6028.1802868474615,5627.733518322522,6025.373131317703,5631.541315766774,6030.668548501689,1.4138180534826756,39,0.9686956357476032,0.9926278500464986,cluster_5
3066494500042100082,,301.90375172166705,5687.1736246139,6028.075994905877,5683.940149525382,6024.923606177092,5691.69089597116,6031.475150708006,1.176593127946561,47,0.7822005248511364,0.8885494129813419,cluster_5
3066494500042100084,,391.4669190197109,5609.793922750165,6029.475695456204,5605.865380628556,6026.1803305595895,5613.842363525075,6033.168185884392,1.4870133356754016,99,0.6681063939061096,0.9309829741375109,cluster_5
3066494500042100086,,608.6901294289543,5602.360613414026,6033.347325570712,5598.115017031853,6028.684152432604,5606.79105719393,6037.7385989994245,1.141202406860928,125,0.4936424574072914,0.9716411749870836,cluster_5
3066494500042100087,,623.4242264953265,5633.1008310414245,6035.052571951274,5628.8497618191295,6029.67846528854,5637.6419377758975,6039.7450143116985,1.4140855443167604,135,0.5017355509220528,0.9650717304454216,cluster_5
3066494500042100088,,666.1343416012406,5623.482567368526,6037.076006815492,5620.05483931265,6030.7049434547735,5627.165955588936,6042.814849419396,1.734209973260424,130,0.5172420245408049,0.935623432758704,cluster_5
3066494500042100090,,376.5179316129432,5640.223536557502,6033.975848296192,5636.77431799402,6030.619769063168,5644.145630340485,6037.49418181723,1.2187217365327954,135,0.6664998632767111,0.9524858270963243,cluster_5
3066494500042100091,,1139.2496903271588,5669.455784162115,6036.680083077853,5664.403169965153,6030.339502835112,5674.64780357627,6043.342461752961,1.2598679468902731,136,0.3539349430339027,0.9896637526624016,cluster_5
3066494500042100092,,298.9045940147606,5690.359637667591,6035.171965114866,5686.742481220686,6031.531759032608,5693.547235107863,6038.279710659006,1.357933172748888,97,0.7894882095680941,0.877283477636523,cluster_5
3066494500042100093,,155.72058985840533,5680.105048771722,6034.537476247724,5678.519919325387,6031.616219879732,5681.895508150581,6037.57893667919,1.7746863758546032,42,1.0572183892172495,0.9378937066739538,cluster_5
3066494500042100094,,737.1873017182537,5697.32996717414,6038.500511357067,5693.614954841476,6032.311594630689,5701.01603376288,6044.578870728651,1.922625593959047,356,0.4746887172010247,0.9880798275328307,cluster_5
3066494500042100095,,507.99145559956855,5614.191396290908,6037.417072867798,5610.130317820909,6033.102344917937,5617.950378647763,6041.518498569888,1.169715385991732,125,0.5341478915120571,0.9765499977983062,cluster_5
3066494500042100098,,1477.545230598982,5656.622902177686,6043.386617716825,5651.112495234038,6035.396119450298,5661.804009649129,6051.313666296567,1.4940842439444693,224,0.3120995729991622,0.996201017967983,cluster_5
3066494500042100104,,1292.1754351314585,5668.66134635854,6049.288086722397,5662.039932261198,6043.470069454064,5675.620149142319,6055.666122676478,1.2567065694388426,237,0.3457373064702533,0.9650649046115898,cluster_5
3066494500042100105,,399.0242137181267,5603.269381856482,6048.849610468861,5600.944075314943,6043.924086737751,5605.478418341901,6053.862379900981,2.207532137739933,135,0.6684916317991086,0.9736527726644026,cluster_5
3066494500042100106,,339.80307922996553,5690.883660079243,6047.705054769855,5687.83006923011,6043.902057976404,5693.90118760253,6051.84069293718,1.5611054714805503,128,0.6687503934530749,0.9999999999999998,cluster_5
3066494500042100107,,550.6646098918065,5710.028124158409,6048.712038403065,5704.246082024183,6045.205646077072,5715.294584799116,6051.886223106016,1.704132180772854,215,0.5419201300382276,0.9668138076579904,cluster_5
3066494500042100108,,515.1636236229857,5697.872674758591,6050.490522414243,5693.230582323788,6046.38158108422,5702.545837624733,6054.306558902482,1.11348285882131,200,0.590559428762634,0.9192414682520784,cluster_5
3066494500042100110,,647.1727903582486,5703.639480907245,6054.795705430392,5698.555076478999,6050.105943664037,5708.450965466418,6059.1899009586905,1.028981458186958,228,0.4789935454724544,0.9742071491381152,cluster_5
3066494500042100111,,673.3748059684947,5632.2114503516,6054.321952225799,5626.80520343912,6049.930104684702,5637.930597227053,6058.373866343507,1.5564682276536344,168,0.4967525902260207,0.9490721679916232,cluster_5
3066494500042100112,,298.2111313767276,5709.801314074109,6056.30254987784,5707.2699446870365,6052.284457838793,5712.237719061725,6060.268308193301,1.7101987218731036,98,0.7178770648519948,1.0,cluster_5
3066494500042100115,,512.9104207105714,5680.1483132072535,6058.173204831773,5675.8025396009325,6053.971933075788,5684.460544484106,6061.913511076607,1.403456995510298,215,0.532712128533015,0.9916677624293184,cluster_5
3066494500042100117,,784.0280341594934,5744.155908529122,6059.5095544671685,5738.722605904726,6054.492273300695,5750.429327061587,6064.069730521509,1.123314707696835,214,0.4642031393392737,0.9531035867827944,cluster_5
3066494500042100119,,688.7058589727308,5676.277108503664,6062.944603539216,5669.266173576674,6058.672602578632,5683.372032234805,6067.50568001371,2.2064784040246948,273,0.5298676939312301,0.9329375279108476,cluster_5
3066494500042100120,,290.69106031970165,5755.228538536139,6062.675521601296,5751.020935362062,6058.813284530739,5759.863826331717,6066.2506260614255,3.308396665869596,58,0.8736374016033492,0.9536215054587032,cluster_5
3066494500042100122,,476.8036764450427,5723.449089012361,6064.691078738802,5718.609429672739,6060.669222062832,5727.292851217836,6069.87247418533,1.5490001891819274,131,0.6593082179713693,0.8455163701835394,cluster_5
3066494500042100134,,383.4271100880458,5680.17429322133,6072.738028503408,5676.556979183031,6068.883363171583,5683.719391564831,6076.644981147998,1.237093459463363,85,0.6200873607600429,0.9831732319715012,cluster_5
3066494500042100135,,689.9125632265005,5740.801832205229,6072.75326193909,5736.720454457063,6067.517991628827,5744.975845661124,6077.817441005609,1.2521148278372811,195,0.453836494559665,0.9892707707129595,cluster_5
3066494500042100137,,341.56585889184925,5725.229442517085,6074.511425946329,5721.473260870989,6069.155645630379,5729.684785262567,6078.190744273987,1.954515036173332,93,0.9045659317935922,0.7594586251264454,cluster_5
3066494500042100138,,425.41526762669054,5733.338733547799,6073.106593834856,5729.145534370513,6069.559986768813,5736.800159922759,6076.605577973037,1.0187788851988708,163,0.6202954685782393,0.931118230410574,cluster_5
3066494500042100139,,298.3825601136137,5673.809094635116,6074.021232456558,5669.294097539445,6071.664943070315,5677.558379689173,6077.162904533276,1.8650881777107,139,0.7715568965659394,0.9537288863553356,cluster_5
3066494500042100142,,297.15619214524645,5753.125237509595,6075.777935029192,5748.846401096451,6073.080222793217,5756.807863201833,6079.100347674184,1.9231029861000528,67,0.7722942457694861,0.949984345651629,cluster_5
3066494500042200178,,440.6769068775878,5552.849841045677,5915.142439011199,5547.297549906183,5911.672193817564,5557.181347942772,5919.190617983483,1.7349901413967492,163,0.6794663272949448,0.8708102296957814,cluster_5
3066494500042200197,,914.6330053226652,5561.231175362655,5930.941746808378,5556.734283694673,5923.064620641633,5565.580379913317,5937.192287128735,1.648491685378927,367,0.4522369766036295,0.9133525326739674,cluster_5
3066494500042200224,,356.4797850365038,5577.109487863742,5947.542160577685,5574.028529763275,5943.592907051167,5579.982897142314,5951.323984170956,1.2516761356579371,88,0.6516597022636629,0.9738558182455058,cluster_5
3066494500042200235,,553.5275456211025,5568.194926954863,5954.578884791182,5563.937674457435,5949.754394896662,5572.675107595716,5960.137117823656,1.1884781296866465,195,0.6521262656701637,0.7709491322004671,cluster_5
3066494500042200239,,414.9228838075645,5584.68465370877,5954.595696951927,5578.649477385258,5951.247227410257,5589.654918877674,5959.278873453165,2.687176763219679,92,0.7607722958380493,0.8649927176868606,cluster_5
3066494500042200243,,635.1080960489281,5582.222537026695,5959.872485182275,5577.494300741728,5954.304115895742,5588.084875564647,5963.978399685308,1.0377455530114048,73,0.5206633435564979,0.9436687534340752,cluster_5
3066494500042200248,,2490.242543092742,5577.690548201318,5973.187481928683,5567.909769673937,5958.956456318539,5590.717402768904,5984.992232047043,2.591394776182407,515,0.3346816409715282,0.8237444715424568,cluster_5
3066494500042200258,,1274.6590895551994,5594.259077482304,5980.931517363039,5586.636060935944,5973.244600103391,5600.875084402767,5988.169042067723,1.880307621874945,184,0.3880744653754556,0.9188438731640544,cluster_5
3066494500042200260,,523.1810050299044,5603.03883456133,5979.610295287801,5598.580365952697,5976.195479633473,5608.324591219328,5983.308045184755,1.484081766785839,83,0.5427148413730564,0.9911062997959588,cluster_5
3066494500042200262,,943.3668584046248,5616.346561572425,5983.42880297786,5608.994408144289,5978.043018489601,5622.599770601536,5991.022039957721,1.848992687851131,271,0.4661363163296314,0.8806555080549517,cluster_5
3066494500042200267,,454.8674521886904,5587.856050243815,5990.410027719119,5584.722229209314,5985.142387387365,5591.220654747521,5995.194548393696,1.6149281311960542,117,0.6117891519624762,0.9467158433675006,cluster_5
3066494500042200277,,571.7556023630673,5612.898102578833,5996.459881076836,5604.700330264734,5991.2331588950165,5619.246907450818,5999.515237306107,2.28502856257683,129,0.7497642540019609,0.6923106559441322,cluster_5
3066494500042200279,,521.0446319558001,5635.313748483686,5994.833451378539,5630.215592871535,5991.102838277408,5640.025733097396,5998.75276086502,1.4385713676226728,138,0.5558902471630675,0.94530917076443,cluster_5
3066494500042200289,,423.4556126474156,5633.6750527816175,5999.867943736869,5629.342793322027,5996.6251495704055,5638.348695426875,6002.755151223648,1.835562710992695,123,0.6128191749121125,0.9906582368714026,cluster_5
3066494500042200290,,178.08538967189148,5583.191397632967,6002.590570908424,5581.481381788202,5999.547190385381,5585.35129695558,6005.213250437011,1.435072861533958,35,0.9497876164476492,0.9664695830635792,cluster_5
3066494500042200291,,546.0435878569707,5642.102502430885,6004.590883565136,5637.296455562222,6000.623810400838,5646.910492471215,6008.982636574301,1.268491762640896,132,0.5316286775885559,0.950888843653479,cluster_5
3066494500042200292,,591.4905975609564,5591.060134389175,6004.542046534921,5586.534219269111,6000.542220780934,5596.351714071432,6008.796494009393,1.3302359779202504,121,0.5145386050822953,0.962956408233408,cluster_5
3066494500042200294,,159.21619448909655,5634.650367429224,6004.447095784861,5632.164258161463,6002.630525496915,5637.174028485754,6006.752538148389,1.2589723870385774,42,0.9608711409518425,1.0000000000000002,cluster_5
3066494500042200298,,677.6037169327585,5580.719282586985,6007.552877236705,5571.813088614264,6004.916805450388,5588.466565367067,6010.555021297443,2.9293857929771896,72,0.6055485483427842,0.8813324768493093,cluster_5
3066494500042200299,,777.5804821582313,5649.624062008715,6009.242721547039,5643.853827893374,6004.188903208789,5655.300712014631,6013.338870020944,1.2700477864167223,192,0.4688134282051202,0.9352442885712522,cluster_5
3066494500042200303,,2606.308472047548,5680.720460405255,6015.170262280386,5665.528994583283,6005.888568614637,5694.612490213953,6027.087423494885,2.371159097687866,386,0.3421802030968463,0.7241004724994574,cluster_5
3066494500042200312,,788.8568842877514,5619.107447167268,6013.64853575972,5612.106635272288,6009.039437315357,5626.274639397683,6018.027276360361,1.8269662620285263,134,0.487052967768142,0.8855255255208185,cluster_5
3066494500042200315,,800.7001913539281,5584.8062587503455,6017.56119055931,5578.533476966995,6010.993985956431,5590.519624491874,6024.15375857196,2.0621581913304485,164,0.5091814004434988,0.8577567537338674,cluster_5
3066494500042200321,,696.9702563846301,5652.933960264696,6016.722971160411,5647.851867275734,6012.50072776635,5658.328556404959,6021.520469227817,1.2094377482130896,202,0.4934846951659671,0.913729420229395,cluster_5
3066494500042200325,,745.5999580637264,5626.466464503469,6020.84130664778,5622.17690922686,6014.623823215514,5631.412568376981,6026.061641355665,1.1925751419244597,144,0.4538888239010124,0.972832471926592,cluster_5
3066494500042200327,,459.5956637488703,5618.444809642378,6020.705523380435,5613.259064107057,6016.845348029275,5622.271763583601,6024.271642497864,1.4229689860419568,78,0.5945154145293378,0.9534529450552516,cluster_5
3066494500042200331,,443.64472659469016,5610.071758505961,6023.1621144684095,5606.047094331012,6019.6912229638565,5613.959680228606,6026.919213553596,1.1305031613396126,113,0.5612510376015686,0.9948299940088458,cluster_5
3066494500042200334,,660.9273018901466,5659.553868930866,6025.014044071541,5648.597917774966,6020.790672031286,5670.270571766876,6031.429235256679,3.6827027602156055,166,0.8482335340221648,0.5654501141400206,cluster_5
3066494500042200335,,935.4539677680084,5678.107423295084,6026.835354861671,5671.832346253243,6021.342034841113,5684.256686596149,6032.358931131652,1.5710270051581914,320,0.4070042472294338,0.9815824037094346,cluster_5
3066494500042200341,,379.6410735695427,5624.062223254979,6028.392424372245,5620.4693223875065,6024.878433584646,5627.910219724849,6032.180204951051,1.2817394844502958,81,0.6497594010039703,0.977572599479022,cluster_5
3066494500042200346,,366.7366709675466,5692.495732157906,6031.018935567945,5687.3717788806825,6028.377602471867,5697.654091392502,6033.210342048522,2.2002126807783684,110,0.7207786800444874,0.9358409362139212,cluster_5
3066494500042200350,,892.0918020846468,5703.759133950422,6033.929217899291,5697.85582987924,6028.8044884558985,5708.997866208667,6040.281061270302,1.2245836157606789,201,0.4179533883996013,0.967869593237255,cluster_5
3066494500042200351,,358.4712906371069,5628.131831258893,6036.351557722642,5626.0920935375925,6029.970647966865,5630.788739049769,6041.826520121544,2.526018087076756,110,0.8667447023293279,0.7798490261044484,cluster_5
3066494500042200356,,559.9086212064497,5647.189949107454,6040.4978357278205,5644.76750208449,6032.888151148622,5649.561626661681,6048.313383777023,3.25081734474975,144,0.6798239743860507,0.8496242659066474,cluster_5
3066494500042200360,,561.080024597287,5616.813319634989,6039.671553290397,5609.539066968922,6032.049248135633,5621.288616122649,6044.118052237573,1.7626481033994912,156,0.8239449223532189,0.5815452514114152,cluster_5
3066494500042200362,,747.4030926708431,5685.463135370025,6039.974452869767,5679.439317253491,6035.377907193868,5690.474746220639,6045.2521727828325,1.4101889155947305,255,0.4629123045193405,0.9589336210108832,cluster_5
3066494500042200363,,1125.8548330093051,5715.146100130691,6040.085602527849,5707.116512296887,6035.0430570928565,5725.014229406314,6044.349659576528,2.137825185847547,308,0.4172128594560815,0.9371176298791504,cluster_5
3066494500042200365,,436.6510157009605,5693.448854072763,6042.896023105627,5689.350036933697,6036.9465992290325,5697.363225363026,6048.70119577827,2.740144973231258,161,0.7812220833923861,0.8226956440487884,cluster_5
3066494500042200369,,511.38108798770014,5704.769116306583,6042.891419048626,5701.029492933262,6038.374527274333,5708.97379895485,6047.135475366948,1.3565490908806157,162,0.5468883215228986,0.9973269683047687,cluster_5
3066494500042200374,,444.4218863590979,5730.369737748261,6044.229544043666,5726.441744893578,6040.897748890551,5734.1530166257535,6047.662747377025,1.0928519385084474,75,0.5632990001267607,0.9989439470143202,cluster_5
3066494500042200375,,594.126287299557,5683.733541545232,6046.83396747133,5678.737945636075,6041.250255861188,5689.105919287831,6051.8875657974295,1.893908652634964,232,0.5703268453414675,0.9121973353935366,cluster_5
3066494500042200377,,328.4461836814884,5595.83426847853,6050.191706436634,5592.334302093416,6044.9800514734325,5598.817034901548,6055.2182618431525,3.0954734030214195,84,0.8225549519813987,0.9426046375135128,cluster_5
3066494500042200380,,1235.015024765142,5717.821288595276,6054.8101143097965,5711.429827907307,6047.521923066003,5724.465031042222,6061.125639089643,1.340307689425379,424,0.3534035403540719,0.972513707588817,cluster_5
3066494500042200381,,539.7572099858505,5683.049443168887,6052.815348528437,5678.480561593401,6048.247777989873,5687.9200444637845,6057.228709418789,1.947782055847364,142,0.5494617788867667,0.982870668992444,cluster_5
3066494500042200383,,1163.6145435582605,5735.032525479809,6055.075526093344,5728.712567101532,6048.985545647535,5742.253387493326,6061.71396198922,1.0886228445484534,331,0.3805730847663388,0.9234833434641232,cluster_5
3066494500042200387,,712.3919902149373,5602.4818881120655,6058.523352701087,5597.96512097565,6052.796902419239,5605.735345483456,6066.067896978115,1.7283888168856405,221,0.5239643731470549,0.93472510743595,cluster_5
3066494500042200388,,1752.6347475237492,5696.754382338984,6060.53242386169,5687.8889396503,6052.258750875491,5706.16546130401,6068.243234854124,1.2866726222131046,474,0.3405652495530078,0.8159914150753302,cluster_5
3066494500042200389,,496.370433430086,5642.347045451495,6056.348153774402,5637.963410482492,6052.549450956829,5646.6206723492205,6060.073250377941,1.1301535323666114,86,0.5535573462847295,0.9658138925011356,cluster_5
3066494500042200390,,396.97104569613697,5670.449329841119,6057.9693304893735,5664.278090890321,6054.325092808179,5676.127368088816,6061.173976336297,3.0519671924545326,109,0.7751400354133321,0.8757533895779466,cluster_5
3066494500042200392,,572.3491530136208,5646.648578134935,6059.834466209002,5641.018571350053,6054.549943088252,5651.129443043801,6064.587318909552,1.4858779166838394,161,0.5767725538421934,0.8734507771314284,cluster_5
3066494500042200410,,902.2916880971396,5710.805360733172,6067.1555499920805,5704.554454526242,6062.58556156755,5716.766275941249,6071.421715704912,1.4491406797921071,292,0.4012380046911578,0.9863151842462068,cluster_5
3066494500042200412,,604.7005831802312,5747.082699680947,6067.465178870937,5742.32697505151,6063.349164015295,5751.54603544053,6071.992107373995,1.1662073877236014,151,0.4962570210804126,0.9769079588966492,cluster_5
3066494500042200415,,484.89358804271296,5720.388545156303,6070.930097368299,5718.1566983357625,6064.067275850981,5723.321984747959,6076.833945553564,2.5100752711048178,152,0.7248907328994346,0.8530020394812241,cluster_5
3066494500042200424,,1007.617234018382,5758.703887042627,6070.267040938888,5751.655928773926,6064.974192416693,5769.003536655083,6075.112878524331,1.680563253106194,184,0.54625689822993,0.758268952146716,cluster_5
3066494500042300015,,557.0254370149435,5608.687069705811,5985.058104850757,5603.619508178284,5981.701492418102,5613.618587032703,5988.687521891327,1.401438702956771,112,0.5245940608226397,0.964839629556167,cluster_5
3066494500042300024,,194.67002338202244,5627.008847425931,6011.733923628605,5624.572419300431,6008.972485595765,5629.816539781737,6014.333651796087,1.4643809147799622,45,0.8871603531702822,1.0000000000000004,cluster_5
3066494500042300030,,409.2222955770715,5606.619913467888,6017.836262407358,5602.97614251722,6013.286334833556,5610.122033691989,6022.525558379205,1.2493027358172226,101,0.6583857366284743,0.9089255150463288,cluster_5
3066494500042300039,,550.2638153751842,5634.1337066056285,6025.877249786723,5630.593427164674,6021.011787566468,5637.838904482654,6032.175808894122,1.570581690971988,164,0.6157069509044587,0.836112822563612,cluster_5
3066494500042300044,,552.6827275283663,5639.928264302252,6027.407804662164,5635.8477065295965,6023.281102561728,5644.147657446827,6032.029978462784,1.016843356186668,130,0.5419204821442762,0.934815007860674,cluster_5
3066494500042300046,,170.0239428125447,5603.703315603924,6028.069034044193,5600.513985322992,6026.088313088379,5606.20601037755,6030.368166781031,1.314413295173666,43,1.002530522723638,0.9319659445954612,cluster_5
3066494500042300048,,309.5546193361438,5609.249504905507,6034.905968560963,5606.4093073694585,6031.428537936392,5612.369538055204,6039.436615406763,1.2506129674666078,71,0.7665364755019646,0.89807130988971,cluster_5
3066494500042300055,,487.5261330743602,5594.47409793391,6040.0778058497535,5590.405250290482,6035.809605822202,5598.228560481282,6044.442043629327,1.7102791459519242,110,0.5577346500419544,1.0000000000000002,cluster_5
3066494500042300059,,502.24100701706175,5629.962759446351,6044.278612947463,5625.5914900156495,6039.91160749281,5634.259478848663,6047.878341237517,1.1326443386475884,110,0.5534462413396907,0.9410358019809308,cluster_5
3066494500042300062,,452.896393858104,5619.106237544897,6047.613280754463,5615.157461066545,6043.908554503398,5623.544703348185,6051.161735058402,1.3411249922652628,89,0.5800551351206417,0.9744849320396776,cluster_5
3066494500042300065,,257.7329493299242,5723.478064202088,6048.724364631938,5720.574014161612,6045.961336096943,5726.595285160804,6051.456075458884,1.0836357051078476,84,0.7369110283410508,1.0,cluster_5
3066494500042300068,,534.1031854745395,5619.464201258213,6054.845237208901,5615.906094230812,6050.496379469062,5623.4174915595,6059.081903828106,1.1601756350432475,131,0.5163010586531563,1.0,cluster_5
3066494500042300078,,549.0053079111669,5628.690093457651,6060.819835098629,5624.653696934068,6056.331091993772,5632.494812644063,6065.453357943835,1.0068901385083444,94,0.5220668741534191,0.9664587580937178,cluster_5
3066494500042300080,,288.41763739534326,5727.497355245218,6061.003982501882,5724.2591420100725,6057.963359550919,5730.306561791162,6064.292842490228,1.331505178015654,63,0.704317450729589,1.0000000000000002,cluster_5
3066494500043100031,,841.0832727709895,6091.595772446323,5970.3950929357225,6085.142762958473,5963.761848561897,6098.837965941016,5978.643607802696,2.5400663072683902,117,0.5734001976815756,0.8445375643335046,cluster_5
3066494500043200065,,1237.1020985989423,6108.474064348958,5935.791849218592,6101.215300665548,5928.067486459823,6115.809525648098,5941.680812663008,1.4575719694046432,214,0.3867948585177937,0.8993054576400685,cluster_5
3066494500043200068,,538.1499414349804,6101.963235524462,5944.864615929036,6098.434675550741,5940.312519312329,6105.638016214859,5949.236408009936,1.2384500897375974,78,0.5151392302971766,0.9925087182843306,cluster_5
3066494500043200072,,1685.6837115378394,6101.606551744438,5952.435380895354,6091.6309845593205,5940.791170228035,6111.887373101306,5961.685145194358,2.733234300893632,325,0.4092821418073398,0.8121597777135006,cluster_5
3066494500043200076,,342.5582282841686,6094.1248888190885,5962.554884107653,6089.87379296146,5959.779915784605,6098.918841917541,5965.164527246532,1.6554701911367216,80,0.6999423909288742,0.9696068003408814,cluster_5
3066494500043200078,,1458.172074941092,6081.748156863286,5980.884055619173,6073.466581103024,5973.34943351041,6091.39558411973,5987.023008103904,1.4714241143883755,215,0.424038361922297,0.8175249822125367,cluster_5
3066494500043200080,,1470.218970550991,6061.485542214376,5991.881892185528,6055.537507139136,5984.370576736385,6069.109309913079,6000.48721148137,1.5714882780281318,93,0.3442973123932251,0.9463303702805864,cluster_5
3066494500043200081,,1609.305254537259,6070.897986902018,5994.529898047318,6061.088960787557,5986.133156412396,6080.483543337511,6003.822904006619,2.279375199342157,176,0.3916336292848626,0.858289004935702,cluster_5
3066494500043200089,,1674.6615322671448,6055.084282829829,6008.02607259457,6046.366192181006,6000.595208611954,6064.746653658394,6017.037993431436,2.0470015735874925,204,0.3440336025127801,0.9470438004406422,cluster_5
3066494500043200091,,1511.1779768478073,6037.869369244231,6016.634425437172,6030.29785377231,6010.407772002413,6046.519883582884,6023.982445836562,1.209243617298572,240,0.3185605410170491,0.9596296357542364,cluster_5
3066494500043200096,,1986.0983438284352,6026.357491922637,6031.448002443242,6017.482045021257,6022.272174335988,6035.285650186313,6040.95410690162,1.593527082926881,199,0.2973964612111717,0.9487125303276897,cluster_5
3066494500043200099,,1722.978177411578,6018.143306136749,6047.445971734938,6010.790780317591,6037.664059192576,6024.9355557512845,6057.419012778587,1.877099879853492,176,0.3252496553069663,0.9473732389904296,cluster_5
3066494500043200100,,1633.7748317781873,6011.855850609651,6061.538746854923,6004.656098236462,6053.294613984906,6019.571576714284,6072.281378459799,1.1322155300058627,110,0.351156315213006,0.8758847168218892,cluster_5
3066494500044100084,,466.0138879911095,6170.996816611266,5819.936315791035,6164.328223826083,5815.602315181727,6175.592922926535,5823.550351400411,2.026394078056469,72,0.7543181357645353,0.7723015965939242,cluster_5
3066494500044100106,,1207.8744421489157,6140.751974199966,5887.216508633951,6134.289047124579,5877.570554909362,6147.019836656878,5897.918767388756,2.3664831492933995,208,0.5481686057537657,0.7500659307190252,cluster_5
3066494500044200084,,5125.649657963801,6176.68973627872,5807.249613955108,6159.8689928630665,5798.532577288052,6192.701400765616,5819.860668887579,1.5393973600187745,263,0.2100107971351869,0.8771272123540272,cluster_5
3066494500044200168,,1591.7468735375912,6159.845818723931,5831.433369118683,6153.4563300394,5821.843573985917,6166.373540792984,5841.324503287174,1.862817143239028,169,0.3465191625321768,0.9118179205874564,cluster_5
3066494500044200169,,294.50662567242176,6169.367372242704,5824.452472524333,6165.391510514605,5821.680764093087,6172.7054862971445,5826.795217772986,1.502212580497721,50,0.7125508901811405,1.0000000000000002,cluster_5
3066494500044200192,,190.5953551094829,6162.768367123674,5839.736562340157,6159.961440606851,5837.266973835542,6165.057881186716,5842.317981029977,1.2345788031397835,36,0.8681277588903767,1.0000000000000002,cluster_5
3066494500044200194,,565.826484054016,6157.996448824685,5844.203612766998,6153.641463093882,5839.895927697051,6162.639119385535,5848.071307146767,1.223590274679336,85,0.5296262122294836,0.9455756567205869,cluster_5
3066494500044200202,,3201.4397674156226,6151.844873607473,5862.698781005614,6142.915506345786,5840.33725022951,6161.169739519281,5885.56833810046,3.2087235122590805,354,0.377801849182653,0.6627476069163498,cluster_5
3066494500044200225,,1140.6834976693524,6136.153015658952,5873.994950571806,6130.650910419695,5866.032235524651,6143.240541035988,5880.279167889441,1.8140635891186767,33,0.3877838064909018,0.949379658465776,cluster_5
3066494500044200246,,898.0473726160578,6133.272956497028,5890.714268712211,6126.946023600099,5885.492470627016,6140.482939044792,5896.553778168747,1.6121710179601707,129,0.4595634102627223,0.8941421367266869,cluster_5
3066494500044200257,,1711.311284347109,6128.019589100629,5902.201848754396,6121.96590961855,5892.652479255632,6136.149239371251,5911.5326831624425,1.2895862315444495,274,0.3336785987122206,0.8906344578339164,cluster_5
3066494500044200259,,1246.0311510042045,6117.948099441396,5901.5218256675,6111.6093863571,5894.002844412841,6123.518478487535,5908.234404331222,1.2278526399820475,34,0.3582156545069837,0.9453511353113389,cluster_5
3066494500044200273,,2197.6001941194663,6120.221225726569,5919.859002436426,6110.248446302712,5907.56033063985,6129.199544136038,5931.689593533211,2.030723956431917,339,0.3332681376457578,0.8116478844498469,cluster_5
3066494500044200283,,651.7024925230781,6110.0109874815225,5922.8249104989,6105.315169577834,5919.021937075123,6115.316246393293,5927.538578988222,1.2177985360286487,51,0.4947606720171617,0.9597203742242608,cluster_5
3066494500050100018,,233.91652843051617,5752.422890484764,6065.085711867933,5749.512679238722,6062.13655872611,5755.593229280081,6068.129791827492,1.277354306982654,71,0.826888040670114,0.9799327258514652,cluster_5
3066494500050100022,,428.2794566635241,5631.517572523824,6066.677781211552,5624.872601564284,6063.020851732347,5635.877404465993,6069.821369316722,1.8864474501740105,112,0.7638325802268869,0.8074061214135594,cluster_5
3066494500050100025,,446.985693765217,5646.428337515644,6068.6631665042905,5640.388829626179,6064.448644085735,5650.543477115094,6073.816261648863,1.2552318523437074,98,0.7553543463113809,0.7192108788377324,cluster_5
3066494500050100026,,1254.9093941147153,5693.135960150087,6071.518755456134,5687.317569553795,6064.374537906631,5698.8387048791,6079.335456875151,1.4532474715720762,494,0.3425129843860732,0.9924919772722162,cluster_5
3066494500050100029,,177.57963590809248,5637.853427488428,6068.0009629402775,5635.833150455371,6065.220621103212,5639.909834767553,6070.8036927646,1.4986167507902803,77,0.90990632444362,1.0000000000000002,cluster_5
3066494500050100031,,638.3439423558852,5661.634598925099,6071.349478915306,5656.615219290154,6067.579779033418,5666.611783799024,6075.089066606398,1.354874598833995,155,0.4868449843866602,0.9792121508291664,cluster_5
3066494500050100032,,888.8163099318693,5769.623282099113,6072.868650112553,5763.123445032509,6067.676717922834,5777.69382776073,6077.642487150426,1.322506788380345,165,0.5100074191031091,0.8606825019670581,cluster_5
3066494500050100035,,513.0879095489184,5634.206476504382,6074.281199194631,5629.482469398595,6069.713372186137,5637.870920243696,6078.30547166155,1.3919895729803524,163,0.5647275606237655,0.9240112749265325,cluster_5
3066494500050100038,,644.9473892369157,5652.925935936146,6075.57357043241,5647.755700931706,6071.251166804406,5657.570172593994,6079.588302446265,1.037513114081969,134,0.4780111037520437,0.98107498522464,cluster_5
3066494500050100041,,887.0447753506883,5685.779608988762,6079.991264967014,5680.450385404954,6074.033257409524,5690.647376985026,6085.26640360147,1.2842388519534582,268,0.404189380364611,0.98445157454674,cluster_5
3066494500050100043,,694.3455592607128,5760.929782410806,6078.497258428127,5754.551037924922,6074.383598260153,5766.331884764918,6082.990522721057,1.4363287998085092,165,0.5179485599738455,0.8974547194218281,cluster_5
3066494500050100044,,754.5019321115795,5774.159619235195,6079.252457731296,5767.295751309739,6074.796859857269,5779.874799788728,6083.205913895274,1.4657043176847215,183,0.4620566233050872,0.9709532383501316,cluster_5
3066494500050100045,,688.1395044114074,5797.897178359492,6080.273681434677,5794.009010619576,6075.012854118492,5802.226462705648,6085.712560589633,1.5617897698613292,105,0.4716441080673607,0.9749119877093996,cluster_5
3066494500050100049,,912.0023798681282,5783.999065708078,6081.698533149473,5775.771149049396,6076.680159171918,5790.094945515453,6086.961082342767,1.488900939117976,181,0.4414396752241423,0.8521843302007623,cluster_5
3066494500050100051,,535.7248858273364,5626.766808123232,6081.619223833642,5622.385799936928,6077.129736250992,5630.30310372649,6087.202410813858,1.285787134641987,162,0.6014627562329026,0.8638477405095727,cluster_5
3066494500050100052,,844.5961418652379,5814.855171391137,6081.805090127607,5807.996465699581,6077.82077951364,5822.386219661133,6086.251410134925,2.071663246532948,132,0.4879648162959079,0.8760060848107801,cluster_5
3066494500050100056,,1089.811943262505,5827.052810225008,6084.901528404311,5820.18711237678,6079.332739341825,5832.954207039513,6090.992901749876,1.0639071909616171,142,0.3871626423121674,0.9318164294835004,cluster_5
3066494500050100059,,1345.2146241441508,5754.039465369418,6086.150993437454,5746.153974437016,6080.843624753024,5762.5707850150575,6091.6264116518105,1.6355600598814612,441,0.3529667490725044,0.9479023137917092,cluster_5
3066494500050100060,,380.5784817789696,5666.648992172516,6085.6215306648455,5663.213076026226,6081.571291210756,5670.570574995538,6089.025247990273,1.6239701636993609,95,0.6310111064330871,1.0000000000000009,cluster_5
3066494500050100063,,508.95979482099216,5775.789891751665,6087.357535676411,5770.352529382633,6083.321010639805,5780.322477311909,6090.746977860063,1.241778821322155,145,0.555458613495928,0.97133690076599,cluster_5
3066494500050100064,,462.1060954242447,5705.983881899495,6088.212972968463,5701.546204646635,6083.886831082811,5709.913863338984,6092.024038279328,1.364656251375683,90,0.593482630607106,0.9358391092996342,cluster_5
3066494500050100068,,500.5016545714015,5805.526400134897,6087.763377255948,5799.336944520903,6084.559551978223,5810.796345550695,6090.556818388977,1.818074731393654,142,0.6242033152211485,0.9391784240273912,cluster_5
3066494500050100069,,497.9150464945016,5652.752283740543,6088.951227130829,5648.308436040235,6085.631477416058,5657.172774196165,6092.805147560736,1.30850547792575,141,0.559044681027197,0.9660405141274852,cluster_5
3066494500050100072,,621.6247628010145,5693.231814221223,6092.992565411701,5689.350036933697,6088.053636585028,5697.932093586683,6097.57663187698,1.231288604825062,188,0.4853569189094324,0.9709450888480282,cluster_5
3066494500050100073,,483.4787475861588,5670.6653656058925,6094.255757595376,5665.67509895366,6089.645091778958,5675.07830340363,6098.321432443867,1.2042321549587114,47,0.6258264379624868,0.900222253197125,cluster_5
3066494500050100075,,800.5949738733538,5720.5217483140095,6095.396370800435,5713.815765859816,6091.636789694823,5727.341798226037,6100.600551533351,1.600715156870009,366,0.4704175991921003,0.937250605863976,cluster_5
3066494500050100077,,998.4775316027184,5707.975606252794,6099.009485064132,5699.873052167293,6094.4523376236775,5716.987916370111,6102.868491275629,2.02148288383992,473,0.4555706265602985,0.924985340747395,cluster_5
3066494500050100080,,325.62169716750225,5675.7827545977725,6100.726387336972,5671.50537296032,6098.209001582702,5680.70143970933,6102.868491275629,1.9772613175235296,161,0.7239352910034118,1.0,cluster_5
3066494500050200006,,1465.1145410962408,5624.090956939625,6068.438721320012,5616.454436949762,6059.712046480703,5632.397596429215,6076.625188543556,1.728794093245613,246,0.3607458029059832,0.8926266926916432,cluster_5
3066494500050200009,,751.5596369236466,5660.604819183762,6064.358489451792,5654.667158151055,6059.471504480352,5665.885794916842,6068.47773277831,1.295034987473759,189,0.4666163839665977,0.9395412541208206,cluster_5
3066494500050200030,,776.6593094071947,5670.672511942007,6068.496823915936,5665.620304036945,6063.445443773666,5677.717013762684,6073.071632507126,1.22357320747445,260,0.4867555257700489,0.908559109733296,cluster_5
3066494500050200038,,436.3061890520101,5641.752134301854,6070.955084805171,5637.856330452697,6066.772387372689,5645.444601913517,6074.84127467369,1.2142368461747106,134,0.6084006804113254,0.9374482418687372,cluster_5
3066494500050200046,,640.6530985946733,5619.567167442649,6075.220832730169,5613.881318210701,6070.927657970069,5626.254930187705,6080.36489442333,1.927349601359479,136,0.5596548782463294,0.8857460728016083,cluster_5
3066494500050200051,,794.0633415990479,5804.805918677833,6080.679686020419,5800.397178021743,6073.095533106552,5808.84229375861,6091.290769541722,2.1495430955028985,96,0.585445008010769,0.7030396590720066,cluster_5
3066494500050200054,,578.7267735287002,5741.590866280982,6079.259756808991,5735.358170993248,6074.351997996521,5746.797035507882,6082.76181481704,1.431872787941257,251,0.6254715950914712,0.7735239091786413,cluster_5
3066494500050200055,,625.8823790586576,5709.646201998215,6078.65393262735,5705.326032975202,6074.256874204346,5714.283844319186,6083.205776258059,1.044042823542536,175,0.4703179771418991,0.9923220427825046,cluster_5
3066494500050200057,,1399.2584841664043,5672.234666723701,6081.517339152118,5665.559315565977,6074.249251670693,5679.126864135109,6089.4566090341095,1.558001733759928,496,0.3660124288031556,0.9064379946960875,cluster_5
3066494500050200058,,753.1982104432201,5640.5082664924685,6080.763999117038,5634.394919102976,6075.216816073926,5645.760588815084,6086.0783631333015,1.633517721193641,233,0.4699684096843692,0.9581523721149472,cluster_5
3066494500050200059,,499.5826811301496,5662.174272071692,6078.748895776423,5658.140693772979,6074.917907620878,5665.577302302452,6082.937272004556,1.0907462422415573,173,0.5568318607226072,0.976164312845772,cluster_5
3066494500050200063,,904.5005195375604,5633.995730629199,6084.27226602235,5629.210323947088,6077.084594993866,5639.916155845908,6090.380498894725,1.7259886230958938,306,0.4549004024649292,0.923658805492395,cluster_5
3066494500050200067,,874.2170612465347,5766.849247438325,6084.563425285595,5760.890481449889,6078.012706971921,5774.012358043936,6088.720867169038,1.242104152949812,275,0.4615373550483826,0.8729018717573188,cluster_5
3066494500050200068,,633.3769154743171,5651.749760497115,6082.420129247445,5646.357005200089,6078.311320136738,5657.212256929247,6086.022607658102,1.684508145982086,162,0.5064182448882314,0.9730458173936036,cluster_5
3066494500050200073,,787.8185486989047,5726.242627292736,6085.370319225624,5721.467574998737,6080.034121841029,5730.46870712623,6090.767209967049,1.204877269268383,213,0.4247675658802911,0.983121420682808,cluster_5
3066494500050200077,,174.344728461955,5703.742296205719,6084.7672909829,5700.436946779941,6082.781024986882,5707.104091141542,6086.75722683801,2.238814966565838,54,1.0163595216528163,0.956978445475844,cluster_5
3066494500050200078,,861.3363978615806,5788.57660137418,6087.903077537907,5779.27624945108,6084.318624553192,5797.782388018865,6091.077593872059,2.960817054710154,148,0.5400104630190469,0.8814948876625179,cluster_5
3066494500050200079,,914.883805846362,5703.811012420745,6094.490184434807,5691.745783369079,6083.888237868219,5714.101312800639,6102.127686854149,2.4787470724308767,350,0.808210546368694,0.4690718405756498,cluster_5
3066494500050200081,,642.2926069388982,5816.369542122392,6087.813301373469,5810.171480661324,6084.291761106378,5823.403841502041,6091.132241987517,2.027123106918059,201,0.5465565487249657,0.9068682033615084,cluster_5
3066494500050200082,,946.3605232119384,5738.222142193255,6089.975865981897,5733.512752796803,6084.312595385585,5743.159753538367,6095.970576745822,1.1943835331882957,399,0.3982007039025096,0.9864346052371336,cluster_5
3066494500050200083,,409.90264658463695,5645.35208632472,6088.423665971785,5641.066739390591,6084.743751893451,5649.167582041633,6092.4476374047645,1.3151360461423385,121,0.6296369228996815,0.9540231446064726,cluster_5
3066494500050200086,,611.2339118241862,5661.66582427823,6089.703516264698,5656.895306982422,6085.804944643252,5667.355225329704,6093.790235779523,1.238065819285323,188,0.5056342136802817,0.951733771105266,cluster_5
3066494500050200089,,1093.7827040957695,5683.832508019455,6092.175464514229,5677.670893232125,6086.567421084339,5689.677084057517,6098.329061142343,1.0466286397294933,309,0.3832618805687936,0.9382864713958764,cluster_5
3066494500050200093,,351.1179324658546,5639.6531023584985,6091.3138529914,5635.232015995046,6088.111311437933,5643.860171494973,6094.415487571167,1.1139745350171435,150,0.6746806448431916,0.9608308806238738,cluster_5
3066494500050200096,,207.43828623641696,5746.223684685225,6091.639581471392,5742.9086010669225,6089.872859490478,5749.895979964591,6093.789109772864,1.9204325477416857,60,0.899412927865148,0.9999999999999998,cluster_5
3066494500050200103,,1077.9083047931815,5653.828884753983,6096.643278179283,5643.528173231275,6092.645564730971,5662.608624420403,6101.705585127067,2.499548542180668,426,0.4559762803405082,0.905562868369986,cluster_5
3066494500050200106,,291.85007415346155,5678.048272816433,6097.421580441673,5673.458533565963,6094.668331884846,5683.049254616705,6099.975550103347,2.280389395033162,87,0.8656370472047057,0.8524922856317988,cluster_5
3066494500050200107,,582.2337527102412,5666.864694294565,6099.09589075624,5661.480024363823,6094.948820381312,5674.395360104745,6102.9563050183,2.087630067123605,290,0.6723053398915055,0.7882639259651828,cluster_5
3066494500050200109,,414.6969808609751,5685.598900327858,6101.148770002976,5677.771688129117,6098.630595720841,5691.524624738608,6103.402695270088,2.9209172961732754,139,0.9154079251347136,0.791482504192328,cluster_5
3066494500050300013,,482.5918260981409,5612.090526264065,6065.835892012219,5608.934161709959,6060.771639108958,5615.042133469997,6071.158340539056,1.934065221081384,116,0.5737995052655999,0.9972350417325204,cluster_5
3066494500050300023,,120.96536900289716,5725.983107320039,6071.195303662164,5724.479681428045,6068.766253267695,5727.721522054228,6073.479760667645,1.5822676391013752,46,1.1312057444532828,0.9835879952944382,cluster_5
3066494500050300044,,681.5888211925211,5717.299284342218,6087.26182978714,5712.534372549544,6082.572653259364,5722.269762609945,6091.725176254889,1.366776564736488,183,0.4569053523464627,0.9960843605441349,cluster_5
3066494500050300051,,549.722518680084,5699.889968175806,6091.080643252448,5695.416801076713,6086.211870877722,5705.371307792739,6094.834176578388,1.6158300550852311,103,0.556271908434934,0.934834440231088,cluster_5
3066494500051100004,,829.946274918251,6006.17440703135,6072.914480670618,6001.883355031095,6066.982986398315,6010.712739219205,6079.27014617981,1.435257245345988,144,0.4542751486625706,0.9230757140680714,cluster_5
3066494500051100006,,1452.425270594946,5895.325463693692,6078.663527603598,5888.079568190906,6072.763126632686,5903.662450728901,6084.48936850564,1.318365429475114,199,0.3338281671722812,0.9624827955024364,cluster_5
3066494500051100007,,1437.1571925766943,5881.708441864867,6078.319286967525,5873.127352385553,6072.953286103677,5889.456169548213,6084.724973337406,1.378070675257963,141,0.339925981017747,0.9362465317710226,cluster_5
3066494500051100009,,759.1438510814455,6008.138158140499,6082.738480361392,6003.176505266298,6076.809735966504,6012.13247576977,6089.850761522769,1.310874649344386,82,0.5341363164939142,0.8541923753888684,cluster_5
3066494500051100012,,546.5259164288539,5839.560833879639,6085.000021848813,5835.3254319936,6080.511467608878,5844.291972590709,6089.758311440873,1.4835015268705032,97,0.5397868276464856,0.9496542031916732,cluster_5
3066494500051100019,,299.8300042341679,6006.692923876473,6107.046997959589,6004.923307803064,6102.252339231338,6008.664563507137,6111.7177594565765,2.589789332393176,49,0.7962200066983841,0.9918279739504372,cluster_5
3066494500051100022,,1410.2401253995372,6015.930000327601,6122.859176693674,6008.345062590825,6113.697741066011,6022.715995089759,6129.536159996387,1.2316914329151067,79,0.4313122461106249,0.7815251751963943,cluster_5
3066494500051200008,,1317.256747111418,5869.783505214798,6081.72238290633,5861.001734059657,6075.711730139139,5877.126619081371,6087.918307455263,1.3021101121203769,229,0.3483825076025462,0.9623026739656272,cluster_5
3066494500051200012,,2258.2939407016443,5853.045152394839,6086.686984396074,5835.234326437062,6080.589635537575,5868.396972646284,6092.278908558305,2.9048163049108946,450,0.3662170600165901,0.8173036503077131,cluster_5
3066494500051200013,,793.470004169964,6003.599337031109,6091.3710414614025,5999.776620948975,6084.667545554903,6007.261549582162,6098.790488615585,2.0558670951963047,91,0.482422287837528,0.9383466559186516,cluster_5
3066494500051200023,,596.5485934865816,6015.569758802777,6115.262468518433,6010.520098202526,6110.782263962641,6020.734966671225,6119.005835507524,1.2584153231667536,66,0.5462489612020792,0.9045234777487584,cluster_5
3066494500051300006,,402.7417589193707,6007.916278710028,6095.004384904314,6005.918840134502,6088.991021554682,6010.32924335853,6101.421039895826,3.0188960031901155,65,0.7487256941581324,0.9377854871432658,cluster_5
