cell,eef2b,gata5,tbx1,spi1b,aplnra,prdm1a,meis3,stmn1a,yrk,her6,fn1b,tbx16,meox1,hand2,mef2cb,cldnb,dla,otx2b,tnnc1a,cfl1l,cldn7b,zic2a,fstl1a,bmp6,cd9b,nova2,nkx2.5,krt18a.1,myl7,dusp5,hes6,sparc,pdlim1,tal1,serpinh1b,bmp4,jdp2b,efnb2a,tnnt2a,mdkb,ptmaa,rbfox1l,nkx2.7,cdh11,ccn1,fabp3,btg1,lsp1a,angptl7,ttn.2,foxd1,hoxb3a,atp2a2a,sox7,twist1a,podxl,fthl27,rarga,mdka,cdx4,cxcl12a,gdf3,rac2,fzd8b,marcksl1a,sfrp5,fibina,fli1b,epcam,hspb1,smtnl1,fhl2a,foxl2a,actc1a,blf,loxl2a,emp2,egfl6,rasl11a,fermt1,fsta,plpp1a,aldh1a2,sox3,etv2,hoxb1b,her15.1,fli1a,cxcl12b,bambia,akap12b,hoxb9a,cyp26c1,hoxb7a,rbms2b,her9,irx1b,tmem88a,kirrel1b,ackr3b,krt8,rdh10a,colec12,ndnf,lmx1bb,pitx3,rspo3,pdgfra,hey1,msgn1,met,thbs2b,cdh5,twist1b,kazald2,myh7,cthrc1a,pfn1,apoc1,tnfaip6,apela,nrp2a,meis2a,elmo1,cnn3a,vox,irx3a,cdc42ep4a,rbm24a,nid1b,clec14a,pltp,foxi1,Blank-0,Blank-1,Blank-2,Blank-3,Blank-4,Blank-5,Blank-6,Blank-7,Blank-8,Blank-9,Blank-10,Blank-11,Blank-12,Blank-13,Blank-14,Blank-15,Blank-16,Blank-17,Blank-18,Blank-19,Blank-20,Blank-21,Blank-22,Blank-23,Blank-24,Blank-25,Blank-26,Blank-27,Blank-28,Blank-29,Blank-30,Blank-31,Blank-32,Blank-33,Blank-34,Blank-35,Blank-36,Blank-37,Blank-38,Blank-39,Blank-40,Blank-41,Blank-42,Blank-43,Blank-44,Blank-45,Blank-46
3066494500026100107,12,0,0,0,0,0,0,0,0,1,0,0,0,0,0,0,0,1,0,5,1,0,1,1,0,1,0,24,0,0,0,2,1,0,1,0,0,0,0,0,2,0,0,1,0,0,2,3,0,0,0,0,0,0,0,0,0,0,1,1,0,0,0,0,1,3,0,0,1,0,0,0,0,0,0,0,1,0,0,1,1,0,0,0,0,0,0,0,0,2,16,0,0,0,0,0,0,0,0,0,11,0,0,0,0,0,0,1,0,0,0,0,0,0,0,0,0,2,0,0,0,1,0,0,2,0,0,0,0,0,0,0,2,0,0,0,0,0,1,0,0,0,0,1,0,0,0,0,0,1,0,0,0,0,0,0,0,0,0,0,1,0,0,0,0,0,0,0,0,0,0,0,0,0,0,0,0,0,1,0
3066494500026100110,44,1,2,1,2,1,2,0,1,1,0,1,0,1,1,1,0,1,1,7,2,0,4,3,2,2,2,80,0,0,0,1,2,0,3,0,0,3,1,0,8,3,0,1,0,0,3,3,1,4,0,0,1,0,0,2,0,0,3,0,0,0,0,0,5,1,0,0,0,0,0,0,0,0,1,1,2,0,0,1,0,0,0,0,0,1,0,1,1,0,17,0,0,0,1,3,0,1,1,1,43,1,3,0,0,1,0,2,0,0,0,0,0,1,0,0,1,8,2,0,1,0,0,0,6,1,12,0,1,0,0,0,3,0,0,0,0,0,0,1,0,0,0,0,0,0,2,0,0,1,1,0,0,0,0,0,0,0,0,0,1,0,0,0,0,0,0,0,0,1,0,0,0,0,0,0,0,1,0,0
3066494500026100111,41,14,1,2,0,0,1,0,0,0,0,2,0,9,0,0,0,0,0,1,2,0,6,5,0,0,1,27,0,0,1,0,0,0,1,0,0,0,9,0,0,21,1,3,0,0,11,2,0,7,0,2,3,0,1,0,0,0,0,2,0,0,0,0,0,1,0,0,0,2,1,0,0,0,1,0,3,0,0,2,0,0,0,0,0,0,1,0,1,0,14,0,0,0,2,0,0,1,0,0,27,1,2,0,0,1,0,2,0,0,0,0,0,0,1,0,0,7,10,0,0,0,0,0,5,2,0,0,2,0,1,0,0,0,0,0,0,0,2,0,0,0,0,0,0,0,0,0,0,0,0,0,0,0,0,0,0,0,0,0,1,0,0,0,0,0,0,0,0,0,0,1,0,0,0,0,0,0,0,0
3066494500026100115,29,9,0,0,0,0,5,0,1,0,1,0,0,2,0,0,0,0,0,1,0,0,0,5,3,0,0,4,0,0,0,1,0,0,0,0,0,1,6,0,0,0,0,0,0,0,5,2,0,1,0,0,0,0,0,6,0,0,0,0,0,1,0,0,2,1,0,0,0,3,0,0,0,0,1,1,6,0,0,1,0,1,0,1,0,0,0,0,0,2,25,0,0,0,2,0,1,0,0,0,10,0,1,0,0,0,0,0,0,0,0,0,0,0,1,0,0,2,10,0,0,0,0,2,1,0,0,0,1,0,0,0,0,0,0,1,0,0,0,0,0,0,0,0,0,0,0,0,0,0,0,0,0,0,0,0,0,0,0,0,1,0,0,0,0,0,0,0,0,0,0,0,0,0,0,0,0,0,0,0
3066494500026100116,13,0,1,0,0,0,2,0,0,0,0,0,0,0,0,0,0,0,0,3,1,0,1,0,0,0,0,10,0,0,0,0,1,0,1,0,0,2,1,0,6,0,1,0,0,0,0,2,0,0,0,0,0,0,0,1,0,0,1,0,0,0,0,0,1,1,0,0,0,0,0,0,0,0,0,0,2,0,0,2,0,0,0,0,0,1,0,0,0,0,10,0,0,0,0,1,0,0,0,1,6,0,1,0,0,0,0,0,0,0,0,0,1,0,0,0,0,2,0,0,0,0,0,0,1,0,4,0,1,0,0,0,3,0,0,0,0,0,0,0,0,0,0,0,0,0,0,0,0,0,0,0,0,0,0,0,0,0,0,0,0,0,0,0,0,0,0,0,0,0,0,0,0,0,0,0,0,0,0,0
3066494500026100117,16,2,0,2,0,2,2,0,0,0,0,0,1,0,0,1,0,0,0,5,1,0,1,0,1,0,0,36,0,0,0,0,1,0,3,0,0,0,1,0,2,0,0,0,1,2,7,20,0,0,0,0,1,0,1,0,1,0,0,0,0,0,0,0,2,1,0,0,0,5,1,0,0,0,0,0,1,1,0,0,0,2,1,0,0,1,0,0,0,0,5,0,0,0,1,1,1,0,0,0,16,0,0,0,0,0,0,0,0,0,0,0,0,0,1,0,0,7,39,0,0,0,0,1,7,0,0,0,1,0,0,0,1,0,0,0,0,0,0,0,0,0,0,0,0,0,0,0,0,1,1,0,0,0,0,0,0,0,0,0,1,0,0,1,0,0,0,0,0,0,0,0,0,0,0,0,0,0,0,0
3066494500026100118,48,11,0,4,0,0,1,0,0,1,0,0,1,2,3,0,0,0,2,5,0,0,1,2,6,0,1,22,1,0,0,2,1,0,2,2,0,1,10,4,2,14,0,0,0,1,8,24,0,4,1,0,1,0,1,7,1,0,0,0,0,0,0,0,2,0,0,0,0,5,1,2,0,0,1,0,1,0,0,0,0,6,0,0,0,8,1,0,0,1,4,0,0,0,2,1,1,0,0,0,26,2,1,0,1,0,0,2,0,0,0,0,0,0,1,2,1,1,93,1,0,0,1,0,3,1,0,0,7,0,0,0,0,0,0,0,0,0,0,1,0,0,0,0,0,0,2,0,0,1,0,0,0,0,1,0,0,0,0,0,0,0,0,0,0,0,0,0,0,0,0,0,0,0,0,0,0,0,1,0
3066494500026100123,12,0,0,0,0,1,0,0,0,0,0,0,0,0,1,1,0,0,0,3,1,0,0,0,1,0,0,20,0,0,0,0,0,0,2,0,1,0,0,0,1,1,0,0,0,1,0,5,0,0,0,0,1,0,0,0,0,0,0,0,0,0,0,0,2,1,0,0,0,1,0,0,0,0,1,0,0,0,0,0,0,0,0,1,0,0,0,0,0,1,4,1,0,0,0,0,0,0,0,0,18,1,1,0,0,0,0,0,0,0,0,0,0,0,2,0,0,6,7,0,0,0,0,0,1,0,0,0,2,0,0,0,0,0,0,0,0,0,0,0,0,0,0,0,0,0,0,0,0,0,0,0,0,1,0,0,0,0,0,0,0,0,0,0,0,0,0,0,0,0,0,0,0,0,0,0,0,0,0,0
3066494500026100127,16,1,0,1,0,1,1,0,0,1,0,0,1,1,0,0,0,0,0,4,0,0,0,0,0,0,1,1,1,0,0,0,3,0,0,1,0,0,1,0,1,1,0,0,0,0,3,12,0,0,0,0,0,0,0,0,0,0,0,0,0,0,0,0,0,0,0,0,0,1,0,0,0,0,0,0,0,0,0,1,0,2,0,0,1,1,0,0,0,0,1,0,0,0,0,0,1,0,0,0,6,0,0,0,0,0,0,0,0,0,0,0,0,0,0,0,0,2,29,0,0,0,0,0,3,0,0,0,0,0,0,1,0,0,0,0,0,0,0,0,0,0,0,0,0,0,0,0,0,0,0,0,0,0,0,0,0,0,0,0,0,0,0,0,0,0,0,0,0,0,0,0,0,0,0,0,0,0,0,0
3066494500026100129,54,8,1,2,0,1,2,0,0,1,0,0,0,3,0,1,0,2,0,9,2,0,1,1,1,0,0,25,0,0,0,1,0,0,2,0,0,0,1,0,4,1,1,0,1,1,23,26,1,0,1,0,0,0,0,0,1,0,0,0,0,0,1,0,2,4,0,0,1,5,1,0,0,0,0,0,0,0,0,5,0,4,0,0,0,1,0,1,0,3,15,0,0,0,4,1,1,0,0,1,26,0,2,0,2,0,1,3,0,1,0,0,0,1,1,1,0,29,73,0,0,1,0,0,6,0,2,0,3,0,0,0,1,0,1,0,0,0,1,0,1,0,2,0,0,0,1,0,0,0,1,0,0,0,0,0,0,1,0,0,1,1,0,0,0,0,0,0,0,1,0,0,0,1,0,1,0,0,0,1
3066494500026100131,42,2,0,0,0,0,1,0,0,1,1,0,0,4,1,2,0,1,1,7,2,0,1,0,1,0,0,32,0,0,0,1,1,0,1,1,0,0,0,0,0,0,0,0,0,3,5,3,0,0,0,0,0,0,0,0,2,0,0,0,0,0,0,0,1,0,0,0,0,0,0,1,0,1,0,0,2,0,0,4,0,0,1,0,0,0,0,0,0,1,6,0,0,0,2,2,0,1,0,0,15,0,0,0,0,0,0,0,0,0,0,0,0,0,0,0,0,17,21,0,0,0,0,0,3,1,0,0,0,0,1,0,0,0,0,0,0,0,0,0,0,0,0,0,0,0,0,0,0,0,1,0,0,0,0,0,0,0,0,1,2,0,0,0,0,0,1,0,0,1,0,0,0,0,0,1,0,0,0,0
3066494500026100135,9,1,0,1,0,0,2,0,1,0,0,0,1,0,0,0,0,0,0,5,3,0,0,0,0,0,0,8,0,0,0,0,0,0,0,0,0,0,0,0,1,0,0,0,0,0,2,0,0,0,0,0,0,0,0,0,1,0,0,0,0,0,0,0,0,1,0,0,0,1,0,0,0,0,0,0,0,0,0,0,0,0,0,0,0,0,0,0,0,0,0,0,0,0,1,0,0,0,0,0,9,0,0,0,0,0,0,0,0,0,0,0,0,0,0,0,0,6,4,0,0,0,0,0,0,0,1,0,0,0,0,0,0,0,0,0,0,0,0,0,0,0,0,0,0,0,0,0,0,0,0,0,0,0,0,0,0,0,0,0,0,0,0,0,0,0,0,0,0,0,0,0,0,0,0,0,0,0,0,0
3066494500026100136,9,1,0,0,0,0,0,0,0,0,0,0,0,0,0,0,0,0,0,4,4,0,1,0,3,0,0,18,0,0,0,0,0,0,1,0,0,0,0,0,0,0,0,0,0,0,2,4,0,0,0,0,0,0,0,0,0,0,0,1,0,0,0,0,0,0,0,0,1,2,0,0,0,0,0,0,2,0,0,1,0,0,1,1,0,0,0,0,0,0,3,0,0,0,1,0,0,0,0,0,10,0,0,0,1,0,0,1,0,0,0,0,0,0,0,0,0,13,12,0,0,0,0,0,3,0,0,0,0,0,0,0,0,0,0,0,0,0,1,0,0,0,0,0,0,0,0,0,0,0,0,0,0,0,0,0,0,0,0,0,0,0,0,0,0,0,0,0,0,0,0,0,0,0,0,0,0,0,0,0
3066494500026100139,20,0,0,2,0,0,1,0,0,0,0,0,0,0,0,0,0,0,0,8,1,0,0,0,1,0,0,42,0,0,0,0,0,0,0,0,0,1,0,0,0,0,1,0,0,0,1,2,0,0,0,0,0,0,0,0,0,0,1,1,0,0,0,0,1,2,0,0,0,2,0,0,0,0,0,0,0,0,0,0,0,0,1,0,0,0,0,0,0,0,9,0,0,0,1,0,0,0,0,0,11,0,0,0,0,0,0,0,0,0,0,0,0,0,0,0,0,12,23,0,1,0,0,0,0,0,0,0,0,0,0,0,0,0,0,0,0,0,0,0,0,0,0,0,0,0,0,0,0,0,0,0,0,0,0,0,0,0,0,0,0,0,0,0,0,0,0,0,0,0,0,0,0,0,0,0,0,0,0,0
3066494500026100142,7,2,0,1,0,0,0,0,0,0,0,0,0,1,0,1,0,0,0,5,1,0,0,2,3,0,0,17,0,0,0,1,0,0,0,0,0,0,0,0,0,0,0,0,0,0,2,3,0,0,0,0,1,0,0,0,0,0,0,0,0,0,0,0,0,0,0,0,0,0,0,0,0,0,0,0,1,0,0,1,0,0,0,0,0,0,0,0,0,0,4,0,0,0,1,0,2,0,0,0,12,0,0,0,0,0,0,0,0,0,0,0,0,0,0,0,0,4,9,0,0,0,0,1,1,1,0,0,1,0,0,0,0,0,0,0,0,0,0,0,0,0,0,0,0,0,0,0,0,0,0,0,0,0,0,0,1,0,0,0,0,0,0,0,0,0,0,0,0,0,0,0,0,0,0,0,0,0,0,0
3066494500026100143,6,2,0,0,0,0,0,0,0,0,0,0,0,2,0,0,0,0,0,6,0,0,2,0,3,0,0,13,0,0,0,0,0,0,0,0,0,0,0,0,0,1,0,0,0,0,3,2,0,0,0,0,0,0,0,0,0,0,0,1,0,0,0,0,0,0,0,0,0,1,0,0,0,0,0,0,1,1,0,1,0,0,0,0,0,0,0,0,0,0,7,0,0,0,0,0,0,0,0,0,2,0,0,0,0,0,0,0,0,0,0,0,0,0,0,0,0,8,23,0,0,0,0,0,2,1,0,0,1,0,0,0,0,0,0,0,0,0,0,0,0,0,0,0,0,0,1,0,0,0,0,0,0,0,0,0,0,0,0,0,0,0,0,0,0,0,0,0,0,0,0,0,0,0,0,0,0,0,0,0
3066494500026200114,5,0,1,0,0,0,0,0,0,1,0,0,0,0,0,0,0,0,0,2,0,0,0,0,0,0,0,14,0,0,0,0,0,0,0,0,0,0,0,0,1,0,0,0,0,0,0,0,0,0,0,0,0,0,0,0,0,0,0,0,0,0,0,0,0,0,0,0,0,0,0,1,0,0,0,0,0,0,1,0,0,0,0,0,0,0,0,0,0,0,4,0,0,0,0,0,0,0,0,0,5,0,0,0,0,0,0,1,0,0,0,0,0,0,0,0,0,2,1,0,0,0,0,0,1,0,0,0,0,0,0,0,0,0,0,0,0,0,0,0,0,0,0,0,0,0,0,0,0,0,0,0,0,0,0,0,0,0,0,0,0,0,0,0,0,0,0,0,0,0,0,0,0,0,0,0,0,0,0,0
3066494500026200116,15,2,0,0,0,0,0,0,0,0,0,0,0,1,0,1,0,0,0,2,1,0,0,1,0,0,0,27,0,0,0,0,1,0,0,0,0,0,2,0,0,1,0,0,0,0,2,1,1,6,0,0,0,0,0,1,0,0,0,0,0,0,0,0,1,0,0,0,2,0,0,0,0,0,0,0,1,0,0,1,0,0,0,0,0,0,0,0,0,0,5,0,0,0,0,1,0,0,0,0,8,1,0,0,0,0,0,0,0,0,0,0,1,0,0,0,0,1,2,0,0,0,1,0,1,1,1,0,0,0,0,0,0,0,0,0,0,0,1,0,0,0,0,0,0,0,0,0,0,0,0,0,0,0,0,0,0,1,0,0,0,0,0,0,0,0,0,0,0,0,0,0,0,0,0,0,0,0,0,0
3066494500026200120,32,5,0,1,0,2,0,0,0,1,0,1,0,0,0,1,0,1,1,8,5,0,2,3,3,0,0,65,1,0,0,2,0,0,1,0,0,0,4,1,3,1,2,0,0,0,4,10,0,1,0,0,1,0,0,0,0,0,0,0,0,0,0,0,1,2,0,0,1,3,0,1,0,0,0,0,0,0,0,3,0,1,1,0,0,2,0,0,0,0,16,0,0,0,0,0,1,0,0,1,48,0,0,0,1,0,0,1,0,0,0,0,0,0,1,0,0,9,21,0,0,0,0,0,2,1,0,0,1,0,0,0,2,0,0,0,0,0,2,0,0,0,0,0,0,0,0,0,0,0,0,0,0,1,0,0,0,0,1,1,0,1,0,0,1,1,0,0,0,0,0,0,0,0,0,0,0,0,0,0
3066494500026200123,22,0,0,1,0,0,2,0,0,0,1,0,0,2,4,1,0,0,1,0,0,1,4,1,0,1,1,1,0,0,0,1,2,0,1,0,0,1,8,0,0,9,0,0,0,2,5,3,0,6,0,0,0,1,0,3,1,0,1,0,0,3,0,0,2,0,0,0,0,0,0,0,0,0,0,0,2,0,0,0,0,0,0,1,0,0,0,0,0,0,6,0,0,0,1,1,0,0,0,0,5,0,0,0,0,0,0,1,0,0,0,0,0,0,0,0,0,0,2,0,0,0,0,0,2,0,3,0,0,0,0,0,1,0,0,0,0,0,0,0,0,0,0,0,1,0,0,0,0,0,0,0,0,0,0,0,0,0,0,0,0,0,0,0,0,0,0,0,0,0,0,1,0,0,0,0,0,0,0,0
3066494500026200128,5,0,0,2,0,0,0,0,0,0,0,0,0,0,0,3,0,1,0,4,6,1,0,0,2,0,0,24,0,0,0,0,1,0,0,0,0,0,0,0,0,0,1,0,0,0,1,7,0,0,0,0,0,0,0,0,0,0,0,0,0,0,0,0,0,0,0,0,1,0,0,0,0,0,1,0,0,0,1,0,0,0,0,0,0,2,0,1,1,0,5,0,0,0,1,1,0,0,0,0,8,0,0,0,0,0,0,0,0,0,0,0,0,0,2,0,0,9,14,0,0,0,0,0,1,0,0,0,0,0,1,0,0,0,0,0,0,0,0,0,0,0,0,0,0,1,0,0,0,0,0,0,0,0,0,0,0,0,0,0,1,0,0,1,0,0,0,0,0,0,0,0,0,0,0,0,0,0,0,0
3066494500026200130,34,3,0,0,0,1,2,0,0,0,0,0,0,3,0,3,1,0,0,19,2,0,2,1,1,0,0,50,0,0,0,1,1,0,4,0,0,0,0,0,1,1,0,0,0,0,4,18,0,0,0,0,0,0,0,0,1,0,0,0,1,0,0,0,2,3,0,0,2,1,0,0,0,0,0,0,4,0,0,4,0,1,1,0,0,0,0,1,2,2,29,0,0,0,2,0,1,0,0,0,20,0,0,0,0,0,1,1,0,0,0,0,0,1,1,0,0,16,30,0,0,0,1,0,4,0,2,0,2,0,0,0,1,0,0,0,0,0,0,0,0,0,0,0,0,0,2,1,0,0,0,0,0,0,0,0,0,0,0,0,0,0,0,0,0,0,0,0,1,0,0,0,0,1,0,1,0,0,0,0
3066494500027100055,19,0,0,1,0,0,1,0,0,1,0,0,0,0,0,0,0,0,0,4,2,3,1,1,0,1,0,9,0,0,0,0,0,1,2,0,0,1,0,2,1,0,0,0,0,1,0,0,0,0,0,0,0,0,0,0,2,0,1,0,0,0,0,0,0,0,0,0,0,0,0,0,0,0,0,0,0,0,0,0,0,0,0,1,0,0,0,0,0,0,19,0,0,0,4,1,1,0,0,1,19,0,0,0,0,0,0,0,0,0,0,0,0,0,0,0,1,0,0,0,0,0,0,0,2,0,0,0,0,0,0,0,0,0,0,0,0,0,0,1,0,0,0,0,0,0,0,0,0,0,0,0,0,0,0,0,0,0,0,0,0,0,0,0,0,0,0,0,0,0,0,0,0,0,0,0,0,0,0,0
3066494500027100057,71,0,0,1,0,0,0,0,1,1,0,1,0,0,0,0,0,0,0,2,0,2,2,4,0,1,0,7,0,0,1,1,1,1,2,0,0,4,0,10,6,0,0,0,1,4,0,0,0,0,0,0,0,0,0,0,0,0,8,0,0,0,0,0,2,0,0,0,0,0,1,0,0,0,0,0,2,0,0,0,5,0,1,11,1,0,0,0,0,0,35,0,1,0,5,17,6,0,0,0,12,0,0,0,2,0,1,0,0,0,0,0,0,1,1,0,0,2,2,0,1,1,1,1,1,0,1,0,1,0,0,0,0,0,0,0,0,0,0,0,0,0,0,0,1,0,0,0,0,0,0,0,0,0,0,0,0,0,0,0,0,0,0,0,0,0,0,0,0,0,0,0,0,0,1,0,0,0,0,0
3066494500027100059,56,0,0,0,1,0,1,0,0,0,0,0,0,0,0,0,0,1,0,1,0,3,2,0,0,3,0,1,0,0,3,0,0,1,2,0,0,1,0,13,2,0,0,0,1,4,1,0,0,0,0,0,0,0,0,1,1,0,5,0,1,0,0,0,2,0,0,0,0,0,0,0,0,0,2,0,0,0,1,1,11,0,0,22,0,0,0,0,0,0,31,0,1,0,1,4,4,0,0,1,1,0,0,0,1,0,0,0,0,0,0,0,0,0,0,0,0,0,0,0,0,0,2,0,1,0,2,0,1,0,0,0,0,0,0,0,0,0,0,0,0,0,0,0,0,0,0,0,1,0,0,1,0,0,0,0,0,0,0,0,0,0,1,0,0,0,0,0,0,0,0,0,0,0,0,0,0,0,0,0
3066494500027100061,27,1,0,1,0,0,0,0,0,1,0,0,0,0,0,4,0,0,1,9,1,1,2,0,1,0,0,99,0,0,0,0,0,0,2,0,0,0,1,0,3,0,1,0,1,1,5,3,0,1,1,0,0,0,0,0,1,1,0,0,1,0,0,0,0,0,0,0,2,0,0,0,0,0,1,0,3,0,0,0,1,0,1,3,0,0,0,0,0,0,10,0,0,0,0,1,1,0,0,0,61,0,0,0,0,0,0,1,0,0,0,1,0,0,2,1,0,3,0,0,0,0,0,0,1,0,0,1,1,0,0,0,0,0,0,0,0,2,0,0,0,0,0,0,0,0,1,1,0,1,0,0,1,0,0,0,0,0,0,0,2,0,0,0,1,0,0,0,0,0,0,0,1,0,2,0,0,0,0,0
3066494500027100062,116,0,0,0,0,0,4,0,0,0,1,1,1,0,0,0,3,0,0,2,0,16,1,2,0,5,0,2,0,0,1,0,0,0,0,0,1,8,0,19,6,0,0,0,0,14,4,0,0,0,1,0,1,0,3,0,1,0,13,0,0,0,0,0,3,0,0,0,0,0,0,0,0,0,0,2,0,1,0,0,11,0,1,23,1,0,0,1,0,0,43,0,3,0,1,19,4,0,0,5,1,0,0,0,2,0,0,0,0,0,0,1,0,1,0,1,0,3,4,0,0,0,6,2,1,1,17,0,1,0,0,0,0,0,1,0,0,0,0,0,0,0,0,0,1,0,0,0,0,1,0,0,0,0,0,0,0,0,0,0,0,0,0,2,0,0,0,0,0,0,0,0,0,0,0,0,0,0,0,0
3066494500027100065,23,0,0,0,0,0,1,0,0,0,0,1,0,0,0,6,0,1,0,2,4,0,0,1,2,0,0,31,0,0,0,0,0,0,1,0,0,0,0,0,5,0,0,0,0,2,0,1,0,0,0,0,0,0,0,1,1,0,1,0,0,0,1,0,0,0,0,0,3,0,0,0,0,0,0,0,2,0,0,0,1,0,0,0,0,0,0,1,2,0,7,0,1,1,1,3,0,0,0,0,22,0,0,0,0,1,0,0,0,0,0,0,0,0,0,0,0,3,1,0,1,2,2,0,0,0,1,1,0,0,0,0,2,0,0,0,0,0,1,0,0,0,0,0,0,0,0,0,0,1,0,0,0,0,0,0,0,0,0,0,1,0,0,1,0,0,0,0,0,0,0,0,1,0,0,0,0,0,0,2
3066494500027100066,27,0,0,0,0,0,3,0,0,0,0,0,0,0,0,0,0,0,0,3,2,1,2,3,1,1,0,33,0,0,1,0,2,0,3,1,0,0,1,0,1,1,0,0,0,2,0,0,0,0,0,0,0,0,0,0,0,0,1,0,0,0,0,0,1,0,0,0,0,0,0,0,0,0,0,0,1,0,0,0,0,0,0,6,0,0,0,0,0,0,22,1,1,0,0,10,1,0,0,0,32,0,1,0,0,0,1,0,0,0,0,0,0,0,0,0,0,4,0,0,0,0,0,0,1,0,0,0,1,0,0,0,0,0,0,0,0,0,0,0,0,0,0,0,0,0,0,0,0,0,0,1,0,0,0,0,0,0,1,0,0,0,0,0,1,0,0,0,0,0,0,0,0,0,0,0,0,0,0,0
3066494500027100068,40,0,0,0,0,0,0,2,0,0,0,1,0,0,0,0,0,0,0,0,0,3,1,0,0,4,0,0,0,1,0,0,1,1,0,0,0,2,0,4,6,0,0,0,0,11,0,0,0,0,1,0,0,0,0,0,0,1,7,0,0,0,1,0,1,0,0,0,0,0,0,0,0,0,1,1,0,0,0,0,20,0,0,8,0,0,0,0,0,0,6,0,2,0,0,5,0,0,0,0,0,0,0,0,2,0,0,0,0,0,0,0,0,0,0,0,0,3,1,0,0,0,1,0,2,0,6,0,0,0,0,1,0,0,0,0,0,0,0,0,1,0,0,0,0,0,0,0,0,0,1,0,0,0,0,0,0,0,0,0,0,0,0,0,0,0,0,0,0,0,0,0,0,0,0,0,0,0,0,0
3066494500027100071,96,2,0,1,0,0,4,0,0,1,0,0,0,0,0,0,2,0,0,0,0,0,3,1,0,11,0,1,1,0,3,0,0,1,0,0,0,4,2,23,7,0,0,0,0,10,2,0,0,1,0,0,0,0,0,0,1,0,12,0,1,0,0,0,2,3,0,0,0,0,0,1,0,0,0,0,1,0,0,0,12,0,1,14,0,0,0,0,1,0,19,0,0,0,3,6,2,0,0,3,1,0,1,0,0,0,0,0,0,0,0,0,1,0,0,0,0,1,1,0,2,0,2,2,2,0,16,0,0,0,0,0,0,0,1,0,0,0,0,0,0,0,0,0,0,0,0,0,0,0,0,0,0,0,0,1,0,0,0,0,0,0,0,0,0,0,0,0,0,0,0,0,0,1,0,0,0,0,0,0
3066494500027100077,60,0,0,2,0,0,1,1,0,0,0,0,0,0,0,0,0,0,0,0,0,7,0,0,0,0,0,1,0,0,3,0,0,0,1,0,0,6,0,12,5,0,0,0,0,6,2,0,0,0,0,0,0,0,0,0,0,0,10,0,0,0,0,0,1,0,0,0,0,0,0,0,0,0,0,0,0,0,0,0,3,0,0,7,0,0,0,0,0,0,15,1,1,0,0,5,1,0,0,4,1,0,2,0,1,0,0,0,0,0,0,0,0,0,0,0,0,1,0,0,0,0,4,0,0,0,3,0,0,0,0,0,0,0,0,0,0,0,0,0,0,0,0,0,0,0,0,0,0,0,0,1,0,0,0,0,0,0,0,0,0,0,0,0,0,0,0,0,0,0,0,0,0,1,0,0,0,0,0,0
3066494500027100078,20,0,0,0,0,0,0,0,0,0,0,0,0,0,0,0,0,0,0,1,0,1,2,0,0,0,0,0,0,0,0,0,0,0,0,1,0,0,0,5,3,0,0,0,0,2,0,0,0,0,0,0,1,0,0,0,0,0,4,0,1,0,0,0,2,1,0,0,0,0,0,0,0,0,0,0,2,0,0,0,3,0,0,0,0,0,0,0,0,0,10,0,0,0,0,6,0,0,0,0,0,0,0,0,1,0,0,2,0,0,0,0,0,0,0,0,0,0,0,0,0,0,0,0,3,0,0,0,0,0,0,0,0,0,0,0,0,0,0,0,0,0,0,0,0,0,0,0,0,0,0,0,0,0,0,0,0,0,0,0,0,0,0,0,0,0,0,0,0,0,0,0,0,0,0,1,0,0,0,0
3066494500027100079,5,0,0,0,0,0,0,0,0,1,0,0,0,0,0,1,0,0,0,0,1,0,1,0,1,0,0,14,1,0,1,1,0,1,0,0,0,0,0,0,3,1,0,0,0,0,0,0,0,0,0,0,0,0,0,0,0,0,0,0,0,0,0,0,1,1,0,0,0,0,0,0,0,0,0,0,0,0,0,1,0,0,0,0,0,0,0,0,2,0,1,0,0,0,0,0,2,0,0,1,7,0,1,0,0,0,0,0,0,0,0,1,0,0,0,0,0,0,1,0,0,1,0,0,0,0,1,1,0,0,0,1,2,0,0,0,0,0,0,0,0,0,0,0,0,0,0,0,0,0,0,0,0,0,0,0,0,0,0,0,0,0,0,0,0,0,0,0,0,0,0,0,0,0,0,0,0,0,0,0
3066494500027100081,24,0,0,1,0,0,0,0,0,0,0,0,0,0,0,0,0,0,0,0,0,1,0,0,0,0,0,0,0,0,0,0,0,0,0,0,0,1,0,4,0,0,0,0,0,2,1,1,0,1,0,0,0,0,0,0,0,0,5,0,1,0,0,0,2,0,0,0,0,0,0,1,0,0,0,0,0,0,0,0,1,0,0,6,0,0,0,0,1,0,9,0,0,0,0,2,1,0,0,0,1,0,0,0,0,0,0,0,0,0,0,0,0,0,1,0,0,0,0,0,0,0,0,2,0,0,0,0,0,0,0,0,0,0,0,0,0,0,0,0,0,0,0,0,0,0,0,0,0,0,0,0,0,0,0,0,0,0,0,0,0,0,0,0,0,0,0,0,0,0,0,0,0,0,0,0,0,0,0,0
3066494500027100082,22,1,0,0,0,0,0,0,0,0,0,0,0,0,0,10,0,1,0,8,7,0,0,0,1,0,1,66,0,0,0,1,0,0,0,0,0,0,2,0,3,1,0,0,0,2,0,3,0,0,0,0,0,0,0,0,0,0,2,0,0,0,0,0,1,0,0,0,2,0,0,0,0,0,0,0,1,0,0,3,0,0,1,1,0,0,0,0,0,1,7,0,0,0,1,1,3,0,0,0,42,0,1,0,0,0,0,1,0,1,0,0,0,0,1,0,0,0,0,0,0,0,0,1,0,0,0,1,0,1,0,0,1,0,0,0,0,1,1,0,0,0,0,0,0,0,0,0,0,1,0,0,0,0,0,0,1,0,0,0,1,0,0,0,0,0,0,0,0,0,0,0,0,0,0,0,0,0,0,0
3066494500027100084,45,2,6,0,0,0,0,0,0,1,0,0,1,0,0,6,0,0,0,8,13,0,1,0,1,0,2,39,0,0,1,1,1,0,4,0,0,1,1,0,8,1,4,1,0,4,2,4,0,0,0,1,0,0,0,1,0,1,8,1,0,0,0,0,0,0,0,0,2,0,0,1,0,0,1,0,5,1,0,4,0,0,0,25,0,0,0,1,4,0,10,0,0,0,0,6,2,0,0,2,23,0,3,0,0,0,0,1,1,0,0,0,0,0,0,2,0,4,1,0,1,0,0,0,1,0,2,2,1,1,0,0,6,0,0,0,0,0,0,0,0,0,0,0,0,0,0,0,0,0,0,0,0,1,0,0,0,0,0,0,0,0,0,0,0,0,0,0,0,0,0,0,0,0,0,0,0,0,0,0
3066494500027100086,56,0,0,0,0,0,0,0,0,1,0,0,0,0,0,1,0,2,0,0,0,3,3,0,0,3,0,1,0,0,2,0,0,0,2,0,0,0,0,8,0,0,0,0,0,9,0,1,0,3,0,0,0,0,0,0,2,1,17,0,0,0,0,0,0,0,0,0,0,0,0,0,0,0,1,1,0,0,0,0,6,0,0,13,0,0,0,0,0,0,9,0,0,0,0,9,1,0,0,0,0,0,0,0,2,0,0,0,0,0,0,0,0,0,0,0,0,0,0,0,0,0,2,0,1,0,11,0,0,0,1,0,0,0,0,0,0,1,0,1,2,0,0,0,0,0,0,0,0,0,0,0,0,0,0,0,0,0,0,0,0,0,0,0,0,0,0,0,1,0,0,0,0,0,0,0,0,0,0,0
3066494500027100088,3,0,0,0,0,0,0,0,0,0,1,0,1,0,0,0,1,0,0,0,0,0,2,0,1,1,0,0,0,0,0,0,0,0,0,0,0,0,0,0,1,0,0,0,0,0,0,2,0,0,0,0,0,0,0,0,1,0,2,0,0,0,0,0,0,0,0,0,0,0,0,0,0,0,0,0,1,0,0,0,0,0,0,5,0,0,0,0,1,0,3,0,0,0,0,0,2,0,0,0,1,0,1,0,0,0,0,0,0,0,0,0,0,0,0,0,0,0,1,0,0,0,1,3,0,0,0,1,0,0,0,0,0,0,0,0,0,0,0,0,0,0,0,0,0,0,1,0,0,0,0,0,0,1,0,0,0,0,0,0,0,0,0,0,0,0,0,0,0,0,0,0,0,0,0,0,0,0,0,0
3066494500027100089,15,0,2,0,0,0,0,0,0,0,0,0,0,0,0,5,0,0,0,10,8,0,2,1,0,0,0,47,0,0,0,0,3,0,0,0,0,1,0,0,0,0,0,0,1,0,2,0,0,0,0,0,0,0,0,0,0,0,1,0,0,0,0,0,0,0,0,0,2,0,0,2,0,0,0,0,0,0,0,0,0,0,0,1,0,0,0,1,3,0,14,0,0,0,0,0,0,0,0,0,17,0,0,0,0,0,0,0,0,0,0,0,0,0,0,0,0,3,1,0,0,0,0,1,0,0,2,0,0,0,0,0,1,0,0,0,0,0,0,0,0,0,0,0,0,0,0,0,0,0,0,0,0,0,0,0,0,0,0,1,1,0,0,0,0,0,0,0,0,0,0,0,0,0,0,0,0,0,0,0
3066494500027100091,67,0,0,2,0,0,1,0,0,0,0,0,0,0,0,0,0,1,0,0,1,2,0,0,0,4,0,0,1,0,2,0,0,0,1,0,0,2,0,16,6,0,0,0,0,11,0,0,0,1,0,0,0,0,0,0,0,0,13,0,0,0,0,0,1,2,0,0,0,0,1,0,0,0,0,0,0,0,0,0,9,0,0,14,0,0,0,0,0,0,13,0,1,0,0,7,0,1,0,2,0,0,0,0,0,0,0,1,0,0,0,0,1,0,0,0,0,0,0,0,1,0,2,0,1,0,8,0,0,0,0,0,0,0,0,0,0,0,0,0,0,0,0,0,0,0,0,0,0,0,0,0,0,0,0,0,0,0,0,0,0,0,0,0,0,0,0,0,0,1,0,0,0,0,0,0,0,0,0,0
3066494500027100092,27,2,4,1,1,4,2,0,0,2,0,0,0,1,0,1,0,0,1,9,7,0,2,3,1,0,2,16,1,1,0,1,0,0,0,0,0,4,0,0,2,2,1,0,1,0,2,6,0,3,0,0,1,0,0,0,1,0,0,0,0,0,0,0,5,1,0,0,1,0,0,0,0,0,0,0,1,0,0,6,0,0,0,3,0,2,0,0,6,1,21,0,0,0,2,2,1,0,0,1,11,0,1,0,0,0,0,0,0,0,0,0,0,0,1,0,0,7,1,0,0,1,1,0,5,0,7,0,0,0,1,0,1,0,0,0,0,0,0,0,1,0,0,0,0,0,1,0,0,0,0,0,0,0,0,0,1,0,1,0,0,0,1,0,0,0,0,0,1,0,0,0,1,0,0,0,0,0,0,0
3066494500027100093,30,0,0,0,0,0,1,0,0,0,0,0,1,0,0,0,1,0,0,0,0,6,0,0,0,0,0,0,0,0,0,0,0,0,0,0,0,3,0,6,9,0,0,0,1,11,1,0,0,0,0,0,0,0,0,1,0,0,4,0,2,0,0,0,4,0,0,0,0,0,0,0,0,0,0,0,0,0,0,0,5,0,0,6,0,0,0,0,0,0,5,0,0,0,1,13,1,1,0,3,0,0,0,0,0,0,0,0,0,0,0,0,0,0,0,1,0,0,0,0,0,0,0,0,0,0,9,1,0,0,0,0,0,0,1,0,0,0,0,0,0,0,0,0,0,0,0,0,0,0,0,0,0,0,0,1,0,0,0,1,0,0,0,0,0,0,0,0,0,0,0,0,0,0,0,0,0,0,0,0
3066494500027100097,31,4,1,0,0,1,0,0,0,1,0,0,1,0,0,0,0,0,0,1,1,0,1,0,0,0,3,4,0,0,0,1,0,0,5,2,0,5,1,0,2,1,1,0,1,0,1,5,1,0,0,0,0,0,0,2,1,0,6,1,0,0,0,0,7,0,0,0,0,0,1,0,0,1,0,0,5,1,0,0,0,0,0,2,0,0,0,0,10,2,17,0,0,0,6,5,2,0,0,1,6,3,1,2,0,0,0,1,0,0,0,0,0,0,1,0,1,5,1,0,0,0,1,0,5,0,2,0,0,0,1,1,2,0,0,0,0,0,0,0,0,0,0,0,0,0,0,0,0,0,0,0,0,0,0,0,0,0,0,0,0,0,0,1,0,0,0,0,0,0,0,0,1,0,0,0,0,0,0,0
3066494500027100101,43,0,0,0,0,1,1,0,0,3,0,0,0,0,0,0,1,0,0,0,0,0,1,1,0,4,0,0,0,0,1,2,0,0,0,0,0,0,0,10,9,0,0,0,0,10,4,0,0,1,0,0,0,0,0,0,0,1,22,0,2,0,0,0,3,0,0,0,0,0,0,0,0,0,0,0,1,0,0,0,5,0,0,16,0,0,0,0,0,0,14,0,0,0,0,10,2,0,0,0,1,0,0,0,0,1,1,0,0,0,0,0,0,0,0,0,0,0,1,0,0,0,3,0,4,0,4,1,0,0,0,0,0,0,0,0,0,0,0,0,0,0,0,0,0,0,0,1,1,0,0,0,0,1,0,0,0,0,0,0,0,0,0,0,0,0,0,0,0,0,0,0,0,0,0,0,0,0,0,0
3066494500027100102,49,0,0,0,0,0,1,0,0,1,0,0,0,0,0,0,0,0,0,0,0,5,0,1,0,2,0,0,0,1,0,0,0,0,0,0,1,5,0,10,1,0,0,0,0,7,0,0,0,0,0,0,0,0,0,0,0,0,6,1,0,0,0,0,0,0,1,0,0,0,1,0,0,0,0,0,0,0,0,1,2,0,0,3,0,0,0,0,0,0,7,0,0,0,0,5,0,0,0,2,0,0,0,0,1,0,0,0,0,0,0,0,2,0,0,0,0,1,0,0,0,0,1,1,1,0,8,0,0,0,0,0,0,0,0,0,0,0,1,0,1,0,0,0,0,0,0,0,0,0,0,0,0,0,0,0,0,0,0,0,0,0,0,0,0,0,0,0,0,0,0,0,0,0,0,0,0,0,0,0
3066494500027100103,69,1,8,2,2,1,1,0,1,0,1,0,0,0,1,1,0,0,0,2,1,0,1,0,1,0,1,12,0,1,1,3,0,0,10,2,0,7,2,1,6,0,0,1,0,0,0,1,0,1,0,0,2,2,0,1,0,1,3,0,3,0,0,0,6,0,1,0,1,0,0,1,0,0,1,0,7,0,0,1,0,4,0,5,0,0,0,1,8,0,18,0,2,0,5,19,2,0,1,1,14,0,9,0,2,0,1,1,0,0,1,0,0,1,0,0,0,4,1,0,1,0,1,0,4,0,16,1,1,0,0,2,5,1,0,0,0,0,0,0,0,0,0,0,0,0,0,0,0,0,0,1,0,1,0,0,0,0,0,0,1,0,0,0,0,0,0,0,0,0,0,0,0,1,0,0,0,0,0,1
3066494500027100104,23,0,0,0,0,0,4,0,0,1,0,0,0,0,0,0,0,0,0,0,0,0,0,0,0,1,0,0,0,0,0,0,0,0,5,0,0,8,1,0,1,0,0,2,0,6,3,1,0,0,0,0,0,0,1,0,0,0,0,0,0,0,0,0,1,0,0,0,0,0,0,0,0,0,0,0,0,0,0,0,0,0,1,0,0,0,0,0,0,0,4,0,1,0,1,1,0,0,0,0,4,0,0,0,0,0,0,2,0,0,0,0,0,2,0,0,0,1,0,0,0,0,0,0,0,0,1,0,0,0,0,0,0,0,0,0,0,0,0,0,0,0,0,0,0,0,0,0,0,0,0,0,0,0,0,0,0,0,0,0,0,1,0,0,0,0,0,0,0,0,0,0,0,0,0,0,0,0,0,1
3066494500027100107,39,0,0,0,0,0,0,0,0,3,0,0,0,0,0,0,0,0,1,1,0,0,0,0,0,4,0,0,0,0,1,0,0,0,0,0,0,0,1,7,8,0,0,0,0,5,0,1,0,0,0,0,0,0,0,2,0,0,6,0,3,0,0,0,1,0,0,0,0,0,2,0,0,0,0,0,1,0,0,0,0,0,0,15,0,0,1,0,0,0,7,0,0,0,0,1,1,0,0,1,1,0,0,0,0,0,0,0,0,0,0,0,0,1,0,0,0,0,0,0,0,0,0,0,0,0,5,0,0,0,0,1,0,0,0,0,0,0,0,0,0,0,0,0,0,0,0,0,0,0,0,0,0,0,0,0,0,0,0,0,0,0,0,0,0,0,0,0,0,0,0,0,0,0,0,0,0,0,0,0
3066494500027100108,32,0,0,0,0,0,4,1,0,0,0,0,0,0,0,0,1,0,0,0,0,1,0,1,0,4,0,0,0,0,3,0,0,0,0,0,1,0,0,6,1,0,0,0,0,2,0,0,0,0,0,0,0,0,0,0,0,0,2,0,0,0,0,0,2,0,0,0,0,1,0,0,0,0,0,0,0,0,0,0,3,0,0,12,0,0,0,0,0,0,11,0,0,0,1,2,1,0,0,0,0,0,0,0,1,0,0,0,0,0,0,0,0,0,0,0,0,1,0,0,0,1,2,1,0,0,0,0,0,0,0,0,0,0,0,0,0,0,1,0,0,0,0,0,0,0,0,0,0,0,0,0,0,0,0,0,0,0,0,0,0,0,0,0,0,0,1,0,0,0,0,0,0,0,0,0,0,0,0,0
3066494500027100112,51,0,13,1,0,0,0,0,0,1,0,0,0,1,0,6,0,0,0,1,12,0,1,1,1,0,1,10,0,1,0,1,0,0,0,1,0,5,0,2,4,2,1,0,0,2,3,2,0,0,0,0,0,0,0,0,3,0,1,0,1,0,0,0,0,0,0,0,1,0,0,0,0,0,1,0,4,0,0,1,1,0,0,9,0,0,0,0,8,0,16,1,0,0,5,21,1,0,0,0,7,0,5,0,0,0,0,2,0,0,0,0,0,0,1,0,0,0,3,0,1,1,1,0,6,0,19,0,0,2,0,5,3,0,0,0,0,0,1,0,0,0,0,0,0,0,0,0,0,0,0,0,0,0,0,1,0,0,0,1,0,0,0,2,0,0,0,0,0,1,0,0,0,0,0,0,1,1,0,0
3066494500027100113,19,0,1,1,1,0,1,0,0,0,0,0,0,0,0,0,0,0,1,1,0,1,1,1,0,1,0,1,0,0,0,1,0,0,0,0,0,1,0,2,4,0,1,0,0,4,0,1,0,0,0,0,0,0,0,1,1,0,3,0,8,0,0,0,5,0,0,0,0,1,0,0,0,0,0,0,3,1,0,0,12,0,1,2,0,0,0,0,5,0,7,0,0,0,0,7,2,0,0,0,0,0,2,1,0,0,0,5,0,0,0,0,0,1,1,0,1,0,0,0,0,0,0,1,1,0,3,1,0,0,0,0,0,0,0,0,0,0,0,0,0,0,0,0,0,0,0,0,0,0,1,0,0,0,0,0,0,0,0,0,0,0,1,0,0,0,0,0,0,0,0,0,0,0,0,0,0,0,0,0
3066494500027100114,68,0,0,0,0,0,0,0,0,0,1,1,0,0,0,0,0,0,0,1,0,0,0,0,0,1,0,1,0,0,0,1,0,0,0,0,0,0,0,14,11,0,0,0,0,10,4,0,0,0,0,0,0,1,0,0,1,0,8,0,1,0,0,0,1,1,0,0,0,0,1,1,0,0,1,0,0,1,1,1,6,1,0,14,0,1,0,0,0,0,13,0,0,0,0,10,0,0,0,1,0,0,0,0,0,0,0,0,0,0,0,0,0,0,2,0,0,0,2,0,0,1,1,0,1,0,11,0,0,0,0,0,0,0,0,0,0,0,0,0,0,0,0,0,0,0,0,0,0,0,0,0,1,0,0,0,0,0,0,0,1,0,0,0,0,0,0,0,0,0,0,0,0,0,0,0,0,0,1,0
3066494500027100115,45,0,0,0,0,0,2,0,0,1,0,0,0,0,0,1,0,0,0,1,0,0,1,0,0,3,0,0,0,0,0,1,0,1,1,0,0,1,0,7,10,0,0,0,0,8,3,1,0,1,0,0,0,0,0,2,2,0,13,1,1,0,0,0,2,0,0,0,0,0,0,0,0,0,0,0,0,0,0,0,11,0,0,26,0,0,0,0,0,0,13,0,0,0,0,21,0,0,0,1,1,0,0,0,0,0,0,1,0,0,2,0,0,0,1,0,0,0,1,0,2,0,5,0,0,0,14,1,0,0,0,0,0,0,0,0,0,0,0,0,0,0,0,0,0,0,0,0,0,0,0,0,0,0,0,1,0,0,0,0,1,0,0,0,0,0,0,0,0,0,0,0,0,0,0,0,0,0,0,0
3066494500027100116,43,0,0,0,0,0,0,0,0,1,0,0,0,0,0,0,0,0,0,0,0,1,0,0,1,3,0,0,0,0,1,0,0,0,0,0,0,1,0,5,8,0,0,0,1,4,0,0,0,0,0,0,0,0,0,0,0,0,14,1,1,0,0,0,1,1,0,0,0,0,0,0,0,0,0,0,0,2,1,0,15,1,0,18,0,1,0,0,0,0,10,0,0,0,0,4,1,0,0,0,0,0,0,1,1,0,0,0,0,0,0,0,0,0,0,0,0,0,0,0,0,0,5,0,0,0,9,0,0,0,0,0,0,0,0,0,0,0,0,0,0,0,0,0,0,0,0,0,0,0,0,0,0,0,0,1,0,0,0,0,0,0,0,1,0,0,0,0,0,0,0,0,0,0,0,0,0,0,0,0
3066494500027100117,37,0,0,0,0,0,3,1,0,1,0,1,0,0,0,0,0,0,0,0,0,0,0,0,0,1,0,0,0,0,0,0,0,0,1,0,0,7,0,4,2,0,0,1,0,2,3,1,0,0,0,0,0,0,0,0,0,0,0,0,1,0,0,0,2,0,0,0,0,0,0,0,0,0,0,0,0,0,0,0,0,0,0,0,0,0,0,0,0,0,1,0,1,0,1,10,0,0,0,0,4,0,2,0,0,0,0,6,0,0,0,0,0,1,0,0,0,0,1,0,0,2,0,0,1,0,0,0,0,0,0,0,0,0,0,0,0,0,0,0,0,0,0,0,0,0,0,0,0,0,0,0,0,0,0,0,0,0,0,0,0,0,0,1,0,0,0,0,0,0,0,0,0,0,0,0,0,0,0,0
3066494500027100119,66,21,5,5,1,1,6,0,1,2,1,2,1,6,8,1,0,0,5,5,3,0,9,4,1,0,13,8,6,1,2,2,2,0,8,1,0,2,32,2,4,92,2,1,6,2,17,12,1,28,0,0,2,0,0,10,3,0,5,1,1,4,0,0,11,3,0,0,0,2,3,1,0,0,4,1,5,0,1,2,0,1,0,3,1,5,0,0,11,2,48,0,0,1,2,3,1,3,1,4,25,5,3,0,0,0,0,5,0,1,1,0,3,2,1,1,0,3,21,1,1,2,5,1,14,1,19,0,11,1,0,1,0,0,0,0,0,1,0,0,1,0,0,0,0,0,2,1,0,0,3,1,0,0,0,0,0,1,0,0,0,0,0,1,0,0,0,0,0,0,0,1,0,0,1,1,0,0,0,1
3066494500027100121,32,0,0,1,0,1,0,0,0,3,0,0,0,0,0,0,0,1,0,0,0,1,0,1,0,3,0,0,0,0,0,0,0,0,0,0,0,0,1,4,10,0,0,0,0,8,1,0,0,0,0,0,0,0,0,2,0,0,9,0,0,0,0,0,2,4,0,0,0,0,0,0,0,0,1,0,0,1,0,0,8,0,0,14,0,0,0,0,0,0,9,0,0,0,2,6,1,0,0,1,1,0,0,0,2,0,0,0,0,2,0,0,0,0,0,0,0,1,2,0,1,0,4,0,0,0,9,0,1,0,0,1,0,0,0,0,0,0,0,0,0,0,0,0,0,0,0,0,0,0,0,0,0,0,0,0,0,0,0,0,0,0,0,0,0,0,0,0,0,0,0,2,0,0,0,0,0,0,0,0
3066494500027100123,56,0,0,0,0,1,1,0,0,2,0,0,0,0,0,0,0,0,0,0,0,2,0,0,0,1,0,0,0,0,1,0,0,0,0,0,0,1,0,10,7,0,0,0,0,11,1,0,0,1,0,0,0,0,0,1,2,0,10,0,0,0,0,0,0,0,0,0,0,0,1,0,0,0,1,1,0,0,0,0,1,0,0,22,0,0,0,0,0,0,9,0,1,0,0,10,1,0,0,1,0,0,0,0,0,0,0,0,0,0,0,0,0,0,0,0,0,1,2,0,2,0,0,0,2,0,11,0,0,0,0,0,0,0,0,0,0,0,0,0,1,0,0,0,0,0,1,0,0,0,0,0,0,0,0,0,0,0,0,1,0,0,0,0,0,0,0,0,0,0,0,1,0,0,0,0,0,0,1,0
3066494500027100124,54,0,0,0,0,0,1,0,0,2,0,1,1,0,0,0,0,0,0,0,0,0,1,0,0,2,0,0,0,1,1,1,0,0,0,0,0,0,0,6,11,0,0,0,0,6,1,0,0,0,0,0,0,0,0,1,0,1,17,0,0,0,0,0,2,0,0,0,0,0,1,0,0,0,0,0,0,3,1,1,9,0,0,15,0,0,0,0,0,0,11,0,0,0,2,4,0,0,0,1,0,0,1,0,1,0,0,0,0,0,0,0,0,0,0,0,0,0,1,0,2,0,3,0,1,0,11,0,0,0,0,0,0,0,0,0,0,0,0,0,0,0,0,0,0,0,0,1,0,0,0,0,0,0,0,0,0,0,0,0,0,0,0,0,0,0,0,0,0,0,0,0,0,0,0,0,0,0,0,0
3066494500027100127,61,0,10,0,0,1,1,0,1,1,0,0,0,0,0,7,0,0,0,2,9,1,1,0,1,1,2,16,1,0,3,4,0,0,9,0,1,10,1,2,6,1,0,0,0,4,3,5,0,1,0,0,0,0,0,0,3,1,1,1,0,0,0,0,4,0,1,0,2,0,2,0,0,1,0,0,14,0,0,3,2,4,0,9,0,0,0,0,11,0,20,0,0,0,6,33,0,0,1,1,12,0,2,0,0,0,2,2,0,1,1,0,0,0,1,0,0,0,2,1,2,1,3,0,0,0,6,0,0,1,1,13,8,0,2,0,0,0,0,0,0,0,0,0,0,0,0,1,0,0,0,0,0,0,0,0,1,1,0,1,0,1,1,0,0,0,0,0,0,0,0,0,0,0,1,0,0,0,1,0
3066494500027100128,48,0,0,0,0,0,1,0,0,0,0,0,0,0,0,0,0,0,0,0,0,0,0,0,0,3,1,1,0,0,0,0,0,0,0,0,1,0,0,6,7,0,0,0,0,7,1,0,0,0,0,0,0,0,0,3,1,0,12,0,1,0,1,1,2,2,0,0,0,0,1,1,0,0,2,1,0,0,0,0,8,0,0,21,0,0,0,0,0,0,15,0,1,0,2,13,3,0,0,2,0,0,0,0,0,0,0,0,0,0,0,0,0,0,0,0,0,2,2,0,0,0,4,0,0,0,21,0,1,0,1,0,0,0,0,0,0,0,0,0,1,0,0,0,0,0,1,0,0,0,0,0,0,1,0,0,0,0,0,0,0,0,0,1,0,0,0,0,0,0,0,0,0,1,0,0,0,0,0,0
3066494500027100133,36,0,0,2,0,0,0,0,0,0,0,0,0,0,0,0,0,0,0,0,0,5,0,0,0,1,0,0,0,0,0,1,0,0,0,0,0,5,0,5,3,0,0,0,0,7,0,0,0,0,1,0,0,0,0,1,0,0,6,0,0,0,0,0,0,2,0,0,0,0,0,0,0,0,0,0,0,0,0,1,4,0,0,11,0,0,0,0,0,0,9,0,1,0,0,4,0,0,0,1,0,0,0,0,0,0,0,0,0,0,0,0,0,0,1,0,0,0,0,0,0,2,1,0,0,0,4,0,0,0,0,0,0,0,0,0,0,0,0,0,0,0,1,0,0,0,0,0,0,0,1,0,0,0,0,0,0,0,0,0,0,0,0,0,0,0,0,0,0,0,0,0,0,0,0,0,0,0,0,0
3066494500027100135,15,0,0,0,0,0,1,0,0,0,0,0,0,0,0,0,0,0,0,0,0,3,1,0,0,1,0,0,0,0,0,0,0,0,1,0,0,1,1,3,2,0,0,0,2,1,0,0,0,0,0,0,0,0,0,0,1,0,2,1,0,0,0,0,2,2,0,0,0,0,0,0,0,0,0,0,0,0,0,0,1,0,0,7,0,0,0,0,0,0,7,0,0,0,0,3,1,0,0,1,0,0,0,0,0,0,0,0,0,0,1,0,0,0,0,0,0,0,0,0,0,0,3,0,0,0,3,0,0,0,0,0,0,0,0,0,0,0,0,0,0,0,0,0,0,0,0,0,0,0,0,0,0,0,0,0,0,0,0,0,0,0,0,0,0,0,0,0,0,0,0,0,0,1,0,0,0,0,0,0
3066494500027100136,33,0,0,1,0,0,1,1,0,0,0,0,0,0,1,0,0,0,0,0,0,6,0,0,0,2,0,2,0,0,1,1,1,0,1,0,0,2,0,9,1,0,0,0,0,7,1,0,0,0,0,0,0,0,0,0,0,0,4,0,1,0,0,0,0,0,0,0,1,0,1,0,0,0,0,0,0,0,0,0,6,0,0,11,0,0,0,0,0,0,13,0,0,0,1,8,1,1,0,2,1,0,0,0,0,0,0,1,0,0,0,0,0,0,0,0,0,3,0,0,1,1,1,1,0,0,8,0,0,0,1,0,0,0,0,0,0,0,0,0,0,0,0,0,0,0,0,0,0,0,0,0,0,0,0,0,0,0,0,0,0,0,0,1,0,0,0,0,0,0,0,0,0,0,0,0,0,0,0,0
3066494500027100137,30,0,3,2,0,1,3,0,0,0,0,1,1,0,1,0,0,1,0,1,0,1,1,0,0,1,0,1,0,0,0,2,1,0,4,0,0,3,0,0,2,0,0,0,0,1,0,1,0,0,0,0,0,0,2,1,0,0,2,0,10,0,0,0,1,0,1,0,0,0,0,0,0,0,0,1,5,0,0,0,11,0,0,0,0,0,0,0,8,0,4,0,0,0,1,2,1,0,0,0,1,0,6,0,1,0,1,0,0,0,0,0,0,1,0,0,2,1,0,0,0,0,0,0,2,0,1,0,0,1,0,0,0,0,0,0,0,0,0,0,0,0,0,0,0,0,0,0,0,0,0,0,0,0,0,0,0,0,0,0,0,0,0,0,0,0,1,0,0,0,0,0,0,0,0,0,1,0,0,0
3066494500027100138,44,0,0,0,0,0,0,0,0,5,0,0,0,1,0,1,0,0,1,0,0,2,1,0,0,5,0,0,0,0,2,0,0,0,2,0,0,0,0,6,11,0,0,0,0,4,1,1,0,1,0,0,0,0,0,0,0,0,17,0,0,0,0,0,1,0,0,0,0,0,0,0,0,1,2,0,0,1,0,0,10,1,0,29,0,0,0,0,0,0,12,0,0,0,1,6,3,0,0,0,0,0,0,0,0,0,0,0,0,0,0,0,1,0,0,0,0,0,0,0,0,0,1,0,0,0,10,0,0,0,0,0,0,0,0,0,0,0,0,0,0,0,0,0,0,0,0,0,0,0,0,0,0,0,1,0,0,0,0,0,0,0,0,0,0,0,0,0,0,0,0,0,0,0,0,0,0,0,0,0
3066494500027100139,43,0,0,1,0,4,0,0,0,1,0,1,0,2,1,7,0,0,0,4,10,0,1,2,3,0,3,11,0,0,3,4,0,0,5,0,0,5,1,0,5,1,0,0,0,2,2,1,0,2,0,0,1,1,0,0,0,0,3,0,1,0,0,0,3,0,0,1,1,0,0,0,0,2,0,1,8,1,0,4,1,3,2,5,0,5,0,0,15,1,31,1,1,0,3,17,2,0,0,2,17,1,5,1,0,2,1,1,0,0,2,0,2,0,0,0,0,2,1,0,1,1,1,1,14,2,22,3,0,0,0,8,11,0,2,0,0,0,0,0,0,0,0,0,0,0,1,0,0,0,0,0,0,0,0,0,1,0,0,1,1,0,0,1,0,0,0,0,0,0,0,0,1,1,0,0,0,0,1,0
3066494500027100141,16,0,0,0,0,0,0,0,0,0,0,1,1,0,0,0,0,0,0,0,0,3,0,0,0,2,0,0,0,0,0,0,0,0,0,0,0,0,0,2,2,0,0,0,0,4,0,0,0,0,0,0,0,0,0,0,0,0,3,0,1,0,0,0,0,0,0,0,0,0,0,0,0,0,0,0,0,0,0,0,3,0,0,6,0,0,0,0,0,0,2,0,0,0,0,5,0,0,0,1,0,0,0,0,0,0,0,0,0,0,0,0,0,0,0,0,0,0,0,0,0,0,1,0,1,0,4,0,0,0,0,0,0,0,0,0,0,0,0,0,0,0,0,0,0,0,0,0,0,0,0,0,0,0,1,0,0,0,0,0,0,0,0,0,0,0,0,0,0,0,0,0,0,0,0,0,0,0,0,0
3066494500027100142,68,11,1,1,1,1,6,1,1,3,1,1,1,3,8,1,0,0,1,3,1,1,6,9,1,2,28,8,12,2,0,2,2,0,7,2,0,7,31,1,0,61,3,0,2,3,9,8,0,9,0,0,1,0,1,18,0,0,8,1,0,6,1,0,11,0,0,0,1,2,1,4,0,1,0,0,1,0,0,0,0,0,0,3,0,4,1,2,10,0,45,0,0,0,4,0,1,2,0,1,17,21,3,2,0,0,0,9,0,0,0,0,0,0,1,6,0,1,16,0,1,0,5,1,11,0,13,3,12,3,0,2,0,0,0,0,0,0,1,0,3,0,0,0,0,0,2,0,0,0,0,0,0,0,0,0,0,1,0,0,0,0,0,0,0,0,0,0,0,0,0,0,0,0,1,0,0,1,0,0
3066494500027100143,64,0,0,0,0,1,2,0,0,0,1,0,0,0,0,2,0,1,0,0,0,0,0,1,0,3,0,1,0,0,2,0,0,0,0,0,0,0,0,4,19,0,1,0,0,8,4,0,0,0,0,0,1,0,0,0,1,0,16,0,0,0,0,0,4,6,0,0,0,0,0,0,0,0,1,0,0,0,0,0,14,1,0,28,0,0,0,0,0,1,16,0,0,0,0,19,6,0,0,6,0,0,0,0,3,0,0,0,0,0,0,1,0,1,0,0,0,1,2,0,0,0,4,1,0,0,13,0,1,0,0,0,0,0,0,0,0,0,0,0,0,0,0,0,0,0,0,0,0,0,0,0,0,0,0,0,0,0,0,0,0,0,0,0,0,0,0,0,0,0,0,0,0,0,0,0,0,0,1,0
3066494500027100145,87,1,0,0,0,1,1,0,0,1,0,0,0,0,0,0,1,0,0,0,0,0,0,1,0,2,0,2,0,0,1,0,0,0,1,0,0,0,0,4,14,0,0,0,0,4,1,1,0,0,0,0,0,0,0,4,1,0,11,0,1,0,0,0,3,4,0,0,0,0,2,0,0,0,0,0,0,0,0,0,9,0,0,32,0,0,0,0,0,0,17,0,0,0,0,12,2,0,1,3,2,0,0,0,2,0,0,0,0,0,0,0,0,0,2,0,0,0,3,0,0,0,1,0,1,0,13,0,0,0,0,0,0,0,0,0,0,0,0,0,0,0,0,0,0,0,0,0,0,0,0,0,0,0,0,0,0,0,0,0,0,0,0,0,0,0,0,0,0,0,0,0,0,0,0,0,0,1,0,1
3066494500027100147,104,0,0,0,0,0,1,0,0,0,0,1,0,0,0,0,0,0,0,1,0,0,0,1,0,7,0,0,0,0,3,0,0,0,0,0,0,0,0,13,33,0,0,1,0,9,1,1,0,0,0,0,0,0,0,6,1,0,18,0,0,0,0,0,5,3,0,0,0,0,0,1,0,0,0,0,1,0,0,0,10,1,0,37,0,0,0,0,0,0,30,0,1,0,0,9,5,0,0,3,0,0,0,0,3,0,0,0,0,1,1,0,0,0,0,0,0,1,3,0,1,0,3,0,0,0,11,0,1,0,0,0,0,0,0,0,0,1,0,0,0,0,0,0,0,0,0,0,0,0,0,0,0,0,0,0,0,1,0,1,0,0,0,0,0,0,0,0,0,0,0,0,0,0,0,0,0,0,0,1
3066494500027100148,50,0,0,0,0,0,1,0,0,0,0,0,0,0,0,0,0,0,0,0,0,0,1,0,0,4,0,0,0,0,1,1,0,0,0,0,0,0,0,7,10,0,0,0,1,4,5,1,0,0,0,0,0,0,0,1,1,0,7,0,0,0,0,0,0,1,0,0,0,1,0,0,0,0,1,0,0,0,0,0,4,0,0,14,0,0,0,0,0,0,11,0,0,0,0,5,2,0,0,1,0,0,1,0,0,0,0,0,0,0,0,0,0,0,0,0,0,0,0,0,0,0,1,0,0,0,3,1,0,0,0,0,0,0,0,0,0,0,0,0,0,0,0,0,0,0,0,0,0,0,0,0,0,0,0,0,0,0,0,0,0,0,0,1,0,0,0,0,0,0,0,0,0,1,0,0,0,0,0,0
3066494500027100149,50,0,0,0,0,0,0,0,0,0,0,0,0,0,0,0,2,0,0,1,0,0,2,0,0,3,0,0,0,0,1,0,0,0,1,0,0,0,0,4,9,0,0,0,0,2,1,0,0,0,0,0,0,0,1,5,1,0,7,0,0,0,0,0,1,2,0,0,0,0,0,0,0,0,0,0,1,0,0,0,7,0,0,30,0,0,0,1,0,0,10,0,0,0,1,3,1,0,0,3,0,0,0,0,0,0,0,0,0,0,0,0,0,0,0,0,0,0,0,0,0,0,3,0,0,0,11,0,0,0,0,0,0,0,0,0,0,0,0,0,0,0,1,0,0,0,1,0,0,0,0,0,0,0,0,0,0,0,0,2,0,0,0,0,0,0,0,0,0,0,1,0,0,0,0,0,0,0,0,0
3066494500027100150,39,0,0,0,0,0,0,0,0,0,0,1,0,0,0,0,0,0,0,0,1,1,2,1,0,3,0,0,0,0,0,2,0,0,1,0,0,0,0,6,11,0,1,0,0,5,0,0,0,0,0,0,0,0,0,0,0,0,8,0,0,0,1,0,0,2,0,0,0,0,0,0,0,0,1,0,1,0,0,0,7,0,0,14,0,0,0,0,0,0,9,0,0,0,0,6,0,0,0,0,0,0,0,0,2,0,0,0,0,0,0,0,0,0,0,0,0,0,1,0,0,1,2,1,0,1,11,0,0,0,0,0,0,0,0,0,0,0,0,0,0,0,0,0,0,0,0,0,0,0,0,0,0,0,0,0,0,0,0,0,0,0,1,0,0,0,0,0,0,0,0,0,0,0,0,0,0,0,0,0
3066494500027100152,23,0,1,1,0,0,0,0,0,0,0,0,0,0,0,10,0,1,0,3,3,0,2,0,1,0,0,12,0,0,1,1,0,0,3,0,1,4,0,0,4,0,1,1,0,0,4,3,0,0,0,0,0,0,0,1,0,0,0,0,0,0,0,0,1,0,0,0,4,1,0,0,0,0,0,0,5,1,1,1,1,1,0,1,0,1,0,0,5,0,11,1,0,0,3,10,0,0,0,2,21,0,2,0,1,0,0,0,0,1,2,0,0,1,1,0,0,0,4,0,0,1,0,0,2,0,6,0,0,0,0,3,2,0,1,0,0,0,0,0,2,0,0,0,0,0,0,0,0,0,0,0,0,0,0,0,0,0,0,0,0,0,0,0,0,0,0,1,0,0,0,0,0,0,0,0,0,0,0,0
3066494500027100153,30,0,3,0,0,0,1,0,0,0,0,0,1,0,0,0,0,0,0,0,0,1,1,0,0,0,0,2,0,1,1,5,0,0,6,0,0,6,0,0,5,0,0,0,4,1,0,2,1,0,1,0,0,0,1,0,0,0,3,0,8,0,0,0,2,0,0,0,0,0,2,0,0,0,0,0,3,0,0,1,5,1,0,1,0,1,0,0,5,0,7,0,6,0,2,6,1,1,0,0,1,0,0,0,0,0,0,0,0,0,0,2,0,0,0,0,3,1,1,0,0,0,0,0,0,0,4,2,0,1,0,1,0,0,0,0,0,0,0,0,0,0,0,0,0,0,0,0,0,0,0,0,0,0,0,0,0,0,0,1,0,0,0,0,0,0,0,1,0,0,0,0,0,1,0,0,0,0,0,0
3066494500027100160,40,1,0,1,0,5,4,0,0,3,2,0,2,1,0,6,0,0,0,1,10,0,1,1,3,1,5,23,1,0,1,3,1,1,4,0,0,6,2,1,1,2,2,0,2,0,2,16,0,1,1,0,0,0,1,2,3,0,1,1,2,3,0,0,6,0,0,0,0,3,0,0,0,0,0,0,3,0,0,3,0,2,0,7,0,3,0,0,15,1,16,0,0,0,2,19,1,1,0,8,26,7,2,1,0,0,0,1,0,0,1,1,0,0,1,0,0,0,6,0,5,0,2,0,7,0,26,0,2,1,0,5,3,0,0,0,0,0,0,0,0,0,0,0,0,0,0,0,0,1,0,0,0,1,0,0,1,0,0,0,0,0,0,0,1,0,0,1,0,0,0,0,0,0,0,0,0,0,1,0
3066494500027100161,49,0,0,3,0,0,0,0,0,1,0,0,0,0,0,0,0,1,0,0,0,0,1,0,0,5,0,0,0,0,1,0,0,0,1,0,0,0,0,6,12,0,0,0,0,7,2,0,0,0,0,0,0,2,0,2,1,0,2,2,0,0,0,0,4,3,0,0,0,0,0,0,0,0,0,0,0,1,0,0,6,0,0,18,0,0,0,0,0,0,11,0,0,0,2,9,1,0,0,3,0,0,0,1,0,0,0,0,0,0,0,0,0,0,0,0,0,0,1,0,0,0,1,0,1,1,10,1,1,0,0,0,0,0,0,0,0,0,0,0,0,0,0,0,0,0,0,1,0,1,0,0,0,0,0,0,0,0,0,0,0,0,2,0,0,0,0,0,0,0,0,0,0,0,0,1,0,0,0,0
3066494500027100167,84,1,0,3,0,0,3,0,1,1,0,1,0,0,0,0,0,1,0,0,2,0,0,2,0,2,0,0,0,0,1,1,0,0,0,0,0,0,0,6,20,0,0,0,0,6,2,1,0,1,0,0,0,0,0,3,0,0,6,2,0,0,0,0,4,4,0,0,0,0,0,0,0,0,1,0,0,1,0,0,20,0,0,20,0,0,0,0,1,0,13,1,1,0,0,8,2,0,0,7,0,0,0,0,1,1,0,0,0,0,0,1,1,1,1,0,0,0,0,0,0,0,2,0,0,0,12,0,1,0,0,0,0,0,0,0,0,0,0,0,0,0,0,0,0,0,0,0,0,0,0,1,0,0,0,0,0,0,0,0,0,0,0,0,0,0,0,0,0,0,0,0,0,0,0,0,0,0,0,0
3066494500027100168,69,1,0,0,0,0,0,0,0,4,1,0,0,0,0,0,0,1,1,0,0,2,0,0,0,0,0,2,0,0,0,1,0,0,0,0,0,0,0,0,8,0,1,2,1,2,1,1,0,0,0,0,1,0,0,6,0,0,6,0,1,0,0,0,8,1,0,1,0,0,0,0,0,0,0,0,2,0,0,0,6,0,0,11,0,0,0,0,0,0,20,0,0,0,0,3,0,1,0,4,2,0,0,0,0,0,0,0,1,0,0,0,0,1,0,0,1,0,2,0,0,0,0,1,2,0,1,0,1,0,0,0,0,0,0,0,0,0,1,0,1,0,0,0,0,0,0,0,0,0,1,0,0,0,0,0,0,0,0,0,0,0,0,0,0,0,0,0,0,0,0,0,0,0,0,0,0,0,0,0
3066494500027100169,61,0,0,0,0,1,1,0,0,0,1,0,1,0,0,0,0,0,0,0,0,1,1,0,0,7,0,0,0,0,0,0,0,0,0,0,0,0,0,7,17,0,0,0,0,6,1,0,0,0,0,0,0,0,0,1,0,0,9,0,0,0,0,0,2,2,0,0,0,0,0,0,0,0,0,0,0,0,0,0,9,0,0,17,0,0,1,0,0,0,16,0,2,0,1,9,2,0,0,1,0,0,0,1,1,0,0,0,0,0,0,0,0,0,0,0,0,1,0,0,0,0,6,0,2,0,10,0,0,0,0,0,0,0,0,0,0,0,0,0,0,0,0,0,0,0,1,0,0,0,0,0,0,0,1,0,0,0,1,0,0,0,0,0,0,0,0,0,0,0,0,0,0,1,0,0,0,0,0,0
3066494500027100171,99,0,0,4,0,0,2,0,0,0,0,0,0,0,0,0,0,1,0,0,1,0,0,1,0,3,0,0,0,0,1,0,0,1,0,0,0,0,1,4,18,0,0,1,0,9,3,1,0,0,0,0,0,1,0,1,0,0,7,0,0,0,0,0,2,5,0,0,0,0,0,0,0,0,0,0,1,2,0,0,13,0,0,27,0,0,0,0,0,0,18,0,0,0,2,16,2,0,0,1,0,0,1,1,0,0,0,0,0,0,0,1,1,0,1,0,1,0,0,0,0,0,3,0,0,0,17,1,0,0,0,0,1,1,0,0,0,0,0,0,2,0,0,0,0,0,0,0,0,0,1,0,0,0,1,0,0,0,0,1,0,0,1,0,0,0,0,0,0,0,0,0,0,0,0,0,0,0,0,0
3066494500027100174,15,0,0,0,0,0,1,1,0,0,0,0,0,0,0,1,0,0,0,1,1,1,0,0,0,0,0,0,0,0,0,2,1,0,0,1,0,1,0,0,1,0,0,0,2,0,0,3,1,0,0,0,0,0,0,0,0,0,0,0,3,1,0,0,0,0,0,0,0,0,0,0,0,0,0,0,2,0,0,0,4,0,0,1,0,0,0,0,7,0,3,0,0,0,2,0,1,0,0,0,1,0,1,0,0,1,0,0,0,0,0,0,0,0,0,0,0,1,0,0,0,3,0,0,3,0,4,0,0,2,0,0,0,0,0,0,0,0,0,0,0,0,0,0,0,0,0,0,0,1,0,0,0,0,0,0,0,0,0,0,0,0,0,0,0,0,0,0,0,0,0,1,0,0,0,0,0,0,0,0
3066494500027100178,17,1,0,1,0,0,0,0,0,0,0,0,0,0,0,0,0,0,0,0,0,0,0,0,0,1,0,0,0,0,0,0,0,0,2,0,0,0,0,3,1,0,0,0,1,1,0,1,0,0,0,0,0,0,0,0,0,0,0,0,0,0,0,0,0,0,0,0,0,0,0,0,0,0,0,0,2,0,0,0,2,0,0,2,0,0,0,0,0,0,2,0,0,0,1,2,0,0,0,0,2,0,1,0,0,1,1,0,0,0,0,0,0,0,0,0,0,0,0,0,0,0,1,0,0,0,1,0,0,0,0,0,0,0,0,0,0,0,0,0,0,0,0,0,0,0,0,0,0,0,0,0,0,0,0,0,0,0,0,0,0,0,0,0,0,0,0,0,0,0,0,0,0,0,0,0,0,0,0,0
3066494500027100179,31,0,0,0,0,0,1,0,0,3,0,0,0,0,1,0,1,0,0,0,0,0,1,1,0,2,0,0,0,0,2,0,0,0,1,0,0,0,1,1,8,0,0,1,0,7,2,0,0,0,0,0,0,0,0,1,0,0,1,0,1,0,0,0,1,2,0,2,0,0,0,0,0,0,1,0,0,0,0,1,3,0,0,7,0,0,0,0,0,0,7,0,1,0,1,0,0,0,0,2,0,0,0,0,0,0,0,0,0,0,0,0,0,0,0,0,0,0,0,0,0,1,2,0,1,0,0,0,0,0,0,0,0,0,0,0,0,0,0,0,0,0,0,0,0,0,0,0,0,0,0,0,0,0,0,0,0,1,0,0,0,0,0,0,0,0,0,0,0,0,0,0,0,0,0,0,0,0,0,0
3066494500027100181,32,1,0,0,0,0,5,0,0,0,0,0,0,0,0,0,0,0,0,1,0,0,0,0,0,3,0,0,0,0,1,1,0,1,0,0,0,0,0,1,11,0,0,0,0,5,1,0,0,0,0,0,0,1,0,3,1,0,15,0,0,0,0,1,1,0,0,0,0,0,0,0,0,0,0,0,0,1,0,0,9,0,1,14,1,0,0,0,0,0,6,0,0,0,0,6,1,0,0,5,0,0,0,0,0,0,0,1,0,1,0,0,0,0,0,0,0,0,1,0,1,0,3,1,3,0,4,0,0,0,0,0,0,0,0,0,0,0,0,0,0,0,0,0,0,0,0,0,0,0,1,0,0,0,0,0,0,0,0,0,0,0,0,0,0,0,0,0,0,0,0,0,0,0,0,0,0,1,1,0
3066494500027100182,53,0,0,0,0,0,2,0,0,0,0,0,1,0,0,0,0,0,0,0,0,2,0,0,0,2,0,0,1,0,1,0,0,0,0,0,1,0,0,2,8,0,0,1,0,6,0,0,1,0,0,0,0,0,0,2,0,1,9,0,2,0,0,0,1,2,0,0,0,0,0,0,0,0,1,1,0,2,0,0,5,0,0,36,0,0,0,0,0,0,14,0,1,0,0,18,3,0,0,6,0,0,0,0,1,0,0,1,0,1,0,0,2,0,0,1,0,0,1,0,0,0,5,0,1,0,16,0,0,0,0,0,0,0,0,0,0,0,0,0,0,0,0,0,0,0,0,0,0,0,0,0,0,0,1,0,0,0,0,0,0,0,0,0,0,0,0,0,0,0,0,0,0,0,0,0,0,0,0,0
3066494500027100183,37,0,0,1,0,0,0,0,0,0,0,0,0,1,0,0,0,0,0,0,0,0,0,1,0,1,0,0,1,0,0,0,0,2,0,0,0,1,0,7,7,0,0,0,0,3,1,0,0,0,0,0,0,0,0,0,0,0,2,0,2,0,0,0,1,1,0,0,0,0,1,0,0,0,0,0,0,0,0,0,5,0,0,24,0,0,1,0,0,0,4,0,1,0,0,3,0,0,0,0,0,1,1,0,2,0,0,0,0,0,0,0,0,0,0,0,0,0,0,0,0,1,0,0,0,0,5,0,0,0,0,0,0,0,0,0,0,0,0,0,0,0,0,0,0,0,0,1,0,0,0,0,0,0,0,0,0,0,0,0,0,0,1,0,0,0,0,0,0,0,0,0,0,0,0,0,0,0,0,0
3066494500027100185,26,0,0,0,0,0,1,0,0,0,0,1,0,0,0,0,0,0,0,0,0,0,2,0,0,0,0,0,0,0,0,0,0,0,0,0,0,1,0,1,14,0,0,0,0,3,0,0,0,0,0,0,0,0,0,1,1,1,3,0,0,0,0,0,0,0,0,0,0,0,0,0,0,0,0,0,0,0,0,0,1,1,0,9,0,1,0,0,0,0,7,0,1,0,0,2,1,0,0,2,0,0,1,0,0,0,0,0,0,0,0,0,0,0,0,0,0,0,0,0,0,0,1,0,1,0,10,0,0,0,0,0,0,0,0,0,0,0,0,0,0,0,0,0,0,0,0,0,0,0,1,0,0,0,0,0,0,0,0,0,0,0,0,0,0,0,0,0,0,0,0,0,0,0,0,0,0,0,0,0
3066494500027100186,87,0,0,0,0,0,3,0,0,0,0,1,0,0,0,0,0,0,0,0,0,1,2,0,0,4,0,0,0,0,1,0,0,0,2,0,0,1,1,4,17,0,0,0,0,3,2,1,0,0,0,0,0,0,1,3,0,0,7,0,0,0,0,0,2,3,0,0,0,0,0,0,0,0,1,0,1,1,0,0,10,0,0,21,0,0,1,0,0,0,15,0,2,0,0,6,3,0,0,4,0,0,0,1,1,0,0,0,0,0,1,0,0,0,0,0,0,0,1,0,0,1,3,0,0,0,8,1,0,0,0,0,0,0,0,0,0,0,0,0,2,0,1,1,0,0,0,0,0,0,0,0,0,0,0,0,0,0,1,0,0,0,0,1,0,0,0,0,0,0,0,0,0,1,0,0,0,0,0,0
3066494500027100188,80,0,0,2,0,0,0,0,0,7,0,0,0,0,1,0,0,0,0,0,0,0,1,1,0,5,0,0,0,0,1,1,0,0,0,0,1,0,1,5,18,0,0,1,1,6,3,1,0,0,0,0,0,0,0,3,1,0,4,0,1,0,0,0,1,9,0,0,0,0,0,0,0,0,0,0,0,0,1,0,9,0,0,16,0,0,0,0,0,0,30,0,0,0,1,2,0,0,0,5,0,0,1,0,2,0,0,1,0,0,0,0,3,0,1,0,0,1,2,0,0,0,4,1,0,0,4,0,0,0,0,0,0,0,0,0,2,1,0,0,0,1,0,0,0,0,0,0,0,1,0,0,0,0,0,0,1,0,0,0,0,0,0,0,0,0,0,0,0,1,0,0,0,0,0,0,1,0,0,0
3066494500027100189,45,0,2,3,0,0,2,0,0,0,0,0,0,0,0,1,0,0,0,0,0,0,1,0,0,1,0,0,0,0,0,1,0,0,1,0,0,0,0,4,14,0,0,0,0,0,3,0,0,0,0,0,0,2,0,4,0,0,13,1,0,0,0,0,1,2,0,0,0,1,0,1,0,0,1,1,0,0,0,0,5,0,0,26,0,0,0,1,0,0,19,0,2,0,0,4,3,0,0,2,0,0,0,0,0,0,0,0,0,0,0,2,1,0,1,0,2,1,0,0,2,0,6,1,0,0,19,0,1,1,0,1,0,0,0,0,0,0,1,0,0,0,0,0,0,0,0,0,0,0,0,0,1,0,0,0,0,0,0,0,0,0,1,0,0,0,0,0,0,0,0,0,0,0,0,1,0,0,0,0
3066494500027100190,21,0,0,0,0,0,1,0,0,0,0,1,0,0,0,0,0,0,0,0,0,0,0,0,0,1,0,1,0,0,0,0,0,0,0,0,0,2,0,1,0,0,0,0,0,4,1,4,0,0,0,0,0,0,0,0,0,0,6,0,3,0,0,0,1,0,2,0,0,0,2,0,0,0,0,0,1,0,1,0,8,0,0,16,0,0,1,0,0,0,9,0,0,0,2,5,1,0,0,1,2,0,3,1,0,0,0,0,0,0,0,0,0,2,0,0,2,0,0,0,1,0,1,1,0,0,7,0,0,0,0,0,0,0,0,0,0,0,0,0,0,0,0,0,0,1,0,0,0,0,0,0,0,0,0,0,0,0,0,0,1,0,1,0,0,0,0,0,0,0,0,0,0,0,0,0,0,0,0,0
3066494500027100192,56,0,0,0,0,0,1,0,0,2,0,0,0,0,0,0,0,2,0,0,0,0,0,0,0,6,0,0,0,0,5,0,0,0,0,0,0,0,1,7,9,0,1,0,0,10,4,0,0,0,0,0,0,0,0,2,0,0,9,0,0,0,0,0,3,6,0,0,0,0,0,0,0,0,1,0,0,3,0,0,13,0,0,20,0,0,0,0,0,0,16,0,1,0,1,7,1,0,0,1,1,0,0,0,1,0,0,0,0,0,0,0,0,0,1,0,0,1,2,0,1,0,3,0,0,0,13,0,0,0,0,0,0,0,1,0,0,0,0,0,0,0,0,0,0,0,0,0,0,0,0,0,0,0,0,0,0,0,0,0,0,0,0,0,0,0,0,0,0,0,0,0,0,0,0,0,0,0,0,0
3066494500027100193,13,0,0,0,0,0,0,0,0,1,0,0,0,0,0,6,0,0,0,2,3,0,0,0,0,0,0,7,0,0,1,0,0,0,0,0,0,0,0,0,1,0,0,0,0,0,0,4,0,0,0,0,0,0,0,0,0,0,0,0,0,0,0,0,0,0,0,0,1,0,0,0,0,1,0,0,3,0,0,1,0,0,0,4,0,0,0,0,0,0,2,0,5,0,0,0,1,0,0,0,2,0,0,0,0,0,0,0,0,0,0,0,0,0,0,0,0,1,0,0,0,1,1,0,1,0,0,0,0,0,0,0,2,1,0,0,0,0,0,0,0,0,0,0,0,0,0,0,0,1,0,0,0,0,0,0,0,0,0,0,1,0,0,1,0,0,0,0,0,0,0,0,0,0,0,0,0,0,0,1
3066494500027100197,13,0,3,0,0,0,0,0,0,0,0,0,0,0,0,1,0,0,0,0,0,1,0,0,0,0,0,1,0,1,0,0,0,0,4,0,0,4,0,0,0,0,0,0,0,1,0,1,0,0,0,0,0,0,0,0,0,0,0,0,7,0,0,0,1,0,0,0,0,0,0,1,0,0,0,0,1,0,1,0,5,0,0,0,0,0,0,0,4,0,4,0,0,0,3,0,1,1,0,0,1,0,7,0,0,0,0,1,0,0,0,0,0,0,0,0,1,0,0,0,0,1,0,0,1,0,4,0,0,1,0,1,0,0,0,0,0,0,0,0,0,0,0,0,0,0,0,0,0,0,0,0,0,0,0,0,0,0,0,0,0,0,0,0,0,0,0,0,0,0,0,0,0,0,0,0,0,0,0,0
3066494500027100198,18,0,2,0,0,0,0,0,0,3,0,0,0,0,0,0,0,2,0,0,0,0,2,0,0,0,0,2,1,1,0,2,0,0,7,0,0,0,0,1,1,0,0,0,0,0,1,3,0,0,1,0,0,0,0,0,1,0,1,0,0,0,2,0,1,0,0,0,0,0,0,0,0,0,0,0,2,0,0,0,3,2,0,2,0,0,0,1,1,1,11,0,0,0,1,0,0,2,1,6,6,0,5,0,0,0,0,2,0,0,0,0,0,4,0,0,3,0,0,0,1,4,0,1,1,0,1,3,0,4,0,1,0,0,0,0,0,0,0,0,0,0,0,1,0,0,0,0,0,0,0,0,0,0,0,0,0,0,0,0,0,0,0,0,0,0,0,0,0,0,0,0,0,0,0,0,0,0,0,0
3066494500027100199,73,0,0,0,0,0,1,0,0,8,0,0,0,0,0,0,0,0,0,0,0,0,0,1,0,3,0,1,1,0,0,1,0,0,0,0,0,0,0,0,9,0,0,3,0,6,3,0,0,0,0,0,0,0,0,5,0,0,1,1,0,0,0,0,3,9,0,0,0,0,0,0,0,0,0,0,0,0,0,0,6,0,1,14,0,0,0,1,0,0,11,0,0,0,0,0,0,0,0,4,1,0,0,0,0,0,0,0,0,0,0,0,0,0,0,0,0,2,0,0,0,1,3,0,1,0,2,0,0,0,0,0,0,0,0,0,0,0,0,0,1,0,0,1,0,0,0,0,0,0,0,0,0,0,0,0,0,0,0,0,0,0,0,0,0,0,0,0,0,0,0,0,0,0,0,0,0,0,0,0
3066494500027100201,35,0,0,0,0,0,0,0,0,0,0,0,0,0,0,1,0,0,0,0,0,0,2,0,0,1,0,0,0,0,0,0,0,0,0,0,0,0,0,0,4,0,0,0,0,1,1,0,0,0,0,0,0,0,0,1,0,0,1,0,1,0,0,0,2,1,0,0,0,0,0,1,0,0,0,0,0,0,1,0,5,1,0,18,0,0,0,0,0,0,3,0,2,0,0,2,0,0,0,3,0,0,1,0,0,0,0,0,0,0,0,0,0,0,1,0,0,2,1,0,1,0,0,0,0,0,2,0,0,0,0,0,0,0,0,0,0,0,0,0,1,0,0,0,0,0,0,0,0,0,0,0,0,0,0,0,0,0,0,1,0,0,0,0,0,0,0,0,0,0,0,0,0,1,0,0,0,0,0,0
3066494500027100202,23,0,0,0,0,0,1,0,0,0,0,0,0,0,0,0,0,0,0,0,0,2,5,1,0,0,1,4,0,0,1,0,1,0,8,0,0,0,0,0,1,0,0,0,1,0,0,3,0,0,0,0,0,0,0,0,0,0,1,0,0,0,0,0,3,2,0,0,0,0,0,0,0,0,0,0,1,0,0,0,2,0,0,0,0,0,1,0,0,0,9,0,0,0,3,5,1,0,1,0,3,0,5,0,0,0,0,1,0,0,0,0,0,0,0,0,1,0,0,0,1,0,0,0,1,0,0,2,0,0,0,0,0,0,0,0,0,0,0,0,1,0,0,0,0,0,0,0,0,0,0,0,0,0,0,0,0,0,0,0,0,0,0,0,0,0,0,0,0,0,0,0,0,0,0,1,0,0,0,0
3066494500027100204,27,0,0,0,0,0,4,0,0,0,0,0,0,0,0,0,0,0,0,0,0,0,1,1,1,0,0,1,0,0,0,0,1,0,4,0,0,1,0,2,3,0,0,1,0,2,6,2,0,0,0,0,0,0,0,0,1,0,2,0,1,1,0,0,1,0,0,1,0,0,1,0,0,0,0,0,2,1,0,0,0,0,0,0,0,1,0,1,2,1,3,0,1,0,0,6,0,0,0,0,3,1,3,0,1,1,0,6,0,0,0,0,0,0,0,0,1,0,0,0,0,5,0,0,0,0,1,1,0,1,0,0,0,0,1,0,0,0,0,0,0,0,0,0,0,0,0,0,0,0,0,0,0,0,0,0,0,0,0,0,0,0,0,1,0,0,1,0,0,0,0,0,0,0,0,0,0,0,0,0
3066494500027100206,37,0,0,0,0,0,0,0,0,6,0,0,0,0,0,0,0,0,0,0,0,0,0,0,0,3,0,0,0,0,0,0,0,0,1,0,0,0,0,2,10,0,0,0,0,0,1,0,0,0,0,0,0,0,0,1,0,0,0,0,1,0,0,0,4,5,0,0,0,0,0,0,0,0,0,0,1,0,0,0,0,0,0,9,0,0,0,0,0,0,8,0,0,0,0,0,0,0,0,2,2,0,0,0,0,0,0,0,0,0,0,0,0,1,0,0,0,0,0,0,0,0,2,0,0,0,3,0,0,0,0,0,0,0,0,0,0,0,0,0,0,0,0,0,0,0,0,0,0,0,0,0,0,0,0,0,0,0,0,0,0,0,0,0,0,0,0,0,0,0,0,0,0,1,0,0,0,0,0,0
3066494500027100212,32,0,0,0,0,1,0,0,0,7,1,0,0,0,0,0,1,0,0,0,0,0,0,0,0,0,0,3,0,0,0,1,0,0,1,0,0,0,0,1,5,0,0,0,0,3,1,1,0,0,0,0,0,0,0,5,0,0,3,0,0,0,0,0,2,2,0,0,0,0,0,0,0,0,0,0,0,0,0,0,2,0,0,5,0,0,0,0,0,0,16,0,0,0,2,4,1,0,0,2,4,0,0,0,0,0,0,0,0,0,0,1,0,0,0,0,0,0,2,0,0,0,0,1,1,0,0,0,0,0,1,0,1,0,0,0,0,0,0,0,0,0,0,0,0,0,0,0,0,0,0,0,0,0,0,0,0,0,0,0,0,0,0,0,0,0,0,0,0,0,0,0,0,0,0,0,0,0,0,0
3066494500027100216,35,0,0,1,0,0,0,0,0,10,0,0,0,0,0,0,0,0,1,0,0,0,0,0,0,3,0,0,0,0,1,0,0,0,1,0,0,0,0,1,2,0,0,0,1,2,1,1,0,0,0,0,0,0,0,4,0,0,1,0,1,0,0,0,5,2,0,0,0,0,1,0,0,0,0,0,0,0,0,0,1,0,0,17,0,0,0,0,1,0,15,0,0,0,0,0,0,0,0,6,1,0,1,0,0,0,0,0,0,0,0,0,1,0,0,0,0,0,0,0,0,0,6,1,0,0,2,0,2,0,0,0,0,0,0,0,0,0,0,0,0,0,0,0,0,0,1,0,0,0,0,0,0,0,0,0,0,0,0,0,0,0,0,0,0,0,0,0,0,0,0,0,0,0,0,0,0,0,0,1
3066494500027200066,7,0,0,0,0,0,0,0,0,0,0,0,1,0,0,1,0,0,1,3,3,1,0,3,2,0,0,17,0,0,0,0,1,0,0,0,0,1,0,0,0,1,0,0,0,2,2,0,0,1,0,0,0,0,0,0,1,0,1,0,0,0,0,0,1,0,0,0,0,0,0,0,0,0,0,0,3,0,0,0,0,0,0,0,0,0,0,0,0,1,13,0,0,0,0,2,1,0,0,0,15,0,0,0,1,0,0,0,0,0,0,0,0,0,0,0,0,3,0,0,0,0,0,0,1,0,0,0,0,0,1,0,0,0,0,0,0,0,0,0,0,0,0,0,0,0,0,0,0,0,0,0,0,0,0,0,0,0,0,0,0,0,0,0,0,0,0,0,0,0,0,0,0,0,0,0,0,0,0,0
3066494500027200072,28,0,0,0,0,0,0,0,0,0,0,0,0,0,0,0,0,0,0,0,1,0,0,0,0,0,0,0,0,0,2,1,0,0,0,0,0,1,0,7,3,1,0,0,0,4,0,1,0,0,0,0,0,0,0,0,0,0,0,0,0,0,0,0,0,0,0,0,0,0,0,0,0,0,0,0,0,0,0,0,8,0,0,13,0,0,0,0,1,0,11,0,0,0,1,1,0,0,0,1,0,0,0,0,0,0,0,0,0,0,0,0,0,0,0,0,0,0,1,0,0,0,2,0,0,0,8,0,0,0,0,0,0,0,0,0,0,0,0,0,0,0,0,0,0,0,0,0,0,0,0,0,0,0,0,0,0,0,0,0,0,0,0,0,0,0,0,0,0,0,0,0,0,0,0,0,0,0,0,0
3066494500027200074,145,0,0,2,0,0,8,0,0,1,1,0,0,0,0,0,2,2,0,1,1,15,6,2,0,7,0,1,0,1,4,1,0,0,0,0,0,4,1,17,5,1,1,0,4,12,2,0,0,2,0,0,1,0,0,0,1,0,6,0,0,0,0,0,7,3,0,0,0,0,2,0,0,0,1,0,6,0,0,0,7,0,1,33,0,0,0,1,0,2,49,0,0,0,3,11,5,0,0,0,4,2,0,1,2,0,1,3,0,0,0,1,0,0,2,0,0,2,0,0,0,0,0,3,6,1,2,0,1,0,0,0,0,0,0,0,0,1,0,0,1,0,0,0,0,0,0,0,0,0,1,0,0,0,1,0,0,0,0,0,0,0,0,1,0,0,0,1,0,0,0,0,0,0,0,0,0,0,1,0
3066494500027200076,46,0,0,1,0,0,2,0,0,1,0,0,0,0,0,0,0,1,0,0,0,5,1,0,0,2,0,0,0,0,0,0,0,0,1,0,0,5,0,11,4,0,0,0,0,10,0,0,0,0,0,0,0,0,0,0,0,0,6,0,0,0,0,0,2,0,0,0,0,0,0,0,0,0,0,0,0,1,1,0,6,0,0,13,0,0,0,0,0,0,14,0,0,0,0,5,2,0,0,1,0,0,0,0,0,0,0,0,0,0,0,0,0,0,0,0,0,1,0,0,0,0,2,1,0,0,12,0,0,0,0,0,0,0,0,0,0,0,1,0,0,0,0,0,0,0,0,0,0,0,0,0,0,0,0,0,0,0,0,0,0,0,1,0,0,0,0,0,0,0,0,0,0,0,0,0,0,0,0,0
3066494500027200081,40,1,1,0,0,0,3,0,0,1,0,0,0,0,0,0,0,1,0,0,0,2,0,0,0,1,0,0,0,0,0,0,0,0,4,0,0,3,0,2,5,0,0,0,2,3,4,12,0,1,0,0,0,0,1,0,0,0,3,0,7,0,0,0,2,0,0,0,0,0,0,0,0,0,0,0,4,0,0,1,12,0,0,2,0,0,0,0,3,0,11,0,0,0,4,4,2,0,1,0,0,0,5,0,0,0,1,5,0,0,0,0,0,1,0,0,1,0,1,0,0,2,1,0,0,0,4,2,1,0,0,0,0,0,0,0,0,0,0,0,0,0,0,0,0,0,0,0,0,0,0,0,0,0,1,0,0,0,0,0,0,0,0,0,0,0,0,0,0,0,0,0,0,0,0,0,0,0,0,0
3066494500027200083,53,1,0,0,0,0,1,1,0,0,0,0,0,0,0,0,0,0,0,0,0,1,1,0,0,4,0,0,0,0,1,0,0,0,2,0,0,2,0,13,7,0,0,0,0,7,2,0,0,1,0,0,0,0,0,0,0,0,16,0,4,0,0,0,0,1,0,0,0,0,0,1,0,0,2,1,0,0,1,0,6,0,1,27,0,0,0,0,0,0,12,0,0,0,4,9,0,0,0,1,0,0,0,0,0,0,0,0,0,0,0,0,0,0,0,0,0,2,1,0,0,0,2,1,2,0,14,0,2,0,0,0,0,0,0,0,0,0,0,0,0,0,0,0,0,0,0,0,0,0,0,0,0,0,0,0,0,0,0,0,0,0,0,0,0,0,0,0,0,0,0,0,0,1,0,0,0,0,0,2
3066494500027200084,19,0,0,0,0,0,0,0,0,0,1,0,0,0,0,0,0,1,0,0,1,0,3,0,0,4,0,1,0,0,1,0,0,0,0,0,0,1,0,0,0,0,0,0,0,2,0,0,0,0,0,0,0,0,0,0,0,0,2,0,1,0,0,0,1,0,0,0,0,0,0,0,0,0,0,0,0,0,0,2,1,0,0,10,0,0,0,0,1,0,6,0,0,0,0,0,0,0,0,0,0,0,0,0,0,0,0,0,0,0,0,0,0,0,0,0,0,0,0,0,0,0,0,0,1,0,0,0,0,0,0,0,0,0,0,0,0,0,0,0,0,0,0,0,0,0,0,0,0,0,0,0,0,0,1,0,0,0,0,0,0,0,0,1,0,0,0,0,0,0,0,0,0,0,0,0,0,0,0,0
3066494500027200093,147,2,1,1,0,0,6,0,0,1,0,0,0,0,0,0,0,2,0,1,0,7,3,2,0,5,0,3,1,0,1,0,0,1,4,0,0,2,0,32,20,1,0,0,0,18,2,0,0,0,0,0,0,0,0,0,2,2,12,1,2,0,0,0,9,3,0,0,0,1,1,0,0,0,2,1,1,0,0,0,21,0,0,28,0,0,0,0,0,0,26,0,0,0,1,19,2,0,0,1,0,0,0,0,1,0,0,0,0,1,1,0,1,0,1,0,0,3,1,0,1,0,2,0,1,0,18,0,0,0,0,0,0,0,2,1,0,0,0,0,0,0,0,0,0,0,0,0,0,0,1,0,1,0,2,0,0,1,0,0,0,0,0,0,0,0,0,0,0,1,0,0,0,0,1,0,0,0,0,0
3066494500027200103,16,1,1,0,0,0,0,0,0,0,0,0,0,0,0,0,0,1,0,2,1,0,0,0,0,0,2,0,0,1,0,0,0,0,3,1,0,0,1,0,1,3,1,0,0,0,1,2,0,0,0,0,0,0,0,0,1,0,0,1,0,0,0,0,4,0,0,0,0,0,1,0,0,0,0,0,0,0,0,1,0,0,0,1,0,0,1,0,3,0,9,0,0,0,2,3,4,0,0,0,1,0,1,0,0,0,0,0,0,0,0,0,0,0,0,0,0,1,1,0,2,0,0,0,0,0,5,0,0,0,0,0,1,0,0,0,0,0,0,0,0,0,0,0,0,0,0,0,0,0,0,0,0,0,0,0,0,0,0,0,0,0,0,0,0,0,0,0,0,0,0,0,0,0,0,0,0,0,0,0
3066494500027200114,53,0,0,1,1,0,5,0,1,0,0,0,1,0,0,1,4,0,0,10,4,2,9,0,3,8,1,67,0,1,2,0,0,0,0,0,1,0,0,7,5,2,0,0,1,6,8,0,0,0,0,0,0,1,0,0,0,0,4,0,0,0,0,0,4,0,0,0,0,1,0,0,0,0,0,0,0,1,0,0,3,0,0,25,0,0,0,0,0,0,57,0,0,0,0,2,3,1,0,0,27,0,0,0,1,0,0,0,0,1,0,1,0,0,2,0,0,2,3,0,0,1,2,1,2,0,1,0,0,3,0,0,0,0,0,0,0,0,0,0,0,0,0,0,0,0,0,0,0,0,0,0,0,1,0,1,0,0,0,0,3,0,0,2,0,0,1,0,0,0,0,0,0,1,2,0,0,0,0,0
3066494500027200116,162,1,0,2,0,0,0,0,0,5,1,0,0,0,0,0,0,0,0,2,0,0,3,1,0,3,0,2,0,0,2,0,0,0,2,0,1,0,2,25,29,0,0,0,1,17,1,0,0,0,0,0,0,1,0,1,2,0,41,1,4,0,0,0,9,7,0,0,0,0,1,0,0,0,2,0,0,0,0,0,5,0,0,31,0,0,0,1,0,0,34,0,2,0,1,13,4,0,0,0,0,0,0,0,2,0,0,0,0,0,0,1,0,0,2,0,0,2,2,0,1,0,1,2,1,0,21,0,0,0,0,0,0,0,0,0,0,0,0,1,1,0,0,0,0,0,0,0,0,0,0,0,0,0,0,0,0,0,0,0,0,0,0,0,0,0,0,0,0,0,0,0,0,0,0,0,0,0,0,0
3066494500027200119,68,0,0,2,0,0,1,0,0,1,1,0,1,0,0,0,0,0,0,1,0,1,0,0,0,5,0,0,0,0,0,3,1,0,0,0,0,0,0,9,14,1,0,0,1,14,0,0,0,0,0,0,0,0,1,7,0,0,13,0,0,0,0,0,2,1,0,0,0,0,0,0,0,0,0,0,0,1,0,0,10,0,0,28,0,0,0,0,1,0,15,0,1,0,0,6,2,0,0,1,0,0,0,0,0,0,0,0,0,0,0,0,0,0,1,0,0,2,3,0,1,0,4,1,1,0,19,0,0,0,0,1,0,0,0,0,0,0,0,0,0,0,0,1,0,0,0,0,0,1,0,0,0,0,0,0,0,0,0,0,0,0,0,0,0,0,0,0,0,0,0,0,0,0,0,0,0,0,1,0
3066494500027200120,23,0,0,1,0,0,0,0,0,1,0,0,0,0,0,0,0,0,0,0,1,1,0,0,0,4,0,0,0,0,0,0,0,0,0,0,0,1,0,4,3,0,0,0,0,3,1,0,0,0,0,0,0,0,0,0,1,0,2,1,0,0,0,0,1,0,0,0,0,0,0,0,0,0,0,0,0,0,0,0,4,0,0,7,0,0,0,0,0,0,3,0,0,0,0,4,0,0,0,0,0,0,0,0,0,1,0,0,0,0,0,0,0,0,1,0,0,0,0,0,0,0,1,0,1,0,0,0,1,0,0,0,0,0,0,0,0,0,0,0,0,0,0,0,0,0,0,0,0,0,0,0,0,0,0,0,0,0,0,0,0,0,0,0,0,0,0,0,0,0,0,0,0,0,0,0,0,0,0,0
3066494500027200127,67,0,0,1,0,0,2,1,0,0,0,1,0,0,0,0,0,0,0,0,0,2,0,0,0,6,0,1,0,0,1,0,0,0,0,0,0,1,0,12,14,0,0,0,0,11,3,0,0,1,0,0,0,0,0,1,0,0,13,0,2,0,0,0,2,1,0,0,0,0,0,0,0,0,3,0,0,0,0,0,6,0,0,23,0,0,0,1,0,0,10,0,0,0,0,2,0,0,0,0,1,0,0,0,1,0,0,1,0,1,0,0,0,0,0,0,0,0,1,0,0,0,2,0,4,0,9,0,0,0,0,0,0,0,0,0,1,0,0,0,0,0,0,0,0,0,0,0,0,0,0,0,0,0,0,0,0,0,0,0,0,0,0,1,0,0,0,0,0,0,0,0,0,1,0,0,0,0,0,0
3066494500027200135,42,0,0,0,0,0,0,0,0,1,0,0,0,0,0,0,1,0,0,0,0,1,0,0,0,4,0,1,1,0,1,0,0,0,0,0,0,0,0,7,3,0,0,0,0,10,1,0,0,0,0,0,0,0,1,3,2,0,12,0,0,0,0,0,0,1,0,0,0,0,0,0,0,0,0,0,0,2,0,0,19,0,0,27,0,0,0,0,0,0,12,0,0,0,1,2,1,0,0,1,1,0,0,0,0,0,0,0,0,0,1,0,0,1,0,0,0,0,0,0,1,0,6,1,1,0,8,0,0,0,0,0,0,0,0,0,0,0,1,0,1,0,0,0,0,0,0,0,0,0,0,0,0,0,0,0,0,0,0,0,0,0,0,0,0,0,0,0,0,0,0,0,0,0,0,0,0,0,0,0
3066494500027200143,26,1,0,0,0,0,0,0,0,0,0,0,0,0,0,0,0,0,0,0,0,1,0,0,0,1,0,0,0,0,1,0,1,0,0,0,0,0,0,3,1,0,0,0,0,1,0,0,0,1,0,0,0,0,0,3,0,0,6,0,1,0,0,0,1,0,0,0,0,0,0,1,0,0,0,0,0,1,0,0,8,0,0,8,0,0,0,0,0,0,8,0,0,0,0,4,0,0,0,1,0,0,0,0,0,0,0,0,0,0,1,0,0,0,0,0,0,1,0,0,0,1,5,0,2,0,5,0,0,0,0,0,0,0,0,0,0,0,0,0,0,0,0,0,0,0,0,0,1,0,0,0,0,0,0,0,0,0,0,0,0,0,0,0,0,0,0,0,0,0,0,0,0,0,0,0,0,0,0,0
3066494500027200152,38,0,0,0,0,0,2,0,0,1,1,0,0,0,0,1,0,0,0,0,0,3,2,0,0,1,0,0,0,0,2,1,0,0,1,0,0,0,0,4,7,0,0,0,0,3,4,0,0,0,0,0,0,0,0,3,1,0,15,0,0,0,0,0,0,3,0,0,0,0,0,0,0,0,0,0,0,0,0,0,10,0,0,26,0,0,0,0,0,0,7,0,0,0,2,4,0,0,0,2,2,0,0,0,1,0,0,0,0,0,0,0,0,0,0,0,0,0,1,0,0,0,3,0,0,0,13,0,1,0,0,0,0,0,0,0,0,0,0,0,0,0,0,0,0,0,0,0,0,0,0,0,0,0,0,0,0,0,0,0,0,0,0,0,0,0,0,1,0,0,0,0,0,0,0,0,0,0,0,0
3066494500027200156,50,0,0,1,0,0,1,0,0,2,0,0,0,0,0,0,1,0,0,1,1,1,0,1,0,1,0,0,0,1,2,0,1,1,1,0,0,0,1,1,9,0,0,0,0,3,1,3,0,0,0,0,0,0,0,1,1,0,3,2,1,1,0,0,3,3,0,0,0,0,0,0,0,0,0,0,1,1,0,0,7,0,0,14,0,0,0,0,0,0,29,2,0,0,0,1,2,0,1,2,0,0,2,0,0,0,0,1,0,0,0,0,2,1,0,0,1,1,1,0,0,0,0,1,1,0,13,0,0,0,1,0,0,0,0,0,0,0,0,1,0,0,0,0,0,0,0,0,0,0,0,0,0,0,0,0,0,1,0,0,0,0,0,0,0,0,0,0,0,0,0,0,0,0,0,0,0,0,0,0
3066494500027200159,82,1,0,0,0,0,3,0,0,0,0,0,0,0,0,0,1,1,0,0,0,0,0,0,0,3,0,2,1,0,0,0,0,0,0,0,0,0,0,15,21,0,0,0,0,10,1,1,0,0,0,0,0,0,0,6,1,1,22,0,0,0,0,0,0,8,0,0,0,0,0,1,0,0,0,0,0,1,0,1,9,0,0,25,1,0,1,0,0,0,21,1,3,0,1,11,4,1,1,5,0,0,0,0,1,0,0,0,0,0,1,0,0,0,0,0,0,0,1,0,1,0,2,2,0,0,19,1,0,0,0,0,0,0,1,0,0,0,0,0,1,0,0,0,0,0,0,0,0,0,0,0,0,0,2,0,0,0,0,0,0,0,0,0,0,0,0,0,0,0,0,0,0,0,0,0,0,0,1,0
3066494500027200161,33,0,0,0,0,0,1,0,0,0,0,0,0,0,0,0,0,0,0,0,0,2,4,0,0,0,0,0,0,0,1,1,0,0,0,0,0,0,0,7,2,0,0,0,0,2,0,0,0,0,0,0,0,0,0,0,0,0,4,0,0,0,1,0,2,0,0,0,0,0,0,0,0,0,2,0,0,0,0,0,1,0,0,10,0,0,0,0,0,0,15,0,0,0,1,4,1,0,0,0,0,1,0,0,4,0,0,0,0,0,1,0,0,0,0,0,0,0,0,0,0,0,2,0,2,1,6,0,0,0,0,0,0,0,0,0,0,0,0,0,0,0,0,0,0,0,0,0,0,0,0,0,0,0,0,0,0,0,0,0,0,1,0,1,0,0,0,0,0,0,0,0,0,0,1,0,0,0,0,0
3066494500027200163,63,0,1,0,0,0,1,0,0,1,1,0,0,0,0,0,0,1,0,0,0,0,0,0,0,5,0,0,0,0,1,0,0,1,0,0,0,0,0,3,9,0,0,3,0,4,1,0,0,0,0,0,0,0,0,3,0,0,8,1,0,0,0,0,0,6,0,0,0,0,0,0,0,0,0,0,0,0,0,0,12,1,1,21,0,0,0,0,0,0,10,0,1,0,0,4,2,0,0,7,1,0,0,0,0,0,0,0,0,1,0,0,0,1,0,0,0,0,2,0,1,0,1,0,0,0,21,0,0,0,0,0,0,0,0,0,0,0,0,1,0,0,0,0,0,0,0,0,0,0,0,0,0,0,0,0,0,0,0,0,0,0,0,0,0,0,0,0,0,0,0,0,0,0,0,0,0,0,0,0
3066494500027200164,43,0,5,1,0,0,0,0,0,1,0,0,1,0,1,0,0,0,0,0,0,0,0,0,0,0,0,5,0,0,0,3,0,0,7,0,0,0,1,0,1,0,0,0,1,2,0,6,2,1,1,0,0,0,0,0,1,0,3,0,8,0,0,0,2,0,1,0,0,0,1,0,0,0,0,0,7,0,1,0,7,1,0,0,0,0,0,0,6,0,6,0,1,0,2,5,0,1,2,0,4,0,8,0,0,0,0,1,0,1,0,0,0,5,0,0,12,1,1,0,0,0,0,0,0,0,2,1,0,1,0,0,1,0,0,0,1,0,0,0,0,1,0,0,0,0,0,0,0,0,0,0,0,0,1,0,1,0,0,0,0,0,0,1,0,0,0,0,0,0,0,0,0,0,0,1,0,0,0,0
3066494500027200168,43,0,11,2,0,0,1,0,0,1,0,0,1,0,0,0,0,0,0,1,1,1,3,0,0,0,0,7,0,1,0,0,0,0,10,0,0,0,0,1,5,0,0,1,4,1,2,2,0,0,2,0,0,0,0,0,1,0,2,0,4,0,0,0,8,0,0,1,0,0,1,0,0,0,0,1,6,0,1,1,32,1,0,1,1,0,0,0,7,0,19,0,2,0,7,2,0,0,5,0,1,0,6,0,1,0,0,2,0,0,0,1,0,2,0,0,10,1,2,0,0,0,0,1,2,1,3,2,2,0,0,0,0,0,0,0,1,0,0,1,0,0,0,0,0,0,0,0,0,0,0,0,0,0,0,0,0,1,1,0,0,0,0,0,1,0,0,0,0,0,0,0,0,0,0,0,0,0,1,0
3066494500027200174,58,0,0,0,0,0,0,0,0,7,0,0,1,0,0,0,0,0,0,0,0,0,2,0,0,2,0,0,0,0,0,0,0,0,0,0,0,0,0,3,11,0,0,3,0,7,3,0,0,1,0,0,0,0,0,5,3,0,1,1,1,0,0,0,2,5,0,0,0,0,0,0,0,0,0,0,0,0,0,0,7,0,0,20,0,0,1,0,0,0,9,0,0,0,1,4,0,0,0,3,1,0,0,0,1,0,0,0,0,1,0,0,1,0,0,0,0,0,0,0,0,0,2,1,0,0,5,0,0,0,0,0,0,0,0,0,0,0,0,0,0,0,0,0,0,0,0,0,0,0,0,0,0,0,0,0,0,0,0,1,0,0,0,1,0,0,0,0,0,0,0,0,0,0,0,0,0,0,0,0
3066494500027200178,8,2,0,0,0,0,0,0,0,1,0,0,0,0,0,4,0,0,0,0,3,1,0,0,1,0,0,6,0,0,0,0,0,0,0,0,0,0,0,0,2,1,1,0,0,1,1,4,0,0,0,0,0,0,0,0,1,0,0,1,0,0,0,0,0,1,0,0,0,0,1,0,0,0,0,0,1,0,0,1,0,1,0,3,0,3,0,0,3,2,7,0,0,0,1,7,1,0,0,0,3,0,0,0,1,0,0,0,0,0,1,0,2,0,0,0,0,0,4,0,0,0,0,0,2,0,6,0,0,0,0,1,0,0,0,0,0,0,0,0,0,0,0,0,0,0,0,0,0,0,0,0,0,0,0,0,0,0,0,0,0,0,0,0,0,0,0,0,0,0,0,0,0,0,0,0,0,0,0,0
3066494500027200186,71,0,0,4,0,0,0,0,0,9,0,0,0,0,1,0,0,1,0,0,0,0,3,0,0,1,0,0,0,0,0,0,1,1,3,0,1,0,1,5,10,0,0,3,0,3,0,1,0,0,0,0,0,1,1,8,0,0,1,0,1,0,0,0,6,4,0,0,0,0,0,0,0,0,0,0,0,0,0,0,1,0,0,6,0,0,0,0,0,0,15,0,0,0,0,2,0,0,0,5,1,1,1,0,0,0,1,0,0,0,0,0,0,0,2,0,0,0,1,0,0,1,4,0,1,0,2,0,0,0,0,0,0,0,0,0,0,0,0,0,1,0,0,0,0,0,0,1,0,0,0,0,0,0,0,0,0,0,0,1,1,0,0,0,0,0,0,0,0,0,0,0,0,0,0,0,0,1,1,0
3066494500027200188,28,0,3,0,2,0,0,0,0,0,0,0,0,0,0,0,1,0,0,0,0,0,1,0,0,0,0,4,0,0,0,0,0,0,4,0,0,4,0,1,0,0,0,0,0,0,0,5,1,1,0,0,0,0,0,0,1,0,1,0,6,0,0,0,5,0,0,0,0,0,0,0,0,0,0,0,3,1,0,0,7,0,0,2,0,0,0,0,3,0,14,0,0,0,2,1,2,2,0,0,1,0,4,0,0,0,1,1,0,0,0,0,0,0,0,0,0,1,0,0,0,1,0,0,3,0,1,0,0,3,0,0,0,0,0,0,0,0,0,0,0,0,0,0,0,0,0,1,0,0,0,0,0,0,0,0,0,0,0,0,0,0,0,0,0,0,0,0,0,0,0,0,1,0,0,0,0,0,0,0
3066494500027200196,69,0,0,0,0,0,0,1,0,7,0,1,0,0,0,0,0,2,0,1,0,1,0,0,0,2,0,2,0,0,3,3,0,0,1,0,0,0,1,1,3,0,0,2,4,6,2,1,1,0,0,0,0,1,0,4,1,0,3,0,0,0,0,0,4,5,0,0,0,0,0,1,0,0,0,1,1,0,0,1,2,0,0,8,0,0,0,1,0,0,19,0,0,0,1,3,1,0,0,4,3,0,0,1,2,0,1,0,0,0,0,0,0,0,0,0,0,0,3,0,0,0,0,0,1,2,0,0,0,0,0,0,0,0,0,0,0,0,0,0,0,0,0,0,0,0,0,0,0,0,0,0,0,1,0,0,0,0,0,0,0,0,0,1,0,0,0,0,0,0,0,0,0,0,0,0,0,0,0,0
3066494500027200197,59,0,0,0,0,0,0,1,0,2,0,0,0,0,0,0,0,0,0,1,0,0,0,0,0,0,1,0,0,0,2,0,0,0,0,1,0,0,0,2,12,0,0,1,0,8,2,0,0,0,0,0,0,0,0,5,1,0,2,0,0,0,0,0,1,3,0,0,0,0,0,1,0,0,1,1,0,0,0,0,6,0,0,11,0,0,0,0,0,0,17,0,0,0,0,1,0,0,0,4,0,0,0,0,0,0,0,0,0,0,0,0,2,0,0,0,0,0,1,0,0,0,0,1,0,1,5,0,0,0,0,0,0,0,0,0,0,0,0,0,0,0,1,0,0,0,0,0,0,0,0,0,0,0,0,0,0,0,0,0,0,0,0,0,0,0,0,0,0,0,0,0,0,0,0,0,0,0,0,0
3066494500027200198,32,0,5,0,0,0,0,0,0,2,1,1,1,0,0,0,0,1,0,0,2,1,1,0,0,1,0,3,0,0,0,0,0,0,14,0,0,6,0,0,3,0,0,2,0,1,1,12,0,0,0,0,0,0,1,0,1,0,1,1,13,0,0,0,3,1,0,0,0,0,0,0,0,0,1,0,5,0,0,1,13,0,1,1,0,0,0,0,8,0,11,0,0,0,3,2,5,0,1,0,1,1,14,0,0,1,1,1,0,0,0,1,1,3,2,0,3,0,1,0,0,1,0,0,2,0,3,1,0,1,0,0,0,0,0,0,0,0,0,0,0,0,0,0,0,0,0,0,0,0,0,0,0,0,0,0,0,0,0,0,1,0,0,0,1,0,0,0,0,0,0,0,0,0,0,0,0,0,1,0
3066494500027200201,52,0,0,0,0,0,0,0,0,0,0,0,0,0,0,1,0,0,0,0,0,0,1,1,0,6,0,0,0,1,0,0,0,1,0,0,0,0,0,2,7,0,0,0,0,4,2,0,0,0,0,0,0,0,0,2,1,0,6,0,0,0,0,0,1,1,0,0,0,1,0,0,0,0,0,0,1,0,0,0,1,0,0,15,0,0,0,0,0,0,5,0,0,0,0,5,1,0,0,2,0,0,1,0,0,0,0,0,0,0,0,0,0,1,0,0,0,0,0,0,0,0,2,1,2,0,9,0,0,0,0,0,0,0,0,0,0,0,0,0,0,0,0,0,0,0,0,0,0,0,0,0,0,0,0,0,0,0,0,0,0,1,0,0,0,0,0,0,0,0,0,0,0,1,1,1,0,0,0,0
3066494500027200210,8,0,0,0,1,0,0,0,0,0,0,0,2,0,0,0,0,0,0,0,0,0,1,0,0,0,0,0,0,0,0,0,0,0,0,0,0,0,0,0,0,0,0,0,0,0,0,2,0,0,1,0,0,0,0,0,0,0,1,0,0,0,0,0,4,0,0,0,0,0,0,0,0,0,0,0,1,0,0,0,1,0,0,0,0,0,0,0,1,0,2,0,0,0,3,0,0,0,0,1,1,0,2,0,0,0,0,0,0,0,0,0,0,2,0,0,1,0,0,0,1,0,0,0,0,0,0,2,0,0,0,0,0,0,0,0,0,0,0,0,0,0,0,0,0,0,0,0,0,0,0,0,0,0,0,0,0,0,0,0,0,0,0,0,0,0,0,0,0,0,0,0,0,0,0,0,0,0,0,0
3066494500027200214,34,0,0,0,0,0,0,1,0,10,0,1,0,0,0,0,1,0,0,1,0,0,0,0,0,2,0,1,0,0,1,0,0,0,2,1,0,0,0,0,8,1,0,0,0,2,2,0,0,0,0,0,0,1,0,0,0,0,3,0,1,0,0,0,4,1,0,0,0,0,0,0,0,0,1,0,1,0,0,1,1,0,0,12,0,0,0,0,0,0,8,0,0,0,0,1,0,0,0,4,0,1,0,0,0,0,0,0,0,0,0,0,0,0,0,0,0,1,1,0,0,0,4,2,0,0,0,0,0,0,0,0,0,0,0,0,0,1,0,0,0,0,0,0,0,0,0,0,0,0,0,0,0,0,0,0,0,0,0,0,0,0,0,0,0,0,0,0,0,0,0,0,0,0,0,0,0,0,0,0
3066494500027200218,19,0,1,0,0,0,0,0,0,8,0,0,0,0,0,0,0,0,0,0,0,0,0,0,0,3,0,0,0,0,1,0,0,0,0,0,0,0,0,1,1,0,0,0,0,3,1,0,0,0,0,0,0,0,0,2,1,0,1,0,0,0,0,0,1,1,0,0,0,0,0,0,0,0,0,0,0,0,0,0,1,0,0,7,0,0,0,0,0,0,12,0,0,0,0,0,1,0,0,2,1,0,0,0,0,0,0,0,0,0,0,0,0,0,0,0,0,0,0,0,1,0,0,0,0,0,1,0,0,0,0,0,0,0,0,0,0,0,0,0,1,0,0,0,0,0,0,0,1,0,0,0,0,0,0,0,0,0,0,0,0,0,0,0,0,0,0,0,0,0,0,0,0,0,0,0,0,0,0,0
3066494500027200223,10,0,0,0,0,0,0,0,0,1,0,0,0,0,0,0,0,0,0,0,0,0,1,0,0,2,0,4,0,0,0,1,0,0,1,0,0,0,0,0,0,0,0,0,0,1,0,0,0,0,0,0,0,0,0,0,0,0,0,0,0,0,0,0,0,0,0,0,0,0,0,0,0,0,0,0,1,0,0,0,1,0,0,1,0,0,0,0,0,0,1,0,1,0,4,1,0,0,0,0,3,0,1,0,2,0,0,0,0,0,0,0,0,0,0,0,0,0,0,0,0,0,2,1,0,0,0,0,0,0,0,0,0,0,0,0,0,0,0,0,1,0,0,0,0,0,0,0,0,0,0,0,0,0,0,0,0,1,0,0,0,0,0,0,0,0,0,0,0,0,0,0,0,0,0,0,0,0,0,0
3066494500027300044,20,0,0,2,0,1,0,0,0,1,0,0,0,0,0,1,0,0,0,5,2,0,0,0,0,0,0,33,0,0,0,0,0,0,1,0,0,1,0,2,1,0,0,0,1,3,1,0,0,0,0,0,0,0,0,0,0,0,0,0,0,0,1,0,4,0,0,0,0,0,0,2,0,0,0,0,0,0,0,2,0,0,0,0,0,0,0,0,0,1,7,0,0,0,3,1,1,0,0,0,25,0,1,0,0,0,0,0,0,0,0,0,0,0,0,0,0,0,0,0,2,0,0,0,0,0,1,0,2,1,0,0,0,0,0,0,0,0,0,0,0,0,0,0,0,0,0,0,0,1,0,0,0,0,0,0,0,0,0,0,2,0,0,0,0,0,0,0,0,0,0,0,0,0,0,0,0,0,1,0
3066494500027300055,47,0,0,0,0,0,2,0,0,0,0,0,1,0,0,0,0,0,0,0,1,0,0,0,0,1,0,1,0,0,0,0,0,0,2,1,0,4,0,2,3,0,0,1,0,5,5,2,0,0,0,0,0,0,1,0,0,0,0,1,1,0,0,1,1,0,0,1,0,0,0,0,0,0,0,0,1,0,0,1,0,0,0,1,0,0,0,0,0,0,5,0,1,0,1,6,0,0,0,0,3,0,1,0,0,0,0,4,0,0,0,0,0,1,2,0,0,1,0,0,0,2,0,0,2,1,0,0,0,0,0,1,1,0,0,0,0,0,0,0,0,0,0,0,0,0,0,0,0,0,0,0,0,0,0,0,1,0,0,0,2,0,0,0,0,0,0,0,0,0,0,0,0,0,0,0,0,0,0,0
3066494500027300058,6,0,0,1,0,0,1,0,0,0,0,0,0,0,0,0,0,0,0,0,0,0,0,1,0,0,0,0,0,0,0,0,0,0,1,0,0,0,0,0,3,0,0,0,0,2,1,2,0,0,0,0,0,0,0,1,0,0,0,0,0,0,0,0,0,0,0,0,0,0,0,0,0,0,0,0,0,0,0,0,0,0,0,0,0,0,0,0,1,0,1,0,0,0,0,3,0,0,0,0,0,0,0,0,0,0,0,2,0,0,0,0,0,1,0,0,1,0,1,0,0,0,1,1,2,0,0,1,0,0,0,0,0,0,0,0,0,0,0,0,0,0,0,0,0,0,0,0,0,0,0,0,0,0,0,0,0,0,0,0,0,0,0,0,0,0,0,0,0,0,0,0,0,0,0,0,0,0,0,0
3066494500027300073,13,0,0,1,0,0,1,0,0,0,0,0,0,0,0,0,0,0,0,0,0,3,1,3,0,3,0,3,0,0,0,0,0,0,1,0,0,2,0,14,2,1,0,0,3,4,0,0,1,1,0,0,0,0,1,1,0,0,5,0,0,0,0,0,4,0,0,0,1,0,0,0,0,0,0,0,0,0,0,0,7,0,0,3,0,0,0,0,0,0,15,0,1,0,2,5,4,0,0,0,3,0,0,0,1,0,0,1,0,0,0,0,0,0,0,0,0,6,1,0,0,1,0,1,3,0,0,0,0,0,0,0,0,0,0,0,0,0,0,0,0,0,0,0,0,0,0,0,0,0,0,1,0,0,0,0,0,0,0,0,0,0,0,1,0,0,0,0,0,0,0,0,0,0,0,0,0,0,0,0
3066494500027300075,33,0,0,1,0,3,3,0,0,0,0,0,0,0,0,0,0,1,0,0,0,0,0,0,0,0,0,1,0,0,0,0,0,0,3,0,0,3,0,3,2,0,0,1,0,3,1,2,0,0,0,0,0,0,0,0,0,0,1,0,0,0,0,1,0,0,0,0,0,0,0,0,0,0,0,1,1,0,0,0,0,0,0,0,0,0,0,1,0,0,1,0,0,0,1,2,0,0,0,0,3,0,1,0,0,0,0,3,0,0,0,0,0,0,0,0,0,0,1,0,0,1,0,0,0,0,0,0,1,1,0,0,0,0,0,0,0,0,0,1,0,0,0,0,0,0,0,0,0,1,1,0,0,0,0,0,0,0,0,0,0,0,0,0,0,0,0,0,0,0,0,0,0,1,0,0,0,0,0,0
3066494500027300077,22,1,0,1,0,0,1,0,0,1,0,0,0,0,0,0,0,0,0,0,0,0,0,0,0,0,0,0,0,0,0,0,0,0,2,0,0,1,0,0,0,0,0,0,0,1,0,1,0,0,0,0,0,0,0,0,0,0,0,0,0,0,0,0,0,0,0,0,0,0,0,0,0,0,0,0,0,0,0,1,1,0,1,0,0,0,0,0,0,0,1,0,0,0,0,6,0,0,0,0,0,0,0,0,0,0,0,4,0,0,0,0,0,0,0,0,0,0,0,0,0,1,0,0,0,0,0,1,0,0,0,0,0,0,0,0,0,0,0,0,1,0,0,0,0,0,0,0,0,0,0,0,0,0,1,0,0,0,0,0,0,0,0,0,0,0,0,0,0,0,0,0,0,0,0,0,0,0,0,0
3066494500027300082,20,0,0,0,0,0,0,0,0,2,0,0,0,0,0,0,0,0,0,1,0,0,0,0,1,2,0,0,0,0,0,0,0,0,0,0,0,0,0,5,8,0,0,0,0,8,2,0,0,0,0,0,0,0,0,1,1,0,2,0,1,0,0,0,1,0,0,0,0,0,0,0,0,0,0,0,0,3,0,0,3,0,0,8,0,0,0,0,0,0,8,0,0,0,0,6,0,0,0,0,0,0,0,0,1,0,0,0,0,0,0,0,0,0,0,0,0,0,1,0,0,0,2,0,0,0,3,0,0,0,0,0,0,0,1,0,0,0,0,0,1,0,0,1,0,0,0,0,0,0,0,0,0,0,0,0,0,0,0,0,0,0,0,0,0,0,0,0,0,0,0,0,0,0,0,0,0,0,0,0
3066494500027300085,17,0,2,0,0,1,0,0,0,0,0,0,0,0,0,0,0,0,0,0,0,0,0,0,0,0,0,0,0,0,1,0,0,0,1,0,0,2,0,2,1,0,1,0,0,3,0,2,0,0,0,0,0,0,0,0,1,0,1,2,1,0,0,0,1,0,0,0,0,0,1,0,0,0,0,0,1,0,0,0,0,0,0,0,0,0,0,0,0,0,1,0,0,0,0,3,0,0,0,0,2,0,0,0,0,0,0,0,0,0,0,0,1,0,0,0,2,0,0,0,0,0,0,0,1,0,0,0,0,0,0,0,0,0,0,0,0,0,0,0,0,0,0,0,0,0,0,0,0,0,0,0,0,0,0,0,0,0,0,0,0,0,0,0,0,0,0,0,0,0,0,0,0,0,0,0,0,0,0,0
3066494500027300087,20,0,0,0,0,0,3,0,0,0,0,0,0,0,0,1,5,0,0,0,0,1,2,1,0,3,1,0,0,0,3,0,0,0,0,0,0,0,0,8,1,1,0,0,0,2,0,0,0,1,0,0,0,0,0,0,1,0,2,0,0,0,0,0,1,0,0,0,0,0,0,0,0,0,0,0,0,0,0,0,0,0,0,10,0,0,0,0,0,0,7,0,0,0,1,0,0,0,0,1,0,0,1,0,0,0,0,0,0,0,0,0,0,0,0,0,0,1,1,0,0,0,1,0,1,0,0,0,0,0,0,0,0,0,0,0,0,0,0,0,0,0,0,0,0,0,0,0,0,0,0,0,0,1,0,0,0,0,0,0,0,0,0,0,0,0,0,0,0,0,0,0,0,0,0,0,0,0,0,0
3066494500027300100,52,0,0,0,0,1,3,0,0,0,0,0,0,0,0,0,0,1,0,1,0,0,0,0,0,0,0,0,0,0,0,0,0,0,1,0,0,1,0,0,3,0,1,0,0,5,7,2,0,1,0,0,0,0,1,0,2,0,0,1,2,0,0,0,0,0,0,0,0,0,1,0,0,0,0,0,0,0,0,0,0,0,0,1,0,0,0,1,0,0,0,0,0,0,1,6,0,0,0,0,4,0,1,0,1,0,0,10,0,1,0,0,0,4,0,0,0,0,3,0,0,3,1,1,1,0,0,1,0,2,0,0,0,0,0,0,0,0,0,0,0,0,0,1,0,0,0,0,0,0,0,0,0,0,0,0,0,0,0,0,0,0,1,0,0,0,0,0,0,1,0,0,0,0,0,0,0,0,0,0
3066494500027300110,27,0,4,1,0,0,0,0,0,0,0,0,1,0,0,0,0,0,0,0,0,0,0,1,0,0,0,0,0,0,0,0,0,0,2,0,0,7,0,1,4,0,0,0,0,2,0,1,0,1,0,0,0,0,0,0,0,0,0,0,5,0,0,0,1,0,0,0,0,0,0,0,0,0,0,0,1,1,0,0,3,0,0,0,0,0,0,0,7,0,3,0,0,0,1,1,2,0,1,1,0,0,6,0,0,0,0,1,0,0,0,0,0,1,0,0,0,0,1,0,0,0,1,0,1,0,1,2,0,0,0,0,0,0,0,0,0,0,0,0,0,0,0,0,0,0,0,0,0,0,0,0,0,0,0,0,0,0,0,0,0,0,0,0,0,0,0,0,0,0,0,0,0,0,0,0,0,0,0,0
3066494500027300114,22,0,0,0,0,0,0,0,0,0,0,0,0,0,0,1,0,0,0,0,0,0,0,0,0,0,0,0,0,0,0,0,0,0,0,0,0,0,0,0,2,0,0,0,0,1,0,0,0,0,0,0,0,0,0,0,0,0,2,0,2,0,0,0,0,1,0,0,0,0,0,0,0,0,0,0,1,0,0,0,0,0,0,3,0,0,0,0,0,0,2,0,2,0,0,2,0,0,0,0,1,0,0,0,0,0,1,0,0,0,0,0,0,0,0,0,0,1,0,0,0,0,0,0,1,0,4,0,0,0,0,0,0,0,0,0,1,0,0,0,0,0,0,0,0,0,0,0,0,0,0,0,0,0,0,0,0,0,0,0,0,0,0,0,0,0,0,0,0,0,0,0,0,0,0,0,0,0,0,0
3066494500027300129,14,0,0,2,0,0,0,0,0,0,0,0,0,0,0,0,0,2,0,0,0,1,0,0,0,1,0,0,0,0,0,0,0,0,0,0,0,0,0,3,2,0,0,0,1,1,1,0,0,0,0,0,0,0,0,0,0,0,2,0,1,0,0,0,0,0,0,0,0,0,0,0,0,0,0,0,0,0,0,0,2,0,0,1,0,0,0,0,0,0,5,0,0,0,0,1,1,0,0,2,0,0,0,0,1,0,0,0,0,0,0,0,0,0,0,1,0,0,1,0,0,0,0,0,0,0,2,0,0,0,0,0,0,0,0,0,0,0,0,0,0,0,0,0,0,0,0,0,0,0,0,0,0,0,0,1,0,0,0,0,0,0,0,0,0,0,0,0,0,0,0,0,0,0,0,0,0,0,0,0
3066494500027300136,117,0,0,0,0,0,1,0,0,2,0,0,0,0,0,0,1,0,0,1,1,1,1,0,0,1,0,1,0,0,3,0,0,0,1,0,0,0,0,2,32,0,0,1,0,14,6,1,0,0,0,0,1,0,0,2,1,0,22,0,0,0,0,0,0,7,0,0,0,0,2,0,1,0,0,0,0,0,0,1,9,0,0,49,1,0,1,0,1,0,24,0,1,0,1,26,3,1,1,2,0,0,0,0,1,1,0,0,0,0,0,0,1,0,2,0,0,1,0,0,1,0,2,0,1,0,18,0,0,0,0,0,0,0,0,0,0,0,0,0,0,0,0,0,0,0,0,0,0,1,0,1,0,0,0,0,0,0,0,1,0,0,0,0,0,0,0,0,0,0,0,0,0,0,0,0,1,2,0,0
3066494500027300137,22,0,0,0,0,0,2,0,0,2,0,0,1,0,0,0,0,1,0,0,0,1,1,0,0,2,0,1,0,0,1,0,0,0,0,0,0,0,1,3,4,0,0,0,0,1,1,0,0,0,1,0,0,1,0,0,0,0,6,0,0,0,0,0,0,7,0,0,0,0,0,0,0,0,0,0,0,0,0,0,7,0,0,19,0,0,0,0,0,0,7,0,1,0,0,7,3,0,1,0,0,0,0,0,0,0,0,0,0,0,0,0,0,0,0,0,0,0,2,0,0,0,4,1,0,0,6,0,0,0,0,0,0,0,0,0,0,0,0,0,0,0,0,0,0,0,0,0,0,0,0,0,0,0,0,0,0,0,0,0,0,0,0,0,0,0,0,0,0,0,0,0,0,0,0,0,0,0,0,0
3066494500027300139,4,0,0,1,0,0,1,0,0,0,0,0,0,0,0,0,0,0,0,0,0,0,0,0,0,11,0,0,0,0,1,0,0,0,1,0,0,0,0,2,2,0,0,0,0,1,0,0,0,2,0,0,0,0,0,0,1,0,2,0,1,0,0,0,0,1,1,0,0,0,0,0,0,0,0,0,1,0,0,1,2,0,1,3,0,0,0,0,0,0,1,0,0,0,0,0,0,1,1,0,0,11,0,0,2,0,0,0,0,0,0,0,0,0,0,0,0,0,0,0,0,0,0,2,0,0,1,1,0,0,0,0,0,0,0,0,0,0,0,0,0,0,0,0,0,0,0,0,0,0,0,0,0,0,0,0,0,0,0,0,0,0,0,0,0,0,0,0,0,0,0,0,0,1,0,0,0,0,0,0
3066494500027300143,11,0,0,1,0,0,0,0,0,0,0,0,0,0,0,0,0,0,0,0,0,0,0,0,0,0,0,0,0,0,0,0,0,0,0,0,0,0,0,2,2,0,0,0,0,1,2,0,0,0,0,0,0,0,0,0,0,1,3,0,0,0,0,0,0,1,0,0,0,0,0,0,0,0,0,0,0,0,0,0,2,0,0,10,0,0,0,0,0,0,0,0,0,0,0,6,0,0,0,1,0,0,0,0,0,0,0,0,0,0,0,0,0,0,0,0,0,1,0,0,0,0,2,0,1,0,4,1,0,0,0,0,0,0,0,0,0,0,0,0,0,0,0,0,0,0,0,0,0,0,0,0,0,0,0,0,0,0,0,0,0,0,0,0,0,0,0,0,0,0,0,0,0,0,0,0,0,0,0,0
3066494500027300146,21,0,0,0,0,0,0,0,0,0,0,1,0,0,0,0,1,0,0,0,0,0,0,1,0,5,0,0,1,1,0,1,0,0,1,0,0,0,0,1,4,1,0,1,0,3,0,0,0,0,0,0,0,0,0,1,0,0,4,0,1,0,0,0,3,0,0,0,0,0,0,0,0,0,0,0,0,0,0,0,8,0,1,11,0,0,0,0,0,0,9,0,3,0,0,3,1,0,0,5,0,0,0,0,0,1,0,0,0,0,0,1,0,0,1,0,0,1,1,0,0,0,2,1,0,0,11,0,0,0,0,0,0,0,0,0,1,0,0,0,0,0,0,0,0,0,0,0,0,0,0,0,0,0,0,0,0,0,0,0,0,0,0,0,0,0,0,0,0,0,0,0,0,0,0,1,0,0,0,0
3066494500027300149,3,0,0,0,0,0,0,0,0,0,0,0,0,0,0,4,0,0,1,1,1,0,1,0,1,0,0,16,0,0,0,0,0,0,0,0,0,0,0,0,0,0,0,0,0,0,2,0,0,0,0,0,0,0,0,0,0,0,0,0,0,0,0,0,1,0,0,0,0,0,1,0,0,0,0,0,3,0,0,0,0,0,1,1,0,0,0,0,2,0,5,0,0,0,1,7,0,0,0,0,11,0,0,0,0,0,0,0,0,0,1,0,0,0,0,0,0,0,0,0,0,0,0,0,1,0,0,0,0,0,0,0,0,0,0,0,0,0,0,0,0,0,0,0,0,0,0,0,0,0,0,0,0,0,0,0,0,0,0,0,0,0,0,0,0,0,0,0,0,0,0,0,0,0,0,1,0,0,0,0
3066494500027300160,20,0,0,0,0,0,0,0,0,1,0,0,0,0,0,0,0,0,0,0,0,0,0,0,0,0,0,0,0,0,0,0,0,0,1,0,0,0,0,1,2,0,0,0,0,0,1,0,0,0,0,0,0,0,0,1,1,0,1,0,0,0,0,0,1,1,0,0,0,0,0,0,0,0,0,0,0,0,0,0,2,0,0,8,0,0,0,0,0,0,3,0,0,0,0,0,0,0,0,0,0,0,0,0,0,0,0,0,0,0,0,0,0,0,1,0,0,1,1,0,0,0,0,0,0,1,1,0,0,0,0,0,0,0,0,0,0,0,0,0,0,0,0,0,0,0,0,0,0,0,0,0,0,0,0,0,0,0,0,0,0,0,0,0,0,0,0,0,0,0,0,0,0,0,0,0,0,0,0,0
3066494500027300168,16,1,0,2,0,0,0,0,0,0,0,0,0,0,1,3,0,1,0,0,2,0,0,0,0,1,0,4,0,0,1,0,0,0,0,0,0,1,0,0,8,0,0,0,0,0,0,0,0,0,0,0,0,0,0,0,1,0,0,0,0,0,0,0,1,0,0,0,0,0,1,1,0,0,0,0,0,0,0,0,0,0,0,5,0,0,0,0,0,0,3,0,2,0,0,1,0,0,0,0,1,0,0,0,0,0,1,0,1,0,0,0,0,0,0,0,0,0,1,0,0,0,0,1,0,0,0,1,0,0,0,0,1,0,0,0,0,1,0,0,0,0,0,0,0,0,0,0,0,0,0,0,0,0,0,0,0,0,0,0,0,0,0,0,0,0,0,0,0,0,0,0,0,0,0,0,0,0,0,1
3066494500033100031,49,5,0,0,0,0,1,0,0,0,0,0,0,1,0,1,0,2,0,12,4,0,3,1,3,2,0,8,0,0,0,2,1,0,0,0,0,2,0,0,2,4,0,0,0,2,8,2,0,1,0,0,1,0,0,0,0,0,0,0,0,0,0,0,2,5,0,0,4,2,0,0,0,0,1,0,1,0,0,3,0,0,0,0,1,1,0,0,0,2,11,0,1,0,2,2,0,0,0,0,6,0,0,0,0,0,0,0,0,0,0,0,0,0,3,0,0,23,57,0,0,0,0,0,1,1,1,0,0,0,0,0,3,0,0,0,0,0,0,1,0,0,0,0,0,0,0,0,0,1,0,0,0,0,0,0,0,0,0,0,0,1,0,0,0,1,0,0,0,0,0,0,0,1,0,0,0,0,0,0
3066494500033100057,13,0,0,1,0,0,0,0,0,0,0,0,0,0,0,1,0,0,0,3,2,0,2,1,0,0,0,7,0,0,1,0,1,0,1,0,0,0,1,0,0,0,0,0,0,4,1,9,0,0,0,0,0,0,0,0,0,0,1,0,0,0,0,0,0,0,0,0,0,0,0,0,0,0,0,0,0,0,0,0,0,0,0,0,0,0,0,0,0,0,1,0,0,0,1,1,0,0,0,0,6,0,0,0,0,0,0,0,0,0,0,0,0,0,0,0,0,8,6,0,0,0,0,0,0,1,0,0,1,0,0,0,0,0,0,0,0,0,0,0,0,0,0,0,0,0,0,0,0,0,0,0,0,0,0,0,0,0,0,0,0,0,0,0,0,0,0,0,0,0,0,0,0,0,1,0,0,0,0,0
3066494500033100065,15,2,0,2,0,0,0,0,0,0,0,0,1,0,0,2,0,1,0,7,5,0,0,0,1,0,0,13,1,0,0,0,1,0,1,0,0,0,2,0,0,0,0,0,0,0,3,10,0,0,0,0,0,0,1,0,0,0,0,0,1,0,0,0,0,2,0,0,1,0,0,0,0,0,0,0,0,0,0,1,0,1,1,0,0,1,0,0,0,0,1,0,0,0,0,0,0,0,0,0,8,0,0,0,0,0,0,0,0,0,0,0,0,0,0,0,0,9,3,0,0,0,0,0,0,0,0,0,0,1,2,0,0,0,0,0,0,0,0,0,0,0,0,0,0,0,0,0,0,0,0,0,0,0,0,0,0,0,0,0,0,0,0,0,0,0,0,0,0,0,0,0,0,0,0,0,0,0,0,0
3066494500033100115,31,7,0,2,0,0,0,2,0,0,0,0,0,0,0,2,0,0,0,4,4,0,0,3,4,0,0,17,0,0,0,1,0,0,0,0,0,1,0,0,1,2,0,0,0,0,3,8,0,1,0,0,0,0,0,0,0,0,0,2,0,0,0,0,0,0,0,0,0,1,0,0,0,0,0,0,0,0,0,0,0,0,0,0,0,0,0,0,0,0,4,0,0,0,0,0,0,0,0,0,13,0,0,0,0,0,0,0,0,0,0,0,0,0,0,0,0,8,41,0,0,0,0,0,2,3,0,0,1,0,0,0,0,0,0,0,0,0,0,0,1,0,0,0,0,0,1,0,0,0,0,0,0,1,0,0,0,1,0,0,0,0,0,0,0,0,0,0,0,0,0,0,0,0,0,0,0,0,0,0
3066494500033100123,27,5,0,0,0,0,2,0,0,1,0,0,0,0,0,1,0,0,1,4,0,0,3,4,0,0,0,24,2,0,0,1,0,0,0,0,0,0,0,0,1,0,0,1,1,0,4,12,0,0,0,0,0,0,0,0,2,0,1,6,0,0,0,0,0,2,0,0,1,3,0,0,0,0,0,0,1,0,0,3,0,0,0,0,0,0,0,0,0,1,4,0,0,0,3,0,0,0,1,0,16,0,1,0,0,0,0,0,0,0,0,0,0,0,1,0,0,10,35,0,1,0,0,0,1,0,0,0,0,0,0,0,0,0,0,1,0,0,0,0,0,1,0,0,0,0,1,0,0,0,0,0,0,0,0,0,0,0,0,0,0,0,0,0,0,0,0,0,0,0,0,0,0,0,0,0,0,0,0,0
3066494500033200042,40,6,0,1,0,0,0,0,0,0,0,0,0,0,0,2,0,1,0,16,3,0,3,1,4,0,0,21,0,0,0,1,1,0,2,0,0,0,0,0,2,0,0,0,0,1,3,14,0,0,0,0,1,0,0,0,0,0,1,0,0,0,0,0,1,9,0,0,1,2,0,1,0,0,0,0,0,1,0,3,0,0,1,0,0,0,0,1,0,0,26,0,0,0,4,0,0,0,0,0,13,0,0,0,0,0,0,1,0,0,0,1,0,0,3,0,0,28,58,0,0,0,0,0,1,1,1,0,0,0,1,0,0,0,0,0,0,0,0,0,0,0,0,0,0,0,0,0,0,0,0,0,0,0,0,0,0,0,0,0,1,0,0,0,0,0,0,0,0,0,0,0,0,0,0,0,0,0,0,0
3066494500033200061,43,11,0,2,0,0,2,0,0,0,1,0,0,1,0,3,0,1,0,9,9,0,4,1,7,1,1,13,1,0,0,0,1,0,2,0,0,0,1,0,1,2,0,0,2,0,4,9,0,0,0,0,0,0,0,0,2,0,0,1,1,0,0,0,1,1,0,0,0,2,0,0,0,0,0,0,1,0,0,3,0,0,0,0,0,1,0,0,0,2,8,0,0,0,2,0,0,0,0,0,14,0,0,0,1,0,0,0,0,0,0,0,1,1,0,0,0,15,63,0,0,0,0,0,4,1,0,1,4,1,0,0,1,0,0,0,0,0,0,0,0,0,0,0,0,0,0,0,0,0,0,0,0,0,0,0,0,1,0,0,0,0,0,0,0,0,0,0,0,0,0,0,0,0,0,0,0,0,0,0
3066494500033200125,47,6,0,1,0,0,0,0,0,1,0,0,0,1,1,1,0,1,0,10,6,0,1,0,4,0,0,9,1,0,0,0,1,0,3,0,0,0,0,0,0,1,0,0,0,0,8,7,0,0,0,0,1,0,0,0,0,0,0,0,0,0,0,0,1,2,0,1,3,3,0,0,0,0,0,0,1,1,0,0,0,0,0,0,0,0,0,1,0,0,31,0,1,0,1,0,1,0,0,0,8,0,0,1,0,0,0,0,0,0,0,0,0,0,1,0,0,36,49,0,0,0,0,0,0,1,0,0,0,0,1,0,0,0,0,0,0,0,0,0,0,0,0,0,0,0,0,1,0,0,0,0,0,1,0,0,0,0,0,0,0,0,0,0,0,0,0,0,0,0,0,0,0,0,0,0,0,0,0,1
3066494500033200153,44,7,0,0,0,0,0,0,0,0,0,0,0,1,0,4,1,0,1,8,2,0,4,0,1,0,0,13,0,1,0,0,0,0,2,0,0,0,0,1,0,2,0,0,0,0,6,10,0,0,0,1,0,0,0,0,0,0,1,2,1,0,0,0,0,0,0,0,2,3,0,1,1,0,0,0,1,0,0,2,0,0,1,0,0,1,0,0,0,0,6,0,0,0,2,0,0,0,0,0,5,0,0,0,0,0,0,1,0,0,0,0,1,0,0,0,0,4,56,0,0,1,0,0,1,1,0,0,0,0,0,0,0,0,0,0,0,0,0,0,1,0,0,0,0,0,0,0,0,1,0,0,0,0,0,0,0,0,0,0,0,0,0,0,0,0,0,0,0,0,0,0,0,0,0,0,0,0,0,0
3066494500033200161,9,3,0,0,0,0,0,0,0,0,0,0,0,0,0,0,0,0,0,0,0,0,0,0,0,0,0,2,0,0,0,0,0,0,0,0,0,0,0,0,0,0,0,0,0,1,0,4,0,0,0,0,1,0,0,0,0,0,0,0,0,0,0,0,0,0,0,0,0,0,1,0,0,0,0,0,0,0,0,0,0,0,0,0,0,0,0,0,0,0,1,0,0,0,0,0,0,0,0,0,1,0,0,0,0,0,0,0,0,0,0,0,0,0,0,0,0,0,14,0,0,0,0,0,1,0,0,0,0,0,0,0,0,0,1,0,0,1,0,0,0,0,0,0,0,0,0,0,0,0,0,0,0,0,0,0,0,0,0,0,0,0,0,0,0,0,0,0,0,0,0,0,0,0,0,0,0,0,0,0
3066494500033200181,18,4,0,0,0,0,0,0,0,0,0,0,0,0,0,4,0,0,0,13,2,0,1,3,2,1,0,4,1,0,0,1,0,0,1,0,0,1,0,0,2,2,0,0,1,0,3,19,0,0,0,0,0,0,0,0,2,0,3,0,0,0,0,1,0,4,0,0,0,2,0,1,0,0,0,0,2,0,0,0,0,0,1,0,0,1,0,0,0,0,8,0,0,0,0,0,1,0,0,0,12,0,0,0,1,0,0,1,0,0,0,0,0,0,1,0,0,14,25,0,0,1,0,0,4,0,0,0,1,0,0,0,0,0,1,0,0,0,0,0,0,0,0,1,0,0,1,0,0,0,1,0,0,0,0,0,0,1,0,0,0,0,0,0,0,0,0,0,0,0,0,0,0,0,0,0,0,0,0,0
3066494500033200203,15,8,0,1,0,0,0,0,0,0,0,0,0,0,0,0,0,0,0,1,1,0,1,3,1,0,0,0,0,0,0,0,0,0,0,0,0,0,0,0,0,1,0,0,0,0,2,5,0,0,0,0,0,0,0,0,0,0,0,1,1,0,0,0,0,0,0,0,0,2,0,1,0,0,2,0,1,0,0,1,0,0,0,0,0,0,1,0,0,0,0,0,0,0,1,0,0,0,0,1,5,0,0,0,0,0,0,0,0,0,0,1,0,0,0,0,0,1,56,0,0,1,0,0,3,2,0,0,2,1,0,0,0,0,0,0,0,0,0,0,0,0,0,0,0,0,0,0,0,0,0,0,0,0,0,0,0,0,0,0,0,0,1,0,0,0,1,0,0,0,0,0,0,0,0,0,0,0,0,0
3066494500033200222,43,7,0,2,0,0,0,0,0,0,0,0,0,1,1,5,0,1,0,16,3,0,0,1,6,0,0,32,0,0,0,0,0,0,2,0,0,0,0,0,1,0,0,0,0,1,6,26,0,0,0,0,0,0,1,0,0,1,3,1,0,0,1,0,1,5,0,0,0,8,1,0,0,0,1,0,0,0,1,1,0,0,0,0,0,2,0,0,0,1,6,0,0,1,0,0,1,0,0,0,14,1,0,0,2,0,0,0,0,0,0,1,0,0,1,0,0,23,78,0,0,0,0,0,5,2,0,0,1,0,0,0,0,0,0,0,0,0,0,0,0,0,0,0,0,0,0,0,0,0,1,0,0,1,0,0,0,0,0,0,1,0,0,0,0,0,0,0,0,0,0,0,0,0,0,0,0,0,0,0
3066494500033200237,41,8,0,4,0,0,0,1,0,3,0,1,1,0,0,1,0,0,0,10,5,0,3,0,6,0,0,37,1,0,0,1,0,1,1,0,0,1,2,0,1,0,0,0,0,3,15,19,0,0,0,0,0,0,0,0,3,0,2,3,1,0,0,0,0,4,0,0,0,4,0,1,0,1,0,0,2,0,0,0,0,2,0,0,0,2,0,2,0,1,5,0,0,0,1,0,2,0,0,0,7,0,1,0,1,0,0,0,0,0,0,0,0,0,0,0,0,17,98,0,0,0,0,0,2,5,0,0,2,0,0,0,1,0,0,0,0,0,0,0,0,0,0,0,0,0,0,0,1,0,0,0,0,0,0,0,0,1,0,0,0,0,0,0,0,0,0,0,0,0,0,0,0,0,0,0,0,0,1,0
3066494500033200248,9,0,0,1,0,0,0,0,0,0,0,0,0,1,0,0,0,0,0,0,0,1,0,0,0,0,0,1,0,0,0,0,0,0,0,0,0,0,0,0,0,0,0,0,0,0,0,2,0,0,0,0,0,0,0,0,0,0,0,0,0,0,0,0,0,0,0,0,0,2,0,0,0,0,0,0,0,0,0,0,0,0,0,0,0,0,0,0,0,0,0,0,0,0,0,1,0,0,0,0,5,1,0,0,0,0,0,0,0,0,1,0,0,0,0,0,0,0,11,0,0,0,0,0,0,0,0,0,0,0,0,0,0,0,0,0,0,0,0,0,0,0,0,0,0,0,0,0,0,0,0,0,0,0,0,0,0,0,0,0,0,0,0,0,0,0,0,0,0,0,0,0,0,0,0,0,0,0,0,0
3066494500033200251,28,2,0,0,0,0,0,1,0,0,0,1,0,0,0,6,0,1,0,14,4,0,3,0,3,0,0,22,0,0,1,0,0,0,0,0,0,0,0,0,1,1,0,0,0,0,4,7,0,0,0,1,0,0,0,0,1,0,2,1,0,0,0,0,1,0,0,0,7,5,0,0,0,0,0,1,0,0,0,0,0,0,1,0,0,1,0,2,0,2,5,0,0,0,0,1,1,1,0,0,6,0,0,0,0,0,0,0,0,0,0,0,0,0,1,0,0,14,29,0,0,0,0,0,1,0,0,0,2,0,0,0,1,0,1,0,0,0,1,0,0,0,0,0,0,1,0,1,0,0,0,0,0,0,0,0,0,0,0,0,0,0,0,0,0,0,0,0,0,0,0,0,0,0,0,0,0,1,0,0
3066494500033200266,31,4,0,1,0,0,2,0,0,0,0,0,0,1,0,1,0,0,0,7,10,1,0,0,4,0,0,28,0,0,0,0,1,0,2,0,0,2,0,0,1,1,0,0,0,1,4,13,1,0,0,1,0,0,0,0,0,0,6,5,0,0,0,0,2,7,0,0,1,2,0,0,0,0,0,0,2,0,0,2,0,0,0,0,0,2,1,0,0,1,22,0,0,0,3,0,0,0,0,0,9,0,1,0,0,0,0,0,0,0,2,0,0,0,0,0,0,14,69,0,0,1,0,1,1,2,0,0,3,0,0,0,0,0,0,0,0,0,1,0,0,0,0,1,0,0,1,0,0,1,0,0,0,0,0,0,0,0,0,0,0,0,0,1,0,0,0,0,0,0,0,0,1,0,0,0,1,0,0,0
3066494500033200295,38,8,0,0,0,0,0,0,0,0,0,0,0,0,0,3,0,1,0,8,4,0,1,7,2,0,0,17,0,0,0,0,0,0,0,0,0,2,0,0,2,1,0,0,0,0,3,15,0,0,0,0,0,0,0,0,1,0,2,6,1,0,0,0,0,0,0,0,0,2,2,1,0,0,0,0,1,1,0,2,0,1,0,0,0,0,0,0,0,0,5,0,2,0,0,0,0,1,0,0,6,0,0,0,0,0,0,0,0,0,0,0,0,1,1,1,0,12,78,0,0,0,0,0,7,2,0,0,0,0,0,0,0,0,0,0,0,0,0,1,1,0,0,0,0,1,0,0,0,0,0,0,0,0,0,0,0,0,0,0,1,0,0,1,0,0,0,0,0,0,0,0,0,0,0,0,0,0,0,0
3066494500033200326,26,3,0,0,0,0,1,0,0,0,0,0,0,0,0,0,0,0,0,4,3,1,0,3,0,1,0,8,0,0,0,0,0,0,2,0,0,0,0,0,0,0,0,0,0,0,3,5,0,0,0,0,0,0,0,0,0,0,1,2,0,0,0,0,0,0,0,0,0,1,0,0,0,0,0,1,0,0,0,0,0,0,0,0,0,0,0,0,0,0,1,0,0,0,0,0,0,0,0,0,3,0,0,0,1,0,0,0,0,0,0,0,0,0,0,0,0,9,23,0,0,0,0,0,3,0,0,0,0,0,0,0,0,1,0,0,0,0,0,0,0,0,0,0,0,0,0,0,0,0,0,0,0,0,0,0,0,0,0,0,0,0,0,0,0,0,0,0,0,0,0,0,0,0,0,0,0,0,0,0
3066494500034100032,8,0,0,0,0,0,0,0,0,0,0,0,0,4,0,1,0,0,0,6,0,0,2,0,2,0,0,9,0,0,0,0,3,0,1,0,0,0,0,0,0,1,0,0,0,0,1,3,0,0,0,0,0,0,0,0,0,0,1,0,0,0,0,0,0,1,0,0,1,0,0,0,0,0,0,0,3,0,0,1,0,0,0,0,0,0,0,0,0,0,17,0,0,0,0,1,0,1,0,0,5,0,0,0,0,0,0,0,0,0,0,0,0,0,1,0,0,12,6,0,0,1,0,0,0,0,1,0,0,0,0,0,0,0,0,0,0,0,0,0,0,0,0,0,0,0,1,0,0,1,1,0,0,0,0,0,0,0,0,0,0,0,0,0,0,0,0,0,0,0,0,0,0,0,0,0,0,0,0,0
3066494500034100035,16,6,0,1,0,0,0,0,0,0,0,0,0,0,0,0,0,0,0,2,0,0,0,0,0,0,0,4,0,0,0,0,0,0,0,0,0,0,0,0,0,1,0,0,0,1,2,1,0,0,0,0,0,0,0,0,0,0,0,0,0,1,0,0,0,0,0,0,0,0,0,0,0,0,0,0,0,0,0,0,0,0,1,0,0,0,0,0,0,0,0,0,0,0,0,0,2,0,0,0,1,0,0,0,0,0,0,0,0,0,0,0,0,0,0,0,0,1,16,0,0,0,0,0,0,0,0,0,0,0,0,0,0,0,0,0,0,0,0,0,0,0,0,0,0,0,0,0,0,0,0,0,0,0,0,0,0,0,0,0,0,0,0,0,0,0,0,0,0,0,0,0,0,0,0,0,0,0,0,0
3066494500034200064,5,0,0,1,0,0,0,0,0,0,0,0,0,1,0,0,0,0,0,6,2,0,0,0,1,0,0,11,0,0,0,0,0,0,0,0,0,0,0,0,0,1,0,0,0,0,0,0,0,0,0,0,0,0,0,0,0,0,0,0,0,0,0,0,0,1,0,0,0,2,0,0,0,0,0,0,1,0,0,0,0,0,0,0,0,0,0,0,0,1,2,0,0,0,0,0,0,0,0,0,3,0,0,0,0,0,0,0,0,0,0,0,0,0,0,0,0,3,2,0,0,0,0,0,0,0,0,0,0,0,0,0,0,0,0,0,0,1,0,0,0,0,0,0,0,0,0,0,0,0,0,0,0,0,0,0,0,0,0,0,0,0,0,0,0,0,0,0,0,0,0,0,0,0,0,0,0,0,0,0
3066494500034200070,17,1,0,1,0,0,0,0,0,0,0,0,0,0,0,0,0,0,0,3,0,0,2,1,1,0,0,1,1,0,0,0,0,0,1,0,0,0,0,0,0,0,0,0,0,0,2,4,0,0,0,0,0,0,0,0,1,0,0,0,0,0,0,0,0,1,0,0,0,1,0,0,0,0,0,0,0,0,0,0,0,0,0,0,0,0,0,0,0,0,2,0,0,0,2,0,0,0,0,0,2,0,0,0,0,0,0,0,0,0,0,0,0,0,0,0,0,2,14,0,0,0,0,0,0,0,0,0,1,0,0,0,0,0,1,0,0,0,0,0,0,0,0,0,0,0,0,0,0,0,0,0,0,0,0,0,0,0,0,0,0,0,0,0,0,0,0,0,0,0,0,0,0,0,0,0,0,0,0,0
3066494500034200112,7,3,0,0,0,0,0,0,0,0,0,0,0,0,0,0,0,0,0,0,0,0,0,1,0,0,0,2,0,0,0,0,0,0,1,0,0,0,0,0,0,0,0,0,0,0,0,3,0,0,0,0,0,0,0,0,0,0,0,0,0,0,0,0,0,0,0,0,0,0,0,0,0,0,0,0,0,0,0,0,0,0,0,0,0,0,0,0,0,0,0,0,0,0,0,0,0,1,0,0,3,0,0,0,0,0,0,0,0,0,0,0,0,0,0,0,0,0,9,0,0,0,0,0,0,1,0,0,0,0,0,0,0,0,0,0,0,0,0,0,0,0,0,0,0,0,0,0,0,0,0,0,0,0,0,0,0,0,0,0,0,0,0,0,0,0,0,0,0,0,0,0,0,1,0,0,0,0,0,0
3066494500035100026,13,0,0,0,0,0,0,0,0,0,0,0,1,0,0,5,0,0,0,1,6,0,0,0,2,0,0,17,0,0,0,0,1,0,1,0,1,1,0,0,0,0,2,0,0,0,0,6,0,0,0,0,0,0,0,0,0,0,0,0,0,0,0,0,1,0,0,0,1,1,0,0,0,0,1,0,3,0,0,4,0,0,0,4,0,1,0,0,2,0,13,0,0,1,4,6,1,0,0,1,18,0,0,0,0,0,0,0,0,0,1,0,0,0,1,0,0,1,1,0,2,0,0,0,1,0,4,1,0,0,0,2,0,0,0,0,0,0,0,0,0,0,0,0,0,0,0,0,0,0,0,0,0,0,0,0,0,0,0,0,0,0,0,0,0,0,0,0,0,0,0,0,0,0,0,0,0,0,0,0
3066494500035100027,208,1,3,1,1,0,1,0,0,14,0,0,0,0,0,2,0,0,0,1,1,1,2,2,0,4,0,7,1,0,1,3,0,0,3,0,0,2,0,5,24,0,0,2,4,9,2,3,2,2,1,0,1,1,0,9,2,0,9,1,8,2,0,0,18,8,0,0,0,3,2,0,0,0,1,2,7,3,2,0,22,1,0,56,0,1,0,0,1,0,60,0,3,0,7,34,2,0,1,5,5,0,5,1,1,2,0,1,0,1,0,4,0,1,0,0,6,2,3,0,0,1,3,2,3,0,20,2,0,4,0,0,0,0,0,0,0,0,0,0,1,0,0,0,0,0,0,0,0,0,0,0,0,0,1,0,0,2,1,0,1,0,0,1,0,0,0,0,0,0,0,0,0,0,0,1,0,0,0,0
3066494500035100031,60,0,2,0,1,0,2,0,0,1,0,0,1,1,0,2,0,1,0,0,0,1,0,1,0,0,0,3,0,0,0,0,0,0,2,0,1,7,0,1,2,0,0,1,0,9,5,4,0,0,0,0,0,0,0,0,1,0,1,0,3,0,0,0,1,0,0,0,0,0,1,0,0,0,0,0,2,0,1,2,0,0,0,1,0,0,0,1,2,0,24,0,0,0,2,2,1,0,1,0,5,0,3,1,0,0,1,9,0,0,0,0,0,5,0,0,0,0,0,0,0,0,1,0,2,0,1,1,0,1,0,0,1,0,0,0,0,0,0,0,0,0,2,0,0,0,0,0,1,0,2,0,0,0,1,0,0,0,0,0,0,1,0,1,0,1,0,0,0,0,0,1,0,0,0,0,0,0,0,0
3066494500035100034,31,0,2,0,0,0,1,1,0,4,0,2,0,1,1,8,0,0,0,2,8,0,1,0,2,0,0,11,0,0,0,0,0,0,0,0,0,8,1,0,10,1,0,0,1,1,2,4,0,0,0,0,1,0,0,3,2,0,2,1,0,0,0,0,3,1,0,0,4,0,0,0,0,0,0,0,2,0,0,1,1,0,1,24,0,0,0,0,1,1,8,0,7,0,1,1,1,0,0,0,4,0,0,1,0,0,0,0,4,0,0,0,0,2,2,0,1,2,2,0,4,1,0,1,1,0,0,2,1,1,0,0,1,0,0,0,0,0,0,0,0,0,0,0,0,0,1,0,0,0,0,0,0,0,0,0,0,0,0,1,1,0,0,0,0,0,0,0,0,0,0,0,0,0,1,0,1,0,0,1
3066494500035100037,15,0,1,1,0,0,1,0,0,1,0,0,0,0,0,0,0,1,0,1,0,1,2,0,0,2,0,3,0,0,1,3,0,0,8,0,0,0,0,1,3,0,0,1,1,5,1,0,0,0,0,0,0,0,0,1,0,0,1,1,0,0,0,0,5,0,0,0,1,1,0,0,0,0,0,0,5,0,1,0,0,0,0,2,0,0,0,1,0,0,7,0,1,0,0,8,0,0,0,2,6,0,0,2,4,0,1,0,0,0,0,0,0,0,0,0,0,2,1,0,1,0,0,0,2,0,1,0,0,0,0,0,0,0,0,0,0,0,0,0,0,0,0,0,0,0,1,0,0,0,0,0,0,0,0,0,0,0,0,0,0,0,0,0,0,0,0,0,0,0,0,0,0,0,0,0,0,0,0,0
3066494500035100039,20,1,0,0,0,0,0,0,0,0,0,0,0,0,0,2,0,1,0,5,1,0,3,1,0,0,0,29,0,0,0,0,1,0,1,0,0,3,0,0,2,0,0,0,0,0,4,2,0,0,0,0,1,0,0,1,0,0,0,1,1,0,0,0,3,0,0,0,2,0,0,0,0,0,2,0,7,0,0,1,0,1,3,1,0,1,0,0,6,0,22,0,0,0,6,14,0,0,0,1,37,0,0,0,0,0,0,0,0,0,2,0,0,0,0,0,0,1,2,0,1,0,0,1,7,0,0,0,1,0,0,6,0,0,0,0,1,0,0,0,0,0,0,0,0,0,2,0,0,0,0,0,0,0,0,0,0,1,0,0,0,0,0,1,0,0,0,0,0,0,0,0,0,0,0,0,0,0,0,0
3066494500035100040,28,0,2,0,0,0,0,0,0,1,0,0,1,0,0,0,0,0,0,0,0,0,0,0,0,0,0,6,0,0,0,0,0,1,4,0,0,3,0,0,2,1,0,0,0,0,0,4,1,0,0,0,0,0,0,0,0,0,1,0,2,0,0,0,1,0,0,0,0,0,0,0,0,0,0,0,5,0,3,0,9,1,0,3,0,0,0,0,1,0,8,0,1,0,0,0,0,0,2,0,0,0,4,0,0,0,0,1,0,1,0,0,0,0,0,0,8,1,1,0,0,1,0,1,5,0,2,1,0,0,0,0,0,0,0,0,0,0,0,0,0,0,0,0,0,0,0,0,0,0,0,0,0,0,0,0,0,0,0,0,0,0,0,0,0,0,1,0,0,0,0,0,0,0,0,0,0,0,0,0
3066494500035100042,41,0,22,0,0,2,0,0,0,0,1,0,0,0,1,11,0,2,1,5,4,2,1,0,3,0,0,29,0,1,1,5,1,0,2,2,0,2,2,1,2,1,1,0,0,4,2,9,0,1,0,0,0,0,1,0,0,2,0,0,0,0,0,0,2,0,0,0,2,0,2,0,0,0,1,0,5,0,0,3,2,1,1,14,0,0,0,1,6,0,32,0,2,0,6,26,4,1,0,1,30,0,10,2,1,0,0,1,0,0,3,0,0,0,2,0,0,2,2,0,1,0,2,0,3,0,2,1,2,2,0,10,7,0,0,0,0,0,0,0,0,0,0,0,0,0,0,0,0,0,1,0,1,0,0,1,0,0,0,0,0,0,0,1,0,0,0,0,0,0,0,0,0,0,0,0,0,0,1,0
3066494500035100046,15,0,6,0,3,2,0,0,0,0,0,0,0,0,0,1,0,0,0,0,1,0,0,1,1,1,7,2,0,1,0,1,0,0,2,0,0,4,0,0,2,0,0,0,0,0,1,4,0,0,0,0,0,0,0,0,1,0,0,0,1,0,0,0,0,0,0,0,0,0,1,0,0,0,0,0,2,0,0,0,2,0,0,1,0,0,1,0,3,0,9,0,11,0,2,11,0,0,0,0,2,1,1,1,0,0,0,0,0,0,0,0,0,0,0,0,1,0,0,0,2,0,1,1,1,0,0,0,0,1,0,0,2,0,0,0,0,0,0,0,0,0,0,0,0,0,0,0,0,0,0,0,0,0,0,0,0,0,1,0,0,0,0,0,0,0,1,0,0,0,0,0,0,0,0,0,0,0,0,0
3066494500035100047,36,1,10,1,1,0,2,1,0,1,0,0,0,0,0,1,0,0,0,1,0,0,1,1,0,0,1,22,0,0,0,0,0,0,16,0,0,2,0,0,8,0,0,0,0,1,1,8,0,0,0,0,0,0,1,0,1,1,2,1,4,0,0,0,6,1,0,0,1,0,0,1,0,0,0,0,6,0,2,1,1,2,1,2,1,0,0,1,3,0,23,0,3,0,1,2,0,1,1,1,8,0,7,0,0,1,0,3,0,0,0,0,1,4,0,0,5,0,1,0,0,0,0,1,3,0,0,3,1,3,0,2,0,0,0,0,0,0,0,0,0,0,0,0,0,0,0,0,0,0,0,0,0,0,0,0,1,0,0,0,0,0,0,0,0,0,0,0,0,0,0,0,0,0,0,0,0,0,0,0
3066494500035100050,26,0,24,0,1,1,1,0,0,0,0,0,0,0,0,2,0,0,0,1,4,0,0,0,0,0,1,15,1,1,0,2,1,0,1,0,0,8,0,0,3,2,1,0,1,0,6,1,0,0,0,0,0,0,0,0,0,0,1,0,2,0,0,0,2,2,0,0,4,0,2,0,0,0,0,0,6,0,0,2,0,3,1,16,0,0,0,0,9,1,8,0,1,0,7,9,0,0,0,1,10,0,5,0,0,1,1,1,0,0,4,0,0,0,1,0,0,1,4,0,1,0,4,0,6,0,9,1,0,0,0,16,2,0,0,0,0,0,0,0,0,0,0,0,0,0,0,0,0,0,0,0,0,0,0,0,0,0,0,0,0,0,0,1,0,0,0,1,0,0,0,0,0,0,0,0,0,0,0,0
3066494500035100051,5,0,0,1,0,0,0,0,0,0,0,0,0,0,0,1,1,0,0,0,1,0,1,0,0,0,0,18,0,0,0,0,0,0,1,0,0,1,0,0,2,0,0,0,0,0,2,0,0,0,0,0,0,0,0,0,0,0,0,0,0,0,0,0,0,0,0,0,0,0,0,0,0,0,0,0,0,0,0,0,0,0,0,4,0,0,0,0,0,0,2,0,0,0,1,0,0,0,0,0,15,0,0,0,0,1,0,0,0,0,0,0,0,0,0,0,0,1,2,0,0,0,0,0,0,0,0,0,0,0,0,0,1,0,0,0,0,0,1,0,0,0,0,0,0,0,0,0,0,0,0,0,0,0,0,0,0,0,0,0,1,0,0,0,0,0,0,0,0,0,0,0,0,0,0,0,0,0,0,0
3066494500035100052,55,0,0,0,1,2,0,0,0,0,0,0,0,0,2,9,0,0,0,9,11,2,0,2,3,0,0,35,1,1,1,3,2,0,3,1,0,7,0,1,4,1,3,0,0,1,3,22,0,0,0,0,1,0,0,0,0,0,6,1,1,0,0,0,4,1,0,0,4,1,1,1,0,1,1,1,7,0,0,5,5,6,0,12,0,3,0,2,7,0,63,0,0,0,7,23,1,0,0,11,28,0,1,0,0,0,0,0,0,0,6,0,0,1,2,0,0,4,12,0,4,1,1,1,17,0,17,1,1,0,0,8,1,0,0,0,0,1,1,0,0,0,0,0,0,0,1,0,0,0,0,0,0,0,0,0,0,1,0,1,0,0,0,1,0,0,0,0,0,0,0,1,2,0,0,0,0,0,0,0
3066494500035100054,40,3,1,1,0,0,1,0,0,1,0,0,0,3,1,13,2,0,1,9,11,0,5,1,1,1,3,47,0,1,0,1,0,0,4,0,0,10,0,0,1,2,6,0,1,6,4,2,0,1,0,0,0,0,0,0,3,1,2,0,0,0,0,0,3,0,1,1,1,0,0,3,0,0,0,0,5,0,0,5,1,0,4,16,0,0,0,2,7,0,28,0,4,0,5,0,0,0,0,1,27,2,1,0,0,0,0,2,2,0,0,0,1,0,2,1,1,5,1,0,0,3,0,1,5,0,3,1,1,1,0,1,8,0,0,0,0,0,0,0,1,0,0,0,0,0,0,0,0,1,1,0,0,0,0,0,1,0,0,0,0,0,0,0,0,0,0,0,0,0,0,0,0,1,0,0,0,0,0,0
3066494500035100058,30,10,0,4,1,0,1,0,0,1,0,0,0,2,23,0,1,0,2,0,0,0,2,0,1,1,20,4,10,0,1,0,0,0,0,2,0,1,25,1,2,57,3,0,0,2,14,7,0,17,0,0,2,0,1,10,0,0,3,1,0,3,0,0,2,0,1,0,0,0,4,1,0,0,0,0,0,0,0,0,0,0,0,2,0,0,1,0,1,1,17,0,0,0,2,0,1,2,1,1,12,0,3,0,1,0,0,2,0,0,1,0,0,0,2,2,0,2,7,2,0,1,1,1,5,1,5,1,9,0,0,0,0,0,0,0,0,0,2,0,0,0,0,0,0,0,1,2,0,0,0,0,0,0,0,0,0,0,0,0,0,0,0,0,0,0,0,0,0,0,0,0,0,0,0,0,0,0,1,0
3066494500035100060,24,3,0,0,1,1,2,0,0,1,1,1,0,3,10,0,0,0,5,0,0,0,1,1,0,0,9,4,6,0,0,1,0,0,1,0,0,0,24,0,0,33,1,0,0,0,14,1,0,13,0,0,3,0,0,12,1,0,1,0,3,1,0,0,0,1,0,0,1,1,1,2,0,0,0,0,0,0,0,0,1,0,1,0,1,0,0,1,0,3,27,0,0,0,0,0,2,0,0,0,6,1,2,0,0,0,0,0,0,0,0,1,1,0,1,0,1,0,3,0,1,0,1,1,4,0,1,1,8,0,0,1,0,1,0,0,0,0,0,0,1,0,1,0,0,0,0,1,0,0,0,1,0,0,0,0,0,1,0,1,0,0,0,0,0,0,2,0,0,0,0,0,0,0,0,0,0,0,0,0
3066494500035100061,4,0,0,0,0,0,0,0,0,0,0,0,0,0,0,0,0,0,0,4,3,0,0,1,0,0,1,21,0,0,0,0,0,0,0,0,0,0,0,0,0,0,0,0,0,0,1,0,0,0,0,0,1,0,0,0,0,0,0,0,0,0,0,0,0,0,0,0,0,0,0,1,0,0,0,0,0,0,0,0,0,0,0,1,0,0,1,1,0,0,0,0,0,0,0,0,0,0,0,0,15,1,0,0,0,0,0,0,0,0,0,0,0,0,0,0,0,1,0,0,0,0,0,1,0,0,1,0,0,0,0,0,2,0,0,0,0,1,0,0,0,0,0,0,0,0,0,0,0,0,0,0,0,0,0,0,0,0,0,0,0,0,0,0,0,0,0,0,0,0,0,0,0,0,0,0,0,0,0,0
3066494500035100069,11,3,0,0,0,0,1,0,0,1,0,0,0,3,7,0,0,0,0,0,0,0,0,0,0,0,3,1,3,0,0,0,0,0,1,1,1,1,17,0,0,18,0,0,0,0,5,2,0,3,0,0,2,0,0,10,0,0,1,0,0,1,0,0,0,1,0,0,1,0,1,1,0,0,0,0,0,0,0,0,0,1,0,1,0,0,0,0,0,3,14,0,0,0,0,0,0,0,0,0,5,0,0,0,0,0,0,1,0,0,0,0,0,0,0,0,0,1,4,1,0,0,0,0,3,0,0,0,5,0,0,0,0,0,0,0,0,0,1,0,0,0,0,0,0,0,1,0,0,0,0,0,0,0,0,0,0,1,0,0,0,0,0,0,0,0,0,0,0,0,0,0,0,0,0,0,0,1,1,0
3066494500035100071,55,17,0,2,0,0,1,0,1,1,0,0,1,0,9,2,0,0,0,4,2,0,5,6,3,0,2,35,6,0,2,1,0,1,6,1,0,0,16,0,2,33,4,0,1,2,6,6,0,9,1,0,2,0,0,21,1,0,4,2,0,2,0,0,2,2,0,0,0,0,2,0,0,0,0,0,5,0,1,1,1,1,0,3,1,0,0,2,1,2,25,0,0,0,2,0,1,0,0,1,15,1,0,1,0,0,0,7,0,1,0,0,0,0,0,0,1,4,3,0,0,1,0,1,4,0,0,3,4,0,1,0,1,1,0,0,0,0,0,0,0,0,0,0,1,0,1,1,0,1,0,0,0,0,0,0,0,0,0,0,0,1,0,0,0,0,0,0,0,0,0,0,0,0,1,0,0,0,0,0
3066494500035100072,23,3,1,1,0,0,2,0,0,0,0,0,0,5,0,8,0,0,0,3,4,0,3,6,1,0,0,51,0,0,1,0,0,0,4,0,0,3,4,0,1,15,2,0,0,0,3,0,0,9,0,0,0,0,0,7,0,1,0,0,1,1,0,0,0,0,0,0,2,1,0,0,0,0,0,0,0,0,0,1,0,0,0,3,0,0,0,0,0,3,30,0,1,0,3,1,0,1,0,0,34,0,0,0,0,1,0,1,0,0,0,0,0,0,0,0,0,11,3,0,0,1,0,1,2,1,0,1,0,0,0,0,0,0,0,0,0,0,0,0,2,0,0,0,1,0,0,0,0,0,0,0,1,0,0,0,0,0,0,0,2,0,1,0,0,0,0,0,0,0,0,0,1,0,0,0,0,0,0,0
3066494500035100073,15,7,0,0,1,0,1,0,0,1,0,0,0,2,2,0,0,0,1,0,0,0,2,2,0,0,0,1,0,1,0,0,0,0,0,2,0,0,12,1,2,11,0,2,0,0,6,1,0,12,0,0,0,0,0,14,1,0,1,0,1,0,1,0,1,1,0,0,0,0,2,0,0,0,1,0,0,0,1,0,0,0,0,1,0,0,0,0,0,1,17,0,0,0,3,1,0,0,0,0,13,0,2,1,0,0,0,5,0,0,0,0,0,0,0,1,0,2,0,1,0,0,0,1,3,1,1,0,2,0,0,0,0,0,0,0,0,0,0,0,0,0,0,0,0,0,0,0,0,0,0,0,0,0,0,0,0,2,0,0,1,1,0,0,0,0,0,0,0,0,0,0,0,0,0,0,0,0,1,0
3066494500035100077,21,1,0,2,1,0,0,0,0,1,0,1,0,0,0,2,0,0,1,9,0,1,2,1,1,0,0,63,0,0,0,1,0,0,1,0,0,1,3,0,0,4,3,0,0,0,3,1,0,0,0,0,0,1,0,2,2,0,0,0,0,0,0,0,1,0,0,0,0,0,1,0,0,0,2,0,1,0,0,1,1,0,0,0,1,0,0,0,0,1,34,0,0,0,0,1,0,0,0,0,25,0,1,0,0,0,0,1,0,0,0,0,0,0,0,1,0,13,11,0,0,2,1,0,0,0,0,0,0,0,1,0,0,0,0,0,0,1,0,0,0,0,0,0,0,0,1,0,0,0,0,0,0,0,0,0,0,0,0,0,3,0,0,0,0,0,0,0,0,0,0,0,0,0,1,0,0,0,0,0
3066494500035100080,12,4,0,1,0,0,0,0,0,0,0,0,0,0,0,0,0,0,0,0,0,0,3,0,0,0,0,0,2,0,1,0,0,0,4,0,0,0,8,0,0,3,0,0,0,0,1,3,0,0,0,0,1,0,0,4,2,0,1,1,0,0,1,0,0,1,0,0,0,1,0,0,0,0,0,0,0,0,0,0,0,0,0,1,0,0,0,0,0,1,12,0,0,0,0,0,0,0,0,0,3,1,1,0,0,0,0,1,0,0,0,0,0,0,0,0,0,0,1,0,0,0,0,1,1,2,0,0,0,1,0,0,0,0,0,0,0,0,0,0,0,0,0,0,0,0,0,0,0,0,0,0,0,0,0,0,0,1,0,0,0,0,0,0,0,0,0,0,0,0,0,0,0,1,0,0,0,0,0,0
3066494500035200021,34,0,0,1,0,0,2,0,0,4,0,0,0,0,0,0,0,0,0,0,0,0,1,1,0,3,0,0,0,0,1,0,0,0,0,0,0,0,0,3,1,0,0,0,0,2,0,0,1,0,0,1,0,0,0,2,1,0,1,0,1,0,0,0,2,1,0,0,0,0,0,0,0,0,0,1,0,1,0,0,2,0,0,23,0,0,0,0,1,0,8,0,0,0,2,2,0,0,0,6,0,0,0,0,0,0,0,0,0,1,0,0,0,0,0,0,0,0,0,0,0,0,1,0,1,0,11,0,0,0,0,0,0,0,0,0,0,0,0,0,0,0,0,0,0,0,0,0,0,0,1,0,0,0,1,1,0,0,0,0,0,0,1,0,0,0,0,0,0,0,0,0,0,0,0,0,0,0,0,0
3066494500035200023,27,0,5,0,0,1,0,0,0,1,0,0,2,0,0,0,0,1,0,1,0,0,0,0,0,3,0,0,0,0,0,1,0,0,2,0,0,2,1,0,6,0,0,0,0,3,1,6,0,0,0,0,0,0,1,0,2,1,3,1,4,0,0,0,3,0,1,0,0,0,0,0,0,0,1,0,1,0,0,0,5,0,0,7,0,0,0,0,2,0,11,0,0,0,2,3,1,0,0,2,2,0,3,0,0,0,0,2,0,0,0,0,1,0,0,0,1,0,1,0,0,0,0,0,2,0,5,0,0,0,0,0,0,0,0,0,0,0,0,0,0,0,0,0,0,0,0,0,0,0,0,0,0,0,0,0,0,0,0,0,0,0,0,0,0,0,0,0,0,1,0,0,0,0,0,0,0,0,0,0
3066494500035200025,42,1,7,1,0,0,0,0,0,0,0,0,2,0,0,1,1,1,0,1,0,1,1,1,0,0,1,5,0,1,1,0,0,0,5,0,2,5,1,0,1,0,0,1,1,0,0,6,0,0,0,0,1,1,0,0,2,0,2,0,12,0,0,0,4,1,1,0,0,0,0,0,0,0,1,0,8,0,2,0,8,0,0,4,0,0,0,0,8,1,18,0,4,0,4,4,1,1,1,0,0,0,10,1,1,0,1,3,0,1,0,0,1,3,1,0,4,1,1,0,0,1,0,0,3,0,4,0,1,4,0,0,0,0,0,0,0,0,0,0,0,0,0,0,0,0,0,0,0,0,0,0,0,0,0,0,0,0,0,0,0,0,0,1,0,0,0,0,0,0,0,0,0,0,0,0,0,0,1,0
3066494500035200026,7,0,1,0,0,0,0,0,0,0,0,0,0,0,0,0,0,0,0,0,0,0,0,1,0,0,0,3,0,0,0,1,0,0,0,0,0,0,0,0,0,0,0,0,0,1,0,1,0,0,0,0,0,0,0,0,0,0,0,0,3,0,0,0,0,0,0,0,0,0,0,0,0,0,0,0,2,0,0,0,8,0,0,0,0,0,0,1,2,0,4,0,1,0,2,0,1,0,1,0,0,0,3,0,0,0,0,0,0,0,0,0,0,0,0,0,0,0,0,0,0,0,0,0,0,0,2,0,0,0,0,0,0,0,0,0,0,0,0,0,0,0,0,0,0,0,0,0,0,0,0,0,0,0,0,0,0,0,0,0,0,0,0,0,0,0,0,0,0,0,0,0,0,0,0,0,0,0,0,0
3066494500035200039,14,0,0,1,0,0,0,0,1,0,0,0,0,0,0,3,0,0,0,2,1,0,0,0,2,0,1,34,0,0,0,1,0,0,0,0,0,0,0,0,0,1,0,0,0,0,0,1,0,0,0,0,0,0,0,0,0,1,0,1,0,0,0,0,0,0,0,0,0,0,0,0,0,0,0,0,0,2,0,0,1,0,0,3,0,0,0,0,0,0,1,0,1,0,0,1,0,0,0,0,22,1,1,0,0,0,0,0,0,0,0,0,0,0,0,0,0,1,0,0,1,0,1,0,2,0,0,0,0,0,0,0,1,0,0,0,0,0,0,1,0,0,0,0,0,0,0,0,0,0,0,0,0,0,0,0,0,0,0,0,2,0,0,0,0,0,0,0,0,0,0,0,0,0,0,0,0,0,0,0
3066494500035200045,6,0,0,0,0,0,0,0,0,1,0,0,0,0,0,0,0,0,0,0,0,0,0,0,0,0,0,1,0,0,0,0,0,0,1,0,0,0,0,0,2,0,0,0,0,0,2,1,0,0,0,0,0,0,0,0,0,0,0,0,0,0,0,0,0,0,0,0,0,0,0,0,0,0,0,1,0,0,0,0,0,0,0,0,0,0,0,0,0,0,2,0,0,0,2,1,0,0,0,1,8,0,0,0,1,0,0,0,0,0,0,0,0,0,0,0,0,0,0,0,0,0,0,0,0,0,1,0,0,0,1,0,0,0,0,0,0,0,0,0,0,0,0,0,0,0,0,0,0,0,0,0,0,0,0,0,0,0,0,0,0,0,0,0,0,0,0,0,0,0,0,0,0,0,0,0,0,0,0,0
3066494500035200047,19,0,6,1,2,1,0,0,0,1,0,0,0,0,0,2,0,1,0,0,2,0,1,0,0,0,0,0,1,1,0,1,0,0,5,0,0,6,0,0,5,1,1,1,0,0,1,3,0,0,0,0,0,0,0,0,1,0,2,0,1,0,0,0,3,0,0,0,0,0,0,0,1,0,0,0,0,0,0,3,4,0,0,0,0,0,0,0,5,0,13,0,1,0,7,9,1,0,0,0,2,0,3,0,0,0,1,0,0,0,0,0,1,0,0,0,1,0,1,0,1,0,0,0,3,0,1,2,0,0,0,0,1,0,0,0,0,0,0,0,0,0,0,0,0,0,0,0,0,0,0,0,0,0,0,0,0,0,0,0,1,0,0,0,0,0,0,0,0,0,0,0,0,0,0,0,0,0,0,0
3066494500035200048,28,0,1,1,1,0,0,0,0,0,2,1,0,0,3,4,2,0,0,5,12,0,6,1,1,1,0,74,1,0,0,1,0,0,4,0,0,2,0,0,2,0,0,0,1,2,1,1,0,0,0,0,0,0,0,1,0,0,5,0,1,0,0,0,2,0,2,0,0,0,0,0,0,0,0,0,4,0,0,4,0,1,2,8,0,1,0,0,6,1,10,0,11,0,3,1,2,0,0,0,27,1,0,0,0,1,0,0,2,0,0,0,0,0,1,0,0,3,2,0,1,2,0,0,2,0,1,3,0,0,0,2,9,0,0,0,0,0,0,0,0,0,0,0,0,0,0,1,0,0,0,0,0,0,0,0,0,0,0,0,1,0,0,0,0,0,0,0,0,0,0,0,0,0,0,0,0,0,0,0
3066494500035200058,45,0,8,0,0,0,0,0,0,2,0,0,0,0,0,6,0,0,0,1,8,0,1,0,0,0,0,29,0,0,1,2,0,0,2,0,0,6,0,0,1,3,1,0,0,1,1,6,0,0,0,0,0,0,0,1,0,0,1,0,0,0,0,0,1,0,0,0,1,0,0,0,0,0,0,0,4,0,0,3,1,3,1,3,0,1,0,0,8,1,22,0,1,0,4,25,0,0,0,1,24,0,0,0,0,0,0,0,0,0,1,0,0,1,0,0,0,2,8,0,4,1,0,0,2,0,8,0,0,0,0,3,0,0,1,0,0,0,0,0,0,0,0,0,0,0,0,1,0,0,0,0,0,0,1,0,0,0,0,0,0,0,0,0,0,0,1,0,0,0,0,0,1,0,0,0,0,0,1,0
3066494500035200060,18,4,4,0,2,0,2,0,1,1,0,0,0,2,3,1,0,0,0,1,0,0,4,2,0,0,8,4,4,2,0,1,1,0,0,2,0,6,6,0,2,12,1,0,5,2,3,5,0,5,0,0,0,0,0,4,0,0,0,1,0,0,1,0,7,1,1,0,1,0,0,2,0,1,1,0,1,1,1,2,0,0,0,2,0,3,0,0,3,0,17,0,0,0,3,6,0,2,0,0,7,8,4,0,0,0,0,3,0,0,1,0,0,0,1,1,0,1,7,0,0,0,2,0,7,0,7,0,2,0,0,1,1,0,0,0,0,0,0,1,0,0,0,0,0,0,0,0,1,1,0,0,0,0,0,0,0,0,0,1,1,0,0,0,1,1,0,0,0,1,0,0,0,0,1,0,0,0,0,0
3066494500035200063,22,19,0,1,0,1,0,0,0,1,0,0,0,4,8,1,0,1,4,0,0,0,3,4,0,0,15,9,14,2,1,1,0,0,4,1,0,1,23,0,1,80,1,1,0,1,12,4,1,8,0,0,1,0,0,7,0,0,1,4,0,1,0,0,2,0,0,1,0,0,6,3,0,0,0,0,3,0,0,0,0,1,0,0,0,0,0,1,0,2,33,0,1,0,3,0,0,0,0,0,7,1,3,1,0,0,0,1,0,0,0,0,0,1,2,2,0,2,5,0,0,0,1,0,12,2,4,1,9,1,0,0,0,0,0,0,0,0,0,0,0,0,0,0,0,0,0,0,0,1,1,0,0,1,0,0,0,0,1,0,0,1,0,0,0,0,0,0,0,0,0,0,0,0,0,0,0,0,0,0
3066494500035200064,3,1,0,2,0,0,0,0,0,0,0,0,0,0,0,1,0,0,0,0,0,0,0,0,0,0,2,3,0,0,0,0,0,0,0,0,0,0,3,0,1,5,0,0,0,2,6,9,0,1,0,0,0,0,0,0,1,0,0,0,1,0,1,0,0,0,0,0,0,3,0,0,0,0,1,0,0,0,0,0,1,2,0,0,0,3,0,0,0,0,1,0,0,0,0,2,0,0,0,0,7,0,0,0,0,0,0,1,0,0,0,0,0,0,0,1,0,1,22,0,0,1,1,0,2,1,1,0,0,0,0,0,0,0,0,0,0,0,0,0,0,0,0,0,0,0,0,0,0,0,0,0,0,0,0,0,0,0,0,0,0,0,0,0,0,0,0,0,0,0,0,0,0,0,0,0,0,0,0,0
3066494500035200065,16,8,1,0,0,1,0,0,0,1,1,0,0,0,1,0,0,1,2,2,0,0,0,1,1,0,2,2,0,0,0,1,0,1,1,0,0,0,14,0,3,10,0,0,0,1,11,15,0,3,0,0,2,0,0,1,0,0,0,1,0,0,0,0,0,0,0,0,0,5,2,4,0,0,1,0,0,0,0,1,1,0,0,1,0,6,0,0,1,1,2,0,0,0,1,5,0,0,0,0,10,0,0,0,1,0,0,2,0,0,0,0,0,0,0,0,0,0,29,0,0,0,0,0,7,0,0,0,4,0,0,1,0,0,0,0,0,1,1,1,1,0,0,0,0,0,3,1,0,1,0,0,0,1,0,0,0,0,0,0,1,0,0,0,0,0,0,0,0,0,0,0,0,0,0,0,0,0,0,1
3066494500035200066,26,9,2,1,0,1,0,0,1,0,0,0,0,5,9,1,0,0,6,4,1,0,4,4,0,0,2,57,4,0,2,0,0,0,1,3,0,3,20,0,2,60,1,0,0,1,9,1,0,3,0,0,0,0,0,12,1,0,1,0,0,0,0,0,1,2,0,0,1,1,4,0,0,0,0,0,1,0,0,1,0,0,0,6,0,2,0,0,0,1,21,0,1,1,4,1,0,0,0,0,29,0,0,0,0,0,0,1,0,1,0,0,0,0,0,1,0,9,6,1,0,0,0,1,4,0,2,1,5,0,1,0,2,0,0,0,0,0,0,0,1,0,0,0,0,0,1,3,0,0,0,0,0,0,0,0,0,0,0,0,0,0,0,0,0,0,0,0,1,0,0,0,0,0,1,0,0,0,0,0
3066494500035200068,46,13,0,3,1,0,2,0,0,1,1,1,0,17,8,1,0,0,3,5,2,1,6,6,4,1,5,70,8,0,1,1,0,0,0,7,0,0,42,0,1,80,2,0,3,3,23,6,1,21,0,0,3,0,0,17,0,1,3,0,0,1,0,0,2,2,0,0,1,1,2,3,0,1,2,0,3,2,1,2,0,0,0,2,0,0,0,1,2,5,48,0,1,0,4,0,1,0,0,2,45,0,1,1,0,1,0,5,1,0,1,0,1,0,0,0,0,6,20,0,0,0,0,2,7,0,9,0,9,1,0,0,1,0,0,1,0,3,0,2,0,0,0,0,0,1,2,0,0,0,1,0,0,0,1,0,0,0,0,0,4,0,0,0,0,0,0,0,0,0,0,0,0,0,0,0,0,0,0,0
3066494500035200078,32,15,0,0,2,0,1,0,0,0,0,0,0,11,5,0,0,0,1,3,0,0,3,3,2,0,0,9,2,0,0,2,0,0,1,0,0,0,18,0,2,63,0,1,3,0,11,6,0,3,0,1,4,0,0,17,0,0,5,0,1,1,0,0,4,1,0,1,0,3,1,3,0,0,2,0,0,0,1,0,0,1,0,1,0,0,0,0,1,0,36,0,0,0,0,1,0,0,0,0,14,0,2,1,0,0,0,4,0,0,0,0,0,1,1,0,0,2,35,0,0,0,0,0,3,2,0,0,9,0,0,0,0,0,0,0,0,1,2,0,2,1,0,0,0,0,0,0,0,0,0,0,0,0,0,0,0,1,0,0,0,0,0,0,0,0,0,0,0,0,0,0,0,0,0,0,0,0,1,0
3066494500035200080,10,4,0,0,0,0,1,0,0,0,0,0,0,5,0,0,0,0,0,0,0,0,0,4,2,0,0,2,2,2,0,0,0,1,0,0,0,0,6,0,1,5,0,1,0,0,1,5,0,2,0,0,1,0,0,4,1,0,1,1,1,1,0,0,1,0,0,0,0,0,0,0,0,0,0,0,0,0,0,1,0,0,0,0,0,0,0,0,0,0,12,0,0,0,0,0,0,0,0,0,3,0,0,0,0,0,0,2,0,0,0,0,0,0,0,0,0,3,8,0,0,0,0,1,1,2,0,0,2,0,0,0,0,0,0,0,0,0,0,0,0,0,0,0,0,0,0,0,0,1,0,0,0,0,0,0,0,0,0,0,0,0,0,0,0,0,0,0,0,0,0,0,0,0,0,0,0,0,0,0
3066494500035200085,8,1,0,0,0,0,0,0,0,0,0,0,0,0,0,0,0,0,0,0,0,0,0,0,2,0,0,1,0,0,0,0,0,0,1,0,0,0,0,1,1,0,0,0,0,0,1,4,0,0,0,0,1,0,0,0,0,0,0,0,0,0,0,0,0,0,0,0,0,2,0,0,0,0,0,0,0,0,0,0,0,0,0,0,0,0,0,0,0,0,0,0,0,0,0,0,0,0,0,0,1,0,0,0,0,0,0,0,0,0,0,0,0,0,0,0,0,1,19,0,0,0,0,0,0,1,0,0,1,0,0,0,0,0,0,0,0,0,0,0,0,0,0,0,0,0,0,0,0,0,0,0,0,0,0,0,0,0,0,0,0,0,0,0,0,0,0,0,0,0,0,0,0,0,0,0,0,0,0,0
3066494500035200088,15,2,0,0,0,0,0,0,0,0,1,0,0,6,0,0,0,0,0,1,0,0,0,2,1,0,0,10,0,0,0,0,0,0,0,0,1,0,5,0,0,0,0,0,0,0,4,3,0,2,0,1,0,0,0,3,0,0,1,0,0,1,1,0,4,1,0,0,1,1,1,0,0,0,0,0,0,0,0,2,0,2,0,0,0,0,0,0,1,0,25,0,0,0,0,0,0,0,0,0,10,0,0,0,0,0,0,3,0,0,0,0,0,1,0,0,0,0,7,1,0,0,0,0,1,1,0,0,0,0,0,0,0,0,0,0,0,0,0,0,0,0,0,0,0,0,0,0,0,0,0,0,0,0,0,0,0,1,0,0,0,0,0,0,0,0,0,0,0,0,0,0,0,0,0,0,0,0,0,0
3066494500035300007,49,0,0,0,0,0,1,0,0,0,0,0,0,0,1,0,0,0,0,0,0,1,1,1,0,0,0,0,0,0,1,0,0,0,0,0,0,0,0,4,9,0,1,1,0,3,3,0,0,1,0,0,0,0,0,2,2,0,8,0,2,0,0,0,0,3,0,0,0,0,0,0,0,0,1,0,0,0,0,1,2,0,0,23,0,0,0,0,0,0,11,0,3,0,0,2,1,0,0,0,0,0,1,0,0,0,0,0,0,0,0,0,0,0,1,0,0,1,0,0,1,0,1,0,1,0,6,0,0,0,0,0,0,0,0,0,0,0,0,0,0,0,0,0,0,0,0,0,0,0,0,0,0,0,0,0,0,0,0,0,0,0,0,0,0,0,0,0,0,0,0,0,0,0,1,0,0,0,1,1
3066494500035300014,18,0,0,0,0,0,0,0,0,3,0,0,0,0,0,0,0,0,0,0,0,1,0,0,0,0,0,1,0,0,0,0,0,0,2,0,0,1,0,1,6,0,0,0,0,0,0,3,0,0,0,0,0,0,0,0,0,0,2,0,0,0,0,0,3,2,0,0,0,0,0,0,0,0,0,0,0,0,0,0,0,0,0,7,0,0,0,0,0,0,10,0,0,0,1,1,1,0,0,0,4,0,1,0,0,0,0,0,0,0,0,0,1,0,0,0,0,0,1,0,0,0,0,0,1,0,1,0,0,0,0,0,0,0,0,0,0,0,0,0,0,0,0,0,0,0,0,0,0,0,0,0,0,0,0,0,0,0,0,0,0,0,0,0,0,0,0,0,0,0,0,0,0,1,0,0,0,0,0,0
3066494500035300019,17,0,0,0,0,0,0,0,0,1,0,0,0,0,0,1,0,0,0,0,0,0,2,0,0,3,0,0,0,0,0,1,0,0,5,0,0,0,0,1,1,0,0,0,0,1,0,0,0,0,0,0,0,0,0,0,0,0,0,0,0,0,0,0,2,1,0,0,0,0,0,0,0,0,0,0,1,0,0,0,1,0,0,0,0,0,0,0,0,0,5,0,0,0,1,4,0,0,1,0,3,0,0,0,1,1,0,1,1,1,0,0,0,0,0,0,1,0,0,0,0,0,0,0,1,0,0,0,0,0,0,0,0,0,0,0,0,0,0,0,0,0,0,0,0,0,0,0,0,0,0,0,0,0,0,0,0,0,0,0,0,0,0,0,0,0,0,0,0,0,0,0,0,0,0,0,0,0,0,1
3066494500035300023,17,0,17,0,2,0,1,0,0,0,0,1,2,0,1,0,0,0,0,0,0,0,0,1,0,1,1,5,1,0,0,1,0,0,6,0,0,4,1,0,3,3,0,0,0,1,0,3,0,0,1,0,0,1,0,0,0,0,0,0,4,0,0,0,0,0,2,0,0,0,0,0,0,0,0,0,5,1,1,0,8,0,0,1,0,0,0,0,5,0,3,0,7,0,2,4,1,0,0,0,4,0,6,0,0,0,0,1,1,0,0,0,0,2,0,0,3,0,2,0,0,0,0,0,1,0,1,1,0,2,0,1,0,0,0,0,0,0,0,0,0,0,0,0,0,0,0,0,0,0,0,0,0,0,0,0,0,0,0,0,0,0,0,1,0,0,0,0,0,0,0,0,0,0,0,0,0,0,0,0
3066494500035300025,16,0,0,0,0,0,0,0,0,2,0,0,1,0,0,0,0,0,1,0,1,0,1,0,0,2,0,5,1,0,0,4,0,0,6,0,0,0,0,3,2,0,0,0,1,0,1,0,0,0,0,0,0,0,1,4,0,0,0,0,0,0,0,0,4,0,0,0,0,0,0,0,0,0,1,0,5,0,0,1,1,0,0,1,0,0,0,0,0,0,5,0,0,0,2,6,0,0,0,0,7,0,0,0,2,0,0,0,0,0,0,0,0,0,0,0,0,0,2,0,2,0,0,0,5,0,0,0,2,0,0,2,0,0,0,0,0,0,0,0,0,0,0,0,0,0,0,0,0,0,0,0,0,0,0,0,0,0,0,0,0,0,0,0,0,0,0,0,0,0,0,0,1,0,0,0,0,0,0,0
3066494500035300028,6,0,0,2,0,0,0,0,0,0,0,0,1,0,0,0,0,1,0,0,0,0,1,0,1,0,0,5,0,0,0,0,0,0,4,1,0,0,0,0,1,0,0,1,0,0,1,4,0,0,0,0,0,0,0,0,0,0,0,1,0,0,0,0,3,0,0,0,0,0,0,0,0,0,0,0,3,0,0,0,0,0,0,0,0,0,1,0,0,0,11,0,0,0,2,1,1,0,0,1,3,0,3,0,0,1,0,1,0,0,0,0,0,0,0,0,2,0,1,0,0,0,0,0,3,0,0,0,0,1,0,0,0,0,0,0,0,0,0,0,0,0,0,0,0,0,0,0,0,0,0,0,0,0,0,0,0,1,0,1,1,0,0,0,0,0,0,0,0,0,0,0,0,0,0,0,0,0,0,0
3066494500035300039,21,0,13,1,1,0,0,0,0,0,0,0,0,0,0,6,0,0,0,0,0,0,0,0,0,0,1,14,0,1,0,1,0,0,0,0,1,3,0,0,5,0,1,1,0,0,3,0,0,0,0,0,0,0,0,0,0,1,0,0,1,0,0,0,0,0,0,0,3,0,0,0,0,0,0,0,2,0,0,1,0,0,0,6,0,0,0,0,7,1,5,0,2,0,3,7,0,0,0,0,8,0,1,0,0,1,1,0,0,0,1,0,0,0,0,0,0,0,2,0,0,0,2,0,0,0,2,0,0,0,0,2,4,0,0,0,0,0,0,0,0,0,0,0,0,1,0,0,0,0,0,0,0,0,0,0,0,0,0,0,0,0,0,1,0,0,0,0,0,0,0,0,0,0,0,0,0,0,1,0
3066494500035300040,10,0,9,0,0,0,0,0,0,1,0,0,0,0,0,0,0,0,0,0,0,0,0,0,0,1,13,1,0,0,0,0,0,0,3,3,1,4,0,0,3,1,1,0,0,0,1,3,0,0,0,0,0,0,0,0,0,0,1,0,0,0,0,0,1,0,0,0,0,0,0,0,0,0,0,0,3,1,0,1,1,1,0,1,0,0,0,1,1,1,30,0,9,0,4,5,0,3,0,0,0,2,1,0,0,0,0,0,0,0,0,0,0,0,0,1,0,1,2,0,0,0,0,0,4,0,1,2,1,1,0,0,1,0,0,0,0,0,0,0,0,0,0,1,0,0,0,0,0,0,0,0,0,0,0,0,0,0,0,0,0,0,1,1,0,0,1,0,0,0,0,0,0,0,0,0,0,0,0,0
3066494500035300041,10,2,0,0,0,1,0,0,0,0,0,0,0,0,0,5,0,0,0,0,6,0,0,0,3,0,0,4,0,0,0,0,1,0,1,0,0,0,0,0,1,0,0,0,0,0,0,1,0,0,0,0,0,1,0,0,1,0,1,1,0,0,0,0,0,0,0,0,1,1,0,0,0,0,0,0,0,0,0,3,0,0,0,2,0,1,0,0,0,0,13,0,0,0,0,4,1,0,0,1,5,0,0,0,0,0,0,0,0,0,0,0,1,0,0,0,0,3,8,0,0,0,0,0,2,0,0,0,0,0,0,0,0,0,0,0,0,0,0,0,0,0,0,0,0,0,0,0,0,0,0,0,0,0,0,0,0,0,0,0,0,0,0,0,0,0,0,0,0,0,0,0,0,0,0,0,0,0,0,0
3066494500035300044,12,3,5,0,0,1,2,0,0,0,0,0,0,4,10,0,0,0,0,2,1,0,1,0,0,0,14,1,1,0,0,1,0,0,4,1,0,5,13,0,1,20,1,1,0,2,3,2,1,16,0,0,0,0,0,3,0,0,0,1,0,2,0,0,3,0,0,0,1,0,1,0,0,0,1,0,0,0,0,0,0,0,0,0,0,0,0,0,1,0,20,0,0,0,5,1,0,0,0,1,3,2,0,1,0,0,0,3,0,0,0,0,0,1,1,1,0,1,1,0,0,0,4,0,3,0,11,1,4,1,0,0,2,0,0,0,0,0,0,0,0,0,0,0,0,0,1,0,0,0,0,0,0,0,1,0,0,0,0,0,0,0,0,1,0,0,0,0,0,0,0,0,0,0,0,0,0,0,0,0
3066494500035300045,16,0,9,0,2,1,1,0,0,1,0,0,0,0,3,0,0,0,0,0,0,0,3,4,2,0,14,0,0,0,0,0,0,0,2,0,1,7,0,0,1,1,1,3,0,0,2,4,0,2,0,0,0,1,1,3,1,0,2,0,1,0,0,0,2,0,0,0,0,0,0,1,0,0,0,0,0,1,0,1,0,0,0,0,0,0,1,0,6,0,41,0,11,0,3,2,3,2,0,1,2,0,2,0,0,0,0,0,0,0,0,0,0,0,0,0,0,1,3,0,1,0,2,1,5,0,5,2,1,0,0,0,1,0,2,0,0,0,0,0,0,0,0,0,0,0,0,0,0,0,0,0,0,0,0,0,0,0,0,0,0,0,0,1,0,0,0,1,0,0,0,0,0,0,0,0,0,0,0,0
3066494500036100059,43,7,0,1,1,0,1,0,1,0,0,0,0,0,0,4,0,0,1,9,1,0,3,1,7,0,0,47,1,0,0,1,1,1,0,0,0,0,1,0,1,1,0,0,3,0,9,11,0,0,0,0,0,0,0,0,2,0,1,0,0,0,0,0,3,3,0,0,2,2,0,1,0,0,0,0,1,1,0,4,0,2,0,0,0,0,0,0,1,1,19,0,0,0,3,0,0,0,0,0,11,0,0,0,1,0,0,2,0,1,0,0,0,0,0,1,0,23,55,0,0,0,0,0,4,2,0,0,0,1,0,0,0,0,0,0,0,0,0,0,0,0,0,0,0,0,0,0,0,0,0,0,1,0,0,0,0,0,0,0,0,0,0,1,0,0,0,0,0,0,0,0,0,0,1,0,0,0,0,0
3066494500036100065,11,0,0,1,0,0,1,0,2,0,0,0,0,1,0,0,0,0,0,12,4,0,3,0,2,0,0,26,1,0,0,2,0,0,2,0,0,0,0,0,0,0,1,0,0,2,2,0,0,0,0,0,0,1,0,0,0,1,2,0,0,0,0,0,3,2,0,0,1,0,0,0,0,0,0,0,2,0,0,2,0,0,0,1,0,0,0,0,0,0,15,0,0,0,1,1,0,0,0,0,6,1,1,0,0,0,0,0,0,0,0,0,0,0,0,0,0,26,3,0,0,0,0,0,1,0,0,0,0,0,0,0,0,0,0,1,0,0,0,0,1,0,0,0,0,0,0,0,0,0,0,0,0,0,0,0,0,0,0,0,0,0,0,0,0,0,1,0,0,0,0,0,0,0,2,1,0,0,0,0
3066494500036100074,47,4,0,2,0,0,0,0,1,2,1,0,0,1,0,3,0,1,0,13,2,0,3,0,5,0,0,70,0,0,0,0,5,0,1,0,0,0,2,1,3,2,1,0,1,1,8,18,0,0,0,0,1,0,0,0,2,0,2,0,0,0,0,0,7,2,1,0,0,3,2,1,0,0,1,0,2,0,0,3,1,1,0,0,0,0,0,0,0,1,21,0,0,0,3,1,1,0,0,0,19,0,0,0,0,0,0,0,0,0,0,0,0,1,2,0,0,45,65,0,0,0,0,1,1,1,0,1,2,0,0,0,1,0,0,1,0,0,1,0,0,0,0,0,0,0,0,0,0,1,0,0,0,0,0,0,0,0,0,0,1,0,0,0,0,0,0,0,0,0,0,0,1,0,1,0,0,0,0,0
3066494500036200108,28,2,0,1,0,0,0,0,1,1,0,0,0,0,0,2,0,0,0,8,2,0,1,3,2,3,0,125,0,0,1,0,0,0,2,0,0,0,0,0,2,3,0,0,1,0,4,2,0,0,0,0,0,0,0,0,1,0,0,0,0,0,0,0,2,2,0,0,1,1,0,0,0,0,0,0,0,0,0,1,0,0,0,0,0,0,0,1,1,0,19,0,0,0,0,1,0,1,0,0,39,0,0,0,0,0,0,2,0,0,0,0,0,0,1,0,0,6,12,0,0,0,0,0,2,1,0,0,0,0,1,0,0,0,0,0,0,1,1,1,0,0,0,0,0,0,0,0,0,1,0,0,0,0,0,0,0,0,0,0,4,0,0,0,0,0,0,0,0,0,0,0,0,0,2,0,0,0,0,0
3066494500036200135,18,1,0,1,0,0,0,0,0,0,0,0,0,0,0,2,1,0,0,8,4,0,1,4,0,0,0,18,2,0,0,0,0,0,2,0,0,0,0,0,1,1,2,0,6,0,4,10,0,0,0,0,0,0,0,0,1,0,0,0,0,0,0,0,0,2,0,0,3,6,1,0,0,0,0,0,1,0,0,3,0,1,0,0,0,1,0,0,0,0,27,0,0,0,2,1,3,0,0,0,18,0,0,0,0,0,0,1,0,0,0,0,0,0,0,0,0,11,28,0,0,1,1,1,2,0,1,0,2,0,0,0,0,0,1,0,0,0,0,0,0,0,0,0,0,0,0,1,0,0,0,0,0,0,0,1,0,0,0,0,0,0,0,0,0,0,0,0,0,0,0,0,0,0,1,0,0,0,0,0
3066494500036200144,30,1,0,0,0,0,0,0,0,0,0,0,1,0,0,4,0,0,0,6,8,0,2,0,6,0,0,33,1,0,0,0,0,0,0,0,0,0,0,0,0,0,1,0,2,0,9,6,0,0,0,0,1,0,0,0,0,0,0,0,0,0,0,0,1,0,0,0,1,2,0,1,0,0,0,0,0,0,0,2,0,0,0,0,0,1,0,1,0,1,25,0,0,0,3,2,1,0,0,0,12,0,1,0,0,1,0,0,0,0,0,0,0,0,2,0,0,9,27,0,0,0,0,0,1,0,0,0,1,0,0,1,1,0,0,0,0,0,0,0,0,0,0,0,0,0,0,0,0,0,0,0,0,0,0,0,0,0,0,0,2,0,0,0,0,0,0,0,0,0,0,0,0,0,0,0,0,0,0,0
3066494500036200160,17,1,0,1,0,0,0,0,0,1,0,0,0,1,0,5,0,0,0,9,2,0,0,1,5,0,0,17,1,0,0,0,0,0,1,0,0,1,0,0,2,1,1,0,0,2,2,4,0,0,0,0,0,0,0,0,1,0,0,0,0,0,0,0,0,0,0,0,1,2,0,0,0,0,0,0,0,0,0,0,0,1,0,0,1,0,0,0,0,3,15,0,0,0,0,1,0,0,0,0,5,0,1,0,0,0,0,0,0,1,0,0,0,0,0,1,0,11,22,0,0,1,0,1,0,0,0,0,0,1,0,0,0,0,0,0,0,0,0,0,1,0,0,0,0,0,0,0,0,0,0,0,0,0,0,0,0,0,0,0,0,0,0,1,0,0,0,0,0,0,0,0,0,0,0,0,0,0,0,0
3066494500036200173,45,2,0,1,0,0,1,0,0,0,0,0,1,0,0,2,0,1,1,3,3,0,0,1,6,0,0,41,0,0,0,1,1,0,1,1,1,0,0,0,0,0,0,0,0,0,6,6,0,0,0,0,0,1,0,0,0,0,0,0,1,0,0,0,1,0,0,0,1,1,0,0,0,1,0,0,0,0,0,2,1,0,0,0,0,0,0,0,1,0,19,0,0,0,2,1,0,0,0,0,9,0,0,0,0,0,0,0,0,0,0,0,0,0,2,0,0,10,28,0,0,0,1,0,2,3,0,0,1,0,0,0,0,0,0,0,0,0,1,0,0,0,0,0,0,0,0,0,0,0,0,0,0,0,0,0,0,0,0,0,0,0,0,0,0,0,0,0,0,0,0,0,0,0,0,0,0,0,0,0
3066494500036200194,15,2,0,0,0,0,3,0,0,0,0,0,0,2,0,0,0,0,0,7,4,0,2,1,5,2,1,11,0,0,0,0,3,1,2,0,0,0,0,0,3,0,1,0,0,0,6,12,0,0,0,0,0,0,0,0,0,0,0,0,0,0,0,0,1,6,0,0,3,2,0,0,0,0,0,0,1,0,1,0,1,1,0,0,0,0,0,0,0,2,19,0,0,0,2,0,0,0,0,0,8,0,0,0,0,0,0,0,0,0,0,0,0,0,0,0,1,19,14,0,0,1,1,0,1,0,1,0,1,0,0,0,2,1,0,0,0,0,1,0,0,0,0,0,0,0,0,0,0,0,0,0,0,0,0,0,0,0,0,0,0,0,0,0,0,0,0,0,0,1,0,0,0,0,0,0,0,0,0,0
3066494500036200203,26,11,0,1,0,0,0,0,0,1,0,0,0,0,0,0,0,0,0,1,1,1,0,0,4,2,0,8,1,0,0,0,1,0,0,0,0,1,1,0,1,1,0,0,0,0,16,17,0,0,0,0,1,0,0,0,1,0,1,0,1,0,2,0,0,1,0,0,0,4,0,1,0,0,0,0,0,0,0,1,1,1,0,0,0,0,0,0,0,1,3,0,1,0,0,0,2,0,0,0,6,0,0,0,0,0,0,1,0,1,0,0,0,0,1,0,0,9,59,0,0,0,0,0,3,0,0,0,4,0,0,0,0,0,0,0,0,0,0,0,1,0,0,0,0,0,1,0,0,0,0,1,0,0,0,0,0,0,0,0,1,0,0,0,0,0,0,0,0,0,0,0,0,0,0,0,0,0,0,1
3066494500036200234,25,1,0,0,0,0,0,0,0,1,0,0,0,0,0,2,0,0,0,10,4,0,2,0,3,0,0,24,1,0,0,1,2,0,1,0,0,0,0,0,0,0,0,0,1,0,5,6,0,1,0,0,1,0,0,0,1,0,2,0,1,0,0,0,0,6,0,0,2,4,0,0,0,0,0,0,1,0,1,1,0,0,0,0,0,0,0,0,0,2,7,2,0,0,1,0,0,0,0,0,9,0,0,0,0,0,0,3,0,1,0,0,0,0,1,0,0,35,37,0,0,0,0,0,1,1,0,0,1,0,0,0,0,0,0,1,0,0,0,0,0,0,0,0,0,0,0,0,0,0,0,0,0,0,0,0,0,0,0,0,0,0,0,0,0,0,0,0,0,0,0,1,0,0,0,0,0,0,0,0
3066494500036200258,7,1,0,1,0,0,0,0,0,0,0,0,0,0,1,0,0,2,0,2,0,0,0,0,0,0,0,2,0,0,0,0,0,0,0,0,0,0,0,0,0,0,0,0,0,0,1,1,0,0,0,0,0,0,0,0,1,0,0,0,0,0,0,0,0,1,0,0,0,1,0,1,0,0,0,0,0,0,0,1,0,1,0,1,0,0,0,1,0,0,1,0,1,0,0,0,0,0,0,0,5,0,0,0,0,0,0,1,0,0,0,0,0,0,0,0,0,2,19,0,0,0,0,0,0,0,0,0,0,0,0,0,0,0,0,0,0,0,0,0,0,0,0,0,0,0,0,0,0,0,0,0,0,0,0,0,0,0,0,0,0,0,0,0,0,1,0,0,0,0,0,0,0,0,0,0,0,0,0,0
3066494500036200268,6,3,0,0,0,0,0,0,0,0,0,0,0,0,0,0,0,0,0,0,0,0,0,0,0,0,0,0,1,0,0,0,0,0,0,0,0,0,0,0,0,0,0,0,0,0,1,2,0,0,0,0,0,0,0,0,1,0,0,0,0,0,0,0,0,0,0,0,0,0,0,0,0,0,0,0,0,0,0,0,0,2,0,0,0,0,0,0,0,0,0,0,0,0,0,1,0,0,0,0,0,0,0,0,0,0,0,0,0,0,0,0,0,0,0,0,0,0,15,0,0,0,0,0,1,0,0,0,0,0,0,0,0,0,0,0,0,0,0,0,0,0,0,0,0,0,0,0,0,0,0,0,0,0,0,0,0,0,0,0,0,0,0,0,0,0,0,0,0,0,0,0,0,0,0,0,0,0,0,0
3066494500041100084,14,3,0,0,0,0,0,2,0,0,0,0,0,0,0,0,0,0,0,0,0,0,0,3,0,0,0,4,0,0,0,1,0,0,0,0,0,0,0,0,0,0,0,0,0,0,0,11,0,0,0,0,0,0,0,0,0,0,0,1,0,0,0,0,0,0,0,0,1,2,0,0,0,0,0,0,0,1,0,0,0,1,0,1,0,1,0,0,0,0,3,0,0,0,0,0,1,0,0,0,1,0,0,0,0,0,0,0,0,0,0,0,0,1,0,0,0,1,29,0,0,0,0,0,1,1,0,0,1,0,0,0,0,0,0,0,0,0,1,0,0,0,0,0,0,0,0,0,0,0,0,0,0,0,0,0,0,0,0,0,0,0,0,0,0,0,0,0,0,0,0,0,0,1,0,0,0,0,0,0
3066494500041100109,10,0,0,1,0,0,0,0,1,0,0,0,0,0,0,2,0,0,0,5,1,0,0,0,0,1,0,29,0,0,0,0,0,0,0,0,0,0,0,0,0,0,0,0,0,0,0,0,0,0,0,0,0,0,0,0,0,0,0,0,0,0,0,0,0,0,0,0,0,0,0,0,0,0,0,0,0,0,0,0,0,0,1,0,0,1,0,0,0,0,2,0,0,0,0,0,1,0,0,0,21,0,0,0,0,1,0,0,0,0,0,0,0,0,0,0,0,3,0,0,0,0,0,0,0,0,0,0,0,0,0,0,0,0,0,0,0,0,1,0,0,0,0,0,0,0,0,0,0,1,0,0,0,0,1,0,0,0,0,0,1,0,0,0,0,0,0,0,0,0,0,0,0,0,1,0,0,1,0,0
3066494500041200063,27,3,1,0,0,1,1,0,0,1,0,0,0,0,0,1,0,0,0,15,6,0,0,1,2,0,0,20,0,0,0,0,1,0,1,0,0,1,1,0,1,2,0,0,0,2,5,13,1,0,0,0,0,0,0,0,0,0,1,10,0,0,1,0,0,0,0,0,1,2,1,0,0,1,0,0,0,0,0,3,0,0,0,0,0,0,0,1,0,0,11,0,0,0,2,0,0,0,0,0,20,0,1,0,0,0,0,1,0,0,0,1,0,0,2,0,0,21,18,0,0,0,0,0,2,0,0,1,1,0,0,0,0,0,0,0,0,0,0,0,0,0,0,0,0,0,0,0,0,0,1,0,0,0,0,0,0,0,0,0,0,0,0,0,0,0,0,0,0,0,0,0,0,0,0,0,0,0,0,0
3066494500041200094,62,9,0,3,0,0,0,0,0,3,0,1,0,0,0,5,0,4,0,11,9,0,1,5,4,0,1,56,0,0,0,0,1,0,0,0,0,3,0,0,1,0,0,0,0,2,16,16,0,0,0,0,0,0,1,0,0,0,0,16,0,0,1,0,1,1,0,0,1,4,1,0,0,0,0,0,0,0,0,2,0,2,1,0,0,7,0,0,0,0,4,0,0,0,1,0,1,0,0,0,27,0,1,0,0,1,0,0,0,0,0,0,0,0,1,1,0,24,84,0,0,0,0,1,4,1,0,3,0,0,0,0,0,0,0,1,0,0,0,1,0,0,0,0,0,0,0,0,0,0,0,0,0,0,0,0,0,0,0,0,1,0,0,0,0,0,0,0,0,0,0,0,0,0,0,0,0,0,0,0
3066494500041200159,52,6,0,4,0,2,0,0,1,2,1,1,0,0,1,3,0,1,0,15,6,1,2,1,3,1,0,50,0,0,0,3,4,0,1,0,0,2,0,0,0,2,1,0,0,0,8,22,0,0,0,0,0,0,0,0,0,0,4,20,0,0,0,0,1,0,0,0,0,2,0,0,0,0,0,0,1,0,0,2,0,1,2,0,0,4,0,1,0,0,14,0,0,0,4,0,1,0,0,0,25,0,0,0,2,0,0,1,0,0,0,0,0,0,0,0,0,25,39,0,0,0,0,0,2,3,0,0,1,0,0,0,0,0,0,0,0,0,0,0,0,0,0,0,0,1,0,0,0,0,1,0,0,0,0,0,0,0,0,0,1,0,0,0,0,0,0,0,1,1,0,0,0,0,0,0,0,0,0,0
3066494500041200173,73,10,0,3,1,3,0,0,0,0,0,1,0,0,0,13,2,0,0,11,15,0,0,3,4,1,0,37,0,1,0,0,3,0,1,0,0,4,0,0,1,1,0,0,0,1,5,17,0,0,0,0,0,0,0,0,1,0,2,12,1,0,0,0,0,0,0,0,4,9,0,0,0,1,0,2,1,0,0,4,0,0,1,0,0,2,0,0,0,1,14,0,0,0,3,1,2,0,0,0,19,0,0,0,0,0,0,1,0,0,0,0,0,1,2,0,0,16,84,0,0,0,0,0,3,4,0,1,5,0,2,0,0,0,0,0,0,0,0,0,0,0,0,0,0,0,0,0,0,1,1,0,0,0,0,0,0,0,0,0,0,0,0,1,0,0,1,0,0,0,0,0,0,2,0,1,0,0,0,0
3066494500041200188,86,8,0,2,1,1,0,0,0,1,2,0,0,0,1,5,1,2,0,28,9,0,3,1,5,1,0,103,0,0,0,0,1,0,0,0,0,0,0,0,3,2,0,0,3,0,8,23,0,2,0,0,1,0,0,1,1,0,2,18,2,0,0,0,1,0,0,0,0,9,1,0,0,0,1,1,2,0,0,1,0,2,0,1,1,6,0,1,0,1,15,1,0,0,8,1,0,0,0,0,46,0,0,0,0,1,0,0,0,0,0,0,0,1,1,1,0,31,74,0,0,1,0,0,3,2,0,0,1,0,0,0,0,0,0,0,0,0,1,0,0,1,0,0,0,0,0,0,0,0,0,0,0,0,0,0,0,0,0,0,1,0,0,1,0,0,0,0,0,0,0,0,0,0,1,0,0,0,0,0
3066494500041200203,71,6,0,3,0,1,2,0,1,0,0,1,2,1,0,3,0,1,0,17,5,0,2,2,6,0,0,101,0,0,0,0,1,0,1,0,0,0,0,0,1,1,0,0,0,1,6,19,1,1,0,0,0,0,0,0,1,0,1,14,0,0,1,0,3,0,0,0,3,6,0,0,0,0,0,0,2,0,0,2,0,2,0,0,0,3,0,1,1,1,3,0,0,0,3,1,0,0,0,0,42,0,0,0,0,0,0,0,0,1,0,0,0,0,1,0,0,25,32,0,1,1,0,1,2,3,0,0,1,1,0,0,0,0,0,0,0,0,2,0,0,0,0,0,0,0,0,0,0,0,0,0,0,0,0,0,0,0,0,0,0,0,0,1,0,0,0,0,0,1,0,0,0,0,1,0,1,0,0,0
3066494500041200217,49,7,0,1,0,0,0,0,0,0,0,0,1,0,0,3,0,0,0,12,7,0,2,0,3,2,0,80,1,0,0,0,2,0,2,0,0,1,0,0,0,3,0,0,0,0,4,8,1,0,0,0,0,0,0,0,1,0,0,7,1,0,0,0,1,0,1,0,2,3,0,1,0,0,0,0,0,0,0,0,0,0,2,0,0,2,0,0,0,0,6,0,0,0,3,1,0,0,0,0,33,0,0,0,0,0,0,0,1,0,0,0,0,0,1,1,0,20,22,0,0,0,0,0,0,0,0,0,0,0,0,0,0,0,0,0,0,0,1,0,0,0,0,0,0,1,0,1,0,1,0,0,1,0,0,0,0,0,0,0,0,0,0,1,0,0,0,0,0,0,0,0,1,1,0,0,0,0,0,0
3066494500041200220,59,7,0,2,0,0,1,0,0,1,1,0,1,0,0,8,0,4,0,7,5,0,1,2,6,1,0,71,1,0,0,0,0,0,0,0,0,0,0,0,0,0,0,1,1,1,9,14,0,0,0,0,0,0,0,0,2,1,1,7,1,0,0,0,0,0,0,0,1,8,1,0,0,1,1,0,3,0,0,1,0,1,1,0,0,2,0,0,0,0,5,1,1,0,1,1,0,0,0,0,41,0,0,0,0,0,1,0,1,2,0,0,1,0,1,0,0,21,69,0,0,0,0,0,2,0,0,0,0,0,0,0,0,0,0,0,0,0,0,0,0,0,0,1,0,0,0,0,0,1,1,0,0,0,0,0,0,0,0,0,1,0,0,0,0,0,0,0,0,0,0,0,0,1,1,1,0,0,0,0
3066494500041200242,20,0,0,1,0,0,0,0,0,2,0,0,0,2,0,5,0,0,0,8,3,0,0,0,0,0,0,45,0,0,0,0,1,0,2,0,0,2,0,0,0,0,0,0,2,0,1,10,0,1,0,1,0,0,0,0,1,0,0,9,0,0,0,0,0,0,0,0,2,0,0,1,0,0,0,0,0,0,0,0,0,0,0,1,0,1,0,0,0,1,9,0,0,0,0,0,0,0,0,0,14,1,0,0,0,0,0,0,0,0,0,0,0,0,0,0,0,9,6,0,0,0,0,0,0,0,0,0,0,0,0,0,0,0,0,0,0,0,0,0,1,0,0,0,0,0,0,0,0,1,0,0,0,0,0,0,0,0,0,0,1,0,0,1,0,0,0,0,0,0,0,0,0,0,0,0,0,0,0,0
3066494500042100012,72,8,0,1,0,0,3,0,1,3,1,0,2,20,1,4,0,2,0,12,2,0,12,2,4,2,3,77,0,1,0,2,2,0,0,1,0,2,2,0,2,2,0,2,3,1,4,35,0,0,0,0,1,1,0,0,1,0,3,42,7,0,0,0,3,0,0,1,3,1,0,0,0,0,1,0,5,0,0,2,0,0,2,0,0,5,0,1,4,2,35,6,1,1,3,1,0,0,0,1,48,1,4,0,0,0,0,4,0,1,0,0,2,0,0,0,0,14,23,0,0,1,1,0,2,0,0,1,0,1,1,0,0,0,0,0,0,0,0,2,1,0,0,0,0,0,1,2,1,1,0,0,0,1,0,0,0,0,0,0,0,0,0,0,0,0,0,0,0,1,0,0,0,0,1,0,1,0,0,0
3066494500042100013,12,0,0,0,0,0,0,0,0,1,0,1,0,8,0,0,0,0,0,2,0,1,0,1,0,0,0,11,0,1,0,0,0,0,0,0,0,0,0,0,0,0,0,0,0,0,0,6,0,0,0,0,0,0,0,0,0,0,0,7,4,0,0,0,0,0,0,0,0,0,1,2,0,0,0,0,1,0,0,0,0,0,0,0,0,1,0,0,1,0,5,4,0,0,0,0,0,0,0,0,6,0,0,1,0,0,0,0,0,0,0,0,0,0,0,0,0,1,0,0,0,0,0,0,3,0,1,0,0,0,0,0,0,0,0,0,0,0,0,0,0,0,0,0,0,0,0,0,0,0,0,0,0,0,0,0,0,0,0,0,0,0,0,0,0,0,0,0,0,0,0,0,0,0,0,0,0,0,0,0
3066494500042100015,57,0,0,1,0,0,0,0,0,1,0,0,1,0,0,1,0,2,0,0,7,0,5,0,3,1,0,17,0,1,0,1,1,0,1,1,0,0,0,0,0,0,0,2,0,1,8,8,0,0,0,0,0,0,0,0,0,0,0,0,0,0,0,0,1,0,0,1,1,0,0,0,0,0,2,0,1,0,0,8,0,0,0,0,3,3,0,1,1,0,8,15,0,0,1,1,0,2,0,2,12,0,1,0,2,0,0,0,0,0,6,0,0,0,0,0,0,1,8,0,0,0,0,2,2,1,0,0,0,0,0,0,0,0,0,0,0,0,1,0,0,0,0,0,0,0,1,0,0,0,0,0,0,0,0,1,0,0,0,0,0,0,0,0,0,0,0,0,0,0,0,0,0,0,0,0,0,0,0,0
3066494500042100017,12,1,0,0,0,0,0,0,0,0,1,0,0,0,0,0,0,0,0,1,6,0,4,0,2,0,0,8,0,0,0,2,0,0,0,0,0,1,0,0,4,0,0,0,1,1,3,0,0,1,0,0,0,0,0,0,0,0,0,1,0,0,0,0,2,0,0,0,0,0,0,1,0,0,0,1,1,0,0,0,0,0,0,0,0,0,0,1,0,0,2,3,0,0,0,0,0,0,0,0,8,1,0,0,0,0,0,0,0,0,3,0,0,0,0,0,0,3,0,0,0,1,0,0,0,0,0,0,0,0,1,0,0,0,0,0,0,0,0,0,0,0,0,0,0,0,0,0,0,0,0,0,0,0,0,0,0,0,0,0,0,0,0,0,0,0,0,0,0,0,0,0,0,0,0,0,0,0,0,0
3066494500042100021,6,2,0,0,0,0,0,0,1,1,0,0,0,0,0,0,0,0,0,0,1,0,4,0,2,0,0,4,0,1,0,0,0,0,2,0,0,0,0,0,0,0,0,0,0,2,3,5,0,0,0,4,0,0,0,2,0,0,0,3,0,0,0,0,0,0,0,0,0,0,0,0,1,0,3,0,2,0,0,2,0,0,0,0,0,0,0,0,0,0,3,0,0,0,1,0,0,0,0,0,2,0,0,1,0,0,0,0,0,0,0,0,0,0,0,0,0,3,12,0,0,0,0,0,0,0,0,0,2,0,0,0,0,0,0,0,0,0,0,0,0,0,0,0,0,0,0,0,0,0,0,0,0,0,0,0,0,0,0,0,0,0,0,0,0,0,0,0,0,0,0,0,0,0,0,0,0,0,0,0
3066494500042100026,4,0,0,0,0,0,0,0,0,0,0,0,0,0,0,0,0,0,0,4,1,0,1,0,0,0,0,2,0,0,0,0,0,0,1,0,0,0,0,0,0,0,0,0,0,0,0,3,1,0,0,1,0,0,0,0,0,0,0,2,0,0,0,0,0,0,0,0,0,1,0,0,0,0,1,0,2,0,0,0,0,0,0,0,0,0,0,0,0,0,1,0,0,0,0,0,0,0,0,0,3,0,0,0,0,0,0,0,0,0,0,0,0,0,0,0,0,2,2,0,0,0,0,0,0,0,1,0,0,0,0,0,0,0,0,0,0,0,0,0,0,0,0,0,0,0,0,0,0,0,0,0,0,0,0,0,0,0,0,0,0,0,0,0,0,0,0,0,0,0,0,0,0,0,0,0,0,0,0,0
3066494500042100027,16,0,0,0,0,0,0,0,0,1,0,0,0,0,0,0,0,0,0,2,3,0,0,0,0,0,0,65,0,0,0,0,0,0,0,0,0,0,0,0,0,0,0,0,0,0,3,0,0,1,0,0,0,0,0,0,0,0,1,3,1,0,0,0,0,0,0,0,0,0,0,1,0,0,2,1,0,0,0,0,1,0,1,0,1,0,0,0,0,0,2,0,1,0,0,0,0,0,0,0,31,0,0,0,0,0,0,0,0,0,0,0,0,0,0,0,0,8,0,0,0,0,0,0,0,0,1,0,0,0,0,0,0,0,0,0,0,0,0,1,0,0,0,0,0,0,0,0,0,1,0,0,0,0,0,0,0,0,0,0,1,0,0,0,0,0,0,0,0,0,0,0,0,0,0,0,0,0,0,0
3066494500042100030,49,1,0,0,0,0,3,0,2,0,6,0,1,0,2,0,0,0,0,0,1,0,0,0,0,0,0,2,0,0,1,1,0,3,0,0,0,1,0,0,0,3,0,0,0,0,4,3,2,2,0,0,0,0,0,2,0,0,5,0,0,0,0,0,0,1,0,0,0,0,1,0,0,0,14,2,5,0,0,1,0,0,0,0,0,0,0,1,0,1,9,1,1,0,0,1,0,1,0,1,2,7,1,0,0,0,0,0,0,0,0,0,8,0,1,0,1,0,4,0,0,0,0,2,1,1,0,0,0,0,2,0,0,0,0,0,0,0,0,0,0,0,0,0,0,0,0,0,0,0,0,0,0,0,0,1,0,0,0,0,0,0,0,0,0,0,0,0,0,0,0,0,0,0,0,0,0,0,0,0
3066494500042100031,35,0,0,0,0,0,0,0,0,0,15,1,2,0,0,0,0,0,0,0,0,0,1,1,0,0,0,1,0,0,0,0,0,0,0,0,1,3,0,0,2,2,0,0,4,4,1,3,2,1,0,2,0,0,0,0,0,0,8,0,0,0,0,0,2,0,0,0,0,0,0,0,0,0,1,1,11,0,0,0,0,3,0,1,0,0,0,0,1,0,9,3,0,0,2,0,0,2,0,0,1,7,1,0,0,0,0,2,0,1,0,1,0,0,0,0,0,1,3,0,0,1,0,1,1,0,0,0,1,0,0,0,0,0,0,0,0,0,0,0,0,0,0,1,0,0,0,0,0,0,0,0,0,0,0,0,0,0,0,1,0,0,0,1,0,0,0,0,0,0,0,0,0,0,0,0,0,0,0,0
3066494500042100032,20,0,0,0,0,0,0,0,0,0,1,0,0,0,0,0,0,1,0,0,1,0,0,0,0,0,0,1,0,1,0,1,0,0,1,0,0,0,0,0,0,1,0,0,0,0,1,2,0,0,0,0,0,0,0,0,0,0,1,3,0,0,0,0,0,0,0,0,0,0,0,0,0,0,17,0,3,0,0,0,0,2,1,0,0,0,0,0,0,0,2,0,0,0,0,0,0,0,1,0,0,0,0,0,1,0,0,0,0,0,0,0,0,0,0,0,0,1,0,0,0,0,0,0,0,0,0,0,0,0,0,0,0,0,0,0,0,0,0,1,0,0,0,0,0,0,0,0,0,0,0,0,0,0,0,0,0,0,0,0,0,0,0,1,0,0,0,0,0,0,0,0,0,0,0,0,0,0,0,0
3066494500042100034,8,0,0,0,0,0,0,0,0,0,1,0,2,0,0,0,0,0,0,0,0,0,0,0,0,0,0,0,0,1,0,1,0,0,0,0,0,0,0,0,0,0,0,0,0,1,0,1,1,3,0,1,0,0,0,0,0,0,4,0,0,0,0,0,1,0,0,0,0,0,0,0,0,0,0,0,2,0,0,0,0,1,2,0,0,0,0,0,0,0,2,2,0,0,0,0,0,0,0,0,0,3,0,0,0,0,0,1,0,1,0,0,0,0,0,0,0,0,4,0,0,0,0,1,0,0,0,0,1,0,0,0,0,0,0,0,0,0,0,0,0,0,0,0,0,0,0,0,0,0,0,0,0,0,0,0,0,0,0,0,0,0,0,0,0,0,0,0,0,0,0,0,0,0,0,0,0,0,0,0
3066494500042100035,9,0,0,0,0,0,0,0,0,1,1,0,1,0,0,0,0,1,0,0,0,0,0,0,0,0,0,1,0,0,0,0,0,0,0,0,0,1,0,0,0,1,0,0,0,1,0,0,0,0,0,0,0,0,0,0,0,0,3,0,0,0,0,0,0,0,0,0,0,1,0,0,0,0,0,0,3,0,0,0,0,0,0,0,0,0,0,0,0,0,0,3,0,0,0,0,0,0,0,0,0,1,0,0,0,0,0,3,0,1,0,0,0,0,0,0,0,1,0,0,0,1,0,1,1,0,1,0,0,0,0,0,0,0,0,0,0,0,0,0,0,0,0,0,0,0,0,0,0,0,0,0,0,0,0,0,0,0,1,0,0,0,0,0,0,0,0,0,0,0,0,0,0,0,0,0,0,0,0,0
3066494500042100037,9,0,0,0,0,0,0,0,0,0,1,0,0,0,2,0,0,0,0,0,0,0,2,0,0,0,0,0,0,0,0,1,0,1,3,0,0,0,0,0,0,1,0,0,0,1,0,3,1,0,0,0,0,0,1,0,0,0,1,0,0,0,0,0,1,0,0,0,0,0,0,0,0,0,1,0,8,0,2,0,0,0,1,0,0,0,0,0,0,0,3,3,0,0,0,0,0,0,0,0,0,2,1,0,0,0,0,3,1,0,0,0,4,0,1,0,0,0,4,0,2,0,1,2,1,0,0,0,0,0,3,0,0,0,0,0,0,0,0,0,0,0,0,0,0,0,0,0,0,0,0,0,0,0,0,0,0,0,0,0,0,0,0,0,0,0,0,0,0,0,0,0,0,0,0,0,0,0,0,0
3066494500042100038,24,0,0,0,0,0,1,1,0,0,9,0,3,0,0,0,0,0,0,0,0,0,3,0,1,0,0,11,0,0,1,1,0,0,3,0,0,3,0,0,0,0,0,0,2,2,1,3,3,1,0,1,1,0,0,0,0,0,3,1,0,0,0,0,2,0,0,0,0,0,0,0,0,0,0,0,5,0,0,0,0,1,4,0,0,3,0,0,0,0,7,3,0,0,1,0,0,0,0,0,5,7,1,0,0,0,0,3,0,0,0,0,2,1,1,0,0,6,3,0,0,0,3,0,5,1,2,0,1,0,0,0,0,0,0,0,0,0,0,1,0,0,0,0,0,0,0,0,0,1,0,0,0,0,0,0,0,0,0,0,0,0,0,1,0,0,1,0,0,0,0,0,0,0,1,0,0,0,0,0
3066494500042100040,29,0,0,0,0,0,0,0,1,0,3,0,0,0,0,0,1,0,0,0,0,0,2,0,0,0,0,0,0,1,0,0,0,0,0,0,0,1,0,0,0,3,0,0,2,2,1,2,0,0,0,0,0,0,0,0,0,0,2,2,0,0,0,0,2,0,0,0,0,0,0,0,0,0,4,0,4,0,0,0,1,1,1,0,0,1,0,0,0,0,4,3,0,0,0,2,0,0,0,0,1,1,1,0,0,0,0,1,1,0,0,0,1,1,1,0,1,1,1,0,0,0,0,1,1,0,0,0,2,0,0,0,0,0,0,0,0,0,0,1,0,0,0,0,0,0,0,0,0,1,0,0,0,0,0,0,0,0,0,0,0,0,0,0,0,0,0,0,0,0,0,0,0,0,0,0,0,0,0,0
3066494500042100043,2,0,0,0,0,0,0,0,0,0,1,1,0,0,2,0,0,0,0,0,0,0,1,0,0,0,0,0,0,5,1,0,0,0,0,0,0,1,0,0,0,4,0,0,0,0,1,0,0,1,0,0,0,0,0,0,0,0,1,0,0,0,0,0,0,0,0,0,0,0,0,0,0,0,0,0,1,0,0,0,0,0,0,0,0,0,0,0,0,0,0,1,0,0,0,0,0,0,0,0,0,0,0,0,0,0,0,0,2,0,0,0,5,0,0,0,1,1,2,0,0,0,0,2,3,0,0,0,1,1,1,0,0,0,0,0,0,0,0,0,0,0,1,0,0,0,0,0,0,0,0,0,0,0,0,0,0,0,0,0,0,0,0,0,0,0,0,0,0,0,0,0,0,0,0,0,0,0,0,0
3066494500042100048,14,0,0,0,0,0,0,0,0,1,1,0,0,0,0,1,0,0,0,0,0,0,1,0,1,0,0,0,0,0,0,2,0,0,0,0,0,0,0,0,0,7,0,0,0,0,0,0,2,1,0,0,0,0,0,0,0,0,1,0,0,0,0,0,0,0,0,0,0,0,0,0,0,0,1,0,5,0,0,0,0,3,1,1,0,2,0,0,0,0,1,0,0,0,0,0,0,0,0,0,1,5,0,0,0,0,0,0,3,0,0,0,0,0,0,0,0,0,1,0,0,0,0,0,0,0,0,0,0,0,0,1,0,0,0,0,1,0,0,0,0,0,0,0,0,0,0,0,0,0,0,0,0,0,0,0,0,0,0,0,0,0,0,0,0,0,1,0,0,0,0,0,0,0,0,0,0,0,0,0
3066494500042100049,28,0,0,0,0,0,0,0,0,2,1,0,6,0,0,0,0,0,0,0,0,0,2,1,0,0,0,0,0,2,0,2,0,0,1,0,0,3,0,0,0,19,0,0,0,1,2,0,1,0,0,0,0,0,0,0,0,0,2,0,2,0,0,0,0,1,0,0,0,0,1,0,0,0,1,0,11,0,0,0,0,2,2,0,0,1,0,0,0,0,4,2,0,1,1,0,0,0,0,0,0,1,1,0,0,0,0,2,0,0,0,0,0,0,0,0,0,0,8,0,0,0,1,0,0,0,0,0,7,0,0,0,0,0,0,0,0,1,0,0,0,0,0,0,0,0,0,0,0,0,0,0,0,0,0,0,0,0,0,0,0,0,0,1,0,0,0,0,0,0,0,0,1,0,0,0,0,0,0,0
3066494500042100050,27,0,0,1,0,0,0,0,0,0,1,0,5,0,0,0,0,0,0,0,0,0,6,0,0,0,0,1,0,0,0,0,0,0,1,0,0,0,0,0,0,17,0,0,0,2,0,0,0,1,0,0,0,0,0,0,0,0,3,1,1,0,0,0,1,0,0,0,0,0,0,0,0,0,0,0,7,0,0,0,0,1,0,0,0,0,0,0,0,0,1,1,0,0,0,0,0,0,0,0,0,0,0,0,1,0,0,0,0,0,0,0,1,0,0,1,0,0,2,0,0,0,0,0,0,0,0,0,9,0,0,0,0,0,0,0,0,0,0,0,0,0,0,0,0,0,2,0,0,0,0,0,0,0,0,0,0,0,0,0,0,0,0,0,0,0,0,0,0,0,0,0,0,0,0,0,0,0,0,0
3066494500042100052,22,0,0,0,0,0,0,0,0,2,3,1,1,0,2,0,0,0,0,1,0,0,7,0,0,0,0,1,0,0,1,1,0,0,1,0,0,1,0,0,0,24,0,0,0,2,1,1,0,4,0,0,0,0,0,0,0,0,6,0,3,0,0,0,0,0,0,0,0,2,0,0,0,2,0,0,14,0,0,0,0,1,0,0,0,0,0,0,0,0,4,0,0,1,0,0,0,0,0,0,0,0,1,0,0,0,0,1,2,0,0,0,2,0,1,0,0,0,2,0,0,2,1,0,0,0,0,0,8,0,0,0,0,0,0,0,0,0,0,2,0,0,0,0,0,0,0,0,0,0,0,0,0,0,0,0,0,0,0,0,0,0,0,0,0,0,0,0,0,0,0,0,0,1,0,0,0,0,0,0
3066494500042100055,41,1,0,0,0,0,0,0,0,2,4,0,5,0,0,2,0,0,0,7,1,0,6,1,1,1,1,51,0,0,0,2,3,0,3,0,0,5,0,0,2,12,1,1,1,2,1,3,4,2,0,0,0,0,0,0,0,1,2,4,1,0,0,0,0,0,0,0,3,1,1,2,0,0,0,0,11,0,1,0,0,2,1,0,0,0,0,0,0,0,11,5,0,1,2,4,0,0,0,0,25,5,1,0,0,1,0,1,3,0,0,0,1,0,0,0,0,3,4,0,0,0,0,1,2,0,0,1,7,0,0,0,0,0,1,0,0,0,0,1,0,0,0,0,0,0,0,0,0,0,1,0,0,0,0,0,0,0,0,0,1,1,0,0,0,0,0,0,0,0,0,0,0,0,0,0,0,0,0,0
3066494500042100060,24,0,0,2,0,1,0,0,0,3,1,0,3,0,1,0,0,0,0,0,0,0,6,0,0,0,0,0,0,0,1,1,0,0,5,0,0,1,0,0,1,27,0,0,0,4,0,1,2,2,0,0,0,1,0,0,0,0,3,1,3,0,0,1,0,0,0,1,0,3,0,0,0,0,1,0,14,0,0,0,0,0,0,0,0,0,0,0,0,0,3,4,0,0,0,0,0,0,0,0,1,0,0,0,0,0,0,0,0,0,0,0,0,0,0,0,0,0,2,0,0,0,0,1,1,0,0,1,8,0,0,0,0,0,1,0,0,0,1,0,0,0,0,0,0,0,0,0,0,0,0,0,0,0,0,0,0,0,0,0,0,0,0,0,0,0,0,0,0,0,0,0,0,0,0,0,0,0,0,0
3066494500042100061,22,0,0,1,0,0,0,0,0,0,4,0,2,0,0,0,0,0,0,0,0,0,5,0,0,0,0,0,0,0,0,1,0,0,3,0,0,2,0,0,0,20,0,0,0,0,0,1,0,2,0,0,0,1,0,0,0,0,1,1,0,0,0,0,0,0,0,0,0,1,0,0,0,1,0,0,4,0,0,0,0,0,0,1,0,0,0,0,0,0,4,2,0,0,1,0,0,0,0,0,0,0,0,0,1,0,0,0,0,0,0,0,0,0,0,0,0,1,0,0,0,0,0,0,0,0,0,0,4,0,0,0,0,0,0,0,0,0,0,0,1,0,0,0,0,0,0,0,0,0,0,0,0,0,0,0,0,0,0,0,0,0,0,1,0,0,0,0,0,0,0,0,0,0,0,0,0,0,0,0
3066494500042100063,30,6,0,0,0,0,0,0,0,0,0,0,0,0,0,0,0,3,1,0,5,0,9,2,1,0,0,11,0,0,1,0,2,0,12,0,0,1,0,0,0,2,0,0,2,1,6,23,0,0,0,0,0,0,0,0,1,0,3,25,2,0,0,0,2,0,0,0,2,3,0,2,0,0,0,0,0,0,0,2,0,2,0,0,0,9,0,0,0,0,3,7,0,0,3,6,2,0,0,0,11,0,1,1,0,0,0,0,0,0,0,0,2,0,0,0,0,5,14,0,5,0,0,0,11,0,0,0,0,1,0,6,1,1,0,0,0,1,0,0,0,0,1,0,0,0,0,0,0,0,1,0,0,0,0,0,0,0,0,0,0,0,0,0,0,0,0,1,0,0,0,0,0,0,0,0,0,0,0,0
3066494500042100065,17,0,0,0,0,0,0,0,0,0,2,0,2,0,0,0,1,0,0,0,0,0,1,0,0,0,0,1,0,0,0,1,0,0,0,0,0,1,0,0,0,9,0,0,0,2,0,0,3,1,0,1,0,0,0,0,1,0,2,1,0,0,0,0,0,0,0,0,0,1,0,0,0,0,0,0,8,0,0,0,0,1,0,0,0,0,0,0,0,0,3,1,0,0,1,0,0,0,0,0,0,1,1,0,0,0,0,0,0,0,0,0,0,0,0,0,1,2,2,0,0,0,0,0,0,0,0,0,5,0,0,0,0,0,0,0,0,0,0,0,0,0,0,0,0,0,0,0,0,0,0,0,0,0,0,0,0,0,0,0,0,0,0,0,0,0,0,0,0,0,0,0,0,0,0,0,0,0,0,0
3066494500042100067,11,0,0,0,0,0,1,0,0,0,2,0,2,0,0,0,0,0,0,0,0,0,2,1,0,0,0,0,0,0,0,0,0,0,1,0,0,0,0,0,0,10,0,0,1,1,0,0,0,10,0,0,0,0,0,1,1,0,0,0,0,0,1,0,1,0,0,0,0,1,0,0,0,0,0,0,3,0,1,0,0,2,0,0,0,0,0,0,0,0,11,1,0,0,0,0,1,0,0,1,1,0,0,0,0,0,0,0,0,0,0,0,1,0,1,0,0,2,1,0,1,0,0,0,0,0,1,0,3,0,0,0,0,0,0,0,0,1,0,0,0,0,0,0,0,0,1,0,0,0,0,0,0,0,0,0,0,0,0,0,0,0,0,0,0,0,0,0,0,0,0,0,0,0,0,0,0,0,0,0
3066494500042100070,24,0,0,2,0,0,0,0,0,0,1,0,0,0,0,0,0,1,0,0,0,0,1,0,0,0,0,0,1,0,0,1,0,0,0,0,0,2,0,0,0,18,0,0,0,1,2,0,2,2,0,0,0,2,0,0,0,0,2,0,1,0,0,0,0,0,0,0,0,0,0,1,0,1,0,0,12,0,0,0,0,0,0,0,0,1,0,0,0,0,2,0,0,1,0,1,2,0,0,0,0,3,2,0,1,0,0,0,0,0,0,0,2,0,2,0,0,1,5,0,0,0,0,0,0,0,0,0,4,0,0,0,0,0,0,0,0,0,0,0,0,0,0,0,0,0,0,0,0,0,0,0,0,0,0,0,0,0,1,0,0,0,0,0,0,0,0,0,0,0,0,0,0,0,0,0,0,0,0,0
3066494500042100072,18,0,0,0,0,7,0,0,0,1,2,0,0,0,3,0,0,0,0,1,0,1,5,0,0,0,0,0,0,0,0,0,0,0,4,0,0,0,0,2,0,25,0,0,1,4,2,0,0,43,1,0,1,0,0,0,0,0,0,1,1,0,0,0,1,0,0,0,0,0,2,1,0,0,0,0,11,0,0,0,0,2,0,0,0,0,0,0,0,0,16,2,0,0,1,0,3,0,0,1,0,0,0,0,0,0,0,0,0,0,0,0,2,0,0,0,0,3,1,0,3,0,0,0,1,0,0,0,9,1,0,7,0,0,0,0,0,0,0,0,0,0,0,0,0,0,0,1,0,0,0,0,1,0,0,0,0,0,0,0,1,0,0,4,0,0,0,0,0,0,0,0,1,0,0,0,0,0,0,0
3066494500042100075,14,0,0,0,0,0,0,0,0,0,8,0,3,0,0,0,0,0,0,1,0,0,2,0,0,0,0,0,0,0,0,0,0,0,1,0,0,3,0,0,0,5,0,0,0,0,0,0,1,3,0,0,0,0,0,0,1,0,1,0,0,0,0,0,2,0,0,0,0,0,0,0,0,0,0,0,10,0,0,0,0,0,1,0,0,0,0,0,1,0,2,4,1,0,0,0,0,0,0,0,1,5,0,0,0,0,0,0,1,0,0,0,0,0,0,0,0,2,5,0,0,0,0,0,0,0,0,0,6,0,0,0,0,0,0,0,0,0,0,0,0,0,0,0,0,0,0,0,0,0,0,0,0,0,0,0,0,0,0,0,0,0,0,0,0,0,0,0,0,0,0,0,0,0,0,0,0,0,0,0
3066494500042100076,37,0,0,2,0,0,0,0,0,0,9,0,9,0,0,0,0,0,0,0,1,0,3,0,0,0,0,1,0,0,0,1,0,0,0,0,0,4,1,0,0,24,0,0,0,5,0,0,3,5,0,0,0,0,0,0,0,0,3,1,0,0,0,0,2,1,1,0,0,0,2,0,0,0,1,0,18,0,1,0,0,0,1,1,0,0,0,0,0,0,4,0,0,1,0,0,2,0,0,0,0,4,0,0,0,0,0,0,1,0,0,1,0,0,2,0,0,1,7,0,0,0,0,0,0,0,0,0,7,0,1,0,0,0,0,0,0,0,0,1,1,0,0,0,0,0,0,0,0,0,0,0,0,0,0,0,0,0,0,0,0,0,0,0,0,0,0,0,0,0,0,0,0,1,0,0,0,0,0,0
3066494500042100079,5,0,0,0,0,0,0,0,0,0,0,0,0,0,0,0,0,0,0,0,0,0,2,0,0,0,0,1,0,0,0,5,1,0,8,0,0,1,0,0,0,1,0,0,0,0,2,1,0,0,0,0,0,0,0,0,0,0,0,2,0,0,0,0,0,0,0,0,0,0,0,0,0,0,0,0,0,0,0,0,0,1,0,0,0,1,0,0,0,0,1,0,0,0,0,0,3,0,0,0,0,0,0,0,0,0,0,0,0,0,0,0,0,0,0,0,0,0,0,0,1,0,0,1,2,0,0,0,1,1,0,0,0,0,0,0,0,0,0,0,0,0,0,0,0,0,0,0,0,0,0,0,0,0,0,0,0,0,0,0,0,0,0,0,0,0,0,0,0,0,0,0,0,0,0,0,0,0,0,0
3066494500042100080,11,0,0,0,0,0,0,0,0,1,2,0,3,0,0,0,0,0,0,1,0,0,1,0,0,0,0,0,0,0,0,1,0,0,1,0,0,1,1,0,0,2,0,0,0,0,0,1,0,4,0,0,0,0,0,0,0,0,1,0,0,0,0,0,0,0,0,0,0,0,0,0,0,0,0,0,2,0,0,0,0,0,1,0,0,0,0,0,0,0,0,0,0,0,0,0,0,0,0,0,0,2,1,0,0,0,0,0,0,0,0,0,0,0,1,0,0,0,0,0,0,0,0,0,0,0,0,0,1,0,0,0,0,0,0,0,0,0,0,0,0,0,0,0,0,0,0,0,0,0,0,0,0,0,0,0,0,0,0,0,0,0,0,0,0,0,0,0,0,0,0,0,0,0,0,0,0,0,0,0
3066494500042100082,4,0,0,0,0,0,0,0,0,0,0,0,0,0,0,0,0,0,0,0,1,0,1,0,0,0,0,2,0,0,0,0,0,0,2,0,0,1,0,0,0,0,0,0,0,0,1,3,0,0,0,0,0,0,0,0,0,0,0,5,0,0,0,0,1,0,0,0,0,0,0,2,0,0,0,0,2,0,0,0,0,1,0,1,0,0,0,0,0,0,4,0,0,0,1,0,0,0,0,0,3,0,0,0,0,0,1,0,0,0,0,0,1,0,0,0,0,1,1,0,2,0,0,0,0,0,0,0,0,0,1,3,0,0,0,0,0,0,0,0,0,0,0,0,0,0,0,0,0,0,0,0,0,0,0,0,0,0,0,0,0,1,0,1,0,0,0,0,0,0,0,0,0,0,0,0,0,0,0,0
3066494500042100084,24,0,0,0,0,1,0,0,0,0,4,0,1,0,0,0,0,0,0,0,0,0,1,0,0,0,0,0,0,0,1,0,0,0,0,0,0,0,0,0,0,18,0,0,0,0,0,1,4,6,0,0,0,0,0,0,0,0,4,0,0,0,0,0,1,0,0,0,0,0,0,0,0,0,0,0,9,0,0,0,0,1,0,0,0,0,0,0,0,1,2,4,0,1,0,0,0,0,0,0,0,2,1,0,0,0,0,0,0,0,0,0,0,0,1,0,0,1,2,0,0,0,0,0,1,0,1,0,5,0,0,0,0,0,0,0,0,0,0,0,0,0,0,0,0,0,0,0,0,0,1,0,0,0,0,0,0,0,0,0,0,0,0,0,0,0,0,0,0,0,0,0,0,0,0,0,0,0,0,0
3066494500042100086,29,1,0,0,0,0,0,0,0,0,3,0,3,0,0,0,0,0,0,0,0,1,5,0,0,0,0,1,1,0,0,1,0,0,0,0,0,6,0,0,0,1,0,0,0,1,0,1,4,2,0,0,0,0,0,0,0,0,6,2,3,0,0,0,1,0,0,0,0,0,0,1,0,0,0,0,10,0,1,0,0,0,1,0,0,0,0,0,0,0,5,5,0,1,0,0,0,0,0,0,2,9,0,0,0,0,0,0,0,0,0,0,0,0,2,0,0,0,4,0,0,1,3,2,1,0,0,0,4,0,0,0,0,0,0,0,0,0,0,0,0,0,0,0,1,0,0,0,0,0,0,0,0,0,0,0,0,0,0,0,0,0,0,0,0,0,0,0,0,0,0,0,0,0,0,0,0,0,0,0
3066494500042100087,23,0,0,0,0,0,3,0,0,0,14,0,8,0,1,0,0,1,0,0,0,0,2,0,0,0,0,3,0,0,0,0,0,0,4,0,0,3,0,0,0,0,1,0,0,3,0,1,2,3,0,0,0,0,0,0,0,0,6,0,0,0,0,0,2,0,0,0,0,0,0,1,0,0,1,0,11,0,0,0,5,3,2,0,0,0,0,1,0,0,3,7,0,0,0,0,0,0,0,1,1,5,0,0,0,0,0,0,0,0,0,0,0,0,1,0,0,1,0,0,1,1,2,1,1,0,0,0,1,2,0,1,0,0,0,0,0,0,0,1,0,0,0,0,0,0,0,0,0,0,0,0,0,0,0,0,0,0,0,0,0,0,0,0,0,0,1,0,0,0,0,0,0,0,0,0,0,0,0,0
3066494500042100088,22,0,0,0,0,0,8,0,0,0,11,0,9,0,0,0,0,0,0,0,0,0,4,0,0,0,0,0,0,0,1,1,0,0,7,0,0,1,0,0,0,2,0,0,0,1,2,5,2,7,0,2,0,0,0,0,0,0,3,0,0,0,0,0,3,0,0,0,0,0,0,0,0,0,0,0,7,0,0,0,7,1,0,0,0,1,0,1,0,0,4,7,0,0,1,0,0,0,0,0,0,4,0,0,0,0,0,0,0,0,0,1,0,0,2,0,0,0,2,0,1,0,0,0,0,0,0,0,0,0,0,0,0,0,0,0,0,0,0,0,0,0,0,0,0,0,0,0,0,0,0,0,0,0,0,0,0,0,0,0,0,0,0,0,0,0,0,0,0,0,0,0,0,0,0,0,0,0,0,0
3066494500042100090,33,1,0,0,0,0,0,0,0,0,13,0,4,0,0,0,0,0,0,0,0,0,5,1,0,0,0,0,0,0,0,0,0,0,4,0,0,2,0,0,0,6,0,0,0,0,4,0,2,4,0,1,0,1,0,0,0,0,8,0,0,0,0,0,2,0,0,0,0,1,0,0,0,0,1,0,9,0,0,0,1,1,0,0,0,2,0,0,0,0,9,1,0,0,0,1,1,0,0,0,1,2,1,0,0,0,0,0,0,0,0,1,1,0,1,0,0,0,1,0,1,0,0,0,1,0,0,0,4,0,0,2,0,0,0,0,0,0,0,0,0,0,0,0,0,0,1,0,0,0,0,0,0,0,0,0,0,0,0,0,0,0,0,0,0,0,0,0,0,0,0,0,0,0,0,0,0,0,0,0
3066494500042100091,20,0,0,1,0,0,0,0,0,0,0,0,0,0,0,0,0,0,0,0,0,0,8,0,0,0,0,2,0,1,0,2,0,0,35,0,0,0,0,0,0,0,0,0,4,1,9,0,0,1,0,1,0,1,1,0,1,0,0,3,0,0,0,0,1,0,0,0,0,0,0,0,0,0,1,0,2,0,0,0,0,1,0,0,0,1,1,0,0,0,6,2,0,1,2,5,12,0,0,0,0,0,0,0,1,0,0,0,0,0,0,0,0,0,0,0,0,0,1,0,0,0,0,0,4,0,2,0,0,2,0,0,0,0,0,0,0,0,0,0,0,0,0,0,0,0,0,0,0,0,0,0,0,0,0,0,0,0,0,0,0,0,0,0,0,0,0,0,0,0,0,0,0,0,0,0,0,0,0,0
3066494500042100092,6,0,0,1,0,2,0,0,0,0,2,0,1,0,0,0,1,0,0,0,0,0,3,0,0,0,0,1,0,0,0,0,0,0,4,0,0,1,0,0,0,12,0,0,2,1,1,0,0,15,0,0,0,0,0,1,0,0,1,0,0,0,0,0,0,1,0,0,0,1,3,1,0,0,0,1,8,0,0,0,1,0,0,0,0,1,0,0,0,0,11,1,0,0,1,1,1,0,0,0,0,0,0,0,0,0,0,0,0,0,0,0,0,0,3,0,0,1,1,0,0,0,0,0,0,0,0,0,1,0,0,1,0,0,0,0,0,0,0,0,0,0,0,0,0,0,1,0,0,0,0,0,0,0,0,0,0,0,0,0,0,0,0,0,2,0,0,0,0,0,0,0,0,0,0,0,0,0,0,0
3066494500042100093,4,0,0,0,0,0,0,0,0,0,1,0,0,0,0,0,0,0,0,0,0,0,2,0,0,0,0,0,0,0,0,0,0,0,2,0,0,0,0,0,0,7,0,0,1,0,0,0,0,2,0,0,0,0,0,0,0,0,0,0,0,0,0,1,0,0,0,0,0,0,0,0,0,0,0,0,2,1,0,0,0,2,0,0,0,1,0,0,0,0,2,0,0,0,1,0,3,0,0,1,0,0,0,0,0,0,0,0,0,0,0,0,0,0,1,0,0,0,1,0,1,0,0,0,2,0,1,0,1,0,0,1,0,0,0,0,0,0,0,0,0,0,0,0,0,0,0,0,0,0,0,0,0,0,0,0,0,0,0,0,0,0,0,0,0,0,0,0,0,0,0,0,0,0,0,0,0,0,0,1
3066494500042100094,54,4,0,0,0,5,0,0,0,0,8,0,5,0,2,0,0,1,0,0,0,1,14,2,0,0,0,3,2,0,0,0,0,0,9,0,1,2,0,0,0,42,0,0,0,2,2,9,0,33,0,0,0,1,0,1,3,1,12,1,0,0,0,0,0,0,0,0,1,5,3,0,0,1,1,1,21,0,0,0,0,5,0,2,1,1,0,0,1,0,31,3,0,0,1,1,0,0,2,1,1,1,0,0,0,0,0,0,0,0,0,0,1,1,0,0,2,4,5,0,4,1,0,1,2,0,0,0,20,0,0,2,0,1,0,0,0,0,0,1,1,0,0,0,0,0,2,0,0,1,0,0,0,0,0,0,0,0,1,0,0,0,0,0,0,0,1,0,0,0,0,0,0,1,0,0,0,0,0,0
3066494500042100095,26,0,0,0,1,0,0,0,0,1,3,0,2,0,0,0,0,0,0,0,0,0,4,0,0,0,0,0,0,0,1,0,0,0,3,0,0,4,0,1,0,21,0,0,0,1,1,3,3,2,0,0,0,1,0,0,0,0,5,0,1,0,0,0,0,0,0,0,0,1,0,0,0,1,1,0,11,0,0,0,0,1,3,0,0,0,0,0,0,0,2,4,0,0,0,2,0,0,0,0,0,3,0,0,0,0,0,1,0,0,0,0,0,0,1,0,0,1,3,0,0,0,1,1,1,0,0,0,3,0,0,0,0,0,0,0,0,0,0,0,0,0,0,0,0,0,0,0,0,0,0,0,0,0,0,0,0,0,0,0,0,0,0,0,0,0,0,0,0,0,0,0,0,0,0,0,0,0,0,0
3066494500042100098,20,0,0,0,0,0,0,0,0,1,0,0,0,0,0,0,0,1,0,0,0,0,6,0,0,0,0,1,0,1,0,7,0,0,84,0,0,1,0,0,2,2,0,0,11,2,3,0,1,2,0,0,0,0,0,0,0,0,1,0,1,0,0,0,0,0,0,0,0,0,0,1,0,0,0,0,2,0,0,0,0,0,0,0,0,3,0,0,0,0,9,2,0,0,5,8,12,0,0,0,0,0,0,0,0,0,0,1,0,0,0,0,0,0,0,0,0,2,0,0,11,0,0,3,9,0,4,0,1,0,0,1,0,0,0,0,0,0,0,1,0,0,1,0,0,0,0,0,0,0,0,0,0,0,0,0,0,0,0,0,0,0,0,1,0,0,0,0,0,0,0,0,0,0,0,0,0,0,0,0
3066494500042100104,20,0,0,1,0,0,0,0,1,3,0,0,0,0,0,0,0,1,0,1,0,1,7,1,0,0,0,0,0,0,0,8,1,0,56,0,0,0,0,0,1,1,0,0,28,0,4,0,2,1,0,0,0,0,0,0,0,0,1,0,0,0,1,0,0,0,0,0,0,1,0,1,0,0,1,0,4,0,0,0,0,3,0,2,0,0,0,0,0,0,13,1,0,1,1,10,29,0,0,1,0,0,0,0,0,0,0,0,0,0,0,0,2,0,6,0,0,2,2,0,1,1,1,1,6,0,1,0,2,0,0,0,0,0,0,0,0,0,0,0,2,0,0,0,0,1,0,0,0,0,0,0,0,0,0,0,0,0,0,0,0,0,0,0,0,0,0,0,0,0,0,0,0,0,0,1,0,0,0,0
3066494500042100105,21,0,0,1,0,0,0,0,0,0,1,0,2,0,0,0,0,0,1,4,3,0,0,0,0,0,0,31,0,0,0,0,0,0,2,0,0,1,0,0,0,0,0,0,0,0,2,0,1,0,0,0,0,0,0,0,0,0,1,2,0,0,0,0,1,0,0,0,1,0,0,0,0,0,0,0,2,0,0,0,0,0,0,0,0,0,0,0,0,0,8,3,0,0,4,0,0,0,0,0,24,0,0,0,0,0,0,0,0,0,0,0,0,0,0,0,0,9,1,0,0,0,0,1,1,0,0,0,1,1,0,0,0,0,0,0,0,0,0,0,0,0,0,1,0,0,0,1,0,0,0,0,0,0,0,0,0,1,0,0,0,0,1,1,0,0,0,0,0,0,0,0,0,0,0,0,0,0,0,0
3066494500042100106,11,0,0,0,1,1,0,0,0,0,0,0,2,0,1,1,0,0,0,0,0,0,8,0,0,0,0,0,0,0,0,1,0,0,0,0,0,1,0,0,0,25,1,0,0,1,0,0,0,29,0,0,0,0,0,1,0,0,0,1,2,0,0,0,0,0,0,0,1,2,1,0,0,0,0,0,9,0,0,0,0,1,0,1,0,0,0,1,0,0,7,1,0,0,0,0,1,0,0,1,0,0,0,0,0,0,0,1,0,0,0,0,0,0,2,0,0,2,0,0,0,1,0,0,0,0,0,0,5,0,1,1,0,0,0,0,0,0,0,0,0,0,0,0,0,0,0,0,0,0,0,0,0,0,0,0,0,0,0,0,0,1,1,0,0,0,0,0,0,0,0,0,0,0,0,0,0,0,0,0
3066494500042100107,39,0,0,0,0,0,1,0,0,1,16,0,11,0,0,0,0,0,0,0,0,0,9,0,0,0,0,3,0,0,1,0,0,0,6,0,1,7,0,0,0,3,0,0,0,0,4,2,6,0,0,0,0,1,1,0,0,0,13,1,0,0,0,0,3,0,0,0,0,0,0,0,0,0,2,0,10,0,0,0,3,3,4,0,0,4,0,1,0,0,5,3,0,0,2,3,1,0,0,3,4,6,2,0,0,0,0,1,2,0,0,0,0,0,3,0,0,1,6,0,3,1,1,0,1,0,0,0,2,0,0,0,0,0,0,0,0,0,0,0,0,0,0,1,0,0,0,0,0,0,1,0,0,0,0,0,0,0,0,0,0,1,0,1,0,0,0,1,0,0,0,0,0,1,0,2,1,0,0,0
3066494500042100108,44,0,0,0,0,0,0,0,0,3,5,0,17,0,0,0,0,0,0,0,0,1,5,0,0,0,0,0,0,0,1,1,0,1,6,0,0,2,0,0,0,20,0,1,0,1,1,3,3,10,0,0,0,0,0,0,0,0,7,0,0,0,0,0,0,0,0,0,0,1,0,0,0,0,1,0,14,0,0,0,0,4,2,0,0,1,0,0,0,1,10,7,0,0,1,0,0,1,0,1,0,2,2,0,0,0,0,0,1,0,0,0,0,1,2,0,0,0,0,0,1,0,0,0,1,1,2,0,5,0,0,2,0,0,0,1,0,0,0,0,0,0,0,0,0,0,0,0,0,0,1,0,0,0,0,0,1,0,0,0,0,1,0,0,0,0,0,0,0,0,0,0,0,0,0,0,0,0,0,0
3066494500042100110,53,0,0,1,0,0,0,0,0,6,17,1,13,0,0,0,0,0,0,1,0,0,3,1,0,0,0,1,0,0,2,2,0,1,4,0,0,5,0,0,0,13,0,0,1,4,2,4,3,6,0,0,0,0,0,0,0,0,15,1,1,0,0,0,1,0,0,0,0,2,0,0,0,0,0,0,11,0,0,0,0,2,5,0,0,0,0,0,1,0,6,1,0,0,1,2,0,0,0,1,0,4,0,0,1,0,0,0,2,0,0,0,0,0,6,0,0,2,5,0,0,0,2,0,0,0,0,0,8,0,0,0,0,0,0,0,0,0,0,1,0,0,0,0,1,0,0,0,0,0,0,0,0,0,0,0,0,0,0,0,0,0,1,0,0,0,0,0,0,0,0,0,0,0,0,0,1,0,0,0
3066494500042100111,28,0,0,1,1,0,0,1,0,0,0,0,0,0,0,2,0,0,0,1,1,0,2,0,0,10,0,1,0,0,0,0,0,0,1,0,0,0,0,1,6,0,0,0,0,3,5,0,0,1,0,1,0,0,1,0,0,0,10,14,0,0,0,0,1,0,0,0,0,0,0,0,0,1,2,0,2,0,0,0,1,0,0,16,0,5,0,0,0,0,9,10,0,0,1,1,5,0,0,0,1,0,0,2,0,0,0,0,0,1,0,1,0,0,2,0,0,1,2,0,1,0,1,0,1,0,6,0,0,0,0,0,0,0,0,0,0,0,0,0,1,0,0,1,0,0,0,1,0,0,0,0,0,0,0,1,0,0,0,0,0,0,0,0,0,0,0,0,0,0,0,0,0,0,0,0,0,0,0,0
3066494500042100112,21,0,0,0,0,0,1,0,0,4,3,0,4,0,0,0,0,0,0,0,0,0,5,0,0,0,0,1,0,0,0,0,0,0,1,0,0,1,0,0,1,3,0,0,1,1,2,1,2,1,0,0,0,0,1,0,0,0,4,1,1,0,0,0,1,0,0,0,0,2,0,0,0,0,1,0,4,0,0,1,1,1,0,0,0,0,0,0,1,0,3,2,0,0,0,1,0,0,0,0,0,5,0,0,0,0,0,0,1,0,0,0,0,0,0,0,0,1,3,0,0,0,0,1,0,0,0,0,6,0,0,0,0,0,0,0,0,0,0,0,0,0,0,0,1,0,0,0,1,0,0,0,0,0,0,0,0,0,0,0,0,1,0,0,0,0,0,0,0,0,0,0,0,0,0,0,0,0,0,0
3066494500042100115,10,0,0,1,3,5,0,0,0,1,0,0,1,0,3,0,0,0,1,0,0,0,4,0,0,0,0,2,0,0,0,0,0,0,10,0,1,4,0,0,0,44,0,0,0,0,0,0,0,30,0,0,2,0,0,0,1,0,1,3,1,0,0,0,1,0,0,0,0,1,3,0,0,2,0,0,9,0,0,1,0,1,0,0,0,0,0,0,0,0,28,4,0,0,1,0,0,0,0,1,0,1,0,0,0,1,0,0,0,0,0,1,2,0,2,1,0,3,1,0,1,0,0,1,0,0,0,0,13,0,0,2,0,0,0,0,0,0,0,1,0,0,0,0,0,0,1,1,0,1,0,0,0,0,0,0,0,0,0,0,0,0,0,0,0,0,1,0,0,0,0,0,0,1,0,0,0,0,0,0
3066494500042100117,43,1,0,1,0,1,1,0,1,1,0,0,0,0,0,8,1,0,0,1,12,0,5,0,4,2,0,12,1,0,0,1,0,0,0,0,0,0,0,0,4,0,0,0,0,0,7,5,2,1,0,0,0,0,1,0,0,0,0,8,0,0,0,0,1,0,1,0,2,2,2,3,0,0,6,1,2,0,0,1,0,0,0,0,0,0,0,1,0,0,4,16,0,1,1,1,0,0,0,1,16,0,1,0,0,0,0,0,0,0,4,0,0,0,2,0,0,2,11,0,0,0,0,1,1,0,0,0,0,0,0,1,0,1,1,0,0,0,0,1,1,0,0,0,0,0,0,0,0,0,0,0,0,0,0,0,0,0,0,0,0,0,0,0,0,0,0,0,0,0,0,0,0,0,0,0,1,0,0,0
3066494500042100119,24,0,0,0,2,11,0,0,0,0,2,1,1,0,10,0,0,0,0,0,1,0,4,1,0,0,1,0,0,0,0,0,0,0,10,0,0,1,0,0,0,39,0,0,0,0,2,0,0,45,0,1,0,0,0,0,0,0,2,4,0,0,0,0,1,0,0,0,0,0,2,0,0,1,0,0,15,0,1,0,0,3,0,1,0,0,0,0,0,0,36,1,0,0,1,1,2,0,0,0,3,2,0,0,0,0,0,0,0,0,0,0,1,0,0,0,2,4,4,0,1,1,0,0,1,0,0,0,12,0,0,7,0,0,0,0,0,1,0,0,0,0,1,0,0,0,2,0,0,0,0,0,0,0,0,0,0,0,0,1,1,0,0,1,0,0,0,0,0,0,0,0,0,0,0,0,0,0,0,1
3066494500042100120,9,2,0,0,0,0,0,0,0,0,0,0,0,0,0,1,0,0,0,0,0,0,0,0,1,0,0,1,0,0,0,0,0,0,0,1,0,0,0,0,0,1,0,0,1,1,1,4,0,0,0,0,0,0,0,0,0,0,0,1,0,0,0,0,0,0,0,0,0,1,0,1,0,0,0,0,1,0,0,0,0,0,0,0,0,1,0,0,0,0,1,3,0,0,0,0,0,0,0,0,8,0,0,0,0,0,0,0,0,0,1,0,0,0,1,0,0,1,12,0,0,0,0,0,0,0,0,0,0,0,1,0,0,0,0,0,0,0,0,0,0,0,0,0,0,0,1,0,0,0,0,0,0,0,0,0,0,0,0,0,1,0,0,0,0,0,0,0,0,0,0,0,0,0,0,0,0,0,0,0
3066494500042100122,32,0,0,0,0,0,1,0,0,0,6,0,1,0,0,0,0,0,0,1,0,0,4,0,0,0,0,0,0,0,0,0,0,0,1,0,0,2,0,0,0,5,0,0,0,1,5,3,3,1,0,0,0,0,0,0,0,0,6,1,1,0,0,0,0,0,0,0,0,0,0,0,0,0,0,1,7,0,2,0,0,0,3,0,0,3,0,0,1,0,3,4,1,0,1,1,0,0,0,0,1,7,0,0,0,0,0,2,0,0,0,0,0,0,2,0,0,0,9,0,1,2,1,0,0,0,0,0,4,0,0,0,0,0,0,0,0,1,0,0,0,0,0,0,0,0,0,0,0,0,0,0,0,0,0,0,0,0,0,0,0,0,0,0,0,0,0,0,0,0,0,0,0,0,0,0,0,0,0,0
3066494500042100134,8,1,0,0,1,1,0,0,0,0,0,0,1,0,3,0,0,0,0,0,0,1,1,1,0,0,0,0,0,0,1,0,0,0,6,0,0,1,0,0,0,23,0,0,0,1,1,0,1,9,0,0,0,0,0,1,0,0,3,1,0,0,0,0,0,0,0,0,0,0,1,0,0,0,0,0,7,0,0,0,0,0,0,1,0,0,0,0,0,0,1,1,0,0,0,0,0,0,0,0,0,0,0,0,0,0,0,0,0,0,0,0,0,0,0,0,0,1,4,0,0,0,0,0,0,0,0,0,2,0,0,0,0,0,0,0,0,0,0,1,0,0,0,0,0,0,0,0,0,0,0,0,0,0,0,0,0,0,0,0,0,0,0,0,0,0,0,0,0,0,0,0,0,0,0,0,0,0,0,0
3066494500042100135,65,0,0,2,0,0,0,0,5,0,2,0,0,0,1,0,0,1,0,0,0,0,0,2,0,0,0,3,0,1,1,0,0,1,0,0,0,1,0,0,1,0,0,0,0,4,4,0,0,0,0,0,0,0,0,4,0,0,1,0,1,0,0,0,0,0,0,0,0,0,1,0,0,0,33,0,2,0,0,1,0,0,0,0,1,2,0,1,0,3,2,1,0,0,0,0,1,1,0,0,0,0,8,0,2,0,0,0,0,0,0,0,5,0,0,0,0,3,1,0,0,0,0,10,0,0,0,2,0,0,12,0,0,0,0,0,0,0,0,0,0,0,0,0,0,0,0,0,0,0,0,0,0,0,0,0,0,0,0,0,0,0,0,0,0,0,0,0,0,0,0,1,1,0,0,0,0,0,0,1
3066494500042100137,22,0,1,1,0,0,0,0,0,0,4,0,3,0,0,0,0,1,0,2,0,0,1,0,0,0,0,0,0,0,0,1,0,0,2,0,0,3,0,0,0,8,0,0,0,1,2,2,0,3,0,2,0,0,0,0,0,0,3,1,0,0,0,0,0,0,0,0,0,0,0,0,0,0,0,0,4,0,0,0,0,1,0,0,0,2,0,0,0,0,2,9,0,1,1,0,1,0,0,0,0,0,0,0,0,0,0,0,2,0,0,0,0,0,0,0,0,0,2,0,0,0,0,0,1,0,0,0,3,0,0,0,0,0,0,0,0,0,0,0,0,0,0,0,0,0,0,0,0,0,0,0,0,0,0,0,0,0,0,0,0,0,0,1,0,0,0,0,0,0,0,0,0,0,0,0,0,0,0,0
3066494500042100138,19,0,0,1,0,0,0,0,2,0,2,0,0,0,3,0,0,0,0,0,0,0,1,0,0,2,0,0,0,2,1,0,0,2,0,0,0,1,0,0,0,1,0,0,0,0,1,0,0,0,0,1,0,2,0,0,1,0,1,3,0,0,2,0,6,0,0,3,0,0,0,0,0,0,4,0,2,0,0,0,0,0,0,0,14,0,0,8,0,0,7,2,0,0,1,0,0,0,0,0,6,0,6,0,0,0,0,0,0,0,1,0,22,0,0,0,0,4,3,0,1,0,1,5,3,0,0,0,0,0,15,0,0,0,0,0,0,0,0,0,0,0,0,0,0,1,0,0,0,0,0,0,0,0,0,0,0,0,0,0,0,0,0,0,0,0,0,0,0,0,0,0,0,0,0,0,0,0,0,0
3066494500042100139,7,0,0,1,0,3,0,0,0,0,2,0,1,0,2,0,1,0,0,0,0,0,1,0,0,0,0,0,2,0,0,0,0,0,6,0,0,1,0,0,0,14,0,0,2,0,0,0,0,19,0,0,0,0,0,2,2,0,1,1,0,0,0,0,0,0,0,0,0,1,1,1,0,1,0,1,11,0,0,0,0,2,0,0,0,0,0,0,0,0,27,5,0,0,1,0,1,0,0,0,1,0,0,0,0,0,0,0,0,1,0,0,0,0,0,0,0,1,1,0,1,0,0,0,0,0,0,0,6,0,1,2,0,0,0,0,0,0,0,0,1,0,1,0,0,0,0,0,0,1,0,0,0,0,0,0,0,0,0,1,0,0,0,0,0,0,0,0,0,0,0,0,0,0,0,1,0,0,0,0
3066494500042100142,18,0,0,0,0,0,0,0,0,0,0,1,0,0,0,9,0,0,0,0,5,0,2,0,1,0,0,2,0,0,0,0,1,0,1,0,0,0,0,0,1,1,0,1,0,0,1,0,0,0,0,0,0,0,0,0,0,0,0,0,0,0,0,0,0,0,0,0,0,0,0,0,0,0,1,0,0,0,0,2,0,0,0,0,0,0,0,0,0,0,1,4,0,0,0,0,0,0,0,1,5,0,0,0,0,0,0,1,0,0,0,0,1,0,0,0,0,0,2,0,0,0,0,0,3,0,0,0,0,0,0,0,0,0,0,0,0,0,0,0,0,0,0,0,0,0,0,0,0,1,0,0,0,0,0,0,0,0,0,0,0,0,0,0,0,0,0,0,0,0,0,0,0,0,0,1,0,0,0,0
3066494500042200178,29,0,0,0,0,0,0,0,0,2,0,0,0,0,0,1,0,0,0,5,2,0,0,0,0,2,0,31,0,0,0,0,1,0,0,1,0,0,0,0,0,0,0,0,1,0,3,10,0,0,0,0,0,0,0,0,1,0,2,9,0,0,0,0,2,0,0,0,2,0,0,0,0,0,0,0,0,0,0,1,0,0,0,0,0,0,0,0,0,0,3,0,0,0,3,0,0,0,0,0,18,0,0,0,0,0,0,0,0,0,0,0,0,0,0,1,0,11,15,0,0,0,0,0,0,0,0,0,1,0,0,0,0,0,0,0,0,0,0,1,0,0,0,0,0,0,0,0,0,3,1,0,0,0,0,0,0,0,0,0,0,0,0,1,0,0,0,0,0,0,0,0,0,0,0,0,0,0,0,0
3066494500042200197,40,14,0,0,1,1,2,0,0,1,8,0,0,13,0,2,0,1,0,10,3,0,9,2,0,2,1,50,0,0,1,0,1,0,1,0,1,0,0,0,1,0,0,1,3,1,9,23,1,1,0,0,0,0,0,0,0,0,3,20,6,0,1,0,0,0,0,0,0,0,1,2,0,0,1,0,0,0,0,2,0,0,1,0,0,2,0,1,3,0,21,2,0,0,4,0,0,0,0,0,41,1,4,0,1,0,0,2,0,0,1,0,0,0,3,2,0,4,18,0,0,0,0,1,6,0,0,0,1,1,0,0,0,0,0,0,0,1,2,0,0,0,0,0,0,0,0,0,0,0,0,0,0,0,0,0,0,1,1,0,1,0,0,0,0,0,1,0,0,0,0,0,0,0,0,0,0,0,0,0
3066494500042200224,17,3,0,0,0,0,0,0,1,0,0,0,0,3,0,0,0,1,0,0,1,0,0,0,3,0,0,6,0,0,0,0,0,0,0,0,0,0,0,0,0,1,0,0,0,0,0,6,0,0,0,0,0,0,0,0,1,0,0,4,0,0,0,0,0,0,0,0,0,0,0,0,0,0,0,0,0,0,0,0,0,2,0,0,0,2,0,0,1,0,2,0,0,0,0,0,0,0,0,0,8,1,0,1,0,0,0,0,0,0,0,0,0,0,0,0,0,1,23,0,0,0,0,0,0,0,0,0,0,0,0,0,0,0,0,0,0,0,0,0,0,0,0,0,0,0,0,0,0,0,0,0,0,0,0,0,0,0,0,0,0,0,0,0,0,0,0,0,0,0,0,0,0,0,0,0,0,0,0,0
3066494500042200235,17,1,0,1,0,0,0,0,1,0,0,0,0,0,0,4,0,0,0,8,0,0,0,0,1,1,0,79,0,0,0,0,0,0,2,0,0,1,0,0,0,0,0,0,0,0,5,1,0,0,0,0,1,0,0,0,0,0,1,6,0,0,0,0,0,1,0,0,2,0,1,0,0,0,0,0,0,0,0,0,0,0,4,1,0,0,0,0,0,0,4,0,0,0,2,0,0,0,0,0,34,0,0,0,0,0,0,0,0,0,0,0,0,0,0,1,0,5,0,0,0,0,0,1,0,0,1,0,1,0,0,0,0,0,0,0,0,0,0,0,0,0,0,0,0,0,0,0,0,0,0,0,0,0,0,0,0,0,0,0,5,0,0,0,0,0,0,0,0,0,0,0,0,0,1,1,0,0,0,0
3066494500042200239,15,3,0,1,0,1,0,0,0,1,0,0,0,2,0,0,0,0,0,0,0,0,0,2,1,0,0,7,0,0,0,0,0,0,0,0,0,0,0,0,0,0,0,0,0,2,1,3,0,0,0,0,0,1,0,0,0,0,0,2,1,0,0,0,0,0,0,0,0,0,0,0,0,0,0,0,0,0,0,0,0,0,1,0,6,2,0,0,0,0,5,0,0,0,0,1,0,0,0,0,10,0,0,0,0,1,0,1,0,0,0,0,2,0,0,0,0,0,16,0,0,0,0,0,1,1,0,0,1,0,0,0,0,0,0,0,0,0,0,0,0,0,0,0,0,0,0,0,0,1,0,0,0,0,0,0,0,0,0,0,0,0,0,0,0,0,0,0,0,0,0,0,0,0,0,0,0,0,0,0
3066494500042200243,18,1,0,0,0,0,0,0,1,1,0,0,0,0,0,2,1,1,0,0,2,0,2,0,0,0,0,2,0,0,0,0,0,0,0,0,0,0,0,0,0,0,0,0,0,0,0,1,0,0,0,0,0,1,0,0,0,0,0,1,1,0,0,0,2,0,0,0,0,1,0,0,0,0,1,0,2,0,0,0,0,0,0,0,7,0,0,0,1,0,3,4,0,0,1,1,0,1,0,0,5,0,1,0,0,0,1,0,0,0,1,0,0,0,0,0,0,0,1,0,0,0,0,0,2,0,0,0,0,0,1,0,0,0,0,0,0,0,0,0,0,0,0,0,0,0,0,0,0,1,1,0,0,0,0,0,0,0,0,0,0,0,0,0,0,0,0,0,0,0,0,0,0,0,0,0,0,0,0,0
3066494500042200248,61,1,0,0,0,0,0,0,3,0,0,0,1,0,0,9,0,1,1,21,7,0,5,1,11,2,5,129,1,0,0,0,5,0,1,0,0,5,2,0,3,0,0,0,0,1,9,9,0,0,0,1,0,0,0,0,0,0,4,18,1,0,2,0,0,0,0,0,1,0,0,1,0,0,0,0,9,0,0,3,0,0,3,0,0,2,0,2,0,0,32,1,0,0,5,1,0,1,0,0,72,1,0,0,0,0,0,0,0,2,1,0,0,0,1,0,1,25,8,0,1,1,1,0,0,0,4,0,0,0,0,0,0,0,0,0,0,0,1,0,0,0,0,0,1,1,0,1,0,1,0,0,0,0,1,1,0,0,0,0,3,0,0,3,1,0,0,0,0,0,0,0,0,0,1,0,1,0,0,0
3066494500042200258,74,0,0,0,0,1,0,0,2,0,4,0,1,0,0,0,0,0,1,1,4,0,2,0,0,0,0,3,0,0,1,1,0,3,1,0,0,0,0,0,2,0,0,1,0,1,6,0,1,1,0,0,0,0,0,0,0,0,0,2,0,0,0,0,0,0,0,0,0,0,0,0,0,0,43,0,2,0,0,0,0,0,0,0,0,1,0,0,0,0,4,4,0,0,1,0,0,0,0,0,3,1,1,0,0,0,0,0,1,0,0,0,1,0,0,0,0,1,1,0,2,0,0,0,1,0,0,0,2,0,2,0,0,0,0,0,0,0,0,0,0,0,0,0,0,0,0,0,0,0,0,0,0,0,0,0,0,0,0,0,0,0,0,0,0,0,0,0,0,0,0,0,0,0,0,0,0,0,0,0
3066494500042200260,30,0,0,0,0,0,0,0,2,0,0,0,0,0,0,0,0,0,0,0,0,0,0,1,0,0,0,0,0,1,1,0,0,2,0,0,0,0,0,0,0,0,0,0,0,1,3,0,1,0,0,0,0,0,0,2,0,0,0,2,0,0,0,0,0,0,0,0,0,0,0,0,0,0,30,0,0,0,0,0,0,0,0,0,0,0,0,0,0,0,0,0,0,0,0,0,0,2,0,0,1,0,1,0,0,0,0,0,0,0,0,0,0,0,0,0,0,1,0,0,0,0,0,0,0,0,0,0,0,0,1,0,0,0,0,0,0,0,0,0,0,0,0,0,0,0,0,0,0,0,0,0,0,0,0,0,0,0,0,0,0,0,0,0,0,0,0,1,0,0,0,0,0,0,0,0,0,0,0,0
3066494500042200262,79,1,0,0,0,0,0,0,3,2,1,1,1,0,0,0,0,0,0,2,4,0,4,2,0,0,0,5,0,0,0,1,0,2,2,0,0,1,0,0,1,1,0,0,0,1,6,25,2,1,1,0,0,0,0,2,0,0,0,7,0,0,0,0,1,0,0,0,0,0,1,1,0,0,49,1,2,0,1,1,0,1,1,1,0,0,0,2,1,0,12,1,1,0,0,0,0,0,0,0,7,0,0,1,1,0,0,0,0,0,1,0,5,0,0,0,0,4,8,0,0,0,0,2,1,0,0,1,1,0,1,1,0,0,1,0,0,0,0,0,0,0,0,0,0,0,0,0,0,0,0,0,0,0,0,0,0,0,0,0,0,0,0,0,0,0,0,0,0,0,0,0,0,1,0,0,0,0,0,0
3066494500042200267,27,0,0,0,0,0,0,0,1,0,1,0,0,0,0,0,0,0,0,6,2,0,3,0,0,0,0,7,0,0,0,0,0,0,1,0,0,0,0,0,0,0,0,0,1,0,1,7,0,3,0,0,0,0,0,0,0,0,2,3,0,0,0,0,1,1,0,0,0,0,0,0,0,0,1,0,6,0,0,0,0,0,0,0,0,1,0,0,1,0,6,4,0,0,3,0,0,0,0,0,4,1,0,0,0,0,0,0,0,0,0,0,0,0,0,0,0,8,6,0,1,1,0,0,0,0,4,0,0,0,0,0,0,0,0,0,0,0,1,0,0,0,0,0,0,0,0,0,0,0,1,0,0,0,0,0,0,0,0,0,0,0,0,0,0,0,0,0,0,0,0,0,0,0,0,0,0,1,0,0
3066494500042200277,26,0,0,2,0,0,0,0,1,1,5,1,4,0,0,0,0,0,0,0,0,0,6,0,0,0,0,0,0,2,0,0,0,0,3,0,0,3,0,0,0,6,0,0,1,2,1,3,0,4,0,0,0,0,0,1,0,0,8,0,0,0,0,0,2,0,0,0,0,1,0,0,0,0,1,1,10,0,0,0,1,3,3,0,0,1,0,0,0,0,2,2,0,0,1,4,0,1,0,0,0,3,2,0,0,0,1,0,0,0,0,0,1,0,0,0,0,0,2,0,2,0,0,0,1,0,0,0,3,0,0,1,0,0,0,0,0,0,0,0,0,0,0,0,0,0,0,0,0,0,0,0,0,0,0,0,0,0,0,0,0,0,0,0,0,0,0,0,0,0,0,0,0,0,0,0,0,0,0,0
3066494500042200279,27,5,0,1,0,0,0,0,0,0,1,0,0,0,0,0,1,2,0,1,1,0,2,1,1,1,0,4,1,0,0,0,0,0,2,1,0,1,0,0,0,0,0,0,2,3,2,5,1,1,0,1,0,1,0,0,1,0,1,7,0,0,0,0,1,0,0,0,0,2,0,0,0,0,4,0,2,0,0,0,1,2,0,0,0,0,0,0,0,0,6,6,0,0,1,5,0,1,0,0,6,2,1,1,0,0,1,2,0,0,0,0,0,0,0,0,1,2,7,0,2,0,1,0,1,1,0,0,0,0,0,1,0,0,0,0,0,0,0,0,0,0,0,0,0,0,0,0,0,0,0,0,0,0,0,0,0,0,0,0,0,0,0,0,0,0,0,0,0,0,0,0,0,0,0,0,0,0,0,0
3066494500042200289,22,1,0,1,0,1,0,0,0,0,5,0,4,0,0,0,0,0,0,1,0,0,6,1,0,0,0,1,0,0,0,2,0,1,3,0,0,3,0,0,0,5,0,0,1,0,0,1,4,0,0,0,0,0,1,0,2,0,6,0,0,0,0,0,0,0,0,0,0,0,0,0,0,0,1,0,14,0,0,1,0,1,0,0,1,0,0,1,2,1,0,3,0,0,0,6,0,0,0,0,0,6,0,0,0,0,0,0,0,0,0,0,1,0,2,0,1,0,2,0,1,1,0,0,1,1,0,0,0,0,0,1,0,0,0,0,0,0,0,1,0,0,0,0,0,0,0,0,0,0,0,0,0,0,0,0,0,0,0,0,0,0,0,1,0,0,0,0,0,0,0,0,0,0,0,0,0,0,1,0
3066494500042200290,2,0,0,0,0,0,0,0,0,0,0,0,0,0,0,1,0,0,0,1,0,0,0,0,0,0,0,15,0,0,0,0,0,0,0,0,0,2,0,0,0,0,0,0,0,0,2,0,0,0,0,0,0,0,0,0,0,0,0,1,0,0,0,0,0,0,0,0,0,0,0,0,0,0,0,0,1,0,0,0,0,0,0,0,0,0,0,0,0,0,0,0,0,0,0,0,0,0,0,0,8,0,0,0,0,0,0,0,0,0,0,0,0,0,0,0,0,1,0,0,0,0,0,0,0,0,0,0,0,0,0,0,0,0,0,0,0,0,0,0,0,0,0,0,0,0,0,0,0,0,0,0,0,0,0,0,0,0,0,0,0,0,0,0,0,0,0,0,0,0,0,0,0,1,0,0,0,0,0,0
3066494500042200291,20,0,0,1,0,0,0,0,1,0,0,0,2,0,0,0,0,0,0,0,0,1,5,0,0,1,0,1,1,0,0,0,0,0,0,0,0,0,0,0,0,20,0,0,0,3,3,2,4,5,0,0,0,0,0,0,0,0,1,1,2,0,0,0,2,1,0,0,0,2,0,0,0,0,0,0,5,0,0,0,0,0,0,0,1,1,0,0,1,1,8,2,0,0,2,0,0,0,0,0,1,2,2,0,0,0,0,1,2,0,0,0,5,1,1,1,0,1,1,0,2,0,0,0,0,0,0,0,6,0,2,1,0,0,0,0,0,0,0,1,0,0,1,0,0,0,1,0,0,0,0,0,0,0,0,0,0,0,0,0,0,0,0,0,0,0,0,0,0,0,0,0,0,0,0,0,0,0,0,0
3066494500042200292,25,0,0,0,0,0,3,0,0,2,3,0,3,0,0,0,0,0,0,0,1,0,4,0,0,0,0,1,0,0,0,1,0,0,1,0,0,4,0,0,0,1,0,0,0,0,0,3,3,1,0,0,0,0,0,0,0,0,0,0,0,0,0,0,1,0,0,0,0,0,0,0,0,0,0,0,20,0,3,0,0,0,1,0,0,4,0,1,1,0,7,0,0,1,0,0,2,0,0,0,3,8,2,0,0,0,0,0,2,0,0,0,0,0,2,0,0,0,1,0,0,0,2,0,0,0,0,0,2,0,0,0,0,0,0,0,0,0,0,0,0,0,1,0,0,0,0,0,0,0,0,0,0,0,0,0,0,0,0,0,0,1,0,0,0,0,0,0,0,0,0,0,0,0,0,0,0,0,0,0
3066494500042200294,6,0,0,0,0,0,0,0,0,1,4,0,1,0,0,0,0,0,0,0,0,0,4,0,0,0,0,0,0,0,0,0,0,1,0,0,0,0,0,0,0,3,0,0,0,0,0,1,0,1,0,0,0,0,0,0,1,0,3,0,0,0,0,0,0,0,0,0,0,0,0,1,0,0,0,0,4,0,1,0,0,1,0,0,0,1,0,0,0,0,0,0,0,0,0,0,0,0,0,0,0,1,0,0,0,0,0,0,1,0,0,0,0,0,1,0,0,2,0,0,0,0,0,1,0,0,0,0,1,0,1,0,0,0,0,0,0,0,0,0,0,0,0,0,0,0,0,0,0,0,0,0,0,0,0,0,0,0,0,0,0,0,0,0,0,0,0,0,0,0,0,0,0,0,0,0,0,0,0,0
3066494500042200298,11,0,0,0,0,0,0,0,0,1,0,0,0,0,0,0,0,0,0,2,3,0,1,0,0,0,1,22,1,0,0,0,1,0,2,0,0,2,0,0,0,1,0,0,1,0,2,0,0,0,0,0,0,0,0,0,0,0,0,2,0,0,1,0,0,0,0,0,1,0,0,0,0,0,0,0,0,0,0,0,0,0,0,0,0,0,0,0,0,0,1,0,0,0,0,0,0,0,0,1,8,0,0,0,0,0,0,0,1,0,0,0,0,0,0,0,0,2,0,0,0,0,0,1,0,0,0,0,0,0,0,0,0,0,0,0,0,0,1,0,0,0,0,0,0,0,0,0,0,0,1,0,0,0,0,0,0,0,0,1,0,0,0,0,0,0,0,0,0,0,0,0,0,0,0,0,0,0,0,0
3066494500042200299,35,1,0,0,0,1,0,0,1,0,3,0,5,0,5,0,0,0,0,0,0,0,4,0,0,2,0,4,0,5,1,0,0,1,3,0,0,3,0,0,1,16,0,0,0,0,2,0,0,10,0,0,0,1,0,0,0,0,2,2,1,0,1,0,6,0,0,1,0,1,1,0,0,0,0,0,8,0,0,0,0,0,0,0,3,0,0,0,0,0,12,2,0,0,3,0,0,1,0,1,9,0,3,0,1,0,0,1,2,0,0,0,11,0,0,0,0,2,3,0,0,0,0,2,1,0,0,0,6,0,1,0,0,0,0,0,0,0,0,0,0,0,0,0,0,0,0,0,0,0,0,0,0,0,0,0,0,0,0,0,0,0,0,1,0,0,0,0,0,0,0,0,0,0,0,0,0,0,0,0
3066494500042200303,51,11,0,2,0,2,0,0,1,1,2,0,1,0,0,0,0,1,0,3,2,0,2,3,3,0,0,24,3,0,1,0,1,0,4,1,0,0,0,0,2,4,0,0,0,2,7,29,0,5,0,0,0,1,0,0,3,0,0,8,1,0,0,0,1,0,1,0,0,8,1,1,0,0,1,0,4,0,1,2,1,6,2,0,0,17,0,1,0,1,3,5,0,0,1,2,0,0,0,0,22,0,1,0,1,0,1,1,0,0,0,0,0,0,4,0,0,2,99,0,1,2,0,0,2,0,0,0,3,0,0,0,0,1,0,1,0,0,2,0,0,0,0,0,0,0,0,0,0,0,1,0,0,0,0,0,0,0,0,0,0,0,0,2,0,0,0,0,0,0,0,0,0,0,0,0,0,0,0,0
3066494500042200312,28,0,0,1,0,0,0,0,1,3,1,0,1,0,0,0,0,0,0,0,0,0,4,0,0,0,0,0,0,0,0,3,0,0,0,0,0,2,0,0,0,22,0,1,1,0,2,2,2,8,0,1,0,1,0,0,0,0,3,1,2,0,0,0,1,0,0,0,0,2,0,0,0,0,0,0,8,0,0,0,0,1,2,0,0,2,0,0,1,0,0,6,0,0,1,0,0,0,0,0,1,2,0,0,0,0,0,0,1,0,0,0,1,0,1,0,0,1,4,0,1,0,0,0,0,1,0,0,6,0,0,0,0,0,0,0,0,0,0,0,0,0,0,0,0,0,0,0,0,0,0,0,0,0,0,0,0,1,0,0,0,0,0,0,0,0,0,0,0,0,0,0,0,0,0,0,0,0,0,0
3066494500042200315,14,0,0,2,0,1,0,0,0,0,1,0,0,0,0,3,0,0,0,5,5,0,0,0,1,2,0,54,0,0,0,0,0,0,1,0,0,0,0,1,0,1,0,0,1,0,1,1,0,0,0,0,0,0,0,0,0,0,0,4,0,0,1,0,0,0,0,0,2,0,0,0,0,0,0,0,1,0,0,0,0,1,0,0,0,1,0,0,0,0,5,0,0,0,1,4,0,0,0,0,38,0,0,0,0,0,0,1,0,0,0,0,0,0,1,0,0,2,0,0,0,0,0,0,0,0,0,0,1,0,1,0,0,0,0,0,0,0,0,0,0,0,0,0,0,0,0,0,0,1,0,0,0,0,0,0,0,0,0,0,4,0,0,1,0,0,0,0,0,0,0,0,0,0,0,0,0,0,0,0
3066494500042200321,19,1,0,0,2,12,0,0,0,0,1,0,0,0,7,0,0,0,0,1,0,0,4,0,0,0,0,3,0,0,0,0,0,0,2,0,0,0,0,0,0,33,0,0,1,0,0,0,1,30,0,0,0,0,0,1,0,0,0,2,0,0,0,0,0,0,0,0,0,1,2,0,0,3,0,1,15,0,0,0,0,6,0,0,0,0,0,0,0,0,20,3,0,0,2,0,0,0,0,4,1,0,1,0,0,0,0,0,0,0,0,0,1,0,0,0,0,3,1,0,0,1,0,0,1,0,0,0,7,0,0,5,0,0,1,1,0,0,0,0,0,0,0,0,0,0,0,0,0,0,0,0,0,0,0,0,0,0,0,0,0,0,0,0,1,0,0,0,0,0,0,0,1,0,0,0,0,0,0,0
3066494500042200325,29,0,0,0,0,1,0,0,0,0,3,0,6,0,1,0,0,0,0,0,0,0,9,0,0,0,0,0,0,0,0,0,0,0,2,0,0,4,0,0,0,25,0,0,0,2,1,0,0,8,0,0,0,1,1,0,1,0,2,1,1,0,0,0,0,0,0,0,0,1,1,0,0,0,2,0,12,0,0,0,0,0,0,1,0,1,0,0,0,0,4,3,0,0,0,0,1,0,0,0,0,0,1,0,0,0,0,0,1,0,0,0,0,0,3,0,0,0,5,0,0,0,0,1,0,0,0,0,5,0,0,0,0,0,0,0,0,0,0,0,0,0,0,0,0,0,1,0,0,0,0,0,0,0,0,0,0,0,0,0,0,0,0,1,0,1,0,0,0,0,1,0,0,0,0,0,0,0,0,0
3066494500042200327,15,0,0,0,0,0,0,0,1,0,4,0,1,0,0,0,1,0,0,0,0,0,2,0,0,0,0,0,0,0,0,0,0,0,1,0,0,1,0,0,0,13,0,0,0,1,1,0,2,3,0,0,0,0,1,0,0,0,3,0,3,0,0,0,0,0,0,0,0,0,0,0,0,0,1,0,10,0,0,0,0,1,0,0,0,0,0,0,0,0,2,0,0,0,1,0,0,0,0,0,0,1,1,0,0,0,0,0,0,0,0,0,0,0,0,0,0,0,3,0,0,0,0,0,0,0,0,0,4,0,0,0,0,0,0,0,0,0,0,0,0,0,0,0,0,0,0,0,0,0,0,1,0,0,0,0,0,0,0,0,0,0,0,0,0,0,0,0,0,0,0,0,0,0,0,0,0,0,0,0
3066494500042200331,32,0,0,0,0,0,0,0,0,0,4,0,4,0,0,0,0,1,0,1,1,0,2,0,0,0,0,0,0,0,0,1,0,0,1,0,0,1,0,0,0,18,0,0,0,5,1,0,5,2,0,0,0,1,0,0,0,0,2,0,2,0,0,0,0,0,0,0,0,0,0,0,0,0,0,0,8,0,0,0,0,0,1,0,0,1,0,0,0,0,4,3,0,0,2,1,0,0,0,0,0,1,0,0,0,0,0,0,0,0,0,0,0,0,0,0,0,0,3,0,1,0,0,0,0,0,0,0,2,0,0,0,0,0,0,0,0,0,1,0,0,0,0,0,0,0,0,0,0,0,0,0,0,0,0,0,0,0,0,0,0,0,0,0,0,0,0,0,0,0,0,0,0,0,0,0,0,1,0,0
3066494500042200334,24,0,1,0,0,0,0,0,0,2,2,0,1,0,1,0,0,0,0,0,0,0,9,0,0,0,0,3,1,0,0,3,2,0,17,0,0,0,1,0,0,12,0,0,0,0,5,0,0,7,0,0,0,0,0,0,1,0,0,3,0,0,0,0,1,0,0,0,0,1,0,2,0,0,0,0,6,0,0,0,0,1,0,0,0,2,0,0,0,0,12,1,0,1,2,0,14,0,0,0,1,0,0,0,0,0,0,1,0,0,0,0,0,0,1,0,0,3,4,0,6,0,0,0,6,0,1,0,3,0,0,1,0,0,0,0,0,0,0,0,0,0,0,0,0,0,0,1,0,0,0,0,0,0,0,0,0,0,0,0,0,0,0,0,0,0,0,0,0,0,0,0,0,0,0,0,0,0,0,0
3066494500042200335,29,0,0,3,0,3,0,0,0,1,1,0,1,0,0,1,0,2,0,0,0,0,29,0,0,0,0,9,0,0,0,4,1,1,46,0,1,8,1,1,0,0,0,0,9,2,2,1,0,7,0,0,0,0,0,0,0,0,1,27,0,0,0,0,1,0,0,0,0,0,0,0,0,0,1,0,3,0,1,0,0,1,0,1,0,5,0,0,0,1,5,12,0,1,7,22,1,0,0,0,10,1,4,0,0,0,0,0,0,0,0,0,0,1,0,0,0,1,5,0,18,0,0,0,18,0,0,0,2,0,0,2,0,0,0,0,0,0,0,0,0,0,0,1,0,0,0,0,0,0,1,0,0,0,0,0,0,0,0,0,0,0,0,1,0,0,0,0,1,0,0,0,0,0,0,1,0,0,0,0
3066494500042200341,18,0,0,0,0,0,0,0,0,1,6,0,4,0,0,0,0,0,0,0,0,0,1,1,0,0,0,2,1,0,0,0,0,0,1,0,0,2,0,0,0,4,0,0,0,1,0,6,0,3,0,0,0,0,0,0,0,0,4,0,0,0,0,0,2,0,0,0,0,0,0,0,0,0,0,0,10,0,0,0,0,1,1,0,0,0,0,0,0,0,3,1,0,0,0,0,0,0,0,0,0,1,0,0,0,0,0,0,0,0,0,0,0,0,0,0,0,0,4,0,1,0,0,0,0,0,1,0,1,0,0,0,0,0,0,0,0,0,0,0,0,0,0,0,0,0,0,0,0,0,0,0,0,0,0,0,0,0,0,0,0,0,0,0,0,0,0,0,0,0,0,0,0,0,0,0,0,0,0,0
3066494500042200346,20,0,0,0,0,1,0,0,0,0,0,0,0,0,1,0,1,1,0,0,0,1,0,1,1,0,0,4,0,0,0,0,0,0,2,0,0,1,0,0,1,3,0,0,0,0,1,12,0,11,0,0,0,0,0,0,1,0,0,2,0,0,0,0,0,0,0,0,0,2,1,0,0,0,0,0,5,0,0,0,0,0,0,0,0,3,0,1,0,0,6,0,0,0,1,1,0,0,0,2,5,0,0,0,0,0,0,0,0,0,0,0,1,0,0,0,0,1,8,0,1,0,0,1,0,0,0,1,5,0,0,0,0,0,0,0,0,0,0,0,0,0,0,0,0,0,0,0,0,0,0,0,0,0,0,0,0,0,0,0,0,0,0,0,0,0,0,0,0,0,0,0,0,0,0,0,0,0,0,0
3066494500042200350,23,20,1,1,0,1,1,0,0,0,0,1,1,1,0,0,0,0,1,0,0,0,0,1,3,1,0,10,0,0,0,0,0,0,0,0,0,0,0,0,0,2,0,0,0,1,8,18,1,3,0,0,0,0,0,0,0,0,1,1,1,0,0,0,0,0,0,0,0,0,0,0,0,0,1,0,2,1,0,0,0,1,1,0,0,10,0,0,0,0,0,1,1,0,1,7,0,0,0,1,11,0,0,0,1,0,0,0,0,0,0,0,1,1,0,0,0,1,41,0,0,1,0,0,1,0,0,0,3,0,0,1,0,0,1,0,0,0,0,0,0,0,0,0,0,0,0,0,0,0,0,2,0,0,0,0,0,1,0,0,0,0,0,2,0,0,0,0,1,0,0,0,2,0,0,0,0,1,0,0
3066494500042200351,24,0,0,1,0,0,1,0,0,1,6,0,6,0,0,0,0,0,0,0,0,0,4,0,0,0,0,2,0,0,0,0,0,0,5,0,0,1,0,0,1,3,0,0,0,1,4,0,3,0,1,0,0,0,0,0,1,0,3,0,0,0,0,0,2,0,0,0,0,1,0,0,0,0,0,0,7,0,0,0,1,1,1,0,0,1,0,0,0,0,2,7,0,0,3,0,0,0,0,0,0,5,2,0,0,0,0,0,0,0,0,0,0,0,2,0,0,0,1,0,2,0,0,0,0,0,0,0,0,0,0,2,0,0,0,1,0,0,0,0,0,0,0,1,0,0,0,0,0,0,0,0,0,0,0,0,0,0,0,0,0,0,0,0,0,0,0,0,0,0,0,0,0,0,0,0,0,0,0,0
3066494500042200356,13,0,0,0,0,2,0,0,0,1,2,0,1,0,1,0,1,0,0,0,0,0,3,0,0,0,0,1,0,0,0,1,0,0,8,0,0,0,0,0,0,14,0,0,0,0,3,0,0,28,0,1,0,0,0,0,0,0,0,1,0,0,0,0,0,1,0,0,0,0,1,0,0,0,0,0,9,0,0,0,0,4,0,0,0,1,0,0,0,0,18,2,0,0,0,3,10,0,0,0,1,0,0,0,0,0,0,0,0,0,0,0,1,0,0,0,0,0,1,0,1,0,0,0,2,0,0,0,3,0,1,1,0,0,0,0,0,0,1,1,0,0,0,0,0,0,0,0,0,0,0,0,0,0,0,0,0,0,0,0,0,0,0,0,0,0,0,0,0,0,0,0,1,0,0,0,0,0,0,0
3066494500042200360,54,0,0,0,0,0,0,0,0,0,15,0,5,0,0,0,0,0,0,0,0,0,4,0,0,0,0,2,0,1,0,1,0,0,1,0,0,6,0,0,0,2,0,0,0,0,2,1,2,2,0,0,0,0,0,0,0,0,4,0,0,0,0,0,1,0,0,0,0,0,0,0,0,0,1,0,7,0,1,0,4,1,4,1,0,1,0,0,0,0,4,9,0,0,0,1,0,0,0,0,0,8,1,0,1,0,0,0,0,0,0,1,2,0,1,0,0,0,2,0,0,1,0,0,0,1,0,0,1,0,0,0,0,0,0,0,0,0,0,0,0,0,0,0,0,0,0,0,0,0,0,0,0,0,0,0,0,0,0,0,0,0,0,0,0,0,0,0,0,0,0,0,0,0,0,0,0,0,0,0
3066494500042200362,6,0,0,0,0,12,0,1,0,1,0,0,2,0,6,0,0,0,0,1,0,1,4,0,0,0,0,1,0,1,0,0,0,0,8,0,0,3,0,0,0,30,0,1,0,0,2,0,0,70,0,0,1,0,0,1,1,0,1,2,1,0,0,0,3,0,0,0,0,1,3,0,1,1,1,0,19,0,0,0,0,1,0,0,0,2,0,0,0,0,20,3,0,0,2,2,2,0,0,5,1,0,1,0,0,0,1,0,0,0,0,0,1,0,0,0,1,4,4,0,0,0,0,0,1,0,1,0,6,0,0,7,0,0,1,0,0,0,0,0,0,0,0,0,0,1,0,0,0,0,0,0,0,0,0,1,0,0,0,0,0,0,0,0,0,0,1,0,0,0,0,0,0,0,0,0,0,0,0,0
3066494500042200363,44,16,0,1,0,4,0,0,0,0,0,0,1,1,0,1,0,2,0,0,2,0,2,1,4,0,0,15,0,0,0,0,1,0,0,0,1,0,0,0,0,0,0,0,0,0,14,33,0,2,0,0,0,0,0,0,0,0,0,6,0,0,0,0,0,1,0,0,0,2,0,0,0,0,2,0,3,0,0,2,0,3,0,0,0,25,1,0,0,0,1,4,1,0,0,6,1,0,0,0,21,0,0,0,0,0,0,0,0,1,0,0,0,0,0,0,0,2,51,0,1,0,0,3,9,2,0,0,9,0,1,1,0,0,0,1,1,0,0,0,0,0,0,0,0,0,0,0,0,0,1,0,0,0,0,0,0,0,0,0,0,0,0,1,0,0,0,0,0,0,0,0,0,0,0,0,0,0,0,0
3066494500042200365,11,0,0,1,0,1,0,0,0,0,1,0,1,0,6,0,1,0,0,0,1,1,1,0,0,0,0,2,0,0,0,0,0,0,2,0,0,0,0,0,0,27,0,0,0,1,1,1,0,22,0,1,0,0,0,1,0,1,3,0,0,0,0,0,0,0,1,0,1,5,6,0,0,2,1,0,7,0,0,0,0,2,0,0,0,0,0,0,0,0,13,2,0,0,0,1,0,1,0,3,5,0,1,0,1,0,0,1,0,0,0,0,0,0,0,0,0,3,3,1,1,0,0,0,0,0,0,0,8,0,0,4,0,0,0,0,0,0,0,1,0,0,0,0,0,0,0,0,0,0,0,0,0,0,0,0,0,0,0,0,0,0,0,0,0,0,0,0,0,0,0,0,0,0,0,0,0,0,0,0
3066494500042200369,29,2,0,0,0,0,0,0,1,1,6,0,5,0,0,0,0,0,0,0,1,1,9,1,0,0,1,1,0,0,0,0,1,0,5,0,0,3,0,0,1,2,0,0,0,2,1,3,3,1,0,2,0,0,0,0,1,0,7,3,0,0,0,0,2,0,0,0,0,0,0,0,0,0,0,0,10,0,1,0,1,2,1,0,0,0,0,0,0,0,14,7,0,0,0,0,0,1,0,1,4,0,0,1,1,0,0,3,1,0,0,0,1,0,0,0,0,0,5,0,1,0,1,0,1,0,0,0,4,0,0,2,0,0,0,0,0,0,0,0,1,0,0,0,0,0,0,0,0,0,0,0,0,0,0,0,0,0,0,0,2,0,0,0,0,0,0,0,0,0,0,0,1,0,0,0,0,0,0,0
3066494500042200374,7,3,0,0,0,1,0,0,0,0,0,1,0,0,1,0,0,0,0,0,0,0,2,1,0,0,1,3,0,0,0,0,0,0,1,0,0,0,0,0,0,0,0,0,0,0,3,7,0,0,0,0,0,0,0,0,0,0,0,1,0,0,0,0,0,0,0,0,1,3,0,0,0,0,1,0,0,0,0,0,0,1,0,0,0,2,0,0,1,1,1,0,0,1,1,2,1,0,0,0,6,0,2,0,0,0,0,0,0,0,0,0,0,0,0,0,0,0,17,0,0,0,0,0,1,0,0,0,1,0,0,0,0,0,0,0,0,0,0,0,0,0,0,0,0,0,0,0,0,0,0,0,0,0,0,0,0,0,0,0,0,0,0,0,0,0,0,0,0,0,0,0,0,0,0,0,0,0,0,0
3066494500042200375,16,0,0,0,2,8,2,0,0,0,2,0,2,0,4,0,1,1,0,1,0,0,5,0,0,0,0,1,0,0,0,0,1,0,5,0,0,0,0,0,0,34,0,0,1,0,4,0,0,29,0,0,0,0,0,4,2,0,0,0,0,0,0,0,1,0,0,0,0,3,3,0,0,2,0,0,13,0,2,0,0,3,0,0,2,3,0,0,0,1,38,2,0,0,3,5,0,0,1,1,0,1,0,0,0,0,0,0,0,0,0,0,0,0,1,0,1,2,1,0,2,1,1,0,0,0,0,0,6,0,1,2,0,0,0,0,0,0,1,1,0,0,0,0,0,0,0,0,0,0,0,0,0,0,1,0,0,0,0,1,0,0,0,0,0,0,0,0,0,0,0,0,0,0,0,1,0,0,0,0
3066494500042200377,5,0,0,0,0,0,0,0,0,0,0,0,1,0,0,3,0,0,0,3,3,0,0,0,0,0,0,28,0,0,0,0,0,0,2,0,0,0,0,0,0,0,0,0,0,0,2,0,0,1,0,0,0,0,0,0,0,0,0,0,0,0,0,0,0,0,0,0,1,0,0,0,0,0,0,0,0,0,0,1,0,0,0,0,0,0,0,1,0,0,0,2,0,0,0,0,0,0,0,0,23,0,0,0,0,0,0,0,0,0,0,0,0,0,0,0,0,0,0,0,0,0,0,0,0,1,0,0,1,0,0,0,0,1,0,0,0,0,0,0,0,0,0,0,0,0,1,0,0,1,0,0,0,0,0,0,0,0,0,0,1,0,0,0,1,0,0,0,0,0,0,0,0,0,0,0,1,0,0,0
3066494500042200380,119,0,0,7,0,0,3,0,1,4,23,2,9,0,0,0,1,2,0,0,1,0,6,5,0,0,0,2,2,1,5,0,1,1,5,0,1,8,1,0,0,22,0,0,1,3,6,3,4,7,0,0,0,0,0,1,1,0,10,2,1,0,0,0,4,0,1,0,0,1,2,1,0,0,53,0,9,0,0,0,0,1,1,1,0,0,0,0,2,1,4,6,0,1,2,0,0,1,0,0,2,8,1,1,2,0,0,3,0,0,0,1,2,1,4,0,0,3,9,0,2,2,0,2,2,0,0,0,9,0,0,0,0,0,0,0,0,0,2,0,1,0,1,1,0,0,0,0,0,0,0,0,0,0,0,0,0,1,0,0,0,1,0,0,0,0,0,0,0,0,0,0,0,0,0,0,0,0,0,1
3066494500042200381,5,0,0,1,0,3,0,1,0,0,0,0,0,0,3,0,0,1,0,0,0,0,1,0,0,0,1,0,0,0,0,0,0,0,1,0,0,1,1,0,0,16,0,0,0,0,3,0,0,34,0,0,0,0,0,0,0,0,1,1,0,0,0,0,1,0,0,0,0,0,1,0,0,1,0,0,13,0,0,0,1,1,0,0,0,2,0,0,0,0,20,0,0,0,0,1,1,0,0,1,1,0,0,0,0,0,0,0,0,0,0,0,0,0,1,1,0,3,2,0,1,3,0,0,2,0,0,0,5,0,0,4,0,0,0,0,0,0,0,0,0,0,0,0,0,1,0,0,0,0,0,0,0,0,0,0,0,0,0,0,0,1,0,0,0,0,0,0,0,0,0,0,0,0,0,0,0,0,0,0
3066494500042200383,86,3,0,10,0,1,0,0,4,0,2,1,0,0,0,1,0,0,0,2,4,0,4,5,1,2,0,14,0,0,0,1,1,2,2,0,1,0,0,0,3,0,0,0,0,1,18,13,0,1,0,1,0,0,0,0,2,0,2,4,0,0,0,0,1,1,0,0,0,0,0,2,1,0,41,0,3,0,2,0,0,2,0,1,0,0,0,3,0,2,3,6,0,0,0,1,1,0,0,2,13,0,1,0,0,0,0,0,0,0,1,0,3,0,2,0,0,5,22,0,2,0,0,0,3,0,0,0,4,1,0,1,0,0,1,0,0,0,0,1,1,0,0,0,0,0,1,0,0,1,0,0,0,0,0,0,0,0,0,0,0,1,0,0,0,0,0,0,0,0,0,1,0,0,0,0,2,0,0,0
3066494500042200387,11,0,0,0,0,0,0,0,0,0,0,0,0,0,1,8,0,0,0,9,3,0,0,1,1,0,0,109,0,0,1,0,0,0,0,0,0,2,1,0,0,0,0,0,0,0,4,0,1,0,0,0,0,0,0,0,0,0,0,3,0,0,0,0,0,0,0,0,0,0,0,0,0,0,0,0,2,0,0,0,0,0,0,0,0,0,0,0,0,0,3,1,0,0,0,0,0,0,0,0,49,0,0,0,0,0,0,1,0,0,0,0,0,0,0,0,0,2,1,0,0,0,0,0,0,0,0,0,0,0,1,0,0,0,0,0,0,1,2,1,0,0,0,0,0,0,0,0,0,0,0,0,0,0,0,0,0,0,0,0,0,0,0,0,1,0,0,0,0,0,0,0,0,0,0,0,0,1,0,0
3066494500042200388,127,1,0,0,1,0,0,1,0,6,18,1,18,0,0,1,1,2,0,0,0,0,7,2,0,0,0,2,0,1,1,2,0,0,8,0,0,8,0,0,1,46,0,1,0,1,5,6,6,9,1,0,0,1,0,0,0,0,19,3,0,1,0,0,0,0,0,0,0,5,1,1,0,1,3,1,30,0,1,0,0,9,1,1,0,1,0,0,0,1,6,8,0,0,4,0,0,0,0,0,0,7,8,0,0,0,0,1,2,0,0,0,4,0,4,0,0,5,13,0,0,2,1,1,4,0,0,0,27,1,0,2,0,0,0,0,0,0,0,0,0,0,0,1,0,0,0,0,0,0,0,0,1,0,1,0,1,0,2,0,0,1,1,2,0,0,0,0,0,0,0,0,0,0,0,0,0,0,0,0
3066494500042200389,14,0,0,1,0,0,0,1,0,2,1,0,1,0,0,0,1,1,0,0,1,0,2,0,0,2,0,1,0,0,1,0,1,0,2,0,0,0,0,0,3,1,0,1,0,0,3,0,0,0,0,0,0,0,0,0,0,0,7,14,0,0,0,0,1,0,0,0,0,0,0,0,0,0,0,0,0,0,0,0,1,0,0,7,0,1,0,0,0,0,4,4,0,1,0,0,1,0,0,0,0,0,0,0,1,0,0,0,0,0,0,0,0,0,0,0,0,0,2,0,0,0,1,0,0,0,0,0,0,0,0,0,0,0,0,0,0,0,0,0,0,0,0,0,0,0,0,0,0,0,0,0,0,0,0,0,0,0,1,0,0,0,0,0,0,0,0,0,0,0,0,0,0,0,0,0,0,0,0,0
3066494500042200390,18,1,0,0,0,0,0,1,0,0,0,0,0,0,0,0,0,0,0,0,0,0,1,0,0,0,0,2,0,0,0,3,0,0,4,0,0,1,0,0,1,9,0,0,3,2,1,0,0,11,0,0,0,0,0,0,0,0,1,1,0,0,0,0,0,0,0,0,0,1,0,0,0,0,0,0,5,0,0,0,0,1,0,0,0,0,0,1,0,0,11,1,1,0,4,1,10,0,0,0,1,0,0,0,0,0,0,1,0,0,0,0,0,0,1,0,0,2,2,0,1,0,0,0,3,0,0,0,2,0,0,0,0,0,0,0,0,0,0,0,0,0,0,0,0,0,0,0,0,0,0,0,0,0,0,0,0,0,0,0,0,0,0,0,0,0,0,0,0,0,0,0,0,0,0,0,0,0,0,0
3066494500042200392,41,0,0,0,0,0,0,0,0,0,0,0,1,0,0,0,2,0,0,0,0,0,2,0,0,3,0,1,0,1,0,2,0,0,3,0,0,0,0,0,6,1,0,2,3,0,1,4,0,0,0,0,0,0,0,0,0,1,12,23,0,0,0,0,1,1,0,0,0,0,0,0,0,0,1,1,1,0,1,0,0,0,0,10,0,1,0,0,0,1,6,7,0,3,0,3,5,0,0,0,0,0,0,0,0,0,0,0,0,0,1,1,0,0,0,0,0,1,2,0,1,0,0,0,2,0,0,0,0,0,0,0,0,0,0,0,0,0,0,0,0,0,0,0,0,0,0,0,0,0,0,0,0,0,1,0,0,0,0,0,0,1,0,0,0,0,0,0,0,0,0,0,0,0,0,0,0,0,0,0
3066494500042200410,73,1,0,1,0,0,0,0,0,1,13,1,11,0,0,0,0,1,0,1,0,0,8,0,0,1,0,1,0,1,0,5,0,0,0,0,0,4,0,0,1,47,0,0,0,2,1,1,5,7,0,0,0,1,0,0,1,0,6,3,1,0,0,0,1,1,0,0,0,2,0,0,0,0,0,0,17,0,0,0,0,1,0,0,0,2,0,1,0,0,3,1,0,0,2,0,1,1,0,1,1,3,5,0,1,0,0,0,0,0,0,0,0,0,0,0,0,1,25,0,0,2,0,0,2,0,1,0,12,0,0,0,0,0,0,0,0,0,0,0,1,0,0,0,0,1,0,0,0,0,1,0,0,0,0,0,1,0,0,1,0,0,0,0,0,0,0,0,0,0,0,0,0,0,0,0,0,1,0,0
3066494500042200412,29,0,0,1,0,0,0,0,1,0,2,0,0,0,0,4,0,0,0,0,16,0,2,1,3,0,0,8,0,0,0,1,1,0,1,0,0,0,0,0,3,0,1,2,0,2,9,0,0,0,0,0,0,0,0,0,1,0,1,0,0,0,0,0,2,0,0,0,2,0,0,0,0,0,9,0,1,0,0,4,1,0,0,0,0,0,1,1,0,1,3,10,0,0,0,4,0,0,0,1,7,0,2,0,0,0,1,0,1,0,3,0,0,0,0,0,1,2,1,0,0,0,0,1,0,0,0,0,1,0,0,0,0,0,0,0,1,0,0,0,0,0,0,0,0,0,0,0,0,0,0,0,0,0,0,0,0,0,0,0,0,0,0,0,0,0,1,0,0,0,0,0,0,0,0,0,0,0,0,0
3066494500042200415,38,0,0,1,0,0,0,0,0,3,8,0,7,0,0,0,0,0,0,0,0,0,3,0,0,0,0,2,0,0,1,0,0,0,0,0,0,3,0,0,0,10,0,0,1,3,1,2,4,2,0,0,0,0,0,0,0,0,3,1,3,0,0,0,1,0,0,0,0,0,0,0,0,0,3,0,9,0,0,1,0,0,0,0,0,1,1,0,1,0,5,5,0,0,3,1,0,0,0,0,0,5,0,0,0,0,0,0,1,0,0,0,0,0,3,0,0,0,7,0,0,1,1,0,2,0,0,0,3,0,0,0,0,0,1,0,0,0,0,0,0,0,0,0,0,0,0,0,0,0,0,0,0,0,0,0,0,0,1,0,0,0,0,0,0,0,0,0,0,0,0,0,0,0,0,0,0,0,0,0
3066494500042200424,36,1,0,1,0,1,0,0,1,0,1,0,2,1,0,5,0,0,0,0,6,0,1,0,3,0,0,8,0,0,0,0,0,0,2,0,0,0,0,0,7,0,0,0,0,0,8,3,0,0,0,0,2,0,0,0,0,0,1,1,0,0,0,0,0,0,0,0,3,0,0,0,0,0,1,0,1,0,0,2,0,0,0,0,0,1,0,0,1,0,4,17,0,0,1,9,0,0,0,0,22,1,0,0,0,0,0,0,0,0,4,0,0,0,0,1,0,2,16,0,0,0,0,0,2,0,0,0,1,1,0,0,0,0,0,0,0,0,0,0,0,0,0,1,0,0,0,0,0,0,0,0,0,0,0,0,0,0,0,0,0,0,0,0,0,0,0,1,0,0,0,0,0,1,0,0,0,0,0,0
3066494500042300015,48,0,0,3,0,0,0,0,3,0,2,0,2,0,0,0,0,0,0,0,0,0,1,0,0,0,0,0,0,1,0,0,0,1,1,0,0,0,1,0,0,0,0,0,0,2,4,0,0,0,0,0,0,0,0,3,0,0,0,1,0,0,0,0,0,0,0,0,0,0,0,0,0,0,18,0,0,0,0,1,0,0,0,0,0,0,0,2,0,0,0,0,0,0,2,0,0,2,0,0,3,0,0,0,1,0,0,0,0,0,0,0,0,0,1,0,0,1,3,0,0,1,0,2,0,0,0,0,0,0,2,0,0,0,0,0,0,0,0,0,0,0,0,0,0,0,0,0,0,0,0,0,0,0,0,0,0,0,0,0,0,0,0,0,0,0,0,0,0,0,0,0,0,0,0,0,0,0,0,0
3066494500042300024,11,0,0,0,0,0,0,0,0,1,4,0,2,0,0,0,0,0,0,1,1,0,1,0,0,0,0,1,0,0,0,0,0,0,0,0,0,0,0,0,0,3,0,0,0,2,0,0,1,0,0,0,0,0,0,0,2,0,0,0,0,0,0,0,0,0,0,0,0,0,0,0,0,0,0,0,5,0,0,0,0,0,1,0,0,0,0,0,0,0,1,1,0,0,0,0,0,0,0,0,1,0,0,0,0,0,0,0,0,0,0,0,0,0,0,0,0,0,3,0,0,0,0,0,0,0,0,0,2,0,0,0,0,0,0,0,0,0,0,0,0,0,0,0,0,0,0,0,0,0,0,0,0,0,0,0,0,0,0,0,0,0,0,0,0,0,0,0,0,0,0,0,0,1,0,0,0,0,0,0
3066494500042300030,34,0,0,2,0,0,0,0,0,0,3,0,1,0,0,0,0,0,0,0,0,0,4,0,0,0,0,0,1,0,0,1,0,0,0,0,0,3,0,0,1,10,0,0,0,1,1,1,2,4,0,0,0,0,0,0,0,0,2,0,2,0,0,0,0,0,0,0,0,0,1,0,0,0,0,0,7,0,0,0,0,4,3,0,0,1,0,0,0,0,1,0,0,0,2,0,0,0,0,0,0,0,1,0,0,0,0,0,0,0,0,0,1,0,0,0,0,0,3,0,0,0,0,0,0,0,0,0,3,0,0,0,0,0,1,0,0,0,0,0,0,0,0,0,0,0,0,0,0,0,0,0,0,0,0,0,0,0,0,0,0,0,0,0,0,0,0,0,0,0,0,0,0,0,0,0,0,0,0,0
3066494500042300039,47,0,0,0,0,1,1,0,1,0,7,1,11,0,0,0,1,0,1,1,0,0,2,2,0,0,0,0,0,0,0,0,0,0,4,0,0,5,0,0,0,6,0,0,1,1,0,4,2,6,0,1,0,0,0,0,0,0,7,0,0,0,0,0,0,0,0,0,0,1,0,0,0,0,1,0,11,0,0,0,2,2,0,0,0,1,0,0,0,0,3,6,1,0,1,1,0,0,0,0,1,4,0,0,0,0,0,0,0,0,0,1,0,0,2,0,0,0,4,0,0,0,0,0,2,0,0,1,1,0,0,2,0,0,0,0,0,0,0,0,0,0,0,0,0,0,0,0,0,0,0,0,0,0,0,0,1,0,1,0,0,0,0,0,0,0,0,0,0,0,0,1,0,0,0,0,0,0,0,0
3066494500042300044,19,0,0,0,1,0,1,0,1,0,14,0,7,0,0,0,0,0,0,0,0,0,4,0,0,0,0,1,0,1,1,0,0,0,5,0,0,0,0,0,0,1,0,0,0,1,0,6,4,0,0,2,0,0,0,0,0,0,2,1,0,0,0,0,1,0,0,0,0,0,0,1,0,0,1,0,9,1,0,1,0,3,2,0,0,5,0,0,0,0,1,3,0,2,1,0,0,0,0,0,0,3,7,0,0,1,0,0,0,0,0,0,2,0,1,0,0,0,4,0,2,0,0,0,3,0,0,0,0,0,0,2,0,0,0,0,0,0,0,0,0,0,0,0,0,0,0,0,0,0,0,0,0,0,0,0,1,0,0,0,0,0,0,1,0,0,0,0,0,0,0,0,0,0,0,0,0,0,0,0
3066494500042300046,11,0,0,0,0,0,0,0,0,0,1,0,2,0,0,0,0,0,0,0,0,0,1,0,0,0,0,0,0,0,0,1,0,0,0,0,0,0,0,0,0,2,0,0,0,1,1,0,3,0,0,0,0,0,0,0,0,0,3,1,1,0,0,0,0,0,0,0,0,0,0,0,0,0,0,0,4,0,0,0,0,0,0,0,0,0,0,0,0,0,2,1,0,0,0,0,0,0,0,0,0,0,0,0,0,0,0,0,0,0,0,0,0,0,0,0,0,1,1,0,0,0,0,0,2,0,0,0,2,0,0,0,0,0,0,0,0,0,0,1,0,0,0,0,0,0,0,0,0,0,0,0,0,0,0,0,0,0,1,0,0,0,0,0,0,0,0,0,0,0,0,0,0,0,0,0,0,0,0,0
3066494500042300048,14,0,0,0,0,0,0,0,0,0,5,0,2,0,0,1,0,0,0,0,0,0,2,0,0,0,0,1,0,0,0,1,0,0,0,0,0,2,0,0,0,3,0,0,1,0,0,0,1,0,0,0,0,0,0,0,0,0,0,0,3,0,0,0,2,0,0,0,0,1,0,0,0,0,1,0,9,0,0,0,0,0,0,0,0,0,0,0,0,0,3,4,0,0,0,0,0,0,0,0,2,4,0,0,0,0,0,0,0,0,0,1,1,0,0,0,0,0,3,0,0,0,0,0,0,0,0,0,2,0,0,0,0,0,0,0,0,0,0,0,0,0,0,0,0,0,0,0,0,0,0,0,0,0,0,0,0,0,0,0,0,0,0,1,0,0,1,0,0,0,0,0,0,0,0,0,0,0,0,0
3066494500042300055,5,0,0,0,0,0,0,0,1,0,0,0,0,0,0,4,0,0,2,1,2,0,1,0,2,0,0,45,0,0,0,1,0,0,0,0,0,1,0,0,0,0,0,1,0,0,3,0,0,0,0,0,0,0,0,0,1,0,0,0,0,0,0,0,0,0,0,0,2,0,0,2,0,0,0,0,2,0,0,0,0,1,0,0,0,0,0,0,0,0,2,0,0,0,0,0,0,0,0,0,27,0,0,0,0,0,0,0,0,0,0,0,0,0,0,0,0,1,0,0,0,0,0,0,0,0,0,0,0,0,0,0,0,0,0,0,0,0,1,0,1,0,0,0,0,0,0,0,0,0,0,0,0,0,0,0,0,0,0,0,1,0,0,0,0,0,0,0,0,0,0,0,0,0,0,0,0,0,0,0
3066494500042300059,20,0,0,0,0,6,1,1,0,0,9,0,6,0,0,0,0,0,0,0,0,0,5,0,0,0,0,2,0,0,0,0,0,0,8,0,0,0,0,0,0,4,0,0,0,1,2,1,0,0,0,0,0,0,0,0,0,0,2,1,0,0,0,0,1,1,0,0,0,1,0,0,0,1,0,0,9,0,0,0,0,0,1,0,0,0,0,0,1,0,3,4,0,1,1,0,0,0,0,0,2,4,1,0,0,0,0,2,0,0,0,0,0,0,1,0,0,2,0,0,0,0,0,0,0,1,0,0,2,0,0,1,0,0,0,0,0,0,0,0,0,0,0,0,0,0,0,1,0,0,0,0,0,0,0,0,0,0,0,0,0,0,0,0,0,0,0,0,0,0,0,0,0,0,0,0,0,0,0,0
3066494500042300062,26,0,0,0,0,0,0,0,0,0,4,0,4,0,0,0,0,0,0,0,0,0,1,0,0,0,0,4,0,0,0,0,0,0,3,0,0,0,0,0,0,5,0,0,0,1,0,3,3,2,0,0,0,0,0,0,0,0,3,2,0,0,0,0,0,0,0,0,0,1,0,0,0,0,0,0,6,0,0,0,2,0,0,0,0,0,0,0,0,0,3,2,0,0,0,0,0,0,0,0,2,4,0,0,0,0,0,0,0,0,0,0,0,1,0,0,0,0,2,0,1,0,0,0,0,0,0,0,0,0,0,1,0,0,0,0,0,1,0,0,0,0,0,0,0,0,0,0,0,1,0,0,0,0,0,0,0,0,0,0,0,0,0,0,0,0,0,0,0,0,0,0,0,1,0,0,0,0,0,0
3066494500042300065,35,0,0,1,0,0,0,0,1,0,1,0,0,0,0,0,0,0,0,0,0,0,0,1,0,0,0,2,0,0,0,0,0,2,0,0,0,0,0,0,0,0,0,0,0,0,7,1,0,0,0,0,0,0,0,0,0,0,1,0,0,0,0,0,0,0,0,0,0,0,0,0,0,0,26,0,0,0,0,0,0,0,0,0,0,0,0,0,0,0,0,0,0,0,0,1,0,0,0,0,0,0,0,0,0,0,0,1,0,0,0,0,0,0,0,0,0,1,1,0,0,0,0,2,0,0,0,0,0,0,0,0,0,0,0,0,0,0,0,0,0,0,0,0,0,0,0,0,0,0,0,0,0,0,0,0,0,0,0,0,0,0,0,0,0,0,0,0,0,0,0,0,0,0,0,0,0,0,0,0
3066494500042300068,32,0,0,0,0,0,0,0,0,0,1,0,2,0,0,0,2,0,0,0,0,0,9,0,0,1,0,2,0,0,3,0,0,0,3,0,0,1,0,2,3,0,0,1,0,2,1,0,0,2,0,0,0,1,0,0,0,0,4,11,0,0,0,0,1,0,0,0,2,0,0,0,0,0,0,0,2,0,1,0,0,0,0,5,0,3,0,0,0,0,2,10,0,0,6,1,2,1,0,0,4,1,0,0,0,0,0,0,0,0,0,0,0,1,1,1,0,3,0,0,0,0,0,0,0,0,1,0,0,0,0,0,0,0,0,0,0,0,0,0,0,0,0,0,0,0,0,0,0,0,0,0,0,0,0,0,0,0,0,0,0,0,0,0,0,0,0,0,0,0,0,0,0,0,0,0,0,0,0,0
3066494500042300078,15,0,0,1,0,0,0,0,0,1,0,0,0,0,0,0,0,0,0,0,0,0,1,1,0,1,0,0,0,0,0,0,0,0,0,0,0,0,0,4,0,0,0,0,0,5,3,0,0,0,0,0,0,0,0,0,0,0,2,14,0,0,0,0,0,0,0,0,0,0,0,0,0,0,0,0,0,0,0,0,0,0,0,13,0,3,0,0,0,0,6,1,0,0,2,2,6,0,0,2,0,0,0,0,0,0,0,0,0,0,0,1,0,0,0,0,0,0,1,1,2,1,0,0,1,1,0,0,0,1,0,0,0,0,0,0,0,0,0,0,0,0,0,0,0,0,1,0,0,0,0,0,0,0,0,0,0,0,0,0,0,0,0,0,0,0,0,0,1,0,0,0,0,0,0,0,0,0,0,0
3066494500042300080,31,0,0,1,0,0,0,0,1,1,4,0,0,0,0,0,0,1,0,0,0,0,0,0,0,0,0,0,0,0,1,0,1,0,1,0,0,0,0,0,0,0,0,0,0,1,1,0,0,0,0,0,0,0,0,0,0,0,0,0,0,0,0,0,0,0,0,0,0,0,0,0,0,0,13,0,0,0,0,0,0,0,0,0,0,1,0,0,0,1,1,0,0,0,1,0,0,0,0,0,0,0,0,0,0,0,0,0,0,0,0,0,0,0,0,0,0,0,0,0,0,0,0,0,0,0,0,0,0,0,1,0,0,0,0,0,0,0,0,0,0,0,0,0,0,0,0,0,0,0,0,0,0,0,0,0,0,0,0,0,0,0,0,0,0,0,0,1,0,0,0,0,0,0,0,0,0,0,0,0
3066494500043100031,27,0,0,0,0,1,0,0,0,0,0,0,0,0,0,11,0,0,0,6,6,0,0,0,2,0,0,13,0,0,0,0,1,0,1,0,0,0,0,0,0,1,0,0,0,1,1,2,0,0,0,0,1,0,0,0,1,0,0,1,0,0,0,0,0,2,0,0,1,0,0,1,0,0,0,0,0,0,0,1,0,0,0,0,0,0,0,0,0,2,4,0,1,0,0,0,0,0,0,0,13,0,0,0,0,0,0,0,0,0,0,1,0,0,0,0,0,6,5,0,0,0,0,0,0,2,0,0,0,0,0,0,1,0,0,0,0,0,0,0,0,0,0,0,0,0,0,0,0,0,0,0,0,0,0,0,0,0,0,0,0,0,0,0,0,0,0,0,1,0,0,0,0,0,0,0,0,0,0,0
3066494500043200065,30,8,0,2,0,0,0,0,0,1,0,0,0,1,0,0,0,1,0,11,3,0,0,0,5,0,0,6,0,1,0,2,2,0,2,0,0,0,1,0,0,0,0,0,0,0,9,11,0,0,0,0,0,0,0,0,2,0,1,2,2,0,0,0,0,6,0,0,0,0,0,0,0,0,0,0,0,0,0,1,0,1,0,0,0,0,0,0,0,0,14,0,0,1,0,0,0,0,0,0,6,1,0,0,0,0,0,0,0,0,0,0,0,0,1,1,0,25,50,0,0,0,0,0,2,0,0,0,1,0,0,0,0,0,0,0,0,0,0,0,0,0,0,0,0,0,0,0,0,0,0,0,0,0,0,0,0,0,0,0,0,0,0,1,0,0,0,0,0,0,0,0,0,0,0,0,0,0,0,0
3066494500043200068,14,2,0,3,0,0,1,0,0,0,0,0,0,0,0,0,0,0,0,3,1,0,1,0,0,0,0,1,0,0,0,0,0,0,0,0,0,0,0,0,0,0,0,0,0,0,3,5,0,0,0,0,0,0,0,0,1,0,1,0,0,0,0,0,0,1,0,0,1,2,0,0,0,1,0,0,0,0,0,0,0,0,0,0,0,0,0,0,0,0,0,0,0,0,1,0,0,0,0,0,1,0,0,0,0,0,0,0,0,0,0,0,0,0,1,0,0,5,27,0,0,0,0,0,0,0,0,0,1,0,0,0,0,0,0,0,0,0,0,0,0,0,0,0,0,0,0,0,0,0,0,0,0,0,0,0,0,0,0,0,0,0,0,1,0,0,0,0,0,0,0,0,0,0,0,0,0,0,0,0
3066494500043200072,43,8,0,2,0,0,0,0,0,2,0,0,0,0,0,8,1,1,0,20,9,1,1,1,6,0,0,26,1,1,0,1,0,0,1,0,0,0,0,0,3,0,0,0,0,0,6,19,0,0,0,0,0,0,0,0,2,1,3,1,1,0,1,0,1,0,1,0,6,1,0,1,0,0,1,0,0,0,0,3,0,0,0,0,0,0,0,0,0,1,6,0,0,0,2,5,1,0,0,0,12,0,0,0,0,0,0,0,1,0,0,0,0,0,1,1,0,35,68,0,0,0,0,0,0,4,0,0,1,0,0,0,0,0,0,1,0,0,0,0,0,0,0,0,0,0,1,0,0,0,0,0,0,0,0,0,0,0,0,0,0,0,0,1,0,0,0,0,0,0,0,0,0,0,0,0,0,0,0,0
3066494500043200076,11,0,0,0,0,0,0,0,0,0,0,0,0,0,0,6,0,0,0,5,4,0,0,0,3,0,0,1,0,0,0,0,0,0,1,0,0,0,0,1,1,2,0,0,0,3,2,4,0,0,0,0,0,0,0,0,0,0,0,0,1,0,0,0,0,1,0,0,3,0,0,1,0,0,0,0,0,0,0,1,0,0,0,0,0,0,0,0,0,1,5,0,0,0,0,1,1,0,0,0,2,0,0,0,0,0,0,0,0,0,0,0,0,0,0,0,0,10,8,0,0,0,0,0,0,0,1,0,0,0,0,0,0,0,0,0,0,0,0,0,0,0,0,0,0,0,0,0,0,0,0,0,0,0,0,0,0,0,0,0,0,0,0,0,0,0,0,0,0,0,0,0,0,0,0,0,0,0,0,0
3066494500043200078,25,3,0,1,1,0,0,0,0,0,0,1,1,2,0,9,0,0,0,11,1,0,2,0,3,0,0,13,0,0,0,0,1,0,4,0,0,0,1,1,1,0,0,0,1,0,8,5,0,0,0,0,0,0,0,0,2,0,0,0,1,0,0,0,1,4,0,0,1,1,2,0,0,0,0,0,0,0,0,1,0,0,0,0,1,0,0,0,0,1,13,0,0,0,1,0,0,0,0,0,10,0,0,0,0,1,0,1,0,1,0,0,0,0,0,0,0,25,48,0,0,0,0,0,0,2,0,0,0,0,1,0,0,0,1,0,0,0,0,0,0,0,0,1,0,0,0,0,0,0,0,0,0,0,0,0,0,0,0,0,0,0,0,0,0,0,0,0,0,0,0,0,0,0,0,0,0,0,0,0
3066494500043200080,13,3,0,0,0,0,0,0,0,0,0,0,0,1,0,0,0,0,0,1,0,0,0,0,2,0,0,2,0,0,0,0,1,0,0,0,0,0,0,0,2,0,0,0,0,1,5,5,0,2,0,0,0,0,0,0,0,0,0,0,0,0,0,0,0,0,0,0,0,3,0,0,0,0,0,0,0,0,0,1,1,0,1,0,0,0,0,0,0,0,0,0,0,0,0,0,0,0,0,0,1,0,0,0,0,0,0,0,0,0,0,0,0,0,0,0,0,3,41,0,0,0,0,1,0,1,0,0,1,0,0,0,0,0,0,0,0,0,0,0,0,0,0,0,0,0,0,0,0,0,1,0,0,0,0,0,0,0,0,0,0,0,0,0,0,0,0,0,0,0,0,0,0,0,0,0,0,0,0,0
3066494500043200081,27,1,0,0,0,0,0,1,1,0,0,0,0,0,0,4,0,0,0,10,6,0,0,0,2,0,0,25,0,0,0,1,0,1,0,0,0,1,1,0,1,1,0,0,0,0,8,9,0,1,0,0,0,0,0,0,0,0,0,1,0,0,0,0,1,3,0,0,0,0,0,0,0,0,0,0,0,0,0,1,0,1,2,0,0,0,0,0,0,0,6,0,0,0,1,3,0,0,0,0,4,0,0,0,0,0,0,1,0,0,0,0,0,0,0,0,0,16,32,0,0,0,0,0,0,1,0,0,1,0,0,0,0,0,0,0,0,0,0,0,0,0,0,0,0,0,0,0,0,1,0,0,0,0,0,0,0,0,0,0,0,0,0,0,0,0,0,0,0,0,0,0,0,0,0,0,0,0,0,0
3066494500043200089,28,2,0,1,0,0,0,0,0,2,0,0,0,1,0,4,0,0,0,18,9,0,1,1,4,0,0,22,0,1,0,0,2,0,0,0,0,0,0,0,1,0,0,0,0,1,10,11,0,0,0,0,1,0,0,0,2,0,1,0,1,0,0,0,0,0,0,0,3,0,0,0,0,0,0,0,1,0,0,2,0,0,0,0,0,0,0,1,0,2,3,0,0,0,1,0,2,1,0,0,5,0,0,0,0,1,0,0,0,0,0,0,0,0,1,0,0,23,28,0,0,0,0,1,0,1,0,0,0,0,0,0,0,0,0,0,0,0,1,0,1,0,0,0,0,0,0,0,0,0,0,0,0,0,0,0,0,0,0,0,0,1,0,0,0,0,0,0,0,0,0,0,0,0,1,0,0,0,0,0
3066494500043200091,30,9,0,0,0,0,1,0,0,2,0,1,0,3,0,1,0,1,0,8,5,0,1,4,0,0,0,7,0,0,0,0,0,0,1,0,0,2,1,0,1,0,0,0,0,0,3,17,0,1,0,0,0,0,0,0,2,0,3,2,2,0,0,0,0,5,0,0,4,2,0,0,0,0,0,1,0,0,0,4,0,1,0,0,0,0,0,0,0,1,6,0,0,0,0,1,1,1,0,0,6,0,0,0,0,0,0,0,0,2,0,0,0,1,1,0,0,15,69,0,0,0,0,0,1,1,0,0,1,0,0,0,0,0,0,0,0,0,0,0,1,0,0,0,0,0,0,1,1,1,0,0,0,1,0,0,0,0,0,0,0,0,0,2,0,0,0,0,0,0,0,0,0,0,0,0,0,1,0,0
3066494500043200096,25,10,0,0,0,0,2,1,0,0,0,1,0,0,0,4,0,0,0,10,5,0,3,1,3,0,0,8,0,0,0,2,0,0,3,0,0,0,0,0,0,0,0,0,0,0,7,19,0,0,1,2,1,0,0,0,1,0,5,3,0,0,0,0,0,1,0,0,1,0,0,1,0,0,0,0,0,0,0,3,0,0,0,0,0,0,0,0,0,2,3,0,0,0,0,0,0,0,0,0,5,0,1,0,0,0,0,0,0,1,0,0,0,1,1,0,0,14,44,0,0,0,0,0,2,0,0,0,0,0,0,0,0,0,0,0,0,0,0,1,0,0,0,0,0,0,0,0,0,0,0,0,0,0,0,0,0,1,0,0,0,0,0,0,0,0,0,0,0,0,0,0,0,0,0,0,0,0,0,0
3066494500043200099,29,8,0,0,0,0,1,0,0,0,0,0,0,0,0,0,0,0,0,7,4,0,1,1,3,0,0,6,0,0,0,0,0,0,2,0,0,0,0,0,1,0,0,0,0,1,1,18,0,0,0,0,0,0,0,0,0,1,4,2,1,0,0,0,0,2,0,0,2,2,0,0,0,0,0,0,0,0,0,0,0,0,0,0,0,1,0,0,0,1,13,0,0,0,0,0,0,1,0,0,3,0,0,0,0,0,0,1,0,2,0,0,0,0,0,1,0,13,40,0,0,0,0,0,0,0,0,0,0,0,0,0,0,0,0,0,0,0,0,1,0,0,0,0,0,0,0,0,0,0,1,0,0,0,0,0,0,0,0,0,0,0,0,0,0,0,0,0,0,0,0,0,0,0,0,0,0,1,0,0
3066494500043200100,9,5,0,2,0,0,1,0,0,0,0,0,0,0,0,0,1,0,0,7,1,0,0,1,2,0,0,2,0,0,0,0,0,0,0,0,0,0,0,0,0,0,0,0,0,2,3,10,0,0,0,0,0,0,0,0,1,0,2,1,0,0,0,0,0,0,0,0,2,2,0,0,0,0,0,0,0,0,0,1,0,0,0,0,0,0,0,0,0,1,4,0,0,0,2,0,1,0,0,0,4,0,1,0,0,0,0,0,0,1,0,0,0,1,0,0,0,10,25,0,0,0,0,0,1,2,0,0,1,0,0,0,0,0,0,0,0,0,0,0,0,0,0,0,0,0,0,0,0,0,1,0,0,0,0,0,0,0,0,0,0,0,0,0,0,0,0,0,0,0,0,0,0,0,0,0,0,0,0,0
3066494500044100084,10,2,0,1,0,0,0,0,0,1,0,1,0,0,0,2,0,0,0,5,0,0,0,2,2,0,0,10,0,0,0,0,0,0,0,0,0,0,1,0,0,0,0,0,0,0,1,4,0,0,0,0,1,0,0,0,0,0,0,0,0,0,0,0,0,3,0,0,1,0,0,0,0,0,0,0,0,0,0,0,0,0,0,0,0,0,0,0,0,0,9,0,0,0,0,0,0,0,0,0,5,0,0,0,0,0,0,0,0,0,0,0,0,0,0,0,0,7,4,0,0,0,0,0,0,0,0,0,0,0,0,0,0,0,0,0,0,0,0,0,0,0,0,0,0,0,0,0,0,0,0,0,0,0,0,0,0,0,0,0,0,0,0,0,0,0,0,0,0,0,0,0,0,0,0,0,0,0,0,0
3066494500044100106,23,0,0,2,0,0,0,0,0,3,0,0,0,1,0,6,0,0,0,12,4,0,2,0,1,0,2,49,0,0,0,1,1,0,2,0,0,0,1,0,0,1,0,0,0,0,2,1,0,0,0,0,0,0,0,0,1,0,1,0,0,0,1,0,0,3,0,0,2,0,0,1,0,0,0,0,2,0,0,4,0,0,0,0,0,0,0,0,0,1,6,0,0,0,2,0,0,1,0,0,25,0,0,0,0,0,0,0,0,1,0,0,0,0,0,0,0,28,9,0,0,0,0,0,0,0,0,0,0,0,0,0,0,0,0,0,0,0,0,0,0,0,1,0,0,0,0,0,0,0,0,0,0,1,0,0,0,0,0,0,3,0,0,0,0,0,0,0,0,0,0,1,0,0,0,0,0,0,0,0
3066494500044200084,30,4,0,2,1,0,2,0,0,1,1,1,0,2,0,5,0,0,0,14,5,0,2,0,1,0,0,28,0,0,0,2,0,0,3,0,0,3,0,0,1,1,0,0,0,1,3,9,0,0,0,0,1,0,0,0,0,1,2,0,0,0,0,0,1,10,0,0,2,5,0,0,0,0,0,0,0,0,0,2,0,0,0,0,1,0,0,0,0,1,26,0,0,0,2,1,1,0,0,0,14,0,0,0,0,0,0,1,0,0,0,0,0,0,0,0,0,16,45,0,0,0,1,0,4,0,0,0,1,0,0,0,1,0,0,0,0,0,0,0,1,0,0,0,0,0,0,0,0,0,0,0,0,0,0,0,0,0,0,0,0,0,1,0,0,0,0,0,0,0,0,0,0,0,0,0,0,0,0,0
3066494500044200168,24,6,0,0,0,0,0,0,0,0,0,0,0,1,0,0,0,1,0,6,2,0,5,0,2,0,0,4,0,0,0,3,1,0,1,0,1,0,0,0,1,1,0,0,0,0,4,19,0,0,0,0,0,0,0,0,2,0,2,1,0,0,0,0,0,4,0,0,0,3,0,0,0,0,0,0,0,0,0,1,0,1,0,0,0,0,0,0,0,0,2,0,0,0,0,0,1,0,0,0,3,0,0,0,2,0,0,1,0,0,0,0,0,0,0,0,0,12,50,0,0,0,0,0,0,2,0,0,0,0,0,0,0,0,0,0,0,0,0,0,0,0,0,0,0,0,0,0,0,0,0,0,0,0,0,0,0,0,0,0,0,0,0,0,0,0,0,0,0,0,0,0,0,0,0,0,0,0,0,0
3066494500044200169,3,0,0,1,0,0,0,0,0,0,0,0,0,0,0,1,0,0,0,5,1,0,1,0,0,0,0,6,0,0,0,0,0,0,1,0,0,0,0,0,1,0,0,0,1,0,0,4,0,0,0,0,0,0,0,0,0,0,0,0,0,0,0,0,0,1,0,0,0,2,0,0,0,0,0,0,0,0,0,1,0,0,0,0,0,0,0,0,0,0,5,0,0,0,1,1,0,0,0,0,2,0,0,0,0,0,0,0,0,0,0,0,0,0,0,0,0,9,1,0,0,0,0,0,0,0,0,0,0,0,0,0,0,0,0,0,0,0,0,0,1,0,0,0,0,0,1,0,0,0,0,0,0,0,0,0,0,0,0,0,0,0,0,0,0,0,0,0,0,0,0,0,0,0,0,0,0,0,0,0
3066494500044200192,6,0,0,0,0,0,0,0,0,1,0,0,0,0,0,1,0,0,0,6,0,0,0,0,0,0,0,2,0,0,0,0,0,0,0,0,0,0,0,0,0,2,0,0,0,0,0,2,0,0,0,0,1,0,0,0,0,0,0,0,0,0,0,0,0,0,0,0,0,0,0,0,0,0,0,0,0,0,0,0,0,0,0,0,0,0,0,1,0,0,2,0,0,0,0,0,0,0,0,0,3,0,0,0,0,0,0,0,0,0,0,0,0,0,0,0,0,9,0,0,0,0,0,0,0,0,0,0,0,0,0,0,0,0,0,0,0,0,0,0,0,0,0,0,0,0,0,0,0,0,0,0,0,0,0,0,0,0,0,0,0,0,0,0,0,0,0,0,0,0,0,0,0,0,0,0,0,0,0,0
3066494500044200194,5,3,0,0,0,1,0,0,0,0,0,0,0,1,0,0,0,0,0,4,1,0,0,0,1,0,0,12,0,0,0,0,1,0,0,0,0,0,0,0,1,0,0,0,0,0,1,4,0,0,0,0,0,0,0,0,0,0,1,0,0,0,0,0,1,2,0,0,1,0,0,0,0,0,0,0,0,0,0,3,0,0,0,0,0,0,0,0,0,0,5,0,0,0,0,0,0,0,0,0,8,0,1,0,0,0,0,0,0,0,0,0,0,0,0,0,0,9,19,0,0,0,0,0,0,0,0,0,0,0,0,0,0,0,0,0,0,0,0,0,0,0,0,0,0,0,0,0,0,0,0,0,0,0,0,0,0,0,0,0,0,0,0,0,0,0,0,0,0,0,0,0,0,0,0,0,0,0,0,0
3066494500044200202,44,2,0,1,0,0,0,0,1,2,1,1,0,2,0,7,0,2,0,18,4,0,3,0,10,0,0,30,1,0,0,2,1,0,4,0,0,0,0,1,2,0,1,0,0,0,6,7,0,0,0,0,0,0,1,0,0,0,1,0,1,0,3,0,0,7,0,0,5,3,0,0,0,0,0,0,2,2,0,2,0,0,1,1,0,0,0,1,0,0,25,0,0,0,2,3,0,0,0,0,15,0,1,0,0,1,0,0,0,0,0,0,0,0,0,1,0,53,62,0,1,0,0,0,3,0,0,0,0,0,0,0,0,0,0,1,0,0,0,0,0,0,0,0,0,0,0,0,0,0,0,0,0,0,0,0,0,0,0,0,1,0,0,0,0,0,0,0,1,0,0,0,0,0,1,0,0,0,0,0
3066494500044200225,6,0,0,1,0,0,0,0,0,0,0,0,0,0,0,0,0,0,0,0,1,0,0,0,1,0,0,1,0,0,0,0,0,0,0,0,0,0,0,0,0,0,0,0,0,0,1,0,0,0,0,0,0,0,0,0,0,0,1,0,0,0,0,0,0,0,0,0,2,0,0,0,0,0,0,0,0,0,0,0,0,0,0,0,0,0,0,0,0,0,1,0,0,0,0,1,0,0,0,0,1,0,0,0,0,0,0,0,0,0,0,0,0,0,0,0,0,1,13,0,0,0,0,0,0,0,0,1,1,0,0,0,0,0,0,0,0,0,0,0,0,0,0,0,0,0,0,0,0,0,0,0,0,0,0,0,0,0,0,0,0,0,0,0,0,0,0,0,0,0,0,0,0,0,0,0,0,0,0,0
3066494500044200246,22,3,0,1,1,0,2,0,0,1,0,0,0,2,0,0,0,0,0,8,1,0,1,0,1,0,0,8,0,0,0,0,0,0,1,0,0,0,0,0,0,0,0,0,0,0,4,2,0,0,0,0,0,0,0,0,0,0,0,0,1,0,0,0,0,1,0,0,0,2,0,0,0,1,0,0,0,0,0,1,0,1,0,0,0,0,0,1,0,0,3,0,0,0,0,0,0,0,0,0,6,0,0,0,0,0,0,0,0,1,0,0,0,0,0,0,0,11,39,0,0,0,0,0,1,0,0,0,1,0,0,0,0,0,0,0,0,0,0,0,0,0,0,0,0,0,0,0,0,0,0,0,0,0,0,0,0,0,0,0,0,0,0,0,0,0,0,0,0,0,0,0,0,0,0,0,0,0,1,0
3066494500044200257,28,3,0,2,0,1,0,0,0,0,0,0,0,0,0,19,0,1,0,12,13,0,0,0,4,0,0,26,0,0,1,1,0,0,2,0,0,0,2,0,0,3,0,0,0,2,15,6,0,0,0,1,0,1,0,0,0,0,0,0,0,0,0,0,0,1,0,0,2,5,0,2,0,0,0,0,0,0,0,5,0,0,0,0,0,0,0,0,0,1,13,0,0,0,0,1,1,0,0,0,34,0,0,0,0,0,0,0,0,0,0,0,0,0,0,0,0,17,40,0,1,0,0,0,1,2,0,1,0,0,1,0,0,0,0,0,0,0,0,0,1,0,0,0,0,0,0,0,0,0,0,0,0,0,0,1,0,0,0,0,0,0,0,1,0,0,0,0,0,0,0,0,0,0,0,0,0,0,0,0
3066494500044200259,6,0,0,1,0,1,0,0,0,0,0,0,0,0,0,0,0,0,0,0,0,0,0,0,0,0,0,3,0,0,0,0,1,0,0,0,0,0,0,0,0,0,0,0,0,0,0,1,0,0,0,0,0,0,0,0,0,0,0,0,0,0,0,0,0,1,0,0,0,0,0,1,0,0,0,0,0,0,0,0,0,0,0,0,0,0,0,1,0,0,0,0,0,0,0,0,0,0,0,0,2,0,0,0,0,0,0,0,0,0,0,0,0,0,0,0,0,1,14,0,0,0,0,0,0,1,0,0,0,0,0,0,0,0,0,0,0,0,0,0,0,0,0,0,0,0,0,0,0,0,0,0,0,0,0,0,0,0,0,0,0,0,0,0,0,0,0,0,0,0,0,0,0,0,0,0,0,0,0,0
3066494500044200273,48,9,0,1,0,0,3,0,0,0,0,0,1,3,0,4,0,2,0,19,10,0,2,0,5,0,0,22,0,0,0,2,3,0,8,0,1,3,0,1,1,0,0,0,0,1,11,13,0,0,0,0,0,0,0,0,0,0,3,1,0,0,1,0,0,5,0,0,0,2,0,0,0,0,0,0,0,0,0,6,0,1,0,0,0,0,0,1,0,1,19,0,0,0,1,2,0,0,0,0,11,0,0,0,0,0,0,0,1,0,0,0,0,0,4,0,0,43,52,0,0,0,0,1,3,1,0,0,0,0,0,1,0,1,0,0,0,0,0,0,0,0,0,0,0,0,0,0,0,1,1,0,0,0,0,0,0,0,0,0,1,0,0,1,1,0,0,0,0,0,0,0,0,0,0,0,0,0,0,0
3066494500044200283,11,0,0,0,0,0,0,0,0,1,0,0,0,1,0,0,0,0,0,0,0,0,0,0,0,0,0,0,0,0,0,0,0,0,0,0,0,0,0,0,1,0,0,0,0,0,0,2,0,0,0,0,0,0,0,0,0,0,0,0,0,0,0,0,0,0,0,0,0,0,0,0,0,0,0,0,0,0,0,1,0,0,0,0,0,0,0,0,0,2,0,0,0,0,0,0,0,0,0,0,1,0,0,0,0,0,0,0,0,0,0,0,0,0,2,0,0,2,25,0,0,0,0,0,0,0,0,0,1,0,0,0,0,0,0,0,0,0,0,0,0,0,0,0,0,0,0,0,0,0,1,0,0,0,0,0,0,0,0,0,0,0,0,0,0,0,0,0,0,0,0,0,0,0,0,0,0,0,0,0
3066494500050100018,14,0,0,0,0,0,0,0,0,0,0,0,0,0,0,2,0,0,0,0,1,0,1,0,3,0,0,6,1,0,1,0,0,0,0,0,0,0,0,0,1,0,0,0,1,0,0,6,0,0,0,0,1,0,0,0,0,0,0,0,0,0,0,0,0,0,0,0,0,0,0,0,0,0,0,0,0,0,0,2,0,1,0,0,0,0,0,1,1,0,1,8,0,0,0,0,0,0,0,0,6,0,0,0,0,0,0,0,0,0,2,0,1,0,0,0,0,0,5,0,1,0,0,0,1,0,0,0,0,0,0,1,0,0,0,0,0,0,1,0,1,0,0,0,0,0,0,0,0,0,0,0,0,0,0,0,0,0,0,0,0,0,0,0,0,0,0,0,0,0,0,0,0,0,0,0,0,0,0,0
3066494500050100022,33,0,0,0,0,0,1,0,0,0,0,0,0,0,0,0,0,0,0,1,0,0,1,0,0,6,0,0,0,0,0,0,0,0,2,0,0,0,0,1,1,2,0,0,0,9,0,0,0,0,0,0,0,0,0,0,1,0,4,11,0,0,0,0,2,0,0,0,0,0,0,1,0,0,0,0,1,0,0,0,0,0,0,14,0,0,0,0,0,0,1,7,0,0,1,1,6,0,0,0,0,0,0,0,0,0,0,0,0,1,0,0,0,0,1,0,0,0,1,0,0,0,0,0,1,0,1,0,0,0,0,0,0,0,0,0,0,0,0,0,0,0,0,0,0,0,0,0,0,0,0,0,0,0,0,0,0,0,0,0,0,0,0,0,0,0,0,0,0,0,0,0,0,0,0,0,0,0,0,0
3066494500050100025,41,0,0,1,0,0,0,0,0,1,0,0,0,0,0,0,0,1,0,0,0,0,2,0,0,0,0,2,0,0,0,0,0,0,2,0,0,0,0,0,0,0,0,0,1,3,0,0,0,0,0,0,0,0,0,0,0,0,3,8,0,0,0,0,1,0,0,0,0,0,0,0,0,0,1,0,1,0,0,0,1,0,0,10,0,1,0,1,0,0,2,4,0,0,0,1,0,0,0,0,1,1,1,0,0,0,0,0,0,0,1,0,1,0,0,0,0,1,1,0,0,1,0,1,0,0,0,0,1,0,0,0,0,0,0,0,0,0,0,0,0,0,0,0,0,0,0,0,0,0,0,0,0,0,0,0,0,0,0,0,0,0,0,0,0,0,0,0,0,0,0,0,0,0,0,0,0,0,0,0
3066494500050100026,165,0,0,1,2,0,0,0,0,6,18,0,13,0,0,1,0,0,0,2,0,0,9,0,0,0,0,3,1,0,0,7,0,0,1,0,1,5,1,0,2,59,0,0,2,6,3,2,7,8,0,0,0,0,2,0,0,0,15,3,3,0,0,0,2,0,0,0,1,9,0,0,0,1,1,0,23,0,0,0,0,11,3,1,0,0,0,1,0,1,6,13,0,0,1,1,0,1,0,0,1,0,4,0,2,0,0,1,0,0,0,0,3,0,5,0,0,1,16,0,0,0,0,2,2,0,0,0,30,0,0,0,0,0,0,0,0,0,0,0,0,0,0,0,0,0,0,1,0,0,0,0,0,0,0,0,0,0,0,1,0,0,0,0,0,0,0,1,0,0,0,0,0,0,0,0,0,0,0,0
3066494500050100029,19,0,0,0,0,1,0,0,0,0,0,0,0,0,0,0,0,0,0,0,1,0,0,0,0,1,0,0,0,0,2,0,0,0,0,0,0,0,1,1,2,0,0,1,0,0,1,0,0,0,0,0,0,0,0,0,0,0,5,8,0,0,0,0,1,0,0,0,0,1,0,0,0,0,1,0,0,0,0,0,0,0,0,9,0,1,0,0,0,1,0,3,0,0,1,2,1,0,0,2,0,0,0,0,0,0,0,0,0,0,0,0,1,0,0,0,0,0,1,0,0,0,2,0,1,0,2,0,0,0,0,0,0,0,0,0,0,0,0,0,1,0,0,0,0,0,0,0,0,0,0,0,0,0,0,0,0,1,0,1,0,1,0,0,0,0,0,0,0,0,0,0,0,0,0,0,0,0,0,0
3066494500050100031,45,0,0,0,0,0,1,0,0,0,2,0,0,1,0,0,4,0,0,0,0,0,6,0,0,6,0,2,0,0,1,1,0,0,2,1,0,0,0,1,5,3,0,1,0,0,2,0,0,2,0,1,0,0,0,0,1,0,3,14,0,0,0,0,0,0,0,0,0,1,1,0,0,0,0,0,2,0,0,0,1,1,0,15,0,1,1,0,1,0,2,9,0,3,2,0,1,0,0,0,0,0,0,0,0,0,0,0,0,0,0,0,0,0,0,0,0,2,1,0,0,0,0,0,0,0,3,1,0,0,0,0,0,0,0,0,0,0,0,0,0,0,0,0,0,0,0,0,0,0,0,0,0,0,0,0,0,0,0,1,0,0,0,0,0,0,0,0,0,0,0,0,0,1,0,0,0,0,0,0
3066494500050100032,24,4,0,0,0,0,0,0,1,2,2,0,0,6,0,1,0,0,0,0,1,0,1,0,0,0,0,8,1,0,0,0,0,0,0,0,0,0,0,0,2,2,0,0,0,0,2,13,0,0,0,1,0,0,0,0,0,0,1,6,3,0,0,0,4,0,0,0,0,0,0,1,0,0,1,1,0,0,0,0,0,0,2,0,0,2,0,0,7,1,1,3,0,0,0,2,0,0,0,0,12,3,2,1,0,0,1,0,0,0,0,0,0,0,0,1,0,2,31,0,2,0,0,0,0,1,0,0,1,1,0,0,0,0,0,0,0,0,0,0,0,0,0,0,0,0,0,0,0,0,0,0,0,0,0,0,0,0,0,0,0,0,0,0,0,0,1,0,0,0,0,0,0,0,0,0,0,0,0,0
3066494500050100035,37,0,0,0,0,0,0,0,0,2,1,1,1,0,0,0,0,0,0,1,0,1,3,2,0,2,0,1,0,0,1,0,0,0,1,0,0,0,0,2,2,1,0,0,0,5,2,0,0,1,0,0,0,0,0,0,0,0,2,24,0,0,0,0,4,0,0,0,0,0,0,1,0,0,1,0,3,0,0,0,1,0,0,16,0,1,0,1,0,0,4,7,0,0,0,1,14,1,0,1,1,0,0,2,0,0,0,1,0,0,0,0,0,0,0,0,0,2,0,0,1,0,1,0,0,0,3,0,0,0,0,0,0,0,0,0,0,0,0,0,0,0,0,0,0,0,0,0,0,1,0,0,0,0,0,0,0,1,0,0,0,1,0,0,0,0,0,0,0,0,0,0,0,0,0,0,0,0,0,0
3066494500050100038,32,0,0,2,0,1,0,0,0,1,0,0,0,0,0,2,1,0,0,0,0,0,1,1,0,3,0,1,1,0,2,1,0,0,1,0,0,0,0,3,4,1,0,1,0,1,1,0,0,1,0,0,0,0,0,0,0,0,10,11,0,0,0,0,0,0,0,0,0,0,0,0,0,0,0,0,0,0,0,0,0,0,0,14,0,3,0,0,0,0,3,11,0,1,1,2,6,0,0,0,0,0,0,0,0,0,0,0,0,0,0,0,0,0,0,0,0,0,2,0,0,0,0,1,1,0,2,0,1,0,0,0,0,0,0,0,0,0,1,0,0,0,0,0,0,0,0,0,0,0,0,0,0,0,0,0,0,0,0,0,0,0,0,0,0,0,1,0,0,0,0,0,0,1,0,0,0,0,0,0
3066494500050100041,72,0,0,0,0,0,0,0,0,3,16,0,7,0,0,0,0,1,0,0,0,0,5,0,0,0,0,0,1,1,1,4,0,1,2,0,0,6,0,0,0,24,0,0,0,7,2,0,4,13,0,0,0,0,0,0,0,0,15,2,2,0,0,0,0,0,0,0,0,1,1,1,0,0,1,1,12,0,0,1,0,4,2,1,0,1,0,0,0,0,9,5,0,1,1,0,1,0,0,0,1,4,2,0,0,0,0,0,1,0,0,0,0,0,1,0,0,0,7,0,0,2,0,2,0,1,0,0,10,0,0,0,0,0,0,0,0,0,0,0,0,0,0,0,0,1,1,0,0,0,0,0,0,0,0,0,0,0,0,1,1,0,0,0,0,0,0,0,0,0,0,0,0,0,1,0,0,0,0,0
3066494500050100043,36,0,0,0,0,1,0,0,1,0,0,0,0,1,0,11,0,1,0,1,5,0,5,0,4,0,0,6,0,0,0,1,0,0,0,0,0,0,0,0,2,0,0,0,0,1,3,7,1,0,0,0,1,0,0,0,1,0,1,6,1,0,0,0,0,0,0,0,0,0,1,0,0,0,0,0,4,0,0,0,0,0,1,0,0,0,0,1,1,0,7,10,0,0,1,3,0,0,0,0,17,0,2,0,0,0,0,0,0,0,5,0,0,0,0,0,0,3,6,0,0,0,0,0,2,0,1,0,1,0,0,0,0,0,0,0,0,1,0,0,0,0,0,0,0,0,0,0,0,0,0,0,0,0,0,0,0,0,0,0,0,0,0,1,0,0,0,0,0,0,0,0,0,0,0,0,0,0,0,0
3066494500050100044,32,10,0,0,0,0,1,0,1,0,1,0,0,12,0,2,0,0,0,2,2,0,3,0,0,0,0,2,0,0,0,0,1,0,1,0,1,0,0,0,0,0,0,0,0,0,3,17,0,0,0,0,0,0,0,0,0,0,2,12,10,0,0,0,3,0,0,0,0,2,0,0,0,0,3,0,2,0,0,0,0,0,1,0,0,0,0,0,4,0,6,8,0,0,1,0,1,0,0,0,5,1,9,0,0,0,0,1,0,0,0,0,1,0,0,0,0,1,13,0,0,0,0,0,2,1,0,1,1,0,0,0,1,0,0,0,0,0,0,0,0,0,0,0,0,0,0,0,0,0,0,0,0,0,0,0,0,0,0,0,0,0,0,0,0,0,0,0,0,0,0,0,0,0,0,0,0,0,0,0
3066494500050100045,13,4,0,0,0,1,0,0,0,0,1,0,0,1,0,0,0,0,0,5,2,0,1,1,0,0,0,2,0,0,1,0,0,0,1,0,0,1,0,0,0,0,0,0,0,0,1,17,0,0,0,0,0,0,0,0,0,0,1,9,0,0,0,0,0,0,0,1,0,0,0,0,0,0,1,0,0,0,0,0,0,0,0,0,0,1,0,0,3,0,5,0,0,0,0,0,0,0,0,0,4,0,2,0,0,0,0,0,0,0,0,0,0,1,0,0,0,3,17,0,0,0,0,0,3,0,0,0,1,0,0,0,0,0,0,0,0,0,0,0,0,0,0,0,0,0,0,0,0,0,0,0,0,0,0,0,0,0,0,0,0,0,0,0,0,0,0,0,0,0,0,0,0,1,0,0,0,0,0,0
3066494500050100049,27,9,1,0,0,0,0,0,2,1,2,0,1,9,0,0,0,0,0,1,0,0,2,0,0,0,0,9,0,1,3,0,0,0,0,0,0,0,0,0,1,1,0,0,0,0,4,14,0,2,0,1,0,0,0,0,0,0,6,18,3,0,0,0,0,1,0,0,0,0,0,1,0,0,0,0,0,0,0,0,0,1,0,0,0,2,0,1,1,0,10,10,0,0,1,1,0,0,0,0,5,0,3,0,1,0,0,3,0,0,0,0,0,0,1,0,0,4,9,0,0,0,0,0,4,0,0,0,1,0,0,0,1,0,0,0,0,0,0,0,0,0,0,0,0,0,0,0,0,0,1,0,0,0,0,0,0,0,0,0,0,0,0,1,0,0,0,0,0,0,0,0,0,0,0,0,0,0,0,0
3066494500050100051,21,0,0,0,0,0,0,0,0,0,0,0,0,0,0,2,1,0,0,3,0,1,1,0,2,1,0,47,0,0,0,0,0,0,0,0,0,1,0,1,0,0,0,0,0,1,0,0,1,0,0,1,0,0,0,0,0,0,0,4,0,0,1,0,0,0,0,0,0,0,0,1,0,0,0,0,1,0,0,0,0,0,0,1,0,0,0,0,0,0,3,4,0,0,1,0,1,0,0,0,54,0,0,0,0,0,0,1,0,0,0,0,0,0,0,1,0,2,0,0,0,0,0,0,0,0,0,1,0,1,0,0,0,0,0,0,0,0,0,0,0,0,0,0,0,0,0,0,0,0,0,0,0,0,0,0,0,0,0,0,0,0,0,0,1,0,0,0,0,0,0,0,0,0,0,0,0,0,0,0
3066494500050100052,29,1,0,0,0,0,0,0,0,0,0,0,0,0,0,2,0,1,0,5,4,0,1,0,1,0,0,5,0,0,0,1,0,0,0,0,0,2,0,0,0,0,0,0,0,4,5,6,0,0,0,0,0,0,0,0,1,0,3,14,0,0,0,0,0,1,0,0,0,0,0,0,0,0,2,0,1,0,0,1,0,0,0,1,0,0,0,0,0,0,0,1,0,0,2,1,0,0,0,0,7,1,0,0,0,0,0,0,0,0,0,0,0,0,1,0,0,7,15,0,0,0,0,0,1,0,1,0,2,0,0,0,0,0,0,0,0,0,1,0,0,0,0,0,0,0,0,0,0,0,0,0,0,0,0,0,0,0,0,0,1,0,0,0,0,0,0,0,0,0,0,0,0,0,0,0,0,0,0,0
3066494500050100056,27,0,0,0,0,0,0,0,0,0,0,0,0,0,0,2,0,0,0,4,4,0,0,0,1,0,0,42,0,0,0,0,0,0,0,0,0,6,0,0,0,0,0,0,0,1,3,7,0,0,0,0,0,0,0,0,0,0,0,9,0,0,0,0,0,0,0,0,0,1,0,0,0,0,0,0,1,0,0,1,0,0,0,0,0,0,0,0,0,0,4,1,0,0,0,2,0,0,0,0,7,0,0,0,0,0,0,0,0,0,0,0,0,0,0,0,0,7,9,1,0,0,0,0,0,1,0,0,0,0,0,0,0,0,0,0,0,0,0,0,1,0,0,0,0,0,0,0,0,0,0,0,0,0,0,0,0,0,0,0,0,0,0,0,0,0,0,0,0,0,0,0,0,0,0,0,0,0,0,0
3066494500050100059,54,0,1,1,1,1,0,0,0,0,1,0,0,0,0,5,1,0,2,23,7,1,4,1,5,0,1,80,0,0,0,0,4,1,7,0,0,3,0,0,2,1,0,0,0,0,7,8,1,1,0,0,1,0,0,1,2,0,8,23,0,0,0,0,2,0,0,1,3,1,0,0,0,0,0,0,14,0,0,2,0,0,2,0,2,0,0,2,0,0,17,8,0,2,3,0,0,0,0,0,46,0,0,0,0,0,0,0,0,1,0,0,5,0,1,0,0,40,9,0,3,0,0,2,1,0,3,0,2,0,1,0,0,0,0,0,0,0,1,0,0,0,0,0,0,0,0,0,0,2,0,0,0,0,0,0,0,0,0,2,0,0,0,1,0,0,0,0,0,0,0,0,2,0,1,0,0,0,0,0
3066494500050100060,18,0,0,0,0,0,1,0,0,0,1,0,6,0,0,0,0,0,0,1,0,0,5,1,0,0,0,1,0,0,1,0,0,0,0,0,0,1,0,0,0,2,0,0,1,0,1,2,0,1,0,1,0,0,0,0,0,0,2,2,0,0,0,0,0,0,0,0,0,0,0,0,0,0,1,0,3,0,1,0,0,0,3,8,0,1,0,0,0,0,6,7,0,0,1,0,2,0,0,1,1,5,0,0,0,0,0,1,0,0,0,0,1,0,0,0,0,0,1,0,0,0,0,0,0,0,2,0,0,0,0,0,0,0,0,0,0,0,0,0,0,0,0,0,0,0,0,0,0,0,0,0,0,0,0,0,0,0,0,0,0,0,0,1,0,0,0,0,0,0,0,0,0,0,0,0,0,0,0,1
3066494500050100063,17,0,0,0,0,0,0,0,1,0,0,0,0,2,0,0,0,0,0,8,5,0,0,0,0,1,0,44,0,0,0,0,0,0,0,0,0,0,0,0,0,0,0,0,0,0,0,3,0,0,0,0,0,0,0,1,0,0,1,3,0,0,0,0,0,0,0,0,1,0,0,2,0,0,1,0,1,0,0,0,0,0,0,0,0,1,0,0,0,0,3,2,0,0,1,0,0,0,0,0,32,0,0,0,0,0,0,0,0,0,0,0,0,0,1,0,1,6,0,0,0,0,0,0,0,0,0,1,0,1,0,0,0,0,0,1,0,2,1,0,0,0,0,0,0,0,1,0,0,0,0,0,0,0,0,0,0,0,0,0,0,0,0,0,0,0,0,0,0,0,0,0,0,0,0,0,0,0,0,0
3066494500050100064,20,0,0,0,0,0,0,0,0,1,2,0,1,0,0,0,0,0,0,1,0,0,1,0,0,0,0,0,0,0,0,0,0,0,5,0,0,3,0,0,0,19,0,0,0,0,1,0,1,4,0,1,0,0,0,0,0,0,1,0,3,0,0,0,0,0,0,0,0,1,0,0,0,0,1,0,8,0,0,0,1,2,1,0,0,0,0,0,0,1,2,0,0,0,0,0,0,0,0,0,0,2,0,0,0,0,0,0,1,0,0,0,0,0,1,0,0,0,3,0,0,0,0,0,0,0,0,0,1,1,0,0,0,0,0,0,0,0,0,0,0,0,0,0,0,0,0,0,0,0,0,0,0,0,0,0,0,0,0,0,0,0,0,0,0,0,0,0,0,0,0,0,0,0,0,0,0,0,0,0
3066494500050100068,19,0,0,0,0,1,0,0,0,0,0,0,0,0,0,3,0,0,0,5,5,0,0,2,1,0,0,59,0,0,0,0,0,0,0,0,0,0,0,0,0,0,0,0,0,0,0,0,0,0,0,0,0,0,0,0,0,0,1,4,0,0,0,0,0,0,0,0,1,0,0,1,0,0,1,0,0,0,0,0,0,0,2,0,0,0,0,0,0,0,4,1,0,0,0,1,1,0,0,0,21,1,0,0,0,0,0,0,0,0,0,0,0,0,0,0,0,4,0,0,0,0,0,0,1,0,0,0,0,0,0,0,0,0,0,0,0,0,0,0,0,0,0,0,0,0,0,0,0,0,0,0,0,0,0,0,0,0,0,0,3,0,0,0,0,0,0,0,0,0,0,0,0,0,0,0,0,0,0,0
3066494500050100069,39,0,0,2,0,0,0,0,0,0,0,0,1,0,0,0,2,0,0,0,1,1,1,0,0,3,0,4,0,0,2,0,0,0,0,0,0,1,0,4,3,0,0,0,0,4,0,0,0,0,0,0,1,0,0,0,1,0,0,18,0,0,0,0,4,0,0,0,0,0,0,0,0,0,0,0,1,0,0,0,0,0,0,2,0,2,0,0,0,0,11,8,0,1,3,0,4,0,0,0,1,0,0,0,0,0,0,0,0,0,0,0,1,0,1,0,0,0,0,0,0,0,1,0,0,0,4,1,0,0,1,0,0,0,0,0,0,0,0,0,0,0,0,0,0,0,0,0,0,0,1,0,0,0,0,0,0,1,0,0,0,0,0,0,0,0,1,0,0,0,0,0,0,1,0,0,0,1,0,2
3066494500050100072,41,0,0,1,0,0,0,0,0,2,5,0,8,0,1,0,0,0,0,1,0,0,5,0,0,0,0,1,0,0,0,2,0,1,3,0,0,4,0,0,0,17,0,0,1,1,2,2,5,2,0,1,0,0,1,0,0,0,7,0,2,0,0,0,2,0,0,0,0,1,0,0,0,0,0,0,13,0,0,0,0,4,2,0,0,0,0,0,2,0,5,2,0,1,2,0,0,0,0,0,0,6,2,0,0,0,0,0,1,0,0,0,0,0,1,0,0,0,13,0,0,0,0,0,0,0,0,0,9,0,0,0,0,0,0,0,1,0,1,0,1,0,0,0,0,1,0,0,0,0,0,0,0,0,0,0,0,0,0,1,0,0,0,0,0,0,0,0,0,1,0,0,0,0,0,0,0,0,0,0
3066494500050100073,8,0,0,0,0,0,0,0,0,0,2,0,2,0,0,0,0,0,0,1,0,0,2,0,0,0,0,0,0,0,0,0,0,0,1,0,0,0,0,0,0,0,0,0,0,2,1,4,0,2,0,0,0,0,0,0,0,0,1,5,1,0,0,0,0,0,0,0,0,0,0,0,0,0,0,0,4,0,1,0,1,0,1,0,0,0,0,0,0,0,1,2,0,0,1,0,0,0,0,0,1,1,0,0,0,0,0,0,0,0,0,0,0,0,0,0,0,1,0,0,0,0,0,0,0,1,0,0,0,0,0,0,0,0,0,0,0,0,0,0,0,0,0,0,0,0,0,0,0,0,0,0,0,0,0,0,0,0,0,0,0,0,0,0,0,0,0,0,0,0,0,0,0,0,0,0,0,0,0,0
3066494500050100075,34,1,0,2,1,0,1,0,0,1,1,0,1,0,0,2,0,0,0,9,3,0,4,1,0,1,1,108,0,0,0,0,1,0,2,1,0,5,0,0,1,1,1,0,1,3,2,2,1,1,0,0,0,0,0,0,0,0,3,12,0,0,1,0,1,0,0,0,3,0,0,0,0,1,1,0,9,0,2,3,0,0,0,0,0,3,0,0,0,0,19,2,1,0,3,0,0,0,0,0,63,2,1,0,0,0,0,0,1,0,0,0,0,0,1,0,1,21,3,0,0,0,2,0,3,0,3,0,2,0,0,0,0,0,0,0,0,0,2,0,0,0,0,0,0,0,0,0,0,2,0,0,0,0,0,0,0,0,0,0,0,0,0,0,0,0,0,0,0,1,0,0,0,0,1,0,0,0,0,0
3066494500050100077,38,0,0,2,1,0,0,0,0,2,0,0,0,0,0,5,0,0,0,6,5,1,1,0,2,1,2,190,1,0,0,1,0,1,1,0,0,2,0,0,2,2,0,0,1,0,8,1,0,1,0,0,1,0,0,0,0,0,0,5,0,0,0,0,0,0,0,0,3,0,0,0,0,0,2,1,2,0,0,0,0,0,2,0,0,0,0,0,0,0,4,4,0,0,2,0,0,0,0,0,136,1,0,0,0,0,0,0,0,0,0,0,1,1,2,2,1,6,3,0,0,0,0,0,0,0,2,0,0,0,0,0,0,0,0,0,0,0,5,0,0,0,0,0,0,0,1,0,1,1,0,0,0,0,0,0,0,0,0,0,5,0,0,0,0,0,0,0,0,0,0,0,1,0,1,0,0,0,0,0
3066494500050100080,12,0,0,0,0,0,0,0,0,0,0,0,0,0,0,3,0,0,0,3,3,0,0,0,1,1,1,72,0,0,0,0,0,0,0,0,0,1,0,0,1,1,0,0,0,0,1,0,1,0,0,0,0,0,0,0,0,0,0,1,0,0,0,0,0,0,0,0,2,0,0,0,0,0,1,0,1,0,0,0,0,0,0,0,0,0,0,0,0,0,5,1,0,0,0,0,0,0,0,0,40,0,0,0,0,0,0,0,0,0,0,0,0,0,0,0,0,2,1,0,0,0,0,0,0,0,0,0,1,0,0,0,0,0,0,0,0,0,0,0,0,0,0,0,0,0,0,0,0,2,0,0,0,0,0,0,0,0,0,0,2,0,0,0,0,0,1,0,0,0,0,0,0,0,0,0,0,0,0,0
3066494500050200006,65,0,0,1,0,1,3,0,0,2,1,0,1,0,0,0,2,1,0,1,0,0,3,0,0,1,0,3,1,0,3,0,1,0,2,0,0,0,0,4,1,0,1,0,0,5,1,0,0,2,0,1,0,0,0,0,0,1,1,32,0,0,0,0,7,0,0,0,0,0,0,1,0,0,0,0,1,0,0,0,0,0,1,25,0,3,1,2,1,0,8,13,0,3,2,3,16,0,0,1,2,0,0,0,0,0,0,2,0,0,1,0,1,0,0,0,0,0,2,0,0,0,1,2,0,0,4,0,0,1,0,0,0,0,0,0,0,0,0,0,0,0,0,0,0,0,0,0,0,0,0,0,0,0,0,0,0,1,0,0,0,0,0,0,0,0,0,0,0,0,0,0,0,0,0,0,0,0,0,0
3066494500050200009,39,0,1,1,0,0,0,0,0,3,1,1,0,1,0,0,2,0,0,1,0,0,3,1,0,8,0,1,0,0,2,0,0,0,0,0,0,0,0,1,3,1,0,2,0,1,4,1,0,2,0,2,0,1,0,0,2,0,11,27,0,0,0,0,0,0,0,0,0,1,1,0,0,0,0,1,0,0,0,0,2,0,0,24,0,1,1,1,0,0,4,11,0,2,1,1,3,0,0,0,1,0,0,0,0,0,0,0,0,0,0,0,0,0,0,0,0,2,3,0,1,1,0,0,1,0,0,0,0,0,0,0,0,0,0,0,0,0,0,0,0,0,0,0,0,0,0,0,0,0,0,0,0,0,0,0,0,0,1,0,0,0,0,1,0,0,0,0,0,0,0,0,1,0,0,0,0,0,0,0
3066494500050200030,24,0,0,1,1,12,1,0,0,0,3,0,1,0,9,0,0,0,0,0,0,0,7,0,0,0,0,4,0,0,0,0,0,0,4,0,0,1,0,0,2,41,1,0,0,1,3,1,0,42,0,0,0,0,0,3,0,0,3,1,0,0,0,0,2,0,0,0,0,3,2,0,0,3,0,0,14,0,0,0,0,4,1,2,0,1,0,0,0,0,21,2,0,0,0,0,0,0,0,3,3,0,0,0,0,0,0,0,0,0,0,0,0,0,1,0,0,3,2,0,1,0,0,0,1,0,1,0,10,0,1,10,0,0,0,0,0,0,0,0,0,0,0,0,0,0,1,0,0,0,0,0,0,0,0,0,0,0,0,0,0,0,0,1,0,0,0,0,0,0,0,0,0,0,0,1,0,0,0,0
3066494500050200038,43,0,0,1,0,0,0,0,0,0,0,0,0,0,0,0,0,0,0,0,0,0,2,0,0,2,0,2,0,0,0,0,0,0,0,0,1,0,0,3,5,0,0,0,0,1,1,0,0,0,0,0,0,0,0,0,0,0,13,20,0,0,0,0,0,0,0,0,0,0,0,0,0,0,0,0,0,0,0,1,0,0,0,6,0,0,0,0,0,0,3,6,0,0,0,1,5,0,0,1,2,0,0,0,0,0,0,0,0,0,0,0,0,0,0,1,0,2,1,0,1,0,0,2,0,0,4,0,2,0,1,0,0,0,0,0,0,0,0,0,0,0,0,0,0,0,0,0,0,0,0,0,0,0,0,0,0,0,0,0,0,0,0,0,0,0,0,0,0,0,0,0,0,0,0,1,0,0,0,0
3066494500050200046,26,0,0,0,0,2,1,0,0,0,0,0,0,0,0,1,0,0,0,2,0,0,0,0,2,0,0,42,0,0,0,0,0,0,0,0,0,0,0,1,0,0,0,0,0,1,0,0,0,0,0,0,0,0,0,0,0,0,0,2,0,0,0,0,1,0,0,0,1,0,0,0,0,0,1,0,0,0,0,0,0,0,0,0,0,0,0,0,0,0,5,2,0,1,2,1,1,0,0,0,33,0,0,0,0,0,0,0,0,0,0,0,1,0,0,0,0,4,0,0,0,1,0,0,0,0,0,0,0,0,0,0,0,0,0,0,0,0,0,0,0,0,0,0,0,0,0,0,0,0,0,0,0,0,0,0,0,0,1,0,1,0,0,0,0,0,0,0,0,0,0,0,0,0,0,0,0,0,0,0
3066494500050200051,17,2,0,1,0,0,0,0,0,1,1,0,0,4,0,0,0,0,0,4,1,0,1,0,1,0,0,4,0,0,0,0,0,0,1,0,0,0,1,0,0,0,0,0,0,1,2,4,0,0,0,0,0,0,0,0,1,0,1,8,1,0,0,0,0,0,0,0,0,1,0,0,0,0,0,0,0,0,0,1,0,0,0,0,0,2,0,0,0,0,2,1,0,0,2,1,0,0,1,0,5,0,0,0,0,0,0,1,0,0,0,0,0,0,0,0,0,5,13,0,0,0,0,0,1,0,0,1,0,0,0,0,0,0,0,0,0,0,1,0,0,0,0,0,0,0,0,0,0,1,0,0,0,0,0,0,0,0,0,0,0,0,0,0,0,0,0,0,0,0,0,0,0,0,0,0,0,0,0,0
3066494500050200054,57,0,0,1,0,0,0,1,4,4,5,0,0,0,4,0,0,1,0,0,0,0,0,1,0,1,0,13,0,2,0,1,0,0,0,0,0,0,0,0,0,1,0,1,1,1,15,0,0,1,0,1,1,1,0,7,0,0,1,1,0,0,0,0,6,0,0,0,2,0,0,0,0,0,11,0,4,0,0,1,0,0,0,0,8,0,1,7,0,2,10,8,0,1,0,0,0,0,0,0,2,0,5,1,0,0,0,0,1,0,0,0,24,0,1,0,0,1,2,0,0,0,0,4,2,0,0,0,0,0,17,0,0,0,0,0,0,0,0,0,0,0,0,1,0,0,1,0,0,0,0,0,0,0,0,0,0,0,0,0,0,0,0,0,0,0,0,0,0,0,0,0,1,0,0,0,0,0,0,0
3066494500050200055,43,0,0,0,0,0,0,0,0,1,12,0,5,0,0,0,1,0,0,0,0,0,3,1,0,1,1,1,0,0,1,4,0,1,0,0,0,6,0,0,1,17,0,0,0,2,4,0,2,2,1,0,0,0,0,0,0,0,6,1,2,0,0,0,1,0,0,0,0,1,0,0,0,0,0,0,10,0,0,0,0,2,1,0,0,0,0,0,0,0,5,4,0,0,1,0,1,0,0,0,0,0,0,0,0,0,0,1,3,0,0,0,0,0,1,0,0,0,7,0,1,0,0,1,0,0,0,0,10,1,0,0,0,0,0,0,0,0,1,0,0,0,0,0,0,0,0,0,0,0,0,0,0,0,0,0,0,0,0,0,0,1,0,0,1,0,0,1,0,0,1,0,0,0,0,0,0,0,0,0
3066494500050200057,79,0,0,0,0,6,0,0,0,0,21,2,4,0,1,0,0,0,1,2,0,1,17,0,0,0,0,3,0,2,0,2,0,0,30,0,0,8,0,1,2,33,0,0,3,4,5,4,3,28,0,1,0,0,0,1,0,0,11,6,1,0,0,0,5,0,0,0,1,3,0,0,0,1,2,1,46,1,1,0,2,5,5,0,0,2,0,0,0,0,31,11,0,1,3,0,1,0,0,2,3,12,6,0,0,0,0,1,1,0,1,1,2,0,5,0,2,2,7,0,3,1,2,1,5,0,0,0,18,1,0,4,0,0,1,0,0,0,0,1,0,0,0,0,0,0,1,1,0,0,1,0,0,1,0,0,0,1,0,1,0,0,0,1,0,0,2,1,0,0,0,0,0,0,0,0,0,0,0,0
3066494500050200058,63,0,0,0,0,0,0,0,0,1,0,0,2,0,0,1,0,0,0,0,0,1,1,0,0,6,0,1,2,0,1,0,0,0,1,1,0,0,0,6,1,1,0,0,0,6,1,0,0,1,0,2,0,0,0,1,0,0,2,25,1,0,0,0,5,0,0,0,0,0,1,1,0,0,0,2,1,0,0,0,0,0,0,15,0,2,0,0,0,0,15,19,0,0,4,0,13,0,0,0,1,0,0,1,2,0,0,0,0,1,0,0,0,0,0,0,0,1,3,0,0,1,1,0,2,0,9,1,1,0,0,0,0,0,0,0,0,0,0,0,0,0,0,1,0,0,0,0,0,0,0,0,0,0,0,0,0,0,0,0,0,1,0,0,0,0,1,0,0,0,0,0,0,0,0,0,0,0,0,0
3066494500050200059,49,0,0,1,0,1,0,0,0,0,2,8,2,0,0,1,0,0,0,1,0,0,2,1,0,6,0,0,0,0,0,1,0,0,0,0,0,0,1,3,2,4,0,0,0,9,2,3,0,2,0,0,0,0,0,0,0,0,1,14,0,0,0,0,1,0,0,0,0,0,1,0,0,0,1,1,3,0,0,0,0,3,0,8,0,4,0,0,0,0,6,9,0,1,2,2,2,0,0,0,1,0,0,0,0,0,0,0,0,0,0,0,0,0,0,0,0,1,2,0,0,0,0,0,0,0,0,1,2,0,0,1,0,0,0,0,0,0,0,0,0,0,0,1,0,0,0,0,0,0,1,0,0,0,0,0,0,0,0,1,0,0,0,1,0,0,0,0,0,1,0,0,0,0,0,0,0,0,0,0
3066494500050200063,42,0,0,0,0,3,4,2,0,2,1,2,1,0,0,6,0,0,0,6,2,3,3,1,0,0,2,51,0,1,0,1,1,0,1,0,0,1,0,5,1,2,0,0,0,5,4,0,0,0,0,0,0,0,0,0,0,0,0,21,0,0,0,0,5,1,0,0,1,1,1,0,0,0,1,0,2,0,0,1,1,0,1,6,0,2,0,1,0,0,14,9,0,0,0,1,4,1,0,0,54,1,0,0,1,0,0,3,0,0,0,0,0,0,0,0,1,6,3,0,0,0,1,1,2,0,1,0,0,1,0,0,0,0,0,0,0,0,0,0,0,0,0,0,0,0,0,0,0,1,0,0,0,1,0,0,0,0,0,0,1,0,0,0,0,0,0,0,0,0,0,0,0,0,0,0,0,0,1,0
3066494500050200067,40,0,0,1,0,0,0,0,1,2,1,0,0,0,0,3,1,0,0,13,5,0,5,0,2,0,0,33,0,0,1,0,1,0,4,1,1,8,0,0,0,0,0,0,1,1,1,4,0,1,0,0,0,0,0,0,0,0,3,20,2,0,0,0,0,0,0,0,1,0,0,0,0,1,0,0,2,0,0,2,0,0,0,0,0,0,0,1,0,0,19,7,0,2,5,0,0,0,0,0,44,0,0,0,0,0,0,0,0,1,1,0,0,0,0,0,0,17,5,0,0,0,0,0,0,2,3,1,1,0,0,0,0,0,0,0,0,0,1,0,0,0,0,0,0,0,1,0,0,1,0,0,0,0,0,0,1,0,0,0,0,0,0,0,0,0,0,0,0,0,0,0,0,0,0,0,0,0,0,0
3066494500050200068,38,0,0,0,0,0,0,0,0,3,0,1,0,0,0,0,0,0,1,0,0,2,4,0,0,3,0,1,0,0,2,0,0,0,0,0,0,0,0,2,3,1,0,0,0,2,1,0,0,0,0,0,0,0,0,0,1,0,10,18,0,1,0,1,4,0,0,0,0,0,0,0,0,0,0,0,0,0,0,0,0,0,0,20,0,6,0,0,0,0,4,8,0,1,0,2,3,0,0,0,4,1,0,0,0,0,0,0,0,0,2,1,0,0,0,0,0,2,0,0,1,0,0,0,0,2,4,0,1,0,0,0,0,0,0,0,0,0,0,0,0,0,0,0,0,0,0,0,0,0,0,0,1,0,0,0,0,0,0,0,0,0,0,0,0,0,0,0,0,0,0,0,0,0,0,0,0,0,0,0
3066494500050200073,47,0,0,0,0,0,0,0,0,2,9,0,5,0,0,0,0,0,0,2,0,0,3,0,0,0,0,2,0,0,0,6,0,1,3,0,0,3,0,0,0,24,0,1,1,4,1,1,4,9,0,0,0,0,0,0,0,0,6,0,2,0,0,0,0,0,0,0,0,0,0,0,0,0,1,0,11,0,0,0,1,6,1,0,0,0,0,0,2,0,10,8,0,0,1,0,0,0,0,0,0,3,0,0,0,0,0,0,1,0,0,0,0,2,0,0,0,1,4,0,0,1,1,1,0,0,0,0,18,0,1,0,0,0,0,0,0,0,0,1,0,0,0,0,0,0,0,0,0,0,0,0,0,0,0,0,0,0,0,0,0,0,0,1,0,0,0,0,0,0,0,0,0,0,0,1,0,0,0,0
3066494500050200077,11,0,0,0,0,0,0,0,0,0,0,0,1,0,0,0,0,0,0,0,0,0,2,1,0,0,0,2,0,0,0,0,0,0,2,0,0,1,0,0,0,8,0,0,0,4,0,0,0,2,0,0,0,1,1,0,0,0,1,1,1,0,0,0,0,0,0,0,0,0,0,0,0,0,0,0,3,0,0,0,0,1,0,0,0,0,0,0,0,0,0,1,0,0,0,0,0,0,0,0,0,0,1,0,0,0,0,0,0,0,0,0,0,0,1,0,0,0,1,0,0,0,0,0,1,0,0,0,6,0,0,0,0,0,0,0,0,0,0,0,0,0,0,0,0,0,0,0,0,0,0,0,0,0,0,0,0,0,0,0,0,0,0,0,0,0,0,0,0,0,0,0,0,0,0,0,0,0,0,0
3066494500050200078,23,0,0,1,0,0,0,0,0,1,0,0,0,0,0,2,0,0,0,2,2,0,0,0,1,0,0,63,0,0,0,0,0,0,0,0,0,1,0,0,0,0,0,0,0,0,1,0,1,0,0,0,1,0,0,0,0,0,2,2,0,0,0,0,0,0,0,0,0,0,0,0,0,0,1,0,0,0,0,0,0,0,0,0,0,0,0,0,1,0,8,1,0,0,0,0,0,0,0,0,20,0,0,0,0,0,0,0,0,0,0,0,0,0,1,0,0,5,1,0,0,0,0,0,0,1,0,1,0,0,0,0,1,0,0,0,0,0,0,0,0,0,0,0,0,0,1,0,0,1,0,0,0,0,0,0,0,0,0,0,1,0,0,0,0,0,0,0,0,0,0,0,1,0,0,0,0,0,0,0
3066494500050200079,57,1,1,1,0,0,0,0,0,0,5,0,5,0,0,2,0,0,0,10,2,0,11,1,1,0,1,53,2,0,1,2,0,0,4,0,0,3,0,0,0,10,0,0,0,2,10,15,2,2,0,0,0,0,0,0,0,0,4,3,3,0,0,0,2,0,1,0,1,0,0,1,0,0,0,0,10,0,0,5,0,1,1,0,0,1,0,0,1,0,12,8,0,0,5,0,0,0,0,1,36,10,0,0,0,0,0,0,1,0,0,1,0,0,0,0,0,15,6,0,1,1,0,0,1,0,3,1,3,1,0,0,0,0,0,0,0,0,0,0,0,0,0,0,0,0,1,0,0,0,0,0,0,0,0,0,0,0,0,0,1,0,1,0,0,0,0,2,0,0,0,0,0,0,0,0,0,1,0,0
3066494500050200081,18,0,0,2,0,0,0,0,0,1,0,0,0,0,0,2,0,0,0,4,9,0,0,0,1,2,1,83,0,0,0,0,0,0,0,0,0,0,0,0,0,0,0,0,0,3,5,0,0,0,0,0,1,0,0,0,0,0,0,3,0,0,0,0,0,0,0,0,1,0,0,1,0,0,1,0,0,0,0,0,1,0,0,1,0,1,0,0,0,1,2,0,0,0,0,2,0,0,0,0,36,0,0,0,0,0,0,0,0,0,0,0,0,0,0,0,0,12,1,0,0,0,0,0,0,0,0,0,0,1,0,0,0,0,0,0,0,0,0,0,1,0,0,0,0,0,1,0,0,0,0,0,0,0,0,0,0,0,0,0,2,0,0,0,0,0,0,0,0,0,0,0,0,1,0,0,0,0,0,0
3066494500050200082,40,0,0,0,2,0,1,0,0,0,0,1,0,0,2,5,0,1,0,19,1,0,6,1,2,1,0,125,0,0,0,0,1,0,2,0,0,3,0,1,2,1,0,0,4,0,4,8,0,1,0,1,0,1,0,0,0,0,6,10,0,0,1,0,1,0,0,0,0,0,0,1,0,0,0,0,3,1,0,2,0,0,2,0,1,1,0,0,0,0,19,3,1,1,1,0,0,0,0,0,67,0,0,0,0,0,0,0,0,0,1,0,2,1,0,1,0,15,7,0,1,0,2,0,0,0,1,0,1,0,0,0,0,0,0,0,0,0,1,0,0,0,0,0,0,0,0,0,0,2,0,1,0,0,0,0,0,1,0,0,1,0,1,0,0,0,0,0,0,0,0,0,0,1,2,0,0,0,0,0
3066494500050200083,22,0,0,0,0,0,1,1,0,0,0,0,0,0,0,0,1,0,0,0,1,0,0,0,0,2,0,2,0,0,0,1,0,1,1,1,0,0,0,4,0,0,0,0,0,5,1,0,0,0,0,0,0,0,0,0,0,0,1,9,0,0,0,0,1,0,0,0,0,0,0,1,0,0,0,0,0,0,0,0,0,0,0,9,0,7,0,0,0,0,8,8,0,3,0,0,15,0,0,4,5,0,0,0,0,0,0,1,0,1,0,0,0,0,1,0,0,1,0,0,0,0,0,0,0,2,0,0,0,0,0,0,0,0,0,0,0,0,0,0,0,0,0,0,0,0,0,0,0,0,0,0,0,0,0,0,0,0,0,0,0,0,0,0,0,0,0,0,0,0,0,0,0,0,0,0,0,0,0,0
3066494500050200086,44,0,0,0,0,0,0,0,0,1,1,0,4,0,0,0,0,0,2,2,0,1,0,0,0,2,0,7,1,0,3,0,0,1,0,0,0,1,1,5,3,1,0,0,0,14,6,1,0,2,0,0,0,0,0,0,0,0,1,12,0,0,0,0,2,0,0,0,0,0,0,0,0,0,0,1,1,0,1,0,0,2,1,6,1,2,0,1,0,0,13,16,0,1,4,1,2,0,1,1,0,2,0,0,1,0,0,0,0,0,0,0,1,0,0,0,0,2,3,0,0,0,0,1,0,1,0,1,0,1,0,0,0,0,0,0,0,0,0,0,0,0,0,2,0,0,0,0,0,0,0,0,0,0,0,0,0,0,0,0,0,0,0,0,0,0,0,0,0,0,0,0,0,0,0,0,0,0,0,0
3066494500050200089,78,0,0,1,0,0,0,0,0,3,22,1,10,0,2,0,0,0,0,2,0,0,9,0,0,0,0,4,1,0,0,1,1,0,2,3,0,3,0,0,3,6,0,0,1,2,3,9,6,1,0,0,0,1,0,0,0,0,7,6,2,0,0,0,2,1,1,0,0,1,0,0,0,0,0,1,12,0,0,0,0,2,2,1,0,2,0,0,1,0,12,9,0,1,0,0,1,1,0,0,5,16,3,0,0,0,0,0,2,1,0,1,1,0,4,0,0,4,11,0,0,1,1,1,3,0,0,1,3,1,0,0,0,0,0,0,1,0,1,0,0,0,0,0,0,0,2,1,0,0,0,0,0,0,0,0,1,0,1,0,0,0,0,1,0,0,0,1,0,0,0,0,0,1,0,0,0,0,0,0
3066494500050200093,18,0,0,1,0,0,1,0,0,2,0,1,0,0,0,0,0,0,0,3,2,1,0,1,1,0,0,55,0,1,0,0,0,0,2,1,0,0,0,0,0,0,0,0,1,1,1,0,1,1,0,0,0,0,0,0,0,0,1,2,0,0,0,0,1,0,0,0,1,0,0,0,0,0,0,0,1,0,0,1,0,0,0,2,0,0,0,0,0,0,4,1,0,1,1,0,0,0,0,0,31,0,0,0,0,0,0,2,0,0,0,1,0,0,0,0,1,0,0,0,0,0,0,0,0,0,0,0,0,0,0,0,0,0,0,0,0,0,0,0,0,0,0,0,0,0,0,0,0,0,0,0,0,0,0,0,0,0,0,0,3,0,0,1,0,0,0,0,0,0,0,0,0,0,0,0,0,0,0,0
3066494500050200096,3,0,0,0,0,0,0,0,0,1,0,0,0,0,0,0,0,0,0,2,1,0,0,0,0,0,0,23,0,0,0,0,0,0,0,0,0,0,1,0,0,0,0,0,0,0,1,0,0,0,0,0,0,0,0,0,0,0,0,1,0,0,0,0,0,0,0,0,0,0,0,0,0,0,0,0,1,0,1,0,0,0,0,0,0,0,0,0,0,0,1,0,0,0,1,0,0,0,0,0,18,0,0,0,0,0,0,0,0,0,0,0,0,0,0,0,0,0,1,0,0,0,0,0,0,0,1,0,1,0,0,0,0,0,0,0,0,0,0,0,0,0,0,0,0,0,0,0,0,1,0,0,0,0,0,0,0,0,0,0,1,0,0,0,0,0,0,0,0,0,0,0,0,0,0,0,0,0,0,0
3066494500050200103,33,0,0,3,0,1,0,0,0,1,0,0,1,0,0,3,0,1,0,24,4,0,2,0,4,0,3,154,1,0,0,0,0,0,1,0,0,1,1,3,0,1,0,0,0,1,4,1,0,0,0,1,0,0,0,0,0,0,1,14,0,0,1,0,1,1,1,0,2,0,1,0,0,0,1,0,2,0,0,0,0,1,0,1,0,1,0,1,0,0,16,9,0,1,2,1,2,0,0,0,89,0,0,0,0,0,0,0,0,0,0,0,0,0,2,2,0,12,2,0,0,0,0,1,0,0,0,0,0,0,0,0,0,1,0,0,1,0,3,0,0,0,0,0,1,0,1,0,0,1,0,0,0,0,0,0,0,0,0,0,0,0,0,0,0,0,0,0,0,0,0,0,0,0,1,0,0,0,0,0
3066494500050200106,12,0,0,2,1,0,0,0,0,2,0,0,0,0,0,1,0,0,0,6,1,0,1,0,0,0,0,5,0,0,1,1,2,0,1,0,0,2,0,1,0,1,0,0,1,0,0,0,0,0,0,0,0,0,0,0,0,1,1,5,2,0,0,0,2,0,0,0,2,0,0,0,0,0,0,1,4,0,0,3,0,0,0,0,0,2,0,0,0,0,2,2,0,0,0,0,0,0,0,0,12,0,1,0,0,0,0,0,0,0,0,0,0,0,0,0,0,4,0,0,0,0,0,0,0,0,0,1,0,0,0,0,0,0,0,0,0,0,0,0,0,0,0,0,0,0,0,0,0,1,0,0,0,0,0,0,0,0,0,0,0,0,0,0,0,0,0,0,0,0,0,0,0,0,0,0,0,0,0,0
3066494500050200107,23,0,0,0,0,0,0,0,0,1,0,0,1,0,0,6,0,0,0,5,4,0,0,1,2,0,1,127,0,0,0,1,0,0,0,0,0,1,0,0,1,4,1,0,0,1,1,0,0,0,0,0,2,1,0,0,1,0,0,6,0,0,0,0,0,0,1,0,2,0,0,0,1,0,0,0,1,0,0,0,0,0,2,0,1,2,0,0,0,0,4,4,0,0,3,0,0,0,0,0,65,0,0,0,1,0,0,0,0,0,0,0,0,0,1,0,0,3,0,0,0,0,0,0,0,0,0,0,1,0,0,0,0,0,0,0,0,0,3,0,0,0,0,0,0,0,0,0,0,2,0,0,1,0,0,0,0,0,0,0,0,0,0,0,0,0,0,0,0,0,0,0,0,0,0,0,1,0,0,0
3066494500050200109,7,0,0,0,0,0,0,0,0,1,0,0,0,0,1,2,0,0,1,5,3,0,1,1,2,0,0,55,0,0,0,0,0,0,1,0,0,1,0,0,0,0,0,0,0,0,2,0,1,0,0,0,0,0,0,1,1,0,1,4,1,0,0,0,1,0,0,0,1,0,0,0,0,0,0,0,2,0,0,0,0,0,0,0,0,0,0,1,0,1,3,0,0,0,0,0,0,0,0,0,26,0,1,0,1,0,0,0,0,0,0,0,0,0,0,0,1,4,1,0,0,1,0,0,0,0,1,0,0,0,0,0,0,0,0,0,0,0,0,0,0,0,0,0,0,0,0,0,0,0,0,0,0,0,0,0,0,0,0,0,1,0,0,0,0,0,0,0,0,0,0,0,0,0,1,0,0,0,0,0
3066494500050300013,17,0,0,0,0,2,1,0,0,2,0,0,0,0,0,0,0,1,0,0,0,1,1,1,1,0,0,24,0,0,1,1,0,0,1,1,0,2,0,3,0,0,0,0,0,2,0,1,1,0,0,1,0,1,0,0,0,0,0,15,0,0,0,0,2,0,0,0,0,0,0,0,0,0,0,0,0,0,0,0,0,0,0,0,0,1,0,0,0,0,10,3,0,0,0,1,0,0,0,0,7,0,0,0,0,0,0,2,0,1,0,0,0,0,0,1,0,0,1,0,0,0,0,0,1,0,0,1,1,0,0,0,0,0,0,0,0,0,0,0,0,0,0,0,0,0,0,0,0,0,0,1,0,0,0,0,0,0,0,0,1,0,0,1,0,0,0,0,0,0,0,0,0,0,0,0,0,0,0,0
3066494500050300023,11,0,0,0,0,0,0,0,0,1,2,0,1,0,0,0,0,0,0,0,0,0,0,0,0,0,0,1,0,0,0,0,0,0,1,0,0,0,0,0,0,4,0,0,0,0,0,0,1,0,0,0,0,0,0,0,0,0,4,0,0,0,0,0,0,0,0,0,0,0,0,0,0,0,1,0,2,0,0,0,0,1,2,0,0,0,0,0,1,0,3,3,0,0,0,0,0,0,0,0,1,1,0,0,0,0,0,0,0,0,0,0,0,0,0,0,0,1,3,0,0,0,0,0,0,0,0,0,1,0,0,0,0,0,0,0,0,0,0,0,0,0,0,0,0,0,0,0,0,0,0,0,0,0,0,0,0,0,0,0,0,0,0,0,0,0,0,0,0,0,0,0,0,0,0,0,0,0,0,0
3066494500050300044,32,0,0,1,0,0,0,0,0,3,5,0,7,0,0,0,0,0,0,2,0,0,5,0,0,0,0,0,1,0,0,0,0,0,6,0,0,2,0,0,0,14,0,0,0,3,1,5,4,3,0,0,0,1,1,0,1,0,8,0,2,0,0,0,1,1,0,0,0,0,0,0,0,0,1,0,15,0,1,0,0,5,1,0,0,4,0,0,0,0,11,7,0,0,0,0,0,0,0,0,1,6,1,0,0,0,0,0,3,0,0,0,1,0,1,0,0,1,4,0,1,0,1,2,1,0,0,0,4,0,0,0,0,0,0,0,0,0,1,0,0,0,0,0,0,0,0,0,0,0,0,0,0,0,0,0,0,0,0,0,1,0,0,0,0,0,0,0,0,0,0,0,0,0,0,0,0,0,0,0
3066494500050300051,21,0,0,1,0,0,0,1,0,1,2,0,2,0,0,0,0,0,0,0,0,0,2,0,0,0,0,1,0,0,0,1,0,0,3,0,0,1,0,1,0,11,0,0,0,4,0,3,1,5,0,0,0,0,0,0,0,0,1,0,1,0,0,0,1,0,0,0,0,0,0,0,0,0,1,0,10,0,0,0,0,2,1,0,0,0,0,0,0,0,1,4,0,0,0,1,1,1,0,0,0,3,0,0,0,0,0,0,1,0,0,0,0,0,1,0,0,0,3,0,0,0,0,0,0,0,0,0,7,0,1,0,0,0,0,0,0,0,0,0,0,0,0,0,0,1,0,0,0,0,0,0,0,0,0,0,0,0,0,0,0,0,0,0,0,0,0,0,0,0,0,0,0,0,0,0,0,0,0,0
3066494500051100004,27,5,0,2,0,0,1,0,0,1,0,1,0,0,0,2,0,0,0,6,0,0,0,0,2,0,0,9,0,0,0,0,0,0,1,0,0,0,0,0,1,1,0,0,0,1,3,11,0,0,0,0,0,0,1,0,0,0,2,4,0,0,0,0,0,0,0,0,1,0,0,0,0,0,0,0,0,0,0,1,0,0,0,0,0,0,0,0,0,1,5,0,0,0,1,0,1,0,0,0,5,0,0,0,0,0,0,0,0,0,0,0,0,0,0,0,0,14,27,0,0,0,0,0,1,0,0,0,1,0,0,0,0,0,0,1,0,0,0,0,0,0,0,0,0,0,0,0,1,0,0,0,0,0,0,1,0,0,0,0,0,0,0,0,0,0,0,0,0,0,0,0,0,1,0,0,0,0,0,1
3066494500051100006,41,3,0,0,0,0,0,1,0,0,0,0,1,0,0,3,0,0,0,14,6,1,2,1,2,0,0,38,0,0,0,1,0,0,1,0,0,0,0,0,1,0,0,1,0,2,7,3,0,0,0,0,0,0,0,0,1,0,1,11,0,0,0,0,0,0,0,0,1,2,0,0,0,0,0,0,0,0,0,2,0,0,0,0,0,0,0,0,0,0,4,0,0,0,2,0,0,0,0,0,11,0,0,0,1,0,0,0,0,0,0,0,0,0,0,0,0,14,15,0,0,0,0,0,0,2,0,0,0,0,0,0,0,0,0,0,0,0,0,0,0,0,0,0,0,0,0,0,1,0,1,0,0,0,0,0,0,0,0,0,0,1,0,0,0,0,0,0,0,0,0,0,0,0,0,0,0,0,0,0
3066494500051100007,17,3,0,2,0,0,0,0,0,0,0,0,0,0,0,3,0,1,0,5,1,0,2,0,2,0,0,19,0,0,0,1,1,0,0,0,0,3,0,0,1,0,0,0,1,1,4,3,0,0,0,0,0,0,0,0,0,0,2,5,0,0,0,0,0,0,0,0,2,0,0,0,0,1,1,1,0,0,0,1,0,0,0,0,0,1,0,0,0,1,6,0,0,0,2,2,0,0,0,0,7,0,0,0,0,0,0,0,0,0,0,0,1,0,0,0,0,6,25,0,0,1,0,0,1,1,1,0,1,0,0,0,0,0,0,0,0,0,1,0,0,0,0,0,0,0,0,0,0,0,1,0,0,0,0,0,0,0,0,0,0,0,0,0,0,0,0,0,0,0,0,0,0,0,0,0,0,0,0,0
3066494500051100009,12,1,0,0,0,0,0,0,0,0,0,1,0,0,0,4,0,0,0,5,5,0,0,0,1,0,0,13,0,0,0,2,0,0,0,0,0,0,0,0,1,0,0,0,0,0,3,3,0,0,0,0,0,0,0,0,0,1,1,4,0,0,0,0,0,0,0,0,1,0,0,0,0,0,0,0,0,0,0,0,0,0,1,0,0,0,0,0,0,0,2,0,0,0,0,0,0,0,0,0,3,1,0,0,0,0,0,0,0,0,0,0,0,0,0,0,0,8,7,0,0,0,0,0,1,1,0,0,0,0,0,0,0,0,0,0,0,0,0,0,0,0,0,0,0,0,0,0,0,0,0,0,0,0,0,0,0,0,0,0,0,0,0,0,0,0,0,0,0,0,0,0,0,0,0,0,0,0,0,0
3066494500051100012,11,1,0,0,0,0,0,0,0,0,0,0,0,0,0,3,0,0,0,1,0,0,0,0,0,0,0,32,0,0,0,0,0,0,0,0,0,0,0,0,0,0,0,0,0,0,5,2,0,0,0,0,0,0,0,0,0,0,0,4,0,0,0,0,0,0,0,0,1,0,1,0,0,0,0,0,0,0,0,2,0,0,1,0,0,1,0,0,0,1,0,1,0,0,1,0,0,0,0,0,10,0,0,0,0,0,0,0,0,0,0,0,0,0,0,0,0,5,12,0,0,0,0,0,0,2,0,0,0,0,0,0,0,0,0,0,0,0,0,0,0,0,0,0,0,0,0,0,0,0,0,0,0,0,0,0,0,0,0,0,0,0,0,0,0,0,0,0,0,0,0,0,0,0,0,0,0,0,0,0
3066494500051100019,7,1,0,0,0,0,0,0,0,0,0,0,0,0,0,0,0,0,0,1,2,0,0,2,0,0,0,2,0,0,0,0,0,0,0,0,0,2,1,0,0,0,0,0,0,0,0,3,0,0,0,0,0,0,0,0,0,0,0,1,0,0,0,0,0,0,0,1,0,1,0,0,0,0,0,0,0,0,0,0,0,0,0,0,0,0,0,0,0,0,0,0,0,0,1,1,0,0,0,0,1,0,0,0,0,0,0,0,0,0,0,0,0,0,0,0,0,3,18,0,0,0,0,0,0,1,0,0,0,0,0,0,0,0,0,0,0,0,0,0,0,0,0,0,0,0,0,0,0,0,0,0,0,0,0,0,0,0,0,0,0,0,0,0,0,0,0,0,0,0,0,0,0,0,0,0,0,0,0,0
3066494500051100022,17,2,0,0,0,0,0,0,0,0,0,0,0,0,0,0,0,0,0,2,0,0,0,0,2,1,0,4,0,0,0,0,0,0,0,0,0,1,0,0,1,0,0,0,0,0,2,2,0,0,0,0,0,0,0,0,0,0,0,5,0,0,0,0,0,0,0,0,0,2,0,0,0,0,0,1,0,0,0,0,0,0,0,0,0,0,0,0,0,0,0,0,0,0,0,0,1,0,0,0,5,0,0,0,0,0,0,0,0,0,0,0,0,0,0,0,0,2,25,0,0,0,0,0,0,0,0,0,1,0,0,0,0,0,0,0,0,0,1,0,0,0,0,0,0,0,1,0,0,0,0,0,0,0,0,0,0,0,0,0,0,1,0,0,0,0,0,0,0,0,0,0,0,0,0,0,0,0,0,0
3066494500051200008,33,4,0,0,0,0,0,0,0,0,0,0,0,0,0,7,0,0,0,13,6,0,0,0,2,0,0,39,0,0,0,0,1,0,0,0,0,0,0,0,4,0,0,0,0,1,2,8,0,0,0,0,0,1,0,0,1,0,2,12,1,0,0,0,0,0,0,0,0,1,0,0,0,0,0,0,0,0,0,1,0,0,0,0,0,1,0,0,0,1,11,1,0,0,0,1,0,0,0,0,17,0,0,0,0,0,0,0,0,0,0,0,0,1,1,0,0,13,34,0,0,0,0,0,0,3,0,0,1,0,0,0,0,0,0,0,0,0,1,1,0,0,0,1,0,0,0,0,0,0,0,0,0,0,0,0,0,0,0,0,1,0,0,0,0,0,0,0,0,0,0,0,0,0,0,0,1,0,0,0
3066494500051200012,70,6,0,0,1,3,0,0,0,2,0,0,0,0,0,7,0,0,0,18,4,0,1,2,1,2,1,128,0,0,0,0,0,0,0,1,0,2,1,0,1,0,0,0,0,1,10,7,0,1,0,0,0,0,1,0,0,0,3,25,1,0,1,0,0,1,0,0,2,0,0,2,0,0,1,1,1,0,0,4,0,0,2,0,0,4,0,0,1,1,3,1,0,0,3,1,0,0,0,0,31,0,0,0,0,0,0,3,0,2,0,0,0,0,1,0,1,30,32,0,0,0,0,0,1,4,0,0,1,0,0,0,0,0,0,0,0,0,4,0,1,0,0,0,0,0,1,1,0,2,0,0,0,0,0,1,0,0,0,0,0,0,0,0,0,0,0,0,0,0,0,0,3,0,1,0,0,0,1,0
3066494500051200013,12,7,0,0,0,0,0,0,0,1,0,0,0,0,0,2,0,0,0,2,0,0,1,2,1,0,0,4,0,0,0,0,1,0,0,0,0,0,0,0,1,1,0,1,0,0,3,9,0,0,0,0,0,0,0,0,1,0,0,1,0,1,0,0,0,0,0,0,0,1,0,0,0,0,0,0,0,0,0,0,0,1,0,0,1,0,1,1,0,0,2,0,0,0,0,0,0,0,0,0,4,0,0,0,0,0,0,0,0,0,0,0,0,0,0,0,0,3,20,0,0,0,0,0,3,0,0,0,3,0,0,0,0,0,0,0,0,0,0,0,0,0,0,0,0,0,0,0,0,0,0,0,0,0,0,0,0,0,0,0,0,0,0,0,0,0,0,0,0,0,0,0,0,0,0,0,0,0,0,0
3066494500051200023,14,0,0,0,0,0,0,0,0,0,0,0,0,0,0,1,1,0,0,4,4,0,0,2,1,0,0,5,0,0,0,0,0,1,0,0,0,0,0,0,0,0,0,0,0,1,0,3,0,0,0,0,0,0,0,0,0,0,0,5,0,0,1,0,1,0,0,0,0,0,0,0,0,0,0,0,0,0,0,0,0,0,1,0,0,0,0,0,0,0,3,0,0,0,0,0,0,0,0,0,4,0,1,0,0,0,0,0,0,0,0,0,0,0,0,0,0,1,10,0,0,0,0,0,1,1,0,0,0,0,0,0,0,0,0,0,0,0,0,0,0,0,0,0,0,0,0,0,0,0,0,0,0,0,0,0,0,0,0,0,0,0,0,0,0,0,0,0,0,0,0,0,0,0,0,0,0,0,0,0
3066494500051300006,5,1,0,0,0,0,0,0,0,0,0,0,0,0,0,0,0,0,0,2,0,0,1,1,3,0,0,4,0,0,0,0,0,0,1,0,0,0,0,0,0,0,0,0,0,0,2,10,0,0,0,0,0,0,0,0,0,0,2,4,0,0,0,0,0,0,0,0,3,0,0,0,0,0,0,0,1,0,0,0,0,0,0,0,0,0,0,1,0,2,1,0,0,0,3,0,0,0,0,0,1,0,1,0,0,0,0,1,0,0,0,0,0,0,0,0,0,7,8,0,0,0,0,0,0,0,0,0,0,0,0,0,0,0,0,0,0,0,0,0,0,0,0,0,0,0,0,0,0,0,0,0,0,0,0,0,0,0,0,0,0,0,0,0,0,0,0,0,0,0,0,0,0,0,0,0,0,0,0,0
