EntityID,fov,volume,center_x,center_y,min_x,min_y,max_x,max_y,anisotropy,transcript_count,perimeter_area_ratio,solidity,cluster
3068241300030100090,,463.3830326927219,4764.504630704284,9518.423837494398,4761.094242174466,9514.665766622413,4768.699496699357,9522.966433340083,1.134146167623452,212,0.5887228846044249,0.9520824861141676,cluster_5
3068241300030100091,,511.2013907038803,4756.293558416938,9519.631651796237,4750.279202852667,9516.12323356789,4761.250052098468,9522.688087670304,1.9303642244074493,101,0.5993056502165883,0.9601547079857934,cluster_5
3068241300030100092,,1451.7744690213708,4743.077634863913,9522.733071684095,4734.54546060657,9517.11727865882,4751.487607104236,9530.291389600594,1.3592464243014255,174,0.3900612147770805,0.8404677734508829,cluster_5
3068241300030100094,,946.6296790330964,4773.558146501045,9522.796917226102,4767.568205033374,9517.675464150378,4779.338176048002,9528.47416447093,1.025214258554719,300,0.3916165605761376,0.9829695110749112,cluster_5
3068241300030100097,,716.0448951192162,4804.177144426402,9528.856969654114,4798.24794534479,9521.682576062554,4810.57012068848,9533.18068783615,1.02806025544958,296,0.6127549792305819,0.7337743226051583,cluster_5
3068241300030100100,,376.4982477257237,4762.664645228152,9527.658153487197,4759.032023182151,9523.920946526338,4765.919295275265,9531.728496183649,1.203753122076359,135,0.6507854182757514,0.9487291058711678,cluster_5
3068241300030100102,,258.1877864806733,4823.629881195792,9527.635863472433,4820.273161988613,9525.132828110194,4827.371364690524,9529.827199989972,1.5304480114846932,144,0.7708647690550554,1.0,cluster_5
3068241300030200086,,443.5494257467668,4775.6644501156325,9515.329474443131,4768.610962799706,9513.24202902364,4782.842547881765,9517.541635206964,3.9102064178963554,206,0.7563523293415252,0.9297363413336168,cluster_5
3068241300030200089,,803.6496275168853,4785.619613438573,9520.912200240904,4780.425391796631,9515.269335120289,4790.556852415845,9526.047384508018,1.0133224408610688,287,0.4406479334923235,0.9484695333911556,cluster_5
3068241300030200091,,897.3684336620695,4808.186270300904,9520.910102171054,4799.890470844516,9516.90128920271,4815.085170145673,9525.15116147536,1.9547415538730903,345,0.4705635626531323,0.898588440281372,cluster_5
3068241300030200094,,282.92415803513404,4817.642413177221,9523.22707204311,4814.775128970336,9518.533613890691,4822.07596626301,9527.498495462843,2.1886242134133647,85,0.9484772263803798,0.7843071958929433,cluster_5
3068241300030200096,,891.9179993786473,4796.303876793422,9523.542815889856,4790.084442457187,9518.623382939322,4802.394479977264,9528.87679183694,1.7097914556739142,243,0.4184347775373229,0.9737004986026058,cluster_5
3068241300030200098,,1250.93496823119,4729.432313075682,9525.68023654654,4721.200115046223,9519.169178491882,4737.975272801576,9531.68132221817,1.5755019192348112,478,0.383993390391006,0.9055006991377436,cluster_5
3068241300030200099,,801.4342485288153,4792.912884857272,9530.060840491858,4787.932850555153,9524.248685250232,4798.23771672422,9535.515328497266,1.3905788758666395,265,0.4436610677281484,0.982089570106207,cluster_5
3068241300030200101,,800.6453801509083,4718.002262058976,9529.668081955851,4710.506100560084,9524.834064600653,4723.492575080349,9534.939712374062,1.498759831028833,322,0.5887034771414738,0.7358451429467779,cluster_5
3068241300030200102,,533.6523339549306,4736.76492106109,9529.980577840766,4732.323844701367,9526.419231178832,4741.474157897114,9534.09582857503,1.1080494283268136,176,0.5287006159967498,0.9753746069607698,cluster_5
3068241300030200104,,492.1309870532385,4830.265855697718,9531.560563146386,4825.348974545895,9527.718973859568,4835.730234654894,9534.862167098643,1.427993580545207,182,0.5872726756689461,0.93131841440886,cluster_5
3068241300030200106,,289.544525887695,4766.291134606247,9531.559205997455,4762.449370355684,9528.397181261604,4771.015461960973,9534.988375291894,1.211204031758211,100,0.8871135305010975,0.834714806992801,cluster_5
3068241300030200107,,370.2041226252449,4774.970564490258,9531.641154742789,4770.684268346065,9528.47493695596,4779.075184302831,9535.06723799765,1.5592028192562086,87,0.6480124503260738,0.978220901329634,cluster_5
3068241300030300076,,177.16934262740256,4779.781232993574,9527.12326469934,4777.051410063452,9525.12446400402,4782.558845273271,9529.185455702736,1.5737589251143598,48,0.9173559710609708,1.0,cluster_5
3068241300037100021,,1405.561185102633,4354.37141390606,9709.44067283366,4348.86826068234,9701.732948230876,4359.859925200222,9717.73481847773,1.4641172371790785,103,0.3325718521153602,0.966026873057672,cluster_5
3068241300037100037,,2517.9551658746923,4348.169014550563,9748.436075490315,4342.064426038902,9733.874685637093,4354.592121572851,9765.701758476527,3.1571601946693373,476,0.3295344717390221,0.7987089824859978,cluster_5
3068241300037100051,,1763.2975833666424,4345.765482480598,9772.035540985178,4340.362302883022,9760.13032428158,4351.472147403133,9783.568087565502,2.397479491591645,283,0.3648032040706951,0.8478288727421712,cluster_5
3068241300037200176,,3202.222993502209,4359.340336085826,9690.329943754505,4350.434843485467,9678.526337580935,4369.223804705551,9703.675082680438,1.450590390383779,143,0.2551451314399495,0.8916976382805758,cluster_5
3068241300037200207,,3025.980195978221,4347.548340895822,9727.701328699744,4338.069262645026,9715.871344534942,4357.79184905038,9746.60053000634,1.1278181136557155,164,0.3191951510305731,0.7331132792694968,cluster_5
3068241300037200254,,2231.860967831077,4344.9177162215965,9787.036564177864,4335.933376434756,9775.696432909064,4353.844283233177,9796.773475871409,1.1886054438677065,130,0.3840320939198009,0.7256741835545124,cluster_5
3068241300038100008,,665.4544624065829,4591.173384390079,9537.464367949084,4586.135131607094,9532.255289592797,4595.74854898246,9541.725957908997,1.0158876945173954,176,0.511000062518517,0.905357819293812,cluster_5
3068241300038100010,,2645.506500702252,4573.532437871006,9540.256959946522,4558.903498615134,9532.959819588894,4588.250692037263,9546.802603951634,2.705106964071475,662,0.3043466132537845,0.8637007573673469,cluster_5
3068241300038100016,,1576.8031423072753,4527.264968893774,9545.661293009236,4518.352387347821,9539.451620862204,4537.316058017126,9552.855911281218,1.4996730647160754,363,0.4229466714315534,0.800846824929355,cluster_5
3068241300038100023,,784.0234515370286,4460.293375140008,9571.825179093108,4454.4575418465365,9566.578864108387,4465.264898297857,9576.682553385534,1.362774187189664,121,0.4422944902118338,0.981879603868202,cluster_5
3068241300038100025,,353.68384377085323,4453.268694209014,9578.829927988803,4449.181273283118,9574.817235469363,4457.169249084838,9582.77178216198,1.7831208421000964,43,0.7079177602315129,0.9261045392929402,cluster_5
3068241300038100027,,630.2935060607512,4443.992014048424,9586.494847268876,4437.426912113176,9581.076259151285,4450.289776258604,9591.013487441976,2.734712765832929,86,0.570106855423981,0.9701350412987806,cluster_5
3068241300038100032,,1041.235097465743,4417.434758066768,9606.715085990336,4409.66961101628,9600.848096625912,4423.704839064369,9611.809853701554,1.008922530418756,279,0.3995837471095957,0.973112408226303,cluster_0
3068241300038100047,,344.35745874389534,4386.206134183368,9640.33663869226,4382.159243209679,9635.879425991816,4390.374621165917,9644.644290804816,2.967538833517234,61,0.7706607112228384,0.9999999999999992,cluster_5
3068241300038100049,,1951.057180422528,4377.160418018505,9658.648255184396,4369.779513920849,9648.462467772251,4386.0011495437375,9669.766453267186,2.0726806809747984,266,0.3153345471036179,0.9334659879541776,cluster_5
3068241300038200010,,1587.2141953911782,4621.557608768612,9532.947197660404,4612.607526226912,9527.905892996712,4634.232764231492,9540.073596261493,2.1632646371120816,547,0.3688439323166954,0.9484214311654408,cluster_0
3068241300038200011,,1808.3345182624585,4603.610286449976,9537.104667995734,4591.452394400942,9530.832609121964,4612.699984589026,9542.806620042184,1.812330543865198,397,0.3556884625952146,0.8412820911056498,cluster_5
3068241300038200015,,1315.282463492026,4626.284147621957,9540.09713283973,4616.220702409464,9534.828414059975,4635.769615755676,9545.59530397668,1.9360681510266355,508,0.3737842298739086,0.9509223276648598,cluster_0
3068241300038200017,,2383.889876041968,4548.659036955135,9542.27570151698,4533.603950164659,9536.872691528955,4561.226538533646,9549.06899553187,2.262773544910904,575,0.2758730123173664,0.9292497194651388,cluster_5
3068241300038200018,,2250.6894758285234,4639.242058116682,9545.918504146275,4628.717479093662,9538.814950938711,4649.790324664456,9553.916313140291,1.0999917034066462,461,0.2632192905934348,0.9658286518246656,cluster_5
3068241300038200023,,1474.9719857205755,4513.584909352218,9549.697151191967,4505.771498814996,9543.143485212202,4520.253598730094,9556.560332387977,1.1338816510344865,305,0.326882470995435,0.94491526484805,cluster_5
3068241300038200024,,2913.872974141065,4490.666306188884,9552.7834000378,4477.388313630168,9544.87008293493,4507.01369476081,9561.38189223917,2.1417377713228736,338,0.2897898921679454,0.8415836963652492,cluster_5
3068241300038200039,,2598.9812356715524,4432.651450390921,9599.804521127637,4423.396827700812,9590.618128065877,4442.104447967496,9608.57469457555,1.10554570503134,233,0.2507380769389475,0.9575711777313256,cluster_5
3068241300038200042,,1524.136187724898,4410.328650212711,9614.565560576406,4401.805753174344,9604.228257393184,4421.706458364084,9621.918137218709,1.6187291123389334,287,0.4436394043457284,0.735331175603097,cluster_5
3068241300038200052,,486.9996736691625,4401.483526605643,9622.968779978444,4396.490404166094,9618.615261593746,4405.931745289276,9626.77789998122,1.5098719947720665,103,0.58012795846057,0.95980779382063,cluster_5
3068241300038200057,,396.4205588562181,4398.03072500433,9628.64884314138,4393.358867938277,9625.442636506035,4403.302643757556,9631.016349070644,1.6001457184503838,103,0.6888618960223906,0.9342899700532016,cluster_5
3068241300038200060,,2545.8170217474485,4393.423569070779,9640.416003733011,4379.403790249355,9629.172746859427,4406.315241787116,9650.979163401193,2.642013465741707,258,0.3248568256394985,0.8167688114286434,cluster_5
3068241300038200062,,451.319032602215,4387.902842732042,9634.876837329924,4382.023454897189,9629.043284755182,4394.451321148057,9640.53996553118,3.3980853542775056,33,0.8514972558726911,0.7735604370058224,cluster_5
3068241300039100001,,969.0445080004874,4755.417404269684,9526.199751221868,4748.698136443018,9521.108878421684,4763.332648971423,9532.240867645129,1.301541233435892,344,0.443919326319377,0.8815536432979707,cluster_5
3068241300039100003,,1274.6149025389568,4706.2279889361735,9532.04760988522,4695.738019224136,9526.512819999703,4714.072856791781,9538.571564641725,1.8066922871105624,350,0.3965779561809595,0.9231458872801112,cluster_5
3068241300039100006,,1238.996521790681,4715.923177631536,9537.743084869257,4706.811165668651,9530.114954937324,4725.080943586323,9543.211115352022,1.787744174571967,440,0.4376095578292079,0.8153286268029256,cluster_5
3068241300039100007,,648.6458023171263,4748.46358853224,9532.519781689509,4744.049435479689,9527.57479587238,4752.886441652223,9537.710815138047,1.095103616620276,230,0.4737702837287911,0.983128527403602,cluster_5
3068241300039100009,,1785.2259871900264,4642.942622415824,9533.471482143405,4633.18447937553,9527.789744945136,4656.29542153405,9540.538015900383,1.774322391372229,903,0.4283986964382035,0.781860707342928,cluster_0
3068241300039100011,,615.067286098362,4741.64807075736,9535.218468236932,4737.288316302096,9529.551078292452,4745.811992711636,9539.768939052206,1.1709243523079658,220,0.50783318253173,0.9545408693921782,cluster_5
3068241300039100013,,1208.890181665925,4688.1020889351485,9535.095316692916,4680.912930614904,9530.05809771112,4694.598316586111,9540.976409333827,1.2789311425508378,404,0.3745424786213464,0.9352682830725048,cluster_5
3068241300039100014,,814.3744122432198,4697.998885472574,9537.048091834891,4693.487885241253,9530.280213389224,4703.888723089958,9541.820266080378,1.5274645857149654,245,0.4455985689614851,0.9792083085986938,cluster_5
3068241300039100015,,684.1327087610566,4761.031292995504,9535.418574054662,4756.185574525189,9530.313945857288,4767.006964865976,9539.833719822598,1.564124904578768,197,0.4860110116166788,0.966715243548768,cluster_5
3068241300039100017,,282.5592981330509,4659.897828352631,9533.439418923435,4656.276540434211,9531.059980715048,4663.665022389337,9535.685479482774,1.752443755063515,119,0.7568375556254681,0.9880284867227552,cluster_5
3068241300039100019,,253.4921615026491,4770.746349793218,9534.306693786337,4766.4447015225705,9531.850090830374,4774.747709340292,9536.41850989236,2.079999040829464,63,0.8395367061921057,0.978495768696548,cluster_5
3068241300039100021,,1329.2016972818476,4726.5980052493405,9539.762832699003,4719.52287523774,9532.768891862836,4733.7488774141575,9547.296031952388,1.9002453509169777,510,0.3456421725574542,0.989864729085645,cluster_5
3068241300039100022,,950.9160430374428,4788.476246098572,9538.457127085723,4782.242261066857,9532.788501997093,4794.242939847601,9543.23675812017,1.177657137792511,284,0.4283755575444282,0.912979898914498,cluster_5
3068241300039100023,,449.6508682106643,4674.200774222761,9538.060004173034,4670.356443464507,9533.50979328741,4677.761644865257,9542.26532847571,1.4135009576773925,213,0.5940346516516625,0.9618521159231168,cluster_5
3068241300039100025,,779.6020055753131,4656.756552424907,9540.772269537856,4649.591038847351,9535.7102100855,4662.760026740904,9544.75630667703,1.6325270409037815,417,0.4827405299803465,0.9204514496086496,cluster_1
3068241300039100026,,733.8334992828322,4775.382210762792,9540.298218780372,4769.082224524976,9536.143570495926,4781.8349756627085,9544.805786935143,1.5793760905607137,238,0.4773301287263133,0.9536795071671116,cluster_5
3068241300039100029,,406.04602867355646,4750.657211051155,9541.935392856218,4747.142290282352,9538.392240085816,4754.160381344473,9545.270446101957,1.0586917092357837,167,0.5893949813596695,1.0,cluster_5
3068241300039100030,,724.3241700029577,4768.013598497601,9543.2112926676,4761.674068494957,9538.796781381703,4774.075891154576,9548.802256301084,2.078892277372322,213,0.5060332996598466,0.93964069262647,cluster_5
3068241300039100034,,309.9194406732446,4708.776319483547,9544.252201946045,4705.393206677569,9541.090982305604,4712.056196523994,9547.774556504137,1.0380528223414236,99,0.6812909319024302,1.0000000000000002,cluster_5
3068241300039100035,,764.6527196276643,4690.06787686202,9544.086707890396,4683.544311911371,9540.133618021471,4696.889822673675,9547.780159062597,1.7392811600611142,416,0.5032184047867653,0.8921351221726553,cluster_4
3068241300039100037,,581.3815814876921,4699.54323390186,9546.026499824846,4694.894524169655,9541.840449019524,4703.754939773096,9549.826456337196,1.155156143271482,265,0.4967467974701282,0.984875942240824,cluster_2
3068241300039100038,,905.5141998536104,4677.683734355217,9547.845652560178,4670.937107018605,9542.400911476185,4684.283116899316,9552.78385458804,1.6811103704107109,560,0.4549807536786666,0.8958755267993331,cluster_1
3068241300039100039,,606.0296706429929,4765.053655791914,9547.54365174112,4759.245843619083,9543.037492060226,4771.617730248192,9551.693031002931,2.4811415896782028,172,0.5571976340891615,0.970952393087014,cluster_5
3068241300039100040,,394.7970186468483,4714.056257484263,9546.434576498204,4710.217129115304,9543.004459704323,4718.279232204776,9550.756577941193,1.684847255330555,177,0.6454299048265993,0.9697779810604368,cluster_5
3068241300039100042,,305.596279003529,4816.134173349065,9546.79413387225,4813.264596991804,9543.352375212306,4819.196830081923,9550.042445793308,1.1046312973421903,68,0.6871197342837168,0.9796432793386526,cluster_5
3068241300039100043,,467.8681552566428,4844.484178088297,9547.417529759445,4839.689796797897,9543.945500372623,4849.659393796147,9551.504795925057,1.241604028729947,170,0.6608267433740008,0.836724975603823,cluster_5
3068241300039100045,,376.5807992761548,4824.364921705373,9547.923257264269,4820.440250560177,9544.798832764942,4828.273555863827,9550.582419433587,1.3513694393983249,56,0.6271912839076673,0.993993647030145,cluster_5
3068241300039100046,,618.3438791190717,4749.6969224587565,9550.238114815773,4745.360065407101,9545.620264501478,4754.663881129962,9555.657015758605,1.1889463556383308,214,0.5893086909798392,0.8224662383901007,cluster_5
3068241300039100053,,867.9399911955509,4814.713131416406,9554.901321232865,4809.477066305582,9549.636252378452,4820.161815328538,9559.838618995,1.0637721351365224,166,0.4204764849403003,0.9497394202032408,cluster_5
3068241300039100055,,504.2513016763268,4726.0452345560925,9554.23409644011,4722.343117286986,9550.0672580939,4729.924377131694,9558.83105848134,1.2009769624212367,202,0.5285545864512659,1.0,cluster_5
3068241300039100063,,1375.4868152487195,4669.152512726475,9558.176126975028,4661.813207371555,9551.689997543896,4675.757310726299,9565.148305778475,1.0395329345867277,38,0.3220118956676136,0.9911478854733912,cluster_0
3068241300039100064,,566.6865523372037,4829.457165357898,9556.789730303217,4824.794364989647,9552.430428751466,4833.552171308438,9560.93192403616,1.0556233504155117,151,0.5068940470135949,0.9911643371024648,cluster_5
3068241300039100065,,349.9881376417723,4834.668453944517,9558.626479849498,4832.001951780256,9552.770039021196,4837.581446226334,9563.669404003978,1.991163878459972,144,0.9127476976334368,0.7081647148396952,cluster_5
3068241300039100066,,614.0002829068817,4718.806901662749,9557.153792087487,4714.193135690359,9553.179895465386,4723.913048003481,9561.770794544482,1.211533218536896,317,0.5079061438942768,0.955978252540665,cluster_5
3068241300039100067,,713.0509129184795,4764.475068227409,9557.73975974817,4758.508801709157,9553.173517816718,4770.398399995263,9562.14345789402,1.8091385177127688,195,0.4774630574816395,0.9935336672282624,cluster_5
3068241300039100072,,183.53509940305008,4756.74109583175,9558.296744181784,4753.751239465722,9556.203747850948,4759.897496153544,9560.199552789014,1.2500474469292409,49,0.911504071464934,0.9974585379404424,cluster_5
3068241300039100076,,426.7253862744568,4763.249531378639,9564.235598770763,4758.953073270078,9560.712037409823,4767.187533440477,9567.902615638232,1.5650318511271624,121,0.5995741099468807,0.9628487052883284,cluster_5
3068241300039100077,,826.1471134487103,4839.375838637002,9565.565999091794,4833.317790208833,9560.681938977774,4845.656187028628,9570.583595322752,1.3818327261055086,217,0.4482253236381414,0.9218193302098552,cluster_5
3068241300039100078,,794.4320714273242,4784.621755506126,9565.190822583232,4778.470046912707,9560.997336364237,4791.25851365438,9569.264613563231,1.4727313958773025,226,0.462050602126388,0.9414588369534884,cluster_5
3068241300039100079,,663.6025444802002,4715.480667593788,9566.5973269666,4709.884011169535,9561.860691080406,4719.814389498795,9571.291057409955,1.136617518500492,211,0.47374860975459,0.9704394872543752,cluster_2
3068241300039100080,,606.3549836028533,4774.208012047958,9566.256835749986,4769.748612143435,9561.872389771574,4778.779976873842,9570.495027268977,1.229658476794712,168,0.4899470403828719,0.967686119922398,cluster_5
3068241300039100081,,761.7627784116962,4703.936932387601,9567.10961714212,4698.877404709573,9562.317625785015,4709.039507283398,9572.05878993603,1.181251394081433,296,0.4316471450990732,0.9977154831936608,cluster_3
3068241300039100084,,1076.0117144739747,4712.675398606653,9574.517129133048,4706.804060563153,9567.33838393884,4719.278878920151,9580.21451551422,1.271783236432453,447,0.3938850640273962,0.9384821071572504,cluster_2
3068241300039100088,,791.6372699868718,4821.444285310302,9574.1815081769,4815.95337152676,9568.981782893032,4826.895005831759,9580.171382097884,1.4263167020592424,208,0.4872486546024487,0.90439578888955,cluster_5
3068241300039100089,,756.393353897491,4760.087778355912,9574.163026688517,4754.530780195296,9569.610396616656,4765.682169404947,9578.336885572566,1.4432127108532635,164,0.4764725283715404,0.9372013502234834,cluster_5
3068241300039100090,,426.5147940891409,4855.769068054634,9572.436160538233,4851.810382380989,9569.060902019415,4859.688138912295,9575.743171264972,1.1097560918885014,120,0.5714744209391741,0.9954889097790302,cluster_5
3068241300039100092,,1088.9167988995916,4773.698754572654,9575.93187300268,4767.572860980565,9570.22022409606,4780.075945377354,9581.772664184822,1.0626648250122102,221,0.3607610094867149,0.9814251451092258,cluster_5
3068241300039100093,,930.05299461908,4739.192328279861,9576.78425288126,4733.440089111564,9571.323009778764,4744.714079155894,9582.86235161164,1.3620426567284056,289,0.4124336552636545,0.9589153913624164,cluster_5
3068241300039100094,,267.5903441336349,4807.687521389351,9577.857210024233,4803.754792324636,9574.474099122166,4811.0714167831575,9580.203639209109,1.3562687330397531,67,0.8092053780463627,0.9273154506146052,cluster_5
3068241300039100099,,793.1708982525785,4802.622234520349,9588.36013812154,4797.063149818471,9581.670645481789,4810.169947989403,9593.87187967114,1.761141757359468,171,0.5620350171970502,0.7745285934270868,cluster_5
3068241300039100102,,701.3648836055213,4757.840676113759,9586.208263008057,4752.190831602857,9581.690503672122,4762.8742376473365,9590.772400665765,1.4539329209345786,143,0.4650007991660589,0.9866981732512042,cluster_5
3068241300039100103,,330.356914122241,4790.998234265008,9584.929988977809,4787.208855602457,9582.2304773124,4795.005418016364,9587.41422425908,1.505021280321793,133,0.6615656588528859,1.0000000000000002,cluster_5
3068241300039100104,,923.3029440075692,4839.455559570769,9588.771233491714,4833.344486245263,9584.47573906543,4845.804355229092,9594.17536603882,1.0160017698315755,183,0.4020788122138917,0.9767397945967424,cluster_5
3068241300039100105,,1022.8833824627658,4842.539806827771,9597.112092769865,4836.26596401653,9588.620329232834,4849.414066352609,9604.46976892782,1.9537739785700128,306,0.5004963161617648,0.783207541031973,cluster_5
3068241300039100106,,503.4524579617794,4866.352741059346,9592.00493829437,4862.617427932559,9587.738208443248,4870.214568054918,9596.479999885943,1.041099868730132,121,0.5258481862419649,0.9965275576299186,cluster_5
3068241300039100107,,897.1530686521596,4736.045547319677,9595.74008458536,4730.498833095007,9590.264613276442,4741.324940824343,9601.291144160046,1.2383620631568235,391,0.4079402449106694,0.990602346059611,cluster_2
3068241300039100109,,806.9956393566807,4804.7007718813775,9596.770988455088,4799.322719922808,9592.064545536465,4809.603999095876,9601.985890182536,1.0469627823214531,144,0.4308343527602685,0.9722819961895774,cluster_5
3068241300039100111,,863.527790562073,4825.763436488691,9595.81404217514,4819.785077306225,9590.30107391256,4832.967341296459,9600.689953445866,1.7333732208530257,201,0.4594325145363625,0.9286719085913188,cluster_5
3068241300039100112,,655.5323085492818,4813.246803198718,9598.250205652625,4809.477066305582,9593.569923758265,4817.421449423657,9604.03631134759,1.3175696440254792,116,0.4974230841101931,0.9476235311052886,cluster_5
3068241300039100113,,287.03449988698225,4852.0439886595095,9597.333123387523,4849.461884431524,9594.014218415488,4854.851171489952,9600.61351240588,1.314969863366036,34,0.7094572672136684,0.9922540617404388,cluster_5
3068241300039100118,,223.3858911337806,4796.5027144439855,9598.037641645496,4792.956865170587,9596.269791959658,4800.432507814068,9599.72948824454,2.1895602370143856,44,0.8777754767190393,0.9902796702826988,cluster_5
3068241300039100124,,250.82614355449056,4775.215132576398,9602.009936006574,4771.70001376441,9599.538676337488,4778.396450311418,9604.038915997206,1.4928479668384704,74,0.7708360080176438,0.9983918189649854,cluster_5
3068241300039100125,,1203.4385084785254,4851.822413692948,9605.88589468003,4842.90905089317,9601.08007780825,4859.405516248712,9611.345726840174,1.6268230389515106,360,0.3953686837405015,0.904565569368074,cluster_5
3068241300039100127,,403.3202292139741,4819.89486541241,9603.0703408822,4814.926715075857,9600.249342845143,4823.892754687697,9606.3149703848,1.5564739606404083,104,0.649447539747302,0.9474855152653722,cluster_5
3068241300039100128,,300.4666396053702,4802.912591863141,9605.138435536015,4800.09583339554,9600.642732601931,4805.491512717214,9608.789558050054,1.5650897562863388,57,0.8088221688783106,0.8557667627338353,cluster_5
3068241300039100129,,744.5679281035193,4876.196660567338,9607.790903150422,4871.966170183072,9601.271107385855,4881.4041466362205,9613.30712477712,1.5075790918290368,285,0.4638681726757322,0.9739845388026817,cluster_5
3068241300039100133,,1114.549721808809,4835.130088272525,9609.886987575434,4825.129352512389,9604.160253402377,4843.596614347142,9614.962431552798,2.302821480426041,434,0.4648848577814076,0.8724751299676734,cluster_5
3068241300039100134,,227.4789781698873,4773.88010750838,9606.053376119426,4770.651164023146,9604.159548066074,4777.327220123302,9608.23671795738,1.675066759146152,54,0.828386002012313,0.9957992857594006,cluster_5
3068241300039100135,,586.6687480043427,4817.519438121293,9607.978976090217,4812.169253319866,9604.302106830455,4823.368533936578,9610.936892036128,1.6644293520846485,160,0.5157594474235744,0.9889785187237028,cluster_5
3068241300039100136,,301.0209668668736,4870.201663348059,9608.822666932638,4867.707584431048,9604.44573246459,4872.837557493164,9612.523844376046,1.4536613529110356,102,0.7330580304987394,0.9843603954038704,cluster_5
3068241300039100137,,284.12864482144295,4792.660523848604,9607.681651756631,4789.348721227673,9604.662380771651,4795.952861444017,9610.49926184767,1.05809392197272,46,0.7032351360058541,0.9966824036232064,cluster_5
3068241300039100138,,358.24930250006736,4808.33479970628,9608.860634356372,4804.377492396135,9604.974954534504,4811.981209154,9612.701938376304,1.4693512316811577,54,0.7129376466695365,0.9061741074019204,cluster_5
3068241300039100139,,227.752565160744,4825.705492181328,9609.18897148216,4822.571881665583,9606.993297873982,4829.393480791902,9611.861582480198,1.8622472488927773,80,0.8605298207305878,0.9926563682546748,cluster_5
3068241300039100142,,436.92143223829976,4882.362782025106,9615.144408375105,4879.005010401104,9610.101843178669,4885.230490548981,9620.110792644638,1.897905899065757,153,0.6116736442925995,0.97589089929418,cluster_5
3068241300039100147,,571.3851041957724,4824.342638999159,9616.20164356608,4820.060809084264,9611.302905439516,4829.437270546489,9620.344993952023,1.5961080288504006,217,0.5339859778727444,0.9630680006774592,cluster_5
3068241300039100149,,518.18927982775,4854.532159091937,9615.127981537704,4848.6872530350165,9611.413121059491,4859.636876183625,9618.360962712615,1.7356254631128178,107,0.5708193659849011,0.9525642120492523,cluster_5
3068241300039100150,,586.2073807090663,4839.846675081767,9615.391997193556,4834.876141524003,9611.71303807164,4844.478555990816,9619.373041399524,1.3196586443656315,126,0.4954823803980241,0.9910974126365945,cluster_5
3068241300039100151,,315.772393704051,4863.826156926299,9614.304994282536,4860.32307867373,9611.936649891832,4868.4708542475055,9617.383592605174,1.4563683586949605,118,0.7257519796593,0.9740157365099824,cluster_5
3068241300039100152,,1112.1283470152357,4872.893979874153,9618.761018461444,4866.398782714854,9612.242216506498,4879.159176266143,9625.031826779765,1.2494447339597603,379,0.3670402877683752,0.9823433891729464,cluster_5
3068241300039100153,,590.9522315387884,4849.55753621862,9622.357701702977,4844.397082726853,9618.74031775935,4855.153057521213,9626.335008823244,1.6112730545464533,264,0.5259315516688328,0.9500058664250182,cluster_2
3068241300039100155,,945.5741745433148,4861.06163205324,9624.963718638208,4855.05195867909,9619.704647947772,4866.588796421687,9631.198807488914,1.6084722182817786,415,0.4137962894556049,0.95589945680836,cluster_5
3068241300039100157,,257.84597865461893,4879.300044969444,9626.738499765,4876.69704631296,9622.964035209758,4881.619313001087,9630.297366763458,1.655682667901145,106,0.7791333267400288,1.0,cluster_5
3068241300039100159,,1111.1590258441504,4856.537868413653,9631.506732994158,4849.968334662635,9625.044138120991,4864.294026303454,9638.241754791536,1.1711028391400935,676,0.403669731651005,0.9147663544963714,cluster_1
3068241300039100160,,449.881855245106,4885.448956610496,9631.68006599923,4881.512601111832,9626.61802211996,4889.179129271573,9635.790080898263,1.457411604522194,216,0.6877340259428425,0.8582026320385213,cluster_5
3068241300039100162,,537.2065670083978,4820.068878728111,9629.715300575566,4814.012956067874,9626.837902557914,4826.42705153074,9632.407833061832,2.241531571761185,152,0.5849415435783545,0.9411051782994588,cluster_2
3068241300039100163,,624.0034832963042,4833.140341022455,9629.995336248665,4826.129041116705,9627.053892014026,4840.5565621077885,9633.035847672074,2.6950521286657465,311,0.576666679452074,0.9402605556481332,cluster_2
3068241300039100164,,830.3240627448212,4876.611565350852,9633.818139286564,4870.942986854718,9628.2196828238,4882.738457160953,9638.819714813651,1.1128246201099796,373,0.4304537944661338,0.961629420400514,cluster_4
3068241300039100165,,137.30710784069035,4866.751173401998,9632.20825729538,4863.892567925599,9630.53316329084,4869.523595296108,9633.521476756445,1.889905498748296,54,1.079975178410734,1.0,cluster_4
3068241300039100172,,360.5237421300328,4880.722019905633,9642.894028706924,4878.170675178968,9638.772606862238,4883.5784733178025,9647.513441092911,1.487865875539283,198,0.6529957502574545,1.0,cluster_1
3068241300039100174,,209.7786709855502,4883.934076428334,9646.629660642797,4881.775060045308,9643.097093538538,4886.027021954226,9649.829574516889,1.7969515915284069,101,0.8640713299431112,1.0,cluster_1
3068241300039100175,,682.0398903719365,4898.502947432774,9646.587440477915,4893.064441624284,9642.17478847354,4903.558393298663,9650.60675290219,1.203296438685205,388,0.4597893355320818,0.9822937847033568,cluster_0
3068241300039100178,,144.68891740798213,4887.135127299879,9649.217930171662,4885.291223761038,9646.808088586273,4889.357828624634,9651.79202632132,1.2609425387065027,66,1.0043019323771196,1.0000000000000002,cluster_1
3068241300039100179,,545.4263580449133,4871.168020206979,9651.816986521371,4867.343421995882,9646.92581580031,4875.163413737512,9655.87525948239,1.0552957789556046,89,0.5122139681537101,0.9929002699109998,cluster_5
3068241300039100184,,955.1803291196288,4913.836776180623,9664.132857780418,4907.428897858697,9658.79059641679,4920.897091693975,9670.059020549166,1.466288136134902,552,0.4102058096118126,0.9651049414823152,cluster_0
3068241300039100186,,409.01313331534703,4921.117019704653,9670.00293616732,4916.580005003693,9666.36567927509,4925.372475079032,9673.046421243267,1.395671201594146,191,0.6030401151300132,1.0,cluster_5
3068241300039200020,,602.2161089718138,4652.243969781629,9536.113675454011,4646.341179927442,9531.063004485231,4660.785946773371,9539.929144268335,2.1636783024575417,383,0.7077070592326259,0.7369382344622992,cluster_0
3068241300039200022,,507.2855456108419,4668.891060196208,9534.06352159384,4663.207887967808,9530.953164425033,4674.717768689656,9537.558757192544,1.7763622445244087,190,0.6053763617614082,0.9357718358855353,cluster_5
3068241300039200030,,175.2019290634223,4664.046208745059,9537.38220711777,4661.687947384122,9534.820791695896,4665.970080358156,9540.219206205296,1.6081778330168146,59,0.9313642175758962,1.0,cluster_0
3068241300039200033,,589.6822780306104,4844.335687928156,9540.730936418991,4839.521009850465,9536.880313893036,4849.683536823933,9544.748684312952,1.5037155724933078,163,0.5066226191471132,0.976278535508889,cluster_5
3068241300039200034,,740.3134404677929,4757.25436049047,9543.934483661613,4752.893188926505,9537.688216908928,4762.143912895793,9551.937687220558,1.6634980228676914,272,0.6068294407457552,0.7670887478149941,cluster_5
3068241300039200036,,526.2893795699913,4679.996785366019,9541.43361082018,4675.130043061873,9537.539869639431,4684.357589813235,9545.62467529862,1.0684039041994762,255,0.537639943250786,0.9684785724812736,cluster_3
3068241300039200040,,1269.383058237274,4785.450678470151,9547.65923530258,4776.563987162385,9540.082488533651,4793.901376501468,9553.579846561535,1.598811486461362,396,0.4140641117225883,0.8364107074415243,cluster_5
3068241300039200044,,1091.7073858021731,4735.667314865244,9546.684259077336,4729.650057796703,9540.674709735284,4741.605400878076,9552.620230283155,1.0330256549440022,404,0.3705360992448555,0.9637128755792224,cluster_5
3068241300039200045,,1199.5155234194046,4691.95563158668,9551.029517190202,4683.42842843816,9542.445256635649,4703.518782673507,9556.704784382287,1.7651233084493372,708,0.5430647407013994,0.6423521624671196,cluster_1
3068241300039200050,,626.3742091134063,4718.7556739426645,9549.751944675225,4713.478116718849,9544.307708570102,4723.897673124913,9553.61187437761,1.1934217899935484,254,0.5127595927574532,0.9574331653423288,cluster_5
3068241300039200055,,358.7834622236165,4839.234526046598,9551.577422912638,4835.913831290636,9547.954326952928,4842.204681924886,9555.439058726692,1.1116679521136918,95,0.629125201922999,0.9939600816397856,cluster_5
3068241300039200056,,385.7690313293928,4763.0323091240925,9551.667665479785,4758.502305167442,9548.49068502315,4767.998974563163,9554.660825330531,2.1262935935521123,108,0.6780356988178785,0.9993603476476056,cluster_5
3068241300039200057,,435.6468625978109,4780.189888786005,9553.351531478374,4776.429869466025,9548.706161799628,4784.369475675274,9557.432006371448,1.7319996300821716,139,0.625127008932085,0.957156500052936,cluster_5
3068241300039200058,,870.9343809062282,4773.251781801483,9555.14480110264,4767.572415934565,9549.35351516421,4779.804427851506,9560.558974130232,1.1782201024579624,239,0.4224639838734338,0.9755761752949262,cluster_5
3068241300039200062,,1181.6794134177426,4698.557993231735,9558.367745488822,4690.346155204931,9553.187164865323,4705.641019186241,9565.414302249434,1.314963874284211,614,0.3886678093039206,0.916227735909614,cluster_3
3068241300039200064,,780.8112892819748,4741.532633499018,9559.53267985368,4737.400994395099,9552.56922158095,4744.786638505272,9566.316315179254,1.829192048631316,246,0.4548576063844001,0.9991778982355288,cluster_5
3068241300039200068,,264.8474177552641,4838.223174929634,9557.67478535067,4835.420824335092,9554.52640042558,4840.582080221873,9560.934220426723,1.2357139541692472,62,0.7484183825109808,0.9947919986390996,cluster_5
3068241300039200070,,502.47464377405214,4845.03810010868,9559.185734390629,4840.688307765165,9555.282363521552,4849.627556964475,9563.19004606919,1.4549744016753663,112,0.55877076561783,0.9547468101662576,cluster_5
3068241300039200071,,347.704086884735,4853.6055626725565,9559.121802037169,4851.063678344186,9555.231795298449,4856.259722456598,9563.171256976808,1.5296035758142743,112,0.6450504176784148,0.9993844426265474,cluster_5
3068241300039200072,,274.0901582412033,4753.337718360751,9559.418759915416,4750.365630729295,9555.895014948272,4757.000116469508,9562.983993093843,1.633607262728089,71,0.9057145570512056,0.8108630771792287,cluster_5
3068241300039200076,,644.8314474176427,4828.182996175289,9563.514907517549,4822.778967129638,9559.258699881322,4833.947316489166,9567.006390180322,1.5735467752708794,164,0.5292001748134362,0.9285062631889954,cluster_5
3068241300039200080,,1298.745148853199,4845.034764668934,9571.601830224405,4836.934234478543,9562.779153031715,4850.408071541505,9580.256917231842,1.081504033192715,466,0.4468511102275293,0.7545178927227335,cluster_5
3068241300039200086,,511.8368987761455,4748.794909641024,9567.811608563125,4744.233707171506,9563.468437166845,4753.349431888877,9571.704420467462,1.2638674739029194,154,0.5336834524429569,0.988236771638315,cluster_5
3068241300039200088,,831.6748661498176,4830.069203383103,9570.376399625571,4822.933975960068,9566.355770991886,4836.747249431703,9574.989227974203,1.9289416146049696,211,0.4567314830672774,0.9596362456715528,cluster_5
3068241300039200094,,162.96365340302026,4810.408760850158,9571.390177534891,4807.5018081028575,9569.614098630977,4813.498031535794,9573.028897156366,1.8680623610842888,51,0.9867801419005716,1.0000000000000002,cluster_5
3068241300039200100,,427.2726957242375,4842.294301144654,9578.829833624442,4838.960349760482,9575.108606790543,4846.0805539788735,9583.51763937146,1.0815577167058752,124,0.6070751485562759,0.93392704629628,cluster_5
3068241300039200103,,493.7902223820103,4739.143862905971,9583.910156998996,4734.506836856246,9579.660632110352,4743.768519807119,9587.861815900937,2.0656152113048494,179,0.5814682227426041,0.9956727108554834,cluster_5
3068241300039200104,,539.576931461877,4806.627462736657,9583.943184458678,4803.09765052383,9579.97021038731,4810.7658019765295,9589.26047447298,1.2115389403791823,99,0.5476143705468499,0.9534491026191988,cluster_5
3068241300039200112,,279.3112852050467,4872.822771619259,9594.884670933998,4870.81957547182,9590.421285683522,4874.809287082236,9599.273618213996,2.3863951173582505,107,0.8054610828408855,0.9827934437337532,cluster_5
3068241300039200117,,313.08060440812665,4835.701599174338,9597.579047424,4832.9845552035695,9593.097112573474,4838.909776740489,9602.599862124272,2.3746379685190293,82,0.7909292158775728,0.9298676323758204,cluster_5
3068241300039200119,,278.116272077452,4819.597517107105,9597.53621453853,4816.983504748816,9594.049651168973,4822.389001671774,9600.67857130884,1.3366333719513708,54,0.7341204240895004,0.9877007416195884,cluster_5
3068241300039200123,,160.09825911357655,4729.663708149471,9598.16891841327,4727.348923379866,9595.909869740612,4731.886824586896,9600.47908407892,1.088291547692307,33,0.952010421834302,0.9968257641525392,cluster_5
3068241300039200124,,333.7406926340485,4846.994775160677,9599.27167697442,4843.55899645707,9596.060298886016,4850.392837069897,9602.526989804424,1.0674235624537185,77,0.6484214333061907,1.0,cluster_5
3068241300039200130,,596.6603148145853,4796.932588349627,9603.042249527118,4791.771278429131,9599.452621783894,4801.758609566322,9607.06276838277,1.3095515635908013,103,0.5104024518706626,0.9664113932054708,cluster_5
3068241300039200131,,646.7281280705092,4829.1312056083325,9603.44830924647,4824.064334521017,9598.86816181547,4834.052327651599,9607.138353283775,1.4724669141180673,225,0.4857175592203786,0.9884048441910304,cluster_5
3068241300039200136,,288.74974708256804,4810.474982038367,9604.439430471904,4806.738588807682,9601.040769736604,4813.734239715842,9608.687598815412,1.6760600547868183,55,0.8048352971659084,0.90398107436401,cluster_5
3068241300039200148,,230.20281396110744,4865.252104459928,9610.675229185194,4861.592189704039,9608.496617882169,4869.156905428438,9613.277000457068,1.5574790337375046,80,0.9617873893879462,0.8396902513072843,cluster_5
3068241300039200149,,269.2971326975851,4791.440366705404,9612.18724904835,4788.363428761403,9609.43534287039,4795.911720472359,9615.244836260685,1.3110998693090918,57,0.8718799335618879,0.8250967143770109,cluster_5
3068241300039200154,,319.4475171291572,4804.572826616874,9612.651009493607,4800.002007905603,9610.208444355168,4808.907851844986,9615.053252277292,1.8855039371770963,71,0.7266079140678708,0.9813886261464082,cluster_5
3068241300039200155,,1493.985740967877,4750.378404826878,9617.29271543416,4742.950683125297,9610.508649291014,4757.6328352137725,9622.937993406977,1.19045913732768,341,0.3168803746319228,0.9760929857408314,cluster_5
3068241300039200157,,1597.558073985974,4809.187849414462,9616.377242784984,4796.068623971687,9610.681126563595,4820.192042746605,9621.468538911322,2.6261547947438766,327,0.3875097065878203,0.84909984944032,cluster_5
3068241300039200165,,481.90072127882905,4885.40468472122,9624.346919414582,4882.241020366067,9619.29304755242,4888.442395488641,9629.57873302092,1.7019792088218293,173,0.5709041601692119,0.982259039520562,cluster_5
3068241300039200167,,428.6297239097996,4829.4782604367065,9625.312608278948,4825.376748235713,9621.797765151388,4833.580771476124,9628.626993005848,1.2060752468156306,107,0.5712422277154973,0.9947635390603276,cluster_5
3068241300039200168,,668.4209132966012,4870.617304719745,9627.276365712223,4865.503772171869,9623.180662184466,4876.319819060822,9631.468450941777,1.1837024154835083,266,0.4646984432227846,0.9903106409140288,cluster_5
3068241300039200171,,2091.0915125624933,4841.830505734462,9635.769430104612,4826.202657681306,9628.795815238718,4854.27014360246,9641.063071754195,2.380621543551268,1098,0.3588479493816403,0.8690211343405854,cluster_1
3068241300039200174,,1264.620751980155,4861.836483956912,9639.321316232385,4850.502565632743,9633.581139192787,4870.4419109823175,9644.327445944498,1.8075463200361448,729,0.4193861463147911,0.8916446547796432,cluster_1
3068241300039200175,,659.9227659690133,4820.348381841942,9637.226061622165,4815.111708419397,9633.64157042543,4826.032816596994,9641.021430939883,1.477519998584141,187,0.4709930724910855,0.9943354242386896,cluster_2
3068241300039200176,,741.4599656457101,4887.463666311526,9638.878993605264,4879.787016776236,9635.01858966374,4896.691660633382,9643.9024867289,1.9827685052820216,341,0.7008820476290402,0.6512208209821434,cluster_2
3068241300039200179,,815.4635897027496,4873.705309698252,9642.379299898972,4868.119641089503,9637.471741884336,4879.208449593563,9647.271428460896,1.278420531060585,447,0.444116087222996,0.9406349932002924,cluster_1
3068241300039200180,,548.9013043063505,4889.842981438941,9644.174518194151,4885.590629920418,9640.681459405958,4894.282583898025,9648.426153671147,1.106629118617778,352,0.5345637919966125,0.9549431055891716,cluster_0
3068241300039200182,,2360.8435321811085,4905.534461453614,9654.56399491634,4894.648728562275,9644.21972621176,4916.475755066434,9664.360794314876,1.0507743407224717,1262,0.2924134556614124,0.8693051080206997,cluster_0
3068241300039200184,,544.8374440618028,4892.497759381736,9651.94880484685,4887.04166663964,9647.91145490774,4897.040908856677,9656.184837759349,1.3290438119403514,270,0.5340225930387789,0.9751086721184922,cluster_1
3068241300039300005,,562.3307742610866,4812.161067012074,9527.484233824896,4806.641504640799,9524.13448822207,4817.157927335481,9531.5407570582,1.426362489173903,206,0.5402847185599967,0.9629398096136365,cluster_5
3068241300039300019,,434.5401096440339,4780.3650431834185,9536.028094354488,4774.698007100589,9531.84468780882,4784.449734086402,9539.571540534718,1.509635543367614,172,0.6778984916895803,0.8667242580307443,cluster_5
3068241300039300020,,697.9637637565265,4803.041045846249,9536.041457788227,4797.982841214414,9531.796939310334,4807.868031894375,9540.388769056312,1.134503008448914,213,0.4502582945974697,0.9894766880137604,cluster_5
3068241300039300033,,820.4634811965252,4667.188489794303,9543.453231050677,4661.520662154623,9538.60060717785,4673.8789643223845,9548.49128872835,1.1089695341723451,471,0.5066825787852528,0.8701475305604889,cluster_1
3068241300039300034,,635.4104169375149,4835.549312794789,9544.390254606658,4831.418330250441,9539.902325444344,4839.888544178868,9549.389215708452,1.085134027966463,176,0.4806936012376791,0.9789653145765552,cluster_5
3068241300039300036,,201.1568342035448,4829.27939325216,9543.441143180176,4826.748898984377,9541.004099426997,4831.542871913151,9546.112016712006,1.0854485638686089,81,0.8429327847408549,0.9999999999999998,cluster_5
3068241300039300045,,356.853517133318,4754.832024367231,9552.91220130271,4751.2664810228325,9549.567417463848,4759.149024868775,9555.771768938725,1.3119876240406472,53,0.699129730680225,0.9018298416243472,cluster_5
3068241300039300046,,383.54107737301945,4846.478272800731,9552.843341500848,4843.194276208158,9549.016360236086,4849.740429424517,9556.803457054406,1.0973086018701137,97,0.6004988975179096,1.0,cluster_5
3068241300039300052,,377.2016459937259,4822.035489973953,9557.779244765248,4818.638903693183,9553.53148788147,4825.054084890291,9561.91439725662,1.3815776210719275,127,0.6553221659796497,0.92582397966933,cluster_5
3068241300039300057,,399.5365794387854,4778.912755434862,9560.546193985892,4774.269921960172,9557.300251317689,4783.644771451104,9563.95305150891,1.894081429451712,131,0.6532552657831444,0.9665032987072636,cluster_5
3068241300039300064,,312.1572615483246,4820.570170699811,9566.5931598243,4817.04843457732,9563.126229926724,4823.494696282368,9569.479766925506,1.00985604831937,136,0.7072928906393259,0.976786671099945,cluster_5
3068241300039300067,,329.8868951456159,4759.856817112554,9568.189900201372,4755.773513837468,9565.724516724553,4764.2752255507885,9570.675311739556,1.8058052594902847,67,0.7113871873732744,0.9623154825796206,cluster_5
3068241300039300069,,511.8275093710087,4731.734634916419,9569.634685759987,4727.51355500016,9566.037049633873,4736.248878730125,9574.022877980158,1.0693667325726215,133,0.5417968884398093,0.9581132106937282,cluster_5
3068241300039300071,,121.20285134552536,4778.798151528353,9570.89927596315,4776.973302116025,9568.671665462794,4780.5027184765495,9573.047479738583,1.2192805055850346,40,1.0843731290270266,1.0,cluster_5
3068241300039300074,,143.37122421038464,4814.895231290605,9572.087300476756,4812.452682616017,9569.885059304665,4816.651489838576,9574.464578113517,1.1345188565004372,42,1.1059133395151906,0.9160231989273316,cluster_5
3068241300039300077,,341.3240601516715,4754.013801591994,9576.213756622745,4750.538108304148,9572.45277978242,4758.425794704282,9579.920061935452,1.6098554497335416,91,0.7952073698550198,0.8405000011059692,cluster_5
3068241300039300080,,316.34507650455606,4828.719503649544,9575.978664846674,4825.10767700793,9573.098673926144,4832.378558028302,9578.834892244184,1.6594673966428932,75,0.6873847842861991,1.0,cluster_5
3068241300039300081,,502.98771922554727,4797.897430200849,9577.002000162334,4793.925444263437,9573.4230346906,4802.360035006307,9581.344491216663,1.2084368013764688,87,0.5534798775479836,0.949022234862553,cluster_5
3068241300039300082,,533.1757677338301,4856.334817038376,9579.454098663382,4851.942063606864,9575.55498711185,4860.576079270024,9583.396391049724,1.2277532660112958,69,0.5078352230594043,0.99692617810984,cluster_5
3068241300039300083,,565.9146379762082,4820.281794466683,9580.880034394057,4815.904514453832,9576.18855407112,4825.311659896217,9584.816430821216,1.6521814229793854,86,0.5264309183776724,0.9644600177758944,cluster_5
3068241300039300085,,367.2183833542613,4846.626424290515,9583.490657756256,4843.4441520681885,9579.402411661486,4849.669038082052,9587.54083025425,1.468259614430496,101,0.6430497422763101,0.98569753272808,cluster_5
3068241300039300087,,308.29584705740194,4777.9089751773945,9584.58447435211,4774.729520369706,9581.517040303788,4781.139226848699,9587.582465216708,1.1441919725815417,61,0.6661745308885657,1.0,cluster_5
3068241300039300088,,541.9664009593605,4828.783370506572,9585.777133549718,4823.982406651326,9581.746462207537,4833.661145715094,9589.675617165782,1.4710433636718816,126,0.5260574724822596,0.985539492997164,cluster_5
3068241300039300090,,338.31435995798984,4856.396516670861,9587.711022170944,4853.006505090244,9584.954412685816,4860.100226409481,9590.74003255752,1.229151302477962,51,0.6392735908050541,1.0,cluster_5
3068241300039300095,,591.5975871113793,4857.9050368725175,9595.3805745482,4853.5801892062445,9590.978050284924,4861.9572941561055,9599.759284990454,1.1356789248802597,78,0.4887065802759415,0.9862550808288242,cluster_5
3068241300039300096,,280.2751284489233,4794.83627583331,9594.35486231836,4791.489254300635,9591.63251503573,4798.393305362155,9597.225163797428,1.2722536175562464,64,0.7650335249656005,0.9155167606763442,cluster_5
3068241300039300098,,389.8023017978956,4760.916978952816,9596.049579471392,4757.825630743757,9592.296015292884,4764.422502943306,9599.811589714209,1.0686238149587446,86,0.5952050495384426,0.998780173918692,cluster_5
3068241300039300099,,424.1083361181601,4784.290485932453,9596.432418309092,4779.812249194539,9593.69994675761,4788.505964883789,9599.490023667013,1.5012163325919334,55,0.5838742688612909,0.9999999999999996,cluster_5
3068241300039300104,,687.8570028590523,4764.912320816467,9602.296775452896,4760.020764963254,9597.050287404678,4769.302042696709,9607.029071968713,1.0166680056840465,189,0.4563576936985388,0.9871890639863578,cluster_5
3068241300039300105,,274.7064730516603,4867.84088938617,9599.682657491689,4864.901748641985,9596.831793871228,4870.648073127461,9602.598954827175,1.0229683935928393,43,0.7052503433869141,1.0,cluster_5
3068241300039300106,,317.42666374646694,4757.06591212183,9602.415309437512,4754.28520716137,9598.878221618028,4759.831758688579,9605.71736949316,1.236253022591532,82,0.6702988568564797,0.9955140531008748,cluster_5
3068241300039300108,,156.92916183329464,4836.331569498866,9603.92118757509,4834.377894036695,9601.41335479766,4838.150520120249,9606.523184707292,1.3723766723377366,60,0.9600906268829492,1.0000000000000002,cluster_5
3068241300039300110,,423.394395225164,4865.174448819998,9605.688826049902,4861.315806446065,9602.44751973013,4869.286321638305,9608.924719277926,1.2130655442206826,119,0.5882485390052358,0.9816846868706992,cluster_5
3068241300039300115,,367.7979553558927,4786.207195392657,9611.65770264129,4783.235266822483,9607.744841365493,4789.580878934345,9615.552589116773,1.3312087408442328,71,0.6700552731615497,0.9110204718852308,cluster_5
3068241300039300117,,304.8191416299373,4796.675897975057,9613.14968229641,4793.500002893757,9609.937189619666,4800.074798113405,9616.143208009193,1.3973451379744433,59,0.7046726156456621,0.9757830392127808,cluster_5
3068241300039300118,,338.74140207182245,4849.860243181436,9612.455184330713,4846.310667822098,9609.775629349107,4854.966046359181,9616.160192820718,1.6381122647386817,133,0.7269692990117032,0.9384867775826388,cluster_5
3068241300040100013,,334.8745945375363,4930.524131109174,9689.923063802518,4926.201417615539,9686.148906134656,4935.238682486276,9693.42382983934,2.8444375575916574,75,0.7713291613901465,1.0,cluster_5
3068241300040100015,,969.442091497972,4948.66621402884,9706.594766587414,4943.37116215162,9699.431989503442,4953.167900456504,9716.002221525372,2.0434402379247247,225,0.4681549302758556,0.859186679500903,cluster_5
3068241300040200023,,1147.9317474841046,4922.040370854934,9661.56422454614,4914.080019656962,9654.655265953656,4929.091896536571,9669.484079797554,1.641714545564547,266,0.4657776111764101,0.7977970236776831,cluster_5
3068241300040200026,,1470.5347000201543,4925.598767295695,9676.780080233306,4917.603905352479,9664.891963641783,4931.793257982388,9684.885715195,1.1721565996975851,621,0.4434687253389598,0.7307712033666509,cluster_5
3068241300040200029,,1011.178540359215,4933.466614637707,9681.0818717642,4928.041236209339,9672.077330183716,4938.012905948104,9687.89069675402,1.6274736305780624,180,0.4365147107251035,0.9078154856049642,cluster_5
3068241300040200032,,1939.6390867049352,4939.280934761723,9696.82980607216,4932.58625933562,9686.012709664534,4946.885165703605,9706.532409304653,1.5244271078715417,600,0.3356266323134588,0.8603785921284254,cluster_5
3068241300040200033,,1872.405283221215,4962.190573119827,9702.878751675244,4956.864644218195,9692.324853699767,4969.160444323175,9713.19452450848,1.535163061378321,33,0.3023685512873208,0.9436195969285216,cluster_0
3068241300040200037,,1646.1594157649452,4948.837226773344,9719.587270862929,4941.649495300503,9709.12852715554,4957.31823581369,9727.531234720833,2.0525572793092275,382,0.3499874616245022,0.9131553689882428,cluster_5
3068241300040200042,,1709.6990773096577,4961.073644337625,9735.928111924526,4951.995659954597,9725.892190330324,4967.828439516763,9746.59083104928,2.027101626006505,336,0.3545658148103025,0.8802188459708146,cluster_5
3068241300040200043,,1429.070326716414,4971.384510265477,9752.24782581194,4964.838180246858,9740.498472306475,4978.72218375198,9762.065568328198,2.625844462675856,406,0.4170035229385727,0.8870778725543471,cluster_5
3068241300040200044,,4455.583312752731,4983.114179640346,9779.341968541225,4969.301308324435,9759.336885195737,4993.398265185857,9803.809825067588,3.187537840113289,577,0.2781825579380741,0.7967826572040174,cluster_5
3068241300046100011,,1417.9388392189908,4339.249602628049,9839.658844424192,4332.722864585962,9828.475907242126,4345.069412945226,9848.671101538825,1.6812510644943657,280,0.4331735178671704,0.7843500459232863,cluster_5
3068241300046100020,,1883.734661369972,4353.741929478681,9919.2073438507,4349.026827520299,9902.764609037737,4359.899606075356,9941.371933704891,3.639519210051648,479,0.5169183822960371,0.6436014551715739,cluster_5
3068241300046200026,,3323.530793325332,4346.819389205067,9821.953602945949,4335.898769494026,9806.594901939365,4355.860481167695,9837.250973665256,2.017126698648684,227,0.3111044153840472,0.7965465720337838,cluster_5
3068241300046200050,,2441.8900703324034,4336.409808141702,9857.669884278148,4327.275802020263,9845.932426222238,4343.252397167121,9868.415505183537,1.407086650188668,327,0.2918056403197902,0.8766204305222582,cluster_5
3068241300046200053,,1718.4821765022402,4341.168852868875,9876.086479003194,4335.103758920337,9865.626806696013,4347.64135149053,9886.370711708429,1.493615087582256,332,0.3303585449770191,0.9087506518437506,cluster_5
3068241300046200057,,2842.427372603808,4346.195006376119,9894.325719535858,4337.8497973257245,9881.800833242623,4353.882872704647,9912.20880829214,1.8806487936261709,602,0.3111645126648604,0.8410697590388139,cluster_5
3068241300047100022,,523.7730906339267,4393.960192992731,10033.415973818392,4388.511079938769,10029.36884425952,4398.198205877952,10037.703901622126,1.3310047241020109,246,0.6480422659774135,0.806182771856568,cluster_5
3068241300047100023,,233.59904187375068,4399.87945659585,10037.033364110335,4397.277802837365,10033.211762767518,4402.702991046279,10040.543483557023,1.9512656348877555,108,0.8714692171728993,1.0,cluster_5
3068241300047100028,,344.21623737860256,4410.334133294263,10047.808925872168,4406.222199618795,10045.060444602394,4414.707721547824,10050.603612890496,1.6963075449933231,213,0.6675132074209468,1.0,cluster_5
3068241300047100029,,860.2897102973483,4413.43885244877,10055.955686981311,4408.751959417405,10049.59580158361,4417.654966192847,10062.118855996448,1.5979991058713616,294,0.4313311315849483,0.9693403930006912,cluster_5
3068241300047100030,,485.9659254002082,4418.982413029428,10055.787316552643,4415.709667118234,10048.000944211735,4423.074407223889,10062.029379948082,3.074076535952471,217,0.7527054797050469,0.8297086488014666,cluster_5
3068241300047100033,,423.2327049217712,4408.863946492598,10062.231072156574,4403.110734018598,10057.52289785015,4414.303292927015,10066.24933766948,2.7505242269721,231,0.7464538133767186,0.892869184444433,cluster_5
3068241300047100034,,194.84841547072088,4428.049569254353,10067.40101335179,4426.080069525192,10064.3514589749,4429.948454678514,10070.473246013918,1.5768402418792096,82,0.8840052979222682,1.0,cluster_5
3068241300047100035,,484.0633101302352,4433.779777485841,10068.289662611583,4428.428413005968,10064.133096855956,4439.416627139093,10071.230605949158,2.0252830867002856,221,0.6598991098747587,0.8903209955518362,cluster_5
3068241300047100036,,276.4710960575744,4428.054205783113,10072.010524253536,4424.195387473361,10069.282290046647,4432.221238047237,10074.334707739788,2.318777721721625,80,0.8077129625315373,0.9626231577534758,cluster_5
3068241300047100039,,1782.358250613015,4483.2005066346,10080.3083466486,4475.428040261414,10071.8313113128,4489.94383355082,10088.18577825392,1.2136691527512096,57,0.285435469055246,0.9890547239487876,cluster_5
3068241300047100040,,659.8169332894922,4426.590208981958,10077.39653697713,4420.2258196942685,10073.182133418242,4431.803748365396,10083.367390894236,1.6587298248393725,435,0.6420252364599296,0.8359819059498236,cluster_5
3068241300047100048,,334.99378089441944,4442.24062732362,10088.714330742983,4439.610827830376,10083.810706712877,4445.424553905144,10092.913479116358,2.058049400690647,66,0.7320274903710529,1.0,cluster_5
3068241300047100051,,278.55557699707407,4459.978733671108,10090.93128637249,4455.49089768034,10088.723602027976,4463.865438746917,10093.516689375449,1.606833310567502,128,0.7804748490666747,0.9772993935665932,cluster_5
3068241300047200070,,2514.2088892126467,4355.982614793566,9946.128555393909,4349.739862235605,9929.459876884664,4364.953373059233,9959.842667817233,2.3705805891954004,520,0.3244846712295028,0.8547115696969678,cluster_5
3068241300047200073,,1838.9758051408323,4365.625794084691,9966.467605621772,4358.145897273788,9956.34132923553,4373.675703847978,9977.485519684464,1.843938722401981,415,0.3671503968575717,0.8173435850967476,cluster_5
3068241300047200075,,2165.8969000619263,4372.579008618871,9985.359224624712,4365.820025182142,9974.45088283913,4379.478626996321,9997.55054431399,1.797042536278996,603,0.2993668513756638,0.9022881131469352,cluster_5
3068241300047200076,,1719.0248856272674,4377.510415433505,10005.330984826416,4371.663329420017,9994.785752115138,4384.391740069326,10015.576721582893,2.217522306089084,533,0.3457710028826869,0.8817397871103839,cluster_5
3068241300047200081,,1646.8420436937015,4390.927151914096,10020.749183179936,4382.2926024707,10011.26847014785,4397.784575148205,10030.70673865664,2.2823612175184214,223,0.3459748911926458,0.925769316691956,cluster_5
3068241300047200087,,858.8552675032965,4382.159257126939,10021.386695297111,4375.434858822258,10015.403694894369,4387.421425383451,10028.889050187196,2.5243743632256987,309,0.4928011676196426,0.9244276248465176,cluster_5
3068241300047200093,,326.72777697461856,4387.947921315995,10029.182115626263,4384.12811862911,10024.26349589367,4390.831568592664,10032.966504942937,1.3953501275294822,117,0.7877072089168234,0.8347216031179028,cluster_5
3068241300047200101,,1018.6057655895536,4396.065264303404,10041.53640331673,4388.56354511774,10033.91990326048,4403.495321965477,10047.64881812385,1.873494862402113,417,0.475128664063919,0.8537057050237817,cluster_5
3068241300047200106,,1228.8649649580375,4426.01928705415,10057.636142452931,4418.407220206169,10048.460342319351,4434.078189788257,10064.731532571432,2.302211523998198,456,0.4353861633936239,0.9249579838670852,cluster_5
3068241300047200111,,809.1080840812136,4418.285331198399,10068.597255410392,4410.998582284667,10061.923844710458,4424.9793059082085,10074.2250842781,2.41308465647607,423,0.5796843733902409,0.8238074339408806,cluster_5
3068241300047200112,,244.8707066335283,4440.841658992548,10067.312958711733,4438.173272423807,10064.54176589063,4444.112208450792,10070.18111551424,1.1163257329258995,75,0.7698436837137673,0.9844574705329244,cluster_5
3068241300047200114,,1243.8238646899883,4441.980255692789,10076.268061383847,4434.279441520077,10069.862263184696,4451.287723103656,10081.404249844694,1.7725665542168294,551,0.4168079551701332,0.9096390687634632,cluster_5
3068241300047200117,,217.8817844330148,4432.758058798268,10078.659554091982,4428.889539433644,10076.414352895838,4436.845225344453,10080.612978655932,2.554180714087933,168,0.9552159271577148,0.9421038942523194,cluster_5
3068241300047200118,,817.2451384362071,4455.450030201079,10084.252284167404,4448.011870562408,10078.492086944254,4461.722112206168,10089.935958957169,1.2905794854163413,258,0.5562616127320498,0.8150912161098223,cluster_5
3068241300047300015,,713.0099360025224,4402.80471789965,10050.128817359,4397.435761595822,10044.757896124054,4407.719668812668,10054.872833789625,1.3736782311035762,313,0.4661796511819615,0.9829172888817672,cluster_5
3068241300048200872,,253.1054196131369,4912.035683193167,10080.63105155356,4908.548219717352,10076.919874973037,4915.200715045543,10083.89899209415,2.0420933299401334,45,0.8924483086217494,0.9067213584220812,cluster_5
3068241300049100006,,1374.0663553216195,4987.216957601698,9842.127106285372,4981.938079178202,9833.505380172255,4992.537472770002,9863.876594846992,2.933422634977486,233,0.5065432492953059,0.6676820479634357,cluster_5
3068241300049100009,,2262.763012263116,4980.346179968868,9879.75365718621,4969.730439855091,9864.860000945508,4986.051522257477,9892.798569543444,1.6490073801175325,263,0.3444242876724121,0.7888518680029456,cluster_5
3068241300049100013,,2959.518378275842,4977.506506997429,9947.187474080927,4967.508449281873,9923.93023069104,4983.712270678576,9966.689285577491,3.14154593470758,564,0.4163144223665332,0.6777401803692892,cluster_5
3068241300049100018,,2220.3150002408656,4965.259415142552,9991.343851922516,4958.4054468341765,9974.45164022638,4974.678800553474,10008.485245508647,3.53041064803082,521,0.3930655999248219,0.8465434077474852,cluster_5
3068241300049100022,,948.6742484840136,4955.46449760079,10000.90165340986,4950.509084536337,9994.070333924656,4959.12281534983,10009.304775551424,1.7851997084160285,99,0.4420445069544678,0.9341141419726882,cluster_5
3068241300049100030,,653.8838353588591,4935.064666320853,10045.529249619603,4930.0094697882505,10041.424061005751,4939.913362709148,10050.123494937576,1.1316297317168735,45,0.4658349800294078,0.9912254903561588,cluster_5
3068241300049100032,,989.7560206306669,4934.735178204287,10057.96444409175,4928.201985223039,10049.871072418724,4940.850775126904,10068.445391980284,2.1451807287242883,203,0.6097690994312465,0.7054697339909647,cluster_5
3068241300049200050,,2273.8779691083755,4990.312770974991,9824.18986907154,4983.135270856812,9810.321839348766,4996.852512438367,9834.929469337749,1.967360956913366,327,0.2994770569217519,0.90386015344849,cluster_5
3068241300049200054,,804.5136864654602,4980.123063949363,9816.705098709235,4967.342007951216,9812.374865163463,4990.354318842626,9821.32502369814,2.5917104014292724,62,0.8310845052165001,0.5104274995901672,cluster_5
3068241300049200070,,1584.5143225065274,4982.256306399567,9855.290983212048,4976.976863487722,9845.090900850142,4987.976054450848,9864.852680634483,1.8378978301313225,167,0.3399006874339883,0.9143711680058352,cluster_5
3068241300049200076,,2800.891625992604,4977.547204846683,9907.063647901376,4969.471773280921,9891.77049861523,4983.616099440605,9921.54229049971,2.2545265168678315,382,0.2806418312860214,0.9012578725512604,cluster_5
3068241300049200077,,2740.459717242444,4972.466569359407,9926.73843501744,4963.609347025019,9916.359094982565,4982.332723927806,9936.75698658075,1.126644224168431,215,0.2608408990402605,0.9006482967863734,cluster_5
3068241300049200083,,1135.4507547919047,4967.349646596932,9972.450028184116,4960.366085611244,9964.371783709308,4972.880289482994,9982.026960575047,1.3600973420453188,200,0.4427076412681176,0.810199455823343,cluster_5
3068241300049200087,,1010.9102694835384,4960.109252523488,9979.015560475493,4955.9163068336375,9970.771113513529,4963.889720546559,9986.838974839076,2.0790917912485094,32,0.4205461623505341,0.9590746523339404,cluster_5
3068241300049200091,,2257.789003235284,4950.835823936574,10008.415092664503,4941.535753577615,9996.829860682778,4961.313753416154,10018.305566837726,1.3922312163994994,203,0.3450551007261309,0.7691563318989941,cluster_5
3068241300049200099,,719.8073235581405,4948.074411339435,10023.166525119084,4943.801135303257,10016.86140956373,4952.55155975711,10030.446323749413,1.765133726430555,117,0.5363839523795648,0.8535766205994592,cluster_5
3068241300049200101,,2729.466845250304,4946.385887943259,10035.820061166303,4936.740833179604,10018.962555492362,4957.485993253094,10051.54353760547,2.340889750982522,424,0.3473012228071072,0.7319876188665,cluster_5
3068241300049200104,,1217.1041887371375,4927.786984383179,10051.534346248312,4920.64906850812,10044.982821301255,4935.974996543759,10057.03272835074,1.1593799623739702,66,0.3696483890889522,0.9207192921655164,cluster_5
3068241300049200107,,500.1583896047532,4928.439093217611,10061.745184104346,4922.969077376027,10057.828910626458,4934.009989729926,10064.941077506564,1.7965226397976657,80,0.5908195090013882,0.9341884087978908,cluster_5
3068241300049200109,,1062.2164634115377,4921.200764271795,10070.37819596012,4914.831176785926,10062.388109429554,4929.971192358253,10080.294540741766,2.1863696112322564,170,0.5407316835210371,0.7522349578579176,cluster_5
3068241300049200110,,1080.1942632610574,4924.109664047474,10076.148748766273,4916.812340155693,10067.192118546918,4931.173488228751,10084.257775247892,2.277819629346052,240,0.4671824431130452,0.8827393846000167,cluster_5
3068241300049300013,,529.0761896126494,4974.503594530309,9961.766561195323,4970.7004773278495,9957.05559303031,4978.041358522489,9966.253233896428,1.3467939952279218,151,0.5202597299148622,1.0000000000000002,cluster_5
3068241300056100005,,999.9493295202716,4435.753263977823,10087.652367180652,4427.782190149246,10080.989318401043,4443.40264172939,10093.90949884088,1.70566516838103,345,0.5458400429415148,0.7252514721604058,cluster_5
3068241300056100011,,1264.8824605823413,4440.650177468887,10099.594682761572,4434.402181914135,10092.907381412895,4447.102743699317,10107.854331242055,1.2755312710426632,606,0.3727917265999897,0.9273364771873956,cluster_5
3068241300056100013,,388.0008812898242,4480.714366334701,10099.830185134148,4475.630751984199,10096.885503053092,4485.518887870402,10103.016493154824,1.8949218887379835,101,0.6608443233063649,0.9800830577013012,cluster_5
3068241300056100016,,574.2283366052831,4470.532357468263,10104.27681562153,4465.937415499595,10100.395678906702,4474.943609086153,10108.428055405057,1.309124159804817,270,0.5012814705899155,0.9913716981496212,cluster_5
3068241300056100022,,834.9676701326198,4504.07905925443,10112.281686401022,4498.407984287062,10106.212379494811,4511.41937254085,10117.642504797805,2.0930461794748947,190,0.4713259644758684,0.9542765995255124,cluster_5
3068241300056100023,,346.6095344197897,4449.734223227286,10110.355255097033,4446.55384785441,10106.99586543674,4453.282943991757,10114.328317054831,1.0371120738973445,164,0.6587570844283902,0.9716319719715034,cluster_5
3068241300056100025,,418.59829312115033,4477.17668562811,10111.001956192891,4473.060511005534,10107.970841759428,4481.785238729997,10114.627930442164,1.254761682553629,193,0.5989810822152261,1.0,cluster_5
3068241300056100029,,994.4298287770874,4480.802000820434,10118.222370431284,4474.525168054821,10112.094926927835,4485.819272643855,10124.16322988519,1.2183205111776734,391,0.3895685845151555,0.9719501665161469,cluster_5
3068241300056100031,,264.9887867682223,4510.549557386497,10117.850441658187,4507.887007914022,10114.568519736667,4513.856221507329,10121.413060866777,1.5058681724298435,81,0.7647560988172559,1.0,cluster_5
3068241300056100032,,221.3125927546237,4502.756399866071,10118.004817088387,4499.629850357494,10115.530472723334,4506.135089635103,10120.343129862244,1.891008990768819,76,0.8627911171043958,0.9948725258242136,cluster_5
3068241300056100033,,401.932311415568,4449.876629706799,10120.599729255218,4446.681543650935,10116.383779180656,4453.872167058821,10125.086417312845,1.016053014788043,240,0.6176989136163672,0.9780103139211096,cluster_5
3068241300056100035,,1000.5146789821022,4518.359372458718,10123.113334237076,4511.145585092991,10117.427287826997,4526.504938071827,10128.76726365428,1.2992982901289478,207,0.472062040220738,0.8598224404595959,cluster_5
3068241300056100036,,375.6786783609313,4446.351302151735,10127.999227697908,4443.185889591198,10123.95476252914,4449.564976265305,10134.629300639715,1.863220158729726,213,0.8718640172680148,0.748018154052543,cluster_5
3068241300056100043,,534.3187634997295,4531.732882472198,10126.726962470011,4526.55173397598,10122.643718867808,4537.825308597897,10130.471586573029,2.5182859478442823,232,0.587587824051414,0.9875793488032492,cluster_5
3068241300056100050,,324.88276454538743,4468.115243802999,10130.2940494762,4464.623251363931,10126.820163936756,4471.495419340326,10133.48809081873,1.233217500522316,153,0.6783905066905557,0.9855233633447036,cluster_5
3068241300056100051,,526.7374576502588,4493.504829004175,10130.342991274523,4488.618177058031,10126.735485372345,4498.308194125008,10134.05819881456,1.0441317223739028,172,0.5257904707933573,0.9927343966575964,cluster_5
3068241300056100053,,667.3165173098323,4458.205480147221,10131.448636972587,4451.880126166675,10127.935460542543,4464.873990792699,10135.312855089283,1.807662643598693,259,0.5231157859660742,0.9183433080636076,cluster_5
3068241300056100056,,286.15337451430617,4504.514528065301,10132.60044963439,4500.388307881344,10130.050957167765,4507.988069344659,10135.563633841624,1.3687329932230845,144,0.7402377856517177,1.0,cluster_5
3068241300056100057,,215.43649514717825,4510.237513601999,10133.306787569029,4507.508439817113,10130.406479620078,4512.693782459607,10135.97977287264,1.2176088988053153,52,0.8221196067896831,1.0,cluster_5
3068241300056100058,,537.5831797207019,4450.365481381626,10136.012776160254,4445.844974698686,10130.417319482209,4454.456465373635,10143.02972060755,2.5065368398688728,351,0.6382008575189825,0.9229239822436336,cluster_5
3068241300056100059,,587.0416402129132,4476.066950104191,10133.745227825288,4470.63840047138,10130.436249272376,4482.4364809693925,10137.081555847852,1.9605498553508696,217,0.5449179197471009,0.967911394393211,cluster_5
3068241300056100062,,508.5786238911599,4500.840953377537,10136.264547212932,4495.953588908167,10132.268005817568,4505.896444357883,10140.339609540802,1.8165899453029688,254,0.5819374235336155,0.9461530292817104,cluster_5
3068241300056100063,,229.17058656988732,4454.856550815799,10137.9107586936,4452.59566693435,10134.205963370196,4457.446999268284,10141.566180623078,2.137254006551076,143,0.8589655631189678,1.0,cluster_5
3068241300056100066,,610.9390941292786,4477.842113590786,10139.33594519875,4473.117219685244,10134.644745821648,4482.8424697836645,10144.479847383018,1.5051384392208296,269,0.5488935466486337,0.9283136941076924,cluster_5
3068241300056100067,,693.3945466994081,4508.92621254439,10141.1045265148,4505.256082657052,10135.70086550446,4512.995227877804,10146.266759009044,1.3503892411554288,201,0.4604144684618201,0.9920950992865218,cluster_5
3068241300056100073,,973.5729244540124,4560.85629026711,10145.046280085951,4556.121741338025,10138.168089970924,4566.559687299458,10151.271799636595,1.3892792068226736,419,0.4234548702117386,0.9417663772128332,cluster_5
3068241300056100074,,498.68278694894576,4500.762172122631,10141.875735431122,4495.927023273042,10138.209365615056,4505.182604465097,10145.630788643368,1.9490094668639293,282,0.565198984217568,1.0000000000000002,cluster_5
3068241300056100076,,351.09157348615526,4459.227309116365,10143.51390870771,4456.135489196584,10139.61892590959,4462.455664641608,10147.370553575614,1.6359229848996475,195,0.6711821390376754,0.9697458918115388,cluster_5
3068241300056100079,,200.5748618236986,4494.354785804651,10143.760457808425,4491.402146551791,10141.336980781596,4497.002927328344,10146.26545137604,1.094617328602283,95,0.8493130442814569,1.0,cluster_5
3068241300056100080,,563.0442554439772,4479.690168553654,10145.844254117748,4474.685202898301,10141.758472176813,4484.397344123718,10149.951140337773,1.1773062707256765,240,0.5128805091381663,0.9734849755725996,cluster_5
3068241300056100084,,980.2322615577629,4570.635918958796,10151.235338879796,4565.585761830078,10143.828897418023,4575.988779534994,10159.762215782912,1.657482818777583,411,0.452579205040902,0.8686556382606512,cluster_5
3068241300056100085,,735.8155802139988,4493.632684693719,10150.077331541876,4487.8556823149465,10144.355145400545,4499.803828346449,10155.001310361942,1.9829938712024264,276,0.4808464947676086,0.9766034029488198,cluster_5
3068241300056100086,,576.5992253915956,4468.908895272743,10150.384821188947,4464.438437227384,10146.089956992948,4472.822116158684,10155.756510740624,1.1665380292501109,207,0.537237179389625,0.9323443861504236,cluster_5
3068241300056100087,,948.917845210342,4476.621474659628,10153.435186532151,4471.633548749296,10147.20899919597,4481.895192194289,10158.771804314652,1.0982564989855894,353,0.3959285342827122,0.9705562880681664,cluster_5
3068241300056100089,,421.4184188351178,4583.059438581368,10153.002959466336,4576.986736328473,10147.806490504814,4588.179092516144,10158.48384983579,3.6814031679408976,140,0.799226358716471,0.916415243698686,cluster_5
3068241300056100091,,619.1245877538358,4550.201250262974,10153.23134864592,4545.3154863397085,10148.792848964527,4554.668850456368,10157.295907827176,1.2156238255807734,347,0.47954414158861,1.0,cluster_5
3068241300056100092,,941.7611669283078,4578.816208313689,10157.191528237345,4573.235478735207,10151.37256407605,4585.043934990244,10163.283489655743,1.1567220720181746,332,0.397617977488187,0.9820658665830329,cluster_5
3068241300056100093,,477.93241348278536,4540.113889691918,10153.562139150466,4535.918490977785,10149.850767973796,4544.667502087953,10157.58745128522,1.3706165539336443,171,0.5486184447698927,1.0,cluster_5
3068241300056100096,,772.2710964713477,4564.265752595954,10155.78081222407,4558.900998054292,10150.841725027403,4569.998360207474,10161.30551285037,1.731596986012892,260,0.4534014551259186,0.9878821469262168,cluster_5
3068241300056100100,,821.9973082321138,4499.581043529749,10160.622789620664,4494.564300962709,10155.14250964853,4505.557695272159,10165.335869887907,1.2499201301073093,221,0.4497281043594537,0.9604678058232377,cluster_5
3068241300056100104,,955.4567984176192,4520.560867008159,10162.309053709832,4514.53323316634,10157.634010757894,4528.695840258406,10166.831268848204,1.5103965423732864,288,0.4371433509531704,0.9068980441493272,cluster_5
3068241300056100107,,412.6710488542734,4543.354718849382,10162.04870751082,4539.262432953661,10158.651492466355,4547.143682044556,10164.974440699114,1.1990521949196744,172,0.5930562604782667,1.0000000000000004,cluster_5
3068241300056100108,,653.3524270456039,4585.611316756988,10163.704310401516,4581.242822143115,10158.617951080574,4589.759214187724,10168.24530890054,1.1136853966059943,183,0.4664179658763246,0.992540365613765,cluster_5
3068241300056100109,,881.0125848116456,4575.304030826218,10165.465170949625,4569.177705906808,10160.48237640204,4581.435444791357,10170.198375016796,1.110781398790312,319,0.4188047442241035,0.9669116457289804,cluster_5
3068241300056100110,,715.493374446838,4607.458452315938,10166.918991585617,4602.378911418888,10160.851499210932,4611.409880018823,10174.35823876616,1.9874598457887471,241,0.5157823140837671,0.899444970796622,cluster_5
3068241300056100115,,1239.3270738925537,4615.285010570926,10170.485455478143,4610.015443049025,10163.46572607291,4620.289863197699,10178.548323097972,1.485826286017949,401,0.3898037466929725,0.878145141258219,cluster_5
3068241300056100116,,665.40300564446,4495.328016272611,10169.20918955325,4490.437612129584,10163.757026162668,4500.448050523313,10174.606146062422,1.6393102499898682,245,0.5059031985658007,0.937539976351473,cluster_5
3068241300056100117,,747.3141425357854,4480.681678434127,10169.142379945368,4475.27834259769,10163.92331015233,4485.153325750766,10175.108463157883,1.617277122171595,275,0.4607293983952201,0.97392219751754,cluster_5
3068241300056100119,,715.5846340869542,4502.921646513781,10168.917131446282,4497.105005987885,10164.389837320135,4508.555160359298,10173.56240317646,1.4360163559864667,211,0.4868328341624952,0.946760198855714,cluster_5
3068241300056100120,,467.872915267936,4523.005834608893,10168.461025106522,4518.482066885669,10164.968260114132,4527.50453035323,10171.881692497183,1.6526012789929805,150,0.5661124799822104,0.9908399821314928,cluster_5
3068241300056100121,,511.1014972593821,4542.66144040254,10168.152997743004,4537.631289148301,10164.97765226569,4547.665593747525,10172.177886425368,1.2686676326827118,265,0.5485825550446825,1.0,cluster_5
3068241300056100128,,806.608628351596,4633.924263950041,10171.556255503065,4627.747843016258,10167.461531010977,4640.519587400342,10175.462251817908,1.5912686690054028,331,0.4828619515047753,0.9036978413802008,cluster_5
3068241300056100129,,1016.7273468737344,4588.04137977056,10171.84288054232,4581.160274846468,10167.453908646894,4596.595888525643,10176.627363301111,1.8155748981818265,330,0.419204171959059,0.9141780981272049,cluster_5
3068241300056100134,,1071.41050912638,4599.4773630596765,10177.045076195853,4594.293555427155,10169.578366050637,4605.619844343956,10184.03193071362,1.0439307601231542,390,0.3950906023670745,0.9220730305737737,cluster_5
3068241300056100139,,240.7710042833133,4503.141691314665,10175.591838829598,4500.102472626547,10173.02825910277,4506.020888909153,10178.462402925536,1.392635636124495,92,0.7788735693226811,1.0,cluster_5
3068241300056100140,,427.0206978522746,4509.835517140172,10176.840305471824,4506.002676205244,10173.52614576665,4514.396406196964,10180.226115884863,1.45165532942689,184,0.5826461339511698,0.9999999999999998,cluster_5
3068241300056100141,,901.9429071361834,4563.368088180763,10179.982121984542,4557.25576482851,10174.015053115783,4568.318927277048,10184.733065135826,1.0296489225997532,306,0.412689439538939,0.9718642344388336,cluster_5
3068241300056100142,,134.29584544473613,4629.163091186908,10176.037142676492,4626.964888384498,10173.759719657935,4631.597758663625,10178.041802792815,1.4588809349926632,59,1.0559807817333675,1.0,cluster_5
3068241300056100146,,471.7102193125456,4571.960551652109,10178.833569594844,4568.210929901755,10175.021161974882,4576.196929942359,10182.243404860716,1.1086827628043625,166,0.5488272216417762,0.9928300837323388,cluster_5
3068241300056100147,,740.7881011069894,4537.380270976111,10180.36011205924,4532.47327239319,10175.795336922549,4542.9129110982485,10185.135322496895,1.0896826936973223,303,0.4494016180521174,0.9724053510934112,cluster_5
3068241300056100148,,870.8590181274382,4624.193815908165,10180.240250351302,4618.094072733516,10175.769502707191,4630.887505800558,10184.941432227855,1.2575785673480842,254,0.4397784418316326,0.9347254165395238,cluster_5
3068241300056100150,,672.608053769291,4528.646271950754,10180.89832325691,4523.417854003918,10176.335310562828,4533.488225972421,10185.26725724628,1.001898536490673,252,0.4758005637706675,0.976022864922198,cluster_5
3068241300056100154,,1037.4799231693312,4502.978462775972,10184.910292123444,4496.522163806125,10179.103982915289,4510.384584451247,10190.233173902592,1.4191892646926731,327,0.4020179437827927,0.9314722598045028,cluster_5
3068241300056100155,,539.2107250270863,4485.929624903613,10183.813448126964,4481.042423619844,10179.605276724558,4491.840789231859,10187.57487467599,1.701053343588515,292,0.5934400755137875,0.9099138191395834,cluster_5
3068241300056100156,,766.0036405177907,4581.714813912279,10184.226794274366,4576.589286899826,10179.042703654251,4586.741715457049,10189.111266254016,1.4184180878974628,191,0.4441572553255274,0.9732410279334468,cluster_5
3068241300056100158,,1125.9500226415726,4630.245473324666,10186.629257737988,4621.917664381764,10181.101437177947,4639.626645839156,10192.220138528934,1.7196894181511635,577,0.5095427153534763,0.7119378727776252,cluster_5
3068241300056100159,,260.45062922312184,4495.033770929422,10185.081500913157,4491.856785569837,10182.05522520572,4498.265236864757,10188.318249753704,1.7944195166860542,79,0.7839294006327506,1.0,cluster_5
3068241300056100161,,562.590526625091,4542.757620844014,10187.096964376198,4538.153712127414,10182.664227814375,4546.909612120477,10191.726888244097,1.4006994711937206,198,0.5128482048847673,1.0,cluster_5
3068241300056100162,,863.603259182561,4617.575776468978,10187.562627811929,4611.4167998197445,10182.695744888642,4624.57102106411,10191.512200654714,1.3691106568648073,362,0.4348485168995376,0.9559954808068424,cluster_5
3068241300056100167,,799.7751328500939,4576.953737021672,10189.771277772554,4571.456957727889,10184.110930982846,4582.599643160338,10195.091457997096,1.5133592925149295,275,0.448880837883701,0.9408572269546932,cluster_5
3068241300056100170,,302.55022389077607,4535.947225840494,10190.290776739608,4533.219780306929,10186.677971717996,4538.960190243554,10194.035081922402,1.0864484952692195,133,0.6921659889223476,1.0,cluster_5
3068241300056100172,,215.355833377804,4522.68677632804,10190.597170902214,4519.07185380821,10187.93696894262,4525.843264334872,10193.534017364727,2.2416370289873075,89,0.9252878030882388,0.9477468873340364,cluster_5
3068241300056100174,,595.2101578678701,4498.976756033745,10191.58034314859,4492.250994854587,10188.34746294054,4505.818904574596,10195.571164600671,2.201762310590805,317,0.6041296762999085,0.8876626803813357,cluster_5
3068241300056100176,,474.6366606547896,4518.565074452952,10193.92740055376,4514.449728103996,10189.916812082503,4522.617614331109,10197.943859115689,1.0850823326381085,214,0.5413656630309119,1.0,cluster_5
3068241300056100177,,381.7626653100506,4540.420736496212,10194.6800993317,4536.875854409238,10191.066722831962,4544.188489130942,10198.094429927403,1.0257060681202557,49,0.6181691389328959,0.9872709568119032,cluster_5
3068241300056100179,,534.4116487496489,4511.499929180219,10196.34351143344,4504.970057344615,10192.203705872784,4516.942634229741,10200.589285658923,2.121251085198418,323,0.624721994027773,0.8879740332810815,cluster_5
3068241300056100181,,195.39418035787727,4575.195484785331,10195.848904336935,4572.341963112463,10193.370974664074,4578.311293302104,10197.80042723058,1.1625313649385858,65,0.8768058685749917,1.0,cluster_5
3068241300056100182,,1043.0936591707175,4526.540885219679,10200.00741566581,4518.445986707847,10195.718183617051,4534.133240781164,10204.165619803402,1.8727134312001108,543,0.4041044013412103,0.9670333991422644,cluster_5
3068241300056100183,,1202.8444663623943,4573.001477792667,10201.972011785934,4562.7250925730905,10196.627070321612,4584.313335580647,10206.174433291904,2.510938424972209,777,0.4707275332955137,0.839153881426314,cluster_5
3068241300056100184,,421.0185436295531,4583.634970307292,10200.54469000231,4580.144489197133,10196.74631416538,4586.911423994983,10204.152506051616,1.1877840919759102,294,0.5819668557605165,1.0,cluster_5
3068241300056100187,,650.6559315241623,4551.816603032839,10202.09908939914,4545.308313292771,10198.472927947674,4558.087971350788,10205.125064237269,1.921135933129808,369,0.5051912002703961,1.0,cluster_5
3068241300056200010,,914.25881295984,4446.906512331568,10086.59545918628,4439.684244722162,10080.539074208074,4454.094922863348,10092.857228587982,1.780633267982365,302,0.4967447832748318,0.8119144475140243,cluster_5
3068241300056200011,,2081.747784110856,4469.287854024701,10093.080205339318,4459.131311408551,10084.863775899548,4480.854407474178,10101.046119543586,1.1266334351278686,868,0.3278690878321398,0.8673686640487978,cluster_5
3068241300056200013,,1039.8235387858458,4483.139703318483,10093.344927823591,4477.2003481074735,10086.962399088052,4488.177542153839,10102.549077085348,1.3323244221757264,76,0.462026199940262,0.8724916003250678,cluster_5
3068241300056200014,,904.2853577600982,4453.582019311093,10095.112271918668,4447.436897649232,10088.784153388457,4460.745918934623,10100.009239804647,1.3711734733157193,438,0.4647707587294834,0.8512660712300444,cluster_5
3068241300056200016,,944.3183577590512,4456.751006731098,10100.77470973409,4447.128924031074,10094.395623656135,4463.685917794425,10105.351162268138,1.7980443004948528,519,0.5233716471686392,0.7231520646869508,cluster_5
3068241300056200017,,1173.6988299877073,4494.671056311508,10103.475257759315,4484.200244817303,10097.780361298728,4504.321808262802,10108.979899118194,2.3477667333467864,319,0.4601696708849142,0.8288276219786098,cluster_5
3068241300056200018,,578.7066523690238,4478.030159495745,10104.40208048196,4473.278382339585,10099.328303713532,4482.765795831883,10108.986610690868,1.4533237862118968,218,0.5623465782592648,0.8949076382744722,cluster_5
3068241300056200020,,1196.9350897906415,4487.402018379252,10109.454182530846,4481.231162278477,10102.231628554207,4494.862360999947,10116.028235153412,1.3118179841391466,463,0.3743001853407897,0.931199158884766,cluster_5
3068241300056200021,,682.6614110860161,4457.251017506981,10108.672913466422,4451.876272097988,10103.994225920627,4461.62325577928,10113.77591583099,1.0092322467163537,282,0.511785784338128,0.889173853373058,cluster_5
3068241300056200022,,1175.3085661720727,4442.891991457419,10112.25672237354,4436.624197945585,10104.341316655433,4449.276591094285,10118.741789911248,1.4210330274827374,559,0.4531627843913721,0.8005383746239637,cluster_5
3068241300056200023,,526.7414640964811,4464.415074271218,10108.12397252243,4460.86153886084,10103.477393532788,4468.582948530307,10112.320638803014,1.010930205560325,202,0.5205201281581839,0.9899641452540948,cluster_5
3068241300056200024,,710.5680608311659,4469.742272259187,10114.10718751251,4464.065765132368,10109.285967595362,4475.453533832563,10118.383084738996,1.2939970637733706,295,0.4833382624492275,0.926387984656327,cluster_5
3068241300056200026,,1039.605474105002,4519.119827788129,10114.552425791037,4512.04444957627,10109.315969381048,4525.172014628168,10120.183663897093,1.316559672150739,157,0.3889796232887753,0.9506472410035572,cluster_5
3068241300056200027,,811.4180962025155,4455.634971070777,10116.288340086516,4449.35638916719,10111.328660533994,4461.431983329521,10120.888034609092,1.47546386999765,309,0.4384902802068796,0.974390400007756,cluster_5
3068241300056200029,,2236.5006816822165,4488.451873956364,10123.83066975308,4478.902444114739,10112.04881861734,4498.0573095390655,10135.675418696695,2.1804604411112862,970,0.3506914064130132,0.7958055677747926,cluster_5
3068241300056200030,,180.77626705292963,4498.461481144876,10116.528914418435,4496.628280697668,10113.52432040545,4500.961515294502,10119.694404630864,1.5901631123016573,58,1.0517892021273936,0.8585004667707232,cluster_5
3068241300056200033,,548.433126139341,4442.845079330095,10121.30416790239,4437.39079912815,10117.85332849368,4448.313464310839,10125.22200299631,1.7190748993286482,238,0.5762737217372057,0.9213594320868832,cluster_5
3068241300056200034,,556.5849950553373,4471.339176717197,10121.083751133,4465.912295060588,10117.521174837791,4476.251491164068,10124.670200012575,1.5390899579642905,237,0.5220739944770246,0.9787931904166348,cluster_5
3068241300056200035,,466.4389283460972,4509.445763239067,10123.273336847797,4504.930964521965,10118.915807044496,4514.595706686654,10126.712762926256,1.4913787129968017,175,0.6745998082712045,0.8807766532737021,cluster_5
3068241300056200037,,786.1816683235377,4499.266564608676,10123.62471044414,4492.7055570107295,10119.147183062229,4505.894936497434,10127.830769400518,1.527382913232045,350,0.5055606541460113,0.8762534170231786,cluster_5
3068241300056200039,,548.126615005582,4455.027563343524,10124.714102419195,4450.340355205864,10120.589799229128,4459.005972865849,10128.772791501804,1.292894834290647,237,0.5230664582663861,0.9837749640722756,cluster_5
3068241300056200040,,543.0777948007443,4462.48231117292,10125.46767323776,4458.224482857344,10121.222725965376,4467.557376128985,10129.55868504966,1.1807418205006868,222,0.5321523055022687,0.9733639971415464,cluster_5
3068241300056200042,,569.9446817022879,4474.184397614624,10127.553299281535,4469.016888468177,10123.400395202814,4479.113095285301,10131.09771655302,1.2769687834683945,183,0.5404846433328857,0.9360322996808826,cluster_5
3068241300056200045,,380.6512325393775,4508.998400685251,10128.508956297754,4502.996539790697,10125.680530330712,4514.145078153458,10131.26815955142,1.8785105306984025,176,0.7713514181545723,0.8470936386936521,cluster_5
3068241300056200051,,2277.5011603411467,4520.384959931173,10134.64027243597,4510.87241069669,10125.883560709482,4530.137334550735,10142.912473023613,1.2533217138704669,738,0.266826744872603,0.9395154450095868,cluster_5
3068241300056200053,,1203.5420954263363,4542.418480611087,10135.287666425216,4533.319382107978,10130.808258678717,4551.271961583294,10141.077360785916,1.812836529748944,401,0.3932300800192992,0.9500937279979792,cluster_5
3068241300056200054,,544.2070402306945,4466.298465710895,10136.288647215782,4462.213467271456,10131.91633941387,4470.694031198295,10140.760788071508,1.0566831561893242,249,0.5160664909625307,0.9832033895198607,cluster_5
3068241300056200055,,525.3332001320105,4492.5965913399,10137.205291876771,4488.06170345678,10133.23845176496,4497.591340434965,10141.84608691669,1.1925563039672882,205,0.579996414890055,0.905117599436808,cluster_5
3068241300056200057,,290.28244127173025,4459.437355551826,10136.838141551969,4456.236042598967,10134.232749776256,4462.465647897335,10139.893224721369,1.1612282905654934,91,0.7064298196937402,0.9945719923665972,cluster_5
3068241300056200058,,843.9109068077704,4486.538165543418,10141.033814576293,4481.47293807078,10134.998445598134,4491.944279305573,10146.778524488447,1.3658292163777843,316,0.441474436916569,0.9364389674387104,cluster_5
3068241300056200059,,774.3427403071327,4567.224091494315,10140.338656180333,4561.945610770597,10135.130902052946,4571.829687838781,10146.147117187646,1.1315279240466507,80,0.4357795586462151,0.9795348862525232,cluster_5
3068241300056200060,,902.072037161568,4552.548050509383,10141.86384806676,4546.687300346477,10135.80652444762,4556.971535039534,10148.469464045424,1.3119992140211714,377,0.4249443532310182,0.9674713005237232,cluster_5
3068241300056200061,,527.8912031986882,4470.528408047253,10142.19465349255,4466.953656111775,10136.642828245906,4473.82122389596,10146.5707333361,1.4497659545791486,201,0.5444627359350197,0.9741479099402556,cluster_5
3068241300056200062,,1716.0487810364712,4529.6668778959165,10145.912686210855,4522.955100654387,10137.025229550509,4536.327171240435,10153.92873342456,1.3563435708803673,408,0.2904421464664573,0.9839940583078114,cluster_5
3068241300056200064,,367.4545961645551,4463.933346459723,10143.031009580196,4460.269782122309,10138.969932792274,4467.009766701598,10147.102774693623,1.650461826596073,160,0.6768326655950386,0.9725470905663472,cluster_5
3068241300056200066,,801.4156128847208,4501.8670427498655,10148.377848520617,4494.434668535644,10141.06730030369,4507.616779811642,10153.133770568098,1.040935667309424,270,0.5860966942996312,0.668009565121257,cluster_5
3068241300056200067,,861.443131574244,4545.519602886388,10146.087700610226,4539.576417887749,10140.63154220408,4551.882947218079,10152.02157417277,1.2840043740476506,424,0.4351910360894466,0.945599882605327,cluster_5
3068241300056200070,,1114.4947351505143,4589.473096944107,10148.667125577967,4583.280181339507,10143.27071192647,4595.042203368279,10155.44065961734,1.0367167647960984,60,0.3867622321789926,0.9381923833928886,cluster_5
3068241300056200073,,355.9018247884833,4576.2899545362425,10147.394186907371,4572.728358049133,10144.01905265878,4580.989914158498,10151.724775645846,1.3313680788869229,81,0.90327788300164,0.7822754541171895,cluster_5
3068241300056200075,,1119.676312203238,4486.071306339966,10153.968836008286,4476.484518976342,10147.0687392597,4495.594808014886,10160.654651576882,1.1457870357420028,498,0.5074110908434218,0.7106029392007271,cluster_5
3068241300056200077,,775.3863719440648,4462.824457832748,10153.053693239051,4457.978626975903,10147.325067662732,4467.555477850613,10159.545917172672,1.8292089072944284,329,0.4625339680106681,0.9653562143897,cluster_5
3068241300056200080,,1310.0883860856927,4596.762314161492,10158.202053349012,4587.785172855301,10151.04520636488,4604.922800234259,10165.017511941633,1.0888646183742123,283,0.4079388061900308,0.8100340141004846,cluster_5
3068241300056200083,,685.8256092877682,4506.187357699084,10158.393866376531,4501.1872628713845,10152.885997263164,4510.856701070422,10164.296227317918,1.9135558389545984,180,0.5052268130871435,0.9397576035405631,cluster_5
3068241300056200084,,1396.227499431921,4561.22295855508,10162.156903451105,4553.308910893629,10152.939932623349,4571.236112746078,10169.00935689057,1.356414524600575,571,0.4675517528873656,0.6933520060989068,cluster_5
3068241300056200085,,672.9121035955717,4534.719621807247,10158.298807601628,4529.434671802879,10154.191478742712,4540.887593952709,10161.514198603823,1.5656452051071563,307,0.4857850719069683,0.9862770901612304,cluster_5
3068241300056200086,,871.947253924618,4551.7662513024925,10161.250225198726,4545.3154863397085,10156.069074924011,4556.953368022695,10167.916431408226,1.227692578897921,341,0.4847178495005032,0.8535549321358157,cluster_5
3068241300056200089,,921.7287518150708,4487.507027994971,10162.732423336818,4481.909013530039,10157.652222609173,4492.580814045209,10168.31024410726,1.008362153191947,344,0.3928597437656126,0.9907735976995174,cluster_5
3068241300056200090,,530.2897806318289,4469.275990510797,10161.519730832872,4464.615170109307,10157.626388393814,4473.426960324885,10166.090809454605,1.279027010566182,308,0.526150990231649,0.9798874605066886,cluster_5
3068241300056200094,,612.4991990382222,4593.819376231592,10165.337057782848,4589.594410209704,10160.890762584118,4598.118965590265,10169.781667585346,1.2933463973321766,228,0.4821026663091808,0.9951185740878474,cluster_5
3068241300056200096,,681.586696695956,4534.647608758366,10164.787815515932,4529.124904318578,10161.354512610833,4541.852134001824,10169.00127199693,1.6954920117320895,274,0.5358637846390072,0.8802141012801451,cluster_5
3068241300056200097,,916.7474118170244,4549.209824860805,10170.61746393186,4543.006532573347,10163.534439609572,4555.1749070946935,10176.842686452725,1.272474899877149,359,0.4723679459906704,0.8590143606610082,cluster_5
3068241300056200098,,584.4982862076442,4602.091671461069,10168.739156384883,4597.952735237443,10163.74948753797,4606.84815540791,10173.321061119164,1.7307963917467968,207,0.5227229560868097,0.989865617599534,cluster_5
3068241300056200102,,1127.97546534237,4475.609645420213,10173.70987828592,4467.125386627815,10164.722021407331,4482.979939223646,10183.268112778887,3.362587489535455,400,0.4917949600755041,0.911313026278776,cluster_5
3068241300056200105,,782.5741153148796,4567.638679027376,10170.958433011823,4561.94708213478,10165.823647889105,4572.416330996454,10175.770455657792,1.0988750169355743,288,0.4294491280257962,0.9920402217831512,cluster_5
3068241300056200108,,699.0755037082015,4513.779202148026,10170.519477498992,4508.160885588769,10166.48195609439,4518.97133093564,10174.63493721644,1.3048254353348263,257,0.4967972524051429,0.9327173469128957,cluster_5
3068241300056200109,,831.9619938327276,4623.726437880462,10171.11062567539,4618.775376186346,10165.859065080069,4628.8735016645605,10176.409848711446,1.0090607907912132,227,0.4265301006310212,0.9621403112315532,cluster_5
3068241300056200113,,1063.9816352503303,4490.42095782006,10174.684984235804,4484.70121582751,10168.071582581117,4497.236165015762,10180.405653649512,1.6040997613399777,343,0.3873057355885215,0.9631446448039604,cluster_5
3068241300056200114,,913.7133929906304,4534.66841299602,10172.574681390775,4529.096515231867,10167.24501864683,4541.590422756833,10177.354131407124,1.1598190000781967,402,0.4456487645747255,0.8982135953058842,cluster_5
3068241300056200115,,1100.0591568598545,4556.334571114084,10174.7852958094,4548.260828590153,10168.403183245444,4562.245239412036,10181.313764821847,1.4674580861708764,438,0.4073017395715825,0.8926373831701461,cluster_5
3068241300056200116,,788.2073330735066,4523.765189897968,10174.416236472844,4517.34516903953,10169.6091043024,4529.541373005263,10178.915819994683,1.5291038765569125,250,0.4611157568009646,0.9225889763390216,cluster_5
3068241300056200117,,572.4407117976324,4577.10810226675,10173.374242363798,4572.591713182599,10169.77697655556,4581.443416290188,10177.38180126395,1.1747174637609483,236,0.5067366915935988,0.9837580212688402,cluster_5
3068241300056200120,,1346.0984807523455,4609.074711708693,10180.921671819304,4602.210636453831,10174.276469110931,4617.269460831924,10186.98285976403,1.0301680695795967,554,0.3401475315671179,0.9694956857673508,cluster_5
3068241300056200121,,722.6972342601076,4636.515441214175,10178.502165818014,4629.210492326355,10174.47277793279,4641.528439413936,10183.187934384512,1.518816402017425,237,0.5285066869845375,0.9019407415977312,cluster_5
3068241300056200123,,1444.0567372328385,4590.81009740408,10182.42857451482,4584.041540728353,10174.893358060968,4597.088923313076,10191.040197472908,1.6188498794352046,413,0.3478590303603403,0.9427459438583764,cluster_5
3068241300056200124,,1501.0607628817445,4514.662269695874,10184.984703772529,4508.640504364254,10176.832887463592,4521.47318684154,10193.7293758069,1.308641061505852,500,0.3715383833167568,0.8445852612367262,cluster_5
3068241300056200133,,1156.588018276549,4549.840071292918,10189.934635562766,4543.437716002407,10182.80877016514,4555.714235103289,10197.86028291658,1.3325441286385118,387,0.3983272245287731,0.8759833723036456,cluster_5
3068241300056200134,,1037.6786771369068,4529.517062909301,10189.51506571779,4523.061390465911,10183.870287994,4536.122080736657,10196.066909023228,1.0729436393707237,452,0.4726868516692128,0.7945204918157536,cluster_5
3068241300056200136,,1483.2658203001558,4567.314035367883,10192.456655674496,4561.542963163549,10184.325618572231,4574.042156998892,10200.535441247146,1.3247174682413063,610,0.3278384764689082,0.9620972792546666,cluster_5
3068241300056200138,,319.50719309672456,4491.601348119638,10189.063528083714,4486.795447671184,10185.791567079585,4498.673780379748,10195.078530757894,2.435358587660454,111,1.2774000824065144,0.547103094657081,cluster_5
3068241300056200140,,1321.4468583051498,4558.382165723011,10195.599699316406,4552.861052504251,10187.531981740229,4564.040408682151,10204.382503083529,1.727633655429743,556,0.3876294647099559,0.889960983786537,cluster_5
3068241300056200141,,1188.85978195373,4605.847686487809,10191.73108743498,4598.662596553267,10186.352986056663,4617.248501357134,10197.189803916037,1.6884395210334475,391,0.4199240384490283,0.833148786650401,cluster_5
3068241300056200144,,1722.9872146941905,4593.544004256038,10196.924642173704,4585.266343881838,10189.50437858977,4603.02906158085,10204.166334656047,1.4951601663996907,570,0.3305459886603251,0.9026543617690532,cluster_5
3068241300056200146,,343.32579452878656,4504.368606700184,10196.438933448566,4499.80225551929,10193.702230122915,4508.685231952827,10199.306750864902,2.1335666173272774,92,0.7051084087362023,0.9821328127218696,cluster_5
3068241300056200148,,941.9165911716964,4539.061739436344,10201.216040638885,4531.930911433492,10195.63838280288,4546.662969808254,10205.354455636028,1.7460331000736582,394,0.485177031611448,0.8441352681649941,cluster_5
3068241300057100003,,1051.62467998614,4912.677699478833,10086.834054359226,4905.892295155003,10080.003504695058,4919.459565067426,10093.487868971344,1.4679171423235229,303,0.4366813571741651,0.8923011245963393,cluster_5
3068241300057100004,,497.4407402056598,4903.215458563999,10091.536005068425,4899.631478090503,10087.161789508777,4907.529908178625,10096.502455910882,1.0840952137337738,112,0.5509652325755142,0.9841897173383176,cluster_5
3068241300057100005,,1017.665120750363,4891.941155588914,10096.024674526505,4887.061708895924,10088.625379530224,4897.3496370108505,10103.048857929603,1.4672617760445643,35,0.4506530828036457,0.836473875807416,cluster_5
3068241300057100006,,601.8941866143175,4898.166424810198,10095.796324529392,4893.477826856325,10090.255885878953,4903.870066573129,10101.6597073412,1.2658789674977202,98,0.5972285695196741,0.8470266068382648,cluster_5
3068241300057100009,,1340.8446867593905,4890.698304208107,10106.945044390575,4881.738401073413,10100.979447046608,4899.015284249077,10113.124938070736,1.0357477256989391,285,0.3874923625751739,0.8787806066317988,cluster_5
3068241300057100010,,1905.699434770769,4877.39624465309,10116.264499801497,4865.615935499992,10108.046013010771,4889.546996925041,10123.900005403915,2.20522488420007,408,0.3435186685924562,0.8592426507423401,cluster_5
3068241300057100012,,1572.0274008663357,4855.628521187449,10128.916458190242,4844.205176910093,10121.768902575892,4869.179162278288,10136.414427596925,2.489888677855595,357,0.4691609140830831,0.7964608811682354,cluster_5
3068241300057100018,,1662.005642009387,4832.234335747736,10141.503537711234,4823.198082581132,10132.894793182792,4840.823883128153,10148.479839471736,1.6794412564691414,309,0.3372508282171192,0.8942997350514447,cluster_5
3068241300057100020,,310.28310773267725,4791.229914949442,10136.996805929644,4786.95640812109,10134.199154769782,4794.43959629128,10140.81603402137,1.3938893635029588,41,0.7407641738666018,0.9332599530014222,cluster_5
3068241300057100023,,403.75659977664384,4765.65001510178,10140.796489889284,4758.327064500433,10137.420448297264,4769.726409646955,10144.456350025775,1.9752614905192456,90,0.8561138010408634,0.7144601416751429,cluster_5
3068241300057100025,,2688.6799663312377,4812.179697915569,10146.309610731703,4800.97303272136,10136.467044058954,4825.177866591589,10157.465242145718,2.1012452834670965,372,0.275679702835012,0.9097443255040784,cluster_5
3068241300057100026,,296.1511018908065,4755.532685893712,10141.955621694276,4752.771758062469,10138.94908197,4758.171816499849,10145.188947360037,1.110313425039812,92,0.7076604661365818,0.9883436070292094,cluster_5
3068241300057100028,,1425.7410798394735,4736.145471981442,10148.823540054009,4727.28739401591,10141.618106911224,4748.747913496315,10156.3658888144,2.1446950059458696,395,0.439203079811855,0.7974437868393346,cluster_5
3068241300057100029,,1474.6287069440991,4723.636580736077,10160.55538249714,4714.403920663795,10152.917026854617,4732.7089076723205,10170.393568618738,2.4787865143583963,417,0.3964849939801699,0.9015860350650632,cluster_5
3068241300057100030,,1080.5794761640543,4707.470476745216,10163.350804045316,4699.900948764423,10159.36008557255,4717.189029373795,10169.068227009271,1.879509223770036,142,0.4471370551913093,0.8996478055749558,cluster_5
3068241300057100032,,697.8843649082943,4711.592631716102,10169.071561829203,4706.643769582479,10164.627369030635,4717.280613608991,10173.913982195923,1.3436949316901772,250,0.494619116881894,0.929342531140006,cluster_5
3068241300057100033,,1340.4095648930374,4671.861661031638,10171.503975306385,4664.470150046287,10164.976928265782,4678.924859178829,10177.594036179977,1.0784104743512906,130,0.3395049727081751,0.961413466733928,cluster_5
3068241300057100036,,1070.407600804845,4700.5304400435225,10173.099943728075,4693.463189064954,10168.327046191922,4708.013581092585,10178.463589378744,1.5917919322485563,326,0.4131184043980908,0.92794806100883,cluster_5
3068241300057100039,,1370.0102801174924,4651.213636892382,10175.614180433387,4640.064822142579,10171.025357036844,4662.9187641001145,10179.65631143999,2.6816530049748457,480,0.4401109675769704,0.8378598329647652,cluster_5
3068241300057100044,,1066.0419914101071,4650.892314903332,10181.92890853948,4638.030401697486,10177.771682080487,4660.5220089632185,10185.697395324249,3.3906466521837784,370,0.5452588238928079,0.8044592848618748,cluster_5
3068241300057200013,,795.2960432011447,4904.725958988894,10098.740132756548,4897.606634863188,10091.44599861247,4911.037282591129,10105.61738271898,2.9667885596469312,152,0.5443337458368007,0.9094674655586372,cluster_5
3068241300057200020,,515.5499872596286,4861.982843610108,10121.958638462138,4857.230684785882,10118.156276460795,4866.587494401759,10125.423580918228,1.387652247022819,102,0.5293744221560931,1.0,cluster_5
3068241300057200025,,1050.5331989886122,4842.814735264589,10133.729884334258,4836.107963665134,10128.067785274958,4849.335912592187,10140.179950772452,1.050334699319296,242,0.4522679173633431,0.8753357267712857,cluster_5
3068241300057200026,,1053.5755118476543,4772.64830235546,10137.598430421953,4766.994422959348,10130.959312928106,4777.828232649038,10144.44525004116,1.344587976557327,151,0.4196407194768236,0.8793677972964248,cluster_5
3068241300057200028,,1201.2928372724027,4783.067306046694,10139.853391529978,4776.525758647427,10133.657340295247,4789.846606346974,10145.956461381316,1.2936249687389207,279,0.3667330759889505,0.9425380708710746,cluster_5
3068241300057200031,,386.08294660168445,4758.737581765151,10139.58279405652,4753.053601302974,10136.268286942646,4763.468882955698,10143.586072269763,1.7098435591608885,111,0.8298512255378689,0.7291903632897512,cluster_5
3068241300057200038,,437.8621783884444,4748.318065367262,10144.17055635512,4743.388454298014,10140.789474205876,4753.302012667045,10147.479833577749,2.0753678713236914,111,0.6479487927896489,0.9470057776959584,cluster_5
3068241300057200048,,817.9576961040652,4649.193946990815,10168.610206090294,4642.103163413204,10164.920549642644,4656.705314483338,10172.509477926373,2.043613594627124,48,0.4664195534929231,0.9587443808488404,cluster_5
3068241300057200053,,1042.4323603918322,4689.473994602367,10174.255818691612,4683.266561727924,10168.75544794202,4695.392371884656,10181.162313865168,1.09946575292266,293,0.4107937419620428,0.9067922337883204,cluster_5
3068241300057200055,,1156.8736227269228,4680.501949927983,10179.93330212216,4673.635373154359,10173.455276283365,4687.650245303885,10186.016686128298,1.49312304688005,430,0.3787992335741131,0.9573990646155032,cluster_5
3068241300057200057,,1596.190682954289,4667.254699569688,10182.57138002332,4657.440256862056,10174.930622235055,4676.551148012861,10189.177295758936,1.2348500427606433,732,0.4362706898116499,0.7522675768218389,cluster_5
3068241300057200060,,1361.4132906204825,4647.725221337752,10187.375114303848,4635.698949369267,10180.502604126465,4661.49981229243,10191.486164780235,2.461720328462784,548,0.5010279751656155,0.6730722517016248,cluster_5
