cell,eef2b,gata5,tbx1,spi1b,aplnra,prdm1a,meis3,stmn1a,yrk,her6,fn1b,tbx16,meox1,hand2,mef2cb,cldnb,dla,otx2b,tnnc1a,cfl1l,cldn7b,zic2a,fstl1a,bmp6,cd9b,nova2,nkx2.5,krt18a.1,myl7,dusp5,hes6,sparc,pdlim1,tal1,serpinh1b,bmp4,jdp2b,efnb2a,tnnt2a,mdkb,ptmaa,rbfox1l,nkx2.7,cdh11,ccn1,fabp3,btg1,lsp1a,angptl7,ttn.2,foxd1,hoxb3a,atp2a2a,sox7,twist1a,podxl,fthl27,rarga,mdka,cdx4,cxcl12a,gdf3,rac2,fzd8b,marcksl1a,sfrp5,fibina,fli1b,epcam,hspb1,smtnl1,fhl2a,foxl2a,actc1a,blf,loxl2a,emp2,egfl6,rasl11a,fermt1,fsta,plpp1a,aldh1a2,sox3,etv2,hoxb1b,her15.1,fli1a,cxcl12b,bambia,akap12b,hoxb9a,cyp26c1,hoxb7a,rbms2b,her9,irx1b,tmem88a,kirrel1b,ackr3b,krt8,rdh10a,colec12,ndnf,lmx1bb,pitx3,rspo3,pdgfra,hey1,msgn1,met,thbs2b,cdh5,twist1b,kazald2,myh7,cthrc1a,pfn1,apoc1,tnfaip6,apela,nrp2a,meis2a,elmo1,cnn3a,vox,irx3a,cdc42ep4a,rbm24a,nid1b,clec14a,pltp,foxi1,Blank-0,Blank-1,Blank-2,Blank-3,Blank-4,Blank-5,Blank-6,Blank-7,Blank-8,Blank-9,Blank-10,Blank-11,Blank-12,Blank-13,Blank-14,Blank-15,Blank-16,Blank-17,Blank-18,Blank-19,Blank-20,Blank-21,Blank-22,Blank-23,Blank-24,Blank-25,Blank-26,Blank-27,Blank-28,Blank-29,Blank-30,Blank-31,Blank-32,Blank-33,Blank-34,Blank-35,Blank-36,Blank-37,Blank-38,Blank-39,Blank-40,Blank-41,Blank-42,Blank-43,Blank-44,Blank-45,Blank-46
3068241300030100090,38,0,0,0,0,0,1,0,0,1,0,1,0,0,0,4,0,0,0,3,3,1,0,2,0,1,0,51,0,0,0,0,1,1,2,1,0,4,0,0,1,0,0,0,0,2,4,1,0,0,0,0,0,0,0,0,0,0,0,0,1,0,0,0,2,0,0,0,1,0,0,0,0,0,0,0,0,0,0,1,0,0,1,2,0,0,0,1,1,0,9,0,0,0,0,2,2,0,0,0,55,0,1,0,2,0,0,0,0,1,1,0,0,0,0,0,0,1,0,0,1,1,0,0,0,0,0,0,0,0,0,0,0,0,0,0,0,0,0,0,0,0,0,0,0,0,0,0,0,0,0,0,0,0,0,0,0,0,0,0,1,0,0,0,0,0,0,0,0,0,0,1,0,0,1,0,0,0,0,0
3068241300030100091,6,0,0,0,0,0,0,0,1,1,0,0,0,0,0,1,0,0,0,1,1,1,0,0,0,0,0,44,0,0,0,0,0,0,1,0,0,0,0,0,0,0,0,0,0,0,1,0,0,0,0,0,0,2,0,0,0,0,0,0,0,0,0,0,1,0,0,0,1,0,0,1,0,0,0,0,0,0,0,0,0,0,0,0,0,0,0,0,0,0,3,0,0,0,0,0,0,1,0,0,26,0,1,0,0,0,0,0,0,0,0,1,0,0,0,0,0,1,0,0,0,0,0,0,0,0,1,1,0,0,0,0,0,0,0,0,0,0,0,0,1,0,0,0,0,0,0,0,0,0,0,0,0,0,0,0,0,0,0,0,2,0,0,0,0,0,0,0,0,0,0,0,0,0,0,0,0,0,0,0
3068241300030100092,10,0,0,0,0,0,0,0,0,1,0,0,1,0,0,4,0,0,0,7,1,0,0,1,4,0,0,58,2,0,0,1,0,0,1,0,0,0,0,0,0,0,0,0,0,1,5,1,0,0,0,0,0,0,0,0,0,0,1,0,0,0,1,0,0,0,0,0,0,0,0,0,0,0,0,0,0,0,0,0,0,0,1,2,0,0,0,0,0,0,1,0,0,0,0,2,0,0,0,0,53,1,1,0,1,0,0,0,0,0,0,0,0,0,0,0,1,2,1,0,0,0,0,0,0,0,0,0,0,0,0,0,3,0,0,0,0,0,0,0,0,0,0,0,0,0,1,0,0,1,0,0,0,0,0,0,0,1,0,0,2,0,0,0,0,0,0,0,0,0,0,0,0,0,0,0,0,0,0,0
3068241300030100094,87,0,1,1,0,0,3,0,0,1,0,0,0,0,0,0,3,0,1,2,1,1,17,1,0,5,0,3,0,0,2,1,0,0,0,0,0,3,1,10,2,1,0,0,2,8,7,0,0,1,0,0,0,0,0,0,1,0,7,0,0,0,0,0,8,0,0,0,0,0,0,0,1,0,2,0,1,0,0,0,3,0,0,25,0,0,0,0,0,0,14,0,25,0,15,6,3,0,0,1,2,0,0,0,1,0,0,0,0,1,0,0,0,1,1,0,0,0,1,0,0,1,3,0,3,1,4,0,2,1,0,0,0,0,0,0,0,0,0,0,0,0,0,0,0,0,0,0,0,0,0,0,0,0,0,0,0,0,0,0,0,0,0,0,0,0,0,0,0,0,0,0,0,1,0,0,0,0,0,0
3068241300030100097,101,0,0,1,0,0,2,0,0,0,0,1,0,0,0,0,2,0,0,1,0,8,1,0,0,4,1,0,0,0,4,0,0,0,0,0,0,1,0,15,1,1,0,1,0,12,4,0,0,0,0,0,1,0,0,0,1,1,6,0,2,0,0,1,11,0,0,0,0,0,0,0,0,0,0,0,0,0,0,0,2,0,0,13,0,0,0,0,0,0,43,0,7,1,5,7,5,0,0,1,1,0,0,0,1,0,0,0,0,0,1,0,0,0,2,0,0,3,2,0,1,0,1,1,2,0,8,2,0,0,0,0,0,0,0,0,0,0,0,0,1,0,0,0,0,0,0,0,0,0,0,0,0,0,0,0,0,0,1,0,0,0,0,0,0,0,0,0,0,0,0,0,0,0,0,0,0,0,0,1
3068241300030100100,32,0,0,0,1,0,0,0,0,1,0,0,0,0,0,0,0,0,0,2,0,2,0,0,0,2,0,0,0,0,2,3,0,0,0,0,0,0,0,10,1,0,0,0,1,5,0,0,0,0,0,0,0,0,0,1,1,0,4,0,4,0,0,0,1,0,0,0,0,0,0,0,0,0,0,0,2,0,0,1,2,0,0,6,0,0,0,0,0,0,14,0,2,0,2,10,6,0,0,0,0,0,0,0,0,0,0,0,0,0,0,0,0,0,0,0,0,0,0,0,0,0,1,2,2,0,8,0,0,0,0,0,0,0,0,0,0,0,0,0,1,0,0,0,0,0,0,0,0,0,1,0,0,0,0,0,0,0,0,0,0,0,0,1,0,0,0,0,0,0,0,0,0,0,0,0,0,0,1,0
3068241300030100102,10,0,0,0,0,0,0,0,0,0,0,0,0,0,0,1,0,0,0,3,0,0,0,1,1,0,0,49,0,0,0,0,1,0,1,0,0,0,0,0,0,0,1,0,2,0,1,0,0,0,0,0,0,0,0,0,0,0,0,0,0,0,0,0,1,1,1,0,0,1,0,1,0,0,0,0,1,0,0,0,0,0,0,0,0,0,0,1,0,1,5,0,0,0,2,2,0,0,0,0,46,0,0,0,0,0,0,1,0,0,0,0,0,0,0,0,0,2,0,0,0,0,0,1,0,0,0,0,0,0,0,0,0,0,0,0,0,0,0,0,1,1,0,0,0,0,0,0,0,1,0,0,0,0,0,0,0,0,0,0,2,0,0,0,0,0,0,0,0,0,0,0,0,0,1,0,0,0,0,0
3068241300030200086,22,0,0,1,0,0,0,0,0,1,0,0,0,0,0,1,0,0,1,5,3,0,0,1,0,0,0,62,0,0,0,1,1,0,0,1,0,1,0,0,0,1,0,0,0,2,1,0,0,0,0,0,0,0,0,1,0,0,1,0,0,0,0,0,2,0,0,0,1,0,0,1,0,0,1,0,0,0,0,2,0,0,0,0,0,0,0,0,0,0,10,0,0,0,1,0,2,1,0,0,61,0,0,0,0,1,0,0,0,0,0,0,0,0,1,0,0,5,0,0,0,0,0,0,0,1,1,0,2,1,0,0,0,0,0,0,0,0,2,0,0,0,0,0,0,0,0,0,0,0,0,0,0,0,0,0,1,0,0,0,2,0,0,0,0,0,0,0,0,0,0,0,0,0,0,0,0,0,0,0
3068241300030200089,79,0,0,0,0,0,0,0,0,1,0,0,0,0,0,0,0,0,0,0,2,10,4,3,0,5,0,2,0,0,0,2,0,0,0,0,0,4,0,11,1,0,0,0,4,11,6,0,0,0,0,0,0,0,0,1,0,1,6,2,1,0,0,0,7,0,0,0,1,0,0,0,0,0,0,0,1,0,0,0,2,0,1,29,0,0,0,0,0,0,32,0,12,0,8,7,3,0,0,1,11,1,0,0,2,0,1,1,0,0,0,0,0,0,0,0,0,2,0,0,0,1,3,0,1,0,2,0,0,0,0,0,0,0,0,0,0,0,0,0,0,0,0,0,0,0,0,0,0,0,0,0,0,0,0,0,0,0,0,0,0,0,0,0,0,0,0,0,0,0,0,1,0,0,0,1,0,0,0,0
3068241300030200091,56,0,0,0,0,0,0,0,0,0,0,0,0,0,0,3,0,0,0,6,6,2,0,6,0,1,0,56,0,0,0,1,4,0,0,5,0,0,0,5,1,0,0,0,3,2,9,0,0,0,0,0,0,0,0,0,0,0,5,0,1,0,0,0,8,0,0,0,2,0,0,0,0,0,1,0,2,1,0,4,0,0,0,4,0,0,0,2,0,0,48,0,0,0,10,3,3,0,0,1,52,1,1,0,2,0,1,4,0,0,0,0,0,0,0,0,0,10,0,0,0,0,2,0,4,0,0,0,1,2,0,0,0,0,0,0,0,1,1,0,0,0,0,0,1,0,0,0,0,0,0,0,1,0,0,0,0,0,0,0,0,0,0,0,0,0,0,0,0,0,0,0,0,0,0,0,0,0,0,0
3068241300030200094,4,0,0,0,0,0,0,0,0,0,0,0,0,0,0,0,0,0,0,5,1,0,0,0,0,0,1,22,0,0,0,0,0,0,0,0,0,0,0,0,0,0,0,0,0,0,1,0,0,0,0,0,1,0,0,0,0,0,0,0,0,0,0,0,2,0,0,0,0,0,0,2,0,0,0,0,0,0,0,1,1,0,0,1,0,0,0,0,0,0,7,0,0,0,1,1,0,0,0,0,29,0,0,0,0,1,0,0,0,1,0,0,0,0,0,0,0,1,0,0,0,0,0,0,1,0,0,0,0,0,0,0,0,0,0,0,0,0,0,0,0,0,0,0,0,0,0,0,0,0,0,0,0,0,0,1,0,0,0,0,0,0,0,0,0,0,0,0,0,0,0,0,0,0,0,0,0,0,0,0
3068241300030200096,67,1,1,0,0,0,1,0,0,1,0,0,0,0,0,1,1,2,0,0,0,10,6,0,0,8,0,1,0,0,1,3,0,0,0,0,0,7,0,3,3,0,0,0,0,8,1,0,0,0,0,0,0,0,0,2,0,0,5,0,2,0,0,0,2,0,0,0,0,0,0,1,0,0,0,0,0,0,0,0,5,0,0,35,1,0,0,0,0,0,17,0,8,0,2,14,5,0,0,1,1,0,2,0,0,0,1,0,0,0,0,0,2,0,1,0,0,0,0,0,0,0,2,1,4,0,1,0,0,1,0,0,0,0,0,0,0,0,0,0,0,0,0,0,0,0,0,0,0,0,0,0,0,0,0,0,0,0,0,0,0,0,0,0,0,0,0,0,0,0,0,0,0,0,0,0,0,0,1,0
3068241300030200098,89,0,1,1,0,2,0,1,0,5,0,0,0,0,0,12,2,1,0,3,12,0,1,0,0,3,0,123,1,1,0,7,0,1,0,0,0,3,1,1,4,2,0,0,0,1,5,4,1,1,0,0,0,1,0,0,2,0,0,0,1,0,0,0,3,0,1,0,5,0,1,1,0,0,0,1,10,0,0,1,1,1,0,12,1,1,0,1,1,2,20,0,4,0,1,1,0,0,1,0,78,1,3,0,0,0,0,2,1,1,0,0,0,2,2,0,1,3,2,0,0,1,0,1,2,0,1,1,1,2,0,0,2,0,0,1,0,0,1,0,0,0,0,1,0,0,1,1,0,0,0,0,0,0,0,0,0,0,0,0,1,0,0,0,0,0,0,0,0,0,1,0,0,0,0,0,0,0,1,0
3068241300030200099,94,0,0,0,0,0,2,0,0,0,0,0,0,0,0,0,0,1,0,1,0,8,2,1,0,4,0,0,0,0,2,1,1,0,0,1,0,5,0,14,6,0,0,0,0,7,2,2,0,0,0,0,1,0,0,1,0,0,7,0,3,0,1,0,6,0,0,0,0,0,2,1,0,0,0,0,0,3,1,0,5,0,0,22,0,0,0,0,0,0,15,0,8,0,2,10,2,0,0,2,0,0,0,0,0,0,0,0,0,0,1,0,0,0,0,0,0,1,0,0,0,0,1,2,2,0,9,0,0,0,0,0,0,0,0,0,0,0,0,0,0,0,0,1,0,0,1,0,0,0,1,0,0,0,0,0,0,0,0,0,0,0,0,0,0,0,0,0,0,0,0,0,0,0,0,0,0,0,0,0
3068241300030200101,69,0,0,1,2,1,1,0,0,1,0,0,1,0,0,6,1,0,0,3,13,0,0,0,1,1,0,59,0,0,0,0,0,0,2,0,1,5,1,0,16,0,0,0,0,2,3,8,0,0,1,0,0,0,1,0,0,0,1,0,0,0,1,0,0,0,1,0,3,0,1,1,0,0,0,0,6,0,0,4,1,0,0,12,0,0,0,1,0,0,11,0,7,0,1,1,3,0,0,0,39,0,0,0,0,0,0,1,0,1,0,0,0,3,1,0,1,1,0,0,1,1,0,0,6,0,1,2,0,2,0,1,4,0,0,0,0,0,0,0,0,0,0,0,0,0,0,0,0,0,0,0,0,0,0,0,0,0,0,0,0,0,0,0,1,0,0,0,0,0,0,0,0,0,0,0,0,0,1,0
3068241300030200102,31,0,0,0,0,0,0,0,0,0,0,0,0,0,1,14,2,0,0,3,8,1,0,0,0,0,0,22,0,0,0,1,0,0,1,1,0,2,0,0,2,2,0,0,0,4,4,5,0,0,0,0,0,0,1,0,0,0,0,0,0,0,0,0,0,0,0,0,2,0,0,0,0,0,0,0,6,0,1,3,1,0,0,12,0,0,0,0,0,0,10,0,0,0,1,2,0,0,0,0,18,0,0,0,0,0,0,0,0,0,1,0,0,0,0,0,0,2,2,0,2,0,0,0,0,0,1,0,0,1,0,0,1,0,0,2,0,0,0,0,0,0,0,0,0,0,0,0,0,0,0,0,0,0,0,0,0,0,0,0,0,0,0,0,0,0,0,0,0,0,0,0,1,1,1,0,0,0,0,0
3068241300030200104,23,0,0,0,0,0,0,0,0,0,0,0,0,0,0,1,0,0,0,2,3,2,3,7,0,0,0,19,1,0,0,0,0,0,1,3,0,2,1,1,0,0,0,0,3,3,4,0,0,0,0,0,0,0,0,0,1,0,2,0,1,0,0,0,3,1,0,0,1,0,0,1,0,0,0,0,2,0,0,5,0,1,0,2,0,0,0,0,0,0,36,0,2,0,3,2,4,0,0,1,21,0,0,0,0,0,0,0,0,0,0,0,0,0,1,0,0,3,1,0,0,3,0,0,1,0,0,0,1,0,0,0,0,0,0,0,0,0,0,1,0,0,0,0,0,0,0,1,0,0,0,0,0,0,0,0,0,0,0,0,0,0,0,0,0,0,0,0,0,0,0,1,0,0,1,0,0,0,0,0
3068241300030200106,36,0,0,0,0,0,0,0,0,0,0,0,0,0,0,0,0,0,0,0,0,5,0,0,0,3,0,0,0,0,0,2,0,0,0,0,0,0,0,3,1,0,0,0,0,4,1,0,0,0,0,0,0,0,0,0,0,0,0,0,2,0,0,0,1,0,0,0,0,0,0,0,0,0,0,0,0,0,0,0,1,0,0,10,0,0,0,0,0,0,5,0,1,0,1,9,5,0,0,0,0,0,0,0,0,0,0,0,0,0,1,0,0,0,0,0,0,0,0,0,0,0,0,0,0,0,8,0,0,0,0,0,0,0,0,0,0,0,0,0,0,0,0,0,0,0,0,0,0,0,1,0,0,0,0,0,0,0,0,0,0,0,0,0,0,0,0,0,0,0,0,0,0,0,0,0,0,0,0,0
3068241300030200107,22,0,0,0,0,0,2,0,0,0,0,0,0,0,0,1,0,0,0,1,0,3,0,0,0,6,0,0,0,0,0,0,0,0,0,0,0,1,0,3,0,0,0,1,0,2,1,2,0,0,0,0,0,1,0,1,0,0,2,0,0,0,0,0,1,0,0,0,1,0,0,0,0,0,0,0,2,1,0,0,1,0,0,5,0,0,0,0,0,0,3,0,1,0,1,5,1,0,1,2,1,0,0,0,0,0,0,0,0,0,0,0,0,0,0,0,0,0,0,0,0,0,1,1,1,0,9,0,0,0,0,0,0,0,0,0,0,0,0,0,0,0,0,0,0,0,0,0,0,0,0,0,0,0,0,0,0,0,0,0,0,0,0,0,0,0,0,0,0,0,0,0,0,0,0,0,0,0,0,0
3068241300030300076,13,1,0,0,0,0,1,0,0,0,0,0,0,0,0,0,0,0,0,0,0,1,0,0,0,1,0,1,0,0,1,1,0,0,0,0,0,2,0,1,0,0,0,0,0,1,0,0,0,0,0,0,0,0,0,1,0,1,1,0,1,0,0,0,2,0,0,0,0,0,0,0,0,0,0,0,0,0,0,0,0,0,0,5,0,0,0,0,0,0,3,0,1,1,0,1,0,0,0,0,1,0,0,0,0,0,0,0,0,0,0,0,0,0,0,0,0,1,0,0,0,0,0,1,0,0,4,0,0,0,0,0,0,0,0,0,0,0,0,0,0,0,0,0,0,0,0,0,0,0,0,0,0,0,0,0,0,0,0,0,0,0,0,0,0,0,0,0,0,0,0,0,0,0,0,0,0,0,0,0
3068241300037100021,27,3,0,0,0,0,0,0,0,0,0,1,0,0,0,0,0,0,0,3,1,0,0,0,2,0,0,5,0,0,0,0,0,0,0,0,0,0,0,0,0,0,0,0,0,0,4,3,0,1,0,0,0,0,0,0,0,0,0,0,1,0,0,0,0,2,0,0,1,2,0,0,0,0,0,0,0,0,0,0,0,0,0,0,0,0,0,0,0,0,3,0,0,0,0,0,0,0,0,0,8,0,0,0,0,0,0,0,0,0,0,0,0,0,0,0,0,3,31,0,0,0,0,0,1,0,0,0,1,0,0,0,0,0,0,0,0,0,0,0,0,0,0,0,0,0,0,0,0,0,0,0,0,0,0,0,0,0,0,0,0,0,0,0,0,0,0,0,0,0,0,0,0,0,0,0,0,0,0,0
3068241300037100037,82,17,0,2,0,0,1,0,0,0,0,1,1,2,1,16,0,0,0,13,11,0,0,1,5,0,0,42,1,0,0,1,1,0,3,0,0,0,1,0,1,1,0,0,0,1,15,37,0,0,0,0,1,2,0,0,2,0,8,3,0,0,0,0,2,2,0,0,2,8,0,1,0,0,0,0,1,1,0,0,0,0,1,0,0,1,0,0,0,0,19,0,1,0,0,0,0,1,0,0,51,0,0,0,0,0,0,1,0,1,0,0,0,0,2,1,0,33,65,0,0,0,0,0,3,3,0,1,1,0,0,0,0,0,0,0,0,0,0,0,0,1,0,0,0,0,0,0,0,0,0,0,0,0,0,0,0,0,0,0,0,0,0,0,0,0,0,0,0,0,0,0,0,0,0,0,0,0,0,0
3068241300037100051,53,8,0,0,0,0,1,0,0,1,0,0,1,1,0,4,0,0,0,16,6,0,1,0,2,0,0,9,0,0,0,0,1,0,2,0,0,1,1,0,3,1,0,0,1,2,6,19,0,0,0,0,0,0,0,0,0,0,2,4,0,0,0,0,2,3,0,0,3,8,0,0,0,0,0,0,2,0,0,0,1,0,1,0,0,0,0,1,0,0,11,0,1,0,4,1,2,0,0,0,11,0,3,0,0,0,0,0,0,0,0,0,0,0,0,0,0,24,50,0,0,0,0,0,3,3,0,1,1,0,0,0,0,0,0,0,0,0,0,0,0,0,0,0,0,0,0,0,0,0,1,0,0,0,0,0,0,0,0,0,0,0,0,0,0,0,0,0,0,0,0,0,0,0,0,0,0,0,0,0
3068241300037200176,40,4,0,1,0,0,0,0,0,0,0,0,0,4,0,0,0,0,0,0,1,0,0,0,6,0,0,4,0,0,0,4,0,0,0,0,0,0,0,0,0,0,0,0,1,1,2,4,0,1,0,1,0,1,0,0,0,0,1,0,0,1,0,0,0,1,0,0,0,1,0,0,0,0,0,0,0,0,0,5,0,0,1,0,0,0,0,0,0,0,10,0,1,0,0,0,0,0,1,0,3,0,0,0,0,0,0,0,0,0,0,0,0,0,1,0,0,8,27,0,0,0,0,0,2,1,0,0,2,0,0,0,0,0,0,0,0,0,1,0,0,0,0,0,0,0,0,0,0,0,0,0,0,0,0,0,0,0,0,0,0,0,0,0,0,0,0,0,0,0,0,0,0,0,0,0,0,0,0,1
3068241300037200207,32,3,0,0,0,0,0,0,0,0,0,0,0,1,0,3,0,0,0,5,5,0,0,0,3,0,0,7,0,0,0,0,0,0,0,0,0,1,0,0,0,1,0,0,0,7,5,17,0,0,0,0,0,0,0,0,1,0,2,0,0,0,0,0,0,2,0,0,2,2,0,0,0,0,0,0,1,0,0,1,0,0,1,0,0,0,0,0,0,0,9,0,0,0,0,0,1,0,0,0,14,0,0,0,0,0,0,0,0,0,0,0,0,2,2,0,0,4,24,0,0,0,0,0,1,0,0,0,0,0,0,0,0,0,0,0,0,0,1,0,2,0,0,0,0,0,0,1,0,1,0,0,0,0,0,0,0,0,0,0,0,0,0,0,0,0,0,0,0,0,0,0,0,0,0,0,0,0,0,0
3068241300037200254,23,3,0,0,0,0,0,0,0,0,0,0,0,0,0,1,0,1,0,9,2,0,0,1,2,0,0,5,0,0,0,0,0,0,1,0,0,0,0,1,1,0,0,0,0,1,1,8,0,0,0,0,0,0,0,0,0,0,1,3,0,0,0,0,1,1,0,0,1,4,0,0,0,0,0,0,0,0,0,1,0,0,0,0,0,0,0,0,0,2,2,0,0,0,0,0,0,0,0,0,7,0,0,0,0,0,0,0,0,0,0,0,0,0,1,0,0,17,26,0,0,0,0,0,1,1,0,0,0,0,0,0,0,0,0,0,0,0,0,0,0,0,0,0,0,0,0,0,0,0,0,0,0,0,0,1,0,0,0,0,0,0,0,0,0,0,0,0,0,0,0,0,0,0,0,0,0,0,0,0
3068241300038100008,16,2,1,1,0,1,2,0,0,0,0,0,1,0,0,0,0,0,0,4,1,0,0,1,1,0,0,17,0,0,0,1,0,0,0,0,0,0,0,0,0,2,2,0,0,0,2,15,1,0,0,0,1,0,0,0,0,0,0,1,1,0,0,0,0,0,0,0,2,4,0,0,0,0,0,0,1,0,0,1,0,1,0,0,0,0,0,0,1,1,35,0,0,0,2,0,1,0,0,0,19,0,1,0,0,0,0,1,1,0,0,0,0,1,0,0,0,6,17,0,0,0,0,0,2,0,0,0,0,0,0,0,1,0,0,0,0,0,0,0,0,0,0,0,0,0,0,0,0,0,0,0,0,0,0,0,0,0,1,0,1,0,0,0,0,0,0,0,0,0,0,0,1,0,0,0,0,0,1,0
3068241300038100010,68,12,2,0,0,1,1,0,1,1,1,0,0,1,0,4,0,0,2,14,13,0,1,2,9,1,0,131,0,0,0,1,2,0,0,0,0,0,3,0,3,3,3,0,0,1,13,36,0,0,1,0,0,1,1,0,1,0,2,2,0,0,0,0,1,4,0,1,0,12,0,2,0,0,0,1,2,0,0,5,0,2,0,2,0,3,0,2,2,0,26,1,0,0,2,2,0,1,0,0,101,0,1,0,1,0,0,0,0,0,0,1,1,0,1,1,0,21,93,0,0,0,0,0,12,1,0,0,3,1,0,0,2,0,1,0,0,0,4,0,0,0,0,0,0,0,1,0,0,2,0,0,0,0,0,1,0,1,0,0,1,0,0,0,0,0,0,0,1,0,0,0,0,0,0,0,1,0,0,0
3068241300038100016,45,2,0,0,0,1,0,0,0,0,0,0,0,0,0,6,0,2,0,15,7,0,3,1,4,0,0,66,0,0,0,0,0,0,1,0,0,0,1,0,1,2,2,0,0,2,7,16,0,0,0,0,0,0,0,0,1,0,0,0,0,0,0,0,1,2,0,0,4,5,0,2,0,0,1,0,1,0,0,2,0,1,0,0,0,2,0,0,0,2,24,0,0,0,1,1,2,0,0,1,46,0,0,0,0,1,0,1,0,1,0,0,0,1,2,0,0,20,39,0,0,0,0,1,3,0,1,0,1,0,1,0,2,0,0,0,0,0,1,0,0,0,0,0,1,0,1,0,0,0,2,0,0,0,0,0,0,0,0,0,1,0,0,0,0,0,0,0,0,0,0,0,0,0,0,0,0,0,0,0
3068241300038100023,12,1,0,0,0,0,0,0,0,0,0,0,0,0,0,2,0,0,0,6,0,0,1,0,1,0,0,23,0,0,0,0,2,0,0,0,0,1,0,0,0,1,0,0,0,0,8,2,0,0,0,0,0,0,0,0,1,0,0,0,0,0,0,0,1,0,0,0,0,2,0,0,0,0,0,0,0,0,0,0,0,0,0,0,0,1,0,0,0,0,13,0,0,0,1,0,0,0,0,0,11,0,0,0,0,0,0,0,0,0,0,0,0,1,0,0,0,6,22,0,0,0,0,0,0,0,0,0,0,0,0,0,1,0,0,0,0,0,0,0,0,0,0,0,0,0,0,0,0,0,0,0,0,0,0,0,0,0,0,0,1,0,0,0,0,0,0,0,0,0,0,0,0,0,0,0,0,0,0,0
3068241300038100025,5,1,0,1,0,0,0,0,0,0,0,0,0,0,0,0,0,0,0,2,0,0,0,0,0,0,0,14,0,0,0,0,0,0,0,0,0,0,0,0,0,0,0,0,0,0,1,0,0,0,0,0,0,0,0,0,0,0,0,0,0,1,0,0,0,0,0,0,0,1,0,0,0,0,0,0,0,0,0,0,0,0,0,0,0,0,0,0,0,0,0,0,0,0,0,0,0,0,0,0,6,0,0,0,0,0,0,0,0,0,0,0,0,0,0,0,0,6,2,0,0,0,0,0,0,0,0,0,0,0,0,0,0,0,0,1,0,0,0,1,0,0,0,0,0,0,0,0,0,0,0,0,0,0,0,0,0,0,0,0,0,0,0,1,0,0,0,0,0,0,0,0,0,0,0,0,0,0,0,0
3068241300038100027,7,2,0,1,0,0,0,0,0,0,0,0,0,0,0,1,0,0,0,0,0,0,1,0,1,0,0,24,0,0,0,0,0,0,1,0,0,0,0,0,0,0,0,0,0,0,3,3,0,0,0,0,0,0,0,0,0,0,0,0,0,0,0,0,0,0,0,0,1,1,0,0,0,0,0,0,0,0,0,0,0,0,1,0,0,0,0,0,0,0,4,0,0,0,1,0,1,0,0,0,10,0,0,0,0,0,0,0,0,0,0,0,0,0,0,0,0,4,16,0,0,0,0,0,0,0,0,0,0,0,0,0,0,0,0,0,0,0,1,0,0,0,0,1,0,0,0,0,0,0,0,0,0,0,0,0,0,0,0,0,1,0,0,0,0,0,0,0,0,0,0,0,0,0,0,0,0,0,0,0
3068241300038100032,48,6,0,1,0,0,2,0,0,0,0,0,0,2,0,0,0,0,0,3,3,0,0,2,6,0,0,31,0,0,2,1,0,0,4,0,1,0,8,0,0,0,0,2,0,2,3,4,0,0,0,0,1,0,0,3,3,0,1,0,0,2,0,0,2,2,0,0,0,5,0,1,0,0,0,0,4,0,3,0,0,0,0,0,0,1,0,0,0,3,35,0,0,0,2,1,0,0,0,0,28,0,0,0,1,0,0,2,0,0,0,0,1,0,0,1,0,7,30,0,0,0,0,0,4,0,1,1,1,0,0,0,0,1,0,0,0,0,1,0,0,0,0,0,0,0,0,0,0,0,0,0,0,0,0,0,0,0,0,0,0,0,0,0,0,0,0,0,0,0,0,0,0,0,0,0,0,0,0,0
3068241300038100047,13,0,0,0,0,0,0,0,0,0,0,0,0,0,0,3,0,0,0,2,2,0,1,0,2,0,1,11,0,0,0,0,0,0,0,0,0,1,0,0,0,1,0,0,0,0,0,7,0,0,0,0,0,0,0,0,0,0,0,0,0,0,0,0,0,0,0,0,1,1,0,0,0,0,0,0,0,0,0,1,0,0,0,0,0,0,0,0,0,1,3,0,0,0,1,0,0,0,0,0,5,0,0,0,0,0,0,0,0,0,0,0,0,0,0,0,0,4,0,0,0,0,0,0,0,0,0,0,0,0,0,0,0,0,0,0,0,0,0,0,0,0,0,0,0,0,0,0,0,0,0,0,0,0,0,0,0,0,0,0,0,0,0,0,0,0,0,0,0,0,0,0,0,0,0,0,0,0,0,0
3068241300038100049,34,6,0,0,0,0,0,0,0,0,0,0,0,2,0,4,0,2,1,10,6,0,1,2,1,0,0,16,0,0,0,0,1,0,3,1,0,2,0,1,0,0,1,0,0,1,14,17,0,1,0,0,1,0,0,0,0,0,0,0,0,0,0,0,2,2,1,1,5,6,0,0,0,0,1,0,5,1,0,1,0,0,0,0,0,0,0,0,0,2,19,0,0,0,0,6,0,0,0,0,16,0,0,0,1,0,0,0,0,0,0,0,0,0,0,0,0,21,37,0,0,0,0,0,1,1,1,0,2,0,0,0,0,0,0,0,0,0,0,1,0,0,0,0,1,0,0,1,0,0,0,0,0,1,0,0,0,0,0,0,0,0,1,0,0,0,0,0,0,0,0,1,0,0,0,0,0,0,0,0
3068241300038200010,59,17,5,0,0,0,4,0,0,0,0,1,2,6,0,2,0,1,0,25,5,1,4,9,0,0,3,70,1,0,0,0,3,0,5,0,0,3,13,0,10,15,5,1,4,0,11,4,0,4,0,0,0,1,0,4,3,0,2,0,1,1,1,0,7,5,0,0,1,0,1,2,0,0,0,0,4,0,1,10,0,2,0,0,0,3,0,0,1,1,75,1,0,0,9,0,0,0,0,0,49,0,3,0,0,1,0,4,0,1,0,0,0,0,0,0,0,20,9,0,0,3,0,1,6,1,3,0,4,0,0,0,6,0,0,1,0,1,2,1,0,0,0,0,0,0,0,0,0,0,0,0,0,0,0,0,0,0,0,0,1,0,0,0,0,0,0,0,0,0,0,0,0,0,1,0,0,0,0,0
3068241300038200011,35,4,2,2,0,1,0,0,0,0,0,0,0,0,3,1,0,0,0,10,5,0,1,0,8,0,0,51,0,0,1,2,2,0,7,0,0,3,1,0,4,4,2,0,3,1,14,15,0,1,0,0,2,0,0,1,3,0,1,0,0,0,0,0,1,0,0,0,2,7,1,0,0,0,0,0,4,1,0,7,1,2,0,2,1,2,0,0,0,2,41,0,0,0,1,1,0,0,0,1,44,0,2,0,1,0,0,1,1,0,1,0,0,1,1,0,0,13,39,0,0,4,0,0,6,0,5,0,5,0,0,0,2,0,0,0,0,0,1,0,0,0,0,0,0,0,1,0,0,0,1,0,0,0,0,0,0,0,0,1,0,0,0,0,0,0,0,0,0,0,0,0,0,0,0,0,0,0,0,0
3068241300038200015,49,23,0,2,0,0,5,0,0,0,0,0,0,16,0,0,0,1,0,1,0,1,1,11,4,0,1,31,3,0,0,1,4,0,9,0,0,0,23,0,0,15,1,0,0,1,24,15,0,4,0,0,8,0,0,15,2,1,6,1,0,2,0,0,8,1,0,0,1,8,3,2,0,0,1,1,4,0,0,1,0,4,1,0,0,4,0,1,2,10,38,0,0,0,4,0,0,0,0,0,53,0,2,0,1,0,0,12,0,1,0,0,1,0,2,0,0,4,34,0,0,2,0,2,7,2,1,1,2,0,0,1,0,0,0,0,1,0,0,1,0,0,0,0,0,0,0,0,0,0,1,0,0,0,0,0,0,1,0,0,0,0,0,0,0,0,0,0,0,0,0,0,0,0,0,0,0,1,0,0
3068241300038200017,72,7,3,2,1,0,1,1,1,1,1,0,0,4,0,2,0,1,0,14,2,0,8,9,8,0,0,62,0,0,0,3,0,0,6,0,0,2,2,0,3,2,3,0,3,0,21,23,0,0,0,0,0,0,0,0,5,1,0,0,2,0,0,0,1,3,0,0,2,7,1,1,0,0,0,1,4,1,0,8,0,5,0,1,0,1,0,1,1,3,24,0,1,0,6,3,0,0,1,0,50,0,2,0,0,1,0,1,0,0,0,0,0,0,1,0,1,34,108,0,0,0,1,0,5,1,2,0,6,0,0,1,2,0,0,0,0,0,0,0,0,0,0,0,0,0,2,0,0,1,1,0,0,0,1,0,0,1,1,0,0,0,0,0,0,0,0,0,0,0,0,0,0,0,0,0,0,0,0,0
3068241300038200018,34,14,2,0,1,3,0,0,0,0,0,0,1,3,3,0,0,5,0,2,1,0,2,3,12,0,1,26,1,0,0,2,2,0,3,1,2,0,8,2,0,12,0,0,0,3,34,53,1,5,0,0,4,1,1,2,3,0,0,0,1,0,2,0,0,2,0,0,0,8,2,2,0,0,0,0,4,0,0,0,0,11,0,3,0,6,0,0,3,1,6,0,0,0,0,5,2,0,1,0,31,1,0,0,0,1,0,2,0,0,1,1,0,0,2,0,0,2,83,0,0,0,0,0,4,1,0,1,13,0,0,1,0,0,0,0,0,1,0,0,0,0,0,0,0,0,1,1,0,1,0,0,0,0,0,0,0,0,0,0,0,0,0,0,0,0,0,0,0,0,0,0,0,0,0,0,0,0,0,1
3068241300038200023,39,1,0,1,0,0,1,0,0,0,1,1,0,0,0,21,0,0,0,8,5,0,3,1,6,0,0,27,0,1,0,1,1,0,2,0,0,0,2,0,0,1,0,0,0,3,13,11,0,0,0,0,0,0,0,1,0,0,0,0,0,0,1,0,1,0,0,0,1,6,1,1,0,0,1,2,2,0,0,1,0,1,0,0,0,0,0,0,0,2,35,0,0,0,3,0,0,0,0,1,38,0,1,0,0,0,0,0,0,0,0,1,2,0,0,0,0,10,34,0,0,0,0,0,3,0,1,0,2,1,0,0,0,0,0,0,0,0,0,0,0,0,0,0,0,0,0,0,0,0,0,1,0,0,0,0,0,0,0,0,0,0,0,0,0,0,1,0,0,0,0,0,0,0,0,0,0,0,0,0
3068241300038200024,44,0,0,0,0,1,0,0,0,0,0,0,0,0,0,5,0,2,0,11,5,0,2,0,4,0,0,61,0,0,0,1,2,0,0,0,0,0,0,0,2,1,0,0,1,0,9,18,1,0,0,0,1,0,0,0,1,0,0,2,0,0,0,0,1,0,0,0,0,5,2,0,0,0,1,0,0,1,0,2,0,1,0,2,0,1,0,0,0,3,9,1,0,0,1,4,1,0,0,0,41,0,0,0,0,0,0,0,0,0,0,0,0,0,0,0,0,18,57,0,0,1,0,0,3,0,1,0,3,0,0,0,0,0,0,0,1,0,0,0,0,0,1,0,0,0,0,0,0,0,0,0,0,0,0,0,0,1,0,0,0,0,0,1,0,0,0,0,0,0,0,1,0,0,0,0,0,0,0,0
3068241300038200039,24,20,0,0,0,0,0,1,0,0,0,0,0,0,0,1,0,0,0,1,3,0,0,1,4,0,0,32,0,0,0,2,1,0,0,0,0,0,0,0,0,1,0,0,0,0,14,23,0,0,0,0,0,0,1,0,0,0,0,0,0,0,0,0,0,0,0,0,1,8,1,0,0,0,0,1,0,0,0,1,0,3,0,0,0,0,0,1,1,1,7,0,0,0,0,1,0,0,0,0,19,0,0,0,0,0,0,0,0,0,0,0,0,0,0,0,0,7,40,0,0,0,0,0,7,0,0,0,3,0,0,0,0,0,0,0,0,1,1,0,0,0,0,0,0,0,0,0,0,0,0,0,0,0,0,0,0,0,0,0,0,0,0,0,0,0,0,0,0,0,0,0,0,0,0,0,0,0,0,0
3068241300038200042,40,10,0,0,0,0,3,0,0,0,0,0,0,3,0,4,1,0,0,11,3,0,1,0,1,0,0,31,0,0,0,0,1,0,0,0,0,0,1,0,0,1,0,0,0,1,7,14,0,0,0,0,0,0,0,0,4,0,3,0,0,0,0,0,0,0,0,0,1,3,0,0,0,0,0,0,1,0,0,0,0,0,0,0,0,0,0,0,0,1,12,0,0,0,1,0,1,0,0,0,37,0,0,0,0,0,0,1,0,0,0,0,0,0,2,0,0,8,72,0,0,0,1,0,1,1,0,0,0,0,0,0,0,0,0,0,0,0,1,0,0,0,0,0,0,0,1,0,0,0,1,0,0,0,0,0,0,0,0,0,1,0,0,0,0,0,0,0,0,0,0,0,0,0,0,0,0,0,0,0
3068241300038200052,14,2,0,0,0,0,0,0,0,0,0,1,0,0,0,0,0,0,0,8,0,0,2,0,1,0,0,14,0,0,0,0,4,0,1,0,0,0,0,0,0,1,0,0,0,0,2,6,0,0,0,0,0,0,0,0,1,0,4,0,0,0,0,0,1,0,0,0,2,3,0,1,0,0,0,0,2,0,0,0,0,0,0,0,0,0,0,0,0,0,8,0,0,0,0,0,0,0,0,0,10,0,0,0,0,0,0,0,0,0,0,0,0,0,0,0,0,6,6,0,1,0,0,0,1,0,0,0,0,0,0,0,0,0,0,0,0,0,0,0,0,0,0,0,0,0,0,0,0,0,0,0,0,0,0,0,0,0,0,0,0,0,0,0,0,0,0,0,0,0,0,0,0,1,0,0,0,0,0,0
3068241300038200057,10,4,0,0,0,0,1,0,0,0,0,0,0,0,0,0,0,1,0,3,0,0,2,0,2,0,0,11,0,0,0,1,1,0,0,0,0,0,0,0,0,0,1,0,0,0,7,3,0,0,0,0,0,0,0,0,1,0,0,0,0,0,0,0,0,1,0,0,0,4,0,0,0,0,0,0,0,1,0,0,0,0,0,0,0,0,0,0,0,2,4,0,1,0,0,0,0,0,0,0,15,0,0,0,0,0,0,0,0,0,0,0,0,0,0,1,0,8,9,0,0,0,0,0,4,1,0,0,1,0,0,0,0,0,0,0,0,0,0,0,0,0,0,0,0,0,0,0,0,0,0,0,0,0,0,0,0,0,0,0,0,0,0,0,0,1,0,1,0,0,0,0,0,0,0,0,0,1,0,0
3068241300038200060,38,11,0,0,0,0,0,0,0,0,0,0,0,2,1,0,0,0,0,5,1,0,1,2,3,0,0,9,0,0,0,0,0,0,4,0,0,0,0,0,3,0,0,0,0,0,8,38,0,0,0,0,1,0,0,0,0,0,1,0,2,0,0,0,0,1,0,0,2,12,0,1,0,0,0,0,3,0,0,2,0,1,0,1,1,0,0,1,0,0,10,0,0,0,1,1,0,0,0,0,12,0,0,0,0,0,0,0,0,0,0,0,1,1,0,0,0,10,51,0,0,0,0,0,8,2,0,0,2,0,0,0,0,0,0,0,0,0,0,0,0,0,1,0,0,0,1,0,0,0,0,0,0,0,0,0,0,0,0,0,0,0,0,1,0,0,0,0,0,0,0,0,0,0,0,0,1,0,0,0
3068241300038200062,7,0,0,0,0,0,0,0,0,0,0,0,0,0,0,0,0,0,0,0,3,0,0,0,1,0,0,9,0,0,0,0,0,0,0,0,0,0,0,0,0,0,0,0,1,0,1,0,0,0,0,0,0,0,0,0,0,0,0,0,0,0,0,0,0,0,0,0,1,0,0,0,0,0,0,0,1,0,0,0,0,0,0,0,0,0,0,0,0,0,1,0,0,0,0,1,0,0,0,0,6,0,0,0,0,0,0,0,0,0,0,0,0,0,0,0,0,0,0,0,0,0,0,0,0,0,0,0,0,0,0,0,0,0,0,0,0,0,0,0,0,0,0,0,0,0,0,0,0,0,0,0,0,0,0,0,0,0,0,0,1,0,0,0,0,0,0,0,0,0,0,0,0,0,0,0,0,0,0,0
3068241300039100001,84,0,0,1,0,0,0,0,0,1,1,1,0,0,0,4,0,0,1,8,6,2,1,1,0,0,0,30,0,0,1,5,2,0,3,0,0,3,0,4,4,0,0,1,1,7,4,4,0,1,0,0,0,1,0,2,0,0,3,0,5,0,0,0,8,0,0,0,3,0,1,0,0,0,1,0,3,0,0,4,5,0,1,7,0,0,0,0,0,0,39,0,1,0,1,3,7,0,2,1,34,0,2,0,0,0,0,0,0,1,0,1,0,0,0,0,0,2,2,0,1,1,0,1,2,0,11,0,0,1,0,0,2,0,0,0,0,0,1,0,0,0,1,0,0,0,0,0,0,1,1,0,0,0,0,0,0,0,0,0,0,0,0,0,0,0,0,0,0,0,0,0,0,0,0,0,0,0,0,0
3068241300039100003,64,0,0,2,1,2,0,0,0,1,1,1,0,0,0,13,0,0,0,2,13,0,1,0,3,1,0,50,0,0,1,4,0,0,1,0,0,10,1,1,3,0,1,0,0,4,6,5,1,0,0,0,0,1,0,0,0,0,3,1,1,0,0,0,7,0,0,0,4,0,0,3,0,0,0,0,9,0,0,4,1,0,0,13,0,0,0,1,14,0,13,0,5,0,2,3,0,0,0,0,36,0,2,0,0,1,0,1,1,0,0,0,0,0,0,0,0,2,1,0,0,1,0,0,2,0,0,2,1,0,0,5,12,0,0,0,0,0,0,0,0,0,0,0,0,0,1,0,0,0,0,0,0,0,1,0,0,0,0,1,0,0,0,0,0,0,0,0,1,0,0,1,0,0,0,0,0,0,0,0
3068241300039100006,178,0,1,2,1,3,18,0,1,1,0,0,0,1,2,0,0,1,0,2,1,0,1,0,0,1,0,3,0,0,1,6,0,0,10,0,0,18,1,5,8,2,0,3,0,23,5,5,0,0,0,1,0,1,1,1,2,0,3,0,2,0,1,0,7,0,0,0,0,0,1,4,0,0,1,0,3,0,0,0,1,0,0,2,1,0,0,2,1,1,8,0,3,0,1,11,2,0,0,0,18,0,1,0,0,0,0,13,0,0,0,0,0,5,1,0,3,1,3,0,0,4,0,5,5,0,1,4,0,5,0,0,1,0,1,0,0,0,0,0,0,0,0,0,0,1,0,0,0,0,0,0,1,0,0,0,0,0,0,0,0,0,0,0,0,0,0,0,0,0,0,1,0,1,0,0,0,0,0,0
3068241300039100007,44,0,2,2,2,0,1,0,0,1,0,0,0,0,0,0,0,1,0,1,0,4,1,0,0,0,0,8,0,0,2,3,0,0,3,0,0,3,0,1,3,1,0,0,3,1,1,11,0,0,0,0,0,0,0,0,2,0,5,0,8,1,0,0,4,0,0,0,0,0,0,0,0,1,0,0,7,2,4,0,16,1,0,2,0,0,0,0,4,0,17,0,0,0,4,1,3,0,2,1,0,0,9,3,0,2,1,3,0,0,0,0,0,1,0,0,3,1,1,0,0,0,0,1,2,0,10,1,1,0,1,0,0,0,1,0,0,0,0,0,0,0,1,0,0,0,0,0,0,0,3,0,0,0,0,1,0,0,0,0,0,0,0,0,0,0,0,0,0,0,0,0,0,0,0,0,0,0,0,0
3068241300039100009,101,14,0,2,0,0,4,1,0,4,0,0,0,13,12,5,0,0,1,16,5,0,4,10,3,1,4,143,0,0,1,2,3,0,5,1,0,2,38,2,4,78,3,2,0,1,28,14,0,29,0,0,4,0,0,21,3,0,4,1,0,2,0,0,4,5,0,0,3,5,10,4,0,1,2,0,5,0,0,1,0,1,1,1,1,3,1,2,2,7,35,1,0,0,9,3,1,0,0,1,92,6,9,0,1,1,0,5,0,2,0,0,0,1,3,1,0,10,14,1,0,2,0,6,14,0,4,1,15,0,0,0,2,0,0,0,0,0,1,0,1,0,0,1,0,0,1,0,1,2,2,0,0,1,1,0,0,0,0,0,0,1,0,0,0,0,0,0,0,0,0,0,0,0,0,0,0,1,0,0
3068241300039100011,20,0,6,0,0,0,2,0,0,0,0,0,0,1,0,2,0,0,0,0,1,1,0,0,0,3,0,6,0,0,0,1,0,0,8,1,0,5,0,1,2,0,0,5,1,1,1,9,0,0,0,0,0,0,1,1,0,0,2,0,2,1,0,0,1,0,0,0,1,0,0,0,0,0,0,0,5,3,0,0,31,0,0,7,0,0,0,0,7,0,19,0,0,0,11,3,13,1,0,0,2,0,8,0,0,1,0,2,0,0,0,0,0,0,0,0,1,2,0,0,0,1,1,1,2,1,5,0,0,1,0,0,1,0,0,0,0,0,0,0,0,0,1,0,0,0,0,0,0,1,0,0,0,0,0,1,0,0,0,0,0,0,1,0,0,0,0,0,0,0,0,0,0,0,1,0,0,0,0,0
3068241300039100013,54,0,0,2,1,0,0,0,1,1,0,1,0,0,0,7,1,0,2,11,12,0,3,0,3,0,1,57,0,0,0,3,0,0,3,0,0,17,2,0,4,1,2,0,0,3,6,4,0,0,0,0,1,0,0,0,0,0,8,0,0,0,0,0,4,0,0,0,4,0,1,0,0,0,0,0,4,0,0,4,0,0,0,18,0,1,1,0,3,0,12,0,13,0,4,1,2,1,1,0,60,1,1,0,0,0,0,0,5,2,0,0,0,0,2,0,0,9,4,0,0,1,0,2,2,1,2,1,0,2,0,3,16,0,1,0,0,0,0,0,0,0,0,0,0,0,0,0,0,0,0,0,0,0,0,0,0,0,0,0,2,0,0,0,0,0,0,0,1,0,0,0,0,0,0,0,0,1,0,0
3068241300039100014,47,1,0,0,1,2,2,0,0,1,0,0,0,1,1,11,1,0,0,2,16,0,6,0,0,1,1,9,0,0,0,2,0,1,2,0,0,19,0,0,6,1,0,0,0,0,4,1,0,0,0,0,0,0,0,0,3,0,4,0,0,0,0,0,1,0,0,0,2,0,0,0,0,0,0,0,3,0,0,3,0,1,0,22,0,0,0,0,4,0,9,0,2,0,1,0,0,0,0,1,12,0,3,0,0,0,0,3,1,0,0,0,0,0,1,1,0,1,3,0,0,1,0,1,0,0,0,0,1,0,1,5,11,0,0,0,1,0,1,0,0,0,0,0,0,0,0,0,1,0,0,0,0,0,0,0,0,0,0,0,0,0,0,0,0,0,0,0,0,0,0,0,0,1,0,0,0,0,0,1
3068241300039100015,69,0,0,1,0,0,0,0,0,4,0,0,0,0,0,0,0,0,0,0,0,8,0,0,0,1,0,1,0,0,0,1,0,0,0,0,0,0,0,9,1,0,0,0,0,4,4,1,0,0,0,0,0,0,0,0,1,0,13,0,5,0,0,0,1,1,0,0,0,1,0,0,0,0,0,0,1,0,0,0,9,0,0,9,0,0,0,0,1,0,12,0,0,0,1,4,6,0,0,6,2,0,1,0,0,0,0,0,0,0,2,0,0,0,0,0,0,0,0,0,0,0,2,1,2,0,12,0,0,0,0,0,0,0,0,0,0,0,0,0,0,0,0,0,0,0,0,0,0,0,0,0,0,0,0,0,0,0,0,0,0,0,0,0,0,0,0,0,0,0,0,0,0,0,0,0,0,0,0,0
3068241300039100017,8,0,0,2,0,0,0,0,0,0,0,0,0,0,1,0,0,0,0,3,1,0,1,2,0,0,1,48,1,0,0,0,2,0,1,0,0,0,1,0,0,6,0,0,0,0,1,0,0,1,0,0,0,0,0,2,0,0,0,0,0,0,0,0,1,0,0,0,0,0,0,0,0,0,0,0,0,0,1,1,0,1,0,1,0,0,0,0,0,0,8,0,0,0,0,0,0,0,0,0,19,0,0,0,0,0,0,1,0,0,0,0,0,0,0,0,0,1,0,0,0,0,0,0,1,0,0,0,0,0,0,1,0,0,0,0,0,0,0,0,0,0,0,0,0,0,0,0,0,0,0,0,0,0,0,0,0,0,0,0,1,0,0,0,0,0,0,0,0,0,0,0,0,0,0,0,0,0,0,0
3068241300039100019,19,0,0,0,0,0,0,0,0,0,0,0,0,1,0,0,0,0,0,0,0,2,0,0,0,1,0,0,0,0,0,0,0,0,0,0,0,0,0,7,0,0,0,0,0,0,1,0,0,0,0,0,0,0,0,0,0,0,0,0,0,0,0,0,1,0,0,0,0,0,0,0,0,0,0,1,0,0,0,0,0,0,0,2,0,0,0,0,1,0,3,0,3,0,0,5,6,0,0,0,0,0,0,0,0,0,0,0,0,0,1,0,0,0,0,0,0,0,0,0,0,0,0,1,1,0,7,0,0,0,0,0,0,0,0,0,0,0,0,0,0,0,0,0,0,0,0,0,0,0,0,0,0,0,0,0,0,0,0,0,0,0,0,0,0,0,0,0,0,0,0,0,0,0,0,0,0,0,0,0
3068241300039100021,170,0,0,2,0,3,11,1,0,1,0,0,1,0,0,1,0,1,1,0,1,0,2,5,0,3,1,8,0,0,0,0,0,0,11,0,0,15,0,3,10,2,0,4,0,32,19,14,0,0,0,0,0,0,1,0,2,0,4,0,4,0,0,0,8,1,0,0,1,0,0,0,0,0,1,0,1,0,1,2,9,0,0,3,1,0,0,1,6,0,20,0,0,0,5,31,3,0,0,1,14,0,9,0,4,0,0,17,0,0,1,0,1,8,0,0,2,0,0,1,0,5,0,4,4,1,1,0,1,3,0,0,0,0,0,0,0,0,0,1,0,0,0,0,0,0,1,0,0,0,0,0,0,0,0,0,0,0,0,0,0,0,1,0,0,0,0,0,0,0,1,0,0,1,0,1,0,0,0,0
3068241300039100022,71,2,0,1,0,0,5,0,1,0,0,0,0,0,0,0,1,0,0,2,0,11,0,0,0,5,0,1,0,0,1,1,0,0,0,0,1,1,0,20,4,0,0,0,0,9,3,0,0,0,0,0,0,1,0,0,0,1,10,0,3,0,0,0,4,0,0,0,0,1,1,0,0,0,0,0,0,2,0,0,4,0,0,16,0,0,0,0,0,0,18,0,3,0,1,27,7,1,0,1,0,0,0,0,1,0,0,0,0,0,0,0,0,0,1,0,0,0,2,0,0,1,4,2,2,0,26,0,1,0,0,0,0,0,0,0,0,0,0,0,0,0,0,0,0,0,0,0,0,0,1,0,0,0,0,0,0,0,0,1,0,0,0,0,0,0,1,0,0,0,0,0,0,0,0,0,0,0,0,0
3068241300039100023,19,5,0,1,0,0,2,1,0,2,0,0,0,0,0,4,0,0,0,7,5,0,5,2,0,2,1,37,0,0,1,1,1,0,2,0,0,7,2,0,6,2,3,1,3,1,4,2,0,1,0,0,0,0,0,2,0,0,1,0,0,1,1,0,2,0,0,0,0,1,1,0,0,0,0,0,1,0,0,5,0,0,0,6,1,0,0,0,5,1,13,0,0,0,0,0,0,0,0,0,17,0,0,0,0,0,1,1,1,0,0,0,0,0,0,0,0,2,1,0,1,2,0,1,4,1,0,0,1,0,1,0,4,0,0,0,0,0,0,0,0,0,0,0,0,0,0,0,0,0,0,0,0,0,0,0,0,0,0,1,0,0,0,2,0,0,0,0,0,0,0,0,0,0,0,0,0,0,0,1
3068241300039100025,28,10,0,3,0,0,0,0,0,1,0,0,1,7,3,0,0,1,4,1,1,0,1,5,1,0,3,10,8,0,0,0,0,0,2,1,0,0,25,0,2,109,0,0,1,0,19,13,0,10,0,0,2,0,0,9,0,0,1,1,0,0,0,0,5,1,1,0,0,3,4,8,0,1,0,0,0,0,1,0,0,2,0,1,0,0,0,0,0,2,24,0,0,0,4,1,0,1,0,0,15,2,2,1,0,0,0,2,0,0,0,0,1,0,2,0,0,1,20,1,0,0,0,0,12,0,3,0,9,0,1,0,0,0,0,0,0,0,0,0,0,0,0,0,0,0,0,0,0,0,0,0,0,0,0,0,1,0,0,0,0,0,0,1,0,0,0,0,0,0,0,0,0,1,0,0,0,0,0,0
3068241300039100026,69,0,0,1,0,0,3,0,0,0,0,0,0,0,0,0,1,1,0,0,1,9,0,0,0,3,0,0,0,0,0,1,0,0,0,0,0,2,1,13,1,0,0,0,0,5,4,1,1,0,0,0,0,0,0,2,2,0,10,0,6,0,0,0,4,0,1,0,0,0,0,1,0,0,0,0,1,2,1,0,5,0,0,12,0,0,1,0,0,0,13,0,3,0,0,10,13,0,0,2,0,1,1,0,0,0,0,0,0,0,0,0,0,0,0,1,0,0,0,0,0,0,1,2,2,0,22,0,0,1,0,0,0,0,0,0,0,0,0,0,0,0,0,0,0,0,0,1,0,0,0,0,0,0,0,0,0,0,0,0,0,0,0,0,0,0,0,0,0,0,0,0,0,0,0,0,0,0,0,0
3068241300039100029,59,1,1,1,0,0,1,0,0,2,0,0,0,0,0,0,1,1,0,2,0,2,0,0,0,4,0,0,0,0,0,0,0,0,0,0,0,0,0,8,2,0,0,0,0,6,2,0,0,0,0,0,0,0,0,0,3,0,13,0,1,0,0,1,0,0,0,0,0,0,0,0,0,0,0,0,1,0,0,0,8,0,0,13,1,0,0,0,0,0,3,0,1,0,0,2,0,0,0,2,0,0,1,0,0,0,0,0,0,0,4,0,0,0,1,0,0,1,1,0,0,0,0,0,1,0,12,0,0,0,0,0,0,0,0,0,0,1,0,0,0,0,0,0,0,0,0,0,0,0,1,0,0,0,0,0,0,0,0,0,0,0,0,0,0,0,0,0,0,0,0,0,0,0,0,1,0,0,1,0
3068241300039100030,46,0,0,0,0,0,0,0,0,1,0,0,0,0,1,0,0,0,0,0,1,3,1,0,0,7,0,1,0,0,1,1,0,0,0,0,0,0,0,14,3,0,0,0,0,4,3,1,0,0,0,0,0,0,0,1,1,0,8,0,7,0,0,0,1,1,0,0,0,0,0,0,0,0,0,0,0,0,0,0,29,0,1,20,1,0,0,0,1,0,11,0,3,0,1,8,2,0,0,1,1,0,1,0,0,0,0,0,0,0,1,0,0,0,0,0,0,0,0,0,0,0,4,0,1,0,19,0,0,0,0,0,0,0,1,0,0,0,0,0,0,0,0,0,0,0,0,0,0,0,0,0,0,0,0,0,0,0,0,0,0,0,0,0,0,0,0,0,0,0,0,0,0,0,0,0,0,0,0,0
3068241300039100034,31,0,1,0,0,0,5,0,0,0,0,0,0,0,0,1,0,1,0,0,0,0,0,0,0,0,0,1,0,0,2,0,1,0,0,0,0,4,0,1,2,0,0,1,0,4,0,0,0,0,0,0,0,0,0,0,0,0,0,0,4,0,0,0,2,0,0,0,0,0,0,0,0,0,0,0,1,0,0,1,0,0,0,2,0,0,0,0,3,0,4,0,1,0,1,2,1,1,0,1,1,0,2,0,0,0,0,5,0,0,0,0,0,2,0,0,0,1,0,0,0,2,0,0,4,0,2,0,0,0,0,0,0,0,0,0,0,0,0,0,0,0,0,0,0,0,0,0,0,0,0,0,0,0,0,0,0,0,0,0,0,1,0,0,0,0,0,0,0,0,0,0,0,0,0,0,0,0,0,0
3068241300039100035,55,6,6,0,0,1,1,0,0,0,1,0,0,0,0,2,0,0,0,0,1,0,4,2,0,0,15,8,1,0,0,2,2,0,6,6,1,10,3,0,3,3,5,0,1,2,1,13,0,0,0,0,0,0,0,5,1,1,1,0,6,0,0,0,5,0,0,0,0,1,1,0,0,0,1,0,5,0,1,2,1,0,1,6,0,0,0,0,11,0,75,1,7,0,14,18,3,4,1,3,6,8,4,0,0,0,1,0,0,0,0,0,1,0,0,0,1,3,1,0,1,1,0,3,21,0,10,3,1,0,0,1,6,0,0,0,1,1,0,1,0,0,0,1,0,2,0,0,0,0,0,0,0,0,0,0,0,0,0,1,0,0,0,0,0,0,0,1,0,0,0,0,0,0,0,0,0,0,0,0
3068241300039100037,34,3,8,0,1,0,0,0,0,1,1,1,1,1,0,4,0,1,0,5,8,0,5,0,1,0,0,9,0,1,0,1,0,0,4,0,0,5,0,1,4,0,2,0,0,2,3,4,0,0,0,0,0,0,1,4,0,1,2,2,4,0,0,0,5,1,0,0,3,0,0,1,0,0,4,0,7,0,0,0,0,0,0,8,1,0,0,0,5,0,22,0,5,0,12,7,0,1,0,0,20,1,5,0,1,1,3,0,0,0,1,0,2,0,0,0,1,1,1,0,2,1,0,0,3,1,0,2,0,2,0,1,5,0,0,0,0,0,0,0,0,1,1,0,0,0,0,0,0,0,0,0,0,0,0,1,0,0,0,0,0,0,0,0,0,0,1,0,0,0,0,0,0,0,0,0,0,0,0,0
3068241300039100038,46,13,2,3,1,1,1,0,0,0,0,0,1,6,15,0,0,1,5,0,5,1,4,5,0,0,8,20,6,0,0,1,3,0,2,2,0,3,31,0,3,123,2,1,1,1,22,17,0,8,0,0,4,0,0,8,1,0,1,0,0,1,0,0,3,4,0,0,1,5,4,11,0,0,1,0,2,0,0,3,1,1,0,0,1,1,0,0,4,7,41,0,0,1,6,1,0,1,0,0,13,6,4,1,0,0,0,1,0,0,0,0,0,0,0,1,0,2,17,4,0,1,0,1,9,0,3,0,10,0,0,0,2,0,0,0,0,0,0,1,0,0,0,0,0,0,0,1,0,0,1,0,0,0,0,0,0,0,0,0,1,0,0,2,0,0,0,0,0,0,0,0,0,0,0,0,0,0,1,0
3068241300039100039,37,0,0,0,0,1,1,0,0,3,0,0,0,0,0,0,0,2,0,0,1,1,0,0,0,4,0,0,0,0,0,0,1,0,0,0,0,0,0,5,2,0,0,0,0,3,2,0,0,1,0,0,1,0,1,1,0,0,7,0,5,0,1,0,4,0,0,0,0,0,0,1,0,0,0,0,1,1,0,0,20,0,0,20,0,0,0,0,0,0,14,0,0,0,0,2,1,0,0,1,0,0,0,1,0,0,0,0,0,0,2,0,1,0,0,0,0,0,1,0,0,0,3,1,2,0,15,0,0,0,0,0,0,0,0,0,0,0,0,0,0,0,0,0,0,0,0,0,0,0,0,0,0,0,0,0,0,0,0,0,0,0,0,0,0,0,0,0,0,0,0,0,0,0,0,0,0,0,1,0
3068241300039100040,43,0,8,0,2,0,1,0,0,1,0,0,1,0,0,0,0,0,0,1,0,0,2,0,0,2,0,0,0,0,0,3,0,0,5,0,0,6,0,1,3,0,0,0,0,3,3,4,0,1,0,0,0,0,0,0,1,0,1,0,6,0,0,0,5,0,0,0,1,0,0,1,0,0,0,0,4,0,0,0,5,1,0,0,0,0,0,1,5,0,12,0,0,1,4,8,3,0,0,0,6,0,6,0,2,0,1,1,0,0,0,0,0,0,3,0,3,0,1,0,0,2,0,0,1,0,0,0,0,0,0,0,0,0,0,0,0,0,0,0,0,0,0,0,0,0,0,0,0,0,0,0,0,0,0,0,0,1,0,0,0,0,0,0,1,0,0,0,0,0,0,0,0,0,0,0,0,0,0,0
3068241300039100042,14,0,0,0,0,0,0,0,0,0,0,0,0,0,0,0,0,0,0,0,0,1,0,0,0,6,0,0,0,0,0,0,0,0,0,0,0,2,0,4,1,0,0,0,0,3,1,0,0,0,0,0,0,0,0,1,0,0,2,0,1,0,0,0,2,0,0,0,0,0,1,0,0,0,0,0,0,0,0,0,0,0,0,6,0,0,0,0,0,0,2,0,1,0,2,1,2,0,0,0,0,0,1,0,0,0,0,0,0,0,0,0,0,0,2,0,0,0,0,0,0,0,2,0,0,0,7,0,0,1,0,0,0,0,0,0,0,0,0,0,0,0,0,0,0,0,0,0,0,0,0,0,0,1,0,0,0,0,0,0,0,0,0,1,0,0,0,0,0,0,0,0,0,0,0,0,0,0,0,0
3068241300039100043,54,0,0,0,0,0,1,0,0,1,0,0,0,0,0,0,0,0,0,0,0,5,0,0,0,3,0,2,0,0,1,0,0,0,1,0,0,2,0,5,2,1,0,0,1,10,3,0,0,0,0,0,0,0,0,0,0,0,5,0,0,0,0,0,8,0,0,0,0,0,1,1,0,0,1,0,0,0,0,0,1,0,0,12,0,0,0,0,0,1,8,0,6,0,4,10,4,0,0,0,0,0,0,0,0,0,2,0,0,0,0,1,0,0,0,0,0,1,2,0,0,0,0,0,2,0,4,0,0,0,0,0,0,0,0,0,0,0,0,0,0,0,0,0,0,0,0,0,0,0,0,0,0,0,0,0,0,0,0,0,1,0,0,1,0,0,1,0,0,0,0,0,0,0,0,1,0,0,0,0
3068241300039100045,24,0,0,0,0,0,0,0,0,0,0,0,0,0,0,0,0,0,0,0,0,0,0,0,0,0,0,0,0,0,1,0,0,0,0,0,0,0,0,1,1,0,0,0,0,2,0,1,0,0,0,0,0,0,0,1,0,0,0,0,0,0,0,0,4,0,0,0,0,0,0,0,0,0,1,0,0,0,0,0,1,0,0,2,0,0,0,0,0,0,3,0,2,0,0,3,0,0,0,1,0,0,0,0,0,0,0,0,0,0,0,0,0,0,0,0,0,1,0,0,0,0,0,0,1,0,5,0,1,0,0,0,0,0,0,0,0,0,0,0,0,0,0,0,0,0,0,0,0,0,0,0,0,0,0,0,0,0,0,0,0,0,0,0,0,0,0,0,0,0,0,0,0,0,0,0,0,0,0,0
3068241300039100046,67,0,0,1,0,0,1,0,0,0,0,0,0,0,0,3,0,0,0,0,0,2,1,1,0,5,0,1,0,0,2,0,0,0,0,0,0,0,0,6,6,0,1,0,0,0,3,0,0,0,0,0,0,0,0,0,0,0,10,0,0,0,0,0,1,1,0,0,0,0,1,0,0,0,0,0,1,0,0,0,11,0,0,20,0,0,0,0,1,1,12,0,9,0,0,0,7,0,0,4,1,0,0,1,0,0,0,1,0,0,0,1,0,0,0,0,0,2,1,0,0,0,6,2,2,0,15,0,1,0,0,0,0,0,0,0,0,0,0,0,0,0,0,0,0,0,1,0,0,0,0,0,0,0,0,0,0,0,0,0,0,0,0,0,0,0,0,0,0,0,0,0,0,0,0,0,1,0,0,0
3068241300039100053,51,1,0,0,0,0,1,0,0,0,0,0,0,0,0,0,0,0,0,1,0,1,0,0,0,7,0,1,0,0,3,2,0,0,0,0,0,0,0,11,5,0,0,0,0,4,3,0,0,0,1,0,0,1,0,2,0,0,5,0,2,0,0,0,1,0,0,0,0,0,0,0,0,0,0,0,0,1,0,0,4,0,0,10,0,0,0,0,0,0,6,0,2,0,2,7,3,0,1,1,1,0,1,0,1,0,0,0,0,0,1,0,0,0,0,0,0,0,0,0,0,0,2,0,0,0,17,0,1,0,0,0,0,0,0,0,0,0,0,0,0,0,0,0,0,0,0,0,0,0,0,1,0,0,0,0,0,0,0,0,0,0,0,0,0,0,0,0,0,1,0,0,0,0,0,0,0,0,0,0
3068241300039100055,48,0,11,0,1,0,0,0,0,0,0,0,4,1,0,0,0,2,1,2,1,0,0,1,0,1,0,4,0,0,0,1,0,0,3,0,1,3,0,0,4,0,0,0,0,1,2,12,0,1,1,0,0,0,0,0,1,0,1,0,6,0,0,0,3,0,0,0,0,0,0,1,0,0,0,0,4,0,0,0,5,1,0,0,0,0,0,0,6,0,14,0,1,0,10,7,2,0,1,2,0,0,7,0,0,0,2,3,0,1,0,1,0,3,0,0,2,0,1,0,0,0,0,0,3,0,3,0,0,2,0,0,0,0,0,0,0,0,0,0,0,0,0,0,0,0,0,0,0,0,0,0,0,0,0,0,0,1,0,0,0,0,0,0,0,0,1,0,0,0,0,0,0,1,0,0,0,0,0,0
3068241300039100063,3,0,0,0,0,0,0,0,0,0,0,0,1,1,0,0,0,0,2,0,0,0,0,1,0,0,1,1,2,0,0,0,0,0,3,0,0,0,1,0,0,4,0,0,0,1,0,1,0,0,0,0,0,0,0,0,0,0,0,0,0,0,0,0,0,0,1,0,0,0,0,1,0,0,0,0,0,0,0,0,0,0,0,0,0,0,0,0,0,0,4,0,0,0,1,0,1,0,0,0,0,1,0,0,0,0,0,0,0,0,0,0,0,0,2,0,0,0,2,0,0,0,0,0,1,0,1,0,0,0,0,0,1,0,0,0,0,0,0,0,0,0,0,0,0,0,0,0,0,0,0,0,0,0,0,0,0,0,0,0,0,0,0,0,0,0,0,0,0,0,0,0,0,0,0,0,0,0,0,0
3068241300039100064,49,0,0,1,0,0,1,0,0,1,0,0,0,0,0,0,0,1,0,0,0,3,0,0,0,5,0,0,0,0,0,0,0,0,0,0,0,4,0,10,2,0,0,0,0,10,4,0,0,0,0,0,0,0,0,0,0,0,3,0,0,0,0,0,1,0,0,0,0,0,0,0,0,0,0,1,1,0,0,0,1,1,0,5,0,0,0,0,0,1,7,0,4,0,0,6,4,0,0,0,0,0,0,0,0,0,0,0,0,0,2,0,0,0,0,0,0,0,0,0,0,0,1,0,1,0,15,1,0,0,0,0,0,0,1,0,0,0,0,1,0,0,0,0,0,0,0,0,0,0,0,0,0,1,0,0,0,0,0,0,0,0,0,1,0,0,0,0,0,0,0,0,0,0,1,0,0,0,0,0
3068241300039100065,46,0,0,1,0,0,3,0,0,0,0,0,1,0,0,0,0,0,0,0,0,5,0,1,0,2,0,1,0,0,1,0,0,0,0,0,0,1,0,8,3,0,0,0,0,9,2,0,0,0,0,0,0,0,0,0,0,0,9,0,2,0,0,0,0,0,0,0,0,0,0,0,0,0,0,1,0,0,0,0,1,0,0,10,0,0,0,0,0,0,6,0,2,0,0,2,7,0,0,0,1,1,0,0,0,0,0,0,0,0,0,0,0,0,0,0,0,2,1,0,0,0,0,0,0,0,12,0,0,0,0,0,0,0,0,0,0,0,0,0,0,0,0,0,0,0,0,0,1,0,0,0,0,0,0,0,0,0,0,0,0,0,0,0,0,0,0,0,0,0,0,0,0,2,0,0,0,0,0,0
3068241300039100066,46,0,12,1,4,1,2,0,0,0,0,0,3,0,0,0,0,0,0,1,1,2,0,0,0,1,0,3,0,1,1,4,0,0,7,0,0,11,0,0,2,0,0,5,0,1,3,21,0,2,0,0,0,1,0,0,1,0,1,0,23,0,0,0,4,1,3,1,0,0,0,0,0,0,0,0,4,1,1,0,10,1,0,1,0,0,0,1,21,0,22,0,11,1,11,10,5,1,2,1,1,0,12,0,0,1,2,4,0,1,0,0,0,2,0,0,6,1,0,0,0,0,0,0,1,0,4,2,0,2,0,0,0,0,0,0,0,0,0,0,1,0,0,0,0,0,0,1,0,0,1,0,0,0,0,0,0,0,0,0,0,0,0,0,0,0,0,0,0,0,0,0,0,0,0,0,0,1,0,0
3068241300039100067,51,0,0,0,0,0,2,0,0,1,0,0,0,0,1,0,0,0,0,1,0,0,0,0,0,4,0,0,0,0,0,0,0,0,0,0,0,0,0,2,9,0,0,0,0,5,0,0,0,0,0,1,0,0,0,0,0,0,7,0,1,0,0,0,5,2,0,0,0,0,1,0,0,0,0,0,1,4,0,0,11,0,0,23,1,0,0,0,0,0,12,0,3,0,3,1,0,0,0,5,0,1,0,1,0,0,1,0,0,0,1,0,0,0,0,0,0,1,3,0,0,0,6,0,1,0,21,1,0,0,0,0,0,0,0,0,0,0,0,0,0,0,0,0,0,0,0,0,0,0,0,0,0,0,0,0,0,0,0,0,0,0,1,0,0,0,0,0,0,0,0,0,0,0,0,0,0,0,0,0
3068241300039100072,17,0,0,0,0,0,0,0,0,0,0,0,0,0,0,1,0,0,0,0,0,1,0,0,0,1,0,0,0,0,0,0,0,0,0,0,0,0,0,3,3,0,0,0,0,1,3,0,0,0,0,0,0,0,0,0,0,0,2,0,0,0,0,0,0,1,0,0,0,0,0,0,0,0,0,0,0,0,0,0,1,0,0,7,0,0,0,0,0,0,1,0,0,0,0,0,3,0,0,0,0,0,0,0,0,0,0,0,0,0,0,0,0,0,0,0,0,0,2,0,0,1,0,0,0,0,1,0,0,0,0,0,0,0,0,0,0,0,0,0,0,0,0,0,0,0,0,0,0,0,0,0,0,0,0,0,0,0,0,0,0,0,0,0,0,0,0,0,0,0,0,0,0,0,0,0,0,0,0,0
3068241300039100076,37,0,0,1,0,0,0,0,0,0,0,0,0,0,0,0,1,0,0,1,0,0,0,0,0,3,0,1,0,1,1,1,0,0,1,0,0,0,0,0,2,0,0,0,0,4,3,0,0,0,1,0,0,0,2,1,0,0,4,0,1,0,0,0,2,1,0,0,0,0,0,0,0,0,1,0,0,1,0,0,0,0,0,17,0,0,0,0,0,0,6,0,2,0,0,3,8,0,0,1,0,0,0,0,1,0,0,0,0,0,1,0,0,0,0,0,0,0,0,0,0,0,1,0,0,0,8,0,0,0,0,0,0,0,0,0,0,0,0,0,0,0,0,0,0,0,0,0,1,0,1,0,0,0,0,0,0,0,0,0,0,0,0,0,0,0,0,0,0,0,0,0,0,0,0,0,0,0,0,0
3068241300039100077,51,0,0,1,0,0,1,0,0,0,0,1,1,0,0,0,0,1,0,0,0,15,1,0,0,5,0,0,0,0,1,1,0,0,0,0,0,1,0,13,3,0,1,0,0,7,1,1,0,0,0,0,0,1,0,3,0,1,7,0,6,0,0,0,5,1,0,0,1,0,0,1,0,0,1,0,0,0,0,0,0,0,0,6,0,0,0,0,0,0,10,0,7,0,2,11,11,0,1,4,1,0,1,0,0,0,0,0,0,0,1,1,0,0,0,0,0,5,0,0,0,0,1,0,2,0,13,2,1,0,0,0,0,0,0,0,0,0,0,0,0,0,0,0,0,0,1,0,0,0,0,0,0,0,1,0,0,1,0,0,0,0,0,0,0,0,0,0,0,0,0,0,0,0,0,1,0,0,0,0
3068241300039100078,90,0,0,3,0,0,5,0,0,0,1,0,0,1,0,0,0,1,0,0,0,0,0,0,0,6,0,0,0,0,1,2,0,1,1,0,0,0,0,6,6,0,0,0,0,4,5,0,0,0,0,0,0,0,0,2,0,1,3,1,2,0,0,0,3,2,0,0,0,0,1,0,0,0,0,0,2,1,0,0,3,0,0,17,0,0,0,0,0,0,8,1,1,0,0,4,5,0,0,3,2,0,0,1,0,0,0,1,0,0,2,1,1,0,2,0,0,0,1,0,0,1,4,1,1,1,9,1,0,0,0,0,0,0,0,0,0,0,0,0,0,0,0,0,0,0,0,1,0,0,0,0,0,0,0,0,0,2,0,0,0,0,0,0,0,0,0,0,0,0,0,0,0,1,0,0,0,0,0,0
3068241300039100079,27,0,4,0,0,1,0,0,0,0,0,0,1,2,0,8,1,1,0,1,10,1,0,1,0,0,0,26,0,0,0,0,0,0,4,0,0,2,0,1,3,0,2,0,0,0,0,0,0,1,0,0,0,0,0,0,0,1,0,0,0,0,0,1,1,0,0,0,0,0,0,0,0,0,1,0,10,0,0,2,0,0,0,9,0,0,0,0,5,1,13,0,0,0,3,11,0,0,0,0,20,0,3,0,0,0,1,0,0,0,1,0,0,0,0,0,1,2,4,0,1,0,1,0,3,0,1,1,0,0,0,9,2,0,0,0,0,1,0,0,0,0,0,0,0,0,0,0,0,0,0,0,0,0,0,0,0,0,0,0,1,0,0,2,0,0,0,0,0,0,0,0,0,0,0,1,0,0,1,0
3068241300039100080,60,0,0,1,0,0,3,0,0,0,0,0,0,0,0,0,0,0,0,0,0,0,0,1,0,6,0,0,0,0,1,0,0,0,0,0,0,0,0,5,5,0,0,0,0,2,1,2,1,0,1,0,0,0,0,1,1,0,9,0,0,0,0,0,5,0,0,0,0,0,0,0,0,0,0,0,0,2,0,0,2,0,0,17,0,0,0,0,0,0,6,0,5,0,0,0,3,0,0,3,0,0,0,1,1,0,0,0,0,0,0,0,0,0,0,1,0,0,1,0,1,0,4,1,2,0,11,0,0,1,0,0,0,0,0,0,0,0,0,0,0,0,0,0,0,1,0,0,0,0,0,0,0,0,0,0,0,0,0,0,0,0,0,0,0,0,0,0,0,0,0,0,0,0,0,0,0,0,0,0
3068241300039100081,44,5,1,1,2,0,2,0,0,2,0,0,0,5,7,0,0,0,0,1,2,1,3,8,0,0,4,8,3,0,0,0,0,0,0,1,0,5,6,0,0,13,1,1,0,2,3,7,0,6,0,0,0,1,0,6,0,0,2,0,0,1,0,0,4,0,0,0,0,0,2,0,0,0,0,0,2,0,0,0,1,0,0,4,0,2,0,2,7,1,17,0,0,0,5,2,0,1,0,5,18,10,3,3,0,0,1,5,0,1,0,0,0,0,1,0,0,2,3,0,1,1,0,0,9,0,13,0,2,2,1,0,1,1,0,0,0,0,0,2,0,0,0,0,0,0,1,0,0,0,1,0,0,1,0,0,0,0,0,0,0,0,0,2,0,0,0,0,0,1,0,0,0,0,0,0,1,0,0,0
3068241300039100084,58,4,9,2,1,2,0,0,0,0,0,0,1,0,0,5,0,0,0,6,9,0,0,0,5,0,2,48,1,1,2,1,3,0,2,1,0,10,1,0,3,2,4,1,0,0,1,16,0,2,1,0,1,1,0,0,0,2,3,0,0,1,0,0,5,2,0,1,3,2,0,0,0,1,0,0,5,0,0,6,3,3,1,5,0,0,0,1,21,0,30,0,2,0,4,17,0,0,0,4,50,0,4,0,0,1,1,0,0,0,2,1,0,0,0,0,0,2,8,0,3,1,1,1,6,0,6,2,1,0,0,6,14,0,0,0,0,0,0,0,0,0,0,0,0,1,0,0,1,0,0,0,0,0,0,0,0,1,0,0,0,1,0,3,0,0,0,0,0,0,0,1,0,0,0,0,0,0,0,1
3068241300039100088,56,0,0,0,0,0,1,0,0,3,1,0,0,0,0,0,0,0,1,0,0,4,0,1,1,9,0,0,0,0,3,1,0,0,1,0,0,1,0,8,4,0,0,0,0,9,0,0,0,0,0,0,0,0,0,0,0,0,5,0,0,0,0,0,2,0,0,0,0,0,0,0,0,0,1,0,0,2,0,0,12,0,0,24,0,0,0,0,0,0,8,0,5,0,1,8,4,0,0,0,0,0,1,0,3,0,0,0,0,0,0,1,0,0,0,0,0,0,0,0,0,0,4,0,0,0,21,0,0,0,0,0,0,0,0,0,0,0,0,0,0,0,0,0,0,0,0,0,0,0,1,0,0,0,0,1,0,0,0,0,0,0,0,0,0,0,0,0,0,0,0,0,0,0,0,0,0,0,0,0
3068241300039100089,42,0,0,0,0,0,3,0,0,0,0,0,0,1,0,0,0,0,0,1,0,0,0,1,0,5,0,1,0,0,4,0,0,0,1,0,0,0,1,5,3,0,0,0,0,2,2,0,0,1,0,0,0,0,0,0,0,0,3,0,0,0,0,0,1,8,0,0,0,0,0,0,0,0,0,0,1,2,0,0,1,0,1,24,0,0,0,0,0,0,8,0,0,0,3,6,0,0,1,1,0,1,0,0,0,0,0,0,0,0,0,0,0,0,0,0,0,0,1,0,0,0,3,3,0,0,20,0,0,0,0,0,0,0,0,0,0,0,0,0,0,0,0,0,0,0,0,0,1,0,0,0,0,0,0,0,0,0,0,0,0,0,0,0,0,0,0,1,0,0,0,0,0,0,0,0,0,0,0,1
3068241300039100090,30,0,0,0,0,0,6,0,0,0,0,0,0,0,0,1,0,0,0,1,0,0,2,0,1,0,0,2,0,0,0,0,0,0,0,0,0,0,1,4,1,0,0,0,0,6,7,2,0,0,0,0,0,0,1,0,2,0,1,0,0,0,0,0,6,1,0,0,0,0,1,0,0,0,0,0,0,0,0,0,1,0,1,1,0,0,0,0,1,0,4,0,1,0,0,3,2,0,0,0,3,0,0,0,0,0,0,14,0,0,0,0,0,1,1,0,0,1,1,0,0,4,0,0,0,1,1,1,0,1,0,0,0,0,0,0,0,0,0,0,0,0,0,0,0,0,0,0,0,0,0,0,0,0,0,0,0,0,0,0,0,0,0,0,0,0,0,1,0,0,0,0,0,0,0,0,0,0,0,0
3068241300039100092,67,0,0,1,0,0,1,0,0,0,0,0,1,0,0,0,0,1,0,1,0,0,0,0,0,3,0,0,0,1,0,1,0,0,1,0,0,0,0,7,5,0,0,0,0,3,4,0,0,0,0,0,0,0,0,2,0,1,7,0,2,0,0,0,3,7,0,0,0,1,0,0,0,0,1,0,0,2,0,0,10,0,0,29,1,0,0,0,0,0,7,0,5,0,0,13,8,0,0,0,0,0,0,0,0,0,0,0,0,0,2,0,1,1,0,0,0,1,0,0,0,0,4,1,3,0,9,0,0,0,0,0,0,0,0,0,0,0,0,0,0,0,0,1,0,0,0,0,0,0,1,0,0,0,0,0,0,0,0,0,0,0,0,0,0,1,0,0,0,0,0,0,0,0,0,0,0,0,0,0
3068241300039100093,49,0,11,2,2,1,2,0,0,3,0,0,2,0,1,0,0,1,1,0,0,4,1,2,0,1,0,10,0,0,0,1,0,1,17,0,0,0,0,0,0,1,0,1,2,1,0,12,0,0,1,0,1,0,0,0,2,0,3,0,2,0,0,0,5,1,0,0,0,0,0,0,0,0,1,1,8,0,1,1,13,3,0,1,0,0,0,2,8,0,32,0,6,0,4,1,2,1,5,2,3,0,16,0,0,0,0,3,0,0,0,0,0,3,0,0,8,0,1,1,0,2,0,0,6,0,3,2,0,1,1,0,0,0,0,0,0,0,0,0,0,0,0,0,1,0,0,0,0,0,0,0,0,0,0,0,0,0,0,1,0,0,0,1,0,0,0,0,0,0,0,0,0,0,0,0,0,0,0,0
3068241300039100094,17,0,0,0,0,0,0,0,0,0,0,0,0,0,0,0,0,1,0,1,0,0,1,0,0,0,0,0,0,0,0,0,0,0,0,0,0,0,0,1,1,0,0,0,0,1,1,0,0,0,0,0,2,0,0,0,0,0,3,0,0,0,0,0,5,0,0,0,0,0,0,0,0,0,0,0,0,0,0,0,0,0,0,10,0,0,0,0,0,0,6,0,0,0,1,3,3,0,0,0,0,0,0,0,0,0,0,0,0,0,0,0,0,0,0,0,0,0,0,0,0,1,0,0,0,0,6,2,0,0,0,0,0,0,0,0,0,0,0,0,0,0,0,0,0,0,0,0,0,0,0,0,0,0,0,0,0,0,0,0,0,0,0,0,0,0,0,0,0,0,0,0,0,1,0,0,0,0,0,0
3068241300039100099,57,0,0,0,0,0,1,0,0,0,0,0,0,0,0,1,0,0,0,0,0,0,0,0,0,2,0,0,0,0,4,0,0,0,1,0,0,0,0,8,4,0,0,0,0,3,0,0,0,0,0,0,0,0,0,2,0,0,7,0,1,0,0,0,3,0,0,0,0,0,0,0,0,0,0,0,0,1,0,0,6,0,0,25,0,0,0,0,0,0,8,0,3,0,0,14,5,0,0,0,0,0,0,0,0,0,0,0,0,0,0,1,0,0,0,0,0,0,0,0,0,0,1,0,1,0,10,1,0,0,0,0,0,0,0,0,0,0,0,0,0,0,0,0,0,0,0,0,0,0,0,0,0,0,0,0,0,0,0,0,0,0,0,0,0,0,0,0,0,0,0,0,0,0,0,0,0,1,0,0
3068241300039100102,51,0,0,0,0,0,2,0,0,5,0,0,0,0,0,0,2,0,0,0,0,0,2,0,0,6,0,0,0,0,2,1,0,0,0,0,0,0,0,2,1,0,0,1,0,2,3,1,0,0,0,0,0,0,0,2,0,0,1,0,1,0,0,0,3,8,0,0,0,0,0,0,0,0,0,0,0,2,0,0,0,0,0,11,0,0,0,0,0,1,7,0,8,0,0,2,0,0,0,4,0,0,0,0,0,0,0,0,0,0,1,0,0,0,0,0,0,1,0,0,1,2,3,2,1,0,0,0,0,0,0,0,0,0,0,0,0,0,0,0,0,0,0,0,0,0,0,0,0,0,0,0,0,0,0,0,1,0,0,0,0,0,0,0,0,0,0,0,0,0,0,0,0,0,0,0,0,0,0,0
3068241300039100103,51,0,0,0,0,0,0,0,0,1,0,0,1,0,0,0,0,0,0,0,0,0,0,0,0,1,0,0,0,0,0,0,0,0,0,0,0,0,0,2,2,0,0,0,0,1,2,0,0,0,0,0,0,0,0,0,0,0,3,0,1,0,0,0,2,3,0,0,0,0,0,0,0,0,1,0,0,0,0,0,3,0,0,23,0,0,0,0,0,0,4,0,5,0,4,6,4,0,0,0,1,0,0,0,0,0,0,0,0,0,0,0,0,0,0,0,0,1,2,0,0,0,2,0,1,1,3,0,0,0,0,0,0,0,0,0,0,0,0,0,0,0,0,0,0,0,0,0,0,0,0,0,0,0,0,0,0,0,0,0,0,0,1,0,0,1,0,0,0,0,0,0,0,0,0,0,0,0,0,0
3068241300039100104,42,1,0,0,0,0,3,0,0,0,0,0,0,0,1,1,0,0,0,0,1,2,0,0,0,6,0,0,0,1,1,1,0,1,0,0,0,0,0,11,2,0,0,0,1,4,2,0,0,0,0,0,0,0,0,0,1,0,10,0,2,0,0,0,4,0,0,0,0,0,0,0,0,0,0,0,0,0,0,1,11,0,1,19,0,0,0,0,0,0,7,0,0,0,4,4,3,1,0,0,0,0,0,0,0,0,0,0,0,0,0,1,0,0,1,0,0,1,2,0,0,0,4,1,0,0,19,0,0,0,1,0,1,0,0,0,0,0,0,0,0,0,0,0,0,0,0,0,0,0,0,0,0,0,0,1,0,0,0,0,0,0,0,0,0,0,0,0,0,0,0,0,0,1,1,0,0,0,0,0
3068241300039100105,95,0,1,0,0,0,6,0,0,0,0,0,0,0,1,0,0,0,0,1,1,0,1,0,1,6,1,0,0,0,3,0,0,0,0,0,0,0,0,5,10,1,1,0,1,9,5,5,0,0,0,1,1,0,0,0,4,1,11,0,1,0,0,0,13,2,0,0,0,0,0,0,0,0,1,0,0,0,0,0,8,0,0,23,0,0,0,0,0,0,20,0,6,0,0,8,9,1,0,1,4,0,1,0,0,1,0,1,0,1,0,0,0,0,1,0,1,0,0,0,0,1,3,4,0,0,16,0,0,0,0,0,0,0,0,0,0,0,0,0,0,0,0,0,0,0,0,0,0,0,2,0,0,1,0,1,0,0,0,0,0,0,0,1,0,0,0,0,0,0,0,0,0,2,0,0,0,0,0,0
3068241300039100106,42,0,0,0,1,0,3,0,0,1,0,0,0,0,0,0,0,0,0,0,5,0,0,2,1,0,1,4,0,0,0,1,2,0,0,1,0,1,0,4,2,0,0,2,0,4,3,3,0,0,1,0,0,0,3,0,0,0,0,0,1,0,0,0,1,0,0,0,0,0,0,0,0,0,0,0,1,0,1,0,0,0,0,0,0,0,0,1,0,1,5,0,0,0,0,0,0,0,0,0,2,0,0,0,0,0,0,6,0,1,0,0,0,0,1,0,1,1,0,0,0,4,0,1,0,0,0,1,0,2,0,0,0,0,0,0,0,0,0,1,0,0,0,0,0,1,0,1,0,0,0,0,0,0,0,0,0,0,0,0,0,0,0,0,0,0,0,0,0,0,0,0,0,0,0,0,0,0,0,0
3068241300039100107,47,0,4,2,0,1,0,0,0,0,0,0,0,0,0,9,0,0,1,1,9,0,2,0,2,1,1,44,1,0,3,0,2,0,0,0,1,6,1,0,4,0,3,0,1,0,2,30,0,0,0,0,0,0,0,0,1,0,0,1,2,0,0,0,0,0,0,0,1,0,0,1,0,0,0,0,1,0,0,3,2,2,0,24,0,0,0,0,3,0,36,0,0,0,4,24,0,0,0,0,43,0,2,0,1,0,0,1,0,0,5,0,0,0,0,0,0,3,11,0,0,0,0,1,13,1,11,2,1,0,0,6,0,1,0,0,0,0,0,0,1,0,0,0,0,0,0,0,0,0,1,0,0,0,0,0,0,1,0,0,1,0,0,0,0,0,0,0,0,0,0,1,0,0,0,0,1,0,0,0
3068241300039100109,43,0,0,0,0,0,2,0,0,0,0,0,0,0,0,1,1,0,0,1,1,0,1,0,0,3,0,1,0,0,1,0,0,0,0,0,0,0,0,5,3,0,0,0,0,0,0,1,0,0,0,0,0,0,0,2,0,0,3,0,0,0,0,0,2,3,1,0,0,0,0,0,0,0,0,0,0,4,0,0,1,0,0,21,0,0,1,0,1,0,8,0,2,0,1,2,3,0,0,0,0,0,0,0,1,0,0,0,0,1,0,1,0,0,1,0,0,2,0,0,0,0,3,1,1,0,11,0,0,0,0,0,0,0,0,0,0,0,0,0,1,0,0,0,0,0,0,0,0,0,0,0,0,0,0,0,0,0,0,1,0,0,0,0,0,1,0,0,0,0,0,0,0,0,0,0,0,0,0,0
3068241300039100111,52,0,0,1,0,0,4,0,0,0,0,1,0,0,0,0,0,0,0,0,0,0,0,1,0,6,0,0,1,0,0,1,0,0,1,0,1,0,0,7,5,0,0,0,0,2,3,0,0,0,0,0,0,0,0,1,0,0,13,0,0,0,0,0,1,3,0,0,0,0,0,0,0,0,1,1,0,4,0,0,3,0,0,25,0,0,0,0,0,0,13,0,7,0,1,4,6,0,0,1,1,0,0,2,2,0,0,0,0,0,1,0,0,0,1,0,0,0,1,0,0,0,4,1,2,0,14,0,0,0,0,0,0,0,0,0,0,0,0,0,0,0,0,1,0,0,0,0,0,0,0,0,0,0,0,0,0,0,0,0,0,0,1,0,0,0,0,0,0,0,0,0,0,0,0,0,0,0,0,0
3068241300039100112,28,0,0,1,0,0,2,0,0,1,0,0,0,0,0,0,0,0,0,0,0,0,0,0,0,2,0,1,0,0,1,1,0,0,0,0,0,0,0,1,2,0,0,0,0,4,1,0,0,0,0,0,0,0,0,2,0,0,12,0,0,0,0,0,0,0,0,0,0,0,1,0,0,0,0,0,0,3,0,0,2,0,0,18,0,0,0,0,0,0,6,0,4,0,1,8,4,0,0,1,0,0,0,0,0,0,0,0,0,0,0,1,0,0,1,0,0,2,1,0,0,0,2,0,0,0,2,0,0,0,0,0,0,0,0,0,0,0,0,0,0,0,0,0,0,0,0,0,0,0,0,0,0,0,0,0,0,0,0,0,0,0,0,0,0,0,0,0,0,0,0,0,0,0,0,0,0,0,0,0
3068241300039100113,7,0,0,0,0,0,2,0,0,0,0,0,0,0,1,0,3,0,0,0,0,0,1,0,0,0,0,0,0,0,0,0,0,0,0,0,0,0,0,0,4,0,1,0,0,2,0,0,0,0,0,0,0,0,0,1,0,0,0,0,0,0,0,0,0,0,0,0,0,0,0,0,0,0,0,0,0,1,1,0,0,0,0,0,0,0,0,0,0,0,0,0,0,0,1,1,1,0,0,0,0,0,0,0,1,0,0,0,2,0,0,0,0,0,0,0,0,0,0,0,0,0,1,1,0,0,0,0,0,0,0,0,0,0,0,0,0,0,0,0,0,0,0,0,1,0,0,0,0,1,0,0,0,0,0,0,0,0,0,0,0,0,0,0,0,0,0,0,0,0,0,0,0,0,0,0,0,0,0,0
3068241300039100118,20,0,0,0,0,0,1,0,0,0,0,0,0,0,0,0,0,0,0,0,0,0,0,0,0,1,0,0,0,0,0,0,0,0,0,0,0,0,0,0,2,0,0,0,1,1,0,0,0,0,0,0,0,0,0,2,0,0,1,1,0,0,0,0,0,0,0,0,0,0,0,0,0,0,0,0,0,0,0,0,0,0,0,3,0,0,0,0,0,0,4,0,1,0,0,0,0,0,1,0,1,0,0,0,1,0,0,0,0,0,0,0,0,0,0,0,0,0,0,0,0,0,0,0,0,0,2,0,0,0,0,0,0,0,0,0,0,0,0,0,0,0,0,0,0,0,0,0,0,0,0,0,0,0,0,0,0,0,0,0,0,0,0,0,0,0,1,0,0,0,0,0,0,0,0,0,0,0,0,0
3068241300039100124,29,0,0,0,0,0,0,0,0,0,0,0,0,0,0,0,0,0,0,0,0,0,0,0,0,0,0,0,0,0,0,0,2,0,0,0,0,0,0,3,0,0,0,1,0,1,1,1,0,0,0,0,0,0,0,0,0,0,2,0,0,0,0,0,1,1,0,0,0,0,0,0,0,0,1,0,0,0,0,1,0,0,0,3,0,0,0,0,0,0,10,0,6,0,1,1,1,0,0,0,1,0,0,0,0,0,0,0,0,0,0,0,0,0,1,0,0,0,1,0,0,1,0,0,0,0,1,0,0,0,0,0,0,0,0,0,0,0,0,0,0,0,0,0,0,0,0,0,0,0,1,0,0,0,0,0,0,0,2,0,0,0,0,0,0,0,0,0,0,0,0,0,0,0,0,0,0,0,0,0
3068241300039100125,102,0,5,0,4,0,2,1,0,0,1,1,3,0,1,0,1,2,0,1,2,1,3,2,0,1,0,3,0,0,1,3,0,0,7,0,1,2,3,5,2,0,0,2,0,8,5,39,0,0,1,0,0,0,1,0,0,0,0,0,11,0,0,0,4,0,3,0,1,1,0,2,1,0,0,0,4,0,1,0,6,6,0,2,0,0,0,0,3,0,18,0,3,0,3,1,3,1,0,0,8,0,9,1,0,11,1,0,0,0,0,0,0,1,1,0,4,2,1,0,0,4,0,6,6,0,6,1,0,2,0,0,0,0,0,0,0,0,0,0,1,0,0,0,0,0,0,1,0,0,0,0,0,1,0,1,0,0,0,0,0,0,1,0,0,0,0,1,0,0,0,0,0,0,0,0,0,0,0,0
3068241300039100127,40,0,0,0,0,0,2,0,0,0,0,0,0,0,0,0,0,0,0,0,0,0,0,3,0,0,0,0,0,0,1,0,0,0,0,0,0,0,0,5,1,0,0,0,0,0,0,0,0,0,0,0,1,0,0,0,1,0,4,0,0,0,0,0,3,1,0,0,0,0,0,0,0,0,0,0,0,1,0,0,1,0,0,6,0,0,0,0,0,0,5,0,4,0,0,4,5,0,0,0,0,0,0,0,1,0,0,0,0,0,0,0,0,1,0,0,1,0,1,0,0,0,3,0,1,0,6,0,0,0,0,0,0,0,0,0,0,0,0,0,0,1,0,0,0,0,0,0,0,0,0,0,0,0,0,0,0,0,0,0,0,0,0,0,0,0,0,0,0,0,0,0,0,0,0,0,0,0,1,0
3068241300039100128,25,0,0,0,0,0,0,0,0,1,0,0,0,0,0,0,0,0,1,0,0,0,0,0,0,0,0,0,0,0,1,0,0,0,0,0,0,0,0,1,3,0,0,0,0,1,1,0,0,0,0,0,0,0,0,1,1,0,1,0,0,0,0,0,1,3,0,0,0,0,0,0,0,0,0,0,0,0,0,0,1,0,0,3,0,0,0,0,0,0,6,0,2,0,0,0,0,0,1,1,0,0,0,0,0,0,0,0,0,0,0,0,0,0,0,0,0,0,0,0,0,0,1,0,0,0,1,0,0,0,0,0,0,0,0,0,0,0,0,0,0,0,0,0,0,0,0,0,0,0,0,0,0,0,0,0,0,0,0,0,0,0,0,0,0,0,0,0,0,0,0,0,0,0,0,0,0,0,0,0
3068241300039100129,29,0,0,0,0,0,0,0,0,1,0,0,0,0,0,4,1,0,0,7,4,0,1,0,1,2,0,80,0,0,0,1,0,0,1,0,0,5,0,1,2,0,0,0,0,2,6,3,0,0,0,0,0,1,0,0,0,0,0,0,0,0,0,0,0,0,0,0,1,0,0,0,0,1,0,0,1,1,1,0,0,0,1,2,0,2,0,0,0,1,15,0,0,0,0,0,1,0,0,0,88,0,0,0,0,1,0,1,0,0,0,0,0,1,0,0,0,1,1,0,0,1,0,0,1,0,0,1,0,0,1,0,2,0,1,0,0,0,2,0,0,0,0,0,0,0,0,0,1,0,0,0,0,0,0,0,0,0,0,0,1,0,0,0,0,0,0,0,0,1,0,0,0,0,1,0,0,0,0,0
3068241300039100133,104,1,3,0,4,0,2,0,0,2,0,0,3,0,2,0,0,0,1,2,0,3,6,3,0,0,0,11,0,1,2,1,0,0,4,2,0,1,0,3,5,0,0,2,0,4,1,29,0,0,2,0,0,0,0,3,2,0,3,0,8,0,0,0,13,4,3,0,0,0,0,0,0,0,2,0,6,0,4,0,10,2,0,13,1,0,0,0,4,0,40,0,1,0,4,10,9,1,1,1,18,0,9,4,0,3,0,1,1,0,0,0,0,4,2,0,8,2,0,1,0,1,0,0,6,0,13,2,2,2,0,0,0,0,0,0,0,1,0,1,0,0,0,0,0,0,0,0,0,0,0,0,0,0,0,1,0,1,0,0,0,0,0,0,0,0,0,0,0,0,0,0,1,0,0,0,0,0,0,1
3068241300039100134,17,0,0,0,0,0,0,0,0,1,0,0,0,0,0,0,0,0,0,0,0,0,1,0,0,0,0,4,0,0,0,0,0,0,0,0,1,0,0,0,0,0,0,0,0,1,1,1,0,0,0,0,0,0,0,0,0,0,0,0,0,0,0,0,1,0,0,0,0,0,0,0,0,0,0,0,2,0,0,0,0,0,0,1,0,0,0,0,0,0,8,1,0,0,0,0,0,0,1,1,3,0,0,0,3,0,0,0,0,0,0,0,0,1,0,0,0,2,0,0,1,0,0,1,1,0,0,0,0,0,0,0,0,0,0,0,0,0,0,0,0,0,0,0,0,0,0,0,0,0,0,0,0,0,0,0,0,0,0,0,0,0,0,0,0,0,0,0,0,0,0,0,0,0,0,0,0,0,0,0
3068241300039100135,61,1,0,1,0,0,3,0,0,1,0,0,0,0,0,0,0,0,0,0,0,0,0,0,0,3,0,0,0,0,0,0,0,0,0,0,0,0,0,5,4,0,0,0,0,3,0,0,0,0,0,0,0,0,0,4,1,0,2,0,0,0,0,0,1,3,0,0,0,0,0,0,0,0,3,0,0,0,0,0,0,0,0,18,0,0,0,0,0,0,10,0,3,0,2,6,6,0,0,2,0,0,1,0,0,0,0,0,0,0,1,0,0,0,0,0,0,0,0,0,0,2,3,0,2,0,5,0,0,0,0,0,0,0,0,0,0,1,0,0,0,0,0,0,0,0,0,0,0,0,0,0,0,0,0,0,0,1,0,0,0,0,0,1,0,0,0,0,0,0,0,0,0,0,0,0,0,0,0,0
3068241300039100136,31,0,0,0,0,0,1,0,0,0,0,0,0,0,0,4,0,0,0,1,8,0,0,1,0,0,0,4,0,0,0,0,0,0,2,0,0,2,0,0,2,0,0,0,0,2,1,3,0,0,1,0,0,0,0,0,0,1,0,0,0,0,0,0,2,0,0,0,0,0,0,0,0,0,0,0,2,0,0,1,0,0,0,0,0,0,0,0,0,0,4,0,4,0,1,1,0,1,0,0,4,0,2,1,0,1,0,3,0,0,0,0,0,0,0,1,0,3,0,0,0,1,0,0,1,0,0,1,0,0,0,0,3,0,0,0,0,0,0,0,0,0,0,0,0,0,0,0,0,0,0,0,0,0,0,0,0,0,0,0,0,0,0,0,0,0,0,0,0,0,0,0,0,0,0,0,0,1,0,0
3068241300039100137,15,0,0,0,0,0,0,0,0,2,0,0,0,0,0,0,0,0,0,0,0,0,0,1,0,0,0,0,0,0,0,0,0,0,0,0,0,0,0,0,0,0,0,0,0,1,0,1,0,0,0,0,0,0,0,2,0,0,1,0,0,0,0,0,8,1,0,0,0,0,0,0,0,0,0,0,0,0,0,0,0,0,0,0,0,0,0,0,0,0,6,0,0,0,0,4,0,0,0,0,0,0,0,0,0,0,0,0,0,0,0,0,0,0,0,0,0,0,0,0,0,2,2,0,0,0,0,0,0,0,0,0,0,0,0,0,0,0,0,0,0,0,0,0,0,0,0,0,0,0,0,0,0,0,0,0,0,0,0,0,0,0,0,0,0,0,0,0,0,0,0,0,0,0,0,0,0,0,0,0
3068241300039100138,20,0,0,0,0,0,0,0,0,1,0,1,0,0,0,0,0,0,0,0,1,0,0,0,0,2,0,0,0,0,1,0,0,0,0,0,0,0,0,0,2,0,0,0,0,1,0,0,0,0,0,0,0,0,0,0,0,0,0,0,0,0,0,0,1,5,0,0,0,0,0,0,0,0,0,0,0,0,1,1,0,0,0,4,0,0,0,0,0,0,4,0,1,0,0,4,0,0,0,3,0,0,0,0,0,0,0,0,0,0,0,0,0,0,0,0,0,0,0,0,0,0,0,0,0,0,0,0,0,0,0,0,0,0,0,0,0,0,1,0,0,0,0,0,0,0,0,0,0,0,0,0,0,0,0,0,0,0,0,0,0,0,0,0,0,0,0,0,0,0,0,0,0,0,0,0,0,0,0,0
3068241300039100139,26,0,0,0,0,0,1,0,0,2,0,0,0,0,0,0,0,0,0,0,0,0,0,0,0,2,0,0,0,0,0,0,0,0,0,0,0,1,0,5,1,0,0,0,0,1,2,0,0,0,0,0,0,0,0,0,0,0,1,0,0,0,0,0,1,0,0,0,0,0,0,0,0,0,0,0,0,0,1,0,0,0,0,11,0,0,0,0,0,0,2,0,2,0,0,8,8,0,0,0,1,0,0,0,0,0,0,0,0,0,1,0,0,0,0,0,0,0,0,0,0,0,1,0,0,0,1,0,0,0,0,0,0,0,0,0,0,0,0,0,0,0,0,0,0,0,0,0,0,0,0,0,0,0,0,0,0,0,0,0,0,0,0,0,0,0,0,0,0,0,0,0,0,1,0,0,0,0,0,0
3068241300039100142,10,0,0,0,0,0,0,0,0,0,0,0,0,0,0,0,0,0,0,6,2,0,0,1,1,2,0,60,0,0,0,0,0,0,1,0,0,0,0,0,0,0,0,0,0,0,2,0,0,0,0,0,0,0,0,0,1,0,0,0,0,0,0,0,0,0,0,0,1,0,0,1,0,0,0,0,1,0,0,0,0,0,0,0,0,0,0,0,0,0,5,0,0,0,0,1,0,0,0,0,51,0,0,0,0,1,0,1,0,0,0,0,0,0,0,0,0,0,0,0,2,0,1,0,0,0,0,0,0,1,0,0,0,0,0,0,0,0,0,0,0,0,0,0,0,0,0,0,0,0,0,0,0,0,0,0,0,0,0,0,1,0,0,0,0,0,0,0,0,0,0,0,0,0,0,0,0,0,0,0
3068241300039100147,52,0,1,0,2,0,2,0,0,0,0,0,3,0,0,0,0,0,0,1,0,2,1,0,0,1,0,8,0,0,1,0,0,0,1,0,1,0,3,0,2,0,0,1,1,3,0,12,0,0,2,0,0,0,0,1,0,0,1,0,0,1,0,0,7,1,0,0,0,0,0,0,0,1,0,0,4,0,0,0,4,3,0,11,0,0,0,1,1,0,21,0,2,0,3,4,2,1,0,1,4,0,7,0,0,2,0,4,0,0,0,1,0,1,2,0,3,0,0,0,0,2,1,0,6,0,3,3,1,5,0,0,0,0,0,0,0,0,0,1,0,0,0,0,0,0,0,1,0,0,0,0,0,0,0,0,0,0,0,0,0,0,0,0,0,0,0,0,0,0,0,0,0,0,0,0,0,0,0,0
3068241300039100149,16,0,6,0,3,0,1,0,0,0,0,0,0,0,0,0,0,0,0,0,0,2,0,0,0,0,0,2,0,0,0,1,0,0,7,0,0,1,0,0,0,0,0,1,0,1,0,8,0,0,0,0,0,0,1,0,0,0,0,1,2,0,0,0,3,0,0,0,0,0,1,0,0,0,0,0,3,0,2,0,6,1,0,0,0,1,0,2,3,0,3,0,1,0,0,1,1,0,0,0,1,0,8,0,0,4,2,0,0,0,0,0,0,2,1,0,1,1,0,0,0,1,0,0,3,0,0,1,0,1,0,0,0,0,0,0,0,0,0,0,0,0,0,0,0,0,0,0,0,0,0,0,0,0,0,0,0,0,0,0,0,0,0,0,0,0,0,0,0,0,0,0,0,0,0,0,0,0,0,0
3068241300039100150,24,0,4,0,1,0,0,0,0,0,0,0,2,0,1,0,0,0,0,0,0,1,0,0,0,0,0,6,0,0,0,0,0,0,1,0,0,0,0,0,2,0,0,0,0,0,0,7,0,0,1,0,0,0,0,1,0,0,1,0,1,1,0,0,5,0,0,0,0,0,0,0,0,0,0,0,1,0,2,0,1,2,0,1,0,0,0,0,3,0,6,0,4,0,4,0,3,0,0,0,5,0,8,0,1,4,1,2,1,0,0,0,0,2,0,0,4,0,0,0,0,0,1,0,2,0,1,0,0,4,0,0,0,0,0,0,0,0,0,0,1,0,0,1,0,0,0,0,0,0,0,0,0,0,0,0,0,0,1,0,0,0,0,0,0,0,0,0,0,0,0,0,0,1,0,0,0,0,0,0
3068241300039100151,26,0,4,0,0,0,0,0,0,0,0,1,0,0,0,0,0,1,0,0,0,1,1,0,0,0,0,1,0,0,0,0,0,0,1,0,0,3,0,0,1,0,0,1,5,0,1,9,0,0,0,0,0,0,1,0,1,0,0,0,4,1,0,0,5,0,0,0,0,0,0,0,1,0,1,0,0,0,2,0,0,0,0,0,0,0,0,0,1,0,10,0,0,0,2,2,2,0,1,0,0,0,3,0,0,4,1,2,0,0,0,0,1,0,1,0,0,0,0,0,0,1,0,1,6,0,3,0,0,2,0,0,0,0,0,0,0,0,0,0,1,0,0,0,0,0,0,0,0,0,0,0,0,0,0,0,0,0,0,0,0,0,0,0,0,0,0,0,0,0,0,0,1,0,0,1,0,0,0,0
3068241300039100152,67,0,11,2,3,2,0,0,0,0,0,0,3,0,2,0,1,0,0,1,0,3,1,1,0,1,1,5,0,0,2,4,0,0,4,2,0,12,0,1,3,1,5,2,8,3,2,21,0,0,0,0,0,0,0,0,3,1,2,0,8,0,0,0,13,0,2,1,1,0,1,2,0,0,1,0,6,0,1,1,6,2,0,0,0,0,0,0,5,0,36,1,4,0,14,15,8,2,0,0,5,0,11,1,1,13,0,0,0,0,0,1,2,0,0,0,1,1,1,0,0,1,0,1,17,0,3,1,0,2,1,0,1,0,0,0,0,0,0,0,0,0,0,1,0,0,1,1,0,0,0,0,0,0,1,0,0,0,0,0,0,0,0,0,0,0,1,0,0,0,0,0,0,0,0,0,0,0,0,0
3068241300039100153,42,0,6,2,4,0,0,0,0,1,0,0,2,0,0,2,0,0,0,0,1,0,0,1,1,0,1,16,1,0,0,2,1,0,6,1,0,4,1,0,4,2,0,1,0,2,1,21,0,1,0,0,0,0,0,0,0,0,0,0,6,1,0,0,2,0,1,0,0,1,0,0,0,0,1,0,4,0,0,0,0,0,0,4,2,0,0,0,10,0,17,0,6,0,3,7,2,2,1,0,26,0,2,0,0,4,1,3,0,1,3,0,0,4,0,0,2,0,0,0,1,2,0,0,7,0,2,0,1,2,0,2,0,0,0,0,0,0,0,0,0,0,0,0,0,0,0,0,0,0,0,0,0,0,0,1,0,1,0,0,0,0,0,0,0,0,0,0,1,0,0,0,0,0,0,0,1,0,0,0
3068241300039100155,68,0,18,1,10,0,0,0,0,1,0,0,7,1,2,0,0,0,0,1,1,1,1,1,1,2,7,15,0,3,1,5,1,0,6,0,0,11,1,0,6,5,0,8,0,1,3,28,0,0,0,0,0,0,0,4,1,0,0,0,12,2,0,0,4,0,1,0,0,0,0,1,1,0,0,0,4,0,1,1,0,0,1,3,4,0,0,0,11,0,31,0,20,0,4,6,6,3,2,0,12,0,9,0,0,16,3,0,0,0,1,0,0,0,1,0,0,2,4,0,0,0,0,0,7,0,1,2,1,0,0,3,2,0,0,0,0,1,0,1,0,0,0,0,0,0,0,0,1,0,0,0,0,1,0,1,0,0,0,0,0,0,1,1,1,0,1,0,0,0,0,0,0,0,1,1,0,0,0,0
3068241300039100157,10,1,0,0,1,0,0,0,0,0,0,0,0,0,0,1,5,0,0,0,0,0,0,1,0,0,0,26,0,0,0,0,0,0,1,0,0,5,0,0,1,0,3,0,0,0,1,1,0,1,0,0,0,0,0,0,0,0,0,0,0,0,0,0,0,0,0,0,2,0,0,1,0,0,0,0,0,0,0,1,0,0,0,6,0,0,0,0,0,0,5,0,2,0,0,1,0,0,0,0,17,0,1,0,0,1,0,0,0,0,0,0,0,0,0,0,0,0,1,0,2,1,0,1,1,0,0,0,0,0,0,0,4,0,1,0,0,0,0,0,0,0,0,0,0,0,0,0,0,0,0,0,0,0,0,0,0,0,0,0,0,0,0,0,0,0,0,0,0,0,0,0,0,0,0,0,0,0,0,0
3068241300039100159,66,5,7,1,1,1,2,0,0,5,0,0,1,4,21,3,0,0,7,3,6,0,5,1,0,0,19,23,9,1,3,5,1,0,5,6,0,7,24,1,6,58,10,0,1,2,15,9,1,29,2,0,2,1,0,8,3,0,4,1,0,3,1,1,8,0,1,0,2,1,3,6,0,0,2,1,1,2,0,2,1,1,0,2,1,0,0,0,12,1,52,0,0,1,9,6,2,0,0,5,54,3,3,0,1,0,0,5,0,0,0,0,0,2,1,4,3,0,3,0,1,0,4,1,17,1,9,3,15,0,0,2,5,1,0,0,0,0,0,0,0,0,0,0,0,0,1,0,1,0,0,1,2,0,1,0,0,2,1,0,0,0,0,1,0,0,1,0,0,0,0,2,1,1,0,0,0,1,0,0
3068241300039100160,22,1,0,2,0,0,0,0,0,2,0,0,0,0,0,1,0,0,0,3,1,0,0,1,4,0,0,84,0,0,0,0,0,1,0,0,0,1,0,0,0,0,0,0,0,0,1,0,0,0,0,0,0,0,0,0,0,0,1,0,0,0,0,0,1,0,0,0,0,0,0,0,0,0,0,0,0,0,1,1,1,0,0,0,0,1,0,0,0,0,4,0,0,0,0,4,0,0,0,0,69,0,1,0,0,0,0,0,0,0,0,0,0,0,0,0,0,2,0,0,0,0,0,0,2,0,0,0,0,0,0,0,1,0,0,0,0,1,0,0,0,0,0,0,0,0,0,0,0,0,0,0,0,0,0,0,0,0,0,0,1,0,0,0,0,0,0,0,0,0,0,0,0,0,0,0,0,0,1,0
3068241300039100162,21,0,1,0,0,0,0,0,0,0,0,2,2,0,0,0,0,0,1,1,3,1,0,0,2,0,1,17,0,0,0,1,1,1,3,0,0,0,0,0,0,0,0,0,0,1,1,9,0,1,0,0,0,0,0,0,1,0,1,0,0,0,1,0,2,0,0,0,1,0,0,2,0,0,1,0,3,0,0,2,0,1,0,1,0,0,0,0,1,0,17,0,0,0,2,5,0,0,0,0,29,0,1,0,0,1,2,0,0,1,0,0,0,0,0,0,0,0,0,0,1,0,0,0,1,0,2,0,0,0,0,0,2,0,0,0,0,0,0,0,0,0,0,0,0,0,0,0,0,0,0,0,0,0,0,0,0,0,0,0,0,0,0,0,0,0,0,0,0,0,0,0,0,0,0,0,0,0,1,0
3068241300039100163,32,0,11,1,1,1,0,0,0,0,1,0,0,1,2,1,0,1,0,2,6,0,0,0,3,1,0,34,0,0,1,2,1,0,3,0,0,2,3,0,1,0,2,0,0,1,6,4,1,0,0,0,0,1,0,2,2,0,3,0,0,0,0,0,3,2,0,0,2,0,0,1,0,0,5,0,8,0,0,3,1,3,0,16,0,0,0,0,6,0,28,0,3,0,2,10,0,0,0,1,44,0,2,0,1,0,0,0,0,0,2,1,0,0,1,0,0,2,2,0,0,0,0,0,4,0,1,2,0,1,0,7,8,0,0,0,0,0,1,0,0,0,0,0,0,0,1,0,0,0,0,0,0,0,0,0,0,0,0,0,0,0,0,0,0,0,0,1,0,0,0,2,0,0,0,0,1,0,0,0
3068241300039100164,59,6,16,3,4,1,0,0,0,1,0,0,1,1,1,0,0,0,0,0,0,1,0,6,0,0,9,4,0,0,0,1,0,0,6,1,2,12,1,0,2,1,5,4,5,2,0,19,0,0,0,0,0,0,1,3,3,0,0,0,1,3,1,0,6,1,0,0,0,0,1,1,0,1,2,0,2,1,0,2,2,0,0,1,2,0,0,0,3,0,62,0,29,1,1,6,4,3,0,1,5,0,1,0,0,0,1,2,0,0,0,0,0,0,0,0,0,1,2,0,3,1,3,1,12,2,5,3,1,0,0,0,4,0,1,0,0,0,0,0,0,0,0,0,0,0,0,0,1,0,1,0,0,0,0,0,0,0,1,0,0,0,2,0,0,0,0,0,0,0,1,0,0,0,0,0,0,1,0,0
3068241300039100165,4,1,2,0,1,0,0,0,0,0,0,0,0,0,0,0,0,0,0,0,0,0,0,0,0,0,1,1,0,0,1,1,0,0,0,0,1,1,0,0,0,0,0,0,1,0,0,4,0,2,0,0,0,0,0,0,0,0,0,0,1,0,0,0,1,0,0,0,0,0,0,0,0,0,0,0,0,0,0,0,0,0,0,0,0,0,1,0,0,0,15,0,1,0,0,2,2,0,0,0,1,0,1,0,0,3,0,0,0,0,0,0,0,0,0,0,0,0,0,0,2,0,0,0,1,0,0,0,1,0,0,0,0,0,0,0,0,0,0,0,0,0,0,0,0,0,0,0,0,0,0,0,0,0,0,0,0,0,0,0,1,0,0,0,0,0,0,0,0,0,0,0,0,0,0,0,0,0,0,0
3068241300039100172,26,3,1,0,0,0,0,0,0,0,1,0,0,4,4,0,0,0,0,0,1,0,0,1,0,0,3,4,2,0,0,0,0,0,3,0,0,0,11,0,0,42,3,1,0,1,4,4,0,3,0,0,3,1,0,7,0,0,1,0,0,0,0,0,2,0,0,0,0,1,2,0,0,0,0,0,0,0,0,0,0,0,0,0,0,0,0,0,1,1,18,0,3,1,0,3,1,3,0,0,7,0,1,0,0,0,0,0,0,0,0,0,0,1,0,0,0,0,2,1,0,0,0,1,7,1,0,0,4,0,0,0,0,0,0,0,0,0,0,0,0,0,0,0,0,0,0,1,0,0,0,0,0,0,0,0,0,0,0,0,0,0,0,1,0,0,1,0,0,0,0,0,0,0,0,0,0,0,0,0
3068241300039100174,9,1,0,0,0,0,1,0,0,0,0,0,0,3,3,0,0,0,0,0,0,0,0,0,1,0,1,1,2,0,0,0,1,0,2,0,0,0,5,0,0,20,0,0,1,2,5,6,0,5,0,0,1,0,0,4,0,0,1,0,0,0,0,0,0,0,0,0,0,0,1,0,0,0,0,0,0,0,0,0,0,1,0,0,0,0,0,0,0,1,7,0,0,0,0,0,0,0,0,0,6,0,0,0,0,0,0,1,0,0,0,0,0,1,0,0,0,0,4,0,0,0,0,0,2,0,0,0,0,1,0,0,0,0,0,0,0,0,0,0,0,0,0,0,0,0,0,0,0,0,0,0,0,0,0,0,0,0,0,0,0,0,0,0,0,0,0,0,0,0,0,1,0,0,0,0,0,0,0,0
3068241300039100175,44,10,0,1,0,0,2,0,0,0,0,2,0,7,5,1,0,0,1,1,2,0,1,10,2,0,3,31,1,1,1,3,0,0,4,5,0,0,17,1,1,8,2,1,4,0,7,1,0,20,0,0,1,0,0,13,1,0,3,0,2,0,1,0,8,4,0,0,1,0,0,0,0,1,2,0,1,0,0,1,1,1,0,1,0,0,0,0,0,3,38,0,0,0,4,8,0,0,0,1,45,1,1,2,0,0,0,6,0,0,0,0,0,0,1,0,0,2,1,0,0,2,0,0,7,1,9,0,1,0,0,1,1,0,0,0,0,0,1,0,0,0,0,1,0,0,1,0,0,0,0,1,0,1,0,0,0,0,1,0,2,0,0,1,0,0,0,0,0,0,0,0,0,1,0,0,0,0,1,0
3068241300039100178,5,2,0,0,0,0,0,0,0,0,0,0,0,5,1,0,0,0,0,0,0,0,0,0,0,0,1,1,3,0,1,0,0,0,1,0,0,0,2,0,0,13,0,0,0,0,2,2,0,1,0,0,1,1,0,3,0,0,1,0,0,0,0,0,0,0,0,0,0,1,1,2,0,0,0,0,0,0,0,0,0,0,0,0,0,0,0,0,0,0,3,0,0,0,0,0,0,0,0,0,0,0,0,0,0,0,0,0,0,1,0,0,0,0,1,0,0,0,3,0,0,0,0,0,3,0,0,0,2,0,0,0,0,0,0,0,0,0,0,1,0,0,0,0,0,0,0,0,0,0,0,0,0,0,0,0,0,0,0,0,0,0,0,1,0,0,0,0,0,0,0,0,0,1,0,0,0,0,0,0
3068241300039100179,9,2,0,2,0,0,0,0,0,0,0,0,0,0,1,0,0,0,0,0,0,0,2,1,3,0,2,6,0,0,0,0,0,0,0,0,0,0,1,0,1,1,0,0,0,1,3,7,0,1,1,0,0,0,0,0,1,0,0,0,0,0,0,0,0,0,0,0,1,1,1,0,0,0,0,0,0,0,0,0,1,0,0,0,0,2,0,1,2,0,1,0,1,0,0,1,0,0,0,0,12,0,1,0,0,0,0,0,0,0,0,0,0,0,0,0,0,0,14,0,0,0,0,0,2,0,0,0,3,0,0,0,0,0,0,0,0,0,0,0,0,0,0,0,0,0,0,0,0,0,0,0,0,0,0,0,0,0,0,0,0,0,0,0,0,0,0,0,0,0,0,0,0,0,0,0,0,0,0,0
3068241300039100184,70,19,0,7,0,0,3,0,0,1,0,0,0,22,3,1,0,1,0,4,1,0,6,12,0,1,1,8,4,0,0,0,0,0,6,5,0,1,44,0,5,56,3,4,1,1,16,13,0,8,2,0,6,0,0,15,2,0,6,0,1,2,0,0,4,2,1,0,1,1,2,1,1,0,8,0,1,0,0,1,0,0,0,0,0,1,0,1,0,13,60,0,1,0,4,3,0,0,0,0,17,0,2,0,0,0,0,6,0,0,0,0,0,5,0,0,0,3,7,2,0,0,0,1,19,2,2,1,5,1,0,0,0,0,0,0,0,1,1,0,0,0,0,0,0,0,1,0,0,0,0,0,2,0,0,0,0,0,1,0,0,0,1,0,0,0,0,1,0,0,0,0,0,1,1,0,0,0,1,1
3068241300039100186,38,8,0,11,0,0,0,0,0,0,0,0,0,1,2,0,0,0,0,2,1,0,0,0,0,0,0,8,0,1,0,1,1,1,0,0,0,0,10,0,2,2,1,1,0,1,11,4,0,2,0,0,0,0,0,5,5,0,1,0,1,0,0,0,1,0,0,0,0,0,0,0,0,0,14,0,2,0,0,3,1,1,0,0,0,0,0,0,0,6,10,0,0,0,0,0,1,0,0,0,12,1,0,0,0,0,0,1,0,0,0,0,0,0,1,0,0,4,1,0,0,0,0,2,1,1,0,1,0,0,0,0,3,0,0,0,0,0,0,0,0,0,0,0,0,0,0,0,0,0,0,0,0,1,0,0,0,0,0,0,0,0,1,0,0,0,0,0,0,0,0,1,0,0,0,0,0,0,0,0
3068241300039200020,36,5,0,1,2,0,1,0,0,1,0,1,0,6,3,0,0,0,1,4,0,0,7,12,1,0,3,25,5,0,0,0,8,0,1,3,1,0,23,0,4,29,1,0,0,1,4,5,0,14,0,0,3,0,0,4,1,0,3,0,2,4,0,0,1,5,0,0,1,0,0,3,0,0,0,0,5,0,0,2,0,0,0,1,0,0,0,0,4,4,38,0,0,0,4,1,0,0,1,2,31,8,1,0,1,0,0,2,0,0,0,0,0,0,0,0,0,3,3,0,0,0,0,1,10,1,7,0,4,2,1,1,2,1,0,0,0,0,0,1,1,0,0,1,0,0,1,0,0,0,1,0,0,0,0,0,0,0,0,0,0,0,0,0,0,0,0,0,0,0,0,0,0,0,0,0,1,0,1,0
3068241300039200022,17,1,0,1,0,0,0,0,0,1,0,0,1,0,1,0,0,0,0,4,4,0,1,1,2,0,0,86,1,0,0,0,1,0,0,0,0,2,0,0,1,1,1,0,0,1,5,1,0,0,0,0,0,0,0,0,0,0,0,0,0,0,0,0,0,0,0,0,2,0,1,0,0,0,0,0,1,0,0,0,0,0,0,4,0,0,0,1,0,0,6,0,0,0,0,0,0,0,0,0,28,0,0,0,0,1,0,0,0,0,0,0,0,0,0,1,0,3,0,0,0,3,0,0,0,0,0,1,0,1,0,0,1,0,0,0,0,0,0,0,0,0,0,0,0,0,0,0,0,0,0,0,0,0,0,0,0,0,0,0,2,0,0,0,0,0,0,0,0,0,0,0,0,0,0,0,0,0,0,0
3068241300039200030,7,0,0,0,0,0,1,0,1,0,0,0,0,0,1,0,0,0,0,0,1,0,0,1,0,0,1,13,0,0,0,0,0,0,0,0,0,0,3,0,0,5,0,0,0,0,1,3,0,2,0,0,0,0,0,0,0,0,0,0,0,0,0,0,0,0,0,0,0,0,0,0,0,0,0,0,1,0,0,0,0,0,0,1,0,0,0,0,0,1,4,0,0,0,1,0,0,0,0,0,6,0,0,0,0,0,0,1,0,0,0,0,0,0,0,0,0,0,0,0,0,1,0,0,1,0,0,0,0,0,0,0,0,0,0,0,0,0,1,0,0,0,0,0,0,0,0,0,0,0,0,0,0,1,0,0,0,0,0,0,0,0,0,0,0,0,0,0,0,0,0,0,0,0,0,0,0,0,0,0
3068241300039200033,18,0,0,0,0,0,0,0,0,0,0,0,0,0,0,1,0,0,0,3,1,2,1,0,0,2,0,20,0,0,0,0,0,0,8,0,0,2,0,1,2,0,0,0,1,4,4,1,0,0,0,0,0,0,0,0,0,0,2,0,0,1,1,0,3,2,0,0,0,0,0,0,0,0,0,0,0,0,0,0,1,0,0,0,1,1,0,0,0,1,24,0,0,0,1,4,1,0,0,0,22,0,0,0,0,0,1,11,0,0,0,0,0,1,0,0,0,4,0,0,0,2,1,0,3,0,1,1,1,1,0,0,0,0,0,0,0,0,0,0,0,0,0,0,0,0,0,0,0,0,0,0,0,0,0,0,0,0,0,0,0,0,0,0,0,0,0,0,0,0,0,0,0,0,0,0,0,0,0,0
3068241300039200034,95,0,0,0,0,0,1,0,0,3,0,0,0,0,0,0,0,0,0,1,1,3,0,0,0,4,0,1,0,0,3,1,0,0,1,0,0,0,0,13,3,0,0,0,0,8,1,1,0,0,0,0,0,0,1,2,0,0,14,0,6,0,1,0,4,0,0,0,0,0,2,0,0,0,1,0,0,0,0,0,19,0,0,25,0,0,0,0,0,0,11,0,2,0,1,8,3,0,1,1,0,0,0,0,1,0,0,1,0,0,1,0,0,0,0,0,0,1,1,0,1,1,1,1,1,2,15,0,0,0,0,0,0,0,0,0,0,0,0,1,0,0,0,0,0,0,0,0,0,0,1,0,0,0,0,0,0,0,0,0,0,0,0,0,0,0,0,0,0,0,1,0,0,0,0,0,0,0,0,0
3068241300039200036,24,8,5,1,1,2,2,0,0,2,0,0,0,4,4,1,0,0,1,2,3,0,3,3,0,0,7,1,0,0,0,3,1,0,2,6,0,7,0,0,3,5,5,1,8,3,0,5,0,1,0,0,0,0,0,1,2,1,0,1,0,2,0,0,4,0,0,0,1,0,0,0,0,1,1,0,2,1,0,0,2,0,0,7,0,0,0,0,2,0,39,0,1,0,5,4,0,2,0,0,7,4,1,3,2,0,0,1,0,0,0,0,0,0,0,0,0,1,3,0,0,2,2,0,8,1,9,3,0,0,1,0,0,0,0,0,0,0,0,0,0,0,0,0,0,0,0,0,0,0,0,0,0,0,0,0,0,0,0,0,0,0,0,0,0,0,0,2,0,0,0,0,1,0,1,0,0,0,0,0
3068241300039200040,118,0,0,0,0,0,4,0,0,1,1,0,0,0,0,0,2,0,0,0,0,16,3,1,0,15,0,0,0,0,5,3,0,0,1,0,1,0,1,20,5,0,0,0,1,17,3,0,0,0,0,0,0,0,0,2,0,0,21,0,4,0,0,0,4,0,0,0,0,0,0,0,0,0,7,0,0,1,0,0,18,1,0,38,0,0,0,0,0,1,16,1,1,0,1,6,6,0,0,2,0,0,0,0,1,0,0,0,0,0,2,1,0,0,0,0,0,1,1,0,0,0,4,0,1,0,31,0,0,0,0,0,0,0,0,0,0,0,0,2,0,0,0,0,0,0,0,0,0,0,0,0,0,0,0,0,0,0,0,1,0,0,0,0,0,0,0,0,0,0,0,0,0,1,0,0,0,0,0,2
3068241300039200044,81,1,12,2,1,1,2,1,0,0,0,0,1,1,0,1,0,0,0,1,1,8,0,0,0,0,0,6,0,0,1,3,0,0,14,0,0,4,0,0,3,0,0,3,0,0,5,20,0,0,0,0,0,0,3,0,0,0,6,0,23,0,0,0,10,0,1,0,0,0,2,0,0,0,0,0,9,0,0,1,32,1,1,0,0,0,0,1,14,0,20,0,0,0,10,13,8,0,2,3,2,1,18,2,0,1,3,0,1,0,0,0,0,1,0,0,5,1,3,0,0,2,0,1,7,0,9,0,0,6,0,1,0,0,0,0,0,0,0,1,1,0,0,0,0,0,1,0,0,0,0,0,1,1,0,0,0,1,0,0,0,0,0,0,0,0,0,1,0,0,0,0,0,0,0,0,0,0,0,0
3068241300039200045,77,12,8,0,3,1,1,0,0,1,0,0,1,3,9,5,1,1,1,2,9,0,5,5,0,0,10,24,6,0,1,2,2,0,6,1,0,11,23,1,5,32,10,1,1,2,12,21,1,26,1,0,4,0,1,11,2,3,3,2,0,3,0,0,9,1,0,0,1,4,4,6,0,0,2,1,1,1,0,2,0,3,0,9,1,0,0,0,12,1,102,0,0,0,8,5,1,3,0,3,27,6,6,1,0,0,1,3,0,0,3,0,1,1,0,1,0,1,10,2,5,2,0,0,16,0,19,6,9,0,0,3,10,0,1,0,0,1,0,0,0,0,0,0,0,0,0,0,0,0,2,1,1,1,1,0,1,4,0,0,1,0,1,2,0,0,0,0,1,0,1,1,0,0,0,0,1,0,0,1
3068241300039200050,36,0,6,2,2,2,7,0,0,1,0,0,0,0,0,0,0,0,0,0,0,0,1,1,0,0,0,0,0,1,0,2,0,0,5,0,0,7,0,1,5,0,0,1,0,0,5,7,0,0,0,1,0,0,1,0,2,0,1,0,9,0,0,0,7,1,1,0,0,1,0,0,0,0,0,1,3,0,1,0,14,0,0,1,0,0,0,1,12,0,22,0,1,0,11,18,7,1,0,0,2,1,17,0,1,0,2,2,0,0,0,0,0,0,1,0,2,1,1,0,0,0,1,0,4,1,1,3,0,1,0,0,0,0,0,0,0,0,0,0,0,0,0,0,0,0,1,1,0,0,0,0,0,0,0,0,0,0,0,0,0,0,0,0,0,0,1,0,0,0,0,0,0,0,0,0,1,0,0,0
3068241300039200055,25,0,0,0,0,0,1,1,0,0,0,0,0,0,0,0,0,0,0,0,0,1,2,0,0,3,0,1,0,0,2,0,0,0,0,0,0,3,0,4,0,0,0,0,0,4,0,0,0,0,0,0,0,0,0,2,0,0,5,0,0,0,0,0,1,0,0,0,0,0,0,0,0,0,0,0,0,0,0,0,1,0,1,12,0,0,0,0,0,0,10,0,2,0,0,0,4,0,0,0,1,0,0,0,0,0,1,0,0,0,0,0,0,0,0,0,0,0,1,0,0,0,0,0,1,0,6,0,0,0,0,0,0,0,0,0,0,0,0,0,0,0,0,0,0,0,0,0,0,0,0,0,0,0,0,0,0,0,0,0,0,0,0,0,0,0,0,0,0,0,0,0,0,0,0,0,0,0,0,0
3068241300039200056,29,0,0,0,0,0,0,0,0,1,0,0,0,0,0,0,0,0,0,0,0,0,0,1,0,4,0,0,0,0,0,0,0,0,0,0,0,0,0,4,3,0,0,0,0,2,0,0,0,0,0,0,0,0,0,0,1,0,4,0,0,0,0,0,0,0,0,0,0,0,0,0,0,0,0,0,0,1,1,1,13,0,0,11,0,0,0,0,0,0,10,0,1,0,1,2,3,0,0,0,0,0,0,0,0,0,0,0,0,0,0,0,0,0,0,0,0,0,0,0,0,0,2,0,0,0,9,0,1,0,0,0,0,0,0,0,0,0,0,0,0,0,0,0,0,0,0,0,0,1,0,0,0,0,0,0,0,0,0,0,0,0,0,0,0,0,0,0,1,0,0,0,0,0,0,0,0,1,0,0
3068241300039200057,32,0,0,1,0,0,1,0,0,1,0,1,0,0,0,0,2,1,0,0,0,0,0,1,0,3,0,0,0,0,0,3,0,0,0,0,0,0,1,7,4,0,0,0,0,4,1,0,0,0,0,0,0,0,0,1,1,0,5,0,2,0,0,0,2,0,0,0,0,0,1,0,0,0,0,0,0,2,0,1,7,0,0,8,0,0,0,0,0,0,9,0,1,0,0,6,2,0,0,3,0,0,0,0,1,1,0,0,0,0,0,0,0,0,0,1,0,1,0,0,0,1,1,0,0,0,15,0,0,0,0,0,0,0,0,0,0,0,0,0,0,0,0,0,0,0,0,0,0,1,0,0,0,1,0,0,0,0,0,0,0,0,1,0,0,0,0,0,0,0,0,0,0,0,0,0,0,0,0,1
3068241300039200058,56,0,0,1,0,0,2,0,0,0,1,1,0,0,0,0,1,1,0,1,0,1,2,1,0,7,0,0,0,0,0,2,0,0,0,0,0,0,0,6,6,0,0,0,2,9,4,0,0,0,0,0,0,0,0,5,0,0,12,0,2,0,0,0,1,2,0,0,0,0,0,0,0,0,0,0,0,2,0,0,23,0,0,27,0,0,0,0,0,0,17,0,4,0,1,4,8,0,0,2,1,0,0,0,0,0,0,0,0,0,3,0,0,0,0,0,0,1,0,0,0,1,5,0,0,0,14,0,0,0,0,0,0,0,0,0,0,0,0,0,0,0,0,0,0,0,0,0,0,0,0,0,0,0,0,0,0,0,0,0,0,0,0,0,0,0,0,0,0,0,0,0,0,0,0,0,0,0,0,0
3068241300039200062,60,10,9,3,0,4,9,0,0,4,1,0,0,7,15,4,0,0,1,5,5,0,4,5,1,0,27,11,4,1,3,2,3,0,9,2,0,7,22,2,3,46,3,0,2,1,13,8,0,30,1,0,2,0,0,11,0,0,8,2,0,11,0,0,10,2,0,0,0,2,2,1,0,0,1,0,2,0,2,2,1,1,0,6,0,1,0,1,9,1,40,0,0,0,8,0,1,1,2,9,24,12,4,8,0,1,0,7,0,0,2,1,1,0,0,0,0,1,5,1,3,2,2,1,15,1,10,1,3,1,1,3,6,0,0,0,0,0,0,0,0,0,0,0,0,0,1,0,0,0,0,1,0,1,2,0,0,0,2,0,0,0,0,0,0,0,0,0,0,0,2,1,0,0,0,0,0,0,1,1
3068241300039200064,73,0,1,1,0,0,1,0,0,0,0,0,1,0,0,1,0,1,0,0,0,0,0,0,0,0,0,6,0,1,0,2,0,0,3,0,1,2,0,2,2,0,0,0,1,0,3,8,0,1,0,0,0,0,0,1,0,0,6,0,2,0,0,0,3,2,1,0,0,0,0,0,0,0,1,0,3,1,1,0,9,1,0,12,0,0,0,0,2,0,21,0,3,0,4,5,8,0,1,0,4,0,7,0,1,0,1,1,0,0,0,2,1,1,0,0,3,0,0,0,0,0,1,1,4,0,9,3,0,2,0,0,0,0,0,0,0,0,0,0,0,0,0,0,0,0,0,0,0,0,0,0,0,0,1,0,0,0,2,1,0,0,0,0,0,0,0,0,0,0,1,0,0,0,0,1,0,0,0,1
3068241300039200068,18,0,0,0,0,0,0,0,0,0,0,0,0,0,0,0,0,0,0,0,0,5,0,0,1,1,0,0,0,1,1,0,0,0,0,0,0,1,0,2,0,0,0,0,1,4,0,0,0,0,0,0,0,0,0,0,0,0,0,0,1,0,0,0,2,0,0,0,0,0,0,0,0,0,3,0,0,0,0,0,0,0,1,1,0,0,0,0,0,0,2,0,0,0,2,2,3,0,0,1,0,0,0,0,1,0,0,0,0,0,0,0,0,0,0,0,0,0,0,0,0,0,0,0,0,0,7,0,0,0,0,0,0,0,0,0,0,0,0,0,0,0,0,0,0,0,0,0,0,0,0,0,0,0,0,0,0,0,0,0,0,0,0,0,0,0,1,0,0,0,0,0,0,0,0,0,0,0,0,0
3068241300039200070,23,0,0,0,0,0,0,0,0,0,0,0,0,0,0,0,0,0,0,0,0,5,1,0,0,1,0,0,0,0,0,0,0,0,5,0,0,2,1,7,2,0,0,0,0,5,2,1,0,0,0,0,0,1,0,0,0,0,4,0,0,0,0,0,3,1,0,0,0,0,0,0,0,0,0,0,0,0,0,0,0,0,0,5,0,0,1,0,0,0,11,0,5,0,0,1,6,0,0,1,0,0,0,0,0,0,1,0,0,0,0,1,0,0,0,0,0,1,0,0,0,0,0,0,2,0,8,1,1,0,0,0,0,0,0,0,0,0,0,0,1,0,0,0,0,0,0,0,0,0,1,0,0,0,0,0,0,0,0,0,0,0,0,0,0,0,0,1,0,0,0,0,0,0,0,0,0,0,0,0
3068241300039200071,23,0,0,2,0,0,0,1,0,0,0,0,0,0,0,0,0,1,0,2,1,1,0,1,0,0,0,2,0,0,0,1,0,0,0,0,0,0,0,8,0,0,0,0,0,1,1,2,0,0,0,0,0,0,0,0,0,0,1,0,0,0,0,0,5,1,0,0,0,0,0,0,0,0,0,1,0,0,0,0,1,0,0,5,0,0,0,0,0,1,11,0,0,0,1,8,4,0,0,0,0,0,0,1,0,1,0,8,0,0,0,0,0,1,0,1,0,3,1,0,0,2,0,1,3,0,1,0,0,2,0,0,0,0,0,0,0,0,0,0,0,0,0,0,0,0,0,0,0,0,1,0,0,0,0,0,0,0,0,0,0,0,0,0,0,0,0,0,0,0,0,0,0,0,0,0,0,0,0,0
3068241300039200072,24,0,0,0,0,0,1,0,0,0,0,0,0,0,0,1,0,0,0,0,0,0,0,1,0,1,0,0,0,0,0,0,0,0,0,0,0,0,0,4,3,0,0,1,0,3,0,0,0,0,0,0,0,0,0,0,0,0,2,0,0,0,0,0,1,0,0,0,0,0,0,0,0,0,0,0,0,0,0,0,2,0,0,5,0,0,0,0,0,0,1,0,1,0,1,2,4,0,0,0,0,0,2,0,0,0,0,0,0,0,0,0,0,0,0,0,0,0,1,0,0,0,1,2,1,0,5,0,0,0,0,0,0,0,0,0,1,0,0,0,0,0,0,0,0,0,0,0,0,0,0,0,0,0,0,0,0,0,0,0,0,0,0,0,0,0,0,0,0,0,0,0,0,0,0,0,0,0,0,0
3068241300039200076,38,0,0,0,0,0,2,0,0,1,0,0,0,0,0,0,0,0,0,0,0,6,0,0,0,4,0,0,0,0,1,1,0,0,0,0,0,0,0,11,2,0,0,0,0,6,2,0,0,0,0,0,1,0,0,1,1,0,11,0,4,0,0,0,1,0,0,0,1,1,0,0,1,0,1,0,0,1,0,0,1,0,0,10,1,0,0,0,0,0,4,1,1,0,0,15,3,0,0,0,1,0,0,0,0,0,0,1,0,0,1,0,0,0,0,0,0,0,2,0,0,0,2,1,1,0,18,0,1,0,0,0,0,0,0,0,0,0,0,0,0,0,0,0,0,0,1,0,0,0,1,0,0,0,0,0,0,0,0,0,0,0,0,0,0,0,0,0,0,0,0,0,0,0,0,0,0,0,0,0
3068241300039200080,132,0,1,3,0,1,2,0,0,1,0,0,0,0,0,1,1,0,0,1,0,13,1,2,0,12,0,1,0,1,0,3,0,0,2,0,0,1,1,28,8,1,0,0,1,14,3,1,1,0,1,0,0,0,0,3,2,0,13,0,7,0,0,0,11,0,0,0,0,0,1,2,0,0,2,1,0,0,0,1,2,0,0,34,0,2,0,0,1,0,30,0,10,0,2,19,5,1,0,1,1,0,3,0,3,0,1,0,0,1,0,0,3,0,1,0,0,7,3,0,0,2,2,0,0,1,40,2,0,0,1,0,0,0,0,0,0,0,0,0,0,0,0,0,0,0,0,0,0,1,1,0,0,1,1,0,0,0,0,0,0,0,0,0,0,0,0,0,1,0,0,0,0,1,0,0,0,0,0,1
3068241300039200086,35,0,0,0,0,0,7,0,0,0,0,2,0,0,0,0,0,0,0,1,0,0,0,0,0,4,0,0,1,0,0,0,0,0,0,0,0,0,0,5,5,1,0,0,0,1,3,0,0,0,0,0,0,0,0,3,1,0,9,0,0,0,0,0,1,3,0,0,0,0,0,0,0,0,0,0,1,0,0,0,3,0,0,13,0,0,0,0,2,0,10,0,5,0,2,3,3,0,0,2,3,0,0,1,1,0,0,0,0,0,1,0,0,0,0,0,0,1,0,0,1,0,1,0,2,0,14,2,0,0,0,0,0,0,0,0,0,0,0,0,0,0,0,0,0,0,0,0,0,0,0,0,0,0,0,0,0,0,0,0,1,0,0,0,0,0,0,0,0,0,0,0,0,0,0,0,0,0,0,0
3068241300039200088,58,0,0,0,0,0,6,0,0,0,0,1,0,0,1,0,1,0,0,0,0,7,1,0,0,5,0,0,0,0,3,1,0,0,0,0,0,0,0,9,3,0,0,0,0,7,1,0,0,1,0,0,0,0,0,0,0,1,8,0,5,0,0,0,6,1,0,0,0,0,1,0,0,0,0,0,1,2,0,0,6,0,0,18,0,0,0,0,0,0,6,0,5,0,2,3,2,0,0,1,0,0,0,0,0,0,0,0,0,0,4,1,1,0,0,0,0,0,0,0,1,0,5,3,1,0,21,0,0,0,0,0,0,0,0,0,0,0,0,0,0,0,0,0,0,0,0,0,0,0,1,0,0,0,0,0,0,0,0,0,0,0,0,0,0,0,0,0,0,0,0,0,0,0,0,0,0,0,0,0
3068241300039200094,11,0,0,0,0,0,0,0,0,0,0,0,0,0,0,0,0,0,0,0,0,0,0,0,0,2,0,0,0,0,1,0,0,0,0,0,0,0,0,3,1,0,0,0,1,2,1,0,0,0,0,0,0,0,0,0,0,1,6,0,1,0,0,0,1,0,0,0,0,0,0,0,1,0,0,0,0,0,0,1,2,0,0,3,0,0,0,0,0,0,4,0,0,0,1,2,0,0,0,0,0,0,0,0,0,0,0,0,0,0,0,0,1,0,0,0,0,0,0,0,1,0,0,1,0,0,2,0,0,0,0,0,0,0,0,0,0,0,0,0,0,0,0,0,0,0,0,0,1,0,0,0,0,0,0,0,0,0,0,0,0,0,0,0,0,0,0,0,0,0,0,0,0,0,0,0,0,0,0,0
3068241300039200100,33,0,0,1,0,0,2,0,0,0,0,0,0,0,0,0,0,0,0,0,0,3,2,1,0,4,0,0,0,0,0,0,0,0,0,0,0,0,0,5,4,0,0,0,0,9,2,0,0,0,0,0,0,0,0,1,1,0,6,0,4,0,0,0,2,0,0,0,0,0,0,0,0,0,1,2,0,1,0,0,0,0,0,10,0,0,0,0,1,0,6,0,0,0,1,6,2,0,0,1,0,0,0,0,0,0,0,0,0,0,0,0,0,1,0,1,0,0,1,0,0,0,0,0,0,0,9,0,0,0,0,0,0,0,0,0,0,0,0,0,0,0,0,0,0,0,0,0,0,0,1,0,0,0,0,0,0,0,0,0,0,0,0,0,0,0,0,0,0,0,0,0,0,0,0,0,0,0,0,0
3068241300039200103,44,0,3,0,4,0,0,0,0,0,0,0,3,0,1,0,0,0,0,0,0,1,1,0,0,0,0,3,0,0,0,1,0,0,9,0,0,1,1,0,0,1,0,0,3,1,0,6,0,0,2,0,0,0,1,0,0,0,2,1,4,0,1,0,4,0,0,0,1,0,0,0,0,0,0,0,3,0,0,0,13,6,0,1,0,0,0,1,2,0,11,0,0,0,6,0,0,0,5,2,0,0,7,0,0,1,0,2,0,1,0,1,1,2,0,0,3,0,1,0,0,0,0,1,1,0,0,7,0,1,0,0,0,0,0,0,0,0,0,0,0,0,0,0,0,0,0,0,0,0,0,0,0,0,0,0,0,0,0,0,0,0,0,0,0,0,0,0,0,0,1,0,0,0,0,0,0,0,0,0
3068241300039200104,27,0,0,0,0,0,1,0,0,0,0,0,0,0,0,1,0,0,0,0,0,0,0,0,0,2,0,0,0,0,1,1,0,0,2,0,0,0,0,2,2,0,0,0,0,4,0,0,0,0,0,0,0,0,1,1,0,0,5,0,0,0,0,0,2,3,0,0,0,0,0,0,0,0,1,0,0,1,0,1,2,0,0,10,0,0,0,0,0,0,1,0,4,0,1,3,3,0,0,0,0,0,1,0,0,1,0,0,0,0,1,0,0,0,0,1,0,1,0,0,1,1,2,0,1,0,4,1,0,0,0,0,0,0,0,0,0,0,0,0,0,0,0,0,0,0,0,0,0,0,0,0,0,0,0,0,0,0,0,0,0,0,0,1,0,0,0,0,0,0,0,0,0,0,0,1,0,0,0,0
3068241300039200112,10,0,0,1,0,0,0,0,0,0,0,0,0,0,0,1,0,0,0,3,4,0,1,1,2,0,0,32,0,0,0,0,0,0,0,0,0,1,0,0,0,1,0,0,1,0,2,3,0,1,0,0,0,2,0,0,0,0,0,0,0,0,0,0,0,0,0,0,0,0,0,0,0,0,0,0,0,0,0,0,1,0,1,1,0,0,0,0,0,0,5,0,0,0,0,1,1,0,0,0,29,0,0,0,0,0,0,0,0,0,0,0,0,0,0,0,0,0,0,0,0,0,0,0,0,0,0,0,0,1,0,0,0,0,0,0,0,0,0,0,0,0,0,0,0,0,0,0,0,0,0,0,0,0,0,0,0,0,0,0,0,0,1,0,0,0,0,0,0,0,0,0,0,0,0,0,0,0,0,0
3068241300039200117,23,0,0,0,0,0,0,0,0,1,0,0,0,0,0,1,0,0,0,0,0,0,0,0,0,2,0,1,0,0,0,0,0,0,0,0,0,0,1,6,4,0,0,1,0,2,2,0,0,0,0,0,0,0,0,0,0,0,5,0,0,0,0,0,2,2,0,0,0,0,1,0,0,0,0,0,1,0,0,0,1,0,0,5,0,0,0,0,0,0,5,0,0,0,0,3,1,0,0,0,0,0,0,0,0,0,0,0,0,0,0,0,1,0,0,0,0,0,0,0,0,0,1,0,1,0,5,0,0,0,0,0,0,0,0,0,0,0,1,0,1,0,0,0,0,0,0,0,0,0,0,0,0,0,0,0,0,0,1,0,0,0,0,0,0,0,0,0,0,0,0,0,1,0,0,0,0,0,0,0
3068241300039200119,7,0,0,0,0,0,0,0,0,0,0,0,0,0,0,0,0,0,0,0,0,0,0,0,0,3,0,0,0,0,0,0,0,0,0,0,0,0,0,3,1,0,0,0,0,2,1,0,0,0,0,0,1,0,0,1,0,0,2,0,0,0,0,0,0,0,0,0,0,0,1,0,0,0,0,0,0,0,0,0,0,0,0,7,0,0,0,0,0,0,2,0,6,0,1,4,2,0,0,0,0,0,0,0,0,0,0,0,0,0,0,0,0,0,0,0,0,0,0,0,0,0,4,0,0,0,6,0,0,0,0,0,0,0,0,0,0,0,0,0,0,0,0,0,0,0,0,0,0,0,0,0,0,0,0,0,0,0,0,0,0,0,0,0,0,0,0,0,0,0,0,0,0,0,0,0,0,0,0,0
3068241300039200123,3,0,0,0,0,1,0,0,0,0,0,0,0,0,0,0,0,0,0,0,0,0,0,0,1,0,0,2,0,0,0,0,0,0,0,0,0,0,0,0,1,0,0,0,0,0,0,8,0,0,0,0,0,0,0,0,0,0,0,0,0,0,0,0,0,0,0,0,0,3,0,0,0,0,0,0,0,0,0,0,0,0,0,0,0,1,0,0,0,0,1,0,0,0,0,0,0,0,0,0,6,1,0,0,0,0,0,0,0,0,0,0,0,0,0,0,0,0,3,0,0,0,1,0,0,0,0,0,0,0,0,1,0,0,0,0,0,0,0,0,0,0,0,0,0,0,0,0,0,0,0,0,0,0,0,0,0,0,0,0,0,0,0,0,0,0,0,0,0,0,0,0,0,0,0,0,0,0,0,0
3068241300039200124,18,0,0,0,0,0,2,0,0,0,0,0,0,0,1,0,0,0,0,0,1,0,0,1,0,0,0,0,0,0,0,0,0,0,2,0,0,0,0,3,3,0,0,0,1,3,5,3,0,0,0,0,0,0,1,0,0,0,1,0,0,0,0,0,0,0,0,0,0,0,1,0,0,0,1,0,1,0,0,0,0,0,0,1,0,0,0,3,0,0,1,0,0,0,2,0,1,0,0,0,5,0,0,0,0,0,0,9,0,0,0,0,0,0,1,0,0,0,0,0,0,2,0,3,0,0,0,0,0,0,0,0,0,1,0,0,0,0,0,0,0,0,0,0,0,0,0,0,0,0,0,0,0,0,0,0,0,0,0,0,0,0,0,0,0,0,0,0,0,0,0,0,0,0,0,0,0,0,0,0
3068241300039200130,38,0,0,0,0,0,0,0,0,1,0,0,0,0,0,0,0,0,0,0,0,0,0,0,0,3,0,0,0,0,0,0,0,0,3,0,0,0,1,1,0,2,0,0,0,0,2,0,0,0,0,0,0,0,0,5,0,0,2,0,0,0,0,1,2,6,0,0,0,0,0,0,0,0,0,0,0,2,0,0,2,0,0,6,0,0,0,0,0,0,8,0,1,0,0,4,0,0,0,2,1,0,0,0,1,0,0,0,0,0,0,0,0,0,0,0,0,1,0,0,0,0,5,0,1,0,2,0,0,0,0,0,0,0,0,0,0,0,0,0,0,0,0,0,0,0,0,0,0,0,0,0,0,0,0,0,0,0,0,0,0,0,0,0,0,0,0,0,0,0,0,0,0,0,0,0,0,0,0,0
3068241300039200131,66,0,0,1,0,0,4,0,0,1,0,1,1,0,0,0,0,0,0,1,0,0,0,0,0,0,0,0,0,0,2,0,0,0,0,0,0,0,0,6,9,0,0,0,1,4,3,1,0,0,0,0,0,0,1,1,2,0,5,1,0,0,0,0,5,3,0,0,0,1,0,0,0,0,0,0,1,4,0,0,1,0,0,24,0,0,0,0,0,1,17,0,4,1,3,22,7,0,0,1,0,0,0,1,0,0,0,0,0,0,0,1,0,0,0,0,0,1,0,0,1,0,3,0,1,0,8,0,0,0,0,0,0,0,0,0,0,0,0,0,0,0,0,0,0,0,0,0,0,0,1,0,0,0,0,0,0,0,0,0,0,0,0,0,1,0,0,0,0,0,0,0,0,1,0,0,0,0,0,0
3068241300039200136,19,0,0,0,0,0,1,0,0,0,0,0,0,0,0,0,0,0,0,0,0,0,0,0,0,1,0,0,0,0,0,0,0,0,0,0,0,0,0,4,2,0,0,1,0,0,1,0,0,0,0,0,0,0,0,1,0,0,2,0,0,0,0,0,3,1,0,0,0,0,0,0,0,0,0,0,0,0,0,1,0,0,0,7,0,0,0,0,0,0,1,0,2,0,0,1,1,0,0,1,0,0,0,0,1,0,0,0,0,0,0,0,0,0,0,0,0,0,0,0,1,0,1,0,1,0,1,0,0,0,0,0,0,0,0,0,0,0,0,0,0,0,0,0,0,0,0,0,0,0,0,0,0,0,0,0,0,0,0,0,0,0,0,0,0,0,0,0,0,0,0,0,0,0,0,0,0,0,0,0
3068241300039200148,19,0,3,0,1,0,0,0,0,0,0,0,0,0,0,0,0,0,0,0,0,0,0,0,1,0,0,0,0,0,0,0,0,0,1,0,0,0,0,0,0,0,0,0,0,0,0,7,0,0,0,0,0,0,1,0,2,0,0,0,2,0,0,0,3,0,0,0,0,0,0,0,0,0,0,0,0,0,1,0,1,2,0,0,0,0,0,0,2,0,10,0,1,0,1,0,2,1,0,0,1,0,1,0,1,3,0,1,0,1,0,0,0,0,0,0,0,2,0,0,0,0,0,1,3,0,3,0,0,2,0,0,0,0,0,0,0,0,0,0,0,0,0,0,0,0,0,0,0,0,0,0,0,0,0,0,0,0,0,0,0,0,0,0,0,0,0,0,0,0,0,0,0,0,0,0,0,0,0,0
3068241300039200149,22,0,0,0,0,0,0,0,0,3,0,0,0,0,0,0,0,0,0,0,0,0,0,1,0,0,0,0,0,0,0,0,0,0,0,0,0,0,0,3,3,0,0,0,1,0,0,0,0,0,0,0,0,0,0,1,0,0,0,0,0,0,0,0,1,2,0,0,0,1,0,0,0,0,0,0,0,0,0,0,0,0,0,2,0,0,0,0,0,0,5,0,4,0,0,3,0,0,0,0,1,0,0,0,1,1,0,0,0,0,0,0,0,0,0,0,0,0,0,0,0,1,0,0,1,0,0,0,0,0,0,0,0,0,0,0,0,0,0,0,0,0,0,0,0,0,0,0,0,0,0,0,0,0,0,0,0,0,0,0,0,0,0,0,0,0,0,0,0,0,0,0,0,0,0,0,0,0,0,0
3068241300039200154,27,0,0,0,0,0,0,0,0,1,0,0,0,0,0,0,1,0,0,0,0,0,0,0,0,2,0,0,0,0,0,0,0,0,1,0,0,0,0,1,3,0,0,1,0,2,1,0,0,0,0,0,0,0,0,3,1,0,0,0,0,0,0,0,3,1,0,0,0,0,0,0,0,0,1,1,1,0,0,0,0,0,0,9,0,0,0,0,0,0,1,0,1,0,0,1,0,0,1,0,0,0,0,0,0,0,0,0,0,0,0,0,0,0,0,0,0,1,0,0,0,1,0,0,0,0,1,1,0,0,0,0,0,0,0,0,0,0,0,0,0,0,0,0,0,0,0,0,0,0,0,1,0,0,0,0,0,0,1,0,0,0,0,0,0,0,0,0,0,0,0,0,0,0,0,0,0,0,1,0
3068241300039200155,49,5,0,1,0,2,1,0,0,0,0,0,0,0,1,1,0,1,1,0,0,0,0,0,7,0,0,18,0,0,0,0,0,0,1,0,0,0,0,1,3,1,0,0,0,0,17,47,0,1,0,0,0,0,0,0,1,0,0,0,0,0,0,0,1,2,0,0,0,15,0,0,0,0,0,0,3,0,1,0,0,8,0,1,1,7,0,0,7,0,7,0,1,0,1,4,2,0,1,0,39,0,1,0,1,0,0,0,0,1,0,0,0,0,1,0,1,1,64,0,0,0,0,0,4,0,3,1,1,0,1,1,0,0,0,0,0,0,0,0,0,0,0,0,0,0,0,0,0,0,0,0,0,0,0,0,0,0,0,0,0,0,0,0,0,0,0,0,0,0,0,0,0,0,0,0,0,0,0,0
3068241300039200157,137,0,1,0,0,0,1,0,0,3,1,0,1,0,0,0,0,0,1,2,0,0,0,0,0,2,0,8,0,0,0,1,0,0,1,0,0,0,1,2,6,0,0,0,0,1,4,3,0,1,1,0,0,1,0,7,1,0,1,0,0,0,0,0,12,5,0,0,0,0,0,0,0,0,0,0,1,1,0,0,1,1,0,25,0,0,1,1,3,1,21,0,16,0,3,17,1,0,1,1,0,0,2,0,0,0,0,1,0,0,0,2,0,0,0,0,1,3,1,0,0,0,2,2,3,0,4,1,1,1,0,0,0,0,0,0,0,0,0,0,0,0,0,1,0,0,0,0,0,0,0,0,0,0,0,0,0,0,0,0,0,0,0,0,0,0,0,0,0,0,0,0,0,0,0,0,0,1,0,1
3068241300039200165,15,0,0,0,1,0,0,0,0,0,0,0,0,0,0,0,0,1,1,7,6,0,0,0,0,0,1,54,0,0,0,0,0,0,0,0,0,0,0,0,0,0,0,0,0,0,1,1,0,0,0,0,0,1,0,0,0,0,0,0,0,0,0,0,0,0,0,0,2,0,0,1,0,0,0,0,0,1,0,0,0,0,0,0,0,0,0,0,0,0,13,0,2,0,0,0,0,0,0,0,55,0,0,0,0,0,0,1,0,0,0,0,0,1,0,0,0,3,0,0,0,0,1,0,0,0,0,1,0,0,0,0,1,0,0,0,0,0,0,0,0,0,0,0,0,0,0,0,0,0,0,0,0,0,0,0,0,0,0,0,2,0,0,0,0,0,0,0,0,0,0,0,0,0,0,0,0,0,0,0
3068241300039200167,15,1,1,0,1,0,0,0,0,1,0,0,0,0,0,0,0,0,0,0,0,1,0,1,0,0,0,1,0,2,0,0,1,0,4,0,0,0,1,0,1,1,0,0,1,0,0,8,0,0,1,0,0,1,0,0,1,0,0,0,0,0,0,0,2,0,0,0,0,0,0,0,1,0,1,0,2,0,0,0,0,0,0,0,0,0,0,0,0,1,20,0,0,0,4,0,3,0,0,1,3,0,9,0,0,3,0,1,0,0,0,0,2,0,0,0,1,0,2,0,0,0,0,0,4,0,0,0,0,1,0,0,0,0,0,0,0,0,0,0,0,0,0,0,0,0,0,1,0,0,0,0,0,0,0,0,0,0,0,0,1,0,0,0,0,0,0,0,0,0,0,0,0,0,0,0,0,0,0,0
3068241300039200168,53,0,16,0,5,0,1,0,0,0,0,0,0,0,0,0,0,0,0,1,0,1,1,1,0,0,0,1,2,0,0,1,0,0,0,1,0,1,0,0,3,5,7,3,1,1,3,11,0,2,0,0,0,0,1,0,2,1,1,1,7,1,0,0,4,0,0,0,0,0,0,0,0,0,1,0,1,0,0,0,0,0,0,1,0,0,0,0,10,0,26,0,9,0,3,4,8,0,2,0,3,0,9,1,0,8,5,2,0,1,0,0,0,0,0,0,0,2,2,0,0,2,0,0,12,1,1,3,0,3,0,1,3,0,0,0,0,0,0,0,0,0,0,0,0,0,0,0,0,0,0,0,0,0,0,0,0,0,1,0,0,0,0,0,0,0,0,0,0,0,0,0,0,1,0,1,0,0,0,0
3068241300039200171,108,20,7,5,5,1,3,0,0,7,1,0,2,20,28,0,0,1,2,5,9,1,4,1,2,4,30,19,10,1,4,8,1,1,7,9,2,12,43,1,7,146,11,0,7,5,28,31,0,43,0,1,8,0,0,27,5,0,11,1,1,6,0,0,4,1,2,0,0,5,0,10,1,1,6,0,2,0,0,2,4,3,3,8,0,0,1,1,13,2,46,0,3,0,6,9,1,1,0,6,71,0,6,5,3,2,1,8,1,0,1,3,1,0,0,1,2,5,20,1,5,2,5,2,18,1,12,1,14,1,2,3,5,1,0,1,1,1,1,0,2,2,1,0,1,0,1,2,0,1,2,0,0,0,3,0,0,1,2,1,0,0,0,2,0,0,0,0,0,1,0,2,1,2,0,0,1,0,0,0
3068241300039200174,58,8,6,0,1,1,1,1,0,1,1,0,0,11,27,0,0,1,3,0,1,0,1,0,0,0,32,5,26,3,1,0,1,0,0,2,0,0,45,1,0,169,2,0,3,1,32,20,1,38,1,0,8,1,0,28,1,0,3,2,2,3,0,0,5,1,0,1,0,1,8,11,1,0,1,0,0,0,0,1,1,2,0,2,0,0,0,1,1,2,23,0,3,0,4,3,1,0,0,0,22,2,3,1,2,0,0,5,0,0,1,0,0,1,6,2,0,5,6,0,0,0,1,0,10,0,3,0,16,0,1,0,0,0,1,0,0,0,0,1,1,0,1,0,0,0,2,1,1,1,0,1,0,0,2,0,1,3,0,0,0,0,0,0,0,0,0,0,0,0,0,0,0,0,0,0,0,0,0,0
3068241300039200175,22,1,4,1,1,0,0,0,0,0,0,0,0,0,1,2,0,0,0,3,4,0,0,1,2,0,1,13,1,0,0,1,3,0,3,6,0,1,0,1,2,1,1,0,1,0,2,5,0,0,0,0,0,0,0,0,0,0,2,1,0,0,0,0,2,0,0,0,0,0,0,0,0,0,1,0,0,0,0,1,0,1,0,10,0,0,0,0,2,1,11,0,0,0,1,6,1,0,0,0,19,0,2,0,0,1,0,0,0,0,1,0,0,1,0,0,0,2,9,0,3,1,2,0,9,0,1,1,0,0,0,9,1,0,0,0,0,0,0,0,0,0,0,0,0,0,0,0,0,0,0,0,0,0,0,0,0,1,0,0,0,0,0,0,0,0,0,0,0,0,0,0,0,0,0,0,0,0,0,0
3068241300039200176,55,1,0,1,3,1,1,0,0,2,1,0,0,0,1,1,0,1,0,5,2,0,1,0,1,1,6,49,2,0,0,2,0,1,4,0,0,10,1,1,5,1,5,0,6,0,4,12,0,0,0,0,0,0,0,2,1,0,2,0,1,0,0,0,2,1,0,0,0,0,1,2,0,0,4,0,3,0,0,4,0,1,0,1,1,0,0,1,3,1,47,0,4,0,4,3,2,1,0,0,29,0,2,0,0,0,0,1,0,0,0,0,1,0,0,0,2,0,0,0,0,2,0,2,9,0,2,1,0,2,0,0,4,0,0,0,0,0,0,0,0,0,0,0,0,0,0,0,0,0,0,0,1,1,0,1,0,0,0,0,1,0,0,0,0,0,0,0,0,0,0,0,0,0,1,0,0,0,0,0
3068241300039200179,34,7,0,1,0,0,0,0,0,1,0,0,0,11,11,0,0,0,3,1,0,0,1,1,1,0,13,2,8,0,0,1,1,0,0,0,0,1,38,0,0,111,3,0,0,2,25,11,0,12,0,0,4,2,0,17,2,0,6,0,1,1,0,0,0,0,0,0,0,1,8,16,0,0,2,0,1,0,0,0,0,0,0,2,0,0,0,0,0,1,14,0,0,1,0,0,4,0,0,0,10,1,1,0,0,0,0,1,0,0,1,0,1,0,0,0,0,3,9,0,0,0,0,3,5,0,0,0,13,2,0,0,1,0,0,0,0,0,0,0,1,0,0,0,0,0,1,1,0,1,3,0,0,0,0,0,0,0,0,0,0,1,0,0,0,1,0,0,0,0,0,1,0,1,1,1,0,0,0,0
3068241300039200180,36,11,2,0,3,0,0,0,0,1,1,0,1,15,7,1,0,1,0,1,3,0,8,7,0,1,0,3,1,0,1,1,0,0,3,3,0,4,11,0,2,28,4,3,0,0,17,12,0,16,0,0,3,0,0,6,4,0,1,0,0,3,1,0,2,1,0,0,0,0,3,2,0,1,1,0,3,0,0,4,0,0,0,1,0,0,0,2,1,2,47,0,2,0,2,0,1,1,0,1,6,0,1,0,0,1,0,3,1,0,0,2,1,1,2,0,0,3,2,0,1,0,0,0,5,0,3,0,5,1,0,0,2,0,1,0,1,0,0,0,0,0,0,0,0,0,0,1,0,0,0,0,0,0,1,0,0,2,0,1,0,0,0,0,1,0,0,0,0,0,0,0,0,0,0,0,0,0,1,0
3068241300039200182,163,37,0,1,2,1,5,1,1,1,0,0,0,25,13,3,1,0,3,11,7,1,7,18,3,0,1,105,5,0,1,5,4,0,10,3,2,6,58,0,6,96,5,8,2,2,44,19,0,37,1,0,8,0,0,55,4,0,8,2,1,12,0,0,9,0,1,0,5,2,5,10,0,0,5,0,13,0,1,1,2,3,2,0,1,2,2,2,1,8,80,0,1,0,8,2,0,4,0,2,118,3,4,2,2,2,1,16,0,0,0,1,1,0,0,3,1,10,22,2,1,3,3,3,22,6,6,1,14,2,0,0,4,0,0,1,0,1,0,0,1,0,0,0,0,1,0,0,0,2,1,0,0,0,2,1,1,2,0,0,3,0,1,1,0,0,0,0,0,0,0,2,1,1,0,0,0,0,0,1
3068241300039200184,20,4,0,0,1,0,0,0,0,0,0,0,0,5,12,0,0,0,2,0,0,0,2,1,0,0,2,1,4,0,0,1,0,0,2,0,0,0,24,0,1,83,0,0,0,2,17,4,0,2,0,0,10,1,0,9,1,0,2,0,0,0,0,0,0,0,2,0,0,0,2,7,0,0,1,0,0,0,0,0,1,1,0,0,0,0,0,0,0,5,7,0,0,0,0,0,0,0,0,0,7,1,2,0,0,0,0,4,0,0,0,0,0,0,1,1,0,0,4,1,0,0,0,0,2,0,0,0,4,0,0,0,0,0,0,0,0,0,0,0,1,0,0,0,0,0,0,0,0,0,0,0,0,0,0,0,0,2,0,0,0,0,0,0,0,0,0,0,0,0,0,0,0,1,0,0,0,0,0,0
3068241300039300005,55,0,1,0,0,0,1,0,0,0,0,1,0,0,0,0,1,0,0,2,3,3,2,2,1,0,0,0,0,0,2,2,1,0,2,1,0,1,1,9,3,0,0,0,2,7,2,0,0,0,0,0,0,0,0,0,0,1,6,0,0,1,0,0,6,1,0,0,1,0,0,0,0,0,1,0,1,0,0,0,1,1,0,10,0,0,2,0,0,0,34,0,4,0,4,5,5,0,0,0,5,0,0,0,1,0,0,0,0,1,0,0,0,0,0,0,0,2,2,0,0,0,0,0,2,0,1,0,1,0,0,0,0,0,0,0,0,0,0,0,0,0,0,0,0,0,0,0,0,0,0,0,0,0,0,0,0,0,0,0,2,0,0,0,0,0,0,0,0,0,0,0,0,0,0,0,0,0,0,0
3068241300039300019,44,0,0,1,0,0,1,0,0,0,0,0,0,0,0,0,1,0,0,0,0,6,0,0,0,2,0,0,0,0,1,0,0,0,0,0,0,1,0,11,2,0,0,0,0,10,3,0,0,0,0,0,0,0,0,0,0,0,8,1,3,0,0,0,2,0,0,0,0,0,1,0,0,0,1,0,1,3,0,0,2,0,0,9,0,0,0,0,0,0,9,0,4,0,2,8,4,0,0,3,1,0,0,0,0,0,0,0,0,0,0,2,0,0,0,0,0,0,1,0,1,0,2,1,1,0,17,0,0,0,0,0,0,0,0,0,0,0,0,0,1,0,0,0,0,0,0,0,0,0,0,0,0,0,0,0,0,0,0,0,0,0,0,0,0,0,1,0,0,0,0,0,0,0,0,0,0,0,0,0
3068241300039300020,62,0,0,1,0,0,0,0,0,0,0,0,0,0,0,1,0,0,0,0,0,11,0,0,0,3,0,0,0,0,1,1,0,0,2,0,0,5,0,8,1,0,0,0,1,4,3,0,0,1,0,0,0,0,1,0,1,0,9,0,1,0,0,0,4,0,0,0,0,0,0,0,0,0,0,0,0,0,1,0,8,0,0,15,0,0,0,0,0,1,14,0,1,0,2,11,9,0,0,1,0,0,0,0,0,0,0,0,0,0,1,0,0,0,0,0,0,2,0,0,0,0,1,0,2,0,17,0,0,0,0,0,0,0,0,0,0,0,0,0,1,0,0,0,0,0,1,0,0,1,1,0,0,0,0,0,0,0,1,0,0,0,0,0,0,0,0,0,0,0,1,0,0,0,0,0,0,0,0,0
3068241300039300033,41,15,1,2,0,1,2,0,0,0,1,0,1,3,7,0,1,0,8,2,0,1,4,4,1,0,5,6,14,2,1,0,0,0,0,0,0,1,28,0,1,92,3,1,1,0,16,17,0,6,0,1,7,0,0,6,0,0,1,0,0,0,0,0,2,0,1,0,0,4,6,12,0,0,0,0,2,0,0,0,2,1,0,0,0,0,0,1,4,4,23,0,0,0,6,0,1,0,0,1,15,4,3,1,1,0,0,3,0,1,0,0,0,0,1,3,0,3,19,1,1,2,0,1,7,0,3,0,14,2,1,1,0,0,1,0,1,0,0,0,0,0,0,0,0,0,3,0,0,0,0,1,0,0,0,1,0,0,0,0,1,0,0,1,0,0,0,0,0,0,1,0,0,0,0,0,0,0,0,0
3068241300039300034,45,0,0,1,0,0,2,0,0,0,0,0,0,0,0,0,0,0,0,1,0,3,0,0,0,5,0,1,0,0,2,0,1,0,1,0,0,3,0,10,2,0,0,0,2,7,2,1,0,0,0,0,0,1,0,0,0,1,3,0,2,0,0,0,5,0,0,0,0,0,2,0,0,0,0,0,0,0,0,0,1,0,0,14,0,0,0,0,0,0,26,0,3,0,3,4,4,0,1,0,0,0,0,0,0,0,0,0,0,1,0,0,0,0,0,0,0,2,1,0,1,0,1,2,0,0,7,0,0,0,0,0,0,0,0,0,0,0,0,0,1,0,0,0,0,0,0,1,0,0,0,0,0,0,0,0,0,0,0,0,0,0,0,0,0,0,0,0,0,0,0,0,0,0,0,0,0,0,0,0
3068241300039300036,23,0,0,0,0,0,0,0,0,0,0,0,0,1,0,0,0,0,0,0,0,5,1,1,0,2,0,0,0,0,1,0,0,0,0,0,0,2,0,5,0,0,0,0,1,5,0,0,0,0,0,0,0,0,0,1,0,0,5,0,1,0,0,0,1,0,0,2,1,0,0,0,0,0,0,0,0,0,0,0,1,0,0,1,0,0,0,0,0,0,10,0,2,0,0,2,3,0,0,0,0,0,0,0,0,0,0,0,0,1,0,0,0,0,0,0,0,1,0,0,0,0,0,0,0,0,2,0,0,0,0,0,0,0,0,0,0,0,0,0,0,0,0,0,0,0,0,0,0,0,0,0,0,0,0,0,0,0,0,0,0,0,0,0,0,0,0,0,0,0,0,0,0,0,0,0,0,0,0,0
3068241300039300045,11,0,0,1,0,0,0,0,0,0,0,0,0,0,0,0,0,0,0,0,0,0,0,0,0,1,0,0,0,0,0,0,0,0,1,0,0,0,0,2,1,0,0,0,0,1,2,0,0,0,0,0,0,0,0,0,0,0,2,0,0,0,0,0,1,3,0,0,0,0,0,0,0,0,0,1,0,0,0,0,4,0,0,6,0,0,0,0,0,0,3,0,0,0,0,0,1,0,0,3,0,0,0,0,0,0,0,0,1,0,0,0,0,0,0,0,0,0,0,0,0,0,2,0,0,0,5,0,0,0,1,0,0,0,0,0,0,0,0,0,0,0,0,0,0,0,0,0,0,0,0,0,0,0,0,0,0,0,0,0,0,0,0,0,0,0,0,0,0,0,0,0,0,0,0,0,0,0,0,0
3068241300039300046,33,0,0,0,0,0,1,0,0,0,0,0,0,0,0,0,1,0,1,0,0,4,2,0,0,2,0,1,0,0,0,0,0,0,0,0,0,2,0,6,0,0,0,0,0,3,2,0,0,0,0,0,0,0,0,0,0,0,1,0,1,0,0,0,2,0,0,0,0,1,0,0,0,0,0,0,0,0,0,1,2,0,0,6,0,0,0,0,0,0,2,0,9,0,1,0,2,0,0,0,3,0,0,0,0,0,0,0,0,0,0,0,0,0,0,0,0,1,0,0,0,0,0,0,3,0,2,0,0,0,0,0,0,0,0,0,0,0,0,0,0,0,0,0,0,0,0,0,0,0,0,0,0,0,0,0,0,0,0,0,0,0,0,1,0,0,0,0,0,0,0,0,0,1,0,0,0,0,0,0
3068241300039300052,33,0,0,1,0,0,0,0,0,0,0,1,0,0,0,1,0,0,0,0,0,3,1,0,0,3,0,0,0,0,0,2,0,0,1,0,0,1,0,8,2,0,0,0,1,7,1,0,0,0,0,0,0,0,0,0,0,0,3,0,1,0,0,0,4,0,0,0,0,0,0,0,0,0,0,0,0,0,0,0,1,0,0,14,0,0,0,0,0,0,4,0,1,0,2,4,1,0,0,0,0,0,0,0,0,0,0,1,0,0,1,0,0,0,0,0,0,0,2,0,0,0,1,1,1,0,16,0,0,0,0,0,0,0,0,0,0,0,0,1,0,0,0,0,0,0,0,0,0,0,0,0,0,0,0,0,0,0,0,0,0,0,0,1,0,0,0,0,0,0,0,0,0,0,0,1,0,0,0,0
3068241300039300057,55,0,0,2,0,0,1,0,0,0,0,0,0,0,0,0,0,0,0,0,1,0,0,0,0,2,0,1,0,0,0,1,0,0,0,0,0,1,0,9,1,0,0,0,0,3,3,0,0,0,0,0,0,0,0,1,0,0,3,0,0,0,0,0,3,1,0,0,0,0,0,0,0,0,2,0,0,0,0,0,4,0,0,7,0,0,0,0,0,0,11,0,0,0,1,0,5,0,0,0,0,0,0,0,0,0,0,1,0,0,0,0,0,0,0,0,0,2,0,0,1,0,0,1,0,0,7,1,0,0,0,0,0,0,0,0,0,0,0,0,0,0,0,0,0,0,0,0,0,0,0,0,0,0,0,0,0,0,0,0,0,0,0,0,0,0,0,0,0,0,0,0,0,0,0,0,0,0,0,0
3068241300039300064,43,0,0,0,0,0,0,0,0,1,0,1,0,0,0,0,0,0,0,0,0,1,1,1,0,4,0,0,0,0,0,0,0,0,0,0,2,0,0,4,2,0,0,0,0,2,1,0,0,0,0,0,0,0,0,0,0,0,8,1,1,0,0,0,1,0,0,0,1,0,0,0,0,0,1,1,0,0,0,0,3,0,0,12,0,0,0,0,0,0,11,0,2,1,0,1,2,0,0,0,0,0,0,0,1,0,0,0,0,0,2,0,0,0,0,0,0,1,0,0,0,1,0,0,1,0,18,0,0,0,0,0,0,0,1,0,0,0,0,0,0,0,0,0,0,0,0,0,0,0,2,0,0,0,0,0,0,0,0,0,0,0,0,0,0,0,0,0,0,0,0,0,0,0,0,0,0,0,0,0
3068241300039300067,25,0,0,0,0,0,1,0,0,0,0,0,0,0,0,0,0,0,0,0,0,0,0,0,0,0,0,0,0,0,0,1,0,0,1,0,0,0,0,2,2,0,0,0,0,0,0,0,0,0,0,0,0,0,0,0,0,0,3,0,0,0,0,0,1,2,0,0,0,2,0,0,0,0,1,0,0,1,0,0,2,0,0,4,0,0,0,0,0,0,4,0,0,0,0,6,1,0,0,0,0,0,0,1,0,0,0,0,0,0,1,0,0,0,0,0,0,0,1,0,0,0,0,1,0,0,2,1,0,0,0,0,0,0,0,0,0,0,0,0,0,0,0,0,0,0,0,0,1,0,0,0,0,0,0,0,0,0,0,0,0,0,0,0,0,0,0,0,0,0,0,0,0,0,0,0,0,0,0,0
3068241300039300069,13,0,8,0,0,0,2,0,0,0,0,0,3,0,1,0,0,0,0,0,0,0,0,1,0,0,1,6,0,0,0,3,0,1,3,0,0,1,1,0,2,1,0,0,1,1,1,7,0,0,0,0,0,1,0,0,0,0,3,0,5,0,0,0,0,0,0,0,0,0,0,1,1,0,0,0,2,0,3,1,4,0,0,1,0,1,0,1,3,0,6,0,6,0,3,2,5,0,0,1,4,0,5,1,0,1,1,1,0,0,0,0,0,1,0,0,3,2,2,0,0,0,0,0,0,0,2,0,0,0,0,1,0,0,0,0,0,0,0,0,0,0,0,0,0,0,0,0,0,0,1,0,0,0,0,0,0,0,0,0,0,0,0,0,0,0,0,0,0,0,0,0,0,0,0,0,0,1,0,0
3068241300039300071,13,0,0,0,0,0,1,0,0,0,0,0,0,0,0,0,0,0,0,0,0,0,0,0,0,0,0,0,0,0,0,1,0,0,0,0,0,0,0,3,1,0,0,0,0,0,0,0,0,1,0,0,0,0,0,0,0,0,1,0,2,0,0,0,0,1,0,0,0,0,0,0,0,0,0,0,0,0,0,0,0,0,0,4,0,0,0,0,0,0,2,0,1,0,0,0,0,0,0,1,0,0,0,0,0,0,0,0,0,0,0,0,0,0,0,0,0,0,1,0,0,0,0,0,0,0,7,0,0,0,0,0,0,0,0,0,0,0,0,0,0,0,0,0,0,0,0,0,0,0,0,0,0,0,0,0,0,0,0,0,0,0,0,0,0,0,0,0,0,0,0,0,0,0,0,0,0,0,0,0
3068241300039300074,14,0,0,0,0,0,1,0,0,0,0,1,0,0,0,0,0,0,0,0,0,1,0,0,0,0,0,0,0,0,0,0,0,0,0,0,0,0,0,1,0,0,0,0,0,0,1,0,0,0,0,0,0,0,0,0,0,0,2,0,1,0,0,0,1,0,0,0,0,0,1,0,0,0,0,0,0,0,0,0,3,0,0,6,0,0,0,0,0,0,2,0,0,0,0,1,0,0,0,0,0,0,1,0,0,0,0,0,0,0,0,0,0,0,1,0,0,0,0,0,0,0,0,0,1,0,3,0,0,0,0,0,0,0,0,0,0,0,0,0,0,0,0,0,0,0,0,0,0,0,0,0,0,0,0,0,0,0,0,0,0,0,0,0,0,0,0,0,0,0,0,0,0,0,0,0,0,0,0,0
3068241300039300077,32,0,0,0,0,0,0,0,0,0,0,0,1,0,0,0,0,0,0,0,0,0,0,0,0,2,0,0,0,0,0,0,0,0,1,0,0,0,0,1,1,0,0,1,0,1,0,0,0,2,0,0,0,0,0,2,0,0,2,0,1,0,0,0,2,4,0,0,0,0,0,1,1,0,0,0,0,0,0,0,2,0,0,12,0,0,0,0,0,0,4,0,2,0,1,3,0,0,0,0,1,0,0,0,0,0,0,0,0,0,0,0,0,0,0,0,0,0,2,0,0,0,4,0,0,0,2,0,0,0,0,0,0,0,0,0,0,0,0,0,0,0,1,0,0,0,0,2,0,0,0,0,0,0,0,0,0,0,0,0,0,0,0,0,0,0,0,0,0,0,0,0,0,0,0,0,0,0,0,0
3068241300039300080,20,0,0,0,0,0,0,0,0,1,0,0,0,0,0,0,0,0,0,0,0,2,0,0,0,5,0,0,0,0,0,0,0,0,0,0,0,0,0,2,1,0,0,0,0,1,1,0,0,0,0,0,0,0,0,1,1,1,2,0,3,0,0,0,1,1,0,0,0,0,1,0,0,0,0,0,0,2,0,0,9,0,0,9,0,0,0,0,0,0,4,0,2,0,0,0,0,0,0,0,0,0,0,0,0,0,0,0,0,0,0,0,0,0,0,0,0,0,1,0,0,0,2,0,0,1,1,0,0,0,0,0,0,0,0,0,0,0,0,0,0,0,0,0,0,0,0,0,0,0,0,0,0,0,0,0,0,0,0,0,0,0,0,0,0,0,0,0,0,0,0,0,0,0,0,0,0,0,0,0
3068241300039300081,31,0,0,0,0,0,0,0,0,0,0,0,0,0,0,0,1,1,0,0,0,0,0,0,0,3,0,0,0,0,0,0,0,0,0,0,0,0,0,3,4,0,0,0,0,0,3,0,0,0,0,0,0,0,0,1,1,0,4,0,0,0,0,0,6,0,0,0,0,0,0,0,0,0,2,0,0,0,0,0,2,0,0,6,0,0,0,0,0,0,3,0,2,0,0,2,0,0,0,0,0,0,0,0,0,0,0,0,0,0,0,1,1,0,0,0,0,0,0,0,1,0,6,0,1,0,0,1,0,0,0,1,0,0,0,0,0,0,0,0,0,0,0,0,0,0,0,0,0,0,0,0,0,0,0,0,0,0,0,0,0,0,0,0,0,0,0,0,0,0,0,0,0,0,0,0,0,0,0,0
3068241300039300082,26,0,0,0,0,0,1,0,0,1,1,0,0,0,0,0,0,0,0,1,1,0,0,0,0,0,0,0,0,0,2,0,1,0,1,0,0,1,0,1,4,1,0,0,0,5,1,1,0,0,0,0,0,0,0,0,0,0,0,0,0,0,0,0,0,0,0,0,1,0,0,0,0,0,0,1,0,0,0,0,0,3,0,2,0,0,0,0,1,0,1,0,1,0,0,0,1,0,0,0,0,0,0,0,0,1,0,0,0,0,0,0,0,1,0,0,0,0,0,0,0,0,3,1,0,0,1,1,1,0,0,0,0,0,0,0,0,0,0,0,0,0,0,0,0,0,0,0,0,0,0,0,0,0,0,0,0,0,0,0,0,0,0,0,0,0,0,0,0,0,0,0,0,0,0,0,0,0,0,0
3068241300039300083,15,1,0,0,0,0,1,0,0,0,0,0,1,0,0,0,0,0,0,0,0,1,0,0,0,2,0,0,0,0,0,1,0,0,0,0,0,0,0,6,0,0,0,0,0,1,1,0,0,0,0,0,0,0,0,0,0,0,3,0,2,0,0,0,2,0,0,0,0,0,0,0,0,0,1,0,1,1,0,0,4,0,0,7,0,0,0,0,0,0,6,0,1,0,0,2,4,0,0,1,0,0,0,0,0,0,0,1,0,0,0,0,0,0,0,0,0,0,0,0,0,0,3,0,3,0,13,0,0,0,0,0,0,0,0,0,0,0,0,0,0,0,0,0,0,0,0,0,0,0,0,0,0,0,0,0,0,0,0,0,0,0,1,0,0,0,0,0,0,0,0,0,0,0,0,0,0,0,0,0
3068241300039300085,39,1,0,0,0,0,0,1,1,1,0,0,0,0,0,0,0,0,0,0,0,3,1,0,0,3,0,0,0,0,0,0,0,0,1,0,0,0,0,2,0,0,0,0,0,3,1,0,0,0,0,0,0,0,0,0,0,0,1,0,2,0,0,0,1,0,0,0,0,0,0,0,0,0,0,0,0,0,0,0,2,0,0,6,0,0,0,0,0,0,10,0,0,0,0,5,3,0,0,0,0,0,0,0,0,0,0,0,0,0,1,0,0,0,0,0,0,0,1,0,0,0,0,0,2,0,9,1,0,0,0,0,0,0,0,0,0,0,0,0,0,0,0,0,0,0,0,0,0,0,0,0,0,0,0,0,0,0,0,0,0,0,0,0,0,0,0,0,0,0,0,0,0,0,0,0,0,0,0,0
3068241300039300087,17,0,0,0,0,0,0,0,0,0,0,0,0,0,0,0,1,0,0,0,0,0,1,0,0,5,0,0,0,0,0,0,0,0,0,0,0,1,0,6,0,0,0,0,0,1,0,0,0,0,0,0,0,0,0,1,0,0,2,0,0,0,0,0,0,2,0,0,0,0,0,0,0,0,0,0,0,1,0,0,0,0,0,5,0,0,0,0,0,0,6,0,1,0,0,1,1,0,0,2,0,0,0,0,0,0,0,0,0,0,0,0,0,0,0,0,0,0,0,0,0,0,2,0,0,0,5,0,0,0,0,0,0,0,0,0,0,0,0,0,0,0,0,0,0,0,0,0,0,0,0,0,0,0,0,0,0,0,0,0,0,0,0,0,0,0,0,0,0,0,0,0,0,0,0,0,0,0,0,0
3068241300039300088,35,1,0,2,0,0,1,0,0,0,0,0,0,0,0,0,0,1,0,0,0,0,0,0,0,4,0,0,0,0,1,2,0,0,0,0,0,0,0,3,2,1,0,0,0,3,1,0,0,0,0,0,0,0,0,1,1,1,2,0,4,0,0,0,1,0,0,0,0,0,0,0,0,0,0,0,0,0,0,0,8,0,0,24,0,0,0,0,0,0,8,0,0,0,1,2,1,0,0,1,0,0,0,0,1,0,0,0,0,0,0,1,0,0,0,0,0,1,0,0,0,0,4,0,0,0,5,1,0,0,0,0,0,0,0,0,0,1,0,0,0,0,0,0,0,0,0,0,0,0,0,0,0,0,0,0,0,0,0,0,0,0,0,0,0,0,0,0,0,0,0,0,0,0,0,0,0,0,0,0
3068241300039300090,27,0,0,0,0,0,0,1,0,0,0,0,0,0,0,0,0,0,0,0,0,1,0,0,0,0,0,0,0,0,0,0,0,0,0,0,0,0,0,1,2,0,0,0,0,1,0,1,0,0,0,0,0,0,0,1,1,0,0,0,0,0,0,0,1,0,0,0,0,0,0,0,0,0,0,0,0,0,1,0,1,0,0,0,0,0,0,0,0,0,2,0,0,0,0,0,0,0,0,0,0,0,0,0,0,0,0,1,0,1,0,0,0,0,0,0,0,0,0,0,0,0,3,1,0,0,0,1,1,1,0,0,0,0,0,0,0,0,0,0,0,0,0,0,0,0,0,0,0,0,0,0,0,0,0,0,0,0,0,0,0,0,0,1,0,0,0,0,0,0,0,0,0,0,0,0,0,0,0,0
3068241300039300095,34,0,0,0,0,0,1,0,0,0,0,0,0,0,0,0,1,0,0,0,1,0,0,0,1,0,0,1,0,0,2,0,0,0,0,0,0,0,1,0,7,1,0,0,0,6,1,0,0,0,0,0,0,0,0,0,0,0,1,0,1,0,0,0,0,0,0,0,0,0,0,0,0,0,0,0,0,0,2,0,0,0,0,2,0,0,0,0,0,0,0,0,0,0,0,0,0,0,0,0,1,0,0,0,1,0,0,0,0,0,0,0,0,1,1,0,0,0,0,0,0,2,3,4,0,0,0,0,0,0,0,0,0,0,2,0,0,0,0,0,0,0,0,0,0,0,0,0,0,0,0,0,0,0,0,0,0,0,0,0,0,0,0,0,0,0,0,0,0,0,0,0,0,0,0,0,0,0,0,0
3068241300039300096,31,0,0,0,0,0,1,0,0,0,0,0,1,0,0,0,0,1,0,0,0,0,1,0,0,1,0,0,0,0,1,0,0,0,0,0,0,0,0,1,2,1,0,1,0,1,4,0,0,0,0,0,0,0,0,1,0,0,0,0,0,0,0,0,0,1,0,0,0,0,0,0,0,0,0,0,0,0,0,0,2,0,0,3,0,0,0,0,0,0,5,0,0,0,0,0,2,0,0,1,0,0,1,0,0,0,0,0,0,0,0,0,0,0,0,0,0,0,0,0,0,0,0,0,0,0,1,0,0,0,0,0,0,0,0,0,0,0,0,0,0,0,0,0,0,0,0,0,0,0,0,0,0,0,0,0,0,0,0,0,0,0,0,0,0,0,0,0,0,0,0,0,0,0,0,0,0,0,0,0
3068241300039300098,27,0,0,0,0,0,0,0,0,0,0,1,0,0,0,0,0,1,0,1,0,0,0,0,0,0,0,1,0,0,2,1,0,0,0,0,0,0,0,3,0,0,0,1,0,0,0,1,0,0,0,0,0,0,1,1,0,0,0,0,0,0,0,0,7,3,0,0,0,0,0,0,0,0,0,0,0,1,0,0,0,0,0,3,0,0,0,0,0,0,9,0,8,0,0,2,0,0,0,0,0,0,1,2,0,0,1,1,0,0,1,0,0,0,0,0,0,1,0,0,1,0,0,0,0,0,0,0,0,0,0,0,0,0,0,0,1,0,0,0,1,0,0,0,0,0,0,0,0,0,0,0,0,0,0,0,0,0,1,0,0,0,0,0,0,0,1,0,0,0,0,0,0,0,0,0,0,0,0,0
3068241300039300099,11,0,0,0,0,0,0,0,0,0,0,0,0,0,0,0,0,0,0,0,0,0,0,0,0,5,0,1,0,0,0,0,0,0,0,0,0,0,1,4,1,0,0,0,0,1,0,0,0,0,0,0,1,0,0,4,0,0,2,0,0,0,0,0,1,3,0,0,0,0,0,0,0,0,0,0,0,1,0,0,1,0,0,5,0,0,1,0,0,0,2,0,0,0,1,1,0,0,0,0,0,0,1,0,0,0,0,0,0,0,0,0,0,0,0,0,0,0,0,0,0,0,3,1,0,0,2,1,0,0,0,0,0,0,0,0,0,0,0,0,0,0,0,0,0,0,0,0,0,0,0,0,0,0,0,0,0,0,0,0,0,0,0,0,0,0,0,0,0,0,0,0,0,0,0,0,0,0,0,0
3068241300039300104,39,0,0,0,0,0,0,0,0,0,0,0,0,0,0,0,0,0,0,0,0,0,2,0,0,3,0,7,0,0,1,2,0,0,4,1,0,1,0,4,1,0,1,0,5,0,3,1,0,0,2,0,0,0,0,5,2,0,4,0,2,0,1,0,9,2,0,0,0,1,1,0,0,0,0,0,3,0,0,0,1,0,1,4,0,0,0,1,0,0,14,0,3,0,9,8,0,0,2,1,8,0,3,3,3,1,2,2,0,0,0,0,0,0,1,0,1,2,1,0,1,2,1,1,2,0,0,0,0,1,0,0,0,0,0,0,0,1,0,0,0,0,0,0,0,0,1,0,0,0,0,0,0,0,0,0,0,0,0,0,0,0,0,0,0,0,0,0,0,0,0,0,0,0,0,1,0,0,0,0
3068241300039300105,11,0,0,0,0,0,2,0,0,0,0,0,0,0,0,0,0,0,0,0,1,0,1,0,0,0,0,4,0,0,1,0,0,0,1,0,0,0,0,2,5,0,0,0,0,0,0,1,0,0,0,0,0,0,0,0,0,0,0,0,0,0,0,0,1,0,0,0,2,0,0,0,0,0,0,0,0,0,0,0,0,0,0,0,0,0,0,0,0,0,0,0,0,0,0,0,0,0,0,0,1,0,0,0,0,0,0,1,0,0,0,0,0,0,0,0,0,0,0,0,0,1,4,1,0,0,0,0,0,1,0,0,0,1,0,0,0,0,0,0,0,0,0,0,0,0,0,0,1,0,0,0,0,0,0,0,0,0,0,0,0,0,0,0,0,0,0,0,0,0,0,0,0,0,0,0,0,0,0,0
3068241300039300106,9,0,2,0,0,0,0,0,0,1,0,0,1,0,0,0,0,0,1,0,0,1,1,0,0,0,0,8,0,0,0,0,1,0,0,0,0,0,0,0,0,0,0,0,5,1,1,5,0,0,2,0,0,1,0,1,0,0,1,0,0,0,0,0,3,0,0,0,0,0,0,0,0,0,0,0,1,0,0,0,1,0,0,1,0,0,0,2,1,0,11,0,0,0,3,0,0,0,0,0,2,0,3,0,0,0,1,2,0,0,0,0,0,1,0,0,1,0,0,0,0,2,0,0,3,0,0,0,0,1,0,0,0,0,0,0,0,0,0,0,1,0,0,0,0,0,0,0,0,0,0,0,0,0,0,0,0,0,0,0,0,0,0,0,0,0,0,0,0,0,0,0,0,0,0,0,0,0,0,0
3068241300039300108,15,0,0,0,0,0,1,0,0,0,0,0,0,0,0,0,0,0,0,0,0,0,0,0,0,0,0,0,0,0,0,0,0,0,0,0,0,2,0,3,0,0,0,0,0,1,2,0,0,0,0,0,0,0,0,0,0,0,1,0,1,0,0,0,2,3,0,0,0,0,0,0,0,0,0,0,0,0,0,0,3,0,0,9,0,0,0,0,0,0,3,0,0,0,0,3,5,0,0,0,1,0,0,0,0,0,0,0,0,0,0,0,0,0,0,0,0,0,0,0,0,0,1,0,0,0,3,0,0,0,0,0,0,0,0,0,0,0,0,0,0,0,0,0,0,0,0,0,0,0,0,0,0,0,0,0,0,0,0,0,0,0,1,0,0,0,0,0,0,0,0,0,0,0,0,0,0,0,0,0
3068241300039300110,44,0,0,0,0,0,5,0,0,0,0,0,1,0,0,0,0,0,0,0,8,0,1,0,0,0,0,1,0,0,1,1,0,0,1,0,0,1,0,0,2,0,0,0,0,2,3,7,0,0,1,0,0,0,3,0,0,0,1,0,0,0,0,0,1,0,1,0,0,0,0,0,0,0,2,0,1,0,0,0,0,0,0,1,0,0,0,1,0,0,5,0,2,0,0,1,0,0,0,0,3,0,0,0,0,0,0,9,0,0,0,0,0,0,0,0,0,0,0,0,0,3,0,1,0,0,0,2,0,0,0,0,2,0,0,0,0,0,0,0,0,0,0,0,0,0,0,0,0,0,0,0,0,0,0,0,0,0,0,0,0,0,1,0,0,0,0,0,0,0,0,0,0,0,0,0,0,0,0,0
3068241300039300115,20,0,0,0,0,0,0,0,0,4,0,0,0,0,0,0,0,0,0,1,0,0,0,0,0,0,0,1,0,0,0,0,0,0,0,0,0,0,0,0,3,0,0,0,0,1,0,0,0,0,0,0,0,0,0,0,1,0,0,0,0,0,0,0,2,1,0,0,0,0,0,0,0,0,0,0,0,0,0,0,0,0,0,13,0,0,0,0,0,0,6,0,1,0,0,3,0,0,0,0,4,0,1,0,1,0,0,0,1,0,0,0,0,0,1,0,0,1,0,0,0,3,0,0,1,0,1,0,0,0,0,0,0,0,0,0,0,0,0,0,0,0,0,0,0,0,0,0,0,0,0,0,0,0,0,0,0,0,0,0,0,0,0,0,0,0,0,0,0,0,0,0,0,0,0,0,0,0,0,0
3068241300039300117,20,0,0,0,0,1,0,0,0,0,0,0,0,0,0,0,0,0,0,0,1,1,0,0,0,1,0,1,0,0,1,0,0,0,0,0,0,0,0,1,1,0,0,0,0,1,0,2,0,0,0,0,0,0,0,0,0,0,0,0,0,0,0,0,1,1,1,0,0,0,0,0,0,0,1,0,0,0,0,0,1,0,0,4,0,0,0,0,0,0,7,0,1,0,0,6,0,0,0,0,2,0,0,0,0,0,0,0,0,0,1,0,0,0,0,0,0,0,0,0,0,0,1,1,0,0,0,0,0,0,0,0,0,0,0,0,0,0,0,0,0,0,0,0,0,0,0,0,0,0,0,0,0,0,0,0,0,0,0,0,0,0,0,0,0,0,0,0,0,0,0,0,0,0,0,0,0,0,0,0
3068241300039300118,15,0,1,0,2,0,2,0,0,0,0,1,0,0,0,0,0,1,1,1,0,0,0,0,0,0,0,1,0,0,1,2,0,0,5,0,0,1,0,0,0,0,0,0,0,0,1,8,0,0,0,0,1,0,0,0,2,0,0,0,4,0,0,0,4,1,2,0,0,0,0,0,1,0,0,0,8,0,3,0,4,1,0,0,0,0,0,1,9,0,1,0,2,0,1,3,4,0,1,0,2,0,13,1,0,6,1,2,0,0,0,0,0,2,0,1,2,0,1,0,0,2,0,0,1,0,1,0,1,0,0,1,0,0,0,0,0,0,0,0,0,0,0,0,0,0,0,0,0,0,0,0,0,0,0,0,0,0,0,0,0,0,0,0,0,0,0,0,0,0,0,0,0,0,0,0,0,0,0,0
3068241300040100013,16,2,0,1,0,1,1,0,0,0,0,0,0,0,0,0,0,0,0,0,0,0,0,0,2,0,0,8,0,0,0,0,0,0,1,0,0,1,0,0,0,0,1,0,0,0,4,3,0,0,0,0,0,0,0,1,0,0,0,0,0,0,0,0,0,0,0,0,0,3,0,0,0,0,0,0,0,0,0,1,0,1,0,0,0,0,0,1,0,0,1,0,0,0,0,0,0,0,0,0,7,0,0,0,0,0,0,0,0,0,0,0,0,0,0,0,0,0,17,0,0,0,0,0,1,0,0,0,0,0,0,0,0,0,0,0,0,0,1,0,0,0,0,0,0,0,0,0,0,0,0,0,0,0,0,0,0,0,0,0,0,0,0,0,0,0,0,0,0,0,0,0,0,0,0,0,0,0,0,0
3068241300040100015,24,3,0,1,0,0,0,0,0,2,0,0,0,0,0,5,0,0,0,3,2,0,1,1,3,0,0,47,0,0,0,1,0,0,0,0,0,0,0,1,2,1,1,0,1,0,5,14,0,0,0,0,0,0,0,0,0,0,1,0,0,0,0,0,1,0,0,0,5,1,0,1,0,0,0,0,1,0,0,3,0,2,0,0,1,1,0,0,1,0,44,0,1,0,1,0,0,0,0,0,14,0,0,0,0,3,0,0,0,0,0,0,1,0,0,0,0,6,11,0,0,0,0,1,2,1,0,0,0,0,0,0,2,0,0,0,0,0,0,0,0,0,0,0,0,0,0,0,0,0,0,0,0,0,0,0,0,1,0,0,0,0,0,0,0,0,0,0,0,0,0,1,0,0,0,0,0,0,0,0
3068241300040200023,23,2,0,2,0,0,0,0,0,0,1,0,0,0,0,4,0,0,0,7,6,0,0,4,5,0,0,78,0,0,0,2,0,0,1,0,0,3,2,1,1,2,1,0,0,0,7,1,0,2,0,0,0,1,0,0,2,1,0,0,0,0,0,0,0,0,0,0,4,0,0,0,0,0,1,0,2,3,0,1,0,0,1,0,1,1,0,0,0,0,17,0,0,0,0,2,0,0,0,1,47,0,0,0,0,1,0,0,0,0,0,0,0,0,1,0,0,3,2,0,1,2,0,3,1,0,0,0,0,0,0,0,3,0,0,1,0,0,0,1,0,0,1,0,0,0,0,1,0,0,2,0,0,0,0,0,0,0,0,0,2,0,0,0,0,0,0,0,0,0,0,0,0,0,0,1,0,0,0,0
3068241300040200026,96,4,0,78,0,1,0,0,2,0,0,3,0,3,7,3,0,1,2,5,2,0,3,3,1,1,1,57,1,1,0,0,1,3,0,0,2,4,21,0,4,8,2,1,0,2,22,12,0,3,0,1,0,0,1,3,4,0,4,0,1,0,0,0,1,0,0,0,2,2,2,1,0,0,38,0,2,1,0,4,0,8,0,2,0,1,0,1,1,4,24,0,0,0,2,2,0,2,0,0,50,2,2,0,0,1,0,2,0,0,0,0,1,0,0,0,0,17,31,0,0,4,1,15,5,0,0,0,5,1,0,0,2,0,0,0,0,0,1,0,0,0,0,1,0,0,0,0,0,0,0,0,1,0,0,0,0,1,0,0,1,1,0,0,0,0,0,0,0,0,0,0,1,0,0,0,0,1,0,0
3068241300040200029,31,3,0,16,0,0,0,0,0,0,0,0,0,0,1,0,0,0,1,6,1,0,1,0,0,0,0,29,0,0,0,0,2,0,0,0,0,0,4,0,1,5,1,0,3,1,7,1,0,0,0,0,1,0,0,1,3,0,1,0,0,0,0,0,0,0,0,0,0,0,0,0,0,0,8,0,0,0,0,1,0,0,0,0,0,0,0,0,0,2,15,0,0,0,0,1,0,0,0,0,22,0,0,0,0,0,0,0,0,0,0,0,0,0,0,0,0,5,4,0,0,0,0,0,0,0,0,0,0,0,0,0,1,0,0,0,0,0,0,0,0,0,0,0,0,0,0,1,0,0,0,0,0,0,0,0,0,0,0,0,0,0,0,0,0,0,0,0,0,0,0,0,0,0,0,0,0,0,0,0
3068241300040200032,72,7,0,0,1,0,0,0,0,0,0,0,0,1,2,8,0,2,0,22,7,0,6,7,7,0,0,100,0,1,0,0,3,0,2,2,0,3,2,0,2,3,2,0,1,0,17,28,0,1,0,0,1,0,0,2,5,0,0,0,2,0,0,0,2,3,0,0,5,8,0,2,0,0,2,0,3,0,0,3,3,11,0,0,0,2,0,0,1,5,57,0,0,0,3,4,2,0,0,0,58,0,2,0,1,0,0,0,0,0,0,0,0,2,2,0,0,14,61,0,1,1,1,0,5,0,0,0,2,1,0,0,3,0,0,0,0,0,0,1,1,0,0,0,0,0,1,0,0,1,0,0,1,2,0,0,0,0,1,0,1,0,0,0,0,0,0,0,0,0,0,0,0,1,1,0,0,0,0,0
3068241300040200033,2,1,0,0,0,0,0,0,0,0,0,0,0,0,2,0,0,0,0,0,3,0,2,1,0,0,0,4,0,0,0,0,0,0,0,0,0,0,1,0,0,1,0,0,0,0,1,0,0,1,0,0,0,0,0,0,0,0,0,0,0,0,0,0,1,0,0,0,0,1,0,0,0,0,0,0,1,0,0,0,0,0,0,0,0,0,0,0,0,0,3,0,0,0,0,0,0,0,0,0,3,0,0,0,0,0,0,0,0,0,0,0,0,0,0,0,0,2,2,0,0,0,0,0,0,0,0,0,0,0,0,0,0,0,0,0,0,0,0,0,0,0,0,0,0,0,0,0,0,0,0,0,0,0,0,0,1,0,0,0,0,0,0,0,0,0,0,0,0,0,0,0,0,0,0,0,0,0,0,0
3068241300040200037,51,2,0,2,0,1,0,0,0,0,0,0,0,1,0,0,0,1,0,13,2,0,2,1,11,0,1,67,0,0,0,0,0,0,1,0,0,0,1,1,1,4,0,0,0,0,21,29,0,3,1,0,0,0,0,1,0,1,1,0,0,0,0,0,0,0,2,0,3,11,1,1,0,0,1,1,2,0,0,2,0,6,1,0,0,0,0,0,1,0,26,0,0,0,2,1,2,0,1,0,21,1,0,0,0,0,0,0,1,0,0,0,0,1,0,1,0,7,53,0,0,0,0,0,6,0,0,0,3,0,0,0,1,0,0,0,0,0,0,0,0,0,0,1,0,0,0,0,0,1,0,0,0,0,0,0,0,0,0,0,0,0,0,0,0,0,0,0,0,0,0,0,0,0,0,0,0,0,1,0
3068241300040200042,41,2,0,0,0,0,0,0,1,0,0,0,0,2,0,4,0,0,0,6,13,1,2,3,9,0,0,68,0,0,0,1,1,0,1,0,0,0,2,0,0,1,1,0,4,2,10,9,0,1,0,0,0,0,0,0,1,0,0,0,2,0,0,0,0,1,0,0,5,7,0,1,0,0,0,0,1,0,0,5,0,5,0,0,0,0,0,0,2,1,39,0,0,0,1,1,1,0,0,1,22,0,1,0,0,1,1,0,0,0,0,0,0,0,0,0,0,5,37,0,0,2,1,1,1,0,0,0,0,0,0,0,1,0,0,0,0,0,1,1,0,0,0,0,0,0,1,0,0,0,0,0,0,1,0,0,0,0,0,0,0,0,0,0,0,0,0,0,0,0,0,0,0,0,0,0,0,0,0,0
3068241300040200043,63,0,0,0,0,0,1,0,0,2,0,0,0,2,2,7,0,0,0,20,11,0,2,2,4,0,0,85,0,0,1,1,8,0,1,0,0,0,1,0,0,1,0,0,1,3,11,5,0,0,0,0,0,0,0,0,4,1,0,0,1,0,0,0,3,2,0,0,2,1,0,1,0,0,0,0,2,0,0,2,0,2,1,0,0,0,0,0,0,3,32,0,0,0,4,1,1,0,0,0,35,0,1,0,0,0,1,1,0,0,0,1,0,0,0,0,0,17,36,0,0,2,0,0,8,0,0,0,1,1,0,0,0,0,0,0,1,0,0,0,0,0,0,0,0,0,0,0,0,0,0,0,0,0,0,1,0,1,0,0,1,0,0,0,0,0,0,1,0,0,0,0,0,0,0,0,0,0,0,0
3068241300040200044,87,8,1,4,0,0,1,0,0,2,0,0,0,6,0,13,0,1,0,20,10,0,4,2,4,0,0,58,0,0,0,0,4,0,5,0,0,1,0,1,0,2,4,0,1,1,15,24,0,0,0,0,0,0,0,1,7,1,2,0,1,0,0,0,1,2,0,0,7,15,1,0,0,0,2,0,0,1,0,7,0,7,0,0,0,0,0,1,0,3,53,0,0,0,2,10,1,0,0,0,36,0,0,0,0,0,0,4,0,0,0,0,1,0,1,0,0,28,91,0,0,2,1,1,1,0,1,0,2,0,0,0,1,0,0,0,0,0,0,0,0,0,0,0,0,0,1,0,0,0,0,0,0,0,0,0,0,0,0,0,0,0,0,1,0,0,0,0,0,0,0,0,1,0,0,0,0,0,0,0
3068241300046100011,63,8,0,1,0,0,1,0,0,0,0,0,0,0,0,6,0,0,0,15,10,1,0,6,2,0,0,25,0,0,0,0,2,0,0,0,1,0,0,0,0,2,0,0,1,1,11,7,0,1,0,0,0,0,0,0,1,0,0,5,0,0,0,1,0,0,0,0,4,4,0,0,0,0,0,0,0,1,0,1,1,0,0,0,0,2,0,0,0,1,5,0,1,0,1,1,0,0,0,0,17,0,0,0,0,0,0,0,0,1,1,0,0,1,2,0,0,11,43,0,0,0,0,0,5,3,1,0,1,0,0,0,0,0,0,0,0,0,0,0,0,0,0,0,0,0,1,0,0,0,0,0,0,0,0,0,0,0,0,0,0,0,0,0,0,0,0,0,0,0,0,0,0,0,0,0,0,0,0,0
3068241300046100020,81,20,0,0,0,1,0,0,0,0,0,1,0,0,2,7,0,0,0,10,7,1,1,7,5,0,0,55,0,0,0,1,2,0,1,2,0,3,0,1,3,0,0,0,2,6,28,30,0,0,0,0,0,1,0,0,3,0,1,8,1,0,0,0,0,1,0,0,1,8,0,0,0,0,1,0,0,0,0,1,0,1,1,0,0,3,0,0,1,2,12,1,0,0,2,1,0,1,0,1,33,0,0,1,0,1,0,0,0,0,1,0,1,0,3,0,0,20,68,0,0,1,0,1,3,7,0,0,3,0,0,0,0,0,0,0,0,0,2,0,1,0,0,0,0,0,1,0,0,0,0,0,0,0,0,0,0,1,0,0,0,1,0,0,0,0,0,0,0,0,0,0,0,0,0,0,1,0,0,0
3068241300046200026,43,15,0,1,0,0,0,0,0,0,0,0,0,0,0,4,0,0,0,9,5,0,0,1,2,0,0,10,0,0,0,0,0,0,0,0,0,3,0,0,1,2,0,0,0,0,7,14,0,0,0,1,0,0,0,0,2,0,1,2,0,0,0,0,0,0,0,0,1,2,0,0,0,0,0,0,0,0,0,2,0,0,0,0,0,1,0,0,0,1,4,0,0,0,0,0,0,0,0,0,5,0,0,0,0,0,0,0,0,0,0,0,0,0,1,0,0,13,54,0,0,0,0,0,8,3,0,0,3,0,0,0,0,0,0,0,0,1,1,0,0,0,0,0,0,0,0,0,0,0,1,0,0,0,0,1,0,0,0,0,0,0,1,1,0,0,0,0,0,0,0,0,0,0,0,0,0,0,0,0
3068241300046200050,75,9,0,1,1,0,0,0,0,0,0,0,0,0,0,7,0,2,0,14,12,0,0,0,4,0,0,17,0,0,0,1,4,0,0,0,0,3,0,0,0,1,0,0,0,0,7,8,0,0,0,0,0,0,0,0,1,0,2,14,0,0,0,0,0,0,0,0,4,5,0,0,0,0,0,1,0,0,0,2,0,0,0,0,0,0,0,0,0,1,18,0,0,0,2,1,0,0,0,0,17,0,0,0,0,0,1,1,0,0,0,0,0,0,1,0,0,19,55,0,0,1,0,0,5,5,0,0,0,0,0,0,0,0,0,1,0,0,0,0,0,0,0,0,0,0,0,0,0,0,0,0,0,1,0,0,0,0,0,0,0,0,0,1,0,0,1,0,0,0,0,0,0,1,0,0,0,0,0,0
3068241300046200053,65,5,0,1,0,3,0,0,0,1,0,0,0,0,0,22,0,1,0,8,12,0,1,1,9,0,0,27,1,0,1,1,1,0,0,0,0,1,0,0,1,0,0,0,0,8,10,13,0,0,0,0,0,0,0,0,2,0,0,3,0,0,0,0,0,0,0,0,8,5,1,0,0,0,0,1,0,0,0,4,0,0,1,0,0,3,0,0,0,1,11,0,0,0,1,2,0,0,0,0,26,0,0,0,1,0,0,1,0,0,0,0,0,0,1,0,0,11,40,0,0,0,0,0,0,4,0,0,3,1,0,0,0,0,0,1,0,1,1,0,0,0,0,0,0,0,0,0,0,0,0,0,0,0,0,0,0,0,0,1,1,2,0,0,0,0,0,0,0,0,0,0,0,1,0,0,0,0,0,0
3068241300046200057,108,17,0,2,0,3,0,0,0,4,0,0,0,1,0,12,1,4,0,25,28,0,3,4,10,0,0,55,1,0,1,2,2,0,0,0,0,2,1,0,2,2,0,0,1,2,37,22,1,1,0,0,0,0,0,0,3,0,2,9,0,0,0,0,1,0,0,0,6,12,1,1,0,0,1,0,1,0,0,2,0,2,0,0,0,2,0,0,0,1,11,1,1,0,0,4,1,3,0,0,21,1,0,0,1,0,0,1,0,1,0,0,0,0,1,1,1,28,100,1,0,0,0,0,2,6,0,0,2,2,0,0,6,0,1,1,0,0,0,0,2,0,0,0,0,0,1,0,0,0,0,0,0,0,0,0,0,0,1,0,1,0,0,1,0,0,0,0,0,0,0,0,0,0,0,0,0,0,0,0
3068241300047100022,51,3,0,0,0,2,0,0,0,1,0,0,0,0,0,2,0,1,0,10,1,0,1,0,1,0,1,48,0,0,1,0,0,0,2,0,0,2,0,0,0,1,0,0,0,2,13,5,0,0,0,2,0,0,0,0,0,0,0,9,0,0,0,0,1,3,0,0,3,0,0,0,0,0,0,0,1,0,1,0,0,0,0,0,0,1,0,1,0,0,6,0,0,0,1,2,1,0,0,0,33,0,0,0,0,0,0,0,0,1,0,0,0,0,1,0,0,13,9,0,0,0,0,0,1,3,0,0,0,0,0,0,0,0,0,0,0,1,0,0,0,0,0,0,0,0,0,0,1,0,0,0,0,0,0,0,0,0,0,0,3,0,0,0,0,0,0,0,0,0,0,0,0,0,0,0,0,0,0,0
3068241300047100023,22,3,0,0,0,0,0,0,0,0,3,0,0,4,0,0,0,0,0,1,1,0,1,0,1,0,0,3,0,0,0,0,0,0,0,0,0,0,0,0,0,0,0,0,0,0,5,9,0,0,0,0,1,0,1,0,1,0,1,7,1,0,0,0,0,0,0,0,1,4,0,0,0,0,0,0,0,0,0,0,0,0,0,0,1,1,0,0,2,1,8,3,0,0,0,1,0,0,0,0,4,0,1,0,0,0,0,2,0,0,0,0,0,0,0,0,0,2,7,0,0,0,0,0,1,0,0,0,0,1,0,0,0,0,0,0,0,0,0,0,0,0,0,0,0,0,0,0,0,0,1,1,0,0,0,0,0,0,0,0,1,0,0,0,0,0,0,0,0,0,0,0,0,0,0,0,0,0,0,0
3068241300047100028,23,9,0,0,0,0,0,0,0,1,8,0,0,6,0,1,0,0,0,0,0,1,9,1,1,0,0,10,0,0,0,1,2,0,2,0,0,0,0,0,1,0,0,0,0,0,7,32,0,0,0,0,0,0,1,0,0,0,3,11,2,0,0,0,3,0,0,0,0,1,0,0,0,0,0,0,1,0,0,0,0,0,0,0,0,1,0,0,8,1,19,5,0,0,3,0,0,1,0,0,9,0,1,0,0,0,0,1,0,0,0,0,0,0,1,0,0,4,12,0,0,0,0,0,4,2,1,1,0,0,0,0,0,0,0,0,0,0,0,0,0,0,0,0,0,0,0,0,0,0,1,0,0,0,0,0,0,0,1,0,0,0,0,0,0,0,0,0,0,0,0,0,0,0,0,0,0,0,0,0
3068241300047100029,27,6,0,0,0,0,1,0,0,0,2,2,0,7,0,2,0,1,0,6,3,0,3,0,0,1,0,42,0,0,2,1,0,0,0,2,0,0,0,0,0,1,0,1,0,2,17,22,0,0,0,0,1,0,0,0,1,0,2,11,1,0,0,0,4,1,0,1,0,2,0,0,0,0,1,0,0,1,0,0,0,0,0,0,0,3,0,0,5,0,34,8,0,0,1,0,0,0,0,0,36,0,2,0,0,0,0,0,0,0,0,0,1,0,0,0,0,10,5,0,0,0,0,0,4,0,1,0,0,0,0,0,1,0,0,0,0,0,1,0,0,0,0,0,1,0,1,0,0,0,0,0,0,0,0,1,0,1,0,0,1,0,0,0,0,0,0,0,0,0,0,0,0,0,0,0,0,0,0,0
3068241300047100030,35,8,0,0,0,0,0,0,1,0,5,0,0,14,0,0,0,0,0,0,0,0,8,1,0,1,0,5,0,0,0,0,0,0,1,0,0,0,1,0,0,0,0,0,1,1,9,19,0,0,0,0,0,0,0,0,1,0,1,12,3,0,0,0,4,0,0,0,0,1,0,1,0,0,0,0,1,0,0,1,1,1,0,0,1,2,0,0,10,0,16,12,0,0,1,2,0,0,0,0,10,0,1,0,0,0,0,2,0,0,0,0,1,0,0,0,0,2,14,0,0,0,0,1,3,0,0,0,1,0,0,0,0,0,0,0,0,0,0,0,0,0,0,0,0,0,0,0,0,0,0,0,0,0,0,0,0,0,0,0,0,0,0,0,0,0,0,0,0,0,0,0,1,0,0,0,0,0,0,0
3068241300047100033,10,1,0,2,0,0,0,0,0,0,0,0,0,0,0,2,0,0,0,10,4,0,0,0,0,0,0,94,1,0,0,1,0,0,0,1,0,1,0,0,0,0,0,0,0,1,1,1,0,0,0,0,0,0,0,0,0,0,0,4,1,0,0,0,0,0,0,0,2,0,0,1,0,0,0,0,0,0,0,1,0,0,1,0,0,1,0,0,0,0,6,0,0,0,2,0,0,0,0,0,68,0,0,0,0,0,0,0,0,0,0,0,0,0,0,0,0,6,1,0,0,0,0,0,0,0,1,0,1,0,0,0,0,0,0,0,0,0,0,1,0,0,0,0,0,1,0,0,0,1,0,0,0,0,0,0,0,0,0,0,1,0,0,0,0,0,0,0,0,0,0,1,0,0,0,0,0,0,0,0
3068241300047100034,8,4,0,1,0,0,0,0,0,0,0,0,0,8,0,0,0,0,0,0,0,0,1,0,0,0,0,0,0,0,1,0,0,1,1,0,0,0,0,0,0,0,0,0,0,0,1,15,0,0,0,0,0,0,0,0,0,0,0,6,4,0,0,0,1,0,0,0,0,0,0,0,0,0,0,0,0,0,0,0,0,0,0,0,9,2,0,0,2,0,4,3,0,0,0,0,1,2,0,0,0,0,3,0,0,0,0,0,0,0,0,0,0,0,0,0,0,1,0,0,0,0,0,0,3,0,0,0,0,0,0,0,0,0,0,0,0,0,0,0,0,0,0,0,0,0,0,0,0,0,0,0,0,0,0,0,0,0,0,0,0,0,0,0,0,0,0,0,0,0,0,0,0,0,0,0,0,0,0,0
3068241300047100035,24,2,0,0,0,0,0,0,1,0,1,0,1,5,2,0,0,0,0,1,0,0,3,1,1,0,0,11,0,1,0,1,0,1,0,0,0,1,0,0,1,0,0,1,0,0,2,19,0,0,0,1,0,1,0,0,0,0,2,11,3,0,0,0,5,0,0,1,1,1,0,0,0,0,0,0,1,0,0,0,0,1,2,0,40,0,0,0,4,0,2,4,1,0,1,0,0,2,0,0,12,2,3,1,0,1,0,5,0,0,0,0,1,1,0,0,0,2,20,0,0,0,0,0,3,0,0,1,3,0,0,0,0,0,0,0,0,0,0,0,1,0,0,0,0,0,0,0,0,0,0,0,0,0,0,0,0,1,0,0,0,0,0,0,0,0,0,0,0,0,0,0,0,0,0,0,0,0,0,0
3068241300047100036,9,0,0,1,0,0,0,0,0,0,0,0,0,0,0,0,0,0,0,4,1,0,0,0,0,0,0,12,0,0,0,1,0,0,1,0,0,0,0,0,0,2,0,0,0,0,2,5,0,0,0,0,0,1,0,0,0,0,1,3,0,0,0,0,3,0,0,0,1,0,0,0,0,0,0,0,1,0,0,0,0,0,0,0,0,0,0,0,0,0,6,2,0,0,2,0,0,1,0,0,13,0,0,0,0,0,0,0,0,2,0,0,0,0,0,0,0,1,4,0,0,0,0,0,0,0,0,0,0,0,0,0,0,0,0,0,0,0,0,0,0,0,0,0,0,0,0,0,0,0,1,0,0,0,0,0,0,0,0,0,0,0,0,0,0,0,0,0,0,0,0,0,0,0,0,0,0,0,0,0
3068241300047100039,1,1,0,0,0,0,0,0,0,0,0,0,2,0,0,0,0,0,0,0,1,0,1,0,0,0,0,5,0,1,0,0,1,0,0,0,0,0,0,0,0,3,0,0,0,0,0,0,1,0,0,1,0,0,0,0,2,0,0,4,1,0,0,0,0,1,0,0,0,1,0,0,0,0,3,0,1,0,0,0,0,1,0,0,0,0,0,0,0,0,1,3,0,0,1,0,2,0,0,0,1,0,0,0,0,0,0,0,1,0,0,0,0,0,1,0,0,3,9,0,0,0,0,0,0,0,0,0,2,0,0,0,0,0,0,0,0,0,0,0,0,0,0,0,0,0,0,0,0,0,1,0,0,0,0,0,0,0,0,0,0,0,0,0,0,0,0,0,0,0,0,0,0,0,0,0,0,0,0,0
3068241300047100040,29,1,0,1,0,0,0,0,0,0,0,0,0,0,0,3,0,0,1,14,1,0,0,0,3,1,2,164,0,0,0,0,0,0,5,0,0,2,0,0,0,3,0,0,0,0,3,2,0,0,0,1,0,0,0,0,1,0,0,3,0,0,0,0,0,0,0,0,0,0,0,1,0,1,1,0,2,0,0,0,0,0,0,1,0,0,0,1,0,0,5,0,0,0,1,0,0,0,0,0,154,0,1,0,1,0,0,0,1,0,1,0,0,0,0,0,0,10,2,0,0,0,0,1,1,0,1,0,0,0,0,0,0,0,0,1,0,0,2,0,0,0,0,0,0,0,0,0,1,0,0,0,0,0,0,0,0,0,0,0,3,0,0,0,0,0,0,0,0,0,0,0,0,1,0,0,1,0,0,0
3068241300047100048,6,0,0,0,0,0,0,0,0,1,0,0,0,0,0,1,0,0,0,4,2,0,0,0,0,0,0,11,0,0,0,0,0,0,1,0,0,1,0,0,1,0,0,0,0,0,2,1,0,0,0,0,0,0,0,0,0,0,3,3,0,0,0,0,0,0,0,0,1,0,0,0,0,0,0,0,0,0,0,1,0,0,0,0,0,0,0,0,0,0,6,1,0,0,2,0,0,1,0,0,13,0,0,0,0,0,0,0,0,0,0,0,0,0,0,0,0,4,0,0,0,0,0,0,0,0,0,0,0,0,0,0,0,0,0,0,0,0,0,0,0,0,0,0,0,0,0,0,0,0,0,0,0,0,0,0,0,0,0,0,0,0,0,0,0,0,0,0,0,0,0,0,0,0,0,0,0,0,0,0
3068241300047100051,29,0,0,1,0,0,0,0,1,0,0,0,1,0,0,5,0,0,0,1,3,0,1,0,2,0,0,8,0,1,0,0,1,0,0,0,0,0,0,0,0,0,0,0,0,0,1,1,0,0,0,0,0,1,0,0,1,0,0,1,0,0,0,0,1,0,0,0,2,0,0,0,0,0,9,0,0,0,0,4,0,0,0,0,4,2,0,2,0,0,5,6,0,1,0,1,0,0,1,0,11,0,1,0,0,0,0,0,0,0,3,0,0,0,0,0,0,2,2,0,0,1,0,1,7,0,0,0,1,0,1,0,0,0,0,0,0,0,0,0,0,0,0,0,0,0,1,0,0,0,0,0,0,0,0,0,0,0,0,0,0,0,0,0,0,0,0,0,0,0,0,0,0,0,0,0,0,0,0,0
3068241300047200070,83,8,0,2,0,0,0,0,0,2,0,0,0,0,0,17,0,0,0,18,11,0,2,2,11,0,0,72,0,0,0,0,1,0,1,0,0,2,0,0,2,0,0,0,0,3,20,18,1,0,0,1,0,0,0,0,5,0,6,20,3,0,0,0,0,0,0,1,3,6,0,0,0,0,0,1,1,0,0,1,0,0,2,0,1,6,0,0,0,0,10,1,0,0,9,3,0,0,0,0,52,0,0,0,0,0,0,0,0,0,0,0,0,0,1,0,0,32,68,0,0,0,0,0,0,3,1,0,1,0,0,0,0,0,0,0,0,0,0,0,1,0,0,0,0,0,0,0,0,0,0,0,0,0,0,1,0,0,0,0,1,0,0,0,0,0,0,0,2,0,0,0,0,0,0,0,0,1,0,0
3068241300047200073,69,10,0,1,0,0,0,0,0,0,0,0,0,0,0,14,0,2,0,16,13,0,6,1,3,0,1,31,0,0,0,2,2,0,2,4,0,3,0,1,2,0,0,0,1,5,23,23,0,1,0,0,1,1,0,0,1,0,3,13,0,0,0,0,1,0,0,0,5,6,0,1,0,0,0,0,2,0,0,1,0,2,0,0,0,0,0,0,0,2,8,0,0,0,4,3,3,0,0,1,35,0,0,0,0,0,1,0,0,0,0,0,0,1,2,0,0,29,41,0,1,0,0,0,2,3,0,0,1,0,0,0,0,0,0,0,0,0,1,0,0,0,0,0,0,0,0,0,0,0,0,0,0,0,1,0,0,0,0,0,1,0,0,1,0,0,0,0,0,0,0,0,0,1,0,0,0,0,0,0
3068241300047200075,93,8,1,0,0,0,0,0,0,5,1,1,1,0,0,8,0,2,0,30,11,0,3,1,11,3,2,110,0,1,0,1,1,0,1,1,0,9,0,0,2,0,0,0,0,2,13,23,0,0,0,1,0,0,0,0,1,0,7,18,0,0,0,0,0,2,0,0,3,5,0,0,0,1,0,0,0,0,0,3,0,2,0,0,0,6,0,0,0,1,32,3,0,0,4,0,0,0,0,1,68,0,0,0,0,0,0,0,0,0,0,0,0,1,3,0,0,23,59,0,0,0,0,1,3,2,0,1,1,1,1,0,0,0,0,0,0,0,0,0,1,0,0,0,1,0,0,0,0,0,0,0,0,0,0,0,0,0,0,0,0,0,1,0,0,0,0,0,0,0,0,0,0,0,1,0,0,0,0,0
3068241300047200076,85,8,0,2,0,0,1,0,0,2,0,0,0,1,0,4,0,0,0,31,6,0,4,2,5,0,1,102,1,0,0,1,7,0,0,0,0,1,1,0,3,0,0,0,0,2,4,18,0,0,0,1,0,0,0,0,1,0,5,34,0,0,0,0,3,0,0,0,4,5,0,1,0,0,1,0,3,0,0,8,0,2,2,0,0,3,0,0,0,3,20,0,0,0,7,0,1,0,0,2,51,0,1,0,0,0,0,0,0,0,0,0,1,1,1,0,0,30,31,0,0,0,0,1,2,6,0,2,1,0,0,0,1,0,0,0,0,0,0,1,0,0,0,0,0,0,1,1,0,0,0,0,0,0,0,0,0,1,0,0,1,0,0,0,0,0,0,0,0,0,0,0,0,0,0,1,0,0,0,0
3068241300047200081,51,16,0,1,0,2,1,0,0,2,0,0,0,0,0,1,0,0,0,2,0,1,1,10,2,0,0,16,0,0,0,0,0,1,0,0,0,0,0,0,0,2,0,0,1,0,11,12,0,0,0,0,0,0,1,0,3,0,0,5,0,0,0,0,0,0,0,0,0,11,0,0,0,0,0,0,0,0,0,0,0,2,0,0,0,5,0,1,0,0,3,0,0,0,0,3,0,0,0,0,18,1,1,0,0,0,0,0,0,0,0,0,1,0,0,0,0,4,24,0,0,0,0,0,3,2,0,0,0,0,0,0,0,0,0,0,0,0,0,0,0,0,0,0,0,0,0,0,0,0,0,0,0,0,0,0,0,0,0,0,0,0,0,0,0,0,1,0,0,0,0,1,0,0,0,0,0,0,0,0
3068241300047200087,38,1,0,2,0,0,0,1,0,0,0,0,0,0,0,5,0,0,1,8,5,0,1,1,2,0,3,96,0,0,0,0,1,0,0,0,0,1,0,0,1,1,0,0,0,0,7,2,0,0,0,0,0,0,0,0,0,1,3,15,0,0,0,0,1,0,0,0,4,0,0,2,0,0,0,0,0,0,0,2,0,2,2,0,0,0,0,0,0,0,8,0,0,0,2,0,0,0,0,0,53,0,0,0,0,0,0,0,0,0,0,0,0,0,2,0,0,11,4,0,0,0,0,0,1,2,1,1,0,1,0,0,0,0,0,1,0,1,2,0,0,0,0,0,0,0,0,0,0,1,0,0,0,0,0,0,1,0,0,0,6,0,0,0,0,0,0,0,0,0,0,0,0,1,0,0,0,0,1,0
3068241300047200093,16,0,0,1,0,0,0,0,1,0,0,0,0,0,0,3,0,0,1,3,2,0,1,0,1,0,2,36,0,0,0,0,0,0,0,1,0,0,0,0,0,0,0,0,0,0,1,0,0,0,0,0,1,0,0,0,0,0,0,4,0,0,0,0,0,0,0,0,1,0,0,0,0,0,0,0,0,0,0,0,0,0,0,0,0,1,0,1,0,0,5,0,0,0,1,0,0,1,0,0,23,0,0,0,0,0,0,0,0,0,0,0,0,0,0,0,0,5,0,0,0,0,0,0,0,0,0,0,0,0,0,0,0,0,0,0,0,0,1,1,0,0,0,0,0,0,0,0,0,1,0,0,0,0,0,0,0,0,0,0,0,0,0,0,0,0,1,0,0,0,0,1,0,0,0,0,0,0,0,0
3068241300047200101,87,2,0,0,0,0,0,0,0,2,1,0,2,5,0,10,0,0,0,17,7,0,0,1,4,0,0,82,0,1,3,1,0,0,1,0,1,4,0,0,3,1,0,0,0,3,14,19,0,0,0,0,0,0,0,0,0,0,3,10,0,0,0,0,4,0,0,0,4,0,0,0,0,0,1,0,2,0,0,3,0,0,2,0,0,2,0,0,1,1,8,2,0,1,2,0,1,0,1,0,51,0,0,0,0,0,0,1,0,1,0,0,1,0,3,1,1,18,4,0,0,0,0,0,1,1,0,0,0,1,1,0,5,0,0,0,1,0,0,0,0,0,0,1,0,0,0,0,0,0,0,0,0,0,0,1,0,0,0,0,3,0,0,1,0,0,1,0,0,0,0,0,0,0,0,0,0,0,0,0
3068241300047200106,68,16,0,2,0,4,0,1,0,1,3,0,2,10,0,0,0,0,0,3,2,0,5,6,5,2,0,27,0,1,0,1,0,0,1,0,0,0,0,0,1,1,0,2,1,0,12,33,0,0,1,1,0,0,0,0,3,0,1,18,4,0,0,0,2,0,0,0,0,8,0,1,0,0,1,0,1,0,0,0,0,4,0,2,0,5,0,0,2,0,8,3,2,0,1,4,1,0,0,0,36,1,3,1,1,0,0,2,0,0,0,0,0,1,2,0,0,5,97,0,0,0,0,2,1,7,0,0,3,0,1,0,0,0,0,0,0,0,0,0,0,0,0,0,0,0,0,0,1,0,2,0,0,0,0,1,0,2,0,0,1,0,0,0,0,0,0,0,0,0,0,0,0,2,0,0,0,0,1,0
3068241300047200111,28,1,0,0,0,0,0,0,1,1,0,1,0,0,0,6,0,0,0,20,7,2,1,0,2,3,1,123,0,0,0,0,1,0,2,0,0,4,2,0,1,0,0,0,0,2,11,6,1,0,0,0,0,2,0,0,0,0,3,18,0,0,0,0,2,0,0,0,4,1,0,0,0,0,0,0,6,0,1,2,0,0,2,0,0,0,0,0,0,0,13,3,0,0,3,0,0,0,0,0,98,0,1,0,0,0,0,0,0,0,0,0,0,0,0,1,1,12,7,0,0,2,0,0,1,2,2,2,1,0,0,0,0,0,0,0,0,0,1,0,0,0,0,0,0,0,0,0,0,0,0,0,0,0,0,0,1,0,0,0,0,0,0,2,0,0,0,0,1,0,0,0,0,1,0,0,0,0,0,0
3068241300047200112,11,1,0,0,0,2,0,0,0,0,0,0,0,1,0,0,0,0,0,2,0,0,0,0,0,1,0,6,0,0,0,0,0,0,0,0,0,0,1,0,0,0,0,0,0,0,3,3,0,0,0,0,0,0,0,0,0,0,0,0,0,0,0,0,0,0,0,0,0,1,0,1,0,0,1,0,1,0,0,0,0,0,0,0,0,0,0,0,0,1,0,0,0,0,0,0,0,0,0,0,6,0,1,0,0,0,0,0,0,0,1,0,0,1,1,0,0,1,26,0,0,0,0,0,0,0,0,0,2,0,0,0,0,0,0,0,0,0,0,0,0,0,0,0,0,0,0,0,0,0,0,0,0,0,0,0,0,0,0,0,0,0,0,0,0,0,0,0,0,0,0,0,0,0,0,0,0,0,0,0
3068241300047200114,59,6,0,1,0,1,1,0,4,2,1,0,3,2,4,0,0,1,0,2,7,0,5,0,3,7,0,20,2,2,0,0,3,4,3,0,1,1,1,1,5,2,0,3,0,3,15,21,0,0,0,1,0,13,3,0,6,0,0,2,0,0,0,0,16,0,0,4,0,1,1,1,0,0,1,0,1,2,0,1,0,0,2,0,101,3,0,7,3,1,29,13,1,1,1,0,0,4,1,0,20,1,16,4,0,0,0,1,0,0,0,0,9,0,0,0,0,6,53,0,1,1,3,1,5,3,0,0,3,3,0,0,0,0,0,0,0,0,0,0,1,0,0,0,0,0,0,0,0,0,0,1,0,1,0,0,0,0,1,0,0,0,0,0,0,0,0,0,0,0,0,1,0,0,0,0,0,0,0,0
3068241300047200117,10,0,0,0,0,0,0,0,0,2,0,0,0,0,0,0,0,0,1,7,0,0,0,0,0,0,0,76,0,0,0,0,1,0,1,0,0,1,1,0,0,1,0,0,0,0,4,1,0,0,0,0,0,0,0,0,0,0,0,1,0,0,0,0,0,0,0,0,0,0,0,0,0,0,0,0,2,0,0,0,0,0,0,0,0,0,0,0,0,0,9,2,0,0,0,0,0,0,0,0,38,0,1,0,0,0,0,0,0,0,1,0,0,0,0,0,0,6,0,0,0,0,0,0,0,0,0,0,0,0,0,0,0,0,0,0,0,0,0,0,0,0,0,0,0,0,0,0,0,0,0,0,0,0,0,0,0,1,0,0,1,0,0,0,0,0,0,0,0,0,0,0,0,0,0,0,0,0,0,0
3068241300047200118,46,2,0,1,0,0,0,0,1,0,0,0,0,0,0,8,0,0,0,0,10,0,4,0,2,0,0,17,0,1,1,2,0,0,1,0,0,0,1,0,1,0,0,2,0,0,6,11,0,0,0,0,1,0,0,0,1,0,0,4,1,0,0,0,0,0,0,1,3,6,0,0,0,0,2,0,1,0,0,3,0,1,0,0,1,4,1,0,0,0,3,9,0,0,1,2,1,0,0,5,20,0,1,1,0,0,0,0,0,0,3,0,0,0,0,0,0,2,53,0,0,0,0,0,4,0,0,0,1,0,0,0,0,0,0,0,1,0,0,0,1,0,0,0,0,0,1,0,0,0,0,0,0,0,0,0,0,0,0,0,0,0,0,0,0,0,0,0,0,0,0,0,0,0,1,0,0,0,0,1
3068241300047300015,60,1,0,0,0,0,0,0,0,1,3,0,0,1,0,12,0,6,1,7,12,0,2,0,1,0,0,49,0,0,2,0,0,0,1,0,0,2,0,0,0,0,0,0,0,3,21,5,0,0,0,0,0,0,0,0,2,0,0,6,1,0,0,0,1,0,0,0,5,2,0,0,0,0,0,0,2,0,0,3,1,0,1,0,0,0,0,0,0,2,3,4,1,0,2,0,1,0,0,0,47,1,1,0,0,2,0,1,0,0,0,2,0,0,0,0,0,14,3,0,0,1,0,0,3,1,0,0,0,1,0,1,2,0,0,0,0,0,0,0,2,0,0,0,0,0,1,0,1,0,0,0,0,0,0,1,0,0,0,0,1,0,0,0,0,0,0,0,0,0,0,0,0,0,0,0,0,0,0,0
3068241300048200872,9,5,0,0,0,0,0,0,0,0,0,0,0,0,0,0,0,0,0,0,0,0,0,0,1,0,0,1,0,0,0,0,0,0,0,0,0,0,0,0,0,0,0,0,0,0,2,0,0,0,0,0,0,0,0,0,3,0,0,0,0,0,0,0,0,0,0,0,0,1,0,0,0,0,0,0,0,0,0,0,0,1,0,0,0,0,0,0,0,0,0,0,0,0,0,0,0,0,0,0,1,0,0,0,0,0,0,0,0,1,0,0,0,0,0,0,0,0,19,0,0,0,0,0,1,0,0,0,0,0,0,0,0,0,0,0,0,0,0,0,0,0,0,0,0,0,0,0,0,0,0,0,0,0,0,0,0,0,0,0,0,0,0,0,0,0,0,0,0,0,0,0,0,0,0,0,0,0,0,0
3068241300049100006,18,3,0,1,0,0,0,0,0,0,0,0,0,1,0,0,0,0,0,23,4,0,0,0,2,0,0,37,0,0,0,1,3,0,2,0,0,0,0,0,2,2,0,0,0,0,6,12,0,0,0,0,0,0,0,0,0,0,1,0,0,0,2,0,2,2,0,0,4,0,0,0,0,0,0,0,0,0,0,2,0,2,1,0,0,0,0,0,1,0,43,0,0,0,5,4,0,0,0,0,13,0,0,0,0,1,0,0,0,0,0,0,0,0,1,0,0,23,8,0,0,0,0,0,0,0,0,0,0,0,0,0,0,0,0,0,0,0,0,0,0,0,0,1,0,0,0,0,0,0,0,0,0,0,0,0,0,0,0,0,0,0,0,0,0,0,0,0,0,0,0,0,0,0,0,0,0,0,0,0
3068241300049100009,38,2,0,0,0,0,1,0,0,1,1,0,0,5,0,0,0,0,0,15,3,0,3,2,5,0,0,33,0,0,1,3,2,0,5,0,0,0,0,0,4,2,0,0,0,0,13,11,0,0,0,0,0,0,0,0,2,0,1,0,0,0,0,0,0,5,0,0,0,4,0,0,0,0,1,0,1,0,0,3,0,2,0,0,0,0,0,0,1,5,10,0,0,1,2,0,0,0,0,0,25,0,0,0,0,1,0,2,0,1,0,0,0,1,1,0,0,18,20,0,0,0,0,0,1,2,0,0,1,0,0,0,0,0,0,0,0,0,0,0,0,0,0,0,0,0,0,0,0,0,0,0,0,0,0,0,0,1,0,0,0,0,0,0,0,0,0,0,0,0,0,0,0,1,0,0,0,0,0,0
3068241300049100013,64,16,0,0,1,0,1,0,0,2,2,0,1,4,1,6,0,2,0,28,11,0,0,0,5,0,0,67,1,0,0,2,6,0,4,0,1,3,0,0,0,1,0,0,0,0,24,25,1,0,0,0,0,1,0,0,5,0,3,0,1,1,0,0,0,2,0,0,8,7,0,0,0,0,0,1,1,0,0,3,0,5,1,0,0,0,0,0,0,6,25,0,0,0,3,5,1,0,0,0,55,0,0,0,1,1,0,1,1,0,1,0,0,1,0,1,0,47,76,0,0,0,1,0,4,4,0,0,4,0,0,0,0,0,0,0,0,0,0,0,1,0,1,0,0,0,1,0,0,0,2,0,0,0,0,0,0,0,0,0,2,0,0,0,0,0,0,0,0,0,0,0,0,0,1,0,0,0,0,0
3068241300049100018,49,12,0,2,0,0,0,0,1,0,1,0,0,3,0,4,0,1,0,32,15,0,3,2,13,0,0,38,0,2,0,3,5,0,8,0,0,0,2,0,2,1,0,0,1,0,20,29,0,0,0,0,2,1,1,0,4,1,6,0,0,0,0,0,1,10,0,0,4,1,0,0,0,0,0,0,4,2,0,5,0,1,0,0,0,0,0,1,0,3,39,1,0,0,1,1,0,0,0,0,29,0,0,0,0,0,0,1,0,0,0,0,0,0,1,0,0,65,66,0,2,0,0,1,2,2,0,0,5,0,0,0,0,0,0,0,0,1,1,0,0,0,0,0,0,0,2,0,0,1,0,1,0,1,0,0,1,0,0,0,0,0,0,0,0,0,0,0,0,0,0,0,0,0,1,0,0,0,0,0
3068241300049100022,14,10,0,0,0,0,0,0,0,0,0,0,1,1,0,0,0,0,0,2,0,0,0,0,4,0,0,2,0,0,0,0,1,0,1,0,0,0,0,0,0,1,0,0,0,0,4,10,0,0,0,0,1,0,0,0,0,0,0,0,0,0,0,0,0,2,0,0,0,1,0,0,0,0,0,0,0,0,0,1,0,0,0,0,0,0,0,0,0,1,1,0,0,0,1,1,1,0,0,0,4,0,0,0,0,0,0,0,0,0,0,0,0,0,0,0,0,6,26,0,0,0,0,1,0,0,0,0,0,0,0,0,0,0,0,0,0,0,0,0,0,0,0,0,0,0,0,0,0,0,0,0,0,0,0,1,0,0,0,0,0,0,0,0,0,0,0,0,0,0,0,0,0,0,0,0,0,0,0,0
3068241300049100030,8,3,0,0,0,0,0,0,0,0,0,0,0,0,0,2,0,0,0,1,0,0,0,0,2,0,0,0,0,0,0,0,0,0,0,0,0,0,0,0,0,0,0,0,0,0,2,1,0,0,0,0,0,0,0,0,0,0,1,0,0,0,0,0,0,0,0,0,0,0,0,0,0,0,0,0,0,0,0,0,0,0,0,0,0,0,0,0,0,0,1,0,0,0,0,0,0,0,0,0,0,0,0,0,0,0,0,0,0,0,0,0,0,0,0,0,0,0,24,0,0,0,0,0,0,0,0,0,0,0,0,0,0,0,0,0,0,0,0,0,0,0,0,0,0,0,0,0,0,0,0,0,0,0,0,0,0,0,0,0,0,0,0,0,0,0,0,0,0,0,0,0,0,0,0,0,0,0,0,0
3068241300049100032,17,4,0,1,0,0,0,0,0,0,1,0,0,1,0,2,0,0,0,23,6,0,1,1,4,0,0,10,0,0,0,1,1,0,1,0,0,2,0,0,3,0,0,0,0,1,4,10,0,1,0,0,1,0,0,0,1,0,4,1,0,0,0,0,3,1,0,0,2,1,0,0,0,0,0,0,2,0,0,5,0,1,0,0,0,0,0,0,0,1,19,0,0,0,0,1,0,0,0,0,5,0,0,0,0,0,0,0,0,0,0,0,0,0,1,0,0,29,24,0,0,0,0,1,0,0,0,0,0,0,0,0,1,0,1,0,0,0,0,0,0,0,0,0,0,0,1,0,0,1,0,0,0,0,0,0,0,0,0,0,0,0,0,0,0,0,0,0,0,0,0,0,0,1,0,0,0,0,0,0
3068241300049200050,37,3,0,1,0,0,2,0,0,2,0,0,0,3,0,0,0,0,0,19,4,0,6,3,5,1,0,45,0,0,0,2,1,0,4,0,0,0,0,0,1,1,2,0,0,0,8,10,0,0,0,0,1,0,0,1,4,0,1,0,1,0,0,0,1,3,0,0,3,4,0,0,0,0,1,0,2,0,0,3,0,2,0,0,0,0,0,0,0,0,24,0,0,0,0,2,0,0,0,0,31,0,0,0,0,1,0,8,0,0,0,0,0,1,0,0,0,25,34,0,0,0,0,0,6,0,0,0,0,1,0,0,0,0,0,0,0,0,1,0,0,0,0,0,0,0,1,0,0,1,0,0,0,0,0,0,0,0,0,0,1,0,0,0,1,0,0,0,0,0,0,1,0,0,1,0,0,0,0,0
3068241300049200054,9,4,0,0,0,0,0,0,0,0,0,0,0,1,0,1,0,0,0,2,0,0,0,0,3,0,0,3,0,0,0,0,0,0,0,0,1,0,0,0,1,0,0,0,0,0,4,1,0,0,0,0,1,0,0,0,0,0,0,0,0,0,0,0,1,1,0,0,0,0,0,0,0,0,0,0,0,0,0,0,0,4,0,0,0,0,0,0,0,0,3,0,0,0,0,0,0,0,0,0,4,0,0,0,0,0,0,0,0,0,0,0,0,0,1,0,0,0,13,0,0,0,0,0,3,0,0,0,0,0,0,0,0,0,0,0,0,0,0,0,0,0,0,0,0,0,0,0,0,0,1,0,0,0,0,0,0,0,0,0,0,0,0,0,0,0,0,0,0,0,0,0,0,0,0,0,0,0,0,0
3068241300049200070,28,6,0,0,0,0,0,0,0,0,0,0,1,1,0,1,0,1,0,3,2,0,1,0,1,0,0,28,0,0,0,0,3,0,0,0,0,0,0,0,2,0,0,0,0,0,5,4,0,0,0,0,0,0,0,0,2,0,1,0,0,0,2,0,1,0,0,0,1,2,0,0,0,0,0,0,0,0,0,1,0,0,0,0,0,1,0,1,2,1,9,0,0,0,1,0,0,0,0,0,9,0,0,0,0,0,0,0,0,0,0,0,0,0,0,0,0,11,28,0,0,0,1,0,2,1,0,0,1,0,1,1,0,0,0,0,0,0,0,0,0,0,0,0,0,0,0,0,0,0,0,0,0,0,0,0,0,0,0,0,0,0,0,0,0,0,0,0,0,0,0,0,0,0,0,0,0,0,0,0
3068241300049200076,46,12,0,1,0,0,1,0,0,0,0,0,0,2,1,3,0,1,0,21,8,0,2,0,3,0,0,38,0,0,0,1,5,0,3,0,1,0,0,0,3,0,0,0,1,0,13,27,0,0,0,1,1,0,0,0,2,0,1,0,1,0,1,0,2,5,0,0,3,4,0,0,0,0,0,0,2,0,0,1,1,3,1,0,0,0,0,1,0,2,39,0,0,0,6,3,1,0,0,0,30,0,0,0,0,0,0,1,0,0,0,0,0,0,0,0,0,34,38,0,0,0,0,0,1,0,0,0,1,0,0,0,0,0,0,0,0,0,0,0,0,0,0,0,0,0,0,0,1,1,1,0,0,0,0,0,0,0,0,0,0,0,0,0,0,0,0,0,0,0,0,0,0,0,0,0,0,0,0,0
3068241300049200077,35,12,0,1,0,0,1,0,0,0,1,0,0,0,0,0,0,1,0,8,1,0,2,0,4,0,0,6,0,0,0,1,1,0,0,0,0,1,0,0,1,0,0,0,0,0,14,15,0,0,0,0,0,1,0,0,2,0,1,1,0,0,0,0,0,2,0,0,1,1,0,0,0,0,0,0,0,0,0,4,0,2,0,0,0,0,0,0,1,3,12,0,0,0,0,1,1,0,0,0,11,0,0,0,0,0,0,0,0,0,0,0,0,0,1,0,0,14,38,0,0,0,0,0,9,0,0,0,1,0,0,0,0,0,0,0,0,1,0,0,0,0,0,0,0,0,0,0,0,0,0,0,1,0,0,0,0,0,0,0,0,0,0,0,0,0,0,1,0,0,0,0,0,0,0,0,0,0,0,0
3068241300049200083,22,10,0,3,0,0,1,0,0,0,0,0,0,0,0,0,0,0,0,3,3,0,1,0,4,0,0,6,0,0,0,0,2,0,1,0,0,0,1,0,0,0,0,0,0,1,20,17,0,1,0,0,0,0,0,0,2,2,0,0,0,0,0,0,1,1,0,0,0,4,0,0,0,0,0,0,0,0,0,1,0,2,0,0,0,0,0,0,0,1,5,0,0,0,1,0,0,0,1,0,2,0,0,0,0,0,0,0,0,1,0,1,1,0,1,0,0,11,55,0,0,0,0,0,5,1,0,0,4,0,0,0,0,0,0,0,0,0,0,0,0,0,0,0,0,0,0,0,0,0,0,0,0,0,0,0,0,0,0,0,0,0,0,0,0,0,0,0,0,0,0,0,0,0,1,0,0,0,0,0
3068241300049200087,6,2,0,0,0,0,1,0,0,0,0,0,0,0,0,0,0,0,0,0,1,0,0,0,1,0,0,0,0,0,0,0,0,0,0,0,0,0,0,0,0,0,0,0,1,0,2,5,0,0,0,0,0,0,0,0,0,0,0,0,0,0,0,0,0,0,0,0,0,0,0,0,0,0,0,0,0,0,0,0,0,0,0,0,0,0,0,0,0,1,0,0,0,0,0,0,0,0,0,0,1,0,1,0,0,0,0,0,0,0,0,0,0,0,0,0,0,0,10,0,0,0,0,0,0,0,0,0,0,0,0,0,0,0,0,0,0,0,0,0,0,0,0,0,0,0,0,0,0,0,0,0,0,0,0,0,0,0,0,0,0,0,0,0,0,0,0,0,0,0,0,0,0,0,0,0,0,0,0,0
3068241300049200091,16,21,0,3,0,0,0,0,0,1,0,0,0,0,0,0,0,1,0,2,2,0,2,0,4,0,0,6,0,0,0,1,3,0,1,0,0,0,0,0,1,1,0,0,0,1,14,23,0,0,0,0,0,0,0,0,2,0,2,0,1,0,0,0,2,1,0,0,0,4,0,1,0,0,0,0,0,0,0,3,0,1,0,0,0,0,0,0,0,2,20,0,0,0,0,1,1,1,0,0,2,0,0,0,0,0,0,0,0,0,0,0,0,0,0,1,0,11,35,0,0,0,0,0,1,0,0,1,5,1,0,0,0,0,0,0,0,0,0,0,0,0,0,0,0,0,0,0,0,0,0,0,0,0,0,0,0,0,0,0,0,0,0,0,0,1,0,0,0,0,0,0,0,0,0,0,0,0,0,0
3068241300049200099,17,11,0,0,0,0,0,0,0,0,0,0,0,0,0,0,0,4,0,1,0,0,0,0,3,0,0,0,0,0,0,0,0,0,0,0,0,0,0,0,0,0,0,0,0,0,6,8,0,0,0,0,0,0,0,0,2,0,0,0,0,0,0,0,0,0,0,0,0,4,0,0,0,0,0,1,0,0,0,0,0,0,0,0,1,0,0,1,0,3,0,0,1,0,0,0,1,0,0,0,3,0,0,0,0,0,0,0,0,0,0,0,0,0,0,0,0,2,39,0,0,0,0,1,3,2,0,0,2,0,0,1,0,0,0,0,0,0,0,0,0,0,0,0,0,0,0,0,0,0,0,0,0,0,0,0,0,0,0,0,0,0,0,0,0,0,0,0,0,0,0,0,0,0,0,0,0,0,0,0
3068241300049200101,52,15,0,1,1,0,0,0,0,2,0,1,0,5,0,9,0,0,0,20,15,0,1,1,10,0,0,25,0,0,0,2,2,0,3,0,0,0,0,0,4,1,0,0,3,1,8,22,0,0,0,0,0,1,0,0,0,0,3,0,0,0,1,0,2,9,0,0,8,3,0,0,0,0,0,0,0,1,0,6,0,1,0,1,0,0,0,0,0,5,28,0,0,0,3,2,0,0,0,0,24,0,0,1,1,1,0,0,0,1,0,0,1,0,1,0,0,49,56,0,0,0,0,0,4,5,0,1,0,0,0,0,0,0,0,0,0,0,0,0,0,0,0,0,0,0,0,0,0,0,0,0,0,0,0,0,0,0,0,0,0,0,0,0,0,0,0,0,0,0,0,0,0,0,0,1,0,0,0,0
3068241300049200104,5,5,0,0,0,0,0,0,0,0,0,0,0,0,0,1,0,0,0,0,2,0,1,0,1,0,0,0,0,0,0,0,0,0,1,0,0,0,0,0,0,0,0,0,1,0,0,10,0,0,0,0,1,0,0,0,0,0,0,0,0,0,0,0,0,0,0,0,0,1,0,0,0,0,0,0,0,0,0,0,0,0,0,0,0,0,0,0,0,1,0,0,0,0,0,0,0,0,0,0,2,0,0,0,0,0,0,0,0,0,0,0,0,0,0,0,0,2,29,0,0,0,0,0,2,0,0,0,0,0,0,0,0,0,0,0,0,0,0,0,0,0,0,0,0,0,0,0,0,0,0,0,0,0,0,0,0,0,1,0,0,0,0,0,0,0,0,0,0,0,0,0,0,0,0,0,0,0,0,0
3068241300049200107,12,3,0,2,0,0,0,0,0,0,1,0,0,0,0,1,0,0,0,3,1,0,0,0,1,0,0,3,0,0,0,0,0,0,0,0,0,0,1,0,0,0,0,0,0,0,3,6,0,0,0,0,0,0,0,0,1,0,1,0,0,0,0,0,0,0,0,0,1,0,0,0,0,0,0,0,0,0,0,0,0,0,0,1,0,0,0,0,0,1,8,0,0,0,0,0,0,0,0,0,1,0,0,0,0,0,0,0,0,0,0,0,0,0,1,0,0,9,16,0,0,0,0,0,1,2,0,0,0,0,0,0,0,0,0,0,0,0,0,0,0,0,0,0,0,0,0,0,0,0,0,0,0,0,0,0,0,0,0,0,0,0,0,0,0,0,0,0,0,0,0,0,0,0,0,0,0,0,0,0
3068241300049200109,22,17,0,1,0,0,1,0,0,0,0,0,0,0,0,1,0,1,0,5,4,0,2,1,2,0,0,2,0,0,0,0,1,0,0,0,0,0,0,0,2,0,0,0,0,1,8,13,0,0,0,0,1,0,0,0,5,0,3,0,1,0,0,0,0,1,0,0,0,5,0,0,0,0,0,0,1,0,0,0,0,0,0,0,0,0,0,0,0,2,1,0,0,0,0,0,0,0,0,0,5,0,0,0,0,0,0,1,0,0,0,0,0,0,0,0,0,8,43,0,0,0,0,0,3,0,0,0,1,0,0,0,0,0,0,0,0,0,0,0,1,0,0,0,0,0,0,1,0,0,1,0,0,0,0,0,0,0,0,0,0,0,0,1,0,0,0,0,0,0,0,0,0,0,0,0,1,0,0,0
3068241300049200110,30,7,0,1,0,0,1,0,0,0,0,0,0,1,0,4,0,0,0,11,12,0,0,0,2,0,0,11,1,0,0,1,2,0,8,1,0,0,0,0,3,0,0,0,0,1,9,8,0,0,0,0,1,1,0,0,0,0,4,0,1,0,0,0,0,3,0,0,5,1,0,0,0,0,1,0,2,0,0,3,0,1,0,0,0,0,0,0,0,4,36,0,0,0,2,0,0,0,0,0,3,0,0,0,0,0,0,1,0,0,0,0,0,0,0,0,0,29,20,0,0,0,0,0,3,1,0,0,1,0,0,0,0,2,0,0,0,0,0,0,0,0,0,0,0,0,0,0,0,0,0,0,0,0,0,0,0,0,0,0,1,0,0,0,0,0,0,0,0,0,0,0,0,0,0,0,0,0,0,0
3068241300049300013,19,3,1,1,0,0,0,0,0,0,0,0,0,0,0,8,0,0,0,5,11,0,0,1,2,0,0,19,0,0,0,1,0,0,0,0,0,0,0,0,1,0,0,0,0,2,5,5,0,0,0,0,0,0,0,0,1,1,0,0,0,0,0,0,0,0,0,0,2,2,0,1,0,0,0,0,0,0,0,1,0,1,0,0,0,0,0,0,0,0,4,0,0,0,0,0,0,0,0,0,30,0,0,0,0,1,0,0,0,0,0,0,0,0,1,0,0,5,9,0,0,0,0,1,3,0,2,1,0,0,0,0,0,0,0,0,0,0,0,0,0,0,0,0,0,0,0,0,0,0,0,0,0,0,0,0,0,0,0,0,0,0,0,0,0,0,0,0,0,0,0,1,0,0,0,0,0,0,0,0
3068241300056100005,17,1,0,0,0,0,0,0,1,0,0,1,0,0,0,10,0,3,0,5,12,0,0,0,6,1,0,122,0,0,0,0,2,0,0,0,0,4,1,0,1,0,0,0,1,0,8,9,0,0,0,0,0,0,0,0,2,0,1,1,0,0,0,0,0,0,0,0,4,0,0,1,0,0,1,0,1,1,1,1,0,0,0,0,0,2,0,0,0,0,17,2,1,0,1,0,0,0,0,1,84,0,1,0,0,0,0,0,0,0,0,0,0,0,1,0,2,7,1,0,0,1,0,0,0,0,0,0,0,1,0,0,0,0,0,0,0,0,0,0,1,0,0,0,0,0,0,0,0,0,0,0,0,0,0,0,0,0,0,0,2,0,0,0,0,0,0,0,0,0,0,0,0,0,0,0,1,0,0,0
3068241300056100011,68,0,0,2,0,0,0,0,1,0,1,1,0,1,0,10,2,0,0,17,12,1,0,0,9,1,2,211,0,0,0,1,1,0,2,0,0,6,4,0,1,1,0,0,0,0,7,2,0,0,0,0,0,0,0,0,0,1,2,12,2,0,1,0,1,0,0,1,11,0,1,0,0,0,3,0,3,0,0,2,0,1,0,0,1,6,0,1,0,0,13,6,0,0,3,0,0,0,0,1,125,2,1,0,1,1,1,0,0,0,1,0,0,2,0,0,0,18,2,0,0,0,0,1,0,0,4,0,0,1,0,1,0,0,0,0,0,0,0,0,1,0,0,0,0,0,2,0,0,1,0,0,0,0,0,0,0,0,0,0,2,0,0,0,0,0,1,0,0,0,0,1,0,1,0,0,0,0,0,0
3068241300056100013,14,0,0,0,0,0,1,0,0,1,0,1,0,0,0,0,0,0,0,1,2,0,1,0,0,0,0,8,0,0,0,0,0,0,0,0,0,1,0,0,0,0,0,0,0,0,1,8,1,0,0,0,0,0,0,0,0,0,1,10,0,0,0,0,0,0,0,0,2,4,0,0,0,0,2,0,2,0,0,1,0,0,0,0,0,0,0,0,0,0,6,2,0,0,3,0,0,0,0,0,7,0,0,3,0,0,0,0,0,0,0,0,0,1,0,0,0,0,13,0,0,0,0,2,0,0,0,0,1,0,0,0,0,0,0,0,0,0,0,0,0,0,0,0,0,0,0,0,0,0,0,0,0,0,0,0,0,1,0,0,0,0,0,0,0,0,0,0,0,0,0,0,0,0,0,0,0,0,0,0
3068241300056100016,70,1,0,0,0,1,2,0,0,1,15,0,11,0,0,0,1,0,1,1,0,0,5,1,0,0,0,1,0,0,0,1,0,0,2,0,1,5,1,0,0,24,0,0,0,0,4,5,7,0,0,0,0,2,0,0,3,0,24,1,0,0,0,0,0,0,0,0,2,0,1,1,0,0,2,0,13,0,0,0,0,7,3,0,0,1,0,0,1,0,6,4,0,0,4,1,1,0,0,0,0,9,3,0,0,0,0,1,1,0,0,1,0,0,4,0,1,1,2,0,0,0,0,0,0,0,1,0,5,0,0,0,0,0,1,0,0,0,0,0,0,1,0,0,0,0,0,0,0,0,0,0,0,0,0,0,0,0,0,0,0,0,0,0,0,0,0,0,0,0,0,0,0,1,0,0,0,0,0,0
3068241300056100022,18,5,0,0,0,1,1,0,0,1,0,0,1,0,0,2,0,1,0,1,2,0,2,0,3,2,0,6,0,0,1,0,0,0,2,0,0,0,0,1,0,0,0,0,0,1,11,27,0,2,0,1,0,1,0,0,2,0,1,17,1,0,0,0,0,0,0,0,0,2,0,0,0,0,1,0,2,0,1,2,0,3,1,0,0,3,1,1,1,0,4,5,1,0,1,4,1,0,0,0,5,0,0,1,1,0,0,0,0,1,0,0,0,0,0,0,0,2,18,0,0,0,0,0,3,0,0,0,3,0,0,6,0,0,0,0,0,1,0,0,0,1,0,0,0,0,0,0,0,0,0,0,0,0,0,0,0,0,0,0,0,0,0,0,0,0,0,0,0,0,0,0,0,0,0,0,0,0,0,0
3068241300056100023,33,0,0,0,0,0,1,0,0,5,7,0,21,0,0,0,0,0,0,2,0,0,3,0,0,0,0,2,0,0,0,1,0,0,1,0,0,2,0,0,0,1,0,0,1,4,1,6,3,0,0,0,0,0,1,0,2,0,6,1,1,0,0,1,2,0,0,1,1,0,0,0,0,0,0,2,4,0,0,0,0,1,0,0,0,0,0,0,2,0,3,5,0,1,1,0,1,0,0,0,2,9,0,0,0,0,0,1,0,0,0,1,1,1,0,0,0,1,5,0,0,0,0,1,2,0,1,0,3,0,0,1,0,0,0,0,0,0,0,1,0,0,0,0,0,0,0,1,0,0,0,0,0,0,0,0,0,0,1,0,1,1,0,0,0,0,0,0,0,0,0,0,0,0,0,0,0,0,0,0
3068241300056100025,43,0,0,1,0,0,0,0,0,3,15,0,13,0,0,0,0,0,0,0,0,0,4,1,0,0,0,0,1,0,0,4,0,0,2,0,0,4,0,0,0,5,0,0,0,5,7,3,3,6,0,0,0,0,0,0,0,0,11,2,1,0,0,0,0,0,0,0,0,2,0,0,0,0,0,0,10,0,0,0,0,3,0,0,0,0,1,1,0,0,4,5,0,0,1,0,0,0,0,0,1,4,0,0,0,0,0,0,3,0,0,1,1,0,1,0,0,1,16,0,0,0,0,1,1,0,0,0,0,0,0,0,0,0,0,0,0,0,0,0,0,0,0,0,0,0,0,1,0,0,0,0,0,0,0,0,0,0,0,0,0,0,0,0,0,0,0,0,0,1,0,0,0,0,0,0,0,0,0,0
3068241300056100029,101,0,0,0,0,0,0,0,1,5,23,1,10,0,0,1,0,2,0,0,1,1,15,0,0,1,0,2,0,0,0,3,0,0,7,0,0,9,0,0,0,45,0,0,2,1,3,2,10,3,0,0,0,0,0,0,2,0,22,1,2,0,0,0,1,0,0,0,0,3,0,0,0,0,2,0,23,0,0,0,0,10,4,1,0,3,0,0,2,0,7,3,0,0,1,0,0,0,1,0,1,7,2,0,0,0,0,2,3,1,0,1,0,0,1,1,0,2,9,0,0,0,1,1,0,0,0,0,14,0,0,0,0,0,0,0,0,0,1,0,1,0,0,1,0,0,0,0,0,0,0,1,0,0,0,0,0,0,0,0,0,1,0,0,0,0,0,0,0,0,0,1,0,0,0,1,0,0,1,0
3068241300056100031,3,1,0,0,0,1,0,0,0,2,0,0,0,0,0,0,0,0,0,0,2,0,4,1,1,0,0,6,0,0,0,1,1,0,3,0,0,0,0,0,0,0,0,0,0,0,4,5,0,1,0,0,0,0,0,0,0,0,0,13,0,0,0,0,1,0,0,0,0,1,0,0,0,0,0,0,3,0,0,1,0,2,0,0,0,0,0,0,1,0,2,3,0,0,1,4,0,0,0,0,0,0,0,1,0,0,0,0,0,0,0,0,0,0,2,1,0,0,1,0,1,1,0,0,3,0,0,0,0,0,0,3,0,0,0,0,0,0,0,0,0,0,0,0,0,0,0,0,0,0,0,0,0,0,0,0,0,0,0,0,0,0,0,0,0,0,0,0,0,0,0,0,0,0,0,0,0,0,0,0
3068241300056100032,14,0,0,0,0,1,0,0,0,0,1,0,3,0,1,0,0,0,0,0,0,0,2,0,0,0,0,0,0,0,0,0,0,0,2,0,0,1,0,0,0,11,0,0,0,0,1,0,1,3,0,0,0,0,0,0,1,0,1,1,2,0,0,0,3,0,0,0,0,0,0,0,0,0,0,1,2,1,0,0,0,1,1,0,1,0,0,0,0,0,5,1,0,0,0,0,0,1,0,2,0,0,1,0,0,0,0,0,0,0,0,0,0,0,1,0,0,0,4,0,1,0,0,0,1,0,0,0,2,0,0,1,0,0,0,0,0,0,0,0,0,0,0,0,0,0,0,0,0,0,0,0,0,0,0,0,0,0,0,0,0,0,0,0,0,0,0,0,0,0,0,0,0,0,0,0,0,0,0,0
3068241300056100033,43,0,0,1,0,0,1,0,0,0,10,1,9,0,0,0,0,0,0,4,0,0,5,0,0,0,0,19,0,0,0,1,1,0,2,1,0,4,0,0,0,9,0,0,2,0,1,3,5,3,0,1,0,1,0,0,1,0,9,3,2,0,0,0,3,0,1,0,0,1,0,0,0,0,1,0,13,0,0,0,0,4,2,1,0,2,0,2,0,0,5,4,0,0,3,0,0,0,0,0,12,6,4,0,0,0,0,0,0,1,0,0,0,0,4,0,0,7,4,0,1,1,0,1,0,0,1,0,7,1,0,1,0,0,0,0,0,0,0,0,0,0,0,0,1,0,0,0,0,1,0,0,0,0,0,0,0,0,0,0,1,0,0,0,0,0,0,0,0,0,0,0,0,0,1,0,0,0,1,0
3068241300056100035,35,3,0,1,0,2,0,0,1,0,0,0,0,1,0,1,0,0,0,0,1,0,6,0,0,0,0,12,1,0,0,1,1,0,9,0,0,1,0,0,0,1,0,0,3,0,6,1,0,0,0,0,0,0,0,0,3,0,1,12,0,0,0,0,2,0,0,0,1,0,0,0,0,0,1,1,3,0,1,0,0,0,0,0,0,1,0,0,1,0,9,4,0,1,4,7,9,0,0,0,11,0,1,2,0,0,1,1,0,0,1,0,1,0,0,0,0,3,11,0,3,0,0,1,12,0,0,0,1,1,2,6,0,0,0,0,0,0,0,0,0,0,0,0,0,0,0,0,0,0,0,0,0,0,0,0,0,0,0,0,0,0,0,0,0,0,0,1,0,0,0,0,0,0,0,0,0,0,0,0
3068241300056100036,18,1,0,1,0,0,1,0,0,1,0,0,1,0,0,2,0,0,0,12,3,0,0,0,1,0,0,69,0,0,0,0,0,0,1,0,0,3,0,0,0,1,0,0,1,2,1,0,0,0,0,1,0,1,0,0,0,0,0,7,0,0,0,0,0,0,0,0,2,0,0,0,0,0,0,0,3,0,0,1,0,0,0,0,0,0,0,0,0,0,4,2,0,0,4,0,1,0,0,0,47,0,0,0,0,0,0,0,0,0,0,0,0,0,0,0,0,10,0,0,0,0,0,0,1,0,2,1,2,1,0,0,0,1,0,0,0,0,1,0,1,0,0,0,0,0,0,0,0,0,0,0,0,0,0,0,0,0,0,0,0,0,0,0,0,0,0,0,0,0,0,0,0,0,0,0,1,0,0,0
3068241300056100043,27,0,0,1,0,0,0,0,0,2,2,1,1,0,0,1,0,0,0,1,0,0,17,0,0,1,1,26,0,0,1,3,2,0,13,0,0,3,0,0,0,1,0,0,6,0,3,7,0,0,0,0,0,1,0,0,0,0,2,7,1,0,0,0,2,0,0,0,0,3,0,0,0,0,0,0,1,0,0,0,0,0,0,0,0,1,0,0,6,0,7,6,0,0,6,14,4,0,0,1,6,1,2,4,1,0,0,0,0,0,0,0,0,0,1,0,0,1,16,1,4,0,0,0,4,0,0,0,3,0,0,3,0,0,0,0,0,0,0,0,0,0,0,0,0,0,0,0,0,0,1,0,0,0,0,0,0,0,1,0,0,0,0,1,0,0,0,0,0,0,0,0,0,0,0,0,0,0,0,0
3068241300056100050,23,0,0,0,1,0,0,0,0,1,17,1,4,0,0,0,0,0,0,0,0,0,1,0,0,0,0,0,0,0,0,1,0,0,4,0,0,4,0,0,1,26,0,0,0,3,3,2,3,1,0,0,2,0,0,0,2,0,2,2,6,0,0,0,0,0,0,0,0,2,0,0,0,0,1,0,10,0,0,0,0,3,1,0,0,0,0,0,0,0,1,1,0,1,0,0,0,0,0,0,0,3,0,0,0,0,0,1,0,0,0,0,0,1,3,0,0,0,7,0,0,1,0,0,0,0,0,0,7,0,0,0,0,0,0,0,0,0,0,0,0,0,0,0,0,0,0,0,0,0,0,0,0,0,0,0,0,0,0,0,0,0,0,0,0,0,0,0,0,0,0,0,0,0,0,0,0,0,0,0
3068241300056100051,27,0,0,0,1,0,3,0,0,0,22,0,24,0,0,1,0,0,0,0,0,1,5,0,0,0,0,0,0,0,3,0,0,0,7,0,0,2,0,0,0,4,0,0,0,3,6,0,4,2,0,1,0,0,0,0,2,0,5,1,0,0,0,0,0,1,0,0,0,0,0,0,0,0,1,0,7,0,0,0,0,7,1,0,0,3,0,0,0,0,5,4,0,0,0,0,0,0,0,0,0,9,1,0,0,0,0,0,0,0,0,0,0,0,3,0,0,0,1,0,1,0,0,0,1,0,1,0,1,0,0,0,0,0,0,0,0,0,0,0,0,0,0,0,0,0,0,0,0,0,0,0,0,0,0,0,0,0,0,0,0,0,0,0,0,0,0,0,0,0,0,1,0,0,0,0,0,0,0,0
3068241300056100053,46,0,0,1,0,0,0,0,2,1,16,0,10,0,1,0,0,0,0,0,0,0,5,1,0,0,0,1,0,0,0,3,0,0,0,1,0,2,1,0,0,26,0,0,0,6,0,5,4,3,0,0,0,0,0,0,0,0,17,0,11,0,0,0,1,0,0,0,1,3,0,0,0,0,1,1,15,0,3,0,0,5,1,0,0,0,0,0,5,1,3,3,0,1,1,0,0,0,0,0,1,5,3,0,1,0,0,1,1,0,0,0,0,0,4,0,0,2,16,0,0,0,0,0,1,0,0,0,12,0,0,0,0,0,0,0,0,1,0,0,0,0,0,0,0,0,1,0,0,0,0,0,0,0,0,0,0,0,0,0,0,0,0,1,0,0,0,1,0,0,0,0,0,0,0,0,0,0,0,0
3068241300056100056,9,0,0,0,0,1,0,1,0,0,0,0,0,0,1,1,0,0,0,0,0,0,2,0,0,0,0,0,1,0,0,0,0,0,5,0,0,1,0,0,0,41,0,0,1,0,0,0,0,23,0,0,0,0,0,0,1,0,0,1,0,0,0,0,0,0,0,0,0,1,3,0,0,0,0,0,9,0,0,0,0,2,0,0,0,0,0,0,0,0,12,3,0,0,0,1,2,0,0,1,3,0,0,0,0,1,0,0,0,0,0,0,0,0,1,0,0,4,0,0,0,0,0,0,1,0,0,0,5,0,0,3,0,0,0,0,0,0,0,0,0,0,0,0,0,0,1,1,0,0,0,0,0,0,0,0,0,0,0,0,0,0,0,0,0,0,0,0,0,0,0,0,1,0,0,0,0,0,0,0
3068241300056100057,8,0,0,0,0,0,0,0,0,1,0,0,0,0,0,0,0,0,0,0,0,0,1,0,0,0,0,1,0,0,0,2,0,0,15,0,0,0,0,0,0,1,0,0,3,0,1,1,0,1,0,0,0,0,0,0,0,0,0,0,0,0,0,0,0,0,0,0,0,0,0,0,0,0,0,0,0,0,0,0,0,0,1,0,0,0,0,0,0,0,0,0,0,0,1,0,5,0,0,1,0,0,0,0,0,0,0,0,0,0,0,0,0,0,0,0,0,0,1,1,1,0,0,1,3,0,0,0,0,0,0,0,0,0,1,0,0,0,0,0,0,0,0,0,0,0,0,0,0,0,0,0,0,0,0,0,0,0,0,0,1,0,0,0,0,0,0,0,0,0,0,0,0,0,0,0,0,0,0,0
3068241300056100058,31,0,1,0,0,0,0,0,0,0,0,0,0,0,0,5,0,0,0,9,5,1,0,1,3,0,0,131,2,0,1,1,0,0,0,0,0,1,2,0,0,2,0,0,0,1,2,0,0,1,0,0,0,0,0,0,0,0,0,5,0,0,0,0,2,0,0,0,2,1,0,0,0,0,0,0,5,0,0,2,0,0,0,0,0,1,0,0,0,0,4,1,0,0,2,0,0,0,0,0,103,2,0,0,0,0,0,0,0,0,0,0,1,1,0,0,0,7,2,0,1,0,0,0,0,0,3,0,0,1,0,0,0,0,0,0,0,0,0,0,0,0,0,0,0,0,0,0,0,2,0,0,0,0,0,0,0,0,0,0,1,0,1,1,0,0,0,0,0,0,0,0,0,0,0,0,0,0,0,0
3068241300056100059,47,0,0,0,0,0,0,0,0,4,9,0,11,0,1,0,0,0,0,1,1,0,6,0,0,0,0,1,0,0,1,2,0,0,3,0,0,3,0,0,0,43,0,0,1,1,2,4,1,9,0,0,0,1,0,0,1,0,2,1,2,0,0,0,0,0,0,0,0,1,0,0,0,1,2,1,11,0,0,1,0,1,0,0,0,1,0,0,0,0,6,1,1,0,2,0,0,0,0,0,0,2,1,0,0,0,0,0,0,0,0,0,0,0,2,0,0,0,11,0,1,1,0,1,0,0,1,0,9,0,0,0,0,0,0,0,0,0,0,0,0,0,0,0,0,0,0,0,0,0,0,0,0,0,0,0,0,0,0,0,0,0,0,0,0,0,0,0,0,0,0,0,0,0,0,0,0,0,0,1
3068241300056100062,24,0,0,0,1,11,0,0,0,0,2,0,3,0,5,0,0,0,0,0,0,2,6,0,0,0,0,3,1,1,0,0,0,1,11,0,0,4,2,0,1,49,0,0,0,0,4,0,0,18,0,1,0,0,0,1,3,0,2,0,0,0,0,0,0,0,0,0,0,3,2,0,0,0,0,0,14,0,0,0,0,2,0,0,0,0,0,1,0,0,19,5,0,0,1,3,2,1,0,2,2,4,0,0,1,0,0,0,0,0,0,0,0,0,3,0,0,6,3,0,1,0,0,0,3,0,0,0,12,0,0,5,0,0,0,0,1,0,0,0,0,0,0,0,0,0,0,0,0,0,0,0,0,0,0,1,0,0,0,0,0,0,0,1,0,0,0,0,0,0,0,0,0,0,0,0,0,0,0,0
3068241300056100063,27,0,0,0,0,0,1,0,0,1,0,0,1,0,0,0,0,0,0,11,1,0,6,0,0,0,0,17,0,0,1,1,0,0,0,0,1,0,0,0,0,2,0,0,0,1,2,3,1,0,0,0,0,0,0,0,0,0,2,2,0,0,0,0,0,0,0,0,1,0,0,0,0,0,1,0,6,0,0,1,0,1,1,0,0,2,0,0,0,0,7,1,0,0,1,0,0,0,0,0,21,3,0,0,0,0,0,0,0,0,0,0,0,0,0,0,0,7,2,0,0,0,0,0,0,0,3,0,3,0,0,0,0,0,0,0,0,0,0,0,0,0,0,0,0,0,1,0,0,0,0,0,0,0,0,0,0,0,0,0,0,0,0,0,0,0,0,0,0,0,0,0,0,0,0,0,0,0,0,0
3068241300056100066,56,0,0,1,0,0,0,0,0,2,17,0,10,0,1,0,1,0,0,0,0,1,4,0,0,0,0,1,0,0,0,1,1,0,5,0,0,4,0,0,0,35,0,0,0,3,1,2,3,5,0,0,0,0,0,0,4,0,11,1,0,0,0,0,0,0,0,0,0,2,0,0,0,0,2,0,19,0,0,0,0,6,2,0,0,1,0,0,0,0,10,8,0,0,0,0,0,0,0,0,1,9,1,0,1,0,0,0,1,0,0,0,1,1,0,0,1,0,9,0,0,1,0,0,0,1,0,0,18,0,0,0,0,0,0,0,0,0,0,0,2,0,0,0,0,0,0,0,0,0,0,0,0,0,0,0,0,0,1,0,0,1,0,0,0,0,0,0,0,0,0,0,0,0,0,0,0,0,0,0
3068241300056100067,21,0,0,0,0,2,0,0,0,2,0,0,0,0,1,0,1,0,0,0,0,1,16,0,0,0,0,0,0,0,0,6,1,0,46,0,0,0,0,0,0,1,0,0,4,1,10,0,0,2,0,0,0,0,0,1,1,0,0,3,0,0,0,0,0,0,0,0,0,0,0,0,0,0,0,0,5,0,0,0,0,1,0,0,0,1,0,0,0,0,4,2,0,1,5,5,25,0,0,0,1,0,0,0,0,1,0,2,0,0,0,0,1,0,1,0,0,2,0,0,4,0,0,0,14,0,0,0,2,1,0,0,0,0,0,0,0,0,0,0,0,0,0,0,0,0,0,0,0,0,0,0,0,0,0,0,0,0,0,1,0,0,0,0,0,0,0,0,0,0,0,0,0,0,1,1,0,0,0,0
3068241300056100073,74,3,0,0,1,2,1,0,0,1,18,0,17,0,1,1,0,0,0,1,1,0,16,1,0,1,0,9,0,1,3,1,0,0,8,0,0,2,0,0,0,12,0,0,4,1,7,39,6,14,1,0,1,0,1,0,1,0,10,8,0,0,0,0,6,0,0,0,0,6,1,0,0,0,3,0,16,1,0,1,0,9,2,0,0,3,0,0,1,1,22,8,0,0,3,0,1,0,0,2,12,1,5,0,0,0,0,0,1,0,0,1,1,0,7,0,0,1,14,0,0,1,0,0,0,0,0,1,10,0,0,6,0,0,0,0,0,0,1,0,0,0,0,0,0,0,0,1,0,0,1,0,0,0,0,0,0,0,0,0,0,0,0,0,0,0,0,0,0,0,0,0,0,0,0,0,1,0,0,0
3068241300056100074,46,0,0,0,3,8,0,0,0,0,16,0,6,0,7,0,0,0,1,0,0,0,13,0,0,0,0,1,0,0,0,0,0,0,6,0,0,2,0,0,0,58,0,0,0,0,5,0,0,14,0,0,0,0,0,0,0,0,1,1,0,0,0,0,1,0,0,0,1,0,1,0,0,0,0,0,18,0,0,0,0,9,0,1,0,1,0,0,0,0,24,5,0,1,0,0,2,0,0,1,1,3,0,0,0,0,0,0,0,0,0,0,1,0,2,0,0,2,0,0,2,0,0,0,2,0,0,0,7,0,0,3,0,0,0,0,0,0,0,0,0,0,0,1,0,0,0,0,0,0,0,0,0,1,0,1,0,0,0,1,0,0,0,1,0,0,0,0,0,1,0,0,0,0,0,0,0,0,0,0
3068241300056100076,19,0,0,0,0,0,1,0,0,1,2,0,0,0,0,0,0,0,1,7,1,1,5,0,0,0,0,41,0,1,0,0,0,0,1,0,0,5,0,0,1,2,0,0,0,0,4,4,0,0,0,0,0,0,0,0,0,0,6,3,0,0,0,0,2,0,0,0,3,0,0,1,0,0,0,0,3,0,0,1,0,0,0,0,0,2,0,0,0,0,6,4,0,0,3,0,1,0,0,0,41,2,1,0,0,0,0,0,0,1,0,0,0,0,0,0,0,9,3,0,0,0,0,1,3,0,0,0,0,0,0,0,0,0,0,0,0,0,0,0,0,0,0,0,0,0,0,0,0,0,0,1,0,0,1,0,0,0,0,0,0,0,0,0,0,0,0,0,0,0,0,0,0,0,0,0,0,0,0,0
3068241300056100079,15,0,0,0,0,4,0,0,0,0,8,0,3,0,1,0,0,0,0,0,0,0,4,0,0,0,0,1,0,0,0,0,0,0,3,0,0,0,0,0,0,15,0,0,0,3,2,0,0,5,0,0,0,0,0,0,0,0,5,1,0,0,0,0,0,0,0,0,0,0,0,0,0,0,0,0,2,0,0,0,0,3,0,0,0,0,0,0,0,0,6,3,0,0,0,0,0,0,0,0,2,1,0,0,0,0,0,1,0,0,0,0,0,0,0,0,1,0,1,0,0,0,0,0,0,0,1,0,2,0,0,2,0,0,0,0,0,0,0,0,0,0,0,0,0,0,0,0,0,0,0,0,0,0,0,0,0,0,0,0,0,0,0,0,0,0,0,0,0,0,0,0,0,0,0,0,0,0,0,0
3068241300056100080,44,0,0,1,0,0,0,0,0,1,21,0,11,0,0,0,0,0,0,0,0,0,2,0,0,1,0,2,0,0,1,2,0,0,5,0,0,4,0,0,1,32,0,0,0,1,2,6,3,6,0,0,1,0,0,0,1,0,3,1,8,0,0,0,1,0,0,0,0,3,0,1,0,1,0,0,17,0,1,0,0,1,1,0,1,2,0,1,0,0,5,3,0,0,0,0,0,0,0,0,0,9,3,0,0,0,0,1,0,0,0,0,0,0,7,0,0,0,9,0,1,0,0,0,2,0,0,0,6,1,0,0,0,1,1,0,0,0,0,0,0,0,0,0,0,0,0,0,0,0,0,0,0,0,0,0,0,0,0,0,0,0,0,0,0,0,0,0,0,0,0,0,0,0,0,0,1,0,0,0
3068241300056100084,100,2,0,0,0,0,2,0,0,1,25,1,41,0,0,0,0,1,1,0,0,0,8,1,0,0,0,2,1,0,2,0,0,0,3,0,2,1,1,0,0,7,0,0,0,0,8,15,8,15,0,1,0,1,0,0,1,0,18,3,0,1,0,0,5,3,0,0,0,2,0,0,0,0,0,0,17,0,0,0,0,6,5,0,0,1,0,0,9,0,14,18,0,0,1,0,1,0,0,0,1,12,1,0,0,0,0,4,3,0,1,0,0,0,2,0,0,3,15,0,1,1,0,0,4,0,2,0,1,0,0,2,0,0,0,0,0,0,0,0,0,0,0,0,0,0,0,0,0,0,0,0,0,0,0,0,0,0,0,0,0,0,0,0,0,0,0,1,1,0,0,0,0,1,0,0,0,0,0,0
3068241300056100085,45,0,0,0,1,1,2,1,0,0,12,0,25,0,1,0,0,0,0,1,0,1,8,0,0,1,0,1,0,1,0,1,0,0,14,0,0,2,0,0,0,16,0,0,1,3,1,4,1,11,0,2,0,0,0,0,2,0,14,3,0,0,0,0,1,0,0,0,0,3,0,0,0,0,1,0,12,0,1,0,3,7,2,2,0,3,0,1,0,0,10,12,0,1,0,1,2,0,0,2,2,7,2,0,0,0,0,0,0,0,0,0,0,0,1,0,0,0,7,0,1,0,0,0,2,0,1,0,5,0,0,5,0,0,0,0,0,0,0,1,0,0,0,0,0,0,0,0,0,0,0,0,0,0,0,0,0,0,0,0,0,0,0,0,0,0,0,0,0,0,1,0,1,0,0,0,0,0,0,0
3068241300056100086,39,0,0,0,0,0,0,1,0,2,12,0,11,0,0,1,0,0,0,1,0,0,5,0,0,0,0,8,1,0,0,2,1,0,1,0,0,4,0,0,0,12,0,0,0,4,0,1,4,1,0,1,0,0,1,0,1,0,5,1,5,0,0,0,2,0,0,0,0,0,0,0,0,0,2,0,13,0,0,0,0,4,3,0,0,0,0,0,1,0,10,2,0,0,2,0,0,0,0,0,6,13,0,0,0,0,0,1,0,0,0,0,0,0,2,0,0,6,6,0,0,0,0,1,0,0,1,0,3,0,0,1,0,0,0,0,0,0,0,0,0,0,0,0,0,0,0,0,0,1,0,0,0,0,0,0,0,0,0,0,0,0,0,0,0,0,0,0,0,0,0,0,0,1,0,1,0,0,0,0
3068241300056100087,73,0,0,1,0,1,0,0,0,0,25,0,12,0,0,0,0,0,0,0,0,0,4,1,0,1,0,5,1,0,1,1,0,0,5,0,0,6,0,0,0,31,0,0,1,5,8,5,6,8,0,0,0,0,0,0,1,0,10,1,7,0,0,0,2,0,0,0,0,1,0,0,0,0,1,0,20,0,0,0,0,6,1,0,0,4,0,0,0,0,14,9,0,2,1,1,0,0,0,1,3,15,1,0,0,0,0,0,2,0,0,0,0,0,4,0,0,1,20,1,0,0,0,1,2,0,0,0,16,0,0,0,0,0,0,0,0,0,0,0,0,0,0,0,0,0,0,0,0,0,1,0,0,0,0,0,0,0,0,1,0,0,0,0,0,0,1,0,0,0,0,0,0,0,1,0,0,0,0,0
3068241300056100089,16,4,0,0,0,0,0,0,1,0,1,0,3,0,0,0,0,0,0,4,0,0,0,0,2,0,0,5,0,0,0,0,1,0,1,0,0,1,1,0,0,0,0,0,0,0,5,23,3,1,0,0,0,0,1,0,0,0,2,4,0,0,0,0,3,0,0,0,1,1,0,1,0,0,1,0,3,0,0,0,0,2,0,0,2,1,0,0,0,0,7,3,0,0,0,1,0,0,0,0,7,3,0,0,1,0,0,0,0,0,0,0,0,2,0,0,0,2,7,0,0,0,0,1,3,0,0,3,3,0,0,1,0,0,0,1,0,0,0,0,0,0,0,0,0,0,0,0,0,0,1,0,0,0,0,0,0,0,0,0,0,0,0,0,0,0,0,0,0,0,0,0,0,0,0,0,0,0,0,0
3068241300056100091,23,0,0,1,2,10,1,0,0,2,8,0,6,0,5,0,0,0,0,1,0,1,3,1,0,0,1,0,1,0,0,0,0,0,4,0,1,3,0,0,0,93,0,0,0,1,3,0,0,65,0,0,0,0,0,0,0,0,0,0,2,0,0,0,1,0,0,0,0,2,3,0,0,0,0,0,14,0,0,0,0,3,1,0,0,3,0,0,0,0,34,5,0,0,0,0,1,0,1,3,4,1,0,0,0,0,1,0,0,0,0,0,0,0,2,0,1,4,2,0,0,1,0,0,0,0,0,0,12,0,0,5,0,1,0,0,0,0,0,0,0,0,0,0,0,0,0,0,0,0,0,0,0,0,0,0,0,1,0,0,0,0,0,2,0,0,0,1,0,0,0,0,0,0,0,0,0,0,0,0
3068241300056100092,58,0,0,0,0,0,1,0,1,6,24,1,23,0,0,0,0,1,0,0,0,0,7,1,0,0,0,1,0,0,0,0,0,0,3,0,0,3,0,0,3,25,0,0,0,5,2,0,8,4,0,3,0,0,0,0,1,0,19,2,1,0,0,1,3,0,0,0,0,0,0,0,0,0,1,0,20,1,0,0,0,3,2,0,0,8,0,0,3,0,14,5,0,2,1,0,0,0,0,0,1,15,6,0,0,0,0,5,1,1,0,0,1,0,2,0,0,0,11,0,3,1,0,1,2,0,0,0,8,0,0,0,0,0,0,0,0,0,0,0,0,0,0,0,0,0,0,0,0,0,3,0,0,0,0,0,0,0,1,0,0,0,0,0,0,0,0,0,0,0,0,1,0,2,0,0,0,0,0,0
3068241300056100093,7,0,0,0,1,2,0,0,0,0,3,0,1,0,4,0,0,0,0,0,0,0,1,1,0,0,0,0,0,0,0,0,0,0,6,0,0,1,0,0,0,35,0,0,1,1,4,0,0,17,0,0,0,0,0,0,0,0,0,1,0,0,0,0,1,0,0,1,0,1,2,0,0,1,0,0,15,0,0,0,0,1,0,1,0,0,0,0,0,0,27,4,0,0,2,0,4,0,0,3,1,0,0,0,0,0,0,0,0,0,0,1,0,0,0,0,0,2,3,0,1,0,0,0,3,0,0,0,7,0,0,2,0,0,0,0,0,0,0,0,0,0,0,0,0,0,0,1,0,0,0,0,0,0,0,0,0,1,0,0,0,0,0,0,0,0,0,0,0,0,0,0,0,0,0,0,0,0,0,0
3068241300056100096,56,2,1,0,1,2,5,0,0,1,21,0,21,0,0,0,1,0,0,0,0,0,6,0,0,0,0,2,0,1,1,1,0,0,7,0,0,2,0,0,1,9,0,0,0,2,4,6,6,6,0,2,0,0,2,0,1,0,11,0,1,0,0,0,1,0,0,0,0,1,0,0,0,0,3,1,12,0,0,0,0,3,3,0,0,4,0,0,0,0,7,10,0,0,0,0,0,0,0,2,1,5,2,0,0,0,0,1,0,0,0,0,0,0,2,0,0,0,8,0,0,2,1,1,2,0,1,0,3,0,0,1,0,0,0,0,0,0,0,0,0,0,0,0,0,0,0,0,0,0,1,0,0,0,0,0,0,0,0,0,0,0,0,0,0,0,0,0,0,0,0,0,0,0,0,0,0,0,0,0
3068241300056100100,54,0,0,1,0,0,0,1,0,1,1,1,1,0,1,2,1,1,0,0,0,0,7,1,0,4,0,1,0,1,0,0,0,0,1,0,0,0,0,0,6,3,1,3,0,3,2,1,0,1,0,3,0,0,0,0,0,1,16,15,1,0,0,0,5,0,0,0,0,1,1,1,0,0,0,0,4,0,0,0,0,0,0,16,0,4,0,0,1,0,18,10,0,2,1,3,0,0,0,1,1,1,1,0,0,0,0,0,0,0,0,0,0,0,1,0,0,2,2,0,0,0,0,1,1,0,2,0,1,0,0,0,0,0,0,0,0,0,0,0,1,0,1,0,0,0,0,0,0,0,0,0,0,1,0,0,0,0,0,0,0,0,0,0,0,0,0,0,0,0,0,0,0,0,0,0,0,1,0,0
3068241300056100104,50,0,0,1,0,0,0,0,0,0,2,0,2,3,0,0,1,0,0,0,0,0,9,0,0,11,0,6,0,0,4,3,3,0,15,0,1,2,0,4,10,0,0,1,0,2,8,1,1,0,0,1,0,0,1,0,1,0,7,36,0,0,0,0,2,0,0,0,0,0,0,1,0,0,0,3,2,0,0,0,1,1,0,11,0,12,1,0,0,0,8,6,1,1,4,8,3,0,2,5,4,1,2,2,0,0,0,0,0,1,1,1,0,0,0,0,0,1,2,0,0,0,1,0,7,0,1,0,2,0,0,0,0,1,0,1,0,0,1,0,0,0,0,0,0,0,0,1,0,0,0,0,0,0,0,0,0,0,0,0,0,0,0,0,0,0,0,0,0,0,0,0,0,0,0,0,0,0,0,0
3068241300056100107,10,0,0,1,1,12,0,0,0,1,7,0,1,0,5,0,0,1,0,0,1,1,3,0,0,0,0,1,0,0,0,0,0,0,6,0,0,3,0,0,0,34,0,0,0,1,1,0,0,11,0,0,0,0,0,0,3,0,2,0,0,0,0,0,0,0,0,0,0,3,3,0,1,0,1,0,11,0,1,0,0,0,0,0,0,1,0,0,0,0,5,1,0,0,0,0,1,0,0,2,3,0,0,0,0,0,0,0,0,0,0,1,0,0,2,0,1,0,5,0,4,1,0,1,0,0,0,0,7,0,0,9,0,0,0,0,0,0,0,0,0,1,0,0,0,0,0,0,0,0,0,0,0,0,0,0,0,1,0,0,0,0,0,0,0,0,0,0,0,0,0,0,0,0,0,0,0,0,0,0
3068241300056100108,34,0,0,0,0,0,1,0,0,3,14,1,11,0,0,0,0,0,1,0,0,0,0,0,0,0,0,2,0,0,0,1,0,0,4,0,0,8,0,0,0,3,0,0,2,2,1,1,2,1,0,3,0,0,0,0,0,0,10,4,0,0,0,0,1,0,0,0,0,0,0,0,0,0,3,0,6,0,0,0,1,0,5,0,0,1,0,0,2,0,3,3,1,0,0,1,0,0,0,0,0,5,3,0,0,0,0,0,1,1,0,0,0,0,6,0,0,1,21,0,0,0,1,1,1,1,2,0,2,0,0,0,0,0,0,0,0,0,0,0,0,0,0,1,0,0,0,0,0,0,0,0,0,0,0,0,0,0,0,0,0,0,0,0,0,0,0,0,0,0,0,0,0,0,0,0,0,0,0,0
3068241300056100109,91,0,0,2,1,0,1,0,0,5,23,0,25,1,0,0,0,0,0,0,0,0,4,1,0,0,0,0,0,0,2,2,0,0,1,0,0,5,0,1,0,27,0,0,0,1,3,5,5,4,0,1,0,1,0,0,0,0,3,2,2,0,0,0,1,0,0,0,0,0,1,0,0,0,2,0,16,1,0,0,0,3,4,0,0,0,0,1,2,1,6,4,2,0,2,0,0,0,0,0,2,5,1,0,0,0,0,1,1,0,0,0,0,0,6,0,0,1,18,0,0,0,0,0,1,0,0,0,12,2,0,1,0,0,0,0,0,0,0,0,0,0,0,0,0,0,0,0,0,1,0,0,0,0,1,0,0,0,0,0,0,0,0,0,0,0,0,0,0,0,0,0,1,0,0,0,0,0,0,0
3068241300056100110,50,4,0,0,0,0,0,1,0,0,2,0,0,0,0,5,0,0,0,2,13,0,4,0,2,0,0,14,1,1,1,1,0,3,0,0,0,1,0,0,1,1,0,1,0,0,5,6,0,0,0,1,0,0,0,0,3,0,0,4,0,0,0,0,3,1,0,0,2,1,0,0,0,0,23,0,0,0,0,2,0,0,0,0,0,2,0,0,0,2,3,8,0,0,0,0,0,0,1,4,26,0,1,0,2,0,0,0,0,1,7,0,1,0,0,0,0,2,8,0,1,1,0,1,5,0,0,0,2,0,0,0,0,0,0,0,1,0,0,0,0,0,0,0,0,0,0,0,0,1,0,0,0,0,0,0,1,0,0,0,0,0,0,1,0,0,0,0,0,0,0,0,0,0,0,0,0,0,0,0
3068241300056100115,92,0,0,2,0,1,0,0,4,2,1,0,1,1,1,18,0,0,0,2,26,0,3,0,7,0,0,22,1,3,0,0,0,1,3,0,0,0,0,0,5,3,0,1,0,1,10,3,1,0,0,2,0,0,0,0,0,0,1,3,1,0,0,0,1,0,1,1,4,2,0,0,0,0,13,1,0,0,1,9,0,3,0,0,2,0,0,1,0,2,9,22,0,1,2,2,3,0,0,4,32,0,1,0,0,0,0,0,1,0,4,0,4,0,2,1,0,4,27,0,0,0,0,2,7,0,0,0,3,0,0,0,0,0,0,0,0,0,1,0,1,0,0,0,0,0,1,0,0,0,1,0,0,0,0,0,1,0,0,0,0,0,0,0,1,0,0,0,0,0,0,0,0,0,1,0,0,0,0,0
3068241300056100116,60,0,0,0,0,0,0,1,0,0,0,1,1,0,0,0,3,0,0,1,1,0,2,2,0,13,0,3,0,0,5,1,0,1,1,0,0,1,0,7,3,1,0,0,0,7,2,0,1,1,0,3,0,0,0,0,0,2,15,19,1,0,0,0,2,1,0,0,0,0,0,0,0,0,0,1,0,0,0,0,0,0,0,15,0,8,0,0,1,0,8,9,0,0,1,4,10,0,0,2,1,0,0,0,1,0,0,0,0,0,0,0,0,0,0,0,0,4,3,0,1,0,0,1,4,2,3,0,1,1,0,1,0,0,0,0,0,0,0,0,0,0,0,0,0,0,0,0,0,0,0,0,0,0,1,0,0,0,0,0,0,0,0,0,0,0,0,0,0,0,0,0,0,0,0,0,0,0,0,0
3068241300056100117,73,0,0,0,0,3,2,0,0,4,0,1,0,0,1,0,3,0,0,7,1,0,1,3,0,3,0,8,2,0,3,1,1,0,2,0,0,0,0,8,2,2,0,0,1,8,8,0,0,2,0,1,0,0,0,0,0,0,4,24,0,0,0,0,3,0,0,0,0,0,0,0,0,0,0,0,3,0,0,0,0,0,0,2,1,0,0,0,0,0,15,12,0,0,7,3,0,1,0,1,19,0,0,1,0,0,1,6,0,0,1,0,1,0,0,0,0,6,1,0,0,0,0,1,2,0,1,0,0,2,0,0,0,0,1,0,0,0,0,1,0,0,0,0,0,0,0,1,0,0,0,0,0,0,0,0,0,0,0,0,0,0,0,0,0,0,1,0,0,0,0,0,0,2,0,0,0,0,0,0
3068241300056100119,52,1,0,0,0,0,0,0,0,0,1,0,1,0,0,1,4,0,0,1,0,0,1,0,0,6,0,4,0,0,0,0,0,0,0,0,0,0,0,0,5,0,0,3,0,4,3,0,0,0,0,4,0,0,0,0,0,0,10,21,0,0,1,0,3,0,0,0,0,0,0,0,0,0,0,0,3,0,0,0,0,1,0,20,0,4,0,0,0,0,4,6,0,0,5,6,1,0,0,2,1,0,0,2,1,0,0,0,0,0,0,0,2,0,1,0,0,4,1,0,0,0,2,0,2,0,13,0,0,0,0,0,0,0,0,0,0,0,0,0,0,1,0,0,0,0,0,0,0,0,0,0,0,0,0,0,0,0,0,0,0,1,0,0,0,0,0,0,0,0,0,0,0,0,1,1,0,0,0,0
3068241300056100120,32,0,0,0,0,0,0,0,0,0,0,0,0,0,0,1,6,0,0,1,0,0,6,0,0,8,0,0,0,0,1,0,0,0,1,0,0,0,0,2,2,1,0,0,0,6,5,0,0,0,0,0,0,0,0,0,0,0,7,10,1,0,0,0,2,1,0,0,0,0,0,0,0,1,0,0,0,0,0,0,0,0,0,23,0,1,0,0,0,0,3,13,0,0,3,3,0,0,0,0,0,0,0,0,0,0,0,0,0,0,0,0,0,0,0,0,0,0,3,0,0,0,0,0,2,0,2,0,2,0,0,0,0,0,0,0,0,0,0,0,0,0,0,0,0,0,0,0,0,0,0,0,0,0,0,0,0,0,0,0,1,0,0,0,0,0,0,0,0,0,0,0,0,0,0,0,0,0,0,0
3068241300056100121,29,0,0,2,3,9,0,0,1,0,8,0,3,0,5,0,1,0,1,0,0,2,6,0,0,0,0,3,2,1,0,1,0,0,11,0,0,3,0,0,1,53,0,0,1,1,2,0,1,14,0,0,0,0,0,1,2,0,2,1,0,0,0,0,2,0,0,0,0,4,2,1,0,0,0,0,20,1,1,0,0,4,0,0,0,0,0,0,0,0,25,4,0,0,1,0,2,0,0,2,2,1,0,0,0,1,0,0,0,0,0,0,0,0,1,0,0,1,3,0,1,0,0,0,0,0,0,0,4,0,1,4,0,0,0,0,0,0,0,0,1,0,0,0,0,1,0,0,0,0,0,0,0,0,0,0,0,0,2,1,0,0,0,2,0,0,0,0,0,0,0,0,0,0,0,0,0,0,0,0
3068241300056100128,50,2,0,1,0,0,0,0,3,0,1,2,1,0,1,1,0,1,1,1,1,0,2,0,0,3,1,8,0,2,0,1,1,4,1,0,0,0,0,0,0,0,0,1,1,2,2,16,0,2,0,1,1,9,0,0,0,0,1,3,1,0,1,0,9,0,0,0,0,1,0,0,0,0,5,1,1,1,0,1,0,0,0,1,60,0,0,4,2,2,29,6,0,0,2,0,1,4,0,1,10,0,13,0,1,0,0,0,0,0,0,0,5,0,2,0,0,2,18,0,0,1,0,1,5,1,0,1,0,1,4,0,0,0,0,0,0,0,0,0,0,0,0,0,0,0,0,0,1,0,0,0,0,0,0,0,0,0,0,0,0,0,0,0,0,0,0,1,0,0,0,0,0,1,1,0,0,0,0,1
3068241300056100129,87,1,0,0,0,0,0,0,0,4,28,0,24,0,0,0,0,0,0,0,0,0,6,2,0,0,0,1,0,0,0,0,0,1,2,0,0,8,0,0,0,17,0,0,3,2,4,2,6,5,1,1,0,0,0,0,0,0,10,5,1,0,0,0,2,0,0,0,0,0,0,0,0,0,10,0,16,0,0,0,0,2,6,0,1,4,0,1,2,1,10,4,0,0,1,0,0,1,0,0,3,7,2,1,0,0,0,3,1,0,0,0,1,0,4,0,0,2,9,0,1,0,0,1,2,1,2,1,4,0,0,0,0,0,0,0,1,0,0,0,0,0,0,0,0,0,0,0,0,0,0,0,0,0,0,0,0,0,0,0,0,0,0,1,0,0,0,1,0,0,0,0,0,0,0,0,0,0,0,0
3068241300056100134,77,1,0,0,0,0,2,0,10,1,12,0,2,0,7,0,0,0,2,1,0,0,0,0,0,7,0,5,0,13,0,1,0,2,2,0,0,1,1,0,0,1,0,1,1,0,7,1,1,0,0,1,0,10,0,3,0,0,3,2,1,0,0,0,17,0,0,4,0,1,0,1,0,0,38,1,4,0,0,0,0,0,0,1,16,1,0,11,1,2,5,4,0,1,2,0,0,3,0,0,4,2,16,0,1,0,0,0,0,0,1,1,39,0,0,0,0,1,9,0,0,0,2,9,1,0,1,1,0,0,6,0,0,0,0,0,0,0,0,0,0,0,0,0,0,0,0,1,0,0,1,0,0,0,1,0,0,0,0,1,0,0,0,0,0,0,0,0,0,0,0,0,0,0,0,0,0,0,0,0
3068241300056100139,24,0,0,0,0,0,0,0,0,0,1,0,0,0,0,0,0,0,0,0,0,0,0,0,0,1,0,1,0,0,2,0,0,0,1,0,0,0,0,1,3,0,0,0,0,2,3,1,0,0,0,0,0,0,0,1,0,0,8,4,0,0,0,0,1,0,0,0,0,0,0,0,0,0,0,0,0,0,0,0,0,0,0,7,0,0,0,0,0,0,5,3,0,0,1,1,12,0,0,0,0,0,0,0,0,0,0,1,0,0,0,0,0,1,0,0,0,1,0,0,0,0,0,1,0,0,4,0,1,0,0,0,0,0,0,0,0,0,0,0,0,0,0,0,0,0,0,0,0,0,0,0,0,0,0,0,0,0,0,0,0,0,0,0,0,0,0,0,0,0,0,0,0,0,0,0,0,0,0,0
3068241300056100140,53,0,0,1,0,0,0,0,0,0,1,1,1,0,0,0,0,1,0,1,0,1,1,2,0,2,0,1,1,0,2,0,1,0,0,0,0,1,0,1,5,1,0,0,0,6,2,1,0,1,0,0,0,0,0,0,0,0,5,20,0,0,0,0,2,0,0,0,0,0,0,0,0,0,0,0,0,0,0,0,1,0,0,15,0,1,0,0,0,0,8,10,0,0,2,2,12,0,0,0,2,0,2,0,0,0,0,0,0,1,1,1,1,0,0,1,0,0,0,0,0,0,0,0,1,0,7,0,0,0,0,0,0,0,0,0,0,0,0,1,0,0,0,0,0,0,0,0,0,0,0,0,0,0,0,0,0,0,0,0,0,0,0,0,0,0,0,0,0,0,0,0,0,0,0,0,0,0,0,0
3068241300056100141,66,0,1,0,0,0,1,2,0,5,15,2,37,0,0,0,0,0,0,1,0,0,7,0,0,0,0,2,0,1,0,2,0,0,2,0,0,4,0,0,1,11,0,0,0,4,1,2,2,2,0,1,0,0,0,0,1,0,13,0,3,0,0,0,0,0,0,0,0,1,0,0,0,0,3,0,22,0,1,0,0,5,5,0,0,4,0,2,0,0,4,16,0,2,0,0,0,0,0,0,1,5,8,0,0,0,0,1,4,0,0,0,2,1,5,0,0,0,13,0,0,1,0,1,0,0,0,0,6,0,0,1,0,0,0,0,0,0,0,0,0,0,0,0,0,2,0,0,0,0,0,0,0,0,0,0,0,0,0,0,0,0,0,0,0,0,0,0,0,0,0,0,0,0,0,0,1,0,0,0
3068241300056100142,9,0,0,0,0,0,0,0,2,0,0,0,0,0,0,7,0,0,0,0,5,0,0,1,0,0,0,1,0,0,0,2,0,0,0,0,0,0,0,0,0,0,0,0,0,1,1,0,0,0,0,0,0,0,0,0,0,0,0,0,1,0,0,0,0,0,0,0,1,0,0,1,0,0,0,0,1,0,0,1,0,0,0,0,0,0,0,0,0,0,5,4,0,0,0,0,0,0,0,0,4,0,1,0,0,0,0,0,0,0,2,0,0,0,0,0,0,1,0,0,0,1,0,0,0,0,0,1,0,2,1,1,0,0,0,0,0,0,0,0,0,0,0,0,0,0,0,0,0,0,0,0,0,0,0,0,0,0,1,0,0,0,0,0,0,0,1,0,0,0,0,0,0,0,0,0,0,0,0,0
3068241300056100146,48,0,0,0,0,0,1,0,0,3,14,0,10,0,0,0,0,1,0,0,1,0,2,0,0,0,0,1,0,0,0,3,0,0,0,0,0,1,0,0,0,13,0,0,0,0,4,2,1,1,0,0,0,0,0,0,0,0,9,0,0,0,0,0,0,0,0,0,0,0,0,0,0,0,1,0,7,0,0,0,0,5,2,1,0,0,0,0,1,0,1,2,0,0,1,1,0,0,0,0,0,2,1,0,0,0,0,1,2,0,0,0,0,0,3,0,0,0,12,0,1,0,0,0,0,0,0,0,7,0,0,0,0,0,0,0,0,0,0,0,0,0,0,0,0,0,0,0,0,0,0,0,0,0,0,0,0,0,0,0,0,0,0,0,0,0,0,0,0,0,0,0,0,0,0,0,0,0,0,0
3068241300056100147,67,0,0,0,0,1,1,0,0,0,24,1,16,0,0,1,0,0,0,0,0,0,10,0,0,0,0,1,1,0,1,3,0,0,10,0,0,1,0,1,0,16,0,0,1,4,2,6,3,8,0,3,0,1,1,1,0,0,5,5,2,0,0,0,2,0,0,1,0,2,0,0,0,0,0,0,16,0,0,0,0,0,5,1,0,2,0,0,3,0,16,9,0,0,0,1,0,0,0,1,0,17,2,0,0,0,0,1,0,0,0,0,1,0,1,0,0,2,7,0,1,0,0,2,4,0,1,0,5,0,0,2,0,0,0,0,0,0,0,0,0,0,0,0,1,0,0,0,0,0,0,0,0,0,0,0,0,0,0,0,0,0,0,0,0,0,0,0,0,0,0,0,0,0,0,0,0,0,0,0
3068241300056100148,47,0,0,0,0,0,0,0,4,1,0,0,0,0,0,7,0,0,0,1,22,0,1,1,5,0,0,21,0,0,0,2,0,0,1,0,0,1,2,0,4,1,0,2,0,1,6,6,1,0,0,0,0,0,0,0,0,0,0,3,1,0,0,0,1,0,0,1,5,0,0,1,0,0,4,0,0,1,0,2,0,0,0,0,1,2,0,0,0,0,11,15,0,0,0,0,0,0,0,2,27,1,1,0,0,0,0,1,0,1,6,0,0,0,0,0,0,10,5,0,0,0,0,0,5,1,1,1,2,0,2,0,0,0,0,0,0,0,0,0,0,0,0,1,0,0,0,0,0,1,0,0,0,0,0,0,0,0,0,0,0,0,0,0,0,1,0,0,0,0,0,0,0,0,0,0,0,0,0,0
3068241300056100150,51,0,0,0,0,0,1,0,0,0,0,0,0,0,1,0,0,0,0,0,0,1,1,0,0,12,0,2,0,1,2,0,0,1,1,0,1,1,0,6,2,1,0,0,0,10,3,0,0,1,0,0,0,0,0,0,1,0,9,25,0,0,0,0,4,0,0,0,0,0,0,0,0,0,1,0,0,0,0,0,0,0,2,33,0,6,0,0,0,0,12,7,0,2,2,11,17,0,0,2,0,0,1,1,1,0,0,0,0,0,0,0,0,0,0,0,0,2,0,0,0,0,2,0,3,0,8,0,0,0,0,0,0,0,0,0,0,0,0,1,0,0,0,0,0,0,0,0,0,0,0,0,0,0,0,0,0,0,0,0,0,0,0,0,0,0,0,0,0,0,0,0,0,0,0,0,0,0,0,0
3068241300056100154,84,0,0,1,0,0,0,0,0,6,0,1,1,0,0,0,0,0,1,5,1,9,3,1,0,6,0,2,0,0,3,0,0,0,4,2,1,1,0,9,4,1,0,0,0,7,3,0,0,0,0,5,0,0,0,0,0,0,3,35,1,0,0,0,1,0,0,0,0,1,0,0,0,0,0,1,2,0,0,0,0,0,0,32,0,5,1,1,0,0,21,11,0,0,3,1,15,0,0,2,2,1,2,0,0,0,0,1,0,1,1,0,2,0,0,0,0,0,5,0,1,1,2,2,2,0,5,0,1,0,0,0,0,0,0,0,0,0,0,0,0,0,0,0,0,0,0,0,0,0,0,0,0,0,0,0,0,0,1,0,0,0,0,0,0,0,0,0,0,0,0,0,0,0,0,0,0,0,0,0
3068241300056100155,18,0,0,0,0,0,0,0,0,1,1,1,0,0,0,5,0,0,2,6,4,1,0,0,0,1,0,101,1,0,0,0,0,0,1,0,0,0,0,1,1,1,0,0,0,0,1,0,0,0,0,0,0,0,0,0,0,0,0,0,1,0,0,0,3,0,0,0,3,1,0,1,0,0,0,0,0,0,0,1,0,0,0,0,0,0,0,0,0,0,8,1,0,0,0,1,1,0,0,0,111,0,0,0,0,0,0,0,0,0,1,0,0,0,0,0,0,3,0,0,0,0,0,0,0,1,3,0,0,1,0,0,0,0,0,0,0,0,2,0,0,0,0,0,0,0,0,0,0,0,0,0,0,0,0,0,0,0,0,0,2,0,0,0,0,0,0,0,0,0,0,0,0,0,0,0,0,0,0,0
3068241300056100156,45,0,0,0,0,0,0,0,0,0,8,0,20,0,0,0,0,1,0,0,0,0,8,0,0,0,0,1,0,0,0,3,0,0,0,0,1,10,0,0,0,33,0,0,3,1,3,0,3,1,0,0,0,0,0,0,0,0,1,0,1,0,0,0,0,0,1,0,0,0,0,0,0,0,0,0,14,0,0,0,0,1,1,0,0,2,0,0,0,0,2,1,0,0,0,0,0,0,0,0,1,6,2,0,0,0,0,0,0,0,0,0,1,0,1,0,0,0,5,0,0,0,0,0,1,0,0,0,8,0,0,0,0,0,0,0,0,0,0,0,0,0,0,0,0,0,0,0,0,0,0,1,0,0,0,0,0,0,0,0,0,0,0,0,0,0,0,0,0,0,0,0,0,0,0,0,0,0,0,0
3068241300056100158,49,0,0,2,0,0,0,0,1,2,0,0,2,0,0,5,0,0,1,13,7,1,1,2,2,1,1,208,1,1,0,0,0,0,0,1,0,2,0,0,0,1,0,0,0,1,2,1,0,0,0,0,1,0,0,0,0,0,3,10,0,0,0,0,0,0,0,1,2,0,0,3,0,0,3,0,0,0,0,3,0,0,1,0,0,0,1,2,0,0,10,5,0,0,2,0,0,0,0,0,184,0,4,0,0,0,0,0,0,0,0,0,0,1,0,0,3,14,0,0,0,0,0,1,1,0,2,0,0,1,0,0,0,0,0,0,0,1,4,0,1,0,0,0,0,0,0,0,0,0,0,0,0,0,2,0,0,0,0,0,2,0,0,0,0,0,0,0,0,0,0,0,0,0,1,0,0,0,0,0
3068241300056100159,18,0,0,0,0,0,2,0,0,3,0,0,0,0,0,0,0,0,0,0,0,0,0,0,0,1,0,16,0,0,0,0,0,0,1,0,0,1,0,0,0,0,0,0,1,3,2,0,1,0,0,0,0,0,0,0,0,0,0,8,0,0,0,0,1,0,0,0,0,0,0,0,0,0,0,0,0,0,0,0,0,0,0,1,0,2,0,0,0,0,3,2,0,0,3,1,2,0,0,0,2,0,0,0,1,0,0,0,0,0,0,0,0,0,0,0,0,0,1,0,0,0,0,1,0,0,0,1,0,0,0,1,0,0,0,0,0,0,0,0,0,0,0,0,0,0,0,0,0,0,0,0,0,0,0,0,0,0,0,0,0,0,0,0,0,0,0,0,0,0,0,0,0,0,0,0,0,0,0,0
3068241300056100161,47,0,0,0,0,0,2,1,0,1,19,0,14,0,0,0,0,1,0,1,0,0,5,0,0,0,0,1,0,0,1,0,0,0,2,1,0,1,0,0,0,2,0,0,2,1,0,1,3,1,0,0,0,0,0,0,2,0,5,1,1,0,0,1,1,0,0,0,0,1,0,1,0,0,0,0,11,0,0,1,0,1,5,1,0,2,0,0,2,0,4,10,0,0,3,0,0,0,0,0,5,9,4,0,1,0,0,0,0,0,0,0,0,0,4,0,0,0,4,0,0,0,0,0,3,0,0,0,1,0,0,1,0,0,1,0,0,0,0,2,0,0,0,0,0,2,0,0,1,0,0,0,0,0,0,0,0,0,0,0,0,0,0,0,0,0,0,0,0,0,0,0,0,0,0,0,0,0,0,0
3068241300056100162,32,0,0,1,0,0,0,0,0,0,0,0,0,0,0,6,0,0,1,10,5,0,0,0,3,0,2,127,0,0,0,0,2,1,1,0,0,0,1,0,0,1,0,0,0,0,3,1,0,0,0,0,0,0,0,0,0,0,1,5,0,0,0,0,0,0,0,0,1,0,0,0,0,0,0,0,0,0,0,0,0,0,0,0,0,1,0,1,0,0,11,4,0,0,1,0,0,0,0,0,115,0,1,0,0,0,0,0,0,0,1,0,1,0,1,0,0,8,3,0,0,0,0,0,0,0,4,2,0,0,1,0,0,0,0,0,0,1,0,0,0,0,0,0,0,0,0,0,0,2,0,0,0,0,0,0,0,0,0,0,0,0,0,0,0,0,0,0,0,0,0,0,0,0,0,0,0,0,0,0
3068241300056100167,70,0,0,0,0,0,0,0,0,6,15,0,5,0,0,0,0,0,0,0,1,0,1,0,0,0,0,1,0,0,0,2,0,0,1,0,0,8,1,0,1,48,0,0,0,3,4,2,2,5,0,1,0,0,0,0,1,0,3,0,4,0,0,0,0,0,0,0,1,0,0,0,0,0,0,0,12,0,0,0,0,6,1,0,0,1,0,0,0,0,1,3,0,0,1,0,2,0,0,0,5,6,0,0,1,0,0,1,1,0,0,0,1,0,4,0,0,0,12,0,0,0,0,0,1,0,0,0,26,0,0,0,0,0,0,1,0,0,0,0,0,0,0,0,0,0,0,0,0,0,0,0,0,0,0,0,0,1,0,0,0,0,0,1,0,0,0,0,0,1,0,0,0,0,0,0,0,0,0,0
3068241300056100170,41,0,0,1,0,0,1,0,0,0,0,0,0,0,0,0,3,0,0,1,0,0,2,1,0,3,0,3,0,0,4,0,0,0,0,1,0,0,0,5,2,2,0,0,0,4,0,1,0,1,0,0,1,0,0,0,1,0,1,9,0,0,0,0,3,0,0,0,2,0,0,0,0,0,0,0,0,0,1,0,0,0,1,4,0,2,0,0,0,0,5,10,0,0,2,1,5,0,0,0,2,0,1,0,0,0,0,0,0,0,0,0,0,0,0,0,0,2,3,0,0,0,0,0,0,0,0,0,0,0,0,0,0,0,0,0,0,0,0,0,0,0,0,0,0,0,0,0,0,0,0,0,0,0,0,0,0,1,0,0,0,0,0,0,0,0,0,0,0,0,0,0,0,0,0,0,0,0,0,0
3068241300056100172,29,0,0,0,0,2,0,0,0,0,0,0,0,0,0,0,1,0,0,0,0,1,0,0,0,2,0,1,0,0,0,0,0,0,0,0,0,0,0,5,0,0,0,0,0,1,2,0,0,0,0,0,0,0,0,1,0,0,0,6,0,0,0,0,2,0,0,0,0,0,0,0,0,0,0,0,0,0,1,0,0,0,0,6,0,0,0,0,0,0,7,5,0,0,0,0,10,0,0,2,0,0,0,0,0,0,0,0,0,0,0,0,0,0,0,0,0,0,1,0,0,0,0,1,0,0,0,0,1,0,0,0,0,0,0,0,0,0,0,0,0,0,0,0,0,0,0,0,0,0,0,0,0,0,0,1,0,0,0,0,0,0,0,0,0,0,0,0,0,0,0,0,0,1,0,0,0,0,0,0
3068241300056100174,22,0,0,3,0,2,0,0,1,0,0,0,0,0,0,4,0,0,0,7,4,1,1,0,0,0,1,127,0,0,1,0,0,0,0,0,1,3,0,0,0,2,1,0,0,1,7,0,0,0,0,2,0,0,0,0,1,0,0,5,0,0,0,0,0,0,0,1,3,0,0,1,0,0,1,0,0,0,0,1,0,0,0,3,0,2,0,1,0,0,0,1,0,0,1,0,1,0,0,1,86,0,0,0,0,0,0,1,0,0,0,0,0,0,0,0,1,8,1,0,0,0,0,0,1,0,0,0,0,0,0,0,0,0,0,0,0,0,1,0,0,0,0,0,0,0,0,0,0,2,0,0,0,0,0,0,0,0,0,0,2,0,0,0,0,0,0,0,0,0,0,0,0,0,0,0,0,0,0,0
3068241300056100176,40,0,0,0,0,0,0,0,0,0,1,0,0,0,1,0,1,0,0,1,1,3,0,0,0,1,1,52,0,0,1,0,0,0,1,0,0,2,0,5,0,2,0,0,0,3,3,0,0,0,0,0,0,0,0,1,0,0,3,16,0,0,0,0,2,0,0,0,0,0,0,3,0,0,1,0,0,0,0,0,0,0,0,6,0,3,0,0,0,0,14,6,0,1,1,0,4,1,0,1,20,0,0,0,0,0,0,2,0,0,1,1,0,0,0,0,1,0,0,0,0,0,0,0,1,0,1,1,0,0,0,0,0,0,0,0,0,1,0,0,0,0,0,0,0,0,0,0,0,0,0,0,0,0,0,0,1,0,0,0,1,1,0,0,0,0,0,0,0,0,0,0,0,0,0,0,0,0,0,0
3068241300056100177,12,0,0,0,0,0,0,0,0,0,0,0,1,0,0,0,0,0,0,4,2,0,2,2,0,0,0,1,0,0,0,0,0,0,1,1,0,1,0,0,0,0,0,0,0,0,1,0,0,0,0,0,0,0,0,0,0,0,3,0,0,0,0,0,1,0,0,0,1,0,0,0,0,0,1,0,0,0,0,0,0,0,0,0,0,0,0,0,0,0,0,1,0,0,2,0,0,0,0,0,5,1,0,0,0,0,0,0,0,0,0,0,0,0,0,0,0,1,2,0,0,0,1,1,0,1,0,0,0,0,0,0,0,0,0,0,0,0,0,0,0,0,0,0,0,0,0,0,0,0,0,0,0,0,0,0,0,0,0,0,0,0,0,0,0,0,0,0,0,0,0,0,0,0,0,0,0,0,0,0
3068241300056100179,28,0,0,0,0,2,0,0,1,1,0,0,0,0,0,6,0,0,0,5,6,4,0,0,4,0,0,124,0,0,0,1,0,0,0,0,0,1,0,1,0,1,0,0,0,1,5,0,1,0,0,0,0,0,0,0,0,0,0,4,1,0,0,0,2,0,0,0,3,0,0,0,0,0,0,0,0,0,0,1,0,0,0,0,0,1,0,0,0,0,5,4,0,0,0,1,3,0,0,0,92,0,0,0,0,0,0,0,0,0,0,0,0,0,1,0,0,6,2,0,0,0,1,0,0,0,1,0,0,0,0,0,1,0,0,0,0,0,0,0,0,0,0,0,0,0,0,0,0,0,0,0,0,0,0,0,0,0,1,0,1,0,0,0,0,0,0,0,0,0,0,0,0,0,0,0,0,0,0,0
3068241300056100181,10,0,0,1,0,0,0,0,0,1,0,0,5,0,0,1,0,0,0,0,0,0,1,0,0,0,0,1,1,0,0,0,0,0,2,0,0,1,0,0,0,5,0,0,0,0,0,1,0,0,0,0,0,0,0,0,0,0,2,0,3,0,0,0,1,0,0,0,0,0,0,0,0,0,0,0,5,0,0,0,0,1,0,0,0,1,0,0,0,0,3,4,0,1,1,0,0,0,0,0,2,2,0,0,0,0,0,0,0,0,0,0,0,0,0,0,0,1,3,0,0,1,0,1,0,0,0,0,2,0,0,0,0,0,0,0,0,0,0,0,0,0,0,0,0,0,0,0,0,0,0,0,0,0,0,0,0,0,0,0,0,1,0,0,0,0,0,0,0,0,0,0,0,0,0,0,0,0,0,0
3068241300056100182,41,0,0,1,0,1,0,0,0,2,0,0,0,0,0,15,0,0,0,10,16,0,0,1,5,1,2,207,1,0,0,0,0,0,0,0,0,1,2,0,0,2,0,0,0,2,9,0,0,2,0,0,0,1,0,0,2,0,0,12,2,0,0,0,1,0,0,0,3,1,0,0,0,0,1,0,1,0,0,1,0,1,1,0,0,3,0,0,0,0,17,5,0,0,4,0,0,0,0,0,138,0,0,1,0,0,0,0,0,0,0,0,0,0,0,0,1,9,0,0,0,0,0,0,0,0,1,1,1,1,0,1,0,0,0,1,0,0,2,0,0,0,0,0,0,1,0,1,0,0,0,0,0,0,1,0,0,0,0,0,5,0,0,1,0,0,0,0,0,0,0,0,0,0,0,0,0,0,0,0
3068241300056100183,62,0,0,0,1,0,0,0,1,0,0,0,2,0,0,7,1,0,1,17,9,0,2,2,3,1,2,338,1,0,1,0,0,0,0,0,0,2,0,1,0,3,0,0,1,0,2,4,1,1,0,0,0,2,0,0,1,1,3,13,0,0,1,0,1,0,0,0,2,1,0,1,0,0,2,0,4,0,0,1,1,0,2,0,0,1,0,3,0,0,10,2,0,0,3,2,2,1,1,0,219,1,0,0,0,0,0,0,0,0,0,0,0,0,0,0,0,11,2,0,0,0,0,0,1,0,0,1,0,0,0,0,0,0,0,0,1,0,1,0,0,0,0,0,0,0,0,0,0,1,1,0,0,0,0,0,0,0,0,0,8,1,0,0,0,0,0,0,0,0,0,1,0,1,0,0,0,0,0,0
3068241300056100184,23,0,0,3,0,0,0,0,0,0,0,0,1,0,0,1,0,0,0,5,0,0,0,0,0,1,0,132,0,0,0,0,2,0,1,0,0,0,0,0,0,1,0,0,0,0,3,0,0,0,0,1,0,0,1,0,1,0,0,2,0,0,0,0,0,0,0,0,1,0,0,0,0,0,1,0,1,0,0,0,0,0,0,0,0,0,0,0,0,0,2,0,0,0,2,0,0,0,0,0,99,0,0,0,0,0,0,0,0,0,0,0,0,0,0,0,0,2,0,0,0,0,0,0,1,0,1,0,0,0,0,0,0,0,0,0,0,0,1,0,1,0,0,0,0,0,0,0,0,0,0,0,0,0,0,0,0,0,0,0,2,0,0,0,0,0,0,0,0,0,0,0,0,0,1,0,0,0,1,0
3068241300056100187,21,0,0,1,0,0,0,0,0,0,0,0,0,0,0,6,0,0,1,5,4,0,1,0,4,1,0,171,1,0,0,0,2,0,1,0,0,1,0,0,0,1,0,0,0,0,2,0,0,0,0,0,0,0,0,0,0,0,0,0,0,0,0,0,0,0,0,0,0,1,0,0,0,0,0,0,3,0,0,1,0,0,0,0,0,0,0,1,0,0,3,1,0,0,0,0,0,0,0,0,121,1,0,0,1,0,0,0,0,0,0,0,0,0,0,0,0,4,0,0,0,0,0,0,0,0,2,0,1,1,0,0,0,0,0,0,1,0,1,0,0,0,0,0,0,0,0,0,0,1,0,0,0,0,0,0,0,0,0,0,1,0,0,1,0,0,0,0,0,0,0,0,0,0,0,0,0,0,0,0
3068241300056200010,47,0,0,2,0,2,0,1,3,0,1,0,2,0,1,2,1,1,0,1,18,0,5,1,8,0,0,17,0,2,0,4,0,0,0,0,0,0,0,0,3,2,0,0,0,0,14,0,0,0,0,1,0,3,1,0,2,0,0,1,2,0,0,0,3,0,1,2,4,1,0,0,0,0,4,1,1,0,0,7,0,0,0,0,8,1,0,1,3,0,6,23,1,0,1,3,1,0,2,2,31,2,6,1,1,0,0,1,0,0,13,0,3,0,0,0,0,2,5,0,0,0,0,3,3,0,0,0,1,1,0,0,0,0,0,0,0,0,1,0,0,0,0,0,0,0,0,0,0,0,0,0,0,0,0,1,0,0,0,0,1,0,0,0,0,0,0,0,1,0,0,0,1,0,0,0,0,0,0,0
3068241300056200011,230,3,0,7,0,1,1,2,5,3,12,1,5,0,1,7,0,1,0,7,9,0,17,0,2,0,0,32,0,0,1,1,2,12,5,1,0,2,1,1,0,6,0,0,0,7,23,43,3,3,0,0,0,1,0,3,4,0,6,17,2,0,0,0,2,0,0,0,3,5,1,2,0,0,113,0,5,0,1,3,0,2,3,1,1,3,0,10,2,7,19,16,0,0,2,0,2,0,0,0,35,1,3,2,2,0,0,0,2,1,0,0,5,0,6,0,0,10,74,0,2,0,1,2,5,0,1,0,8,0,1,4,0,0,0,0,0,0,0,1,0,0,0,0,0,0,1,0,0,0,0,0,0,0,0,0,0,4,0,1,0,0,0,1,0,0,0,0,0,0,1,0,0,1,0,0,0,0,0,0
3068241300056200013,10,2,0,0,0,1,0,0,0,0,1,0,0,0,0,2,0,0,0,0,1,0,1,0,2,0,0,7,0,1,0,0,0,0,0,0,0,0,0,0,0,0,0,1,0,2,3,4,1,0,0,1,0,0,0,0,1,0,0,1,1,0,0,0,0,0,0,0,0,0,0,0,0,0,0,0,1,0,0,1,0,0,0,0,0,1,0,0,0,0,1,5,0,1,0,1,0,0,0,0,3,1,0,1,0,0,0,0,0,0,1,0,0,0,0,0,0,0,14,0,0,0,0,0,1,0,0,0,0,0,0,0,0,0,1,0,0,0,0,0,0,0,0,0,0,0,0,0,0,0,0,0,0,0,0,0,0,0,0,0,0,0,0,0,0,0,0,0,0,0,0,0,0,0,0,0,0,0,0,0
3068241300056200014,65,0,0,1,1,0,0,0,11,0,9,2,0,0,7,1,0,3,0,0,0,0,1,1,2,6,1,11,0,14,1,2,0,2,2,0,0,2,0,0,1,1,0,0,1,0,10,2,0,0,0,4,0,15,0,1,4,0,0,7,2,0,0,0,17,0,0,7,0,1,0,1,0,0,4,0,1,0,1,1,0,0,1,0,36,0,0,15,1,1,25,5,1,0,0,0,0,4,0,0,12,0,24,1,0,0,0,0,0,0,0,0,40,0,0,0,0,0,3,0,0,1,1,8,4,0,0,0,1,0,23,0,0,0,1,0,0,0,0,0,0,0,0,0,0,0,0,0,0,0,0,0,0,0,0,0,0,0,0,0,0,0,1,0,0,0,0,0,0,0,0,0,0,2,0,0,0,0,1,0
3068241300056200016,59,1,0,3,0,0,0,0,10,0,15,1,5,0,10,0,0,0,1,3,1,0,1,3,0,7,0,11,1,16,0,0,1,4,3,0,0,2,0,1,1,0,0,0,1,2,6,0,0,1,0,1,0,14,0,0,3,0,7,3,0,0,0,0,25,0,0,10,1,0,0,1,0,1,26,0,2,0,1,1,0,0,0,0,48,1,0,13,0,2,47,12,0,1,2,0,0,5,0,0,3,3,13,4,1,0,0,0,0,0,0,0,47,0,0,0,0,3,1,0,0,0,0,13,8,0,0,1,3,1,17,1,0,0,0,0,0,0,0,0,1,0,0,0,0,0,1,0,0,0,0,0,0,0,0,0,0,1,0,0,0,0,0,0,0,0,0,0,0,0,0,0,0,0,0,0,0,0,0,0
3068241300056200017,54,2,0,2,0,0,0,0,0,2,2,0,5,0,1,0,0,0,0,0,1,0,7,1,3,0,0,25,1,0,1,4,1,1,6,0,0,0,0,0,0,4,0,0,0,2,7,18,1,1,0,2,0,0,1,0,2,0,2,8,0,0,0,0,3,0,0,0,3,5,0,0,0,0,0,0,4,1,0,1,0,3,0,1,2,0,1,1,1,0,1,11,0,0,6,3,0,0,1,0,25,0,0,0,0,0,0,0,0,1,0,0,0,0,1,0,0,3,54,0,1,0,0,0,6,1,0,0,3,1,0,6,0,0,1,0,0,0,0,0,0,0,0,0,0,0,1,0,0,0,0,0,0,0,0,0,0,0,0,0,0,0,0,0,0,0,0,0,0,0,0,0,0,0,0,0,0,0,0,0
3068241300056200018,58,0,0,0,0,0,1,0,0,2,12,0,10,0,0,0,0,0,0,1,0,0,4,0,0,0,0,3,1,0,0,0,0,0,5,0,0,4,0,0,0,7,0,0,3,4,1,4,12,1,0,2,0,0,2,1,2,0,10,0,1,0,1,0,2,0,0,0,0,1,0,0,0,0,2,0,11,0,0,0,0,2,6,0,0,2,0,0,1,0,4,2,0,0,1,0,0,0,0,0,0,6,7,0,0,0,0,1,1,0,0,0,0,0,1,0,0,0,6,0,1,1,1,0,1,0,0,0,2,1,0,0,0,0,0,0,1,0,0,0,0,0,0,0,0,0,0,0,0,0,0,0,0,0,0,0,0,0,0,0,0,0,0,0,0,0,0,2,0,0,0,0,0,0,0,0,0,0,0,0
3068241300056200020,109,1,0,2,0,0,0,0,0,1,20,0,16,0,0,1,0,0,1,0,0,0,22,0,0,0,0,3,0,0,2,5,0,0,9,0,0,8,0,0,2,39,0,0,2,8,3,14,14,8,0,3,0,1,0,0,2,0,17,4,0,0,0,0,1,1,0,0,0,2,1,0,0,0,0,2,17,0,0,1,5,6,5,0,0,2,0,0,3,1,16,10,0,0,2,5,0,0,0,0,4,7,6,0,1,0,0,0,4,0,0,0,0,0,3,0,0,2,12,0,3,0,0,1,4,0,0,0,12,0,0,2,0,0,0,0,0,0,0,0,0,0,0,0,0,2,0,0,0,0,0,0,0,0,0,0,0,0,0,1,0,0,0,0,0,0,0,0,0,0,0,0,0,1,0,0,0,0,0,1
3068241300056200021,55,1,0,0,0,0,7,0,1,0,14,1,20,0,1,0,0,1,0,1,0,1,7,1,0,0,0,1,0,1,1,0,0,0,4,0,0,4,0,0,1,1,0,1,1,3,3,14,4,2,0,2,0,0,0,1,0,0,13,3,0,0,0,0,1,0,0,1,0,0,0,0,0,0,3,0,14,0,1,0,0,2,4,0,2,3,0,2,2,0,13,6,0,0,2,0,0,0,0,0,2,10,4,0,2,0,0,2,1,2,0,0,4,0,1,0,1,0,4,0,1,1,4,0,4,1,3,1,0,0,1,2,0,0,0,0,0,0,0,1,0,0,0,0,0,0,0,0,0,0,0,0,0,0,0,0,0,0,0,0,0,0,0,0,0,0,0,1,0,0,0,0,0,2,0,0,0,0,0,0
3068241300056200022,56,0,0,0,1,0,2,0,0,0,4,0,7,0,0,5,0,1,2,25,4,0,5,0,2,0,3,127,2,0,1,0,3,2,7,0,0,3,0,0,3,3,0,0,0,3,7,5,1,0,0,0,1,1,0,0,2,0,3,9,5,0,0,0,3,0,0,0,11,0,0,2,0,1,0,0,13,1,1,5,0,0,1,0,2,2,0,0,0,0,13,4,0,1,11,0,0,0,0,0,130,0,1,0,1,0,0,0,2,1,0,0,1,1,0,0,0,21,7,0,0,0,0,0,2,0,1,1,0,0,2,0,0,0,0,0,0,0,3,0,0,0,1,0,0,0,0,0,0,2,0,0,0,0,0,0,1,0,0,0,3,0,0,1,0,0,0,0,0,0,0,0,0,0,1,0,0,0,0,0
3068241300056200023,42,0,0,1,0,0,3,1,0,0,10,0,14,0,0,0,0,0,0,1,0,0,1,0,0,0,0,2,0,0,0,1,0,0,0,0,1,1,0,0,0,9,0,0,1,0,3,5,3,0,0,1,0,0,0,0,0,0,10,1,1,0,0,0,5,0,0,0,0,0,0,0,0,0,1,0,9,1,0,0,0,3,5,0,1,2,0,0,2,0,6,5,0,0,3,1,0,0,0,1,0,12,3,0,1,0,0,3,1,0,0,0,0,0,3,0,0,0,6,0,1,1,1,0,1,2,0,0,9,0,0,0,0,0,0,0,0,0,0,0,0,0,0,0,0,0,0,0,0,0,0,0,0,0,0,0,0,0,0,0,1,0,0,0,0,0,0,0,0,0,0,0,0,0,0,0,0,0,0,0
3068241300056200024,78,0,0,1,0,0,1,0,1,4,20,0,11,0,0,0,0,0,0,0,0,0,8,0,0,0,0,0,0,0,0,1,1,1,3,0,0,8,0,0,0,32,0,1,0,5,3,2,4,2,0,0,0,0,0,0,1,0,12,5,3,0,0,0,0,0,0,0,0,1,0,0,0,1,1,0,16,0,0,1,0,1,5,1,0,2,0,1,0,0,6,8,0,0,1,0,0,0,0,0,0,8,3,0,0,0,0,0,0,1,0,0,0,0,6,0,0,0,9,0,0,1,0,0,2,0,0,0,11,0,0,0,0,0,0,0,0,0,0,0,0,0,0,0,0,0,0,0,0,0,0,0,0,0,0,0,0,0,1,0,0,0,0,0,0,0,0,0,0,0,0,0,0,0,0,0,0,0,0,0
3068241300056200026,22,2,0,0,0,0,0,0,0,0,0,1,0,0,1,0,0,0,0,0,0,0,3,0,2,0,0,15,0,0,0,0,1,0,4,0,0,0,0,0,0,4,0,0,0,0,4,3,0,0,0,0,0,0,0,0,1,0,1,2,0,0,0,0,0,0,0,0,0,3,0,2,0,0,2,1,1,0,0,0,0,1,0,1,0,2,0,1,0,0,1,2,0,0,0,0,1,0,0,0,22,0,1,0,0,0,0,0,0,0,0,0,0,0,1,0,0,1,40,0,0,0,0,0,3,1,0,0,2,0,0,1,0,0,0,0,0,0,0,0,0,0,0,0,0,0,0,0,0,0,0,0,0,0,0,0,0,0,0,0,0,0,0,0,0,0,0,0,0,0,0,0,0,0,0,0,0,0,0,1
3068241300056200027,69,0,0,2,0,0,0,0,0,7,25,0,20,0,0,0,0,0,0,0,1,0,9,0,0,0,1,0,0,1,2,0,0,0,6,0,0,1,0,0,0,10,0,0,2,6,2,5,9,4,0,1,0,0,1,0,1,0,7,3,1,0,0,0,1,0,0,0,0,0,1,0,0,0,1,1,10,0,0,0,1,4,7,0,0,7,0,0,6,0,7,14,0,1,1,0,0,1,0,0,1,21,4,0,2,1,0,0,4,0,0,0,1,0,1,0,0,3,4,0,0,1,0,0,2,0,0,0,2,0,0,0,0,0,0,0,0,0,0,0,0,0,0,0,0,0,0,0,0,0,1,0,0,0,0,0,0,0,0,0,0,0,0,0,0,0,0,0,1,0,0,0,0,0,0,1,0,0,0,0
3068241300056200029,208,0,1,1,1,0,3,0,1,11,62,0,67,0,1,0,0,2,0,1,0,1,23,0,0,0,0,1,0,1,2,4,0,1,11,0,1,16,0,0,2,85,0,0,1,5,14,24,17,20,0,0,0,2,1,0,4,0,55,3,7,0,0,0,5,0,0,0,0,4,1,0,0,0,2,0,48,0,0,1,0,16,11,1,0,8,1,1,2,0,24,25,0,1,7,1,2,0,0,0,3,17,10,0,2,0,0,4,0,0,1,0,1,0,8,0,0,1,29,0,1,1,2,4,9,0,2,1,39,4,0,3,0,0,0,0,0,0,0,1,0,0,0,0,0,0,1,0,0,0,0,1,0,0,0,0,0,0,1,0,0,0,0,1,0,0,0,0,0,0,0,0,0,2,0,0,0,0,0,0
3068241300056200030,17,0,1,0,1,0,0,0,0,1,4,0,2,0,0,0,0,0,0,0,0,0,1,0,0,0,0,3,0,1,0,0,0,0,0,0,0,1,0,0,0,3,0,0,0,2,0,0,1,2,0,0,0,1,0,0,0,0,4,0,0,0,0,0,0,0,0,0,0,0,0,0,0,0,1,0,1,0,0,0,0,0,1,0,0,0,0,0,0,0,1,2,0,0,0,0,0,0,0,0,1,1,0,0,0,0,0,0,0,0,0,0,0,0,1,0,0,0,2,0,0,0,0,0,1,0,1,0,0,0,0,0,0,0,0,0,0,0,0,0,0,0,0,0,0,0,0,0,0,0,0,0,0,0,0,0,0,0,0,0,0,0,0,0,0,0,0,0,0,0,0,0,0,0,0,0,0,0,0,0
3068241300056200033,17,0,0,3,0,0,0,0,1,1,0,0,1,0,0,0,0,1,0,5,2,1,0,0,6,2,0,91,0,0,0,1,1,0,2,0,0,1,0,0,0,0,0,0,0,0,0,0,0,0,0,0,0,0,0,0,0,0,0,7,1,0,0,0,0,0,0,0,1,0,1,0,0,0,0,0,0,0,0,0,0,0,0,0,0,1,0,0,0,0,1,1,0,0,1,0,0,0,0,0,73,0,0,0,0,0,0,0,0,0,0,0,1,0,0,0,0,5,1,0,0,0,0,0,0,0,1,0,0,0,0,0,0,0,0,0,0,0,0,0,0,0,0,0,0,0,1,0,0,0,0,0,0,0,0,0,0,0,0,0,5,0,0,0,0,0,0,0,0,0,0,1,0,0,0,0,0,0,0,0
3068241300056200034,37,0,0,1,1,0,0,0,0,2,15,1,10,1,0,0,0,0,0,2,1,0,9,0,0,0,0,0,0,0,2,3,0,0,1,0,0,7,0,0,1,34,0,0,0,4,6,2,5,5,0,0,0,0,0,0,1,0,3,0,3,0,0,0,1,0,0,0,0,2,0,0,0,1,0,0,9,0,1,0,0,3,2,0,0,5,0,0,0,1,5,8,0,1,1,0,0,0,0,0,0,9,3,0,0,0,0,2,1,0,0,0,1,0,0,0,0,2,7,0,0,0,0,0,0,0,0,0,11,0,0,0,0,0,0,0,0,0,0,0,0,0,0,0,0,0,0,0,0,0,0,0,0,0,1,0,0,0,1,0,0,0,1,0,0,0,0,1,0,0,0,0,0,0,0,0,0,0,0,0
3068241300056200035,17,0,0,0,1,3,0,0,0,0,5,0,3,0,4,0,0,0,0,1,1,0,4,0,0,0,0,0,1,0,0,0,0,0,7,0,0,1,0,0,0,25,0,0,0,0,3,2,0,27,0,0,0,0,0,0,0,0,0,1,0,0,0,0,1,0,0,0,0,1,0,0,0,2,0,0,14,1,0,0,1,4,0,0,0,0,0,0,0,0,15,2,0,0,1,1,0,0,0,1,1,0,1,0,0,1,0,0,0,0,1,1,0,0,4,0,0,0,2,0,0,0,0,0,0,0,0,0,9,0,0,4,0,0,0,0,0,0,0,0,0,0,0,0,0,0,0,0,0,0,0,0,0,0,0,0,0,0,0,0,0,0,0,0,1,0,0,0,0,0,0,0,0,0,0,0,0,0,0,0
3068241300056200037,59,0,0,1,1,6,0,1,0,1,19,0,31,0,1,0,0,0,0,0,0,1,11,0,0,0,0,0,0,1,1,1,0,0,10,0,0,5,0,0,0,51,0,0,1,1,1,1,1,8,0,2,0,1,0,0,0,0,6,2,1,0,0,0,3,0,0,0,0,2,0,0,0,0,0,1,21,0,0,0,0,8,2,0,0,1,0,0,0,0,23,11,0,0,2,1,1,0,0,0,3,2,1,0,1,0,0,0,0,0,0,0,0,0,5,0,1,2,10,0,1,0,0,0,1,0,1,0,13,1,0,4,0,0,0,0,0,0,0,0,0,0,0,0,0,0,0,1,0,0,0,1,0,0,0,0,0,0,0,0,0,0,0,0,0,0,0,0,0,0,0,0,0,0,0,0,0,0,0,0
3068241300056200039,49,0,0,1,0,0,1,1,0,2,7,0,9,0,1,0,0,0,0,3,0,0,5,0,0,0,0,1,0,0,1,4,1,0,6,0,0,1,0,0,0,34,0,0,0,3,3,1,8,5,0,0,0,0,0,0,1,0,11,1,0,0,0,0,0,0,0,0,0,1,0,0,0,0,1,1,11,0,0,0,0,2,2,0,1,4,0,0,0,0,2,0,0,0,1,0,1,0,0,0,1,9,6,0,0,0,0,1,1,0,0,0,1,0,3,0,0,0,8,0,0,0,0,0,1,0,0,0,11,1,0,0,0,0,2,0,0,0,0,1,1,0,0,0,0,0,0,0,0,0,0,0,0,0,0,0,0,1,0,0,1,0,0,0,0,0,0,1,0,0,0,0,0,0,0,0,0,0,0,0
3068241300056200040,48,0,0,1,0,0,1,0,0,7,20,0,16,0,0,0,0,0,0,1,1,0,3,1,0,0,0,1,1,0,0,2,0,0,1,0,0,2,1,0,2,33,0,0,1,5,1,1,1,3,1,0,0,0,0,0,0,0,7,1,0,0,0,0,0,0,0,0,1,0,1,0,0,0,1,0,7,0,0,0,0,1,2,0,0,1,0,0,0,0,3,3,0,2,0,1,0,0,0,0,2,1,1,0,0,0,0,0,0,0,0,0,0,0,1,1,1,0,8,0,0,1,0,0,1,0,0,0,16,0,0,0,0,0,0,0,0,0,0,1,1,0,0,0,0,0,0,0,0,0,1,0,0,0,0,0,0,0,0,0,0,0,0,0,0,0,0,0,0,0,0,0,0,0,0,0,0,0,0,0
3068241300056200042,34,0,0,0,0,0,0,0,0,3,11,1,4,0,0,0,0,0,0,0,0,0,9,0,0,0,1,0,0,0,0,2,0,1,3,0,0,4,0,0,1,46,0,0,0,1,4,1,1,6,0,0,0,0,0,0,1,0,1,0,1,0,0,0,0,0,0,0,0,1,0,0,0,0,1,0,8,0,0,0,0,1,0,0,0,0,0,0,0,0,4,2,0,0,2,0,2,0,0,0,3,1,0,0,1,0,0,0,1,0,0,0,0,1,1,0,0,1,3,0,0,0,0,0,1,0,0,0,10,1,0,0,0,0,0,0,0,0,0,0,0,0,0,0,0,0,0,0,0,0,1,0,0,0,0,0,0,0,0,0,0,0,0,0,0,0,0,0,0,0,0,0,0,0,0,1,0,0,0,0
3068241300056200045,24,0,0,0,0,7,0,0,0,0,1,0,3,0,2,0,0,0,0,0,0,1,3,0,1,0,0,0,1,0,0,1,0,0,5,0,1,1,0,0,0,29,0,0,0,0,2,1,0,22,0,0,0,1,0,0,1,0,0,0,0,0,0,0,0,0,0,1,0,2,0,0,0,0,0,0,9,0,1,0,0,5,0,1,0,4,0,0,0,0,18,2,0,0,2,1,5,0,0,0,0,0,0,0,0,0,0,0,0,0,0,0,0,0,1,0,0,1,0,0,4,0,0,0,2,0,0,0,3,0,0,5,0,0,1,0,0,0,0,0,0,0,0,0,0,0,0,0,0,0,0,0,0,0,0,0,0,0,0,0,0,0,0,0,0,0,0,0,0,0,1,0,0,0,0,0,0,0,0,0
3068241300056200051,54,0,0,3,1,1,1,0,0,9,0,0,2,0,2,0,0,0,0,0,0,2,19,3,0,1,0,10,0,0,0,20,8,0,190,0,0,0,1,0,3,5,0,1,63,5,33,0,1,1,0,1,0,2,0,0,2,0,0,3,0,0,0,0,0,0,0,0,0,1,1,1,0,0,0,0,10,0,2,1,0,4,0,0,0,5,0,0,0,0,27,8,0,2,11,49,86,0,1,0,1,1,0,0,1,0,0,0,0,2,0,0,1,0,1,0,2,1,10,0,14,0,1,2,24,0,0,0,4,0,0,5,0,0,3,0,0,0,0,0,0,0,0,0,0,0,2,1,0,0,1,0,0,0,0,0,0,0,0,0,1,0,0,1,0,0,1,0,0,1,0,0,0,0,1,0,0,0,0,0
3068241300056200053,40,0,0,0,0,3,0,0,0,1,0,0,4,0,3,0,0,2,0,3,5,1,11,0,1,1,0,15,2,0,0,2,1,0,21,0,0,1,1,0,4,36,0,0,3,0,10,23,0,16,0,1,0,0,0,0,1,0,3,18,0,0,0,0,0,0,0,0,1,3,2,0,0,0,1,0,4,1,0,2,0,3,0,1,0,3,0,0,0,0,28,9,0,0,0,5,22,0,0,3,20,1,0,1,0,0,0,0,0,0,0,0,1,1,0,0,0,7,20,0,5,0,1,1,6,0,0,0,10,0,0,4,0,0,0,0,0,0,0,0,0,0,0,0,0,0,0,1,0,0,0,0,0,0,0,0,0,0,0,0,0,0,0,1,0,0,0,0,0,0,0,0,0,0,0,0,0,0,0,0
3068241300056200054,58,0,0,0,1,0,0,0,0,2,23,0,9,0,0,0,0,0,0,0,0,0,5,0,0,1,0,0,0,1,0,0,0,0,1,0,0,7,1,0,0,28,0,0,0,4,8,1,1,1,0,0,0,0,1,0,1,0,6,0,2,0,0,0,2,0,0,0,0,0,1,0,0,0,0,0,23,0,0,0,0,3,3,0,0,2,0,1,3,0,8,5,0,1,2,0,0,0,0,0,1,6,1,0,1,1,0,0,2,1,0,1,1,0,1,0,0,0,4,0,0,0,1,0,0,0,0,0,9,0,0,0,0,0,0,0,0,0,0,0,0,0,0,0,0,0,0,0,0,0,0,0,0,0,0,0,0,0,0,1,0,0,1,1,0,0,0,0,0,0,0,0,0,0,0,0,0,0,0,0
3068241300056200055,23,0,0,0,2,0,3,1,0,1,8,0,16,0,0,0,0,0,0,0,0,0,7,3,0,0,0,2,0,0,3,0,0,0,8,0,1,4,0,0,1,8,0,0,0,2,6,2,7,9,1,2,0,1,0,0,0,1,11,0,0,0,0,0,5,0,0,0,0,1,0,0,0,0,0,0,10,0,0,1,0,5,4,0,0,2,0,0,3,0,7,7,0,0,2,0,0,0,0,1,0,10,2,1,0,0,0,0,0,0,0,0,0,0,6,0,0,0,1,0,0,0,0,0,1,0,0,0,0,0,0,1,0,0,0,0,0,0,0,0,0,0,0,0,0,0,0,0,0,0,0,0,0,0,0,0,0,0,0,0,0,0,0,1,0,0,0,0,0,0,0,0,0,0,0,0,0,0,0,1
3068241300056200057,22,0,0,2,0,0,1,0,0,0,11,0,4,0,0,0,0,1,0,0,0,0,1,0,0,0,0,3,0,0,0,0,0,0,1,0,0,2,0,0,0,6,0,0,0,0,0,2,2,1,0,0,0,0,0,0,1,0,3,0,1,0,0,0,2,0,0,0,0,0,0,0,0,0,2,0,1,0,0,1,0,0,0,0,0,2,0,0,0,0,4,2,0,0,0,0,0,0,0,1,1,3,0,0,0,0,0,0,0,0,0,0,0,0,0,0,0,0,1,0,0,0,1,0,0,0,0,1,4,0,0,0,0,0,0,0,0,0,0,0,0,0,0,0,0,0,0,0,0,0,0,0,0,0,0,0,0,0,0,0,0,0,0,0,0,0,0,0,0,0,0,0,0,0,1,0,0,0,0,0
3068241300056200058,53,0,0,0,3,0,6,0,0,0,28,0,24,0,0,0,0,0,0,0,0,0,10,1,0,1,0,0,0,1,4,0,0,0,8,0,0,2,0,0,0,11,0,1,0,4,4,9,5,12,1,1,0,0,1,0,0,0,15,0,0,0,0,0,4,0,0,0,0,1,0,1,0,0,1,0,14,0,0,0,8,4,7,0,0,5,0,1,0,0,7,17,0,1,0,0,0,0,0,0,1,10,3,0,0,0,0,0,2,0,0,0,0,0,3,0,0,0,2,0,0,1,2,1,1,0,1,0,6,0,0,2,1,0,0,0,0,0,0,1,0,0,0,0,0,0,0,0,0,0,0,1,1,0,0,0,0,0,0,0,0,0,0,0,0,0,0,0,0,0,0,0,0,1,0,0,0,0,0,0
3068241300056200059,16,2,0,0,0,1,0,1,0,0,0,0,2,0,0,1,0,0,0,0,0,0,0,0,1,0,0,1,0,1,0,0,0,0,1,0,0,0,0,0,0,2,0,0,0,3,0,8,2,0,0,0,0,0,0,0,0,0,0,3,0,0,0,0,1,0,0,0,0,1,0,0,0,0,0,0,0,0,0,1,0,2,0,0,0,1,0,0,0,0,2,4,0,0,0,1,0,0,1,0,7,0,0,0,0,0,0,0,0,0,0,0,0,0,1,0,0,0,8,0,1,0,0,0,1,0,0,0,1,1,0,0,0,0,1,0,0,0,0,0,0,0,0,0,0,0,0,0,0,0,0,0,0,0,0,0,0,0,0,0,0,0,0,0,0,0,0,0,0,0,0,0,0,0,0,0,0,0,0,0
3068241300056200060,27,0,0,0,2,9,0,0,0,0,3,0,3,0,4,0,0,1,0,0,0,0,5,0,1,0,0,10,1,0,1,0,1,0,9,1,0,2,0,1,1,70,0,0,0,1,6,8,1,50,0,0,0,1,0,0,2,0,1,3,1,0,0,0,4,0,0,1,0,7,1,0,0,2,4,0,16,0,0,1,0,7,0,1,0,1,0,0,0,0,30,4,0,1,5,2,1,0,1,3,6,0,2,0,0,0,0,0,0,0,0,0,0,0,3,0,0,5,11,0,1,1,0,0,1,0,0,0,19,0,0,7,0,0,1,0,0,0,0,0,0,0,0,0,0,0,0,0,0,0,0,0,0,1,0,0,0,0,0,0,0,0,0,1,0,0,0,0,0,0,0,0,0,0,0,0,0,0,0,0
3068241300056200061,31,0,0,0,1,0,0,0,0,0,16,0,8,0,0,0,0,0,1,0,0,0,7,0,0,0,0,0,2,0,0,1,0,0,0,0,0,10,0,0,0,25,0,0,1,5,1,0,3,0,0,0,1,1,0,0,2,0,6,2,2,0,0,0,0,0,0,0,0,1,0,0,0,0,0,0,15,0,0,1,0,5,4,0,0,3,0,0,0,0,6,7,0,1,1,0,0,0,0,0,0,6,3,0,0,0,0,0,2,0,0,0,0,0,5,0,0,0,5,0,0,0,0,0,0,0,0,0,6,0,0,0,0,0,0,0,0,0,0,0,0,0,0,0,0,0,0,0,0,0,0,0,0,0,1,0,0,1,1,0,0,0,0,0,0,0,0,0,1,0,0,0,0,0,0,0,0,0,0,0
3068241300056200062,38,0,0,0,0,1,1,0,0,2,1,0,1,0,0,0,0,0,0,1,0,0,9,0,0,0,0,1,0,0,0,14,6,0,94,0,0,2,0,0,0,6,0,0,29,4,27,1,0,1,0,1,1,0,0,0,1,0,1,1,1,0,0,0,0,0,0,0,0,0,0,0,0,0,2,1,3,0,0,0,0,8,0,0,0,2,0,1,0,0,9,3,0,0,11,14,65,0,0,0,0,0,0,0,0,0,1,0,0,0,0,0,0,0,1,0,0,1,1,0,9,1,0,1,16,0,3,1,2,2,0,3,0,0,0,0,0,0,0,0,0,0,0,1,0,0,0,0,0,0,0,0,0,0,0,0,0,0,0,0,0,0,0,1,0,0,0,0,0,0,0,0,0,0,0,0,0,0,0,0
3068241300056200064,34,0,0,0,0,0,0,0,0,1,15,0,9,0,0,0,0,0,0,2,0,0,3,0,0,0,0,3,1,0,0,2,0,0,7,0,0,2,0,0,0,6,0,0,2,1,2,1,1,1,0,2,0,0,0,0,0,0,5,1,0,0,0,0,0,0,0,0,0,0,0,0,0,0,3,0,8,0,0,0,0,1,2,0,0,0,0,0,2,0,4,4,0,0,0,1,0,0,0,0,2,7,0,0,2,0,0,1,0,0,0,0,0,0,3,0,0,2,4,0,0,0,2,0,0,0,0,0,9,0,0,0,1,0,0,0,0,0,0,0,0,0,0,0,0,0,0,0,0,0,0,0,0,0,0,0,0,0,0,0,1,0,0,0,0,0,0,0,0,0,0,0,0,0,0,0,0,0,0,0
3068241300056200066,23,0,0,0,4,6,0,0,1,0,9,1,7,0,6,0,0,0,0,1,0,0,7,0,0,0,0,0,0,0,1,1,0,0,8,0,0,2,0,0,0,40,0,1,1,0,5,0,0,21,0,0,0,0,0,1,0,0,2,3,0,0,0,0,1,0,0,0,0,2,2,0,0,2,0,0,13,0,1,0,0,3,0,1,0,2,0,0,0,0,31,4,0,0,2,3,7,1,0,5,1,5,0,0,0,0,0,0,0,0,0,0,1,0,2,0,0,4,4,0,1,0,0,0,5,0,1,0,10,1,0,0,0,0,0,0,0,1,0,1,0,0,0,0,0,0,0,0,0,0,0,0,0,0,1,1,0,0,0,0,0,0,0,0,0,0,0,0,0,0,0,0,0,0,0,0,0,0,0,0
3068241300056200067,26,1,0,1,4,14,1,0,0,0,2,0,0,0,9,0,0,0,0,0,0,1,6,0,0,0,0,2,0,0,1,1,0,1,26,0,0,4,0,0,2,92,0,0,4,2,3,0,0,54,1,0,0,1,0,0,1,0,1,0,2,0,0,0,0,0,0,0,0,4,3,0,0,4,0,0,32,0,0,0,0,7,0,0,0,2,0,0,0,0,31,9,0,0,3,2,3,0,0,7,3,2,2,0,0,0,0,0,0,0,0,0,0,0,2,0,1,2,7,0,0,0,0,0,2,0,0,0,15,0,0,16,0,0,0,1,0,0,0,0,0,0,0,0,0,0,0,0,0,0,0,0,0,0,0,0,0,0,0,1,0,0,0,0,0,0,0,0,0,0,0,0,0,0,0,0,0,0,0,0
3068241300056200070,13,3,0,1,0,0,0,0,0,0,0,0,2,0,0,1,0,1,0,0,0,0,0,0,1,0,0,1,0,0,0,0,0,0,0,0,0,0,0,1,0,2,0,0,0,0,0,1,0,0,0,0,0,0,0,0,0,0,3,3,0,0,0,0,0,0,0,0,0,0,0,0,0,0,5,0,2,0,0,0,0,1,0,1,0,2,0,0,0,1,0,1,0,0,0,0,0,0,0,0,3,0,0,0,0,0,0,2,0,0,0,0,0,0,0,0,0,1,6,0,0,0,0,0,0,0,0,0,1,0,0,0,0,0,0,0,0,0,0,0,0,0,0,0,0,0,0,0,0,0,0,0,0,0,0,0,0,0,0,1,0,0,0,0,0,0,0,0,0,0,0,0,0,0,0,0,0,0,0,0
3068241300056200073,25,1,0,0,0,2,0,0,0,0,2,0,4,0,0,0,0,0,0,0,0,0,0,0,0,0,0,4,0,0,0,0,0,0,0,0,0,0,0,0,0,2,0,0,0,0,0,9,1,4,0,0,0,0,1,0,1,0,1,2,0,0,0,0,0,0,0,0,0,0,0,0,0,0,1,0,2,1,0,0,0,0,1,0,0,0,0,0,0,0,2,2,0,0,0,1,0,0,0,0,4,2,0,0,0,0,0,1,0,0,0,0,0,0,2,0,0,0,1,0,0,0,0,0,0,0,0,0,1,0,0,0,0,0,0,0,0,0,0,1,0,0,0,0,0,0,0,0,0,0,0,0,0,0,0,0,0,0,0,0,0,0,0,0,0,0,0,0,0,0,0,0,0,0,0,0,0,0,0,0
3068241300056200075,113,0,0,1,0,2,1,0,0,1,28,2,19,0,2,0,0,1,1,1,0,0,10,2,1,0,0,3,0,0,1,1,0,0,6,0,0,6,0,0,2,30,0,0,0,4,8,6,10,15,0,1,1,0,1,0,0,0,17,5,8,0,0,0,6,0,0,0,1,2,0,0,0,0,2,0,30,0,0,1,2,7,11,2,0,0,0,0,1,0,27,13,0,0,2,0,2,0,0,0,5,23,5,1,2,0,0,0,0,0,1,0,1,0,2,0,1,4,12,0,2,1,2,1,3,1,0,0,5,1,0,1,0,0,0,0,0,0,0,0,0,0,0,1,0,0,0,0,0,0,0,0,0,1,0,0,0,1,0,0,0,0,0,0,0,0,0,0,0,0,0,0,0,1,0,0,1,0,0,0
3068241300056200077,23,0,0,0,0,0,0,0,1,1,0,0,2,1,0,6,0,1,0,14,9,0,3,0,3,1,1,105,0,0,0,0,0,0,6,0,0,2,0,0,0,1,0,0,0,3,4,0,1,0,0,1,0,0,0,0,1,0,1,2,0,0,0,0,2,0,0,0,2,0,0,0,0,0,1,0,2,0,0,2,0,1,1,0,0,0,0,0,0,0,3,3,0,0,1,0,0,0,0,0,95,2,0,0,0,0,1,0,0,1,1,0,0,0,0,1,0,7,2,0,0,0,0,0,1,0,0,0,0,0,0,1,0,0,0,0,0,0,1,0,0,0,0,0,0,0,0,0,0,0,1,0,0,1,1,0,0,0,0,0,1,0,0,0,0,0,0,0,0,0,0,0,0,0,0,0,0,1,0,0
3068241300056200080,55,13,0,0,0,1,1,0,1,1,0,0,3,1,0,4,0,1,0,5,7,0,6,1,2,0,0,11,0,0,1,0,1,0,2,0,0,1,0,0,0,2,0,1,0,0,6,19,0,0,0,0,1,0,0,0,1,0,1,18,0,0,0,0,3,0,0,0,2,1,0,0,0,0,18,0,1,0,0,2,0,0,1,1,2,1,0,2,0,1,7,4,1,0,2,0,1,0,0,1,14,2,1,0,0,0,0,1,0,0,0,0,0,0,0,1,0,3,27,0,2,0,0,1,2,1,0,0,2,0,0,3,1,0,0,0,0,0,0,0,0,0,0,0,0,0,0,0,0,0,0,0,0,0,0,0,1,1,0,0,0,0,0,0,0,0,0,0,0,0,0,1,0,0,0,0,1,0,0,0
3068241300056200083,33,0,0,0,1,0,0,0,1,2,0,0,2,0,0,0,1,0,0,2,2,0,10,1,0,10,0,2,0,0,5,1,0,0,3,0,0,0,0,5,1,1,0,5,1,4,3,2,2,0,0,0,0,0,0,1,2,0,13,10,1,0,0,0,1,0,0,0,1,0,1,1,0,0,0,0,2,0,0,0,0,1,0,6,0,4,0,0,0,0,6,8,0,1,5,0,2,0,0,2,3,0,0,0,1,0,0,0,0,0,0,0,1,0,0,0,0,0,1,0,0,0,0,0,2,0,0,1,0,0,0,0,0,0,1,0,0,0,0,0,0,0,0,0,0,0,0,0,0,0,1,0,0,0,0,0,0,0,0,0,1,0,0,0,0,0,0,0,0,0,0,0,0,0,0,0,0,0,0,0
3068241300056200084,146,0,0,1,3,1,4,0,1,10,39,0,40,0,0,0,0,2,0,1,0,0,6,2,0,0,0,0,1,0,0,4,0,0,3,0,0,6,0,0,1,49,0,0,0,1,8,5,12,15,0,0,0,0,0,0,1,0,29,2,2,0,0,0,1,1,0,0,0,1,0,2,0,0,1,0,25,1,0,0,0,9,12,0,0,2,0,1,2,0,9,11,0,2,2,0,1,0,1,0,0,9,7,0,0,2,0,3,1,0,1,0,0,1,11,0,0,0,24,0,0,1,0,2,3,0,0,0,16,0,0,3,0,0,0,0,0,0,0,0,0,0,0,0,0,0,0,0,0,0,0,0,0,0,0,0,1,1,0,1,1,0,0,2,0,0,0,1,0,0,0,0,0,1,0,0,0,0,0,0
3068241300056200085,22,0,0,2,5,6,1,0,0,1,4,0,4,0,7,0,0,0,0,0,0,0,5,0,0,1,0,0,0,0,0,0,1,0,9,0,0,2,0,0,1,58,0,0,1,0,15,0,0,33,1,0,0,1,0,0,2,0,0,1,1,0,0,0,0,0,0,0,0,5,1,1,0,0,1,0,18,0,0,0,0,3,0,0,0,0,0,0,0,0,31,5,1,1,4,1,11,0,0,3,1,0,1,0,0,0,0,0,0,2,0,0,0,0,2,0,0,1,5,0,3,0,0,0,6,0,1,0,10,0,0,5,0,0,0,0,0,0,0,0,0,0,0,0,0,0,0,0,0,0,0,0,0,0,0,0,0,0,0,0,0,0,0,0,0,0,0,0,0,0,0,0,0,0,0,0,0,0,0,0
3068241300056200086,78,0,0,1,0,0,0,0,0,2,30,0,29,0,1,0,0,0,0,1,2,0,2,1,0,0,0,0,0,0,0,2,0,0,3,0,0,5,0,0,0,29,0,0,0,1,5,3,3,11,0,1,0,0,1,0,1,0,12,1,5,0,0,0,2,0,0,0,1,1,1,0,0,0,0,0,24,0,0,0,0,10,2,1,0,2,0,0,0,0,5,4,0,0,1,0,1,1,0,0,0,10,2,0,1,0,0,0,0,0,0,0,0,0,5,0,0,3,10,0,2,1,0,0,2,0,0,0,12,0,0,2,0,0,0,0,0,1,0,1,0,0,0,0,0,0,0,0,0,1,0,0,0,0,0,0,0,0,1,0,0,0,0,1,0,0,0,0,0,0,0,0,0,0,0,0,0,0,0,0
3068241300056200089,110,0,0,0,0,0,2,0,0,2,8,0,4,0,0,0,2,0,0,0,1,1,9,0,0,6,0,3,0,1,4,0,0,0,1,0,0,2,0,4,3,3,0,0,0,7,6,0,1,0,0,2,0,0,0,0,0,0,10,27,1,0,0,0,2,0,0,0,0,1,0,0,0,0,0,0,8,1,0,0,1,0,3,23,0,2,0,0,1,0,14,15,0,0,2,1,18,0,0,0,3,5,0,0,1,0,0,0,2,0,1,0,0,0,0,0,0,1,4,0,1,0,1,2,0,3,2,0,1,1,0,0,0,0,0,0,0,0,0,1,0,0,0,0,0,0,0,0,0,1,0,0,0,0,0,0,0,0,0,0,0,1,0,0,0,0,0,0,0,0,0,0,0,0,0,0,0,0,0,1
3068241300056200090,29,0,0,0,0,0,0,0,0,1,1,0,1,0,0,3,0,0,0,8,7,0,0,1,3,0,0,116,0,1,0,0,0,0,0,1,0,0,2,0,0,1,0,0,0,0,5,0,2,0,0,0,0,0,0,0,0,0,0,0,0,0,0,0,1,0,0,0,4,1,0,0,0,0,0,0,0,1,0,3,0,1,1,1,0,0,0,1,0,0,8,2,0,0,0,0,1,0,0,0,90,0,0,0,0,0,0,0,0,0,0,0,0,0,1,0,0,4,2,0,0,0,0,0,0,0,0,0,0,0,0,0,0,0,0,0,0,0,1,0,0,0,0,0,0,0,0,0,0,1,0,0,0,0,0,0,0,0,0,0,0,0,0,0,0,0,0,1,0,0,0,1,0,0,0,0,0,0,0,0
3068241300056200094,55,0,0,4,0,0,1,0,4,2,1,0,1,0,0,0,0,0,0,0,0,0,0,1,0,0,0,0,1,1,1,0,5,3,0,0,0,1,0,0,0,2,0,0,0,0,8,0,0,2,0,0,1,0,0,5,0,0,1,1,0,0,0,0,0,0,0,0,0,1,0,1,0,0,93,0,1,0,0,0,0,0,0,0,0,0,0,6,1,2,3,1,0,0,0,0,0,1,0,0,3,0,1,0,0,0,0,0,0,0,0,0,0,1,1,0,0,0,4,0,0,0,0,2,0,0,0,1,2,0,1,0,0,0,0,0,0,0,0,0,0,0,0,0,0,0,0,0,0,0,0,0,0,0,0,0,0,1,0,0,0,0,0,0,0,0,0,0,0,0,0,0,0,0,0,0,0,0,0,0
3068241300056200096,22,0,0,2,5,7,2,0,0,1,1,0,3,0,6,0,0,1,0,0,0,0,6,0,0,0,0,0,0,0,0,0,1,0,15,0,0,1,0,0,0,63,0,0,0,0,3,0,0,24,1,1,0,0,0,1,1,0,0,2,0,0,0,0,1,0,0,0,1,3,0,0,0,0,2,0,15,0,1,0,0,5,0,1,0,1,0,0,1,0,30,2,0,0,2,0,0,0,0,5,2,0,1,0,0,0,0,1,0,0,0,0,0,0,0,0,0,0,2,0,1,0,1,0,1,0,0,0,14,1,0,6,0,0,0,0,0,0,0,0,0,0,0,0,0,0,0,1,0,0,0,0,0,1,0,1,0,0,0,0,0,0,0,0,0,0,0,0,0,0,0,0,0,0,0,0,0,1,0,1
3068241300056200097,72,1,0,0,0,8,0,0,0,5,26,1,27,0,1,0,0,0,0,0,0,2,2,0,0,0,0,2,0,0,1,0,0,0,7,0,0,9,0,0,2,43,0,0,0,1,1,7,0,8,0,1,0,0,0,1,2,1,12,1,1,0,0,0,1,0,0,0,0,1,0,1,0,0,1,1,19,0,1,0,0,8,4,1,0,7,0,0,2,1,10,8,0,1,0,0,0,0,0,0,3,9,1,0,0,0,0,0,0,0,0,0,0,0,7,0,0,0,7,0,0,0,1,0,2,0,0,0,13,0,0,0,0,0,0,0,0,0,0,1,1,0,0,0,0,0,0,0,0,0,0,0,0,0,0,0,0,0,0,1,0,0,0,0,0,0,0,0,0,1,0,0,0,0,0,0,0,0,0,0
3068241300056200098,58,0,0,1,0,0,0,0,0,0,2,1,1,0,0,1,0,0,0,0,2,0,0,0,0,0,0,1,0,0,0,0,0,1,0,0,0,0,0,0,0,0,0,0,1,2,8,1,0,1,0,0,0,0,0,1,1,0,0,1,0,0,0,0,1,0,0,0,0,0,0,0,0,0,91,0,0,0,0,0,0,0,0,0,0,0,0,1,0,1,0,3,1,1,0,0,0,0,0,1,7,0,1,0,0,0,0,0,0,0,1,0,2,0,0,0,0,2,2,0,0,0,0,1,0,0,0,0,1,3,2,0,0,0,0,0,0,0,0,0,0,0,0,1,0,0,0,0,0,0,0,0,0,0,0,0,0,0,0,0,0,0,0,0,0,0,0,0,0,0,0,0,0,0,0,0,0,0,0,0
3068241300056200102,25,0,0,1,0,1,0,0,1,2,0,0,1,0,0,15,0,0,2,7,18,1,1,2,9,0,1,124,1,0,0,0,0,0,2,1,0,2,0,0,0,1,0,0,0,0,9,1,0,0,0,0,0,0,0,0,2,0,0,4,0,0,0,0,2,0,0,0,5,0,0,1,0,0,0,0,0,0,0,1,0,0,0,0,0,0,0,0,0,0,19,3,0,1,2,1,0,0,1,0,108,0,0,0,1,0,0,0,0,0,0,0,0,0,1,0,1,7,1,0,0,0,0,0,1,0,0,0,1,1,0,0,0,0,0,0,0,0,0,0,0,0,0,0,0,0,0,0,0,0,0,0,0,0,0,0,0,0,0,0,3,0,0,2,0,0,0,0,1,0,0,0,0,0,2,0,0,0,0,0
3068241300056200105,69,0,0,0,1,0,0,0,0,2,32,0,20,0,0,0,0,0,0,0,0,0,5,0,0,0,0,1,3,0,0,2,0,0,0,0,2,7,0,0,0,26,0,0,0,3,6,4,5,4,0,1,0,0,0,0,0,0,13,1,4,0,0,0,3,0,0,0,0,0,0,0,0,0,0,0,11,1,0,0,0,4,5,0,0,3,0,0,2,0,4,2,0,0,1,0,0,0,0,0,0,5,2,0,0,0,0,0,2,0,0,0,2,0,3,0,0,2,9,0,0,0,0,0,5,0,0,1,7,0,1,0,0,0,0,0,0,0,0,0,0,0,0,0,0,0,0,0,0,0,0,0,0,0,0,1,0,0,0,0,0,0,0,0,0,0,0,0,0,0,0,0,0,0,0,0,0,0,0,1
3068241300056200108,73,1,0,1,0,0,0,0,0,1,0,1,0,0,0,0,1,0,0,0,0,0,1,1,1,4,0,1,0,0,1,1,0,0,1,0,0,0,0,2,10,0,0,3,0,1,8,1,0,0,0,3,0,0,0,0,1,0,13,24,0,0,0,0,0,2,0,0,0,1,1,0,0,0,1,1,0,0,0,0,0,0,0,34,0,2,1,0,0,0,8,16,0,1,2,4,5,0,0,1,1,0,0,0,0,0,0,0,0,1,1,0,1,1,0,0,0,2,2,0,0,0,0,2,1,1,6,0,1,0,0,0,0,0,0,0,0,0,0,0,0,0,0,0,0,0,0,0,0,0,0,0,0,0,0,0,1,1,0,0,0,0,0,0,0,0,0,0,0,0,0,0,0,0,0,0,0,0,0,0
3068241300056200109,41,1,0,1,0,0,0,0,4,0,0,0,1,0,1,18,0,0,0,0,14,0,3,1,4,0,0,10,0,3,0,3,0,5,0,1,0,0,0,1,2,2,0,1,0,2,3,3,0,0,0,0,0,5,0,0,0,0,0,3,0,0,0,0,6,0,0,1,2,1,0,1,0,0,1,0,1,1,1,2,0,0,1,0,12,3,0,1,0,1,6,6,0,1,2,0,1,0,1,1,8,1,6,0,0,0,0,0,0,0,4,0,2,0,0,0,0,1,13,0,0,0,0,1,2,0,0,0,0,0,0,0,0,0,0,0,0,0,0,0,0,0,0,0,0,0,0,0,0,0,0,0,0,0,0,0,0,0,0,0,0,0,0,0,0,1,0,0,0,0,0,0,0,0,1,0,0,0,0,1
3068241300056200113,77,1,0,1,0,0,4,2,0,5,0,0,0,0,0,0,5,2,0,1,0,2,5,1,0,9,0,3,0,0,9,0,0,0,0,0,0,1,1,15,2,2,0,0,1,13,4,0,0,0,0,2,0,0,0,0,0,0,5,23,0,0,0,0,2,0,0,0,1,0,0,1,0,0,3,1,2,0,0,0,1,0,0,37,0,4,0,0,0,0,25,18,0,0,3,1,26,0,0,6,2,0,0,1,0,0,0,1,0,0,0,0,0,0,0,0,0,0,0,0,0,0,1,0,2,0,4,2,0,0,0,0,0,0,0,0,0,0,0,0,0,0,0,0,0,0,0,0,0,0,0,0,0,0,1,0,0,1,0,0,0,0,0,0,0,0,0,0,0,0,0,0,0,0,0,0,1,0,0,0
3068241300056200114,63,0,0,1,3,14,1,0,0,1,8,1,9,0,2,0,0,1,0,1,1,0,12,0,0,0,0,1,0,0,0,1,1,0,15,1,0,6,0,0,2,49,0,1,0,4,3,1,1,32,1,1,1,0,0,1,3,0,2,4,1,0,0,0,2,0,0,0,0,5,1,0,0,0,4,0,17,0,0,1,0,8,0,5,0,2,0,0,0,0,39,3,0,1,1,1,4,0,0,1,2,2,0,0,0,0,0,1,0,0,0,0,0,0,2,0,0,0,2,0,0,0,2,1,6,0,2,0,25,0,0,4,0,0,0,1,0,0,0,1,1,0,0,0,0,0,0,0,0,3,0,0,0,0,0,0,0,1,0,0,0,0,0,0,0,0,0,0,0,0,0,0,0,0,0,0,0,1,0,0
3068241300056200115,98,0,0,2,0,0,0,1,1,2,37,0,38,0,0,0,0,0,1,0,0,0,13,5,0,0,0,2,1,1,2,8,0,0,0,0,1,17,0,0,0,27,0,0,1,7,4,3,11,11,0,1,0,1,0,0,0,1,16,3,2,0,0,0,0,0,0,0,0,2,1,1,0,0,3,0,23,0,0,2,0,10,3,0,1,2,0,0,1,0,6,6,0,0,2,0,0,0,0,0,1,13,7,0,0,0,0,0,1,0,0,0,1,0,1,0,0,1,16,0,1,1,0,1,0,0,1,0,11,0,0,0,0,0,0,0,0,0,0,0,0,0,1,0,0,0,0,0,0,0,0,0,0,0,0,0,0,0,0,0,0,0,0,0,0,0,0,0,0,0,0,0,0,0,0,0,0,0,0,0
3068241300056200116,52,0,0,0,0,0,0,0,0,0,1,0,0,0,0,0,2,1,1,1,1,0,2,0,0,4,0,3,1,1,1,2,0,0,0,0,0,0,0,6,6,1,0,1,0,8,2,0,1,2,0,3,0,0,0,0,0,0,24,30,0,0,1,0,3,0,0,0,0,2,0,0,0,0,0,0,1,0,0,0,0,0,0,37,0,2,0,2,0,0,9,11,0,2,1,3,3,0,0,3,0,1,1,1,1,0,0,0,0,0,1,0,0,0,0,0,0,0,0,0,0,0,0,0,0,0,5,0,0,1,0,0,0,0,0,0,0,0,0,0,1,0,0,0,0,0,0,0,0,0,0,0,0,0,0,0,0,0,0,0,0,0,0,0,0,0,0,1,0,0,0,0,0,0,0,0,0,0,0,0
3068241300056200117,62,0,0,0,0,0,0,0,0,1,17,0,18,0,1,0,0,2,0,0,0,0,1,0,0,0,0,0,1,0,1,2,0,1,3,0,0,8,0,0,0,27,0,1,0,0,4,1,1,1,0,0,0,0,0,0,0,0,8,0,0,0,0,0,1,0,0,0,0,2,1,0,0,0,0,0,7,0,0,0,0,4,3,0,0,2,1,0,2,1,2,5,1,2,1,1,0,0,0,0,0,5,3,0,0,0,0,1,1,0,0,0,0,0,2,0,0,0,16,0,0,0,0,1,0,0,0,0,10,0,0,0,0,0,0,0,0,0,0,0,0,0,0,0,0,0,0,0,0,0,0,0,0,0,0,0,0,0,0,0,0,0,0,0,0,0,0,0,0,0,0,0,0,0,0,0,0,0,0,0
3068241300056200120,86,1,1,0,1,0,0,0,5,0,13,0,0,1,14,1,0,1,0,8,3,1,1,1,0,8,0,38,0,12,1,0,0,3,2,0,0,4,0,0,0,1,0,0,0,2,13,0,0,2,0,1,1,10,1,1,0,0,3,10,1,0,1,0,19,0,0,9,2,0,1,0,0,0,19,0,6,0,0,3,0,0,0,0,15,0,0,15,0,2,18,6,0,0,1,2,1,4,0,0,31,1,21,4,2,0,0,0,0,1,0,1,61,0,1,0,0,2,5,0,0,1,0,12,7,0,2,0,0,0,18,0,0,0,0,0,0,0,0,0,0,0,0,0,0,0,1,0,0,0,0,0,0,2,0,0,0,0,0,0,1,0,1,1,0,0,0,0,1,1,0,0,0,0,0,0,0,0,0,0
3068241300056200121,35,0,0,1,0,0,0,0,4,0,0,0,0,0,0,14,0,0,0,0,13,1,2,0,3,0,0,14,0,0,2,0,1,0,2,0,0,1,0,1,3,0,0,3,0,0,7,4,0,0,0,0,0,2,0,1,0,0,1,1,0,0,1,0,6,0,0,3,3,0,0,0,0,0,2,0,2,0,0,1,0,0,0,0,9,1,0,1,1,0,9,20,0,0,1,2,0,1,1,2,22,0,6,0,0,0,0,1,0,0,3,0,0,0,1,0,0,6,4,0,0,1,0,0,4,0,0,0,0,0,0,0,0,1,0,0,0,0,0,0,0,0,0,0,0,0,0,0,0,1,1,0,0,0,0,0,0,0,1,1,1,0,0,0,0,0,0,0,0,0,0,0,0,0,0,0,0,0,0,1
3068241300056200123,98,0,0,0,0,0,1,0,1,1,18,0,28,0,0,0,0,2,0,1,0,0,7,1,0,1,0,3,0,4,0,2,0,0,1,0,0,11,0,0,0,31,0,0,0,10,3,1,7,5,0,0,0,2,0,0,4,0,15,0,6,0,0,0,4,0,0,1,0,0,0,0,0,0,3,0,16,0,0,0,0,5,7,0,6,3,0,1,2,0,14,10,0,0,2,0,0,1,0,0,3,9,6,0,0,0,0,0,4,0,1,2,10,0,2,0,0,1,15,0,0,0,0,4,0,0,0,0,12,1,1,0,0,0,1,0,0,0,0,0,0,0,0,0,0,1,0,0,0,0,0,1,0,0,0,0,0,0,0,0,0,0,0,0,0,0,0,0,0,0,0,0,0,0,0,0,0,0,0,0
3068241300056200124,144,1,0,0,0,1,1,1,0,3,1,0,0,0,0,0,1,1,0,1,1,4,7,0,0,11,0,1,0,0,1,0,2,0,3,0,0,0,0,12,5,2,0,0,0,12,4,2,0,1,0,4,0,0,0,0,0,1,9,50,1,0,1,0,7,0,0,0,1,1,0,1,0,0,1,0,2,0,1,0,0,0,0,53,0,5,0,0,0,0,25,21,0,0,5,11,45,0,0,3,3,1,0,0,0,0,0,0,0,0,1,0,1,0,2,0,0,2,2,0,0,0,0,2,0,0,9,1,2,0,0,0,0,0,0,0,0,0,0,0,0,0,0,0,0,0,0,0,0,0,0,1,0,0,0,0,0,2,0,0,0,0,0,0,0,0,0,0,0,0,0,0,0,0,0,0,0,0,0,0
3068241300056200133,94,0,0,1,0,0,0,0,0,3,36,2,22,0,0,0,0,0,0,0,0,0,11,3,0,0,0,4,0,1,0,1,0,0,4,0,0,6,0,1,0,12,0,0,2,0,2,5,11,3,0,1,0,1,1,0,2,0,6,5,4,0,0,0,2,0,0,0,0,1,1,0,0,0,1,0,28,0,0,0,1,8,7,0,0,5,0,0,0,0,10,7,0,0,0,0,0,0,0,0,4,24,1,0,2,0,0,5,1,0,0,1,1,0,5,0,0,3,11,0,0,2,0,0,1,0,0,0,7,0,0,0,0,0,0,0,0,0,0,0,0,0,0,0,0,0,0,0,0,0,1,0,0,0,0,1,0,1,1,0,0,0,0,0,0,0,0,0,0,0,0,0,0,0,0,0,0,0,0,0
3068241300056200134,121,1,0,1,0,4,1,0,0,5,0,1,1,0,0,0,4,0,0,1,2,4,5,0,0,8,0,4,0,0,10,0,0,0,1,0,0,1,0,15,7,2,0,0,1,17,9,3,0,0,0,0,0,0,0,0,1,0,6,37,0,0,0,0,4,0,0,0,1,1,1,0,0,0,0,0,2,0,0,0,0,1,1,42,0,9,0,1,0,0,18,21,0,1,7,2,24,0,0,2,9,1,0,3,1,0,0,0,0,0,0,0,0,0,0,0,0,3,3,0,0,2,1,1,5,1,1,1,4,2,0,0,0,0,0,0,0,0,0,0,0,0,0,0,0,0,0,0,0,0,0,0,0,1,0,0,0,0,1,0,1,0,0,0,0,0,0,0,0,0,0,0,0,0,0,0,0,0,0,0
3068241300056200136,104,0,0,0,0,0,0,1,1,4,30,1,32,0,0,0,0,0,0,3,1,0,12,2,0,0,0,21,0,0,0,2,3,0,7,0,0,20,0,0,1,50,0,0,1,7,5,9,9,4,0,4,1,0,0,0,3,0,7,10,13,0,0,0,3,0,1,0,1,0,1,0,0,0,0,1,35,0,2,2,0,9,13,1,0,6,0,1,5,0,13,17,0,0,3,1,1,0,0,0,20,23,2,0,1,1,0,3,2,1,0,0,0,0,7,0,0,10,20,0,0,1,0,1,1,2,4,0,16,0,2,0,0,0,1,0,0,0,0,0,0,0,1,0,0,0,0,1,0,0,0,0,0,0,0,0,0,0,1,0,2,0,0,1,0,0,0,0,0,1,0,0,0,1,0,0,0,0,0,0
3068241300056200138,7,0,0,0,0,0,0,0,0,0,0,0,0,0,0,3,0,0,0,1,0,0,0,0,0,0,0,47,0,0,0,0,0,0,0,0,0,0,0,0,0,1,0,0,0,0,4,0,0,0,0,0,0,0,0,0,0,0,0,0,0,0,0,0,0,0,0,0,0,0,0,0,0,0,0,0,0,0,0,0,0,0,0,0,0,0,0,0,0,0,2,0,0,0,0,0,0,0,0,0,44,0,0,0,0,0,0,0,0,0,0,0,0,0,0,0,0,0,0,0,0,0,0,0,0,0,0,0,0,0,0,0,1,0,0,0,0,0,1,0,0,0,0,0,0,0,0,0,0,0,0,0,0,0,0,0,0,0,0,0,0,0,0,0,0,0,0,0,0,0,0,0,0,0,0,0,0,0,0,0
3068241300056200140,74,0,0,1,0,0,1,0,0,4,20,1,17,0,0,1,0,0,1,10,0,0,10,0,2,0,0,88,1,0,1,2,1,0,3,0,1,6,1,0,0,32,0,0,0,3,1,5,2,3,0,4,2,0,0,0,0,0,4,10,5,0,0,0,2,0,0,0,0,0,1,1,0,1,0,0,23,0,0,3,0,7,4,1,1,6,0,0,0,0,10,14,1,0,11,0,0,0,0,0,78,11,2,0,0,0,0,0,1,0,0,0,0,1,4,1,0,14,9,0,0,1,1,1,5,0,4,1,12,0,0,0,0,0,0,0,0,0,1,0,1,0,0,0,0,0,0,0,0,0,0,1,0,0,0,0,0,0,0,1,1,0,0,0,0,0,0,0,0,0,0,1,0,0,0,1,0,0,0,0
3068241300056200141,28,0,0,1,0,0,0,0,1,0,1,0,1,0,1,6,0,0,1,6,4,0,0,1,4,0,1,152,1,0,0,0,1,0,1,0,0,2,1,1,0,2,0,0,0,0,1,0,0,0,0,0,0,0,0,0,0,0,0,1,2,0,1,0,0,0,0,0,3,0,0,2,0,1,2,0,1,0,0,0,0,0,1,0,0,0,0,0,0,0,8,0,0,0,2,0,0,0,0,0,122,1,1,0,0,0,0,0,0,0,1,0,2,0,0,0,0,9,2,0,0,1,0,1,0,0,2,0,2,0,1,0,0,0,0,0,0,1,0,0,0,0,0,0,0,0,0,0,0,0,0,0,0,0,0,0,0,0,0,0,2,0,0,0,1,0,0,0,0,0,0,0,0,0,0,0,0,0,0,0
3068241300056200144,49,0,0,0,0,0,0,0,1,1,1,0,4,0,0,7,0,0,0,14,10,0,3,0,5,1,0,179,0,1,0,0,0,0,3,0,0,2,0,0,2,6,0,0,0,2,10,0,2,0,0,0,0,0,0,0,0,0,9,12,5,1,1,0,1,0,0,0,4,1,1,0,0,0,1,0,6,0,0,3,1,0,0,0,0,7,0,2,4,0,13,5,0,0,7,0,0,0,0,0,134,2,1,0,0,0,0,0,1,0,0,0,1,0,1,0,1,20,4,0,0,0,0,0,4,0,2,0,4,0,0,1,0,0,0,0,0,0,0,1,0,0,0,0,0,0,0,0,0,0,0,0,0,1,1,0,0,0,0,0,0,1,0,0,1,0,1,0,0,0,0,0,1,0,0,0,0,0,0,0
3068241300056200146,1,0,0,0,0,0,0,0,0,0,0,0,0,0,0,9,0,0,0,2,3,0,0,0,2,0,0,30,0,0,0,0,0,0,0,0,0,0,1,0,0,0,0,0,0,0,4,0,0,0,0,0,0,0,0,0,0,0,0,0,0,0,0,0,0,0,0,0,2,0,0,0,0,0,0,0,0,0,0,0,0,0,1,1,0,1,0,0,0,0,2,1,0,0,0,0,0,0,0,0,28,0,0,0,0,0,0,0,0,0,0,0,0,0,0,0,0,2,0,0,0,0,0,0,0,0,0,0,0,0,0,0,0,0,0,0,0,0,0,0,0,0,0,0,0,0,0,0,0,0,0,0,0,0,0,0,0,0,0,0,2,0,0,0,0,0,0,0,0,0,0,0,0,0,0,0,0,0,0,0
3068241300056200148,17,0,0,0,0,1,0,0,0,0,0,0,0,0,0,7,0,1,0,14,5,0,2,1,3,2,2,144,0,0,0,0,1,0,3,1,0,4,1,0,0,1,0,0,0,0,6,0,1,0,0,0,0,0,0,0,0,0,3,2,0,0,1,0,1,0,0,1,6,0,1,0,0,0,0,0,4,0,0,2,0,0,0,0,0,0,0,0,0,0,4,3,0,0,6,0,0,0,0,0,121,1,1,0,0,0,0,0,0,0,1,0,0,0,1,0,0,9,1,0,0,0,0,0,0,0,0,0,2,1,0,0,0,0,0,0,0,0,1,0,0,0,0,0,0,0,0,0,0,0,0,0,0,0,0,0,0,1,0,0,1,0,0,0,0,0,0,0,0,0,0,0,0,1,0,1,0,0,0,0
3068241300057100003,47,3,0,1,0,0,1,0,0,0,0,0,0,0,1,6,0,0,0,26,10,0,0,3,3,0,0,16,0,0,0,2,1,0,3,0,0,0,0,0,0,0,0,0,2,0,7,11,0,0,0,0,0,0,0,0,2,0,5,2,0,0,0,0,2,3,0,0,6,1,0,0,0,0,0,0,2,1,0,3,0,0,0,0,0,0,0,0,0,2,21,0,0,0,0,0,0,0,0,0,8,0,0,0,0,0,0,0,0,0,0,0,1,0,1,0,0,34,55,0,0,0,0,0,1,2,0,1,1,0,1,0,0,0,0,0,1,0,0,0,0,0,0,0,0,0,0,0,0,2,0,0,0,0,0,0,0,1,0,0,0,0,0,1,0,0,0,0,0,0,0,0,0,0,0,0,0,0,0,0
3068241300057100004,31,3,0,0,0,0,0,0,0,0,0,0,0,0,0,2,0,0,0,3,1,0,0,1,5,0,0,4,0,0,0,0,1,0,0,0,0,1,0,0,0,0,0,0,0,0,1,4,0,0,0,0,0,0,0,0,3,0,1,0,1,0,0,0,0,0,0,0,0,2,0,0,0,0,0,0,0,0,0,0,0,0,0,0,0,0,0,0,0,1,0,0,0,0,0,0,0,0,0,0,8,0,0,0,0,0,0,0,0,0,0,0,0,0,0,0,0,2,34,0,0,0,0,0,0,1,0,0,1,0,0,0,0,0,0,0,0,0,0,0,0,1,0,0,0,0,0,0,0,0,0,0,0,0,0,0,0,0,0,0,0,0,0,0,0,0,0,0,0,0,0,0,0,0,0,0,0,0,0,0
3068241300057100005,9,1,0,0,0,0,0,0,0,0,0,0,0,1,0,0,0,0,0,1,0,0,0,0,0,0,0,0,0,0,0,1,0,0,0,0,0,0,0,0,0,0,0,0,0,0,0,1,0,0,0,0,0,0,0,0,1,0,1,0,0,1,0,0,0,0,0,0,0,0,0,0,0,0,0,0,0,0,0,0,0,0,0,0,0,0,0,0,0,0,0,0,0,0,0,0,0,0,0,0,0,0,0,0,0,0,0,0,0,0,0,0,0,0,1,0,0,1,14,0,0,0,0,0,1,0,0,0,1,0,0,0,0,0,0,0,0,0,0,0,0,0,0,0,0,0,0,0,0,0,0,0,0,0,0,0,0,0,0,0,0,0,0,0,0,0,0,0,0,0,0,0,0,0,0,0,0,0,0,0
3068241300057100006,15,2,0,0,0,0,0,0,0,0,0,0,0,0,0,4,0,0,0,3,1,1,0,1,0,0,0,5,0,0,0,0,0,1,0,0,1,0,0,0,0,0,0,0,0,0,0,6,0,1,0,0,0,0,0,0,1,0,0,0,0,0,1,0,0,0,0,0,2,1,0,0,0,0,0,0,0,0,0,0,0,2,0,0,0,0,0,0,0,0,2,0,0,0,0,0,0,0,0,0,5,0,0,0,0,0,0,0,0,0,0,0,0,0,0,0,0,7,31,0,0,0,0,1,1,0,0,1,0,0,0,0,0,0,0,0,0,0,0,0,0,0,0,0,0,0,0,0,0,0,0,0,0,0,0,0,0,0,0,0,0,0,0,0,0,0,0,0,0,0,0,0,1,0,0,0,0,0,0,1
3068241300057100009,52,7,0,1,0,0,0,0,0,0,0,0,0,0,0,6,0,1,0,7,4,0,0,2,3,0,0,12,0,0,0,2,4,0,2,0,0,0,0,0,1,0,0,0,0,2,8,9,0,0,0,0,0,0,0,0,1,0,5,1,0,0,0,0,1,4,0,0,5,8,1,1,0,0,0,0,2,0,0,3,0,1,0,0,0,0,0,0,0,1,9,0,0,0,3,0,0,0,0,0,18,0,1,0,0,0,0,0,0,1,0,0,0,0,2,0,0,27,61,0,0,1,0,0,0,2,0,0,2,0,0,0,0,0,0,0,0,0,0,0,0,0,0,0,0,0,0,0,0,0,0,0,1,0,0,0,0,0,0,0,0,0,0,0,0,0,0,0,0,0,0,0,0,0,0,0,0,0,0,0
3068241300057100010,54,13,0,1,0,1,1,0,0,1,0,0,1,0,0,3,1,0,0,13,2,0,2,3,6,0,0,30,0,0,0,5,5,0,2,0,0,4,0,0,7,1,0,0,0,1,14,21,0,1,0,0,0,0,0,0,1,0,11,3,1,0,0,0,1,1,0,0,4,4,0,0,0,0,0,0,1,0,0,4,0,1,0,0,0,0,0,1,0,1,13,0,0,0,2,3,0,0,0,0,17,0,0,0,0,0,0,0,0,0,0,0,0,0,1,1,0,32,104,0,0,0,0,0,3,0,0,0,1,0,0,0,0,0,1,0,0,0,0,0,0,0,0,0,0,0,0,0,0,1,0,0,0,0,0,0,0,0,0,0,0,1,0,0,0,0,0,0,0,0,0,0,0,0,0,0,0,0,0,1
3068241300057100012,33,11,0,1,0,1,0,0,0,1,0,0,0,0,0,12,0,0,0,20,13,0,0,2,6,0,0,42,1,0,0,1,1,0,0,1,0,1,0,0,1,1,0,0,1,2,14,15,0,0,0,0,0,0,0,0,3,0,4,2,1,0,0,0,1,0,0,0,3,3,0,0,0,1,2,0,2,0,0,0,1,0,0,0,0,0,0,1,0,2,7,0,0,0,0,0,1,0,0,0,29,0,1,0,0,1,0,1,0,1,0,0,0,1,0,0,0,14,81,0,0,0,0,0,1,2,0,1,0,0,0,0,0,0,0,0,0,0,0,0,2,1,0,0,0,0,2,0,0,1,0,0,0,0,0,0,0,0,0,0,3,0,0,0,0,0,0,0,0,0,0,0,0,0,0,0,0,0,0,0
3068241300057100018,35,7,0,11,0,0,0,0,0,2,0,0,0,0,0,5,0,1,0,15,9,1,2,1,3,0,0,17,1,0,0,0,0,0,3,0,0,1,0,0,2,2,1,1,0,0,13,24,0,0,0,0,0,0,1,1,5,1,9,5,1,0,0,0,2,0,0,0,4,4,1,0,0,0,0,0,0,0,0,1,0,0,0,0,0,0,0,1,1,1,11,0,1,0,4,1,1,0,0,0,5,0,0,0,0,0,0,1,0,0,0,0,0,0,1,0,0,20,58,0,1,0,0,0,3,2,0,0,0,0,0,0,0,0,0,0,0,0,0,0,0,0,0,0,0,0,0,0,0,0,0,0,0,1,0,0,0,1,0,0,0,0,0,2,0,0,0,0,1,0,0,0,0,0,0,0,0,0,0,0
3068241300057100020,2,0,0,0,0,0,0,0,0,0,0,0,0,0,0,0,0,0,0,2,3,0,0,0,2,0,0,7,0,0,0,0,0,0,0,0,0,0,0,0,0,0,0,0,0,2,1,0,0,0,0,0,0,0,0,0,0,0,0,2,0,0,0,0,0,0,0,0,0,0,0,0,0,0,0,0,0,0,0,1,0,0,0,0,0,0,0,0,0,0,0,0,0,0,0,0,0,0,0,0,5,0,0,0,0,0,0,0,0,0,0,0,0,0,0,0,0,2,9,0,0,0,0,0,1,2,0,0,0,0,0,0,0,0,0,0,0,0,0,0,0,0,0,0,0,0,0,0,0,0,0,0,0,0,0,0,0,0,0,0,0,0,0,0,0,0,0,0,0,0,0,0,0,0,0,0,0,0,0,0
3068241300057100023,14,1,0,0,0,0,0,0,0,1,0,0,0,0,0,2,0,0,0,7,5,0,0,0,0,0,0,10,0,0,0,1,1,0,0,0,0,1,0,0,0,0,0,0,0,0,5,3,0,0,0,0,0,0,0,0,1,0,2,4,1,0,0,0,0,0,0,0,1,0,0,0,0,0,0,0,0,0,0,0,0,0,0,0,0,0,0,0,0,0,0,0,0,0,2,0,0,0,0,0,7,0,0,0,0,0,0,0,0,0,0,0,0,0,0,0,0,5,9,0,1,0,0,0,1,1,0,0,2,0,0,2,0,0,0,0,0,0,0,0,0,0,0,0,0,0,0,0,0,0,0,0,0,0,0,0,0,0,0,0,0,0,0,0,0,0,0,0,0,0,0,0,0,0,0,0,0,0,0,0
3068241300057100025,50,25,0,1,0,0,0,0,0,0,0,0,0,0,1,4,0,0,0,18,5,0,2,8,7,0,0,21,1,0,0,1,3,0,0,1,0,0,0,2,0,1,0,0,0,1,8,29,0,0,0,0,0,0,0,0,2,0,5,8,0,0,0,0,1,0,0,0,1,3,0,1,0,0,0,0,0,0,0,1,0,0,0,0,0,0,0,0,0,1,10,0,0,0,2,2,1,0,0,1,21,0,1,0,1,0,0,1,1,0,0,0,1,0,0,0,0,34,62,0,0,0,0,0,9,5,0,0,5,1,0,0,0,0,0,0,0,0,0,0,0,0,0,0,0,0,0,0,0,0,0,0,0,0,0,1,0,0,0,0,0,0,0,0,0,0,0,0,0,0,0,0,0,0,0,0,0,0,0,1
3068241300057100026,14,5,0,1,0,0,0,0,0,0,0,0,0,0,0,1,0,0,0,2,2,0,0,1,1,0,0,14,0,0,0,0,0,0,1,0,0,0,0,0,0,1,0,0,0,0,3,3,0,0,0,0,0,0,0,0,1,0,0,4,0,0,0,0,0,0,0,0,0,1,0,0,0,0,0,0,0,0,0,0,0,0,0,0,0,0,0,1,0,0,0,0,0,0,1,0,0,0,0,0,13,0,0,0,0,0,0,0,0,0,0,0,0,0,0,0,0,7,14,0,0,0,0,0,0,0,0,0,0,0,0,0,0,0,0,0,0,0,0,0,0,0,0,0,0,0,0,0,0,0,0,0,0,0,0,0,0,0,0,0,0,0,0,0,0,0,0,0,0,0,0,0,0,1,0,0,0,0,0,0
3068241300057100028,62,6,0,1,0,0,0,0,0,3,0,0,0,0,0,7,1,1,0,14,9,0,0,1,9,0,0,64,0,1,0,0,1,0,3,0,0,1,0,2,1,0,0,0,0,1,18,23,0,0,1,0,0,0,0,0,1,0,3,14,0,0,0,0,1,0,0,0,3,2,1,0,0,0,0,0,0,0,0,0,0,1,2,0,0,1,0,1,0,0,10,1,0,0,3,2,1,0,0,0,26,0,0,0,0,0,0,0,0,0,0,0,0,0,1,0,0,25,51,0,0,1,0,1,1,3,0,0,1,0,0,0,0,0,1,0,0,0,1,0,0,0,0,0,0,0,1,0,1,0,0,0,0,2,0,0,0,0,0,0,0,0,0,0,0,1,0,0,0,0,0,0,0,0,0,1,0,0,0,0
3068241300057100029,85,9,0,0,0,1,0,0,0,0,1,1,1,0,0,9,0,1,0,12,2,0,0,2,3,0,0,79,1,0,0,0,1,0,0,0,1,2,1,0,2,0,0,0,0,0,9,21,0,1,0,0,1,0,0,0,1,0,6,14,0,0,0,0,0,1,1,0,4,3,0,0,0,0,2,0,1,0,0,2,0,1,0,0,0,0,0,0,0,0,7,0,0,0,2,1,1,0,0,0,36,0,0,0,0,0,0,1,0,0,1,0,0,0,1,0,0,22,49,0,0,0,1,0,2,3,0,0,2,0,1,0,0,0,0,0,0,0,1,0,0,0,0,0,0,0,0,0,0,0,1,0,0,0,0,0,0,0,0,0,0,0,0,0,1,0,0,0,0,0,0,0,1,0,0,0,0,0,0,1
3068241300057100030,15,4,0,1,0,0,0,0,0,0,0,0,2,0,0,0,0,0,0,3,0,0,1,1,1,1,0,16,0,1,0,0,1,0,2,0,0,0,0,0,1,2,0,0,0,0,2,5,0,0,0,1,0,0,0,0,1,0,0,3,0,0,0,0,0,0,0,0,1,4,0,1,0,0,4,0,0,0,0,1,0,3,0,0,0,1,0,0,0,0,2,0,0,0,0,1,0,0,0,0,7,0,1,0,0,0,0,0,0,0,0,0,0,0,1,0,0,3,43,0,0,1,0,0,1,1,0,0,1,0,0,0,0,0,0,0,0,0,0,0,0,0,0,0,0,0,0,0,0,0,0,0,0,0,0,0,0,0,0,0,0,0,0,1,0,0,0,0,0,0,0,0,0,0,0,0,0,0,0,0
3068241300057100032,33,2,0,1,0,0,0,0,1,1,1,0,0,0,0,9,0,0,0,10,10,0,2,0,4,1,0,42,0,0,0,0,1,1,0,1,0,1,0,0,1,0,1,0,0,0,10,7,0,0,0,0,0,0,0,0,0,0,2,17,0,0,0,0,0,0,0,0,5,2,1,2,0,0,1,0,0,2,0,1,0,0,1,0,0,1,1,0,0,0,7,2,0,0,1,0,0,1,0,0,15,0,0,0,0,0,0,0,0,0,0,0,1,0,2,0,0,10,23,0,0,0,0,1,0,2,0,0,1,0,0,0,1,0,0,0,0,0,1,1,0,0,0,0,0,0,0,0,0,1,1,0,0,0,0,0,0,0,0,0,0,0,1,0,0,0,1,0,0,0,0,1,0,0,0,0,0,0,0,0
3068241300057100033,17,3,0,0,0,0,0,0,0,0,4,0,1,3,0,1,0,0,0,2,4,0,1,1,2,0,0,7,0,1,0,1,1,0,0,0,0,0,0,0,0,0,0,0,1,0,2,6,0,0,0,0,0,0,0,0,0,0,1,3,1,0,0,0,0,0,0,1,0,3,0,0,0,0,2,1,0,0,0,2,0,0,0,0,0,1,0,0,0,0,4,2,0,0,0,0,1,0,0,0,10,0,0,0,0,0,0,1,0,0,0,0,0,0,0,0,0,0,33,0,0,0,0,0,0,3,0,0,0,0,1,0,0,0,0,0,0,0,0,0,0,0,0,0,0,0,0,0,0,1,0,0,0,0,0,0,0,0,0,0,1,0,0,0,0,0,0,0,0,0,0,0,0,0,0,0,0,0,0,0
3068241300057100036,52,5,0,0,0,0,1,0,0,0,0,0,1,0,0,3,0,1,0,9,9,0,4,3,4,1,1,34,0,0,0,0,1,0,2,1,0,4,2,0,2,0,0,0,0,3,5,26,0,0,0,1,0,0,0,0,0,0,4,20,0,0,0,0,2,0,0,0,2,3,0,0,0,0,1,0,0,1,0,3,0,0,1,0,0,0,0,0,0,0,4,6,0,0,3,0,1,0,0,0,25,0,0,0,0,0,0,1,0,0,0,0,1,0,0,0,0,29,35,0,0,0,1,0,0,2,0,1,2,0,0,0,0,0,0,0,0,0,1,0,1,0,0,0,0,0,0,0,0,0,0,0,0,0,0,0,0,0,0,0,0,0,0,0,0,0,1,0,0,0,0,0,0,0,0,0,0,0,0,0
3068241300057100039,75,18,0,2,1,0,0,0,0,3,7,0,0,16,0,2,0,0,1,4,2,0,19,0,0,0,1,20,0,2,1,1,1,1,1,1,0,0,1,1,3,0,0,0,1,0,8,50,1,0,0,1,0,1,1,0,1,1,1,16,8,0,0,0,13,1,0,0,0,2,0,1,0,0,2,2,3,0,0,1,0,0,1,0,2,4,0,0,9,0,32,12,0,2,6,2,0,0,1,0,20,6,7,0,4,0,1,11,0,2,0,0,1,0,1,0,0,7,28,0,0,2,0,3,7,2,1,0,1,0,0,0,0,0,0,0,0,0,1,0,0,0,0,0,0,0,0,0,0,0,0,0,0,0,0,0,0,1,0,0,0,0,0,0,1,0,0,0,0,0,0,0,0,0,2,0,1,0,0,0
3068241300057100044,72,2,0,0,0,1,0,0,1,1,0,1,3,1,0,4,1,1,0,11,13,0,9,0,4,0,1,18,0,0,0,0,6,0,1,0,0,3,1,1,1,2,0,0,0,2,13,17,0,1,0,0,2,0,0,0,4,1,8,17,2,0,0,0,4,0,0,0,3,0,0,0,0,0,0,0,7,0,0,4,0,0,0,0,0,0,0,1,0,1,14,7,1,0,4,0,0,2,0,0,34,0,1,0,0,0,0,1,0,2,0,0,0,0,0,0,0,29,12,0,0,1,0,0,3,2,5,0,0,2,0,0,0,0,0,0,0,0,1,0,0,0,0,0,1,0,0,0,0,0,0,0,0,0,0,0,0,0,1,0,1,0,0,0,0,0,0,0,0,0,0,0,0,0,0,0,0,0,0,0
3068241300057200013,20,0,0,0,1,0,0,0,0,1,0,0,0,0,0,18,0,1,0,15,8,0,0,0,0,0,0,8,0,0,0,0,2,0,0,0,0,1,0,0,0,0,0,0,0,1,9,4,0,0,0,0,0,0,0,0,1,0,1,0,0,0,1,0,0,0,0,0,2,0,0,0,0,0,0,0,0,0,0,4,1,0,1,0,0,0,0,1,0,1,11,0,0,0,0,0,0,0,0,0,13,0,0,0,1,0,0,0,0,0,0,0,0,0,0,0,0,15,3,0,0,0,0,0,2,2,0,0,2,0,0,0,0,0,0,0,0,0,0,0,1,0,0,0,0,0,0,0,0,0,0,0,0,0,0,0,0,0,0,0,0,0,0,0,0,0,0,0,0,0,0,0,0,0,0,0,0,0,0,0
3068241300057200020,17,3,0,0,0,0,0,0,0,0,0,0,0,0,0,0,0,0,0,5,2,0,0,0,0,0,0,2,0,0,0,0,2,0,0,0,0,0,0,0,1,0,0,0,0,1,2,8,0,0,0,0,0,0,0,0,0,0,3,2,0,0,0,0,1,1,0,0,0,0,0,0,0,0,0,0,0,1,0,1,0,0,0,0,0,0,0,0,0,0,1,0,0,0,1,0,0,0,0,0,1,0,0,0,0,0,0,0,0,0,0,0,0,0,0,0,0,1,40,0,0,0,0,0,3,2,0,0,0,0,0,0,0,0,0,0,0,0,0,0,0,0,0,0,0,0,0,0,0,0,0,0,0,0,0,0,0,0,0,0,0,1,0,0,0,0,0,0,0,0,0,0,0,0,0,0,0,0,0,0
3068241300057200025,30,11,0,0,0,0,0,0,0,0,0,0,0,0,0,2,0,0,0,13,9,0,2,1,4,0,0,9,0,0,1,0,2,0,0,0,0,0,1,0,3,0,0,0,0,1,11,12,0,1,1,0,0,1,0,0,0,0,2,5,0,0,0,0,2,2,0,0,2,4,0,0,0,0,0,0,1,0,0,2,0,0,0,0,0,0,0,0,0,2,4,0,0,0,4,0,0,0,0,0,7,0,0,0,1,0,0,2,0,0,0,0,0,0,1,0,0,9,65,0,0,0,0,0,5,2,0,0,1,0,0,0,0,0,0,0,0,0,0,1,0,0,0,0,0,0,0,0,0,1,1,0,0,0,0,0,0,0,0,0,0,0,0,0,0,0,1,0,0,0,0,0,0,0,0,0,0,0,0,0
3068241300057200026,21,2,0,0,0,0,1,0,0,1,0,0,0,0,0,4,0,1,0,6,1,0,2,2,2,0,0,12,0,0,0,0,1,0,0,0,0,0,0,0,1,1,0,0,0,0,12,4,0,0,0,0,0,1,0,0,3,0,1,10,0,0,0,0,0,0,0,0,0,3,0,1,0,0,0,0,0,0,0,0,0,0,0,1,0,0,1,0,0,0,3,0,0,0,1,0,0,0,0,0,8,0,0,0,0,0,0,0,0,0,1,0,0,0,1,0,0,6,28,0,0,0,0,0,1,1,0,0,0,0,0,0,0,0,0,0,0,0,2,0,0,0,0,0,0,0,1,0,0,1,0,0,0,0,0,0,0,0,0,0,0,0,0,1,0,0,0,0,0,0,0,0,0,1,0,0,0,0,0,0
3068241300057200028,39,11,0,0,0,5,0,1,0,2,0,0,0,0,1,3,1,0,0,9,11,0,2,1,4,0,0,30,0,0,0,0,1,0,0,1,0,1,0,0,0,0,0,0,0,0,8,25,0,0,0,0,0,0,0,0,2,0,4,7,0,0,0,0,0,0,0,0,4,1,0,0,0,0,0,0,2,0,0,1,0,0,1,1,0,1,0,0,0,2,4,0,0,0,5,1,0,0,0,1,21,1,0,0,0,0,0,0,0,1,1,0,0,0,0,0,0,18,37,1,0,1,0,0,1,3,0,0,0,0,0,0,0,0,0,0,0,0,0,0,0,0,0,0,0,0,0,0,0,0,0,0,0,0,0,0,0,0,1,0,0,0,0,0,0,0,0,0,0,0,0,0,0,0,0,0,0,0,0,0
3068241300057200031,13,3,0,0,0,0,0,0,0,1,0,0,0,0,0,2,0,0,1,5,0,0,0,2,2,0,0,10,0,0,0,1,0,0,0,0,0,0,0,0,0,3,0,0,0,0,5,6,0,0,0,0,0,0,0,0,0,0,0,5,0,0,0,0,0,0,0,0,0,3,0,0,0,0,0,0,0,0,0,1,0,0,0,0,0,0,0,0,0,0,1,0,0,0,2,0,0,0,0,0,16,0,0,0,0,0,0,0,0,0,0,0,0,0,0,0,0,3,21,0,0,0,0,0,1,0,0,0,1,0,0,0,0,0,0,0,0,0,0,0,0,0,0,0,0,0,0,0,0,0,2,0,0,0,0,0,0,0,0,0,0,1,0,0,0,0,0,0,0,0,0,0,0,0,0,0,0,0,0,0
3068241300057200038,21,0,0,0,0,1,1,0,0,0,0,0,0,0,0,3,0,0,0,6,3,0,0,0,1,0,0,26,0,0,0,0,0,0,3,0,0,0,0,0,0,0,0,0,0,0,3,2,0,0,0,0,0,0,0,0,1,0,0,3,0,0,0,0,0,0,0,0,2,1,0,0,0,0,0,0,0,0,0,0,0,0,0,0,0,0,0,0,0,0,1,0,0,0,0,1,1,0,0,0,15,1,0,0,0,0,0,0,0,0,0,0,0,1,1,0,0,9,3,0,0,1,0,0,0,0,0,0,0,0,0,0,0,0,0,0,0,0,0,0,0,0,0,0,0,0,0,0,0,0,0,0,0,0,0,0,0,0,0,0,0,0,0,0,0,0,0,0,0,0,0,0,0,0,0,0,0,0,0,0
3068241300057200048,6,2,0,0,0,0,0,0,0,0,1,0,0,1,0,1,0,0,0,2,0,0,0,0,0,0,0,1,1,0,0,0,0,0,1,0,0,0,0,0,0,0,0,1,0,0,0,2,0,0,0,0,0,0,0,0,0,0,0,0,0,0,0,0,0,0,0,0,0,0,0,0,0,0,3,0,0,0,0,1,0,0,0,0,0,0,0,0,0,0,0,1,0,0,0,0,1,0,0,0,6,0,0,0,0,0,0,0,0,0,0,0,0,0,0,0,0,1,11,0,0,0,0,2,2,0,0,0,0,0,0,0,0,0,0,0,0,0,1,0,0,0,0,0,0,0,0,0,0,0,0,0,0,0,0,0,0,0,0,0,0,0,0,0,0,0,0,0,0,0,0,0,0,0,0,0,0,0,0,0
3068241300057200053,40,3,0,1,0,0,0,0,0,0,0,0,0,1,0,6,0,0,0,8,6,0,4,1,0,0,0,47,0,0,1,0,1,0,1,0,1,1,1,0,0,2,0,0,0,2,4,6,0,0,0,0,0,0,0,0,0,0,2,13,0,0,0,1,0,0,0,0,2,2,0,0,0,0,1,0,0,0,0,5,0,0,0,0,1,0,0,0,0,0,3,0,0,0,2,1,0,0,0,0,55,0,0,0,0,0,0,1,0,0,0,0,0,0,0,0,0,10,45,0,1,0,0,0,2,2,1,0,0,1,0,0,0,1,0,0,0,0,0,1,0,0,0,1,0,0,0,0,0,0,0,0,0,0,0,0,0,0,0,0,0,0,0,1,0,0,0,0,0,0,0,0,1,0,0,0,0,0,0,0
3068241300057200055,49,1,0,0,0,0,0,0,0,0,0,1,0,1,2,6,0,0,1,19,10,0,1,0,8,0,0,127,0,0,0,0,1,0,3,0,0,1,0,0,2,0,0,1,0,2,4,2,0,0,0,0,0,1,0,0,0,1,5,11,1,0,1,1,0,0,0,0,3,4,0,1,0,0,0,0,2,0,0,0,0,0,2,0,1,1,0,0,0,0,4,4,0,0,2,0,0,0,0,0,94,2,1,0,2,0,1,0,0,0,1,0,0,0,0,0,0,12,15,0,1,0,0,1,0,2,2,0,0,0,0,0,0,0,0,0,0,0,3,0,1,0,0,0,0,0,0,0,0,0,0,0,0,0,1,0,0,0,0,0,1,0,0,0,0,0,0,0,0,0,0,0,1,1,1,0,0,0,0,0
3068241300057200057,122,3,0,1,0,0,0,0,1,3,2,1,2,7,1,19,0,2,0,37,22,0,7,1,4,0,1,129,1,0,3,3,4,0,3,1,1,6,0,0,1,2,0,0,0,9,24,25,1,0,0,0,0,2,1,0,2,0,9,26,3,0,0,0,1,0,0,0,11,2,0,2,0,0,1,0,4,0,0,8,0,1,1,1,0,0,0,0,1,0,20,11,1,0,7,3,1,1,0,0,87,0,3,0,1,0,0,2,1,1,0,0,0,0,0,0,0,43,5,0,0,1,0,0,3,3,1,1,2,1,1,0,0,0,0,1,1,0,1,0,0,0,0,0,0,0,0,0,0,0,0,0,0,0,0,0,0,0,0,0,2,0,0,0,0,0,0,0,0,0,0,0,2,0,0,0,0,0,0,0
3068241300057200060,38,1,0,3,0,0,0,0,0,0,1,0,1,1,0,7,0,0,2,14,8,0,1,0,7,2,3,237,0,0,0,0,0,1,1,0,0,3,3,0,0,1,0,0,0,3,11,1,0,0,0,0,0,0,0,0,0,0,0,3,1,0,0,0,0,0,0,0,4,0,0,2,0,0,1,0,1,0,0,1,0,1,0,0,0,3,0,0,0,1,10,2,0,0,1,1,0,0,0,0,145,1,0,0,0,0,0,0,0,1,0,0,0,0,1,1,0,3,1,0,0,0,0,0,0,0,2,0,1,0,1,0,0,0,0,0,0,0,1,0,0,0,0,0,0,0,2,0,0,2,0,0,0,0,0,0,0,0,0,0,4,0,0,0,0,0,0,0,0,0,0,0,0,0,0,0,0,0,0,0
