EntityID,fov,volume,center_x,center_y,min_x,min_y,max_x,max_y,anisotropy,transcript_count,perimeter_area_ratio,solidity,cluster
3068241300010100003,,1544.6314555468125,4356.0586079742325,8744.288216636587,4346.710382982585,8738.041469629876,4364.6692491300055,8751.377659626225,1.1476644820989863,391,0.3532097571758554,0.8973369323736643,cluster_5
3068241300010100006,,919.7297240061174,4321.901911367867,8756.600718713658,4313.429036235939,8750.678693646661,4330.342670761659,8762.420077760897,2.157306709094623,207,0.5286691230425657,0.7849108263952991,cluster_5
3068241300010100009,,257.5664916086889,4358.286820599192,8756.267925841765,4354.990448515875,8753.636241476648,4362.138866341955,8758.638613986694,1.4103829788640276,64,0.7738484798719292,0.9759495906720208,cluster_5
3068241300010100010,,271.9482648842697,4352.856348442379,8757.813250505356,4349.413633292039,8754.288744001684,4355.569335382535,8760.534028692917,1.1231812405631716,87,0.7727124191269972,0.9425919341605196,cluster_5
3068241300010100018,,296.8339835544635,4304.570394914664,8761.475929231192,4300.2515553456215,8758.796510102125,4309.070008675115,8764.500989855413,1.9870202886654744,63,0.7973380373880927,0.9440583388023596,cluster_5
3068241300010100023,,665.1183006676712,4316.632095431171,8764.965032717619,4310.524461267619,8761.280388847408,4322.816360286824,8768.48370502932,1.8824676642265123,130,0.4958163157811795,0.9801191832916744,cluster_5
3068241300010100026,,232.1266649147874,4338.639608932249,8765.09093925117,4334.834643280071,8762.71950698899,4342.280420789487,8767.194264675123,1.7680229305246444,35,0.8415417442857649,0.9727653066826876,cluster_5
3068241300010100030,,583.6425122906704,4340.611360768464,8772.955693057884,4335.52053777219,8768.967487468606,4345.558374241451,8776.968633408162,1.1776822538078586,132,0.5158793800386753,0.9662319167921136,cluster_5
3068241300010100031,,604.5800147051798,4349.29659394767,8774.001704146727,4344.285166446429,8770.135956547987,4354.026299847767,8777.727179801488,1.2553494762462456,151,0.4856358729774267,0.9888858601370056,cluster_5
3068241300010100032,,875.5250315211812,4306.773363926008,8776.759259878258,4302.753381432369,8770.542101244853,4310.640426011671,8783.048547261062,1.590045948786277,165,0.4224049027561633,0.9621065886031246,cluster_5
3068241300010100035,,480.1760267645462,4352.434998549004,8780.638285835508,4348.111055343829,8777.137402020338,4356.788845551986,8784.555581676752,1.3197765537414714,93,0.5524765880809838,0.976065015892253,cluster_5
3068241300010100037,,1387.1638797756304,4302.1111335122905,8784.781461829543,4295.5049161099805,8777.893365116728,4311.589955992999,8791.1033803266,1.3697402603191542,304,0.3616315825493048,0.8843874339585859,cluster_5
3068241300010100039,,401.6466164575919,4354.881603175415,8786.706516461083,4350.948100306316,8782.286244733123,4358.321460245428,8790.136410027651,1.1497014815439008,58,0.6502334676845466,0.9175870867838406,cluster_5
3068241300010100040,,1840.408466232636,4313.842030855513,8799.95273756876,4308.031745509636,8787.020055265868,4319.05479382615,8811.57580809018,2.6552922313533016,383,0.3390642925896086,0.9276468901318862,cluster_5
3068241300010100043,,829.050995056687,4288.96569195234,8791.651013033073,4283.736013369509,8786.436936403315,4294.193797847051,8798.10447625539,1.2140822918130971,216,0.4466049952934047,0.9499608202132436,cluster_5
3068241300010100044,,1048.8711493697149,4299.134977175399,8794.558022580839,4293.222123347471,8788.18074713888,4305.428782864704,8800.221041325945,1.2596665708663008,148,0.3787658409319329,0.962020156823768,cluster_5
3068241300010100046,,582.5144192305888,4348.035986221455,8796.606502015025,4343.144399791828,8793.005004680463,4353.260656017929,8800.504489089666,1.6332968863664528,88,0.5122693296689061,0.9858080548855436,cluster_5
3068241300010100055,,553.6474412035403,4349.084830160097,8808.66430071635,4344.8781206946405,8804.772019241043,4355.070487407378,8812.760417550599,1.3437158710679638,88,0.5882393464870616,0.9013528105976734,cluster_5
3068241300010100060,,1275.5796451184117,4357.584762664827,8818.435379498362,4351.823538758032,8809.622231190404,4363.441409805136,8826.267650049895,1.4987828739070743,287,0.3813947423083646,0.9080124483303176,cluster_5
3068241300010100061,,737.3291236678837,4287.96023009886,8814.04750305712,4282.645070066516,8808.459627696251,4292.5940056039335,8818.808122321725,1.1935840703052416,166,0.4487533952473524,0.9873584906046442,cluster_5
3068241300010100066,,706.889460810912,4248.422809493298,8815.921208175807,4243.78681452257,8810.973346908286,4252.945918208928,8821.61650734789,1.3512806728615787,111,0.4568231731584719,0.9876522439011088,cluster_5
3068241300010100068,,856.2731608046113,4321.55575353494,8818.528517766552,4317.290490531126,8812.469889945867,4325.642328452701,8824.81902514599,1.5144805529456182,197,0.4215698730172774,0.9828053965480684,cluster_5
3068241300010100071,,457.8690300508856,4300.687203188195,8817.12071964655,4296.43820586009,8814.008130121061,4304.626113285626,8820.84181030351,1.2296568282496485,107,0.558944062960041,1.0000000000000004,cluster_5
3068241300010100073,,728.2146663534579,4281.065279110527,8821.657704155303,4275.784747976718,8816.602255414868,4286.706669945826,8826.380111221166,1.198125881054326,234,0.4787884198893089,0.9225922467520532,cluster_5
3068241300010100076,,673.4073192225677,4289.000411955532,8824.330461114274,4284.611691581499,8819.665031868364,4293.352007086114,8829.705781360477,1.2166472753005764,251,0.4692325472564871,0.9798145890846556,cluster_5
3068241300010100079,,203.5157115855777,4322.3208399885325,8827.539300900624,4319.098122351597,8825.206643383586,4324.892843367366,8830.179079040385,1.2619489484012216,47,1.042709148592901,0.8098010570579348,cluster_5
3068241300010100080,,696.1833299739826,4283.868517792097,8829.771947711399,4277.394377254642,8825.31443287026,4289.582939077679,8834.940620898898,2.185332865195936,234,0.5014525035264813,0.9781166006857956,cluster_5
3068241300010100081,,913.4308296372752,4241.398604956925,8836.217627066146,4233.76435460104,8827.970329678246,4245.238044564892,8843.469269499828,1.4485030015528055,166,0.585195950525032,0.594450455851791,cluster_5
3068241300010100082,,277.9801384482412,4252.763413500853,8828.4142706203,4249.681429722952,8825.727407281378,4256.312798437594,8831.700120286909,1.0990444200539202,100,0.7390798941362816,0.9562823749710804,cluster_5
3068241300010100084,,716.7077111291833,4344.373486086912,8831.7304302729,4339.272256792986,8827.106277015775,4349.592289157713,8836.162703106771,1.2816144120550843,115,0.4417250399130332,0.9973084878231928,cluster_5
3068241300010100091,,487.1874753819961,4250.898319514421,8839.613660956498,4247.342885987531,8835.129502133994,4255.175134446525,8843.330547954476,1.0470870355325976,208,0.6377720000624655,0.850091680245083,cluster_5
3068241300010100092,,230.778765010094,4255.918610658333,8839.0430869309,4252.759810935949,8836.730148524108,4259.377606972586,8841.454444781,1.5727865501258524,49,0.8044655189932267,0.998055666046158,cluster_5
3068241300010100096,,917.2463565653936,4281.789112027295,8846.966223130932,4276.327252830601,8841.17065339336,4288.11521986446,8853.067423321037,1.179146138883113,278,0.4236344996088731,0.9354125112908344,cluster_5
3068241300010100097,,531.9359488019619,4251.63305811676,8846.911253292195,4244.8281931128,8843.660134697102,4258.062474239388,8850.17156087538,2.29341274968738,196,0.6601331072910196,0.832998789240124,cluster_5
3068241300010100098,,170.1521304426846,4264.68408913937,8847.623475460628,4262.096534003009,8844.792641049484,4267.370889249956,8850.426247637351,2.2417241684607,67,1.0230302598640433,0.9706666743964516,cluster_5
3068241300010100100,,1275.9091708556875,4237.723228427073,8856.999047969892,4233.174445343163,8848.298148426116,4242.484349477343,8865.43429044957,1.8990158251360725,416,0.3688967286766426,0.9606514129221198,cluster_5
3068241300010100101,,354.5004734962571,4246.76701876246,8851.625617545358,4242.793946148913,8848.769535065445,4250.621498166835,8854.84715843937,1.374532355445442,143,0.6760757203956623,0.972110000382057,cluster_5
3068241300010100106,,704.4832579507142,4283.838994053909,8859.36093117505,4277.6431458121015,8854.701946768775,4289.840671384923,8863.735770027182,2.25124633898509,201,0.4955517282685897,0.9848238141171344,cluster_5
3068241300010100107,,275.2724044271736,4292.707409314993,8860.61436348135,4290.420273483114,8856.546097573306,4294.797013686626,8864.63651608718,1.8919232270601665,89,0.7674974095429163,1.0,cluster_5
3068241300010100111,,778.0954672232137,4253.818566544695,8867.402939693893,4248.451080676206,8862.789209138842,4259.115945272415,8871.71415693205,1.392195344161936,215,0.4313817988826618,0.9978605825233224,cluster_5
3068241300010100112,,707.6680427098431,4244.087224103804,8868.115006205075,4239.616135267059,8863.350790015358,4248.532917363884,8872.770582625806,1.05388914899516,244,0.4458001610541662,0.9911071775623412,cluster_5
3068241300010100114,,319.59673614872673,4285.747752107613,8867.321867107921,4282.647894428104,8863.849546285082,4288.392966701569,8870.971595778308,1.5080926657442295,137,0.6857838554649291,1.0,cluster_5
3068241300010100115,,1030.0887753250854,4235.826923926747,8872.096022028234,4230.503137361572,8864.62957655363,4241.325023975594,8879.069087827598,1.6024281508233182,342,0.411160375560737,0.926144544211282,cluster_5
3068241300010100116,,673.9720534444143,4270.199441101721,8870.496656373281,4265.8074836125,8865.583064492434,4274.194324686175,8875.296987458998,1.1965735447706092,191,0.4668219462089512,0.9802971837537144,cluster_5
3068241300010100117,,639.974185748027,4278.089519394645,8873.40714446934,4273.927304331894,8867.645917953218,4282.701808543748,8878.855031954998,2.0515808809813088,199,0.5211947063013539,0.971179468977706,cluster_5
3068241300010100118,,844.2023509986404,4286.975751023573,8877.896905138392,4283.027993463908,8870.90939640473,4291.28498090964,8885.65538032027,2.1976071574002405,343,0.4703050751141106,0.9362934641370358,cluster_5
3068241300010100119,,1239.9040943660502,4249.7178021177615,8877.235561774154,4243.373829988356,8871.63076926356,4256.065286960999,8883.031390508462,1.1180226859878284,370,0.334717214603554,0.9931392626073255,cluster_5
3068241300010100120,,464.1303540548061,4264.459463337657,8878.157932151282,4260.546786708986,8874.433029634552,4267.870229212836,8882.500606401614,1.1236080015846748,102,0.563104509711744,0.992995004705844,cluster_5
3068241300010100123,,812.916034802425,4260.023321218666,8883.104088439924,4254.797352945878,8877.356026615256,4265.107919516989,8888.898720635574,1.524951858734432,188,0.4336590399537957,0.97317512064663,cluster_5
3068241300010100126,,521.4093209472967,4240.2852541372495,8884.255404275054,4234.688758105876,8881.242300060527,4245.729055658912,8887.260907728058,1.8853769061495165,210,0.5537316043484802,0.9925801781028276,cluster_5
3068241300010100128,,619.2040913628048,4268.385780562917,8888.214543833974,4264.507686161149,8882.444249645003,4272.184521528751,8894.70267940387,1.8798337582638285,157,0.5322535632284698,0.9671601690719094,cluster_5
3068241300010100129,,320.19786402552404,4248.162011133599,8887.178053297846,4245.860793464393,8883.048022515173,4250.352625604161,8891.82579529337,2.1725463909228444,125,0.7576189302748865,0.954688130198688,cluster_5
3068241300010100130,,2037.1342355646293,4352.251645629222,8892.367345836856,4342.442266177964,8883.295829990404,4363.600806818348,8903.029604298054,1.887672998911272,462,0.3302404117571669,0.8337403848842645,cluster_5
3068241300010100131,,955.5138983217338,4240.891300668604,8890.638691887207,4234.283045496815,8885.213375470808,4246.549558854087,8895.487711788997,1.2062478881142242,374,0.4360579043605065,0.8826194978070581,cluster_5
3068241300010100134,,440.15831608149045,4278.777553586468,8895.58262386509,4275.497492184134,8890.368556347496,4282.396202513723,8901.160543572903,2.2804219992630856,142,0.6491157214342379,0.978581444520407,cluster_5
3068241300010100138,,407.9687939534138,4270.015395589399,8901.74075736349,4267.296579778225,8896.943981245557,4273.732333091928,8905.833178737352,1.3450926582410287,166,0.6283438129703479,0.9578346773188062,cluster_5
3068241300010100140,,1917.237444546356,4226.436742310602,8907.70740725762,4219.735428454189,8896.143790957418,4233.747469526354,8922.170639793245,2.311805866664707,629,0.4305981625159671,0.8504563369847786,cluster_5
3068241300010100141,,1004.2301968074474,4261.430995669368,8904.301536875866,4255.450531054179,8898.323456383798,4267.34097145848,8909.315326796583,1.1088180283172129,424,0.3969378761148423,0.9535692916766418,cluster_5
3068241300010100142,,1655.0071449011473,4338.10625259772,8908.493257803742,4328.456376198502,8902.079680016843,4348.600515621601,8915.104516023686,1.7783104833800667,378,0.3446011144369919,0.8860339171464934,cluster_5
3068241300010100148,,806.5467833363927,4348.649652229866,8919.666548335137,4343.205288062993,8914.964411760662,4354.875217497795,8925.832529402966,1.6133952468488222,236,0.4662957706815674,0.930938768649016,cluster_5
3068241300010100150,,1092.8308225784783,4225.97882969441,8923.27673706907,4221.107365711109,8915.495558644394,4230.60351218594,8930.26630403941,1.5934798803968984,294,0.3825182201202824,0.965492975721264,cluster_5
3068241300010100151,,1240.345585280009,4309.627655867298,8925.235139005586,4299.735951465889,8918.77704130038,4319.754407604907,8930.945718545863,2.93360405085055,201,0.4263198949121346,0.9247507431923714,cluster_5
3068241300010100152,,913.6966542482046,4339.767558234939,8924.31150716445,4333.306289343881,8918.73289640873,4345.640289137329,8929.510340943021,1.020888851338499,268,0.4100231082741614,0.9684471353463115,cluster_5
3068241300010100153,,1080.4588339124955,4268.0822145158445,8926.62347042303,4261.714378821154,8919.790815417997,4275.366945540499,8933.498523517006,2.290572989633755,143,0.4087736870655115,0.9896003899493888,cluster_5
3068241300010100154,,1274.4090538799098,4292.2070534655,8926.103411478935,4284.388627262957,8920.835325541299,4301.3538188939765,8930.897039603056,1.546246202774396,267,0.3563691852652611,0.9641749564274016,cluster_5
3068241300010100155,,2248.424870026619,4331.55780318286,8932.273444656023,4322.601211627521,8923.675389524207,4342.496828313479,8942.189674627365,1.1485761853089382,564,0.2802684572316635,0.898125973711147,cluster_5
3068241300010100157,,1143.563390249608,4224.727045290188,8937.48205513222,4219.61899488351,8929.65947784085,4229.830620159834,8945.973232646824,2.0490414686214584,352,0.401393266125381,0.9428755310864212,cluster_5
3068241300010100159,,1081.6998611357346,4275.668912352109,8936.80407082539,4265.650080596585,8932.023262225792,4286.462623115698,8941.814117577305,2.711946499031168,354,0.4737334956440247,0.8635255986014538,cluster_5
3068241300010100161,,572.1427622707292,4306.616481904964,8937.910513238203,4301.781405054735,8933.398151153031,4311.372718892067,8942.521744501972,2.046132537976989,149,0.5400871304492054,0.988688051954708,cluster_5
3068241300010100168,,912.29373284823,4260.863751853106,8943.859597841625,4253.911730859941,8938.754911774417,4266.149575089844,8948.56944927349,1.3575989552249244,260,0.4157496662676681,0.9815869490690796,cluster_5
3068241300010100170,,1610.1097949489608,4223.349411721362,8952.983199945533,4217.104516662942,8943.642979676446,4232.013410391397,8960.67929139191,1.3249991775465515,498,0.3849022495285977,0.8145093237026733,cluster_5
3068241300010100173,,1425.4199333677448,4245.089628893168,8954.261116884207,4237.301771635491,8946.27535800703,4254.275790288112,8963.352927404965,2.402086010916652,488,0.3794582437781395,0.925371764706222,cluster_5
3068241300010200020,,584.7284741694776,4336.551452362436,8752.142011705371,4331.658727366941,8747.277995380464,4340.848797131635,8756.004551897386,1.0540678070975058,153,0.5443801399471346,0.9144624787817688,cluster_5
3068241300010200026,,160.47792688541767,4349.4795728265535,8755.464624716215,4347.738250359941,8752.960988843044,4351.470003842556,8758.375068944091,1.5382079307542809,41,0.9784289709844856,1.0,cluster_5
3068241300010200030,,527.536422728545,4309.86574929197,8762.296943115944,4304.318497509392,8757.774137970422,4315.010462666703,8766.628456819486,1.7523145900814965,134,0.622438197546579,0.8758822224494569,cluster_5
3068241300010200031,,353.3989756214442,4335.196771578797,8759.832913919287,4330.454919704994,8757.689504924745,4340.940418829577,8762.651249006618,2.148135528688199,118,0.7673038467302062,0.8920873845237779,cluster_5
3068241300010200033,,214.9154486401435,4344.076827158541,8763.058896943912,4340.5626952949815,8760.129711019554,4346.516206921698,8765.77112346791,1.3563383220967349,51,0.9146991740101048,0.8963444387916732,cluster_5
3068241300010200037,,1275.772166550064,4294.552387739215,8769.047905807696,4283.570423635711,8762.2891784893,4303.353931016443,8776.238387762207,2.8375310025805267,287,0.4240555326825382,0.958014809183332,cluster_5
3068241300010200046,,1527.4310498022423,4281.7853085449,8781.039087399358,4271.567974821409,8773.768216887578,4292.128742453672,8787.33612730152,2.5335400775197865,461,0.3672370941560641,0.9537335111141316,cluster_5
3068241300010200047,,413.3978820656994,4341.54957888548,8778.676365458477,4336.6071293616415,8775.568373205366,4346.49131552557,8781.957514581973,2.140032498421151,40,0.652158588438014,0.9409599937602436,cluster_5
3068241300010200051,,565.6784578444278,4342.987656590077,8783.652271852785,4337.930163673724,8780.064847056252,4347.980213918028,8787.355866234986,1.5831455121017457,142,0.5541595768035505,0.9332288321129636,cluster_5
3068241300010200054,,715.7135020401325,4276.670154500512,8792.535236487014,4271.764631265087,8787.34403948978,4281.215761428609,8797.37887869998,1.0282946856329214,172,0.4495593963277717,0.9789222004446853,cluster_5
3068241300010200060,,791.663655883315,4254.340906291473,8802.391903231022,4248.691808190538,8794.852291961577,4260.304810246557,8810.277931778386,2.7641232017806945,196,0.5752092917075279,0.8146188434763231,cluster_5
3068241300010200063,,596.5662389618755,4351.472373739934,8801.565892554061,4345.549027115125,8797.669114371462,4357.668963752179,8804.97309684473,2.0798890602718547,104,0.5694929140964268,0.9332080376631016,cluster_5
3068241300010200066,,866.796984410876,4296.226326531077,8809.406263918698,4291.320239594608,8803.572875299567,4301.459068168461,8815.293294062989,1.0099974475288724,77,0.4059683992144393,0.9885141907640445,cluster_5
3068241300010200069,,859.082562590246,4257.697282870252,8813.033976771532,4253.614575674204,8805.106016781174,4262.990004914194,8822.897516080635,1.933546282567546,293,0.6967589312104303,0.5893660725707076,cluster_5
3068241300010200070,,425.18016758293504,4242.854850341577,8812.552601678852,4239.836623896425,8806.213055154021,4245.416581304796,8818.279363334354,2.7524572469815074,82,0.7121273337884151,0.9512739635454128,cluster_5
3068241300010200073,,423.7109878771913,4280.6933238134125,8812.198566294348,4277.021379711988,8808.363847913635,4284.5170005350965,8816.331865940521,1.0162830560819502,59,0.5875978861889414,0.9842251159447354,cluster_5
3068241300010200074,,678.8009693939389,4267.827024719215,8813.779009613301,4262.254365697618,8808.575790939416,4272.205737336885,8818.697392291653,1.2210804306514202,156,0.4944126184353848,0.9349190029462282,cluster_5
3068241300010200082,,395.7208323679713,4276.009741967148,8816.392475196031,4273.048055066211,8812.559086278841,4279.67169898348,8820.255113307581,1.1860162814486113,172,0.6019855408848741,0.9957847804640269,cluster_5
3068241300010200089,,1421.3045019281392,4239.828532487462,8827.372347471655,4233.652604073151,8817.572903693252,4247.386165932939,8839.760225546162,2.6549994733898914,330,0.4153618933990404,0.863902575562724,cluster_5
3068241300010200096,,1178.384473481913,4296.146763757933,8830.765233574728,4290.497640556108,8822.533825901573,4301.665785128518,8838.005955841545,1.1431460329785188,386,0.3653502758584268,0.9742053055631698,cluster_5
3068241300010200101,,523.5658735670079,4265.624846916406,8829.860958579507,4261.791186055147,8825.872696493332,4270.010966505676,8833.497246171553,1.0883922727080175,161,0.5280353358657713,0.9830948483019047,cluster_5
3068241300010200102,,197.98767542967627,4317.820249927353,8828.673806795496,4314.883055574364,8826.504079690973,4320.738196800851,8831.107211330047,1.659651608271931,42,0.8805983695643202,1.0000000000000004,cluster_5
3068241300010200105,,1281.7727101411244,4278.042544413409,8835.007742375572,4271.758134723373,8828.314043452081,4284.845095913319,8840.522685025026,1.0759267392068628,369,0.3377098126220555,0.98722604508829,cluster_5
3068241300010200107,,547.1972384538437,4257.593833973348,8833.527027748829,4252.852938791733,8829.418437777407,4262.965039066746,8837.246043142113,1.620119993527429,97,0.5494074494027578,0.95518853738743,cluster_5
3068241300010200113,,1143.4493846166645,4294.554201925552,8841.782857896558,4289.14311898721,8834.391840229728,4300.381534024051,8848.46372667805,1.2500741228208974,417,0.3750337878652389,0.9485179620094668,cluster_5
3068241300010200114,,400.6474964476996,4245.391221716527,8843.266256001138,4242.351847908282,8836.722445320864,4247.871570621026,8849.804623903145,3.5841629417704177,127,0.8013610483348651,0.9205666957104834,cluster_5
3068241300010200118,,208.9773068063652,4257.950410321339,8843.584797984453,4254.973103301421,8840.694360007763,4261.935567428285,8846.198735701088,1.5796776446927536,87,1.0531407114349796,0.8072930359215432,cluster_5
3068241300010200119,,630.3833013258367,4237.941663074388,8844.998649241521,4233.546068836723,8840.433694798076,4242.161251197388,8849.810231637824,1.5677501993819436,182,0.4889124820865511,0.9914066669070948,cluster_5
3068241300010200122,,875.8169396082418,4261.717164459267,8852.57989688615,4253.752960193646,8847.259575535041,4269.844172846613,8857.250702961292,1.7477553906280496,338,0.6146069021303505,0.7274785311062559,cluster_5
3068241300010200128,,681.1006682127833,4287.428863298559,8854.329770080627,4281.077471711531,8850.472211389948,4292.620563569859,8859.265709068115,1.5737158738615529,200,0.4958717321989597,0.9674100554194976,cluster_5
3068241300010200131,,133.77367232810587,4246.725597436944,8856.233293047533,4243.95791184109,8854.784485510865,4249.435279190729,8857.904233683554,1.8336693919216347,45,1.086374984449879,1.0,cluster_5
3068241300010200132,,599.2328200522616,4274.932296757025,8859.242786222685,4270.833908014667,8854.27820828464,4279.106687428875,8863.949758680965,1.1693991024957155,199,0.4878040226698501,0.9801723634425288,cluster_5
3068241300010200136,,463.1617868965302,4280.141043835612,8867.500042536294,4275.867829498289,8863.360140868326,4284.266825290366,8872.222566849912,1.8701228509141128,101,0.6021199232245248,0.9680880750082536,cluster_5
3068241300010200144,,684.0295184492276,4270.978928337537,8880.171801108967,4266.077881162342,8873.8344109185,4274.971415247984,8886.595216534304,1.898111135276693,140,0.5295310107127374,0.918079525720486,cluster_5
3068241300010200146,,1430.9797487596732,4230.054329392559,8889.45166601772,4225.842866678359,8877.702950422528,4234.605537015258,8899.45597651125,2.5290694818525536,350,0.4016213392279032,0.8973772766205803,cluster_5
3068241300010200148,,585.8277050725529,4277.138429869544,8885.243497067126,4273.573338710514,8879.724771309287,4281.02388018728,8890.449252349275,1.4850902333161045,189,0.513892301333475,0.9777813308202856,cluster_5
3068241300010200152,,723.3897803328288,4253.289087446849,8887.900632388204,4249.684824224659,8881.716424912778,4257.064888987777,8894.41205432488,1.7692289705423918,167,0.4780196134529149,0.9652556810470204,cluster_5
3068241300010200157,,881.050836746224,4258.402043669111,8894.687287209255,4253.92350575704,8886.951182622812,4262.505798474117,8901.584877012698,1.71716069560103,285,0.4375405959988442,0.958899385374217,cluster_5
3068241300010200158,,568.4971561213576,4265.236704980113,8894.06792692411,4261.8139806222025,8888.577484399928,4269.462398902889,8898.731843447113,1.4377956922921828,172,0.5333887365751978,0.9674571543844634,cluster_5
3068241300010200168,,745.8126945288453,4352.986530272291,8911.15792865763,4348.042498507582,8906.689791590466,4359.087851861809,8915.571398659686,1.243595796914425,248,0.4491428451585938,0.9837539547666022,cluster_5
3068241300010200169,,979.0874112144548,4323.101418204146,8914.419276036817,4316.880286202874,8909.098384389723,4330.165104141692,8920.763720921248,1.7818962130770934,190,0.4219548032944348,0.9556861400013276,cluster_5
3068241300010200178,,892.9298209280934,4317.826224384314,8932.9858373607,4311.319741730625,8927.631454785256,4323.576636768977,8938.15432998458,1.5436903304044025,184,0.4369316048886875,0.949542797967882,cluster_5
3068241300010300004,,503.3626925931346,4345.62477020916,8751.08941531538,4341.587822358276,8746.888662706582,4350.36164344417,8755.077140571404,1.5222722371361337,84,0.5676001394117692,0.9719178849113967,cluster_5
3068241300010300007,,338.79931552482515,4343.698068139013,8757.417413967507,4340.342964575933,8754.144135385059,4347.821949487559,8761.830510496466,1.236363399601268,55,0.7564609615525805,0.87084748831955,cluster_5
3068241300010300009,,460.0201691769682,4350.217153182373,8762.859550002775,4346.3708508456775,8759.24475462288,4354.584788916804,8766.215815740148,1.25839590949725,91,0.5712460212937871,0.9588869172392364,cluster_5
3068241300010300013,,414.96904829966326,4334.8129776673695,8770.951423116901,4331.307215639971,8766.757163217604,4338.572958387797,8775.271841008018,1.6026642126043622,103,0.6264359450407172,0.9383939254441288,cluster_5
3068241300010300020,,218.7638820485676,4349.187992677479,8785.503539885869,4346.728986390006,8782.445113180238,4351.757435628249,8788.429033305592,1.4147422105902283,47,0.8283257360331542,1.0,cluster_5
3068241300010300030,,169.03750155744774,4355.220744645033,8796.418217472323,4352.770704933295,8794.024705731452,4357.682031078195,8798.777793727637,1.4637342757775131,47,0.9479550888833116,0.9982046780857692,cluster_5
3068241300010300035,,215.9178787260281,4344.247880291235,8808.702692924415,4341.78869426041,8804.134958052684,4347.721122827593,8812.954240745948,2.3054322054771266,45,1.1887482191241598,0.6999268192352992,cluster_5
3068241300010300043,,676.5071758302217,4261.53812779664,8817.113080043348,4256.422507431813,8811.499711409926,4266.599323053707,8822.48106905723,1.1765784676061426,123,0.5177722773370972,0.8943378081750732,cluster_5
3068241300010300055,,556.3472382272437,4258.851518939132,8826.19113650008,4254.370557301252,8821.947591799424,4262.961914844979,8831.87774890155,1.412264333902473,109,0.5669484534831791,0.9142039569733126,cluster_5
3068241300010300065,,229.8874597679033,4260.882272265467,8839.316035481519,4258.275654008723,8836.420596935874,4263.63630276516,8842.444042113826,1.2742444991381332,70,0.8849910325629151,0.9080207603152776,cluster_5
3068241300010300067,,290.11836627231025,4260.615581212843,8847.006682073777,4256.238321146882,8843.13145479144,4265.575156234128,8850.704196635419,1.112795694348152,59,1.0850515485920242,0.6863709991185251,cluster_5
3068241300010300070,,309.28581488243765,4251.911466244131,8852.60695580028,4248.208947651133,8848.887972633513,4254.890465154791,8856.118458990355,1.250799459614254,75,0.7799739840115968,0.8729491912457402,cluster_5
3068241300010300074,,815.7410231180629,4248.481154142249,8860.447581710201,4242.149905726104,8855.152725044149,4253.821469169208,8865.443292652306,1.2165615362484894,228,0.4929896315398393,0.8702953026071906,cluster_5
3068241300011100006,,976.2573499658192,4452.220330335204,8739.254805562583,4443.869174466852,8734.255872618098,4459.518546901487,8745.026323002763,1.7735000083069077,242,0.4943417752550668,0.8166173754524817,cluster_5
3068241300011100007,,610.2365729664168,4396.004025093138,8743.399548764186,4391.506472530111,8739.304929446687,4400.849339245979,8747.303624578532,1.2120782851463503,98,0.477884194669023,0.9991422475506604,cluster_5
3068241300011100008,,794.2877341801963,4366.276747767229,8744.862709288276,4361.147826458376,8740.113422148563,4371.521874645084,8749.483129273967,1.1071902299464935,138,0.4208395705532676,0.9943740188652656,cluster_5
3068241300011100009,,624.5760566534487,4386.610094390991,8743.660641328914,4380.938195816984,8739.597143790445,4392.144406691497,8747.74759126094,1.7320295123864982,156,0.5345698867361258,0.9293386536589358,cluster_5
3068241300011100012,,1515.0829190874765,4466.845914226178,8747.056268590239,4458.743083577212,8741.428404353972,4476.6516736622125,8753.777084180843,1.7232500870029974,471,0.3315693516360884,0.9698149000759406,cluster_5
3068241300011100014,,813.440487095405,4374.990693451931,8751.35471234446,4369.603756738532,8746.399030658835,4381.116948764476,8756.060663387942,1.4610771841617562,117,0.4343790942513647,0.9750863646776772,cluster_5
3068241300011100016,,593.3042650046177,4398.651117439439,8751.793274687892,4393.878580212887,8747.654841261152,4403.291700562248,8755.847581139064,1.259624430235699,133,0.4893908759418127,0.990239090875016,cluster_5
3068241300011100019,,658.0187447488697,4449.651021968072,8753.771166020733,4444.899418415515,8748.42683861725,4454.642931534582,8758.635747836895,1.1772840048291322,235,0.4791292149896123,0.9942088495178004,cluster_5
3068241300011100020,,978.2804264959065,4480.958376698703,8752.484384066733,4474.515469737662,8747.830625447872,4488.11001544264,8758.050149947634,1.4478376165415816,275,0.4151487782910638,0.9499876907626782,cluster_5
3068241300011100021,,487.34390562034014,4414.118425211104,8753.33032975171,4410.421841287886,8749.16474764826,4418.456602562223,8758.025011060918,1.1737374250232304,167,0.5764405627450163,0.98207837891373,cluster_5
3068241300011100022,,417.4233302305473,4409.503909100302,8756.132089409371,4406.455394663446,8750.748059301057,4412.5857106033,8761.232880515456,1.9846116425253653,134,0.6557979041768399,0.938671282017534,cluster_5
3068241300011100023,,659.0722949242486,4383.621753796227,8754.58363671441,4377.481641603618,8750.906670873013,4389.615872320615,8758.096873302895,1.75548088057504,100,0.4890008669252403,0.9915345857946488,cluster_5
3068241300011100024,,656.4258268839303,4497.848455399385,8755.718736373003,4490.665749241292,8751.649520217556,4503.639425740035,8759.843000803246,1.4400945512198724,172,0.5636541410848985,0.8581199878430228,cluster_5
3068241300011100030,,526.385396724068,4506.630749348085,8757.83556100324,4501.469553472225,8754.242519672503,4512.768673111045,8760.685538447045,1.6350824220721702,125,0.5653512197398552,1.0,cluster_5
3068241300011100035,,519.9726612353539,4468.197563393627,8764.084663203821,4463.882719154552,8758.512864864877,4473.063741661476,8770.210494696605,2.970719955877139,130,0.6397102634075509,0.953208069296264,cluster_5
3068241300011100036,,1163.408807102985,4515.229494849408,8764.611992234852,4507.9458013303465,8758.771856569942,4522.408413034771,8770.64908129566,1.434036539954968,418,0.3930476807849343,0.920441443158716,cluster_5
3068241300011100038,,397.12635233421446,4373.675921841365,8762.62857802936,4369.385168829596,8759.768462654722,4378.131259465183,8765.872493723,1.5977503058475673,69,0.6117923666625374,0.9981572708677134,cluster_5
3068241300011100039,,469.7249166685328,4391.120463299551,8763.014137660006,4386.244654711385,8760.28260207955,4396.43008264538,8766.215815740148,1.8773157646059,84,0.6001721862291346,0.9769538324834915,cluster_5
3068241300011100040,,469.81169316360297,4382.401745431471,8763.94658348564,4377.697233519534,8760.5244257512,4386.34607545032,8767.57910507417,1.2766478132014765,112,0.5614856334105366,0.9833515677142104,cluster_5
3068241300011100042,,977.2174775733369,4450.6580768658105,8766.106073361314,4445.964397612166,8759.815186010275,4455.44266512925,8772.209203637252,1.348674844601858,303,0.3848424351710955,0.9830878706718345,cluster_5
3068241300011100043,,259.9382856044566,4404.578254485482,8764.758193848289,4402.476177208408,8761.26179172225,4407.082487811483,8768.861777990194,1.882653250143173,85,0.8082949920869733,0.977515288140318,cluster_5
3068241300011100044,,217.3997055331828,4471.559683139735,8765.489128975847,4468.205635382799,8762.241741282734,4474.353588221499,8768.701640967654,1.902496452699892,63,0.9454020105537628,0.9036025068624524,cluster_5
3068241300011100048,,773.0620341772714,4394.63742910718,8768.460660988916,4387.781430497345,8764.078973747686,4400.794760103237,8773.30588063647,1.560409143022027,153,0.5260722611401322,0.8630983012150945,cluster_5
3068241300011100050,,459.0028260404285,4374.964613142674,8767.901552939491,4370.358514653597,8764.652959425284,4379.679664512355,8771.182447249079,1.632472016512036,84,0.5712562236363388,0.9958945500862436,cluster_5
3068241300011100052,,1233.6904601174945,4527.776044623634,8772.276179959978,4520.68715577324,8765.285833357257,4535.951866561282,8779.194245337576,1.7497295370076176,382,0.3858795427145068,0.8915649661738472,cluster_5
3068241300011100053,,1796.7496079922778,4473.582630999174,8771.993944852502,4464.881034173166,8763.744214907161,4482.54158290365,8779.313130193634,1.541824522721199,544,0.3686241170104853,0.835605153927155,cluster_5
3068241300011100054,,713.8388792992233,4490.17129642985,8775.575535488808,4485.993311829953,8768.507434216712,4493.620181600434,8781.633605865793,1.598640597919512,174,0.4904998807614787,0.9629188602617136,cluster_5
3068241300011100055,,177.7127077095809,4407.127757526406,8770.882287711504,4404.2557066465215,8768.827062385724,4410.271017554941,8773.075456902883,1.7841260233624232,60,0.9406280428951314,1.0,cluster_5
3068241300011100057,,1513.760236359883,4503.56767249496,8776.20487774173,4495.877584374457,8769.610341488371,4511.944297374273,8783.595853303275,1.8454980739225049,365,0.3278546263026566,0.9789956729133944,cluster_5
3068241300011100058,,553.1187526092923,4384.731370818975,8774.281354852747,4379.991742861506,8770.159285746886,4390.642755601989,8778.491304625724,1.752094914275501,132,0.5893098761863554,0.925377468762608,cluster_5
3068241300011100059,,769.8376617539561,4443.335678428243,8776.188223973464,4439.154066427012,8770.3317143472,4447.798190909853,8782.313526602937,1.736170847130462,251,0.4482532739932979,0.9874464079866312,cluster_5
3068241300011100060,,1250.9389846299832,4538.622637470661,8779.960268118752,4532.961962965407,8770.656432634629,4546.173248907329,8787.509839397875,1.112803980496645,353,0.4601336511758566,0.8039894178370082,cluster_5
3068241300011100062,,679.5958572731108,4398.898991478916,8774.837051637498,4392.9662110709205,8771.627830055255,4405.241889083398,8778.527163149989,1.7796551441497557,108,0.4844950030965154,0.9866869552856096,cluster_5
3068241300011100063,,1020.528048697217,4412.357325559708,8777.035862942621,4405.458885335699,8772.151673123059,4420.344726367068,8781.459374690956,1.5861315352917345,380,0.4042052985958126,0.9581753135742191,cluster_5
3068241300011100065,,680.1528873717737,4449.647166800874,8777.66644965168,4445.225511870611,8771.84364053998,4453.965319954741,8783.259644940083,1.6420412787932477,207,0.4880387898244226,0.966803537681104,cluster_5
3068241300011100067,,551.126855930439,4389.067755816518,8777.944973199365,4383.057990398531,8773.596155134586,4394.416021696205,8781.557563506547,1.75715959672846,97,0.577812097415897,0.943943508385512,cluster_5
3068241300011100068,,603.5218399330195,4522.370780926346,8779.24829132238,4517.560160889492,8774.903107737642,4526.732315238445,8783.131120558832,1.123848678722445,165,0.492936513083071,0.9795920502876888,cluster_5
3068241300011100069,,1895.5107917432329,4400.708537371072,8784.124180736491,4392.349826508319,8775.441824553953,4410.950755140281,8793.204998193334,1.075575686853331,375,0.3299759416588484,0.820697798154969,cluster_5
3068241300011100070,,1063.6300557891027,4456.628222993165,8782.465853911779,4451.857431780969,8775.643687678834,4462.393705325942,8790.849313512059,1.628479099799223,283,0.4031199060237541,0.924496801414138,cluster_5
3068241300011100071,,1033.52406329527,4510.296388618681,8783.303050254797,4504.168486353201,8776.986347770946,4516.171808123213,8788.894708631871,1.1314003711580227,266,0.3802544748951119,0.9593740571216692,cluster_5
3068241300011100075,,615.1936813825948,4462.75441814894,8785.517980336635,4459.133580856157,8779.722654606765,4466.255804929681,8790.629120663236,1.6202430928390488,152,0.4979875694151373,0.9938700171734982,cluster_5
3068241300011100076,,1849.051130809596,4418.976072012144,8787.894537147191,4410.480911831434,8780.138019311898,4425.438399764844,8796.480405351973,1.1071531782516686,505,0.305720206201629,0.9145155923562942,cluster_5
3068241300011100077,,468.6843387437404,4529.240879790027,8783.998992212335,4525.546772804604,8780.02749376222,4533.016730013648,8788.106167697964,1.0960401290972808,167,0.5610037843479468,0.9708378112422896,cluster_5
3068241300011100079,,731.6988073695051,4384.90626267191,8785.570687904134,4378.997953469461,8781.662965140556,4391.125692013993,8789.873157566844,1.2170022720050246,103,0.4544479745782266,0.9778938479057768,cluster_5
3068241300011100080,,477.29654703204375,4474.190563942741,8785.243681809663,4470.576891731967,8780.919332139216,4478.049568707315,8789.854153065739,1.4166060948015975,169,0.568157906220193,0.975281526158337,cluster_5
3068241300011100081,,669.1634812294453,4521.512653570739,8786.5582411628,4516.551611096584,8782.457406712772,4526.482724657881,8790.9358077704,1.3202404031213026,218,0.4630385105995832,0.9868891087077404,cluster_5
3068241300011100082,,517.5709128872703,4546.777636834754,8787.399272377856,4542.821197411663,8782.900897891903,4551.611935259622,8791.162597921044,1.399018590899499,124,0.5413512300624231,0.9832415828572,cluster_5
3068241300011100083,,953.7175848103584,4468.770364504238,8789.528074240072,4462.871796587562,8781.684562735709,4473.505814269321,8795.901857836865,1.2407223205919549,276,0.450087719457965,0.8734437135139559,cluster_5
3068241300011100086,,1311.6607808873669,4561.689294725372,8792.99733302791,4554.366514472404,8785.678189092689,4569.897983729427,8799.104745644234,1.1594083833654645,308,0.3617237668305813,0.91329419656487,cluster_5
3068241300011100087,,878.8039861581864,4408.758422363623,8790.027679476107,4401.143261734493,8784.972562531768,4414.403056870037,8794.604436784828,1.3959154433359902,129,0.4473073928794421,0.9262365022021316,cluster_5
3068241300011100089,,1212.640425927515,4493.801721259501,8792.080200864295,4485.866022533651,8786.440918118304,4501.432006549344,8799.916667276037,1.2924714316585124,324,0.399484095659387,0.8687861420511146,cluster_5
3068241300011100092,,1293.5087547305027,4439.318338334938,8792.72679627384,4431.6251523628425,8785.237006624524,4445.395885382726,8799.134869964288,1.0093948276952176,235,0.3579051668834138,0.926822059903752,cluster_5
3068241300011100093,,672.236829920476,4537.830171901689,8793.090543714095,4531.632252783838,8787.589928738116,4542.596546990435,8796.983576813609,1.327087081232642,174,0.5069679374870141,0.914662189664779,cluster_5
3068241300011100096,,605.1968208482751,4526.318133611468,8795.28958418256,4521.995089269231,8789.813287917665,4530.769503233114,8799.462660092522,1.307741670324392,166,0.5224103549012699,0.9444793078145194,cluster_5
3068241300011100106,,532.6722975272223,4569.1651327429145,8799.194745511164,4565.1941038350005,8794.424932087475,4573.60387327139,8804.396972621511,1.480137353363391,143,0.541854515531624,0.9948995906822444,cluster_5
3068241300011100110,,661.0457102710426,4369.66215722084,8800.689680780133,4364.3183818909065,8796.503537017325,4374.754101295832,8804.45244585438,1.3639084317681114,115,0.470312867972018,0.981412083974551,cluster_5
3068241300011100115,,222.433264240164,4357.779052162572,8802.774650120511,4354.922284363671,8798.963653861156,4359.882991460851,8805.72283902804,1.6556275788229606,43,0.9018861618780158,0.929307137356302,cluster_5
3068241300011100118,,1618.7869336567912,4577.691930839742,8804.66694056137,4567.650191633867,8798.309624074895,4586.752510345004,8811.294211016997,1.6112638970638058,228,0.3204451525796057,0.9594802123084236,cluster_5
3068241300011100124,,702.0866712723712,4410.079328985516,8805.600248248249,4403.100757793429,8799.611687592975,4413.557686980934,8812.012076818288,1.171426910541828,193,0.5647245088562426,0.7318438631874606,cluster_5
3068241300011100127,,706.9910000197337,4505.844782001809,8805.125634054466,4501.559601179099,8799.814275106439,4510.241401713974,8810.49353394571,1.1340242241765808,121,0.4540616326355104,0.9890302516727416,cluster_5
3068241300011100128,,2485.0489042417835,4375.6513088898055,8815.922025212514,4368.055416801885,8800.374480403616,4382.321612174446,8831.654239604752,2.227896991107424,601,0.3540732653921399,0.7503695606148267,cluster_5
3068241300011100130,,755.0333900580371,4518.716814905986,8806.990376747255,4514.589387204504,8801.012610499836,4522.940371788894,8813.235956861781,1.599838475293713,162,0.4577008419928491,0.978125984591824,cluster_5
3068241300011100135,,996.2375971386994,4592.68312236094,8810.053039085453,4585.606129874799,8804.229436701644,4598.755211186709,8817.243958097122,1.5575516955121331,116,0.4352869397360459,0.9374766541392298,cluster_5
3068241300011100136,,664.9629255054716,4615.960909996925,8809.970554309346,4609.570562044857,8804.134741372749,4622.043100921861,8815.845298808412,2.612703382186897,62,0.5668420629105758,0.9446846380006284,cluster_5
3068241300011100141,,1815.719749575116,4385.244256834878,8818.798163793414,4378.886801050091,8806.308539170239,4392.185873711883,8830.124492700561,1.8017649535491136,609,0.3852721665636531,0.8106585768754795,cluster_5
3068241300011100142,,395.4619964274414,4397.945802826045,8809.416251287026,4394.140157290722,8806.668298951301,4402.850951993331,8814.33184870583,1.162934101088265,49,0.7602257670937166,0.771716823028991,cluster_5
3068241300011100143,,2272.479406571443,4366.496306728455,8820.868653951371,4357.5336608598745,8807.457905777646,4376.032202997379,8832.360330274902,1.9689139381846128,398,0.3678975922154021,0.7239530191211391,cluster_5
3068241300011100159,,231.71702246681045,4600.145318154315,8816.607136673032,4597.177083654509,8814.030887641247,4603.542916972152,8819.1332324875,1.3664280239672957,40,0.7948196541245584,1.0,cluster_5
3068241300011100163,,803.2936592912317,4625.030534147148,8821.75474532676,4619.819553901409,8815.13685299736,4631.885941616094,8828.508594051127,1.0528687861210848,109,0.5341914735882506,0.7988791189015415,cluster_5
3068241300011100171,,1533.5044276983951,4607.503432869212,8822.256018138296,4599.369720446431,8815.692611984954,4617.949099161491,8829.235093832043,1.480017920626303,145,0.3513979822484643,0.8680281778023887,cluster_5
3068241300011100179,,1459.5006515863515,4394.810758983131,8832.156180288643,4385.724718586508,8822.30114834976,4402.281382615878,8845.749407752384,1.5774979138757848,303,0.5639678846415691,0.5966343926000642,cluster_5
3068241300011100188,,967.7926239134111,4384.293413165006,8835.251788339889,4377.921419680531,8830.054505210814,4389.89964074263,8840.731052117057,1.0344574672075897,192,0.3953017113951201,0.9615319997634556,cluster_5
3068241300011100198,,1285.2735718619242,4519.108329494774,8841.985969212386,4511.303052396115,8835.344540636805,4527.168709934037,8848.751549521176,1.9412718375914109,321,0.3968435119659054,0.908295799820954,cluster_5
3068241300011100201,,411.00867330165846,4418.987004305935,8840.503382762095,4416.086712877629,8836.654484949335,4421.960454944216,8844.680808371015,1.3839832526670215,123,0.6035694226131111,0.9906518946098796,cluster_5
3068241300011100203,,607.1018935994708,4376.25419081081,8841.11269218907,4371.46554696713,8837.066853727238,4381.29793086236,8845.803247615046,1.1285788359132416,128,0.4879678860304727,0.9960086624274408,cluster_5
3068241300011100205,,1712.0641848338346,4382.9715859485705,8847.82418819408,4375.384715463244,8839.525670742194,4390.440652912744,8856.613899505342,1.587472052264901,288,0.3158640331811501,0.9227858608081418,cluster_5
3068241300011100207,,730.3919943399867,4507.98630967602,8847.028669297513,4504.492478479079,8841.608791722203,4511.907594664425,8853.583121874963,1.6981237356691603,74,0.4705796369956868,0.9778332856295776,cluster_5
3068241300011100208,,363.367392978241,4406.296439708215,8845.52663470218,4402.863084608242,8842.143607416614,4410.85108898113,8849.579008082344,1.66174340758949,58,0.7046002310358782,0.938116576699733,cluster_5
3068241300011100209,,323.5585874252285,4373.296611119121,8847.179873982195,4369.628220968228,8843.933192896999,4376.668120348732,8850.46853984311,1.3016893640075051,71,0.6753615724048466,0.9768108695186976,cluster_5
3068241300011100210,,1630.3741009417215,4496.683921211988,8854.834908518804,4488.832859061642,8843.567386761708,4504.548320462693,8863.417567372859,2.09486516090688,332,0.3914988347360713,0.8373796139716916,cluster_5
3068241300011100216,,2748.1831958505218,4386.451268440739,8863.408880783723,4378.268402075085,8849.554341172165,4392.758607113594,8876.703254018112,1.876527461001795,493,0.2734841545865282,0.8701435001038053,cluster_5
3068241300011100217,,473.9472809965568,4505.113884815169,8855.628375583508,4501.468551970884,8850.5871163809,4509.147712883439,8860.22831989968,1.7107845375926491,121,0.5924782459116459,1.0000000000000004,cluster_5
3068241300011100221,,1926.2928094990743,4478.165454643359,8862.867656094915,4469.27012657271,8854.7969936295,4488.705856719393,8871.42611473774,1.819116263828253,274,0.3017988799008085,0.9516723663503204,cluster_5
3068241300011100222,,722.7659363072701,4404.618864477325,8864.073288190542,4399.466992226414,8856.217943197526,4409.299059377873,8869.737791858195,2.056727090804922,125,0.5659570387499637,0.846868999487786,cluster_5
3068241300011100224,,835.1506588245426,4501.593469966933,8862.624873193434,4494.943271201738,8857.606230574364,4508.466890266916,8867.67233754785,1.514945276405103,223,0.4590897893650272,0.9274698495309144,cluster_5
3068241300011100225,,553.7448985153245,4412.977176362269,8862.84462236191,4407.727082496058,8858.774757819085,4418.533587614808,8867.09500256864,2.0349978038956507,165,0.5631861973077265,0.9723106806766189,cluster_5
3068241300011100226,,330.33848705448776,4397.743450769095,8865.35208178434,4394.89717136828,8861.58927935999,4400.929720890676,8869.033293231761,1.712109250622832,68,0.7180184606058333,0.9357946047021636,cluster_5
3068241300011100228,,1512.0926752615328,4487.660868032718,8873.455711993956,4479.390945028323,8864.627712105892,4495.742792800732,8883.763552028167,2.139510059986464,403,0.3768837468718148,0.9001900624197077,cluster_5
3068241300011100232,,508.76439979297766,4397.629983091726,8872.767363162558,4392.956979072115,8869.141287959817,4403.16028216822,8876.520507533722,1.214782465373522,168,0.5945527787591628,0.917539507703484,cluster_5
3068241300011100234,,268.30634229491585,4404.010606037943,8871.54579585105,4400.157859418901,8869.148387415824,4407.287218164751,8873.99342835825,1.5147133848773628,64,0.7616737343260158,0.9967989339850224,cluster_5
3068241300011100235,,668.2261337441522,4462.387945326485,8875.181005195504,4457.319654287443,8871.090974594666,4467.8228523514645,8879.616776581232,1.432042342549251,172,0.468971873275768,0.9928610150691396,cluster_5
3068241300011100242,,645.5026829424335,4475.4331536809,8879.823332772268,4468.469104800255,8876.264529214408,4481.36518857314,8883.571364148742,1.739350359628545,185,0.5160391611125926,0.973672196313372,cluster_5
3068241300011100248,,423.160776950622,4404.182236838699,8883.198199217746,4399.9520206974885,8880.198849520868,4408.426384263468,8886.090857706122,1.4401585399958854,97,0.5828625939713362,0.9932536487672105,cluster_5
3068241300011100250,,580.426756015269,4397.094179863842,8886.856158936307,4392.768010559405,8882.756246058985,4401.781371879956,8890.94938659463,1.0698794267423877,91,0.5005453793812831,0.974941061906017,cluster_5
3068241300011100251,,1104.3297154415477,4438.10287460163,8889.53165613563,4432.11187144003,8882.75624605893,4444.368398032868,8896.443465341466,1.2897270361127848,414,0.3745215021500522,0.9656947237353876,cluster_5
3068241300011100255,,774.0672356522523,4449.558911119235,8891.161384526773,4442.164820393048,8886.323826624497,4455.540624222102,8898.120650650591,1.905158414858039,258,0.5827362385388523,0.7838295651041713,cluster_5
3068241300011100256,,323.0313031331961,4443.0769346099005,8894.187198379934,4439.481652895229,8890.32988159532,4446.249865232406,8897.21229489025,1.0613728614841835,87,0.7004088098192262,0.9858995491799524,cluster_5
3068241300011100260,,1518.2290729013152,4403.677404978035,8903.906738940377,4395.681693646733,8896.583325789801,4410.858754100333,8910.68933741325,1.2547525060410794,63,0.3103079967203233,0.9756453690027374,cluster_5
3068241300011100261,,323.607374930738,4379.720821626092,8902.282226309342,4375.017279139658,8898.858842676274,4384.373562304825,8904.760543717131,1.7476788241924095,64,0.8127965456297882,0.8533384357039371,cluster_2
3068241300011100262,,372.7291803880765,4372.186798568871,8905.358983511205,4367.975400534898,8901.343984165,4376.824346410343,8908.33687786161,1.5220176322001229,38,0.7960717307458706,0.7977841272962259,cluster_0
3068241300011100269,,1473.5572162938454,4367.27884193543,8923.254712270567,4358.079868424654,8916.906910128928,4376.072419897349,8929.35177799186,1.725308589199393,181,0.3259192834330444,0.9946390860351368,cluster_5
3068241300011200004,,1274.928393916391,4410.633082824673,8731.92377386366,4399.92001846029,8728.17516488451,4420.902510002551,8736.880835100745,2.79047270370312,320,0.4096386686394725,0.9294016990237894,cluster_5
3068241300011200005,,2362.6924861271086,4433.826114253683,8736.840437056248,4418.264398268835,8731.23809130103,4449.400531233992,8743.752912304539,3.203995774991886,554,0.3340210090644312,0.8925691433864985,cluster_5
3068241300011200007,,427.5320336928025,4375.406269258542,8737.151710301167,4368.218354287868,8735.341422457113,4382.004293760937,8739.15107253766,3.802525589499184,130,0.7624851937180662,0.9410858922338834,cluster_5
3068241300011200008,,623.1139187702458,4388.848440845489,8738.202829462856,4382.004151076043,8735.343442262789,4395.966971072244,8741.269033559254,2.4000088987521724,154,0.5561781631772414,0.963837386787687,cluster_5
3068241300011200017,,730.6012219589004,4454.575344042177,8747.480291220842,4448.442066704483,8743.111440318675,4459.55098490037,8752.709060930518,1.210349764919287,189,0.4672095677205688,0.934483028252898,cluster_5
3068241300011200018,,417.30235482497454,4405.331987709091,8748.775909741433,4402.675486528203,8744.103003005495,4408.589807717472,8753.304766321036,1.5487751625299973,93,0.61202755305056,0.9847790169865857,cluster_5
3068241300011200025,,522.729285456568,4489.567858982361,8754.527604135184,4485.105100402457,8750.21644341225,4494.149316417479,8758.878670614824,1.2706000543154397,204,0.5611418791595092,0.940111893541633,cluster_5
3068241300011200027,,739.5988974144536,4382.485504572754,8758.603385927314,4372.557360594155,8753.617349994249,4391.959626197448,8762.154671028718,2.5617831811680705,193,0.7405036163367159,0.5778611823011839,cluster_5
3068241300011200029,,989.5926874683784,4457.280859805269,8758.811037494945,4452.74418322618,8751.688608195043,4461.706512896224,8767.527612671172,1.8050083530668792,315,0.4251118808401123,0.9281704160861928,cluster_5
3068241300011200032,,1014.1543919016876,4397.902630790955,8758.719044575728,4389.821294729524,8752.681595713053,4403.772749921289,8767.145686630894,1.1835495090725827,277,0.4938041340040762,0.8103742465719679,cluster_5
3068241300011200033,,958.8813574603648,4465.1526298660965,8758.786279657748,4460.131392082412,8752.82626693809,4473.413103782733,8765.389800436822,1.0188313801235922,287,0.4613997450805382,0.845627562611657,cluster_5
3068241300011200044,,1273.7804635300756,4485.6889802028645,8767.152068892923,4480.275506315115,8759.980646166674,4491.7333741872135,8776.975524466332,1.468883514079323,385,0.37810696741002,0.9208571124224236,cluster_5
3068241300011200045,,174.21594884719048,4522.621427495834,8763.64622817165,4519.337990915466,8761.307706152093,4525.928776190254,8765.866208973164,2.6934355204686264,33,1.0312307642806913,1.0000000000000002,cluster_5
3068241300011200049,,822.8657377346661,4438.846993525383,8770.003570758112,4435.336126100366,8762.54014232609,4442.836903405147,8778.456723102508,2.3240236161670387,195,0.4794632911110991,0.9557172078303732,cluster_5
3068241300011200050,,1022.4251698299528,4495.823767874802,8769.104352872602,4491.2965612268,8762.233003567026,4500.516386674085,8777.487425573434,1.632125457966546,283,0.4093711831897965,0.950786930497552,cluster_5
3068241300011200067,,630.4036205345956,4516.452296526368,8775.79277070654,4512.567695659533,8770.547882774697,4520.650866392077,8781.830975911842,1.585154250653525,189,0.500907811712917,0.9596914813095732,cluster_5
3068241300011200073,,734.6818976284562,4479.614862211929,8778.794763824206,4473.936458538257,8773.592585982533,4484.904759769854,8783.598635945898,1.4607327295843555,261,0.4576461829912399,0.9605026541223946,cluster_5
3068241300011200076,,1549.673562683167,4433.692487429192,8781.877778988184,4427.821579288842,8773.152979219298,4440.552429610025,8791.141769104446,1.318161525365976,342,0.3429530287963507,0.914446684232376,cluster_5
3068241300011200078,,970.1919314777874,4551.66074911775,8784.351143685415,4542.766076462888,8777.1224759536,4560.966330864444,8790.934352421667,2.49074283819034,188,0.5279290737254368,0.8125503574656597,cluster_5
3068241300011200095,,931.5065473207214,4481.85514049543,8791.070292188771,4477.085803936884,8784.691122197137,4486.600352206206,8798.645315903212,1.4607448023140743,234,0.4152470395461605,0.9728973315960764,cluster_5
3068241300011200096,,894.6403266564344,4392.436962311126,8791.727427370186,4386.605486980086,8784.875788211844,4398.7499765661705,8797.641155622783,1.1594979383746784,196,0.4617285799364953,0.860802277122129,cluster_5
3068241300011200100,,463.5288962682541,4532.18981311516,8790.131639874606,4527.81096499795,8786.62655755067,4536.919332153164,8793.848040858225,1.2788388735070548,164,0.5729919254164902,0.9769549227797746,cluster_5
3068241300011200104,,594.3352696927899,4476.542692927561,8795.679975891531,4473.100263538082,8789.482108852462,4480.967727809898,8800.984254691199,1.997373012856863,147,0.5460512290563075,0.9658785116779172,cluster_5
3068241300011200105,,1582.1491334843054,4511.713644236645,8796.879908280594,4504.4820826300365,8789.463206925911,4520.276714873895,8803.936597244634,1.3710328335275883,447,0.3210483821928651,0.9332026265412924,cluster_5
3068241300011200107,,684.803673411461,4501.246870312622,8796.771384703656,4496.910296618678,8790.764246085888,4504.927704163375,8802.557135076424,1.4131171815692187,196,0.4820659468452918,0.9629305500968685,cluster_5
3068241300011200108,,818.5452994501784,4404.758586438522,8796.194656552572,4397.501540658832,8792.701203435205,4412.586712105016,8799.484688363813,2.294939450903964,129,0.4706243548678293,0.9743347698729836,cluster_5
3068241300011200109,,1166.3230847480384,4456.594979449607,8798.704404300954,4448.981827578646,8792.600158053194,4463.266311150002,8804.754401767257,1.0851281287702692,229,0.3758053080210951,0.9330195141230349,cluster_5
3068241300011200111,,756.9661839621187,4489.168875583458,8798.736572073125,4484.315974266306,8793.182896841307,4494.376163227277,8804.356400547182,1.54406404521668,165,0.4461390290440851,0.9933200119554004,cluster_5
3068241300011200113,,1083.5615038537735,4468.4097402349735,8799.669986322713,4461.59704346515,8794.252459979294,4475.306055790416,8805.958576553572,1.3606937125024725,204,0.3787373799493116,0.9658654667012015,cluster_5
3068241300011200118,,176.11086495673823,4415.952034472854,8797.954351071998,4413.098240168419,8795.939801475984,4419.36869993244,8799.695075261467,1.8766621000661463,45,0.9775806936138304,0.9688941594098746,cluster_5
3068241300011200119,,764.9439790877955,4538.074647087632,8799.460173571553,4530.777819610564,8795.775142605404,4544.863838973306,8804.211924049509,1.6855971818400677,175,0.5051121230619761,0.8704642059329103,cluster_5
3068241300011200122,,1172.6835331610314,4392.0001371752505,8806.686385011262,4387.315111894675,8796.874959722105,4397.328085090755,8819.084105984226,2.7446795432481106,275,0.4947106134062914,0.8266219889555816,cluster_5
3068241300011200128,,663.5180340214182,4401.203737603654,8802.252363624037,4394.896989372628,8798.927766971372,4407.79380701475,8806.68857440574,1.6225250770776067,76,0.5564793447418658,0.8869953892311317,cluster_5
3068241300011200129,,939.90052987716,4417.353455210069,8806.008034568275,4413.060931943915,8799.039389084028,4421.220005586714,8813.990842691856,1.9268862494721128,270,0.4575126450318305,0.9080758391585732,cluster_5
3068241300011200130,,1554.2301070553456,4529.766912517037,8805.01301995544,4521.340069024735,8799.049807851958,4538.456848372291,8811.75486999162,1.5796859180893728,345,0.3397621276734499,0.9192131687446298,cluster_5
3068241300011200134,,1082.500358540418,4496.255441383318,8806.479718983255,4489.712335773404,8800.067188092002,4502.096925607624,8812.533045957462,1.005436532420645,244,0.3708770364266689,0.9638470023054964,cluster_5
3068241300011200135,,905.159768190816,4483.019708800715,8805.700014727685,4475.446966196914,8801.544773133124,4489.854429735658,8810.046143441992,1.719807112137339,195,0.4679080003071823,0.8923062907156509,cluster_5
3068241300011200137,,410.0942058871265,4361.600181445859,8805.755740246981,4354.911414678416,8802.746558476778,4366.979988920167,8808.137503833179,2.3287809441220624,110,0.7708859193548453,0.8354801410566677,cluster_5
3068241300011200138,,539.689415084165,4512.391428322545,8808.721119424,4508.890367764203,8803.804477486046,4515.813779687671,8813.496872316473,1.4661006755480792,56,0.5296410345379735,0.9867103542419832,cluster_5
3068241300011200139,,288.68188500544704,4369.640063573585,8807.067825228574,4366.366442360738,8804.41700869733,4372.837896325748,8809.522595514545,1.267749606345094,35,0.7063197233679483,0.9876255302590576,cluster_5
3068241300011200141,,597.5949751411827,4412.39842486096,8818.704265503176,4409.238793470943,8807.75538609217,4414.854656986162,8828.857838680919,4.123202063132489,148,0.9088541167628196,0.6841346292713977,cluster_5
3068241300011200142,,754.6941113912779,4552.103040278987,8807.827074765575,4545.300240426379,8803.312642887824,4561.071503866153,8811.613310730658,1.8106844912865472,90,0.5721220019219734,0.8099949016621989,cluster_5
3068241300011200144,,961.158808256602,4611.205901782513,8812.711844862128,4604.551200823018,8805.292534876526,4617.775228619376,8819.888723983313,2.389300335748951,142,0.4523113155154323,0.937882804549264,cluster_5
3068241300011200152,,612.9023763791357,4602.709499346998,8812.091876124467,4598.024702024247,8807.91431838986,4607.795397171499,8816.5685935112,1.46561342132851,132,0.5110708198916235,0.9562746353528674,cluster_5
3068241300011200154,,476.4899646583767,4526.292833118908,8813.544949750794,4522.831280885999,8809.331418359025,4530.023496222847,8817.621306294719,1.3224982540438333,31,0.5412110753365686,1.0000000000000002,cluster_5
3068241300011200159,,438.70612476672295,4397.050607307629,8818.520524996757,4392.065823777553,8814.412666163933,4403.292970702821,8821.33062340668,1.9429102181746605,107,0.7919739402445737,0.7188171834704176,cluster_5
3068241300011200175,,1366.7907636548616,4631.980604797136,8829.264333089579,4624.052236449629,8823.035417740208,4638.064558502593,8836.520383704488,1.2765067554145142,260,0.3410478766897938,0.96885467221555,cluster_5
3068241300011200177,,692.9367095333683,4355.555214250343,8828.158873151291,4348.643588804865,8823.679751824702,4363.216677123467,8831.700120287114,2.2429436478231564,73,0.5424160761648146,0.9068180591184898,cluster_5
3068241300011200183,,499.0091424298972,4400.890985698025,8832.660619055385,4396.650535233268,8827.567036410892,4404.618775721301,8837.871982263678,1.3541720887168784,79,0.7022944201481448,0.806632145716833,cluster_5
3068241300011200191,,815.6262442857462,4372.967420022444,8834.120484098747,4366.100474757209,8830.351611216156,4379.174502562192,8839.06356960192,1.525456961067744,157,0.4701445344515295,0.9203343243052708,cluster_5
3068241300011200193,,1429.1104489194252,4393.466013403732,8844.332272099711,4388.488566029097,8832.124930452028,4398.52346088976,8855.866905059973,2.879761664724837,452,0.4096069850885452,0.8827511272611771,cluster_5
3068241300011200196,,558.3798841310336,4530.38644494056,8838.007293287561,4525.998944217175,8834.085527429585,4535.593824283727,8842.66799999797,1.624638247251001,93,0.5456001678511759,0.9434374463107776,cluster_5
3068241300011200197,,419.4403599506094,4422.6797047012,8840.681301965014,4417.643625699528,8835.14878283759,4426.121822042514,8846.68279532066,1.692883900483565,62,0.904427522320204,0.6168193306328714,cluster_5
3068241300011200198,,445.7870532240888,4404.206633651761,8839.521201638347,4401.010848034639,8835.561423916928,4407.707620003476,8844.415537062825,1.3411707803815458,61,0.6069978204554253,0.9413708719119176,cluster_5
3068241300011200206,,461.153039461677,4413.551705569952,8843.082829848472,4410.015771459036,8838.488644494411,4417.017840674731,8847.318730528461,1.5827873147564544,178,0.6022691583978871,0.9624946210594636,cluster_5
3068241300011200211,,266.1133448210616,4400.652877765416,8847.924628486637,4397.830879223234,8844.662621797499,4403.185158782989,8851.297303126723,1.2762699853623247,59,0.7445190635772211,0.9909335897556886,cluster_5
3068241300011200212,,1199.141065985996,4515.275747761953,8852.146709222105,4508.160885588344,8845.72543647281,4522.967100762764,8859.522617839652,1.9532567267460568,313,0.3878905062225882,0.9328224597435258,cluster_5
3068241300011200214,,459.3961327143754,4414.744644010504,8850.969772124217,4411.03792470309,8847.374491934599,4418.250424966556,8854.763409540223,1.0445130336863655,121,0.5731876170062725,0.96921027880222,cluster_5
3068241300011200216,,467.2396890315882,4407.176988580656,8850.669105639257,4401.678409426052,8846.91496371262,4411.515784728207,8854.002415897683,1.589208726034793,78,0.6262718636997481,0.9079993626899282,cluster_5
3068241300011200221,,468.6320881754895,4398.94663644007,8857.504903320594,4395.799372371774,8852.517722203302,4402.326686449763,8862.790296390061,1.6361641979582833,110,0.6652583463826626,0.8336295780549813,cluster_5
3068241300011200222,,460.46254329576897,4404.239218110772,8856.682467441495,4400.497527990306,8852.964107022735,4408.239584175299,8860.892471257019,1.193690620496503,82,0.5622758344676165,0.97783428742958,cluster_5
3068241300011200224,,441.2019293621047,4413.02941687857,8857.289907764576,4409.190390938108,8854.216389200723,4417.830579268201,8861.085115794049,1.2686351504759483,146,0.65500126024096,0.8882775810660541,cluster_5
3068241300011200228,,490.3248517483296,4393.42690109396,8863.084261580645,4390.369776105051,8857.440512275998,4396.758038903905,8869.744494429937,2.0603380113211625,129,0.6449764016918588,0.8869561233059353,cluster_5
3068241300011200233,,840.9745283066184,4420.03900459791,8866.787092594559,4414.962654361454,8861.797646452022,4425.430777213919,8871.517171977046,1.0785610229260902,259,0.4111681604682298,0.9914582392270248,cluster_5
3068241300011200235,,664.7862443336775,4410.358352350581,8870.548147220738,4406.02600516175,8864.550984294976,4415.15458135007,8876.985879853308,1.3008488329070562,202,0.6381291048410019,0.7487050852919452,cluster_5
3068241300011200236,,1443.5551810463862,4428.429864039856,8876.152845733399,4422.112684399392,8866.465627083402,4433.812984857786,8884.277497639794,1.5225910844329515,368,0.3720351883887333,0.8861434862558989,cluster_5
3068241300011200241,,1555.4378715863097,4447.557087593664,8878.964485854,4441.179304649537,8870.971126992632,4454.423072760526,8888.318208363482,1.0020471085912426,363,0.3478006582988788,0.9306889366359488,cluster_5
3068241300011200243,,415.7375967522593,4493.605490500283,8876.498303462375,4489.372845938105,8872.935191695926,4497.90136687979,8880.295744925159,1.940296653848995,38,0.6324725045101127,0.9721545390977006,cluster_5
3068241300011200244,,358.29813446473355,4403.304241976671,8877.809998698607,4398.244908006701,8875.412604551135,4407.903221701861,8880.38791483277,1.9060566568903703,122,0.6927113633179199,0.9811022107336484,cluster_5
3068241300011200245,,267.9626294396004,4384.905885403853,8879.230218307517,4381.941774928435,8876.700918923725,4387.817934077836,8882.296155966154,1.04882172043579,56,0.7419265780353915,0.98625834437244,cluster_5
3068241300011200250,,1734.2059845917738,4466.146503294572,8885.812448220955,4457.627413237713,8878.97485637549,4474.171223542755,8892.448539085555,1.2092643974324413,459,0.2941373578269091,0.9752610248682844,cluster_5
3068241300011200252,,320.0047793289053,4412.258534993946,8884.12230981988,4408.582413644943,8881.544234914223,4417.122326865249,8887.38477463717,1.5927962801982587,192,0.7910786677978425,0.8713673889527805,cluster_5
3068241300011200254,,482.5387623262757,4387.639450402486,8884.767995618771,4383.211426025409,8881.023687610033,4392.728215953252,8888.98036555328,1.2642237634713294,139,0.5809993468757763,0.9503204819503268,cluster_5
3068241300011200257,,1522.4699941667204,4421.42056919244,8889.94031366254,4413.336622239025,8882.638225612254,4428.454703722114,8896.4108026379,1.076865366464796,411,0.3252944405079604,0.945687930551494,cluster_5
3068241300011200258,,1455.9699131217285,4400.428366763295,8893.012378867998,4391.092379741862,8884.670519418229,4408.5109373922005,8899.205643925116,1.5850707759967306,457,0.3920264309294396,0.8275186876657965,cluster_5
3068241300011200263,,1711.9449089008742,4358.988544967721,8901.540050755897,4348.553043449164,8894.586222215212,4367.976696479109,8906.501422629439,1.4370584162769593,370,0.3094279087412379,0.987288277603015,cluster_5
3068241300011200269,,1005.705412622159,4390.130438230693,8905.699119205108,4383.701643570721,8900.304501363255,4395.929281461323,8910.827252989364,1.2122404877231825,301,0.4036923178105688,0.9476179877210726,cluster_5
3068241300011200270,,869.7120090499448,4380.265861127416,8908.679348999414,4373.936160062822,8903.68628323448,4386.483499156225,8912.94184040589,1.428361420664942,267,0.4324009009301141,0.9470310452496596,cluster_5
3068241300011200272,,1572.11466426864,4365.317963269568,8912.364452817654,4354.133451432766,8906.657984682963,4374.545801153374,8917.503716386338,1.952555390132552,481,0.3481530995782381,0.927932815492586,cluster_5
3068241300011200276,,172.36756166157275,4357.768382326639,8928.879267930259,4355.544631283807,8926.292527372638,4359.955189394183,8931.213724243155,1.2013271932524785,40,0.9051470330068596,1.0,cluster_5
3068241300011300020,,538.1391777342557,4368.524912627991,8759.485926468631,4363.986669511852,8755.861612817856,4373.647253185456,8764.293226074353,1.6344054254947369,122,0.5567160053240426,0.9590614455791564,cluster_5
3068241300011300028,,272.7092226146324,4385.060042703874,8768.698852038266,4381.676353131206,8764.949762810738,4387.880320934771,8771.870782788383,1.0583947623311722,87,0.841101927205658,0.8798687392333523,cluster_5
3068241300011300031,,422.2946812346361,4376.12597302544,8772.712579286985,4371.914228750015,8767.247803470022,4381.36397010541,8776.692019214192,1.844647789519626,116,0.7690683072138115,0.7673004681549469,cluster_5
3068241300011300048,,169.52029053885337,4390.594650706916,8781.944917573674,4387.778716172246,8779.815627940932,4393.120867145183,8784.008214721389,1.2592896565254428,35,0.9306166707104684,0.9954310641462962,cluster_5
3068241300011300066,,531.8907198977322,4366.198899733191,8795.151425548203,4361.071964090412,8791.931553782377,4371.9395052138,8798.931657399988,1.5438192992758055,143,0.5533302967699295,0.9489693156070969,cluster_5
3068241300011300082,,419.9976040960619,4380.702080865245,8807.491648948439,4377.811557260776,8803.00121443866,4383.636918984865,8812.221729612445,1.3814433609869532,90,0.6042951686098773,0.997299642401141,cluster_5
3068241300011300086,,507.9281470043567,4404.129470191335,8808.17605320968,4398.102056051866,8804.150489941503,4407.7210485452815,8813.11465163431,1.419820954315584,64,0.6398438044761406,0.8253612157991614,cluster_5
3068241300011300089,,287.5386971582206,4354.231267505152,8810.8249863445,4350.621945155916,8807.449016369912,4357.393556788746,8814.046743846659,1.4744587159291258,78,0.7362316316077196,0.966213109140298,cluster_5
3068241300011300095,,493.50709793236905,4399.13190045666,8814.41178797784,4394.599410778526,8811.153900523666,4404.604345638362,8817.715614466337,1.4780663578481303,71,0.5558930292763257,0.9880394588687426,cluster_5
3068241300011300100,,594.1441818613238,4402.994412565527,8820.734924957624,4396.567161809368,8815.305765353221,4407.568263378887,8825.243679324087,1.7131303816663732,77,0.6712988585306557,0.7870105355236189,cluster_5
3068241300011300105,,494.129839295907,4412.613162553451,8833.250657681014,4410.015860265155,8825.837918989544,4416.355243057576,8838.752652590572,2.050073501311164,145,0.7723126181152162,0.8315410947927078,cluster_5
3068241300011300108,,334.49897081592223,4404.098845695181,8826.180247894668,4400.214763615288,8823.528970549709,4407.931324427407,8828.859254394996,1.453025844886047,32,0.7183995000722626,0.9151322377223836,cluster_5
3068241300012100083,,2116.575488990079,4674.021434118452,8863.527868928546,4661.297908240779,8852.63213965589,4687.885378416146,8873.769827166847,3.558068024420901,504,0.355873375095188,0.8878962393480544,cluster_5
3068241300012100087,,1657.4297101630143,4690.286426714661,8878.849080457061,4682.603573535892,8871.083524348871,4697.865208165586,8886.62102027536,1.3138090664209716,203,0.3081656874221284,0.9602260205825772,cluster_5
3068241300012200392,,3841.224890764551,4652.402756599237,8845.90395838738,4641.865876147584,8829.64234977589,4665.660737195911,8859.955954545247,2.106847587093555,564,0.2495424494470874,0.8712117660403126,cluster_5
3068241300019100024,,978.3673219178348,4233.8995628420735,8966.168292522254,4228.371111603925,8959.593128570528,4240.610465239183,8972.028235960217,1.0865842848524945,213,0.3966255272952485,0.9782546722390146,cluster_5
3068241300019100025,,1868.2523566033783,4222.637548276464,8987.405774173601,4216.05492239731,8972.506085690658,4227.040673220717,9000.343505663499,2.540707856530856,432,0.4084175917151188,0.7098475630314097,cluster_5
3068241300019100048,,1488.502829481214,4123.028698415882,9111.365074086149,4112.793620843485,9102.969083943157,4135.114520997875,9118.379738471209,2.598314055659793,198,0.41525526150508,0.8595734406946122,cluster_5
3068241300019100056,,305.32020172275395,4181.25395361831,9159.520839946674,4177.580717539428,9156.07977683933,4184.685118877837,9162.85149687664,1.8306140597758425,39,0.7232938263176723,1.0000000000000002,cluster_5
3068241300019100062,,945.5562551484584,4215.056172684054,9211.754591365338,4210.938664266003,9202.25132473656,4220.2255899514375,9218.111423755488,1.7602981172426713,186,0.5275350403176323,0.7763079632071028,cluster_5
3068241300019200027,,1059.516112074209,4220.11629909368,8967.831447311311,4216.128560229842,8958.48703591869,4226.074441284107,8985.55655140252,3.151811563401204,200,0.7176233705318787,0.5508676818834997,cluster_5
3068241300019200038,,1751.0944277754274,4216.2346922131865,9006.300637863382,4209.696393730981,8996.95366945758,4224.021942106928,9015.077602720488,1.5089559606942184,325,0.3303507951420741,0.9016534525207132,cluster_5
3068241300019200091,,1849.854591285348,4212.346490882013,9022.358658812973,4205.582876618552,9014.82393519332,4225.317243986127,9034.807160125963,1.3190204265222587,225,0.4259186268752767,0.6836732468968282,cluster_5
3068241300019200124,,299.32440167761536,4215.168796552883,9030.713372279984,4211.801594885304,9026.947195176986,4218.283582360605,9034.245201025316,1.637977653034978,39,0.7280781828083642,0.956504305476489,cluster_5
3068241300019200129,,2157.147525466268,4208.590255507735,9041.915301949324,4201.559840783136,9030.707772451418,4217.758643387268,9052.725226198703,1.652768976272271,385,0.3126430875981562,0.8970268077660173,cluster_5
3068241300019200135,,2250.2157467118573,4204.216077247237,9060.970854730229,4196.509798993002,9049.77911677744,4214.72821158248,9071.190906827567,1.0749008193062457,291,0.3015146312949355,0.8771967435579365,cluster_5
3068241300019200144,,1338.4069168275626,4135.308890819695,9121.364103151906,4126.38846721063,9115.914844125826,4145.001368001409,9126.416881272307,1.728282637960168,70,0.3561171648858723,0.9716216718417824,cluster_5
3068241300019200145,,2554.0575365753907,4167.899082769999,9145.8977118906,4155.944115136156,9134.869205755054,4179.101117985638,9157.634376044496,2.4480560822326627,296,0.2960381423126022,0.9142158966765964,cluster_5
3068241300019200151,,1591.9775161521577,4190.59046672163,9169.884583851264,4183.303508018109,9162.60599000746,4197.3403205957975,9178.895229754238,1.0064702094714917,191,0.3210598499797204,0.9639588136153522,cluster_5
3068241300019200153,,1786.069902842227,4201.435381066225,9184.031503319702,4194.847619969363,9173.842164303776,4207.391699048941,9194.323763178283,1.8350135319419587,189,0.3215280906996737,0.9387309063446206,cluster_5
3068241300019200157,,1260.1192936110665,4210.163234107269,9195.304791655935,4204.98083969798,9186.995606843457,4215.2329803151015,9207.838107771828,2.0432441585759973,151,0.4413270393108678,0.8671260432591112,cluster_5
3068241300019200158,,933.6511276616744,4218.273209996793,9202.88589466734,4212.673230347874,9197.656551800015,4224.016678002055,9210.187637683306,1.079758944950575,69,0.4373118261357463,0.9178190219430968,cluster_5
3068241300019200163,,1340.6876217626047,4223.869146530232,9220.31067878128,4212.347404508233,9217.208296483728,4239.070368035437,9225.41589581597,3.449068618126901,32,0.4733457899435698,0.8755134964085511,cluster_5
3068241300019200164,,2701.237377453129,4226.286753897336,9229.043567487157,4211.55709337521,9221.326675735729,4236.669913971188,9239.681005832164,1.5121559954408754,63,0.2811139592678723,0.8275314382821197,cluster_5
3068241300019200165,,1162.6091300763028,4223.640456925645,9239.55384784638,4217.327457575866,9232.887464405943,4229.756961887716,9249.275592270127,1.907775640812822,224,0.4186849617101837,0.9006773090971997,cluster_5
3068241300021100001,,630.6034888763065,4750.999066659191,8978.296488756327,4748.5932646660885,8969.520538521443,4753.419931986971,8987.297029520478,3.960604565710459,77,0.6590748250342046,0.9122495413147972,cluster_5
3068241300021100011,,995.7104161477764,4726.776145293207,9033.811600235274,4719.611300348311,9027.105424021958,4733.226467198909,9039.11938736122,1.017103088465586,63,0.4090998084782505,0.9277977461781528,cluster_5
3068241300021100017,,222.1599796836342,4749.007552128141,9050.564486634692,4746.10839627915,9047.873564368992,4752.129656334709,9053.050528309052,1.2943651208543696,79,0.8043267853513558,1.0000000000000004,cluster_5
3068241300021100019,,1424.3910235237915,4755.412351557338,9066.716912624475,4748.342156315686,9060.674455268512,4764.890995660676,9073.143329257262,1.3625793403226203,155,0.3771907497559399,0.8510198827393095,cluster_5
3068241300021100030,,329.47529212739795,4788.5166357903645,9135.086538949334,4784.727692163733,9132.23479613215,4792.536933837209,9138.114938176312,1.6051516891638713,110,0.6767180737871569,1.0000000000000002,cluster_5
3068241300021100031,,501.9486233914048,4791.53089456998,9142.796868653306,4788.4467755733895,9136.830143704898,4794.512406127576,9147.503948389236,1.716598648490988,130,0.5995997690817187,0.9479065608796512,cluster_5
3068241300021100033,,1927.1366637683263,4790.245060456768,9172.914440533195,4783.996923004072,9161.318013328408,4796.725753470123,9185.32625985906,2.3076050652214395,487,0.3438257387358705,0.8809292340024676,cluster_5
3068241300021100034,,757.2056944462786,4789.696422447257,9190.623964360224,4786.392346018523,9182.683188064397,4793.093617133132,9197.595938441636,2.401442626591656,233,0.5087710642111603,0.9405393422930076,cluster_5
3068241300021100041,,746.7151104104915,4780.301517510369,9203.673147724976,4774.807002394401,9198.708615080925,4785.933638491781,9208.68240587147,1.238032412477198,38,0.4755813211456866,0.9036016932463274,cluster_5
3068241300021200003,,848.6809704085623,4744.48241040097,8974.366109768029,4739.366432146709,8968.934198213221,4749.222081699143,8979.39628294073,1.0772893161340331,36,0.4176327912334643,0.9784342918553258,cluster_5
3068241300021200005,,1240.9263163210012,4744.531816299884,8993.741739590894,4737.582377073652,8987.038528031304,4752.184247202766,9001.705748637845,1.658117626425491,127,0.418947867457664,0.8766440747093093,cluster_5
3068241300021200015,,1310.2093467696154,4737.455971989554,9008.492067207864,4729.551019632681,8998.937075709347,4744.599438480613,9013.954595918593,1.0522860366584263,85,0.4063536120962999,0.8593719261667216,cluster_5
3068241300021200039,,1482.4522931748834,4732.459003133125,9024.071279686614,4726.729384868457,9013.85535508048,4737.221219538993,9035.478230895837,2.0820846030091804,344,0.4072101565116189,0.825324174999443,cluster_5
3068241300021200045,,829.9307399038736,4721.979864273179,9026.927414541366,4717.167424516282,9021.630942716729,4727.39345838736,9032.94291905026,1.395992273275806,44,0.4254392869981268,0.9794326958826816,cluster_5
3068241300021200049,,4072.824138895799,4736.951337712678,9046.520567388126,4725.967372656775,9032.722300988358,4751.124628121905,9058.380634418872,1.184114307243891,588,0.2140089839638302,0.9042759696069718,cluster_5
3068241300021200051,,1523.770655306383,4756.0939254347695,9056.310817792584,4747.656178865577,9049.656437076506,4763.661432920823,9063.09376928767,1.1868248271204516,255,0.3187021048409267,0.9622863562459,cluster_5
3068241300021200055,,1941.3960555689923,4767.789196068091,9071.782825097676,4759.896642598074,9064.2099683328,4776.852834695032,9078.975044572277,1.1483823872512329,252,0.2847095847172986,0.95640941842659,cluster_5
3068241300021200056,,558.8337940430131,4776.0978686197805,9083.33835142686,4771.66633047821,9078.117634718825,4780.838756886068,9089.33646739714,1.363882068152721,47,0.6855367206476143,0.7761408134677097,cluster_5
3068241300021200057,,919.370241793247,4776.0741424081125,9094.1738192896,4771.35372249189,9087.6231401459,4781.153963041532,9100.659956640206,1.358586090021474,135,0.4360718144333359,0.9179544825356764,cluster_5
3068241300021200059,,524.2944939563703,4781.923925403192,9097.3774626369,4778.579154337863,9091.18982574675,4785.171851133536,9102.570416799852,1.995772695552008,52,0.5730319709399118,0.9771848044796662,cluster_5
3068241300021200060,,1792.5872752506973,4778.199220162655,9108.843955724,4771.551024529061,9100.396242027677,4785.18095692911,9116.767596833355,1.1780900045419982,467,0.2921954784830071,0.9635621259800856,cluster_5
3068241300021200062,,1111.7340594392772,4791.283982500002,9127.963275182172,4785.475516454377,9122.172935794606,4796.94376807584,9134.68349981958,1.0924388058322712,131,0.3595523189137181,0.9755559630295648,cluster_5
3068241300021200064,,1689.4681915472345,4788.942502032917,9155.535790783591,4781.505746104781,9147.341488961454,4795.219612270786,9163.86299557093,1.128266848973778,391,0.3133741796524761,0.9365312124218036,cluster_5
3068241300021200070,,937.0618142774564,4788.949947689688,9203.66245668568,4784.591528126825,9195.917396958528,4793.486217494708,9211.029918288876,1.813321413263914,188,0.4420444378417362,0.9156929211131892,cluster_5
3068241300021200076,,473.94620682958674,4784.221517928498,9211.01832404025,4777.023704355673,9206.624813134256,4790.828958405865,9216.34433865928,1.718439049431517,109,1.0069726694331853,0.4967683347578503,cluster_5
3068241300021200086,,723.2799584020322,4783.320144702765,9219.856247207195,4777.786141136428,9214.7908723389,4788.221376022216,9223.897473240717,1.1399101650153,147,0.5540902142043916,0.8135504331997987,cluster_5
3068241300021200091,,1141.7526181544504,4767.286906794769,9229.475537249104,4761.710074554186,9221.654381808768,4773.903392312172,9236.208131531392,1.3792505667591832,46,0.3881884621454173,0.9182376839883366,cluster_5
3068241300021200092,,1006.8060853374452,4777.867847919538,9232.200905710471,4771.683124153403,9224.531793571256,4784.375413641845,9239.033404512344,2.040173736079021,231,0.4427369084710224,0.9110768481494832,cluster_5
3068241300021300020,,507.8917112362068,4782.235366376754,9213.474009837404,4778.076548120988,9209.439439598736,4786.466782917845,9217.869494890669,1.2720515018715943,153,0.564052239982119,0.9406156804383794,cluster_5
3068241300021300022,,730.2991125257108,4774.367561994374,9224.206397096,4769.416536613717,9219.495795907158,4779.406046305291,9228.553790941996,1.1148855428222448,86,0.440332661835357,0.988264833793176,cluster_5
3068241300028100018,,287.1210928396378,4241.882652500036,9292.323581997429,4238.160610916944,9289.567266562994,4245.647355869043,9295.097557142302,1.751537558273428,112,0.7776638197592344,0.9327989805127356,cluster_5
3068241300028100026,,836.1967380888902,4269.788489174412,9326.220881189396,4263.788357762976,9321.227402540391,4275.261314895974,9331.88959664692,1.2593220806751253,58,0.4410782681771926,0.94038087443971,cluster_5
3068241300028100047,,397.5328322818779,4329.122395363819,9395.9381175636,4324.805225006557,9392.407773242625,4333.518587957884,9399.453226056192,1.3826407644692724,128,0.644492521920976,0.9605484757469404,cluster_5
3068241300028100049,,427.2619202346441,4345.111249477198,9404.081724447811,4341.476883885486,9400.050510406085,4348.789664282367,9408.117141471062,1.15238943845983,207,0.5959260334134063,0.969849750826999,cluster_5
3068241300028200015,,1072.1981686727645,4231.722161327219,9246.470453944474,4223.868794160737,9239.86739721132,4236.874982503839,9253.06254619826,1.043978403925378,120,0.4743417391344148,0.8503419929879552,cluster_5
3068241300028200020,,1663.491283314904,4230.086479555765,9259.778817478393,4224.260211753557,9249.65085874638,4235.84024919191,9269.728134770396,1.7226191711233652,369,0.3391202459744975,0.9073567812810768,cluster_5
3068241300028200022,,2560.452700280917,4238.277989827177,9279.57379989224,4230.342113363906,9266.227563184118,4249.294680662497,9292.719234055823,2.0982404107331813,498,0.3318503822903382,0.7778256862239168,cluster_5
3068241300028200027,,816.81565130178,4245.630215737531,9299.767587108505,4237.49696888459,9292.78141170298,4251.323207594287,9308.224669726162,2.737943515179963,345,0.6179940373922178,0.8049296032871694,cluster_5
3068241300028200028,,3694.0101039887054,4259.640136014877,9313.58365879685,4250.153459295319,9297.820502654698,4272.8188982459005,9328.185659554556,1.9755414410259264,901,0.2468729566955258,0.8825792804989193,cluster_5
3068241300028200034,,614.3714639512397,4269.874999034159,9335.35715703542,4264.710477345196,9328.003072856947,4274.404916282764,9341.490045537068,2.399495481044814,121,0.6472817441454121,0.8333873900643866,cluster_5
3068241300028200041,,1728.010509904266,4276.226422797351,9346.45033794375,4263.967261112685,9337.66910308692,4291.053401086655,9356.973587378614,3.095835971227396,392,0.4313762952168199,0.7326629780551642,cluster_5
3068241300028200046,,1504.3274253438815,4285.867244442411,9358.665628904895,4277.0433937174175,9352.057336034564,4296.270865866323,9364.512102675766,1.7404700852822266,250,0.3576155514280872,0.925276917584234,cluster_5
3068241300028200048,,555.0864478613488,4302.318402703265,9361.257339817786,4298.499661205018,9356.995931934314,4305.995452610073,9365.801419924455,1.1739011982452003,55,0.5025724036714264,0.9937229163951834,cluster_5
3068241300028200049,,3137.5811961780364,4304.892199781368,9372.622601941976,4293.445909228395,9361.508464777791,4315.853647546554,9383.8746187195,1.357688285429976,801,0.2611471485913155,0.862813340272435,cluster_5
3068241300028200056,,2490.2860406354544,4320.378462807393,9386.196497979088,4309.293478654885,9377.231818200657,4331.24770841072,9395.792169326303,1.4033838358384068,752,0.2706643693826489,0.9279472074546572,cluster_5
3068241300028200058,,1739.8863971702476,4339.72098538316,9392.827615069722,4329.543830134985,9384.276140786082,4350.534940825246,9401.30314980767,2.7613688360737694,275,0.3562216033884092,0.9042623172187896,cluster_5
3068241300028200060,,1036.2575729867776,4336.349923357429,9400.44029249003,4328.776654030064,9394.943033499763,4342.66477619577,9405.851019225229,1.473456660360781,273,0.398544884248999,0.9506025509313674,cluster_5
3068241300028300006,,634.8018928633377,4263.5267735700845,9332.843224829105,4258.565506770071,9327.62244660246,4268.4034523881255,9338.43668959213,1.7949571638481825,162,0.5271979194176569,0.9204180774662318,cluster_5
3068241300028300011,,973.4573821936352,4293.239938158996,9352.703657536318,4287.433164344046,9347.490833718097,4299.156691390403,9357.49344822824,1.2229546891888534,31,0.3882483116412362,0.9813270839205056,cluster_5
3068241300028300019,,297.9548592620717,4350.957599386231,9405.677738863656,4347.952953874695,9402.270428098838,4354.700389283897,9408.557721793952,1.115975687597452,98,0.70552460442887,1.0,cluster_5
3068241300029100002,,583.2349310162157,4634.964425945035,9391.798730178423,4629.821583294636,9387.630525326796,4639.640565261209,9396.67815501297,1.5220980632797438,172,0.5525884979076895,0.9209188789355244,cluster_5
3068241300029100005,,1009.9956189634904,4562.351051121357,9401.782748184163,4555.359185087337,9396.714539013608,4568.775979122602,9406.540002517224,1.0913646193470028,202,0.3798465037326885,0.99251124321246,cluster_5
3068241300029100009,,484.0931631095089,4553.824655012207,9408.049669373346,4550.056444634403,9403.449722121017,4558.551023278635,9412.87573921977,1.6818138235592808,119,0.5900709179733384,0.982927848466674,cluster_5
3068241300029100011,,508.39803176781226,4645.531969177958,9411.2253722653,4642.277662687412,9406.24159666919,4648.608407313811,9416.66271304933,1.5224252993935248,156,0.5637655669203062,0.9586452118710416,cluster_5
3068241300029100012,,1189.4019992280312,4591.619986047436,9412.83236488233,4585.701575699429,9406.605987763309,4597.719275701312,9419.085880377312,1.0066676498998663,364,0.3477079769849088,0.9813856970279108,cluster_5
3068241300029100017,,339.3631710715942,4362.347224042279,9416.343012956388,4357.777212813342,9413.399280204105,4367.049917960643,9418.745074632086,1.7414182792752626,113,0.7592967154922169,0.907257544733009,cluster_5
3068241300029100018,,472.70165890009713,4633.058866861043,9414.193792025992,4628.289499186365,9411.084667559282,4637.750539850166,9417.544565030865,1.631103905266151,185,0.5969038540441759,0.938339984255091,cluster_5
3068241300029100019,,571.337337679297,4583.721520502203,9418.771243341163,4579.724476730771,9414.00373353892,4587.974449580313,9423.108935741588,1.1975418200187915,229,0.5008988399360441,0.989474660398132,cluster_5
3068241300029100020,,542.8359449155505,4550.826911200241,9421.42012707614,4545.071260122072,9418.08466069266,4555.34807705586,9425.611804869404,1.3357321752799638,213,0.5652487489943893,0.9429086572585886,cluster_5
3068241300029100021,,678.830334754578,4642.862879091958,9422.0695260493,4638.5639634898735,9416.592027942566,4647.926994659649,9427.042053096187,1.2131610661576089,199,0.5036850175723658,0.9188733794558678,cluster_5
3068241300029100022,,379.91347842758313,4635.061679861693,9419.493959014404,4630.965027497721,9416.533561512106,4639.02842687568,9422.527280725457,1.3776718976785314,154,0.6761918427332266,0.9033213731440312,cluster_5
3068241300029100027,,1770.7757384891268,4376.911035225821,9429.05418260068,4366.667928416202,9419.747994320487,4389.998778920703,9436.22727450429,2.058093397798291,470,0.380111130358154,0.8429712764075905,cluster_5
3068241300029100028,,984.9278646917396,4545.5077582280055,9428.299814171436,4539.706860092088,9421.34036078052,4550.688529865504,9433.840118405244,1.0121376121574472,328,0.3917572053481906,0.9705894125786833,cluster_5
3068241300029100029,,1290.0524511459785,4577.1662910355,9428.25780727467,4570.287192213447,9421.885436844152,4583.97092414356,9435.625083077408,1.136843953784637,541,0.3574182699106338,0.9464156082392552,cluster_5
3068241300029100032,,772.319831269431,4588.611240464088,9429.672734162936,4582.118005348012,9423.396066557643,4593.386820145309,9434.897853071236,1.4849371657368104,305,0.4972429497388976,0.947057687664246,cluster_5
3068241300029100033,,484.2710276032548,4638.100682095836,9430.006334771932,4634.941660122116,9425.429231631357,4641.7571424760645,9434.40036524587,1.3171710749684746,148,0.5669544749686498,0.9737575783047946,cluster_5
3068241300029100037,,552.7848540466669,4567.119837128757,9432.883827452051,4563.654288747744,9428.5756534053,4571.270294435864,9437.5997022303,1.1851399242995635,216,0.5114323686821555,1.0000000000000002,cluster_5
3068241300029100038,,1684.8693639741905,4399.198614867636,9436.536012038256,4387.781283895977,9429.571799756908,4410.69392360912,9442.877404905055,2.405692582668068,448,0.37543315205596,0.8932796750066919,cluster_5
3068241300029100039,,843.3721176200179,4557.904206044362,9434.935056492732,4551.71404950904,9430.245119366293,4563.561440068378,9439.401300267988,1.5673017626100751,284,0.4240337918288633,0.9838424464895216,cluster_5
3068241300029100040,,860.0144535329326,4617.892105602276,9436.262009649554,4613.031570534472,9430.721496214164,4623.053985935478,9442.141704889744,1.2372960186562276,173,0.4260755086130667,0.9597292626946236,cluster_5
3068241300029100044,,1376.378438574622,4543.875427038277,9439.544459031911,4537.213913360757,9433.000767640362,4551.207592311876,9447.040670217772,1.1012999706752349,614,0.3647127016892253,0.9007241494616332,cluster_5
3068241300029100045,,328.25938371038006,4411.292599840329,9436.551467548014,4407.810241625641,9434.169705147871,4415.6106386132105,9439.798375146867,1.3282147281337744,157,0.6889927699796249,1.0000000000000002,cluster_5
3068241300029100046,,1230.9301695013787,4531.79525442981,9441.647128504092,4525.113662668605,9434.710777530245,4537.741090123666,9447.829856990997,1.281046600191028,456,0.3476837610798716,0.9800700035992708,cluster_5
3068241300029100049,,555.8055005836561,4428.927586182548,9438.998636877615,4422.785488833787,9435.275486643786,4434.461551529103,9442.781493136354,2.0735330873105435,196,0.5762546590846501,0.9146206237490035,cluster_5
3068241300029100050,,1392.441316507282,4499.109706995268,9441.125479574504,4488.833531256263,9435.268656929537,4507.0892153319655,9446.83768868422,1.4114971081750751,372,0.3561421864392416,0.9311707451058532,cluster_5
3068241300029100052,,568.0102227248741,4568.980631703177,9441.602100174883,4565.376721257369,9436.763379072963,4573.417432005756,9447.98387047566,1.34772810076568,244,0.5788651702734836,0.8883039317843942,cluster_5
3068241300029100054,,320.11796793535564,4580.968578686173,9440.913797595002,4577.775880170621,9437.988927990964,4584.491900563507,9444.191186585773,1.0982879572543431,130,0.6695086384378034,1.0,cluster_5
3068241300029100057,,433.7740333656415,4574.078125250805,9445.266574420935,4570.252611170561,9441.071018701052,4577.884551357776,9449.125013812218,1.6078584818778474,110,0.5937127963313554,1.0,cluster_5
3068241300029100060,,271.2140902691031,4595.387828444656,9445.287003999943,4591.3407192929735,9442.301337568131,4599.072344386837,9447.94320119418,2.043206842000881,122,0.7886534418563139,1.0,cluster_5
3068241300029100064,,303.4172199372713,4587.601909082544,9446.029476377158,4583.317673604721,9443.779258180091,4592.158591610687,9448.41738688716,2.0763647941283176,90,0.7629172813153701,0.964260574045546,cluster_5
3068241300029100065,,955.6623868317832,4621.303411673206,9449.178544552758,4615.861068104543,9443.565246488728,4626.446577529162,9455.554386605849,1.2173144441159198,311,0.3974116389271626,0.9707576411549188,cluster_5
3068241300029100067,,1151.2008203981486,4477.895554364179,9449.664949668011,4471.658881206377,9441.34246787357,4484.603164666207,9455.552661302923,1.2646389843531884,375,0.3944682695255631,0.9487569836056976,cluster_5
3068241300029100068,,546.4755683994231,4579.465378126931,9448.571826593374,4575.554751421657,9444.02081724986,4583.898359886438,9453.217609558262,1.2834750723609585,202,0.5387384442675098,0.9279025235477752,cluster_5
3068241300029100071,,707.7464129749986,4630.890262769703,9450.875245376868,4625.92927797697,9446.146780125116,4635.866121935835,9455.58524420818,1.245159944682394,157,0.45806690580728,0.9778915481591576,cluster_5
3068241300029100072,,1144.9754519804071,4560.469369913934,9453.057491413032,4552.115226135996,9447.502369234677,4567.096988039959,9459.334094385047,1.108569020050649,449,0.4045276842258162,0.8977797959591695,cluster_5
3068241300029100078,,1126.3265360335438,4617.0440244149,9458.580428639129,4611.034560087642,9451.89918971627,4623.289591301017,9465.570336796758,1.3608897700814822,297,0.3773877594815014,0.941871292316386,cluster_5
3068241300029100079,,627.6066082696433,4461.285482949404,9457.118748415567,4454.992328459693,9452.692762180828,4467.952194462243,9461.250547674525,2.239180482827098,332,0.5584111201869827,0.9491112748472332,cluster_5
3068241300029100081,,1118.3253308000465,4595.927347558493,9460.545757393842,4590.350391836752,9454.501756558522,4601.574496316212,9466.36774683814,1.041267571218856,364,0.3644035703858064,0.9701857544647284,cluster_5
3068241300029100082,,1474.666883768352,4478.04411912382,9459.985516272209,4465.111423810236,9454.889080204135,4488.755107299637,9466.344438114127,2.9588881493027586,430,0.4132758100322146,0.9005194553572584,cluster_5
3068241300029100085,,809.1247327557116,4552.06508817097,9461.061662019916,4546.996430679267,9456.099131325676,4557.727851842319,9466.260586152475,1.1500963464911536,330,0.424523076857895,0.9851495402341166,cluster_5
3068241300029100093,,635.1358914674341,4553.53360813883,9468.273320499196,4548.339412847903,9464.197842105848,4558.580410615297,9472.178067893694,1.547943884614584,259,0.492585191319267,0.9857219137714626,cluster_5
3068241300029100094,,542.2241384329823,4620.453373464398,9468.720444404084,4615.488717935562,9464.954099388768,4625.174727122008,9472.18384942352,1.3169383605779064,146,0.5371063562225173,0.9502421642451238,cluster_5
3068241300029100095,,751.6844730501525,4576.09052426664,9470.842498588703,4571.02482878639,9465.67788949216,4582.070031964927,9475.921138817564,1.0208632999225833,268,0.4642967777364805,0.9251126189638764,cluster_5
3068241300029100096,,712.6923227491134,4565.48440364705,9471.679059044916,4559.872540042568,9467.231871333004,4570.976334529028,9475.941636634185,1.2497220381361898,239,0.4661660669612178,0.9544334852923162,cluster_5
3068241300029100098,,1010.0359929303828,4516.153891719389,9472.495018453686,4507.550033859275,9467.763687937311,4525.205945724009,9478.177408291403,2.150868724562585,346,0.5186179133947454,0.8660659998636265,cluster_5
3068241300029100102,,980.2251440221414,4592.333492009097,9472.957614531371,4586.29347184482,9468.193826015298,4598.558192358995,9478.082828869989,1.3775078442165671,292,0.3841810119729741,0.991727422772994,cluster_5
3068241300029100105,,932.1552803595824,4555.316740876005,9475.062162177235,4548.207434881923,9470.3972515815,4562.627218258572,9478.65591074279,1.7470167478448344,366,0.432723949623497,0.944632260259502,cluster_5
3068241300029100108,,1171.2749700079555,4579.155486948396,9482.73415081724,4571.350131972733,9478.581372594352,4587.317739086677,9487.296614968864,1.857034862321192,718,0.3652685243624167,0.9993366193097406,cluster_5
3068241300029200009,,1454.6490110413858,4617.242770496378,9400.995070657696,4608.277956135336,9395.123752632991,4628.33621065056,9407.87923773182,2.2178858150389544,416,0.3719964314843106,0.928731086597161,cluster_5
3068241300029200010,,284.2728423660791,4606.042908930314,9401.180359539556,4602.983338531513,9397.69332128036,4608.687916825244,9404.77697615155,1.495262915197237,35,0.7326668241922344,0.9847772161342636,cluster_5
3068241300029200016,,830.2021858818448,4358.089595027225,9403.614091194491,4350.613568495094,9399.719386898065,4364.063782817952,9408.13535332234,1.6466008668005754,89,0.465803876842875,0.9131042523559468,cluster_5
3068241300029200022,,1117.9925060419127,4602.971669744898,9412.662658085204,4596.390497475443,9407.304852077328,4612.534751204221,9419.223906588391,2.0098703621503127,378,0.4138483649543555,0.9187395874081196,cluster_5
3068241300029200023,,833.5137172635264,4356.281014013309,9411.366143292553,4348.938225864447,9407.35471360522,4363.009420303964,9417.130751853116,1.4636832925525194,210,0.4607774678708463,0.9398018941984482,cluster_5
3068241300029200024,,1378.0563225991884,4564.429736278483,9413.903145457278,4555.899136897999,9409.222922966976,4573.1635179247305,9418.626713548883,1.869874397754929,373,0.3514244448561409,0.965911972473626,cluster_5
3068241300029200025,,1076.6714125528442,4576.220455218926,9416.283739937517,4570.098591115473,9409.110517441415,4581.5267589347895,9423.754858419505,1.3506751985369436,332,0.4369679017376514,0.8279953050580289,cluster_5
3068241300029200028,,287.3241430593047,4366.874628417877,9414.818083855049,4362.836129306728,9410.89051379871,4370.244862934648,9418.936845933542,1.7930060099424563,82,0.9210640923368896,0.7625055223327536,cluster_5
3068241300029200031,,450.56193244344206,4549.424576597355,9416.307296722383,4543.332990469118,9413.825320870788,4555.52206963551,9418.72085647743,2.648263362451196,114,0.6592334502392702,0.9577924408940977,cluster_5
3068241300029200032,,398.3023318384695,4632.688161181781,9430.216602341878,4629.371227751754,9417.192748542531,4635.360764383815,9437.48398378197,4.394856400057376,91,1.141482680144963,0.490250259068741,cluster_5
3068241300029200033,,1168.9276093883882,4564.687543932168,9422.422207032198,4557.361684788511,9417.545013409746,4572.503120910689,9428.728751374523,1.4323705090369687,483,0.3911624249416042,0.9041674351598196,cluster_5
3068241300029200035,,1765.014106134158,4532.50493578292,9422.467781931004,4521.402825959312,9417.8681037699,4546.284563204658,9429.131297982634,2.5148606449301725,271,0.3825672923679025,0.8390367946623729,cluster_5
3068241300029200038,,485.61897574147713,4595.595535224337,9425.209976558444,4593.326435373984,9418.64429852319,4599.065402578151,9433.043497411334,3.1614877044263685,114,0.725585584788543,0.8783585248084288,cluster_5
3068241300029200039,,540.4019792888091,4366.657612410057,9423.259108441893,4362.271389412402,9418.886601962013,4370.553704304904,9427.887803127023,1.2588886725368542,127,0.5378377081233703,0.9609504871912352,cluster_5
3068241300029200042,,1068.5168811172962,4534.306573056157,9429.621804820272,4527.84662956936,9423.084860322631,4541.367333126648,9436.108007694418,1.864114916344978,346,0.4043871835844194,0.9787403276186106,cluster_5
3068241300029200045,,709.1772709342687,4554.887269013808,9428.263506539652,4550.178639934315,9423.269376937433,4559.980926110845,9433.31555323589,1.473125943851406,244,0.4669202060945675,0.9758867847043116,cluster_5
3068241300029200046,,756.748709348491,4388.946188863724,9429.042669182052,4382.777947256752,9424.749102076688,4394.360218025212,9433.978777421526,1.1254460486216704,186,0.4391850279762716,0.9904553945191844,cluster_5
3068241300029200048,,588.9530474992337,4524.14432238244,9432.48357045666,4519.457004540633,9428.175151897069,4528.209271822266,9437.108190340845,1.1406839003295763,189,0.4915510285929242,0.9942432650672496,cluster_5
3068241300029200051,,1777.3964275520966,4517.527460234277,9439.47488629728,4509.901073485594,9430.937100396395,4525.76146487002,9446.353177064184,1.0588973109177613,532,0.2972936919574068,0.9420187142357488,cluster_5
3068241300029200057,,556.0537795311525,4574.567051828671,9437.429260134615,4566.631784891022,9433.223586810724,4579.235937769025,9444.623158326902,1.4354547829554798,186,0.8838090924221228,0.5512165371880005,cluster_5
3068241300029200058,,513.4405543129202,4587.649787565418,9435.751700539417,4580.988403620637,9432.4650531836,4593.780472997496,9439.113410864426,2.9196961889913537,203,0.644175433935413,0.9356851937758278,cluster_5
3068241300029200061,,857.2138473930739,4417.508579185859,9439.148788452288,4409.637411317178,9434.92566824426,4426.555719486987,9444.362041857685,2.111703592622578,340,0.53684958770405,0.8276544697972951,cluster_5
3068241300029200066,,709.1819114167358,4589.553044398963,9440.713226058346,4583.124170800349,9435.661101354932,4595.054526680701,9444.597012394295,1.7219538102960594,316,0.5194293925634738,0.9208159363820926,cluster_5
3068241300029200067,,980.2512090601105,4560.6427268789,9443.352671269487,4554.598060246071,9437.875249749264,4566.421450106182,9448.748993435407,1.3315812493907135,283,0.3866517427466393,0.9896055352716148,cluster_5
3068241300029200069,,1395.0596471550718,4487.770099054432,9445.856290539425,4478.796725710401,9439.070685280938,4496.839726873134,9451.881358602624,1.3188648052819003,562,0.3732493055745625,0.887784447698859,cluster_5
3068241300029200071,,922.6575458726968,4424.38973015049,9445.163677322618,4416.042628114381,9440.68134119966,4433.267588615698,9449.498460149329,2.581917068399924,455,0.4768487673185389,0.928625682639597,cluster_5
3068241300029200072,,551.7363008767685,4434.379419041464,9444.612384875683,4428.392756037358,9440.760763826798,4439.812976897134,9448.744703618966,1.971940191570636,243,0.5602911064548045,0.9677446527841802,cluster_5
3068241300029200073,,1441.2920706083924,4468.150659193919,9448.341340035076,4461.404599164659,9440.979178604272,4475.465363190743,9456.23080404725,1.1989909661787368,446,0.3733658052694109,0.8730162995045083,cluster_5
3068241300029200077,,1545.453164752634,4446.565616675342,9450.857939618949,4436.207679701892,9444.538500483368,4457.391988279233,9456.734055340556,1.776324512824042,421,0.365493953263599,0.9020212553973688,cluster_5
3068241300029200078,,896.8125178873677,4458.199498787526,9448.127268243155,4451.645823045147,9443.918273210382,4464.526953079076,9453.101417311298,1.3868385598912576,349,0.4160450969128067,0.974257864185092,cluster_5
3068241300029200079,,802.2541538797326,4543.833275227814,9448.71831490657,4536.999688442173,9444.361402381644,4549.167243381815,9453.10421971469,1.3777831329102042,349,0.434886782253983,0.9964700158353116,cluster_5
3068241300029200080,,259.6801906932446,4571.072250606782,9448.94774474206,4567.643215384481,9444.321209585118,4576.187501200615,9451.77284582097,1.2233568017141865,118,1.204241341148639,0.5785313177243987,cluster_5
3068241300029200094,,1117.5458427855338,4542.389440027593,9463.376880579744,4535.919714689246,9457.444530215284,4548.569409393129,9469.42383466742,1.4471540797247389,430,0.3685645495474946,0.99051347238549,cluster_5
3068241300029200098,,682.1959074268842,4634.610535715498,9466.214245449382,4629.564816251072,9462.14033971433,4640.220646271854,9470.665426848269,1.377303013745886,237,0.4709407719531745,0.9856777933117464,cluster_5
3068241300029200107,,1409.2922553179358,4498.496564062697,9472.30876366472,4485.219467551113,9464.78817172308,4511.948012787984,9478.485268656112,3.935024399535497,803,0.4951431106453093,0.7789248246735037,cluster_5
3068241300029200113,,1094.520203927363,4541.538631255501,9472.842232696925,4533.447486284199,9467.853862527223,4548.471254721439,9477.683958190286,1.5321751861023316,346,0.4756331024942852,0.8377721138505967,cluster_5
3068241300029200115,,1194.1194538921454,4527.655721035456,9474.10472610681,4517.032037617664,9468.262377480502,4537.640573063895,9477.685389430717,2.192038966367997,460,0.4645510294425069,0.8385401380819573,cluster_5
3068241300029200117,,417.988583402726,4609.738131046995,9472.661009620577,4606.113597724269,9469.417006065958,4613.639397760496,9476.12369582578,1.127633225713495,149,0.5963716134200822,0.969680626723438,cluster_5
3068241300029200122,,539.3275349308365,4592.764975892039,9479.787765813586,4586.570483701509,9476.31348330518,4598.316362759607,9483.18935406643,2.0580745622349315,165,0.5971835111499518,0.8913194342330996,cluster_5
3068241300029300004,,1118.6433888398778,4636.560546007223,9403.913407944914,4628.911910975087,9398.430687251554,4643.478603939032,9408.89893878281,1.415218663270008,303,0.3902450929015703,0.956407136463046,cluster_5
3068241300029300015,,699.0511758380059,4622.800131594872,9424.36460080663,4618.667732974694,9419.178048082367,4626.630177279043,9429.77558303059,1.3435758398802795,115,0.449833320923331,1.0000000000000002,cluster_5
3068241300029300026,,217.75189306026263,4612.289538295351,9435.644379791813,4610.244112159225,9431.916246844834,4614.3258091517255,9439.560822129728,2.16673125080242,52,0.9200450348650984,0.9535334002994764,cluster_5
3068241300029300036,,322.5399212075487,4632.911461012282,9442.739969026115,4629.67929618351,9439.478679627526,4636.013670970537,9446.176751708215,1.0728131040961206,81,0.6683962425044151,0.9813153425074096,cluster_5
3068241300029300045,,123.89896011653832,4614.648738488927,9450.462328097728,4612.353577137284,9448.21153677524,4616.463727846317,9452.313416260233,1.5543688179044417,52,1.1119168584639272,1.0,cluster_5
3068241300029300048,,538.8535358271329,4586.329533935629,9451.426586122208,4581.731275026858,9448.037113876671,4590.974308326538,9455.072933892214,1.3156741722851926,207,0.5405740716576672,0.9534896752081998,cluster_5
3068241300029300052,,439.6003570650644,4584.79298212561,9457.33892458884,4580.218876654119,9454.390553509847,4590.079217113634,9460.297932954909,1.7544525931624555,134,0.6086582949016112,0.9746410524629446,cluster_5
3068241300029300053,,134.83268395628355,4642.354274425576,9456.936959678862,4639.759811895268,9454.796698206534,4644.9873264722255,9459.05642540341,2.2025872584054254,64,1.115127556115089,0.993851174928574,cluster_5
3068241300029300057,,180.54991497348385,4614.911924596633,9465.9031255288,4612.558175290166,9463.039274946266,4617.62964302255,9468.79192917115,1.3085224705221246,75,0.95804827761319,0.9678986973088778,cluster_5
3068241300029300062,,749.6636766577911,4583.462069612137,9464.586003480266,4578.194948776519,9460.126738554343,4588.514436456777,9469.126355855564,1.1913701038535147,218,0.4319407472657425,0.9962103972521604,cluster_5
3068241300029300063,,518.0355100729017,4562.149226389552,9464.878212687545,4557.9614598782855,9460.960020069797,4566.476475355357,9468.720918669727,1.1204095336278672,179,0.520049959123511,0.9896761928002986,cluster_5
3068241300029300075,,293.0722205739439,4581.698147837947,9474.30987615217,4578.389000586418,9471.234099595436,4584.930912457104,9477.024002051712,1.2591740648092995,88,0.6925483852477364,1.0,cluster_5
3068241300029300078,,450.7780255689913,4623.9856104351575,9475.085161422996,4619.429294699149,9471.973641497252,4628.615125248273,9478.42793351644,1.6222525976641802,137,0.5763151163337442,1.0000000000000004,cluster_5
3068241300029300079,,560.4119215660351,4631.841220997797,9476.341283815333,4625.672030099171,9473.05358877781,4638.037482047184,9480.276555663537,2.5700846929436074,189,0.5812758421276708,1.0000000000000002,cluster_5
3068241300029300081,,335.70719821858665,4594.051431309934,9484.245142718572,4589.324266098589,9482.119364404656,4598.330820425364,9486.928558943644,1.981514881301752,59,0.7074952657252797,0.98941170085458,cluster_5
3068241300030100002,,733.2593459655243,4772.286242063376,9243.813255502062,4767.780400084061,9237.35659226184,4776.099380798432,9249.47234879911,1.4941490274085285,243,0.4767652383332761,0.9436807987114784,cluster_5
3068241300030100003,,423.6318365772768,4770.551660592259,9251.915420418896,4766.728496565397,9248.202783435749,4774.3809655054965,9255.733406714762,1.5235634627589825,126,0.6178717699194308,0.9641770214889054,cluster_5
3068241300030100004,,328.08815284135864,4769.802586487075,9257.450515880728,4766.128742395974,9254.630430926454,4774.14314598839,9260.494572299856,1.5397678802175645,152,0.7129016810970162,0.950512622918291,cluster_5
3068241300030100012,,1104.1116830848264,4757.682153030118,9283.110257469392,4750.966556658925,9277.013282670669,4765.860128481983,9289.899097509073,2.0962867316817246,317,0.4259355664954442,0.9431246461580648,cluster_5
3068241300030100020,,363.8828262199182,4744.288380603662,9320.37327430148,4741.438719871199,9316.029969037274,4746.616097343533,9325.895889239822,2.1445620091826343,261,0.7153131555908884,0.9890816623313516,cluster_5
3068241300030100021,,1231.7931429738553,4739.25025799362,9328.07419549129,4731.578691173133,9319.559068974431,4745.544889579927,9334.813751665752,1.5402037555763466,250,0.3763142256186058,0.9356169266564548,cluster_5
3068241300030100024,,1126.2182301167277,4729.655757219712,9338.793548879776,4721.922224328738,9332.673665276505,4736.802136612654,9344.742930994456,1.8962992880542489,574,0.3920331628690881,0.9600388907561532,cluster_5
3068241300030100025,,1267.9550805802062,4725.738844010842,9348.906249898746,4717.099635573638,9342.756167509622,4732.683599816447,9356.272370529095,1.179322830980881,432,0.3955622420801842,0.8746419326746643,cluster_5
3068241300030100026,,1897.7451534235668,4717.426032096769,9358.782886497322,4709.029121427064,9347.799756918572,4724.262524114426,9369.756722147828,1.656917791611194,751,0.3465292634771799,0.8535558893097569,cluster_5
3068241300030100027,,2149.686849401517,4659.734887460653,9369.926670598636,4650.18721760536,9361.59724789436,4669.446293141925,9378.613431889364,1.4315774959591605,55,0.2861955466350104,0.9270633299984292,cluster_5
3068241300030100029,,818.274552062466,4699.192216689308,9371.336261117916,4693.182283991088,9366.673000112984,4704.762994372721,9375.41479155566,1.3897443315037945,253,0.4457614620741083,0.947993027053259,cluster_5
3068241300030100030,,563.5045438628906,4713.052110704265,9371.383463979397,4708.607517782228,9366.16449688922,4717.727892830938,9376.542279539784,1.5807705169962645,257,0.5532671196035147,0.9346877095665064,cluster_5
3068241300030100031,,2408.772264936956,4682.15542193388,9379.448887781558,4670.156532008728,9370.292784674237,4693.285892285308,9386.976008987478,1.81294706999349,603,0.2879303965368345,0.9062191919868228,cluster_5
3068241300030100032,,897.9099870004809,4658.495754035947,9378.976676273773,4649.523325051881,9374.772604717167,4667.775783679835,9383.496755065073,3.3563707430602623,218,0.5018803068569356,0.9558780810233836,cluster_5
3068241300030100033,,1643.576757347868,4705.6454986251965,9386.787179847592,4698.239011398707,9375.800515805084,4712.766262595716,9397.01189633259,2.4834521417119872,407,0.3572077715216903,0.9048260460829924,cluster_5
3068241300030100034,,899.5993517171818,4661.197010333194,9383.567475533517,4653.662643026155,9377.062522277633,4670.428484396811,9388.91891261569,2.299078156445965,355,0.5257907894686076,0.8208404308293539,cluster_5
3068241300030100036,,1081.382908850056,4645.473140552247,9388.424201979838,4639.378469142863,9382.7642145933,4651.0558429694165,9393.912733313378,1.0554981863281725,351,0.3599969620560085,0.992477534843493,cluster_5
3068241300030100039,,1069.918406036726,4669.10744727324,9397.66449996228,4662.472401065684,9391.627404657958,4675.251941929956,9404.374086154576,1.48267394250086,368,0.4025166966960642,0.917983759020922,cluster_5
3068241300030100041,,438.143826825062,4683.189897352705,9397.996702581877,4678.903039207936,9394.10285855229,4686.865590945553,9403.067223467797,1.3690332145509942,64,0.6166667393441086,0.9316873149251038,cluster_5
3068241300030100042,,638.6932282035219,4662.2377410201725,9401.535008406938,4657.0849549646655,9395.59896803724,4666.138714443586,9406.590856697618,1.3409972008614206,231,0.5322419334889307,0.869828504863298,cluster_5
3068241300030100043,,703.1325503844868,4652.261513839388,9402.855563316436,4648.424122796553,9396.717161449063,4656.397641914526,9407.926986230306,1.4127370966456263,216,0.4772086134060366,0.9488079716846044,cluster_5
3068241300030100044,,684.1674259791016,4689.1585250957405,9402.533552341083,4685.150863208251,9396.527875864263,4693.010483290913,9407.908319255634,1.4849886260106602,223,0.4697566329635098,0.9890466189478064,cluster_5
3068241300030100053,,807.3208229137521,4681.316831776082,9411.800442965572,4675.311987148036,9406.842253407804,4687.307288579421,9417.37837410145,1.5147511136917324,312,0.4532350667596439,0.9728243590370054,cluster_5
3068241300030100054,,428.1078535521138,4666.052353817352,9411.390750367533,4660.894524718477,9408.466959870586,4672.076796024637,9413.974691001433,2.0837925773557475,141,0.6772878880268561,0.9238977770334912,cluster_5
3068241300030100056,,162.77713159039945,4649.699506783682,9414.9534816975,4647.502850182589,9412.301393561742,4651.850379850176,9417.319255944923,1.4512610156542285,47,0.9528123063815384,0.9997556617136646,cluster_5
3068241300030100057,,498.6714789707576,4674.250002331378,9417.244769337014,4670.695510054761,9412.252556882366,4678.371756350541,9421.808993612947,1.1384130829780104,207,0.5606912023181151,0.9516767234476476,cluster_5
3068241300030100062,,654.0930968553862,4677.766461715947,9423.583609872949,4672.651491439801,9417.895025240918,4681.602392287514,9428.014005648689,1.0823759070205097,259,0.4891925445474437,0.9677666544685508,cluster_5
3068241300030100065,,343.5055333169654,4635.179838495264,9424.438323224596,4631.751603401429,9421.647919251856,4638.953305565607,9427.505031984005,1.2856130481613093,122,0.652379022527731,1.0000000000000002,cluster_5
3068241300030100068,,646.2148694110364,4668.46500602155,9427.761792209732,4662.589840437508,9424.490372418868,4674.499048944325,9431.030235670172,1.8331039463104088,257,0.4996470528179179,0.9831188297288064,cluster_5
3068241300030100070,,616.0457228027933,4675.927496258067,9431.734362612406,4670.810305628092,9427.636426754583,4680.6098255675815,9436.271120230307,1.3325806774941615,263,0.5093478088525344,0.9440616209268085,cluster_5
3068241300030100071,,627.1581609331416,4649.131995693627,9432.355913662048,4644.37361243307,9428.101710394749,4654.937233167395,9436.544107155887,1.016173427034827,174,0.4945339613958417,0.9605423954632976,cluster_5
3068241300030100072,,986.2358144493836,4659.076902016779,9436.434533112251,4653.660455605287,9431.151634292151,4664.848647946106,9442.149938119835,1.115525024256936,393,0.3739126000508474,0.9969771426130548,cluster_5
3068241300030100073,,531.865846103846,4669.401358787444,9439.079264053244,4665.825645970481,9434.27870135272,4673.355065181629,9443.881608308817,1.3975883957498416,266,0.5337103676349767,0.976329884914376,cluster_5
3068241300030100080,,509.7358384670172,4665.313424535204,9451.83147582245,4661.329522717176,9446.83092254576,4669.890609414267,9457.494854831111,2.3287997318403733,224,0.6093250841946246,0.9475506507784014,cluster_5
3068241300030100082,,1013.8969087151291,4639.795531156738,9452.632399837326,4633.150503136609,9447.689229093758,4646.484959226972,9458.328571863936,1.532560340934929,331,0.3992495922192235,0.9545138543328386,cluster_5
3068241300030100083,,259.9726359814736,4649.119791745576,9454.702315622511,4645.624296594623,9452.337351809878,4652.755215276113,9457.144823840294,1.8833476644648903,107,0.8084318419569235,0.9578886839538906,cluster_5
3068241300030100085,,965.3642713801742,4645.291883337551,9462.80773453518,4639.75810817987,9457.396194044006,4650.588394300082,9468.595491049047,1.0918341709734871,368,0.3953920926658565,0.9615204310889048,cluster_5
3068241300030200006,,827.404262875124,4760.199930847623,9274.78398115984,4753.00093556923,9269.1691743089,4766.038698239314,9280.379573394632,1.5417541639044838,262,0.4869872926017912,0.8821052114289376,cluster_5
3068241300030200009,,2211.81009612304,4748.298278314309,9304.844589848475,4739.921556248295,9293.89217576744,4757.414708863591,9315.98330616047,2.170256861528909,926,0.2879852763404533,0.9592464513403428,cluster_5
3068241300030200010,,1128.0556272931965,4735.24976934863,9320.871159176651,4729.329226067707,9312.492874159405,4740.999107819104,9330.48872497662,2.575530406219472,212,0.4327863746574242,0.9127404688665618,cluster_5
3068241300030200018,,745.3592515759657,4707.886093372593,9368.5290983649,4703.855582777256,9362.919018846387,4712.908202580566,9375.997897945548,1.9016607773363423,306,0.493494950418286,0.9534199085344686,cluster_5
3068241300030200025,,397.55582448684265,4667.69104185445,9385.239167970009,4663.346811381406,9381.975248535442,4672.189083537367,9388.480312816178,1.7932495931731522,112,0.6630846585529308,0.921068370677469,cluster_5
3068241300030200027,,245.93266766065284,4695.744183053183,9390.7548225244,4693.269321106457,9387.631599719893,4698.671759255301,9394.529143568914,1.6774359302493758,76,0.8381198960988938,0.9625233554976044,cluster_5
3068241300030200030,,214.89812793477017,4696.135717838103,9396.693784952166,4691.805579522761,9394.12327117342,4699.747461597728,9398.52382252537,2.126804378125963,79,0.9861249418446408,0.8685327238643498,cluster_5
3068241300030200041,,511.536292528014,4679.570088106742,9405.041325527973,4674.879454304365,9398.298507681178,4683.482672454618,9410.839213914183,1.7194333622667877,229,0.7788293552177111,0.7130980361053328,cluster_5
3068241300030200046,,1950.5818949255915,4687.002996989039,9419.67523812251,4679.885618395828,9406.473574505417,4695.760561308498,9435.376775749244,3.268287765480305,744,0.3948011879918302,0.8316016150953751,cluster_5
3068241300030200050,,428.83611772589785,4640.236597867672,9414.505814579596,4637.093251871136,9410.328704462892,4643.967048611576,9418.8568422525,1.066855434956227,107,0.6066862600509689,0.9703887712234,cluster_5
3068241300030200058,,491.3334687540775,4667.752931670752,9422.111688298244,4663.324606680215,9419.005910094764,4672.625811317495,9424.990153263128,1.618411102366962,172,0.56389424358609,0.9933336245506534,cluster_5
3068241300030200059,,407.84456640360935,4659.239804194465,9423.174625129835,4654.04134775607,9420.150047883992,4663.314090404395,9426.027574455908,1.6195642305874047,111,0.6343435276178896,0.968682930892862,cluster_5
3068241300030200065,,512.1962715416008,4676.207995193058,9438.765168882112,4672.410421858952,9434.501311696118,4680.361686928604,9443.892872429864,1.7009706207260455,224,0.5608233607325631,0.9863162598068156,cluster_5
3068241300030200066,,487.68844689400186,4648.003397237462,9439.078935762996,4643.749735827674,9435.6370982161,4652.473468596536,9442.68159712233,1.4369419381120812,205,0.5508534356672677,0.99663269202321,cluster_5
3068241300030200069,,805.1326000996727,4661.913919616681,9444.92287803945,4656.28094024134,9439.804215557631,4667.5729260762255,9449.64838841711,1.439316808283543,359,0.4286365715506623,0.9809700624240012,cluster_5
3068241300030200070,,397.2548622227803,4647.91721840737,9445.500153010384,4643.964839650846,9442.533047706656,4651.879852496939,9448.611210082508,1.2706858385077406,120,0.6042279236388758,0.981181868634598,cluster_5
3068241300030200078,,270.743501143708,4655.704337927786,9454.14034843959,4652.448882630039,9451.391435131853,4659.245577774622,9457.270839950812,1.5574023522124425,70,0.7475657062670626,0.9957677341515788,cluster_5
3068241300030200079,,926.0317505868168,4655.768986669173,9461.64996135469,4647.9185204008045,9453.094508395923,4661.450696972515,9469.11747095018,2.8367935266792594,362,0.5165908888422089,0.8634262411725604,cluster_5
3068241300030300002,,394.45348240370606,4771.655904044853,9261.976708680186,4767.992207625768,9257.77199392709,4775.235401796091,9265.332925624734,1.2481156851996933,63,0.643708151034759,0.9354726326298594,cluster_5
3068241300030300028,,508.5106362342916,4657.570774190906,9397.91346924093,4653.964291657672,9393.36972621406,4660.774455083737,9403.272598876229,1.547261998873123,164,0.5607821420592386,0.973937167048902,cluster_5
3068241300030300033,,389.1026919653936,4676.18937803675,9402.613444411678,4672.647778133298,9398.446944483365,4679.097862307589,9406.492004276644,1.1875840045469572,158,0.6364887439761077,0.9628470211965594,cluster_5
3068241300030300036,,545.5443861510325,4670.695694080742,9407.649640041202,4665.192572914573,9404.47115493252,4675.446437980863,9413.16292467173,1.2103663738333106,158,0.6212581050404485,0.8351645640131001,cluster_5
3068241300030300037,,430.920537411968,4652.73913102453,9410.954552816218,4648.358072573602,9408.040762488206,4656.762229510242,9414.68096759954,1.268747062120013,123,0.624974155771269,0.924794200150149,cluster_5
3068241300030300041,,719.7693404867917,4665.377458992669,9416.2816310793,4659.170509166528,9412.86158458015,4671.87478844076,9420.124608970773,1.7504815674275906,206,0.5126714037898908,0.9007158700745448,cluster_5
3068241300030300042,,252.3657048915802,4647.799101096003,9419.484650646267,4644.962074624817,9415.770026270317,4650.0664438318845,9423.624498343326,1.636467696200778,92,0.9027328661472512,0.8660538425673083,cluster_5
3068241300030300043,,505.0869578444952,4653.615960488721,9419.02709291158,4650.099658400663,9414.623660846935,4657.374234763165,9423.87602161306,1.089507786084057,167,0.5422278174789144,0.9684437713502424,cluster_5
3068241300030300050,,421.3426313528428,4654.572197533878,9427.767847378767,4650.500111906868,9424.37122743228,4658.489636016395,9431.247351107892,1.351483820562929,123,0.5791733688102229,0.9992699670241588,cluster_5
