,Anti-Mouse_raw,Anti-Mouse_high_pass,DAPI_raw,DAPI_high_pass,Anti-Rabbit_raw,Anti-Rabbit_high_pass,PolyT_raw,PolyT_high_pass
3068241300001100008,6737803.0,102080.8609300613,8368681.0,163402.02001041448,6205182.0,99996.9795333936,28187423.0,370785.29271285154
3068241300001100015,8233225.0,122962.47429628612,8174585.0,165066.95151264328,7892858.0,127432.0802019499,33719214.0,450090.9548920532
3068241300001200001,8772258.0,218128.66128916026,12160854.0,358704.73323301144,8090243.0,209726.0686586241,35881484.0,885847.5430176083
3068241300001200005,6074694.0,92029.50681816082,7698602.0,145493.07698519938,5595495.0,89544.6576452606,25425783.0,344471.44735344243
3068241300001200008,5729613.0,85628.21970395272,7526912.0,148238.91417681787,5309756.0,84182.70166235778,23950755.0,350790.88691410795
3068241300002100005,12165912.0,139781.6986805073,9233847.0,192730.03995572924,11718126.0,140409.2788298659,49235775.0,537642.3767624705
3068241300002100012,15844279.0,157644.74596263745,12029652.0,232902.17522318813,15187536.0,165790.10799037214,61882897.0,626937.6521026989
3068241300002100024,33185558.0,1141737.88775612,36324767.0,1282170.7082260519,31334289.0,1101628.4303592874,140222008.0,4239760.5116833225
3068241300002100028,23283918.0,295769.43939037144,29680990.0,414224.2729666933,22411761.0,303932.9262153226,96874840.0,786276.6854687275
3068241300002100046,20134184.0,253250.2435881768,20204024.0,469355.45660379453,19516098.0,251903.43660715374,80488474.0,691141.1143259953
3068241300002100048,21337379.0,269395.8328182467,22663311.0,290536.6251104987,20513399.0,272348.1346511492,88859546.0,719521.9120503478
3068241300002100052,18304099.0,220245.82179102488,23663684.0,301614.9265863469,17538267.0,226991.8879875359,78862893.0,584771.4573258479
3068241300002100057,66371407.0,753737.3931927956,131095751.0,1367559.2223027253,57645352.0,730781.0644043733,296445828.0,2048050.1582306814
3068241300002200016,4586889.0,57357.525145365,4820648.0,69004.38883857211,4381830.0,60111.90206636736,19325663.0,154113.3977290155
3068241300002200019,14186166.0,180225.20771252955,18220104.0,244352.69823686444,13556162.0,183500.72800104358,59003452.0,477046.33519509214
3068241300002200023,7091495.0,92767.4778389532,8118771.0,107114.39252661548,6806472.0,94170.9610888889,28981885.0,231650.06959224166
3068241300002200024,5207548.0,67197.09320127346,6038474.0,85012.230866677,5035004.0,68253.94190975153,21365222.0,173759.73030784726
3068241300002200027,11348044.0,146632.91137234002,11625131.0,165319.32867877942,11098693.0,151730.96278922306,46190213.0,366254.37935771316
3068241300002200028,16312819.0,216467.10318907927,15940372.0,237940.61340631626,16088213.0,223331.29956486242,66261610.0,536288.4287622703
3068241300002200033,9274094.0,119011.57454056904,9870729.0,239210.3551053271,9019490.0,116448.52048787351,36787627.0,322741.6528537425
3068241300002200034,5869871.0,94319.18691193816,5800083.0,128032.70146348877,5621894.0,90947.43595363779,24258964.0,364098.25373187795
3068241300002200036,6788716.0,109315.03219048711,6718922.0,138481.9212626616,6646593.0,110078.22023991415,28665812.0,350917.7580767382
3068241300002200037,5439745.0,80725.20080043375,5213585.0,96942.28038013866,5337114.0,85733.45054920822,22995141.0,269692.7363948453
3068241300002200040,25951896.0,271431.99955665955,25775570.0,512766.5713789518,25250970.0,279726.5230970824,107015911.0,904749.7025146501
3068241300003100029,4343778.0,46733.11729833405,2696726.0,56290.351498908996,4124420.0,48128.386331601374,17078921.0,172381.250568
3068241300003100031,8158098.0,89145.21387211271,5626863.0,114493.11362475452,7746030.0,90553.93024073273,32077626.0,312952.52632180636
3068241300003100036,24580818.0,273054.98430227046,15799532.0,319867.4589011465,24295923.0,280906.4747978107,99333663.0,1068736.1729182217
3068241300003100041,10466134.0,115472.38451713209,7682106.0,144694.72757383907,10188947.0,116657.34564321824,42108231.0,366814.68187120924
3068241300003100054,31750702.0,479150.0112864791,25955213.0,507065.94585463224,29818917.0,495681.921690284,119666939.0,1253712.5444115493
3068241300003100059,49135625.0,632992.6433731938,35206904.0,658399.6579126756,45922806.0,648690.7664132292,220146497.0,2197700.689636627
3068241300003100068,24704201.0,277743.66956467525,17969711.0,333419.17479726824,23847467.0,283632.6483235919,94660355.0,775454.7813051869
3068241300003100071,24659931.0,297312.94202156534,17413589.0,300619.4176336964,24209997.0,305820.4810635776,98421127.0,835787.982730464
3068241300003200034,22835636.0,224939.93025216568,15560139.0,298194.1386907239,22146430.0,236694.1334281746,94194532.0,922053.0445989667
3068241300003200039,26162107.0,338488.4958906309,16660398.0,316955.677538022,24656565.0,356308.1647346754,101386903.0,936843.1992806946
3068241300003200055,89999537.0,824685.2133582947,68943749.0,1119335.1394906726,88038893.0,848395.6295460272,365218462.0,3064217.2828998924
3068241300004100021,4800535.0,187371.37845422668,3099144.0,64726.556197549144,4796113.0,188647.98096126303,19563207.0,207820.42949985006
3068241300004100026,29471490.0,449248.86874758126,18662092.0,388749.03090579156,29227454.0,456508.80943388236,121435051.0,1356254.63608015
3068241300004100029,5831747.0,87511.57314002962,3646046.0,77862.80967204299,5805815.0,91699.83451320033,23947778.0,256142.74886522072
3068241300004100031,7102477.0,105384.06642544175,4713182.0,102368.51351509929,7098934.0,111302.16201933549,29115579.0,316978.99314252794
3068241300004100034,4544127.0,67944.52483299625,2978935.0,62318.88267482525,4527773.0,70688.72103813206,18609350.0,199919.78901583698
3068241300004100035,58375564.0,860337.8432887418,39790473.0,807770.9590276892,57782981.0,890118.4816308916,240990627.0,2593215.6950239493
3068241300004100055,35983287.0,507433.64112026076,26531156.0,511557.50039614254,35532891.0,528363.9690672137,146306620.0,1502085.8381990064
3068241300004100062,14591136.0,205268.85412283588,9733075.0,192689.16782788097,14203366.0,210234.78457352365,58095557.0,589319.3939592998
3068241300004100070,38568426.0,542106.4205028021,23619041.0,458125.8022333053,37098931.0,552817.2485537485,149613698.0,1523714.5497066204
3068241300004100079,23752908.0,339490.9828918473,15709694.0,306667.7305607918,23010839.0,347521.88918124675,95610915.0,993380.2434365493
3068241300004100083,3592116.0,118019.670514185,2292421.0,44500.16781535956,3483379.0,114264.74138439639,14320466.0,151601.30594053742
3068241300004100086,54941749.0,797582.2759952305,34061552.0,663445.5464077668,53995779.0,817549.620350142,220412356.0,2295258.9979321877
3068241300004100088,84867377.0,1236313.2069330697,54595884.0,1071939.7119125375,83429656.0,1274031.356098129,341410389.0,3524668.198366065
3068241300004100090,206398983.0,3555226.7658802406,136568533.0,2341604.9596992666,202234895.0,3581456.1880209073,815955691.0,7182858.580033028
3068241300004100096,16051723.0,741346.1435378847,10738042.0,533106.610355878,15041146.0,704667.536907006,63268968.0,2617207.999460123
3068241300004100098,31629333.0,1407794.8421236398,21303350.0,1040583.0604796994,29706603.0,1355924.5746639671,126124477.0,5081915.643509729
3068241300004100099,14080034.0,666373.5473527203,8961395.0,454439.33541731315,13332987.0,635486.5853774681,56516913.0,2390073.5039332868
3068241300004100101,18627007.0,934042.9419931595,12557538.0,680674.6400132126,18123603.0,925481.7262854279,74864602.0,3455384.30033942
3068241300004100103,22881798.0,1089670.285973006,14602170.0,749120.3961953378,22379026.0,1081788.4196950442,91532501.0,3935022.956951717
3068241300004100104,17732460.0,832295.2354978949,11383155.0,582257.5436074082,17410113.0,830425.1512006219,70601827.0,2980866.5090169394
3068241300004100106,8834925.0,444571.42945732764,5989037.0,325179.1946636241,8729684.0,446135.86561958876,35306326.0,1612092.381813661
3068241300004100113,13221815.0,571360.4884099512,9016495.0,424631.1738320354,13103629.0,576678.5743586305,52886438.0,2056129.1500462096
3068241300004100118,5083166.0,268810.88047887053,3456797.0,192745.3310954516,4966070.0,260798.490280272,20373065.0,974743.3976501536
3068241300004100119,9507109.0,475413.31314933655,6280846.0,340801.7905141297,9372218.0,476861.2277949316,38111577.0,1733587.4304716105
3068241300004100120,15082282.0,639158.2123092494,9811346.0,449216.7395989504,14863914.0,640197.3185777843,62223925.0,2369546.3958194517
3068241300004200017,110447576.0,1690036.3124620514,69711316.0,1425257.7932537433,109743683.0,1744140.110904509,453588671.0,4905251.300909205
3068241300004200035,84362388.0,1226292.181713594,62776204.0,1238950.51239268,83239738.0,1262873.8254540926,352143420.0,3703242.059952664
3068241300004200055,29660775.0,418088.34137095744,20507497.0,397262.1721073151,28866924.0,427514.4865062375,118544589.0,1205041.7750363618
3068241300004200065,3499597.0,48733.101000596966,2127715.0,41059.825419194145,3388215.0,48910.03886530176,13619354.0,140518.05043333134
3068241300004200072,38157864.0,542488.4896838578,23735332.0,460397.5076834153,37118421.0,552859.0964254944,148738019.0,1526844.5535330954
3068241300004200074,4978381.0,70686.59643355075,3144393.0,62002.77182962753,4830480.0,72461.37176858884,19571952.0,201337.26184688866
3068241300004200075,19970492.0,286702.82296545827,13466437.0,263859.808179654,19456677.0,289089.7737652871,81049564.0,846416.6640716522
3068241300004200079,84667575.0,1220429.4142157906,54061088.0,1069676.914698897,82920911.0,1247403.6893608267,342011297.0,3546154.4078702927
3068241300004200080,5317912.0,158137.8866641138,3326708.0,65134.88210485294,5157986.0,156798.83765058895,21082239.0,213914.4372348959
3068241300004200084,9697478.0,139079.08904818157,6145545.0,116794.08839550111,9623640.0,144115.85705123108,39146470.0,399722.3223436116
3068241300004200090,133612243.0,2847993.947298566,102053171.0,2691559.818489094,126227683.0,2819778.9119884316,532453234.0,9525572.974884411
3068241300004200091,13337653.0,746158.9050651428,9072617.0,524004.59800017637,12321752.0,689497.2931805553,51287085.0,2580870.501940015
3068241300004200094,14770429.0,533072.2535137702,10181764.0,418273.09244614333,13868075.0,514090.77471857483,58726024.0,1880534.2562855687
3068241300004200101,8879570.0,390608.7936544725,5613861.0,274908.74062380433,8488451.0,383996.5881837362,35755843.0,1433449.5655359004
3068241300004200102,17329120.0,807228.0488572686,11403950.0,576951.2733809522,16636561.0,783306.0875301443,69240828.0,2923086.47523107
3068241300004200103,10532774.0,473960.7880797044,7247050.0,359315.158422,10293800.0,467155.8801209577,42129199.0,1731868.586055975
3068241300004200104,24972676.0,1011227.2839441171,16354483.0,733317.8831579941,24362559.0,1000400.5903932154,99762857.0,3603029.573463428
3068241300004200107,5841505.0,293704.9972807865,3683006.0,201590.69824499768,5717245.0,292418.4049612917,23267860.0,1085873.9783844077
3068241300004200111,9964267.0,504304.3477067579,6685007.0,367725.33586131665,9880756.0,507231.6190108545,40044936.0,1847004.3127529111
3068241300004200114,24120555.0,959381.9117175104,16208674.0,710558.4427090184,24042674.0,970614.8563653654,97816655.0,3436581.7590323575
3068241300004200115,24473894.0,1060022.761382253,16197416.0,765128.984961173,24206110.0,1064854.2454317962,98145788.0,3804600.3545124847
3068241300004200117,30162382.0,1447048.3535509985,20762740.0,1078656.549384038,29937395.0,1452039.5055936337,120926240.0,5239716.003549436
3068241300004200118,7582452.0,417792.12683738634,5238704.0,307803.4768181293,7475352.0,416877.6332762848,30403332.0,1547158.7436978358
3068241300004200121,14793944.0,714552.8592200726,9417344.0,487343.4194684066,14696773.0,718330.6526757294,60558017.0,2626268.7301660953
3068241300004200129,21422091.0,2378088.3121976242,23457316.0,922423.7874450767,20594052.0,2294172.098212766,127391558.0,3852969.6850599735
3068241300005100016,41233872.0,566233.4317215219,26319131.0,520107.1047913127,41015203.0,584913.9504565343,170746842.0,1826382.422977736
3068241300005100019,26324183.0,356367.9733094901,18783820.0,388377.45817181334,25807159.0,359958.7304078208,108436775.0,1141420.9045725986
3068241300005100023,97374940.0,1308672.1599185828,68270604.0,1341370.542695633,95930140.0,1346426.538312402,405541506.0,4318615.032590257
3068241300005100030,6962771.0,91971.61025548013,5435741.0,106919.10445170854,6837870.0,95343.63023344937,29199183.0,303732.8639918546
3068241300005100049,51867390.0,687762.961830375,37401289.0,721336.8099684666,50262204.0,694141.5888923508,212444661.0,2219174.386739569
3068241300005100052,10417803.0,140432.30102738913,7994516.0,153258.2043201719,9979917.0,135308.6645065768,42461125.0,432548.9413722877
3068241300005100053,25075317.0,327409.3001287335,18402652.0,350387.96129717265,24596496.0,340264.9029725231,103457627.0,1090974.3280156553
3068241300005100054,133936126.0,1755595.778182389,99746162.0,1913665.5598511673,131313851.0,1801755.2671361074,549272910.0,5658777.472048748
3068241300005200008,17333325.0,262233.6389233778,10755079.0,242589.31481234593,17183628.0,263980.5025513922,70689739.0,823189.6560509899
3068241300005200011,133542204.0,1878318.5307252433,84717161.0,1698458.7632374866,133450246.0,1936985.0540456967,548768038.0,5843688.109509045
3068241300005200015,100298337.0,1384409.3871919054,64981747.0,1283654.9062372784,100540902.0,1452087.204867681,415762393.0,4428596.551387612
3068241300005200023,5533455.0,73485.74605539438,3701729.0,73178.99322743576,5444335.0,74705.56978770992,22922168.0,242641.18175455942
3068241300005200031,85747172.0,1128318.8860741274,65567216.0,1278085.3930853757,84232008.0,1161481.8619397795,361965149.0,3792421.4536119136
3068241300009100002,25259567.0,1290929.5899119,18634389.0,936221.24723506,23634033.0,1205573.067057712,105704893.0,4500554.384904967
3068241300009100011,7102977.0,109118.37268365374,6063348.0,112669.60890003991,6889085.0,113536.31167099527,29824062.0,291798.582596706
3068241300009100013,11294703.0,168215.9688592283,9398889.0,169819.61070221086,10974692.0,175542.71596958235,47900057.0,468280.8208718932
3068241300009200028,3403760.0,48327.63895558437,3173152.0,58378.18493164027,3267848.0,49695.29553255166,13899589.0,140272.43237086383
3068241300009200039,106003840.0,1510824.6397168543,70596747.0,1218235.854485239,127069096.0,2753179.8409955576,421299485.0,3995522.311361381
3068241300010100002,36490847.0,519896.02332310483,256597559.0,2138410.0333403517,20740940.0,300694.4155463999,227196232.0,1616408.6614623386
3068241300010100003,315876691.0,2984675.9399469635,3657520531.0,20154986.22609001,87617185.0,1213743.5682662814,2733140868.0,13406666.593039623
3068241300010100006,140388644.0,1440018.2744069437,1302512737.0,7815206.534471087,50681771.0,701632.0913808328,1130244097.0,6123249.1842709705
3068241300010100009,74783599.0,585311.7046954349,711693223.0,2927602.65584239,15335198.0,212753.3729679256,530707567.0,1764708.7885729398
3068241300010100010,75209776.0,639858.6788856394,767631945.0,4115084.240401755,16160074.0,223371.6306762956,575105571.0,2094715.5890684852
3068241300010100018,38013777.0,601173.774273703,300344539.0,3825147.149369989,16084151.0,229118.86971504136,281182825.0,2890898.942084842
3068241300010100022,28322150.0,214791.85492229176,155931725.0,11314301.427603504,6705345.0,90419.94611594421,282909658.0,1171165.2042604736
3068241300010100023,106786487.0,1001665.6923527503,1214444600.0,7910792.662680586,37184785.0,515390.8825475396,1016700666.0,4855317.140832981
3068241300010100026,58641066.0,433705.2211052709,436477712.0,20345527.13516705,13891579.0,192979.6314930751,582730053.0,2228527.0881970646
3068241300010100030,151703171.0,1201093.0365530283,674541174.0,71787385.30979468,34374365.0,474013.85476818884,1529068310.0,4868928.944767016
3068241300010100031,170285417.0,1256447.3529613009,1009791431.0,59268431.837535605,35697146.0,496115.5254469474,1525959400.0,4993107.3325439915
3068241300010100032,119456813.0,1351291.9933856868,1087102555.0,7832161.723175718,47574767.0,686417.2633963077,1039866186.0,6578461.803569032
3068241300010100035,137587876.0,1049741.9327044338,670243065.0,64464910.29803939,28339062.0,401196.8676449861,1187864074.0,4581039.30662172
3068241300010100037,190810686.0,2124618.5151638216,1623473557.0,10458147.077068344,74564121.0,1069009.022984301,1582849905.0,7611709.4287370555
3068241300010100039,111693355.0,788158.9782207971,693374291.0,56554822.06641055,23932744.0,338519.66639744496,966409647.0,3091762.6842240156
3068241300010100040,255270317.0,2582545.190352339,2243942543.0,12763612.067090092,99488444.0,1274268.196864678,2153788601.0,10966845.831968142
3068241300010100041,100840146.0,697360.8162158475,1220630170.0,33951874.91946352,24060535.0,340016.4370083045,915878554.0,2887348.2054704395
3068241300010100043,96933480.0,1188829.838478238,670398219.0,4460228.438163826,44654617.0,639010.469761026,745664914.0,4336657.137767321
3068241300010100044,131888899.0,1439722.5814500959,1247931027.0,8052161.930797841,56900604.0,816395.8475667329,1127366512.0,5783716.025012563
3068241300010100045,15994375.0,227631.14767811185,101615508.0,1027132.962772527,7222471.0,105006.04498715531,112936117.0,986706.8223091658
3068241300010100046,155340090.0,1155645.5997415637,951704565.0,95115656.74529171,34247918.0,462005.097383332,1403543626.0,4280440.736746619
3068241300010100052,55192858.0,466731.23917489295,484758679.0,2468242.079980447,25858305.0,275145.5712014119,436788911.0,1658932.4182394305
3068241300010100055,138588631.0,898451.797831504,883244912.0,35788307.66415545,32702556.0,337581.45160594233,1197086739.0,4718066.548807451
3068241300010100060,310990602.0,1900258.8487879382,2865738298.0,74993513.27853426,74023479.0,721770.5648240561,2550253906.0,7155305.587522871
3068241300010100061,126469002.0,985320.9378625993,1378996063.0,8216824.706947995,43317741.0,440233.92024419626,1179358505.0,6018604.775929718
3068241300010100066,115612093.0,968618.4356600561,1153213593.0,7256522.056078211,39908550.0,390894.5939234168,1080670432.0,5400546.01636315
3068241300010100068,101603091.0,898304.8907706572,918964283.0,5806034.200133006,45338053.0,465519.3535566896,846569844.0,4385843.335652475
3068241300010100071,57515709.0,546131.8289142208,422630618.0,2340770.9469924257,24596761.0,239773.05236852815,453276421.0,2587388.845600061
3068241300010100073,161961117.0,1098104.2325922174,1875534441.0,6560532.819444459,42690071.0,430931.4499073634,1591289132.0,4697649.527656892
3068241300010100076,133490535.0,1075241.2412132039,1519052416.0,10300555.486163592,38469382.0,402998.1396139433,1293303818.0,6875858.72279265
3068241300010100079,21108946.0,289244.4948353552,135156159.0,1510172.6763808397,10821915.0,124929.87278341671,152064830.0,1616824.6377843583
3068241300010100080,151811418.0,1176964.1520430555,1798304573.0,10678014.71345042,40492600.0,477797.1082368919,1536452129.0,5599764.070649739
3068241300010100081,152761795.0,1656270.953097836,1585901724.0,11550586.548742587,51212522.0,644627.8334441462,1479608017.0,8626614.314884976
3068241300010100082,58829657.0,485375.36196502147,698809879.0,17149823.059056323,16602886.0,189987.6820906651,633769512.0,3258619.0623996323
3068241300010100084,98206603.0,1161609.9895128089,1225950681.0,10444512.70638825,37781675.0,473039.98312558944,822146084.0,5552448.521845403
3068241300010100091,99422503.0,846284.6846701085,1307897931.0,25141995.073492587,28479812.0,350801.7948700288,1117512100.0,5306922.744588532
3068241300010100092,52210916.0,384239.72778861335,278249493.0,37339118.277138986,13936487.0,173587.645946917,662307217.0,2422784.9543902483
3068241300010100093,10145133.0,151890.24643652712,14494605.0,181108.5015723593,7832958.0,83866.90376879729,48319591.0,605594.4081547472
3068241300010100096,189528999.0,1473948.1046157838,2209880297.0,12945949.254971046,52690040.0,648492.6631668324,1938244082.0,8476106.010102179
3068241300010100097,114448338.0,956509.5862288601,1443256480.0,18016801.99581989,31408284.0,372060.4213975937,1241175245.0,4264944.533767289
3068241300010100098,41642497.0,360718.886296307,496535994.0,23464830.087297335,10363359.0,120802.72466563454,460337408.0,2538914.506772866
3068241300010100100,199161057.0,1988082.9241971099,2444027595.0,19239138.424747728,70277053.0,870483.2173516208,2051615646.0,12777572.283425884
3068241300010100101,70173127.0,585676.7307856996,891881748.0,27631448.02709236,20920701.0,261865.73245490037,801704632.0,4825361.727839969
3068241300010100106,139266161.0,1154381.0394296506,1726435436.0,10081230.159769323,40283547.0,486162.4228577976,1460631788.0,6504019.661692809
3068241300010100107,42647444.0,595649.9482584272,280812640.0,2509777.5217086854,15122147.0,182584.26088570408,332468388.0,2908854.3352430826
3068241300010100111,152851854.0,1095119.178248011,2105563020.0,68172822.63532083,45350367.0,540518.5577131561,1895029465.0,6253084.821800052
3068241300010100112,129215454.0,1074143.0818370671,1783144497.0,15394224.911732337,40673482.0,500280.22991743905,1444832001.0,8606478.591511909
3068241300010100114,59821953.0,587204.122345536,587504356.0,6899339.829311714,18076015.0,217531.27537487898,550727640.0,3956451.2091356115
3068241300010100115,164363868.0,1685271.9148423134,1566184722.0,12972804.625277577,57131950.0,711801.1979737952,1475314597.0,8440517.041922946
3068241300010100116,129565423.0,946899.3661147329,1779479475.0,7932036.097662568,38360386.0,457557.46612810594,1541122345.0,5667079.685726612
3068241300010100117,122648636.0,1126659.5725448853,1538696533.0,10446820.009441927,36222907.0,428980.81980774656,1302974276.0,6980601.846626815
3068241300010100118,125063154.0,1651436.6444654085,750358546.0,6869522.794026824,45335487.0,561073.303016592,968344827.0,8468417.64757174
3068241300010100119,231124452.0,1827276.3122452244,3267035342.0,16853622.836820785,70928384.0,850551.2897567368,2750461780.0,10312609.331180727
3068241300010100120,90700036.0,674673.924339341,1323350715.0,7152351.935021988,26509407.0,318343.60112056264,1083855227.0,3890906.2473706584
3068241300010100123,159989052.0,1291996.1899717485,2302197381.0,11787826.463229207,46490739.0,552942.4290232714,1918019086.0,7215363.131250084
3068241300010100126,86004501.0,737653.1245613811,940990117.0,8205952.691210702,29523103.0,365764.9884613262,919049057.0,5510764.303388772
3068241300010100128,113234301.0,1086416.763896416,1398603499.0,12996868.983152332,34960287.0,421370.436344077,1219148877.0,8404179.587161666
3068241300010100129,57032250.0,616212.5406625705,644037976.0,8066153.278128285,18445599.0,226672.17753465546,626500444.0,4847473.024326661
3068241300010100130,262534811.0,2944920.768935077,1787604475.0,14744619.115438964,102517268.0,1269653.8906264363,1538384775.0,9948438.274280146
3068241300010100131,141919413.0,1443831.692589306,1249942527.0,10753510.981028622,52950479.0,645709.7472378222,1400634079.0,9907342.681192273
3068241300010100134,55412651.0,803936.743590596,247699132.0,2778560.3205882777,23308992.0,291965.5479921151,403643366.0,4462553.383215464
3068241300010100138,58604301.0,807655.9208593286,236933642.0,3178071.5327818794,21815178.0,274527.7293226957,403557198.0,4151971.201347132
3068241300010100140,208208618.0,2490875.4746363536,1086879191.0,10713051.88058409,100410313.0,1267426.564007291,1542608992.0,11251154.668838734
3068241300010100141,129825006.0,1443257.498187446,688743247.0,5412204.75273976,53116020.0,639022.8651256429,1029710804.0,6364818.50808537
3068241300010100142,210106883.0,2353509.3652209467,1412669729.0,12064701.763108933,83039422.0,1016416.3724880861,1280255315.0,8002803.907029907
3068241300010100148,99002930.0,1152329.1926852802,765535172.0,7974585.350466868,41068448.0,515348.6997004742,734421515.0,5274954.439234395
3068241300010100150,118909166.0,1380276.4447080623,853993079.0,9144608.439672144,56689100.0,716712.2189121197,1063105409.0,7881548.578980949
3068241300010100151,134380668.0,1617177.9900778586,929260726.0,10121427.628050188,62103098.0,768849.4172979561,920326818.0,7133457.038230263
3068241300010100152,105460307.0,1161256.7951898214,759706129.0,6388731.071963121,46310840.0,567983.1684736111,764251248.0,4333096.162595874
3068241300010100153,108743464.0,1358925.753317782,737370963.0,9371435.730239816,53878875.0,671846.1139838046,791377997.0,6533317.1296035405
3068241300010100154,136658740.0,1625911.1150138106,879373581.0,8661745.39565616,63762452.0,786074.573269937,920960167.0,6115205.17076464
3068241300010100155,234531614.0,2468937.971078201,2210851399.0,16948905.7933872,114372111.0,1394926.1930309858,2170855422.0,11476362.471555768
3068241300010100157,121215575.0,1556151.9763804562,684923689.0,7419434.07521064,59281945.0,754877.453854236,1034750091.0,8752486.1373873
3068241300010100159,114746794.0,1445527.3684413028,505820897.0,3889957.6858553938,55439319.0,684291.5509543812,791026267.0,5145113.163471124
3068241300010100161,61246120.0,855181.6161965388,205381562.0,2332157.9789018272,29155291.0,358226.2366362917,376192431.0,3064068.902625154
3068241300010100164,8162972.0,117540.10475299656,31449003.0,319564.81637019885,3841037.0,48428.4606243038,50501920.0,431185.0157479879
3068241300010100167,51050373.0,579068.7175474768,324317174.0,3408094.7426218614,31286129.0,388022.14703071956,364760892.0,2652829.6221499434
3068241300010100168,94677916.0,1106064.9306142577,575547727.0,5365262.236000733,46781669.0,579235.8422070288,802657518.0,5967118.241071232
3068241300010100170,199605491.0,2351264.586446128,1362979101.0,13021594.633455811,85587811.0,1092760.9569386148,1830324319.0,13667109.57529606
3068241300010100173,159246488.0,2074331.7061363894,698260949.0,5740738.7666687425,73448668.0,920161.3287631512,1150121622.0,7681068.579936224
3068241300010100175,15649509.0,194137.43247163735,62826097.0,1114235.4638852393,10882440.0,135947.87887321677,95949929.0,819817.094903469
3068241300010100176,22170569.0,238871.6084105596,181787591.0,1739289.7316337512,13126309.0,160493.08155180598,171004227.0,1315827.2284324367
3068241300010200010,7270506.0,92256.70561467168,22826042.0,272301.0979712652,6207489.0,88284.33457313746,38338161.0,396081.09137667925
3068241300010200020,119210834.0,1254290.9497045577,1493113924.0,13014497.063281085,33610080.0,461332.82915876067,1079317331.0,6919785.351032319
3068241300010200026,43720200.0,341329.26103638456,489953496.0,16873418.356091894,9641099.0,128036.4808701128,374358970.0,2157494.511196088
3068241300010200030,78121674.0,904526.3889640116,783681123.0,6991925.428339312,28928744.0,401990.99038696464,677638502.0,4690912.598726858
3068241300010200031,83507218.0,705390.2692978474,1011786432.0,29573125.817789383,20802792.0,285017.07858541206,743593488.0,3516563.3361298144
3068241300010200033,56871815.0,458347.80587204715,701047701.0,30174314.998914167,12867540.0,176806.35843825285,514406513.0,1494289.2088285598
3068241300010200037,151022238.0,1908016.079103318,1044496682.0,9586705.691157637,67687472.0,977235.7609927135,1106483484.0,7880926.9225963745
3068241300010200041,140653543.0,1323317.6947538732,1552603278.0,7182890.5079331845,52598526.0,742303.7014484131,1171581871.0,5007746.672142569
3068241300010200046,175393585.0,2381709.7505835667,1085550360.0,8530741.068037597,80867259.0,1185238.1469171187,1303437592.0,9193587.400338706
3068241300010200047,106258704.0,760225.0370361897,481243411.0,47445057.29283564,24326213.0,338272.9693511245,1045868998.0,3336797.5222548856
3068241300010200051,151801499.0,1387378.3812475938,705810546.0,78811282.10230014,33444784.0,475294.9969365719,1458583334.0,5858821.1874755295
3068241300010200054,84630461.0,1089086.3321701898,623773411.0,6034185.863507311,38940181.0,584825.224215731,707833317.0,5186887.509692737
3068241300010200060,107388254.0,1124970.6887345298,870333160.0,9137598.936743582,43741343.0,531336.040872741,872112974.0,5922940.329895986
3068241300010200061,86493560.0,824844.2421347501,728158946.0,4655612.018669886,38604101.0,478487.0869651555,651474629.0,3162314.52257907
3068241300010200063,163331264.0,1026067.08103133,747142348.0,52996935.06281403,35607728.0,428108.29261497513,1444654672.0,3771815.0201118835
3068241300010200064,89380883.0,728896.2677943795,894548826.0,4932096.222826398,35353139.0,400113.14986455673,772413675.0,3750437.6392840855
3068241300010200065,29577241.0,293173.1046449425,282896699.0,2533123.929653473,11075414.0,127274.21956111837,252108385.0,1777296.6325201872
3068241300010200066,113410603.0,943784.6246182584,1023864462.0,4748060.896573409,47861800.0,501823.50657817593,941511817.0,4407135.175713684
3068241300010200069,174641545.0,1395200.4470647962,1821483483.0,23679689.1072416,50783330.0,512328.9304026923,1701562489.0,7188861.370077147
3068241300010200070,52007168.0,608271.9222025772,440387893.0,5045024.82335016,23252654.0,239290.8354953388,457298750.0,4759302.956470227
3068241300010200073,79202572.0,632511.6532113523,815805628.0,3431171.009195184,24890044.0,248285.78850335878,718993782.0,2983217.139710945
3068241300010200074,145950835.0,985889.9245259757,1792409192.0,41400853.239183255,40203929.0,394273.6191230598,1604698838.0,7390040.5463376865
3068241300010200082,88854656.0,602816.1448178932,890683657.0,5238135.516112136,23512138.0,227621.45404407158,836366872.0,4141852.7077108384
3068241300010200083,55940977.0,472016.0662043606,437583653.0,2373434.112205229,27051921.0,262733.2640190668,442118095.0,1865260.3705762436
3068241300010200089,211194923.0,1934237.1292689452,2152720554.0,15344252.170158437,78628123.0,898944.6137719844,2037362750.0,11825958.580413783
3068241300010200094,37402703.0,339447.0460485831,322598959.0,1812713.2394180035,18425721.0,193731.46102446035,273605770.0,1391733.4554642655
3068241300010200096,190546450.0,1912079.1834678575,1469388665.0,8225994.486892804,64508796.0,774830.4402457142,1623318224.0,9093980.073480392
3068241300010200101,119273173.0,835631.4148860136,1443899140.0,51113918.44986867,31242942.0,370721.4099734287,1359568124.0,7596410.368564952
3068241300010200102,21253739.0,326209.7946513184,127693641.0,1273732.112610972,10431498.0,129405.38626055527,142499419.0,1215620.0179044756
3068241300010200105,270495157.0,1942910.5289305116,3628338209.0,16855129.515646473,74436327.0,930614.4299518953,2994158616.0,10894450.147038037
3068241300010200107,120437330.0,885974.3009117511,794028326.0,68100986.48060226,32577413.0,407408.66756718396,1547285144.0,5607286.6991132805
3068241300010200110,40458034.0,438910.1183287535,495659798.0,3545849.3016042756,17087098.0,217214.23570429624,310962936.0,1904246.3493517884
3068241300010200113,199260837.0,2222990.7884358014,1421914879.0,10059084.57975659,62577803.0,778861.489465485,1630016643.0,10753049.853612639
3068241300010200114,72708977.0,607315.2462262784,766043536.0,4082143.7869743155,22886357.0,279028.2442632086,709288335.0,3281168.1264331304
3068241300010200118,48954113.0,379307.7967029137,682440153.0,28717528.235030927,13034390.0,159432.1143681411,577484888.0,1576142.4560586363
3068241300010200119,97590571.0,1168006.9594574084,1124304981.0,11345530.656593233,34693856.0,436840.4271108813,981082892.0,8076392.935460196
3068241300010200122,194521827.0,1475807.2281453684,2566533292.0,44417614.58381257,52008404.0,619738.2557998619,2135447060.0,6507353.650834033
3068241300010200128,131549906.0,1080460.2247416363,1402571267.0,11123442.261687977,38620754.0,474284.31108286337,1291364520.0,7176922.585880627
3068241300010200131,27326270.0,235822.7456918962,418104434.0,8735760.813973602,8110977.0,97496.4923218647,322575923.0,2025538.0037329185
3068241300010200132,121334044.0,916456.6624700904,1569638936.0,6880443.967463771,34596825.0,406658.05763890553,1361243420.0,5102494.389273544
3068241300010200136,90662406.0,738904.7455338935,1190949448.0,6242661.626363484,26472754.0,308655.6309092572,978728918.0,3890084.571719929
3068241300010200137,6000415.0,66935.08684204023,19675119.0,254380.10127617102,5034568.0,64478.57376060221,31592288.0,250897.3514438139
3068241300010200144,129794542.0,1049338.7781685076,1868419123.0,11531868.130719103,38917085.0,474046.8085851352,1498074432.0,6433846.719106192
3068241300010200146,192346688.0,2084417.096722152,1532114474.0,14962777.168331726,76721086.0,958656.5883205932,1560499715.0,10501897.33578411
3068241300010200148,98698412.0,831539.4741114015,994764051.0,8809772.710214268,32464337.0,380037.5438628195,951037697.0,5367579.707053306
3068241300010200149,9254044.0,107014.60538110917,44493524.0,392991.2065744486,6453354.0,80058.74633540817,52248705.0,345766.990782126
3068241300010200152,132778705.0,1212717.510066111,1759279018.0,13819476.10806603,41119029.0,518598.51024254505,1565455601.0,8393502.322718678
3068241300010200157,143901047.0,1262702.1516636563,1618823355.0,11884061.813157443,49225552.0,601615.5749728411,1590306774.0,8035430.029197124
3068241300010200158,92577143.0,751765.2829509788,957366147.0,8441693.849513419,31473162.0,375206.06500877463,977675261.0,6124496.838592097
3068241300010200161,13515207.0,231228.03966055802,73962585.0,1036416.6668343677,5937389.0,74763.58815784678,112041477.0,1846723.7747856716
3068241300010200168,99555228.0,994512.9562411997,958367151.0,8023990.135609858,38450604.0,475017.3495705236,771406983.0,4762277.720842733
3068241300010200169,113250296.0,1411634.2382035614,659779444.0,6380778.19549306,49043001.0,609607.8993905819,659839960.0,4819548.092334574
3068241300010200178,94499740.0,1110084.0488613674,609875973.0,5917438.139946399,45503066.0,561199.0343422664,706825009.0,4318806.476354921
3068241300010200180,93145038.0,1248354.569663106,73553950.0,1236054.314045795,146199897.0,3315668.92946984,394163408.0,3408971.6401612777
3068241300010200188,63272561.0,716164.5992191776,533510463.0,4857732.527877162,40092106.0,497973.9526962749,481211556.0,3334531.6830666796
3068241300010200190,60265351.0,638255.176172672,423232266.0,3567658.633469019,35189652.0,436236.56644526386,452599756.0,2848673.5407443945
3068241300010300004,121191028.0,1108322.0763721452,1636961904.0,34208379.22935161,29418993.0,403920.7755034592,1134085795.0,6440704.297148928
3068241300010300007,88010958.0,677494.8848773912,581961442.0,33765733.636868,20021250.0,274536.3895584174,848550108.0,2981144.3680367274
3068241300010300009,123903184.0,960550.4783579854,1248699960.0,61212531.087244466,27112958.0,367798.66257297824,1096291324.0,4377038.317121887
3068241300010300013,99890572.0,755906.9391613102,1235354250.0,47682842.9436743,24464899.0,342250.85111315746,967158179.0,4383215.827866879
3068241300010300020,59395410.0,442446.08911694586,455426985.0,52553152.71802677,13105589.0,183113.41337591974,533382000.0,1784922.2582913486
3068241300010300030,48690567.0,337566.75609502767,583680852.0,25014279.822960217,10310788.0,137860.1731186107,395227839.0,1406301.2787915901
3068241300010300035,50028314.0,369995.7652750785,560683460.0,17247673.01148173,12931772.0,133971.2587665249,405906459.0,2350587.195895332
3068241300010300043,152359321.0,938322.318854187,1737513528.0,57652095.48671898,40637027.0,397384.52423298557,1712141444.0,5272673.418566609
3068241300010300055,126950057.0,797679.654857304,1022463630.0,72394039.33778742,33413459.0,372442.63661109196,1523896940.0,5712585.910673423
3068241300010300065,53095216.0,431711.43571874703,583956811.0,29694328.02883172,13966577.0,172943.90857109916,620660847.0,2306207.6148958686
3068241300010300067,68937628.0,511689.9217436563,681794563.0,40040999.87561328,17966533.0,215352.86379716976,822189016.0,2546366.60517329
3068241300010300070,66825529.0,538454.5859295058,615344819.0,47847324.97721872,18592567.0,232148.47830496094,825402630.0,2904773.762993029
3068241300010300074,158849772.0,1241579.9847349206,2203426617.0,87365923.15760362,47602230.0,585615.5728193102,1933131885.0,9853381.390602313
3068241300010300119,7054533.0,81059.52672085931,57121721.0,821589.1311384188,4176207.0,53103.353936680745,55528179.0,514112.8542768513
3068241300011100006,140444478.0,1399502.4676560925,1120370152.0,9274247.786378365,53767663.0,660204.460476148,1088481626.0,6596609.930320277
3068241300011100007,133910900.0,1147077.4838131946,1475217065.0,9916412.134482216,35514547.0,358087.5694971943,1057128710.0,6581140.488319586
3068241300011100008,188333271.0,1641437.285871327,2289313470.0,30938391.33975533,45967548.0,647568.6997760442,1697189512.0,8128300.510851985
3068241300011100009,150727778.0,1176616.8608188038,1668335961.0,11183291.444797339,36943589.0,461092.1148605279,1250820093.0,4137832.122171033
3068241300011100012,262816126.0,2468169.949329133,2333035511.0,12777405.723477403,85244919.0,1004912.5148357571,2199174069.0,10703213.636069775
3068241300011100014,218098974.0,1617056.3343336354,1522711578.0,113623746.961624,47158631.0,659294.0310561183,1961560875.0,6333964.127344564
3068241300011100016,163191297.0,1233774.1956650724,1215225436.0,4453731.045759322,35106790.0,369873.3010502024,988832734.0,3518561.935611669
3068241300011100019,120580490.0,1191965.6802802435,875514280.0,3806490.411403356,37107430.0,453546.4851259198,916396076.0,4969234.792690653
3068241300011100020,190398396.0,1863170.33608884,1975797712.0,10704132.642564762,56258671.0,675418.0328139346,1684469297.0,7954870.815123169
3068241300011100021,101206035.0,1006239.623760953,794287873.0,3402241.6996814143,27962702.0,355238.11505617975,707609263.0,3889984.660366414
3068241300011100022,101983151.0,868754.3715844399,810039395.0,4132409.0023303768,24257816.0,296174.4088404747,675703931.0,2708762.7380801635
3068241300011100023,180161251.0,1335718.4946726933,1215025010.0,69359970.53803195,38806212.0,521734.220902413,1589600037.0,5757749.660476032
3068241300011100024,101301950.0,926252.0889829013,1153578775.0,6365492.520084143,37553225.0,444009.5745989234,973019886.0,4828294.661801816
3068241300011100030,76186422.0,913733.3870665454,764641554.0,5591323.317203005,29947248.0,363114.2841900229,714253402.0,5361353.75365469
3068241300011100035,125213294.0,900271.6234022982,1517761864.0,20405277.569376014,31320797.0,376342.20983322954,1181884160.0,3419042.2097956752
3068241300011100036,198373751.0,2180396.2549762297,2037692697.0,12801218.482726414,66837680.0,814275.1534788328,1941584076.0,11790336.81472486
3068241300011100038,110240394.0,797164.4933010605,406750458.0,70710481.67238033,23700983.0,339677.7356087341,975028988.0,3657168.416242795
3068241300011100039,134419931.0,761836.3490483502,497913396.0,32332640.09221993,28312916.0,301907.696922534,1186259591.0,2980885.2904565437
3068241300011100040,131386132.0,1011335.9203884727,452639446.0,65299575.60338415,27781661.0,383422.74873574905,1130207264.0,3105808.5742714414
3068241300011100042,214579448.0,1759745.7453687128,2530446777.0,15989322.353969961,56250176.0,689014.0448324446,1920547574.0,8915255.554818135
3068241300011100043,75888057.0,598517.5860511233,698691663.0,10136372.047730906,15700699.0,198059.19629822756,505567897.0,3206035.5990354344
3068241300011100044,53437265.0,359627.96112505096,651961510.0,26526070.009117596,13482558.0,159985.2534913344,544391112.0,1737427.1411424866
3068241300011100046,19928504.0,152967.97149561916,188253713.0,2511529.228302353,4236501.0,50572.51542114678,132233640.0,1041756.969504829
3068241300011100048,231435187.0,1212425.7134859096,800096219.0,34233138.3712898,46993724.0,474631.81022211513,1979552300.0,4854455.018723968
3068241300011100050,129103684.0,931939.6099961278,617075005.0,78543036.76846099,27516508.0,384142.84379680763,1097194448.0,3928493.142331918
3068241300011100052,211549186.0,2147490.8921197155,2271282641.0,15747580.721346296,70596530.0,865974.6207732047,2163333826.0,12033899.974397257
3068241300011100053,415540131.0,2918073.5456504165,4562334097.0,80312134.20710018,106497616.0,1259342.523638538,4063770308.0,11003187.340023266
3068241300011100054,163908619.0,1204206.7186546118,2071365440.0,14741198.825105753,42873739.0,516549.6724817434,1705715849.0,5572792.978855634
3068241300011100055,56105924.0,469081.5308203391,510327403.0,12123999.727887526,10997213.0,135875.90315701603,368591524.0,2026877.4450045938
3068241300011100057,311091147.0,2301307.11087965,4241139910.0,17167505.774542492,89078582.0,1058403.4881881692,3494766822.0,9873624.371024014
3068241300011100058,155621607.0,1047142.0452278191,666453046.0,67399287.3553114,33403669.0,453722.82370022486,1322150080.0,4478613.919864884
3068241300011100059,162683357.0,1280893.2806566346,1958031541.0,10108502.818207627,44194351.0,543225.0555611389,1406863351.0,6552564.394367577
3068241300011100060,205575603.0,2072340.9875090078,1765790224.0,11370393.858796582,70687158.0,863105.2842775886,1955763965.0,9802396.908644572
3068241300011100062,226894938.0,1455162.9732698968,984459861.0,21264232.364755135,41488789.0,452192.6040539277,1824759071.0,5477300.421454098
3068241300011100063,307844371.0,2858858.2584119183,2517101683.0,31949254.901317924,60579460.0,768853.3774035911,1840421303.0,10822145.27110534
3068241300011100065,152763807.0,1276959.2475674136,1729690858.0,7576367.704769445,39915388.0,498947.8983427194,1306685941.0,4815397.967127213
3068241300011100067,161054033.0,1008204.9780854908,638086877.0,47616976.693487436,33455938.0,389882.68843744905,1346721382.0,4066726.454523237
3068241300011100068,119464054.0,969845.4117137014,1456909519.0,7953443.730040617,35709755.0,427427.7879915104,1326604687.0,4838965.65193576
3068241300011100069,632626037.0,3749793.352450692,2828537797.0,61506631.26022629,115381075.0,1298554.1635102022,4907021672.0,13876858.905693492
3068241300011100070,240437072.0,1951556.501046945,2796101136.0,27943459.452743877,61762401.0,769830.6854524426,2069702905.0,9081041.831020908
3068241300011100071,211867731.0,1579089.9492846532,2498580880.0,10023369.453316059,61236456.0,727593.0929039957,2297175877.0,6826212.651944051
3068241300011100075,138041917.0,1075904.0657181323,1686480646.0,9302698.863614129,36098031.0,452721.13399394247,1257458825.0,5532007.280138085
3068241300011100076,510868044.0,4073950.297165767,4336663749.0,67230154.75607596,107409239.0,1325027.2081225088,3004680595.0,11823093.917148888
3068241300011100077,87611789.0,738436.8982614086,860005615.0,4439676.328512856,27514903.0,332193.8758061482,918284855.0,3551122.4233716372
3068241300011100079,205375043.0,1367389.72867848,904956595.0,87714415.30441731,44397024.0,601314.3062198977,1648593149.0,5357944.756500202
3068241300011100080,108053133.0,799294.5326472665,1259023767.0,5632821.81823612,28540611.0,346655.09875570686,1037599640.0,3421206.0439176788
3068241300011100081,127180048.0,955068.6851679843,1436779087.0,6918551.89654429,39511774.0,467777.4193939598,1444147821.0,5199010.709379523
3068241300011100082,78376514.0,833207.32025107,651731692.0,4498911.620345818,29123068.0,360162.2530870583,760440175.0,3484499.874557564
3068241300011100083,211854337.0,1759582.0487098845,2639265083.0,13307299.869207516,56307503.0,696682.7443365161,1978283684.0,8400057.836613338
3068241300011100086,161066135.0,1887787.362689877,979044605.0,7001015.2615747815,72486171.0,894792.6663960385,1354027009.0,7991610.379551804
3068241300011100087,286765642.0,1909630.5852509262,1458337544.0,29203427.57239593,53420840.0,675812.3073174197,2239496287.0,7485953.751444732
3068241300011100089,244773776.0,1834610.1450360774,2988630272.0,11727575.304529928,71393648.0,836006.5612808914,2575101430.0,8891014.857097657
3068241300011100092,211815391.0,1979214.0547215194,2119578923.0,11595583.61124927,71838605.0,868950.6581750229,1528254591.0,7395783.155302018
3068241300011100093,109821924.0,939782.8640368631,1136609241.0,9176574.253509654,38760139.0,461815.4241777252,1201955414.0,5647346.0260174
3068241300011100096,111040335.0,818124.6296910375,1023261411.0,4976792.238560436,35444327.0,401698.33428074647,1128530577.0,4291307.549488863
3068241300011100106,64217729.0,585229.6783479962,343521465.0,1810538.10961649,30116095.0,317868.75070339296,545833180.0,2408881.1679445817
3068241300011100110,197613203.0,1196383.6546205105,845246720.0,71769918.01688117,40590860.0,502521.97141617176,1578277018.0,6311896.615537714
3068241300011100115,62253929.0,379403.10313235794,650090716.0,19871735.47236648,13521756.0,155697.6836505233,514637582.0,1042432.5056289221
3068241300011100118,196190913.0,1637360.6447944515,1251129692.0,6652835.118328332,91522001.0,858102.9488954886,1814733620.0,6900144.379393511
3068241300011100124,257682473.0,1332953.6712999882,1068505432.0,17850342.54137111,43273562.0,395089.637111767,1774895066.0,3950716.3721157373
3068241300011100127,118045270.0,898232.5489660911,1480713881.0,9719950.57049943,39933176.0,374578.4364610425,1214131483.0,6113277.836612752
3068241300011100128,715688087.0,4022738.2586774155,4521237705.0,84610227.83785364,149261704.0,1527500.9510878283,5518675024.0,13343818.056374393
3068241300011100130,123325864.0,963879.8856992237,1116911384.0,6730584.235428721,42483082.0,386407.7763830957,1118436542.0,5065733.560638434
3068241300011100135,113942822.0,788608.6197888458,592572310.0,3367733.452803844,56999364.0,408241.542539264,995019851.0,4304204.066279562
3068241300011100136,61296203.0,664168.0223875662,255160145.0,2670204.306427937,36424843.0,355247.7205154805,444827052.0,3058941.4422800965
3068241300011100141,538232198.0,2860701.8293628152,5282118695.0,96279001.2029447,110427675.0,1051707.3424078915,3676023724.0,8735986.881190943
3068241300011100142,148309448.0,696876.6298337159,915198188.0,16438661.246305007,24848774.0,179447.0825311719,1058380017.0,2649980.613297152
3068241300011100143,602582072.0,3802576.494965411,2939997038.0,101944605.59543422,134327942.0,1421593.678006389,5490629917.0,18899921.659073204
3068241300011100152,33657586.0,277042.3908939441,146304919.0,911765.213587401,17670174.0,150426.48267912914,293594050.0,1583140.2555628289
3068241300011100159,26005598.0,228906.66347860254,148459649.0,1304004.4136315207,13476680.0,111978.00059068148,233959163.0,1607015.160916006
3068241300011100160,42466808.0,490220.1743231955,179466587.0,2043040.1600401308,22619480.0,270500.91668520827,339048056.0,1949361.271819357
3068241300011100163,81151117.0,989387.4739518757,283639484.0,2333642.4735374483,44873502.0,561515.4115232491,713760676.0,3948616.351944237
3068241300011100171,153452432.0,1785021.770155391,1009121584.0,8464939.503177572,84094151.0,1046287.6142792688,1394819840.0,8563862.6848044
3068241300011100178,55696106.0,526891.222451038,196511292.0,2233370.2269119807,39484706.0,365434.37823070376,351456617.0,2764412.196082478
3068241300011100179,461012985.0,2185206.2811679794,3789420309.0,78939108.65419601,89422613.0,752995.0876070865,3604263907.0,6698178.711056019
3068241300011100183,15252533.0,179324.41263804963,64119045.0,553087.8606243752,9511304.0,132563.88846966802,115651823.0,1031355.9678277182
3068241300011100185,63454174.0,757232.4757959613,242217372.0,2463463.79464793,44097194.0,609328.8590546846,440780802.0,3499430.599658977
3068241300011100188,252738813.0,1633596.623810287,1060725657.0,34478319.27663812,57541293.0,680566.6903001899,2418814170.0,8384948.26646648
3068241300011100189,39628889.0,174126.474362643,150019030.0,7796910.789900269,7486789.0,61394.951310388766,360031097.0,1550248.4411626994
3068241300011100196,8014202.0,102415.31937011715,36706778.0,978090.0102051855,5777258.0,77744.8949223218,57167994.0,663976.6950427338
3068241300011100198,152596552.0,1842880.5086650075,809115884.0,8784914.711122641,66981120.0,712148.1213236132,1035215273.0,6588727.626483624
3068241300011100201,91358787.0,942680.7612361908,842087668.0,58542262.42149137,23782725.0,263132.40285131044,817730102.0,5568865.03364889
3068241300011100203,155025633.0,1173315.0724839556,794410917.0,30781823.532784313,35495146.0,437642.99758434703,1479307171.0,5541351.018824575
3068241300011100205,426250287.0,3225491.782348131,2165281642.0,73366665.7284096,100024974.0,1203372.9229515286,4115988361.0,13316174.502210516
3068241300011100207,80355767.0,777949.0934302802,299405493.0,2254991.257993468,37303293.0,385036.98502421385,431299989.0,2173117.2934095645
3068241300011100208,114525102.0,703672.8482705796,830772713.0,12304073.978722118,22224756.0,231911.5645862327,1025365110.0,3675770.3210640685
3068241300011100209,71253589.0,603659.7475995364,991877872.0,32763669.17351551,18570961.0,229329.89503174459,604643875.0,3053557.633303288
3068241300011100210,190278937.0,2169409.9171257764,1047122396.0,10653419.272902707,83880029.0,887827.1676203404,1224187025.0,8266396.2011553915
3068241300011100216,633456354.0,4377697.756815281,3256526068.0,200117419.36046496,158295022.0,1735211.3421062161,6336822922.0,20954170.29961293
3068241300011100217,53996601.0,630327.5416600166,188758683.0,1500425.2869986966,24619835.0,260173.9325258697,303776865.0,1786224.101474543
3068241300011100221,218303122.0,2273200.720387063,1424389827.0,11088899.732291864,97586189.0,1020443.6058913765,1518499936.0,9110846.306045407
3068241300011100222,201403807.0,1207532.2568265675,1177433999.0,23009458.79931795,43554227.0,429942.6012990748,1952210920.0,8470063.841708206
3068241300011100224,88366998.0,1057210.8440842286,328140467.0,3594155.4348626705,42632365.0,447841.6496164246,508475746.0,3193153.821188484
3068241300011100225,152049344.0,1272237.0507317842,1605494190.0,23127739.799350955,32758960.0,337335.90404034726,1084046159.0,3451893.1654869695
3068241300011100226,88251377.0,502235.96627715044,834334019.0,12300876.04035011,20034315.0,164654.90146448143,855515453.0,3162787.9531449517
3068241300011100228,157334167.0,1616850.228997433,802337794.0,6507040.887198542,77621589.0,802327.7785861262,1041690189.0,5821507.654309978
3068241300011100231,53164312.0,540873.5140699471,190208485.0,1671480.3824656499,35416678.0,367173.7190970255,307787858.0,1954873.8604199672
3068241300011100232,125660421.0,624705.4605323051,985811189.0,30081324.250579435,30702619.0,253049.44883226557,1251230100.0,4954619.645993465
3068241300011100233,21942374.0,237429.44928910758,124311680.0,901625.7567781497,8801500.0,90147.83913915801,143349969.0,1061085.7503069544
3068241300011100234,68857438.0,369819.86354757583,352561174.0,28416256.151484765,16299566.0,150543.1568555662,722766318.0,3469694.393230726
3068241300011100235,97534615.0,932481.9092529009,546779671.0,2549256.3546401695,35005486.0,357574.3354991287,622601586.0,2990807.5540292566
3068241300011100242,79350079.0,795358.3901487198,426253379.0,2851237.4335057777,33689283.0,338731.47023535357,528243407.0,2770071.6928620343
3068241300011100248,109429794.0,652828.522192134,888265051.0,64632701.3221036,24881506.0,230440.68644727417,929369782.0,3132668.888322702
3068241300011100250,138944585.0,753878.6079816323,1335542883.0,34444755.04095699,33640573.0,279487.2235928414,1192109098.0,3872972.944795184
3068241300011100251,166695574.0,1533416.4055164962,1244174727.0,6875505.298723169,58883610.0,608278.0722443009,1173065636.0,4708181.0239144415
3068241300011100255,104348640.0,1035056.9930792563,585900867.0,4349025.563588737,41487339.0,430586.4862100438,721529183.0,3554810.645296504
3068241300011100256,42989093.0,474122.7434853291,255615257.0,1933209.4986916268,17456669.0,180795.90361067705,295163390.0,1495967.802548848
3068241300011100260,204322876.0,1511133.7085191514,3170151233.0,15851157.659107383,81246124.0,771406.3298929922,1935845341.0,8687700.13738297
3068241300011100261,45685996.0,519361.0735015761,340451346.0,1807412.6224547217,17198433.0,215399.21944418698,300819221.0,1878186.4526065872
3068241300011100262,52152754.0,521048.15994708496,384971110.0,2111151.551316716,19545313.0,240489.9581690149,332942032.0,1766394.97457165
3068241300011100269,126210711.0,1360160.3948461832,845434184.0,7377039.220581505,73340928.0,916374.8306558933,1055894153.0,6781698.182369368
3068241300011200003,17098520.0,177896.7378283248,82900270.0,662879.5136142662,12867210.0,156438.8386427145,88855844.0,535907.3734785536
3068241300011200004,183995292.0,1976967.4957435047,1492295513.0,12383821.492456213,70076639.0,889740.6468859564,1302191948.0,8362717.360249251
3068241300011200005,330403655.0,3647610.0645140167,2572494686.0,21053509.249085773,127384535.0,1597399.3949100294,2428871420.0,15773508.319030806
3068241300011200007,80158517.0,804328.8202049002,816503122.0,7149151.979677948,24489856.0,333760.9311716232,638372417.0,4003704.745969272
3068241300011200008,122775352.0,1132752.066351131,1544197662.0,16111591.963537918,36160362.0,435904.79620734794,1080669312.0,6714741.211980968
3068241300011200014,141479698.0,1468564.6828530408,1451680604.0,12032130.20884784,49706990.0,631781.9663196144,1048876951.0,6909672.026590237
3068241300011200017,131248291.0,1344819.2921242868,1129459328.0,7559116.556319764,41224723.0,504153.409918465,1064959296.0,6275191.114742377
3068241300011200018,92851210.0,869842.622243206,728754969.0,3188880.3057733737,24051147.0,298596.4098901339,611131837.0,3005504.792509716
3068241300011200021,89380615.0,865326.8117898081,836522595.0,6204466.598089879,37533022.0,461957.8378196333,690721989.0,3932290.5654447665
3068241300011200025,92417061.0,904947.108449291,976028637.0,5730930.926574093,30320903.0,349373.8910292092,859275569.0,4406466.09686658
3068241300011200027,208056527.0,1456420.1181301617,1941618361.0,81387288.96868291,44322979.0,578629.6341966076,1763661670.0,3948676.4508727323
3068241300011200029,216235947.0,1599381.7699000987,2503213535.0,14047593.298355127,57550267.0,693059.3878420356,2025139505.0,8299382.1363774175
3068241300011200032,285152063.0,1697019.7499592695,2670454984.0,41710196.90622809,60325178.0,630473.5350204344,1972706948.0,5757162.393683266
3068241300011200033,215377011.0,1588193.0813171824,2532201569.0,12290678.476549057,56320660.0,675338.3578905342,2029501774.0,7031346.478233722
3068241300011200044,283813095.0,2090042.6032136313,3607226329.0,54550938.29214503,75169304.0,886953.9418552798,2934733955.0,8725384.199629521
3068241300011200045,23328848.0,318283.4808864349,222907341.0,2821001.812290267,9998346.0,126238.29769210971,221172691.0,2705865.6005623955
3068241300011200049,145476805.0,1557257.8895391822,1433668792.0,11082637.708561806,45406990.0,569304.6072111239,1133930648.0,7602222.628766427
3068241300011200050,213741756.0,1645168.0894082212,2873138548.0,12115639.56841609,60414191.0,709791.1313116042,2311298594.0,8144028.935891244
3068241300011200067,124309289.0,908941.362883749,1624553810.0,8358935.835568405,37510192.0,453837.59457317623,1394788367.0,5254669.348911623
3068241300011200073,170717356.0,1260021.8149990307,1771640478.0,6554464.8969213655,43809010.0,517165.6268865932,1573704990.0,4553417.1257131975
3068241300011200076,291449784.0,2602932.6374126473,3215298226.0,17596146.621298697,85996703.0,1113141.1583330666,2230070936.0,10916252.966389919
3068241300011200078,125450218.0,1354304.8904096643,1121120973.0,9930030.860673206,53803691.0,665209.0723369846,1226841710.0,8019450.101229852
3068241300011200095,200700917.0,1643059.9397046242,2331892481.0,12826350.057339773,54841728.0,678691.9094628207,1929549530.0,9024652.517677974
3068241300011200096,272806129.0,1450292.49707079,1902066352.0,48830011.61755553,54492902.0,564102.477670128,1880064455.0,5080452.636663983
3068241300011200100,79678630.0,653171.0631718806,829997022.0,3540490.1762477504,27284741.0,331242.3931688594,876604255.0,3072551.8843733785
3068241300011200104,119870453.0,1016428.9587270168,1395712436.0,11490081.573251804,34538554.0,415419.32149280235,1108491577.0,7616906.056694364
3068241300011200105,315070024.0,2206824.6892802627,3948934007.0,33748149.8624189,93240407.0,1014418.0635394994,3507987898.0,12439337.09171225
3068241300011200107,132929052.0,993017.8353460976,1692998303.0,8611915.073807085,40223328.0,435158.831030736,1425644520.0,6026868.49763205
3068241300011200108,277005751.0,1715256.7520141953,1559168939.0,18986314.67803397,50299565.0,574299.0894805053,2111561156.0,6342924.619647744
3068241300011200109,149125224.0,1450516.1906984097,1449306086.0,8725577.697777616,62476913.0,677825.0268939006,1193746545.0,6396258.717875101
3068241300011200111,135048190.0,1076219.403485225,1709702917.0,12216222.71044501,43313265.0,466373.6340608309,1351181947.0,7147309.3325478025
3068241300011200113,159218788.0,1612457.6065648335,1872860780.0,13419092.536598338,59364321.0,651663.8031621095,1420841057.0,8859915.249377787
3068241300011200116,254143030.0,2065721.0112074672,2103515988.0,9735260.34940292,101927527.0,1116171.3368219226,1486334272.0,6828762.8491082685
3068241300011200118,59860546.0,468810.3792663667,520104385.0,14631723.443530347,10972934.0,119387.14355877577,361657848.0,2714993.4498836603
3068241300011200119,119807884.0,1013550.45702105,1155175371.0,8779658.38597713,43527691.0,456495.7887703525,1237973828.0,6637161.007519666
3068241300011200120,44768874.0,353256.645687871,208422967.0,2048035.9911730173,29795602.0,235360.3010570668,337027625.0,2220081.1806632695
3068241300011200122,381715249.0,1638959.3923893366,2634987378.0,41620291.2321435,72302731.0,570514.7635280546,2438631111.0,5551933.676677075
3068241300011200126,70519762.0,597052.6823875679,496617340.0,2575237.8975617113,36827132.0,352246.5404005977,584439665.0,2253087.2875155145
3068241300011200128,234864904.0,1210484.09208846,1423289459.0,19866574.84936376,40964610.0,377256.28503979265,1750299944.0,5825304.370146681
3068241300011200129,303242103.0,1876420.7308221858,2567610270.0,36053880.345947064,56192949.0,510761.70074983046,1701136029.0,6830346.799212293
3068241300011200130,254355858.0,2091961.8749307916,2320779289.0,12850352.33296628,87504437.0,830055.8949326895,2451242987.0,11069602.855971187
3068241300011200134,152609781.0,1281985.569107353,1538284980.0,10775928.901912775,59116613.0,544873.0763543798,1376694259.0,7543772.355551042
3068241300011200135,110035304.0,1154826.8772902342,823052625.0,6668575.619030682,48273756.0,448730.5993877362,818285613.0,6041491.97418212
3068241300011200137,117773941.0,720373.7429239729,1102763811.0,29942406.901285693,24992018.0,270220.33149614115,974970931.0,2098450.00664409
3068241300011200138,81108980.0,801758.7382648027,827187866.0,9237742.253624609,29962565.0,272865.1872049891,759227116.0,6555280.916771197
3068241300011200139,84740480.0,471454.23021972005,397169751.0,19125686.59652119,17858045.0,190249.78764569326,702863380.0,2182862.0253986907
3068241300011200141,200116921.0,1079362.0075641852,1303892145.0,69564450.78397422,37042280.0,327034.28246782615,1313513791.0,5037459.846330297
3068241300011200142,83304930.0,727281.3568708281,572227187.0,3717363.7078575687,41275006.0,363882.8166159756,684153059.0,3069274.648038868
3068241300011200144,105026048.0,1032018.1049028307,697411584.0,6226765.8200216945,53969889.0,546291.4014216112,977080832.0,5590070.508742425
3068241300011200151,195591804.0,1812613.097310613,1481247200.0,9726251.695840614,104075906.0,1157634.219659188,1124437144.0,6457684.463399323
3068241300011200152,73473306.0,634402.3944970836,529293022.0,4826198.287578018,34961615.0,302898.64790756203,682265508.0,3506636.4824252035
3068241300011200154,57630088.0,504394.2220297934,349173764.0,3523653.846297064,25659207.0,216828.63358215874,457174593.0,3140254.4384472384
3068241300011200155,79416317.0,584021.1307301073,440275580.0,2083800.8059190598,42739216.0,360491.278124931,649815732.0,2626471.932135535
3068241300011200159,155283698.0,653535.6577921743,938309659.0,16837314.855030753,27529119.0,189870.87919342928,1107872382.0,3109151.413480739
3068241300011200162,119064435.0,1061523.023542095,655917458.0,5694730.550632355,75495257.0,713101.8981028819,828084967.0,5365022.38855938
3068241300011200163,105277326.0,847071.610121994,535200202.0,3643382.3768898477,63936198.0,589928.83679102,801300217.0,4225212.056450968
3068241300011200169,37492514.0,316920.69238089956,171090200.0,1484073.4327468998,21484691.0,187833.62939169782,246909913.0,1537950.543117907
3068241300011200170,8629887.0,106281.50668680796,30771225.0,435652.9089023133,5583913.0,65577.95477321469,68865992.0,703373.5760389793
3068241300011200173,15075696.0,146295.49153933092,65240020.0,623521.972761417,10098846.0,104963.2393532985,92946967.0,613439.2775917784
3068241300011200175,135668716.0,1918840.5058480212,703724345.0,8449194.174008584,74473171.0,1020635.9139134502,1315283576.0,9895867.882434495
3068241300011200177,121463720.0,1076538.8949712499,1469058440.0,23404921.006846033,38104762.0,442089.91528188,970333704.0,4878197.456071148
3068241300011200183,168608421.0,964384.5363604659,1099612181.0,33304688.9143251,31098588.0,274766.38615337963,1449485821.0,3377117.0943262386
3068241300011200184,75172298.0,731473.7843844155,279295175.0,2857161.8822166347,54985975.0,591272.0535351638,432307907.0,2865357.235825071
3068241300011200187,37130126.0,367928.23057113687,381098586.0,3118635.2470976007,7530525.0,80879.7471286249,231591009.0,1609506.1017324869
3068241300011200191,205773390.0,1534064.7076606564,1392207418.0,41126355.40024737,47724771.0,611252.393124791,2033570645.0,9423634.962570611
3068241300011200193,419235184.0,2145418.688909902,3372153044.0,87263568.67755838,86028900.0,749045.4843709208,3268491795.0,6256006.61191383
3068241300011200196,44857895.0,574224.7590519664,110906347.0,1520948.3951518144,28760118.0,305462.16082723386,301741982.0,2968833.185375203
3068241300011200197,73586765.0,722834.9728145866,952286165.0,15677580.179681502,23519684.0,247582.42996616024,573664450.0,3555926.120392224
3068241300011200198,139327598.0,754425.7672817971,929566647.0,28720841.52837511,27139809.0,255346.50494747638,1277160344.0,4543298.493321549
3068241300011200206,131504388.0,984098.7888341647,1387422319.0,52251162.615174405,27344525.0,281885.98510392505,952635581.0,2736376.7564481557
3068241300011200211,82006879.0,420469.2846577229,716195952.0,9336286.18731311,16351814.0,134554.0045966228,704715129.0,3406332.5944293714
3068241300011200212,127131181.0,1633203.2981114544,751154871.0,9255924.923095295,61864131.0,658083.3022308047,963097155.0,8075023.001863831
3068241300011200214,125898015.0,940193.7115585229,1244873563.0,39123876.067604765,26919010.0,277981.9872592009,856885060.0,4274174.058695027
3068241300011200216,141731247.0,817361.8801187909,1046750206.0,17181308.54122009,28449750.0,300787.5126943975,1293075686.0,4524822.728739122
3068241300011200221,134534844.0,676819.0202856825,1245941511.0,16166166.222935896,28618328.0,236298.78091832207,1237624431.0,3563658.8517766893
3068241300011200222,136685583.0,814541.8361677332,1080505361.0,31376669.710352134,27932099.0,276110.8548116306,1347003387.0,4725218.051918247
3068241300011200224,122132588.0,984305.0727108156,1213373766.0,33891103.30363946,26064207.0,272662.4730743408,876024026.0,7384547.586746691
3068241300011200228,127544854.0,634993.1896979434,1084247602.0,24754611.10063056,29519488.0,251610.87650240838,1126792459.0,2065877.4826247778
3068241300011200231,41559616.0,424931.2078734931,251580469.0,1857459.8863291964,21096169.0,218033.55462570474,257685531.0,1408078.383261319
3068241300011200233,179007464.0,1595091.100539374,2298365511.0,17346462.53030516,47750916.0,506951.54850455746,1452032105.0,8296477.1819259
3068241300011200235,173020051.0,1174244.0070645977,1871511339.0,40967842.43455786,39523270.0,413012.85553856194,1363694022.0,5124928.3898783475
3068241300011200236,219838521.0,1864451.5854354438,2830590533.0,15833895.05569309,77947010.0,828009.3243678262,1853528314.0,8804633.91395392
3068241300011200241,214834651.0,1816445.6962356032,1568250903.0,8368716.9174333,81575713.0,854607.566290644,1513419529.0,7075262.9980747495
3068241300011200243,36908584.0,359828.0743500544,197496039.0,1711778.785595008,21613346.0,222767.77958951812,251595120.0,2035311.9433538225
3068241300011200244,92430479.0,550096.687530712,967417537.0,29141757.109789643,21465095.0,195317.75405585277,810314074.0,3165028.674324186
3068241300011200245,54365184.0,441881.0128463024,790891573.0,21889494.85282156,15278578.0,180515.3597834853,501548393.0,3188359.464907318
3068241300011200246,92086724.0,930939.6671391325,360046996.0,2889892.620930823,61587382.0,628003.3901490339,520002885.0,3115345.123842128
3068241300011200250,214925623.0,2060918.0119989885,1851076776.0,12206920.928250296,90674779.0,924369.6758062224,1915503513.0,9663389.90477623
3068241300011200252,81215297.0,882139.4899877327,759424778.0,5939265.082246391,18836938.0,201337.720821567,565913228.0,3759230.653030157
3068241300011200254,101230006.0,744944.6577438768,1340490047.0,13315869.740535906,27411477.0,291827.505810755,867373750.0,3936404.3110771226
3068241300011200257,231821662.0,1790614.169505949,3072751496.0,15914028.976619454,82751322.0,853654.5378524498,2156041677.0,9435455.910845421
3068241300011200258,317414220.0,2138880.473023891,3391374970.0,23097135.930681482,82871307.0,734819.2766839137,2473589212.0,6977829.319321249
3068241300011200260,16943626.0,124697.13616302417,210527674.0,3406809.5947229303,4266672.0,38520.05204076204,135142592.0,855830.1088913726
3068241300011200263,225340447.0,2439279.1838440686,2022072196.0,19013274.143394176,87223970.0,1081265.8399363812,1632629843.0,12337381.518641494
3068241300011200265,20578830.0,218022.0660887235,209216816.0,2253782.504098977,8804639.0,98280.90844895846,161316570.0,1640274.2098905742
3068241300011200268,47429409.0,527683.8252851332,345554981.0,2311877.2548570563,19554817.0,248749.043871884,295299912.0,1722043.9899447875
3068241300011200269,136122845.0,1047550.1396803992,1347066260.0,6541953.185695538,53749836.0,530043.060843482,1158428947.0,4423886.676431382
3068241300011200270,121600712.0,1281886.6037721273,1020402044.0,6605381.227973558,45506830.0,561925.8253614173,897812108.0,4257733.719304343
3068241300011200272,211119530.0,2373922.6726899864,1353378527.0,10712570.467642508,79997122.0,994244.0407675677,1346600439.0,7628573.791296509
3068241300011200276,14814028.0,168274.4257750098,54020819.0,534889.7821848853,9032150.0,115080.51861772304,111827313.0,831882.72023257
3068241300011300020,148423924.0,1102324.3921435475,1547285618.0,73014929.90320824,31775330.0,432152.96136163705,1247210606.0,4465824.27797353
3068241300011300028,78361587.0,590775.3726430171,637346666.0,47635748.04145922,16480748.0,223231.97548415491,637545825.0,1788572.0719846028
3068241300011300031,122108233.0,984345.6562591007,1227244645.0,60639809.657932185,25574479.0,355451.390656573,924207894.0,2809815.015685745
3068241300011300035,24164614.0,176237.2579055466,151159160.0,7177038.644600593,4883505.0,52958.993548980805,191787256.0,631782.202500442
3068241300011300048,50701624.0,292577.59781348985,394147874.0,30415424.037049033,10590709.0,114672.50718538887,392790999.0,921198.5257799143
3068241300011300066,162860056.0,1215995.1796306884,1620792001.0,31960743.728862684,32422803.0,451375.99071366113,1156439099.0,3569128.6567566437
3068241300011300082,128208666.0,701367.5928111537,1242618726.0,21764176.58836895,25899711.0,275463.9130703346,849042886.0,2180667.4211361185
3068241300011300083,21090302.0,123203.60878078753,113572234.0,12249497.649552274,4603561.0,50502.532159878254,179965211.0,452611.5423811158
3068241300011300086,195117907.0,901579.044141043,1259648379.0,21963342.016116172,31673960.0,279358.3579655355,1485926291.0,3603966.44143859
3068241300011300089,75107541.0,460614.778753141,704937261.0,19487551.15505062,17340721.0,172212.94350950926,623093875.0,1827051.3657333718
3068241300011300092,36692917.0,382045.0856205423,355493715.0,7739088.869924698,7038237.0,60529.67027590309,220780120.0,1975953.6231886966
3068241300011300095,179318280.0,769025.6741147694,1288964397.0,33438493.892925337,30699186.0,212901.67152597546,1346371913.0,3342034.753648567
3068241300011300100,217722600.0,1084334.389239478,1469051167.0,42953863.49469458,36979174.0,307630.1308534812,1714155903.0,5284826.947917062
3068241300011300105,146403873.0,1148090.4947458736,1532295682.0,53536786.77990945,29731645.0,315469.63974739605,992477283.0,5396286.906864059
3068241300011300108,120332463.0,683074.8389022665,776400195.0,21406326.89999752,20715228.0,195396.65898336563,975730114.0,3666655.654058185
3068241300012100012,10694558.0,155455.8630447553,8067448.0,158632.82315573495,10045975.0,162167.36175796893,39486299.0,425116.13747340225
3068241300012100015,77172251.0,1125478.7851181428,59314271.0,1164989.4696977553,72068045.0,1156704.4722944135,280554530.0,3019582.0825689887
3068241300012100024,24846597.0,300165.7368770496,18111670.0,307277.57491702767,23898840.0,296020.322157441,97335500.0,849433.8055078697
3068241300012100030,20694546.0,245244.59842695657,14996367.0,252105.10847802326,20122637.0,250896.24351395073,81943926.0,721310.5858409595
3068241300012100040,22664289.0,262098.91773266438,15138937.0,251716.63578982232,21832163.0,270342.87099221937,87263936.0,748149.0064520687
3068241300012100050,68291297.0,710886.6759414079,51477407.0,873157.3068748774,66870648.0,722856.5564213186,271924236.0,1855271.1300551058
3068241300012100083,175633484.0,2422543.5902154357,263100240.0,2586552.922480937,110587123.0,1452267.0609363096,1204310498.0,7991828.801908464
3068241300012100084,54541994.0,680609.356276454,74189665.0,994994.329811288,49780950.0,660976.7929669997,267763917.0,1864605.0829195785
3068241300012100085,79852370.0,917233.123148899,118749236.0,1323601.3895551302,61262797.0,807721.5863085142,462195391.0,3413226.108988963
3068241300012100087,125270020.0,1569763.7223896298,244595041.0,2547305.161205968,84797785.0,1084374.4187004578,845789780.0,4800363.720542476
3068241300012100089,83413621.0,976221.7533401318,108730066.0,1322474.600644968,69463474.0,910781.7225528767,445200737.0,3102338.9983998975
3068241300012100094,21880509.0,263869.2838373693,19949229.0,275244.35867807374,20415036.0,272698.6493815665,97381873.0,700583.7409663352
3068241300012100095,15307108.0,166446.23280779613,53823344.0,593674.9580631744,11311004.0,141496.2769244059,110739944.0,574495.5891495997
3068241300012100098,20326591.0,224687.82635139438,63817098.0,746354.8929291961,16235398.0,208414.18283566844,129257726.0,798158.1686441249
3068241300012200035,5070927.0,70929.72105653206,3242673.0,62013.076641182684,4821503.0,74444.0579386868,19052900.0,190084.6016428148
3068241300012200051,23425281.0,249097.5036266995,17484648.0,341854.01084610895,22439739.0,260057.68248344376,92776078.0,921520.3604759437
3068241300012200056,3604708.0,52774.59222262026,2763779.0,55269.82166217575,3417492.0,52364.69352654043,13413288.0,135254.87322448092
3068241300012200057,65172818.0,976171.8493347075,51082942.0,1033158.8248495851,60623545.0,982770.8402795985,234977407.0,2541312.44597826
3068241300012200060,5958530.0,67655.15265445874,4728378.0,97472.79811173824,5916959.0,72572.65679660122,25261938.0,274310.9850306514
3068241300012200064,8529801.0,120224.47801121263,6130228.0,123909.32783592395,8086736.0,127314.7989402947,31626154.0,319547.7317754732
3068241300012200065,30269605.0,425963.71156037366,21517590.0,417561.7874675603,29001829.0,456394.44235880417,113217701.0,1150536.461431281
3068241300012200069,15844912.0,178788.7512378344,12693014.0,248043.1676663563,15528188.0,182946.50896258734,66589549.0,693205.8758996235
3068241300012200083,52501101.0,782046.9045522279,39812013.0,779479.192432922,48955218.0,795838.9441100594,189712817.0,2042260.8407001372
3068241300012200084,17546248.0,185628.40031616887,14822795.0,280555.55028096156,16842569.0,196427.1437774806,75439963.0,707509.6141325212
3068241300012200097,11560943.0,139266.18388197094,10215980.0,190696.00564319882,10787890.0,128573.23801029721,49733346.0,489491.9694122821
3068241300012200104,39575050.0,451884.3190130768,30428666.0,604268.6270602149,38732033.0,461533.9552111585,162108745.0,1720887.6341000427
3068241300012200105,22197870.0,256152.43085052885,16308308.0,302524.2162852077,21755120.0,263284.1679707853,90339106.0,871621.3785211521
3068241300012200108,26056453.0,376137.4567234724,19676912.0,386319.99970213434,24339034.0,385816.8681049883,96962222.0,1040706.1720504059
3068241300012200112,12889009.0,176778.7516045314,8530014.0,162666.7868124187,12195586.0,184592.07295626806,50188551.0,469094.97748915164
3068241300012200120,11192819.0,137184.9038287583,8189345.0,153997.4032471316,10857006.0,139510.87663306398,44990536.0,453535.7036948001
3068241300012200121,26056899.0,288960.5993888755,19614117.0,381722.81522831833,25311805.0,296875.2081868417,106279520.0,1089927.5161677059
3068241300012200126,30833181.0,356146.25654137373,22215611.0,428891.870552251,30230768.0,364946.67990521854,126924477.0,1369386.759880976
3068241300012200138,20147516.0,278182.4834263096,14198550.0,268287.2342425763,19221120.0,293386.827858182,79929129.0,765033.2137287583
3068241300012200141,5994598.0,69081.6389840216,4361358.0,85232.89927902812,5887797.0,70707.71122973113,24767285.0,262933.79283397866
3068241300012200145,122200027.0,1806557.4011955617,86251551.0,1704523.9015302162,114876742.0,1843019.9001709982,457317442.0,4959031.004986766
3068241300012200149,4848275.0,70121.72849934742,3455935.0,68382.1039671204,4517918.0,70570.15288146464,18145094.0,197250.08931265358
3068241300012200150,13564789.0,152259.42191999833,9668504.0,189270.7173964361,13229695.0,152592.83093566707,55339713.0,552549.6453562039
3068241300012200154,81245750.0,925747.5603277049,56737251.0,1060459.376287135,79462499.0,937652.5711685667,329298445.0,3285640.9542496875
3068241300012200170,46422613.0,692226.9872962224,30816589.0,601722.7534966861,43589141.0,703398.5847108234,171099048.0,1830358.9619981602
3068241300012200177,8522947.0,124314.03912178299,5324131.0,106904.23943855913,8038683.0,128005.53705602876,31827225.0,336925.20592474664
3068241300012200180,4948575.0,72612.67519213166,2927640.0,57449.34106023844,4641849.0,74201.05599616445,18630453.0,194618.05634585326
3068241300012200184,20715102.0,292728.7373297929,13402338.0,255628.62221474817,19550622.0,306114.028959921,79565540.0,788082.9842568807
3068241300012200192,61208734.0,906233.0189499313,39401051.0,775708.3200939207,57669532.0,925479.0837920671,229951008.0,2501074.9713048344
3068241300012200196,21890319.0,252984.8368308227,14192252.0,260441.39011609583,21196748.0,258018.83499178733,85884131.0,865015.9126247568
3068241300012200210,6787265.0,77511.49358182284,4351072.0,83008.13053151673,6524637.0,77814.67628488102,26891499.0,281357.5302209633
3068241300012200211,18725950.0,275561.41736824217,12116668.0,241466.73422326017,17605739.0,282330.0093261404,70044402.0,752966.4839301016
3068241300012200217,6553481.0,92229.45204164804,4471064.0,83412.397992078,6258561.0,96270.38720788855,25770215.0,254500.87663815467
3068241300012200218,99301072.0,1136485.417441467,63559706.0,1202823.415383434,95895125.0,1145715.9788463993,390004201.0,3928821.764447216
3068241300012200219,40028995.0,610473.8809410332,26403080.0,523652.1663436124,37871438.0,622197.2405303004,147020106.0,1584492.2784291233
3068241300012200224,26169242.0,286555.40164822387,17490610.0,343622.2004802441,25221032.0,294498.45453314506,105131902.0,1060092.1605888042
3068241300012200228,33743941.0,498700.92283447506,22694952.0,443135.6468655819,31729822.0,514402.78297837044,126984212.0,1351064.4062615044
3068241300012200229,33938759.0,405461.44875032007,22528346.0,394380.7770453122,32772100.0,409599.1266498022,131349796.0,1192837.5729723643
3068241300012200234,9166959.0,96296.88119631846,6807022.0,130273.26057627451,8927816.0,102444.3499980285,37510623.0,370981.2238693125
3068241300012200239,33608013.0,499320.4540981859,22885658.0,443140.0046471439,31763607.0,512870.0697923332,125928938.0,1346685.9456719921
3068241300012200241,16411908.0,188924.70966618546,10957945.0,219802.90957971392,16047334.0,190032.1087212225,67300210.0,721294.3176165795
3068241300012200242,43907783.0,671885.1236738572,29981793.0,593743.8903625304,41676536.0,689387.7355613884,162717992.0,1761669.5956350004
3068241300012200253,3910904.0,43727.45859385008,2644964.0,52668.1346555418,3836082.0,45208.77753798888,16149745.0,174231.77723879076
3068241300012200258,5042972.0,60125.97188698099,3416690.0,53232.87522230045,4859504.0,61938.92356632769,19102893.0,157373.25854662783
3068241300012200268,4619789.0,68570.57679106141,3337208.0,64863.467056238216,4426964.0,71166.24614640762,17832497.0,188996.00871329592
3068241300012200272,13305191.0,203639.1018746058,9604334.0,186848.51314367302,12769071.0,205871.07419790668,50133620.0,536297.0757283486
3068241300012200279,8285876.0,100746.73713580889,5919998.0,91834.56892940545,8066165.0,103092.20608165671,32066917.0,252345.95706320595
3068241300012200282,6196107.0,92669.47616274875,4581478.0,90095.9873451939,5908603.0,94345.83674882399,23480232.0,244130.36792302402
3068241300012200292,19603824.0,224206.70610147968,13090073.0,261421.16541319503,19285371.0,230677.36928677798,80645977.0,855380.4731075701
3068241300012200296,7343918.0,85305.0143826431,5892119.0,113202.52880621105,7189039.0,87731.16689647267,29425494.0,248255.5981208614
3068241300012200299,8342863.0,126717.80880790151,6260930.0,120944.79731031286,7928328.0,128520.10732298836,31488731.0,319008.65927955025
3068241300012200305,13555066.0,208088.36260973374,11116685.0,216847.02188106102,13028396.0,213435.10230984454,52073192.0,529594.0445711185
3068241300012200317,65370147.0,791322.3608308395,52509648.0,820299.4900938515,63206305.0,810673.1891803446,251392456.0,2046378.0757417968
3068241300012200320,44194154.0,536002.3653568359,36064035.0,555391.8434184918,42692030.0,550536.5376846499,169281691.0,1347429.5919993187
3068241300012200323,65654359.0,776858.2638250825,53417304.0,820865.1408680828,63276254.0,798857.7749198169,255232451.0,2100223.7011209656
3068241300012200330,46410993.0,547239.0706353865,37539168.0,587277.7431099705,44010829.0,554499.4496703439,180514590.0,1527693.3184881033
3068241300012200334,22549392.0,263432.40944303555,18025499.0,285642.37465318857,21513778.0,268813.50888336997,86681762.0,720096.7686380821
3068241300012200344,25311194.0,311080.43208817986,15400763.0,249080.88976250266,24475253.0,318237.9344065295,96418717.0,839524.330793894
3068241300012200349,142262392.0,2038061.9037319913,114534839.0,2247994.45668409,137834354.0,2129370.4354552403,561237326.0,6064503.78594734
3068241300012200354,24759148.0,291197.4460458834,19303424.0,313169.4323553623,24518298.0,303544.7166098124,101265887.0,786182.1682941753
3068241300012200364,21916143.0,266932.2517769178,16495544.0,241521.11887379977,21908246.0,276191.6995679849,95564545.0,707110.3747031782
3068241300012200375,6446088.0,86373.68101882926,4613352.0,67402.73975507243,6377640.0,87399.49013776495,28417700.0,235942.62063513487
3068241300012200378,9329838.0,127879.30165312828,7573334.0,151856.21581771193,8862838.0,133381.42855630792,36565761.0,399483.47164523415
3068241300012200381,18602829.0,256549.1770759407,15117798.0,291463.3169991423,17784861.0,267281.8418674037,73397503.0,786710.2695263339
3068241300012200392,324333552.0,4172839.2661754196,1017014686.0,11757747.732944954,200621291.0,2672827.060754028,2400450527.0,15382620.267805424
3068241300012200395,82421415.0,1159493.4092290816,70025229.0,1359822.2706351995,79428558.0,1203913.4567458192,325377017.0,3537452.964693132
3068241300012200396,18973985.0,206704.1643797247,15577801.0,223368.32654166306,18828234.0,221221.62614063575,80184952.0,621140.2021345721
3068241300012200398,12086972.0,147363.9671420668,9531851.0,133893.0751149626,12098273.0,154340.18460019937,53475321.0,410404.07015817973
3068241300012200399,28901725.0,401371.6650517065,24067000.0,470905.8680368081,27587626.0,410100.09339350084,114039750.0,1216487.811820204
3068241300012200407,34735033.0,398748.318868707,29426033.0,440175.60813279037,34447692.0,413279.64489054045,147332190.0,1111877.9074457565
3068241300012200422,36482142.0,422130.3610270264,32155678.0,460602.1381181446,36034839.0,441426.6184459384,155523564.0,1196828.5389240545
3068241300012200428,36001764.0,402999.1568031231,32020509.0,448426.3184371383,35547441.0,418512.474247169,153393867.0,1160940.2155849123
3068241300012200441,28328801.0,387944.9182790721,23367447.0,449405.0083219737,27263717.0,406813.25196406944,110271735.0,1191603.5100447424
3068241300012200456,63597222.0,867815.9393875,50865955.0,978595.4952394647,61467168.0,908273.183336158,245039158.0,2617226.7057458824
3068241300012200467,17617671.0,215262.58064455053,31312172.0,393464.061459185,15565172.0,215323.50119997945,92621750.0,626930.2141493146
3068241300012200469,20251364.0,239534.53521049436,40692675.0,496842.94120985107,17618117.0,229126.7597058193,114949119.0,783377.858776682
3068241300012200471,57090598.0,643465.8574166714,51485447.0,695694.4574673427,56034986.0,665158.4362744829,244427706.0,1829861.3632455266
3068241300012200473,47736150.0,658156.8766793358,38386464.0,740816.8650368224,45986793.0,681985.0977876843,183038307.0,1958320.1052119567
3068241300012200474,55030682.0,684902.9054493447,103581327.0,1430277.0142700472,50225701.0,679644.2471026799,275582360.0,1967991.3817137752
3068241300012200476,48264684.0,571223.4751866298,109209529.0,1258641.7153977363,41817575.0,559385.294052821,268730829.0,1735916.3685463348
3068241300012200480,5438504.0,73072.16924313508,4264753.0,82169.8989951094,5251549.0,78745.73849456216,20609143.0,216686.47157359298
3068241300012200482,34015376.0,388336.8181566945,30350003.0,422452.22875833657,33204602.0,398160.1748689746,143345998.0,1061833.4364310238
3068241300012200487,51425660.0,698561.0308288184,41472081.0,790648.3534032336,49442593.0,733101.187800118,195618737.0,2064304.7280615745
3068241300012200492,28098314.0,315537.5155852196,23987878.0,320691.10570636526,27293110.0,320355.16531726974,117528545.0,869181.5595063992
3068241300012200497,5754818.0,75098.10559263773,4016612.0,75259.19148335059,5536592.0,80380.84221214181,21996465.0,216917.303236076
3068241300012200507,3574072.0,45402.26336786267,2935698.0,46696.8437253929,3403975.0,45598.27444065591,13861423.0,118349.31401495337
3068241300012200517,29683967.0,322983.3759035085,25051573.0,331064.2895038258,28684854.0,329169.83358938794,124307240.0,947197.0287614448
3068241300012200523,25408809.0,343535.912643925,18911686.0,358793.11265415844,24102553.0,354548.85935317725,98004792.0,1024421.5218254032
3068241300012200526,4739599.0,62384.670433605745,3556850.0,68766.64059233584,4508093.0,65635.78788691355,18588961.0,192828.5564124654
3068241300012200528,8699057.0,87698.71447430304,7103830.0,87887.7453389708,8435038.0,88588.3825126938,36582347.0,256654.41915770713
3068241300012200529,11861901.0,159755.8729427011,8996171.0,172445.1119104019,11239996.0,169322.81921575597,45811687.0,476064.9913491447
3068241300012200537,12399946.0,129973.94902916657,10410476.0,134451.20136136928,12038311.0,133280.8745993768,52792298.0,389665.7997946755
3068241300012200544,5553653.0,64435.18225720693,4309453.0,64458.74309481036,5355925.0,65821.39593370988,22214303.0,185487.81247051674
3068241300012200547,12682608.0,133890.57746062096,10089374.0,133607.5453580704,12309867.0,138419.03243247085,52449665.0,387632.2001974854
3068241300012200549,5498136.0,68063.63410597354,4399713.0,81085.09001791883,5258127.0,73232.50993479439,22476032.0,205221.71594627874
3068241300012200550,38414058.0,524704.7402056307,26877874.0,519103.0872706569,36370573.0,532897.5565507539,147559431.0,1546367.0213506483
3068241300012200555,4421102.0,50723.696782385676,3807539.0,50672.26926776922,4280228.0,50307.222785995466,19190206.0,134001.34146601596
3068241300012200568,6034000.0,84558.29359844484,4214764.0,79574.01790951952,5754331.0,86356.88413489793,22898496.0,239828.73425075074
3068241300012200573,8552497.0,119653.74301646082,5938384.0,115916.60322933085,8214121.0,122672.871494335,32692579.0,345339.9663653034
3068241300012200575,13354614.0,142926.15270652357,10534577.0,138268.01342240433,12874534.0,145980.4341567955,54566731.0,402011.6716494175
3068241300012200577,84925361.0,1163434.6222719941,56469597.0,1076314.4397727826,81337682.0,1197689.4016567,332397246.0,3478996.444167005
3068241300012200590,8156144.0,104946.52923739862,5301243.0,96276.70903631017,7745152.0,109958.5942063662,32010355.0,314765.7212038069
3068241300012200592,26219130.0,281688.19909536315,21156486.0,277250.60529414687,25145193.0,289089.2577294216,109010845.0,807369.1703681466
3068241300012200601,23176548.0,260861.50098691834,20120849.0,273020.1969046005,22150269.0,260106.76146345012,100579256.0,759575.9338337709
3068241300012200603,12240793.0,144883.86938055817,19708845.0,219822.63019920338,10365940.0,135696.3354127342,69787456.0,497988.8921865437
3068241300012200604,21008022.0,277266.9826775221,14560339.0,270487.02793182014,19979654.0,289069.34082289366,83886920.0,830354.9326032687
3068241300012200605,6281403.0,72083.73931029058,10051793.0,107138.82353191302,5362162.0,70598.50778282504,35630564.0,233971.1747054496
3068241300012200607,31248786.0,362276.73452089634,24360910.0,334291.1198883572,30204854.0,370043.67771420325,128048624.0,977586.3613626389
3068241300012200616,30779245.0,360195.6608394212,29968603.0,391558.86452221265,29527669.0,361291.7529800043,142177761.0,1044046.2519288188
3068241300012200620,30085050.0,415711.5979570268,21402997.0,410414.5941255818,28895599.0,435247.54602623207,116738061.0,1222384.43331666
3068241300012200635,22694356.0,235714.2674005045,19057957.0,252657.68990170478,21888456.0,242217.9674602237,97316650.0,745087.3401941797
3068241300012200643,11234673.0,138338.35622578574,10448086.0,139866.27849873056,10755433.0,142319.08443515512,51715847.0,394457.2042612429
3068241300012200647,15237515.0,178803.94669348153,22253825.0,256140.49914889055,13577881.0,181289.35310309206,82440399.0,525805.9732813939
3068241300012200649,17192207.0,229145.0260199531,12718375.0,234685.90823664056,16470300.0,237239.45245018287,69485129.0,672176.5969270023
3068241300012200662,6170516.0,80687.10723882896,4253656.0,79551.56645819297,5921010.0,86282.94572200046,25233620.0,250037.89385086333
3068241300012300004,49213397.0,554324.0580568693,112117297.0,1210441.4987007966,36110890.0,484563.5429901846,288082257.0,2113126.129698087
3068241300012300005,46638437.0,518243.51404164766,139108845.0,1281546.2051163274,34350670.0,445415.0276123424,342768105.0,1826903.6113364992
3068241300012300009,7717734.0,86128.61463897141,30100710.0,430321.4402135837,6216328.0,80531.21406573892,53118885.0,387844.1399143968
3068241300013100051,53877657.0,634908.8279313777,34609959.0,640610.2448934484,50977307.0,668039.547942616,215117437.0,1948906.2244942407
3068241300013100052,54701336.0,641245.0241119685,37573209.0,685288.808921258,51905025.0,675955.2284461644,220725322.0,1956220.2368388637
3068241300013100060,14749997.0,176330.14307859362,11955173.0,219890.81862920307,14073316.0,187634.22668989532,58695973.0,533777.1100793849
3068241300013100070,40215917.0,556798.6705392983,32614826.0,614839.1337561118,38463318.0,584645.0410583842,158066830.0,1535864.722860415
3068241300013100075,8185017.0,115772.53410689597,6292897.0,124923.58050938351,7808812.0,118643.64829553936,31675805.0,315523.34824993473
3068241300013100082,14470118.0,140817.7562359459,10686589.0,152869.8383320608,13764414.0,145729.32493149745,54921329.0,422988.9245913044
3068241300013100089,29122231.0,377248.65576108603,21218975.0,411201.4446157108,28724859.0,392204.6282957516,120165825.0,1228763.7154598646
3068241300013100091,25124031.0,375002.84831735154,18189230.0,355367.36763908836,24453208.0,381860.8848779048,97443796.0,1043184.3151771835
3068241300013100093,25194926.0,369232.0097837996,17902587.0,350114.79878259986,24342606.0,379133.71641617006,96722962.0,1012892.41071912
3068241300013100094,23027790.0,290242.32576025615,16635502.0,315813.66602997464,22152850.0,294743.94929196185,91935885.0,889321.566783545
3068241300013100102,32927485.0,330531.47573438945,24033361.0,342121.9264888704,31215013.0,334734.48864622053,125865384.0,983872.9333152522
3068241300013100104,4523792.0,47706.91521248841,3371389.0,53529.34979905294,4204412.0,48131.83447215488,17421402.0,156304.84599636568
3068241300013100106,28719739.0,335710.6858954355,18393038.0,333497.0034965586,27256594.0,358278.2524478585,112388296.0,1007418.9674246602
3068241300013100107,28270205.0,363937.1641807399,20098499.0,384695.05999955774,27912782.0,378586.45560643816,115649522.0,1176092.2653475914
3068241300013100110,21840636.0,274482.16852662165,16522216.0,312471.91725780023,20092831.0,281864.88316987845,84319824.0,858026.605727422
3068241300013100112,41643608.0,584450.9210222583,31626615.0,598412.9085785795,39369599.0,597082.979799045,160921557.0,1568944.869818081
3068241300013100115,72460848.0,846656.6145518426,51131679.0,934665.5723566958,68403496.0,895600.0744338352,291503029.0,2643740.7074636593
3068241300013100122,39899574.0,472671.02752559894,31958492.0,590996.2343621734,37894704.0,497212.1540128109,160886535.0,1468224.9046643334
3068241300013100125,3856342.0,45796.676071449314,3152818.0,56157.661743578545,3648599.0,47865.47600768062,15548964.0,140245.65171208864
3068241300013100128,22250497.0,260767.1175572178,17755815.0,330160.55820130184,20936311.0,272087.21720345435,89346310.0,793234.3665175344
3068241300013100145,55597568.0,709233.8728341796,33991334.0,640701.5321951952,51310128.0,708376.7940451546,204484125.0,2071613.9204929709
3068241300013100148,39568812.0,469243.447207881,26550069.0,488169.35224924155,37443913.0,494962.55931991676,155381352.0,1444113.100752914
3068241300013100153,43776337.0,448805.85079753865,28224022.0,400707.76618920086,41693709.0,452300.42396219505,162461327.0,1263975.4752968561
3068241300013100165,9806913.0,138370.91758629668,6773826.0,127750.525803322,9430652.0,148122.58423177563,38832572.0,384770.16993143817
3068241300013100169,29337589.0,367555.88858409494,18767245.0,351566.38289316674,27993984.0,378452.0840199495,116062422.0,1132853.886165288
3068241300013100170,11084614.0,159193.9456656533,7586942.0,145350.32005112918,10733777.0,167194.13500930485,44210656.0,438491.5129471926
3068241300013100172,32844092.0,402041.7490335325,21707526.0,402996.11218801246,31437978.0,418140.01732686313,132065792.0,1255094.2093208777
3068241300013100177,36852559.0,444421.28609863797,25396143.0,470949.1263284853,34761297.0,467896.64126278495,141500179.0,1362899.54547709
3068241300013100185,36307378.0,474819.66734828736,24251111.0,459842.6644772087,35027799.0,480353.28261211846,145882570.0,1482625.72577884
3068241300013100193,5470852.0,68354.48006504597,3444518.0,63967.697826558826,5241564.0,70595.35426907151,21937383.0,212996.24381838215
3068241300013100201,26038740.0,396637.77304840833,18094087.0,359375.89943812805,25591957.0,406753.9479538753,103945075.0,1111279.5185282219
3068241300013100211,69066701.0,853817.1818798742,45419116.0,852662.0882885193,65718335.0,883480.4903834342,274053646.0,2670530.3138209693
3068241300013100218,54795132.0,677905.4205331312,35403844.0,658715.3600647928,52488890.0,707450.6440922265,206794125.0,2000870.14230773
3068241300013100221,12924510.0,190472.31826384075,7820191.0,152505.46026897646,12554281.0,197230.7417731426,51401966.0,523963.8358278383
3068241300013100222,13752185.0,185312.52621713755,8873798.0,174211.12290207614,13650420.0,187297.36361097303,55813629.0,562769.5609071837
3068241300013100227,18346479.0,239687.4515889599,11257001.0,211807.35655344275,17907448.0,241651.60543681885,73654188.0,734136.417910324
3068241300013100233,28987921.0,391024.9686368137,19468722.0,385038.4869999014,28586541.0,402826.4716307849,117511011.0,1200283.790946577
3068241300013100234,78815246.0,915970.1782644296,56666909.0,856270.2950932456,75645032.0,925766.936245482,302302270.0,2443799.5010729088
3068241300013100241,31010672.0,368917.3073153365,22362018.0,394734.4296981971,29538595.0,380252.83881294035,117824576.0,1043855.4948562663
3068241300013100242,17616484.0,207707.63951698752,13569188.0,238931.94019717776,16704421.0,213335.0014414519,67414538.0,594489.6189591634
3068241300013100245,19091511.0,214510.831877201,12431221.0,199885.40738999995,18549868.0,220466.28553274347,75209894.0,607256.375898019
3068241300013100247,5234826.0,59573.982050419785,3984762.0,68565.60311192632,5015035.0,61857.720186979335,20243724.0,167904.04292094422
3068241300013100259,76095021.0,775895.1142595522,61719588.0,872739.1047136278,72534391.0,798970.442647441,300555699.0,2296903.5658243815
3068241300013100262,19401885.0,190910.3195524811,13546392.0,186465.99284457797,19226099.0,198136.79737668013,79270427.0,560092.2569727348
3068241300013100264,25407413.0,280827.3116937633,17592066.0,254261.09233318956,24737950.0,285888.2906804614,98257581.0,754865.6968765296
3068241300013100274,34645952.0,490053.6711300257,26128824.0,511447.43151663337,34073493.0,511266.6328222493,134392726.0,1415959.0306526003
3068241300013100275,10378137.0,151991.69846979142,7869592.0,150192.4122013042,10247712.0,156992.20863177453,40710717.0,428328.8222418312
3068241300013100276,52670387.0,656796.963906139,41143097.0,704000.8390686988,51741710.0,681318.2631834821,222995211.0,2019048.0740726544
3068241300013100278,13376265.0,190815.4129373974,10363972.0,200942.82875188068,13226028.0,196671.5521272824,52383488.0,564873.38879541
3068241300013100279,55167102.0,581501.6246333517,42309108.0,670749.7717260768,54557179.0,606204.8839959195,225666096.0,1836794.2188632418
3068241300013100280,38165618.0,483512.20443147206,31202499.0,546840.2994672417,36403127.0,494348.8201947662,160743072.0,1530045.397357112
3068241300013100283,26699434.0,371453.1006444108,17539375.0,343357.0110512466,25995552.0,385454.3663733855,102949663.0,1075110.0717285892
3068241300013100292,22116411.0,268177.2555557048,15660471.0,270358.44589985686,21530176.0,278833.96582841984,93983956.0,831560.761584763
3068241300013100300,20324841.0,243799.4593307022,14561390.0,247684.20964004402,19440266.0,250327.69603553557,85359725.0,767827.7061821731
3068241300013100301,10789614.0,136455.81286390134,8483588.0,151284.7100240418,10838872.0,142378.25937824632,46718825.0,438295.5162268912
3068241300013100307,43978790.0,525347.5389844644,30995750.0,527957.2224710544,42745152.0,546407.7663481538,188055084.0,1630058.3367211742
3068241300013100311,20963196.0,229841.5247386452,17207676.0,271463.0806932772,20069894.0,237403.3661620714,85640060.0,732600.6756925902
3068241300013100312,25454700.0,349776.3760928198,19058837.0,379106.22088799335,24929137.0,363400.11562698154,99677307.0,1026755.386481828
3068241300013100313,4592634.0,53627.22915162368,3610689.0,61811.47007293004,4427097.0,56041.507067734165,19194582.0,169769.019868975
3068241300013100320,15722094.0,160163.08534167617,13220382.0,196606.8238901548,15257531.0,164105.11577136395,64170051.0,519242.3291431968
3068241300013100322,59741925.0,698248.222341224,43542383.0,725308.6991234156,58031981.0,727990.7205699417,256013455.0,2171487.5279302076
3068241300013100327,43339807.0,586619.6841855159,31067002.0,590634.4585497299,42168557.0,605587.0619791441,173188723.0,1751548.2536902437
3068241300013100329,18677938.0,221636.58518560376,15264591.0,255891.31092121569,18137953.0,230895.94368344708,80494966.0,701169.6542508127
3068241300013100333,64531445.0,763382.9366865142,58119438.0,969530.0134125713,62616068.0,788318.9893781176,282047634.0,2380400.6793797654
3068241300013100337,13733588.0,162999.44593649605,10802347.0,182720.45154417766,13051443.0,167546.5946941187,55633380.0,493233.01852053346
3068241300013100339,12462472.0,144847.91798418298,9736479.0,166771.76599032592,11855899.0,149305.52007600237,50570989.0,432819.03939811426
3068241300013100340,6234449.0,75106.97271337404,5523610.0,94854.80569513372,6115147.0,76982.17604096202,27669488.0,239974.75317590358
3068241300013100343,4307860.0,58956.65229546714,3597429.0,70759.82432764414,4196526.0,61174.206994140506,17418740.0,183014.9529857008
3068241300013100345,48910785.0,634662.1055863517,34522912.0,658979.8235123027,47496389.0,672978.8146359159,196452640.0,1922776.1269386408
3068241300013100349,50717784.0,580351.2655099892,36891692.0,623169.137767924,49401589.0,615730.8727322508,216667924.0,1790693.7179144493
3068241300013100350,40942798.0,475478.5671167497,31471755.0,535514.0007573685,39476110.0,491368.5900785353,173287965.0,1430716.0007555124
3068241300013100351,5093442.0,60587.11773648078,4700749.0,80448.6223543279,4984918.0,61900.288432779256,22721557.0,198703.2299794233
3068241300013100354,40532093.0,456668.6934877109,28049986.0,475261.40509471693,38936831.0,484396.85925152095,169502352.0,1402710.7707204656
3068241300013100356,30562670.0,352495.30644729844,23679315.0,404042.44781285257,29222633.0,370429.4506000039,121942728.0,1071591.5860307012
3068241300013100358,36471664.0,412516.6809963172,24273895.0,405658.49661597196,34864131.0,432396.78552989644,150429751.0,1247447.3090567715
3068241300013100361,4327336.0,55818.882025984814,3447791.0,66250.44054530619,4179141.0,59467.04708225763,17497226.0,171998.42992853138
3068241300013100362,57825989.0,673537.9843922202,51456544.0,865565.5193958157,55705340.0,697373.4213794768,245333194.0,2082295.394275386
3068241300013100364,9021173.0,109947.560704437,7489113.0,124492.27203646544,8864061.0,114156.23076678903,39547432.0,346494.61792521074
3068241300013100369,52535766.0,546780.6374935977,42481251.0,616052.8127766697,51768290.0,565610.9622296758,211136786.0,1687805.0319698742
3068241300013100372,66321562.0,737463.6925279186,50256294.0,828049.7959182725,63773909.0,776430.4193752818,277640603.0,2236231.082621253
3068241300013100376,28125022.0,320579.16998011834,18998365.0,320226.8446955145,26921653.0,339119.9707760828,113713782.0,954059.9018788774
3068241300013100385,42545093.0,485599.3065373417,28717730.0,489875.099227274,40639872.0,511241.2811075894,168118841.0,1428645.7012419887
3068241300013100387,75649923.0,974632.9841449168,63979364.0,1176976.9303190296,72295666.0,1016466.7129446273,303418475.0,2878480.670797793
3068241300013100393,25316534.0,281714.67751662637,20135477.0,344472.7734133479,24091169.0,293120.3517185679,106041005.0,844632.290270831
3068241300013100397,14466962.0,168896.9758754938,11255472.0,188464.80804785376,14061375.0,173705.63612835348,60290140.0,522669.96526106127
3068241300013100409,43028741.0,549984.2318155566,35774433.0,654293.495252461,40994078.0,572688.4475233451,173742738.0,1623888.166453307
3068241300013100411,27047750.0,305542.1968674472,21583804.0,359108.2428577207,25839373.0,319250.64057523536,111396798.0,916046.2515870747
3068241300013100421,18997916.0,207252.57667946335,13320263.0,206909.4917704972,18079630.0,213925.11183094388,73718435.0,616660.6115061578
3068241300013100422,22044185.0,248287.5532775316,15382854.0,257909.8774090675,20975584.0,261839.62275137112,89213248.0,763060.5643460145
3068241300013100423,56832252.0,638737.9317947979,38798511.0,637521.8190945971,54042593.0,670443.367657997,230433087.0,1915771.666823954
3068241300013100427,40840219.0,456630.9340335324,28618676.0,472641.9428412065,38886305.0,483051.9280920477,165933090.0,1387109.1255898734
3068241300013100433,19756014.0,224583.43097517893,14638885.0,238390.9459986103,18813548.0,234209.98782966015,80530912.0,676223.2795026611
3068241300013100434,27087528.0,306602.99276441906,18403479.0,308336.23509453406,25710889.0,321467.51254667813,108250251.0,933019.594419658
3068241300013100443,14335197.0,160622.8122837328,9540379.0,147737.8333859094,13563748.0,163849.29581506582,54893118.0,460051.01031171705
3068241300013100451,46043587.0,621510.9328847893,29921473.0,556517.6602796792,44500720.0,642888.7145373928,188850987.0,1864007.5770445913
3068241300013100456,5247232.0,63694.76572048075,3456610.0,59821.546646301475,5000979.0,65305.03426706236,20215677.0,185947.6030389969
3068241300013100459,63043484.0,616198.9153639931,42863773.0,570958.7012217935,60421920.0,618276.5719405386,243642228.0,1773941.976944316
3068241300013100463,20531030.0,290668.50747299794,14696675.0,291263.7810622061,20382653.0,298496.07689455926,84659087.0,883700.2258426278
3068241300013100465,18735136.0,250773.20223308844,12477457.0,234349.23555984307,18003204.0,258136.14247668226,75846647.0,745636.17035005
3068241300013200003,17283912.0,236539.40388148732,12378646.0,231213.51368453773,16613980.0,251195.6911675192,67780678.0,645871.2462832123
3068241300013200038,7530694.0,90748.47852359986,5878573.0,107225.72636038238,7160067.0,93300.04779036714,30812582.0,277281.5068566055
3068241300013200057,14640888.0,170915.98475160432,11069941.0,203678.23589834594,13921125.0,180142.1006352302,59484988.0,526336.2922488288
3068241300013200059,44503299.0,504182.19317686127,34812833.0,596990.0416025611,41860278.0,512928.63519417343,167767215.0,1488013.6928345638
3068241300013200064,33414131.0,427773.6825508114,25727057.0,478869.7681266865,32576131.0,441146.6103446384,134214798.0,1323282.3353113052
3068241300013200065,14561211.0,211650.99993098454,11047015.0,215499.87847337828,14037421.0,215633.00859503704,56192975.0,586324.9468740416
3068241300013200068,19024417.0,274912.7722838257,14950614.0,279889.49929272017,18865381.0,281165.8736636676,73647343.0,748442.8148428221
3068241300013200073,15333674.0,189074.80538378263,11570887.0,217826.67291643895,14836122.0,198740.7661651534,61943809.0,592160.8122590182
3068241300013200075,14008774.0,199639.26249350738,10916425.0,209875.4396414198,13375594.0,204750.42294139377,54033061.0,538890.1370071741
3068241300013200076,7160790.0,90243.74169388815,5729465.0,115424.12015659094,6717585.0,93518.92861188135,27254864.0,293909.37212470785
3068241300013200078,22570308.0,272924.8737839691,14535416.0,269660.62619240436,21289893.0,282652.92136172997,85954871.0,797480.6137545862
3068241300013200079,26041589.0,356831.57239930803,19487995.0,369457.6169320872,24672815.0,374134.45002943475,101523948.0,965563.8284751729
3068241300013200081,27493814.0,383565.563190826,22322438.0,423427.7549341051,26362396.0,402744.28521258064,106524602.0,1032213.0533624857
3068241300013200085,23398027.0,340008.13206877344,17324029.0,336139.6258658974,22462256.0,352036.0064990035,89544331.0,920747.1184927521
3068241300013200094,13867927.0,175576.08891711832,10366067.0,195405.83017541608,13487762.0,179574.12655540142,55760778.0,543057.504121216
3068241300013200117,24694644.0,282465.0621303901,18630385.0,323988.8645988558,22846558.0,288679.9749333199,96727447.0,906609.7100146442
3068241300013200122,24683568.0,291034.17602158873,17205883.0,321850.09914320626,23354273.0,310040.6590376643,94651848.0,887765.1642463336
3068241300013200127,25695197.0,305847.77308398293,20627048.0,377720.03889526235,24176278.0,314531.82131110795,102658488.0,933297.2517181004
3068241300013200133,16705643.0,210252.2585382663,11384321.0,212514.75572612134,16237102.0,219074.09044042474,66985879.0,652064.7404134976
3068241300013200135,5184732.0,72586.00478156874,3944241.0,73993.3442765291,4889458.0,74327.12135708886,19932627.0,194781.80244668986
3068241300013200136,9535331.0,115730.65338553411,7027271.0,130414.75233784487,9051153.0,117399.34637754537,37803286.0,350875.5775914369
3068241300013200140,19228293.0,266697.0623460163,14956516.0,287312.56629944453,18173664.0,275404.27650176635,74523307.0,730266.7839145454
3068241300013200157,35194410.0,356654.82628899586,23116395.0,327352.63710631005,33671997.0,368167.1029855077,131088714.0,1008100.8970666878
3068241300013200177,13090106.0,190141.39098293346,8284176.0,159674.2012581548,12547560.0,196877.97583843753,50308086.0,507627.25500298565
3068241300013200179,5098595.0,72642.15492603533,3279744.0,62064.19955926027,4888616.0,76093.96235366818,19573853.0,197228.17996950835
3068241300013200182,20661751.0,259290.6778113884,13404830.0,251679.88528440712,19745940.0,265080.3822098269,81710622.0,789719.4304333013
3068241300013200203,25072266.0,322734.00293495203,16403777.0,317445.43446443276,23938717.0,324469.92524616164,99481820.0,982282.3424456357
3068241300013200207,16213304.0,194973.16987821137,11120980.0,205480.8528449198,15293393.0,204252.65853050424,62441004.0,595745.4659928109
3068241300013200217,30289259.0,311644.6099598509,20328670.0,283982.7721961816,28966882.0,310222.20016979583,114564050.0,881457.6487599098
3068241300013200227,18122929.0,230368.9936802882,12101374.0,224295.53209756647,17574535.0,235197.89118103092,73304491.0,722328.6539881774
3068241300013200228,33898580.0,427096.36478236027,22154643.0,415407.0912385559,32086322.0,443476.0079765891,127935163.0,1281225.541511602
3068241300013200234,56253348.0,804008.9290606313,39389448.0,744686.3978310638,54060665.0,842706.9857898365,231925842.0,2298632.2937578554
3068241300013200235,45000965.0,583112.5402557137,30785604.0,587062.8837935375,44058570.0,601158.8747454713,182986822.0,1843213.0802475454
3068241300013200253,21263220.0,262655.7767462081,15485715.0,292755.206837371,20118543.0,275675.16058636334,80689085.0,779444.914071876
3068241300013200261,23026217.0,332378.89134689246,15034189.0,274004.5135504365,22593125.0,336904.92536809953,89935688.0,895293.6127255164
3068241300013200292,132426706.0,1154067.9421509402,98721531.0,1234286.7567802828,128548025.0,1176832.352933654,515180098.0,3232416.3596542943
3068241300013200296,75647933.0,769910.4639939512,61558217.0,870595.7272695309,71823736.0,781323.7103495144,301680177.0,2341296.821782504
3068241300013200297,26981395.0,266406.28571355395,21731563.0,311888.5981662912,25669816.0,275235.6968163552,104751889.0,765281.0972405537
3068241300013200313,29129825.0,271037.1755155914,20202116.0,275431.0736054456,28121347.0,277639.1977316073,114779639.0,786336.4986893337
3068241300013200317,18297161.0,221512.3836269139,13592995.0,222481.44003206352,18120053.0,229963.46764538478,70998256.0,596897.1621169219
3068241300013200318,9678314.0,128737.65245516026,7154668.0,119972.96452694928,9582678.0,134853.93063489138,37353574.0,327597.9386934982
3068241300013200320,13743480.0,163707.1179033664,10028245.0,164432.6342393786,13473483.0,170357.71345946493,57150112.0,472226.9854432582
3068241300013200322,12084733.0,156763.8505237734,8854967.0,154381.61643753626,12140832.0,163427.4844142767,52217561.0,510023.23744596704
3068241300013200323,27813974.0,340495.56950318185,17645359.0,300817.7443884703,26727479.0,349398.84523575444,115641955.0,1036111.3960473862
3068241300013200328,30670025.0,435510.32466360956,18918733.0,366098.4897019662,29542368.0,441881.3966456152,117202649.0,1206794.9681320447
3068241300013200341,33571796.0,423745.402116101,26840400.0,468767.61573346105,32499712.0,435490.60826844216,141016121.0,1336641.7761975916
3068241300013200352,18050306.0,221350.55406420864,13639902.0,234310.05690053682,17565098.0,227011.18329025074,76006961.0,686224.7198839699
3068241300013200354,37062039.0,455927.43832041806,30343507.0,531258.7345398385,35520647.0,472297.5108290114,157056760.0,1463724.3303983288
3068241300013200356,30356215.0,420783.68477485684,19675003.0,388157.28483760246,29517070.0,434656.3223658407,118207924.0,1232436.9809093524
3068241300013200358,85825792.0,1025071.6140658952,63092203.0,1077402.5495834854,82744549.0,1068706.5194442633,363257851.0,3218294.1172158066
3068241300013200360,18973110.0,190392.73456971857,13772064.0,197004.78640003048,18563966.0,194568.01692831318,76611794.0,574471.9257279112
3068241300013200366,65881145.0,812276.6801152648,54503762.0,942448.3523768457,62461392.0,829838.699507823,274247114.0,2644517.8845691998
3068241300013200367,19460297.0,205837.04195851862,15122692.0,237629.18281935155,18791546.0,214716.9971689624,80039196.0,676295.2017774495
3068241300013200379,23678828.0,329834.0909596183,18548236.0,357392.2609302199,23085556.0,338968.4468283956,92065395.0,968901.3423569296
3068241300013200380,40768817.0,407430.7308926129,31016318.0,452204.96699805994,39292706.0,417755.8527980035,164425777.0,1282835.532654546
3068241300013200389,26449728.0,270843.61845634633,20607039.0,295879.5666069344,26339610.0,280054.7936389804,114033161.0,901400.0445939371
3068241300013200390,47932136.0,646410.8350500105,32744879.0,629160.3730755666,47114907.0,677144.6263723922,191760806.0,1958512.4239040879
3068241300013200391,37889470.0,426445.79196621815,28765422.0,429415.172633976,37139648.0,437488.8179305696,149379831.0,1270798.3694260207
3068241300013200394,13422694.0,163200.51198895415,11538975.0,200088.6424598253,12757912.0,167204.471092797,55380146.0,510983.57584050123
3068241300013200401,32691190.0,459860.1545751528,27249246.0,533562.7587920459,32301461.0,477648.6739296195,130791664.0,1409562.0259044177
3068241300013200412,12248755.0,115507.52001853444,10210390.0,138987.42037021305,12105968.0,122205.16968633626,52252276.0,382677.6708924561
3068241300013200413,95892140.0,971394.2615407789,84568095.0,1220566.899109489,92450589.0,1001993.7864380501,399259736.0,3136818.37896306
3068241300013200417,12963099.0,181746.69751282487,10323808.0,200148.00417701784,12770650.0,187153.9038465601,51963246.0,548717.1368182548
3068241300013200418,28814744.0,348048.61593724345,21453484.0,371782.77768869814,27306136.0,352164.5041075406,121308875.0,1149248.0787918137
3068241300013200430,23362330.0,281435.0628213261,20901941.0,357871.11327875196,22777470.0,289889.5078637472,103057594.0,897333.3965061227
3068241300013200431,11886019.0,158679.797182022,8180766.0,153906.90631257434,11598670.0,166239.04082817805,47543008.0,477337.85897038516
3068241300013200454,16507816.0,185329.8897011747,13008683.0,203421.77353462667,15737061.0,182226.38891394984,64646702.0,539177.0739128462
3068241300013200455,21790253.0,245116.60815981007,14915680.0,249160.3466956988,20793730.0,258232.3598908272,90456931.0,739051.5147322128
3068241300013200456,10194257.0,108053.58691699668,8300426.0,125676.3172067767,10101947.0,113201.97191090122,43533271.0,353951.47624755185
3068241300013200462,50792504.0,658061.2562990402,41310421.0,769334.1029445739,48744706.0,685314.2310622542,203731384.0,1953515.5688781575
3068241300013200468,31715422.0,362478.2850032154,23986018.0,405975.03032913804,30646208.0,388415.47298610664,125458995.0,1081939.2777783778
3068241300013200470,12111130.0,122791.51781910805,9846945.0,134982.41526054073,11943437.0,125720.5402912572,48062085.0,368010.0579333207
3068241300013200474,13195345.0,147485.9762739659,10824365.0,175197.6785982784,12590218.0,151297.85721569258,51567068.0,440514.2392198093
3068241300013200477,19562843.0,221446.883712171,15823383.0,254357.1559864599,19121909.0,227390.529812327,80928060.0,674032.9936978507
3068241300013200478,9223624.0,93182.34542817643,7309094.0,108839.77080186288,8762094.0,93960.86544567352,35534361.0,281499.2728830015
3068241300013200487,23940877.0,255103.65427885076,19059439.0,296078.23482224334,22798739.0,261838.02257230383,92578129.0,752360.1753751269
3068241300013200488,25831099.0,282832.6083719543,17969236.0,295703.0512735019,24592476.0,297794.572396296,106191077.0,852040.2872108008
3068241300013200489,27540109.0,302257.150016065,21542593.0,360830.26243828237,26117222.0,317866.877716571,115383346.0,931291.7504793506
3068241300013200495,19188692.0,190181.91616293543,14678816.0,206400.29073054256,18767704.0,198368.25817794394,75557146.0,575179.0874608317
3068241300013200499,22360933.0,291073.0879602559,18068146.0,334463.7542221133,21493169.0,301271.1044399272,89091562.0,847302.2176392896
3068241300013200501,12528590.0,174470.3707280724,9523551.0,181914.43511004536,12395760.0,176903.72056135384,50176327.0,517899.1410038682
3068241300013200503,26905181.0,315088.5924702428,19920742.0,333942.5746500988,26040358.0,325103.20576050837,111737925.0,942111.6600729281
3068241300013200511,9537909.0,113969.21603960733,7123198.0,121714.94092467304,9240539.0,114652.29694981256,39745429.0,353665.00809606473
3068241300013200533,15062632.0,175211.0572282876,10705044.0,182177.5055102768,14530631.0,181703.6744429176,62921984.0,541586.5570745745
3068241300013200535,37461463.0,416531.33941799303,27451199.0,462941.0145529653,35683479.0,438453.9912496459,155067734.0,1287994.51590925
3068241300013200545,11428113.0,128831.3093054455,9338287.0,155932.43741535122,10703495.0,131119.7329795964,46975210.0,381783.9082128744
3068241300013200566,16680180.0,219472.06590566813,12370083.0,224842.61482344894,16154436.0,229939.76090070323,67216872.0,649547.050252391
3068241300013200581,15733455.0,179895.2095309791,11770220.0,200819.10376607813,15050417.0,187466.2006876082,64353127.0,537516.1890324189
3068241300013200589,11427721.0,139054.46621155005,7973188.0,134971.59457561153,10897413.0,143554.3040857826,44275037.0,411714.6246145716
3068241300013200594,47423765.0,512328.76908102445,32730789.0,479662.7554000943,46202707.0,527445.4981080178,187819026.0,1533955.8174353086
3068241300013200628,11965354.0,140541.53376388457,7724270.0,130923.12673414059,11645529.0,149942.61171389517,46876400.0,416049.5423664567
3068241300014100018,8431892.0,1226973.926453733,9021405.0,685600.1747118159,8241623.0,1204143.8132135088,51260619.0,3448506.713444246
3068241300014100019,224013844.0,5094783.434014995,179264082.0,5105453.563468489,215231507.0,5100807.721452354,933889010.0,18475696.387882113
3068241300014100021,13068537.0,175300.9771380092,9462244.0,194105.74254919845,12637197.0,178251.12287151106,54754427.0,566935.7792550953
3068241300014100027,18676906.0,241003.20622826257,13364181.0,262742.6023908694,18184814.0,249221.14306125912,79477391.0,829974.0385333743
3068241300014100029,131082087.0,2954917.218488577,91666668.0,2093310.3397753157,131424013.0,3043534.820286525,597765647.0,8053460.349364519
3068241300014100030,28319423.0,385599.9429694678,21405415.0,435761.8800096933,27579617.0,381813.03873088025,124280137.0,1382544.5163800395
3068241300014100034,9958016.0,128538.20901248464,7914758.0,179022.00940803724,9753359.0,130254.48758957694,42108732.0,402553.5887592657
3068241300014100035,69768526.0,1516739.9012687681,50743358.0,1007724.0635782027,69668887.0,1543531.1815289748,323980052.0,3574993.3747035125
3068241300014100037,90539494.0,2232627.827078946,65927936.0,1751490.218805964,90102388.0,2275964.281424013,416899215.0,7236980.5784205925
3068241300014100045,74477864.0,1455793.8723390428,56896383.0,1121441.9217260934,74554978.0,1496466.0543516402,334756148.0,3571041.034635144
3068241300014100048,41460051.0,537726.0124231791,33139527.0,657915.7195111362,41642020.0,562264.7753072423,183624120.0,1932034.1272383262
3068241300014100051,68599081.0,1672955.0534463117,55972524.0,1607569.6002561147,68609069.0,1709401.3011175718,320093922.0,6483626.660656436
3068241300014100053,68564616.0,1441124.1695311745,56033023.0,1410315.7943494918,68812555.0,1475243.3082491555,313354867.0,5197142.364716791
3068241300014100054,53984060.0,1315633.7763549457,44535106.0,1268625.1642115563,54294385.0,1343208.5487814322,250484902.0,5018668.811186836
3068241300014100055,22218603.0,269097.7829804992,18294036.0,348403.77948339295,21485363.0,277583.70370560454,92956295.0,861938.4858410967
3068241300014100060,62647444.0,653485.5822668712,44362337.0,657539.4807454485,55535300.0,574538.3025579759,229277969.0,1773490.2644759265
3068241300014100063,65074820.0,1416101.2422649625,50132852.0,1210200.6452309121,64693828.0,1436612.543687624,294350509.0,4564157.078974622
3068241300014100065,131263928.0,2699531.691029473,95751586.0,2241872.0730695864,130081262.0,2747590.3635859312,579039220.0,8469474.820775349
3068241300014100070,6238214.0,80118.07019830424,4008373.0,76833.17080039546,6054192.0,80144.89911094289,25820836.0,253087.30857279137
3068241300014100072,19631089.0,550290.7428313289,13810185.0,369944.20399118913,19458134.0,555642.1759226267,87032453.0,1554441.4631138262
3068241300014200007,7512796.0,638543.5801828405,6877515.0,322775.08299025823,7397782.0,630876.9275136258,42717291.0,1662989.098280906
3068241300014200010,10231728.0,133307.99561708866,6309251.0,118030.18177785464,9854722.0,133527.99332372056,40335930.0,407032.87887722417
3068241300014200013,5395549.0,70448.84460472033,3485293.0,65561.13995228919,5166438.0,69824.955914786,21430637.0,212298.1429167408
3068241300014200019,46565845.0,1095878.3003859369,31036132.0,689619.5502271687,45949775.0,1093614.707756483,198006239.0,2594625.629365854
3068241300014200021,27749561.0,373341.7960525163,18007416.0,350425.0699267877,27527501.0,384744.3132584954,111897055.0,1144385.4545796546
3068241300014200028,9207451.0,122226.09547739738,6184800.0,129341.16783031341,8922197.0,124695.6588414757,38330570.0,393658.8962153354
3068241300014200034,12787458.0,172349.6126245981,8883863.0,184351.93873202434,12569103.0,176789.92593836715,52718576.0,548340.0726660475
3068241300014200040,32228875.0,427068.217344166,19620233.0,395828.8902948556,31097364.0,427182.53857440536,132577957.0,1374962.235921707
3068241300014200044,40718902.0,458254.7542320605,28984552.0,486065.4289714703,40324526.0,470370.3750762249,172826206.0,1422646.6742382622
3068241300014200056,22963314.0,636377.1417127186,16961048.0,339672.39772751473,22856241.0,647610.151557987,105433492.0,1134329.5987275443
3068241300014200072,58808301.0,1550422.4757692795,47209510.0,923376.1265610901,59116795.0,1580294.9435968748,276076327.0,2927829.1378645003
3068241300014200082,59658602.0,1369190.8493262397,47157899.0,1302165.7488000274,59616158.0,1397959.49346312,271362262.0,4951935.376440947
3068241300014200089,118064148.0,2468318.4830937954,82815683.0,1969042.127901689,116618771.0,2504988.9848748026,516164182.0,7671373.237536165
3068241300014200092,62581471.0,1318099.34523845,43508579.0,1085651.017352397,61549632.0,1328942.8204932034,273734921.0,4428848.402242353
3068241300014200095,27132066.0,344716.08914878656,18262236.0,354341.84001459373,26629746.0,351904.62365987396,114468711.0,1179458.626837814
3068241300018100025,9349290.0,394527.68812995387,6822283.0,330819.01690523495,9311011.0,397678.91645290935,41140660.0,1638974.4889199
3068241300018100026,13478057.0,167477.3536581287,11000580.0,237447.9021901214,13193789.0,160181.65010649193,56418271.0,444292.9880555081
3068241300018100031,12264691.0,169037.88162253,9384383.0,171799.38557737213,11712585.0,176769.40233687375,53201351.0,493203.96887761296
3068241300018100032,7482042.0,108138.92718179832,5431750.0,105238.6808106744,7190543.0,109640.36256707102,31693194.0,284040.5301707877
3068241300018100052,19197791.0,253826.9620480613,16918349.0,279718.9069010448,18098527.0,260305.8873727471,86249742.0,782111.5710325789
3068241300018200017,31860714.0,456008.66723488213,23722007.0,421585.6060557361,30824973.0,478518.16804077826,123296753.0,1179787.3502186094
3068241300018200018,40160732.0,590481.5637651909,33807402.0,608913.1422000002,39263291.0,621810.352073834,166176243.0,1570984.9186320147
3068241300018200025,14751002.0,213137.12618828967,11839605.0,239011.01360321254,13775345.0,209852.2257991059,66529381.0,761366.4592948363
3068241300018200026,8353134.0,118356.32145371864,6130336.0,113162.35259336444,8066047.0,120327.1752944447,35326091.0,317688.47817901673
3068241300018200040,4322815.0,43194.96156988664,3894079.0,55668.29739436584,4189607.0,46291.38563685544,19350637.0,157136.99756392365
3068241300019100021,16496887.0,205807.1433890302,81368977.0,799920.192621389,7508053.0,92045.71931242096,126272082.0,1108273.944856493
3068241300019100023,14929508.0,168216.42712421983,34244679.0,397203.8294960968,12078898.0,152369.48745101815,76262773.0,568093.6051362146
3068241300019100024,101860942.0,1231392.1862262455,411969651.0,3443824.293806062,50539131.0,641833.9882850219,717220170.0,4565066.820027689
3068241300019100025,190382110.0,2632385.4010010106,707917215.0,8453934.909393117,97240082.0,1260445.8702969975,1158547307.0,9733183.437235087
3068241300019100026,13427857.0,160096.6685823134,25334555.0,342179.2855875713,11686028.0,154567.99321089793,61967407.0,556074.0115760062
3068241300019100033,51571123.0,486025.2946680061,63064993.0,1067266.307722054,45788673.0,430567.8105531458,241194894.0,2135198.5372699364
3068241300019100035,49149030.0,474510.7346823048,237491697.0,3001766.7729665507,31185066.0,320098.1934141385,381145897.0,3453103.8718445105
3068241300019100047,94398301.0,976340.0620393312,246639371.0,4027652.683391043,75984028.0,817279.0903349374,502643242.0,5232043.345968904
3068241300019100048,87981673.0,944143.8302393232,169085668.0,2235946.752469697,70015770.0,729258.0593961999,544927548.0,4366079.227609548
3068241300019100050,25916178.0,199781.8162610333,28462765.0,380176.4167031849,24009399.0,191846.51603257554,120315404.0,865025.6542399043
3068241300019100052,36962889.0,373312.92960840213,32523296.0,617379.8435052135,33956471.0,357707.2204265815,166391467.0,1696371.1523652961
3068241300019100056,21499936.0,263442.9811546253,39164575.0,512470.7525429507,15366873.0,167432.54257306858,154482735.0,1609108.8561434036
3068241300019100062,79538373.0,956381.4189459857,313586430.0,4711647.395485278,48518581.0,593448.516635519,672742562.0,5781854.395405725
3068241300019100069,17668659.0,272557.34587522456,22728071.0,360453.00957454374,15972808.0,264241.38632295927,95979752.0,837038.5890591602
3068241300019100071,8872960.0,128084.75236476416,10913520.0,168090.57689379487,7926666.0,128972.83659827437,46621529.0,373406.38203835336
3068241300019100074,16643788.0,243034.05059643154,23092138.0,363740.16333703685,14343790.0,230386.90523797928,89365194.0,743655.3117459555
3068241300019200014,6001115.0,69801.07691649666,15554010.0,204541.4727686835,4766694.0,59410.27287713204,32243429.0,279642.24193134904
3068241300019200026,15584312.0,172385.51687789545,65895444.0,600811.4281833809,9463860.0,119424.33642239285,115776878.0,1196816.3116093744
3068241300019200027,116903785.0,1391964.9466753977,524051112.0,4452766.296922515,56119924.0,714438.4527873341,828286334.0,5712339.848137526
3068241300019200038,160293644.0,1810473.4700341276,721385266.0,10436714.331652354,91750530.0,908301.7624404716,1241370930.0,12642817.663971674
3068241300019200047,13773214.0,142876.1823924453,18303725.0,274725.9157957178,12862442.0,142866.951727761,60853438.0,518002.7682441833
3068241300019200051,109640634.0,1021574.4317902194,105690820.0,1517775.2459909096,108096959.0,1046590.3834330847,496827708.0,4117538.8202345273
3068241300019200053,7917538.0,75192.52395933289,13766429.0,165526.149006594,7010352.0,75267.16804032233,38437808.0,266638.5631526359
3068241300019200063,7065321.0,53153.99778520404,8713790.0,132512.48189117602,6548543.0,49251.431963329684,35583801.0,274515.15656530985
3068241300019200087,18257603.0,204532.2903394184,15697109.0,218917.733041573,18377897.0,212628.28756474488,78888196.0,583837.1948037505
3068241300019200091,161188359.0,1797889.6395328285,523978521.0,8155814.136278384,95300600.0,1031973.6249943029,1232074341.0,10278712.865860661
3068241300019200092,34853961.0,364143.923581255,41350183.0,857449.0660841832,31966136.0,350714.4462755637,175429641.0,1930463.6380524212
3068241300019200094,28242968.0,291588.11162512214,19489701.0,394115.5124957268,27974157.0,304052.90008990385,130513764.0,1416609.9062820654
3068241300019200098,17876084.0,184925.84071512255,13103831.0,272700.33050922607,17894317.0,194007.88955200915,82112651.0,908108.6771584579
3068241300019200101,22504944.0,237998.78259694707,19037106.0,390672.9332910788,22634232.0,250065.41802155267,105346268.0,1190322.0806970503
3068241300019200123,11421805.0,114313.75635389591,8542272.0,175291.07069181086,11369083.0,120793.62455638693,53280147.0,563040.6505474588
3068241300019200124,24882022.0,289415.0311974895,54726104.0,894879.3845607573,15862640.0,177883.52301397515,195981005.0,2444729.4176166872
3068241300019200129,176659029.0,2004999.7581156236,713792576.0,11608948.820952682,110069646.0,1158663.8714200745,1498859303.0,14320118.181546375
3068241300019200134,45157558.0,451124.480364804,197962594.0,2851238.093189833,32328117.0,350081.7911363636,353400963.0,2996602.270168764
3068241300019200135,197252299.0,1700955.2827613722,1758868675.0,14294077.402371231,116600310.0,1076071.9328675603,2247219807.0,11806597.410057977
3068241300019200137,75688189.0,771019.0086472499,383262314.0,5874238.843646261,61765473.0,653044.8154703932,494877458.0,4752336.533723724
3068241300019200138,228842147.0,2042256.3025616698,2387805528.0,16183958.54649479,151693464.0,1602953.9257954813,2061662277.0,12799047.132514313
3068241300019200139,51899653.0,425986.6611334816,276795681.0,4157168.624688418,35686908.0,323243.2030185347,398671426.0,2703340.6059824745
3068241300019200140,69478586.0,610580.4092351244,157096455.0,2184480.8175367345,56096480.0,514583.8778177856,385757789.0,3090632.2438982744
3068241300019200144,85357542.0,808691.7545609345,326178256.0,2993986.6870282264,63455524.0,650782.6415847375,660043052.0,3368857.7637879765
3068241300019200145,173808708.0,1827754.753969121,480133908.0,5712398.340433599,123865076.0,1319069.832275648,1430199365.0,9998620.968090096
3068241300019200146,32246924.0,366118.9330601122,66551058.0,892011.9289730438,24734482.0,274729.97602696,222336493.0,1861386.9189890013
3068241300019200148,15663410.0,140413.49146781806,37927115.0,493698.5307551846,11447320.0,117050.77549806156,118772144.0,719264.0630033817
3068241300019200151,121276150.0,1154446.3321865257,450789514.0,4243949.531229461,79132643.0,732930.4330118622,969659880.0,5745987.507204628
3068241300019200152,32725788.0,350054.96959968045,104021868.0,1725501.2973382086,24725886.0,273478.1864716426,207010442.0,2226268.9197653504
3068241300019200153,147287182.0,1332786.972596393,669161300.0,6917219.4809199,91461282.0,821944.6004540046,1261044321.0,8777599.644874496
3068241300019200157,103744039.0,1084573.1158387205,402671266.0,5725128.053341067,64358049.0,684708.3368748683,802243440.0,6490305.2849421445
3068241300019200158,71400003.0,689704.5532256562,241160620.0,3009582.244056396,46935591.0,460302.9652240083,511542114.0,4449123.160236246
3068241300019200159,5919417.0,52900.087526978205,21517577.0,367754.0613620712,4112589.0,41620.67683509723,40797342.0,319092.7135776098
3068241300019200160,110037237.0,1100217.8044602615,420889759.0,4238155.769022497,83054540.0,940776.7199822357,718325518.0,4947669.562313637
3068241300019200162,23131408.0,284800.1892888721,19988369.0,268902.98044219764,22077968.0,288164.42118361144,109363493.0,834807.3165287944
3068241300019200163,97210017.0,1305955.8147555129,380853166.0,3878576.3005811838,66201641.0,1078739.8552858739,757207570.0,4826774.31009984
3068241300019200164,187432503.0,2478147.7128070337,717957501.0,6719034.370363988,131122187.0,2128484.6542852772,1446320456.0,8590078.854720596
3068241300019200165,92994936.0,1506759.2850866972,408835826.0,5790712.128804221,57434088.0,932283.6166194406,782477365.0,6706615.117592568
3068241300020100045,33096974.0,362662.5633503612,57633764.0,737929.9875214343,30017310.0,357029.3220499694,158210218.0,1262002.2715060646
3068241300020100051,62269656.0,801651.8167809905,49077195.0,739874.9476618271,59865319.0,833845.9370854424,251543879.0,2021839.0890831004
3068241300020100054,13010141.0,121715.63260590087,19325208.0,204479.48492122002,12055074.0,123973.69910978789,55647912.0,364732.4193326788
3068241300020100059,13796258.0,169013.73875135614,21913159.0,304675.68825060513,12275738.0,155564.6544893782,65956519.0,579793.2787966469
3068241300020100065,113190947.0,1178192.6038717292,108085484.0,1351965.0403120457,107675008.0,1164648.3189070977,490723240.0,3615725.9316398087
3068241300020100066,74272910.0,778397.0756249542,104144629.0,1175598.1215088388,68747175.0,770855.6846966378,314072082.0,2231790.986883184
3068241300020100068,40826684.0,404154.57673422876,50588561.0,573948.1841059636,39107321.0,420992.1882225039,179163744.0,1278649.077445189
3068241300020100071,65506537.0,653956.968020841,78284777.0,900842.3200098417,63310603.0,678962.3074574455,288255774.0,2118476.386449526
3068241300020100073,44132813.0,439273.0262602659,52000487.0,608717.089308277,42982870.0,447804.23636789055,194671201.0,1389300.1248271568
3068241300020100082,37771187.0,381187.2294471369,42983544.0,519750.666854083,36620406.0,391077.2497761615,164045658.0,1191089.9237771805
3068241300020100087,81875367.0,781920.7086586304,105638043.0,1281578.2730765576,77633212.0,784789.6879448622,362162608.0,2690269.600320197
3068241300020100090,115421649.0,1021239.3784402611,131190265.0,1588646.1636190573,108341238.0,1011165.9573829625,493721256.0,3457964.060471078
3068241300020100093,35175511.0,362226.1167518213,46092429.0,560998.5824192043,33474634.0,364949.1469566557,147298742.0,982616.7151037045
3068241300020100095,151376828.0,1279906.380400177,157467869.0,1756217.1757391498,145669670.0,1310772.1140480381,685935180.0,4337627.737364246
3068241300020100097,59665442.0,556158.0574795748,72486659.0,848626.866779875,55742327.0,550270.4648316242,264492063.0,1894982.6104957464
3068241300020100098,65965445.0,579717.501074054,67969397.0,819356.3313026348,64635722.0,600572.9758728625,283751752.0,1841547.2956013426
3068241300020100102,23495797.0,231733.41911404108,29003474.0,364112.0230626197,22594159.0,236033.74764316785,101248447.0,702058.374667441
3068241300020100103,15053758.0,133636.065837763,17126046.0,228620.25945112502,14633327.0,138317.80830519964,64318406.0,432118.4944760182
3068241300020100121,51730868.0,504263.74879444967,46354052.0,547584.9958452164,49401526.0,510867.3181287299,221776733.0,1412693.169206609
3068241300020100128,41202644.0,417920.14454637154,35386506.0,456905.79969793314,39606133.0,433800.0061591542,190822499.0,1510313.332469009
3068241300020100130,20625226.0,193464.00246717283,19236875.0,312106.32902908436,20119957.0,198329.58455862798,92718324.0,940609.4810372741
3068241300020100131,29741178.0,281348.293243397,29617192.0,513882.2188173352,28962098.0,291802.32962137525,141823089.0,1653324.0805475824
3068241300020100132,24632919.0,240035.8755991492,20488169.0,316737.7725978813,23348370.0,231787.72137258443,105333612.0,1067180.6945599483
3068241300020100133,5484402.0,55193.04060128766,5000751.0,65889.94995653923,5262685.0,55191.404362181296,24836038.0,185633.8634466366
3068241300020100135,7445159.0,76486.23012951654,6031535.0,105082.47416931613,7461758.0,78263.52127081674,33839568.0,341143.1355778292
3068241300020100136,138070904.0,1546444.8624984398,107928357.0,2158266.122219144,126778269.0,1395372.0121470732,565219940.0,6311541.829378562
3068241300020100137,59887935.0,594655.4404791926,49021689.0,752033.4094222309,59136791.0,608014.0637934171,259496709.0,2158143.9966326505
3068241300020100139,12436283.0,148526.37576051516,11452281.0,193265.2694609184,12032243.0,159530.21318004257,56678133.0,522347.1509806224
3068241300020100140,26696893.0,294626.06429624057,19931100.0,414490.3116466076,25657538.0,297978.5852543631,114164406.0,1304961.5023161913
3068241300020100141,169167100.0,1840448.526981616,139106443.0,2874287.2655120012,161333542.0,1849863.7602402773,845752546.0,9977862.491571315
3068241300020100142,38786697.0,475545.68939847546,34753182.0,582745.4349815091,37989870.0,505148.6900212689,176618343.0,1691916.0095607247
3068241300020100149,84746554.0,855611.390466829,75127875.0,1153428.6528274857,83457019.0,886120.3793383004,386844479.0,3396544.7589080376
3068241300020100156,43890140.0,356523.9975926818,36918557.0,589756.185895969,43131693.0,363701.2508738917,197654016.0,1778652.0876978943
3068241300020100159,41260412.0,442073.8435511902,35812577.0,761302.5549349972,40284528.0,463534.59002479794,177275154.0,2048799.872868404
3068241300020100165,40506297.0,413220.7509215816,38003694.0,783232.0387752968,40576362.0,432559.1125092149,190761223.0,2123777.3323010094
3068241300020100167,11808153.0,125213.72708516383,10025188.0,206957.90001333662,11496531.0,130993.2140351696,51864694.0,607574.5069959313
3068241300020100172,32470648.0,372090.1935430231,29468525.0,470302.7694756879,31506700.0,396095.7003840024,137877385.0,1149888.3161418177
3068241300020100175,68810318.0,703272.9775428814,58903334.0,1190098.917341018,66295299.0,727734.6282368553,298910782.0,3119094.0720685637
3068241300020100177,27493274.0,286522.1089215561,22921363.0,475906.96715124743,27019177.0,302254.25931878074,114565000.0,1250047.3838737225
3068241300020100178,26612830.0,283331.9804210184,22637287.0,476345.01752450457,26288729.0,292266.5006488271,115190285.0,1293076.0897714938
3068241300020100182,48178614.0,416832.6418089519,40634561.0,600912.7091814567,47576688.0,426339.75160542876,200776638.0,1678308.9711173265
3068241300020100184,5573815.0,69492.27997399577,5040673.0,83234.61677609693,5374273.0,72551.46771797728,22892107.0,208632.61105879126
3068241300020100191,3643405.0,37541.651558928286,3142432.0,61496.30663703308,3538846.0,39309.400361522734,15086414.0,158246.00444427528
3068241300020100193,10820219.0,119920.47113349539,9402728.0,144076.66758114388,10412073.0,123240.0026846327,43967933.0,358869.3146654911
3068241300020100196,44706009.0,470799.3191319293,35633733.0,722339.2846720507,42881790.0,475063.79861151474,192850957.0,2059504.316667491
3068241300020100198,39414034.0,408924.76847098744,30822459.0,451122.5294266741,37240117.0,415624.8607459408,160102149.0,1266975.9485608747
3068241300020100201,26624927.0,301862.55291775364,21888781.0,345894.82667189685,25583482.0,316772.455681105,109906005.0,917532.5676104764
3068241300020100202,24848537.0,322617.88380351616,18859261.0,314185.5784479168,22507317.0,286692.49396181275,97700399.0,874612.1610180648
3068241300020100213,27383441.0,286801.8266173697,21015427.0,430607.02163246536,26402832.0,293875.8685124119,116916241.0,1248038.9165112993
3068241300020100222,25869163.0,282693.25933059555,22170719.0,465618.42622742493,25169054.0,295281.36468563427,106690078.0,1221363.9963672955
3068241300020100223,16951420.0,160598.0169308409,14642623.0,207976.23778475673,16481468.0,167623.23883853594,73818534.0,628221.0802443395
3068241300020100224,25868726.0,282247.7021633091,20905992.0,436727.9672976652,25287716.0,291357.427529802,108457686.0,1144500.0023530237
3068241300020100226,25186495.0,289955.0215509725,21838816.0,335639.9384843248,24392798.0,299927.7391703069,102013012.0,854704.4627278745
3068241300020100239,10497012.0,114266.85665582042,10528854.0,150693.47937216525,10242422.0,123133.86426451668,47149717.0,361888.8542718612
3068241300020100247,3734441.0,62128.7528453987,2371865.0,30889.239150095033,3673701.0,63907.670321709156,15487165.0,108381.36385029327
3068241300020100249,23708495.0,377644.41471157846,20932551.0,287171.62162408617,22981437.0,395931.65560168575,102318247.0,725136.0194169985
3068241300020100250,29111369.0,471767.18912359857,24406432.0,319021.99012539675,29172131.0,497710.51957213494,123587165.0,867955.3213214839
3068241300020100251,15877111.0,250322.01168685677,11752167.0,162099.5671562008,15587004.0,262536.40533615777,65945672.0,450015.3766594208
3068241300020100255,72888817.0,784500.7904009861,68520830.0,975494.690345435,72616942.0,823195.2408665557,337373914.0,2619508.6623681216
3068241300020100258,52293137.0,643771.5198499707,52306300.0,847914.1249896849,51017100.0,673449.8856837354,238993442.0,2065975.9519451335
3068241300020100262,10135943.0,160632.66248208194,8815383.0,152223.8765146025,10116735.0,166459.84703306787,46617850.0,424353.6206131783
3068241300020100264,52539207.0,833535.8851187867,47640671.0,631903.1223912566,50675097.0,861193.309676185,227129443.0,1717102.9563919243
3068241300020100270,12830859.0,203985.60911711492,11671128.0,158453.26247231095,12494091.0,212537.44699146916,55708868.0,429415.36903295974
3068241300020100275,19002308.0,228811.8934768655,19333180.0,309182.24807974155,18403806.0,241155.9600176012,85678674.0,743823.329944667
3068241300020100282,18452824.0,290620.7277402903,17077979.0,287319.68246359343,18373523.0,306200.39276183594,86501702.0,798229.959084073
3068241300020200012,4894911.0,38380.31803998021,8926499.0,75485.22090386803,4410642.0,38180.51289561752,22944269.0,145721.1613482146
3068241300020200026,4486376.0,42782.264088915465,5558788.0,61782.43005926316,4200696.0,44764.53943162554,20419912.0,141930.5999453541
3068241300020200035,8823673.0,80120.24146793253,12381942.0,125880.7856610424,8533867.0,81554.30598306605,38902038.0,265312.49022990535
3068241300020200053,13070439.0,156163.53752331348,23094364.0,280899.31821409496,11735025.0,150300.73431836456,63266558.0,516347.58024499565
3068241300020200054,28456948.0,276567.7996105957,38425907.0,425846.3301878822,26986883.0,288754.908843833,129253475.0,905332.3187762193
3068241300020200056,15276362.0,193954.38013269307,11313935.0,172057.9166561416,14638132.0,201334.56609219575,62721367.0,496248.6305628824
3068241300020200064,62908669.0,586249.9794207914,77276062.0,788247.7436694521,61107181.0,598104.434723013,274882166.0,1831988.7166518504
3068241300020200065,6579256.0,64967.07841078643,9683229.0,102642.56509228432,6131878.0,65456.1550509247,29260119.0,208056.2856893276
3068241300020200066,32546319.0,300313.8722877724,46674580.0,481228.498770736,30330275.0,299392.746447657,147612473.0,1023601.1328972569
3068241300020200067,20878884.0,250024.94289055484,33286051.0,476577.10045457305,18490456.0,239922.94649225625,100565842.0,894586.811082408
3068241300020200074,47144822.0,614093.5069337034,38203370.0,576297.1679174035,45445559.0,635122.470680065,189597352.0,1514447.376865826
3068241300020200079,32480288.0,337858.4796914236,31061228.0,345705.1052284797,31858180.0,353966.50039863185,136027243.0,828209.9941136646
3068241300020200080,17441499.0,222548.55420826073,14569074.0,219713.1501710509,16794483.0,232165.3192903619,70903318.0,557945.8428371559
3068241300020200084,21372234.0,255082.5397371749,26949910.0,376869.0631387346,19793290.0,259911.4878584079,97813638.0,862857.5538562312
3068241300020200089,30945355.0,310734.73194859165,38455911.0,450254.5315778685,29888326.0,318854.6918256143,134811937.0,943069.5441205746
3068241300020200094,22186393.0,193119.81728979736,27386807.0,268405.3695194624,21624981.0,200762.90205159172,96868929.0,570677.5122011019
3068241300020200102,159960051.0,1308053.3220510304,199493794.0,2112316.209486517,150543026.0,1302425.7486375703,693035536.0,3940275.848783198
3068241300020200105,52197875.0,682657.2981948147,45344766.0,686500.0362932959,50042031.0,704616.0446195928,210823958.0,1602902.483231184
3068241300020200107,16074444.0,207516.57532583232,14894703.0,224638.16229196722,15426877.0,213419.18811427665,68439025.0,594708.1978446115
3068241300020200109,26909118.0,272024.6981172272,29262716.0,348660.8572041192,26220682.0,279617.14132528024,114669226.0,811912.5975993674
3068241300020200122,47677701.0,397798.74403490836,53228708.0,633054.6536539018,46595853.0,415063.91876356833,203943788.0,1348709.7097959106
3068241300020200127,6804443.0,82253.97544733016,7844162.0,116273.56004947398,6485006.0,83459.4605578142,31006784.0,300783.6583246509
3068241300020200138,7109920.0,57158.63556488653,6612430.0,82605.4063598511,7006242.0,58151.777737662596,30401546.0,188987.19739489135
3068241300020200142,27550643.0,215734.03773076105,26482749.0,366763.22795076756,27024655.0,221449.2812723524,116482193.0,815678.1958106833
3068241300020200147,8178306.0,75048.96792205934,7293822.0,84088.86056545687,7882346.0,78776.47181321785,35373092.0,210807.91542222092
3068241300020200165,28750362.0,232728.8643092069,22273805.0,352426.26460703317,29062569.0,244169.8046259013,127884942.0,1093122.8218845096
3068241300020200166,15568219.0,128046.63619807012,12754888.0,212193.24356839314,15545602.0,139429.89763895227,68464100.0,614170.6488480351
3068241300020200179,46078079.0,555177.345883393,40906039.0,676655.3380448605,44321920.0,576694.2907471579,208038315.0,1901995.3197755907
3068241300020200211,36575901.0,425586.3466159046,31688051.0,509995.64010013425,35082834.0,443420.44258486235,157888614.0,1354303.0533393521
3068241300020200213,26872879.0,272866.7307184092,18901953.0,388244.89163696434,26085054.0,285383.365056366,114366640.0,1192657.4046179964
3068241300020200218,28987057.0,291889.5064722204,25686187.0,523682.8749443635,29049167.0,303755.90458819724,134510803.0,1463627.9522789149
3068241300020200222,41248956.0,476729.05552740995,37076530.0,608123.3028528956,40205911.0,504951.7116213122,175032263.0,1473625.1358865027
3068241300020200231,7413324.0,89068.04167080024,6693816.0,110129.30581718084,7147794.0,91092.775629232,30720284.0,272733.0298539795
3068241300020200232,48872493.0,488194.493510432,43687799.0,879604.9906328286,48722439.0,504655.2669979782,221043652.0,2354099.372709127
3068241300020200234,3285301.0,41057.319262458426,2963658.0,48258.268315637004,3155523.0,42854.9332823152,13505154.0,117676.77705656856
3068241300020200244,31201473.0,252537.72526780632,24111945.0,383947.35353804246,30383866.0,262986.7376131125,130116728.0,1138222.705450274
3068241300020200255,29532927.0,254736.15898483497,21957105.0,334728.8391021569,29098359.0,266325.91922494944,124396952.0,1064498.2684582914
3068241300020200259,12846232.0,155374.45146365764,9608532.0,157871.95715343027,12195829.0,158767.16214176707,51097200.0,495566.9323464488
3068241300020200266,18836203.0,200087.17232340708,13543168.0,274147.49850703066,18575593.0,208251.87516068658,79819574.0,853958.8027501381
3068241300020200270,19885594.0,241765.69108292088,17081057.0,285164.46948986425,19170808.0,249567.983173124,79690300.0,714210.2868720987
3068241300020200277,11211110.0,132091.02257935723,9379150.0,135961.8132255802,10630215.0,126096.48631275215,45623834.0,356535.2148711363
3068241300020200291,19267142.0,206724.28305103153,19181605.0,268191.3770369553,18627318.0,210998.23469074297,87681307.0,697989.3595131033
3068241300020200296,82703919.0,1093414.233788581,71745632.0,944288.3647585316,82130661.0,1142825.7921502194,362044927.0,2307290.370393432
3068241300020200307,6954688.0,85257.35745197369,6966254.0,112057.9498101988,6889695.0,90728.31122528839,32104260.0,290170.2467664528
3068241300020200314,11595926.0,138004.5865306076,11570428.0,181297.24484168072,11144788.0,143968.12232199457,53291435.0,476259.11804832163
3068241300020200325,19836692.0,237025.03957290086,20926603.0,328733.6892477283,19348594.0,253614.78603761928,89817640.0,784903.4881754324
3068241300020200331,7104888.0,87447.73704646193,7721768.0,121094.50676275138,6944171.0,90958.33177152896,32081336.0,273263.106165373
3068241300020200335,30877797.0,500205.4083955415,29383010.0,392694.3868263439,30904649.0,522108.25094408344,136990883.0,977963.3675381936
3068241300020300005,11668518.0,131517.7240772193,21126940.0,269806.841834929,10035194.0,128827.1730661248,57480828.0,471080.0786979743
3068241300020300006,10587536.0,120106.85089561912,19548590.0,237279.35874178272,9269070.0,118400.23186682259,52688545.0,436208.9544828279
3068241300020300007,14066926.0,163567.84255492798,25967941.0,317556.69651347125,12425013.0,159392.64314787398,69020653.0,568677.5832548726
3068241300020300008,10044757.0,116226.13430456452,18054653.0,217887.44316129747,8723406.0,110922.08360241263,49179609.0,398722.8545286489
3068241300020300009,18713157.0,216977.4362496711,33853108.0,444156.93021354335,16103335.0,203358.36744919192,91924210.0,772678.4860292341
3068241300021100001,48966803.0,639403.5089260896,113380291.0,1197619.359451544,32645573.0,432968.40617297956,353469665.0,2289026.831869851
3068241300021100003,32667676.0,404851.6712882629,35711883.0,451493.9771466804,29054248.0,389363.86898923834,155425905.0,1120046.863325289
3068241300021100005,48049019.0,591422.3224825965,51836745.0,656157.6982182933,42879612.0,562146.1592188329,226170879.0,1710000.6757646198
3068241300021100007,17343288.0,201492.84766023155,23279729.0,239958.74981559446,12377045.0,124360.49186590895,125142628.0,1267664.6332106492
3068241300021100011,71795074.0,788559.4004455856,351349358.0,2723751.811896877,50489866.0,618438.8666977307,614968635.0,3895457.4288126137
3068241300021100015,49486576.0,562119.4580697678,66162495.0,988787.1266244608,44669478.0,522734.8178594652,257809088.0,2235701.842326401
3068241300021100017,20693046.0,299057.9771186236,78837569.0,594939.5542570282,11977030.0,149280.46317838808,181096089.0,1321062.7069505733
3068241300021100019,102438090.0,1161712.361253394,621511606.0,5786989.775894481,71340840.0,865849.8233908842,885566819.0,6003206.373202817
3068241300021100021,11063226.0,154323.92815241887,45099131.0,585648.0907227917,6971055.0,85635.99710344117,88615079.0,641096.0622326155
3068241300021100030,31484666.0,451705.4887383017,53532088.0,626894.6193994492,17035487.0,205373.638387436,206403755.0,1326842.2348292996
3068241300021100031,47624530.0,572245.3970130326,74218842.0,675093.2270842331,25971297.0,282989.85201498616,310804386.0,1992285.6663610071
3068241300021100033,178109647.0,2078979.5409771004,331961609.0,3356869.7024266776,99424512.0,1143525.5949449828,1153273325.0,7324436.296149967
3068241300021100034,77137232.0,1017129.1816574597,153648387.0,1688457.862466594,40744174.0,490314.16654720204,501597282.0,3486987.853173974
3068241300021100037,24574128.0,265734.08360599156,94869327.0,1010298.7469200846,17102108.0,215814.28696338582,170956047.0,1157688.5213586087
3068241300021100041,64910880.0,532309.6172178588,303758704.0,1702183.0467782342,39585055.0,387442.1119191679,509488415.0,2400557.2076295777
3068241300021200003,58966920.0,674047.7014850271,179468500.0,1953505.949433859,42892291.0,570439.5507618119,489561186.0,3476909.6525954595
3068241300021200005,94119467.0,1183465.7255338586,202800282.0,2089198.6499303114,64144379.0,833813.102586508,677938161.0,4956631.143694667
3068241300021200009,6648945.0,62090.85846327247,4537386.0,65904.6422271633,6399516.0,65184.72893251845,25722708.0,180394.10849502435
3068241300021200015,94155469.0,997259.3895023896,201729287.0,2262609.8634900292,66959422.0,709452.821834071,709902038.0,5256755.3235300565
3068241300021200022,20289107.0,194970.69590690234,14450516.0,230333.48303884987,19668565.0,203258.34156064302,79498971.0,654426.3409130217
3068241300021200029,35698445.0,396478.1300813196,31844135.0,606146.4935232123,34598208.0,411111.4345212665,149118432.0,1543937.450099579
3068241300021200039,135059640.0,1786698.2337298405,499554141.0,5367903.295783695,77023872.0,975752.8394714714,1131530307.0,7817175.35251013
3068241300021200045,56490465.0,706778.0317459139,175757484.0,2440328.9825987825,41732101.0,530272.3715302277,415274431.0,3590767.3558139917
3068241300021200049,315267489.0,3716825.030362568,2030091705.0,13818500.145696469,203109935.0,2507612.3598946654,2944495542.0,16325215.899837239
3068241300021200051,124946722.0,1564721.2024416793,745206422.0,7419381.811698072,77256784.0,954780.5380739061,1165275171.0,7574023.114001069
3068241300021200055,150957744.0,1791489.9969772832,813981292.0,7513598.603842494,97951295.0,1207754.569937331,1342976163.0,7886634.929055476
3068241300021200056,44131182.0,483171.42830399214,223258818.0,1716882.516529905,28687320.0,345779.40121973935,355976882.0,1698764.6447826333
3068241300021200057,85829109.0,1137746.800240572,512936280.0,4386638.23781205,47261397.0,581692.7061122629,730614543.0,4436517.616954457
3068241300021200058,119881203.0,1271772.0570819727,420041204.0,4249625.160267719,96567003.0,1166067.4808513247,735397220.0,4736834.117305671
3068241300021200059,48907682.0,648392.9889316778,285608008.0,1870891.931201674,26922456.0,326893.32674727676,397321169.0,2574851.3319114675
3068241300021200060,168239645.0,2114386.6223835675,922309157.0,6806834.333638285,90304433.0,1103758.4951007443,1450401112.0,8609525.119496053
3068241300021200061,77916854.0,638610.648629576,360500572.0,2870791.9672612627,50058849.0,444994.1417694399,578322146.0,3366198.601916818
3068241300021200062,97400824.0,1041670.8314610338,340601729.0,3228646.2148313844,56099772.0,608145.1105287243,721963081.0,3796457.706469403
3068241300021200064,142475128.0,1665027.3622888313,306300685.0,3420251.139211147,85320355.0,980543.4446714858,1025258440.0,6598887.912763225
3068241300021200066,76620928.0,1054905.5907790563,65332929.0,1237194.3074072942,67575476.0,945609.8410100692,499930445.0,11007668.293900972
3068241300021200067,298483350.0,2467877.2333996827,1829754662.0,12151144.113589829,200153027.0,1930572.789267084,2153354518.0,12088529.781784039
3068241300021200068,19806012.0,214483.89902583105,96849402.0,1136769.3110902724,14385087.0,182715.34831149058,136710719.0,1015601.3901149635
3068241300021200070,102736079.0,1198147.5320127262,514994466.0,6001213.645473735,50924051.0,532308.1905523759,859424856.0,6003528.757183393
3068241300021200071,61826975.0,538520.9698214317,335095392.0,1971752.214578394,42550172.0,443586.7695603372,447603854.0,2378324.883348552
3068241300021200076,50531745.0,478937.39308259985,229932115.0,1009324.7775381672,26396970.0,265794.5963067946,426760486.0,1855513.5249763248
3068241300021200077,76197831.0,766760.5632823159,495356761.0,3500528.737953689,55952137.0,643405.0421584139,565846220.0,3106214.0699956976
3068241300021200078,30208134.0,283441.48735885415,196554066.0,1574634.2505898068,19453282.0,213950.38438435475,246988066.0,1852595.639388492
3068241300021200086,84250375.0,990367.1855326815,564900810.0,4699913.092557302,39120826.0,501885.5158462741,795550483.0,4312289.479377163
3068241300021200087,26465199.0,317435.6170261353,128511182.0,1690144.4984008027,20314334.0,259622.97426694006,182534578.0,1557272.1421172032
3068241300021200088,31263634.0,356913.7522870855,67688063.0,896841.2609680613,25656291.0,338287.93678398564,178175271.0,1443097.0977406674
3068241300021200091,85769724.0,891524.2012864745,459963684.0,3543606.1068875683,56711139.0,717004.1135781202,666100701.0,3599764.0733632506
3068241300021200092,105689826.0,1475670.7825138145,484833487.0,3996604.024103112,52147010.0,662755.2203074952,850960277.0,5999331.048367146
3068241300021300020,57968443.0,678198.8349100049,396493353.0,3015190.989292048,27628355.0,303660.9166193004,562993256.0,3210079.345007202
3068241300021300022,65772722.0,792024.6770758391,449114885.0,2787425.2238219273,37893672.0,479868.861507325,598273490.0,4002255.2259773286
3068241300022100005,4230568.0,55040.27082944213,3006041.0,56270.50337514404,4059070.0,57983.46570782604,17225649.0,168908.1842390062
3068241300022100034,7955664.0,92590.52430672475,5240445.0,87737.45413794632,7649187.0,97660.92248801203,32690741.0,282592.2044008926
3068241300022100040,72763774.0,892903.479410855,51400172.0,884107.5424739512,71530094.0,915820.8381218899,304290341.0,2742713.473648064
3068241300022100047,40176590.0,467254.38471697026,26982466.0,460103.78622693557,38800406.0,490715.0064818232,159636322.0,1396791.546733078
3068241300022100050,50056174.0,673773.8786252011,34785916.0,638486.8919602991,48076685.0,687028.3770911151,207813071.0,2000955.891049019
3068241300022100054,47124904.0,641454.2218076307,30857898.0,573382.5157389935,45618196.0,660202.3483139495,196643903.0,1935840.5131666427
3068241300022100060,33664525.0,394375.5302688981,22070199.0,369734.11064224766,32342674.0,412340.56628851,135514618.0,1173435.3917334592
3068241300022100066,37762160.0,444172.0662813201,25272458.0,427873.0272255698,36670360.0,466163.61699330475,146695211.0,1270539.6976503388
3068241300022100072,56705305.0,684257.0417804171,37536512.0,630759.0608615077,54465515.0,694492.0986303354,219974360.0,1904471.283179929
3068241300022100076,16105078.0,203876.22556387307,12433627.0,211783.83217611717,15286078.0,206613.1722331206,62063845.0,567569.7023084989
3068241300022100078,22201003.0,277685.11321261193,15036066.0,257928.825715327,22149361.0,290367.4879520298,92646495.0,822774.6895736521
3068241300022100080,45424027.0,541258.4149365356,37148865.0,618644.7946821315,42868540.0,549350.2547574921,177420652.0,1528490.4347213642
3068241300022100081,9898076.0,118039.98464058219,6727642.0,116919.62390740769,9494104.0,123246.0090500633,38145968.0,340167.94862856006
3068241300022100083,6793013.0,81964.5975346464,4616803.0,75418.29315593114,6531241.0,81673.5269231483,26183229.0,224992.08234933086
3068241300022100085,30919788.0,343357.88727313234,22966996.0,380602.4623466884,29771256.0,361646.33423870045,120978714.0,988267.0712797497
3068241300022100087,17860062.0,206461.55859324953,12702038.0,209346.56512846105,17361318.0,217043.79477194962,70050735.0,569007.7266097296
3068241300022100089,81625829.0,833970.857048509,53403612.0,763560.4871299871,79123659.0,854354.9690189819,327710731.0,2382844.7325618966
3068241300022100090,15065747.0,186569.16029646774,10589092.0,183737.53816307153,14635781.0,193979.47715505405,59549850.0,524573.2339617774
3068241300022100091,96839751.0,902467.8888836044,73276246.0,950508.5792025131,93793802.0,919836.9777794797,381918990.0,2561704.6427475023
3068241300022100092,52622462.0,549231.3745960689,36235517.0,542319.4877670913,50819498.0,566303.4469288166,206206252.0,1516507.2382544153
3068241300022100093,138848062.0,1410625.0377518395,117777993.0,1669219.2265471534,131166991.0,1436760.2466079004,575058241.0,4371828.72717875
3068241300022100098,52554656.0,572701.728328405,35525140.0,543952.6896711467,51091417.0,590515.6200970288,206624587.0,1610842.065714145
3068241300022100100,25685563.0,257228.7498926724,16993401.0,244259.63622227494,24772945.0,265308.04915380303,100614303.0,712307.2626707212
3068241300022100103,31514042.0,310022.8081159127,22463317.0,314826.4902771131,30251689.0,316454.1612201449,124903023.0,864963.9747311914
3068241300022100105,4552122.0,44393.23668407011,3250075.0,43830.67162301074,4397696.0,45443.65280371994,18203984.0,127144.20911360317
3068241300022100111,10824041.0,103901.23909290775,7684481.0,108312.96158835245,10439684.0,106450.8250953168,43242743.0,310467.4893042934
3068241300022100113,13768230.0,133885.29445517913,10404163.0,144468.38905343096,13261197.0,138073.4540743544,55666994.0,393927.1600855694
3068241300022100114,10236606.0,98830.55186833642,6940929.0,100050.5343314305,10017221.0,99471.90859100812,41296116.0,311495.1613927303
3068241300022100137,25715229.0,373340.19389893586,16787002.0,345128.9633001958,24918235.0,387682.70517819806,109972656.0,1196532.533828273
3068241300022100139,18258574.0,267655.5428565246,14477379.0,303765.32848882733,18030601.0,277791.689374239,79455922.0,899012.9219747266
3068241300022100146,17706123.0,209548.46266562387,13875012.0,277133.04860247957,17123931.0,200652.6976519499,71996150.0,823628.4032500439
3068241300022100158,22631052.0,329403.52926560957,16125758.0,339928.0659389823,21710816.0,330570.2947901544,97029719.0,1059121.9778345386
3068241300022100162,37508180.0,413905.7635402893,28965040.0,497904.5135933034,36791577.0,428405.9370547732,157528367.0,1469468.56744588
3068241300022100164,38165461.0,423316.73198621813,30678042.0,598300.1832070267,36813775.0,426892.95931304106,155402793.0,1645353.8003974615
3068241300022100167,12771894.0,186685.06247617325,10294918.0,218277.32025052462,12361581.0,190943.8287607023,55047916.0,610668.160686007
3068241300022100172,15304616.0,231624.84327119007,13130517.0,279315.11483997345,14689415.0,238376.0009019451,64640537.0,756277.1898798458
3068241300022100177,60342877.0,847053.7008446496,42128510.0,864371.537509458,58563377.0,880636.1810659012,261522908.0,2764321.1908421735
3068241300022100182,15885949.0,229896.85218960588,12147140.0,254982.72074195772,15234323.0,235491.24135529727,68180407.0,743640.2511614837
3068241300022100186,16997968.0,173323.77616324296,13438182.0,219927.5459285655,16683188.0,181934.52873967282,70866093.0,614777.1607216825
3068241300022100187,24224853.0,256431.88621228217,17509029.0,333131.2165194839,23439134.0,265253.50244847895,99482875.0,1010502.8544052017
3068241300022100191,38359450.0,474692.1887592037,30661723.0,527195.4372635998,37896078.0,492309.64320588775,165771639.0,1605175.963362707
3068241300022100192,89680599.0,1003808.9716999575,75846836.0,1316028.4649255523,87114768.0,1035708.1677949523,370818665.0,3465756.230547287
3068241300022100195,17977031.0,191466.04241914584,13100712.0,247848.46248836332,17407072.0,196650.9760612352,74139937.0,755545.4540027373
3068241300022100206,17278591.0,243222.16503875438,13115134.0,274637.57395837794,16793894.0,249931.675736841,75947382.0,791490.6511083368
3068241300022100223,7598906.0,107791.15119373474,6208734.0,131437.71042716593,7335029.0,114026.54876660887,31639040.0,348092.9782823469
3068241300022100224,26712811.0,288189.76278001163,23812674.0,463794.81079364324,25949883.0,294791.51504112553,112858966.0,1158681.0669796574
3068241300022100227,61393548.0,629292.0429108752,46950201.0,878603.7382407404,59581831.0,658696.0762174976,257094083.0,2471143.013306016
3068241300022100229,18408277.0,267583.47713552375,16529267.0,353941.7761128452,17795619.0,275367.0064756076,74818464.0,863166.0012824747
3068241300022100232,28939612.0,390002.2127025412,20897524.0,423655.08387996134,27690642.0,412672.86313998967,122054344.0,1244865.611282894
3068241300022100238,68129534.0,717369.8772621768,61675288.0,1159859.3517157608,65045396.0,728033.1297031034,281829725.0,2784437.0028710556
3068241300022100242,17331497.0,246980.49045645221,14538247.0,300269.58651213103,16964650.0,253604.9967998218,75837587.0,822489.5164538032
3068241300022100249,48788948.0,649727.7376164767,38092734.0,770752.7129730965,46817862.0,681149.2330327069,209135807.0,2040238.9639638744
3068241300022100252,39057547.0,404241.45157161565,32570939.0,458214.27235181385,38437225.0,418679.6868304793,163977644.0,1296486.8709138478
3068241300022100254,13961705.0,142268.86877091008,11733515.0,218258.82423128388,13435635.0,146837.6321548354,58488925.0,554066.7221522573
3068241300022100258,5342302.0,54128.21461168597,4448472.0,71736.17111800294,5172321.0,56206.45796567859,21524328.0,184817.28380871867
3068241300022100260,13958613.0,143553.69158884077,11990611.0,226255.4680768587,13290646.0,147548.3850617009,57556713.0,547579.6800466962
3068241300022100271,33927373.0,453816.8516940949,23095158.0,474885.9101204723,32399391.0,479770.9354923776,136488796.0,1408327.4782013649
3068241300022100274,38197439.0,498620.4921173981,31088906.0,632349.7560775278,36208514.0,517681.7114686308,163545118.0,1588916.9494833963
3068241300022100276,21191230.0,282744.01928424934,13490386.0,270159.77250521514,20208032.0,290794.1234207906,86271644.0,855582.04516759
3068241300022100277,16991826.0,175587.20789990143,14374475.0,265815.2142732682,16181246.0,175696.2795298852,70228064.0,676067.0740537008
3068241300022100303,23235182.0,233636.31367835318,19994833.0,368400.953291739,21995949.0,242792.6002391268,95706711.0,895840.2917235628
3068241300022100304,14280056.0,195866.70233692817,11763770.0,242405.59069069597,13678743.0,200369.34878927283,60478392.0,613884.777140656
3068241300022100307,19078187.0,192190.85750316974,15887840.0,292714.02525231545,18145777.0,198819.48488720963,78933643.0,743136.0657964107
3068241300022100310,18740611.0,190450.96049892038,15488723.0,288915.0413105082,17796305.0,195098.3093121894,77603098.0,741536.8220595673
3068241300022100311,4586739.0,65290.64374190153,3533355.0,75293.2445211355,4328103.0,65380.130204079505,18323450.0,203062.30780289363
3068241300022100315,7810156.0,103067.1225531306,6705928.0,133154.38628028965,7385154.0,107436.72656468052,33150785.0,329104.1984411245
3068241300022100319,33392724.0,445088.07521483186,23910946.0,484824.78875804227,31766291.0,469360.800124123,137110163.0,1412390.945494071
3068241300022100346,23528704.0,326628.7803335069,15587556.0,317422.7446915537,22384156.0,335343.1637788923,94474583.0,1016589.7982951091
3068241300022100352,24987631.0,258005.22238241413,18769286.0,344747.2126551111,24001209.0,265598.3572618971,105338589.0,1007283.731652513
3068241300022100363,26757283.0,364700.0384527858,19460681.0,396556.5486201529,25544406.0,381854.21531258995,109102187.0,1149234.6271174601
3068241300022100370,31126424.0,449431.8560769953,22262456.0,461590.3173075684,29657805.0,458960.1653190861,122707343.0,1410686.002792677
3068241300022100371,41586163.0,584326.4572470692,27952572.0,579084.031822846,39971168.0,597643.1485648691,174825709.0,1853559.0097270461
3068241300022100372,96115975.0,1400128.7240658046,69156756.0,1441904.4717938616,95105732.0,1444207.8323570152,412080271.0,4577241.518008804
3068241300022100378,8508714.0,87638.29002430782,6112591.0,112125.30893150208,8132882.0,90754.4073168497,36017666.0,348979.69433942245
3068241300022100405,7183417.0,78194.02845033063,4969017.0,93405.52661473615,6972476.0,78732.48051470862,30515711.0,304914.7223826358
3068241300022100406,46702688.0,497989.7611789545,32117940.0,600776.1805179856,45211213.0,518450.35252523434,193586779.0,1900182.9191963696
3068241300022100410,13008264.0,139735.61002171476,9264506.0,172924.05551965034,12568582.0,142565.81858229754,53577498.0,520339.66053950234
3068241300022100411,72250126.0,794961.0660126053,59144873.0,982784.1419868737,71205058.0,835074.740872316,295896853.0,2504536.0262748697
3068241300022100414,46551647.0,626190.7578849504,35086243.0,686089.2427147441,44719979.0,645855.6168853077,185427259.0,1815762.7777790423
3068241300022100421,54119412.0,659575.415031847,37300829.0,620358.0472427328,53280045.0,680847.2266729993,226151290.0,1927693.2227500973
3068241300022100431,33856505.0,347560.54544009437,24777090.0,433476.2174554651,33446300.0,361892.8695118839,143666842.0,1289393.754880532
3068241300022100433,52046401.0,621328.1288754095,39034094.0,606333.3600723176,51480629.0,643848.3148473586,223966217.0,1817810.0245043612
3068241300022100444,31351445.0,365397.76064645324,24291506.0,363064.8647276936,29845587.0,372828.8980675916,129687057.0,1012479.2006374334
3068241300022100450,21753259.0,266040.4044242324,17164407.0,308357.2613428537,21679108.0,278724.8903855938,90591327.0,816390.0125890585
3068241300022100451,13853479.0,206633.47103911656,11820165.0,212552.53478759795,13152480.0,211944.58713276527,59265435.0,588392.0846747013
3068241300022100455,16864122.0,269609.44224166905,12101475.0,234271.16832227027,16258654.0,275892.179775706,72326708.0,751432.8932089183
3068241300022100457,18958716.0,311502.9357541492,15772007.0,310135.7597305481,18624098.0,319143.8630417874,84239701.0,885961.8416554214
3068241300022100458,37653711.0,628380.0441716197,29151714.0,588831.1940742845,37205225.0,654455.3653025898,167397706.0,1846727.6983871062
3068241300022100462,39059956.0,641301.6429114832,32589988.0,646358.6545143588,38667880.0,665447.0933686605,173992820.0,1857817.784707421
3068241300022100463,7155412.0,119166.41037624964,5899797.0,119040.51033405779,7113780.0,125594.56507038677,31780605.0,343065.57158470695
3068241300022100469,10277250.0,150446.62518343376,7605725.0,168841.13869404676,10157486.0,160960.05222547727,42449131.0,492441.796458704
3068241300022100474,25874114.0,412015.4468147554,18469659.0,365662.44587511936,24892192.0,423765.5955321403,111789776.0,1157021.8148122355
3068241300022100476,16799696.0,249951.0043299672,10988496.0,242985.35533619652,16335134.0,257201.71343391383,68999808.0,808031.875210426
3068241300022100479,17582150.0,285203.27891346434,14216503.0,276890.3329434857,17162855.0,292598.1289354162,77715470.0,818979.0206814515
3068241300022100487,12330539.0,202252.89941329,10234611.0,206141.8493383584,12049005.0,207922.79083217718,54516189.0,587484.5347455979
3068241300022100501,40715387.0,638426.0748363866,29563235.0,577952.1265596634,39219934.0,656788.8415539184,180808252.0,1813125.0890588053
3068241300022100505,12222492.0,169957.06893214057,10700783.0,193017.31856531955,11950975.0,179932.06985736408,53028441.0,503849.00296537695
3068241300022100509,22063063.0,350688.70707974344,19077225.0,378173.9335837227,21402838.0,360002.3154167731,98473562.0,1015172.7848126909
3068241300022100511,10477424.0,167026.1168373063,7948738.0,159046.41528430744,10234689.0,173967.91027946616,47258175.0,480475.67022591433
3068241300022100516,29623626.0,454449.789299608,21026943.0,409926.38279883843,28807848.0,477700.70684278343,129796006.0,1304715.2985976723
3068241300022100517,17122603.0,274653.5757744918,16246060.0,323003.8086097612,16657375.0,288914.50987980183,74621712.0,835051.3254936729
3068241300022100519,24572058.0,315181.11460436846,21382075.0,383058.0222534653,24059491.0,332558.48072913726,104448544.0,965840.9077582471
3068241300022100530,49969163.0,618967.7331165401,43915707.0,681743.9380613933,49372826.0,645307.8154460365,220803557.0,1913095.6268604447
3068241300022100538,19514700.0,311325.4610970859,18288533.0,375047.58592787303,18853145.0,326570.1530805379,83105175.0,905045.0791288634
3068241300022200050,7855290.0,91766.20738625881,5741763.0,93229.93105652885,7338963.0,93235.87492196022,30660894.0,268350.1204716051
3068241300022200054,33692902.0,412157.8716489474,24524635.0,419464.8766649973,32016107.0,422494.24901831604,128990141.0,1210171.741785023
3068241300022200056,13601583.0,185218.67064424334,8581154.0,163675.95465864503,13306610.0,191180.85292510988,55327951.0,549732.991721976
3068241300022200058,19010718.0,224955.5910070721,14153214.0,241913.59313692205,18095176.0,229468.1547261514,75116433.0,666974.7194444403
3068241300022200074,29857411.0,403318.887215454,19806962.0,371176.1860937959,28806889.0,414754.4451714628,122658508.0,1204254.6148878268
3068241300022200075,5883966.0,67770.17085594569,3985376.0,65468.30409236228,5688865.0,70440.06749000754,23932336.0,213838.3259148571
3068241300022200079,12556343.0,147503.36015679588,8890908.0,153302.50517855003,12076325.0,152250.21124239906,49427324.0,433408.53600239835
3068241300022200087,10494621.0,144640.04716918222,6898192.0,136182.06028528724,10173737.0,148690.29303563034,44100256.0,471272.2487157863
3068241300022200091,9607673.0,130517.08530397892,6598782.0,120552.82112689686,9370681.0,138274.09989054574,40282299.0,395404.0666559868
3068241300022200094,34708919.0,416335.94683683163,27950294.0,464144.5477013453,32911670.0,429764.8756741611,135284743.0,1179555.1756490942
3068241300022200095,9422997.0,131484.4295262516,6034546.0,117374.30597024724,9305074.0,137726.6717462247,39220328.0,404831.71788219793
3068241300022200096,14886882.0,179696.87481386837,9528088.0,159572.78476394928,14436019.0,182570.21082405513,59446310.0,516208.71298625047
3068241300022200101,15968276.0,215927.1655259806,10608595.0,199277.8978852124,15495777.0,224044.63626052474,64199291.0,633464.0753785162
3068241300022200102,32840008.0,450668.2316935118,22147351.0,414277.7931680334,32169720.0,470951.5358487015,134163219.0,1342432.1050809626
3068241300022200104,6180610.0,75154.19863927239,3946153.0,64954.87281414874,6066751.0,78673.4611826652,25276647.0,224026.88271701653
3068241300022200106,26727452.0,265512.0391173148,20233718.0,278420.75239041867,25828708.0,272666.6837978588,104814733.0,739663.1088097647
3068241300022200115,43755823.0,482879.8506780546,34792257.0,545074.305681618,42142401.0,496732.96293494455,173161627.0,1339144.6062997237
3068241300022200118,17096365.0,211605.87199764594,11688868.0,197605.27729256623,16810711.0,218962.79946425586,69566135.0,607223.3709588719
3068241300022200131,21506584.0,213630.27738271272,15133590.0,210794.49900832813,21221198.0,220665.51240024166,89093354.0,625256.7244345626
3068241300022200133,13612817.0,143951.88829318018,9713891.0,138724.9720360543,13403633.0,146345.4132895668,54964767.0,429121.9219818597
3068241300022200141,77657505.0,899612.060723844,65233337.0,1080575.8363581568,73690387.0,918014.7254247146,317178835.0,2878901.596815573
3068241300022200147,10694799.0,111960.39342665227,8302385.0,120016.49116423896,10288811.0,115814.27060992703,43873234.0,348279.2975325337
3068241300022200154,91759770.0,1059398.387258854,70009050.0,1233445.645976635,90058197.0,1093530.6249568104,383968101.0,3666467.8132202355
3068241300022200155,16547399.0,180038.10627593525,10630396.0,204182.79579401715,16101163.0,186187.53046415024,66488982.0,682443.8880102312
3068241300022200156,66789369.0,753457.0450329428,51516498.0,999350.5712369498,65428519.0,784394.1360969979,267243803.0,2760945.259334123
3068241300022200158,16886771.0,252600.21251170532,13505929.0,282791.7842599696,16731259.0,267009.91124611866,73222783.0,828625.6899072172
3068241300022200163,14808976.0,215307.8672391094,11684486.0,249983.76022515277,14437583.0,222565.48472618693,63768690.0,698991.8888872396
3068241300022200165,27232700.0,407272.1739001065,20591502.0,432854.25190001965,27341571.0,428347.1178808571,118696351.0,1346666.5559961584
3068241300022200167,13112071.0,197361.68548260105,10833315.0,231905.7845541906,12508514.0,201307.68104009368,55955168.0,640246.4365305299
3068241300022200172,44398533.0,511232.3119556383,32579579.0,655880.6987044695,44377414.0,537072.5035038674,178885240.0,1933178.7557797772
3068241300022200173,52939165.0,584207.1150132898,37284390.0,726252.9881403376,51809362.0,596722.3264357806,214287508.0,2202452.9573590327
3068241300022200175,32150575.0,469188.0608559821,24398930.0,511160.13436931337,31113645.0,478284.8895675598,138249567.0,1539054.4207859142
3068241300022200186,14440084.0,159916.59200879454,11026318.0,222008.12337168786,14096904.0,162934.08527822126,58353412.0,610411.773799142
3068241300022200199,25752475.0,367762.763405753,18999173.0,391063.0472467564,25035602.0,374047.7408174692,113191092.0,1201999.0729349195
3068241300022200206,15072964.0,211006.20067562538,11055694.0,226228.4402515313,14532024.0,221632.48507739624,64772070.0,693271.0142838652
3068241300022200214,6781075.0,97397.34149538458,5533522.0,114561.69052097587,6565068.0,98484.22162041205,29156243.0,312517.10402342066
3068241300022200220,26415755.0,296333.3497005547,21265292.0,424151.211759165,26018572.0,304066.9185125992,108195943.0,1173293.5748321225
3068241300022200225,25832858.0,363648.30207572563,18870041.0,394003.1939792758,25014111.0,378780.9581040712,112111040.0,1179477.9994762763
3068241300022200243,54821146.0,765772.9235279255,43997293.0,916694.952840491,52873858.0,802764.9726996436,229957702.0,2474264.194009738
3068241300022200246,28476892.0,302196.6378711058,25701114.0,482672.9972873755,27437861.0,311477.7894009912,118813245.0,1199908.7324434405
3068241300022200253,7967434.0,114396.98594909182,6810712.0,139430.37777031166,7796756.0,116925.23551565659,35562123.0,377240.80323497753
3068241300022200260,37716988.0,518497.11218213063,31034564.0,626603.9236020629,36164211.0,532967.575006372,164847066.0,1665310.443444043
3068241300022200267,29251945.0,406930.5593799177,23267312.0,480137.8530628275,28081848.0,421669.3167410649,119335281.0,1264652.5839207598
3068241300022200275,49648602.0,668621.8246838951,33985684.0,698406.2630144707,47423707.0,702289.5475572508,205484878.0,2107473.9487142363
3068241300022200281,33072194.0,435322.13460804475,24631971.0,494809.3247764561,31825873.0,459474.660091404,142394800.0,1394032.6333561693
3068241300022200282,8456231.0,124869.40999748788,6921378.0,143878.12911747702,8235475.0,123722.83318508136,36591515.0,397165.6065405073
3068241300022200291,12535653.0,130204.57217667748,10958216.0,204131.76440765822,11998159.0,132061.8479158736,51294923.0,497831.1898538184
3068241300022200302,18622356.0,196703.81694724606,15010285.0,283472.2580527878,17896573.0,198193.46688261488,76374386.0,763470.6527726848
3068241300022200306,25388946.0,295204.3096949285,20340676.0,358318.5066180867,24362379.0,301975.245104169,100605475.0,940588.8543070542
3068241300022200324,37628592.0,380625.25588492036,29425962.0,463809.2088704659,36574016.0,392570.22551166377,151731828.0,1305557.384005717
3068241300022200327,42076332.0,593075.4877057498,33700718.0,673633.551753558,41423087.0,618592.2783723375,184311906.0,1953644.7488455717
3068241300022200340,20533556.0,290984.077926658,16099856.0,335850.87254657893,19609747.0,303993.07335025165,82223379.0,934264.1889181519
3068241300022200348,42763562.0,567901.7926326729,31974212.0,648623.9119701599,40969891.0,598171.1849447011,181109424.0,1808637.2982608187
3068241300022200353,36457932.0,377012.397090802,26590617.0,433213.1648249196,35365036.0,389336.58891197044,145969729.0,1259387.8654954005
3068241300022200366,17946977.0,256920.08021659811,11770930.0,241357.20077367598,17425569.0,261535.9182010953,75635393.0,825348.9510338146
3068241300022200376,21631804.0,218835.13792098663,17502180.0,323388.1098625871,20631174.0,225117.3285122162,90503178.0,848266.181656492
3068241300022200378,32235889.0,429435.65798547235,22777441.0,459004.800645435,30793146.0,452472.6281503284,133248647.0,1367565.9106218354
3068241300022200387,4649422.0,67722.90462288763,3527324.0,70975.08502352424,4284855.0,62543.47904651473,18934157.0,190460.41704108263
3068241300022200389,49778237.0,560541.2022612173,35196522.0,591826.1921532758,47625197.0,571296.4899650802,195283094.0,1777909.1000832682
3068241300022200399,25766301.0,272569.39502287214,17892097.0,332667.332309375,24734723.0,278426.81054366636,106482925.0,1046324.4298043811
3068241300022200406,18211364.0,244169.88149677674,13242541.0,266350.6285068558,17622598.0,259762.8809300037,76311770.0,779112.755569048
3068241300022200432,16893619.0,209833.4109228197,12050632.0,215556.24322085176,16120255.0,213818.35549120625,65991439.0,622085.430051097
3068241300022200439,32850468.0,447721.64749368053,21622814.0,436141.315800386,31855841.0,474647.78043869126,131988989.0,1393659.0196502672
3068241300022200444,34700856.0,481514.7755303781,26316431.0,543075.0983117655,33244947.0,502937.6651804085,140666783.0,1511761.2367544544
3068241300022200450,77935272.0,836775.3860415581,58139172.0,970924.4745231216,76781711.0,873167.4122702688,317634832.0,2729670.9322474124
3068241300022200459,4514785.0,65293.03886735248,2932183.0,59901.246589456816,4394312.0,66245.80056912621,19077667.0,214223.29231818923
3068241300022200477,23195784.0,277601.88799790543,17590961.0,285842.2581239679,23051708.0,293140.6392643112,98143848.0,887490.9855811932
3068241300022200495,13859376.0,197332.15718037618,9313871.0,186630.04429494275,13701350.0,203041.31759660345,59421493.0,628420.3583674316
3068241300022200497,23642387.0,326713.54603663855,17321407.0,336872.02404802793,23005780.0,335864.92205263913,94913883.0,933028.7081913132
3068241300022200505,49564125.0,517439.7815359762,41374829.0,661398.0540994527,48829331.0,536646.9977059942,201169142.0,1575499.9557097729
3068241300022200507,32742278.0,379302.2173784743,23793899.0,375252.4927434191,32430504.0,395487.52946774586,138423216.0,1106676.6384821397
3068241300022200536,75279704.0,1239447.256474874,65014110.0,1304231.7162402985,73237583.0,1305856.3962791476,331953265.0,3707354.065243379
3068241300022200537,30928568.0,501573.19975561847,21255749.0,414696.8440074511,30086735.0,521685.362849833,137570027.0,1423194.7735765537
3068241300022200539,38688683.0,522745.4191295288,31232615.0,551449.4012526015,38444994.0,545776.1445404885,165741466.0,1476408.0282851364
3068241300022200540,25972053.0,428261.1344316023,22476417.0,453605.09922471654,24862405.0,441321.01427752443,113658387.0,1241381.0907798063
3068241300022200541,19037247.0,301215.96467879525,13721545.0,272905.2121751235,18347246.0,309886.253913232,83107205.0,846235.8683646686
3068241300022200544,3371601.0,55370.4217099939,2358170.0,48328.15812080898,3311104.0,57231.54638932267,15002572.0,156029.02886933976
3068241300022200552,22604569.0,344589.9645038123,14973682.0,323586.2577942464,22158892.0,353274.4640393702,93312434.0,1082783.4863985165
3068241300022200554,23895072.0,331314.04396870924,17866755.0,299216.58264058444,23622088.0,351190.3152650678,105247998.0,1005692.7009390233
3068241300022200560,16438745.0,252025.38191975525,13223104.0,294009.91684548504,16338128.0,265891.7786995546,67811638.0,804623.3441425952
3068241300022200567,13609736.0,227060.11878192253,11778045.0,238464.54549090244,13344692.0,229350.37192668096,60223929.0,644334.9180382981
3068241300022200568,4154817.0,70583.33973662154,3511530.0,72155.5418975618,4087559.0,71394.73349351124,18311735.0,200882.84978677804
3068241300022200575,4163280.0,66609.56987878674,3586349.0,70464.53684434648,4016464.0,70008.06090617104,18481871.0,208583.87640138267
3068241300022200577,40281729.0,521987.8397567076,31718321.0,538220.6867524964,39629450.0,544676.6099010562,172148147.0,1575914.4393251203
3068241300022200580,4886543.0,79178.66433414878,4249848.0,85983.53982265294,4717996.0,83018.42019592696,21551802.0,234207.98814900644
3068241300022200587,15837627.0,246921.59917004243,11421293.0,226112.09630694118,15371924.0,257188.61142262048,70830697.0,719164.3140158454
3068241300022200604,15359943.0,238972.17635388512,11607256.0,223787.71134878165,14953088.0,247727.72063969515,68798278.0,685882.5854777753
3068241300022200607,32660557.0,469413.84679456067,23957984.0,517114.970557139,31778167.0,486930.90330658224,138891010.0,1570188.1167807924
3068241300022200610,34506481.0,549520.92238026,30327516.0,607476.6246694056,33215644.0,566377.7564151867,149876834.0,1577642.2053003681
3068241300022200611,24522870.0,384516.0587521393,18945888.0,368134.44057472266,23337340.0,391013.1511986961,106124840.0,1066202.7682824018
3068241300022200615,4656326.0,74178.98049182237,3918705.0,75953.01426426442,4513268.0,73401.43826567769,20879387.0,212310.63967117792
3068241300022200617,13229439.0,215495.97882890975,12188645.0,244298.64293295407,13175264.0,224524.01228974896,60894658.0,640258.1586992363
3068241300022200618,18495378.0,270119.7888658214,16824631.0,293370.9428428651,17896634.0,275890.9522448259,77744977.0,728263.0935558047
3068241300022200623,20341725.0,310082.4635240246,15833330.0,302854.5622145094,19619948.0,327143.51253986795,88443222.0,878704.051250438
3068241300022200642,4910236.0,80590.16816389383,4327826.0,84869.71924102427,4854851.0,83567.73569816026,22561375.0,241752.2753875691
3068241300023100034,32854470.0,401318.3249543203,23671323.0,442075.89037973806,30539358.0,401628.26091571536,135927408.0,1307662.349831519
3068241300023100043,3244781.0,328944.8861053784,3311785.0,50472.97217349775,3208403.0,326478.05552961235,18711830.0,135823.6121869128
3068241300023100047,13184117.0,174284.69180325445,8581269.0,134707.05245256927,13350548.0,186227.5416145026,55531287.0,463714.8078503224
3068241300023100051,47050830.0,748372.578362328,31642490.0,500367.36088111793,47477062.0,783443.4859835263,201002606.0,1729227.3053815481
3068241300023100060,80223109.0,1162947.595514886,60791766.0,950844.0977982741,79756935.0,1192968.0737393517,344350117.0,2915394.0331422156
3068241300023100063,14363299.0,183244.24742320395,11466439.0,180212.06892432808,14261265.0,192164.7643157079,62705561.0,531947.3316126678
3068241300023100067,13063348.0,164656.67929840408,10635324.0,161499.61296372884,13010166.0,170417.75896251402,56361107.0,476524.04189479596
3068241300023100073,60127530.0,760545.3631377041,43598322.0,668606.6916317609,59849390.0,784760.45141195,256404402.0,2117754.178561046
3068241300023100078,7811719.0,96989.62900854457,5492034.0,83604.67277939568,7805523.0,102556.25130909163,33433807.0,275678.12805439875
3068241300023100081,10933264.0,140628.52749205122,7448693.0,111966.74998612815,10826066.0,141171.9160083912,45638000.0,373686.8138717155
3068241300023100083,5219049.0,349282.5301447967,4293568.0,65937.1109234959,5173848.0,346565.99585381715,25830602.0,209227.87646533054
3068241300023100084,61977451.0,781085.8864492582,41715984.0,624739.8199999521,60673927.0,797092.7069420102,258259173.0,2095076.43770503
3068241300023100086,63703305.0,904444.0290709701,43128848.0,650007.1505827277,62474550.0,914748.1436880182,267220672.0,2197540.6848771623
3068241300023100095,49960398.0,619408.0995545909,38348670.0,609271.3268123819,47655251.0,631081.3163164983,201000703.0,1650617.3768834115
3068241300023100100,22364052.0,289966.08490151085,15799610.0,244151.83174301032,22182799.0,297569.8459749817,96625703.0,773557.4353328354
3068241300023100102,275160920.0,4812150.416032223,230594900.0,5073540.376505818,264914775.0,4870532.32191865,1195245550.0,17256777.943926223
3068241300023100103,5087663.0,236418.61131195017,3762905.0,185084.365546439,4916549.0,232152.80995226387,21901649.0,943393.6347530102
3068241300023100105,26981011.0,938773.9951138492,20168977.0,780047.8803144816,25957842.0,922769.4389227596,116820593.0,3610880.5902666766
3068241300023100106,23230448.0,887567.628256082,17245472.0,723348.7876597164,22331938.0,872726.5564595707,101032051.0,3472647.8814029456
3068241300023100107,13892678.0,477385.8248096968,9602601.0,367340.4842546932,13302863.0,465521.3717800453,60063117.0,1838835.4963450478
3068241300023100108,17623479.0,593297.323382088,11985733.0,450545.92756992206,16866472.0,579268.7306148239,75611970.0,2254170.041756647
3068241300023100116,17886200.0,179508.4029463977,14266581.0,288697.3386498627,17603601.0,184268.49514561507,75890758.0,677739.383317374
3068241300023100118,30605440.0,373051.8904369837,23223965.0,440382.7930248564,29536396.0,391392.95909889706,126862171.0,1295102.916488468
3068241300023100119,4951070.0,60884.603093617305,3518568.0,66949.90242777368,4864073.0,63830.71249128885,20589553.0,215853.4244321025
3068241300023200037,66638623.0,1502436.593376438,47556746.0,1044963.8222004512,66996109.0,1536687.5514257075,302146925.0,3904572.7885269164
3068241300023200039,53971051.0,1026814.4712611587,36809263.0,714299.0120416213,54255422.0,1052952.8090488797,238766708.0,2444850.8475645236
3068241300023200041,10585998.0,138180.42654624325,7351485.0,141542.22349071165,10618259.0,145198.46852784214,46183462.0,468962.23645849037
3068241300023200043,13533405.0,136747.70938148705,9606503.0,144158.74540879804,13450404.0,142372.54893026937,57347596.0,434432.8232988391
3068241300023200044,32954879.0,468707.1805265768,23549644.0,338695.0951023846,32868862.0,476382.67868001375,139553003.0,994697.2855602712
3068241300023200047,68965006.0,1383609.6214864044,47633520.0,644993.2541194744,69456570.0,1426142.964432944,299314989.0,2146042.6981580122
3068241300023200059,49540100.0,649234.6262766824,34258273.0,538351.41423801,49716318.0,681424.7813697523,209836709.0,1783865.2241465051
3068241300023200071,14172521.0,179991.55823107483,11020251.0,172318.10062436614,14087327.0,188055.16948355758,61208853.0,513540.90630028443
3068241300023200075,27502998.0,352834.03745438193,21136088.0,323633.244355266,27439476.0,362825.45723035204,118673358.0,994150.4637986394
3068241300023200082,50820475.0,1004152.6505465743,39356626.0,603339.8432184522,51199267.0,1036955.0543123526,223845535.0,1840861.8948546774
3068241300023200091,12189044.0,151828.09267174877,8391428.0,122558.88251538362,12108382.0,158486.4014457277,51608187.0,406169.51556531945
3068241300023200093,15210883.0,192059.33419773914,10529823.0,155271.4298745864,15060224.0,198227.44964539623,63748300.0,504874.4925217973
3068241300023200105,3233926.0,344567.80226365244,2800220.0,42548.54773299811,3173298.0,339845.44038845156,17411346.0,138263.5017162386
3068241300023200109,3425685.0,42907.971011382666,2345410.0,35916.07015306816,3358119.0,45418.82184909603,14446991.0,117529.93248800767
3068241300023200110,9023597.0,113029.59546842155,6252373.0,93470.76790323731,8929152.0,117220.83540342543,39148440.0,319073.4754455178
3068241300023200112,19867698.0,253799.67837193815,13564790.0,205970.11382543284,19656577.0,262730.11931570247,85700189.0,694905.3435230702
3068241300023200115,115316013.0,2570656.048565625,82733611.0,1674268.8145234492,114551309.0,2606812.7187380027,524150774.0,6809834.714909564
3068241300023200133,7230530.0,85423.95879740891,5309215.0,89107.45455048824,7008549.0,89755.41366207329,31332441.0,281081.619500927
3068241300023200143,7981964.0,85232.3499118065,5690968.0,102645.3037667492,7885599.0,85331.91785502054,32962541.0,279602.1343602869
3068241300024100001,33390616.0,1562340.181625395,23442572.0,1178399.2108250584,32116654.0,1523094.842222084,140998728.0,6001809.6496737115
3068241300024100005,4977822.0,201969.47842927088,3489655.0,154475.8268796209,4896032.0,201210.466597533,21197959.0,783673.9744099808
3068241300024100008,43305523.0,1439435.0556480084,30029852.0,1107399.5575038355,42265815.0,1418254.768162016,184005379.0,5240606.920076472
3068241300024100011,24873665.0,919517.0599028325,18035188.0,731689.4391005781,24896110.0,928633.9073473465,107854816.0,3542544.205119273
3068241300024100012,20381645.0,692726.4333366873,14570302.0,548447.6683746995,20353964.0,702808.7418129868,87878996.0,2619004.9630498467
3068241300024100014,7600751.0,268757.89865443634,5680153.0,218529.9033174618,7589893.0,271068.98478593444,33213009.0,1042227.3036738662
3068241300024100017,18911679.0,809351.4903779408,14022415.0,646514.2124085682,19087102.0,823744.7985008686,82709579.0,3219205.42144936
3068241300024100032,23423643.0,280038.3675358664,14832943.0,255134.14275448932,22755086.0,286622.6366677433,101752944.0,919858.7321963434
3068241300024100040,10657790.0,129430.72061507309,7387367.0,130700.99123515359,10688740.0,137534.97798165903,47434635.0,447453.009811879
3068241300024100044,92631243.0,1696986.6081766826,69329843.0,1600225.124282202,92457700.0,1750631.0074784786,433620190.0,6522175.893901241
3068241300024200003,8255381.0,357981.9307470566,5981212.0,285013.3791794453,8109156.0,357671.54230791365,35127896.0,1418354.0677478502
3068241300024200006,13240719.0,482066.7562206427,9033661.0,361408.87028300046,13041683.0,484350.60069281765,56454402.0,1831868.7225787237
3068241300024200013,27946716.0,1080396.576440611,20814124.0,876197.9372448762,27958498.0,1098523.4258405378,120881081.0,4158086.596509589
3068241300024200016,6656093.0,769977.6540211333,6847557.0,522323.93400923564,6771740.0,783718.8009091545,45407298.0,3111152.2343949676
3068241300024200024,3474852.0,41060.64729923223,2430851.0,43731.4122162018,3429616.0,42699.73083228247,14887635.0,133572.22682497674
3068241300024200025,4918701.0,60500.91597876679,3411005.0,61316.95624279232,4851575.0,64139.98780687434,21069122.0,184010.93328593427
3068241300024200030,8042912.0,102856.28241920291,5708825.0,107365.72711283053,8059368.0,104886.35091867435,35980261.0,344266.8704477106
3068241300024200031,14441523.0,190428.57770113996,9971225.0,182146.0520777048,14548307.0,193806.42844236337,63977802.0,574547.4441628511
3068241300024200033,9089947.0,121933.20913665729,6123642.0,114614.86654921115,9194943.0,125442.85748649252,40781963.0,376555.38674011006
3068241300024200041,32386412.0,407188.47732481663,21852695.0,380927.1030065732,32552161.0,420531.0083511678,143314434.0,1320880.7846661746
3068241300024200042,22763573.0,268095.85042939766,15768558.0,269242.2885846102,22121098.0,276052.5690384521,98098446.0,858707.5804986724
3068241300024200047,124129749.0,2771427.92367627,90847925.0,2330607.9244230133,124897675.0,2855076.9809851055,588272269.0,10162817.117596412
3068241300024200054,13508869.0,156996.95451027752,10937035.0,193631.36460594393,13399986.0,163464.18928794184,61283656.0,572762.9926228775
3068241300027100054,21524038.0,208185.2213387121,16768688.0,216928.5176245036,20097077.0,211959.98552790945,88687141.0,706807.427801539
3068241300027100062,7426394.0,122083.05990631823,5932804.0,107291.63524373031,7135774.0,125731.91385129219,28964243.0,262877.6813496774
3068241300027100065,24092555.0,288158.26108465454,19621143.0,352091.4083753528,23288402.0,302298.55410191615,107249999.0,1052884.9313180884
3068241300027100074,45461822.0,400316.8221188744,36176333.0,465060.6524660459,40993045.0,346232.8677347256,185044281.0,1302379.4739841912
3068241300027200056,37316705.0,440931.8074664733,33939111.0,414728.5798276335,35816753.0,451045.4216077212,179258231.0,1272246.2552067072
3068241300028100009,27258539.0,391209.9849398902,33950158.0,508472.20831489214,24159452.0,378344.5503222419,143135923.0,1154671.295572104
3068241300028100014,65905742.0,916802.9158910988,165438719.0,2275952.2026295215,49321686.0,774817.1223460451,431251787.0,3608696.6240295474
3068241300028100018,27728838.0,442595.8582614723,56617432.0,910952.4585639692,14405896.0,220771.54448749343,182065251.0,1308907.9109610452
3068241300028100024,40136256.0,574202.0837946519,56661836.0,764657.1431505434,35533160.0,547336.4286453335,200600160.0,1583413.1961967899
3068241300028100026,60105288.0,923459.4074443205,376374890.0,3833272.412123462,39317986.0,611264.0071990744,550993435.0,4791064.246745698
3068241300028100034,22751474.0,281571.6568800527,106557386.0,731194.0917299994,15129321.0,232398.22663754027,176961628.0,901081.0210890468
3068241300028100047,38711104.0,589317.3371697178,161117234.0,1852525.0572879813,19889232.0,314064.91001666745,329065883.0,2859983.356491391
3068241300028100049,48568193.0,661856.7349304438,150753402.0,1539459.2229027355,21860062.0,266895.7856598728,380831042.0,2688204.174810713
3068241300028200015,79725052.0,1106198.2156609106,230499372.0,2637542.364005181,52328775.0,838096.8105597526,573078899.0,3924332.0192820923
3068241300028200017,10743624.0,157289.1143004352,14059557.0,187456.3068824391,9253328.0,150572.06865082966,57513259.0,465757.7019742721
3068241300028200020,134384469.0,2065283.5348568037,267711812.0,3460603.639562696,80625566.0,1273947.92549609,943306028.0,6974491.688118144
3068241300028200022,207035749.0,3071698.909025816,595112504.0,8157443.013943787,124196711.0,1936540.899972755,1497562744.0,11092375.30571448
3068241300028200026,8422349.0,127624.86317750055,11087644.0,149220.49079715533,7348579.0,117031.09992607938,44938824.0,356908.95547649555
3068241300028200027,76993249.0,1273294.680592881,165372303.0,2689067.208701362,40360991.0,624554.4174579505,518517417.0,4454366.073837558
3068241300028200028,309397374.0,4644738.097350297,1700123408.0,17489311.17475099,175462138.0,2719002.638188813,2951583378.0,20551531.597977802
3068241300028200029,14363659.0,207989.34128563147,17315302.0,253393.71566043672,13283981.0,209550.97393116492,68583499.0,555517.828371129
3068241300028200030,55308840.0,791664.8221271946,79240694.0,1129413.8050968067,50959883.0,795598.1056600092,279389533.0,2159696.941788156
3068241300028200034,54421182.0,928020.5563628563,307959217.0,4514842.667350064,30083659.0,470649.23686228646,556033465.0,5662053.418463295
3068241300028200036,77145766.0,1022765.6645098173,478962501.0,3817112.2400615863,51401146.0,787067.0141714849,664090173.0,4204660.121795384
3068241300028200040,22806629.0,285156.80098167376,103856593.0,893206.3932870044,16523391.0,251739.8118516124,165940103.0,931699.5204340899
3068241300028200041,145060601.0,2066538.203266465,680744393.0,6675583.525423012,83215630.0,1270516.8830884434,1269935593.0,7997858.035500023
3068241300028200046,127697314.0,1778854.2602662437,503998559.0,5068966.460088905,71961488.0,1094847.476120426,1015172634.0,6448420.141851012
3068241300028200047,4353495.0,65747.30994241964,3975169.0,105777.1550405966,3984564.0,49633.73264705653,20131581.0,276873.4591653777
3068241300028200048,38800347.0,558041.1961708616,138900361.0,1772423.167323334,26159735.0,403632.41689563554,306664343.0,3105384.996709302
3068241300028200049,279541798.0,3944149.5387237845,1296077633.0,13593698.723621193,149574299.0,2321298.167015725,2464417189.0,16006442.97793459
3068241300028200056,236437804.0,3603200.326217662,828609634.0,10935131.507731894,119696707.0,1882906.0359716357,1901701151.0,14598827.110075172
3068241300028200058,141927181.0,2039438.5563603556,819595118.0,11288342.593677074,83798044.0,1335592.5135876322,1369202991.0,10784376.923018927
3068241300028200060,104809940.0,1553201.6244486375,588100161.0,7401535.960909949,51997672.0,773547.4464786755,1021230454.0,8500395.742995847
3068241300028200067,50087110.0,365612.0941457093,45545019.0,523410.7206481055,49812335.0,380635.4074553917,230238209.0,1511016.01139716
3068241300028200073,9390900.0,84472.04149791335,8516018.0,133024.68260840644,9387325.0,90690.15419463243,44318006.0,378720.03011170326
3068241300028200074,20568462.0,194441.0116442658,17385368.0,238870.27223353845,20849541.0,205918.09207257238,93091820.0,701109.9978733151
3068241300028200082,3101029.0,28741.34737203896,2824713.0,42735.67805551699,3104271.0,30073.84277494275,14714034.0,126751.02435713862
3068241300028200096,15922450.0,148412.7567677698,12871902.0,208717.64939785682,15457964.0,148816.05300245117,76318589.0,622737.8212332145
3068241300028300006,52727183.0,865621.3757337211,164500921.0,2154320.9588805824,30606552.0,473062.33796871407,427890947.0,3981009.1606466323
3068241300028300008,153502048.0,1990932.25336703,785970903.0,7114331.608030626,112472490.0,1729688.7583951177,1077192205.0,6709401.851984959
3068241300028300011,72664785.0,1011512.2887091076,313217557.0,2707596.434773322,46795078.0,724412.1068761826,568681554.0,4354020.144718729
3068241300028300019,32271959.0,438569.47135097336,108215668.0,953168.7396466013,15349112.0,175163.14992515277,256916590.0,1405269.411011087
3068241300029100002,102842854.0,1307087.6137350602,876613552.0,7705404.246786333,30743062.0,387733.1814561585,751649029.0,6779595.427061067
3068241300029100005,95085706.0,1325357.825318644,302849141.0,3774521.2688420056,48794552.0,623014.0040840151,568452158.0,4044674.8890689183
3068241300029100009,56387161.0,696633.95781269,235211296.0,1500224.4050808088,24208281.0,239898.02310783273,366672940.0,2375528.4256713088
3068241300029100011,144126254.0,807292.8222404241,978515815.0,59873704.90217137,28801356.0,287379.8257730899,1264244696.0,4320779.426138226
3068241300029100012,176078441.0,1453103.1434322891,1669459250.0,10948173.842455361,61935346.0,581466.7803757676,1478688319.0,7802035.380992658
3068241300029100017,36537194.0,462686.37796902936,111628750.0,1466692.2258391816,17594077.0,165763.6708613869,274653823.0,1881981.9208107342
3068241300029100018,130699552.0,913794.0360866513,1257252647.0,5378404.4251535665,26235763.0,285206.7745214939,916164738.0,3800902.345028443
3068241300029100019,117662020.0,1150092.5815841828,1004420050.0,7773404.600187071,30127653.0,304955.1281797271,833291675.0,4917002.244426519
3068241300029100020,93758524.0,743124.6494077055,1022253763.0,7704171.79876631,28563679.0,295775.9770656756,862192774.0,4754025.668787779
3068241300029100021,203717646.0,1308956.0017313669,863415319.0,89010594.75957084,38136598.0,492157.69366222684,1785094773.0,7049053.665574858
3068241300029100022,111780016.0,937632.7749252657,1110026398.0,6560186.971359949,21015814.0,266857.0980639487,801281745.0,4603967.768709998
3068241300029100027,162045283.0,1755545.4604489303,785117172.0,11062921.524651384,88322794.0,890257.7176927598,1464706252.0,11781816.341919295
3068241300029100028,177387013.0,1554125.4388812007,2016726903.0,15776087.372708235,51563936.0,531057.7879753826,1755392294.0,10454745.57160673
3068241300029100029,298233039.0,2035761.1677868566,3092410768.0,11989718.105832256,69195011.0,687918.0204079907,2267062076.0,7804198.232923161
3068241300029100032,174343132.0,1219713.9344003617,1744511482.0,9070807.920631694,41781154.0,429591.96155075287,1354684510.0,5636738.044835514
3068241300029100033,142295918.0,1038794.9155338479,1382982612.0,5167381.241017319,26433219.0,328088.15874794865,964735191.0,3632490.365554266
3068241300029100037,125418590.0,898247.0282607966,1147085153.0,5102565.795050239,29458130.0,294286.44142288284,929079792.0,3648871.1885268465
3068241300029100038,206736624.0,1911935.84333346,1525464983.0,13237667.704058342,86077168.0,709217.4696724818,1871399320.0,10548036.69588901
3068241300029100039,181587221.0,1464384.854315619,2260012557.0,10836925.979254395,44881081.0,445765.72621797957,1617543129.0,6247452.571613038
3068241300029100040,254594868.0,1725960.7552444572,1765636074.0,106174419.91435051,47663525.0,611430.5351308201,1833669574.0,7239080.935545432
3068241300029100041,96826965.0,925034.186219845,470256073.0,3816239.8400988197,54044237.0,540896.1033646817,658340812.0,4363058.202377528
3068241300029100044,274026461.0,2075076.4677579687,2803121990.0,13634468.715576518,71563459.0,697764.9994885797,2406337222.0,9262036.408482568
3068241300029100045,45584703.0,518110.7582979558,211520761.0,1640413.2155378053,17153878.0,176330.12381313724,340760446.0,1899585.728775867
3068241300029100046,195355294.0,1650040.2236150363,1774217142.0,10823810.09441529,62868030.0,624070.4147982777,1846064764.0,10328527.89205672
3068241300029100049,74448509.0,800702.4195835041,357838529.0,3129463.6353113195,28389770.0,282712.94161656825,537779280.0,3259576.552971483
3068241300029100050,175841193.0,1513598.851939717,1047613064.0,8793492.485025208,69169733.0,687235.2903689023,1452595537.0,8059047.45638123
3068241300029100052,131725869.0,1039237.9261573999,1413593196.0,4352515.166289065,30475205.0,299388.0477411874,1037745256.0,3381683.2405343405
3068241300029100054,77533734.0,595225.6338088239,798505505.0,2452493.3900700375,17309945.0,172984.55194365425,576864683.0,1813125.4104567901
3068241300029100057,96175621.0,585066.838000177,1199492663.0,6048557.5904510785,23077113.0,224940.6557134455,822860545.0,3978966.8884208645
3068241300029100060,66136080.0,455708.26595278253,608259561.0,1786785.811118671,14978516.0,134198.84019767278,466142167.0,1521580.180998153
3068241300029100064,72891175.0,480172.92224172625,854330835.0,4098069.401566512,16525374.0,158497.66984223374,563761111.0,1972852.2962542234
3068241300029100065,288136390.0,1828275.3519257677,1359951822.0,131492545.85849085,53722626.0,670327.756013967,2240416086.0,8432947.838759352
3068241300029100067,167783717.0,1730952.4860021838,964445312.0,9866824.681467263,57244929.0,564851.3856419645,1169126054.0,8132533.4151903745
3068241300029100068,130190502.0,1045269.3389034788,1543846168.0,5194826.388024762,29299950.0,283670.01496929,1050254793.0,3233485.4470030973
3068241300029100071,217141201.0,1420098.5630322923,1057582032.0,106967224.2310364,39409944.0,487000.36387774034,1746651645.0,6538270.606116135
3068241300029100072,250109520.0,1752778.0766745755,2946104090.0,83213257.75315866,60906372.0,604417.749886425,2350183952.0,7812473.388750157
3068241300029100078,339503637.0,2125327.116623023,1455778962.0,139142909.83780137,63755949.0,796217.0702596323,2734047388.0,9983583.503636692
3068241300029100079,83795206.0,1007028.2828276724,450514468.0,5887508.644545938,32012589.0,326741.8328354519,611731409.0,5473167.216711258
3068241300029100081,288887979.0,1781789.4572304527,2967278054.0,40792614.749385834,60362364.0,540282.9403770746,2159935821.0,5945228.706153854
3068241300029100082,177158033.0,1926698.883583197,1451729490.0,17579352.76240242,73326676.0,743729.0993487631,1562935461.0,13112773.828683235
3068241300029100085,160850753.0,1107095.1634491398,2029474503.0,39847375.50192121,42033954.0,417701.3856906408,1496354110.0,5195126.8168474585
3068241300029100093,116572470.0,805599.0825664534,1873034258.0,29285961.018356666,32810360.0,317447.9222688892,1124492020.0,4920234.406392485
3068241300029100094,160059135.0,1054243.1475987688,914238355.0,71959587.70723367,30761156.0,383449.29250823095,1293808075.0,5296259.036197703
3068241300029100095,158833340.0,1136388.8400429222,2176753892.0,40170367.45448403,39634244.0,382209.22481309617,1447819186.0,5183230.885237377
3068241300029100096,129944278.0,912059.7337330391,2109936277.0,33605765.99495402,36893571.0,357245.14804378524,1296168626.0,6137260.578206045
3068241300029100098,101908296.0,1035675.7473547573,954231445.0,9882080.796237204,48693397.0,486769.81366686954,951682593.0,6927117.710967641
3068241300029100102,222372060.0,1399109.6751027994,2798933717.0,15484768.197874764,52382886.0,500864.4701689766,1832262029.0,6096691.707361305
3068241300029100105,143914185.0,1266053.8689476682,2233414556.0,15738851.140314635,47170010.0,465575.1783749343,1398246165.0,7592984.507801369
3068241300029100108,172422370.0,2073646.3520128743,2023570864.0,23677555.03347079,59652962.0,601664.957037601,1543392810.0,14804375.338159349
3068241300029200003,18078614.0,234926.85054285877,22071363.0,249485.91737940628,15236558.0,213698.80625248415,94014857.0,690260.5968834152
3068241300029200009,249235123.0,2108908.505688928,2277918997.0,12725954.851420015,77364233.0,810926.0030101273,1859918707.0,9210844.343348753
3068241300029200010,36670044.0,410147.6726563186,281705969.0,3350550.262839161,14983477.0,138371.63403897913,261302120.0,2389959.9498808277
3068241300029200016,60820357.0,732394.6468524586,180763722.0,2389937.3985583256,40287391.0,521409.22827687615,490561904.0,4402178.626366101
3068241300029200022,227113706.0,1587269.9297591813,2117908389.0,10041439.27775424,61406844.0,492978.60089918337,1776481792.0,6484169.9391466705
3068241300029200023,86700283.0,896597.4202660145,480706990.0,5227973.660935913,42377070.0,389845.90980985743,793143429.0,5225519.675007962
3068241300029200024,202924299.0,1934318.1609472483,2219947246.0,19958384.873648077,70741167.0,664216.6171930056,1815622931.0,13258744.492739357
3068241300029200025,195046678.0,1651554.8503742653,2079378951.0,12052869.615014004,56296441.0,545237.9957032292,1603845647.0,7850196.138358972
3068241300029200028,25684816.0,248560.7651308325,61834052.0,736771.4023326981,14997447.0,135952.4929967296,215863284.0,1919012.5673160446
3068241300029200031,64311477.0,656041.0122506089,447774275.0,3251408.2331921905,23005936.0,226967.902832949,494824572.0,2957516.146501359
3068241300029200032,111479243.0,747090.8498251722,1219263017.0,6745350.303128582,22488461.0,284416.5403280814,787854562.0,3073714.3765531126
3068241300029200033,241171408.0,1862385.8370200933,2362706132.0,10402088.157814153,61976816.0,620577.5149804675,1933475949.0,7201155.905363098
3068241300029200035,217420956.0,1806615.5988016785,2421313795.0,14154182.38901673,86409402.0,853455.8480307842,2246779905.0,10939404.864574559
3068241300029200037,19227719.0,264907.2879855175,74802529.0,1076627.3627176997,11692233.0,119328.09070569053,149180270.0,1699667.3273459682
3068241300029200038,105184459.0,841269.5860480138,842475345.0,8378841.847223571,26534735.0,265286.6957792305,724720594.0,4804610.684621272
3068241300029200039,47493271.0,636391.1336353673,154559505.0,1974967.539335588,26739226.0,271263.77581577474,367689623.0,3701909.3341131434
3068241300029200042,191596400.0,1656136.7447769353,1954315364.0,10202521.528813234,55785530.0,561697.9743431673,1880033016.0,7255660.80817717
3068241300029200043,177032045.0,1632170.7818621444,1132433408.0,7254298.267012895,93603455.0,940750.2541120329,1301196619.0,7487396.206628848
3068241300029200045,140144674.0,963979.5301199871,1766932645.0,9132194.647910997,37630192.0,380776.66711856297,1315351980.0,5677374.00558807
3068241300029200046,69568725.0,731251.8772079183,316447341.0,2472678.0580725987,37568568.0,360499.53129794187,609528995.0,3821132.505140421
3068241300029200048,94756507.0,841996.9939589562,1026380488.0,6534763.689048795,30489692.0,303331.7429260367,987379335.0,4976011.137972827
3068241300029200051,245911732.0,2360350.3951628064,1735856803.0,11117213.410034047,87710516.0,866548.4590109541,1996399525.0,10992325.153759165
3068241300029200057,137254103.0,1050041.5129710953,1371561135.0,3991551.220459853,30594271.0,300032.7690856232,1005746173.0,3038914.8808335206
3068241300029200058,124083463.0,874913.2326057907,1448093540.0,7338266.82033219,27846487.0,279056.69734227983,995733249.0,3683086.011629569
3068241300029200061,106579498.0,960486.3195073262,685598944.0,6056374.842413974,44225997.0,452005.5212423091,874617606.0,4935908.246351757
3068241300029200066,170097652.0,1295870.3176030882,2017158458.0,9159203.191091001,38538352.0,382310.5312009276,1359712294.0,4947226.513579299
3068241300029200067,207169317.0,1215900.7429942286,2740292933.0,9673428.160203725,51855152.0,498687.6215033029,1897895477.0,5702803.240255163
3068241300029200069,187187255.0,1750528.8463828661,837387968.0,6086335.223088008,68946096.0,687061.5653852994,1261166973.0,6862975.457418747
3068241300029200071,114294436.0,1162338.3842728408,1092381052.0,12953203.756071975,47786800.0,494135.6178596575,1094073198.0,8424564.825737169
3068241300029200072,82745154.0,874114.3011916217,568180275.0,5233855.565429004,28525187.0,280755.8318226537,662077845.0,3925047.2445562584
3068241300029200073,203685731.0,1798021.9630414322,1235985343.0,9561627.744269373,71701505.0,708970.3691767668,1498997263.0,8158759.089915306
3068241300029200077,195925743.0,1988705.9286991986,1463860087.0,14741603.883096155,76957375.0,769571.9151675907,1626427091.0,11461059.809779493
3068241300029200078,139052687.0,1327201.380425796,885989407.0,7543404.324392453,45121239.0,441209.32028636866,1024621517.0,5545184.653257869
3068241300029200079,159165858.0,1498895.9202637933,1646518448.0,12552753.434626348,41550537.0,418403.8049554321,1313296930.0,7897016.146362251
3068241300029200080,61170578.0,425076.0653318073,785986745.0,2942516.926792097,14362546.0,137831.88372535913,551524113.0,2435484.8195225312
3068241300029200094,186956550.0,1679787.496778938,2386504801.0,15851150.710302902,55892462.0,543527.1870457338,1700877658.0,9456164.561058782
3068241300029200098,195820083.0,1451637.040571417,1492612751.0,93316466.16385077,38029541.0,467254.61523987714,1521588316.0,6806173.007346137
3068241300029200107,142993238.0,1755004.0094181525,837279335.0,13716847.96020204,68878696.0,700013.5357684882,1142583476.0,11582181.586893423
3068241300029200108,23166195.0,163332.8556013701,276191408.0,2236349.195762121,4996465.0,44903.893134313264,179559275.0,689278.4246286711
3068241300029200113,150762334.0,1535493.9057982168,1821894590.0,16426670.016086537,53912306.0,533788.4671049447,1323670484.0,8488741.141218422
3068241300029200115,127414393.0,1272718.7182405428,1211794662.0,13081967.354091601,57537940.0,572115.4434875201,1088757540.0,7334065.256920595
3068241300029200117,130794229.0,1033737.0058395851,984053358.0,62563891.69004055,23788829.0,282812.0108566653,937525218.0,3616532.649448023
3068241300029200122,112128519.0,883353.568417831,1428348431.0,9435542.454411129,28875574.0,286719.1128382539,949826914.0,4106842.305733821
3068241300029200132,19398589.0,288707.670676526,111223399.0,1112127.922036234,8418188.0,108935.46731472122,133624780.0,1277335.2912584068
3068241300029300004,278290795.0,2030207.9539295044,2989467048.0,38611789.48074652,61473331.0,578991.6665235288,2121155030.0,8839866.767806279
3068241300029300015,202394218.0,1448686.306487151,2314847345.0,56327608.65696831,38304119.0,499293.1293168219,1515412306.0,6070228.770539861
3068241300029300026,66389671.0,542124.4118612523,654804251.0,28216848.576196708,12375798.0,165163.78626157652,454071526.0,2644555.178835952
3068241300029300036,95035143.0,625874.0409747424,776093416.0,59837531.55367024,18071779.0,226151.65167805983,714527336.0,3092974.881879969
3068241300029300045,39243223.0,350523.7514731519,424050716.0,15668591.67946959,7164203.0,89290.4274206757,269301039.0,1884932.430305326
3068241300029300048,130935541.0,886632.6607409131,1537971873.0,32726947.55353783,29160490.0,288549.61385548423,1089137204.0,3944496.5030381754
3068241300029300050,28820727.0,276814.8759539297,285604226.0,14050738.90424671,4860070.0,59572.65529596708,192866018.0,593664.6500095032
3068241300029300052,103101715.0,573636.9992542941,1048728025.0,39647759.02816396,23984700.0,232744.11770056767,951291098.0,3491425.675402836
3068241300029300053,42772980.0,368420.9410638128,435149861.0,26239272.77333203,7815053.0,97136.36736216638,305246904.0,1607976.418938966
3068241300029300057,57534658.0,438535.25216666673,473125275.0,42321946.61079524,10541237.0,133437.2398556276,408364382.0,1575630.1545262116
3068241300029300059,30796172.0,235980.48298517917,335195400.0,18179083.940231115,5653846.0,69017.86156903022,219836822.0,790364.4923277608
3068241300029300062,173855838.0,1152608.2563949723,1757216074.0,98419625.74249963,40184273.0,397570.0283934048,1560460485.0,6170029.456219062
3068241300029300063,100141703.0,648482.6353206942,1207617459.0,61601831.07762,27325474.0,268993.9299447872,1062177160.0,4566079.434466462
3068241300029300075,61644446.0,429887.8146847129,909088381.0,6935875.008438459,15760045.0,157724.64223991643,556665634.0,2333541.2867061705
3068241300029300077,25236149.0,184362.87791560226,236797028.0,13936624.305931432,4876243.0,62152.620321268885,189691916.0,988542.9387247786
3068241300029300078,117416448.0,996078.7171803245,1236833032.0,53945408.47377802,25423791.0,321108.523345869,949379639.0,5395611.282187202
3068241300029300079,126382930.0,1783639.157981101,1704520729.0,26489860.38766638,30659110.0,403613.2629417059,1042492859.0,11244301.096748732
3068241300029300081,54596340.0,920341.1028622932,770030107.0,15154965.997118441,17466388.0,181457.91603889296,497334132.0,8055194.1351857595
3068241300030100002,78199230.0,1094995.1523368866,240313548.0,2147420.1158401384,37884164.0,478088.2786082997,596405348.0,3734052.791150243
3068241300030100003,47302647.0,610530.7056806608,142341196.0,1318024.4411836872,22107159.0,270063.2507983372,362986129.0,2059714.3819708016
3068241300030100004,35460906.0,448619.3499779534,147354807.0,1305667.0966271802,17390842.0,217100.70817194387,309638190.0,1754940.1871806881
3068241300030100005,32949559.0,373283.5647656488,199677303.0,2733442.7505890685,22724203.0,279982.42951060814,253392220.0,2141897.2528417786
3068241300030100008,52099679.0,543397.2185567938,509888670.0,4743392.940192566,36462356.0,442070.9243995464,425393824.0,2755523.819335059
3068241300030100009,39336317.0,423125.08757807204,523776961.0,3447938.300146532,23554455.0,284654.0837112947,400385381.0,2450705.3963145763
3068241300030100011,34546023.0,344325.1375348505,373400930.0,2516739.0027609426,21779854.0,262935.30904330336,298520364.0,1421745.5899454367
3068241300030100012,111759387.0,1430307.02793253,1005470509.0,6527103.781660479,55514228.0,678097.4524915024,1098577970.0,6313539.3279051855
3068241300030100013,33501880.0,356427.8052399205,254365849.0,2525414.5761656687,24849948.0,299222.7995834618,246127487.0,1664760.777755764
3068241300030100020,37794924.0,564127.7191063009,156513146.0,1682031.4195737543,18558868.0,231717.03639184296,305081856.0,3098278.9637485505
3068241300030100021,114846890.0,1309135.810562584,602952434.0,4418040.36474173,59956349.0,709880.6863006824,932704702.0,5115021.841604866
3068241300030100024,128969192.0,1445153.2645384269,845878940.0,6253094.517889648,57177104.0,694035.0371122251,1109847771.0,6723983.866586191
3068241300030100025,154152602.0,1618604.2828120887,995569013.0,7611262.24642152,63837902.0,769495.1823338744,1251759333.0,6834602.710943198
3068241300030100026,268606904.0,2753661.4008039087,2009315373.0,15849947.614700228,96501572.0,1165477.5794135665,2252872567.0,11982269.09592362
3068241300030100027,237122467.0,2189506.541287777,3417803268.0,20422895.400305964,106492591.0,1283493.9084517178,2243522851.0,11380738.050878245
3068241300030100029,105801256.0,1098853.0487762731,421884634.0,3540781.265624287,41291810.0,504518.19701071765,669428170.0,3167497.372569601
3068241300030100030,78804031.0,925606.8389721569,533114901.0,4931167.398475857,29064657.0,352713.2989717795,623976855.0,4238894.948293617
3068241300030100031,386096674.0,3763506.500881096,2585706061.0,17934359.95035883,124304581.0,1517702.7899633658,2810852601.0,14265415.269599104
3068241300030100032,145728441.0,1180839.6165408397,1854490312.0,10926744.421462966,48266758.0,583898.5139279658,1499888111.0,7370486.418934731
3068241300030100033,206243663.0,2300884.8856684067,1569170714.0,12959729.23001458,83214430.0,1024404.252126897,1582329705.0,10121462.675588494
3068241300030100034,178143116.0,1818216.2822234388,1945603306.0,10261049.433704492,49575998.0,610857.4586707947,1628838055.0,7105601.217226647
3068241300030100036,201526241.0,1834606.654992715,2696961670.0,23726298.223649226,58644728.0,721514.2948539665,1961669514.0,10976741.05504263
3068241300030100039,247968144.0,1930477.3508720647,2893638732.0,17355149.84146078,59382850.0,654740.3440665687,2193932959.0,10266601.647801632
3068241300030100041,78772610.0,627654.7042461113,628714281.0,3443136.629129812,23659106.0,255836.31674919504,593074090.0,2887758.557672978
3068241300030100042,158754558.0,852986.6692443538,1913265443.0,26376399.31272903,36327315.0,355215.5077043917,1466727362.0,3989507.66012259
3068241300030100043,180544994.0,1131376.8143688042,1872230137.0,60085899.80994793,39705159.0,380086.4954613728,1632433597.0,5866919.5077621555
3068241300030100044,125652575.0,1024100.8824116287,1095250286.0,6501629.6534064505,37259373.0,365000.989981891,1007993507.0,5445270.450233149
3068241300030100053,196834604.0,1235020.0812941205,1985520197.0,8634327.729981419,44764987.0,437838.4137149146,1665254917.0,5792572.83609556
3068241300030100054,114541400.0,631760.6304362351,1165472149.0,43632381.156782605,24566383.0,235711.71635775978,1083009266.0,3458818.4790169317
3068241300030100056,49775718.0,385206.0981927086,516218795.0,14938653.92859194,9458397.0,100730.9822577186,408509839.0,1141588.2071135524
3068241300030100057,126286466.0,877126.826502722,1422014050.0,6562142.759867395,27803529.0,329104.10580572346,1117287534.0,3943236.501398734
3068241300030100062,162445222.0,1192951.898186621,1760125121.0,10040943.438920125,35861123.0,446776.5355032465,1375195162.0,5668787.243959377
3068241300030100065,104363461.0,1011352.6560405849,1027154472.0,5016151.194393677,19197448.0,242061.15769628726,713096599.0,3217385.354169593
3068241300030100068,168552323.0,1209067.398230656,1905571354.0,19603496.3997735,36065160.0,448812.7432977572,1451720999.0,6336525.045036287
3068241300030100070,144077318.0,1143231.8719572674,1442951772.0,7981724.306067992,33828006.0,424648.5128531453,1171390298.0,5141383.319712417
3068241300030100071,187081644.0,1331327.7018640917,1156037003.0,94209908.00213362,35135197.0,440438.643842271,1591716304.0,6247439.344775684
3068241300030100072,268641318.0,1791057.0340081684,2892096596.0,69156827.01962006,54846456.0,684415.6486413439,2264983624.0,8128764.58109244
3068241300030100073,129155862.0,1009656.8424677703,1369755602.0,10425900.103417926,29388391.0,372687.9360827222,1068248428.0,5628190.032433011
3068241300030100080,105539290.0,1358156.4694942867,1141175792.0,11988089.851418016,27483706.0,356932.49555194477,867752241.0,9086037.26002125
3068241300030100082,318074135.0,2378862.559385184,1381915084.0,131828012.04349293,56416231.0,700337.7905255512,2514955068.0,10389118.368240949
3068241300030100083,79751383.0,689352.5486311428,717715112.0,4668440.67345996,14471394.0,175552.74681651738,518000363.0,2250589.573805816
3068241300030100085,256690870.0,2251982.213327746,2782053932.0,19488464.797338333,52605529.0,651732.5497876352,1919898265.0,9800283.036614437
3068241300030100090,90466899.0,950199.2016018433,722951748.0,5948627.634752875,24056808.0,292917.3784495077,583805328.0,4107227.2561562397
3068241300030100091,80095050.0,931664.759612727,766421224.0,6259036.091026283,25815299.0,316536.9222747271,566401838.0,4720716.855378029
3068241300030100092,200709078.0,1559215.282865892,2104225111.0,10243297.31508454,72117794.0,855739.0232755421,1511679631.0,7015641.901722237
3068241300030100094,231016919.0,1719538.044164435,2417355469.0,15962206.132662315,50299389.0,608593.0299538923,1666746335.0,7437833.935701546
3068241300030100097,210500845.0,1242358.459690758,1917316933.0,6984804.045894371,40599394.0,377548.1069136945,1402771831.0,4160069.4357586424
3068241300030100100,99635721.0,671166.0862819934,805383777.0,2988107.3891639845,20256886.0,243190.09826470193,609768397.0,2168630.659619723
3068241300030100102,62321662.0,1059268.6732724407,465168665.0,5101426.436420717,14486938.0,201102.69850573357,389770650.0,4916756.965894688
3068241300030200006,82966264.0,1004212.6750649431,923916479.0,5667878.023884289,42271800.0,519926.8253447181,909857887.0,5072732.003579135
3068241300030200009,218243165.0,2775657.6946807206,1285746300.0,11326517.748038715,110122328.0,1340131.6133023845,1887387380.0,12385774.830094103
3068241300030200010,101824599.0,1270047.029275243,888595151.0,8891108.588436477,55685393.0,673761.414931588,1008471401.0,7828662.063142088
3068241300030200011,20058431.0,206296.5390748438,210410387.0,1922520.97363179,11819395.0,139926.41786740627,186705427.0,1349720.149449673
3068241300030200012,39351740.0,434880.92876302835,441484141.0,3585353.721002413,23455875.0,281430.937712664,356750518.0,2176503.543194186
3068241300030200018,106784935.0,1120259.1956859254,680175626.0,6090866.395627279,38406889.0,461641.1691051263,822188369.0,4658262.509896114
3068241300030200025,79243899.0,726926.9926799925,763795773.0,7061004.924943965,21694069.0,272256.2622754679,663329014.0,5099638.690448562
3068241300030200027,32682703.0,346171.3298429707,200733922.0,1521563.621395036,12791824.0,154400.7440586089,223442984.0,1407520.0071966655
3068241300030200030,31129975.0,343982.401322704,215446434.0,3444809.044961579,11630592.0,138105.38070408595,226072589.0,2026315.2427833828
3068241300030200034,68857734.0,501868.82100113423,586559386.0,3594046.5865958347,26138194.0,255932.20295103785,535626663.0,2612167.0288396
3068241300030200041,124147623.0,812374.1166418388,1188676060.0,5343617.445193082,29118905.0,268968.4538820422,1020137271.0,3502604.957056187
3068241300030200046,378740889.0,3045525.0652861884,3348546857.0,20516858.197361507,104088276.0,1221605.464175741,3036661208.0,14990468.024563445
3068241300030200050,128778834.0,1008447.19739198,1236984351.0,36859612.783512235,23915929.0,254705.79635284925,956311161.0,3053417.8014839212
3068241300030200058,126838412.0,877691.1921540136,1619226956.0,11204832.32658071,27575075.0,350133.45332997746,1184184566.0,5639330.733227834
3068241300030200059,112322747.0,775112.011948159,1042984196.0,99479579.21050522,23097330.0,295769.0837946126,1050152672.0,5508567.181664584
3068241300030200065,100221694.0,1145624.687430888,913358048.0,9294816.607643528,27503535.0,354869.2904100185,804102916.0,7381134.573358586
3068241300030200066,145102544.0,892599.797605814,1455658950.0,53376970.64232107,27232552.0,339865.17100163194,1134802244.0,4417785.01124128
3068241300030200069,213766655.0,1650783.8753073718,2420174872.0,22167920.41243716,44679002.0,567734.124700946,1744201538.0,7355994.874172297
3068241300030200070,120473569.0,856134.9651244275,1041201354.0,62593911.18498535,22237180.0,282729.7466699245,933386098.0,4210079.448759674
3068241300030200078,70916364.0,598326.9392504959,795697283.0,4181744.818783353,15231170.0,192237.4287652124,554632808.0,2191470.533789191
3068241300030200079,190773623.0,1751595.0885341181,2082039821.0,15588739.383345962,49357351.0,617713.2706465189,1490885226.0,9308111.459615547
3068241300030200086,81445341.0,826277.2474937924,743230761.0,7009507.229689303,23288073.0,287545.4062004357,565089996.0,4280636.303651333
3068241300030200089,180266807.0,1380413.9481454305,2245964669.0,12079075.0908564,42878467.0,525104.864166382,1472205128.0,7043337.631419989
3068241300030200091,199239548.0,1562100.8110366724,1994450899.0,10913383.219234822,48824126.0,499345.5413327799,1405285473.0,7282088.593954912
3068241300030200094,61351720.0,620127.5913223877,510443913.0,4992579.838160629,15635663.0,201214.37966783735,389888369.0,2999548.044794902
3068241300030200096,210330578.0,1359449.5364915559,2435574781.0,65066971.584765226,48341532.0,540457.4537643014,1838708819.0,7420891.690243222
3068241300030200098,185438841.0,1867827.2374085553,2050764104.0,14870794.370434526,65239683.0,787626.6799687528,1489976320.0,9446124.897531414
3068241300030200099,218765551.0,1581362.6325557972,2569848821.0,43963130.59503857,43864664.0,528333.6720444073,1707006578.0,5380508.350169155
3068241300030200101,134655092.0,1392971.5033771498,1598317227.0,11270507.625713397,44881416.0,526974.5928473851,1140947642.0,6834230.589516243
3068241300030200102,98422006.0,792051.6345185312,1181470217.0,6880416.620946359,28585921.0,347465.0838973898,799906686.0,4213812.11808742
3068241300030200104,117722514.0,1083439.834435094,855472750.0,4993731.6154336175,26987364.0,345204.8380034887,757547859.0,4065675.947004216
3068241300030200106,81627837.0,542671.4864980438,935524122.0,10263455.538313286,15934733.0,189154.4882537762,589168133.0,2511951.5178795373
3068241300030200107,105048961.0,680129.4788780172,1061235501.0,54541450.12833576,20229727.0,240921.22913453853,822736514.0,2896026.2698443346
3068241300030300002,38466176.0,537298.57775988,262653473.0,2499391.061785711,20393286.0,260164.80682679638,375544366.0,2863944.6571613164
3068241300030300028,122651728.0,764792.8513122139,1457795127.0,22565418.64676045,28708744.0,308583.84922207636,1118979767.0,3478795.2512118137
3068241300030300033,94938668.0,622553.2810459695,1018445357.0,5395779.316257339,22020415.0,210868.49994706432,817416375.0,3185425.5436455915
3068241300030300036,143685661.0,803130.3162968669,1566482632.0,41260839.335136496,31020418.0,278365.9624343455,1316126543.0,3796676.7223016727
3068241300030300037,121042309.0,687154.0378076667,1288694864.0,27183790.500334483,24426783.0,229464.13344051168,1022737703.0,3187455.069554354
3068241300030300041,186825705.0,1158035.468318364,1970418791.0,93462906.08369733,40657360.0,476550.0269955719,1825487631.0,7086656.484068588
3068241300030300042,79941773.0,675808.6805974451,685985137.0,42773058.39127545,14346072.0,175085.2959836071,643811152.0,1848303.4620238591
3068241300030300043,146375030.0,1115392.6739771473,1152773218.0,61586505.52670316,28525350.0,353450.3229616022,1309111947.0,4702464.575655222
3068241300030300049,19997819.0,152929.4907126576,185727189.0,15948345.226715969,3702234.0,50490.14297134749,159732127.0,676045.5441104734
3068241300030300050,120296522.0,840502.8695892894,1018288997.0,90251518.4082592,23738459.0,303779.71198114764,1078386715.0,5189776.68874945
3068241300030300076,48125826.0,351546.98729349696,547758582.0,10217534.018324861,9859447.0,124847.2258826516,374274729.0,1525045.2579973529
3068241300031100040,4500226.0,58475.871093658665,3986582.0,71001.70199160303,4415526.0,62053.00458294766,19404209.0,183175.19471872615
3068241300031100043,21908407.0,315652.72122469,16264614.0,351575.1032145462,21345213.0,330113.4499675431,92781891.0,1064255.3833368751
3068241300031100051,4480074.0,70585.83054983869,3480108.0,68317.52860470045,4325212.0,71711.89896115343,20030518.0,201776.08637673946
3068241300031100060,10977997.0,175943.3709563024,9847979.0,197838.7490148518,10551257.0,183036.37208558945,46691486.0,509274.9759798446
3068241300031100062,17520494.0,210750.54840945976,14304268.0,234508.58044696125,17221625.0,221103.9647489458,73779501.0,690533.7414549168
3068241300031100067,8778366.0,124673.28581164936,6578458.0,137511.54870236543,8454346.0,128633.50877255092,37091296.0,416152.3142820911
3068241300031100075,61208543.0,752249.360678946,53260951.0,876924.2914998233,59937077.0,786478.0789616634,259480948.0,2351612.1943967687
3068241300031100079,19468761.0,300350.8646387362,15446085.0,297661.2702589461,18693766.0,308338.19566850195,82683733.0,818233.759327306
3068241300031100082,49502567.0,695285.8614816992,39806046.0,802185.7656739788,47937242.0,720494.697300095,220796468.0,2326260.4011494042
3068241300031100083,9653381.0,141024.01595216032,8177823.0,176365.1608768766,9322419.0,144410.40845354114,41401255.0,468143.7829590172
3068241300031100088,11143505.0,157675.28618763914,10131261.0,212476.625863272,10679977.0,160253.61901653046,47739143.0,531296.6303425255
3068241300031100096,19023065.0,292873.32853237627,15598493.0,302767.88335493073,18133038.0,304563.8951460178,80551866.0,821231.1745058979
3068241300031100100,50038115.0,785682.7770846996,41382309.0,810000.8062345225,48118405.0,818651.372995703,208730638.0,2181908.1914649312
3068241300031100110,63758821.0,750731.1222884113,53232745.0,858453.614920851,62310493.0,780589.185165792,269153384.0,2425737.9312916994
3068241300031100113,20461633.0,270683.0118193364,17347482.0,299685.4402003592,19705971.0,277184.0838057373,84884197.0,778076.1012600502
3068241300031100114,7974919.0,113051.45791879446,7100762.0,149195.88275459316,7605121.0,113562.47642199128,34498736.0,380710.1584521228
3068241300031100118,45204062.0,677095.7208326857,31516729.0,609056.0185613071,43125698.0,708928.7731573466,189981113.0,1853772.0584348822
3068241300031100126,28378119.0,454385.63498447114,24069088.0,476476.531749423,27460584.0,469132.17111622955,117560626.0,1257147.7981641428
3068241300031100131,7877236.0,106496.93400964147,6453384.0,111269.74507515444,7573612.0,109719.19557370344,32218372.0,298056.4439091768
3068241300031100137,29360831.0,361763.1963457483,24691557.0,407146.9107694512,28625946.0,376921.8256393965,121989094.0,1079450.204708142
3068241300031100162,20377343.0,270068.73379814916,16949959.0,278327.08735096076,19745773.0,277909.34062769427,84177219.0,745316.466443504
3068241300031100163,13063237.0,204178.9520824564,11156204.0,222067.31680166145,12324570.0,212118.69518973722,52864807.0,554585.0169277515
3068241300031100172,5822235.0,65072.26333534743,4592837.0,69677.49613134716,5708132.0,66459.18094929706,24572672.0,210372.41338763695
3068241300031100176,34353997.0,435817.9272998914,27284129.0,450522.84517210664,33406857.0,447782.03522764065,143308132.0,1277273.2709461306
3068241300031100177,40533852.0,574939.4884886653,31702688.0,667264.8088707564,39412331.0,593309.7305994134,173745607.0,1931186.1128745745
3068241300031100188,23333875.0,357337.43566910503,18301207.0,349733.5750995208,22378019.0,364049.54583182134,100108210.0,970227.3981175296
3068241300031100190,22560372.0,256831.40945704613,17318205.0,263998.4904544831,22139993.0,269215.0541160103,94846092.0,797179.8360945964
3068241300031100196,5619508.0,89516.21877830925,4343264.0,87093.07386150488,5367086.0,92326.0884020381,23263345.0,251020.35641531704
3068241300031100219,27552175.0,336722.20431132,20194113.0,316338.6029271392,26720862.0,349746.0296464107,112867927.0,962576.0971868668
3068241300031100227,26272868.0,303099.7913039596,18750262.0,294839.13591227395,25504288.0,308719.57479808986,108155756.0,935805.4599009302
3068241300031100232,7348887.0,110003.44893764131,5289902.0,100253.43321836118,7028899.0,115092.93276555251,30713311.0,303494.64561641484
3068241300031100247,6358808.0,96053.09589988971,4513754.0,81260.13867212934,6057100.0,99334.34898979809,25332285.0,238616.41712029514
3068241300031100250,8842290.0,138546.20008641196,6075384.0,117314.56731806484,8668319.0,145867.39870232382,38317478.0,391608.22310269775
3068241300031100251,20301494.0,236939.0081661252,14574469.0,219269.77429235674,19625972.0,243608.49052791574,82622848.0,683669.8887930259
3068241300031100253,12771000.0,183665.32200649666,9752491.0,216328.58382418647,12299451.0,182413.7021715815,57452446.0,678923.8877039071
3068241300031100268,12876379.0,175690.30858973385,9326759.0,154564.68258154247,12370945.0,180374.26512934876,51374492.0,448910.8414509349
3068241300031100280,28191465.0,455216.3581766464,21261458.0,424033.4466111252,27004437.0,469520.4192325319,110579830.0,1191177.7346578473
3068241300031100311,5506242.0,82043.32199310341,3850765.0,84969.0400864981,5516934.0,86552.1243455538,24802366.0,281620.7975618857
3068241300031100319,131563560.0,1350819.6932331063,119456944.0,1521757.6409911322,128782813.0,1402228.3131003554,559166261.0,3994525.759547375
3068241300031100325,9394082.0,140064.64358975808,7134559.0,128826.98873501652,9245552.0,145330.05050080508,38784977.0,351905.8926001742
3068241300031100350,42380999.0,491989.53930458566,34524125.0,615819.3207312706,42299596.0,512125.68629863067,189193533.0,1782237.7113218198
3068241300031100351,31418924.0,378363.26754248544,27703267.0,487732.9692437907,30061652.0,381372.8562169321,134488485.0,1303668.0980816924
3068241300031100353,13599173.0,162634.354017075,12140932.0,216583.1072900566,13134911.0,169522.21895291333,60355715.0,596871.8586027283
3068241300031100357,16766877.0,199920.0732876746,22290582.0,327933.3806464816,16426810.0,207159.7919204958,74228033.0,587267.2770628966
3068241300031100359,20323674.0,274056.5259840081,16592223.0,351228.3935152431,20003039.0,284582.6538521101,91607195.0,1020281.0944174498
3068241300031100361,19799399.0,260607.17510257062,16515037.0,351384.2939010063,19002696.0,265916.2056620314,90484427.0,1024132.8615127804
3068241300031100371,15062227.0,201786.35406781788,10888249.0,226098.43265872163,14411471.0,201556.6884060214,70001632.0,766418.8225148217
3068241300031100374,49673900.0,653866.4978800537,43465182.0,907280.6211271482,48277782.0,687285.638681304,225601536.0,2595617.298164689
3068241300031100378,22721284.0,287124.1180248258,22315940.0,324525.30204629566,21998902.0,297038.91902962304,99605316.0,822046.2312261354
3068241300031100379,6581130.0,86269.8056349959,5039221.0,104191.01077925008,6398073.0,89065.27993043406,30003753.0,330843.86548195657
3068241300031100381,10420718.0,134291.75319334242,17493638.0,227048.56387750682,10172727.0,139893.4722012254,47112556.0,399563.5009467952
3068241300031100391,40639200.0,527290.0388141116,28604406.0,571839.9266255855,39154578.0,536728.023213164,190656179.0,1983082.9420917262
3068241300031100397,18098918.0,183659.38240050152,18359806.0,265339.7057647827,17793729.0,195208.99417980757,81664816.0,693639.0014360048
3068241300031100400,80772370.0,1068114.8838552462,76895355.0,1589998.5695643034,77487611.0,1095404.7666808895,369123758.0,4304222.43981894
3068241300031100411,15095359.0,189233.45808070543,15333744.0,217815.74242223435,14588678.0,189719.66681763623,66596242.0,537940.2925049202
3068241300031100415,5589172.0,68515.69353093601,5601324.0,105312.30074938187,5443588.0,72029.29259973556,24881236.0,266994.38980686804
3068241300031100416,22279436.0,274552.6978761263,25097923.0,364769.3768528291,21537981.0,280641.04600761837,99836099.0,803502.3315371203
3068241300031100417,4034027.0,40050.82347680879,4348879.0,65561.63866648807,3933157.0,41874.37006128284,17959051.0,152770.9829414769
3068241300031100427,11087794.0,133044.99379206492,12925338.0,189609.01361445116,10737689.0,137924.01040254912,50658927.0,388094.8624397173
3068241300031100428,43188399.0,531048.0620443001,34660175.0,708846.8614248133,42682630.0,570907.0193064621,203880761.0,2090695.05349295
3068241300031100450,25122353.0,291840.83293219906,40174801.0,488698.2570549082,23330902.0,297056.7503860698,117917626.0,838834.0313344683
3068241300031100452,27358230.0,344152.0947908263,22656654.0,445850.6449485221,26214669.0,348597.6581302512,119655233.0,1213918.410476951
3068241300031100463,5308738.0,66046.3006978956,4423760.0,87789.54130694162,5037648.0,66152.14782880085,23184914.0,238057.82785609315
3068241300031100475,7228394.0,84749.34595547736,10519505.0,132922.26389592575,6750393.0,86028.05482964362,33345955.0,249751.9120327192
3068241300031100492,20350473.0,247063.90525870098,24097400.0,335486.34823846444,19288724.0,250819.74338491124,94122917.0,720227.231930665
3068241300031200047,27052261.0,319984.43680037657,21595618.0,340776.8337179437,26631773.0,337097.2932101002,114111348.0,1033731.3785237912
3068241300031200049,20506339.0,328507.8242622071,18381759.0,364120.18976784963,19775311.0,342634.2295976073,88563110.0,977644.4861380021
3068241300031200061,10064753.0,156788.82162300608,7546543.0,141583.03952472168,9749620.0,159263.62759040564,44106520.0,441315.277064651
3068241300031200064,6767768.0,105024.37997736903,5381631.0,104618.1477081158,6519886.0,108990.88835615884,29434358.0,290896.99831847224
3068241300031200070,19406660.0,322566.70105403406,17645817.0,339858.52529772045,19312258.0,329971.3417077708,89153532.0,947478.6277116486
3068241300031200073,5351152.0,77975.24590449562,4655443.0,100900.29965487022,5199824.0,80112.4178910169,22777146.0,261046.90660683584
3068241300031200076,3261720.0,46347.47783227544,2449620.0,51561.08982367772,3183011.0,49481.59870829141,13928026.0,157893.1246463689
3068241300031200093,13221693.0,196413.80539030474,11686092.0,251905.15795699635,13014782.0,204079.1348431409,57074966.0,678728.9414341024
3068241300031200095,8666655.0,129472.36371464422,7867170.0,168794.75507302608,8547832.0,135536.197655642,37339177.0,442946.12517732306
3068241300031200096,16865820.0,197299.42673543387,14465709.0,225611.26212100947,16499562.0,205378.47518960078,71144380.0,609515.8722178809
3068241300031200107,4517446.0,72513.37823994247,3862173.0,75177.25637903431,4441119.0,75520.95395111176,20684984.0,209091.61060322833
3068241300031200108,8787791.0,139064.78798015474,7575094.0,146713.21304053956,8688956.0,145676.36589525512,40479871.0,419811.1491577935
3068241300031200118,22995683.0,355775.20465290506,21346387.0,412470.85607167,22252661.0,366669.1468085705,104101981.0,1014229.5924628852
3068241300031200122,16530250.0,259618.09369104903,14507568.0,288466.3777423723,15720909.0,267274.3156200055,70652668.0,758910.7009652923
3068241300031200129,18417232.0,274136.6353752753,13683295.0,268624.4600946967,17937240.0,293582.15902826865,81565180.0,766042.3477120597
3068241300031200139,15882112.0,238723.55575605857,13059125.0,252013.50524693297,15331825.0,249301.8311984618,70358057.0,669580.5312925186
3068241300031200156,4788250.0,72517.0925532744,3366251.0,64590.90441091777,4588753.0,75828.39896615267,20987732.0,198256.22421171042
3068241300031200164,12287219.0,187331.4065026951,11015389.0,210411.9715503349,11792062.0,194481.59168440037,54576545.0,526928.3429915506
3068241300031200178,3107627.0,50418.18980254156,2692087.0,53518.08654856234,3077674.0,51153.937650303844,14013778.0,148729.02465793304
3068241300031200184,14715877.0,221466.839887405,13116492.0,250544.13361387045,14112552.0,230102.5570063535,63982119.0,604090.3969025302
3068241300031200190,13033552.0,196603.90105702257,11481614.0,215484.07497848078,12589810.0,204219.8046511555,57764606.0,548893.4349651344
3068241300031200194,21321920.0,337337.07945672615,18448669.0,363088.79051629273,20465953.0,349572.4707582397,87794089.0,954158.7271487615
3068241300031200200,15962338.0,232805.1267744687,11245411.0,212537.69929716503,15171019.0,247242.44478120768,68492002.0,661068.3555186305
3068241300031200203,13967768.0,224400.88294151652,11628382.0,229384.2844762782,13832443.0,231547.72275910006,61995494.0,645148.6021520977
3068241300031200208,3801293.0,60973.28458320968,3231924.0,62717.07059653376,3744144.0,60619.402792565656,16960813.0,164416.14367525306
3068241300031200209,4086861.0,65409.64015888939,3492940.0,68147.55134005685,4064035.0,67312.04079357962,17978307.0,187071.95580717077
3068241300031200213,26729887.0,370503.4962076324,23158260.0,479028.072083792,25811559.0,383412.6487861652,115560467.0,1243678.4062437983
3068241300031200221,8113237.0,128927.84597821598,7073217.0,137916.77187886994,8114357.0,134129.59775393168,35939068.0,371814.3692584828
3068241300031200241,41313616.0,483721.5085613219,33802485.0,535532.2454464363,40443516.0,503730.22271544015,172717661.0,1521615.9514862655
3068241300031200274,10319830.0,154519.97658403666,7808770.0,150873.4880517915,9964038.0,161727.45069532428,42823758.0,412498.7937802607
3068241300031200285,43739653.0,647707.9567152535,34183748.0,643126.9044088437,41783050.0,671412.3848216432,191349173.0,1802307.261752206
3068241300031200294,8930139.0,135502.18944447176,6901866.0,135857.04118045798,8546553.0,139987.2665241145,38745898.0,375730.33311274985
3068241300031200301,14146556.0,196662.6902892058,12007450.0,250299.3205451831,13597188.0,201194.41029571815,60872589.0,659367.1323175104
3068241300031200308,48378749.0,606427.7449884294,36279263.0,587461.2310293323,47170658.0,627654.9055342788,200375936.0,1766800.9223388885
3068241300031200333,28050187.0,318855.5528695601,20554306.0,315125.983580622,27437826.0,331472.9790839566,116007873.0,986994.9985398913
3068241300031200340,4989285.0,78502.98312525367,3305536.0,64737.345290445635,4729251.0,81306.30421389142,20267180.0,216088.6129149922
3068241300031200350,3195860.0,51009.518546706866,2221362.0,42660.672521843546,3075778.0,53953.11441713193,13259774.0,140221.92065988606
3068241300031200367,9545527.0,147212.52703119122,6506542.0,121723.0060626801,9158869.0,156441.34219815914,39108626.0,403567.1912505556
3068241300031200382,19852926.0,282874.3514438916,15207789.0,314324.4412054745,19195866.0,290574.8685146527,87815741.0,947799.4327085272
3068241300031200386,11502528.0,159376.62308653374,8630403.0,179093.49848951402,11071623.0,164458.49414566293,49724111.0,528943.1646066699
3068241300031200393,9359610.0,146979.6924144104,6649695.0,131296.81227271588,8988391.0,152935.52714055043,37721810.0,407589.620762778
3068241300031200400,12917457.0,164491.8552840847,9370509.0,152279.1929660548,12425579.0,169626.28231013822,52109399.0,445408.44259212405
3068241300031200411,14446505.0,223899.78315607944,11010406.0,213042.11367847433,13837611.0,232856.66718826952,60161944.0,617465.9863756952
3068241300031200429,20245739.0,329665.2328326267,14936967.0,291957.5050346132,19976108.0,336030.83859325165,89199673.0,922031.6300754213
3068241300031200451,39207892.0,615177.8974757832,30893446.0,592863.0871045334,37726933.0,636211.3194735751,161260557.0,1611152.107981637
3068241300031200465,27231010.0,351648.7589193074,22059248.0,358656.77137231687,26913606.0,370788.16370656574,114147368.0,970063.7115481568
3068241300031200478,5257619.0,77783.22329055145,3529286.0,73087.79908377054,5109134.0,78670.90271707877,22937173.0,252192.9536890493
3068241300031200482,19665884.0,254698.01038821915,16612646.0,282313.2543525564,19291062.0,263078.73561631027,81883670.0,678719.5135890145
3068241300031200522,9838112.0,116268.10371641109,7578447.0,118486.81036058225,9793034.0,121974.46226485992,43212285.0,379469.5937952591
3068241300031200542,9693400.0,97751.28822386605,11101519.0,142496.11536412858,9525408.0,100957.02835283776,42694304.0,304708.7752728589
3068241300031200552,63964021.0,668519.6445240828,67262242.0,952782.4967991313,63183718.0,704115.0116375177,286382898.0,2404524.9107132303
3068241300031200556,25095891.0,334365.98706638266,22104192.0,465971.48222770303,24604987.0,352297.6885280054,114678868.0,1336495.3596338786
3068241300031200561,5854045.0,81619.98565318056,4553711.0,93995.45512685768,5888882.0,85076.12696985058,26781920.0,306919.0693780626
3068241300031200571,13757656.0,162082.49410678598,12145194.0,163469.562641783,13284358.0,166620.3227290763,59268765.0,437895.1917274813
3068241300031200573,17526786.0,207057.8466742806,25427810.0,318751.28302976384,17162554.0,216040.39058937764,77817478.0,599837.4962120189
3068241300031200577,18414387.0,240440.6579329069,15237346.0,311808.05504508526,17886406.0,253885.3208847852,84317527.0,946654.9616543561
3068241300031200585,32220544.0,377980.9204981186,43735097.0,549943.6337124004,31854612.0,394708.6532148789,145482475.0,1162002.829805736
3068241300031200588,31778390.0,415638.60025848896,23530357.0,489112.04577208747,30818293.0,428423.1330480579,150097935.0,1655554.4106557895
3068241300031200592,13188410.0,167722.1342839537,12158719.0,173860.6806275514,12711612.0,169381.51650711542,57753481.0,472705.2930259487
3068241300031200610,17107516.0,213283.06231806346,16872084.0,243906.002568852,16636998.0,221042.51865129298,76087448.0,620911.132079521
3068241300031200620,15865767.0,179157.780893916,16074056.0,267279.9354436691,15502229.0,189793.63297136582,71537999.0,700791.1740483236
3068241300031200653,16932073.0,202789.89349453713,19305195.0,274488.21290067263,16399107.0,210272.33457109213,77110344.0,586594.7760304201
3068241300031200657,5723333.0,75984.79226045744,5340393.0,100328.73683623907,5509160.0,74836.4722924079,24463051.0,252599.60108263494
3068241300031200658,10269824.0,128462.10468503766,8211728.0,165178.766685315,10160723.0,134989.867608269,47394614.0,484572.1308932727
3068241300031200662,6980041.0,88629.31950995742,6608682.0,134759.56351224016,6864461.0,93625.00301367026,32695607.0,349075.2797969043
3068241300031200664,15054463.0,189737.90746809042,12882966.0,260967.84250928444,14655598.0,200706.8556437787,65472125.0,700451.7209169444
3068241300031200666,10079602.0,124698.80718710486,8131423.0,166184.27103528412,9821206.0,130889.33806445706,45822384.0,465358.376198582
3068241300031200667,11246692.0,145050.24428891504,10174200.0,209120.8238385841,11116403.0,150550.48361904372,52724431.0,556251.2730333422
3068241300031200684,17337953.0,222444.82158856254,14833268.0,305719.63830872736,16954904.0,232872.3776244395,74343542.0,812578.4133554383
3068241300031200685,7991090.0,99856.45882098732,9320386.0,131625.06124249185,7803444.0,104366.29079652099,36225633.0,291495.6940880975
3068241300031200686,18536293.0,241307.91607594307,15948350.0,327341.8487222631,18417218.0,250177.7335732816,83590365.0,917633.9712693144
3068241300031200689,3813146.0,45453.44439281566,5422083.0,69045.36625849828,3639494.0,46593.28748001518,17613157.0,132913.3724865213
3068241300031200704,14964793.0,178683.64662071285,13182955.0,259125.29839864688,14394728.0,186783.08536614547,67274924.0,663808.4935757851
3068241300031200708,13139318.0,150507.50262221292,11890270.0,211133.22401938113,12619070.0,154746.74999069003,55047586.0,529974.6922041564
3068241300031200709,20573174.0,260087.01992781824,17444511.0,355321.7162884826,19928376.0,266577.2530135399,90960049.0,945324.2071060298
3068241300031200710,7456290.0,96748.88963526813,6186656.0,126448.01460708654,7374707.0,100276.6502043584,33475714.0,366818.71830787166
3068241300031200714,11077747.0,135286.95621493552,7816390.0,155110.77645145493,10885125.0,143497.09309608815,48113491.0,481042.99788737297
3068241300031200744,3658654.0,47666.75786049919,2540633.0,52848.29356556501,3537662.0,46386.4866848545,16193722.0,171921.27776221966
3068241300031200747,3827841.0,46496.11102558776,3312210.0,65748.57441475612,3726463.0,49621.14788463711,17345715.0,176406.8603614593
3068241300031200749,5488827.0,69127.74485589133,3843681.0,74992.37094426829,5333828.0,71310.89537823187,23551461.0,253715.86138910387
3068241300031200751,17614336.0,229905.8464690493,12050987.0,244762.81127438095,17160070.0,233402.3156252773,77085248.0,855901.6001511444
3068241300031200758,12915592.0,161997.87195551136,8975015.0,179702.39851342817,12504836.0,171516.00004152185,55444738.0,577955.5697370578
3068241300031200763,7576617.0,91508.92830126283,9724531.0,124594.06942552542,7141639.0,92239.3846446055,35478136.0,265114.3349717452
3068241300031300001,14817987.0,229837.69533590373,10488026.0,208344.29489001012,14023476.0,239339.46956627507,59958022.0,631549.8923276013
3068241300031300005,5247546.0,59584.78890638532,10038642.0,116178.72195179979,4720137.0,60219.03696496751,25164071.0,175594.07493479
3068241300032100044,38863037.0,462279.45439302945,26836739.0,504609.2051285342,37469029.0,480016.0209481595,159417561.0,1577526.4098507576
3068241300032100048,70718272.0,843971.3481350455,53866469.0,1009567.581760016,68573670.0,877688.1220751355,296093380.0,2920056.6064893845
3068241300032100052,39443292.0,403013.1132083691,35271328.0,544096.0264638076,38284321.0,416784.31656532426,167690356.0,1370015.4331781578
3068241300032100054,12485117.0,157345.64814373603,11245156.0,214628.98987851886,12433260.0,164268.51727445296,53323954.0,573782.7756013217
3068241300032100061,20494542.0,246631.79908203904,16376924.0,309479.8785184163,19462211.0,249227.9828735086,82431012.0,832818.2130960312
3068241300032100065,38265709.0,461720.2320916529,30592206.0,584868.9955066689,36101273.0,474732.1740539952,152395564.0,1566450.5229306587
3068241300032100066,3935914.0,48057.20019300006,3044889.0,56625.55731889259,3715001.0,48551.27580481647,15858291.0,161642.7573726719
3068241300032100077,38599248.0,447229.9454725215,27433909.0,509318.805765123,36795045.0,463363.8994296527,158324116.0,1508642.9226687239
3068241300032100081,16844697.0,183164.19875107217,11641028.0,191812.2585434047,16069682.0,188120.9511187828,72899707.0,572149.5424703341
3068241300032100087,19876754.0,228337.7680207409,14615785.0,264705.84879670717,19204586.0,242821.10157349912,82800441.0,779989.8390049358
3068241300032100092,21011153.0,244740.11268155213,15460236.0,297187.1095890311,20102423.0,258316.54957917816,84208355.0,819405.2763450274
3068241300032100094,7845394.0,79027.43525664811,6711764.0,92942.82293529976,7618903.0,82029.8997153541,33323706.0,247845.61225539487
3068241300032100096,57876021.0,666713.8435283954,39587019.0,747753.6497501838,55080862.0,698954.3787117046,234403530.0,2252139.0330239544
3068241300032100102,78405379.0,854385.5115180556,63011347.0,1035798.0886973051,75226358.0,904318.1823427593,323753274.0,2707265.7356006633
3068241300032100104,38728130.0,460166.7069147304,31230007.0,589340.0773842634,36985598.0,479558.51788813394,154859400.0,1538311.5974947382
3068241300032100114,35150660.0,377832.1513731142,29452431.0,487199.1122687326,33631247.0,387637.309811175,141702154.0,1258993.315337063
3068241300032100119,15764624.0,164451.71845584837,13323929.0,205379.7121447045,15036566.0,166460.20925754,63964236.0,502640.39668630523
3068241300032100125,15356594.0,144738.89070588007,12767965.0,175940.70065807633,14735023.0,150352.18197227738,62257356.0,460052.1698346907
3068241300032100127,58960918.0,619832.0794800768,40920216.0,647615.655424919,55792153.0,646680.9760726762,249078970.0,1942516.3994856714
3068241300032100128,43575924.0,490419.07346180466,30699405.0,561582.5144022139,41546325.0,518541.263680535,180038098.0,1659715.819527261
3068241300032100136,6438730.0,69343.24963808547,4621967.0,74718.91654424758,6164369.0,72271.07362061564,26525969.0,214206.40279254166
3068241300032100139,24736401.0,222418.00341589932,19207506.0,257690.9974240004,24028327.0,223555.2877155907,101615278.0,747643.0276096322
3068241300032100140,24055522.0,274457.90108260926,19949102.0,360689.2584174758,22831670.0,281888.1929854071,101261074.0,917043.8018480141
3068241300032100142,25187834.0,265466.1767960488,17731593.0,279279.6410692388,24231143.0,279559.28057530744,107594326.0,853740.7124126724
3068241300032100144,8903310.0,102789.59730768933,6813162.0,127140.04411728279,8408682.0,107907.24378081007,35809839.0,341049.5549663935
3068241300032100145,14626098.0,169718.5915423593,12032590.0,219651.03887826198,13995528.0,174715.17388090718,61176117.0,579092.2161214527
3068241300032100152,26341438.0,300038.83400687366,20318912.0,364311.23419554497,25388416.0,315704.40489568026,112264950.0,1027696.7498310361
3068241300032100153,12920504.0,136637.20463743756,9378872.0,147899.74734953648,12444444.0,143519.13907162612,56096780.0,439243.44030667003
3068241300032100155,23656475.0,273052.5070067989,16815912.0,313415.08634240227,22544490.0,288634.9668564585,96949442.0,942240.485267368
3068241300032100162,11200315.0,130599.9961754603,9163353.0,167906.98695097837,10813617.0,134120.05723986262,47492713.0,441050.55643469765
3068241300032100164,22624496.0,275357.30046409124,15073468.0,280964.0940622479,21940672.0,282301.8569718996,93742760.0,949629.2581599839
3068241300032100181,166645287.0,2030207.4550914175,126720563.0,2282855.985623883,161206035.0,2053708.379290262,744258767.0,7136162.0723459665
3068241300032100185,17305525.0,189115.6207194136,12134164.0,199183.4266966754,16169655.0,190525.0695547592,70762194.0,578500.9751673654
3068241300032100187,34994275.0,408660.77069326804,25224512.0,468932.3510712178,33206864.0,425427.18435107445,145665625.0,1393192.6766673168
3068241300032100193,22915645.0,265565.80210294994,17215029.0,316967.5097285292,22293120.0,280927.2426619655,97320795.0,905027.8207743798
3068241300032100197,59103987.0,682520.194883186,41683331.0,702564.5465079352,55601581.0,680202.9416396408,234325214.0,2114288.2379479758
3068241300032100199,44862494.0,435048.9039520702,32294183.0,462186.9404852332,43639089.0,441667.7429782088,184819225.0,1468961.4810148794
3068241300032100204,53773751.0,494735.2685203174,38517233.0,518428.3905898668,51675059.0,507261.58639190014,217260546.0,1602164.4768241849
3068241300032100208,58161170.0,726886.0627082556,42733104.0,814403.0823632978,57404107.0,752829.3820591641,248183640.0,2530519.600942983
3068241300032100209,18741384.0,206136.139127278,14226622.0,235588.37126256851,17873669.0,213103.5874609974,77364030.0,654531.4712449273
3068241300032100214,20395052.0,237095.35249394085,14954071.0,250010.3392901119,19431993.0,241945.8019941409,80038793.0,717244.8084817162
3068241300032100218,12633037.0,139223.7770547798,8627562.0,141573.13847033985,12152187.0,143808.95197211902,52238059.0,441202.45982529694
3068241300032100225,10048856.0,117360.98126989958,7460857.0,123393.46378949372,9721279.0,124021.46402465858,39708662.0,349034.3670567736
3068241300032100232,3984585.0,45438.190982285625,3073935.0,53280.21125619688,3826987.0,48303.17332508326,15753988.0,136177.26693153783
3068241300032100238,20327346.0,247460.18100423162,14416986.0,267487.6682969218,19672084.0,257731.1316818484,83396273.0,802278.6683454919
3068241300032100244,20803092.0,212612.92972579843,16694989.0,240150.3115594226,20208504.0,215312.06523604665,85279852.0,624478.1130748282
3068241300032100245,11211748.0,129343.6444214184,8762680.0,145198.30881600344,10618986.0,129576.66646089705,45323778.0,378854.37610083487
3068241300032100253,15844268.0,172228.73903539003,13172659.0,207693.58415615442,15054815.0,178442.70548597514,64331537.0,509202.78279196395
3068241300032100256,26132361.0,254117.28990139344,20925792.0,300049.555105918,24877741.0,262898.73993394757,107284553.0,749454.7529838119
3068241300032100257,8621951.0,96145.16630150963,6150945.0,105228.96849415565,8350114.0,99532.15821514203,35145385.0,301628.63167365827
3068241300032100259,17108264.0,182386.3452857572,11896914.0,186520.647251458,16774232.0,188999.12696111744,71895354.0,605395.7057241017
3068241300032100265,68637337.0,589350.1257217992,56877451.0,719897.371507876,67611438.0,607251.9240661369,288063653.0,1750227.9446176232
3068241300032100272,3595742.0,34549.17669193597,3114518.0,43628.85206488393,3422282.0,35255.720301293695,14492126.0,106307.02389856613
3068241300032100276,34061573.0,357504.10651542654,29766423.0,441265.8750616385,32701998.0,373362.99894166616,138237155.0,1087406.6048422419
3068241300032100279,53709527.0,565385.7244220816,46535276.0,655855.4892282467,50514464.0,548819.413258624,225838817.0,1762502.8239168185
3068241300032100280,5646623.0,49041.81807555911,4178255.0,52532.962751161765,5426464.0,50253.40682133536,23972030.0,153718.1194093843
3068241300032100284,15722653.0,203396.66755644025,13470293.0,229752.15730243258,14950015.0,202991.3324585239,65550765.0,618581.442411418
3068241300032100291,45113475.0,639684.815694096,36602930.0,716292.3758175198,44238128.0,662937.6681643014,186415422.0,1960123.413922852
3068241300032100292,50063200.0,686553.8065405757,38173268.0,721328.9883492773,49765285.0,722734.5029393707,206797176.0,2093676.9228770824
3068241300032100293,3648191.0,55071.089791797844,2676325.0,52004.95894159168,3498523.0,54071.03415229576,14878871.0,150166.51531602626
3068241300032100294,29104784.0,400527.4105224758,21098399.0,420522.97065225017,28269743.0,421025.3399767383,120347680.0,1234447.7052281953
3068241300032100299,8673198.0,105803.9139169548,7511900.0,135426.70357065334,8407653.0,112201.99402154698,38767158.0,374485.174994082
3068241300032100311,24828531.0,342466.9955458036,18753162.0,367899.07345210976,23958554.0,356003.8566950329,102115501.0,1068326.7742907954
3068241300032100314,3702837.0,43562.15219925438,2640939.0,46150.03078628164,3572507.0,45603.580257936235,16188863.0,146703.42762711717
3068241300032100322,20257870.0,289895.67912462883,17534604.0,350780.6897341918,19534229.0,299023.1144527186,84801016.0,928735.1122496361
3068241300032100328,32479041.0,332484.194497995,26510707.0,394903.56589300546,31810791.0,347714.8577009492,142787857.0,1186433.2708276762
3068241300032100338,35825184.0,418796.3453095939,27015282.0,466462.93545107666,34390383.0,434161.8043615132,159517908.0,1400996.6249852541
3068241300032100342,35147400.0,482797.0196228096,30017800.0,585897.3093748925,33763346.0,501628.1087394593,147010714.0,1571207.6338981043
3068241300032100347,113612675.0,1444841.6751633596,97798192.0,1710769.7796827178,104282411.0,1338665.3320096296,480359857.0,4500686.800560003
3068241300032100352,37843951.0,537362.0570510842,33874650.0,675483.6495206936,37516845.0,557561.133129845,162620587.0,1761102.1553516497
3068241300032100360,16407231.0,191232.03807746986,12986293.0,227082.06703047332,15714912.0,195784.75362555275,72595043.0,634968.419291292
3068241300032100361,27614790.0,282258.5802004566,24814218.0,386880.25835461484,27205995.0,297649.2529369735,122678104.0,1071356.5118007942
3068241300032100362,23850238.0,272999.7202366619,18379598.0,313480.0248482714,22996742.0,285093.0172091742,106380494.0,913195.3890554132
3068241300032100363,26056238.0,272978.75782077166,23169839.0,338593.7704558727,25641996.0,283730.73680720123,111673993.0,911699.5452280429
3068241300032100366,28026581.0,324946.1442210647,24138926.0,418721.7002222099,26547234.0,340206.08354324783,120016620.0,1117671.2685245066
3068241300032100373,35004748.0,472713.947601962,28872804.0,558714.279370689,33505641.0,493117.46760641143,143143260.0,1500492.3210074205
3068241300032100375,10188853.0,134559.64087623,7252577.0,140543.42776254614,9874444.0,141571.72971796713,43830594.0,437998.74671441823
3068241300032100379,32938558.0,370836.7447606572,29369571.0,456130.63731815753,32443802.0,384340.35683618305,142424676.0,1242596.5190029643
3068241300032100381,40518372.0,556642.8221064387,38788496.0,744098.9163321801,39196675.0,565406.1664761945,177115618.0,1815816.4336097369
3068241300032100387,24650802.0,339981.31705922325,20062637.0,384773.0491638811,23305719.0,336303.05327254103,98829822.0,1006753.5891509064
3068241300032100388,51186967.0,579489.2299889408,36238546.0,614334.2472907726,49132141.0,598320.6890147716,226791716.0,1900765.738692787
3068241300032100389,7331999.0,99010.79167055964,6245640.0,125401.39432947194,7064264.0,104445.47779667641,30590030.0,334362.0616870071
3068241300032100391,3443397.0,48497.575938812086,2959649.0,63849.74428035306,3279302.0,48649.503621738935,14535856.0,193449.89639468826
3068241300032100417,28936629.0,289800.38572942186,24849995.0,372694.9351999757,28501870.0,297425.10104806395,124453199.0,1024653.034390334
3068241300032100420,30115630.0,325471.47531270445,26274733.0,413998.0748492348,29071771.0,334237.0983661298,125658048.0,1054416.8055046133
3068241300032100427,28093305.0,371219.7673294558,22631611.0,437906.4927360044,26980812.0,392679.13690893946,114607198.0,1166582.6715219747
3068241300032100429,25571517.0,284363.6912719407,21167289.0,327808.8557182308,25377591.0,294722.7209735826,109385587.0,938255.6125968873
3068241300032100430,25760816.0,280183.47605176957,18759461.0,311304.0845918765,24624568.0,296167.3820556188,112205278.0,913390.9478170042
3068241300032100437,50534302.0,645174.3499349151,42234870.0,774128.6772569657,48329570.0,671643.0196587702,218400851.0,2035805.0695319267
3068241300032100446,24313812.0,247053.80486467853,19722576.0,306011.7838488909,24055261.0,254759.88270211965,106217818.0,911170.8823153735
3068241300032100447,46155850.0,440636.59214099054,36790916.0,500950.0474016627,44945072.0,448435.836476435,196134961.0,1442615.5677655058
3068241300032100450,9893532.0,128334.80004734074,7751054.0,143439.2982741168,9399422.0,132681.096546665,42810445.0,397376.5507108467
3068241300032100454,27074363.0,357277.6189307596,22908878.0,432816.08573744487,25932878.0,365289.7155503972,115857890.0,1130778.8845025
3068241300032100457,12344517.0,157506.17496795428,9648970.0,181365.1960111732,11743047.0,163090.16961741884,53610189.0,515172.52199537214
3068241300032100459,11075420.0,124896.21380816838,8744572.0,157303.20960007142,10960293.0,128467.90643182318,49999164.0,503222.09776625386
3068241300032100460,26806439.0,345706.33157362713,20708732.0,382627.3360981961,25581036.0,358670.3640383724,115511873.0,1094424.9263606998
3068241300032100463,22084669.0,293602.97403387295,16453992.0,319461.65300060884,21020456.0,305516.71465385973,90949075.0,906351.6365613432
3068241300032100465,26248174.0,259371.1323974554,19892145.0,297574.7151474393,25747630.0,270255.1159028263,112828256.0,927278.289797868
3068241300032100466,16477308.0,214153.17427472104,14101864.0,256536.8464128654,15770640.0,218451.6570238726,72335604.0,678604.3990693102
3068241300032100468,6649143.0,90561.4838587062,4797092.0,91324.77559731333,6483251.0,92938.3637712435,28523292.0,297507.09332556004
3068241300032100469,26140829.0,337963.63750675507,19431893.0,359960.77729279763,25051483.0,355524.0041857904,111185538.0,1078443.3607460659
3068241300032100481,23089936.0,302770.1679760827,17177163.0,320158.7750744069,22139296.0,312439.64130931493,98623519.0,966052.2596700428
3068241300032100489,6795078.0,89810.54200590192,4507714.0,85175.37235710272,6433369.0,91431.77523450885,28024887.0,282310.07904704974
3068241300032100490,5525886.0,75597.09468087979,3747497.0,70752.5971104996,5184954.0,73800.00551091554,24112990.0,247264.0020989409
3068241300032200006,8232186.0,98686.78011789673,7245074.0,127063.18566376332,7926695.0,99732.68582951443,34013721.0,327526.5550240695
3068241300032200024,4115294.0,51035.09330998304,3297279.0,62718.29881649827,4030064.0,52289.819730704454,17051263.0,178258.3984336907
3068241300032200054,17307802.0,209336.91324161217,13168524.0,249217.49921182037,16554498.0,216518.25139411463,70773312.0,717005.3096250264
3068241300032200059,39283501.0,478673.07701780356,33410533.0,646137.0438921908,37656760.0,498293.6115641766,161196214.0,1671781.0627918725
3068241300032200061,23064343.0,263782.6563691728,18323453.0,303122.42330848315,21845064.0,265826.078580552,98830078.0,857354.6334716629
3068241300032200063,3390842.0,29450.028216341332,2865318.0,37520.86538525898,3350518.0,31912.82325424115,14289332.0,98624.70720933174
3068241300032200080,15844596.0,183355.1290691429,11603974.0,218620.1749031438,15147226.0,191354.79434743355,64955195.0,637019.2857501056
3068241300032200081,20258755.0,241134.61467201065,14369618.0,272088.1630079051,19388687.0,248522.2862412466,83340730.0,811831.8856512472
3068241300032200082,48214989.0,541600.0024976096,39607552.0,651565.9678224659,46650603.0,565754.6486375113,207214642.0,1744956.2459470497
3068241300032200084,21812048.0,259481.73268765892,17309183.0,326485.4962991967,20753715.0,271217.78940099076,87889551.0,879599.0586814001
3068241300032200085,21824260.0,257727.75134363383,14624621.0,274897.75334978255,21158102.0,264900.82656205934,90266195.0,880454.7398266833
3068241300032200089,65046400.0,758308.5752777905,48720268.0,905210.9860788119,63642329.0,806203.8931585497,275443338.0,2632117.453270732
3068241300032200097,12230831.0,142320.47763838785,8179870.0,150332.61792854618,11894970.0,150307.20095820207,50988716.0,488966.46140562545
3068241300032200098,34224267.0,394833.82237137225,24651750.0,457704.69128825504,33081599.0,411573.8074366127,142731852.0,1357898.944658696
3068241300032200103,17777996.0,207845.6077970703,14632942.0,273786.72257196385,17226206.0,218395.8909372844,75044135.0,727226.8354889087
3068241300032200104,26582070.0,294545.5277170699,21620804.0,348877.6162571053,25613960.0,306170.6014318228,111119568.0,941607.3878695623
3068241300032200106,15158540.0,162234.75556471327,10904992.0,174112.08176887844,14539816.0,171052.4193701056,65844082.0,525827.162312582
3068241300032200113,27719735.0,331710.77557222935,25906519.0,489178.76064018486,26696061.0,338218.86567666207,117166840.0,1153720.380118622
3068241300032200122,26611110.0,245366.61648619763,22523721.0,315781.2762022395,26263416.0,256443.5137811058,111746872.0,861312.6696958307
3068241300032200126,49973723.0,537468.7115122773,34959322.0,578035.6707049432,47911765.0,561371.9720344153,212017563.0,1715416.1510082446
3068241300032200128,23457781.0,285000.522174109,20671249.0,384928.36293664644,22820687.0,290996.3642050552,98853721.0,984437.0638862557
3068241300032200129,8735861.0,106999.28647422172,7205941.0,140822.4828319278,8309226.0,110585.62559148791,34621524.0,370341.8280947938
3068241300032200142,50515911.0,575067.8419432384,39331374.0,720226.1039567799,48290014.0,597359.6158255748,211162888.0,1937575.7542940765
3068241300032200147,19788853.0,170458.0525920733,16608002.0,218860.29569169172,19373547.0,177931.5928095898,81744088.0,595077.7153903359
3068241300032200150,16126215.0,191893.91245205424,13442865.0,247876.880638916,15623971.0,198199.91206044133,66919638.0,647600.9960245171
3068241300032200151,32450990.0,353683.11577573913,22435025.0,367640.9231469068,30872570.0,366417.3035374316,133777893.0,1085355.9467138327
3068241300032200153,42569579.0,496209.2792382445,29881195.0,555783.0777746324,41043168.0,522677.08388903335,171651407.0,1636182.0190706206
3068241300032200165,24581566.0,280336.4933923952,19763670.0,360489.56976270094,23341244.0,286354.97367502877,103378431.0,936583.125329623
3068241300032200179,25653878.0,291474.3989855937,19171716.0,350379.8417935589,24416276.0,305622.30469151464,108648797.0,1002982.0010667357
3068241300032200181,18522522.0,199960.1758370763,13155080.0,214436.40426651135,17888281.0,208503.66043788943,78400644.0,631473.8385939584
3068241300032200192,20770792.0,240889.70787083273,17731898.0,326596.6425187476,19776330.0,246095.21687652502,87812309.0,809630.840820543
3068241300032200195,12949339.0,137305.40663913108,9688675.0,156319.28236797912,12581248.0,146490.77904054552,56322412.0,458567.25870215363
3068241300032200196,32992808.0,349295.6894879136,24375620.0,394443.08480159467,32060824.0,375327.547002879,143769972.0,1160872.630140757
3068241300032200199,23263448.0,274870.3710386732,17890051.0,328705.6740690265,22549799.0,282374.06117415923,97877372.0,925978.3057174776
3068241300032200203,27621613.0,243446.38070758304,19364043.0,251902.5053759198,26634556.0,246791.2428941977,110426361.0,795428.044698118
3068241300032200204,19029916.0,201842.97826089425,13456206.0,185374.4223834266,18301595.0,205399.675108498,77248340.0,591928.2299943975
3068241300032200206,34428123.0,396826.68952194526,25054211.0,455612.2649076639,33537366.0,421980.52882274,145810780.0,1382498.9632505798
3068241300032200207,54901126.0,583442.4750544642,40325341.0,642315.6768445835,53163662.0,619452.463771091,236306835.0,1904735.6002958827
3068241300032200211,3730283.0,44296.43881805713,2572725.0,47536.21794302713,3508287.0,44200.30504322155,15243233.0,145770.88043652938
3068241300032200213,15146063.0,162329.97233997553,10858206.0,175564.35654633312,14505859.0,170172.3632285041,63860758.0,524745.6710309461
3068241300032200214,25499313.0,293801.89875270287,17731923.0,325573.1191053745,24097269.0,306903.4061167018,105214488.0,1003126.1939569223
3068241300032200230,63630291.0,667062.597662448,45588390.0,694261.5971600951,60832650.0,687325.3786056888,261075443.0,2188831.2511827033
3068241300032200236,10486820.0,124614.10108114064,7797364.0,141414.9404600515,10041766.0,126589.56645323671,44386603.0,422692.7197109803
3068241300032200239,14392905.0,160005.3344737822,10159498.0,167625.732234423,13690252.0,164255.1209466581,59711044.0,512672.2333785283
3068241300032200244,15497260.0,164301.38997103454,10866564.0,169577.10095889686,14673900.0,166917.61152930598,61777585.0,509064.7222534613
3068241300032200278,17342387.0,208836.1923982961,13776093.0,256348.9358531798,16622531.0,214953.5550766094,72471966.0,695758.0882513248
3068241300032200280,15965964.0,188979.20448977532,12530150.0,230376.20517172432,15363834.0,198094.20255364702,66540255.0,644158.735815309
3068241300032200286,24636519.0,302629.7711873106,17010737.0,316220.6676200104,24159469.0,312600.77333790023,103378125.0,1001167.5884053871
3068241300032200287,32600004.0,399372.2471144464,23489722.0,434945.28164898575,32021097.0,413313.30969568656,136277222.0,1315661.3474389645
3068241300032200288,16225782.0,197768.8995781569,11114473.0,204177.77464014344,15952324.0,205499.19776069195,68463094.0,663411.9463197797
3068241300032200292,53159537.0,629210.8184844188,41678465.0,777794.7109036495,50640037.0,647558.8055693194,219578190.0,2058002.892951382
3068241300032200293,9581238.0,111164.30486064166,7834910.0,133451.34621232672,9258336.0,116328.8793712915,38588215.0,351521.5184693958
3068241300032200296,8606051.0,101000.80858712226,7068091.0,116405.736309109,8259638.0,104424.98383114746,34180018.0,295810.66313413315
3068241300032200297,32482661.0,350274.30568087724,25090577.0,397718.8635253433,30792288.0,356668.7448868865,131358828.0,1037362.2186633808
3068241300032200302,159212774.0,1309145.8073731298,133019592.0,1554652.5287273908,155150104.0,1351740.8548542836,685153233.0,4273368.347955166
3068241300032200315,12996323.0,114210.7120257902,11322971.0,144678.63256655209,12408569.0,116701.37708675681,53662085.0,350905.0196518923
3068241300032200333,29992595.0,317528.3111002065,22435375.0,328100.9497076574,28815787.0,325774.4107374783,129916165.0,990021.0188172441
3068241300032200340,19758115.0,211024.09660749533,15926830.0,233726.4160118874,19141867.0,219272.07538538016,88146027.0,706312.3654527083
3068241300032200341,13064867.0,144941.7067273949,11352023.0,170546.79422888908,12500447.0,148494.97299715757,58415592.0,496739.6830389127
3068241300032200344,4157313.0,60592.160939873254,3503838.0,62126.2198855108,3948778.0,60536.14884308169,17054894.0,166452.85936008213
3068241300032200346,66806232.0,759270.9021543486,53623007.0,880524.3719290618,65941375.0,794191.2693592282,287930042.0,2491605.69626224
3068241300032200347,25355385.0,356105.5131254942,16849014.0,328421.3054766825,24581597.0,366385.0908511187,104059925.0,1059561.8503091969
3068241300032200348,48690079.0,495829.85185180296,39861589.0,598257.1115238701,47972966.0,515661.0666082121,211891825.0,1676453.1437914907
3068241300032200349,87758746.0,1235039.8632269748,74012261.0,1470909.523486037,84769749.0,1287625.3748613936,367132996.0,3960283.587164391
3068241300032200350,51719732.0,719625.771212613,38607927.0,746774.5059600665,50331622.0,750871.3453357448,215815180.0,2243894.5270615392
3068241300032200354,30328597.0,364293.17948406993,26611178.0,480763.1007783533,28914380.0,375528.7942838246,135262925.0,1286268.5179971303
3068241300032200365,25542334.0,356849.5470406827,20256092.0,399363.1525042309,24989707.0,369849.58028510405,106012392.0,1117046.3166913802
3068241300032200368,16468106.0,197527.59316743206,13676432.0,238950.2532709196,15771899.0,203823.07571205468,74664917.0,697242.847976848
3068241300032200369,27171636.0,280444.23574205756,22409896.0,343394.3854657002,26486037.0,293077.46584774257,118902079.0,987320.9782279106
3068241300032200389,46609041.0,643189.3846929956,34280912.0,666009.9034975484,45583486.0,669052.9124587744,197461155.0,2038846.86768696
3068241300032200393,39330555.0,477115.7558259504,31844081.0,526012.5190253202,38876279.0,491141.95055064815,166186964.0,1523053.948294706
3068241300032200395,30260440.0,361618.2023384464,26665021.0,460158.1670687314,29519728.0,377838.43520297215,129057136.0,1173414.5488753656
3068241300032200397,38146874.0,397522.47888789675,34006043.0,526472.0299830248,37237361.0,414443.0247479599,167423194.0,1387632.4779355344
3068241300032200401,3337841.0,45757.75559809375,2864598.0,54430.99541612493,3205745.0,48361.493479830744,13917185.0,149587.45593303884
3068241300032200433,32744406.0,441266.87044311734,26638647.0,510175.1472720469,31285899.0,458818.48657289636,134292177.0,1381148.8050801773
3068241300032200438,63473751.0,733369.0769230733,52676359.0,910451.7755150412,60492896.0,758652.9191506709,275475399.0,2423605.480098636
3068241300032200448,16770378.0,220944.76538724027,13092291.0,242197.13996787273,16358167.0,233595.29045987458,74401842.0,703478.8039100253
3068241300032200452,12819482.0,174348.01596403297,11904973.0,222568.80494997508,12406908.0,178887.19447958778,55653401.0,561007.0177277817
3068241300032200454,34208095.0,449552.8642309516,27880763.0,538641.8645926719,33080438.0,465716.0540774279,152241931.0,1473654.4295981384
3068241300032200457,34779373.0,456326.8818605877,26146509.0,499528.2761255096,33841813.0,479293.72791695123,149023189.0,1447857.9220015253
3068241300032200466,13458123.0,153871.2629041068,10659858.0,185781.0538319974,12900673.0,159141.35599631508,58083761.0,499064.4116041921
3068241300032200467,13000212.0,171119.13286565745,9480344.0,181899.86155423784,12396647.0,177530.90253111414,54257212.0,529296.192535346
3068241300032200470,31481087.0,364981.90482391376,26663925.0,457616.8231717349,30752727.0,385554.80814029556,136217156.0,1209026.4564369034
3068241300032200476,21844479.0,284601.06626095873,15683741.0,297022.6989544451,21118184.0,296204.9861869673,93183551.0,901894.0040243459
3068241300032200477,16076673.0,209073.35343255167,11197881.0,205300.09049472396,15406613.0,216542.21104296928,67742554.0,658551.6821722342
3068241300032200481,31305553.0,309491.3076282306,27279775.0,409576.12860878574,30776146.0,322947.34112211305,136116299.0,1123707.4893288459
3068241300032200486,46829150.0,624256.1836189926,38548838.0,738110.9143282224,44865569.0,656981.8718914653,190107309.0,1963799.588101036
3068241300032200487,43459889.0,570310.8289452798,30557166.0,584183.8276625713,41839387.0,595429.1677637566,180915077.0,1769974.9165366588
3068241300032200488,47243854.0,628927.9833366015,37690891.0,723214.4125430685,45436259.0,653880.4977458005,192543238.0,1950353.9906523838
3068241300032200494,29048447.0,326296.9320617015,20754957.0,358205.0213623867,27866087.0,339006.0135541777,126348159.0,1071838.1984478554
3068241300032200496,41558974.0,461902.57153828396,36219736.0,592532.5993978935,40467202.0,486140.016704563,176421075.0,1523051.8282479474
3068241300032200506,51154937.0,660938.3861560175,44421654.0,829539.6320493536,49333592.0,689870.6297242694,221738969.0,2086005.530022029
3068241300032200517,25666834.0,240574.233612914,21456118.0,296225.62150847795,25140589.0,250095.33983066786,108652159.0,787737.0345445316
3068241300032200519,5505249.0,57973.436302174734,4596343.0,75633.81418596877,5453299.0,60986.94880652479,24084848.0,213956.67507831083
3068241300032200521,21793357.0,301617.2626561145,17693483.0,340250.1955948249,21605597.0,310903.47956003784,94469101.0,999347.1211427554
3068241300032200523,3352624.0,45313.43999082515,2599566.0,48597.137337030894,3206896.0,46400.33382774827,13642844.0,139538.42380937273
3068241300032200530,28476858.0,317747.37780024006,20837272.0,355246.230174365,27305868.0,331726.37065085024,119824017.0,1016857.5455339486
3068241300032200533,6211529.0,80090.56535575341,4665782.0,87783.1643450926,5964090.0,85799.1100035818,25506992.0,251868.20290278987
3068241300032200538,32662788.0,426138.19578122185,28725002.0,532038.1564825743,31012983.0,432741.6398588456,139305368.0,1325758.691826871
3068241300032200544,30129690.0,338721.96280600893,22949192.0,390626.1032979586,29118623.0,360254.60292118235,127317225.0,1102950.8415938388
3068241300032200577,4145402.0,48272.576283422335,2871316.0,49199.62121198338,3930371.0,48945.91802185367,17384029.0,155253.5275532863
3068241300033100023,89357752.0,1329191.514989791,70789615.0,1203754.22629066,88838603.0,1371376.8059530146,406027734.0,3716912.867780383
3068241300033100028,13207976.0,158469.8635284176,10476084.0,179034.3111005678,13290618.0,164905.08421172347,60220874.0,564310.2044609188
3068241300033100031,3416126.0,39429.06321104942,3063023.0,52852.26054142103,3419329.0,41678.11488581044,15799315.0,138387.58627620505
3068241300033100033,86251067.0,1479742.065507211,73057977.0,1519344.553342399,85816752.0,1508976.7318593021,399365051.0,5342133.326951362
3068241300033100035,42405392.0,937078.0554892041,36192040.0,863032.9986147876,42237630.0,955457.2440888067,198705523.0,3276652.401400052
3068241300033100040,88209785.0,1648475.23415704,69646881.0,1543567.5830166636,87172736.0,1665052.8669637167,405682882.0,6012600.59602389
3068241300033100052,6855167.0,79631.5861675885,4508835.0,72584.85663378608,6654705.0,80860.75670698092,29152926.0,252703.60678867978
3068241300033100054,49324120.0,1177331.924700577,35876205.0,865859.0318341599,48677064.0,1186654.0107271108,224402569.0,3710128.954113795
3068241300033100065,22100003.0,501830.34498138167,16162712.0,368817.94325709424,21671548.0,503540.3060315761,100897146.0,1513326.4296992444
3068241300033100072,40601302.0,1185886.2486762684,31326375.0,611334.3513467212,40145314.0,1194340.0167161631,188096451.0,2185663.8256898513
3068241300033100074,218874143.0,3997786.221205312,164623781.0,3629125.418615679,216662992.0,4059986.2110866522,994953048.0,15104920.014572598
3068241300033100079,26137119.0,338228.48117763497,18264641.0,328549.7920197579,26473939.0,359115.6544258426,120011305.0,1169548.8196168127
3068241300033100081,6030529.0,75464.76322564235,4505394.0,81484.18542099978,6046389.0,79768.09973121819,27478838.0,266083.08389420976
3068241300033100082,54427135.0,682687.2036365225,40763849.0,738656.0121320917,54181149.0,709645.0707160018,250754309.0,2428875.897124999
3068241300033100086,35673563.0,439563.6967638931,29390072.0,541953.4022478261,35485532.0,459021.79104389524,164905782.0,1576217.340594069
3068241300033100094,49280342.0,597733.8978478163,41316850.0,727508.3636951033,49382363.0,627195.6425837119,228003908.0,2149450.8034245684
3068241300033100099,52529230.0,634363.522116084,40847177.0,713156.3677240966,51915338.0,652342.7792877605,237179172.0,2203665.1958223144
3068241300033200029,60158933.0,703488.6117555907,51003078.0,870924.6040064703,60016426.0,731985.0770158697,276539761.0,2521831.553925369
3068241300033200037,16425093.0,426682.1538916011,13420842.0,256131.23241121558,16421589.0,433722.4873933794,78117933.0,881628.6089396646
3068241300033200038,89283981.0,1709884.2263113155,72873149.0,1651273.2649420449,88574865.0,1737937.572167853,414911100.0,6256018.989019171
3068241300033200041,27103350.0,568925.2850067408,21498839.0,397025.3273726525,26576949.0,569544.3649879672,125616613.0,1335173.5546720393
3068241300033200042,137888068.0,2701732.2753233486,100760895.0,2366921.5638660365,135735272.0,2734079.6689883657,616031716.0,9827801.030749165
3068241300033200045,7798495.0,90650.94063329171,5289688.0,86142.8876222813,7626791.0,90789.17265080931,33057298.0,287904.79213470983
3068241300033200046,3178788.0,35941.8331857157,2111768.0,34978.20082296937,3095933.0,37047.69102162567,13476091.0,118139.61669766245
3068241300033200047,4289033.0,48930.900484680795,2885831.0,48027.93309529386,4180930.0,49639.57434056117,18146087.0,159196.3732507064
3068241300033200048,17093951.0,195542.68767148032,11266296.0,181560.8092789545,16567723.0,199702.3341965532,72148328.0,637685.9301236521
3068241300033200049,25971840.0,299649.70255121397,17820078.0,299081.043269348,25487049.0,302291.1934971854,111354958.0,996610.508552826
3068241300033200050,91499102.0,1883299.9337557778,67087156.0,1584589.2417479346,90017601.0,1889538.940352169,416807975.0,6735994.949728693
3068241300033200051,88511317.0,1599838.6705423081,66162025.0,1450547.2003043026,87072199.0,1613371.40939976,403414416.0,5728141.679235681
3068241300033200055,11999483.0,139280.02665109938,8319576.0,140835.46762679194,11847825.0,144406.82236285438,52223325.0,463643.338398224
3068241300033200056,82644473.0,1595817.197206355,58854629.0,1383548.9827971496,81595832.0,1610207.1409621288,374373081.0,5793552.366278709
3068241300033200058,59713734.0,1066382.4495768745,43220255.0,856579.0887953914,59059548.0,1085732.9821410421,267689749.0,3198086.8953235983
3068241300033200069,22734511.0,285184.45891867584,16444951.0,298519.34141714335,22663084.0,297375.81891714834,104061279.0,1000672.871920841
3068241300033200083,46796464.0,583492.2626805113,37497024.0,675042.5005720751,46510941.0,603812.4673017003,216433877.0,2096175.52791635
3068241300033200085,42749969.0,523266.0880543733,35959176.0,656678.1935846724,42704994.0,546860.7257233813,200629823.0,1927376.899274327
3068241300033200089,48147914.0,589500.388871959,39923581.0,719469.7544359033,48110977.0,613647.2631380507,224614312.0,2157190.6516074794
3068241300033200090,26646679.0,322233.59489530383,22814682.0,402708.1293993856,26541125.0,338686.17118834157,123341987.0,1169365.6631473128
3068241300033200092,23347085.0,283714.300396626,19291266.0,341734.63362665806,23327110.0,295095.2040197165,107016505.0,993382.7220166955
3068241300033200094,45546935.0,549467.7402027637,35539937.0,618660.6913371474,45263052.0,572098.7049155255,207871233.0,1952237.7718396035
3068241300036100042,30045611.0,261246.7678484316,31723156.0,482312.5612961641,28685896.0,264493.15643975383,138534872.0,1229910.3410905618
3068241300036100045,3299617.0,37617.46874756693,2814860.0,44746.79966972523,3218549.0,40051.90814318411,14991682.0,124913.57896055418
3068241300036100051,55476132.0,604408.1780120764,57972584.0,1118575.2186340047,53114198.0,619384.116688057,250455850.0,2584746.2379489094
3068241300036200043,41760443.0,498316.8819377824,43137703.0,774338.7601486391,39312316.0,512224.74565482105,188445158.0,1949536.0990456687
3068241300036200063,17820118.0,213313.23773544104,12916718.0,221053.59576624978,17341546.0,220308.76029323143,81514297.0,742053.3013032443
3068241300037100002,58474335.0,651075.7705407068,49899374.0,825042.8798717489,55429630.0,627573.1105151031,253495197.0,2500515.6925676204
3068241300037100003,32514764.0,256898.99078559532,29541880.0,396314.6512561806,31201460.0,256345.1599352564,145388089.0,994120.3564471535
3068241300037100019,15037689.0,164038.89914184881,26414684.0,342099.22582486045,12609672.0,155530.6154037145,95460750.0,662341.7959321
3068241300037100021,79639156.0,905353.8173505575,119098175.0,1564296.663152839,60654615.0,728763.2438726173,547553620.0,4082374.4210018
3068241300037100035,23757292.0,276570.6186348367,18974207.0,301163.2326697316,22521423.0,283423.27463032794,108723915.0,990201.5134495127
3068241300037100037,165751204.0,2016487.3250257177,205679726.0,2841996.8649444534,112365300.0,1368100.765649141,1196248236.0,9276072.53399717
3068241300037100044,6896749.0,74738.15384315327,12732366.0,156263.362857305,5384607.0,66082.61492715591,45444602.0,324318.29048392584
3068241300037100047,29356464.0,331151.1749163506,48239479.0,673392.6121816012,24159925.0,297205.02683129185,178546336.0,1333415.6724958192
3068241300037100049,32387736.0,374060.7260815768,26925595.0,431164.8181573696,31145770.0,389651.8322082618,156413687.0,1300383.767901242
3068241300037100051,121694941.0,1525527.7802956048,121066526.0,1759471.962124631,79088827.0,972669.6727621784,796435671.0,6045926.4278001245
3068241300037100052,50460309.0,579542.7385438934,48702329.0,701465.7171284644,49253764.0,601967.6609580204,228599280.0,1770259.7295775304
3068241300037100056,10299873.0,142831.78710803177,21001560.0,333674.66607554635,9040542.0,130913.09986591789,62159234.0,534910.7586933228
3068241300037200044,8087841.0,91243.825954068,7717164.0,133241.30932640441,7701138.0,93770.31916864988,37811470.0,345948.79709240154
3068241300037200055,19919047.0,181298.24596709217,17113919.0,267783.9115007066,19508343.0,184643.63943729573,95933846.0,823066.7615846874
3068241300037200068,7343697.0,83805.01389417844,6001293.0,107908.04553080682,7054310.0,85352.07826762124,34284745.0,340259.11695547437
3068241300037200069,10933012.0,124742.01641154512,8674572.0,148999.37168703615,10627022.0,129914.28749170373,50471315.0,454148.9290409561
3068241300037200071,12764241.0,145805.45943821972,10383065.0,181881.65223472012,12301122.0,151184.23311297514,57530536.0,517300.33331125753
3068241300037200097,43034620.0,507529.9124495088,34108806.0,590572.5118755279,41771481.0,522851.59155691013,191136125.0,1739009.0186944376
3068241300037200107,23798941.0,230460.573420198,19465078.0,316789.30779664137,23191393.0,243789.26593316102,105788627.0,901861.5383128795
3068241300037200110,13955438.0,132017.43234120085,11256131.0,151235.45273268296,13902573.0,139655.00867486486,67650117.0,480617.32370877237
3068241300037200120,15047339.0,181015.41048527198,17239621.0,260521.8111060976,14794682.0,185627.932998194,77666485.0,641434.6297412358
3068241300037200140,8326149.0,96609.51026528374,12233632.0,173309.5221128015,7950469.0,100471.58609021972,45671310.0,346728.1355381023
3068241300037200149,13230034.0,140736.80318240056,11970821.0,214627.64591527233,12853262.0,148194.60790595127,61370715.0,602587.7821193659
3068241300037200171,15167071.0,172061.2414867107,15937011.0,247265.37034025305,14608218.0,177931.8245813695,76769339.0,592602.1799496941
3068241300037200176,170613335.0,1899772.6326897813,506009680.0,6560389.031198407,136595955.0,1661150.3579285159,1220254399.0,8585538.556094548
3068241300037200207,177627141.0,1899169.685776582,373236329.0,4431039.255595696,130730774.0,1567951.4097407009,1256522395.0,7762345.335085907
3068241300037200213,47708979.0,493541.4180645448,54963006.0,943385.3474464637,45189951.0,502970.32472842006,264048447.0,2454923.1320048366
3068241300037200214,29834960.0,324999.04273267474,61256820.0,708230.9648873019,23703223.0,288280.9647644938,197844899.0,1370751.067556788
3068241300037200220,67693219.0,732781.8810192551,85397828.0,1141319.933768772,57392285.0,694884.7890081011,395808932.0,2823542.7218435416
3068241300037200229,9266201.0,117333.82750742056,7840997.0,125861.18284881503,8462078.0,112955.11821709819,43117660.0,402774.0169033931
3068241300037200233,29740555.0,335509.44515632186,34026742.0,532796.6186507206,25243479.0,307904.70721588854,170581924.0,1392248.4825329147
3068241300037200242,60080195.0,667044.5913725061,59180878.0,835313.7498780377,49923423.0,611653.2774970029,337406735.0,2540114.7604634203
3068241300037200254,142102118.0,1701669.3436462213,275663966.0,3604930.476822314,100792303.0,1268169.5528491603,975235840.0,6597264.231929075
3068241300037200262,10761874.0,116836.31200544914,9071353.0,167896.00573305413,10521683.0,122644.70642138904,49586802.0,483470.45966623526
3068241300037200274,7563336.0,90413.56978100212,14730763.0,190936.4046100702,5383210.0,58085.582379597254,54073695.0,671804.6156510891
3068241300037200275,5588791.0,57137.97615700058,5274024.0,76093.55247197089,5405919.0,60157.7267670961,24832972.0,176674.73380823052
3068241300037200280,3968864.0,38702.87013662065,3575433.0,45849.80380604161,3881646.0,40543.50666949257,18985359.0,130406.10890925431
3068241300037200281,17312754.0,169961.5085583697,41574986.0,359255.9246324542,13792372.0,150913.31014431466,113362442.0,655885.5504920629
3068241300037200287,4766577.0,50699.93956177077,11631053.0,110035.65015794308,3858899.0,45386.98873403386,30811380.0,182202.06134958199
3068241300037200303,3761751.0,59189.471569229754,3656134.0,67583.37217005428,3645799.0,61805.12719184819,18369860.0,199187.293294073
3068241300037200305,3101403.0,30054.838996998355,2805943.0,39618.14879604797,3178159.0,33076.07900545695,14013703.0,102766.89154892633
3068241300038100008,59831993.0,677730.9329084596,232417718.0,2449790.2788284365,32449732.0,340327.1193164804,442494651.0,3735848.3634801502
3068241300038100010,209274962.0,2126379.0100728855,720968134.0,7022185.482469107,123601634.0,1222956.582290332,1649351564.0,10762736.611717444
3068241300038100016,117611803.0,1330904.680026861,295798515.0,3922757.531937856,73826906.0,735454.6124875757,865855697.0,6959094.201598738
3068241300038100022,12476259.0,137592.1745412523,33455161.0,484838.5716450594,9596567.0,100352.86718693846,73809531.0,699452.7916197076
3068241300038100023,47708160.0,498433.9284571564,89518891.0,1107030.2551413612,36154695.0,364655.91780247586,311397835.0,2710224.6842246866
3068241300038100025,24153357.0,327871.089348461,43534225.0,579047.0279510699,16835795.0,176370.8189883967,156998229.0,1855556.8352202014
3068241300038100026,27231550.0,294989.0856170405,23687953.0,356183.27414475597,25633302.0,254897.91193180686,131577743.0,1092526.6645726336
3068241300038100027,46203405.0,568911.4112544529,122593272.0,1644238.763083562,30362731.0,317442.5642917128,329116344.0,3381745.9532014974
3068241300038100028,24819228.0,243819.78295029423,21869471.0,330754.3375682759,23764254.0,237735.3525947829,125219652.0,1110838.277260066
3068241300038100032,126674808.0,1268506.074784378,533434306.0,6027617.815989601,52822085.0,462438.0143417349,906275163.0,6700671.94487874
3068241300038100036,39103573.0,501727.58473962126,91773110.0,1231723.1194177964,33772991.0,498571.29793950246,254465723.0,2347263.9073074777
3068241300038100047,29018708.0,543353.5458813356,246565986.0,4910192.69569645,16726405.0,219579.69743374802,313877744.0,4391586.16010403
3068241300038100049,132306094.0,1578727.440100373,742155815.0,9419996.197069746,89497881.0,1112157.643595562,1261392370.0,9308307.313984489
3068241300038100050,15240220.0,179249.48352641985,14772982.0,274038.3079922577,14427415.0,170542.90505311254,75430439.0,766443.6398612834
3068241300038200010,254473081.0,2466514.5771369715,2037451777.0,14751487.277692795,86287525.0,1058382.2131651542,1949617485.0,11321164.799222512
3068241300038200011,190709773.0,1910286.7119586486,1141784036.0,10253873.546132816,90590731.0,890289.2808986808,1480354377.0,9728051.593817167
3068241300038200015,212057132.0,2233960.194136985,1829081177.0,11662757.730492093,73632147.0,924299.7314383994,1848913014.0,9494271.812582796
3068241300038200017,176979912.0,1862103.2884302472,854918311.0,11012844.300090693,109728535.0,1090735.397179848,1544812951.0,11116089.19923423
3068241300038200018,266202811.0,2681197.714130266,3356471519.0,24074557.243640173,123357790.0,1520355.550739428,3153392807.0,18650130.86968933
3068241300038200021,15618902.0,129609.56272393162,65434667.0,560272.0199361083,9364975.0,85542.74978448148,117833356.0,792239.4064559599
3068241300038200023,107564380.0,1081609.962976042,425391890.0,4885492.420968381,68202975.0,665900.0705742735,856329655.0,5653942.916524017
3068241300038200024,209185651.0,2033573.4432692875,1089772663.0,11556887.335201958,134225574.0,1316257.569606786,1748425480.0,11059234.582395827
3068241300038200025,27296797.0,247157.28800952254,96321339.0,1223411.6246674873,18748537.0,188257.70806811086,182540979.0,1382450.9553375472
3068241300038200026,22560519.0,241880.68914603928,96374065.0,1483574.3128505903,15221914.0,147607.1373945284,180697441.0,1744961.0236463165
3068241300038200027,85810725.0,764279.657836748,254995408.0,3270887.10631007,62488695.0,622547.5603908983,563945340.0,4126864.485741103
3068241300038200028,21845192.0,223570.48223690185,95816859.0,1499237.5028138692,15139249.0,147545.1926634665,176657687.0,1948180.9568064157
3068241300038200033,19228703.0,232428.7003476161,98575951.0,1590264.640362761,13501685.0,174020.62966679686,114185673.0,1175414.8428374324
3068241300038200039,224592681.0,1998989.774076549,1693256888.0,14545287.212348312,128123946.0,1094312.119724373,2127309207.0,14201249.119289251
3068241300038200042,143929359.0,1549031.1464326384,524129855.0,6482448.2424850175,76048809.0,767825.9484337489,1074007460.0,7805655.813982256
3068241300038200046,23846518.0,223213.7763181797,31040951.0,461729.799046685,22838421.0,232887.12449173632,120182072.0,1077393.406022784
3068241300038200051,18635138.0,177434.14819402288,23853439.0,357439.4498534592,18024228.0,184424.1799961592,93282685.0,818719.2146671083
3068241300038200052,41064533.0,476928.66630144307,175816949.0,2094757.7805843526,24231361.0,232980.3972105508,352152456.0,2980774.5444902224
3068241300038200054,58031855.0,671433.1344792799,280974160.0,4018588.5468755234,46531208.0,594260.0325195859,450909397.0,3501250.3596258163
3068241300038200056,11934520.0,104056.78921689776,13070383.0,194284.34591424034,11728378.0,106580.44311992452,58376275.0,473305.56031832704
3068241300038200057,31879636.0,401923.8334206625,152392127.0,2043964.252409416,19619454.0,213320.6944540374,302050737.0,3343528.887885322
3068241300038200060,187131278.0,2030478.4316254475,1777251177.0,18490436.309068397,120483283.0,1420443.6652724207,2312363288.0,14670196.529868957
3068241300038200062,30566367.0,316170.39286526083,188391117.0,1303492.4710687937,21502959.0,268529.4455274766,289447021.0,1586187.4156752597
3068241300038200066,29023010.0,280684.98273467226,36545416.0,562359.7008882811,27246559.0,278594.9879412608,139166470.0,1220629.3673086488
3068241300038200078,13194727.0,135176.19169470682,18857004.0,332776.6379479121,12303128.0,126727.29021292922,61018052.0,634126.153659655
3068241300038200088,6620439.0,60389.858207555924,8116920.0,130604.78049739882,6519917.0,64094.66397529408,29789671.0,236169.65476203093
3068241300038200091,14439499.0,100048.11386098416,14610725.0,165445.0271954587,14358295.0,102803.84803087052,66486521.0,353664.0602333348
3068241300038200092,6373180.0,45777.11868715589,6242220.0,68544.79685740976,6127351.0,48341.55992648381,30045586.0,193206.35158122427
3068241300038200094,30700921.0,226257.40327726855,26731542.0,281672.4317457354,30788007.0,237377.26511671976,143492285.0,767698.4812542106
3068241300038200100,22281717.0,217646.81454727842,22484241.0,290177.1870543596,21897029.0,226500.15474691434,109701869.0,770990.7601277713
3068241300038200123,5567198.0,55066.52732241403,4856715.0,73263.46821923264,5633389.0,57977.55485925485,25964368.0,216372.75172489672
3068241300038300014,5622115.0,44830.931828622284,37239839.0,489042.3176915977,4447690.0,40761.363435096006,43338426.0,312596.5464507402
3068241300039100001,226365183.0,1938305.0560680106,2344458672.0,13481447.383790992,50885104.0,612663.3918743137,1569912683.0,7280241.822368236
3068241300039100003,194068382.0,1909296.79463752,2619602514.0,18308502.168209348,75302245.0,855661.428250517,1753257590.0,10622548.512840468
3068241300039100006,236930670.0,1841735.7451842097,3386904138.0,16286518.13401451,75255892.0,847715.4686328182,2316141963.0,9194753.622544937
3068241300039100007,150114628.0,1263618.4902168852,1603932976.0,7712703.060957936,34493620.0,409800.22415878176,1093193363.0,4835665.111109026
3068241300039100009,297436159.0,2787014.7823422593,1947044555.0,11299530.888287444,124282237.0,1575014.2545831476,2160901788.0,10522701.796839016
3068241300039100011,132111492.0,1016328.7435204098,1548181365.0,8012658.41144461,33206712.0,398161.70724881877,1027527724.0,4620062.382721127
3068241300039100013,184395771.0,1796862.872464629,1937998175.0,15207078.192653522,91738066.0,1131044.0593113494,1567456225.0,10453016.278069276
3068241300039100014,140563849.0,1414672.9659159724,1748190522.0,10429286.752456058,58192621.0,729397.1080229504,1264053392.0,7382862.984697114
3068241300039100015,192083496.0,1276384.083344089,2082857790.0,24038743.501843914,37126854.0,441523.18439670146,1330710485.0,5429520.545625011
3068241300039100017,44659105.0,568909.1672575262,321984627.0,3212429.8300571693,22277985.0,317017.0492704516,328765928.0,2987580.477699206
3068241300039100019,73464990.0,522543.6874617997,357136677.0,55002964.920721546,14174156.0,175686.16445512767,588687896.0,2666553.5217527896
3068241300039100021,261030324.0,1898425.3197253789,3350159627.0,13647127.265465386,76323267.0,881444.6353750873,2355940712.0,8713310.054138761
3068241300039100022,286381289.0,1919828.6537637552,1627608833.0,126329822.39339653,52661242.0,639590.2572765204,2245161315.0,8194799.917769525
3068241300039100023,75401160.0,779603.585496697,615993199.0,4707956.540333597,41688058.0,585491.4433097562,593096345.0,3790978.546741794
3068241300039100025,113171034.0,1052336.142009497,1083664115.0,8796449.299653795,56408429.0,699314.3430616736,1016135618.0,5600616.617509432
3068241300039100026,215764007.0,1417457.1608448266,570416139.0,54999299.42703373,40259217.0,478069.9789195944,1746405362.0,5675377.107029613
3068241300039100029,113077809.0,868155.436006014,860952883.0,4539276.936406214,22131403.0,260437.76196220226,672018390.0,2786135.748661449
3068241300039100030,217711318.0,1473613.7389404946,608524658.0,57234441.08018432,40024654.0,479369.55478146754,1721760248.0,5424195.0267052725
3068241300039100034,60912693.0,474895.98035197495,684530964.0,3581518.268867884,22164310.0,244601.54214062798,520154694.0,2268520.509537282
3068241300039100035,151126283.0,1302265.9037949569,1331854830.0,6661414.811306872,101285087.0,1535743.232084975,1134079068.0,4581316.518019847
3068241300039100037,119921380.0,921100.7502945109,1078251215.0,4689603.151041148,58259567.0,846348.2913856262,893419314.0,3693803.6403509076
3068241300039100038,154665160.0,1660815.7350068914,1329840100.0,9362521.720789798,92573191.0,1283428.6812649448,1215974868.0,6821353.356993253
3068241300039100039,181168636.0,1116391.4110863572,593308910.0,35233435.54915456,33716828.0,410165.4602330348,1478534527.0,4671383.501131814
3068241300039100040,81679435.0,640016.3693883138,1018608059.0,4269021.104871817,26887963.0,302594.5090093268,733803133.0,2923032.545453456
3068241300039100042,108149773.0,738065.3255186169,485942124.0,55075630.6395209,17555582.0,224800.73359283718,740754819.0,2560913.8551183213
3068241300039100043,132740769.0,1033992.3644395163,1324740049.0,7775607.63346646,26478371.0,329586.3955229183,951483636.0,3329442.4323992757
3068241300039100045,128404845.0,744829.2588232555,923782833.0,58846148.193242,21525695.0,273693.396825732,920836906.0,3710950.855107884
3068241300039100046,167276168.0,1112566.197756025,1751841939.0,27937598.486731835,34493577.0,414027.654615829,1192463407.0,4801106.6027076095
3068241300039100053,309584201.0,1743994.8600763793,1153804115.0,101247898.59619495,49591020.0,599820.1794239653,2108824461.0,5967633.087936608
3068241300039100055,104860491.0,791592.876718549,1097676586.0,4920098.226887994,30867552.0,365638.6534449323,840851355.0,3617810.373137222
3068241300039100062,24106442.0,251260.35104056634,131629068.0,1030237.2832730738,14851645.0,181185.018988791,160250710.0,1111118.6419575382
3068241300039100063,133199550.0,1399133.9712816086,1188409211.0,8465175.425080828,78201048.0,932561.9503794702,996923362.0,6305559.247910828
3068241300039100064,195813690.0,1215749.361746138,728532196.0,60650996.96447044,32288838.0,399059.37274734495,1430233261.0,3975504.7027490735
3068241300039100065,124037175.0,813938.0133636469,1021309929.0,70682904.36323303,20534371.0,253064.1560679091,870187778.0,2170137.785041124
3068241300039100066,122686803.0,972236.6904447401,1557445406.0,11266050.671426967,41714278.0,468481.6916517834,1110442452.0,5914665.729186594
3068241300039100067,210334132.0,1390127.0414429312,618801283.0,66497388.22458868,39760420.0,473448.12998513505,1744381289.0,5635997.363761615
3068241300039100072,53437943.0,364674.56327562593,382615781.0,28355896.504425023,10536955.0,125162.37756447488,428982406.0,1636325.7951596973
3068241300039100076,122462474.0,769810.6238421489,812530879.0,54931830.04221901,23847123.0,285947.1249183253,984175149.0,3450528.7091532107
3068241300039100077,294489905.0,1901712.4315693986,817415451.0,60488326.57207428,47536258.0,605111.6221930014,2107073785.0,7255853.45206596
3068241300039100078,243120459.0,1437618.2207161498,1014562566.0,104050597.67798167,44535922.0,540880.6244640214,1800321319.0,6653676.523929241
3068241300039100079,124025808.0,931658.0001008899,1143513385.0,5537008.282017432,48028256.0,538551.4693734995,958591184.0,4299628.810095238
3068241300039100080,187320645.0,1324570.1035694375,684390767.0,90999155.73480695,33837428.0,410759.67448474385,1386240514.0,4469221.939527166
3068241300039100081,116702419.0,1268823.604514447,805133639.0,6198079.746648059,83935328.0,1470624.8939106744,806840483.0,5245297.4295274895
3068241300039100083,36327751.0,392593.62122741586,157475885.0,1548599.0865625609,24477374.0,307166.166775268,210682830.0,1616355.83782494
3068241300039100084,190838432.0,1999634.153612387,1495483805.0,9255284.349070886,76411863.0,963484.2486855905,1307201493.0,6925537.689975908
3068241300039100088,308774481.0,2086701.0040839894,1270322271.0,33099506.67659075,46640678.0,597909.1973474615,2066036315.0,5977632.081172955
3068241300039100089,199079691.0,1274605.5253697126,1196585097.0,109768473.43521367,42239382.0,503243.2169214454,1782014852.0,5927772.115099637
3068241300039100090,117932440.0,947978.5120592926,1185068943.0,26881868.83109261,24389931.0,303106.65634087415,915369524.0,3786627.6902047824
3068241300039100092,313221256.0,2062276.4973632358,1404802523.0,144024695.10215285,60419184.0,734656.9342906688,2605773004.0,8663587.201234646
3068241300039100093,205064941.0,1747977.8331280618,2555101185.0,13793106.231070766,54245436.0,643391.817891025,1750710786.0,8135118.338967275
3068241300039100094,94872467.0,522158.5383671657,473242547.0,21912389.61454841,15597386.0,143984.33235885436,594482463.0,1535773.7786837597
3068241300039100099,253275828.0,1437058.8551677759,1908521554.0,42842457.631417714,45751918.0,446927.01419478434,1731958038.0,4762559.357419046
3068241300039100102,176267716.0,1192241.644410649,1544277759.0,105981073.48555705,39523779.0,480708.4625875338,1655945384.0,6327799.214564059
3068241300039100103,100506143.0,785679.4679053759,791166111.0,2451472.685216765,19001428.0,239006.3615940529,634901158.0,2192852.2170760385
3068241300039100104,314108751.0,2063363.3233546237,1029554275.0,28784840.94252584,53566780.0,691732.4269778255,2353035585.0,8425968.301841393
3068241300039100105,345319602.0,2285033.2498022183,3244815542.0,95562230.13522252,59556521.0,671642.6943129834,2278248171.0,5354526.993801276
3068241300039100106,124952148.0,899846.0871188709,1207059234.0,58521043.53614233,29281066.0,364203.23106382694,1204329265.0,5303190.7216105405
3068241300039100107,168659699.0,1804935.4245407034,1331610140.0,9760776.603072407,51463484.0,592422.7004065618,1248560943.0,6741044.537221557
3068241300039100109,246106503.0,1347960.6885526245,1418608011.0,61615164.92024978,46835613.0,385034.5382786504,2035776676.0,6032135.989782716
3068241300039100111,323510998.0,1999667.5749902388,1955900233.0,17413243.946389664,51066383.0,587057.4882695567,2449636820.0,7281698.167514
3068241300039100112,223708297.0,1424054.5480870781,1261102373.0,13973803.483530277,38264975.0,389927.29440090153,1748931844.0,5070701.304029701
3068241300039100113,88395848.0,622534.8996434676,446782354.0,38127452.396993,17168639.0,186486.06767539564,739386436.0,2363697.660223194
3068241300039100118,59626947.0,279076.8164972552,629482158.0,27508122.105587065,13046782.0,122401.29304109089,511696496.0,1821929.8879899338
3068241300039100124,65173950.0,393089.2810293883,671092173.0,22693366.787383065,14306635.0,121191.54103883542,536220853.0,2444257.84149871
3068241300039100125,324139842.0,2163779.384328763,3488289387.0,49049349.79272231,70343158.0,850144.8288000239,2649280443.0,7610230.350882133
3068241300039100127,141876486.0,847027.4580867478,709969382.0,6288667.642803731,24132306.0,272850.14424236614,1092947826.0,2830690.869643
3068241300039100128,87154810.0,415694.0948124042,597391978.0,23403788.61480803,17707204.0,122395.51536882324,744888303.0,1455287.4794028564
3068241300039100129,144408463.0,1454416.5804285945,1481258927.0,8456650.070987448,42001031.0,574380.6141430567,1209410196.0,6761483.794107148
3068241300039100133,319307683.0,2602799.9471727116,3362727309.0,22047250.341474492,64936986.0,965832.9587196701,2210134666.0,7731484.827519256
3068241300039100134,53566451.0,312275.8611269183,613347594.0,24747764.364161488,12886512.0,101351.2301887057,473651006.0,3062524.9798340704
3068241300039100135,196549168.0,1409294.0137069013,784234942.0,23902446.632895708,34695841.0,456685.9059692871,1528646914.0,4997678.2043878455
3068241300039100136,72496943.0,625100.0325708193,724596008.0,5096732.10448748,17902428.0,247278.4913035789,589162633.0,2637990.6653039996
3068241300039100137,73798435.0,387323.79866893066,540616575.0,43679207.60583777,16422550.0,134277.44761727413,672089547.0,2308820.081639538
3068241300039100138,109009336.0,675572.4534893959,659411385.0,14983646.740003629,21281091.0,211138.42511439155,907556186.0,2761248.6519825305
3068241300039100139,76804706.0,774249.397698001,531547029.0,38630589.29766739,13871238.0,198193.37021298413,523420100.0,3363985.1557315025
3068241300039100142,73122085.0,928504.1606825042,623563327.0,4838740.194426398,24596710.0,421000.89631648944,546258442.0,3933519.813076133
3068241300039100147,157326968.0,1504030.1858615698,1663605964.0,18093641.596848577,33660747.0,578359.4901793352,1144210261.0,6379351.130956618
3068241300039100149,116038808.0,1142744.468638124,1310657505.0,32052096.77339849,31297548.0,514043.3095824444,1009931399.0,5644511.339238627
3068241300039100150,135638912.0,1372586.615752704,1566517953.0,8220185.44048181,33681530.0,561854.6091068455,1046748660.0,6097450.162900524
3068241300039100151,72884033.0,714370.9365013603,673454167.0,3360087.1904112212,19358544.0,314178.2274604987,577069667.0,3243693.463128152
3068241300039100152,235217915.0,2395250.0166327534,2534211788.0,12302109.631200887,67755809.0,1115355.4206215118,1915890924.0,8576129.826186517
3068241300039100153,151060974.0,1577079.8946733037,1415758019.0,5930756.4667302845,39059715.0,613232.4604125369,1086696361.0,5095623.599919379
3068241300039100155,225239884.0,2331536.1175230113,2543904051.0,13029650.750402361,69768619.0,1095864.7591022197,1930626659.0,9120660.434475316
3068241300039100157,53561140.0,632563.0531157097,440329912.0,2561820.3535660706,16774215.0,268870.7172783658,377362800.0,1867263.5195472806
3068241300039100159,277164971.0,2603006.1371352803,2987529071.0,51164978.73325628,137374832.0,2263025.660714629,2384240439.0,9518311.926053971
3068241300039100160,84358416.0,1007338.636167764,660702371.0,4671114.146022263,29126903.0,474623.5151228607,612588600.0,4067509.499211656
3068241300039100161,16201097.0,237019.88407835035,124539147.0,814687.5581456278,5797982.0,55484.404622061935,114349666.0,524114.1581909491
3068241300039100162,141543952.0,1671036.6406333738,1097488399.0,5586499.803896083,31615521.0,545265.1101866114,785965103.0,4020769.5697287414
3068241300039100163,179058035.0,1931295.8892075222,1369943618.0,7098090.709025043,40529547.0,648773.7059216432,1023445025.0,4753016.902733159
3068241300039100164,175280972.0,1757295.9970892388,1821288736.0,10033260.467742547,69182799.0,1217836.1598780907,1451748901.0,6851708.203230223
3068241300039100165,32648340.0,388769.17581357266,297757188.0,1420665.186704098,13493384.0,293810.4793250791,245552865.0,1483571.5811641698
3068241300039100172,66953724.0,742042.9739978809,640121011.0,5861606.069086204,31399469.0,559685.7857559792,562502738.0,3764735.828056834
3068241300039100174,36747170.0,434238.8309010187,312260616.0,2811537.2595186164,16236303.0,254599.25298815215,297860996.0,1648607.4514153867
3068241300039100175,119033398.0,1346778.6665860764,1224371887.0,10770885.019727334,51772779.0,919136.6267698972,1181800107.0,8143412.696215474
3068241300039100178,25055277.0,322080.4233245268,205121720.0,1623939.8784884035,10473981.0,170729.322104284,205516502.0,1222325.0605883645
3068241300039100179,64813375.0,797422.4949714718,634339288.0,5770459.146721553,34394234.0,532756.3068950094,601925219.0,4184422.8716338454
3068241300039100184,154659890.0,2115903.331743387,1083460519.0,10420720.529865388,52212749.0,877459.7114398833,1270426857.0,8416548.506831925
3068241300039100186,63709493.0,814401.34511036,383896800.0,2743108.683331379,21412014.0,348567.7758500718,492215192.0,2616635.4354256475
3068241300039200020,102215616.0,1010756.5593216144,666991157.0,3422725.404586875,52411346.0,841869.086741689,742536777.0,3498919.2131371954
3068241300039200022,71936200.0,685254.8372627884,513967832.0,4127253.1514643016,37054840.0,406526.7589107809,540063311.0,3292452.8160140384
3068241300039200030,29128808.0,297949.0189569629,187698197.0,1384505.3054260728,15999289.0,246044.10022493976,205958702.0,1337384.6922637313
3068241300039200033,137593250.0,1521851.6143106283,1543850507.0,14314295.026028167,32506489.0,423622.89393040916,1127715517.0,9138175.38072164
3068241300039200034,212107024.0,1408469.552481128,2089677335.0,43531310.05945557,40840520.0,477564.18515579455,1436834806.0,5675852.074099995
3068241300039200036,103917980.0,1033185.9635138832,891886497.0,5995377.061431004,69232539.0,1012779.4858054807,762912924.0,4057318.5807154123
3068241300039200040,379208208.0,2302809.44033248,1353002933.0,101030461.93149458,70663905.0,863534.0707182967,3084465270.0,10000663.647614148
3068241300039200044,244022356.0,1860097.1071005466,2622546851.0,11354601.813066188,60749798.0,707508.8902780224,1885697829.0,7351670.299821135
3068241300039200045,229638862.0,2065456.6894348457,1856613160.0,9763023.712560525,175890972.0,2425879.4849989004,1684596974.0,7842953.470586455
3068241300039200050,129501208.0,885830.4052744298,1725258400.0,7690343.769830578,40760120.0,462535.20138928306,1214358443.0,4545240.1917790035
3068241300039200051,22935650.0,309109.78385634616,202117324.0,2371418.692471897,5908894.0,77184.6026856119,157702868.0,1735292.200250623
3068241300039200055,114801818.0,749824.9523834407,489009843.0,68696890.27229379,20683998.0,260715.23571405007,900463437.0,3260859.2426107847
3068241300039200056,115360017.0,825294.8998298926,287571985.0,28613331.45613447,21748142.0,261671.9036641983,945128261.0,3205164.893803768
3068241300039200057,138645325.0,990845.9724590826,379369277.0,34677863.78704057,24343295.0,294020.72921612364,1057648510.0,3798436.828571931
3068241300039200058,272661138.0,1822046.9594668155,717279102.0,37765572.184591055,48113385.0,571457.8951850266,2142432351.0,6934305.9973365385
3068241300039200062,204317684.0,2167687.989120772,1852064660.0,14700415.679019824,161654072.0,2241934.3818504354,1639545227.0,10478595.508937389
3068241300039200064,191656863.0,1755827.6578478098,1965129051.0,8694192.726608636,43744261.0,515369.43422535696,1383787184.0,6187003.136901376
3068241300039200068,90565381.0,614769.2619332977,164435691.0,31822889.900582682,15331004.0,191496.30250609317,686456582.0,2537249.538195463
3068241300039200070,158609028.0,1161487.3197796685,811140567.0,69102834.94259419,28497487.0,354776.1372684687,1235843568.0,5296597.05129362
3068241300039200071,93236521.0,860208.680956779,986466140.0,8528520.314020725,19605042.0,241908.24275618626,705816313.0,4243126.189904177
3068241300039200072,76854751.0,546146.5873736265,863569095.0,11596466.509161046,15473069.0,179972.16548009284,559588194.0,2063031.28687815
3068241300039200074,42056996.0,283790.32548432547,344110413.0,6961498.856980147,6134456.0,70151.386702138,227235739.0,772826.1780354553
3068241300039200075,26516051.0,181764.2997113992,290718304.0,1789832.7185744713,8684362.0,96865.35540464622,233764450.0,1262089.6943277952
3068241300039200076,233492837.0,1491194.4689603276,513753958.0,35491341.4875497,37356891.0,478823.35657071834,1663649617.0,4889520.847961816
3068241300039200080,454770315.0,3200671.825322243,3785620380.0,106517007.49109083,74359772.0,934483.3616530183,2831184089.0,7846126.910710492
3068241300039200086,139491659.0,1023585.2576273044,1492078557.0,6128707.755149928,28929253.0,341584.4631509443,1012131205.0,3847751.970589891
3068241300039200088,297745782.0,1784405.9388369494,1268143346.0,18075946.189123303,48012896.0,609142.9133422843,2265801547.0,6393740.444418671
3068241300039200094,61022214.0,359501.03821739706,518179708.0,11147900.707513899,9659583.0,98320.27991342223,348187705.0,1245684.4149174828
3068241300039200100,145793149.0,932286.3972209075,331221048.0,32499654.87829788,24782791.0,312688.7402788882,1058209188.0,4014519.6714133956
3068241300039200103,98588441.0,739084.9297260954,1319944615.0,10789744.170166992,29457885.0,348150.31888264243,928652706.0,5907010.849659153
3068241300039200104,181935614.0,903431.3902242043,729065492.0,40215179.524886236,31110633.0,294503.47567735595,1266652161.0,3402896.6190077015
3068241300039200112,59458949.0,813817.2642979985,716840553.0,7054927.044874166,16074390.0,205882.00467055864,538575557.0,5489550.456391485
3068241300039200117,111074882.0,659084.4927607662,351888975.0,18925353.04792247,18626502.0,202063.4291980942,745922226.0,2485105.3542897576
3068241300039200119,103333809.0,596341.2879244989,579025775.0,3864256.7424789555,16799459.0,185573.72904422076,794728102.0,1806865.966488931
3068241300039200123,23547930.0,234377.75407393012,170577708.0,2279979.2879523216,9235238.0,101696.87612312617,179679091.0,1362721.5103116925
3068241300039200124,101436621.0,618818.850119022,567397233.0,39080669.94450257,19819436.0,210510.27151110416,830213511.0,2411096.4783663996
3068241300039200130,160141273.0,812147.8989143098,758804244.0,56218348.415130064,34755965.0,282425.9556948242,1486270462.0,4348706.692940286
3068241300039200131,226663138.0,1513660.6083028764,624111515.0,20056355.23631139,38265367.0,434217.21224840026,1626575604.0,4994942.983775281
3068241300039200136,89784062.0,391469.222658984,408065604.0,12039868.06772881,17118854.0,152928.90778616522,695179203.0,958843.8867395736
3068241300039200148,55719786.0,515483.4843395845,583568893.0,4657624.0545737725,14005451.0,213375.82426884267,465218000.0,2161237.2378614736
3068241300039200149,64853052.0,426407.49497903755,711613771.0,17895962.192549363,15460607.0,127302.32368719453,558354254.0,2526071.3939443408
3068241300039200154,86212389.0,587436.7008897322,645413670.0,12215403.455414847,18620459.0,178519.83688774932,709193914.0,4099856.0141402413
3068241300039200155,185104744.0,1552355.259266842,2549900891.0,16119622.878647286,77129727.0,734701.1107177602,2254428158.0,11517274.565802597
3068241300039200157,396125529.0,3485106.881155093,3705566505.0,72077410.70036286,89125372.0,1119430.5566992224,2731335630.0,11698005.789688032
3068241300039200165,80175892.0,908663.1057733676,679070399.0,4553086.172369602,28298985.0,467897.092898167,605751176.0,3778593.877839951
3068241300039200167,103415005.0,1018336.3342573649,1139743277.0,5640351.092027567,25292560.0,424718.20688170363,740630951.0,3363538.9213967174
3068241300039200168,142113034.0,1410162.7727329598,1603310270.0,9704764.891102323,47780409.0,767451.7706706504,1216463905.0,6829510.745139487
3068241300039200171,508395508.0,5132995.306328029,4653708782.0,25737021.12209589,236134265.0,4109719.159846981,3494065174.0,16372059.78888798
3068241300039200174,252358910.0,2579271.77786709,2823689517.0,14155064.300845424,173780722.0,2864313.7211414305,2211825638.0,9369364.276157668
3068241300039200175,148310036.0,1892107.9001142588,1289829721.0,10914684.128920127,40323013.0,720461.4197038398,931456847.0,5692778.772397877
3068241300039200176,139855144.0,1707970.3459890322,1282055057.0,10563009.266178384,53732007.0,857634.423270828,1164627514.0,7801579.264753514
3068241300039200179,151248760.0,1764725.7602688184,1598116296.0,11595933.098306535,79084754.0,1418813.2646854308,1332199616.0,7119329.52136963
3068241300039200180,103778558.0,1217295.2928057688,992840223.0,9383421.228668991,44816082.0,793010.5214411176,919280516.0,5107607.660349007
3068241300039200182,372658394.0,4224307.695612274,2715064392.0,16888013.81327348,163965150.0,2910798.43392738,3131718044.0,15439331.102091324
3068241300039200184,85328577.0,1031748.8830067271,907110642.0,8237273.307005485,35618076.0,574478.572570569,859750929.0,5726997.803770568
3068241300039200190,13892579.0,250845.07082334874,68086223.0,931624.7079454964,8922340.0,166238.58047047647,99361589.0,1112444.1881460282
3068241300039300005,161522979.0,1110569.4718346281,1467281490.0,6371590.304329742,31638139.0,344307.1021438206,1081927982.0,3846696.598780889
3068241300039300019,130009973.0,941034.4133089534,1175163131.0,41296262.50475238,23995980.0,285460.64050781657,976805886.0,3315107.85143957
3068241300039300020,224330129.0,1198620.2155386298,1921819296.0,40029159.88963425,39354204.0,366332.09382209537,1529525564.0,4069577.514329664
3068241300039300033,124921167.0,1199403.3873626275,989319641.0,7040169.924845377,66558883.0,906250.8277334548,986099041.0,5108782.674662197
3068241300039300034,190447232.0,1323705.6995287766,1736379524.0,71382165.74481311,35725502.0,444400.0153006702,1550754605.0,5741042.25752114
3068241300039300036,67633542.0,498482.7260604817,603535939.0,19336720.059260987,11711161.0,147481.56451228738,486334414.0,2458114.2026724773
3068241300039300037,35717541.0,213596.18948317802,354286234.0,20073338.23938294,6903788.0,79201.2371199172,277407962.0,750636.4037360157
3068241300039300039,32578068.0,228959.76600930234,214928417.0,18198047.09224978,5832838.0,70333.7087947112,237920004.0,653133.4916329813
3068241300039300042,41742803.0,339594.08459231764,386752078.0,22984671.427490517,6449616.0,79501.90307069852,259819035.0,713278.9715750017
3068241300039300045,98721152.0,575762.373481483,746133023.0,63584442.861812204,20197541.0,242028.9050064536,802466898.0,3371864.2211315897
3068241300039300046,110803192.0,810520.880458652,1145211720.0,44301958.24432583,21740148.0,273113.47165789414,876677199.0,3397222.8059576126
3068241300039300052,140109980.0,944833.8720851704,1079231323.0,44954996.40012731,21770261.0,272489.0219483253,876886153.0,2107474.219915624
3068241300039300057,124681440.0,883046.477443336,1320816842.0,83141532.95805082,22492758.0,271002.7288409666,868445451.0,2177278.710922396
3068241300039300060,35681861.0,295870.90807982825,308937430.0,9692866.929664005,5145300.0,65661.6136971184,200531574.0,783674.099862458
3068241300039300064,123291805.0,797710.2174979927,980661068.0,47998156.33661707,18415451.0,234155.99584919296,719651764.0,2670391.2068814756
3068241300039300067,89984072.0,580989.1633690584,845580616.0,51105633.3046716,18513829.0,226106.0356324787,737302596.0,2281614.784832178
3068241300039300068,37502178.0,284462.10841209017,425045925.0,25763281.786797956,6839437.0,80835.80794085488,256551910.0,900871.6846821533
3068241300039300069,101570894.0,764786.347332575,1135997801.0,9748449.827623524,30372110.0,354000.4111967383,842148111.0,5422947.636104676
3068241300039300071,40257223.0,336748.5051246814,439594683.0,19123068.57135149,7128332.0,90274.67940565977,269279596.0,796138.4528947002
3068241300039300074,58088875.0,510214.18547678244,488558821.0,22406320.278045088,8570137.0,108793.4199911666,318016901.0,950603.1799177631
3068241300039300077,91166887.0,628901.7007506123,961564517.0,47638693.78738195,19554777.0,242389.56406297622,776132122.0,3297629.3673348348
3068241300039300080,120903140.0,757435.1722502257,619857143.0,6357290.230171582,18666088.0,235542.3292765537,884837450.0,2376043.382529346
3068241300039300081,158664517.0,904633.3637826792,1453865952.0,33274734.31335433,28525767.0,319475.852592248,1067746162.0,3980804.977970857
3068241300039300082,141349095.0,916492.9905673931,1522736703.0,53568757.960942335,30805001.0,384971.64250422124,1221458769.0,4124556.7935165404
3068241300039300083,219147534.0,1405410.6449467982,1027974349.0,15884164.501429725,33450416.0,442030.4069774512,1542236497.0,6813769.657511272
3068241300039300084,44889788.0,278192.2543868848,384419487.0,8708304.91295297,8042633.0,80318.65941167541,289719723.0,852118.0945990959
3068241300039300085,125490822.0,843397.6472083617,1187266314.0,44103139.56473915,21295970.0,268347.0558540065,814337694.0,2751830.2219140665
3068241300039300087,87858093.0,608500.4090484484,826523136.0,42336427.68911633,17599602.0,222169.54292953122,715615228.0,3341407.562887081
3068241300039300088,206510545.0,1652646.728320453,1083608143.0,12084075.944669638,31864818.0,414330.3481785611,1525400321.0,5429976.041595387
3068241300039300090,96467771.0,776152.9171785584,920503152.0,30121095.340904735,19788923.0,257084.13130991563,781585585.0,2669029.6782254544
3068241300039300095,167220157.0,1074846.2564852722,1305413235.0,77953407.74095015,34655756.0,395874.2420137833,1466640708.0,3766958.9334178735
3068241300039300096,78707217.0,557477.8663958932,830238236.0,25035414.994339786,16426194.0,193688.21601297354,622052273.0,2333998.9861140633
3068241300039300098,92997398.0,601449.255748718,1061499424.0,49224937.367394745,22010360.0,238819.36056367686,895593849.0,3727117.9308971222
3068241300039300099,112797281.0,659312.3394878302,1276417792.0,31682807.59354512,24293442.0,264609.1075292539,927855062.0,3304726.4574056887
3068241300039300104,151252944.0,929032.3149443774,1921943317.0,38459052.96043127,38717820.0,338878.60236674646,1451047737.0,4760658.661952745
3068241300039300105,68856661.0,450503.8500746564,808220355.0,4058345.082294088,16105792.0,170737.2821704265,605478719.0,2429105.2199995797
3068241300039300106,63112046.0,433130.60738715396,826655738.0,10705461.411441764,17783962.0,153067.29211625195,574686998.0,4565634.749961177
3068241300039300108,52640863.0,364118.8856802759,508428451.0,18404136.812100627,9470369.0,105541.07565346753,353048743.0,1356291.9099753313
3068241300039300110,103182985.0,674451.4621589063,1152441362.0,30862426.035564855,24974794.0,300610.76411768916,971142483.0,3414773.669916765
3068241300039300115,86566382.0,515270.54084127443,1151347855.0,8993165.99963857,20743521.0,180497.66049244403,741985776.0,2847052.304155291
3068241300039300117,68949373.0,443793.0070709165,784092524.0,17649480.72166358,17264975.0,152458.04737398136,607140339.0,2735103.7789378194
3068241300039300118,84685366.0,878345.8463304645,895615293.0,38594584.448991716,20512201.0,333446.1336827308,790909556.0,4558465.52202088
3068241300040100001,29808272.0,396347.87294521066,21055331.0,420380.5825591646,27262556.0,364817.9937268704,123833061.0,1309911.4258894993
3068241300040100002,8081678.0,125438.34979266947,14086675.0,208374.1164209476,7161418.0,120360.12703680448,41507056.0,404999.76848804246
3068241300040100010,4531817.0,77418.82374980344,25239320.0,526693.3494321712,3026662.0,54716.69183778417,32846715.0,445692.14494911855
3068241300040100013,32243300.0,489602.3409610506,174972072.0,1924924.9916546217,16673635.0,277647.7588679876,280907416.0,2509771.540279446
3068241300040100015,87209354.0,1423381.1960191776,655064963.0,7545611.739388106,47599126.0,800741.4176482516,844031607.0,7135066.837621903
3068241300040200023,143056772.0,2034670.6393805812,1139623832.0,11810666.004362103,59534053.0,1007703.1057004721,1309346449.0,10523948.222788649
3068241300040200026,201220875.0,2571768.912674901,1510765082.0,14506927.316569563,74370604.0,1222828.5835163917,1734086145.0,10656238.440142153
3068241300040200029,113296533.0,1549791.0575521041,862151955.0,9062920.704296557,49377547.0,821919.314671223,912332681.0,6430806.694842491
3068241300040200032,177574331.0,2748407.1988950325,1185327588.0,14635134.442806931,94029525.0,1560227.2391892215,1725835585.0,13339124.41458704
3068241300040200033,116392246.0,1710018.2746719203,498367394.0,6484626.42549636,85122114.0,1446083.6633458438,839112504.0,7272823.359523084
3068241300040200035,87790401.0,1210840.262714832,792592373.0,6817660.600207576,59660608.0,1002659.8032036214,820816875.0,6403340.834197024
3068241300040200036,68022569.0,1100059.5945233048,582108138.0,7932182.237441799,41456622.0,700148.4952171996,636717228.0,6552951.743782723
3068241300040200037,136225102.0,2067583.6487946115,1029164636.0,10143686.073929433,78457660.0,1304417.410038881,1454206887.0,10295462.174626475
3068241300040200038,82909977.0,1223871.6688473553,390342791.0,5667104.004532111,64018282.0,1080457.6144700316,542561808.0,4864672.399737611
3068241300040200039,19877106.0,314806.46773535444,98071746.0,1573114.976630812,14618349.0,253239.72777950985,143533276.0,1423131.0194439448
3068241300040200040,23158225.0,340595.18029831146,124176257.0,2001234.7297304398,17376726.0,292090.4501119626,160959221.0,1611037.3242018702
3068241300040200042,131822660.0,2070762.638426552,545490652.0,8111439.957840455,80424984.0,1367412.9488530243,1197363215.0,9874085.058652023
3068241300040200043,112845299.0,1889252.251157355,317196441.0,6427101.26065645,68314111.0,1174069.607737068,916751773.0,8932017.045439024
3068241300040200044,333749853.0,5040562.676031778,1375268299.0,19620875.434896883,213719739.0,3629841.945275621,3000330093.0,25281278.94121982
3068241300040200053,7241008.0,93782.96841681606,7719834.0,146707.99716794566,7022438.0,97839.18923726164,35239962.0,373163.548482865
3068241300040200065,3016883.0,42350.35834812871,2382971.0,50058.10824172898,2978707.0,44935.82671006672,14143808.0,154430.83472823098
3068241300040300007,21030006.0,310194.7761841252,144476372.0,1837239.745595018,14109783.0,239096.3919666082,179833364.0,1661921.5139717206
3068241300041100015,14192108.0,183688.3408955149,11935822.0,222584.99286870638,13438450.0,187490.19035130265,61911357.0,586568.1496067317
3068241300041100046,43485152.0,484062.42964693566,31775024.0,533239.5373767168,41472428.0,505032.7544080619,188529737.0,1590227.8302801675
3068241300041100053,34259368.0,446502.15559878154,25280189.0,478039.95847113885,32543612.0,460399.9563832764,145879429.0,1399478.558967061
3068241300041100057,28120939.0,385632.13141865935,19684709.0,378742.47678198107,26578261.0,395051.8169520822,113696969.0,1198491.1194423256
3068241300041100059,35405999.0,357427.8325512563,25772448.0,380752.7910990618,34210726.0,368942.495017449,146718866.0,1177427.4718357597
3068241300041100063,23090861.0,304436.9646055077,17228643.0,326469.23113881884,22111948.0,312710.7813187544,98714941.0,942034.2884629334
3068241300041100068,18199857.0,238411.43736300612,13118957.0,246047.68895570125,17335129.0,246041.04437668715,76560237.0,733776.074641093
3068241300041100073,25259432.0,329008.947304856,18638537.0,344156.5243156816,24161067.0,341043.08642350027,106980663.0,1018932.9502072572
3068241300041100082,21282390.0,283130.9305077269,14775186.0,285885.5092584483,20143091.0,292093.19413679204,88980534.0,906778.083554311
3068241300041100092,56924864.0,757883.333461384,43280654.0,816085.9051455798,54121602.0,783259.798657946,240251724.0,2392941.076559017
3068241300041100097,23768793.0,267511.28230462165,17783950.0,300638.60641830513,22815197.0,281682.96360618185,101618840.0,891838.9567100669
3068241300041100099,33572684.0,382668.87301952776,25640799.0,436566.7310626862,31856524.0,393423.54290901695,143788605.0,1252900.857288099
3068241300041100112,41456791.0,391460.75374048523,30778601.0,412583.5269222922,40225550.0,403977.3967781438,174519233.0,1272916.538593715
3068241300041100117,7645824.0,108520.41256406312,5758981.0,111288.63144628135,7499755.0,108772.856068992,33333340.0,343281.371267832
3068241300041100121,11277525.0,128751.79530605086,8344928.0,133920.09513933206,10772467.0,129989.91913144827,46193844.0,398217.0626683593
3068241300041100122,150511330.0,1707798.5543385954,117488920.0,1989997.6235807948,137819083.0,1719153.4415556071,653091944.0,5841079.632714649
3068241300041100125,35045385.0,476818.4585037088,27893875.0,535544.45008966,33697221.0,495922.6400846978,149403463.0,1497104.8310810132
3068241300041100130,21577714.0,245159.73306272973,16474856.0,279581.3275957734,19868926.0,246709.35833375726,92131541.0,816437.1743625284
3068241300041100136,12053550.0,120913.60271299805,9024309.0,131440.36188366645,11973220.0,127034.24237858519,51372036.0,396331.41104526306
3068241300041100150,6647038.0,81808.64306597132,5216839.0,90401.58172500563,6458461.0,85888.81735841179,27508953.0,251864.66562022746
3068241300041100152,5896272.0,73967.49070917309,4771894.0,83888.02856416201,5682634.0,74872.6476964896,24411750.0,228124.44096207115
3068241300041100154,15163013.0,177135.1044741961,12151620.0,211328.66208339046,15247903.0,187194.06668862764,67643712.0,649841.7826958434
3068241300041100156,18723862.0,260135.25337329152,13925348.0,268672.7648828515,18303290.0,269010.7766102855,79060026.0,774814.4613379978
3068241300041100158,47083715.0,508602.13413348474,39883448.0,603260.8820418236,46959948.0,535790.2942919915,203563771.0,1580207.422156298
3068241300041100159,66551345.0,920419.6746685172,58471663.0,1112375.1536958558,65235725.0,966736.4070606143,280897565.0,2835107.760034916
3068241300041100162,27481667.0,387128.1410895752,24264952.0,467745.1819467271,26983448.0,403879.68067849753,117371002.0,1182762.1166090488
3068241300041100164,33992667.0,420284.1062079118,28426578.0,498296.60563225794,32520365.0,429402.0809977093,139058644.0,1294255.4178404463
3068241300041100166,29276922.0,328197.6771855014,22865077.0,379254.29611117067,27823746.0,337331.12901091547,124048337.0,1057035.2380888562
3068241300041100170,33806769.0,297074.2949488901,27274105.0,359230.2133645514,33970272.0,310216.6152238886,150083940.0,1035705.1639230706
3068241300041100171,37188118.0,337380.4451721392,29222805.0,359647.86061545514,36178792.0,341666.320281103,157893830.0,987176.3647610575
3068241300041100189,41660144.0,421295.26490232744,34272026.0,522176.5880129916,40951724.0,440492.34072550456,184675520.0,1505887.310576575
3068241300041100193,14609397.0,226335.094718676,12202786.0,259393.60554702382,14422389.0,234068.9071419344,62263160.0,706013.6545568098
3068241300041100195,16238335.0,254955.61876613594,12984581.0,278065.5050609755,16155336.0,265650.3506614266,69343682.0,792948.1405724811
3068241300041100200,17503607.0,203408.42124307025,14561792.0,267062.8898776771,16761136.0,210587.10318105473,81780483.0,800203.3616107475
3068241300041100210,10558620.0,154891.8218998081,8172995.0,172292.40988744854,10317412.0,162464.0422520481,46076159.0,500612.8944214626
3068241300041100213,14490083.0,154099.25647390418,11596176.0,167271.57112266478,14191735.0,158832.13516593855,64044837.0,517902.8918439173
3068241300041100217,20896844.0,274598.3991862447,17258173.0,301222.3386560744,20526093.0,283202.2092028601,91975827.0,911418.8296433261
3068241300041100230,30066505.0,430913.85618213995,22825192.0,460846.7569175587,29013260.0,450220.10033036163,130145996.0,1382423.3162739435
3068241300041100235,57106844.0,814676.1829412153,43503231.0,876904.0748767098,55180077.0,855668.9913488096,248453629.0,2621583.015816276
3068241300041100238,16751470.0,187761.45449406275,13283414.0,241815.33102884318,16240981.0,195769.83290823048,77320931.0,704655.0967585307
3068241300041100240,29493822.0,337875.4156476904,25462030.0,462418.5477428318,28303312.0,344938.734742051,132535669.0,1242312.0304191592
3068241300041100243,15898294.0,238740.30817941212,13535321.0,276070.0087683208,15131904.0,237924.9465172037,66758601.0,747697.2941322341
3068241300041100246,29786050.0,326762.6049543663,26820277.0,433413.0978239674,29147323.0,341496.2870629593,129691280.0,1133319.695872148
3068241300041100250,23255145.0,335111.45781204244,19606638.0,393710.8000767363,22641245.0,348288.6875215427,104079057.0,1077627.566860286
3068241300041100252,19609453.0,211192.21397897968,18465880.0,336451.0346816272,19410841.0,223180.86526335066,92149048.0,953499.0377805001
3068241300041100254,15586570.0,193620.57713788084,14370163.0,239930.02977936095,15316151.0,198787.75263695273,69832240.0,657450.1526630782
3068241300041100257,19885788.0,285883.32925892633,15856647.0,319087.7266152446,19007413.0,293836.4139698605,84280027.0,898722.9953372906
3068241300041100260,39882472.0,561982.1499363941,28971214.0,587590.5355371637,38488900.0,585991.1760552669,174249620.0,1803789.8915667299
3068241300041100263,29722269.0,330129.5915516772,21843361.0,388384.37104254327,28605831.0,343265.84012495185,135753312.0,1197023.0461096554
3068241300041100266,13142237.0,195669.5855774203,12079449.0,245090.05307761984,12798832.0,198188.40584308538,59655388.0,659000.3905837323
3068241300041100272,19714324.0,273676.4646373699,14876596.0,298858.3757851453,18840792.0,285265.98569603945,87323034.0,865621.2067922587
3068241300041100273,3812226.0,53625.070078805365,2934349.0,60408.20016857706,3641931.0,55146.257841512765,16906840.0,173759.2013738005
3068241300041100277,71147503.0,986488.3648213064,58534655.0,1154794.813986247,68868345.0,1032187.8369801212,317213005.0,3172177.802268615
3068241300041100280,14559643.0,208797.81929973594,12600568.0,252131.93360181537,14129040.0,221724.05469460963,61766287.0,668373.0239176201
3068241300041100283,5264353.0,77294.16689436852,4545590.0,95284.0259462093,5107606.0,80387.19045483638,22376873.0,241868.61202187045
3068241300041100284,26053819.0,373116.2700139749,21912567.0,445180.92373514886,25347467.0,394443.8942303675,110844816.0,1190141.690280259
3068241300041100301,41749406.0,592580.5153149882,39432018.0,774658.0846947741,40417933.0,606924.142282737,187297449.0,1914723.6763905662
3068241300041100310,17813043.0,196828.11645689092,13162854.0,235569.1616970886,17192636.0,207138.34234837544,77926732.0,701449.436541893
3068241300041100313,28771291.0,396720.308755974,21448722.0,427406.6028039798,27409560.0,411408.8585500953,125143107.0,1234245.553403785
3068241300041100314,11879712.0,129397.39043632668,8187618.0,147720.19811992033,11502548.0,137061.24853218536,51985549.0,466069.0954443913
3068241300041100316,17167217.0,252965.6017600242,14417355.0,288545.54007766204,16906141.0,260734.2235592742,76163633.0,839269.8325479563
3068241300041100319,31887977.0,361813.1685424339,26672301.0,422379.5849963596,31299745.0,374561.0259088713,139479675.0,1232661.5385539997
3068241300041100322,23087074.0,315001.43500061124,19753191.0,393886.1407792312,21602235.0,318819.61992096575,101263108.0,995020.2877159042
3068241300041100325,38734397.0,546032.598249401,29201915.0,579791.7475069436,36963917.0,561856.1638486744,163447882.0,1659327.4064078531
3068241300041100337,14569835.0,206798.3047058311,12780761.0,251822.08892811052,13936923.0,208864.37455746188,64670651.0,659281.1616149966
3068241300041100355,31850236.0,343945.77524458873,23867118.0,351685.7427296642,30720633.0,348751.31017779134,135863769.0,1138024.239816014
3068241300041100359,38874730.0,419128.2029982679,29704249.0,540673.2874053356,36980948.0,439519.0591631752,171006548.0,1557162.6928873926
3068241300041100369,26008793.0,252066.31674029777,19297130.0,291929.9063834632,25116118.0,258503.14050742314,110652847.0,932945.5174900291
3068241300041100374,29492323.0,325234.9791069378,22457909.0,404801.36565329426,28079191.0,334513.70106214384,131191309.0,1185760.468624641
3068241300041100377,5625462.0,81144.69075814428,4245497.0,84971.15489610498,5340421.0,78833.12552757828,24535254.0,254692.26793853147
3068241300041100383,14562799.0,157375.96026365727,10973839.0,197467.71637175867,13911651.0,165088.55527464458,64397646.0,586037.9727307311
3068241300041100392,22962806.0,256185.43747691155,16812952.0,307767.196839138,21865436.0,266843.37143811665,99699685.0,936159.0652673503
3068241300041100393,4667641.0,64875.34829724328,3619911.0,71078.218571221,4525134.0,70511.72316389976,20660899.0,209858.56476010897
3068241300041100394,16670227.0,237956.18454681875,13285095.0,259345.19577330298,16093123.0,244012.75010537484,74682167.0,758826.4289851228
3068241300041100405,19535758.0,216118.6615571814,15083723.0,233305.61361231242,19022678.0,222486.69750339023,85698463.0,726233.8621053235
3068241300041100409,24362929.0,231933.06630161588,18397936.0,259351.56173231718,23555805.0,243478.83072544553,104487963.0,817523.8642765715
3068241300041100410,14735451.0,212020.83505492785,10652915.0,209216.22607045888,14284277.0,219536.68084891027,64181067.0,657953.363826338
3068241300041100416,23933016.0,342908.83609859477,20108736.0,403473.1459351735,22906123.0,357079.5907725722,105827956.0,1131895.3830963322
3068241300041100421,5129630.0,78277.53391216726,4049984.0,82968.28983878775,4933060.0,78402.55045709279,21402871.0,238051.93011322638
3068241300041100430,32304347.0,363340.89429829497,24465302.0,435203.90100513765,31267278.0,379185.517838355,142016635.0,1322738.248679426
3068241300041100444,37624915.0,552648.4755822587,28085283.0,566281.0337003692,36572971.0,576980.3558569025,163330472.0,1707807.0862230193
3068241300041100453,17872688.0,203327.99083951276,15160844.0,276258.2413061482,16984338.0,211260.72723273197,77537898.0,736301.7152305795
3068241300041100462,33269250.0,491038.868933525,24961152.0,503626.1301634461,32078103.0,502668.35216345417,145899682.0,1524745.8025887161
3068241300041100464,46695570.0,508841.72795115574,38562324.0,659062.4187826486,46778945.0,533086.8038112083,210646816.0,1957369.641760793
3068241300041100469,146350857.0,1746090.214090789,139298373.0,2497956.6460573273,139156333.0,1798231.9251394323,642728521.0,6248237.93631267
3068241300041100473,36515316.0,420729.65443843685,31349302.0,560790.5249455052,34524241.0,427816.32038915437,150257198.0,1406063.0621576821
3068241300041100480,16744756.0,221204.6873586101,14556720.0,269338.8319300426,16138412.0,225706.37431283284,73286313.0,685299.1008608375
3068241300041100481,17345931.0,229567.34367491357,12917839.0,239702.9521576802,16746340.0,233586.23487223696,74467902.0,697591.3425881108
3068241300041100503,8235473.0,78409.46777895176,6312070.0,118034.38377149095,7971596.0,82261.69161510615,34563848.0,331171.4119574013
3068241300041100507,17825759.0,195255.21483677308,14057108.0,298892.25033442536,17073209.0,199356.53855274283,75436057.0,872158.5443745871
3068241300041100513,4910950.0,61809.806654855136,4431120.0,105867.34996377409,4702650.0,62916.797532685654,21133059.0,275329.31360000256
3068241300041200062,17655525.0,230950.50803896456,14036843.0,264884.79130716604,16955503.0,239803.32048561703,75135223.0,731624.8543855943
3068241300041200064,20480133.0,276005.0269540809,13866519.0,267858.50212586706,19495971.0,278319.4993815052,90333224.0,882963.8331700064
3068241300041200070,52474208.0,614688.4476235785,38888843.0,656725.0291694619,49516948.0,631501.0209845271,224655300.0,2051760.0060761943
3068241300041200079,41710278.0,463074.5734171568,30495649.0,515784.01703092625,39614824.0,481246.05250026914,179354805.0,1527677.1542992382
3068241300041200082,18830498.0,211229.46930843632,13565293.0,228252.87218095266,17840747.0,219675.27115327795,79897436.0,700048.6692072952
3068241300041200090,11364117.0,148245.20219170587,8940594.0,163739.4473052658,10921487.0,155260.8205058761,49104206.0,467930.1757944197
3068241300041200093,21611276.0,279712.83256442595,16381850.0,307839.4513624398,20717767.0,291934.84494062,92091306.0,887983.754392199
3068241300041200095,8265728.0,109411.22214117051,6753935.0,124514.7866571123,7972899.0,112237.49116405059,36087270.0,349129.6483008222
3068241300041200098,32253906.0,424905.0859448516,23569072.0,444784.19948412554,30622393.0,443707.9709996573,135182489.0,1324161.6339379137
3068241300041200099,16055387.0,156061.2409968152,11487031.0,167218.74819432863,15474523.0,159978.44784076422,66214222.0,516989.4577121207
3068241300041200103,34591174.0,395835.4894685693,25129491.0,425221.4995667994,32692948.0,402778.7287094405,146365983.0,1265594.9832989129
3068241300041200104,46156949.0,457547.64805009024,32456457.0,469112.2527421654,42787539.0,460143.5102036583,201387341.0,1580709.5395595052
3068241300041200111,26306133.0,345806.7864442366,19997792.0,374899.33655655594,25561449.0,363030.718691441,113483560.0,1092729.2298753
3068241300041200119,32520041.0,345619.3925614561,24118763.0,351331.5959529698,31543574.0,356164.20862604445,139440476.0,1140483.2532963485
3068241300041200123,14361182.0,200083.4074707256,10055522.0,186575.40676359335,14012056.0,201152.11940944163,62240868.0,618466.2777856935
3068241300041200127,21898624.0,219432.37591320503,16500644.0,248875.30447299697,21257288.0,224148.56425879206,93542369.0,781200.0772163299
3068241300041200148,5759894.0,79391.88964815061,4467178.0,84871.25969229151,5547284.0,81588.60097604948,24470514.0,256412.94221926728
3068241300041200149,20062761.0,270363.68242369493,14719066.0,280693.93512490677,19361137.0,283712.30881137104,85150543.0,835455.5855409143
3068241300041200161,19129818.0,224907.35574031097,13982733.0,236862.657962678,17520396.0,217201.17369880105,82830897.0,797564.8257683686
3068241300041200162,34219169.0,463849.2874692966,24809139.0,472032.11929636647,33238017.0,484829.3709644115,143222059.0,1391609.3126334404
3068241300041200168,4674606.0,65553.99848881224,3188465.0,62852.36074129924,4611086.0,68798.44721966118,20659984.0,211784.21887391285
3068241300041200171,5780533.0,78701.27448976152,4654610.0,91118.89543859819,5722565.0,83654.6885759511,24809327.0,250663.63285002112
3068241300041200172,5877185.0,82236.50082363083,4933301.0,96112.62896206262,5822436.0,84628.41846996719,25517981.0,257293.73792925314
3068241300041200175,14711807.0,205766.9457942116,10905315.0,206431.49163582857,14333389.0,209748.80807123368,61772258.0,605491.8650526381
3068241300041200189,56467301.0,633646.2385891352,48710550.0,748090.4649447622,55804480.0,668762.8654113094,245567213.0,1932145.9012251333
3068241300041200190,28487579.0,342682.48353597906,24887184.0,423820.497845606,28072534.0,361267.88295218174,125868435.0,1090893.3471274057
3068241300041200195,3757985.0,42235.22368200207,2809749.0,49491.669444206615,3776345.0,45322.43133500576,16869032.0,157142.31484192543
3068241300041200196,29424128.0,321403.5648545065,22120839.0,328491.9075936409,29225863.0,342626.2938868892,127064053.0,988858.7339724211
3068241300041200197,15150620.0,163738.96632449052,13714500.0,206744.23777272587,14891764.0,172924.40689396596,64557832.0,493196.1179823722
3068241300041200198,27779765.0,298671.10312613635,21316332.0,314203.60693623225,27102338.0,309397.08010648657,115457670.0,848508.4065156315
3068241300041200204,52897917.0,469570.1486233694,40312933.0,530466.6703985912,50997251.0,479930.5745575859,231857921.0,1565176.404669869
3068241300041200206,17658328.0,195940.31361203484,13587468.0,208095.26104590678,17328646.0,204606.93757779236,74158239.0,579526.5447841915
3068241300041200208,20701780.0,271582.8162501758,18275362.0,321088.32082777674,20463777.0,287125.1880982603,91403862.0,881482.1287332547
3068241300041200213,9115687.0,94071.0969622242,8084296.0,126509.52490446741,8763367.0,95923.37727397894,40428654.0,355204.6305444935
3068241300041200214,11139337.0,107357.81004069149,8727258.0,127658.49547718838,11266096.0,111021.97065507475,50502875.0,413005.4530434152
3068241300041200216,14585705.0,155964.365451411,12989149.0,212318.08774253522,13879598.0,156607.31761874966,66700562.0,586329.3779766597
3068241300041200217,4237180.0,51630.614205830934,3817345.0,64461.455682517786,4084996.0,52765.27012585254,19083934.0,179219.2811701922
3068241300041200219,60436422.0,691620.6932721986,50310065.0,855195.7223958299,61101478.0,741170.8201576724,272141396.0,2436247.7007682375
3068241300041200223,22914922.0,344002.9944583148,16759488.0,348006.1258668297,22262543.0,356841.644627789,96478658.0,1055277.2837707247
3068241300041200229,17002524.0,204577.35455864354,13184349.0,243179.69957182268,16294686.0,203936.9728688987,77785399.0,755269.4935529418
3068241300041200234,15046314.0,222651.0449417967,11762161.0,240710.07721372263,14700611.0,234949.09354830405,64707464.0,712415.2070466966
3068241300041200255,9649351.0,142602.00173839016,8195602.0,180647.61888397724,9422626.0,151627.06279521296,42140334.0,468385.2293331997
3068241300041200271,3561570.0,50490.482078141344,2853682.0,56294.38248651843,3449683.0,52319.633345939896,15628991.0,165289.6977830339
3068241300041200272,25101376.0,286046.921605228,20562907.0,375659.10811131913,24164460.0,296525.6375970867,115143456.0,1069973.5223455415
3068241300041200275,6922322.0,100139.9973986593,4708426.0,95303.87830234627,6799892.0,104259.34203130675,29949637.0,321330.2451245616
3068241300041200280,4900273.0,56309.7724846055,4051003.0,72706.59116728912,4678273.0,56825.54290025784,22077983.0,200057.85293581156
3068241300041200288,38035716.0,431866.92648545885,33217449.0,615985.355963095,36774515.0,452256.34546503634,169734539.0,1626633.6699590813
3068241300041200291,20846451.0,298413.8310748191,16108853.0,328161.49552641046,20347294.0,310696.8816418642,93003140.0,954074.0365675954
3068241300041200293,20215786.0,295638.1103876279,17693843.0,365195.96226416447,19297645.0,308705.8965849866,84758123.0,960189.7439839806
3068241300041200301,8262085.0,116750.43353326179,6474791.0,128406.64159371119,8076064.0,121981.53738556383,37079114.0,379794.22999166255
3068241300041200307,11814962.0,131810.43121585553,9170846.0,162978.8578899731,11367549.0,135440.43260137818,53836998.0,474457.4516680435
3068241300041200313,16267877.0,182237.29856666806,12865891.0,233838.64696666208,15686562.0,192267.0140682864,71790089.0,648603.3153300592
3068241300041200315,61675312.0,685016.2708571604,44996702.0,812283.0905397739,58945179.0,703113.7310658774,273661443.0,2452664.541251001
3068241300041200332,19477771.0,277909.08501175244,14126577.0,289776.0092414211,18668137.0,289300.61427916074,82410016.0,858885.0466785389
3068241300041200333,7611338.0,114521.08273813513,6316243.0,132154.40869251857,7469149.0,116660.46068822655,33549069.0,358611.2876793445
3068241300041200336,21878251.0,317902.7150640282,17771560.0,371291.7360037161,20766272.0,323915.6345313133,90488752.0,973920.7391943006
3068241300041200340,48105705.0,701726.4857293165,41943329.0,844693.5546238938,45736091.0,721062.2229137593,200832973.0,2218124.509940272
3068241300041200341,25953187.0,259886.15521563194,21967368.0,349381.81413293205,25432399.0,266296.28204938927,114487925.0,999478.5070531655
3068241300041200363,12104100.0,135406.340848646,9845586.0,155909.79932081804,11829972.0,140002.19116900547,52907255.0,455437.22269369167
3068241300041200368,16400632.0,229063.28815496905,12162427.0,244117.1550900098,15807292.0,238686.2475741417,71126018.0,723405.681576614
3068241300041200373,32831746.0,478073.8053683498,26241827.0,541666.1980812032,30847848.0,487643.4374250246,137776252.0,1531945.3136397772
3068241300041200378,31925486.0,443474.5051448582,25965313.0,513923.160773553,30657030.0,461327.496113372,143964020.0,1449532.2200075702
3068241300041200381,26397313.0,387921.93857659906,19509491.0,397679.2815238641,25579457.0,397361.1304910656,115750186.0,1276841.1552872262
3068241300041200395,16266128.0,226530.10853732564,12294452.0,248781.50211805425,15458589.0,233683.40333813755,71108255.0,727593.7625888828
3068241300041200418,32908216.0,479802.84258147544,23634926.0,481415.1025506548,31689817.0,500962.1801256049,141010506.0,1549375.0969057628
3068241300041200426,29343835.0,327403.29485738114,22028529.0,393344.98776180745,27804631.0,337987.3477527161,126782672.0,1183027.8496783834
3068241300041200434,36717693.0,530293.6531437424,27679877.0,553254.7069268873,35209526.0,551379.1184561172,160647459.0,1724809.868352051
3068241300041200438,23215341.0,329321.5038257923,18452108.0,369495.1610956328,22255404.0,346211.2747302879,102273026.0,1072596.9829173726
3068241300041200442,20787452.0,298659.7992970464,16374081.0,329100.50489994825,19997004.0,309437.54474826244,91811862.0,970299.875907557
3068241300041200446,16515853.0,192043.9664244472,12511942.0,233028.69115887015,15836448.0,198224.81578257837,70057541.0,691151.5299831205
3068241300041200448,5554658.0,79083.39006033314,4458283.0,90466.37064842384,5327194.0,81219.81100861426,24416457.0,255275.09850031807
3068241300041200459,14969431.0,167728.55397851852,11775196.0,208587.572568542,14321173.0,172023.54713370217,65755356.0,605544.3693369903
3068241300041200464,16821708.0,239157.92921031968,13611344.0,271489.69312170544,16057653.0,248770.85837167533,73779284.0,783771.9000409077
3068241300041200468,31380717.0,466601.2537107286,25462683.0,518775.7778787202,30546324.0,486851.8986610342,134943160.0,1480677.0205988835
3068241300041200469,29542447.0,427915.39679484174,24462762.0,487319.6064282587,28195152.0,440213.9167893382,129768537.0,1368267.1522951513
3068241300041200479,10975198.0,158746.3019671064,9401325.0,189634.10545124343,10563365.0,167107.43111729264,48652475.0,514866.446123207
3068241300041200482,6540075.0,75299.9998749458,5561816.0,103357.21890240151,6259848.0,77020.43163443416,29081627.0,294225.14715836226
3068241300041200496,24430623.0,362856.0196716533,21804405.0,439087.2471728164,23463288.0,377037.1671972105,105787384.0,1141503.1760581373
3068241300041200497,4735575.0,71277.83720482403,3684483.0,75403.566017571,4610859.0,73154.4941511171,20694217.0,212110.6092089166
3068241300041200506,20216847.0,287634.1759610723,16127855.0,316177.3437081874,19834534.0,298277.1140949429,88530764.0,869690.2453888681
3068241300041200508,11853057.0,174754.18834779295,8942157.0,174070.06153531626,11415637.0,173405.65353923687,51279733.0,525512.9048290686
3068241300041200509,15854443.0,171244.73182165745,12911919.0,222097.81808216314,15247336.0,177499.66418830724,67869630.0,569670.7336636842
3068241300041200510,23653702.0,301509.21933123865,17690860.0,317930.9688867777,23251280.0,318088.7643032866,105526838.0,976993.4596772131
3068241300041200516,5995347.0,65033.499336144974,4603341.0,78780.9471415389,5921123.0,66928.51636176987,26368763.0,232421.50922232846
3068241300041200547,9046630.0,113713.30308250744,6287723.0,163099.61560694795,8720082.0,118507.11751988262,38687618.0,531626.2874073563
3068241300041200550,4581041.0,59400.15870012978,3809860.0,103086.2721873149,4516003.0,63086.50154164895,19944737.0,284372.4412286174
3068241300042100039,105945294.0,1286317.1064253235,74694282.0,1304115.5263365554,104128056.0,1318807.9767459664,464735075.0,4324094.950358579
3068241300042100041,19300758.0,234122.7810226009,14417096.0,254590.82013506067,18996945.0,241770.33113854658,87029665.0,822541.7347085817
3068241300042100044,113549975.0,2315888.9407490725,84261196.0,2062920.394565415,111580079.0,2327596.5511390525,525842519.0,8588732.531383794
3068241300042100047,101026519.0,1864176.2990708586,74369993.0,1620198.1180392248,100621759.0,1917848.79815655,458070164.0,6195971.255620996
3068241300042100049,93621614.0,2318640.7845206587,83500932.0,2061097.871023921,88994395.0,2326920.0735531347,426905657.0,6734400.4936219575
3068241300042100052,11355704.0,827659.4231099957,8052528.0,600396.3617202387,10779270.0,797889.5975553362,48154586.0,3256527.9102830864
3068241300042100059,2727804.0,252080.6131964844,1904125.0,182216.8008791138,2660741.0,248254.83163433126,10980857.0,983149.3233217285
3068241300042100065,7785515.0,430566.0842322884,5614299.0,315242.70091586804,7757883.0,432731.93140214466,33872215.0,1635141.5822927647
3068241300042100082,22139896.0,275896.75901789,18419520.0,347484.3192917132,22078970.0,288071.52161021123,104472266.0,1043516.8916187398
3068241300042100085,18206587.0,209782.62339890006,14395828.0,267478.13866653806,17830890.0,218683.78715026058,86211712.0,800690.749193969
3068241300042200021,261226064.0,4369306.39722188,187519824.0,3746396.9549833355,255879551.0,4419171.516742111,1165282390.0,13933100.516198914
3068241300042200028,91572588.0,1821820.9479740877,66483196.0,1605467.2454187581,90870525.0,1855974.949639785,422758705.0,6706082.838927158
3068241300042200032,170853213.0,2554708.030871962,128898362.0,2087872.3394254216,168538369.0,2581736.259117935,773527537.0,6921457.981585643
3068241300042200033,111904535.0,3445142.272324195,91056872.0,2811262.795928372,105158167.0,3378454.0224950504,489138503.0,10989819.173313748
3068241300042200034,13101511.0,816976.3713818779,9592411.0,615576.6951069826,12483291.0,796890.5182107071,55497694.0,3131517.2939460976
3068241300042200036,4919999.0,329962.7430661758,3268685.0,266206.8506625168,4753435.0,323299.93883487,20827279.0,1532110.9508730343
3068241300042200050,10140058.0,122939.26813660715,7719529.0,137979.54290861535,9867803.0,128057.58259940727,46001616.0,438127.984747606
3068241300042200051,48930268.0,601979.2803508517,39275994.0,705852.4617423818,48913295.0,623911.0103332573,230913844.0,2007166.2856515553
3068241300043100013,21800553.0,401751.0736531763,15677376.0,310671.67311223526,21595294.0,407881.8248106471,101677668.0,1061938.0827029054
3068241300043100016,13396002.0,234091.95691045077,10310552.0,212042.23031077132,13341643.0,247381.71546918477,63194642.0,656676.5270102771
3068241300043100024,52867326.0,921074.405964298,42929470.0,829875.3573069203,52576121.0,956815.0626748416,256524737.0,2595153.435023123
3068241300043100034,70035977.0,1211577.9392201914,60529617.0,1181850.696278519,69264878.0,1255491.3117588817,344054029.0,3496050.990280237
3068241300043100035,5157045.0,88772.80085343159,4732370.0,88921.67131018486,5093027.0,91469.34090621897,25695009.0,257417.85624819578
3068241300043100042,55152158.0,939967.7587176011,48597915.0,916826.4820892892,54960090.0,982576.1245715367,268402578.0,2693887.145390964
3068241300043100051,79373252.0,1336314.3917613088,65641545.0,1235246.6990420267,78862698.0,1389085.3221855636,379874431.0,3700757.5746741425
3068241300043100053,44853571.0,761457.0370289006,34117821.0,637632.0415976889,44634755.0,792846.3396793599,212325064.0,2080647.5238172878
3068241300043100056,9345578.0,158498.84806004126,6842838.0,127645.12781667919,9178023.0,161821.0120281687,43462986.0,423062.62330522755
3068241300043100057,101898774.0,2129883.628357491,75020821.0,1403555.8291227927,99846372.0,2168472.630431704,478562341.0,4697934.0952224685
3068241300043100067,6990747.0,121239.5208414757,5275595.0,99573.25081300463,6893520.0,126060.54643197096,33435943.0,337550.91526040266
3068241300043100068,4168979.0,71188.51042907343,3203635.0,58432.14672847949,4136368.0,74823.48777360146,20094969.0,198237.5235319501
3068241300043100070,12131319.0,207092.41281608265,9158472.0,170542.76558746042,11979463.0,212822.20691966143,58147026.0,580794.0418258507
3068241300043200003,20903966.0,1044367.7543605978,15392799.0,773212.8439977348,20974966.0,1066705.0124452082,91659841.0,3845711.6212448226
3068241300043200004,11172208.0,701608.4413645582,8263821.0,523945.43272751913,11191920.0,712786.8972485289,48294292.0,2674843.1695940723
3068241300043200006,7764768.0,595548.5083885492,5707519.0,449870.34520982625,7795407.0,600646.0434715715,33512863.0,2391341.2495116955
3068241300043200008,21096351.0,1037265.1176787026,14492455.0,718904.8583340549,21143801.0,1050906.2638098558,94038682.0,3823242.8768404555
3068241300043200009,2904859.0,196613.48777111122,1821915.0,177459.75100399903,2941849.0,199100.92683481448,12239179.0,1095404.7884002016
3068241300043200016,104934615.0,1906370.573593931,75130518.0,1485431.6814891489,104862452.0,1979599.0867312565,496039992.0,5217592.55946008
3068241300043200024,83628300.0,1476657.8751236158,64764182.0,1253080.3929340052,82822824.0,1529041.874856813,402025584.0,4193426.5902155414
3068241300043200034,66189390.0,1137383.7573922307,59745736.0,1162738.1761987128,65828588.0,1190772.7006828627,327080460.0,3312602.8287471887
3068241300043200035,43083411.0,727429.6212860619,39174950.0,748043.725778377,42818707.0,765289.7828510484,211928639.0,2104907.036221685
3068241300043200040,10754879.0,183787.66976087374,9202943.0,178014.96733795333,10719912.0,191338.30773863292,52087651.0,526150.4101791506
3068241300043200044,83360385.0,1971090.7603038272,70027100.0,1563409.2304239608,83013065.0,2021527.5188948973,407396605.0,5474952.949616546
3068241300043200051,43579495.0,731090.0261009564,32558810.0,602316.1507717316,43150678.0,756573.2693903758,204531400.0,1987924.2414311199
3068241300043200056,79590171.0,1813809.8629708944,59810442.0,1295889.2434208335,78179798.0,1849573.190667818,378204766.0,4851040.229769262
3068241300043200058,30706586.0,520385.0229806623,23154395.0,435142.97165306186,30019174.0,530127.6539650519,145139687.0,1429723.4437452927
3068241300043200060,64502323.0,1094849.2217437136,50041661.0,941053.3424156785,63361864.0,1133617.2295065268,309438717.0,3076678.8193626874
3068241300043200061,3111570.0,54812.46313385644,2307287.0,44426.22487514481,3043221.0,56815.51616456198,14637016.0,150437.29811698452
3068241300043200063,11237163.0,190862.35796573578,8588831.0,170185.10839736744,11089195.0,199654.0867024243,54029610.0,529782.237598479
3068241300043200066,107121048.0,1846581.1748661506,79297103.0,1491971.5425942787,106402981.0,1930166.2378852218,514522987.0,5109320.590220265
3068241300043200069,22369210.0,391113.87996735383,17256405.0,328319.64370842534,22099922.0,408599.86683151516,107699797.0,1074474.6932859928
3068241300043200071,50578323.0,760350.2638967447,39668716.0,664109.1756797691,50064221.0,786884.925690602,240385507.0,2062342.3998761252
3068241300045200076,3122633.0,48188.01303298177,2541623.0,37604.67659172122,3024918.0,50974.686960841864,15032568.0,115993.36993111517
3068241300045200077,36023078.0,485157.96227451693,34477071.0,741219.8333641343,35497294.0,514409.85980809596,176041886.0,2067917.1303086195
3068241300046100011,101510814.0,1663629.3275897922,183223090.0,2976410.404500846,64429730.0,1102419.0396305535,779803894.0,6311063.232203982
3068241300046100020,153799263.0,2445531.1239543473,754678603.0,8789347.539962258,84867502.0,1408064.690483714,1365311489.0,10057883.967169985
3068241300046100034,20116715.0,314802.692895127,18702422.0,347701.0695560487,18910981.0,307890.28104536625,90403162.0,855842.3955412289
3068241300046200023,23265842.0,247464.46064994752,54586460.0,541781.1334683073,19930756.0,237551.64123026942,151151250.0,1152961.2966494795
3068241300046200026,204616250.0,3144936.909738805,687838489.0,10176209.576845625,146968398.0,2523129.0190664395,1707273420.0,13246086.636419311
3068241300046200031,11656698.0,194878.35418462122,9957482.0,198868.40987888075,11360719.0,204002.3192864039,57449554.0,624019.208935157
3068241300046200032,14248169.0,243111.15867733027,13596970.0,286902.8319777594,13962717.0,256365.44534933424,68395530.0,764938.4147710634
3068241300046200037,12330369.0,144612.92268584415,10144255.0,168915.37139928745,12144718.0,151224.89682730945,54167207.0,489672.20804724947
3068241300046200043,17385762.0,199679.4733631698,14424463.0,241850.43811789126,17449809.0,209397.8160279507,79477397.0,713016.6997329093
3068241300046200050,156802963.0,2439881.9432175504,399512509.0,5816212.384758005,107002515.0,1812681.986300955,1256281006.0,10218972.762720624
3068241300046200053,132793699.0,2063922.5833949766,600730722.0,8333291.060997257,76068378.0,1263121.0678073945,1075538793.0,8077027.473626744
3068241300046200057,230440724.0,3517159.1557989623,1332852206.0,15626914.375264466,126056797.0,2095927.916015574,2033999920.0,14665460.640261164
3068241300046200059,30157013.0,334309.740738236,26074527.0,416623.03799566644,29141930.0,341498.1073424485,139476077.0,1185053.8587017255
3068241300046200060,49283772.0,786553.0677453694,49247723.0,908732.2225833933,46140795.0,812805.9835521183,247565983.0,2542729.194225543
3068241300046200062,98197934.0,1419613.7337468022,859204954.0,7473611.411815617,64311601.0,1073963.6991975596,987752132.0,7120562.408033457
3068241300046200066,21139454.0,228883.86960700384,20558919.0,334096.5681953252,20343854.0,238965.04483448062,101589573.0,849317.6601624837
3068241300046200070,103508876.0,1181053.3012856098,237363582.0,2839796.09310766,67354379.0,790957.4960226484,701818497.0,5008805.932963356
3068241300046200072,72533144.0,770084.879481817,199853884.0,2048241.3832587425,44232869.0,508355.21873857954,509328349.0,3151146.3073408473
3068241300046200078,186600403.0,2207018.6044460596,778897119.0,8032326.717390232,81746205.0,991031.7419169968,1397877244.0,10018568.307154266
3068241300046200080,281541989.0,3046378.23395015,1027620279.0,9621361.265280124,124012696.0,1468575.280076645,2055077574.0,12196334.269230993
3068241300046200090,18827651.0,196548.9944719184,35953581.0,437961.05277392163,15283281.0,180722.69258413138,116801667.0,800465.2845591112
3068241300046200104,16660241.0,174650.97808510033,14193319.0,222642.73552537567,16394760.0,181535.4062105267,79055490.0,660591.3887961453
3068241300046200106,12717441.0,133537.4895545346,11135278.0,168215.2133107328,12490766.0,137697.5996162956,62931725.0,528822.2933792523
3068241300046200111,4041520.0,47410.15191648022,5636536.0,98056.17858279476,3901829.0,47778.34910951556,22049146.0,194277.7440008633
3068241300046200118,13783337.0,161133.3108587648,21603547.0,389980.0469799791,13200376.0,164349.85588614488,76789764.0,739560.4737917825
3068241300046300005,25434193.0,366003.82112065353,130868470.0,2453326.982793883,16710218.0,274431.92409925256,207684798.0,2250602.648657458
3068241300046300007,70411495.0,948136.7777638428,381806854.0,3314299.693498618,46216083.0,769088.300985094,591872808.0,3649050.5535334037
3068241300047100003,86163112.0,1287955.6173925826,463354679.0,5247355.730757,58206538.0,976033.3931483948,684047334.0,6033411.801012336
3068241300047100015,21620541.0,370815.1116834304,57279927.0,1287636.691873537,14781296.0,252585.87898763575,151006736.0,2034384.3266448164
3068241300047100022,71867778.0,992213.0193195036,418186081.0,3886815.5726531735,26302504.0,317510.8228480008,608307709.0,4444980.549910296
3068241300047100023,33555920.0,528007.4403618154,156858081.0,1663667.1073522675,12258792.0,123501.70327208187,254814188.0,2371998.8873739797
3068241300047100028,57073967.0,731219.8730987106,311234420.0,2333739.0835883417,17775665.0,152025.34688973476,412876896.0,3188237.2772372514
3068241300047100029,136807341.0,1324375.0698020936,837348761.0,6639792.934987383,43029522.0,393956.15747185785,991131985.0,5063883.940064009
3068241300047100030,79544835.0,1112392.0510686217,762709764.0,11148532.943147484,25163301.0,279550.88859783113,720425201.0,8301524.479352358
3068241300047100033,55516433.0,762960.7819476456,379105750.0,6998531.045856052,21487907.0,191171.51145349324,463372990.0,5980271.740029421
3068241300047100034,30880670.0,363311.5226021152,185374723.0,3137192.7126897643,9974827.0,101392.3201369364,221046171.0,2585942.755611643
3068241300047100035,67972132.0,1052485.5681350045,321627846.0,4193768.7318212,24022442.0,259597.16208279267,461382290.0,4096374.4114656434
3068241300047100036,41022840.0,323364.7079266253,207100991.0,2414661.9362911885,13775264.0,134458.82035569698,268662897.0,1888389.05677247
3068241300047100038,11008728.0,111550.81435642697,52215723.0,466813.4728587463,3645792.0,36860.38981887429,72590445.0,546077.6698220684
3068241300047100039,125578011.0,1135215.0950427926,732434127.0,6188716.533063096,77075083.0,754983.0096546856,895858519.0,5858926.009507776
3068241300047100040,87957013.0,1424174.9002375426,470201630.0,7358033.924716614,32471232.0,351579.341893369,613884765.0,7350766.803391559
3068241300047100042,24311150.0,267212.0950172116,132164047.0,1415049.0369627113,7455959.0,75011.3593484509,158743158.0,974643.4103662099
3068241300047100048,52199965.0,418414.25059478026,316061379.0,1146343.9916834615,16304866.0,151227.24146768468,359733409.0,1026309.1403014072
3068241300047100051,52152161.0,490238.2676578118,228422053.0,1580377.0009139362,13811233.0,134423.8233056318,338427931.0,1662170.6934699824
3068241300047200026,34290727.0,245858.13772862888,33199858.0,340402.8680784889,32785801.0,247235.5169948922,167837339.0,967408.0813376114
3068241300047200032,57945806.0,495129.25006768457,61132304.0,715788.7243846811,57061260.0,516392.66537049756,271992915.0,1724000.58072586
3068241300047200033,6906218.0,56123.44385492314,7456566.0,83180.82748630483,6792226.0,59120.8174446808,32951007.0,211246.73104136376
3068241300047200048,6600825.0,73521.9847530771,6254768.0,95561.9057653051,6503869.0,75380.19135301409,32104057.0,251690.68354523013
3068241300047200066,60350017.0,933282.219976703,245599983.0,3607256.3049424174,46872068.0,802794.7236377714,437983113.0,4224252.54594633
3068241300047200070,197451236.0,3255164.0705924276,708719474.0,9960150.474651411,110719157.0,1863066.934985192,1530380406.0,12515265.329518955
3068241300047200071,29664913.0,467243.53227588657,116797830.0,2080845.8523448224,22398067.0,382134.7983894665,210545848.0,2118378.9604588333
3068241300047200072,11294695.0,191697.52943153892,31339392.0,623143.7224116082,8177423.0,139406.70672416594,80493379.0,1015244.7938498221
3068241300047200073,157346508.0,2647747.9260265124,538417485.0,8295766.5462261615,82891257.0,1433756.1444870236,1173064983.0,10354840.317184245
3068241300047200075,196296141.0,3309805.318492788,673876988.0,9352040.628359035,98985249.0,1713103.475799406,1483950436.0,12796981.259477975
3068241300047200076,180638799.0,2567134.447769065,908791160.0,13024611.791410735,82636332.0,1081665.783190888,1517665070.0,14208406.816735731
3068241300047200077,58881521.0,677896.5346181282,312501218.0,2902873.143957801,34234304.0,465732.8894285078,513607353.0,4032574.296694304
3068241300047200081,162330538.0,1884439.186980507,1800467194.0,19028802.240495432,79386045.0,976623.4454339946,2080338565.0,15625356.812792674
3068241300047200086,31946211.0,368404.60150900815,90445972.0,1205922.500424325,28717131.0,359683.9488924168,215492637.0,1809558.1499286185
3068241300047200087,82634364.0,1225973.091519257,543058643.0,6003983.597302287,41317788.0,516387.31470940384,771411255.0,7418086.537666064
3068241300047200088,120290081.0,1326103.8426233162,997563551.0,11016182.150362737,85082986.0,1048529.8523531872,1372047813.0,10821234.944467241
3068241300047200089,5367457.0,55290.54664649865,23866343.0,461108.2040314741,4609554.0,55973.8199192664,43378731.0,450258.36636426294
3068241300047200092,90526849.0,731860.4052305904,413583313.0,3676643.2615131396,67088161.0,813823.178485942,588368738.0,3591424.1831140136
3068241300047200093,36552014.0,546418.2991452103,307801950.0,4134881.43612835,16224008.0,204515.27136793503,373573187.0,4274807.904037876
3068241300047200094,85893141.0,788374.063574973,230669276.0,2596491.735762374,67160028.0,712283.3894878512,501826151.0,4109490.6208745227
3068241300047200096,6026059.0,46716.95155728332,27359175.0,215722.88417917723,4079198.0,45157.96886219115,44014793.0,259951.52317303434
3068241300047200097,9367342.0,85531.88926065106,51526615.0,702689.5765729664,5504310.0,48948.6302642531,76553741.0,758903.5727033097
3068241300047200101,132499130.0,1779825.2733263038,889279467.0,11206857.30082015,50554142.0,586521.2829673905,1147316713.0,10459933.39933636
3068241300047200102,74461391.0,738956.4538941872,593094173.0,5614115.263550649,38919479.0,388053.6318729216,606986708.0,4646212.132747211
3068241300047200106,153057020.0,1339404.1230210364,1372094182.0,9612081.252618084,60331326.0,604587.4375951495,1480653115.0,9008126.08286866
3068241300047200111,122906027.0,1355875.2575760202,1179204460.0,12669425.666341491,41295593.0,432700.6870396527,1148262635.0,9234276.835750699
3068241300047200112,23212366.0,301355.17622697336,101021668.0,1326723.0362760546,11855642.0,127789.1891507821,181100874.0,2254720.1651901267
3068241300047200114,187287080.0,1804554.7480618837,1382106097.0,13240025.260191208,61096094.0,622814.5238407507,1527684238.0,9999549.816650022
3068241300047200117,36736297.0,503182.8021839122,166746145.0,1379407.0919786377,11056046.0,113488.83573518027,221843703.0,1246121.6473421261
3068241300047200118,129513919.0,1295776.0670009276,669274509.0,6680666.737119136,39430309.0,393323.6476491649,916810467.0,6482897.272020485
3068241300047300015,101554954.0,1081055.0793989687,747824056.0,6631952.8922323575,35725204.0,319545.5912420476,902609506.0,6481532.256903809
3068241300047300017,28668895.0,463585.2523872218,132239499.0,1794551.2507402254,7835446.0,79406.66824924576,177676759.0,1476373.5034929153
3068241300048100041,8833560.0,106644.05239484685,7356173.0,125532.3656411121,8731221.0,111619.88517834918,42629578.0,414570.4742653868
3068241300048100054,31390240.0,406410.3545255776,29975963.0,572997.4798081897,30092449.0,401559.70096333756,149712938.0,1575783.161662171
3068241300048100061,76561331.0,788412.5767558282,105821692.0,1490528.768722651,70028279.0,777044.0385908021,436227881.0,3655871.2077376302
3068241300048100072,31617939.0,267224.0585080077,229507882.0,1672441.5531605282,21432203.0,220691.99060647323,306146645.0,1719830.0553179001
3068241300048100075,53500979.0,448725.57234273956,214238509.0,2157065.014264828,38215171.0,388279.99158757844,397648380.0,2203213.346957337
3068241300048200057,3392918.0,42682.63077075429,3298438.0,56079.77330402544,3333062.0,45136.92508436894,15738479.0,138273.54141494483
3068241300048200086,4487443.0,34701.96993519468,4012675.0,43567.58083883258,4549801.0,37645.376914831766,21522057.0,124798.54023503009
3068241300048200101,13013008.0,153595.8322775174,11051503.0,185960.31897179113,12882421.0,160492.66850746804,59724859.0,553724.7274236054
3068241300048200109,10204208.0,103828.71123205192,9356082.0,126601.14526759203,10107934.0,109975.30592481313,50033434.0,344693.19695185486
3068241300048200116,22268991.0,240773.22619236138,21065688.0,296500.9830535184,21965633.0,254190.06510749715,110573025.0,856072.8106460253
3068241300048200117,26094462.0,242871.31373398518,23101356.0,337767.09590745805,26464107.0,258343.1335825272,126177664.0,952845.1312264117
3068241300048200122,10268094.0,111063.15214160601,8527069.0,125112.48099494592,10266680.0,119035.27143676108,51163624.0,392362.77429089457
3068241300048200123,3698923.0,40423.18113943054,3091704.0,45804.81277169858,3696216.0,43540.73556904819,18366813.0,147130.76651202183
3068241300048200130,29117552.0,369442.36739530857,25708582.0,509939.62228331075,28692637.0,393910.6705791747,138982095.0,1569912.1193424559
3068241300048200142,21801676.0,241900.6571731615,20269673.0,297963.8888766358,21999548.0,253485.3980155058,108083051.0,867018.7884941598
3068241300048200149,100932070.0,1286028.8795926908,89909930.0,1774435.1545249678,99621830.0,1362070.7381689774,484694001.0,5314020.742509352
3068241300048200152,17045194.0,216261.03851360772,14970766.0,296757.04418812605,16813200.0,230528.8538728231,80276178.0,844000.3819481223
3068241300048200155,5147843.0,53150.464892703785,4372024.0,63596.24838462823,5138218.0,58644.61326550105,25084966.0,186924.70257674583
3068241300048200160,8361743.0,98195.16065669079,7866032.0,149344.41715271358,8375681.0,104132.24751889546,39908939.0,405940.0562118084
3068241300048200166,28252860.0,358025.6621995562,23916605.0,479518.2391605067,27896550.0,379866.8134947501,138312092.0,1515706.7071824875
3068241300048200170,22824164.0,241650.62997114088,17535451.0,247912.81184012414,22673562.0,254324.6381294736,113505031.0,840455.1913005359
3068241300048200186,20809205.0,236472.18184299226,19712252.0,358147.2460647181,20795982.0,249560.4467768945,100873802.0,1029193.1409656
3068241300048200187,6200147.0,79532.83743439097,5353676.0,107044.24429967646,6148800.0,84615.9519241847,29432329.0,307370.47468582285
3068241300048200188,14031376.0,174811.150828175,11956336.0,239267.22973906272,13946705.0,188523.1064988162,67675153.0,758184.2918202142
3068241300048200189,4845026.0,61009.75000287921,4242855.0,80515.11583586081,4785263.0,64780.53043877846,23909139.0,242470.30145387817
3068241300048200191,9239211.0,79951.09618899593,7819300.0,96755.93074999787,9339332.0,83849.57660256699,44776356.0,295599.33549221384
3068241300048200198,8500932.0,110705.67585418306,8478435.0,175078.4987728001,8431943.0,119230.87765784771,40099586.0,464975.9998439419
3068241300048200202,4821056.0,50521.274277537435,3604429.0,54145.04828907522,4802550.0,53619.30902914555,23997567.0,181848.21996324064
3068241300048200208,11034255.0,139079.010152814,9324686.0,184610.32498871768,11035590.0,149636.0150429138,54479232.0,600710.7707725712
3068241300048200209,2898642.0,30355.470933132467,2796653.0,40271.34017355063,2856471.0,31078.37144067164,14077545.0,112300.97497798702
3068241300048200212,17352716.0,218377.09235784822,16371024.0,318101.1007780301,17051065.0,231743.19289566387,81980574.0,874016.4696869863
3068241300048200221,8524883.0,96278.02681767543,8609648.0,153603.71129719377,8523324.0,102433.32966846773,40303271.0,382862.98527888465
3068241300048200231,9422752.0,98469.66502934287,7996599.0,111214.90200792307,9417963.0,103653.10327187028,47518895.0,340285.8965556934
3068241300048200245,3798821.0,39292.220591939564,3315853.0,47883.068778963265,3745691.0,42680.671575553024,18386936.0,137131.11455555024
3068241300048200276,11239741.0,136832.61308206958,9848799.0,190177.24806418488,11142991.0,147092.04700744987,53986576.0,544063.5156286388
3068241300048200308,5290229.0,63831.61651604374,4964884.0,97186.09663041393,5210304.0,70857.3527245596,24407825.0,262468.54892886546
3068241300048200311,22677899.0,276055.18696483795,22781514.0,423052.4578799655,22271434.0,292831.25553418684,115570554.0,1107422.8067530529
3068241300048200317,9901046.0,103096.23561213011,9030521.0,125782.96006901178,9782129.0,108870.48432785281,46233736.0,347806.01291965833
3068241300048200325,20693329.0,176727.56718054396,19767739.0,241441.36493700478,20773922.0,185479.65297146305,99473225.0,663079.7533870336
3068241300048200335,15189630.0,156737.71758183747,14960621.0,209305.97782872152,14898767.0,162288.17251814617,73959137.0,512187.1026851408
3068241300048200343,27837006.0,309885.9583279387,30729985.0,621357.1906950815,26264220.0,284350.9479847877,140807717.0,1212133.6850249376
3068241300048200372,6179264.0,74230.62440404331,6502821.0,119629.10569390256,5977121.0,76300.85300657441,31080774.0,282622.34084088955
3068241300048200373,4469074.0,52797.712327643756,5160954.0,94544.7656176298,4303202.0,55414.96122824082,22810357.0,218246.07979969008
3068241300048200381,5058205.0,60140.24076125003,5538834.0,101086.39455578552,4870436.0,62572.52085854362,25263554.0,233561.40635114137
3068241300048200388,9883412.0,118657.36303041202,12636829.0,222867.9018693666,9340038.0,119153.18237839107,50833347.0,461683.00838977494
3068241300048200392,7664441.0,77619.94235208005,7402421.0,100114.66692549584,7378548.0,78934.6039935406,36848773.0,254572.0816136209
3068241300048200399,21630055.0,260313.4902379606,23027412.0,418994.5490333603,21079422.0,273827.3283144779,112610430.0,1066093.5164882515
3068241300048200404,32568707.0,420391.869998725,26062153.0,498101.3243721001,31015388.0,423590.00800383196,155451245.0,1637217.27260282
3068241300048200429,10658942.0,106993.84720951138,9295522.0,130237.05372769167,10422103.0,111473.75985387537,51055477.0,360499.4121348928
3068241300048200433,12365773.0,128580.82342807262,8734205.0,122234.74562784152,12052426.0,132863.98636290504,56519967.0,413662.09214038344
3068241300048200455,28281235.0,347404.205979016,36215626.0,599951.8943472939,27161187.0,357022.115792388,150761758.0,1380467.0746797428
3068241300048200500,24227403.0,211719.29741670768,19493348.0,238043.4536190414,24359795.0,224523.9647641677,114854377.0,750437.2638813017
3068241300048200508,3494143.0,43439.352743895266,3157063.0,58026.69443579098,3486565.0,46190.265371261055,16880077.0,171615.81676452458
3068241300048200512,4390191.0,44861.30288480398,3872072.0,53493.439608864246,4304135.0,49183.11933186574,19898802.0,144176.43739430135
3068241300048200522,35984783.0,452089.06774356577,33867280.0,629511.7852927874,35898182.0,489041.912706985,177196912.0,1824961.9240408149
3068241300048200535,7274277.0,90420.3585353693,6702554.0,131900.75501973828,7269275.0,98027.96250499932,35492669.0,368042.4977037595
3068241300048200561,8805651.0,110757.0742004124,9068572.0,167562.35796992574,8727365.0,114938.09748992362,43289587.0,442082.0154305848
3068241300048200576,52216919.0,529424.7321653687,50863169.0,768026.2003616379,51632159.0,558961.1802947049,251934424.0,2069089.944434573
3068241300048200578,30254097.0,299518.1917912092,36849212.0,509391.7336660059,29685295.0,316175.4400714753,156212737.0,1249615.8595476719
3068241300048200583,18866584.0,199888.88507792348,17985141.0,295888.4373849797,18824190.0,211951.8209186635,90614276.0,791767.708335578
3068241300048200587,10592940.0,98004.97646737623,9781862.0,118464.29588025535,10426795.0,100764.60516191274,47997623.0,308050.826043185
3068241300048200588,2960611.0,28904.264646629472,2821470.0,43658.561348004936,2968819.0,31128.545972203316,13663410.0,106170.77687289577
3068241300048200598,11598302.0,102100.6513510962,11494414.0,158250.49414834188,11590199.0,104972.61184427165,54025026.0,382642.82092075946
3068241300048200615,15619171.0,146862.21968550922,15232433.0,227051.3794214585,15723359.0,153370.6162269933,74269478.0,598014.7665129007
3068241300048200632,23896756.0,255731.1287923799,23994616.0,433444.0966941322,23803094.0,269200.91433511896,114239150.0,1084637.2683037452
3068241300048200637,4378534.0,45258.43060395744,4269797.0,71659.48359925003,4317341.0,47573.48310555618,20956199.0,196150.11483529716
3068241300048200639,8266613.0,88682.44556962285,8074162.0,143274.3439264988,8118492.0,91429.47791250155,42574053.0,544232.5445268985
3068241300048200648,6017000.0,83492.49730968394,4826194.0,96713.60615915248,5975042.0,85699.44263052908,29841807.0,332506.4734252062
3068241300048200651,10371890.0,91855.03857373197,10214818.0,143082.97600897535,10497564.0,95590.25879025698,50113242.0,368198.1365941126
3068241300048200654,3732787.0,38771.255441607966,3714766.0,61342.85446114263,3675233.0,40802.145946933146,17953718.0,166590.2214081298
3068241300048200663,18291869.0,240375.96531554236,16147346.0,322438.24160099647,18141777.0,256937.46933400613,90952689.0,963619.2273814182
3068241300048200674,13370273.0,174248.33121542452,12069964.0,239909.64828729886,13284145.0,186340.58720219438,65758901.0,685325.3717066199
3068241300048200676,15606332.0,208416.05145008725,15312359.0,309275.4869849934,15606798.0,220493.26017194963,77935922.0,844630.2150309142
3068241300048200685,16422764.0,216137.9319594571,14766587.0,297776.8164075055,16335200.0,231608.3748685047,82788043.0,886255.1178367104
3068241300048200691,17148390.0,151221.13851234474,16331397.0,242896.56478205865,17233377.0,160673.3405294164,82431262.0,641930.7998154941
3068241300048200725,2800821.0,36562.58888996967,2715799.0,53206.690009074955,2759884.0,38552.22760534486,13858143.0,147473.38441714182
3068241300048200736,13559112.0,136261.9414576991,15169313.0,227731.89852945157,13212884.0,144369.1596315895,71987811.0,604921.7120237369
3068241300048200754,5221309.0,48965.84399900673,5260440.0,85745.64278159905,5226041.0,52083.84020241845,24727649.0,208205.40827391576
3068241300048200756,16730073.0,219608.21929017876,17122030.0,342304.95190926315,16404917.0,228625.5674501824,82765594.0,883909.4428634369
3068241300048200768,3258012.0,42590.86087787719,3453864.0,69154.14659839308,3198433.0,45864.98593880154,15962226.0,169964.4311269184
3068241300048200788,5544502.0,71521.79794881733,5890896.0,117130.69567842779,5429239.0,76557.32169827075,27271234.0,287746.92059448495
3068241300048200791,20223342.0,186961.45500163667,21342150.0,327512.3971740145,20182895.0,197295.20981637988,95966426.0,775312.5592703808
3068241300048200795,13441890.0,131247.23000684858,28981978.0,414599.6076258137,12056854.0,126946.98357239726,82658999.0,654328.6839146501
3068241300048200818,89013555.0,796969.2207442769,456450077.0,3914265.403305412,69721165.0,733044.5788974965,682594141.0,4095698.325748137
3068241300048200825,16794279.0,224175.86379262232,18952695.0,380628.8801918197,16944832.0,235405.77066958576,87820006.0,954636.2103425732
3068241300048200841,70793955.0,634624.8215557075,399631005.0,3874199.8888152307,51990587.0,537698.202468034,544298577.0,3569062.8685266986
3068241300048200862,19690335.0,169331.6804459609,102978325.0,925328.4730361764,13315734.0,137445.50453052373,154397637.0,877482.3577738064
3068241300048200865,4817536.0,68469.72621254399,22887997.0,521026.1663572857,3269869.0,34558.41593792551,39646831.0,642144.441936956
3068241300048200872,19849527.0,229229.53109724386,88365470.0,794550.6330516587,12013744.0,126100.91449626606,170244955.0,1724673.5219453603
3068241300048200887,5395005.0,68893.19694424741,6261323.0,114440.92892466417,5277784.0,73049.0119820492,25647354.0,260290.43996609846
3068241300048200889,5970781.0,74405.88115956957,7162442.0,127992.01879761441,5729198.0,74444.29648838646,30089391.0,288719.2704218896
3068241300049100006,101076089.0,1350817.1153775563,353531070.0,5117344.239197241,65084632.0,880773.851770452,843310858.0,6955965.199889725
3068241300049100009,160249875.0,1957742.6188740092,720498385.0,8681886.330241207,103238901.0,1345556.780222051,1391494164.0,9609439.60581817
3068241300049100013,246488763.0,2979173.7860805015,1210957566.0,11951151.997386273,137153432.0,1775569.8864416345,2266842589.0,14999380.47609007
3068241300049100018,189509906.0,2452462.6686226623,749358526.0,8045350.3061926225,107610953.0,1329955.1977247088,1859902086.0,14424702.526099265
3068241300049100022,72849140.0,673995.3612220658,371319789.0,2606363.406813287,45762419.0,464568.4790034232,751252448.0,4406934.639375347
3068241300049100030,45087595.0,466886.60392617725,152582020.0,1863264.1315055375,30096126.0,322135.1098038282,374159920.0,3394100.982470456
3068241300049100032,81127312.0,1096905.2830226833,251564236.0,3239297.609397962,45495758.0,477216.0809870691,601330239.0,4815472.614201864
3068241300049200029,38167899.0,451496.767061096,32412036.0,571864.5234229546,38126779.0,475276.26951418875,175867933.0,1633815.5915350027
3068241300049200033,23370176.0,210524.0477968103,40385422.0,504666.778123217,20769362.0,195516.67364876662,141321382.0,1135829.3019946273
3068241300049200034,17993251.0,229672.79068762608,13935563.0,254338.88773641753,17954985.0,239815.1625617054,83282269.0,835810.1492239649
3068241300049200037,7035700.0,68286.21099046405,9403536.0,111174.03722791167,6668374.0,68874.2317003133,37679972.0,274781.076723532
3068241300049200048,7474669.0,141014.00199869784,15570582.0,233662.0430493376,4036868.0,51732.16403923842,54542960.0,471839.46554887126
3068241300049200050,186187994.0,2386105.3676858046,825040129.0,10916892.98044733,109442862.0,1487166.2166267713,1552753921.0,11648401.937450629
3068241300049200054,54777254.0,686736.9178174131,150276183.0,1775695.224839319,38914646.0,528178.1974103223,401202039.0,3291587.4518814296
3068241300049200062,44148779.0,546873.020073137,121073580.0,1720273.0434108523,34786608.0,470856.18769163004,286750229.0,2594123.8455747776
3068241300049200070,107160543.0,1290748.7653751287,479560656.0,6846277.637423697,73110570.0,973444.3225968527,980187344.0,7074586.668742113
3068241300049200072,81749280.0,920747.7691724299,314621427.0,3621329.085371709,61566261.0,792345.6437190074,625626732.0,4502829.380441357
3068241300049200075,24308806.0,284433.35541756346,98406944.0,1363449.9395473688,17880721.0,232979.64539531525,197269474.0,1650316.7591711802
3068241300049200076,203677612.0,2388777.7734346054,1056598734.0,9818304.229639644,126035156.0,1628051.495571212,1932602868.0,12160358.167048993
3068241300049200077,204973814.0,2321180.01159772,1473152377.0,10773876.017253818,123117035.0,1573939.9806154845,2243087609.0,12345172.270173717
3068241300049200079,66920310.0,746532.1736626847,327884454.0,3073070.7862700336,43344123.0,556121.6343820273,597204186.0,4355333.600775673
3068241300049200083,104815809.0,1207152.8444251143,887909435.0,6948572.1700136475,54599412.0,703309.1076516687,1364128303.0,8063628.020500132
3068241300049200086,6574671.0,170067.5751183504,32183289.0,493800.1570660155,3201200.0,44266.882041510486,64810358.0,1195584.427480134
3068241300049200087,72478955.0,852238.3611789212,504344020.0,4619571.829669704,46564246.0,612708.7139376906,780356811.0,6262539.667092126
3068241300049200090,62105021.0,737843.1287774306,234421110.0,2790264.768088726,47274270.0,624054.4717380712,512576317.0,4215363.391382749
3068241300049200091,185558325.0,1698780.374723614,1979598555.0,16360053.01574092,105959714.0,1021622.4746441692,2434873437.0,13898346.351432437
3068241300049200094,35489107.0,428436.02900326217,307919449.0,5004965.415352769,24239137.0,264736.0211603569,394931947.0,5163472.497883438
3068241300049200099,68760993.0,683328.0513139482,679211670.0,6591465.843214926,35164067.0,392234.06095825776,963309176.0,6315132.072348943
3068241300049200100,79478182.0,836379.4420406189,771228945.0,9028140.418658415,50682106.0,552941.0388712069,871600983.0,7686568.322927825
3068241300049200101,224453605.0,2702016.1852924214,1212517643.0,15142130.04236276,127196652.0,1375975.8965455024,2209453051.0,17958012.757353105
3068241300049200104,75622064.0,721411.5777786362,266957410.0,2781730.0419883505,54276260.0,572527.9176236149,583992554.0,4174788.4016179256
3068241300049200107,36502353.0,474146.37283982127,145798326.0,1834874.369981162,22612604.0,235975.1128834664,300803343.0,2385565.6592613477
3068241300049200109,87476230.0,906156.3452909851,756184263.0,6547150.562800681,49300429.0,523411.6966766427,1061894433.0,6933666.456817426
3068241300049200110,99156341.0,1295251.1370081299,642593001.0,6603497.366574002,49723598.0,521587.86715300987,949289257.0,6510382.606182832
3068241300049300001,87430128.0,1018576.1648568296,253758209.0,3230266.3712460804,64852724.0,833077.7711225532,622933481.0,4995835.089093665
3068241300049300013,51247729.0,685942.2317720343,305428302.0,3090544.237195665,25231406.0,327212.9749120086,509176463.0,3810812.3396872813
3068241300050100026,16817854.0,193103.2711210747,12597088.0,203422.98167242506,16571910.0,202063.94834350614,74484893.0,654523.5061999884
3068241300050100043,3653867.0,39251.02534991066,2800560.0,47542.67153670822,3622172.0,42147.220077918944,16114610.0,135102.5766789429
3068241300050100046,27987381.0,260007.92778923735,24805683.0,326509.14730765874,26902610.0,267313.7100405745,120993795.0,819023.9453083847
3068241300050100049,19343086.0,202852.66259718424,14911039.0,234970.7083261159,19279317.0,211414.79949747713,88223502.0,737238.4954687619
3068241300050100050,15377840.0,150624.86290754404,12806712.0,226970.0036863543,14716978.0,154230.1746964226,65533481.0,610270.688550185
3068241300050100051,81049433.0,901380.7886687295,67144945.0,982020.748590318,78169709.0,940765.4469912064,363130685.0,2899592.250364041
3068241300050100055,28146823.0,249475.66259257877,22166727.0,309272.8415225755,27654657.0,256004.86953850143,125181516.0,918909.0547765149
3068241300050100066,31253952.0,346927.03774823947,27810783.0,620437.2001679918,29588972.0,355986.3685713839,135352766.0,1648227.901021781
3068241300050100069,18012212.0,247787.66435314866,16763455.0,297328.1924263593,17411142.0,258794.31099562303,82815042.0,813932.3129821613
3068241300050100074,37641590.0,407160.8045422332,31338806.0,523370.95494635,37306784.0,428558.89152381825,169988462.0,1533320.5303567303
3068241300050100075,64859952.0,694084.6723248112,53923226.0,1079652.321981224,63751106.0,717458.0469109113,290411137.0,3020226.247521442
3068241300050100076,16885888.0,213371.5285575641,14897399.0,398454.66492715676,16295048.0,221418.60197871533,73174901.0,1064412.91204223
3068241300050100078,21265294.0,269024.06456439645,17416204.0,468338.22558238945,20751075.0,280567.02751058387,91926315.0,1293268.694454471
3068241300050100082,18200313.0,270880.51836203155,13984311.0,273221.84887620754,17634964.0,286232.40253209055,82831810.0,827299.3886679246
3068241300050100083,49146942.0,610183.6782621669,36830817.0,966353.7616152102,47563265.0,629850.6246685057,213822460.0,3003467.6617001523
3068241300050100085,20347318.0,227127.7897695731,15959872.0,349956.9162853085,20180426.0,237888.85897343245,89391241.0,1096329.8302375688
3068241300050100088,30824930.0,332197.3375123389,26120434.0,588009.0107161971,29885106.0,339465.29026906146,136311827.0,1598119.4315640884
3068241300050100089,72201782.0,1060958.382003647,59070920.0,1129226.5228481682,69750399.0,1109748.3332105034,338634205.0,3399680.6775352056
3068241300050100094,40881876.0,416272.8323624225,35272048.0,725411.4754854403,39719766.0,431809.29728454846,181837938.0,1981062.7774400166
3068241300050100098,28050171.0,342266.4459178897,23245829.0,602513.6897041012,26766845.0,351091.0702824873,122128271.0,1686073.8414020601
3068241300050100101,22374369.0,272228.8174988501,17536136.0,453572.21966166876,21056568.0,278536.03730640665,95554675.0,1340077.5838454552
3068241300050100103,13207814.0,195080.63378475368,11835445.0,227029.46526863956,12598468.0,203562.9999443104,60382025.0,623130.4629603033
3068241300050100105,9093994.0,110339.06861005593,7558572.0,197281.26896212503,8537301.0,111447.46487131651,38968765.0,555989.440007464
3068241300050100111,15302476.0,188392.10866998052,11791834.0,301274.73283562565,14729405.0,188999.08934525325,66890970.0,901883.1399474515
3068241300050100124,56424282.0,689260.6453302035,48111216.0,1247271.2856660772,53214317.0,698758.9733690715,240258937.0,3364699.4428380798
3068241300050100126,22722417.0,332379.3668922992,19994052.0,385173.6250177674,21641974.0,344376.97685187805,101609848.0,1032899.9818839837
3068241300050100128,11362289.0,139345.42573112485,10809090.0,279397.4094751322,10847079.0,138574.66850020166,51430640.0,718008.1150578231
3068241300050100134,29790442.0,356774.3796960028,23422092.0,599474.7597269356,27981690.0,360521.460740129,127545810.0,1705391.639353067
3068241300050100139,36785876.0,429446.10177282477,28250295.0,716459.5107273918,35317238.0,445302.848614725,162920730.0,2131810.2191088535
3068241300050100145,29622397.0,350054.8904102846,25564894.0,662494.935630246,28405992.0,368108.58014719485,126588163.0,1744424.4862946386
3068241300050100146,28907730.0,336716.83209694264,20846423.0,533375.223254684,27561709.0,349651.1969564208,126948586.0,1656075.996356159
3068241300050100149,24397345.0,323996.81917256996,20282705.0,531639.6428369845,22679303.0,301841.85301931394,99089570.0,1439810.1204496655
3068241300050100154,22341813.0,257564.80218703108,16779804.0,413801.00404956396,21259030.0,264512.89464557613,98914352.0,1270485.123002056
3068241300050100159,54081874.0,628435.6536656772,39518088.0,1007340.3917208596,51554106.0,653430.2932055363,233155367.0,3065285.1234668526
3068241300050100162,55854340.0,767636.4698392443,49942746.0,911981.7259045099,53439138.0,794069.7688682096,242310294.0,2380961.383349498
3068241300050100163,40105386.0,569242.4598672759,29761000.0,567043.8000484451,38247918.0,588540.5569766286,179548249.0,1709753.1345532893
3068241300050100165,22914974.0,273817.56366506196,19708096.0,510143.1237584237,21977884.0,285650.92678268,96563443.0,1345722.0130986704
3068241300050100166,30851007.0,449176.31199156656,26817925.0,517788.03495146043,29720434.0,470523.16229859483,135110640.0,1364949.1838864388
3068241300050100169,45305413.0,520591.64762601315,38036951.0,938079.1336584819,43242490.0,534006.5398449595,203563183.0,2561344.577988175
3068241300050100171,25104772.0,296177.6913843454,21273308.0,544505.4339709795,24167447.0,312256.029383767,106810044.0,1442698.9643413818
3068241300050100178,39482093.0,398106.41626026994,35289583.0,662128.3526012112,38794215.0,415036.4217250363,174531071.0,1826226.7586839919
3068241300050100182,36769509.0,423884.0106127034,26214721.0,671132.6513284333,34653978.0,438780.4258111101,154919950.0,2027493.55621385
3068241300050100186,15685754.0,179230.20752173194,13781110.0,340495.3247063193,14843121.0,181971.62387066256,70640084.0,890334.8971830064
3068241300050100187,34494071.0,405923.33820766886,28760695.0,739137.4230249966,32627836.0,415817.39547438925,144721198.0,1972943.11770344
3068241300050100188,14055072.0,198363.87952864202,10676298.0,201951.27476296702,13479761.0,207062.35053467014,61788351.0,586382.4191633541
3068241300050100192,24025595.0,335876.48526796384,18447159.0,342531.5565528811,22906291.0,346688.3644538661,109088816.0,1001499.6846402452
3068241300050100198,5560169.0,63009.58339420572,4130046.0,104520.16276169186,5223681.0,65084.62088475911,24163200.0,301120.9127106252
3068241300050100199,24120104.0,275158.4274647878,20904914.0,526176.0671240087,22522312.0,274256.6734780188,107615471.0,1333244.1147109217
3068241300050100206,28293680.0,391542.49452209496,20351041.0,381157.49093692016,26801060.0,409208.1172425541,125339731.0,1182206.0584088373
3068241300050100210,19753871.0,239768.41481628703,15926183.0,409895.6415776848,19071417.0,240261.5648556039,88550847.0,1199853.3935671318
3068241300050100219,29355427.0,288501.536294278,23943769.0,427198.62891272514,28414839.0,296606.6402721667,128498933.0,1289925.0745103601
3068241300050100220,33796069.0,487274.3419730788,27510412.0,515987.18551687844,32078896.0,497408.68334579904,146533942.0,1442514.2686799394
3068241300050100226,26339950.0,308476.2030478248,20939365.0,527114.6848463265,25136824.0,319157.8057229892,113253492.0,1491621.124116396
3068241300050100228,11297396.0,136827.38128542498,8560131.0,216708.51925022993,10943882.0,139268.7168025116,50980556.0,693347.0842864955
3068241300050100234,10667009.0,123863.75226057656,9577113.0,233830.5839909722,9795541.0,120197.70420190139,47299873.0,588666.1801365075
3068241300050100235,28534629.0,278574.29096720094,21874791.0,385217.54362462857,27799879.0,287521.16116641724,124204345.0,1242638.8024858139
3068241300050100238,34043283.0,340816.06399451336,26256555.0,437102.963767751,33072325.0,353984.4500309762,149013524.0,1388400.758872153
3068241300050100250,33882890.0,392126.97154414083,26226256.0,650861.2110113499,32158932.0,401948.17844217597,151234485.0,1948134.7498479213
3068241300050100266,23470879.0,334578.5733847063,17613616.0,330250.1962655974,22310874.0,347312.59570309764,102462911.0,1002855.4972526159
3068241300050100279,14448729.0,171845.06571662446,11047713.0,284998.21018217923,13803190.0,180853.23049858492,62000443.0,878700.1436422565
3068241300050100280,20729776.0,245360.64644419478,16771942.0,426237.72648786055,19792551.0,255531.65639846446,92456699.0,1232586.020197687
3068241300050100285,44948940.0,461745.9650057927,34689993.0,674683.1263952185,43892542.0,477858.06370447605,200147212.0,2172349.6694854917
3068241300050100287,16906305.0,201636.12495434345,13568930.0,338410.0374237922,16157056.0,204546.48435410878,75633064.0,997947.4201805288
3068241300050100290,44187910.0,435764.82568723185,34642715.0,648139.8409547384,42667677.0,452078.61982454546,193330848.0,1952976.7411082718
3068241300050100293,12932990.0,156942.05145798658,9623551.0,243752.94434705432,12250284.0,161241.9435558497,55947354.0,780884.4051623055
3068241300050100295,11173829.0,132453.77649978184,9005184.0,225939.066159878,10669941.0,135138.90964560286,50129689.0,658873.8808853368
3068241300050100306,22825075.0,273541.7402631006,18076020.0,458782.8022887913,22123057.0,284161.4823578092,102739859.0,1371463.6767603855
3068241300050100310,26844136.0,323119.6718798893,21829107.0,558549.0099332691,26530254.0,344510.6747703748,121399309.0,1617782.2034075367
3068241300050100323,25571649.0,374124.24049970787,22687263.0,429725.54607844295,24541334.0,386220.4807505,110700712.0,1062269.4740217992
3068241300050100325,30626596.0,383174.8454726048,27334807.0,703061.7341871493,29654535.0,396585.72126741195,132002009.0,1802247.2215586337
3068241300050100332,12426509.0,138949.0715651707,9861061.0,230875.1160021968,12036880.0,142017.65233631668,54843417.0,649529.6369846391
3068241300050100335,42864217.0,434970.51282089646,38552935.0,491628.13574430265,41764358.0,448977.0929872784,190009014.0,1217448.7203019897
3068241300050100342,38960957.0,439573.661531988,36876781.0,503529.3098279758,37446822.0,446730.19998318795,172881916.0,1261409.4429857384
3068241300050100343,22433434.0,223259.28087352222,17680112.0,326595.98547968734,22184292.0,235035.3610960387,102001556.0,988688.951775175
3068241300050100354,84580511.0,981013.7244364019,69531727.0,1126871.8177896654,81292955.0,1014917.5486860126,380535545.0,3280738.0192265427
3068241300050100360,26604156.0,313800.67116265284,24482485.0,335918.3207707011,25487629.0,324582.70136726694,122171776.0,913388.264735453
3068241300050100362,6338082.0,73129.52667113692,5449451.0,70111.49102145212,6115121.0,75721.44817601057,29045935.0,206139.78854717873
3068241300050100363,31087209.0,398709.9773521012,28611663.0,479093.763717389,29857490.0,415168.476582024,140279554.0,1280109.399695844
3068241300050100365,13385684.0,182709.8842913418,11399176.0,198325.11105008746,13317197.0,189009.61650833045,60462525.0,557826.514978816
3068241300050100371,45576724.0,539868.6824001912,39156521.0,614085.2218913413,45137726.0,562629.4329418058,208979338.0,1768104.3754635002
3068241300050100372,29873896.0,448986.1074625474,25913314.0,502232.2703638028,29291770.0,467747.9897016267,133463205.0,1359284.6100327056
3068241300050100374,23392429.0,349308.6368755255,21936528.0,425842.77858435095,22782283.0,367325.4288621514,106661838.0,1118234.2892539457
3068241300050100375,9214680.0,135417.7408573079,7711768.0,148216.39159844842,8797302.0,140785.20917606188,41958066.0,426974.20475784974
3068241300050100380,41396298.0,588239.9860123908,36007232.0,590660.5843787239,39797265.0,613749.3005404444,198544753.0,1754709.6911206346
3068241300050100381,56720697.0,831332.2850209823,43772186.0,831547.1397517633,53978252.0,852050.1966666286,250945516.0,2508218.218838063
3068241300050100382,3971354.0,58450.00815979458,2834980.0,54154.66253418541,3847956.0,60878.5531986618,17514097.0,175660.2759786957
3068241300050100394,38846767.0,569795.4526954234,36585745.0,682962.2570532432,37847833.0,600035.4754726364,176042955.0,1864125.2676927547
3068241300050100398,31431766.0,454129.5226727043,27175115.0,523170.90435338963,30177428.0,477833.920595813,143620297.0,1451520.4277425737
3068241300050100399,22778319.0,330339.68035779893,17790286.0,334384.99736224074,22436220.0,346199.6515451231,105776079.0,1051862.179890175
3068241300050100409,44906739.0,623620.6916656294,41927538.0,676738.7549298961,43098408.0,650473.4483943363,208037166.0,1803915.1259605875
3068241300050100415,15306816.0,188549.50046839332,14740827.0,214121.60542867501,14804111.0,196862.90029408183,69531435.0,542015.9694622521
3068241300050100420,18585688.0,264383.6767861226,15325870.0,290664.8651143114,18141804.0,277190.06504392164,86940297.0,842413.0292470516
3068241300050100423,63290712.0,866564.678621172,55941554.0,891961.282987361,60612395.0,906148.0051948115,289780173.0,2408449.773564205
3068241300050100424,27915483.0,399315.2598904373,24968511.0,462688.0774930108,27007408.0,416131.8416765694,125237872.0,1255896.9021170868
3068241300050100427,23998556.0,323769.28299597686,22826019.0,358297.52612194914,22794507.0,330434.7341579686,107437495.0,910539.1483870088
3068241300050100428,26351886.0,364659.15864773304,23640116.0,381547.47064018564,25269573.0,379856.091117426,119227706.0,1018569.7089689402
3068241300050100431,48902126.0,683186.7880482388,40471499.0,753406.9729360256,47916252.0,720835.4182050772,230670305.0,2178005.8495611083
3068241300050100435,22625636.0,277993.5913770278,22443449.0,404308.1347935929,22622406.0,293236.12663097266,111027947.0,1125359.3263953808
3068241300050100437,18675090.0,259777.84347316838,14948671.0,279062.11711032595,17869424.0,271087.29237655515,84569089.0,788423.1496774001
3068241300050100438,24968224.0,336936.0540319837,20989972.0,330382.29903863894,23982632.0,350492.2726738819,113332418.0,909738.718884095
3068241300050100444,35029497.0,482912.54879052215,26310315.0,482934.56159849,33505776.0,502415.9766719453,159761262.0,1488829.394127745
3068241300050100445,71310415.0,1055510.787126799,65696707.0,1226727.6479239054,68646228.0,1062878.757256155,335814184.0,3464949.856119344
3068241300050100450,7198840.0,99909.6334165344,6432474.0,104775.99553323444,6961462.0,106373.40938285302,31788108.0,278165.934282974
3068241300050100451,48246233.0,674109.6836814785,36831762.0,681499.6730671471,46518571.0,701206.3072680249,217502103.0,2064265.2209068816
3068241300050100455,32102611.0,454893.549066073,28696913.0,538207.107798595,31337811.0,485248.1819258097,141582078.0,1411266.5327821525
3068241300050100456,63660935.0,876399.003153179,54230768.0,984500.2721718996,60406008.0,884226.7597011931,293683469.0,2663136.2331210007
3068241300050100457,32646182.0,446197.8776049814,28379268.0,452602.72282511095,31694711.0,469672.385669047,145388388.0,1200566.664180366
3068241300050100462,21960011.0,311573.7139101974,20762389.0,384545.8861184091,21011910.0,309630.65081443364,100372956.0,943277.5125531722
3068241300050200054,18869245.0,192141.6076088542,14905594.0,261066.02437831342,18636806.0,200110.76649194388,83050351.0,761077.296056354
3068241300050200067,11730021.0,146549.638558808,9504953.0,221528.88083455295,11477749.0,149532.40121232622,50464069.0,620829.0669165534
3068241300050200070,18460727.0,248607.82978658204,16880886.0,290477.95304558374,17695292.0,257850.45833950362,86122308.0,814451.1538114481
3068241300050200074,22064432.0,278232.45939340343,18758848.0,496591.11480384436,21685087.0,289011.9518506975,96281252.0,1367959.7327844326
3068241300050200080,15018062.0,180762.36809849838,11588668.0,299825.86568380636,14306829.0,189421.2008840834,63216298.0,884795.701720235
3068241300050200081,17921100.0,254376.395670454,14864796.0,302154.97559482255,18031852.0,268551.665957256,84380466.0,935702.3295996785
3068241300050200090,21701381.0,263250.2972578148,17014267.0,443097.2984855791,20747597.0,273882.9608839078,92474730.0,1288435.5963412994
3068241300050200093,20450941.0,250073.64475235762,15613273.0,408208.0265693711,19321221.0,253769.73895938596,85968945.0,1201257.6198527268
3068241300050200106,14026863.0,212727.43734735798,13106335.0,256735.86911746202,13577348.0,224780.35198740242,65275543.0,713349.008198339
3068241300050200113,14821060.0,180434.09329463783,11489973.0,296587.71815374825,14304141.0,185857.4359634911,65607264.0,910816.4036300252
3068241300050200115,37775251.0,555476.7223236186,30459187.0,579595.9973472413,36774277.0,585453.66136588,177346000.0,1748206.1927680396
3068241300050200122,20628323.0,277323.3549818258,18411714.0,364833.08474616066,20423924.0,289469.1905623236,97293522.0,1067681.6344712535
3068241300050200136,23210887.0,278128.03946168884,18336559.0,466418.2511971302,22028099.0,286488.5142168101,100185926.0,1387128.022623338
3068241300050200141,6517600.0,77912.96270274071,5270948.0,133689.4019907678,6281398.0,80079.49745170581,29089316.0,389993.9923634703
3068241300050200155,6549927.0,73784.44836086218,5980777.0,144790.30745326172,6234890.0,75716.39856496078,27772849.0,360003.39256269083
3068241300050200157,4023226.0,50031.93184574335,3750500.0,99076.46596916858,3806936.0,51235.61191196984,16981937.0,243644.51617832418
3068241300050200160,22109162.0,263230.19573542196,18808265.0,476181.2557089026,21034366.0,274130.4531077418,95010581.0,1314408.7823983207
3068241300050200163,19761336.0,202244.24072598762,18254928.0,296093.5081158718,19338356.0,213675.44120661562,88678605.0,792688.6594809052
3068241300050200166,17025947.0,212772.8344598671,16569850.0,435319.54040178435,16850282.0,218952.41633444856,79524526.0,1148214.1999014404
3068241300050200167,40362013.0,578449.2701200179,33175777.0,624582.0622125474,38609251.0,602648.8356437351,184064815.0,1788239.2796340792
3068241300050200171,49735257.0,583495.9889840458,39413541.0,997254.2133799547,47689693.0,598512.5217133947,221908323.0,2901457.7838682793
3068241300050200179,48700384.0,693510.8718755655,36304971.0,689805.4221536387,46674003.0,716296.1077306148,224658149.0,2102240.4797003455
3068241300050200183,5616875.0,68529.75824143895,4835943.0,126677.98839737443,5346017.0,71951.931309566,23411265.0,339438.383054822
3068241300050200186,40209734.0,406146.73673063464,36503599.0,638035.1117166154,39418879.0,425552.0100466276,182052134.0,1742381.9071180169
3068241300050200187,14262814.0,163633.88959964894,11838435.0,294599.8930466982,13692027.0,170521.38886464413,64079031.0,822229.4342891177
3068241300050200192,5610997.0,67579.84978713936,5296946.0,138762.52615280633,5362582.0,68441.34496746959,24946388.0,333298.678258844
3068241300050200206,8026547.0,94750.42369414736,7433396.0,188995.18089218144,7632660.0,94860.4328991689,35477129.0,466600.46967307664
3068241300050200213,7662903.0,92209.31707315461,6834260.0,113156.73987836065,7405998.0,94600.76510027835,33231709.0,299156.1012043676
3068241300050200215,21144531.0,266086.25773544906,18820543.0,327471.1356792141,20165079.0,271192.9814859766,90882805.0,831891.8401878852
3068241300050200219,19932080.0,236068.81731094111,17833491.0,450889.6303176533,18893441.0,240370.74596787107,88836537.0,1168049.6963876726
3068241300050200223,12202326.0,137844.8055366679,10644580.0,182558.05647686453,12075808.0,144352.75779822023,55527236.0,525937.4554224954
3068241300050200239,17790601.0,200560.6330323647,15400513.0,386208.1148957191,16751471.0,205900.5509817584,79983912.0,992548.0306972357
3068241300050200247,23984950.0,278175.4721543522,21995165.0,550458.5088968074,22631166.0,282687.9035430377,107241838.0,1353905.9518571026
3068241300050200250,17449792.0,214796.63682512275,14123243.0,368146.98006445623,16358151.0,213023.2172689404,74014262.0,1045682.2939578438
3068241300050200256,25231063.0,354892.39047559316,19829274.0,377725.71494856116,24198789.0,370814.0214725177,114110750.0,1093746.4867946794
3068241300050200259,23548205.0,273982.50037949067,18551372.0,469901.83946468343,22516292.0,285391.8851064661,105874812.0,1365691.0497475653
3068241300050200269,35943551.0,418904.7288471956,30871295.0,769304.0917104651,34167893.0,430077.75683117274,163005453.0,2084394.0615912287
3068241300050200270,29587845.0,413557.9734142993,22792567.0,426620.4760221093,28232488.0,432002.7406913442,133204355.0,1259608.627077957
3068241300050200271,29240752.0,413101.51949676394,22006942.0,409842.0283461354,27952491.0,432355.7205682164,129916427.0,1263958.6886666825
3068241300050200272,3259591.0,46727.154261158044,2357969.0,43513.64007928513,3127177.0,47894.708365027975,14445225.0,141303.5320552335
3068241300050200279,17480238.0,204096.34774219026,13405364.0,333688.99599498016,16800007.0,211543.9511103242,78203993.0,995950.5162600935
3068241300050200286,14476142.0,170664.99341860003,11699061.0,292426.4684671435,13850513.0,174167.40074122036,65841145.0,855270.0403019569
3068241300050200293,46135840.0,517216.20919870434,35912988.0,615604.5672026478,45263538.0,532296.8467955485,207662668.0,1954085.6385450028
3068241300050200295,11565336.0,135456.23326044023,9382917.0,233696.39958830012,10987348.0,138561.16327325077,52565671.0,675206.9627569852
3068241300050200316,31093433.0,381939.4679135302,24853218.0,634702.3599720898,29747641.0,397040.2689640963,131054770.0,1848193.950885389
3068241300050200322,16567470.0,196525.33110085235,14008223.0,353696.76709978405,15967512.0,205887.96336191124,74619043.0,990593.4060997164
3068241300050200323,8398492.0,101932.13925595187,6411757.0,163168.6641359504,8132956.0,104953.42425158799,38958162.0,514175.3367008413
3068241300050200324,18433199.0,224671.13213344524,14932773.0,389462.4906715726,17619787.0,233775.83615269145,80094039.0,1111029.1076525676
3068241300050200333,26338492.0,320983.6201103367,20170636.0,517412.3075355164,26081366.0,337539.28451792867,117352162.0,1550420.6567808448
3068241300050200344,6502490.0,80102.88090689902,4749736.0,120471.26490352963,6373831.0,82244.56380836997,29643807.0,391630.2012213205
3068241300050200349,17334712.0,217130.76605749276,14837353.0,388679.252263472,16756543.0,227409.47366707295,75014671.0,1049559.872410731
3068241300050200355,15913683.0,236981.4128438929,13428370.0,252726.7026615065,15386142.0,248684.4483624035,69135086.0,675522.5695472528
3068241300050200357,22077704.0,237223.60314673168,19122064.0,414389.47858269216,21579779.0,245364.67869481002,97214432.0,1054649.9762914046
3068241300050200359,3518178.0,44260.80837781744,2911849.0,54240.08691937858,3532688.0,46249.62521981858,16081358.0,156933.9943773481
3068241300050200360,35374398.0,495990.320150753,29251963.0,532491.4160113345,34088109.0,513597.00139424246,153300079.0,1398049.3976905043
3068241300050200362,24732968.0,292747.95165920706,20722761.0,511234.7773000598,24376715.0,307571.0847098138,110942962.0,1408755.1423170352
3068241300050200365,6318761.0,71168.70251120871,5775716.0,134743.96403787847,6208080.0,76569.83764185975,28419837.0,341815.9109564935
3068241300050200368,5401958.0,63563.25324101992,4819154.0,116159.77730007947,5278380.0,67169.84665218393,23636920.0,295481.18955367204
3068241300050200370,13002197.0,172626.7739114591,11793968.0,203162.56499457872,12447227.0,174770.48288479995,57439367.0,538483.7688220061
3068241300050200371,7277784.0,94145.79177994552,6375521.0,107221.35845189598,6990226.0,95884.2706009986,31847350.0,257254.1817988671
3068241300050200374,7572904.0,87321.62193562242,6545360.0,95376.78029430925,7258095.0,89229.49787891045,33142285.0,232309.8363318642
3068241300050200377,52539297.0,482067.5173795972,43602327.0,604752.2628525456,52242060.0,496711.1588695133,237346061.0,1657070.7627507325
3068241300050200379,49297968.0,409405.30235187337,41292205.0,549331.146733069,48583424.0,420757.06974465103,221035715.0,1553902.7861282318
3068241300050200389,3271646.0,34386.81305976005,2912694.0,39747.20959322178,3110509.0,35533.996802291804,14285227.0,94730.70879228238
3068241300050200392,4983321.0,53846.733479172835,4656352.0,62217.09767576719,4808467.0,55880.072230020116,21959299.0,151048.35250625096
3068241300050200393,59307962.0,694792.7679124603,56981148.0,948041.0843682557,57572932.0,725193.6912469389,266507602.0,2395719.932847858
3068241300050200397,21536984.0,279240.8469231687,20149656.0,288835.54036224063,20798806.0,290754.07494224556,98063217.0,786265.9226202084
3068241300050200398,7139112.0,100423.16257804539,6610198.0,97175.56089255841,7010960.0,100897.0342479212,33043965.0,260453.450014032
3068241300050200401,66404650.0,805061.748095706,57872876.0,820096.9529628304,65981834.0,836488.3202223517,307349159.0,2324496.1837110105
3068241300050200403,26807786.0,412535.125644172,23371867.0,451677.89148679515,26487343.0,428670.55335709604,122936341.0,1300836.775567852
3068241300050200405,46430774.0,669669.1142490981,42584966.0,697860.0258857623,44389605.0,693172.64610741,214975041.0,1930371.8464693173
3068241300050200407,54708679.0,784506.0037007813,44564917.0,723467.1272023448,53176476.0,815300.3854450426,253716036.0,2142330.66941124
3068241300050200413,24960291.0,366034.7224901696,19618407.0,376635.9837174475,24436966.0,383822.8978617232,113190535.0,1148622.2986474815
3068241300050200414,3896453.0,58198.62332602944,3389032.0,75845.85828661203,3942279.0,61343.15415163918,18705217.0,226091.1417488565
3068241300050200420,42455562.0,598119.3889756639,35215659.0,570891.8768186823,41257175.0,625861.906846327,199002931.0,1681343.941768643
3068241300050200422,10844274.0,164977.0063312086,9730417.0,191771.31963965573,10610106.0,170603.63268496786,48507741.0,513284.0764623509
3068241300050200439,17672436.0,244450.42011139027,14632622.0,234235.53268813764,17152842.0,256354.77459421457,84020563.0,706062.9087075514
3068241300050200440,21526152.0,299411.87771556864,17575928.0,281171.9101846308,20926064.0,313347.850734598,101650807.0,856703.2082042063
3068241300050200448,17052878.0,237158.52581109235,14749052.0,241466.31404319077,16376421.0,247085.9921357171,79340566.0,670338.7726984147
3068241300050200449,14023502.0,202975.85496857893,13493757.0,255449.20289440244,13415958.0,210518.55096051333,62927220.0,652075.4285174938
3068241300050200458,16076868.0,219580.53247046797,13675653.0,218171.82107986696,15593551.0,234896.09216686274,75299914.0,626110.3064255029
3068241300050200463,25202303.0,344707.0915142249,21085303.0,336339.46763628995,24489849.0,364428.53628556256,118401649.0,971481.9760844983
3068241300050200480,26656299.0,382840.5694662345,23929317.0,452705.95840708667,25730426.0,399910.1410212454,118085522.0,1213137.7995908419
3068241300050200485,12395537.0,181421.54410235374,12197454.0,234229.56766959978,12050596.0,185548.4943340348,59057022.0,592226.0616606819
3068241300050200486,18713250.0,255889.68264689224,15780761.0,251730.5383419592,17875717.0,261927.90118872662,85513632.0,680391.7520952366
3068241300050200487,12859918.0,146970.34795626142,12226697.0,176761.36015223817,12602414.0,154238.13698583428,59584057.0,488070.22131075134
3068241300050200492,23622329.0,327473.63490576623,18999082.0,353240.06239537615,22838671.0,343446.5159247755,109055128.0,1017742.8608445567
3068241300050200500,29045778.0,397369.57762192225,22787693.0,420367.9192592806,27897358.0,415667.51301334077,133992756.0,1245337.6499841176
3068241300050200503,4633377.0,65466.12595371963,4166379.0,77062.80590847449,4491293.0,71438.00385770401,20278851.0,207736.01902562875
3068241300050200504,54135871.0,732636.6201569645,41459046.0,656019.150812415,52337824.0,760589.9505200514,248564905.0,1990985.7510308712
3068241300050200512,17839866.0,243097.7577754158,14482755.0,230900.42824306033,17531844.0,256532.6153015953,81302109.0,656477.0632948972
3068241300050200514,32203026.0,440521.45930140844,28631948.0,457080.4717082807,31292623.0,468119.4886994984,143534439.0,1216080.888107489
3068241300050200521,14777786.0,201192.77547305913,12351657.0,197151.9876821191,14594371.0,215154.09304537682,67117574.0,545440.1920124834
3068241300050200529,3521594.0,49607.403349822605,3096352.0,59034.85151605711,3401506.0,50966.27045722792,15497355.0,149773.62876725633
3068241300050200531,22528037.0,298351.29236170696,15910707.0,253373.44115871555,21617926.0,311334.1133819501,100909171.0,785697.7707147936
3068241300050200539,8278709.0,114331.34531310604,6640343.0,122797.51075162485,8033373.0,119694.61206923044,36775932.0,351630.23196087155
3068241300051100025,7688028.0,99620.30576874103,6057589.0,87872.99198822925,7365908.0,98561.30396282245,34021216.0,248548.05219520707
3068241300051100038,35163432.0,356076.1018786657,27445150.0,388139.49905481515,34778737.0,366626.7300626354,159818499.0,1156854.0506226793
3068241300051100041,52339433.0,544821.2871735671,40114372.0,573807.1431790248,50347613.0,565166.9999957737,228233587.0,1665357.7581903392
3068241300051100043,29234153.0,309319.0192701647,22348921.0,297566.46001311985,28264188.0,321283.3606265224,128844118.0,862048.7653266822
3068241300051100054,24753193.0,270440.15592528065,19775952.0,276294.719287814,23612604.0,273905.51161773736,108610352.0,786282.6864911767
3068241300051100056,16950726.0,174288.6857394657,13056305.0,177763.44232955624,16381477.0,184564.15815259697,74148264.0,514229.08016036823
3068241300051100058,44887323.0,512889.04482038703,39875784.0,587345.5056846016,42571868.0,517085.951015566,201569622.0,1578010.1267450752
3068241300051100063,21954245.0,221876.485481197,17302051.0,212287.55847227553,21971349.0,233569.93973331235,101427042.0,704902.5852983975
3068241300051100065,22993505.0,274164.4915443133,15965212.0,245612.2958874296,22338827.0,277515.5529312639,103575725.0,819177.435183754
3068241300051100066,23209920.0,312259.3738179796,16639362.0,287818.5957544674,22806159.0,326204.15505267424,108146829.0,987819.4397361714
3068241300051100072,23691410.0,376408.04344263225,20002114.0,391526.39189427847,24165429.0,396786.12597701605,113456953.0,1213777.095992622
3068241300051100076,19546057.0,294125.7328059605,14951569.0,292505.94255353935,18886282.0,305036.8605123274,89932129.0,926534.9988118962
3068241300051100077,19286609.0,290831.37193813664,13899244.0,268000.5753721366,18613038.0,301578.55413194274,89106672.0,900719.2554540369
3068241300051100081,15841977.0,195567.75352752273,12056976.0,207531.66033657553,15429559.0,206763.08743160742,72269762.0,642772.362701441
3068241300051100083,21759029.0,244362.24607072474,18696791.0,288917.1040832188,21159543.0,253109.8896795069,98455474.0,802230.9803881135
3068241300051100084,18811241.0,235175.6162633528,13831429.0,239301.3551566798,18256927.0,244437.61356581002,85595472.0,754166.5184587394
3068241300051100088,39037484.0,484516.2690331614,30705052.0,526770.6758441399,37494708.0,502180.1538678907,173931682.0,1535178.8585011696
3068241300051100091,53376607.0,670333.85087585,49624247.0,850409.3505226383,50957133.0,697325.7259059201,245676844.0,2392526.7954041213
3068241300051100092,6106614.0,91893.96528652306,4717340.0,91279.45519114629,6020097.0,96070.01242011017,29405101.0,291538.1397368174
3068241300051100097,9768159.0,119145.23307867945,7855758.0,133758.36692750175,9537341.0,126906.65830103075,45000608.0,397903.8014897756
3068241300051100100,37830831.0,463493.84247530065,28726310.0,485987.4864792749,36483403.0,478818.69336441986,174026432.0,1499607.9327710504
3068241300051100102,52713178.0,780009.561678171,41692454.0,793440.976494938,51645273.0,814179.3193157644,254273172.0,2518373.194482133
3068241300051100104,6017515.0,76490.0687950398,4645555.0,80495.51648375866,5849856.0,86731.84477731895,26711494.0,241655.0887342455
3068241300051100111,30258165.0,377460.58274214633,24716299.0,416711.6328952488,28209067.0,373069.6102243178,132878733.0,1189066.4045251182
3068241300051100114,22820427.0,273436.9501515138,18794138.0,323493.4181741632,22036894.0,290831.8837428436,104273762.0,901814.1352692512
3068241300051100115,34968114.0,508555.10856885475,28246357.0,538431.7139545158,33839352.0,529598.4938543059,165609078.0,1605090.3383143106
3068241300051100117,78062792.0,1181152.0869572521,75270693.0,1458885.2536053383,76631156.0,1229251.5129199112,380495249.0,3925577.129841433
3068241300051100131,23567167.0,281292.11149209447,18749827.0,308212.7304307509,22875171.0,296806.77592136164,110660354.0,925645.7158604858
3068241300051100136,33171417.0,474105.55611774477,25913081.0,476209.6612678552,32375755.0,498157.1426088161,157794787.0,1445781.0172722223
3068241300051100139,55078402.0,793443.4143023705,45031202.0,849001.1636164217,53465584.0,822894.7105618403,261191595.0,2440577.1626635278
3068241300051100143,31688897.0,379404.4605195416,26285361.0,434491.74733944726,30868210.0,394755.82190728164,150201935.0,1225250.9736038975
3068241300051100144,38950680.0,551633.0774995771,31001357.0,586693.8028332016,37819086.0,579134.4854149394,184079489.0,1715787.5227166135
3068241300051100145,20916408.0,258804.9659980614,19217966.0,323379.60482177394,19944227.0,268090.26439015946,91211279.0,824647.4008298619
3068241300051100146,19750130.0,198958.16460297993,18120649.0,255214.55097913372,19182745.0,206870.15106996184,87790241.0,647412.5859696185
3068241300051100147,59189315.0,704649.1034206384,44559809.0,746618.5205423525,56875826.0,727996.8722426308,271914002.0,2230779.449833395
3068241300051100152,26480014.0,311418.4286947092,20222870.0,331392.8514843448,25419089.0,319476.09407237393,122764346.0,978625.4681012464
3068241300051100157,37254251.0,451302.416712588,32402147.0,545812.2416560147,35926568.0,470292.9418077781,163754329.0,1430584.5797638749
3068241300051100158,17677669.0,217924.18372560135,15817540.0,267986.3796263593,16997370.0,219907.3546084537,83940027.0,695948.6891922608
3068241300051100164,48852315.0,569827.0630619507,42064136.0,681700.9784964962,47304209.0,596534.886938711,231735928.0,1830681.6787318725
3068241300051100165,25337969.0,306151.393465737,21583469.0,358223.76984744077,24761404.0,320099.83502330247,112881957.0,955459.5203272369
3068241300051100166,17245935.0,245164.17126376857,15809318.0,289834.897951982,16693508.0,255144.6730647167,82105094.0,761287.455347013
3068241300051100167,22454637.0,266947.38267142046,16308294.0,269923.7927382881,21425447.0,274421.32040972024,102266219.0,823780.8116545199
3068241300051100170,51456880.0,611855.2074946042,38485869.0,647802.2511604829,49551011.0,642443.7765797043,228615280.0,1893168.3340078848
3068241300051100174,17957514.0,212017.2365429786,16264434.0,271087.2643722788,17118104.0,213459.9133536984,84993978.0,666026.0332487901
3068241300051100175,15800662.0,230598.94125118759,14023721.0,263772.39457214886,15243181.0,232627.54126694868,73557810.0,714342.0003584647
3068241300051100179,15730029.0,192370.47636690852,13175934.0,224161.95833743687,15036605.0,198903.00350793535,68502642.0,587081.3907725108
3068241300051100180,24235281.0,282850.03422724287,18699754.0,306893.4612096335,23225425.0,289024.69404122105,111549102.0,885505.6673994305
3068241300051100181,11902416.0,139494.78729819122,11444729.0,183252.38592701184,11534750.0,145467.79835599408,56793026.0,450817.6584317081
3068241300051100183,32571516.0,451966.7126015022,25300392.0,467946.35846912453,30917273.0,465375.7540961289,149061958.0,1355720.2023983956
3068241300051100193,25768408.0,297995.9287846345,22916794.0,376913.7497582042,24578931.0,310224.9444994861,121699093.0,957751.4786692598
3068241300051100203,40200170.0,559518.3511094312,35499010.0,653663.1835536493,38460679.0,577746.9299281045,189247309.0,1743431.1412888577
3068241300051100206,58419663.0,813280.2222755621,47565285.0,881710.887284986,55680127.0,844614.8730069053,269725400.0,2513133.931331953
3068241300051100210,4795828.0,55430.36994519463,4482451.0,73036.07317223406,4549191.0,57189.91983336194,22703529.0,181289.00725430436
3068241300051100221,28810678.0,406438.257053491,26992143.0,507646.58243772393,27285749.0,410115.8954805881,134861480.0,1286081.5397829239
3068241300051100223,27418464.0,319587.9469450436,25330785.0,418030.64455726865,26215384.0,331351.52104046906,130910341.0,1054295.6032221648
3068241300051100224,28748263.0,339069.8198338979,23546401.0,380468.3537036788,27498931.0,346225.31197625987,134823246.0,1081679.224221964
3068241300051100228,23348336.0,287701.5032765681,16942496.0,284323.2698527565,22292390.0,296600.6436349815,101614523.0,906939.0066602484
3068241300051100231,21607722.0,256752.31399927486,17011013.0,282367.2267909407,20711254.0,266099.0713417606,100409482.0,816214.4453801152
3068241300051100234,38715867.0,452315.8225181215,29916914.0,486348.8704246484,37332134.0,475446.1266741947,179594649.0,1450409.4156168438
3068241300051100235,20356873.0,288740.3468248305,15440241.0,287851.01708256995,19399267.0,293682.90152739605,90707493.0,866018.5466412005
3068241300051100238,192999825.0,2708343.0791956177,119526350.0,2214150.0597076355,145688560.0,2220691.0129645406,685194861.0,6545675.608797326
3068241300051100242,43241931.0,511272.34913584765,36776513.0,600048.5475948704,41644224.0,527660.9066519665,205957538.0,1668361.9202650832
3068241300051100250,22050825.0,262238.2987085394,17192271.0,283309.47296818823,20959338.0,269854.1365820701,100396589.0,829316.4589718783
3068241300051100252,30442629.0,370062.35619737406,22352453.0,367836.56563185883,28947099.0,379506.8890859876,137381106.0,1186022.3767955145
3068241300051100255,17493938.0,207148.19226743348,14254149.0,230748.0456349396,17026796.0,217461.10772342907,82958478.0,678980.4844377046
3068241300051100257,40709837.0,489456.11512836016,32745246.0,533790.1574540288,38620668.0,507383.56571058487,185455188.0,1568772.777705502
3068241300051100260,57754185.0,840154.0019909318,42584659.0,792884.2624659126,55222850.0,856769.7761936205,266547044.0,2617247.852755642
3068241300051100263,29111464.0,319709.4975651218,22841791.0,319583.7483387589,28490748.0,332967.447999388,131963903.0,1014796.4599363948
3068241300051100270,12450908.0,153288.77414633048,9372444.0,152848.2835302715,12105073.0,155685.19355818263,60059240.0,506199.64103018097
3068241300051100275,20364293.0,245896.36296310552,16852768.0,273976.4077104689,19287150.0,252885.7209245935,92892685.0,796597.5353081869
3068241300051100285,20766146.0,300456.1400408766,15798113.0,297533.7248151286,20140943.0,315092.2174436746,92017288.0,904414.8891545794
3068241300051100287,6946922.0,83172.23992577965,5363100.0,88701.97706269426,6810834.0,88434.17445058041,32659406.0,273439.0016789419
3068241300051100300,49533775.0,611296.10917489,38110655.0,630441.8516414434,48675075.0,642640.0780471723,229037525.0,1944689.2839907191
3068241300051100302,20700802.0,257632.0979619815,18601771.0,305678.3469116343,19864202.0,263893.30081314355,95799327.0,823344.4453066963
3068241300051100303,16705236.0,243613.98127307085,12667061.0,236418.54198704797,16397469.0,257455.06908884493,73824633.0,721264.1965825012
3068241300051100309,45141597.0,563452.9721755978,33965376.0,562435.5584533208,44070677.0,580589.9857572967,216450822.0,1843621.2659487773
3068241300051100310,33681384.0,418268.8622069095,26144931.0,430365.8304089654,32857830.0,429632.68547234754,157118909.0,1331021.2621976947
3068241300051100311,47288598.0,588826.7971377114,35236556.0,584151.4609347703,46087351.0,610668.1637991783,221344433.0,1883602.4857269695
3068241300051100312,14660774.0,216734.5325849182,11296102.0,215946.23594161568,14455969.0,228993.844631873,64650483.0,631590.3526962152
3068241300051100325,129606349.0,1245310.2734742574,100977270.0,1327068.5248700827,124905668.0,1282347.182814836,610103089.0,4255226.535388504
3068241300051100326,6669640.0,68703.80438400933,6456760.0,94477.01474344275,6251539.0,67020.63047916636,30605270.0,256171.8294706081
3068241300051100327,35149808.0,334722.64742286823,32900928.0,438662.8148396441,33325981.0,342056.02411918074,156942966.0,1077137.1017977784
3068241300051100329,136893655.0,1507385.7742070155,111763910.0,1481338.4225491674,131090952.0,1553222.6135605886,614627501.0,4189337.6155808065
3068241300051100333,10691663.0,113692.99677496478,8278683.0,107344.79578540933,10378033.0,117395.44522810167,47098273.0,300827.0518644678
3068241300051100334,18064751.0,212413.4686722717,14494344.0,198633.10421624122,17974807.0,218869.65729134172,83604957.0,593449.8721203243
3068241300051100336,14180933.0,186640.01721555754,12038791.0,171228.0646742734,14066017.0,192312.96710847918,65797527.0,487764.36196221533
3068241300051100342,29239417.0,425764.1857360788,25497362.0,418614.8837255655,29036728.0,447832.0095840151,138880076.0,1184007.6927258354
3068241300051100344,30667080.0,457373.60047050216,27520454.0,454766.2121260045,30645901.0,477740.8587781163,146838091.0,1308820.4578852954
3068241300051100346,23475001.0,284014.8722517906,18772467.0,340616.2859882781,22595543.0,294849.85314812977,104407492.0,986603.3026123445
3068241300051100349,34436162.0,505125.62266596506,28915444.0,472116.4453924772,34540423.0,529475.7095944139,163488506.0,1451796.5110266118
3068241300051100352,124671255.0,1870708.5771729553,89669559.0,1525178.0131510599,114955369.0,1745440.4437068768,556919093.0,4721897.38953085
3068241300051100368,128894343.0,1790942.2527189772,102710293.0,1628674.1161467345,124316713.0,1850831.4974609409,622422484.0,5100000.12090772
3068241300051100369,25860462.0,309084.1019485303,20633374.0,374029.7700132002,24849128.0,318645.17766015657,118680667.0,1116100.9603445057
3068241300051100372,38107739.0,456889.77013069997,29993277.0,538496.1972499068,36691807.0,469314.9956145992,177141062.0,1650464.3923146718
3068241300051100387,36048259.0,415046.60736553045,30178601.0,545880.015335981,34746262.0,434755.7821369108,164789650.0,1525641.9447019715
3068241300051100388,25077088.0,346459.4853768963,20660925.0,335903.08993221004,24409750.0,360752.8060300099,120151930.0,996302.486368412
3068241300051100402,25882182.0,366920.77771263,25882526.0,408057.6495550559,25088011.0,372643.12198634166,126490567.0,1037970.0855071617
3068241300051100403,34435743.0,402604.4147003803,29921304.0,535450.9253913235,32692893.0,411590.01540756156,153802729.0,1429625.3580546374
3068241300051100406,17818632.0,211396.16811139914,15827529.0,291216.01596691326,17097445.0,220873.30120315682,79792750.0,765905.157803381
3068241300051100409,41371424.0,565092.6247776689,34282976.0,540060.6373097224,40557987.0,589293.18456253,198927061.0,1569196.848316934
3068241300051100415,34675668.0,395533.2260817704,26071767.0,462049.7478920574,33268004.0,408149.3340100275,160257817.0,1412881.6558116595
3068241300051100419,16356140.0,220173.64056094733,12435197.0,196109.9744704612,15688524.0,224920.26614962114,76145605.0,600593.4682748598
3068241300051100426,43201563.0,492140.94534359354,32631819.0,583132.8341484459,41114800.0,512743.577581565,195285943.0,1752319.776415588
3068241300051100429,26199290.0,350487.64123388723,20530230.0,315991.1454847033,24977978.0,358258.99855244847,121145995.0,943006.617691749
3068241300051100430,60699842.0,801829.069673483,52299632.0,812108.6018275978,58231334.0,827069.0052236808,285502094.0,2188856.8347467645
3068241300051100431,21699851.0,295568.3220761459,19892760.0,315889.4990548056,20923898.0,303516.75483849586,102953169.0,820235.3519611575
3068241300051100434,28111492.0,322181.48217464436,25713086.0,457254.053089053,27158436.0,331194.4019998379,134372450.0,1166954.2411392948
3068241300051100437,20193876.0,269992.16936852597,15237032.0,238207.36117324154,19456070.0,283544.4440783281,94268918.0,740220.2219573131
3068241300051100440,23602720.0,265929.36088852043,17927846.0,315016.8687976421,22656443.0,277023.4527304262,109873697.0,959526.7156625154
3068241300051100444,21934424.0,255254.34805248427,20601681.0,359071.60702943057,20875752.0,256527.53768018435,101328673.0,895635.9239043769
3068241300051100454,13619112.0,185389.6991585066,12984243.0,207080.4576687908,13221997.0,188737.3843906716,64632145.0,524498.9436272281
3068241300051100460,15904884.0,182138.5978298722,15314067.0,263026.26234279876,15230872.0,184190.42085654347,75197997.0,647453.3357815273
3068241300051200051,14181253.0,166974.78368472046,10897703.0,147154.7292120278,13898829.0,173003.57759313734,65069731.0,465436.9820287161
3068241300051200073,29761662.0,333538.30914310314,24699198.0,351402.92002109706,28583054.0,343488.51056981686,133440255.0,989680.2024276368
3068241300051200078,47791558.0,615378.102238503,36539884.0,597922.5759686372,46458591.0,638976.8188684934,216309799.0,1882977.2668062171
3068241300051200083,43733538.0,465700.97960746626,36674564.0,509730.37018896133,43192980.0,485292.37946574355,199415882.0,1480801.2898004993
3068241300051200084,15637601.0,198147.05856903354,10984664.0,184409.13516854157,15170237.0,207382.11303097612,70368147.0,619936.4029616574
3068241300051200085,52459934.0,652711.5655640806,48060469.0,808689.2731316036,49954460.0,679927.1990637842,241100696.0,2218981.724840162
3068241300051200089,49205185.0,758218.5650234207,43474946.0,836167.7218332684,48917554.0,798608.5420561007,233410473.0,2406781.0417389753
3068241300051200091,14550810.0,233313.67246271792,12882548.0,258117.21794821456,14673688.0,243599.29176493944,69735634.0,742516.1717878559
3068241300051200093,9577682.0,144915.8226421449,7276049.0,141132.74746647844,9322415.0,150511.07659296595,44455631.0,440170.56830575294
3068241300051200107,24854507.0,363855.3617070562,18683865.0,358244.44677355606,24241826.0,382408.2461234353,114645669.0,1144317.688360538
3068241300051200108,19152308.0,234794.06829538988,14029278.0,239592.29581379337,18317092.0,241426.92672476836,84580364.0,733889.4633524398
3068241300051200119,31274012.0,395597.51331022143,26909795.0,432444.0576259747,30754750.0,411460.2039929405,146253061.0,1312821.6416632934
3068241300051200123,21635433.0,318038.39920292824,15298874.0,289083.42218354024,21283415.0,336200.7746344126,101524997.0,982978.200889074
3068241300051200126,28916050.0,366881.44343724765,26530463.0,446888.53719427914,28239077.0,370056.0441446346,136059561.0,1182993.4915137547
3068241300051200129,37216245.0,537251.1907397285,26340588.0,492452.2651997995,36593991.0,569705.7763088149,175136019.0,1685999.634013717
3068241300051200134,20425920.0,251751.27509175183,16213428.0,271333.37352789904,19848916.0,257697.39802033262,95049922.0,807921.5769760796
3068241300051200146,47951495.0,576621.0619690829,34578635.0,575815.5335143455,46619950.0,603082.159929504,220429910.0,1849824.6668471887
3068241300051200147,28769710.0,415607.7988608155,22454618.0,421370.19374717784,28111360.0,434989.41671312856,136021158.0,1267451.204714869
3068241300051200152,28175920.0,342632.17594149796,24166088.0,405943.27771032974,26688962.0,351996.2704288142,123777722.0,1086812.362711656
3068241300051200155,4091792.0,61800.6575072391,3681492.0,70113.70664691037,4027057.0,64165.03832397904,19864096.0,200809.82548808726
3068241300051200158,23152162.0,277442.3153670922,18383899.0,305488.924944362,22598278.0,290608.8500428025,109589874.0,899965.7581904014
3068241300051200162,3973521.0,38506.75990702355,3648131.0,49486.544244447534,3908025.0,41462.30133126279,18006742.0,131745.21998452686
3068241300051200169,34942937.0,415798.53159399144,24965044.0,404139.38756558794,33670974.0,430973.7904124297,160896612.0,1321153.0553146359
3068241300051200171,14663953.0,175472.49270702552,11750303.0,199776.95258786727,14241370.0,182040.56672995616,68390171.0,551237.1285973033
3068241300051200177,58576203.0,714168.0846814369,58859761.0,980601.4620910478,56868647.0,729820.4605254772,278731376.0,2329005.339401608
3068241300051200179,73656881.0,870177.0837826525,55553780.0,926282.994160554,70631825.0,904392.6778917369,334123248.0,2767046.7633601497
3068241300051200190,58574133.0,817247.616287083,49987587.0,917188.2836916891,56477631.0,849697.880287596,275503668.0,2480494.7584724543
3068241300051200201,50698700.0,711417.1676270021,47867746.0,882329.2909231646,49213121.0,736708.0832434449,242816663.0,2179485.571632401
3068241300051200206,26530752.0,312752.58618933056,18505109.0,316089.68154352735,25508101.0,326076.3173697608,118921282.0,960980.8475256535
3068241300051200210,38914078.0,445947.6566396981,33348515.0,488475.6919643205,38241406.0,466542.77080228506,177913953.0,1440072.2582083405
3068241300051200215,18852580.0,260341.610094729,16776297.0,307431.9005964393,18056665.0,265886.32206485537,88621638.0,784188.7312257977
3068241300051200219,3188694.0,37834.52464610097,2573853.0,42795.503334236026,3070950.0,37613.65589754812,15040276.0,116241.98315612029
3068241300051200224,29621831.0,409084.38009341987,26167540.0,485920.3860896346,28486284.0,424208.7789755727,138809646.0,1245315.640787571
3068241300051200226,36945395.0,544490.4541779675,31009731.0,585921.5680617769,36408110.0,569106.7094877944,173470475.0,1749009.4554055466
3068241300051200235,23050680.0,272370.14017635194,17313006.0,281212.3666395887,22168466.0,282521.42224861216,105741602.0,860959.1002719905
3068241300051200237,31337203.0,367934.38967597164,29146761.0,477370.6217317622,30040773.0,377577.0809661724,147019094.0,1172611.1059478745
3068241300051200238,19265492.0,268908.69679837546,17880055.0,329878.92975830287,18395662.0,279166.5160513536,88885078.0,827715.3052529844
3068241300051200239,53124151.0,624998.69147865,43637071.0,712000.3787606525,50911464.0,645615.5561997462,251246703.0,2032505.8388680094
3068241300051200245,35195421.0,488694.54263028345,33617824.0,612758.576834685,33431637.0,499283.6607788652,165740677.0,1494264.398172221
3068241300051200247,36336813.0,505432.7700965943,34386445.0,621328.3501964732,34134742.0,514952.1490588142,170586338.0,1572545.983344087
3068241300051200249,13872830.0,162653.82486910373,12803334.0,206736.69671139965,13087607.0,165332.3881106628,65297704.0,518921.756196434
3068241300051200251,65230254.0,773630.851461464,51181578.0,837457.3515239119,63033257.0,800486.1254950518,300188360.0,2474817.7515224945
3068241300051200254,19970895.0,236160.60075021052,15534924.0,254800.3111359205,19219522.0,245038.75893760397,92911253.0,756776.3992886475
3068241300051200257,33481145.0,466695.4360474128,26735264.0,501577.50309743226,32106862.0,489251.4881243034,153216713.0,1455005.727504301
3068241300051200260,19614591.0,229032.08042482138,17313309.0,278199.158347014,18912275.0,238551.8109845383,93782796.0,754080.2710297321
3068241300051200266,12904146.0,151766.33430244614,9902911.0,162730.4039132931,12376425.0,161221.03194235812,59013068.0,499586.6961470363
3068241300051200270,16123910.0,229328.4714548199,12672507.0,236400.88834112394,15578015.0,239714.01400300342,72497356.0,686083.4449480252
3068241300051200298,28349234.0,420933.49044776044,21474946.0,410314.44002196373,27607036.0,438145.19709099305,131249560.0,1318075.9453574854
3068241300051200301,14335105.0,216489.76564947836,11574718.0,221195.21194341502,14159022.0,222959.43669364532,67028348.0,688230.1293041279
3068241300051200306,21953454.0,270218.82873946155,17040111.0,282202.1330494726,21369532.0,278723.71945500304,105469406.0,896064.348257334
3068241300051200307,3301905.0,48142.157094228125,2412979.0,45411.92725230778,3230097.0,51427.44718510961,14533608.0,144054.12948616626
3068241300051200310,70782385.0,1040701.6558852025,52420945.0,992706.6588164557,69237863.0,1091964.7628926528,306977222.0,3002663.8395536686
3068241300051200311,17731486.0,258674.96446234832,13506607.0,253247.09954372054,17347312.0,270343.56437312206,78336470.0,770866.787028519
3068241300051200312,39672414.0,587163.7057729713,29521446.0,557695.2931308902,38263403.0,595574.1253536709,178075969.0,1746309.2973221021
3068241300051200328,23601280.0,295482.8041674355,18454538.0,307141.32236817863,23085417.0,307577.6500538485,108253598.0,914537.1154921906
3068241300051200330,15348464.0,187739.6668551956,12103696.0,202496.85591154103,14973722.0,200034.68630539253,70360212.0,603835.177654482
3068241300051200332,48884865.0,600790.5834402278,43862760.0,724372.363253215,46595105.0,620716.5581531333,215624021.0,1844717.4554196985
3068241300051200336,5438531.0,68017.7599190948,4754099.0,79539.5069755295,5280926.0,71621.67454937076,25148083.0,218642.64063012053
3068241300051200338,4592445.0,68031.33507850203,3654756.0,69193.52885786686,4501496.0,70951.32110877651,20039046.0,187733.642734176
3068241300051200346,18108447.0,213899.01090497826,13366312.0,198520.36187005456,17654630.0,221483.92553925974,79237052.0,588460.2327368952
3068241300051200351,34311368.0,306056.4586382743,28229955.0,311607.3686735454,33966466.0,315540.5989211256,155806363.0,879587.7370559331
3068241300051200353,26113707.0,295880.7192255098,20702789.0,278991.22675817856,25962141.0,307545.41018213285,119964454.0,840134.8538928514
3068241300051200366,3231394.0,29074.171316808486,2732487.0,35011.506360687636,3111320.0,29976.108470231913,14465454.0,96240.67092639337
3068241300051200367,39081164.0,411422.3717878114,35259946.0,543407.6329705915,37277570.0,422810.9041143934,177523749.0,1465213.7056374005
3068241300051200370,129159958.0,1570193.2792324822,117417274.0,2097188.2634476805,126098186.0,1624890.9399568099,625763987.0,5953336.095156899
3068241300051200373,45930832.0,558501.9345849596,35599781.0,633402.1858248906,44774100.0,585042.105292939,216102551.0,2040258.7517550965
3068241300051200374,51889799.0,546522.5624912409,44199891.0,627438.8358453633,51317093.0,574156.7664086511,239137943.0,1795687.8944334527
3068241300051200376,38987171.0,470682.9714994724,29726370.0,539825.691582401,37777925.0,490693.72946868406,174942373.0,1638707.1354778884
3068241300051200379,22111786.0,314799.0582521267,17595895.0,288196.24672567367,21511391.0,327324.20381574694,103323846.0,859833.8511667582
3068241300051200385,51420537.0,733797.0262923419,40304885.0,660340.1814349932,50281433.0,764216.7262483275,242825852.0,2054556.186890901
3068241300051200386,33240152.0,399769.9016689841,27916524.0,515750.5799452307,31725992.0,410143.8377695188,153034662.0,1488741.7038439875
3068241300051200398,18485628.0,206457.151344598,16266637.0,268925.4017265944,17761924.0,213931.8928260132,83553712.0,746262.0361988002
3068241300051200401,28322664.0,338893.7089365382,21124681.0,384740.0985394933,27641901.0,354151.5465890729,131303211.0,1239669.820657706
3068241300051200406,34508540.0,420927.98692287464,31491170.0,582846.0987777344,32811383.0,428398.1184211252,155164940.0,1551081.626637474
3068241300051200407,21194260.0,254906.98968841118,18287531.0,331957.6696575607,20071479.0,259803.95218146045,95820571.0,934497.6264218286
3068241300051200408,23026666.0,328531.08268810844,19040667.0,311107.59578806517,22156840.0,336303.6333496905,107115468.0,904048.2326101451
3068241300051200410,62317990.0,863344.4645377051,48607877.0,775478.9617145906,60184792.0,893367.1167029868,296042805.0,2441668.3393850587
3068241300051200415,43252910.0,510009.32343315956,33752993.0,615153.5129493299,42332724.0,532799.6380756269,203564666.0,1912243.6432019335
3068241300051200420,16562343.0,234253.25759816385,14950289.0,242484.43539966646,16102091.0,240184.71519269058,78679019.0,668910.1774675864
3068241300051200426,29550481.0,351499.05406823126,27071102.0,486337.2210747716,28503252.0,360326.5599432065,138474109.0,1308015.1299433454
3068241300051200434,3809059.0,45468.965374709514,3084057.0,53733.04994691331,3687634.0,46019.615218818886,17733592.0,165700.8742649908
3068241300051200436,15084423.0,209439.16308950246,12232895.0,203071.25899475988,14681017.0,217918.89642731298,72080021.0,588042.1898296803
3068241300051200438,7256318.0,101707.84497723296,6122429.0,95935.16195516096,7017680.0,104998.12332389952,34565634.0,281147.3862498854
3068241300051200449,39278578.0,454953.382660217,32299841.0,574415.5350745206,38539147.0,478115.3871536468,187733075.0,1665290.449124446
3068241300051200453,10409924.0,116901.56529730659,10088106.0,131392.54348951034,10280662.0,122484.88363207613,49968038.0,363220.7046465069
3068241300051200458,16318969.0,187984.13020152485,11956063.0,206251.47725571287,15824934.0,195587.09110100966,76100786.0,662852.2152484572
3068241300051200460,45254570.0,518545.0311715348,36521937.0,652610.7938407825,43900591.0,539206.3161251522,213003697.0,1859890.3140635071
3068241300051200463,29708115.0,398743.16029976844,23974853.0,375488.4135670464,28793807.0,415023.3018240361,140501369.0,1105013.2936554295
3068241300051200464,9143785.0,86792.76763286778,8632195.0,125122.77202539293,8877064.0,91585.87710638359,41239887.0,305496.13178467366
3068241300051200466,37722849.0,512427.7755925678,34448676.0,551918.005841156,36488814.0,530904.275925018,180646336.0,1433424.059478446
3068241300051200467,30152545.0,354691.16932240827,26143342.0,462355.05983778415,28845829.0,365999.3252741854,133626948.0,1248191.6580006578
3068241300051200468,5138380.0,59333.08666879673,4130105.0,72558.22325739218,4942758.0,60279.93163188364,23734616.0,214651.92284953393
3068241300051200471,23066843.0,320964.0789246744,22352085.0,360326.92550348677,22712398.0,334672.95831373206,114050717.0,960028.805252634
3068241300051200473,44662785.0,613861.5422025535,46196834.0,745136.1467854275,43337396.0,632929.4901538809,215012225.0,1773905.370813006
3068241300051200475,68690765.0,806998.1430946253,67727868.0,1199762.8599602825,66062974.0,819145.818327642,324994501.0,2938333.876885903
3068241300051200476,25695301.0,290114.9781933344,19808417.0,347726.79228999617,24717710.0,301342.99275444867,119847351.0,1048180.2286065065
3068241300051200485,59344352.0,671671.133850325,51078123.0,887198.731825239,56859341.0,692006.062140972,279658740.0,2390726.7611506423
3068241300051200491,21848116.0,301427.8090019026,20791661.0,327434.7789689298,21083076.0,303195.6785640629,102963092.0,816621.4764471164
3068241300051200492,27967006.0,321250.4294977867,24437251.0,436733.5944395922,27449148.0,344170.0259849039,126491602.0,1165987.6727277148
3068241300051200502,24702509.0,282633.1712284939,24041781.0,426384.5457191252,23752590.0,290269.3144078498,118809947.0,1034682.4561969717
3068241300051200504,20930848.0,274837.1292608435,19247500.0,308289.0324374777,20089016.0,289470.95118837676,99537898.0,756496.898322182
3068241300051200505,20067047.0,227735.5446195069,15535866.0,269754.93933998497,19076151.0,230849.10184165867,92077219.0,792661.0141581784
3068241300051200507,16738715.0,222332.39338515696,13083800.0,204393.74314368304,15895977.0,224928.78063830113,76190777.0,585413.8270160842
3068241300052100016,66330236.0,766207.0455799976,49293401.0,704045.4046633275,65750660.0,782040.4060746244,304587607.0,2271646.75632828
3068241300052100017,82806028.0,1112039.266328914,61338505.0,1069396.371913266,82574978.0,1151352.0632565797,381929483.0,3569836.6918517114
3068241300052100023,4768544.0,63587.11650830277,3564509.0,64055.00198664591,4721791.0,64257.877029466814,22184848.0,212237.2641059913
3068241300052100026,8903870.0,113658.90963067947,8133567.0,140797.32046895716,8868605.0,118804.7375930718,43077934.0,404426.58672900824
3068241300052100031,20016532.0,262767.8280899965,17292281.0,308905.81872677157,19940133.0,267496.13690896065,96631100.0,899335.8338275489
3068241300052100040,62963741.0,787171.6944194897,49305874.0,819528.808343285,62678534.0,824101.4459325672,300546070.0,2646319.898422089
3068241300052100045,22767181.0,286816.55507740675,16815569.0,286611.5459991464,22376009.0,295735.3600639853,106063155.0,952609.5913263373
3068241300052100050,22430623.0,283873.27976405923,16913916.0,279491.6878088302,22117083.0,294527.9291104778,106654996.0,955435.3675953253
3068241300052100051,24028137.0,307294.22733085323,18415539.0,314058.60216809827,23651544.0,313832.0411927275,115319516.0,1050220.0056211965
3068241300052100056,42163611.0,537198.5644099859,31750038.0,533827.8828246703,41384129.0,552422.760499049,202839296.0,1808176.815094077
3068241300052100057,10503892.0,133531.1395441973,7733877.0,133492.93976396657,10207656.0,136395.2565660647,49764114.0,451156.1395833233
3068241300052100061,9148079.0,117999.17024380542,6928615.0,120509.20467610867,9186692.0,125504.29919634441,44235343.0,401045.2708363663
3068241300052100066,47974324.0,628058.3304784407,37602289.0,640316.4367206031,47795402.0,654922.1049148134,233726895.0,2088944.092531035
3068241300052100067,32414167.0,328754.9300132829,25873875.0,350809.82334692,32309970.0,337530.47750446864,154736666.0,1084307.7778289884
3068241300052100068,11645052.0,114148.7030208499,8909218.0,118853.78795767699,11621657.0,118907.8187458,54619002.0,387909.9944218127
3068241300052100071,26412020.0,339950.52507521,20661445.0,391907.6703744537,26271403.0,352371.09380210785,121865902.0,1237078.7696519177
3068241300052100077,3556494.0,322851.536528613,3228449.0,60410.79365673469,3561794.0,323943.67459263845,19481024.0,200132.97237810437
3068241300052100082,3343046.0,40397.407267731534,2879695.0,53422.70707617238,3358680.0,43112.93701421315,16151233.0,161736.94821589673
3068241300052200017,2652814.0,253269.04832721327,2808914.0,135814.28695546824,2612848.0,248332.1078185201,16095099.0,684635.6636087623
3068241300052200029,62103152.0,824946.507801172,47497895.0,831857.1508242893,61709870.0,853318.7553260799,291973237.0,2777183.8968094103
3068241300052200036,9993159.0,128885.12012555184,9118778.0,157977.85851377793,9855916.0,130578.09245893902,48153870.0,436188.1796775727
3068241300052200037,2995185.0,39227.61546423548,2649440.0,44164.70953964323,2952446.0,39115.2480613967,14336809.0,129643.16622574508
3068241300052200040,40598480.0,514594.3475120603,33254017.0,562415.346746031,40510533.0,532595.7938309684,194014406.0,1763070.3704101425
3068241300052200042,24938369.0,319586.1254230782,20144695.0,340987.08594390855,24855132.0,328485.48791910335,119775243.0,1064491.0775374435
3068241300052200052,7274679.0,93295.1907151031,5333960.0,88701.5655646847,7145687.0,94822.04845083732,34498642.0,304428.6762975858
3068241300052200053,4224953.0,53095.06466592859,3122050.0,52311.58637826839,4152123.0,53769.15773086363,19603778.0,174200.45233139727
3068241300052200060,24677026.0,316778.1747917736,19564193.0,328781.828430083,24280681.0,325212.73730752233,119800443.0,1085555.2433409803
3068241300052200061,29207014.0,371728.945393168,21301497.0,360480.8694508332,28580644.0,386728.1115418946,138877599.0,1247451.0780132567
3068241300052200074,116328451.0,1485088.8544526189,90241205.0,1694141.0064679217,115949573.0,1552467.2283469967,545178688.0,5523367.221961247
3068241300052200076,65277766.0,823705.1107254873,52727186.0,972831.3340076155,64592445.0,847103.9345995261,306463671.0,3089465.1798164165
3068241300052200077,103355730.0,1279307.3480507133,91155452.0,1708878.8834365252,102546705.0,1334847.464875245,493532156.0,4956122.990026994
3068241300052200082,50332676.0,614908.6703167196,45779681.0,841604.2020626661,50311781.0,645238.1282425435,241487523.0,2360576.069179937
3068241300052200085,4595194.0,255846.38118274655,4326304.0,147849.17670057015,4624897.0,258715.4981439557,24627972.0,643764.9706887471
3068241300054100049,66453681.0,851274.5551962405,48292659.0,965283.8353941899,59922908.0,808393.7123265858,330629912.0,3456368.337175131
3068241300054100053,61037966.0,780889.991304002,51226550.0,1049569.988804004,57971231.0,812005.7687761458,315203435.0,3711723.644277299
3068241300054100061,13025698.0,176057.1460714294,10038866.0,216983.10429315217,13049717.0,185113.57294712463,61775897.0,712102.2682217186
3068241300054100069,18425503.0,203683.01980932272,15429528.0,294989.0553257144,18064954.0,215437.0490729069,100105428.0,998639.1773472575
3068241300054100070,19195184.0,210717.2737420893,16641832.0,322382.00127789093,18729436.0,221542.17276871542,106532263.0,1143514.2209618902
3068241300054100075,30262042.0,352335.02611813194,24465863.0,471656.05907144834,26625547.0,315182.7820817898,143517224.0,1521954.461120632
3068241300054100078,36094996.0,411142.1019257632,31685067.0,617586.7756741066,32542567.0,387396.1557499408,163495936.0,1765335.0999764584
3068241300054200048,41844597.0,668304.7144188969,39955850.0,674043.8256252005,40838825.0,714276.7042531344,203562617.0,1774523.8100313046
3068241300054200061,24662532.0,268740.3718612649,20311020.0,403250.08950611646,23248505.0,269047.40596866346,126241707.0,1441596.3890032126
3068241300055100015,50588999.0,614597.5984513705,39587920.0,460813.6479380149,48164767.0,617417.3845451735,240428315.0,1566837.2698181737
3068241300055100018,27331874.0,391303.27908086916,27558328.0,375044.85126919975,25737980.0,400529.81522837124,136773164.0,1017470.4408891338
3068241300055200012,162680934.0,2069887.1908413914,156147646.0,3036885.0024838587,127590461.0,1603643.0564258012,771781670.0,8377282.285673274
3068241300055200014,79936676.0,936794.1455099096,74193480.0,1230399.6397903408,62533386.0,732881.015106472,379292808.0,3747789.379936735
3068241300055200018,84396302.0,1014318.9112024419,70847728.0,1323902.320078611,71214633.0,887529.5009346711,403123285.0,4320669.225834893
3068241300055200019,24686429.0,240364.5850632739,22925560.0,402089.31230841693,24187564.0,251211.63956555934,114855639.0,940857.9094689987
3068241300055200021,33322561.0,540440.2487537467,30600590.0,600924.7388009989,32156877.0,559943.1020297974,161580737.0,1498318.0871172096
3068241300055200028,29659758.0,365292.6129085035,31176235.0,364792.4268159343,27910986.0,363960.6047184654,142136828.0,918051.6261115184
3068241300055200034,36515663.0,535335.7882520006,29910187.0,414725.9831219232,35161830.0,544717.4467990815,183172274.0,1381911.1466252077
3068241300056100005,138593903.0,1244679.0313349983,1130238261.0,10700025.775495047,48243741.0,481606.3137084056,1161568647.0,7384454.620156933
3068241300056100011,167863490.0,1592905.5886424992,1197019660.0,11321747.207321959,60630967.0,606922.2069627901,1362355803.0,8737696.03169141
3068241300056100013,62409058.0,631950.1328261686,324897230.0,2878478.579486574,18282852.0,172307.09657452683,406012735.0,2429031.1399841676
3068241300056100016,101401293.0,728937.1387330663,900611207.0,5724267.320715925,28202308.0,271999.02273072477,956760748.0,4206681.5247251
3068241300056100022,129046484.0,1583484.442790383,984648883.0,10171952.963959312,38473348.0,375961.5795790354,946839876.0,6768467.008204796
3068241300056100023,63322254.0,663029.2672986841,380126523.0,2175145.725060799,17144669.0,166117.85891550226,455608681.0,2411430.2107520006
3068241300056100025,71692452.0,481693.2173262785,588391454.0,2254702.8583243573,20687890.0,200241.69490395347,645287984.0,2285538.500876505
3068241300056100029,168320718.0,1122278.6840520187,1845633060.0,10428820.46947905,48537261.0,468864.1696039409,1744360272.0,7016697.666020668
3068241300056100031,41184722.0,380391.05475482065,274896314.0,2374125.6469550743,12480005.0,116342.12002271417,277775380.0,1454021.3709722399
3068241300056100032,38799882.0,345875.6117333199,303632796.0,1857629.399872379,10510212.0,99926.893696441,273183119.0,1347665.2797435313
3068241300056100033,72936235.0,641400.4773940768,526880214.0,3645187.8444305174,19995728.0,195096.8105100106,591861006.0,2715889.220177665
3068241300056100035,144658198.0,1151558.300897732,1049300571.0,7597842.249040958,46567258.0,438689.6130325683,1030072354.0,4688686.199652845
3068241300056100036,50406424.0,578973.2610533154,285826322.0,3671411.4869424375,18276936.0,184085.5640789488,388696872.0,3820273.562240647
3068241300056100041,30672963.0,317383.280923002,257283362.0,1067707.941632023,8151270.0,78127.74459055354,273726719.0,1211525.8376164208
3068241300056100043,74456087.0,1050036.031068052,560974849.0,7842051.692030108,25413233.0,260902.83684944658,604168860.0,6649543.312183218
3068241300056100047,21255057.0,166161.52450818795,188873111.0,1185633.2019889422,6290241.0,58305.4833714363,176546495.0,772178.0382425429
3068241300056100050,62205190.0,449199.34781622776,517243385.0,2439693.937794215,16109467.0,160564.34370912923,534475751.0,1925212.7072252748
3068241300056100051,89331905.0,587420.6321381454,885431141.0,5656443.7071838025,25401417.0,244710.71487884453,814697696.0,3717284.101537832
3068241300056100052,27201478.0,204924.15328753344,205189022.0,1145795.69704546,8044636.0,75793.55624018886,218142209.0,829271.5118074213
3068241300056100053,114357363.0,823014.122892547,944041724.0,6524992.74214307,32463241.0,317442.17121716385,984801931.0,4886568.648904294
3068241300056100056,49160905.0,383574.71776426886,326854135.0,2068269.507714648,13865111.0,133117.41394127678,366312502.0,1633904.358107408
3068241300056100057,39104855.0,243261.77360819062,265644707.0,1110530.6944840536,10473178.0,99512.8529467061,271201171.0,982040.8186157923
3068241300056100058,75464679.0,1020760.947243772,400164527.0,6087955.455913553,25720574.0,270131.678890744,542474146.0,6143687.2047980325
3068241300056100059,115969496.0,938464.869565197,1110432435.0,5968730.765331724,29069307.0,275137.0000675057,1049398793.0,3924684.908155568
3068241300056100062,90926162.0,704003.0795193616,561616280.0,3280473.8628334836,24697890.0,235897.69456630983,679748456.0,3367439.0958503694
3068241300056100063,38544473.0,414188.73272981995,211031331.0,1687189.6157402243,11287762.0,111118.45057856946,275206416.0,1590115.6287402736
3068241300056100066,124176122.0,905211.669085335,1168738502.0,5708694.49808735,30292648.0,287867.23172078823,1095856474.0,3959495.1974236155
3068241300056100067,122812278.0,762200.4957404695,760938856.0,3267598.72686485,33001585.0,314139.44779074803,834479867.0,3171475.542978068
3068241300056100073,156711443.0,1526937.7656266687,1158951969.0,8849648.986439217,46567381.0,458284.89387938,1324699973.0,7499485.956717385
3068241300056100074,96710066.0,817728.2522991339,560187438.0,3007293.258555191,24310241.0,231172.0157346223,689823742.0,3666860.992585702
3068241300056100076,62192861.0,641594.1053577746,499383104.0,6341428.942608007,17405331.0,177838.40973755097,518999062.0,4185404.6947314288
3068241300056100079,40414170.0,294930.52678236546,285334219.0,1752697.0407016766,9979157.0,96145.663452104,309304529.0,1337059.8421358643
3068241300056100080,118622891.0,822934.3444055864,1002151643.0,6400713.8915496515,27967656.0,277837.6552864565,978455837.0,4422972.851395218
3068241300056100084,154021269.0,1293952.2965731644,1031425032.0,7269488.039677755,46831772.0,460859.4256092008,1268957269.0,6672600.01467955
3068241300056100085,149254685.0,1056674.4468832186,1148022655.0,6074560.012199428,36057008.0,346939.16328770446,1155823110.0,4450991.477891915
3068241300056100086,110756141.0,947362.7721306514,736767092.0,5001333.040214144,28454980.0,279659.75843317783,814665632.0,4125941.4420811264
3068241300056100087,189343953.0,1422226.9723572703,1370928253.0,9706729.831823196,46632193.0,463724.4266148219,1430678073.0,7352039.537448685
3068241300056100089,74155013.0,1042521.9544358286,351814417.0,2191952.625097891,20634940.0,207589.2131238944,463654850.0,2571777.2738862094
3068241300056100091,111393223.0,876583.6006041771,619779528.0,3492674.906560067,30136674.0,281869.83632440533,847796096.0,3159179.748779984
3068241300056100092,150642069.0,1104852.4751612563,1234327311.0,8188875.809385119,45581865.0,450047.1357656677,1337846386.0,6594416.36326014
3068241300056100093,84889818.0,635219.0266600195,529667482.0,3299517.7699704524,23232235.0,224683.67020136554,627436823.0,2611894.8000471396
3068241300056100096,124508420.0,881164.8957360168,945661847.0,5372284.359750274,37201991.0,361723.61417254584,1096663674.0,4258256.3173608985
3068241300056100100,177810035.0,1113284.3773948727,1608765917.0,8398675.080002038,40693874.0,386253.84000890574,1545774019.0,6203079.237399684
3068241300056100104,197854343.0,1334717.4447128791,1488607113.0,8109219.948465934,46785743.0,457041.2432546064,1552245058.0,6664385.159681923
3068241300056100107,73982043.0,455447.64820476045,403305748.0,2259006.48817266,20163870.0,192781.20900934463,539543407.0,2501209.9822343346
3068241300056100108,109774785.0,755615.8978645795,1019552691.0,7466080.172322169,32238392.0,315169.03527765063,1026824003.0,5385471.500307567
3068241300056100109,142455055.0,1057625.6553674538,1193910298.0,8394457.516352963,42706453.0,416291.0177506819,1313182584.0,6773779.124208906
3068241300056100110,146498160.0,1068577.259733766,1204800664.0,6245026.508069202,37414849.0,321702.8577328014,1190733215.0,4835632.748427419
3068241300056100115,274167397.0,2383594.759668141,1711510694.0,8872320.573344756,63908320.0,770550.7929547954,1809317129.0,8511682.368655207
3068241300056100116,156103910.0,1133080.9865513954,1290971923.0,6133078.464080224,33694203.0,328376.71482962754,1299758064.0,4763909.610682458
3068241300056100117,147414607.0,1203326.9360705065,1003844818.0,6893703.2112783445,37519561.0,368805.9522039193,1171718917.0,6210362.961796177
3068241300056100119,164372489.0,1090018.9039321234,1435765110.0,9389438.654364884,36078641.0,351338.4182607571,1419444142.0,6265750.53399229
3068241300056100120,100909510.0,690048.8782082839,868363844.0,5075699.854398334,23254610.0,222267.74803001177,851908137.0,3329096.219987372
3068241300056100121,105004470.0,756516.92759902,558006344.0,2567272.8814404216,25534536.0,266688.0138484792,741122206.0,2806838.0614049896
3068241300056100128,143309609.0,1610229.7475453168,874812937.0,7872105.8674787395,40285285.0,533641.9405883122,971979504.0,6605844.558975303
3068241300056100129,185664859.0,1309181.576288852,1831075977.0,9079819.933625476,51812409.0,518408.6052482658,1814080014.0,7240403.642997988
3068241300056100134,197645943.0,1211043.7772147146,1836046750.0,7312495.661995673,55142630.0,492438.5494470188,1915951601.0,6731292.015640396
3068241300056100139,54559936.0,344032.5031741313,309706874.0,2246167.9786804435,12255850.0,116637.10128089246,382891428.0,1763535.5818114472
3068241300056100140,98073965.0,754574.8989987287,561313458.0,3113513.944212132,21503119.0,212267.8826844019,680544884.0,2706532.6625395203
3068241300056100141,168545716.0,1312836.8900926425,1173857980.0,6452876.354116689,44490613.0,443584.170069177,1480319343.0,6339940.070586679
3068241300056100142,32067345.0,309513.30133500614,173018058.0,1172877.146324353,7149737.0,94545.35417694473,188762595.0,898750.2046019705
3068241300056100143,17575318.0,98525.12966207913,84653001.0,710862.0388735259,4633973.0,42043.14681281873,125121931.0,731602.5151845198
3068241300056100146,85234795.0,636599.4836535197,614241751.0,3210051.333672149,23463331.0,226214.17624964737,768477622.0,3253668.8687540153
3068241300056100147,165418988.0,1251532.8221222737,1148035889.0,8461588.040422212,36874240.0,361489.8345331873,1282162344.0,6530117.227946127
3068241300056100148,189945417.0,1677259.5308276354,1355309367.0,9704461.170694316,44697484.0,603232.9683444608,1285100311.0,7238770.764893379
3068241300056100150,153271168.0,1056813.8848879933,1143462233.0,5752433.626404818,33884723.0,337762.31341885036,1247474715.0,4639283.034002038
3068241300056100152,31560160.0,219188.18922251152,165938124.0,683651.5026401451,7253818.0,74007.44099870697,217459871.0,916298.6124050121
3068241300056100154,217292839.0,1720027.483300982,1394163314.0,10156794.122582396,51330060.0,498649.702371893,1590137866.0,8386367.987970435
3068241300056100155,81692006.0,1008227.4262714809,382859738.0,3830878.107446619,26595798.0,278269.28804182063,639484321.0,6944116.9076912105
3068241300056100156,135327561.0,933829.1943827192,1215003778.0,6584200.562875559,38496642.0,382640.8016332607,1313149058.0,5521746.240195228
3068241300056100158,201315065.0,2285360.6363729313,1064016321.0,8406285.560699334,56473745.0,765654.9087189056,1212644058.0,7972743.923078429
3068241300056100159,48976149.0,486501.1369678914,254998879.0,2555471.2786368807,13110189.0,126756.27637739973,346579502.0,2629414.9285959117
3068241300056100160,35927062.0,297516.2263923437,212699441.0,1486646.3234503001,7781367.0,73818.94820770391,264547669.0,1111449.7635598676
3068241300056100161,119931999.0,944142.0657940323,703087768.0,3278760.8927092873,28056663.0,278253.0390131914,877654013.0,3416953.1169332443
3068241300056100162,145736394.0,1493911.9900951884,843845229.0,6354546.711915729,43241726.0,568455.2891460147,952464293.0,5992215.730057077
3068241300056100164,19358433.0,131015.33970647232,104678353.0,645363.7813744823,4445326.0,41796.8162662642,137485695.0,544615.6011431796
3068241300056100167,153082861.0,1037177.0735862147,1212919467.0,6805188.977289421,40626719.0,391371.28038019023,1417527857.0,5817422.294745209
3068241300056100170,69892671.0,584723.5314197439,346772742.0,2482278.0928283995,15464661.0,154306.5115046443,481620044.0,2769898.2839533743
3068241300056100172,48696181.0,366881.90884987806,280165994.0,2276466.6453736527,11185092.0,107019.50603026655,366484972.0,1825645.059547933
3068241300056100174,93374868.0,1121526.6995435476,491488523.0,5228596.907791805,29350403.0,311460.4229709411,649093028.0,5891208.177710278
3068241300056100176,99363565.0,814213.2196988112,589211391.0,4220413.121198213,24213253.0,242641.1966273588,752639917.0,4098865.251215625
3068241300056100177,68712589.0,545763.8402880641,354123173.0,1492031.2494185132,18908790.0,180963.11926351232,488342543.0,2512810.7018491277
3068241300056100179,94647952.0,1067030.0229345304,539503275.0,4812336.965931926,26895800.0,260632.75718348694,678767118.0,5571435.265704413
3068241300056100180,27706366.0,158731.02673384838,167151614.0,905655.4323380847,6953589.0,66285.6602028452,216517597.0,982986.4346358374
3068241300056100181,39222227.0,296472.11038752383,211409795.0,1338029.5615549209,10240517.0,94309.19872547447,298316750.0,1581145.4951582884
3068241300056100182,176462211.0,1397861.7904888755,1192087244.0,8357186.239097718,51730840.0,436623.71467782155,1417820728.0,7636709.8635747405
3068241300056100183,185793068.0,1455878.9501543995,1054856663.0,7043451.163408271,61020317.0,513011.067467833,1410695770.0,7098740.377314874
3068241300056100184,67346619.0,718201.4504756556,359742555.0,2747356.6635156786,21473408.0,173774.4352095633,502090133.0,3411988.9048446775
3068241300056100185,30411503.0,324382.7881198466,140473813.0,1016934.5178318303,7933165.0,66818.3169878648,199498483.0,1117650.0963708134
3068241300056100187,93629839.0,995731.3149973653,555282586.0,4884830.23945642,31832957.0,257399.160154676,724771441.0,5951378.69276849
3068241300056100191,82648087.0,603236.3652806309,624515451.0,3257322.618683802,17946510.0,172783.74188813177,596330025.0,2385631.4584574066
3068241300056100198,193337005.0,1538436.622509304,1148639130.0,6509231.87948859,39363115.0,379755.68583600264,1250762812.0,5112115.856413787
3068241300056100201,96874765.0,592594.3797191938,530351239.0,1661071.3074299917,20625492.0,194043.87108246918,617235107.0,1919666.3988721233
3068241300056100204,172341617.0,1241140.2835889691,1151346457.0,6508710.598795218,36513231.0,348477.88582042523,1241457096.0,4947884.162568814
3068241300056200010,153855336.0,1311185.681196062,1138264061.0,9218911.600146646,45085081.0,451472.6063833852,1277770804.0,7529679.401924642
3068241300056200011,333283541.0,3087602.6819583466,1828631726.0,12258278.504752569,97950448.0,949388.4915589099,2447041581.0,13009820.952262588
3068241300056200013,110064132.0,1044920.867682127,531511349.0,3915143.79214706,46547449.0,443856.583472891,715598671.0,4635133.077595358
3068241300056200014,150210807.0,1137500.312422099,1094631457.0,7249221.671996716,44810963.0,443634.4267080714,1272231576.0,5953867.660176759
3068241300056200016,165215365.0,1234644.083677512,1368310817.0,8637601.809234474,46882083.0,452219.79037604155,1467401530.0,6507905.586780577
3068241300056200017,155719553.0,1398212.460684504,702784495.0,5125302.719900978,53538599.0,507379.95652945235,993688484.0,5446866.0929008275
3068241300056200018,98641394.0,767272.324512484,819045122.0,6366357.702738423,28032785.0,268726.88889614213,870878651.0,5098789.6635422185
3068241300056200020,202369525.0,1593239.1488634925,1721098747.0,11875343.178815184,57036666.0,554949.8497390952,1755480094.0,9206284.932428282
3068241300056200021,127237427.0,998587.0674750655,1162046326.0,7582624.601549941,33831798.0,329340.77994916495,1134133467.0,5234568.171702931
3068241300056200022,169654899.0,1625611.1127376973,1342419590.0,13582741.223850524,57012705.0,569418.5097945585,1439114226.0,9939149.6785771
3068241300056200023,95522446.0,677201.7209573967,821742200.0,5262199.421576719,26006230.0,253392.05497887236,855698916.0,3551342.4963611746
3068241300056200024,126093226.0,1013539.1971327983,1041284327.0,5120018.255906388,34686190.0,332170.37653501105,1115013036.0,4315759.267118183
3068241300056200026,109823455.0,977061.6124521976,735154292.0,6644801.909456477,47052648.0,451799.38032261614,834328882.0,6342121.350243808
3068241300056200027,150200898.0,1135251.0061922336,1320201173.0,7685270.045636762,39693224.0,386230.9255944032,1310949141.0,5436577.626390059
3068241300056200029,389078273.0,2760361.2733415077,3845004816.0,18737077.747851517,107193504.0,1018650.9589897952,3553248723.0,13999311.592318274
3068241300056200030,30964187.0,270582.3340257694,249373300.0,2150337.796308276,8727606.0,83323.65730474808,232681776.0,1669340.5447243284
3068241300056200033,66786443.0,706835.0319419032,457983927.0,5391093.637607867,26019098.0,265397.45118032914,577127414.0,5301677.146569628
3068241300056200034,99045442.0,719468.307646272,871973973.0,4437336.39571516,27241411.0,257865.01957550397,895909714.0,3467473.4382812753
3068241300056200035,74386176.0,597540.0539756421,668051836.0,5270558.225740455,22079712.0,212249.46446542157,584358589.0,3559564.8881203635
3068241300056200037,135231422.0,1093052.6949778853,1276086588.0,7642766.281071797,37690298.0,362856.0969047585,1141770678.0,5011201.779992711
3068241300056200039,94409076.0,727920.5292914867,801921245.0,6306719.922137719,26877490.0,264726.5581486972,840156301.0,4306871.8218564745
3068241300056200040,100353084.0,824469.1922092494,886917160.0,5610914.323439496,26596838.0,265014.80409221485,891460227.0,4095848.11412549
3068241300056200041,88097354.0,706677.1612891611,397506168.0,3501395.499067955,59116997.0,727351.5685429077,586821547.0,3558711.908836023
3068241300056200042,102654079.0,622434.6103574064,1034567470.0,6153942.465656411,28092403.0,281167.9917671697,1004393160.0,4293604.28030654
3068241300056200045,65174504.0,515316.3202918947,525615708.0,3289229.1312204907,18303030.0,171221.0847064731,500538386.0,2225840.258922972
3068241300056200051,430804340.0,2919763.2354274793,3743195948.0,17267640.683323808,107654893.0,1045870.4663714621,3261022072.0,12713616.141697887
3068241300056200053,180702575.0,1657127.094867922,1238918250.0,10240120.408719046,56734551.0,545757.6456979155,1320946451.0,7859970.381718043
3068241300056200054,105531274.0,752732.4922572831,945630009.0,5450958.099335222,26875425.0,261617.5058743696,920079084.0,3699137.230147957
3068241300056200055,97624183.0,660095.1574626156,880407668.0,5670021.4862218425,25866549.0,251634.05756361064,864962625.0,3655888.682985956
3068241300056200057,52611526.0,465388.28699461493,418114736.0,4302757.837894544,14204472.0,140593.21657857683,432674120.0,3038005.0264264485
3068241300056200058,174137038.0,1265560.2111732042,1562025615.0,8624047.983599022,41662340.0,403750.7617805729,1470164633.0,5760736.411814236
3068241300056200059,87551034.0,818769.3514515047,526019550.0,4414913.904640348,35274524.0,347597.98462267144,656417323.0,4310901.135790321
3068241300056200060,145661324.0,1260685.5584510171,1143047536.0,8523955.933288861,43226419.0,427464.03120356065,1230390034.0,6781464.870191585
3068241300056200061,103912432.0,741863.2932795677,889059067.0,5938296.835794112,26008525.0,251913.9110913322,879899626.0,4072519.489525792
3068241300056200062,329020707.0,2154162.973794531,2855209693.0,12415592.812491894,81275648.0,778015.5024290667,2549047620.0,9182615.13176913
3068241300056200064,70135485.0,604598.9076234552,562168627.0,3858850.5809759805,18250237.0,179915.00257122802,576827782.0,2879284.7638485534
3068241300056200066,156368990.0,1063372.154613155,1199554665.0,8634426.64598262,39088210.0,370937.75959402334,1211045416.0,5821768.091660893
3068241300056200067,155778845.0,1214400.5674158204,1232904218.0,6880024.120275913,42093216.0,405188.3624799497,1318169142.0,5429008.890910988
3068241300056200069,40157370.0,369810.75383485085,267973493.0,2533083.2878155443,21626415.0,200518.79612511973,295732449.0,2113455.2336025443
3068241300056200070,117978018.0,1110901.9015940633,870182371.0,7049122.728189889,51083463.0,502684.32410512696,926537389.0,6290592.393324316
3068241300056200073,48832070.0,561148.3703786065,231368709.0,2476768.5909914775,16952193.0,166705.22363658715,333575300.0,2916926.6637201128
3068241300056200075,243096726.0,1777356.8529824992,1625942014.0,7061499.876387487,55238496.0,527152.4132100884,1713374229.0,6173436.864276173
3068241300056200076,51169739.0,483736.77549388487,314009262.0,1900055.7123194654,22185529.0,237733.65671507045,330444453.0,1809327.6714441853
3068241300056200077,112520023.0,1284183.5083446926,838533406.0,10329455.514691615,36879609.0,375402.0274221002,935730304.0,8857832.143551635
3068241300056200080,211602963.0,1786102.4684870879,1491228598.0,9549282.785803642,64064237.0,589287.154352441,1622288273.0,8165715.9978719335
3068241300056200082,151388404.0,1867324.1969023966,978958911.0,8063313.946095107,67843422.0,922869.3667317764,1007897445.0,7819322.111400303
3068241300056200083,144734933.0,1024135.5296349997,1218524366.0,6123584.156552851,33773180.0,323219.26373387023,1217524118.0,4880417.011180872
3068241300056200084,236581814.0,1718310.8024024677,1691337626.0,8559925.413751679,67898015.0,658041.425688903,2036439251.0,7881071.62399539
3068241300056200085,128749447.0,1018611.7933828009,919249443.0,8886211.173216388,32529393.0,315738.71096865664,1004906564.0,6026592.803693334
3068241300056200086,161118216.0,1211142.8939581255,1036449920.0,5899932.112182014,42523825.0,412947.76833120565,1276266310.0,5262191.549193491
3068241300056200089,201580264.0,1482190.8635890516,1423987332.0,8017512.924186636,45630100.0,440217.61892350647,1553404851.0,6595993.0746984
3068241300056200090,79050371.0,954549.7693342811,390549835.0,3753120.160531375,25668751.0,261643.33658636257,530296506.0,4447021.440863487
3068241300056200094,111070552.0,782535.9908947778,1169142356.0,6941826.904796201,31205414.0,304657.7821470951,1138243520.0,6008881.88738139
3068241300056200096,138248186.0,995806.0386894615,1055801676.0,6750923.842255909,33427574.0,319892.8329192631,1116156284.0,4843321.536978458
3068241300056200097,189859336.0,1481702.7689039141,1144431277.0,5901409.433068856,45153688.0,438284.54393998993,1408004609.0,5611153.124394674
3068241300056200098,110856368.0,646411.5687241486,1069772324.0,4520224.176514227,30508844.0,259950.49956207888,1084034344.0,4163976.432662235
3068241300056200102,160822066.0,1472663.6408690694,1083402851.0,10760044.525972348,54576967.0,551529.6761108487,1287965723.0,8867491.606463581
3068241300056200105,130145051.0,861925.8557295204,1073570748.0,6451450.759410852,38139317.0,372256.7286524803,1243440264.0,5439046.287184779
3068241300056200108,158234387.0,1044939.1818262772,1029574923.0,4916740.129077362,34755244.0,330774.69086942973,1159760271.0,4099443.4315546416
3068241300056200109,185228398.0,1979225.4348210143,1268172442.0,11099554.171589341,43056466.0,589364.4652130229,1204636593.0,8033109.5290379105
3068241300056200113,231545104.0,1666748.4918631634,1675849116.0,11115409.715130912,53499280.0,533755.1181212387,1824371658.0,8139639.5598499775
3068241300056200114,203240022.0,1580552.9395027384,1398904089.0,7964041.746941969,45166477.0,437365.41969449597,1533572360.0,6521392.97384859
3068241300056200115,205906763.0,1436787.3422067945,1529120814.0,7540527.933703762,54060082.0,529847.7171447248,1838135313.0,7506621.600046793
3068241300056200116,172948642.0,1110429.1242565669,1410901166.0,6779703.043779191,39145033.0,380529.42968007806,1424333065.0,5301728.324281929
3068241300056200117,102585293.0,825408.075521447,890153255.0,5307511.968736502,28442891.0,274709.797331346,978944538.0,4043540.087011098
3068241300056200120,257761066.0,1769771.4437648144,2243252304.0,10091737.449593954,69361668.0,661012.948822828,2179762649.0,9020152.791312702
3068241300056200121,150905995.0,1402316.4347769334,831057093.0,5920623.714676079,36423015.0,480144.54409064056,921955651.0,4981827.640602296
3068241300056200123,269580805.0,1971337.5717373635,2456851837.0,12852069.35702041,73144673.0,725535.175740338,2540500629.0,10962717.7897631
3068241300056200124,332279119.0,2310767.6687201397,2547115337.0,13885875.158836149,75081423.0,733908.7046236905,2749781877.0,11582671.620735696
3068241300056200133,234891938.0,1656676.4022211381,1712487301.0,8959685.63819348,58026635.0,576014.0307742218,2000780642.0,8457116.594749123
3068241300056200134,236314324.0,1756413.4851547368,1463079044.0,7938851.747445331,53079207.0,529862.5635051165,1822829816.0,7781542.1772374315
3068241300056200136,295437048.0,2218625.9781330773,2072892492.0,10176830.7336526,75236426.0,726206.1148522238,2530721832.0,10205678.214007458
3068241300056200138,43837770.0,410715.68575472984,232072463.0,1970495.015521837,16129215.0,167421.2568444899,323496408.0,2326323.305408315
3068241300056200140,243247299.0,1945476.551158642,1775924658.0,11293473.181174312,66277468.0,627946.9112541927,2144716312.0,11651936.979658997
3068241300056200141,180298826.0,1474297.6019037664,1346182374.0,8714269.943970878,59448841.0,538037.9016192681,1434529860.0,7803569.194845549
3068241300056200144,263585482.0,2124631.0798071264,2115872493.0,13218131.984986851,86508965.0,797426.792041495,2349676804.0,12155408.290357074
3068241300056200146,46812737.0,627953.8248576008,294161404.0,4118290.771850605,16816785.0,171561.18259313135,346368920.0,4185966.9175290638
3068241300056200148,149395303.0,1071559.4525052365,911541828.0,6878969.779365211,46636261.0,387375.11077620677,1185518761.0,6241746.229802566
3068241300056200159,135644225.0,1212965.017467946,837445893.0,6585531.369754528,38678132.0,390455.7180193232,929457288.0,6242871.968369852
3068241300056200162,58722841.0,763384.6211816792,345640081.0,3537950.1920180363,16334451.0,168048.85496223168,403527827.0,4249571.613644777
3068241300056200163,109278601.0,750099.2303587741,662728524.0,3571209.233334482,22565776.0,218154.54187188591,717621858.0,2620155.1987669645
3068241300056200166,172360830.0,1964502.9061129023,1121687345.0,11162002.730712067,44979136.0,451982.6283861762,1235350805.0,9792296.885953354
3068241300056200169,349415338.0,2786954.813032566,2143906146.0,12238351.215478932,84850128.0,838952.0111768474,2406859525.0,11294619.414512819
3068241300056200172,299563830.0,1986951.6093992314,2201828857.0,10982640.050387865,67544784.0,657934.6252020892,2229074893.0,8394558.912780087
3068241300056200173,173311048.0,1441047.1775973144,1092238589.0,6768705.651906194,41267845.0,412267.4527605519,1229622703.0,6308820.09688103
3068241300056200178,26382807.0,302050.68244923,186216583.0,2365703.6981943813,8114738.0,82951.1938481248,197498804.0,2142341.9567495207
3068241300056200179,131268195.0,931862.2895353335,1161834191.0,6843578.527621246,30039173.0,309922.3553244178,1045473484.0,4595082.544342671
3068241300057100003,97550582.0,1195080.96944896,430068911.0,5323367.18261525,48567630.0,505706.2868150291,798517008.0,5931522.595451103
3068241300057100004,37931678.0,395665.65848722804,116721940.0,1396487.877022441,22758960.0,231281.1650816501,311884015.0,2286166.4126494233
3068241300057100005,68249567.0,624913.9830204606,298359369.0,2961298.164174216,44988655.0,454506.65573746996,523187211.0,3380210.8233350413
3068241300057100006,47113265.0,536367.3536357356,161215251.0,1552544.0911155331,27611810.0,285026.6144546308,362779536.0,2555811.207049579
3068241300057100008,76226440.0,713322.5869644054,172521138.0,2218514.0316435364,56493176.0,579779.265976512,477284473.0,3611447.683458128
3068241300057100009,121424749.0,1408158.2435964085,317750172.0,4253077.800195395,60406646.0,624381.977400117,808907089.0,6017988.812633361
3068241300057100010,168763203.0,2046044.071240625,377211906.0,5574982.540545875,85650039.0,890753.8883538444,1111965552.0,8590600.7402016
3068241300057100012,138192947.0,1925090.787931128,187047560.0,2908864.382440872,70602127.0,748036.3171632517,841235572.0,7462720.052583969
3068241300057100017,48942831.0,497703.5259608374,256487085.0,2819713.2111373404,28742286.0,307498.5861999171,387227729.0,2931570.2963853832
3068241300057100018,153126588.0,1767473.790650981,495914548.0,6119031.257123057,75985018.0,824027.9863739535,1386868935.0,14532434.877664281
3068241300057100020,18748434.0,255482.09074790397,31746805.0,488935.2413578597,13427946.0,181215.07702378716,134778882.0,1385479.0891404315
3068241300057100023,33058694.0,467214.9123931985,66199027.0,1139482.1010474854,18243976.0,242715.29654308193,233494207.0,2171353.4855677513
3068241300057100025,251725820.0,2617908.617037985,1481611271.0,13293801.044577455,122176736.0,1184331.75255024,2224696623.0,13440261.768530272
3068241300057100026,28841356.0,533047.2839421644,43521445.0,621440.6952471612,13337147.0,179060.2806839062,170676301.0,1788053.7842988323
3068241300057100028,121860719.0,1648036.2912166181,276731513.0,3947715.347579713,63559879.0,847278.2637742329,856997838.0,6773511.329149516
3068241300057100029,140581660.0,1961787.4467527969,399032813.0,6018103.0066893175,66545845.0,887126.7323316723,1002413325.0,8392673.788031133
3068241300057100030,86850731.0,1036380.186134193,292083318.0,3332108.393810497,48553694.0,638939.9604083233,618908787.0,5070266.6793610435
3068241300057100032,78626431.0,1073827.6305414557,264364705.0,4358555.005719669,32632086.0,436493.43310326344,558255069.0,5081663.256694885
3068241300057100033,139172621.0,1787121.7227452456,757713769.0,7850674.779774398,62739710.0,850023.1599152533,987332277.0,8296086.970036673
3068241300057100036,120057206.0,1597428.5322861902,530627951.0,7134016.827526849,49661813.0,667448.3097229244,877612059.0,7250355.91311373
3068241300057100039,224431746.0,2532114.7803917867,1215836327.0,9763392.947180344,66872182.0,884754.3538369624,1449700347.0,8849936.397791581
3068241300057100044,189130151.0,1841268.0437766835,1224458793.0,8585275.858885786,53318951.0,707224.0467467855,1312880696.0,6609980.353346918
3068241300057100048,312544952.0,2117677.9315774255,2959458552.0,13727290.234765885,80326765.0,759655.0664162431,2673079381.0,9245875.930238942
3068241300057100049,230754771.0,2388073.9389928156,759374444.0,8573735.411665734,144184381.0,1343309.612442353,1709173436.0,10818892.976402361
3068241300057100052,143112751.0,989167.0970240916,1445089110.0,7473435.275669057,37354117.0,354524.7726727439,1257656207.0,4449119.635819213
3068241300057100053,229567518.0,1687325.0177169663,2039025091.0,9080342.5219823,56894730.0,540716.1557928068,1894802916.0,6133078.331924722
3068241300057100055,252302281.0,2139818.864338301,1326913850.0,8800441.849508848,88798421.0,840859.5155614499,1863577474.0,8659273.511155013
3068241300057100056,209298302.0,1684639.4903034195,2143638638.0,12956138.020068262,65616726.0,637196.6406302399,1898109009.0,8635674.183424653
3068241300057100057,141176314.0,1328822.5312857418,716897969.0,4127381.8271416323,50826452.0,473761.70411597495,1101016290.0,5154270.214078861
3068241300057100062,164168946.0,1210870.5427976002,1732277483.0,7838440.041227917,40824151.0,389438.1164367455,1425194173.0,4705985.154405257
3068241300057100063,215207098.0,1423560.7115541971,1872443102.0,8537380.683121232,52742892.0,505449.7801026801,1740826875.0,5735088.232778922
3068241300057100065,195469154.0,1865518.5106077737,780519954.0,5765973.41915752,76250891.0,710838.6092412412,1464807248.0,7919322.256404792
3068241300057100068,169265506.0,1164447.0432766338,1380219262.0,7465772.322314582,38296656.0,357809.4175498302,1290274193.0,4904368.026282348
3068241300057100069,183555352.0,1783440.9087796563,1022860599.0,7914634.477951688,56675042.0,432952.2206649305,1318355476.0,6930779.084003157
3068241300057100070,149286721.0,1731118.1044753382,733907950.0,7009270.086206864,40487692.0,410275.7345590772,955443594.0,7682905.718289468
3068241300057100072,167916054.0,1691163.712256626,601333537.0,6184843.252841677,90635657.0,838504.7101605701,1312241946.0,7440942.800067556
3068241300057100073,175366459.0,1192965.3799331156,1525332912.0,6845337.634749046,39517742.0,374353.7697468585,1433566431.0,4497879.652393305
3068241300057100074,11558853.0,121279.58766199456,81638795.0,691818.8159117141,3473644.0,32134.543952566477,90612265.0,528641.7156212506
3068241300057100076,238803574.0,1503563.7500928075,2812202963.0,14022568.641043264,61420113.0,588646.3582097068,2196976365.0,7762940.192843024
3068241300057100077,188410815.0,1165341.7004161957,1997567384.0,10335573.850874014,48225659.0,458000.26834894315,1707903014.0,6557477.033930545
3068241300057100078,110794078.0,995941.0265324188,657086421.0,4210452.741914682,35239187.0,338743.63313643914,787723984.0,3719174.9866059152
3068241300057100080,39625365.0,246604.4521710293,198220263.0,1076170.4262850604,9305887.0,91150.0687806227,256472484.0,1048733.5721274975
3068241300057100081,337577263.0,2299877.845045667,3650105149.0,14016637.097993778,85954517.0,805056.8343487836,2948854954.0,9041613.55637329
3068241300057100086,84057963.0,514016.3383439178,583881777.0,2603012.7395623596,19484102.0,180912.162487338,611843152.0,2082251.569364723
3068241300057100087,88884842.0,639899.5385151501,796363150.0,2339171.323795438,22224944.0,208148.72768057376,720978928.0,2168391.67214784
3068241300057100090,64948678.0,576566.8233033764,321922704.0,2046687.765149208,20597671.0,195730.15455106544,424231318.0,1927355.4344915773
3068241300057100095,28080698.0,212530.73844353599,169506912.0,1052489.2804137655,9469665.0,92019.15189862801,199100883.0,853799.4139265607
3068241300057100096,176294550.0,1143224.0125978575,2130992238.0,8320085.9323667055,44317379.0,412138.2813847827,1617412897.0,4858303.283467905
3068241300057100097,32968444.0,233320.45473587583,310889555.0,2095234.4937148984,9811539.0,92295.72878947017,295365986.0,1136087.516955503
3068241300057100099,65207413.0,511801.39192218566,505983399.0,2179854.553052777,15992424.0,154611.8910190048,502408442.0,1834850.9723343896
3068241300057100104,71022601.0,475869.40053376893,645194335.0,2504766.8639635528,20780176.0,199585.72334956285,659119262.0,2574312.6287738075
3068241300057100105,57192622.0,475829.512405512,481721078.0,1956697.36032858,16822762.0,160311.12256997472,475744016.0,1689435.8434000458
3068241300057100108,83175271.0,856731.1128416633,503071876.0,4591387.18274801,26276717.0,252779.45703565088,617681980.0,3476808.301263688
3068241300057100109,197765678.0,1441537.265804977,1674724882.0,7202348.114348167,43627668.0,412452.1807224461,1495184118.0,4589942.694662263
3068241300057100110,53395693.0,398327.38676081167,411668289.0,846607.534682209,11055794.0,99589.96244145621,382914963.0,874879.3836964832
3068241300057100113,128324337.0,888420.874688755,1029848073.0,4400672.775244323,30759549.0,291268.72540553455,974173625.0,3217562.357685633
3068241300057100114,166127697.0,1197506.2229217368,1803620375.0,8998695.36465315,47167324.0,446185.4347603311,1627253573.0,5684879.680234168
3068241300057100115,131405274.0,877021.6399566492,745991214.0,2527756.696726009,27029866.0,250665.87903595957,837248900.0,2365840.101372538
3068241300057100118,111271982.0,872579.6370250229,600291428.0,2801907.2254842543,21984355.0,210872.35134838062,670835709.0,2663743.025911844
3068241300057100122,158357905.0,1190543.481731362,1280595591.0,5970072.741950629,34155731.0,328598.22409329715,1155670989.0,4185429.151738436
3068241300057100123,178070482.0,1140406.3504412693,1556621655.0,7463901.723226721,39086315.0,374699.9418960951,1403826762.0,4566779.195624249
3068241300057100124,194104438.0,1372660.4767551527,2001636674.0,10083870.380945314,51010271.0,489793.9982309728,1654934408.0,6437077.956965037
3068241300057100125,215068666.0,1671064.2249954292,2220944092.0,10718683.567474686,55920391.0,540712.8889265601,1824055666.0,6727464.74504116
3068241300057100128,119175030.0,779966.4861995949,1028444340.0,5036252.614818261,29108824.0,272532.48439441883,948269950.0,3732225.2276612064
3068241300057100133,195739202.0,1423321.583384932,1490057398.0,8976767.450383516,44716193.0,433280.7917057044,1459835388.0,6538160.340493681
3068241300057100134,69118538.0,520470.1643098765,541081058.0,1889265.3743923733,17567337.0,167419.25608709984,516787017.0,1688680.1627249012
3068241300057100135,123192286.0,1092287.2261023053,1347084747.0,10522272.54478815,34536292.0,328840.8030685328,1103440894.0,6292840.318298005
3068241300057100136,69388698.0,997759.0478610928,398937374.0,4798623.7037531845,19929320.0,194725.72708752882,500923867.0,3917678.16150137
3068241300057100139,77756062.0,507570.64511362277,691522823.0,4004913.4506103843,20411795.0,192532.4823159464,615318459.0,2296413.407260345
3068241300057100140,155747433.0,1076328.9493401896,1453003741.0,7081522.368112234,40567826.0,378384.4268156831,1248616773.0,4281357.995093633
3068241300057100142,167128021.0,1074576.3151460253,1301589089.0,7543119.650503038,38349785.0,368454.1307549385,1255102508.0,5038723.035429118
3068241300057100143,49421816.0,357020.3396907558,392980339.0,1800542.195554704,12745741.0,122568.14051622998,374842288.0,1351169.758837146
3068241300057100144,218270269.0,1511569.743630241,1957854140.0,8602386.615352796,42950232.0,424001.2014526062,1642842954.0,5631856.889053825
3068241300057100146,59227623.0,451583.83586288104,488127285.0,2306350.3001567107,15536921.0,147609.90202443892,459672642.0,1821139.8132663968
3068241300057100147,578235928.0,3695231.8819041313,5714222512.0,24067976.295047227,144988142.0,1367937.3578378814,4642921331.0,15968134.270797664
3068241300057100149,137163426.0,926804.9122625117,1134090040.0,5186143.844718296,36410784.0,336562.964807077,1060875330.0,3527931.6123468257
3068241300057100151,106359412.0,800463.4321266345,786960050.0,4170698.6984124337,24343001.0,232811.32711082502,782208973.0,2904640.9892813102
3068241300057100152,84363373.0,920914.0066489705,508386405.0,4279464.548627456,25713563.0,240596.36445572763,580501693.0,3026802.1583759165
3068241300057100153,120849470.0,798772.1023607069,846257590.0,3083318.76755901,28204477.0,263746.1169499021,857130250.0,2527752.7666640943
3068241300057100154,161571897.0,1010351.4970624954,1649419053.0,8345838.822139511,45644418.0,435160.6801407744,1436796146.0,5111397.577878942
3068241300057100155,132459519.0,1029704.9856172327,902933518.0,3314295.239926447,32918584.0,311746.0382219411,959781591.0,3439341.3804245563
3068241300057100159,28873386.0,160314.62007851602,219619758.0,1523106.9999548262,7649339.0,72639.74356880292,216354448.0,947486.2034472761
3068241300057100163,133149994.0,916648.2150052036,794515736.0,2637046.8861497696,28578839.0,268116.22059279284,864187634.0,2519177.0972363898
3068241300057100164,92597008.0,1218094.5233046543,611879477.0,7698419.325176686,28192418.0,277430.43243752146,709264915.0,5902118.719462585
3068241300057100165,278762198.0,1852674.0365180005,2417530042.0,9155652.997589648,63078190.0,588287.6019436525,2097390389.0,6706125.915313462
3068241300057100171,45081454.0,319299.59059376933,297972087.0,1568025.28400413,9876714.0,91733.66097601551,306301370.0,1024166.1383766598
3068241300057100174,230782996.0,1559610.8284043977,1674829837.0,8141294.5376349315,50253546.0,486374.62494336074,1696495401.0,6236194.397645318
3068241300057100175,120138004.0,948699.7392532197,761702689.0,2410174.179056768,26932451.0,250696.48561847032,830968084.0,2539216.7248179973
3068241300057100176,65279588.0,523326.1934481263,372954867.0,1205295.1086004863,13786291.0,135514.84525332108,417370104.0,1353887.4068787226
3068241300057100177,52129409.0,250885.40998335346,363773669.0,1255620.2914130064,12538273.0,124966.66223745164,385581229.0,1164460.6989970421
3068241300057100185,194885493.0,1657687.4183671693,1398207845.0,9922077.368706396,52414243.0,521191.2310499802,1502169055.0,7777065.236781067
3068241300057100188,104301149.0,731624.4757523544,826557408.0,3861689.6975982827,23526687.0,226192.71986834198,787132012.0,2881985.5093331942
3068241300057100189,134948846.0,1015252.9123400459,745133543.0,3113782.4578736816,33873922.0,326547.27328454424,955522506.0,3544216.1534702852
3068241300057100194,269041676.0,1916580.3637502133,2283201702.0,12344420.134932354,65308888.0,647404.4820203511,2125021865.0,8246514.689059132
3068241300057100196,155885284.0,1201225.5140876963,1144708913.0,5623898.163391381,35737133.0,353671.0236057619,1167293616.0,4287986.414863315
3068241300057200013,70968363.0,1036105.366367609,276106062.0,4504738.173790369,36533383.0,391916.86620876327,569327637.0,5641457.778013626
3068241300057200016,33836326.0,345910.10418555595,65156594.0,863865.3465651871,22073345.0,230108.52754556583,225628962.0,1850920.0728964384
3068241300057200020,39888092.0,566622.7373492174,45819493.0,666199.6760953165,23156866.0,245015.38549910643,264260394.0,2296887.439094214
3068241300057200025,92930705.0,1051665.562585048,176059468.0,2130838.549006218,47823469.0,513771.95059472683,671320662.0,4806446.118687675
3068241300057200026,79210188.0,1032042.4024879412,217188203.0,3244560.316516999,45919825.0,606098.7714606704,582127834.0,4488252.165482221
3068241300057200028,90305393.0,1248418.2818808523,257039844.0,3901002.7961599436,52101729.0,695613.8391875392,713892535.0,5964603.901479994
3068241300057200031,32693902.0,410106.0375289334,59169578.0,721826.752450666,17571090.0,228039.26957950962,231011564.0,1731548.6089997333
3068241300057200038,38514335.0,753488.7942860281,70315633.0,1213626.0950038885,19657644.0,266620.9859479543,258874427.0,3074962.4941641884
3068241300057200047,28408839.0,396926.08834926377,128429906.0,1933822.012803432,16811700.0,227864.4531591385,199388830.0,2304604.6591404765
3068241300057200048,81845623.0,1101153.0935434804,398778211.0,4322965.218456316,37740487.0,505955.22812074504,532085863.0,4884013.004859342
3068241300057200053,104228895.0,1225403.7962365635,425351288.0,4739615.625954412,48441964.0,648633.7169287209,796975546.0,5535176.538161371
3068241300057200055,149564094.0,1904235.8094488806,1020051636.0,11670301.371941043,55538767.0,746308.2623158025,1285857392.0,9788386.314162478
3068241300057200057,242528694.0,2643727.858454601,1562615095.0,12289326.15918742,78471187.0,1031257.8243494524,1891250657.0,10932282.03882141
3068241300057200060,205668113.0,2419361.1159941726,1378844674.0,14333688.072363239,66847751.0,911051.4583197377,1437350870.0,10454619.286393005
3068241300057200074,98945131.0,862102.4464152576,734138875.0,7136483.590837782,32829755.0,324202.42188911827,798232431.0,5639450.048238303
3068241300057200075,44613323.0,536929.4540505485,289428945.0,2967150.3037070828,15091894.0,157124.25989433978,362664903.0,3444899.443120551
3068241300057200077,291734987.0,2288156.940293735,2187700337.0,12926519.677276513,77653316.0,728808.0052445837,2259515984.0,9457363.28834019
3068241300057200078,185385487.0,1496285.1181743,1720417567.0,9482899.03772178,57502993.0,545602.4416880633,1611875170.0,7425759.993440884
3068241300057200080,206687872.0,1820735.554828603,1587605547.0,12056956.774790708,58693771.0,574065.8844077414,1682851187.0,9486994.279261129
3068241300057200084,169534628.0,1338536.2696193187,1220131260.0,8673485.961209742,62309446.0,515886.4731342968,1377813173.0,6620891.878644334
3068241300057200085,92164955.0,1295401.406734549,494081895.0,5314003.20086568,29940111.0,257311.51375754963,661282240.0,6354332.3001607545
3068241300057200090,169682567.0,1447696.9287227755,1052026712.0,7280097.562040212,43584342.0,422357.270603179,1246253465.0,7144587.386184695
3068241300057200093,130983269.0,1477394.1554861127,1080780119.0,9782714.368202724,47817535.0,481610.7520332306,1146738245.0,8564059.488243612
3068241300057200100,149168672.0,1436890.5891843266,1090678041.0,8680918.628566975,50681620.0,483217.2248096344,1166842708.0,6402853.744573208
3068241300057200105,88488166.0,772896.1067264957,602758585.0,4856123.712471552,26693951.0,236211.93461908126,660933109.0,3147518.538641163
3068241300057200107,194501352.0,1330164.927109934,2316177110.0,9527725.586895911,47329241.0,441158.8351858021,1750402471.0,5609694.432074172
3068241300057200108,55354367.0,562190.2064668777,457756883.0,5140445.980829649,24620501.0,229673.8545004841,543133108.0,4917887.64203646
3068241300057200111,49160847.0,503449.87428852497,226973192.0,2446807.8917754437,25471559.0,231689.4454404751,428985661.0,3354576.3095379206
3068241300057200112,382902761.0,2620688.74825308,2473743168.0,12358358.52403399,81021764.0,772727.176777379,2654728819.0,9568162.038710214
3068241300057200113,339975879.0,2616797.6763626593,2417260941.0,14490189.120199438,90275743.0,892549.6111164022,2395540376.0,11343317.487635173
3068241300057200114,107088713.0,681498.9064850276,1029706243.0,6902927.036882007,22420361.0,211016.10933867356,885509448.0,3325565.683845144
3068241300057200115,175302419.0,1279004.8765285285,1662986160.0,8869000.952557549,36719331.0,354774.3915287024,1386301152.0,5266932.402069542
3068241300057200117,168198749.0,1231192.4369192843,1960282977.0,9348094.230888898,46139375.0,440272.5666281248,1630277282.0,5961963.525573027
3068241300057200119,94374644.0,693456.0683205476,660032294.0,3078625.7598599913,21784917.0,201005.7662229097,666362546.0,2374301.399925827
3068241300057200121,83716269.0,601570.304653586,690378575.0,4378281.473768324,25942202.0,243807.80529637093,701654944.0,2989556.5687233815
3068241300057200122,229832291.0,1548587.4729631438,2171709220.0,7871545.491283893,58464232.0,553060.8610225266,1838915018.0,5580993.238478353
3068241300057200123,253848782.0,1597070.4345323164,2282321586.0,10361718.220088273,53890514.0,519761.7307857183,2020152850.0,6572096.209757267
3068241300057200124,283224320.0,1721176.4974325818,3242581415.0,13276912.101364776,73508714.0,700732.4263037005,2515342598.0,7967495.436747029
3068241300057200128,235677402.0,1936022.787935165,1902271861.0,13122624.011047611,70264167.0,670206.5150676563,1992634022.0,9089232.98478123
3068241300057200129,183087247.0,1449666.1614141795,1981581825.0,8350832.533841799,46836534.0,446914.88887348596,1617028391.0,5453257.103756026
3068241300057200132,248121782.0,1712251.2421909831,2065242945.0,14271303.786240956,49967575.0,480454.48165046895,1794474657.0,7336714.294252753
3068241300057200134,153306386.0,1039834.7126604324,1266902811.0,6474760.440623462,30142983.0,284228.18645326345,1086649563.0,3986339.4552736166
3068241300057200140,91276376.0,740596.6109235622,953731916.0,7928424.280205587,26269256.0,249718.66462941427,828477619.0,4189852.4399188496
3068241300057200141,127724124.0,868047.9820442817,1175555620.0,6611926.980349164,29847241.0,277513.66213507665,1046109105.0,4204817.866253504
3068241300057200144,167031235.0,1170242.2619515131,1403667078.0,6515655.261915398,33986004.0,327350.3222483606,1238901376.0,4116450.7191604255
3068241300057200146,102932074.0,782803.5858406993,1048694084.0,7513975.870368091,25875156.0,244951.70572678358,841432966.0,3549275.0282490114
3068241300057200148,284629606.0,1772830.97495605,2467267723.0,10636425.634049559,61080083.0,585210.9089621179,2182972659.0,7100428.726880658
3068241300057200151,68013940.0,529663.3062155213,574269088.0,3537005.4687440307,17490537.0,159763.1487725278,509215630.0,1539253.297519195
3068241300057200152,201849634.0,1422430.273648857,2341836105.0,11562703.767025586,57165701.0,544112.1990156616,1848013618.0,6458009.970787635
3068241300057200153,51365810.0,665120.522938548,304561492.0,3612662.0064145816,18261232.0,176372.13164218346,382385456.0,2642891.9728697147
3068241300057200154,107441656.0,888638.4225816997,1180733864.0,10140369.676569305,30759271.0,296518.7563185441,975132343.0,5570768.685423531
3068241300057200161,35797558.0,343307.367804215,115211129.0,1292993.4421158028,21059699.0,211093.1408516093,237425942.0,1720414.67504478
3068241300057200162,173675753.0,1079424.5350845202,1096044396.0,5248715.314428129,36664584.0,346081.97758794756,1162248385.0,4318983.403233867
3068241300057200164,167846497.0,1124678.4475588044,1402621381.0,7326907.07277824,34917192.0,335139.6644910658,1241166461.0,4460901.47738551
3068241300057200169,112658122.0,796476.6507434048,1023415824.0,5024099.552440946,24742886.0,238590.1284451517,888314718.0,3150345.41410215
3068241300057200170,35412344.0,374065.3692113557,192895457.0,1998573.8131813256,18479903.0,180185.20333366378,263628138.0,2074544.526814301
3068241300057200171,60991895.0,380303.9416644161,507388927.0,2819313.31137931,16244010.0,150176.30220063077,468058114.0,1702686.1753700455
3068241300057200173,126397082.0,959631.3620383722,1018736081.0,5001240.242463803,28078290.0,273323.56325976027,955340608.0,3384803.197426375
3068241300057200174,165632400.0,1206838.6659277882,1426733494.0,8492696.361958008,44878751.0,433672.09385364177,1341002377.0,5721568.4529742915
3068241300057200175,150453375.0,1563315.6447302126,1220111208.0,9485128.247219648,40571520.0,392893.2485959727,1229840374.0,6387414.683202259
3068241300057200176,255324042.0,1805693.3687207557,1639247792.0,6965565.786166156,53299002.0,513594.19175077265,1763227088.0,6113619.102235604
3068241300057200177,54278673.0,474366.6903078111,120702943.0,1173555.5264839288,41065927.0,454288.92083173007,323200497.0,1905776.3771490997
3068241300057200179,454136078.0,3145572.0636428976,3435651595.0,17961774.182005156,103881690.0,976239.0954462464,3128142777.0,11348799.34579714
3068241300057200181,40047419.0,361336.1207654017,86973945.0,928959.2304984914,34621624.0,427809.33144134353,236972266.0,1515084.8215079901
3068241300057200182,30677518.0,211332.20392625005,225781822.0,1174519.7729200644,7029345.0,68412.15562413391,222654836.0,659379.3490477436
3068241300057200183,28478219.0,272464.3851903308,54150551.0,571177.7904624108,22749530.0,290656.0387544475,164542469.0,1064442.1329891456
3068241300057200185,185443061.0,1377937.1716993093,1407212005.0,8279862.651207847,43936977.0,426585.1091655093,1421842546.0,5306855.900751312
3068241300057200186,193615303.0,1214743.3967976463,1500038537.0,6713855.298119836,42958013.0,411144.0715245448,1476477452.0,5129736.025605292
3068241300057200188,291729866.0,1967114.9167473628,2499856575.0,10322984.203653412,66789518.0,639895.032666507,2322340922.0,7850018.442847105
3068241300057200189,155573739.0,995610.6406624211,1207701656.0,7685502.727855496,40190934.0,376438.4360119546,1257381003.0,4911790.686250424
3068241300057200191,109661334.0,1289346.9564613367,667927173.0,6961903.272976755,32533481.0,318145.8428798128,757103309.0,4250807.729539396
3068241300057200192,198335884.0,1305918.5796002026,1492819359.0,7547415.377793124,48216497.0,462688.7104659281,1511977878.0,5465341.95347258
3068241300057200193,46094180.0,496372.28996256436,291202073.0,3673064.7005554587,15367346.0,145819.5432849316,341731379.0,1612758.4017014604
3068241300057200197,268341403.0,1664530.5281677777,2344256515.0,10499498.89420487,63174702.0,606216.6814220066,2163004838.0,7132897.008620273
3068241300057300050,97648562.0,896086.7718412823,604037569.0,4269339.696748106,50008226.0,463917.735545249,752846557.0,4419165.3760292055
3068241300057300086,32103712.0,340787.5492612374,238683168.0,2827827.1092462437,10506411.0,98096.70518145952,243948022.0,1536748.208393335
3068241300058100035,82213696.0,724141.3020920808,247456171.0,2912093.959796443,62639240.0,639906.5717806767,570929895.0,3867772.08986892
3068241300058100040,11862610.0,159017.35763234997,11009764.0,224191.04082435428,11553295.0,168431.5267524411,57520419.0,587724.7113842244
3068241300058100066,89674831.0,924034.5890771343,72148202.0,1224868.0526046602,85777967.0,922830.8467172888,426355853.0,3787755.9206810137
3068241300058100074,5448016.0,55625.94036196034,5284587.0,87890.03679983647,5342804.0,56622.078257457084,27594525.0,239635.4914364269
3068241300058100078,7555201.0,104414.26366693653,5863976.0,123070.27809063447,7287019.0,108016.97799409443,35072853.0,389313.430461176
3068241300058100082,6018942.0,83753.47525519494,4851957.0,101511.09591147203,5608736.0,84897.91731583237,26695318.0,294971.14895835565
3068241300058100083,28258454.0,397226.61188993225,24365753.0,518515.83302002755,26998495.0,409134.8645960492,127453425.0,1413154.7137615138
3068241300058100084,19603194.0,277622.6033705581,15564548.0,325142.00529609754,18346098.0,279211.8881310094,86688203.0,950071.2670687367
3068241300058100086,26816825.0,377292.88675886183,22444322.0,473120.25098847825,25751855.0,389965.46597347787,120252317.0,1338114.4773055376
3068241300058100092,38170348.0,364991.97641864256,33678457.0,514064.5986312227,38528997.0,380319.4147486866,186548384.0,1535146.220405042
3068241300058100101,8121201.0,108911.6003456284,6622877.0,136401.01138529574,7998500.0,115796.35203600205,36122853.0,366910.0089797694
3068241300058100104,84257836.0,961104.0041298836,65675310.0,1015176.483637326,81813959.0,957485.3700805319,390447546.0,3112996.895819642
3068241300058100119,11090816.0,93735.45681129275,9583272.0,123161.47395373353,11172356.0,99000.45215262088,53272147.0,336102.6275985745
3068241300058100121,12087800.0,141535.32425455714,10629447.0,156631.72382862613,12112536.0,148192.42749355614,57837202.0,449052.9736836875
3068241300058100126,36441102.0,476205.0927262874,30083795.0,485949.62143899396,35326945.0,492886.0997202604,173975044.0,1505296.105368962
3068241300058100132,23777074.0,217584.6024674761,19742781.0,264896.2004740816,23428576.0,229513.30983986089,115106400.0,844870.1230964583
3068241300058100136,70029524.0,652987.4396889451,63116628.0,863595.4819898275,69529305.0,681751.5191882715,341293114.0,2570139.0655681966
3068241300058100137,7449317.0,72893.30020260133,7005008.0,97824.01168521833,7527857.0,74737.61653451489,36141894.0,286988.3036280398
3068241300058100139,18393996.0,179440.14733002573,17113541.0,245723.06840439158,18659710.0,191313.40985047288,88567410.0,678843.1437885371
3068241300058100153,35930974.0,326576.6996927701,31271549.0,426031.755019629,35218288.0,342998.59453388304,176476690.0,1272230.9731195038
3068241300058100159,37611664.0,355635.91869480675,37348089.0,528500.0007373512,37434549.0,371170.8534362592,183174396.0,1387421.2347890008
3068241300058100164,10982748.0,148103.840037072,10545655.0,175946.0065941112,10924292.0,158304.84932741857,53006415.0,484306.970436417
3068241300058100167,31970389.0,423433.1281426786,31610727.0,519208.71597060893,31406194.0,440002.50851110235,153943468.0,1396011.2572827232
3068241300058100184,22114453.0,230002.4405746351,21568121.0,306673.59369860153,22112128.0,241000.65803969558,105678243.0,766486.0145901518
3068241300058100185,30826107.0,272793.6722721014,30336964.0,393906.05728528,30129259.0,287330.64514423197,156506484.0,1074030.02119017
3068241300058100240,35456876.0,439047.9421387508,28640790.0,450297.2501623204,34879652.0,468311.51594621514,164237553.0,1346063.9794842196
3068241300058100249,56159271.0,705309.9201053604,42506068.0,663956.3146169791,54041221.0,731494.6751966715,261297016.0,2194229.781253201
3068241300058100253,52692163.0,512879.5323066664,43325178.0,542073.796327963,52232063.0,537385.3193782866,245688376.0,1656352.9096354602
3068241300058200024,5458202.0,73288.96404033896,3948448.0,80587.88356535108,5290903.0,78676.62010326251,25594116.0,273963.94893898995
3068241300058200061,19363171.0,223333.7121364704,18142120.0,319901.88683108345,19074028.0,238905.93410286948,88072873.0,830297.9833385377
3068241300058200065,15808307.0,139544.75823718723,15259155.0,210091.15921235568,15755632.0,147060.77902314474,74946010.0,567152.3204235199
3068241300058200066,6779477.0,92886.46420276938,4679082.0,100717.94361782585,6537546.0,94792.45885579426,30823690.0,330526.00307618745
3068241300058200080,22491651.0,277547.04864565283,21316700.0,408684.034426974,21930843.0,287276.5370202026,101938784.0,1045497.6829639567
3068241300058200097,10318314.0,146943.975573749,9225178.0,194784.89617328846,10115668.0,151648.20097334476,49694108.0,547153.8866327618
3068241300058200121,11335552.0,160767.91207474857,9471823.0,201654.27038565336,11106397.0,163971.46034507945,54291142.0,606311.5485437561
3068241300058200128,6417806.0,91502.8321095501,5863140.0,122217.41289491812,6179497.0,89953.61912417415,30305899.0,323263.39081832493
3068241300058200131,4818264.0,42601.729062901926,4287445.0,61938.409293986115,4802162.0,44443.7720830356,23145593.0,182500.81913260612
3068241300058200139,18906685.0,214168.29719047764,16211043.0,263205.7540207604,18046153.0,218637.6816974492,94046193.0,809851.3359404013
3068241300058200154,4891113.0,66452.52335854372,3785012.0,81245.74697555648,4752933.0,68640.71513493134,22661885.0,248268.38880296735
3068241300058200157,25468507.0,345194.47837839933,25999061.0,538616.8387033456,24305583.0,353151.8593049012,124176915.0,1308241.650855102
3068241300058200180,6226684.0,85861.05047753161,4754556.0,100860.80805368988,6061511.0,88835.89579850597,28437694.0,307293.1214197771
3068241300058200183,17046375.0,233911.95350165572,15395499.0,318101.87370039895,16523997.0,241269.25843678555,80544718.0,857633.2737730135
3068241300058200188,4815709.0,65527.79254073827,3805717.0,79031.41099045999,4691478.0,68764.83165128255,22207462.0,239203.495735874
3068241300058200217,15291188.0,212003.69994064127,11665642.0,244110.64700291463,14673058.0,220360.72500458098,68789248.0,766611.6463697916
3068241300058200220,16824594.0,242089.77483603967,13424438.0,290238.67574196216,16551853.0,255051.04291613103,75216844.0,886028.3828082136
3068241300058200289,15668179.0,149620.66357548468,12632884.0,185326.43965501606,15735237.0,157677.05374270113,72335535.0,553184.2060013041
3068241300058200324,23791775.0,314481.162379466,17871813.0,342703.7119234346,23796760.0,331903.0297978145,110504489.0,1098200.091352264
3068241300058200363,9524292.0,71319.480540678,7492263.0,84480.84591157082,9475089.0,75882.74440315785,45225761.0,266211.04315718287
3068241300058200364,10507244.0,77596.34972719701,8714441.0,86838.33020609328,10685868.0,84695.36059858589,49981115.0,266381.7279450733
3068241300058200374,10420376.0,98746.72905251574,8697955.0,121132.57920405979,10520184.0,103895.85553636511,50739553.0,387556.466738989
3068241300058200375,13846466.0,187085.84180050372,13526603.0,226545.2915840096,13915872.0,198801.78395608338,66769677.0,609001.0927065817
3068241300058200376,88035384.0,811258.5709515106,76066518.0,946888.9736766629,89382508.0,856882.9100306727,423762444.0,2771036.5135461413
3068241300058200377,17462928.0,232033.9949665479,16821928.0,279813.3786591771,17203809.0,250285.36678696462,84688060.0,772320.1129480017
3068241300058200378,5066000.0,67254.67366101575,4227521.0,67259.23748912594,4955143.0,69846.40103339872,24804911.0,218399.10536609864
3068241300058200380,19201425.0,248243.52857047415,15540848.0,246961.49057904969,18852670.0,260514.1244714668,92075492.0,768106.1082698557
3068241300058200386,20624211.0,267771.6983005365,15492507.0,246936.17613398802,20301897.0,282997.42900467553,99036399.0,837357.882930178
3068241300058200391,6924168.0,68469.6679238699,6654059.0,94225.14108522207,6938613.0,71257.0174279881,33476176.0,251332.36975217727
3068241300058200404,3808580.0,35884.06843783455,3684673.0,50147.17434392022,3780720.0,36328.61104594388,18246699.0,135400.1378782801
3068241300058200413,47678664.0,431437.5884353204,43173402.0,583472.388279972,47101713.0,458216.44460651506,235551960.0,1716199.4285999527
3068241300058200416,13611273.0,129318.50890443103,13070129.0,185206.87319226493,13662596.0,135329.85275264442,65453718.0,492403.92723202927
3068241300058200426,54827198.0,499301.3855699368,49037188.0,663136.5921969541,53180858.0,516077.1827591078,271095891.0,1935879.6412084
3068241300058200428,3151006.0,45630.27859237383,3018492.0,51346.44554818101,3143711.0,47102.5995229136,15258557.0,137214.56502555925
3068241300058200433,6403436.0,58488.02757756896,5800800.0,78575.74019328468,6332875.0,60868.493889993275,31396205.0,231057.15462762213
3068241300058200453,27607720.0,250702.89715288184,27206444.0,372374.01501851,27265239.0,263375.62389160116,134751786.0,998418.2128028411
3068241300058200462,13562220.0,179398.61379926326,13150850.0,210713.45837321464,13315938.0,188489.48062521272,65806535.0,588562.7858570535
3068241300058200473,14566895.0,196441.57548773126,14124083.0,232675.87010254676,14541377.0,204597.56922048074,71638207.0,629454.7149990783
3068241300058200499,34199926.0,442881.88399328676,31544469.0,503000.03035355144,33726477.0,461125.83250897104,168918739.0,1434134.8585536154
3068241300058200505,12140599.0,155724.47091134306,11088048.0,178105.78251401853,12047411.0,166501.0152631686,59995164.0,516997.58708339266
3068241300058200517,11214853.0,147582.50210660993,10489551.0,172621.47836850898,11124185.0,153236.25123002616,56034894.0,500034.24659777293
3068241300058200520,16545438.0,183482.71987069375,17054792.0,242283.47466262797,16455024.0,196080.88154721443,78849672.0,605624.0903647197
3068241300058200571,17274390.0,225549.33404530608,16914083.0,274827.7566719253,17301011.0,239623.76458918978,86809930.0,763495.3933165509
3068241300058200619,3975541.0,51940.455513985,3612979.0,58788.20677519809,3955228.0,53983.7039517588,19367550.0,169181.542254297
3068241300058200625,6021452.0,66880.8632404265,5606598.0,81628.53721452417,6014197.0,70983.34078232161,28447858.0,235483.87706809895
3068241300058200636,11185785.0,138547.45334469396,9419668.0,148557.32130518087,11056006.0,146050.93659384255,51945846.0,421842.1673943617
3068241300058200643,17131631.0,133839.09257503925,14521953.0,163882.42780587907,17277362.0,141593.14449974685,83701450.0,520359.01341068104
3068241300058200660,28864791.0,356760.02131407504,26223113.0,411249.2719207689,27814793.0,363746.33787077735,137605223.0,1096156.3046879836
3068241300058200672,4861095.0,59861.689783366746,3922627.0,61679.6865463039,4756426.0,61445.676848949464,22775938.0,182594.0988554168
3068241300058200673,8675691.0,107208.79569336279,7078994.0,109751.62416456082,8482479.0,111829.84516878879,41629131.0,336283.168591619
3068241300058200715,19366011.0,254966.63696479792,16215519.0,267374.8500991235,19244655.0,265158.21863025345,93478372.0,823265.9231171594
3068241300058200716,7548500.0,93087.23362027398,5856892.0,93248.849315159,7514823.0,101564.61858394329,35678177.0,301879.8937340986
3068241300058200722,3790938.0,46931.726189199195,3167068.0,49785.11710916984,3749178.0,51757.37635275446,17662364.0,150398.37290205748
3068241300058200725,14876280.0,193442.99970118675,10516243.0,168371.6618350214,14676498.0,201046.9547918713,69887922.0,587332.1076216514
3068241300058200727,8225233.0,105373.94132956424,5837798.0,93748.38637955334,8119766.0,110521.62539651529,38685582.0,325484.2814956569
3068241300059100041,16384024.0,209690.9131275498,15233773.0,227221.01536877223,15690851.0,215795.0069665665,71642336.0,571999.1014851036
3068241300059100046,5657690.0,80978.92759258387,5469197.0,115753.24835739481,5596879.0,84494.22463447256,27608097.0,307892.48860874044
3068241300059100052,52927868.0,724057.6398008025,41052946.0,736542.1787898864,49918759.0,734172.2650410337,241108882.0,2157561.4978789478
3068241300059100053,13747689.0,181066.63407667086,10420331.0,157796.2109809129,13006276.0,185919.58063549528,62119863.0,468804.65763439867
3068241300059100054,34430004.0,424880.0770344928,32368036.0,581549.4734366288,33409881.0,435813.5530080462,171528213.0,1622339.5404618897
3068241300059100056,10668819.0,149929.21158479332,7562428.0,140153.44680728723,10167211.0,151151.94735721184,46723027.0,436703.2140469316
3068241300059100059,18006308.0,188278.22816606658,16536887.0,238593.2628825481,17210241.0,197380.49330782643,85831675.0,664796.6976717646
3068241300059100060,12429371.0,172179.92726378387,9422201.0,172904.13948149548,11981026.0,182134.62923546595,55132772.0,516418.9386646806
3068241300059100065,17155226.0,233408.18893886302,13765061.0,245174.776276896,16310455.0,241109.07625176173,79210650.0,714110.4659300486
3068241300059100068,6280964.0,83515.41314158395,4686802.0,73625.23259582452,5927047.0,84849.10899797088,27370426.0,220279.8231629331
3068241300059100069,16070905.0,222727.02823139826,14403937.0,237875.43911141442,15342034.0,228281.23003654878,72010169.0,617037.9932114453
3068241300059100073,24776118.0,268452.4555693285,21123139.0,286205.2395077321,24161657.0,281558.8139889678,112264342.0,843170.4637173114
3068241300059100084,9107893.0,126848.67277358018,7901686.0,125741.36939083744,8313973.0,123947.55524024257,42388234.0,361592.8563175817
3068241300059100085,36319093.0,491498.6296337199,31734793.0,495447.970094445,33418115.0,494673.28277009644,169708109.0,1410848.854026471
3068241300059100087,20866930.0,224732.45791715427,17954929.0,257686.85790948782,19747676.0,223510.9704736321,99716535.0,776962.5588291187
3068241300059100094,53901650.0,740706.1267133437,42392552.0,687739.8808206682,50047526.0,744117.7787517165,248396699.0,2113940.970974478
3068241300059100098,9473693.0,130977.14985058378,8718277.0,155986.26325061484,9041371.0,134087.93596111904,45024252.0,404272.7619627082
3068241300059100103,13314001.0,189303.63990750155,10194680.0,191086.60538217556,12798883.0,193895.90408717032,62296507.0,600384.3979699515
3068241300059100105,4880884.0,63707.73734491748,4035092.0,65261.76641237609,4603241.0,65709.34388976492,21793968.0,197020.82578041198
3068241300059100108,5108499.0,69785.9786044221,4958015.0,91719.71445089916,4851101.0,72348.09019456634,24456148.0,230556.41166637608
3068241300059100116,4917414.0,69552.494526897,3838292.0,70363.98257427778,4743993.0,71441.04222118319,23229360.0,230722.46987840155
3068241300059100143,27514556.0,374519.74250660336,22485466.0,352559.412718808,26211143.0,388039.79803076846,122223759.0,1013177.3656836583
3068241300059100144,12115428.0,167380.40792033484,9463147.0,149698.81345762158,11462869.0,171213.09799953827,53521754.0,447571.7869107061
3068241300059100148,12836270.0,177938.39341849062,10199237.0,161198.63950016274,12167334.0,180853.65382413732,57002398.0,467193.13155644294
3068241300059100181,22722152.0,328353.4571069596,20573052.0,379148.94262804976,22206629.0,344972.9419734753,104821635.0,1032390.8724984521
3068241300059100183,183274017.0,2605966.9410129637,183047137.0,3253003.518701827,176403770.0,2730720.126092326,906181543.0,8611853.34264591
3068241300059100191,24034611.0,344994.17951681453,19174326.0,355119.8637472706,23698130.0,364099.6478339496,111044760.0,1063303.905791386
3068241300059100197,10188668.0,148574.98736867335,9623992.0,177691.1808728193,9952962.0,155390.64147381528,46633090.0,456367.64278705424
3068241300059100204,31379791.0,391638.7969232478,26579586.0,402006.94597417355,31377684.0,409425.7256475857,148108852.0,1242240.372575155
3068241300059100211,15687125.0,187442.49946595263,13862546.0,214555.56327778316,15541232.0,197464.01315272346,71522703.0,563338.6454613314
3068241300059100212,143154269.0,1812041.709245612,138709090.0,2015998.1190038105,137439289.0,1886453.3247841047,644358016.0,5042703.093611503
3068241300059100217,3425789.0,50247.26657960348,2912488.0,46090.46138030014,3244324.0,49077.56406514464,14487211.0,125719.26075285109
3068241300059100230,19891365.0,279438.7737355646,18226285.0,332054.9119638148,19390017.0,297326.15637653734,91844234.0,846330.2789331861
3068241300059100239,6767146.0,74427.47869740821,5520088.0,79231.84334801426,6685606.0,78569.25175040035,30447966.0,217115.75388132743
3068241300059100259,8077089.0,74649.75739743668,6713674.0,77202.3422433447,8006133.0,77502.69768269517,37675892.0,232552.939995284
3068241300059100260,11266117.0,161721.74131554726,9743744.0,168657.90138756522,11057780.0,171057.49430421556,51791455.0,467250.45896933845
3068241300059100264,7872095.0,124637.28513990193,7359924.0,145700.50745452894,7547262.0,126928.88785637353,36172572.0,388002.0561866388
3068241300059100265,17680472.0,274205.953130477,14747147.0,291269.3238271905,17129879.0,286886.98219096777,82187138.0,879560.3908208436
3068241300059100268,16889546.0,204927.82754457145,14994144.0,279394.8666490001,16146591.0,215013.33850809163,81168483.0,802213.494670786
3068241300059100270,12410180.0,147708.81993556715,10415663.0,192984.23149331615,11907374.0,151097.61088099985,59435520.0,590296.8146297365
3068241300059100274,27230677.0,314919.9185535052,23859258.0,369623.2255895636,27156521.0,329692.47958103445,127103063.0,970522.903055626
3068241300059100278,5859835.0,84678.62818420486,4936989.0,84873.23388320021,5868223.0,88031.55661571732,26796551.0,263905.8395034652
3068241300059100300,57078351.0,877861.3644380824,52241486.0,1038605.2963704583,55141753.0,910144.7652192124,264818012.0,2900333.5732972943
3068241300059100306,7784196.0,111183.02419531251,7231141.0,133748.12177942853,7682288.0,117772.19324772566,36222751.0,361869.41640275787
3068241300059100310,5945169.0,92673.4865799835,4465871.0,89824.03257720364,5715055.0,94131.54510144531,27145266.0,287358.5825200329
3068241300059100336,30190989.0,447931.1524156999,24524730.0,488170.54077329556,29317859.0,473815.4643618603,139345535.0,1462742.0150998277
3068241300059100368,14546236.0,213204.16179803878,12308710.0,240510.4048180081,14091962.0,225764.7185031846,67929722.0,699084.7960786714
3068241300059100383,13343836.0,203977.02308547607,13309648.0,263778.13982614153,12935109.0,206139.429532273,64323673.0,671482.287033238
3068241300059100386,19923490.0,297607.27195025823,17820014.0,345641.7587344623,19048828.0,303383.7083891935,89943486.0,944184.8784018358
3068241300059100387,6673599.0,96729.41048997758,5887008.0,113331.01795472819,6426301.0,102507.70625090468,31386463.0,321550.8731264613
3068241300059100409,30594659.0,443305.2475976278,24057422.0,472908.56745662756,29690253.0,464360.4752767617,141338015.0,1396714.1495198607
3068241300059100429,26672927.0,383713.4014998962,26381588.0,496821.4988899762,25658265.0,395771.8481100397,127582067.0,1226020.307334072
3068241300059100439,22548381.0,253096.90594898042,17368999.0,305526.67809091066,21642049.0,263547.9826412031,102612236.0,908889.1518091182
3068241300059100452,19851064.0,247439.6576192098,17041765.0,281357.9874504955,19132948.0,258435.19306453166,89564203.0,789859.8685155613
3068241300059100453,22107136.0,316393.5830024276,21511323.0,404794.7768997105,21107959.0,327067.0266262359,105040789.0,1002194.8384597831
3068241300059100454,14493999.0,163506.16974303042,12153377.0,214095.57568498832,14049304.0,171150.26629211463,65759304.0,605943.4705174306
3068241300059100476,11288808.0,164271.09636925202,9180140.0,170663.13919963373,10938451.0,172791.1943166791,53263619.0,521683.10799197917
3068241300059100482,12352529.0,185136.21182745392,9904958.0,190979.32900487987,11993697.0,192182.9450978815,56401401.0,608615.715834578
3068241300059100486,17458585.0,199321.70592190753,14752299.0,265228.21336078044,16941143.0,211640.29365785458,80214167.0,762655.8731501066
3068241300059100495,19159595.0,282872.1455402219,16442261.0,315448.37344330363,18598740.0,294793.7952454927,91144971.0,902673.0497112334
3068241300059100503,10481352.0,155954.5449566529,8884323.0,170672.11836915792,10154661.0,161320.86459525488,49798869.0,491357.1194281295
3068241300059100505,96396706.0,1434494.5294719778,86235917.0,1710565.3614100434,88271500.0,1395087.0013210876,494402848.0,4863670.381199102
3068241300059100516,7861122.0,116368.00180942203,7180718.0,137903.80709616572,7645836.0,123967.35211940111,37483130.0,377449.8713293549
3068241300059100527,7175144.0,84111.32326478118,6548282.0,114022.36569967109,6936399.0,88214.25784915364,32813098.0,307485.76148320636
3068241300059200065,5105716.0,72137.22809939005,4863265.0,85795.31047556926,4914878.0,72405.59018840568,23440641.0,226825.49634011817
3068241300059200069,20719168.0,283648.6213626857,20240687.0,365836.23982211394,19866105.0,295199.55423294095,99336130.0,895300.7384703817
3068241300059200070,10485759.0,147979.83137841013,9838473.0,180346.31853918903,10253646.0,152901.29284034262,48465647.0,462974.68109566974
3068241300059200080,27609900.0,288430.8994822197,24627146.0,318928.0935575345,26943263.0,301208.2089707422,123492065.0,864253.8427687043
3068241300059200081,10990295.0,142606.47480153354,10437261.0,176972.04582677,10657528.0,147524.38968501167,49050227.0,441104.36422814406
3068241300059200082,12181986.0,172254.58676234688,10114674.0,186844.87129379535,11838435.0,177740.04989658913,53292893.0,519394.8076218803
3068241300059200087,40085155.0,565043.4920995473,36298386.0,667332.2903109011,38747271.0,593049.2431056744,176369169.0,1741621.9145378564
3068241300059200091,22471964.0,302397.08903884556,16966302.0,269836.8294383157,21547778.0,314483.85582790844,99827775.0,801056.1351330673
3068241300059200115,12633121.0,172912.8937040675,9860384.0,181049.39024076756,12065012.0,175583.85433944222,57627441.0,524842.6247801287
3068241300059200120,25874940.0,301590.47770222236,22906483.0,318889.05823919404,24798744.0,315774.10065318213,112885989.0,823875.0332921118
3068241300059200135,27118083.0,356895.76755220676,20193420.0,317938.3766690247,25928891.0,370572.21398441005,121950550.0,950658.0859775848
3068241300059200137,6081981.0,79611.40018263081,4600472.0,72985.80400634414,5796796.0,84800.87810275893,26692374.0,220290.76058382852
3068241300059200140,23234157.0,257386.6384027796,20095227.0,283796.5353951289,22585125.0,266722.43880185345,105234688.0,826407.8187953854
3068241300059200143,13197034.0,184213.1119320137,12348399.0,226206.6377530564,12607296.0,186499.57536865427,60935934.0,567152.6227778062
3068241300059200149,6274018.0,88822.8564000079,5804691.0,107431.15016028554,5929848.0,90619.64019014433,28170298.0,283731.22340714955
3068241300059200154,18662251.0,251452.87877695385,17810854.0,317839.87419145345,17748963.0,258655.27136754413,87372423.0,780972.6319501135
3068241300059200156,6259610.0,87732.91064622687,5902799.0,122293.50668413,6059494.0,89883.76466788392,32469708.0,333659.5010498521
3068241300059200165,12479116.0,166343.96546974318,9848396.0,156092.1659875799,11773755.0,171243.07822422503,54028202.0,429138.86446206993
3068241300059200172,21298572.0,301089.39653424325,17865606.0,328048.01044264017,20485763.0,311349.17584038305,94398764.0,904583.0872121622
3068241300059200173,19499718.0,203547.09554981106,16296754.0,203944.6396095381,18918263.0,209858.8105090438,87349970.0,594421.9700609948
3068241300059200174,16807106.0,180121.65745614265,15356536.0,235854.3301370071,15842249.0,179427.87488749193,84481531.0,665340.2479031156
3068241300059200184,19333167.0,257837.56213967304,14563059.0,227360.1928508769,18511452.0,264725.2554862433,87869289.0,704740.4699492367
3068241300059200196,2871915.0,41511.138392813395,2223427.0,41445.4253911195,2809302.0,42529.27365064656,13457340.0,133717.24600423255
3068241300059200198,10848717.0,148868.8199391814,10575848.0,191590.26619206517,10345083.0,152056.17894588845,51565662.0,461515.91419305373
3068241300059200200,7447265.0,105191.2979084927,6058592.0,111160.84135075989,7221246.0,111214.93605300183,33851346.0,334717.77817903477
3068241300059200205,2951078.0,41282.69546837625,2814226.0,50237.596509397976,2804391.0,41722.854168123034,13737325.0,129444.19792315905
3068241300059200214,45474818.0,635686.2118314167,36473450.0,581382.0351707488,41824934.0,631516.5772023934,210511528.0,1864796.3583602994
3068241300059200216,12400751.0,168584.23209503238,9618261.0,151603.9915559537,11955298.0,174431.41365337503,55297656.0,453440.2571668889
3068241300059200220,18359431.0,252637.22314545582,17789249.0,317835.6758636377,17437324.0,258066.22983529902,87105898.0,795850.422615543
3068241300059200256,18671998.0,251257.32685912025,14306153.0,223384.7168211809,17899487.0,261294.72410589928,83830799.0,678252.7370306483
3068241300059200257,7811398.0,95533.74294687953,5969603.0,85460.54646976203,7477959.0,98193.81426287454,33859704.0,262148.1668325823
3068241300059200263,15611457.0,190439.00457299937,11778500.0,162862.53946483592,14901026.0,200589.9352922717,67567030.0,517792.49396124785
3068241300059200267,5055090.0,73218.68014854555,4059242.0,78107.97966426951,4896453.0,73924.80175279369,23974122.0,225772.10251940764
3068241300059200274,7923262.0,107940.78972187004,5871558.0,91182.20194927376,7568554.0,113914.5970457155,34888639.0,300411.11359807116
3068241300059200317,11175138.0,149707.56052791726,8721948.0,136025.06458601696,10655865.0,156087.3087215728,49942289.0,408364.8627214361
3068241300059200337,14994725.0,214448.76136969615,11224294.0,206216.36563631246,14537566.0,223806.41872088955,71306460.0,688931.5349053306
3068241300059200366,7712675.0,112774.91822996407,6444047.0,139238.0783425018,7741981.0,119008.9886618839,36865778.0,423505.35538541415
3068241300059200370,27726633.0,402778.57798599947,20540784.0,378190.94260047,26943142.0,414573.1179044358,131824374.0,1274325.9203675329
3068241300059200378,9753315.0,138457.84006929168,7894835.0,127809.29044521123,9419325.0,143684.42784264914,41267714.0,360422.43409657246
3068241300059200401,13948202.0,204196.9521415562,10724543.0,202777.98180826422,13688151.0,213559.61980993737,67286150.0,681544.1131802339
3068241300059200421,5170036.0,70563.72474949039,4318806.0,69250.85462927178,5031833.0,75455.29242896699,23241767.0,197828.92185515407
3068241300059200422,16043931.0,215695.68117215572,13316628.0,226352.8181781158,15902080.0,224499.715744572,71605178.0,649227.658802423
3068241300059200426,18028544.0,246490.70297975306,15768970.0,255752.7079971213,17342637.0,263090.94547771616,80058170.0,662475.6694441149
3068241300059200434,16335936.0,208262.44046853046,13455609.0,192552.3414006015,16018926.0,218754.34876238529,71024871.0,524533.6962148027
3068241300059200448,26551504.0,379940.06535724574,22441197.0,360466.5322719221,25601821.0,398587.54820067325,113447813.0,969459.0430149754
3068241300059200464,2871565.0,41038.54923650416,2289405.0,43200.07908142224,2814659.0,43348.96181491087,13270064.0,129380.81295930226
3068241300059200465,10802684.0,157060.8970570414,8033619.0,148932.94968171397,10715923.0,168354.04257796798,52061400.0,513546.68477431266
3068241300059200473,8269597.0,119836.59419067249,6456471.0,120258.71428643326,8194018.0,127047.49529145594,38735440.0,368162.0317388442
3068241300059200474,5620598.0,85338.45238160362,4299401.0,79857.58206499921,5632495.0,89108.8805687505,27038973.0,269831.9708401051
3068241300059200476,31514026.0,457568.2427066767,30436953.0,566656.1272761426,30676343.0,483239.29447611305,144764521.0,1407452.9592965406
3068241300059200478,16885607.0,249434.43832450052,15241654.0,292498.6094355347,16234408.0,256876.5686479079,74367525.0,739516.1909516865
3068241300059200480,2984235.0,40152.79440632141,2452571.0,46339.14296791279,2975299.0,41581.673452831776,13927198.0,141722.79359216936
3068241300059200483,117839032.0,1353132.2082878717,102630015.0,1365913.367717638,115471039.0,1385987.8038102589,531224514.0,3766246.9269647957
3068241300059200488,25697446.0,388983.2735755144,20264571.0,379644.53565462783,25679721.0,404896.7075498918,124352530.0,1236669.1316025008
3068241300059200494,28819558.0,405225.64021302084,22436564.0,400953.03561899625,28532721.0,432760.0545685943,137242136.0,1292942.2694236636
3068241300059200497,10643040.0,144753.38438225375,9520232.0,150249.93992861995,10384915.0,152396.21918140483,47483732.0,372489.06925637263
3068241300059200506,4042505.0,54739.27817293646,3609442.0,54735.70118315881,3841182.0,56369.78932862774,17329317.0,139286.3340777884
3068241300059200507,4998438.0,67842.87594135581,4729601.0,84199.88927443711,4869690.0,72428.62392503044,22866103.0,208246.27127402148
3068241300059200511,18776893.0,233668.013446156,17239850.0,284446.9017754591,18329407.0,247230.1264235426,86010426.0,706528.3158386303
3068241300059200524,19058076.0,201900.748959819,16780565.0,222361.30686951574,18482722.0,211927.05822105432,85304481.0,562103.0969586391
3068241300059200531,24458235.0,312175.09601560904,19184945.0,301672.1866609318,24322614.0,322462.46865167754,115089713.0,960746.2137420358
3068241300059200536,19259321.0,181331.0891281006,16235594.0,214874.6561514328,18930830.0,184785.23270637306,107786602.0,1013476.7733735318
3068241300059200537,42556383.0,408974.14824164356,38160787.0,499935.3783505132,41687034.0,416796.530280981,196701139.0,1156839.2572113925
3068241300059200554,24197696.0,226534.63545573736,19746908.0,257218.56843887374,23613962.0,238729.64179941994,108940705.0,760028.6808927138
3068241300059200564,11210992.0,151128.7846381145,8947563.0,148891.3569488523,10947862.0,156389.6968229935,49989303.0,442447.7200196542
3068241300059200568,17023288.0,234475.01971236884,14135793.0,230721.20759380792,17028991.0,241203.85767852003,78628055.0,712801.4758365296
3068241300059200569,5705887.0,63411.31819794673,4846221.0,70430.6457570523,5687378.0,65050.84552667658,26480591.0,195828.38727341557
3068241300059200571,6658793.0,104874.73911741357,4681913.0,93833.09662930226,6507822.0,107581.8716123907,30399981.0,316973.48638767464
3068241300059200572,25214675.0,393234.2732875224,18393899.0,355046.60408826586,24880282.0,412465.73797749245,115939486.0,1213067.9673141395
3068241300059200573,49251636.0,777798.8719814485,40839333.0,823051.5038860275,48524337.0,810703.7703019837,224484643.0,2400304.8809081786
3068241300059200575,23213773.0,281970.5127555566,22195325.0,419291.0095616919,22473930.0,290544.85174406494,110443716.0,1122961.5889177544
3068241300059200576,4109044.0,67024.02608621858,3932702.0,79425.8862709004,3991563.0,68200.00682063101,18776387.0,202826.79750138056
3068241300059200577,4427946.0,68060.15005170248,4142731.0,83478.27833360818,4276068.0,72877.39184106149,20532855.0,223055.06203883805
3068241300059200578,16492484.0,255381.51858936346,13518871.0,269267.41583380336,16110468.0,272186.0143946778,76012889.0,809103.6773251045
3068241300059200579,14065994.0,214498.6366016788,11279096.0,223097.65594092678,13640470.0,224412.79085457514,62792296.0,665134.7339458639
3068241300059200580,14562666.0,221721.154601301,10641941.0,214023.56087227623,14278820.0,231638.6786439998,65901196.0,674693.2146147288
3068241300059200581,24854499.0,387172.3039916171,17977236.0,358742.9128735249,24212815.0,402605.31521145406,113095950.0,1199512.2624242036
3068241300059200586,8020245.0,92686.60937872749,7305162.0,127550.03788223171,7902945.0,97022.9317687659,38200711.0,379705.2161383535
3068241300059200587,17541455.0,205551.1577528363,13894174.0,257131.36440502945,16797053.0,212820.38961509452,79952245.0,757261.4521310269
3068241300059200588,3056926.0,37419.33471924923,2361196.0,45280.130412564264,2940388.0,36511.92373966795,14094116.0,136414.65070574963
3068241300059200592,6252719.0,102234.64947233321,5437219.0,110404.17245316695,6262709.0,106419.12854898567,29076495.0,324878.1535377798
3068241300059200594,21390556.0,293186.04044322023,18285374.0,310855.5418725407,21692549.0,308837.21956356673,104053750.0,935184.1051594586
3068241300059200601,21932898.0,337244.44815113867,15778440.0,316104.9818627751,21149882.0,346061.80128919904,98499874.0,1041409.5102510813
3068241300059200605,24224156.0,378574.757571737,22549538.0,454292.50387726736,23927083.0,400814.38556003844,111868871.0,1243003.3692710607
3068241300059200607,25546071.0,402144.8471109932,22940984.0,463388.852224756,25346922.0,421111.6029280494,117287642.0,1278502.8193464507
3068241300059200609,33207045.0,339911.8363295997,29316592.0,458075.92845701694,32715928.0,358074.30054346897,155565093.0,1307704.723256786
3068241300059200610,26873575.0,294743.5621076988,21967156.0,290301.5973310634,27200211.0,309465.8927771109,128664301.0,939398.4450464363
3068241300059200612,41580662.0,490619.0527903974,34670056.0,636967.1624757,40358800.0,514167.2449929337,194946801.0,1889558.0707146074
3068241300059200626,20145557.0,317278.4419068804,18332617.0,373725.1808289344,19942703.0,330080.7722008843,92425944.0,1008631.0552477557
3068241300059200631,6841345.0,95118.19560939854,5938755.0,104464.92746114779,6828492.0,99989.38116277097,31318455.0,291084.2469552021
3068241300059200635,16553405.0,204395.60166973845,14435726.0,232405.9445208508,16554518.0,215104.75402003375,76673398.0,655162.666155976
3068241300059200636,40998866.0,621204.7570167095,33578810.0,662968.1611691712,39837823.0,658913.1726237227,190978550.0,2052964.412042734
3068241300059200642,4405141.0,67140.44889935727,3606793.0,69921.8540035305,4288729.0,71744.64380451363,20014096.0,214361.84638012244
3068241300059200644,44775003.0,528007.9195811513,36938712.0,666127.8510156734,43694745.0,554187.9013546143,214695980.0,2071570.7677258984
3068241300059200645,8230715.0,126652.90339364967,6535710.0,133280.84800779552,8036235.0,132696.83440446205,37800757.0,405012.5827090789
3068241300059200648,8276093.0,124688.7066983897,6723853.0,130101.73631211394,8056891.0,133486.78079010226,38038520.0,409119.5513907016
3068241300059200653,3893097.0,60102.630655162946,3424834.0,68749.70208165668,3809312.0,63538.866526377235,17805902.0,189213.3307189006
3068241300059200658,33270445.0,519264.54068027635,30851635.0,625009.4617683594,32584396.0,551239.6786855634,154125930.0,1729415.7454634253
3068241300059200662,8290798.0,126462.76698718328,6684029.0,131322.8597929272,8070479.0,134352.58123583853,38391225.0,401608.34463325306
3068241300059200663,13116935.0,197561.8960064237,9729982.0,185749.57197726922,12629587.0,204308.8600334765,60142693.0,634762.9679531245
3068241300059200665,17486788.0,264879.79582307185,15749037.0,312608.03197236464,17013324.0,276402.9438049895,80325058.0,854876.5740869406
3068241300059200668,17392087.0,204523.65465778034,14472771.0,260958.14637052952,16937257.0,213457.83102345382,83838600.0,822383.2305940001
3068241300059200683,39878063.0,599072.578158603,32808388.0,648844.8051395889,39105936.0,636933.3636404681,185279439.0,1951532.4295318013
3068241300059200693,4850567.0,72869.78991255737,4127616.0,84007.76924981695,4725941.0,78286.99976480655,22633915.0,240538.4687605631
3068241300059200696,2953152.0,43359.79604325011,2741609.0,52711.06604873141,2912671.0,45928.74744535073,13773501.0,140743.63869696873
3068241300059200697,5461727.0,85938.50450220358,5363125.0,108974.42597344315,5362863.0,90900.58612029672,25330815.0,280801.302080835
3068241300059200707,8019024.0,95251.87905828113,7911064.0,147949.31985921267,7738415.0,99598.88958303485,37774874.0,401275.4639166191
3068241300059200714,4103598.0,62092.18113435527,3155665.0,61398.406373914055,4045558.0,65592.47591789288,18945248.0,195923.38136996707
3068241300059200722,29573748.0,374860.6654249141,28397784.0,499693.46975623595,29226064.0,396663.79971350444,138683250.0,1252679.5381419791
3068241300059200723,27958212.0,420292.2282123101,25598525.0,500330.2113628596,27505661.0,441736.4091419295,132839232.0,1387774.7519279872
3068241300059200726,2823850.0,42426.52743672164,2303535.0,44577.528853709286,2783027.0,45752.55181181019,13414186.0,146491.5395907979
3068241300059200735,16981894.0,244156.9943097398,16293360.0,306513.8336763204,16690127.0,251696.159970027,79945167.0,804667.2562517837
3068241300059200739,18885123.0,282180.36604351434,13573238.0,263450.0297025162,18510096.0,296378.16993564216,87344808.0,897572.5031454489
3068241300059200745,32895125.0,490584.23578635306,27183782.0,531748.2254157726,32276860.0,515775.0867827739,156827174.0,1615184.8232093768
3068241300059200753,27959213.0,323446.10176674696,24025202.0,435845.6671628142,26976089.0,338714.1324754936,131372930.0,1235973.0451436532
3068241300059200775,6381090.0,95500.39735412493,5579518.0,108172.30132633545,6170285.0,100822.46098443426,29654799.0,312977.4916950264
3068241300059200777,17878679.0,263527.5067289496,15167852.0,292507.16497600556,17360711.0,275147.4154130049,83164591.0,851028.0265009595
3068241300059200802,10215949.0,153719.19141967103,9416099.0,184917.69161982893,9924044.0,160508.3986793207,46631338.0,506420.16375922086
3068241300059200815,11414748.0,170433.8839476265,10253675.0,208312.67401123105,11134712.0,179561.73580373274,51795189.0,547003.0291837689
3068241300059200837,4375842.0,64677.743266001366,3999651.0,78385.74764413203,4298762.0,68750.66537896286,20159605.0,212597.36222362125
3068241300059200845,10624970.0,140412.83865336806,10194910.0,167632.25189374326,10686414.0,146340.29047029724,52758117.0,468861.25375297543
3068241300059200863,10025866.0,147860.6328410779,9851822.0,187607.1916084936,9641900.0,150564.2194517593,47761069.0,468767.268666183
3068241300059200864,29980582.0,426878.44720650616,26239052.0,493328.5715966025,28797397.0,441331.39432350814,142603874.0,1343510.0737504975
3068241300059200865,15838050.0,161213.001799165,15139869.0,201060.20674186532,15781328.0,171484.17827949344,74751957.0,531910.8708123178
3068241300059200877,9206640.0,133075.15193167588,8569250.0,167941.28383244344,8845206.0,136188.91345537847,44148837.0,422538.82615019404
3068241300059200912,4904346.0,74656.16182407146,4406936.0,88018.17143904458,4682532.0,74815.36451741935,21782051.0,232029.47881267563
3068241300059200916,17470218.0,190831.9461054518,15370882.0,259329.5890370679,16955289.0,201798.5311275912,79107875.0,721262.3117481904
3068241300059200934,24669617.0,368449.69644570514,21134239.0,417644.17863420077,23463829.0,381608.1477876704,110834229.0,1190137.7966892812
3068241300059200943,8870672.0,100025.67698485802,7213743.0,131857.7585860363,8636556.0,105537.1791569406,41339471.0,374130.19935642055
3068241300059200969,9030759.0,133398.2262278092,6667142.0,130448.51818683237,8708134.0,139917.70247034225,41671755.0,430992.8139482339
3068241300059200974,5544488.0,63229.271124658255,4538082.0,82312.35128776559,5407922.0,66844.79418714567,25809714.0,235028.41971983612
3068241300059200981,15147360.0,159510.8555361866,11783827.0,156249.92006272238,14906480.0,165968.5165252335,69997709.0,516527.8382094011
3068241300059201010,21538690.0,312578.35519613925,17689377.0,335603.91739371786,20958850.0,329316.93644088705,102831468.0,1005165.955646945
3068241300059201030,3303214.0,33837.54609371271,2667020.0,38177.894679421915,3245165.0,36875.122517895266,15373938.0,119833.28702544978
3068241300059201032,84302247.0,1000404.7735971574,76497720.0,1305199.913026714,79076376.0,998379.371657432,388692055.0,3750952.909500609
3068241300059201041,7199131.0,84002.55160434052,6429725.0,115779.46192575057,7036403.0,87097.28356667166,33221906.0,317258.4738040492
3068241300059201054,7817977.0,114068.8125261754,6436287.0,118597.2902641758,7583116.0,118147.19958767248,34971200.0,344226.3810744706
3068241300059201058,5288977.0,79714.55632505739,4049996.0,77111.26755142721,5255965.0,82869.77820649411,25149905.0,248088.86989688556
3068241300059201061,4695922.0,68154.15530691444,4188967.0,80160.27120286557,4572944.0,74129.78309679742,22253482.0,225500.7966072419
3068241300059201068,5814126.0,88073.9630119763,4694696.0,89244.68341644134,5680100.0,90845.08377965889,29054384.0,295756.68987750355
3068241300059201079,4088490.0,61112.30770316166,3697685.0,70428.6521596986,3985686.0,64315.76188668252,19492423.0,202207.1631876132
3068241300060100029,22045660.0,252418.48742518216,20661605.0,355607.6985807649,20883161.0,253933.16408145265,102088893.0,888977.146003011
3068241300060100031,20411631.0,272160.34102693945,15186063.0,234056.3882647421,19350791.0,279414.70040673215,92638873.0,720250.1207981894
3068241300060100033,83250684.0,827893.929986991,73871265.0,920197.9441125044,80309360.0,844227.6731372873,387347794.0,2666903.228754382
3068241300060100034,25344486.0,330240.09897636366,22052591.0,335257.1395709944,24147478.0,338933.6858273984,119569713.0,898401.2383771852
3068241300060100037,16057000.0,213630.21096465952,15244807.0,235610.25118134043,15220787.0,217139.21556323508,73880316.0,567258.1437352971
3068241300060100041,15586209.0,205020.03053947675,14069900.0,215069.43236222095,14773966.0,210805.09779173267,73575846.0,557695.4911935815
3068241300060100054,253221910.0,3777732.3103432246,385062605.0,6267230.47405695,138676216.0,2027691.277656606,1187026120.0,9078938.920708947
3068241300060100055,50460483.0,695105.5939529934,39882755.0,607874.4662631943,47632239.0,709942.5672063986,236231265.0,1957471.2656255274
3068241300060100061,111000043.0,1586966.179895783,84592071.0,1329066.7135988576,105900231.0,1577998.0285783738,479668292.0,3906260.3592433697
3068241300060100108,3864015.0,48944.916873852526,3208389.0,57100.546387598275,3803684.0,50353.03835944295,17401043.0,149634.57940629896
3068241300060100117,8323290.0,100177.57243590697,6302136.0,113614.37554179522,8106565.0,104551.03877641668,39555263.0,388443.30977735313
3068241300060100120,6928741.0,90146.11052485446,6348075.0,114179.91426943298,6391160.0,91529.61544562907,34210353.0,335433.997462959
3068241300060100125,3865603.0,53848.827639653085,3425129.0,61417.42221466667,3577383.0,52765.668013127695,18988092.0,191372.42362328488
3068241300060100127,4634974.0,63922.245942800364,4109358.0,75539.31398817257,4601048.0,64899.592927963924,21304203.0,206206.11167995672
3068241300060100133,54913465.0,657469.6199993247,41234764.0,759148.6564985036,52372503.0,668602.3681568502,257314963.0,2481703.3045123657
3068241300060100134,76569515.0,999167.8157313172,64790771.0,1169704.263518331,71769920.0,1017594.9667507656,367374966.0,3603929.8614542917
3068241300060100137,48124976.0,633043.3745425019,44371357.0,800272.0822042899,45050659.0,645427.7049300417,232360627.0,2332984.884457096
3068241300060100146,12526176.0,165154.44768453244,10098055.0,190053.59262385135,12308681.0,175141.11561507263,58272233.0,564451.0751346392
3068241300060100155,55461079.0,649474.121635535,47488747.0,903635.2228719478,53806133.0,663826.3186774246,269156016.0,2520406.9452185207
3068241300060100162,13017903.0,144613.5987465856,10406471.0,175135.06287899488,12205638.0,148331.89771715563,61231477.0,519626.7598981005
3068241300060100163,14072947.0,164511.76073777777,12549158.0,228274.305702067,13650058.0,167378.94386408976,72560610.0,739249.4191756006
3068241300060100164,56105264.0,618206.5705489226,51995115.0,870795.3439027062,52415764.0,625797.7984667207,278323541.0,2382244.6941440473
3068241300060100165,44896801.0,497911.6704767635,37384079.0,638292.0101021242,41775474.0,501282.14327539236,215019733.0,1845578.4735502135
3068241300060100166,61139125.0,708785.2090009279,54861642.0,963307.1317058488,59151159.0,726885.9526681587,296150121.0,2713710.179523945
3068241300060100172,97141411.0,1184560.6874451959,72536973.0,1212265.9488123294,90515014.0,1168566.440939781,427460348.0,3905759.1337664546
3068241300060100174,12883525.0,165962.57622141324,12993484.0,247365.52540694582,12227559.0,167041.5176836985,67338071.0,669124.1680815318
3068241300060100176,42518987.0,535235.1607703706,44873733.0,745386.5204242334,40042963.0,540638.7371578619,232130007.0,2019032.6389635515
3068241300060100177,100473442.0,1130030.8257880446,172462717.0,2739127.578854737,94377953.0,1139293.4550571225,575145649.0,5018540.29234695
3068241300060100180,23663273.0,270853.40559930843,18041583.0,287089.5236705316,22660282.0,277164.7482914803,103856241.0,886364.2676776634
3068241300060100181,8665507.0,97877.15011508293,7100059.0,124365.31978173011,8188260.0,96475.11821349787,40068589.0,366133.129365291
3068241300060200058,7447849.0,103057.10413573965,7060350.0,110620.70991446737,7279123.0,106279.68193238687,35083406.0,280764.2282048875
3068241300060200084,5661772.0,64003.27640603695,5237753.0,93760.86610386158,5422597.0,66397.86184875247,26436408.0,237325.61817280797
3068241300060200116,3571603.0,41691.01588714037,2926237.0,52421.23162703691,3449853.0,42644.383259770795,16150908.0,141327.8654293617
3068241300060200140,18670317.0,184382.2433311023,14720546.0,180856.62995031406,18067359.0,189346.2569893655,83551986.0,560345.0029348054
3068241300060200169,17061033.0,228597.7355057631,15012337.0,237562.84483794592,16269606.0,235106.58711867285,79648768.0,647385.5016928813
3068241300060200171,6644214.0,77757.77523076381,5238596.0,92389.7150927512,6325866.0,78098.20115939796,31063292.0,278708.36792790145
3068241300060200187,184165027.0,2598707.9436105504,310791086.0,4371878.270855404,139061055.0,2045483.5759265372,990332170.0,7310769.951890576
3068241300060200198,15667603.0,188289.06198579975,11627302.0,204837.34008569492,15142285.0,190608.64486122841,74650990.0,683423.7249761907
3068241300060200201,7432800.0,103660.55719489002,5654625.0,87361.71502212818,7120817.0,105541.03089481428,34506939.0,285966.1313278888
3068241300060200220,4675776.0,55943.24470186001,3406806.0,61285.76249999004,4506586.0,56918.46697132221,22125323.0,206254.0367324052
3068241300060200229,2898400.0,41417.799423241646,2442701.0,41130.880782828106,2853448.0,44456.0845734409,13773830.0,118722.78697302785
3068241300060200232,6635515.0,94664.80382276193,5006446.0,82561.87327115932,6429892.0,96474.90803532291,30978086.0,261786.48147506686
3068241300060200233,44354074.0,449297.68325253046,34742341.0,468193.4496617621,43438792.0,463865.27348045266,199189438.0,1440718.8741353631
3068241300060200235,4805378.0,56364.70927923361,3469905.0,61204.18147501354,4648778.0,59728.26229661082,22806711.0,208795.95416569972
3068241300060200242,45827937.0,814625.782694032,71560317.0,1285063.7156080005,26562169.0,395470.9855014025,229070046.0,2183655.4127748995
3068241300060200263,21302671.0,307565.25557486137,15967213.0,256237.8139604719,21137437.0,320177.753477488,99273921.0,848334.4037915703
3068241300060200271,270789335.0,3929584.0359914764,800807426.0,9639384.58589184,154041196.0,2253042.869312364,1774568342.0,13272014.313863717
3068241300060200278,3970047.0,48332.86643649013,3409341.0,60494.89118786444,3828275.0,48867.64227084814,17733835.0,171738.2162945657
3068241300060200282,14484096.0,201944.83493478672,12627782.0,191452.8676120159,13793513.0,204732.13123538223,65694189.0,551041.4918139094
3068241300060200283,23373305.0,235086.56724892024,19862353.0,276312.15678720415,23062862.0,245511.54431695168,106959169.0,781987.8467100273
3068241300060200291,13458863.0,194569.73362743531,10602363.0,174584.4907839718,13338127.0,206481.59376715246,63482226.0,561456.4246774198
3068241300060200300,156299870.0,1428091.36052276,137617134.0,1708622.1992809675,152588534.0,1453505.7958558518,707701139.0,4443386.422839204
3068241300060200301,78289025.0,839041.8566500805,72123107.0,1120119.5509675138,75245068.0,862086.9480080209,348653704.0,2852236.2186406343
3068241300060200303,35843315.0,478969.0376057427,27936595.0,419986.3711064829,35634043.0,498057.8046066567,167033981.0,1321009.1198270172
3068241300060200323,16088406.0,147009.46153995825,13812354.0,188703.5094403611,15483762.0,153475.3863669323,72774228.0,497397.4026191294
3068241300060200342,28658230.0,344448.87999649753,24588862.0,390693.57506135775,28461762.0,354500.6859580743,130310220.0,1069183.4306286138
3068241300060200343,5195855.0,60952.96055711498,4990427.0,79117.16423042607,4964033.0,63032.621276127655,24043189.0,210288.5530654641
3068241300060200350,5727784.0,65534.98869738457,4476264.0,70789.50221381661,5567395.0,67584.60157916136,26386456.0,233943.08704543597
3068241300060200352,8341125.0,105299.15897643229,5840951.0,92627.78556503239,8060494.0,108855.8616880305,37198578.0,314225.1883535362
3068241300060200357,27381816.0,329069.71492662735,20923572.0,382592.2419120638,26619419.0,338194.54639899585,130426852.0,1269918.5789948388
3068241300060200358,16250987.0,198494.9507439954,12873367.0,229530.30469600964,15860967.0,204332.66818595884,77591330.0,751737.0204972003
3068241300060200361,36946118.0,476460.97312583716,34740847.0,619952.0278869375,34990305.0,494796.69286401605,175815970.0,1701103.4514930148
3068241300060200364,23551533.0,279149.7403668241,17832109.0,326508.3690427166,22970745.0,290835.35766417533,111073011.0,1050869.631306043
3068241300060200367,17542461.0,216039.77395812498,15391124.0,287517.4169061618,17158074.0,223855.99696165428,83173245.0,811064.1160166404
3068241300060200372,157886909.0,1635916.208211633,135266460.0,2004190.9180582473,155685906.0,1703266.6784378476,737174959.0,5948441.690373138
3068241300060200380,17677514.0,213628.00038255122,16363051.0,303867.09491151513,17443526.0,225758.36613954706,84600764.0,857059.5778139383
3068241300060200382,3575235.0,51632.37293366902,3145726.0,59879.42447390339,3545896.0,52359.0342451973,16310457.0,166704.9563174615
3068241300060200409,23883973.0,308398.4720403633,17913879.0,327094.3407731898,22510433.0,282068.7852547566,110668430.0,1062547.38352864
3068241300060200418,24089420.0,281855.58256137033,18722395.0,345676.32164871745,23389512.0,296490.1398935793,114722726.0,1105641.5877340247
3068241300060200422,3111497.0,37262.419146298365,2360153.0,42990.200918551236,3037650.0,38471.60926085465,15024461.0,144381.4417944879
3068241300060200425,22218862.0,256984.78644751955,16894551.0,307998.3120406208,21697182.0,270295.1903895438,104598468.0,980936.8039827428
3068241300060200426,17160173.0,202938.09366168658,13356023.0,247890.93997523724,16675622.0,213912.07260607978,82400583.0,788116.6802091091
3068241300060200461,21122495.0,277381.571917073,17357267.0,314493.6560570337,20828616.0,292220.3719197619,99972149.0,967159.4365161234
3068241300060200477,17448125.0,203515.66053005785,14425588.0,262990.731075575,17105312.0,215436.36317098342,84600557.0,789207.6487108218
3068241300060200482,12912685.0,158596.8399268251,12272889.0,226456.889518651,12919698.0,164141.2428043437,63665695.0,639797.0410597529
3068241300060200483,3999898.0,45788.155077207644,3836933.0,60917.44094069356,3928522.0,47171.8684475248,18414944.0,165349.65854197665
3068241300060200493,6941040.0,82176.65783458026,5507402.0,99969.12057582491,6754739.0,83868.81792914674,32957047.0,318504.3407213388
3068241300060200497,37700749.0,399628.65862866567,36420755.0,563066.5400469332,37095358.0,421027.1370805185,173695253.0,1430329.8679874684
3068241300060200535,13183215.0,170879.601094128,12332353.0,224695.34124645925,12998115.0,185481.16851970478,60726849.0,600384.1812381222
3068241300060200540,12725609.0,145385.72424630998,11403340.0,206408.483464583,12403896.0,152092.04179812013,61840689.0,565879.9178559395
3068241300060200552,27130279.0,316601.3688505469,28398154.0,510975.4962316854,26336897.0,325017.38542554737,135643119.0,1283637.253352289
3068241300060200645,4467984.0,55850.7129299393,3638892.0,63813.44162372945,4320762.0,57909.52251339462,21015310.0,189814.66384595982
3068241300060200655,5107509.0,59790.52221131961,4128831.0,71757.92794224466,5017052.0,62088.384642504585,23765127.0,218316.47150207582
3068241300060200656,88858182.0,1021635.2417023495,77846460.0,1352586.2598138347,85421149.0,1052648.698106402,419704539.0,3892052.28675347
3068241300060200669,11041769.0,173712.91885557372,8525827.0,153729.62369383077,9777968.0,118804.59518286223,47413145.0,443206.5537379961
3068241300060200673,12256019.0,140969.0624904151,10402825.0,183035.4803279887,12022787.0,147394.23644811753,57715204.0,524526.30840834
3068241300060200696,6412411.0,82783.94681054619,4963086.0,88211.97772555551,6282440.0,87622.68229695906,29740020.0,277973.9603215844
3068241300060200699,17229522.0,226938.87878206267,12110055.0,210300.910333205,16804461.0,234347.30579718578,82195337.0,768764.0934711201
3068241300060200703,3611978.0,47512.08207079502,2672398.0,49302.87816992607,3503240.0,49233.55092876053,17070072.0,161697.14047726378
3068241300060200705,5244581.0,68882.46045804446,4202459.0,73531.01847587308,5172484.0,72965.57338712331,24649320.0,231998.74840047982
3068241300061100009,12864301.0,156399.0983081151,10055894.0,187664.05052952465,12793988.0,164958.4833111338,61174211.0,605642.4507501324
3068241300061100016,73223585.0,1394581.477336192,55704233.0,1182870.067482885,71769053.0,1411607.6807614698,346665442.0,4555970.794266274
3068241300061100020,7876670.0,93081.96170414485,6005154.0,108092.1835131125,7703548.0,99073.76608704726,37401283.0,362608.5654641999
3068241300061100023,82848851.0,1520877.1666866306,64354792.0,1353242.8397282318,81073074.0,1536856.8717046776,398518803.0,5111244.9138253005
3068241300061100031,43767674.0,849085.6156863134,33159434.0,703051.8553965137,43155009.0,861407.2809710164,213077921.0,2799433.1304660835
3068241300061100034,10725740.0,392236.5336356258,9023921.0,255216.22303629154,10647435.0,392942.061065302,55773350.0,1111784.401659444
3068241300061100036,232333488.0,4064353.0922561474,185849116.0,3200855.0033637974,231482615.0,4135372.427907919,1118801396.0,10894213.046994152
3068241300061100038,7838327.0,128751.2604604257,6286230.0,152830.21413207747,7486616.0,128934.87714603337,36911186.0,557277.3687204581
3068241300061100044,6191640.0,104816.75138495074,4730989.0,118243.55676088334,6080590.0,108296.20947485286,29091579.0,443324.71344104834
3068241300061100045,4749072.0,78080.13358614486,3679412.0,93980.0304046988,4648703.0,82697.1858720029,22367014.0,346022.06951405026
3068241300061100046,11988696.0,204276.6401316555,9454607.0,228910.47351804038,11703086.0,203818.54804435972,56360724.0,814220.480443527
3068241300061100049,20220543.0,936321.0605993839,16294353.0,362729.90406932915,20288606.0,945603.7557606893,108096008.0,1321702.3090930828
3068241300061100064,175179476.0,2632421.8060491513,590643994.0,7876546.190478781,128891337.0,2052031.087919679,1323906477.0,10217964.407176994
3068241300061100066,30363186.0,500303.9403443212,40174092.0,975306.2012152052,24676622.0,401428.5186840385,174472778.0,2228897.3855831604
3068241300061200005,75401335.0,1564028.5235423774,64208569.0,1465420.1764601707,75183996.0,1603259.4618558728,374574111.0,5577004.412199362
3068241300061200006,6001795.0,72908.28889831594,5122014.0,93448.6691827228,5995372.0,75946.87424796357,28998568.0,280428.5910304345
3068241300061200007,169576313.0,2974731.275917982,134159973.0,2730071.4063932793,168010855.0,3050609.259359091,817944056.0,10025396.4444359
3068241300061200015,6460843.0,286156.1862774704,5198982.0,94626.88632574782,6343633.0,285532.0213567046,31765150.0,313880.8525546773
3068241300061200020,46268726.0,558117.6169315613,34022289.0,606759.0384202539,45049633.0,574714.1017374967,215485789.0,2064167.1021124064
3068241300061200029,83426976.0,1775499.8171465474,67256894.0,1477633.025189979,81826811.0,1788830.6479708175,413070587.0,5764147.159010351
3068241300061200030,35071138.0,425849.85910396976,27150412.0,485012.9771480607,34646476.0,448046.16051142104,170020610.0,1623894.4554896732
3068241300061200031,76215418.0,1426505.7420280704,60643993.0,1299419.4445965108,75406351.0,1457318.645816928,379472088.0,4976713.821877567
3068241300061200034,34910186.0,832797.9781554539,27673159.0,647555.5654102049,34674834.0,843464.7616119824,178070548.0,2638801.951321219
3068241300061200037,79612959.0,1280055.2782606068,62606517.0,1255290.1057316274,79102756.0,1311982.786996437,391236418.0,4485241.408711338
3068241300061200040,191756389.0,5648034.70662966,178315614.0,4982322.334945982,185421871.0,5660449.801720359,932058804.0,17890643.968012113
3068241300061200046,8835672.0,144953.07350964082,7042720.0,176001.79377768087,8572552.0,149500.30479492195,41606349.0,681098.9899138869
3068241300061200049,7784214.0,128890.20907368626,5982978.0,150117.65703882644,7626139.0,132355.74920588767,36634434.0,549531.235090045
3068241300061200063,17641127.0,208906.0908813801,13312492.0,203342.75374507162,17504511.0,210499.4483118688,80102021.0,655090.9957877155
3068241300062100027,352340760.0,5596019.832436708,1025279860.0,12875735.705581285,197011382.0,3245380.155375465,2320393129.0,17814236.25866409
3068241300062200005,10222638.0,176192.85645638668,8262419.0,194085.12096071264,10338249.0,182080.85253466052,49621743.0,721501.7412936897
3068241300062200017,16538070.0,583473.1739608091,12947830.0,278922.94885954895,16663459.0,591804.9240770342,82901258.0,903835.4089581274
3068241300062200030,3897491.0,64832.973433312785,2954804.0,57087.42237974375,3754810.0,63860.28472488103,18146453.0,187175.3104367602
3068241300062200038,12955819.0,235283.03940079644,17648095.0,423008.92910658935,9804416.0,164180.99333814206,67985577.0,891735.9631312434
3068241300063100061,69542029.0,892131.6702690839,52972614.0,901344.0626167508,63233234.0,789641.4523415947,293134163.0,2741297.9793661963
3068241300063100063,54413063.0,624591.6675469866,42935877.0,722866.408172925,50502358.0,621729.2076014619,250160529.0,2277328.1830525543
3068241300063100068,18551772.0,244351.50923430396,15871798.0,254023.28011490684,18055902.0,254560.12714688532,92212269.0,888429.717058922
3068241300063200037,14039017.0,160508.50245609754,10703490.0,210891.54660616975,13974378.0,166721.57258033945,65885893.0,698112.7136576158
3068241300063200053,19826369.0,259910.44872511653,17085602.0,286530.4007324418,19174914.0,274069.22893185465,96468125.0,868935.9559207554
3068241300064100004,109332624.0,1486445.277575681,379261682.0,4297694.756163423,71286924.0,1008912.5303482425,834794658.0,6067689.793556913
3068241300064100006,123092286.0,1521956.507209734,1213256480.0,9837251.132527448,66849354.0,960494.6777387747,1365372204.0,9268474.644843508
3068241300064100007,57288597.0,633811.2817871998,453405493.0,4229191.43926527,32755488.0,488677.69051022816,706058863.0,3884909.0332151456
3068241300064100009,45237196.0,569093.645651315,175552647.0,626046.1146012014,37322325.0,575565.1370635524,327196452.0,1015905.5313524718
3068241300064100012,21130139.0,272061.6220559665,18476342.0,245679.82953982893,19393377.0,249700.84814564232,101019419.0,721811.7447366947
3068241300064100013,27955586.0,373766.3406177348,30020870.0,542474.2188284541,25795211.0,348099.63476943586,135843480.0,1381174.8383213517
3068241300064100014,110006705.0,1142943.5597504415,85522577.0,1427198.5767600494,102314175.0,1123654.5293510298,481735661.0,4218616.331220537
3068241300064200002,57334880.0,959028.740729626,187494736.0,2102114.9971565013,50286205.0,1295077.002274677,374892910.0,3240226.656391404
3068241300064200005,146439562.0,1702193.1105244502,747062036.0,5312090.581748654,124938070.0,2078552.6224960773,1272192537.0,5897922.437891865
3068241300064200007,78627953.0,745470.9127151815,334841746.0,3427690.1379119055,39870225.0,605193.3832710893,595264112.0,4074259.183257956
3068241300064200008,206129910.0,2464360.6295294,945735693.0,7369133.242611603,200273263.0,3003394.1294751903,1726283600.0,9661259.234396458
3068241300064300009,21729945.0,306682.4520300283,33165939.0,392732.4100161594,19369961.0,300855.1802434969,103109460.0,776619.8638668723
3068241300065100006,227481561.0,1590871.6502149526,1665566666.0,8910888.219389653,52118417.0,514249.44799697975,1714107166.0,6849476.47454711
3068241300065100013,71864193.0,748185.7429297827,448856892.0,2517496.4152647373,20575568.0,215557.1799721562,518979037.0,2949294.539817885
3068241300065100015,176401637.0,1222737.9440682505,1572625193.0,9038275.718977492,41373893.0,410595.19973138935,1402343915.0,5947982.981171864
3068241300065100016,187109593.0,1417945.7709130396,1983403867.0,10027375.45662157,43266847.0,433712.2873693398,1617473635.0,5912764.209573745
3068241300065100017,128862977.0,813241.0283030663,1010542999.0,4791929.59899924,34362375.0,341541.16079898376,992878378.0,3878431.0457313536
3068241300065100018,25213143.0,182967.95476730668,207739449.0,949663.32787759,6318883.0,66909.92964515057,203933551.0,796934.8419858931
3068241300065100020,134008246.0,903981.1074514848,1225658917.0,4095430.2648668764,33379593.0,323781.35492226586,1201350927.0,4378037.522593997
3068241300065100021,82017096.0,816978.5888960595,555911387.0,2341722.538725317,19998553.0,197242.36016113719,594545250.0,2421921.0470964755
3068241300065100026,31566086.0,441328.25524498656,35259495.0,436457.7306522436,29714686.0,441200.7309480107,159920215.0,1129747.707087646
3068241300065100030,139973788.0,831114.8134535551,1015862211.0,3931881.014549569,33956577.0,275575.51048223913,1081026101.0,3320912.2393387463
3068241300065100032,47159461.0,304792.562972651,375587431.0,1498450.3941604309,10821534.0,91907.98039697627,370754347.0,1016360.8764494237
3068241300065100035,52303987.0,654552.2120162428,432030160.0,1958835.6150372769,13425966.0,129665.8401164759,427568858.0,1422208.3097717317
3068241300065100036,198453872.0,1735991.1917975661,1928643764.0,10595288.918259857,50786305.0,592669.2931644247,1798620892.0,6947649.135759627
3068241300065100039,170660743.0,1709612.3738225033,1080526432.0,7001159.605417997,44684190.0,556806.1179660296,1202703051.0,4762715.9156534085
3068241300065100041,68509366.0,889584.063861036,542423610.0,3648184.3923464846,20867195.0,260418.0427346689,589122121.0,3483887.1998753124
3068241300065100042,55470839.0,737263.871926719,752168843.0,13585623.879637089,21089932.0,275411.95555514167,668499404.0,8692189.735820295
3068241300065100047,252487104.0,2847803.252149656,552892061.0,5502183.873115652,92859683.0,1012551.6105816073,1387567647.0,7364746.974529385
3068241300065100048,200146077.0,2096503.0123282038,878515731.0,7993021.858486358,86151470.0,875717.9070520088,1592125825.0,8845974.085382156
3068241300065100056,77234149.0,906818.6411956726,231707245.0,2432699.8725822098,34180250.0,354747.73453915113,542503467.0,3087318.0474848943
3068241300065100059,56730409.0,1014703.8903363586,131573083.0,1887371.156266644,28500954.0,401486.77020337863,427898723.0,4171712.608338438
3068241300065200008,122665965.0,1110614.584581622,986051108.0,6096535.238404352,28299499.0,269974.5343690191,944801734.0,4165031.7215560647
3068241300065200011,86730784.0,828945.6785378185,711996092.0,6633785.6296775015,25346209.0,261378.2431127426,692496440.0,5012941.9535857625
3068241300065200012,117065491.0,832117.2370172502,1131151174.0,7134482.503083676,26602418.0,265539.1948893581,960676750.0,4041407.918169331
3068241300065200015,130689176.0,1582470.6971116655,934194659.0,8570453.91101552,40735473.0,434779.92023500276,1003037259.0,8849926.576095387
3068241300065200018,53001516.0,499599.9344030609,449096579.0,2841155.6504094684,12630148.0,128059.99231108278,429407438.0,2567697.1058615013
3068241300065200021,146462254.0,1039547.1260744112,1299464077.0,6965527.333212814,33481860.0,304936.75426434353,1217803911.0,4886516.540783096
3068241300065200022,143482654.0,1172311.6985705597,1107337171.0,6644799.333170429,42897365.0,366524.1859139255,1151009913.0,5749540.918117739
3068241300065200024,143407428.0,1016397.2309494157,1329445216.0,5511954.411124454,33159421.0,287956.904022533,1226933442.0,3989642.0708147986
3068241300065200025,207870467.0,1742653.1534396266,1758812730.0,9931459.592722211,50071591.0,514456.8032989325,1664142831.0,6535472.680837036
3068241300065200028,151411810.0,1465097.8429930736,1045157963.0,8004901.273732708,52334524.0,611253.12335172,1220868589.0,6950367.3201837875
3068241300065200029,306788699.0,3684790.135802241,2265120583.0,20415806.093766894,78332334.0,991257.921506864,2382787125.0,16121422.413168423
3068241300065200030,148429292.0,1811685.395483161,1240137138.0,13849273.802737657,41859414.0,473306.7931560451,1287720573.0,9675789.241003899
3068241300065200031,88846889.0,1201164.1483286603,463528984.0,5448568.671149591,29105396.0,306419.9186974616,630220095.0,5826358.674874855
3068241300065200032,237913261.0,2841399.380003565,1460920272.0,11822436.929646771,67980554.0,833026.3848817982,1728234216.0,10675821.063589882
3068241300065200036,264014652.0,2492544.6170017393,1352542103.0,8815114.86390281,95842001.0,1005408.9981333333,2055733173.0,9082820.863667728
3068241300065200037,85799743.0,1043853.8386437229,373910738.0,3743967.604872519,44579491.0,560350.0363679646,624125291.0,4899582.608737437
3068241300065200039,21809405.0,380390.4519285802,78997267.0,1180221.840572744,11734303.0,274520.03477271216,162562307.0,2037175.377087423
3068241300065200040,161497940.0,1762376.516209208,604349144.0,6030386.280723596,59873995.0,667575.9542445635,1123293781.0,7173429.382144986
3068241300065200041,38385678.0,633460.6327248244,151448055.0,1808580.7751615588,16453396.0,169449.1369118783,250486702.0,2418766.8468255643
3068241300065200049,83562249.0,1062731.696457136,286081822.0,2852227.951892518,58274909.0,855930.2730418136,610430460.0,3896340.886139471
3068241300065200050,32537988.0,288494.39957620855,100499603.0,932240.0221351532,17541420.0,177736.0849240644,220118871.0,1026509.4310431649
3068241300065200052,135037601.0,1251861.7401430318,736281347.0,5277691.854161456,67921978.0,754216.7788970721,1176983163.0,5305884.220612025
3068241300065200053,26767159.0,338741.3795385005,50348481.0,625399.3854698961,13103764.0,121139.81907321971,178088779.0,1409373.47830055
3068241300065200054,154711595.0,2083015.0673722576,567244422.0,6917940.578539971,75107066.0,891797.8906748662,1292557166.0,10310279.765847025
3068241300065200055,25273919.0,370764.07570899144,49329829.0,767410.7299908145,15796456.0,222316.4064914639,191028729.0,2060986.9042458644
3068241300065200057,79033911.0,1086217.5032846257,313466048.0,5212863.6673580585,39382304.0,543585.5104172529,631862678.0,4977916.518523456
3068241300066100015,214363793.0,1612132.336550919,1241776680.0,5435567.454964824,55647489.0,533030.353278777,1528573743.0,5864070.524461955
3068241300066100018,143281889.0,1112284.444114707,828778197.0,3737758.0877940054,36476873.0,355629.8536220201,1015065411.0,3634573.8040146013
3068241300066100019,63124399.0,700819.5608926967,296735061.0,2754933.5997481034,16782973.0,163092.60847926736,408832369.0,2521118.9917916935
3068241300066100020,140561634.0,1045215.9914594376,1044038332.0,4316748.236205581,33084779.0,318176.39282953646,1057335252.0,4019825.1955091637
3068241300066100021,270980025.0,2303550.162023576,1965445083.0,12831480.172300301,75519883.0,741001.8608468219,2098037926.0,10508349.576250011
3068241300066100024,200380676.0,1327913.7212326606,1568588984.0,7286296.301259719,48714653.0,470503.06439023896,1519484645.0,5409617.867667725
3068241300066100025,147689578.0,1055552.7464915044,1072300301.0,4675194.744259246,38822857.0,375687.6533736554,1116956220.0,3814035.996239649
3068241300066100029,220032581.0,1659864.9676893118,2155711278.0,10732010.332583357,53250662.0,529702.7983007372,1823097788.0,6780709.618459297
3068241300066100032,69929436.0,476387.2658101319,638133381.0,2495594.848145458,16634172.0,163833.90181086163,584845872.0,1976022.5311754062
3068241300066100039,170953939.0,1165154.306122359,1434741934.0,7697469.075730994,39593784.0,319197.28085958766,1378380194.0,5202189.455486901
3068241300066100043,65799346.0,814808.6519297289,914963656.0,11852193.308475066,22381172.0,282478.63816424296,812978048.0,8767321.203602908
3068241300066100049,18187846.0,286276.84418916027,14712995.0,190317.69471475293,16572201.0,284415.5399771482,86195851.0,623148.9881147428
3068241300066100055,151970559.0,2359075.1547590196,684179931.0,8379817.8092312645,81497820.0,1128872.7097948242,1357453954.0,12465386.153384497
3068241300066200019,26644082.0,316900.20979243977,99264930.0,1257130.3475588283,13267463.0,134560.27207121387,183941661.0,1970118.7920583023
3068241300066200023,119280113.0,1015166.9907338704,1057931347.0,8256658.582061632,31945746.0,317364.61025271314,951166601.0,5389562.68358816
3068241300066200026,150891530.0,1381857.2204432243,1103500944.0,8628027.938501935,63063431.0,632276.8422787264,1134678508.0,7753717.017507266
3068241300066200029,228372717.0,1691467.9604386478,2031571742.0,9264111.725983582,55990294.0,523899.36881932075,1904436340.0,7047916.206031634
3068241300066200031,138871044.0,1083154.7322076727,1515150132.0,8412232.612345334,32695511.0,306662.53321409045,1303083837.0,5005348.037424718
3068241300066200048,142730414.0,1617671.57812973,124636554.0,1643675.718089094,170638626.0,2456450.6260092845,607302613.0,4759532.993727772
3068241300066200049,124824987.0,1408095.6078910013,111178893.0,1384100.254808304,112315774.0,1356145.4808047828,603440397.0,4674496.746057541
3068241300066200050,131671368.0,1603335.738265798,111167991.0,1615814.2780444517,148048940.0,2198185.284092413,572579418.0,5133796.331160106
3068241300066200051,51405008.0,593962.2308455541,44990872.0,489699.94385229156,48140081.0,591982.9172019337,242556524.0,1565013.268028947
3068241300066200053,105896131.0,1685585.5477444474,87065467.0,1185502.9615991504,100130650.0,1748954.8256730207,507049659.0,3795364.9804438334
3068241300066200056,19159231.0,232468.16672504423,16415280.0,183920.6112678788,18765426.0,242979.88203935005,90562366.0,504793.66731950396
3068241300066200057,6959064.0,83640.21540866778,5154114.0,79047.8615070977,6712123.0,87038.4115315521,33565947.0,274903.4032255722
3068241300066200064,22946787.0,293698.60319403704,39683412.0,614305.1094602188,18137313.0,251418.63978129058,159713213.0,1491439.533215631
3068241300067100001,26644907.0,282461.70969225967,29954438.0,479598.1218495846,24368478.0,263803.6040194167,149218265.0,1368766.0632044575
3068241300067100002,51367422.0,555554.9003698708,69172050.0,1135370.5612865977,47423654.0,528108.9258768706,288936041.0,2535602.8008702723
3068241300067100003,40612613.0,439147.6277770535,128395917.0,2425545.434987364,35615367.0,383844.92075275845,279018635.0,2879086.0511704166
3068241300067100004,42217335.0,427289.8077285537,96248892.0,1426800.3671016768,37017511.0,393608.92534445744,259244405.0,2119447.9793054867
3068241300067100006,88643712.0,830053.8529092629,400311456.0,4406414.852872318,68967227.0,719739.9468455869,632839205.0,4377522.174894993
3068241300067100008,64384425.0,684162.4545205105,402383786.0,5377530.453871375,41465466.0,437825.6674023802,638369786.0,5532328.848150352
3068241300067100011,35888543.0,407971.4086802166,282161725.0,3302529.0418253234,19221137.0,200703.45122654887,391884573.0,2757032.6412376813
3068241300067100012,28853265.0,286894.25998037786,91154444.0,1223361.687309799,23807500.0,246983.70966307347,180391127.0,1425132.3623167109
3068241300067100030,21400163.0,314245.8087102274,22484587.0,276340.5389085235,19529332.0,301278.85678322887,108128458.0,748280.7663563414
3068241300067100032,26729215.0,399319.0796092984,30963532.0,395867.70920359204,24132254.0,369476.5242844961,135898211.0,957409.824268904
3068241300067200013,10321404.0,84962.01940367621,9520568.0,129979.51846172936,10407772.0,88932.42901971017,50095038.0,360322.7696106348
3068241300067200014,15717011.0,147408.1817624183,16906955.0,262276.4961257418,15556426.0,155512.47341093808,76708498.0,677777.6749046387
3068241300067200020,14632396.0,140197.13192356777,13389543.0,218666.70826126816,14491949.0,147302.76123702762,82776808.0,955589.2571524736
3068241300067200022,14186058.0,134565.33974504555,12501556.0,195614.77394278994,14118566.0,142959.4411635836,71710066.0,642870.9478705556
3068241300067200029,17611838.0,191424.1139817612,16715460.0,307764.92296118394,17713705.0,201010.2105886044,89299119.0,863367.3961211293
3068241300067200030,5124876.0,57137.83273094073,5154986.0,97277.68670257798,5138631.0,60703.01831560151,26104285.0,279029.3294953031
3068241300067200032,12584284.0,134578.04163023765,10956484.0,203637.11045322116,12512301.0,142588.54413317225,64915164.0,659232.8158195701
3068241300067200033,3117922.0,33514.02002578668,2791810.0,52619.322825249394,3101077.0,36486.74486742021,16460644.0,173715.54318662838
3068241300067200034,6132039.0,69007.98733641724,5266519.0,103627.96986989783,6133335.0,73371.71301735737,31758877.0,321610.94710247277
3068241300067200035,36151398.0,381128.81238525757,28672419.0,529082.8168903826,35961292.0,400199.358163158,186854030.0,1939126.8462649048
3068241300067200037,15981784.0,173824.4999463896,15278955.0,277253.75554455153,16037176.0,181066.14989245316,80258924.0,773963.185886654
3068241300067200038,15520359.0,177477.07318842062,14323742.0,271891.7347106999,15722610.0,184137.89843035705,78086311.0,744937.3174209264
3068241300067200053,62226127.0,668114.7359281811,62567664.0,1166128.0328414915,61728386.0,706177.2254096423,311632621.0,3258634.9234501496
3068241300067200056,12830467.0,121451.47482430769,12132241.0,203401.6439443032,12817730.0,128215.61304747105,63954744.0,553172.7719058293
3068241300067200066,78804121.0,874559.2669391326,561784403.0,7240549.604139823,52371271.0,556412.7197354502,752291082.0,5946072.7612662325
3068241300067200068,118570560.0,1418585.4328553127,929876672.0,10436674.582690733,67266146.0,718520.3827145989,1195046443.0,8775643.223594405
3068241300067200070,80929599.0,784655.8136146164,361821547.0,4505899.203400232,63292625.0,665214.1590394382,569531631.0,4275144.320510537
3068241300067200071,120735210.0,1178410.570999745,947753568.0,12474244.770187821,77823633.0,824350.3678718032,1384251876.0,9872480.454274137
3068241300067200074,20364832.0,273867.847148016,77808840.0,1583169.243133003,11539948.0,122466.6387895727,172078879.0,1745146.0721159228
3068241300067200075,152471505.0,1591454.2797187967,653794200.0,8089041.793277102,95964534.0,1017648.2997794955,1405181865.0,10050125.161942475
3068241300067200076,14429177.0,151863.66952596523,12450297.0,213164.03493556537,13221459.0,143064.26509058624,70903704.0,663001.0062020398
3068241300067200078,60858929.0,713566.0486639932,289193095.0,3308371.2304232027,36337429.0,389507.1435448606,544162474.0,4584262.979891568
3068241300067200079,139314149.0,1553738.4465332697,725310676.0,7439675.332015002,78395523.0,837841.0704069943,1262154648.0,8709769.295678508
3068241300067200082,13008047.0,132297.3577282806,41203056.0,574113.636975613,8936300.0,95210.09341066977,106194536.0,991295.0684565244
3068241300067200085,92619469.0,974879.7869924868,75972932.0,1416620.361585651,90145451.0,1060276.5911907407,423070041.0,4401937.599775171
3068241300067200087,344664537.0,3468986.1761857294,1907950125.0,16938804.626686633,185989905.0,1992808.5879205638,3378330457.0,19852440.69587875
3068241300067200091,123478171.0,1201272.9678028238,583838301.0,6834991.92100068,80104274.0,855500.6758357973,1227105987.0,9258817.961785715
3068241300067200093,231199962.0,2492584.266387558,1022604146.0,9361731.88436626,120077486.0,1284193.5609371355,2005702216.0,11293620.916798465
3068241300067200096,42476556.0,339683.6645859549,40259679.0,396087.3887302247,42077317.0,347339.4134527786,208032242.0,1104739.5893448587
3068241300067200108,96646674.0,1406394.887549501,454563587.0,4837684.902593121,51963868.0,787145.7947655298,830734334.0,5003370.65932128
3068241300067200109,6344459.0,68317.75048373875,5821705.0,97581.4787515717,6326502.0,71559.08383849516,30916724.0,282419.8877874828
3068241300067200126,33020188.0,463317.6542228261,276028161.0,3517696.119076778,16550526.0,245360.78034231125,324841157.0,2938327.671502066
3068241300067200127,53951613.0,679232.1736741924,299273362.0,2097716.655791887,32394715.0,463321.4550722076,486382423.0,3073843.33492292
3068241300067200128,119544764.0,1453502.2245455475,925012845.0,6552423.29332891,74671252.0,1077239.0053632408,1057194049.0,5719437.003905203
3068241300067300017,27217949.0,379693.2934976667,180186639.0,1839013.2065271933,13485805.0,203688.4019782539,260337940.0,1674285.587520922
3068241300068100003,70259360.0,717313.5950431728,114066570.0,1594712.365190653,54625964.0,573331.2227738193,420096287.0,3144525.358661206
3068241300068100004,28707332.0,281706.39654042857,59484282.0,740957.6464880004,20333506.0,215435.2340508105,190879434.0,1290133.050735572
3068241300068100006,35988512.0,577286.0939648441,33957628.0,603192.8622121187,31938232.0,522591.37106961384,186904296.0,1999480.7839916442
3068241300068100013,60096871.0,1179991.9377853514,97052978.0,2111338.522397869,41177672.0,617554.3581583211,404778894.0,5921014.587424658
3068241300068100014,37738863.0,535660.6308824243,55843250.0,879391.6933626881,31100915.0,468188.34719465545,243298090.0,2367991.957798967
3068241300068100016,61170348.0,773393.0946271031,136391183.0,1706546.1419374691,45874815.0,666476.708249887,387542206.0,3100874.1399031724
3068241300068100022,7033794.0,125866.718571796,16441908.0,225569.0689571304,3964208.0,58171.470666472174,46689999.0,489138.44349357486
3068241300068100026,28542663.0,331308.89572209644,103133284.0,837541.8540724578,17108086.0,235143.29960536148,221698915.0,1089004.7314716354
3068241300068100032,98856488.0,1283369.2865129854,403859998.0,3979348.358276952,52744406.0,733251.704116067,769267539.0,4838789.560655599
3068241300068100034,242993637.0,3233722.092441711,1307726436.0,11780432.45806974,104893267.0,1478142.391129742,1958403738.0,12241500.827387627
3068241300068100035,90657528.0,1187951.7673831566,497597919.0,4537858.486030369,41198474.0,574195.2372036872,743140892.0,4352774.524755427
3068241300068100040,50824586.0,628998.2592829348,114865907.0,1404805.1224029353,40869284.0,561342.133488173,333146181.0,2350011.594928721
3068241300068100041,52884316.0,701198.8048427426,220286467.0,2804664.7432239354,32976645.0,455755.0348451338,453809621.0,4053781.890195172
3068241300068100050,55417499.0,701963.6381614049,332574826.0,3855199.452353066,29498039.0,412927.7364173495,534916004.0,3407316.303223932
3068241300068100055,149801963.0,1969006.4291758584,879740609.0,6869919.751695258,75306401.0,1049042.5163708345,1402206017.0,7666609.603304294
3068241300068100058,26479211.0,366130.27811715525,88840567.0,1108119.7101464025,14779350.0,210629.78851180198,222175269.0,1726480.123487817
3068241300068100063,91322555.0,1309553.386000495,478729972.0,5172707.001377969,53869695.0,776664.3249513495,883476664.0,7058845.4923822
3068241300068100071,86459155.0,1216002.4979589838,170326619.0,2553842.061526162,58303623.0,858536.4359541524,704278836.0,6042570.769047931
3068241300068100074,152224717.0,2080771.0628855089,589005754.0,6316656.92863103,94381820.0,1304475.8057025648,1409993584.0,10743499.56862218
3068241300068100076,111463380.0,1655216.2903092843,550836704.0,6475648.217361766,58993152.0,847196.2267020437,1055640214.0,9056035.091565065
3068241300068100081,202317611.0,2380837.5338307736,709947953.0,5648380.11708032,113977185.0,1433243.248780336,1841061459.0,10043958.939371584
3068241300068100086,83074512.0,966543.9782460486,361696174.0,4038079.9246591646,45656706.0,580922.3291913527,807570234.0,5667042.089940626
3068241300068100087,135593293.0,2319351.147126038,1213881042.0,9405303.564094456,68267075.0,1197291.441407725,1625787680.0,11224701.294756342
3068241300068200002,85278352.0,920060.4767337912,143791376.0,1984949.9766882132,68317257.0,786898.3500067984,488619976.0,3591256.7448923774
3068241300068200007,3951994.0,70176.7384751132,7548532.0,337486.86922939075,3370019.0,52069.759986391575,25269162.0,433911.7190880793
3068241300068200008,106452239.0,1072831.9737880388,389282550.0,4131226.794586498,70492753.0,807116.4686134489,862394379.0,5589771.434119223
3068241300068200012,36877686.0,595643.7375173374,132561044.0,2683272.4138745326,26609062.0,410521.84254454717,311899734.0,4473772.091227207
3068241300068200019,269776615.0,3139012.75076843,1154303360.0,10307189.096476685,123244842.0,1678883.6321208454,2531157666.0,14215261.197385835
3068241300068200020,222666035.0,2676589.407005021,891835456.0,7448704.832294391,107747555.0,1470701.6253127216,2066709450.0,11693538.240694366
3068241300068200021,21972851.0,311759.13777178014,47973967.0,500361.4878451041,14027789.0,204395.13179715426,149734685.0,1249493.3577391133
3068241300068200023,219782312.0,2802480.769862061,1010795935.0,9417912.081208644,100858778.0,1430129.62036992,1750872015.0,11071726.525408002
3068241300068200024,79466333.0,946496.0833633477,318002888.0,2519089.422583639,40568555.0,544362.4906573438,727266912.0,4233539.424723135
3068241300068200025,31093087.0,387582.90098456317,126454763.0,1303944.412496727,17609817.0,244411.20178931937,239052688.0,1621670.2940799398
3068241300068200026,122386775.0,1446341.1785922875,498430610.0,4136331.002739034,58645893.0,795387.4007368522,1110942218.0,6193784.993029305
3068241300068200028,120289812.0,1392794.5055164392,452577131.0,3941558.5895568724,75152879.0,1020460.231291019,1001662554.0,5574627.888698909
3068241300068200030,180384629.0,2415718.7578814975,833231135.0,9395138.14807323,95553227.0,1320166.0094672765,1645445358.0,11289872.523040442
3068241300068200034,28565767.0,398666.4422433002,200550811.0,2992708.314514146,17030208.0,238219.67380396466,251898413.0,2486189.808579172
3068241300068200036,67242840.0,1017823.4145169317,332577809.0,4032238.620737509,35481930.0,500059.9242306299,593585177.0,5049077.403504643
3068241300068200038,73235223.0,970658.5977529907,461508142.0,3560215.937295771,33852693.0,471627.4320369676,666817328.0,3893675.411688976
3068241300068200040,11743848.0,163199.13411323528,55261349.0,851571.3353053647,7622392.0,110228.51371049217,107298591.0,1219914.3635739402
3068241300068200041,235517629.0,3028696.2328469027,1063548950.0,12080428.427159047,116397621.0,1619918.3462742034,2118427438.0,14186828.434663337
3068241300068200043,134687382.0,1836669.081226448,1184397984.0,10288813.120768338,63331000.0,890065.3906054065,1546388708.0,10671055.45683493
3068241300068200045,196571244.0,2280610.346520316,2187746932.0,14493299.210771274,83946910.0,1185560.1436790507,2461541353.0,12504911.68463915
3068241300068200048,46571284.0,595351.6154504701,192071471.0,1533616.0546823796,26570677.0,364422.14868363325,412663570.0,2611828.157016528
3068241300068200049,78521358.0,1124454.7872292653,768588408.0,7406059.666721849,35459537.0,496166.00706092705,947028782.0,7752724.783428631
3068241300068200050,155201943.0,2041007.873150131,1257150513.0,9398566.643847175,76147549.0,1055146.2219812416,1658945838.0,9459038.32266832
3068241300068200051,28660566.0,330538.2734900409,108772893.0,918184.0965163205,12139085.0,168380.16954962577,223899676.0,1172584.3914980993
3068241300068200053,189681550.0,2537742.4429860637,1185426408.0,10128684.688144289,94685051.0,1336324.4284555789,1806618024.0,11904732.081830258
3068241300068200056,149054695.0,1974850.655327653,840629344.0,7676435.795629959,83646185.0,1177719.2394848065,1410380659.0,9182497.201618295
3068241300068200061,115638976.0,1635750.2365706924,582551169.0,6444083.492164386,67426812.0,960936.216668879,1056999249.0,8176021.363184889
3068241300068200063,46083522.0,675844.4407834903,172088714.0,2059121.4564056844,25479219.0,357604.1110361515,369735593.0,2833075.574538637
3068241300068200064,44298327.0,616261.4243058255,221270864.0,1534534.1611451833,21605903.0,303939.33417301654,390642717.0,2217464.3675931185
3068241300068200066,75776852.0,1029844.0890604552,229008603.0,3128295.2655092548,53461656.0,761551.5958439794,620960961.0,5209676.224723086
3068241300068200067,226003830.0,3059131.512919861,1367273373.0,11135482.379420234,125180372.0,1776743.2913761889,2200088840.0,13422921.256375812
3068241300068200068,129717035.0,1716203.3409389383,925331410.0,7189368.437740143,65396713.0,921220.6329686673,1440022876.0,8266702.344872774
3068241300068200072,51795329.0,714654.9004526413,169044271.0,2102212.4666524576,30263201.0,476795.5014060234,454012294.0,3579074.8390974985
3068241300068200108,3707179.0,39870.44751363418,3358243.0,63157.339409721804,3609417.0,42268.59710798618,17864852.0,182816.60779992945
3068241300068200114,4153805.0,54980.12785740414,3629899.0,76689.37783068021,4074250.0,55499.82784684578,20132181.0,230601.41518002038
3068241300068200119,10569697.0,154164.22567518917,90585408.0,1131724.1203067747,5200765.0,82154.1664661,130605748.0,1080360.9086756469
3068241300068200129,6463469.0,86421.46372302648,5551672.0,136296.31750036462,6353472.0,91442.03622909257,31261109.0,407391.721893444
3068241300068200140,166130445.0,2645288.453534713,1362082627.0,11222896.92048333,106744246.0,1893676.99299663,1823291192.0,11890938.870613769
3068241300068300003,110922238.0,1430586.3658897784,377487106.0,3751685.0922285444,71060068.0,982029.7473034261,886352980.0,6118427.971840143
3068241300068300032,66587016.0,981682.0186458192,218382642.0,2507667.663510845,35435605.0,504523.55020761816,557875469.0,3922584.562467922
3068241300068300038,113721677.0,1666452.2100662335,719785295.0,6038239.646643171,67625088.0,1061644.4387551893,1279251999.0,9145591.002475703
3068241300069100003,8561161.0,98624.31061089455,6986989.0,127340.48862123695,8442416.0,103572.17661992779,39779816.0,372201.3422232511
3068241300069100037,6389376.0,84892.22056765412,5465022.0,99920.03036388879,6150515.0,87779.22962386651,28781745.0,298348.1931676307
3068241300069100039,68626070.0,917382.863506052,60149228.0,1086102.8525785848,65071540.0,918085.1890445778,315505211.0,3033764.504507853
3068241300069100045,20491976.0,270113.0412547069,15853037.0,282001.1988374443,19674503.0,272316.5399966462,97372890.0,911246.3671587722
3068241300069100047,19318216.0,251847.47641355294,14704665.0,261219.08636876376,18978719.0,267296.51284741686,91485371.0,863571.06701019
3068241300069100049,25107269.0,327251.51831150224,18588605.0,334713.1234743599,24720977.0,347041.6883334597,121340368.0,1139111.0538186878
3068241300069100054,9162789.0,106487.46335909815,7397621.0,129400.0780950671,9052099.0,114821.56697372036,41131174.0,380431.94198788295
3068241300069100057,16307429.0,221201.79352936734,14839802.0,267252.51203662396,15787968.0,227067.9817893657,73653201.0,721988.5407601197
3068241300069100064,15785141.0,164185.67561644682,12922024.0,202561.44556150402,15479257.0,173072.01708798,70376966.0,540720.301699697
3068241300069100065,3428912.0,36904.73703824017,3213012.0,47862.39727188015,3342003.0,38507.16404697829,15424597.0,114398.01715955912
3068241300069100076,24548762.0,307991.3812305415,22470420.0,353856.76214530406,23649476.0,319707.3010492332,113892747.0,986150.0400069242
3068241300069100077,7167363.0,83372.21825090298,5197515.0,79335.99966799738,7048198.0,88180.75782789997,32409407.0,256752.09460648088
3068241300069100079,4341986.0,56889.04591067378,3614870.0,46432.15867165807,4267475.0,60180.61436662734,20475025.0,131913.30855249282
3068241300069100080,19621108.0,284123.35075995076,15224187.0,281541.2022355207,19221872.0,296303.5135682274,89323141.0,882501.3404688726
3068241300069100084,26361353.0,391576.42944863654,23781432.0,455978.639468244,25933784.0,411134.51310627064,120917339.0,1240423.5896147063
3068241300069100105,13886521.0,189711.2322461341,12548749.0,177706.6603224012,13501734.0,198195.94704176282,70430585.0,513175.31506778224
3068241300069100106,24407950.0,334327.11357707344,20187764.0,281138.02680690226,23816072.0,346046.1901194102,118383870.0,851116.0833980339
3068241300069100115,28603803.0,306869.1121670061,25229977.0,337470.394055514,27962295.0,317590.0615998492,138897093.0,982620.3127083577
3068241300069100129,84846020.0,1136169.3628341132,77233596.0,1029695.1976897108,80136354.0,1149662.285919921,448858195.0,3006576.479142951
3068241300069100137,143937192.0,1731357.7707688024,147407008.0,1809942.4403869573,115108574.0,1451440.461194003,1011190988.0,7216286.560170386
3068241300069100144,19442074.0,272151.13559839583,16424580.0,306526.9954408361,18849117.0,288319.6586453818,90124565.0,901008.0784587279
3068241300069100145,8893014.0,119723.62518751321,7706597.0,104291.000392671,8702846.0,125311.84026812502,43560381.0,309526.472499421
3068241300069100155,14621927.0,161606.16866947137,14379190.0,177937.26035284615,13383740.0,144620.53049258358,83712259.0,756021.1428418973
3068241300069100159,173639614.0,2388229.864547817,296785676.0,4085761.6587841595,122456286.0,1737385.5592110406,1333337284.0,8456315.26009795
3068241300069100163,15318733.0,235277.04507769854,17358458.0,308362.57118260494,13229486.0,190100.33652012562,96914852.0,1175078.918939533
3068241300069100169,4016769.0,52147.026439945446,4385224.0,64123.272177449384,3783880.0,52894.030919610384,22209179.0,183197.71175355947
3068241300069100172,5222603.0,72250.29586555538,3994940.0,73015.37177969106,5124263.0,76232.51940067192,24780114.0,231412.14956071062
3068241300069100176,35525441.0,457731.7846147488,29505629.0,394788.50155915634,34046659.0,469583.1139425321,177548677.0,1161857.5288726338
3068241300069100178,15426172.0,198855.99587933652,12294759.0,169455.85437346913,14870664.0,207040.9950155018,74196077.0,502486.34527618333
3068241300069100179,6534827.0,92016.8209359551,5696490.0,74825.82905936705,6263432.0,89437.8157092029,31355171.0,206589.39703106837
3068241300069100180,3707713.0,50793.12252478923,3275767.0,59490.20150769176,3625207.0,54537.65621190442,16609617.0,161797.23363530196
3068241300069100182,45924955.0,588494.0592713862,38940487.0,498446.42030008166,43349406.0,599641.2941734429,223378526.0,1427963.3891618343
3068241300069100185,65662244.0,839608.836677496,55731136.0,725107.8539161471,61189413.0,840615.4810432062,314000347.0,2044330.024540631
3068241300069100186,20646753.0,284687.97331577464,16127501.0,298071.50925557443,20149795.0,298427.2993019393,94420906.0,885326.6716360425
3068241300069100193,54980050.0,762527.7474403715,57388836.0,1121453.3261643827,52981956.0,774884.6694534061,278683426.0,2798656.340356439
3068241300069100194,14226398.0,192039.22326965388,14567044.0,244173.76532979487,13795746.0,199771.4245557405,70300446.0,607973.959709261
3068241300069100197,14247233.0,192126.57930670984,11362872.0,203195.37276868633,13942943.0,202061.06463895086,67055979.0,616483.4569631136
3068241300069100199,41765991.0,567439.790807947,46175375.0,796044.3213010877,40049558.0,575475.340902151,216533010.0,1926269.5488593318
3068241300069100204,17844747.0,237661.0047938872,15479903.0,203834.0595445843,17308515.0,242560.17018006908,86610744.0,614234.3673208941
3068241300069100205,21578852.0,289237.06740861316,19362938.0,274699.6419774263,21036679.0,300569.80386284355,107238081.0,844034.8899202191
3068241300069100214,6839552.0,89993.04780111783,5603642.0,76063.6850409879,6658895.0,91429.71575023734,32859789.0,223568.40938726722
3068241300069100215,19350351.0,261591.05693632344,16317558.0,295983.5284932049,19061315.0,282016.06458732375,92507051.0,870671.5346269686
3068241300069100240,27603282.0,387205.3983954454,22350653.0,405774.20023744047,27014087.0,403373.74658152874,132302532.0,1245005.2430219348
3068241300069100271,7638301.0,80196.51738315757,6929069.0,83060.8588873611,7620407.0,84164.5673221927,36027935.0,210542.25571330404
3068241300069100272,74654215.0,1028573.5738879739,61989315.0,1105310.71283665,73586223.0,1094690.1763694012,348600576.0,3173394.3849737244
3068241300069100282,9266048.0,132267.98886065395,7282180.0,132100.46695664764,9293964.0,142108.68895599025,45454585.0,424735.13937032747
3068241300069100283,2879863.0,41372.3513820793,2854702.0,54059.4488590639,2806734.0,42997.611298500415,13556190.0,133975.86853767856
3068241300069100285,48409234.0,658799.1206096929,38556077.0,667939.1382433053,48353710.0,699775.6425664605,236131028.0,2139776.0397860934
3068241300069100287,26225804.0,348225.9800207444,21455058.0,287989.2518857615,25554385.0,363917.10837919626,117783469.0,804684.6513226351
3068241300069100293,22677150.0,300612.17518729815,22054645.0,389615.80127100926,22078139.0,315973.17149619263,105046761.0,943267.321753772
3068241300069100312,10310150.0,113682.6407544007,8451142.0,106540.52088168391,10079484.0,116538.45506181056,46935748.0,290120.01182600565
3068241300069100316,6052862.0,66892.72849911351,4987799.0,72385.35061518775,5947388.0,69764.23867028186,27690443.0,198769.65692051622
3068241300069100325,2900422.0,28834.161759509192,2446541.0,34074.50842199763,2841750.0,30460.000091463597,13297155.0,91314.48237274724
3068241300069100340,27864025.0,315690.4254192293,26975385.0,422513.83769585815,27056405.0,324899.12840942864,128896362.0,1102345.99408755
3068241300069100352,3037376.0,37382.82428261677,2440962.0,51133.2048068182,2982072.0,39864.38225463759,14259056.0,160581.98051297513
3068241300069100354,2883784.0,29695.70064626814,2415571.0,40648.5425558265,2895697.0,31445.439627304633,13785395.0,127751.68511905796
3068241300069100355,17938382.0,235659.62461291841,12966736.0,253449.19882071344,17763895.0,250207.8367278303,83279616.0,853334.7845087026
3068241300069100362,14409401.0,199178.56970557768,12608134.0,251545.6495917615,14431289.0,207585.10492908274,67371922.0,711236.2183419736
3068241300069100364,16857028.0,219580.11836635237,15665508.0,320086.56582995475,16169102.0,227550.85681952353,79118256.0,838597.146633364
3068241300069100375,25406114.0,327527.3077332323,21696837.0,526222.6633755876,24936168.0,347416.1991662244,124185827.0,1608046.319928128
3068241300069100389,3998500.0,52091.2943349867,3211582.0,61259.43538313905,3977308.0,56234.76449026854,18872745.0,198157.16068941372
3068241300069100394,14241721.0,185585.98465394194,11147042.0,217329.29493666312,13913506.0,194249.3241892281,64925942.0,671710.7760298566
3068241300069100408,21868522.0,284037.3017333443,18082522.0,355872.6740634026,21602031.0,301789.74950238346,103935986.0,1088783.5927669904
3068241300069100430,31340258.0,422783.97545969696,31289401.0,776858.4457538214,31188649.0,441664.78089307563,156133828.0,2110910.480552675
3068241300069100448,5095219.0,64944.88238977344,4086826.0,99685.81177325688,5014158.0,68473.33703765064,24913351.0,314221.1201255715
3068241300069100450,13098889.0,168298.54002644998,11353268.0,274170.54921564896,12899285.0,177918.71912985056,65851151.0,823740.3278137838
3068241300069100457,14367501.0,182189.405603835,12738540.0,305086.51283619646,14161916.0,193360.25482879922,72319558.0,912448.8688234887
3068241300069100466,8941305.0,111525.83758809727,6676245.0,159507.75864279378,8861259.0,121162.30423216481,43990512.0,543909.1191361574
3068241300069100475,6440960.0,81724.31519850368,5626063.0,132500.62325107193,6301944.0,85026.72766588884,31723979.0,391622.3892065248
3068241300069200052,17097530.0,220568.1442432992,14463970.0,257443.02851843974,16788080.0,232290.32722635986,81607002.0,759802.0860903403
3068241300069200054,7725442.0,99963.73082663407,6145366.0,109854.53202077613,7392087.0,105472.53646423119,36684197.0,343972.93550784333
3068241300069200059,22638881.0,268090.0515115106,17355765.0,314981.25928438926,22337643.0,279556.2658454136,107027551.0,1027380.3865902252
3068241300069200062,8019038.0,93350.34988018729,6033882.0,105933.80989124495,7829651.0,95015.90996536933,37310193.0,354793.95642851584
3068241300069200075,5565224.0,72319.02857971807,4684774.0,84281.51819284495,5389097.0,75768.9999219812,26094491.0,247494.77604116517
3068241300069200079,10916362.0,129304.08999354762,8082126.0,149107.6485163566,10756143.0,134483.7273158707,51581289.0,502650.9329633098
3068241300069200096,6547352.0,77640.35063646249,5129545.0,92862.22461653572,6516722.0,81370.17073335731,29673975.0,286473.9114333998
3068241300069200108,25959443.0,342413.85371983994,20082860.0,362348.99342430546,25591143.0,358282.3873818597,121378114.0,1136271.1920942438
3068241300069200121,11495645.0,135184.27189638707,9694168.0,157200.22862308263,11300270.0,143649.76536654888,52941923.0,435757.0564370628
3068241300069200147,12159925.0,101569.05230547296,10458598.0,112899.84563935133,12140053.0,105916.36688333753,57220238.0,314812.45163920237
3068241300069200148,24106621.0,252420.18535306118,19609382.0,271220.6790140228,23897019.0,260042.90484081887,111135442.0,786303.1524717374
3068241300069200170,13663472.0,162531.50287286582,11308561.0,133039.05563203213,13396849.0,169334.43846580526,64366817.0,414050.9745911172
3068241300069200181,18626845.0,267959.7697235467,14938760.0,275780.6403246549,18387462.0,282370.94375075935,84414283.0,819614.1100586171
3068241300069200182,13955958.0,204030.12224006787,10383919.0,195402.38917120657,13769476.0,213103.5885762748,64473711.0,638958.938654855
3068241300069200184,3757424.0,54051.91941169791,2753157.0,39408.137275842426,3737835.0,54766.445129886866,18397268.0,130702.56316985146
3068241300069200185,13325345.0,187905.91241854944,11280679.0,156017.20061536907,13262313.0,194753.73003955488,66712032.0,468665.6623783855
3068241300069200191,20902532.0,285834.5442627851,16468076.0,238182.52987714633,20649544.0,302558.23439425736,101725135.0,725701.4084615428
3068241300069200199,5812055.0,79413.16441242491,4432689.0,64202.756604528455,5742983.0,83276.44513309089,28356016.0,204281.84316130268
3068241300069200200,28646328.0,390594.3560308861,22050102.0,300721.2066101481,28064756.0,410143.4145313996,139401935.0,997066.1918188459
3068241300069200204,68667805.0,999806.5400154153,59952440.0,1128937.2244476003,67386911.0,1036508.3651649889,315917141.0,3226199.555103071
3068241300069200218,22523116.0,321818.58882146166,17549976.0,335638.15242640005,22291098.0,343235.9008565234,105462244.0,1057330.638179007
3068241300069200222,14659334.0,206913.7595412913,15375121.0,216906.20282408915,14217753.0,208561.41252598315,79489144.0,575515.3285512909
3068241300069200228,13839651.0,189315.52729003748,13609586.0,181397.20967324596,13407456.0,196242.07999969897,71284537.0,490126.184499584
3068241300069200230,12039589.0,172642.20474147744,10811652.0,203006.69715848786,11715963.0,179246.7551243555,56465653.0,580840.5539258579
3068241300069200233,66587078.0,949966.012929779,54209976.0,1020718.7968607345,65290122.0,991132.1221003417,311665237.0,3139209.7784484862
3068241300069200239,14240262.0,202199.94970009598,11026699.0,204772.73814734374,13972034.0,214262.0671224787,64888315.0,642984.2719827272
3068241300069200245,4884975.0,68780.73547386737,3955166.0,73505.9270549135,4820052.0,74074.75088075534,22438904.0,218136.14962834978
3068241300069200267,34073861.0,473629.4499879427,28337890.0,527608.3592280033,33591680.0,506561.6741706003,160389952.0,1594591.96775174
3068241300069200283,3449967.0,49324.25380591183,3224848.0,60399.5255428435,3438100.0,53136.969206383386,16445745.0,165299.11368794576
3068241300069200311,34605239.0,449394.73273357016,37759891.0,480760.98460728815,24744213.0,356871.53539510205,292550093.0,2461867.5612510173
3068241300069200325,102725189.0,1357357.7123268775,144886426.0,2314637.981898277,85135189.0,1201143.8455541898,723099952.0,5396967.985229902
3068241300069200374,11040401.0,138789.95783473435,8546450.0,112396.58894348325,10550654.0,146317.75113454572,52105031.0,355147.2001405958
3068241300069200421,10193464.0,138823.50293373855,11192434.0,217462.7817026467,9851557.0,144144.98389127234,52863465.0,558494.3593976733
3068241300069200440,3363656.0,46314.067982171684,2984106.0,53533.79275917094,3271934.0,48032.02465574919,16377003.0,155829.91660748527
3068241300069200446,3279969.0,45136.481519124536,2761303.0,48441.4450472397,3206240.0,47086.196612162195,15892307.0,148541.33588233893
3068241300069200459,3087977.0,42906.06333993646,2742447.0,49543.502008200274,3034691.0,43771.37735622668,15102406.0,143194.34584044656
3068241300069200463,6340110.0,85744.39536106944,6177940.0,108858.40610818379,6156121.0,89896.5166271299,31032398.0,280498.1542462781
3068241300069200468,11322273.0,155868.81844958005,9895232.0,178726.96698483324,11085505.0,162003.51607347632,55390918.0,514516.5284269842
3068241300069200480,4693897.0,64192.73130033469,3917773.0,71163.42102974022,4587731.0,68591.60681144186,22585956.0,207827.9594775622
3068241300069200486,23698651.0,265459.12310408446,18246900.0,259652.25502663708,23192316.0,280926.1164034459,108976041.0,852942.5544714171
3068241300069200498,3038222.0,42100.27331079868,2307230.0,41725.34069254974,2935818.0,43946.437316247204,14272749.0,134330.54073808526
3068241300069200503,3146923.0,40783.62976294805,2565887.0,33193.36349559662,3063995.0,41683.01862312186,14861877.0,100908.85862031693
3068241300069200514,10240015.0,140990.46537770677,7928893.0,146540.92689898703,9959890.0,149159.27608258373,47974424.0,470742.60302369675
3068241300069200521,11173752.0,152413.6497084398,9623333.0,176301.11748156627,10761222.0,159401.51548775996,54722842.0,534500.3632961811
3068241300069200527,17392661.0,176749.13415456083,13787689.0,153460.5243043397,17148727.0,185476.18701951712,80687585.0,496593.89760636236
3068241300069200536,5051550.0,64858.92349444116,4241039.0,57619.91839617454,4916929.0,69137.76628372898,23555331.0,164184.55462470083
3068241300069200546,3895009.0,50576.11225194021,3328368.0,43297.15434723873,3803312.0,54136.83897880981,18336229.0,125133.7268797161
3068241300069200580,14130504.0,197457.2033767879,12718560.0,227909.85325571502,13883790.0,208971.44420674734,67894170.0,658516.0030473156
3068241300069200585,33783632.0,448591.77869428403,29736783.0,399158.57899726415,32751403.0,461484.97215176467,171134630.0,1263282.237952502
3068241300069200591,12321567.0,171152.01460622094,9657501.0,171131.26750638324,12310116.0,184591.9433332383,58201960.0,545641.4303833635
3068241300069200599,12987255.0,179806.89331057513,11955743.0,219014.30030176986,12706841.0,191972.36618402717,62746751.0,610454.8265871411
3068241300069200600,7778534.0,111532.7848689773,5488828.0,98817.7159835792,7662219.0,114880.13459714691,37700256.0,365506.179646476
3068241300069200604,33683406.0,473947.0731881274,30874833.0,560719.9657702119,33408557.0,509151.46982690296,160125002.0,1566636.9675516936
3068241300069200613,30156401.0,425572.6308306457,23278589.0,432017.71648502594,29663513.0,443291.76240957994,147549787.0,1424314.237317523
3068241300069200618,12989865.0,180628.80205332517,11286509.0,200274.77871750572,12791800.0,193421.4624402341,62068309.0,594308.0402767132
3068241300069200622,81874761.0,1151785.0440670599,75951144.0,1392073.240354974,80126041.0,1220456.6251663626,390789401.0,3738580.416461405
3068241300069200630,3712036.0,51543.23833176859,3181375.0,57449.40184437984,3648753.0,55131.90868614761,17648157.0,171778.01654310693
3068241300069200633,12605552.0,176955.22488709303,12183440.0,224361.5908166171,12478887.0,190252.41283991936,60101716.0,587979.7764512909
3068241300069200639,8752790.0,124927.11386616292,6895322.0,127547.9705489158,8698956.0,132063.19664387073,43070864.0,421682.3687813302
3068241300069200649,8636430.0,116618.84367003592,6609096.0,93244.36527554055,8540224.0,124369.97066185079,39288877.0,288593.7513735316
3068241300069200652,22282649.0,308522.0824346116,17181634.0,235824.25867330335,22223024.0,325200.02973720495,106861758.0,753142.8306530566
3068241300069200659,6939959.0,92221.3131130174,5570061.0,73085.73016420922,6873213.0,97236.35310137135,31519410.0,219983.4145007217
3068241300069200664,54192437.0,736680.205174902,42882839.0,750221.7138668924,53819833.0,780963.0794413451,256132233.0,2314279.6229160447
3068241300069200665,3521075.0,50704.586712253426,2721020.0,48793.373037981815,3504598.0,52338.61265488402,17299120.0,169113.22099404078
3068241300069200667,2994520.0,43882.78537128965,2389179.0,44984.79030289217,2957730.0,44315.24528361742,14226111.0,137977.869987983
3068241300069200670,7274675.0,102616.05015113496,5979490.0,112432.05748143565,7231702.0,108301.34176276682,34695384.0,336457.5745537218
3068241300069200677,3935555.0,55317.80453119947,3397392.0,63532.89527757155,3834397.0,58162.148062205684,18310932.0,173624.22281815746
3068241300069200684,10711102.0,151885.08381362195,8346150.0,151643.533980476,10636078.0,162069.12190974917,50890483.0,494761.4292980725
3068241300069200685,16157688.0,177563.39891637873,14095234.0,193114.08299095923,15889784.0,182332.71206818,74924025.0,519924.11500922986
3068241300069200686,56910162.0,738718.6518587042,55059179.0,926227.3678103779,55748620.0,777241.5960401511,262321257.0,2323259.5538863754
3068241300069200689,22296577.0,319502.5966704612,21270224.0,389064.9244914243,21699428.0,334139.66438532417,103802659.0,999946.4705570192
3068241300069200690,97859169.0,1231474.3175443525,76100242.0,1246235.4582383973,97104256.0,1311077.5972132953,463020361.0,3890162.135538279
3068241300069200694,3012744.0,43185.72761389331,2527208.0,47842.198363083,2986418.0,47089.250122913894,14125820.0,133597.5553215533
3068241300069200697,26732584.0,354692.04972454783,23260890.0,411019.2545347579,26284177.0,373946.68234858214,124656108.0,1106030.46310425
3068241300069200699,27261466.0,391472.5072730445,26236029.0,481449.09940216655,26581312.0,409070.5568971671,124651825.0,1221472.0194284495
3068241300069200704,43354730.0,592294.5715455934,36360493.0,646636.33824243,42904184.0,630098.9202692835,201965985.0,1801472.3084232344
3068241300069200706,63082918.0,790729.4989719671,53940882.0,884466.632859577,62514632.0,837106.2565283189,293697192.0,2440475.093020061
3068241300069200716,27911866.0,364826.41474381246,24974466.0,325957.25401556876,27321323.0,383205.0769555286,126645217.0,849777.9587592621
3068241300069200718,20102646.0,263687.0137073401,17507022.0,234635.48582442247,19634868.0,277079.8444297347,90884484.0,610080.5884425088
3068241300069200732,21382112.0,258477.07917474807,16576344.0,205848.91116429356,21452334.0,274115.22033793066,100356333.0,644552.3339746159
3068241300069200734,4680710.0,54751.39622089328,4456313.0,57722.4236851868,4588842.0,57937.653972844026,21654440.0,138075.97246401472
3068241300069200785,12385639.0,168099.1173148628,11881082.0,246740.9940679028,12200828.0,176784.5763619031,58006581.0,619403.3423848198
3068241300069200787,15302567.0,204103.28161778703,12223954.0,240904.04522434462,15018860.0,214371.73539693208,70184573.0,717122.2199256785
3068241300069200788,7323832.0,97496.21807190428,5939251.0,117744.88344914997,7259674.0,106772.75208102576,33664726.0,350320.0658929011
3068241300069200793,7906090.0,104553.8737417592,6273263.0,117771.19517364432,7942721.0,109223.46511482925,37117167.0,381445.61371918547
3068241300069200795,24052515.0,244361.78839708876,21234475.0,338449.1815396325,24262293.0,255504.77527379262,114291777.0,994201.0117228741
3068241300069200799,9971951.0,132916.58883895367,8084832.0,159877.91929718942,9738836.0,139474.4719455866,46258804.0,485163.90276467364
3068241300069200800,3103894.0,41177.61402198809,2547246.0,49711.042704546155,3018047.0,43458.21128496974,14251483.0,151460.28032142934
3068241300069200801,8185003.0,107678.17504092431,6746280.0,133962.74481909402,7969513.0,111224.51851329807,37372657.0,380832.0273167857
3068241300069200812,3888108.0,54887.42733051663,3674821.0,72914.52148799738,3839528.0,55486.899680822426,18171829.0,193499.41458742283
3068241300069200813,7000321.0,90697.77053464742,5929163.0,117113.69231781851,6823182.0,95725.25202412221,32760005.0,346108.2070272073
3068241300069200822,5340456.0,69130.15329609139,4489808.0,110026.0483670256,5243217.0,74199.14254037409,26154073.0,340733.5807195343
3068241300069200823,23055172.0,303005.517665231,17717266.0,429775.33329283673,22731604.0,317791.08270737284,112474193.0,1433422.1700251026
3068241300069200825,3280674.0,46333.914622034055,2614255.0,64546.26272928111,3298559.0,48600.48171749912,16523303.0,218714.19626717118
3068241300069200827,132205944.0,1823061.01902166,124009465.0,3094852.9766511065,133250790.0,1914762.7419765522,654908085.0,8951004.021167329
3068241300069200829,6438851.0,89631.56945488522,5100409.0,121332.97295222586,6415031.0,91890.24423113148,31530663.0,418159.1939484055
3068241300069200831,8572253.0,118248.74787980979,7834614.0,197526.9843022366,8539665.0,121570.30955236296,41947944.0,561614.7334767944
3068241300069200835,19232152.0,253768.39466060698,16604600.0,329681.6412841071,18332567.0,258970.05431375856,89925604.0,958057.8285899768
3068241300069200841,78716436.0,1028292.5490722841,60631481.0,1184495.105492676,77186487.0,1082822.1641854222,370876761.0,3840094.160553051
3068241300069200844,4929719.0,63751.120361965484,3814893.0,75565.21400967144,4860861.0,68545.91489475817,23154156.0,239865.4586763985
3068241300069200845,49717422.0,652568.9065187386,39412800.0,967589.7107306463,48903917.0,684544.419601379,246491961.0,3159580.4480013703
3068241300069200846,22575390.0,294930.8435140374,21492401.0,432895.2278037528,22075892.0,314164.864918072,108170949.0,1159621.3662478495
3068241300069200848,28465732.0,374571.32618021773,27270284.0,533694.276901024,27933095.0,396254.2347588352,135688756.0,1463017.6116277964
3068241300069200849,11841142.0,155126.8881182521,9217004.0,181197.78173178283,11646311.0,163358.7833155669,55190495.0,565057.9433881238
3068241300069200851,14777530.0,188620.2025626541,12346507.0,239686.54165542993,14509898.0,204696.8868588996,69288982.0,721206.483284969
3068241300069200862,6111000.0,79991.85309504914,5273847.0,101435.1444313471,5935549.0,83356.04274595268,29103845.0,308960.16684353276
3068241300069200864,29353281.0,380533.9771105231,25366657.0,613060.4309916364,29088089.0,406788.4340802654,144844888.0,1887451.7485178846
3068241300069200866,21147946.0,273765.3381286671,16257466.0,321503.3081984677,20580528.0,286349.50102717837,98963369.0,1020720.8683448713
3068241300069200867,62802786.0,820764.8920656065,53393455.0,1038122.6118347382,61107895.0,856581.7475188709,301041824.0,3219995.0561834434
3068241300069200869,16237519.0,215799.7304272859,15373708.0,371894.83283250936,16068930.0,224661.94391678533,80417851.0,1067647.2690209413
3068241300069200874,10614859.0,139506.81299334916,8757484.0,213513.9474798268,10382171.0,144992.3465938975,52292530.0,667961.0864715002
3068241300069200880,8244925.0,107911.49379064208,6755588.0,165741.90620466362,8247878.0,114244.65042325627,41214303.0,536455.0347901826
3068241300069200885,15924419.0,209145.3155360364,13648529.0,338862.63070617494,15896810.0,221833.5274453706,79415518.0,1040617.2726999645
3068241300069200886,25770659.0,330969.62884379417,21469453.0,523160.74125849124,25491622.0,354305.0184279441,125916055.0,1607892.37211022
3068241300069200891,17492993.0,226449.3266382212,13717290.0,265132.33146842296,17160754.0,236798.7758255807,81346326.0,827777.0583346607
3068241300069200892,9793546.0,127633.27058236515,9263125.0,228086.53499555524,9711925.0,138966.82348404842,48497605.0,642945.4648542865
3068241300069200894,21076652.0,278313.6492707322,20337505.0,494010.52314595866,20909697.0,289928.1085400769,104311307.0,1360342.725803974
3068241300069200903,25213161.0,328791.9896111273,21451381.0,521685.5778253054,24929979.0,343594.1878910401,126441955.0,1625019.1362962879
3068241300069200907,15715023.0,202454.99896861223,13610560.0,270254.87005924433,15571433.0,216970.9263472227,75633953.0,794858.1365951214
3068241300069200915,2992165.0,37665.91501411668,2242940.0,42401.82982083916,2945127.0,40792.07098512345,14202070.0,145130.0689430694
3068241300069200922,28405677.0,384008.8178672568,28014515.0,694984.9648614323,28364955.0,401918.87910740945,141388460.0,1926299.8151524826
3068241300069200925,10764931.0,137927.5289891664,8759783.0,210085.69880868826,10690416.0,146972.5982949026,54006225.0,680197.197345729
3068241300069200934,10507731.0,137924.62813148287,10195586.0,246487.97474561,10456884.0,145073.43061338816,52483239.0,697870.6347931284
3068241300069200947,15053717.0,197198.17523647952,14126774.0,277715.030345096,14708905.0,200619.5518599447,71758092.0,742816.5663499831
3068241300069200963,14955415.0,191205.05411466453,11284050.0,268336.7652977789,14887224.0,202862.06396388295,73642996.0,914377.5453849763
3068241300069200981,18513325.0,237976.34954718396,15481478.0,375343.08463542577,18290712.0,249208.82926854352,92159936.0,1158297.9406680209
3068241300069200982,7894305.0,108151.64512145899,6780600.0,126547.20372538798,7578690.0,102845.20580225135,37256140.0,380071.67047474894
3068241300069200985,23196228.0,266583.21476633556,22619220.0,458165.3080970946,23316267.0,282071.9549947034,114433966.0,1317862.424607598
3068241300069300001,8115607.0,110511.64039394993,9452751.0,123557.3839626851,7462589.0,107183.49891203476,46422456.0,304763.0923197533
3068241300069300002,5099689.0,65590.57065905,6172386.0,75608.47088268519,4583362.0,67118.66879947591,30183226.0,187066.78766769895
3068241300069300003,5639619.0,72115.39639931466,6841919.0,83553.35803536263,4927849.0,71764.31548071907,35123726.0,224744.26247629963
3068241300070100024,31116671.0,479560.7841736768,24895432.0,454251.91842728126,29947013.0,493450.34263352596,152717120.0,1485407.1416031509
3068241300070100041,3227617.0,174273.0293726638,2888058.0,62664.602613658935,3296035.0,181606.23934344156,17135745.0,202925.23670311205
3068241300070100052,33736356.0,548695.5477819594,25915206.0,542185.0681525539,30420392.0,522135.10507346154,153707259.0,1751880.5177183254
3068241300070100054,21983764.0,302031.24323636777,17594440.0,323161.60283950047,21251542.0,314195.3676995346,105503514.0,1000609.9431355097
3068241300070100062,19265963.0,275836.18863478024,13952371.0,256051.24682398397,19183744.0,289698.3565810341,94124328.0,915427.3020025092
3068241300070100065,14457287.0,256400.50794131812,11494833.0,249345.57928250305,14112877.0,248773.14160287165,69808266.0,808312.7709418138
3068241300070100071,6181171.0,90876.29528652623,4572624.0,86105.97224153556,6178495.0,95496.07735941646,30398564.0,298173.1452021557
3068241300070100072,68371182.0,1772660.1639595274,60140982.0,1344282.164020353,67554773.0,1772696.279090264,345147940.0,4350865.985195415
3068241300070100073,11351568.0,169947.1028479502,11038648.0,201999.74860750753,10736735.0,172703.26513236313,56017477.0,547645.4241483882
3068241300070100076,3953505.0,56537.08256770675,4079000.0,74429.96585471483,3686767.0,57829.28208097315,19334854.0,183640.42458559835
3068241300070100082,27545315.0,398490.94494915963,32448172.0,574998.8531814356,25637871.0,403180.9252305457,136412606.0,1348694.473057388
3068241300070100085,4402444.0,63635.81759686893,3703376.0,89260.27893849766,4410012.0,62761.62373941323,22709879.0,248780.8157704312
3068241300070200044,34160662.0,572453.312310606,33378779.0,712548.931707482,33891842.0,595314.2662124549,174444018.0,1987592.7741822628
3068241300070200062,12120132.0,517737.05759507825,11823339.0,538065.8686909195,11429081.0,498098.9377231038,59237235.0,2279655.531299352
3068241300070200064,13664527.0,200651.24952784687,14461262.0,272817.4784744446,12742305.0,201948.97666640684,67034557.0,652010.4763017677
3068241300070200074,3843827.0,49303.19398305699,3064310.0,55718.88296701659,3862149.0,48613.45204064135,19109782.0,188923.64337316822
3068241300070200075,32311640.0,385942.0791856188,26410459.0,453653.7339520155,32166462.0,396056.3528953643,158866223.0,1459328.0936788262
3068241300070200079,3861028.0,53905.358042343614,2856881.0,55659.70691631208,3856545.0,54846.74064738064,18212971.0,187163.27905367245
3068241300071100013,121156437.0,1950689.1379410136,89345506.0,1692783.2391103548,106428783.0,1812411.9661789234,562332421.0,5757685.520655943
3068241300071100014,10617725.0,165080.53632991563,9104059.0,186053.04781316128,10201428.0,171078.52673413302,52430013.0,542475.6721814746
3068241300071100019,11121259.0,600723.8635924564,9529493.0,190096.55704672195,11001518.0,597585.8312695894,57362451.0,600524.6628251139
3068241300071100023,16543643.0,282347.64520435384,15651744.0,341465.2630798407,16530582.0,295168.8522011703,84567759.0,991914.1057852639
3068241300071100036,11033890.0,178062.2447723397,8712191.0,181813.24613830427,10851266.0,182293.1215816219,53839461.0,611698.769618968
3068241300071100048,4074134.0,68475.80566146664,3222837.0,69606.03701851994,4033484.0,69009.36917607057,20071775.0,230006.20951127663
3068241300071100054,8821091.0,146379.80365614302,7183901.0,154232.3747111646,8730438.0,154005.34180585155,43381602.0,489823.56947914674
3068241300071100058,12258447.0,201363.13343741544,9377098.0,198947.41216959944,12200616.0,212005.49075004866,59780804.0,659105.5180589213
3068241300071100059,6954018.0,117427.3007869042,5753700.0,123381.75035084989,6953269.0,121401.49171838848,34414044.0,388928.282535265
3068241300071100065,5692829.0,333069.5763446819,5337476.0,329437.81562874303,5490210.0,325254.3298250698,27932583.0,1535866.443315545
3068241300071100074,18020419.0,290687.3098089832,16220047.0,316893.7045659409,18020294.0,294461.78350771306,91177834.0,896292.1735492094
3068241300071100086,6367939.0,257051.69995917752,5408364.0,111919.02311130089,6401991.0,258794.74737652845,33950370.0,351861.634854008
3068241300071100106,175682783.0,2618618.417251342,771808763.0,9479191.575612158,104960144.0,1552806.118818892,1597214713.0,12451312.882267887
3068241300071200041,66985151.0,1115672.276277769,56020986.0,1185042.981990815,66190654.0,1142398.009837979,327832118.0,3646613.3799275253
3068241300071200042,22433636.0,367705.81961077056,17723760.0,376395.66410029045,22356308.0,390422.24571160786,109037578.0,1190390.2298849046
3068241300071200053,5592574.0,87503.12688048139,4889377.0,95965.2141456825,5533611.0,89471.19985891723,27706689.0,269190.22182055254
3068241300071200066,49975307.0,711984.1761487968,59282853.0,1033493.1048326208,45555947.0,710826.6385671638,245117393.0,2365604.375702035
3068241300071200068,4706230.0,66631.31369123199,5740687.0,94305.21093809174,4142105.0,64482.49708628071,22920828.0,214669.0293621445
3068241300071200095,7413726.0,106682.65903018402,25055304.0,485578.90416661697,4498878.0,64747.001962274095,58834138.0,585693.4935125129
3068241300072100061,18507822.0,196779.26936659197,16434537.0,325977.1794322495,17807372.0,200934.0073198994,87654999.0,845700.9379998823
3068241300072100066,3461352.0,36550.52673453548,3047502.0,60715.08370009471,3337137.0,37862.53769975898,16593684.0,163786.64288488092
3068241300072100068,8920181.0,95076.45834351724,7157477.0,143544.02098566768,8649842.0,100399.8188937431,43434568.0,437268.3447109861
3068241300072100069,22281773.0,333939.3200426625,18864797.0,384020.7717748533,21734746.0,337455.9407434528,108917664.0,1098993.8097684316
3068241300072100071,10048482.0,107967.85714194065,9881500.0,195248.3973563994,9694090.0,111131.00135620969,47018565.0,479140.4152525622
3068241300072100078,6248846.0,67435.29039594744,5563583.0,111087.03963058942,5996052.0,66896.81625062625,29304484.0,282046.38348251744
3068241300072100080,5323095.0,55597.56955697162,4485873.0,86870.69444405178,5113598.0,58768.30868387333,25122451.0,241768.24239577964
3068241300072100085,13667523.0,219739.0142842255,11459552.0,227309.6427210342,13327989.0,220371.48681733693,66657687.0,667624.722839956
3068241300072100086,27293798.0,454228.8218801988,28613529.0,569974.1694175173,26234387.0,455762.89947880205,131117391.0,1312627.630391426
3068241300072100103,3125530.0,32950.22345527856,2512470.0,49116.94269629856,3046947.0,34494.56281887191,15239756.0,157320.61711680086
3068241300072100115,3325053.0,125430.32886771273,3371637.0,68451.435126796,3239760.0,123956.28182411857,15480887.0,160481.1059960606
3068241300072200058,45586105.0,489795.64953397436,42100334.0,845138.0255808352,43090885.0,494462.96981814125,219064922.0,2485386.719071207
3068241300072200069,21318858.0,322365.6316199514,18508597.0,365893.3388876312,20519268.0,326168.81282516907,102473109.0,991252.4053992338
3068241300072200075,30789460.0,687914.7995157863,30657768.0,601234.3913350409,29513972.0,680446.8254917627,148561591.0,1440557.2398990009
3068241300072200076,9497255.0,97800.65503880991,8110770.0,153505.7690023768,9124059.0,102993.92013912948,44740535.0,446300.5071124819
3068241300072200079,19121293.0,299122.0939654593,17188919.0,339899.3649033363,18441687.0,303403.52524590754,91128130.0,887973.7094538157
3068241300072200080,30293072.0,459874.25752429996,26032608.0,532462.9005028569,29514798.0,462843.50149942556,148421381.0,1521891.9617076246
3068241300072200084,3436738.0,37213.6780171148,2843810.0,55074.3886026228,3331850.0,38288.44827121236,16701843.0,171878.77432243718
3068241300072200124,10975043.0,365583.585253234,10927010.0,225595.90161114596,10744502.0,357364.0472163395,51877381.0,546080.5880278625
3068241300072200141,4602637.0,259503.9195058377,4397379.0,209121.74546367532,4508449.0,254094.4638424117,21730311.0,830785.6842392073
3068241300072200144,158190173.0,3067173.1063333894,154530453.0,3767355.178770539,153851272.0,3136818.383261894,753042503.0,11634393.311015908
3068241300072200160,3153526.0,46347.25401006806,3369591.0,66233.02658878168,3049875.0,47470.63116402242,14439221.0,153155.59558217946
3068241300073100048,22862708.0,331233.03369005024,18567003.0,260336.71046263777,22428859.0,353520.94009101996,113686624.0,812009.8521468873
3068241300073100051,29263490.0,432229.00129983673,25388647.0,349198.46365882584,28870340.0,455864.747155722,149163651.0,1043597.3466047696
3068241300073100053,34200765.0,432565.10636206286,29510774.0,483661.2929285186,33348295.0,455136.252140046,173612131.0,1463269.7457027913
3068241300073100054,3551029.0,51294.10112656936,3194829.0,44015.723502142784,3439363.0,54478.05786402502,17475201.0,131900.77165607002
3068241300073100057,90555545.0,1187356.305839731,97750894.0,1616286.9894595952,88670378.0,1231774.1863457535,494146448.0,4409855.745484443
3068241300073100058,26961648.0,341689.42871238047,25602010.0,413021.38101335074,26185356.0,357707.0140679785,135225667.0,1151676.3866941757
3068241300073100059,25852517.0,324558.96029529447,22524561.0,365577.40530259936,25134167.0,338493.45396565803,130057013.0,1095450.4958087883
3068241300073100064,90783555.0,1313515.9073498556,78715234.0,1075820.8858382585,88488561.0,1381830.9203856115,463709341.0,3250090.0160521436
3068241300073100065,19039678.0,277368.2597518745,17050037.0,230363.42028360965,18600561.0,288418.0858402365,94803806.0,669440.141364563
3068241300073100068,9374620.0,116335.49059494172,7145457.0,116143.71287076193,9162529.0,123972.89968160228,46633748.0,387074.3416196274
3068241300073100070,51086232.0,637179.9846581417,43223997.0,703019.5416165139,49253015.0,666814.9912550396,251891753.0,2105828.267454766
3068241300073100075,31096860.0,397579.07414384093,32247509.0,525103.6981602575,30027557.0,410251.2461685841,158822458.0,1373983.5009031878
3068241300073100079,3579152.0,52789.34551150578,3558612.0,47791.73194335395,3501601.0,55979.47372492564,18436073.0,132896.6285233724
3068241300073100081,4497243.0,66868.40820141767,4307580.0,57068.52373709277,4344559.0,70233.1657733694,21540697.0,159775.31721995265
3068241300073100085,30194399.0,337235.53307204356,31044621.0,412630.78547789087,29705393.0,344512.6867640061,156063223.0,1178323.390162947
3068241300073100087,39375696.0,499464.68863935885,43114043.0,695487.9203695038,38009847.0,513692.69633139664,201680986.0,1691151.0142370947
3068241300073100089,23454599.0,288036.3555376673,20035880.0,323351.47430984204,22668558.0,302101.41540416307,117689373.0,958863.882013754
3068241300073100091,48543764.0,692421.9944082312,41251593.0,548345.8764107882,47348467.0,735034.6584572474,243179119.0,1653525.716757756
3068241300073100094,28877818.0,415533.0257147423,28470736.0,391612.45931137254,27943624.0,431428.2835059274,150766961.0,1062011.5414184842
3068241300073100101,41299708.0,514376.0268237364,44265834.0,711400.3982786216,39647010.0,531465.1162303891,208330508.0,1743579.7969438583
3068241300073100102,25413207.0,367907.4037010801,25804128.0,354496.1957071184,24332578.0,376983.97295298305,129000481.0,931504.3142253791
3068241300073100108,61582059.0,865982.2642048262,56871598.0,757696.7704620977,59366433.0,904702.8818414295,310082448.0,2068948.7024770665
3068241300073100116,44541251.0,615634.5911960832,43236861.0,561898.8995840822,43263177.0,646889.0905297154,207069422.0,1478948.3422345258
3068241300073100118,41132089.0,498714.0593581738,32588165.0,518905.0748676821,39256961.0,519427.2938560413,203800118.0,1626119.9673155583
3068241300073100124,16120577.0,232460.54573131335,12812795.0,171953.3074336612,15540141.0,241438.00167599454,75946627.0,522554.7807620107
3068241300073100136,4800599.0,68149.49868425555,4139642.0,54120.34268475788,4575689.0,68129.08010336364,23575836.0,158592.7186119565
3068241300073100139,17571896.0,210210.94300776484,15110259.0,237444.30450274464,16573268.0,216891.92235222817,89190713.0,702080.1045324656
3068241300073100146,23028131.0,295028.0869874833,20977083.0,344052.5547091779,22571304.0,305561.44525026245,117046087.0,1023368.9918177405
3068241300073100158,16746727.0,238451.15582488175,15020444.0,202560.4336266089,16148886.0,253811.073017621,78309741.0,559915.7984980679
3068241300073100159,38657751.0,549948.182321578,37478113.0,506860.13451079186,37293678.0,571130.6109349165,190351377.0,1308993.9279728937
3068241300073100169,30130881.0,368656.6951576592,30207606.0,473761.1367763339,28112487.0,368342.80350932013,152474961.0,1206531.567850412
3068241300073100170,14707692.0,208668.07468209913,12188817.0,159920.50286809733,14102424.0,211026.07313146262,71368093.0,488906.70171679324
3068241300073100171,21734916.0,266532.87341168517,21657920.0,351054.15424248273,20433566.0,270246.9174568633,110093244.0,873955.3682674054
3068241300073100176,98395803.0,1266359.5008303341,71237921.0,1159952.2806495482,90143059.0,1223430.8294934586,460693581.0,3948940.1938156625
3068241300073100180,17186076.0,243670.45374066255,14753176.0,199416.81964376316,16619303.0,255399.31331514881,83048061.0,578673.0959458548
3068241300073100187,39574875.0,564710.8360382228,32980822.0,442074.0136932779,38073802.0,587425.5685348171,189523894.0,1322509.0676629012
3068241300073100188,34569007.0,420868.0222768201,29089450.0,457192.8111935877,32871519.0,435957.1743790035,171985366.0,1381276.1299357202
3068241300073100195,12087250.0,146549.60893501499,10031784.0,157131.6388260976,11544903.0,152469.95248495784,59848698.0,465204.1293343686
3068241300073100201,28428349.0,343371.85069900606,24266377.0,387038.12117027794,27117925.0,359169.9553734537,141003386.0,1111849.395613111
3068241300073100204,36734246.0,525810.7326987932,30299425.0,411634.4135470575,35201483.0,552967.9390844394,172387840.0,1231083.5310608346
3068241300073100211,15302698.0,186372.37592908202,13392857.0,215910.11248940116,14768191.0,196210.65379830138,77382829.0,618522.4386711407
3068241300073100224,60202281.0,753119.5408663955,50495504.0,795456.4986828023,57380021.0,772284.1831534805,310278490.0,2570304.6227106485
3068241300073100225,50704508.0,656159.2287468355,43867364.0,718622.0770058974,49554227.0,682337.2731553027,262304657.0,2283588.0048858747
3068241300073100231,19853024.0,248604.79417807772,15969354.0,252983.95235745603,19099375.0,260295.06977455036,100196451.0,818639.5027243898
3068241300073100239,22296905.0,325162.6677020984,18481239.0,255738.01702312002,21864802.0,342638.29747487383,104939645.0,746559.6682626515
3068241300073100242,27127387.0,340928.778906646,22231735.0,355294.38735612336,26184646.0,355514.247086842,137436273.0,1127592.78568473
3068241300073100244,33467388.0,415222.212317067,27515163.0,444192.58803221164,32666459.0,445449.4738557641,163979832.0,1342815.2353843444
3068241300073100248,24463539.0,331568.70967028075,21768689.0,281201.46143034607,24070501.0,347551.41811351496,113650303.0,790904.818830888
3068241300073100249,25613803.0,382742.64146680926,23059486.0,319385.4149886258,24925620.0,405060.5866565149,115134942.0,872717.3410720145
3068241300073100253,45142272.0,662414.84681732,36693914.0,505315.0253095994,44161564.0,699098.0639279655,208492074.0,1463416.6267624728
3068241300073100261,22671136.0,270000.18938529026,19863340.0,281831.07687760587,22404529.0,277274.5394948462,115202148.0,900996.7406460658
3068241300073100267,18787123.0,227388.827369416,17269209.0,201273.9196165996,18496382.0,236197.23242577177,88626781.0,525255.2438629649
3068241300073100268,90354466.0,1282901.9099949093,88601650.0,1158625.0315052527,87706461.0,1326661.6807351143,431041234.0,3251513.14588921
3068241300073100271,54813578.0,635450.1967702071,46884169.0,683494.610332486,52594211.0,659684.8567491543,271518855.0,2048567.8785077236
3068241300073100274,17168702.0,235208.06733933932,14798791.0,191796.835185364,17015731.0,253740.97631488554,79337783.0,508937.96711127606
3068241300073100276,3341221.0,45982.9163132213,2803358.0,36780.19100022986,3285594.0,49802.01994787493,15285197.0,98822.61507353753
3068241300073100277,113829780.0,1350097.2927735643,108268629.0,1229357.1156775123,110219781.0,1416490.1566484491,546686578.0,3416671.2417917047
3068241300073100280,39843550.0,434341.7168441053,37345380.0,394516.9654591357,38737255.0,451148.3249741349,189910573.0,1085260.8898308785
3068241300073100281,56872125.0,654715.2115480927,49538656.0,743334.3298047808,55685387.0,672713.8636134316,275415204.0,2120364.9510407033
3068241300073100282,57428352.0,594722.4146056451,47911734.0,647826.1667517686,55449756.0,612683.521302041,270449856.0,1847988.5067243427
3068241300073100292,20240017.0,257320.28513247028,16354540.0,271215.73773312086,19528234.0,265548.09738930245,95988026.0,828002.573105393
3068241300073100295,40598496.0,475276.45687941054,37047759.0,468083.43871373706,40332153.0,490865.63407039025,199188794.0,1349855.9729517926
3068241300073100296,13643899.0,205501.02799260037,12454758.0,239010.7125913582,13369124.0,208859.22139098877,66336391.0,690855.162512202
3068241300073100300,5269887.0,78937.22957677432,4867542.0,95078.97380515924,5095450.0,80450.66569589857,25397873.0,260743.06115846898
3068241300073100301,43836165.0,621140.085896487,35271877.0,679402.1758951503,41897416.0,642228.582622231,208900904.0,2077417.155667801
3068241300073100303,5777610.0,83133.25002874942,4638503.0,89208.95270913532,5604316.0,84046.28354005303,28168153.0,293196.9936881514
3068241300073100306,66816035.0,936099.5186380198,57129295.0,1091720.3450279657,63863459.0,969900.7015123402,323414769.0,3253551.726769806
3068241300073100308,36287782.0,457595.40786533646,33765404.0,454285.99228347733,35885545.0,482587.1613144117,178990699.0,1294744.8675182275
3068241300073100316,33175234.0,463505.9996077054,25499367.0,487735.4437856566,31329393.0,475603.4998415604,157523943.0,1565242.1431937783
3068241300073100317,26858112.0,377638.95960125816,22322675.0,422947.4210891411,25872961.0,391580.84262208757,133100728.0,1324178.8580992399
3068241300073100318,19801307.0,278120.7599410195,17168644.0,248320.35814405567,19362755.0,294444.84090494824,100341157.0,783571.8892413124
3068241300073100324,15657002.0,218127.84241707303,14478463.0,223435.54131268716,15263496.0,236358.11903376857,78151179.0,611640.3437556383
3068241300073100326,18475168.0,235357.59105150306,16709302.0,268210.0737009406,18306688.0,241705.00670650648,92097404.0,820993.3669546827
3068241300073100330,3789364.0,54677.842080039736,3899846.0,59983.847638899024,3686751.0,57497.16748598681,18697374.0,154523.09961791383
3068241300073100342,22646737.0,316738.28643997386,22387408.0,345999.3604055686,22054361.0,336443.3928789098,111259250.0,888494.9841951239
3068241300073100344,41866835.0,608095.970736644,43463561.0,833753.2561024294,40959248.0,627955.8343838062,215638785.0,2224142.069018225
3068241300073100348,24511384.0,336636.0664434537,21781305.0,314995.94078421616,23905150.0,358165.59142268664,124140871.0,925312.7216281613
3068241300073100351,12691071.0,177270.25641845606,10900103.0,204437.3620314264,12077601.0,180475.9519344119,63292250.0,609249.82732038
3068241300073100352,27806516.0,383719.5117512095,23365760.0,333947.8234563949,27349789.0,403920.20633147017,140153698.0,1014920.638592454
3068241300073100353,3412569.0,48753.26827282854,2977382.0,56532.160244300794,3232219.0,48972.106187858495,16994566.0,165470.15486243245
3068241300073100357,20016558.0,280706.4925903812,21436693.0,312147.6465481515,19509108.0,290931.0023122379,102712785.0,778907.6863197412
3068241300073100372,36161596.0,495959.9503186903,32080504.0,465565.962127488,35551738.0,523755.18828856,183855450.0,1310025.9403175793
3068241300073100374,23581529.0,326793.2702427088,24839504.0,353427.6497984014,22860417.0,339038.0263277988,119953609.0,879425.4513289685
3068241300073100375,62470915.0,841871.2088595462,51792405.0,953816.2181716528,59560402.0,877391.0437741344,311650419.0,2877855.8608911363
3068241300073100376,85712038.0,1153490.7156830167,72628531.0,1395197.7957028532,80964072.0,1193506.0093546286,422912950.0,4003600.5882817237
3068241300073100380,26960675.0,366590.6937116446,22312712.0,327353.0599802602,25814043.0,382159.72402332275,131066816.0,944849.2339496887
3068241300073100381,20528680.0,280132.8384173408,17346314.0,252158.8421504104,20032631.0,293390.8630663104,102492215.0,726738.5839944424
3068241300073100382,31413103.0,427653.19713765,30133441.0,423022.2562082595,30483863.0,442712.3877972432,159384864.0,1135990.8910233877
3068241300073100385,23136229.0,312773.11880606826,22194668.0,409543.5653483254,22080000.0,322799.16444110224,117946154.0,1101117.997041608
3068241300073100395,5238907.0,72732.09057801684,5445815.0,79274.06687193135,5087843.0,75268.43595486059,26210256.0,201581.008023535
3068241300073100396,18354586.0,252404.68967533807,19841022.0,364550.1486082574,17510533.0,260440.29644472455,93370689.0,889374.7856792593
3068241300073100397,17853276.0,247358.41885081297,19206315.0,277105.76632433507,17149012.0,254585.24057093795,89061703.0,665047.0970651777
3068241300073100400,51417768.0,700077.4451659133,45632001.0,647924.7182658111,49819385.0,739452.4688921035,249174888.0,1832447.2421039673
3068241300073100403,27725674.0,309908.6651460077,27086972.0,380022.2065327119,27337504.0,326806.1536319463,138884357.0,1090270.0731761626
3068241300073100404,36889077.0,501280.2799839655,29350259.0,426328.8875916704,35650446.0,526495.8305671392,177753542.0,1290808.47889487
3068241300073100406,26291049.0,274800.3046938843,25602694.0,323480.29911771946,25800661.0,283609.9039941551,129000708.0,886847.9045420052
3068241300073100407,30334395.0,419688.6312036027,28165554.0,407162.29493053246,29526470.0,444907.0690806574,142462701.0,1094564.289223859
3068241300073100408,53028414.0,702659.9554529723,47954174.0,670777.4975266242,50972232.0,733856.6025320269,263429271.0,1834389.121125555
3068241300073100409,46063054.0,621998.4232329626,45235042.0,635155.1533429831,44520697.0,648895.291456001,232692145.0,1634440.5310889438
3068241300073100410,9654841.0,135513.32480214728,9542146.0,179398.3281770339,9369075.0,140092.45865268196,49660171.0,494805.6193790895
3068241300073100411,23723961.0,316445.9249288406,23000710.0,421737.9983876229,22563948.0,327183.7461600829,120672753.0,1102061.8663863167
3068241300073100413,31759421.0,425492.4520988551,30715098.0,434003.93675898225,30902119.0,446522.09080312244,148037735.0,1115448.4065429722
3068241300073100416,16601389.0,221938.13052270276,14002905.0,256457.4264884571,15716690.0,229134.56349348582,82310274.0,734927.3202913196
3068241300073100421,24612646.0,336408.76867477334,23782842.0,443769.9768446225,23310552.0,343584.22470038803,122017414.0,1157778.3464395264
3068241300073100428,23358328.0,324731.6942521918,22160992.0,320654.1742944908,22633910.0,340494.5270224323,108002320.0,825171.9283196422
3068241300073100429,41185863.0,547346.2210997979,40385145.0,748528.2041322879,39052827.0,559857.9600444438,210073070.0,1892397.8840443133
3068241300073100433,49464135.0,668787.237749879,49844378.0,694873.2913096815,46313929.0,671358.9878820624,244871446.0,1760836.6502990893
3068241300073100437,20411241.0,279051.2459348752,18523841.0,264508.5452675421,19846373.0,295804.5145158942,95430109.0,721543.8167638213
3068241300073100439,17962834.0,238093.80449656505,14885664.0,267932.3167293254,16918167.0,244367.52929453802,89616972.0,788850.0081872431
3068241300073100442,58071886.0,799909.9266346082,56795017.0,797515.4700856123,54612176.0,796441.8941049447,292566935.0,2192408.50846695
3068241300073100443,44183518.0,589315.4166827232,36608620.0,508909.7375239748,42146773.0,608687.3185163732,215917732.0,1500406.8869793783
3068241300073100448,26632051.0,353180.4278363005,22351674.0,403157.46772426215,24990318.0,357711.11896896263,133333615.0,1186230.6744119774
3068241300073100449,22999020.0,249380.9650651822,21208684.0,289246.55920997943,22471258.0,260106.4761031627,113137883.0,851432.8269430712
3068241300073100451,24056409.0,318199.2277045006,22394033.0,310993.2262260051,22917878.0,331692.2410705697,119204746.0,821110.6028945956
3068241300073100455,16586778.0,225072.42330083932,16372336.0,232426.12428004318,15525049.0,225137.27389932086,82052050.0,601620.8324818762
3068241300073100460,19199488.0,259189.01885793192,18555573.0,259502.8646413825,18151984.0,265224.1283255888,94321697.0,662596.5139783011
3068241300073100464,14694572.0,154558.59685573302,13262647.0,169510.6280038507,14363653.0,160009.17924818277,71859528.0,516475.6920202003
3068241300073100465,25903008.0,350870.0319273747,22782983.0,324852.781942908,24928558.0,373411.35732996714,120907502.0,911967.3745176464
3068241300073100470,36542252.0,484086.73622055736,32423233.0,595016.124807732,34555986.0,499194.649291597,186258332.0,1684036.7333773498
3068241300073100476,16955699.0,227755.23822542146,14027586.0,200725.1484600889,16418932.0,237141.7472657807,82461820.0,589068.9946043154
3068241300073100477,33528265.0,400970.9751704075,27870134.0,349547.95139605575,32124661.0,417902.8657834825,155927375.0,1064251.4860551434
3068241300073100479,28557141.0,390638.43574001524,24616395.0,459364.1012199274,27106018.0,398720.8829716128,145622962.0,1358481.0694442694
3068241300073100490,25319849.0,341089.409220625,24037431.0,338483.0728777433,24322471.0,352872.63554011466,126284150.0,908745.2829202145
3068241300073100493,8638680.0,111161.28524306741,6758900.0,112655.58329759033,8321389.0,113086.82531022602,42844510.0,378890.13056529476
3068241300073200041,29990985.0,356020.3018984605,28341153.0,408551.5420100376,29792700.0,367658.1629964593,149906424.0,1218192.896625773
3068241300073200042,11885999.0,175864.86492848195,10805347.0,150117.4047061435,11632457.0,184027.071513472,59493594.0,423686.49960681103
3068241300073200044,23007971.0,343026.2152291065,22688535.0,320915.02516451996,22474188.0,357825.01738204516,116299358.0,838861.5366628754
3068241300073200045,3172217.0,40281.88010087439,3158040.0,37884.77030866462,3149603.0,42331.681454985744,15582838.0,102409.21124347256
3068241300073200047,58039034.0,855566.8368002102,56803561.0,792232.9152048738,56036037.0,903802.3139127928,284229033.0,2107028.368236284
3068241300073200048,16217954.0,203016.59996586302,12328554.0,200905.0884199715,15960330.0,218033.57005013747,81030980.0,699642.284962996
3068241300073200049,9670860.0,122268.75540107032,9957130.0,123300.72273166862,9564832.0,131354.00859679084,47434605.0,318548.4725708087
3068241300073200058,27724158.0,405541.1482677476,24896401.0,341994.9356518113,27240021.0,425837.23404875875,141340237.0,994750.5787289586
3068241300073200069,45850817.0,664997.2553486214,43133046.0,590628.1242599899,44324023.0,700469.3817036971,222239542.0,1604624.973377776
3068241300073200070,33841332.0,496218.1233691687,31981715.0,436849.11770924565,32690459.0,520972.49776685494,162751621.0,1235361.4338056713
3068241300073200072,23497408.0,340870.99248041364,20517148.0,285447.5518928204,23066221.0,358375.21756289364,120159178.0,831893.1167724493
3068241300073200075,59061247.0,850565.1901960821,52625178.0,728015.2434439893,57802214.0,897979.9940270124,302076343.0,2078458.7031741235
3068241300073200076,54075678.0,667887.2501880478,47518732.0,764074.2975840571,52494740.0,699787.6212230434,275224233.0,2245932.03310185
3068241300073200082,38961795.0,560470.533228964,35496003.0,491988.8993880082,37569438.0,592291.021835307,187766094.0,1330654.1038559268
3068241300073200086,36641926.0,514440.87955495785,37067909.0,511945.74360189785,35595030.0,547420.5786337957,176432751.0,1383280.6230955045
3068241300073200088,25935784.0,379728.2779653975,24355275.0,336101.5347250634,25194854.0,397278.9913364747,123824966.0,899058.0107934863
3068241300073200090,35767929.0,507989.27944536705,28684068.0,389965.0901284507,34543245.0,536018.075767712,175842068.0,1196107.1833888006
3068241300073200092,35728689.0,438194.4865386502,28292745.0,452819.3407662479,34012366.0,453652.77453370363,175604748.0,1417925.596034798
3068241300073200093,14788402.0,189898.08345959947,14966575.0,244198.23190460462,14519897.0,194989.89719087112,77114590.0,669608.099943148
3068241300073200100,10930075.0,133999.27600606985,9003591.0,144502.02297883813,10432703.0,138365.06425468976,54481551.0,427814.894135484
3068241300073200105,55617708.0,788728.3214752098,44683364.0,617890.1817140051,53868383.0,836900.5631869892,268039714.0,1837419.6171318903
3068241300073200106,48006251.0,614753.9149607652,46909234.0,765102.3637793818,46893589.0,640316.9350074916,244482991.0,2133116.56491312
3068241300073200108,68679922.0,990625.8751597793,64458450.0,880814.7181625951,67305542.0,1070352.9266477698,327305849.0,2371591.0345935975
3068241300073200110,16150760.0,202963.14000735187,16591825.0,269380.83002619765,15637822.0,212173.30134437451,83024112.0,713568.0260812707
3068241300073200111,20477641.0,294137.59044125886,19972078.0,274191.1448918001,19914105.0,304869.41505213914,104448739.0,706223.2787215549
3068241300073200112,49124777.0,595218.8257013819,45007486.0,705549.9211180946,47134251.0,618700.1748373064,247312542.0,1939129.5995907856
3068241300073200117,23601858.0,287056.66603967134,22809406.0,359804.82446681964,22599988.0,299465.0820914094,120372814.0,966226.6525205922
3068241300073200122,28490783.0,401435.731916505,23250437.0,311529.0216837384,27426043.0,422118.3619011972,139689199.0,961831.0875350677
3068241300073200124,23727778.0,294105.9307404324,23645444.0,377730.61803386535,22459732.0,299100.5766754185,116007616.0,940295.9629777638
3068241300073200125,18211690.0,263936.53506176465,18449427.0,250352.12681694207,17557089.0,273930.6658647787,90327260.0,643620.5109132731
3068241300073200127,48939889.0,585383.8659601661,48514945.0,757799.0036208408,46454751.0,605258.5556213623,253840416.0,1953428.7158999527
3068241300073200129,18427823.0,212440.71510950045,17681949.0,205034.1849713011,17944512.0,225393.07546752528,86972635.0,570433.9073271651
3068241300073200130,35377182.0,421306.3014287838,29445118.0,460345.6183202593,33498492.0,436070.0186639582,176894451.0,1372706.9861369194
3068241300073200131,45446792.0,554948.1138443148,37888347.0,599385.3409342864,42975138.0,564573.8893712988,231672279.0,1852980.7645196894
3068241300073200133,32615656.0,459119.9323313835,26906613.0,360295.9867613887,31183327.0,473990.98787760665,157899078.0,1055271.410917847
3068241300073200134,16490392.0,204823.35134404217,16297240.0,263521.0819796055,15686416.0,208763.33444103142,83102654.0,691116.6439998797
3068241300073200136,26669197.0,282229.4454309545,24867207.0,280127.391053207,26031605.0,292312.37473420985,127529358.0,769898.5269460193
3068241300073200141,20648140.0,255814.57899029445,19819019.0,317526.94981107005,19601964.0,261606.42618572694,104183131.0,842556.4554155164
3068241300073200142,21942488.0,310454.04662965983,17579754.0,232486.31231284674,21124262.0,321032.7478086405,104823783.0,707813.4998101103
3068241300073200145,21712335.0,313859.4304551407,20732202.0,282673.3682484886,20964686.0,324563.70298438985,106745294.0,739532.3291393926
3068241300073200149,6455338.0,91321.2677697042,6326000.0,84859.48469547002,6172899.0,93373.82083903314,32034235.0,209321.37656731292
3068241300073200152,17357429.0,210520.39091419385,17462518.0,276548.2274461468,16325417.0,215014.06479924044,87202728.0,687687.2952787756
3068241300073200157,16193059.0,194574.88126670418,15387301.0,241182.25387696727,15267977.0,200990.07712349045,82728053.0,646102.5507576871
3068241300073200158,3135624.0,44177.70558770237,3143810.0,42020.73434114332,3006985.0,44916.38597397469,15340227.0,102429.95626761556
3068241300073200160,50233613.0,604826.0787701039,44746775.0,704997.2203813342,47728457.0,628550.8556098242,254694789.0,1996691.3171483052
3068241300073200163,33433490.0,470499.3174008149,29946917.0,398901.61161438236,31978398.0,489823.1413986423,164898657.0,1115279.9726100715
3068241300073200165,9876687.0,119842.56565646436,8231319.0,132165.9373870857,9381552.0,125988.26728916474,49350920.0,394521.24857362284
3068241300073200176,26962637.0,385994.6771381302,24044970.0,321389.5629392382,26012233.0,400725.54550361494,132000592.0,915440.5298499205
3068241300073200177,10542852.0,131624.6634019392,8088184.0,131884.37186726672,10108290.0,136128.8629657964,52709147.0,443493.6937168005
3068241300073200179,94033913.0,1145330.2019810139,92313897.0,1443413.723072042,88909690.0,1167625.1731452853,519321237.0,4244412.830659394
3068241300073200181,28946061.0,350141.1322636846,25228671.0,397150.1966293031,27687573.0,366448.5466272561,146088867.0,1165076.354850883
3068241300073200196,24910878.0,313662.6498531772,20427180.0,328534.1242653186,23894073.0,320942.89307091257,125094899.0,1046116.1069963856
3068241300073200197,32521176.0,461450.4794635255,27426859.0,365394.7186172239,31408719.0,485722.9045598062,155688917.0,1086032.0141480505
3068241300073200199,37082678.0,536295.7674026636,28933784.0,389590.870341343,35925912.0,570153.4465152316,172517749.0,1266406.0688143268
3068241300073200205,44362079.0,635318.9745261776,38286705.0,515321.39021651447,42860502.0,672487.4247229659,211012846.0,1477653.1338801947
3068241300073200211,71529074.0,756746.6404308105,59887754.0,708820.3475754154,69804277.0,778297.0531966998,345330413.0,2240480.1584202703
3068241300073200220,23032552.0,329591.04424324323,20124029.0,270759.46700421296,22345098.0,348804.0789822811,109503802.0,767795.3973151607
3068241300073200221,26796037.0,331562.4712453938,21284041.0,344309.202112676,26234830.0,354111.5310293993,132168663.0,1081345.3560084924
3068241300073200223,22278680.0,320598.3564952156,17597980.0,237487.0437749257,21894120.0,343345.68937249924,104345207.0,732461.5281319958
3068241300073200226,46746331.0,674643.2260113665,39698222.0,535839.2342635188,45447059.0,715635.7163887778,222726456.0,1581581.0175954632
3068241300073200227,19330458.0,241327.06814174968,15867048.0,253423.12440736732,18669649.0,253079.71708864265,95893634.0,797757.9774693027
3068241300073200231,11029092.0,118430.41988008573,9284953.0,101889.19997335217,10882511.0,123141.6993101656,52542348.0,302187.1769771379
3068241300073200233,13886201.0,200431.81974117365,10766566.0,144731.24574560035,13492645.0,212901.18810297392,66746769.0,471193.6388897507
3068241300073200243,73643529.0,919011.1616269273,62904680.0,993378.2209665477,70604242.0,952521.6235007747,375314127.0,3150634.6553618894
3068241300073200253,11217252.0,142234.69275629125,9409508.0,155325.6561037766,10862865.0,149476.90081400645,54478182.0,454647.710139973
3068241300073200256,24000332.0,335701.00731776323,21469634.0,278491.3843397337,23447890.0,353352.6067022664,110522844.0,722763.1308942866
3068241300073200257,33987551.0,398017.2867451683,29415973.0,440734.9724600748,32964089.0,418043.86513740016,165504056.0,1265433.8601976521
3068241300073200260,31758304.0,416338.1553784994,30004330.0,377060.3635324527,30988966.0,439931.61079196737,147524131.0,917863.9228563813
3068241300073200263,15019603.0,195137.10517329982,12121514.0,146200.86912676867,14812206.0,204448.64574125668,71510037.0,448704.47717105836
3068241300073200272,27727722.0,299700.0333340723,23693269.0,247655.55334098247,27448199.0,313823.67935319553,131109616.0,714676.6305778914
3068241300073200281,53112652.0,634852.7935921466,47094160.0,557806.4433106408,52178487.0,666543.7345357244,257428870.0,1657391.8722065608
3068241300073200284,15468824.0,182956.8531114106,13232462.0,204740.2544464987,15204387.0,188010.43317758056,75210643.0,604887.7698490416
3068241300073200285,3050080.0,35517.009412011525,2542936.0,38738.25494415076,2924635.0,35551.834992585995,14193770.0,112459.82232644921
3068241300073200286,13118912.0,170614.13083363415,10823330.0,144199.71128157974,12924639.0,179729.89880068594,63258663.0,424784.2786488015
3068241300073200287,36028680.0,495747.3517762787,32306849.0,434130.14247161325,35767465.0,515041.1663633165,176095963.0,1255289.5176698933
3068241300073200292,24334093.0,341971.69720122113,20502258.0,392582.80138533085,23295524.0,356966.2585946213,114778624.0,1146206.0347230057
3068241300073200293,32887136.0,473709.4633477608,26261033.0,382530.7558638542,32494594.0,503690.7166442848,163685950.0,1263586.597112982
3068241300073200294,24283666.0,360660.9453579653,21256180.0,415592.9456250644,24205441.0,370074.87357228715,118568143.0,1237004.9883523057
3068241300073200313,46640532.0,659682.1609254834,39670171.0,586505.2719189002,45842734.0,692691.2013490887,235616780.0,1777483.3445273526
3068241300073200314,47810324.0,669655.5783045791,39061149.0,736409.615582658,45979423.0,689442.4167331754,237838391.0,2322457.387990796
3068241300073200317,48943907.0,680529.4693254833,40523957.0,593018.5950983308,48165972.0,718798.2414203242,247675693.0,1863797.6581810685
3068241300073200320,23195987.0,326209.6416806447,22666720.0,343519.917221718,22467056.0,348073.5201489915,114352123.0,913939.7834546677
3068241300073200321,16533492.0,217038.7103030446,15689140.0,271801.0278825302,16401309.0,227549.69230259536,83100774.0,797959.8765292377
3068241300073200325,17225906.0,240222.88847425533,16747910.0,319224.2475930029,16493950.0,248209.84086931666,85898806.0,871796.4558187667
3068241300073200331,17944834.0,251601.87520457502,15410116.0,218400.5479838024,17444867.0,260071.92138674515,90180615.0,669119.3425458875
3068241300073200337,16361573.0,221341.4865710465,14248367.0,202743.06580879405,15844723.0,239042.32804580557,80630673.0,584541.5319607442
3068241300073200347,44772398.0,615595.7121601893,41556549.0,597759.8844031089,43366048.0,648691.7289670359,216253598.0,1637517.9942677403
3068241300073200348,12214122.0,163988.96647418576,9874064.0,182520.32240334558,11647601.0,173136.44464108595,60424212.0,573588.6321104269
3068241300073200352,17162666.0,238822.04095909954,18256181.0,272237.84429998393,16741756.0,248182.98021612212,87934987.0,659362.881402137
3068241300073200357,43817993.0,589196.7107355414,38230201.0,716114.412700873,42129996.0,619303.4856160219,222264957.0,2069621.4830283024
3068241300073200368,26870682.0,369846.6889078188,25009623.0,363253.63287397806,26114956.0,394797.2824346347,127720605.0,954690.5421365751
3068241300073200372,25181363.0,340347.973798075,19794693.0,281944.0060725034,24210880.0,352913.64931873645,123131988.0,877070.9564990301
3068241300073200374,19999727.0,273848.97160506237,20013113.0,279957.0598064272,19237581.0,280146.5914494941,100942722.0,729616.0143420368
3068241300073200382,55738810.0,739529.2486927958,50583035.0,923960.0778594731,52984766.0,763641.8649956131,281178733.0,2514395.5621143733
3068241300073200388,16600263.0,225417.1830429214,16881460.0,236248.68137311772,15905298.0,232789.4299070802,82690846.0,600147.8336193423
3068241300073200389,42138932.0,576069.8384035539,38873758.0,552997.8979122982,41220463.0,616035.277171797,201830331.0,1502993.8939078343
3068241300073200395,12961241.0,175753.67093035177,12876931.0,185486.1333923936,12407979.0,183439.26315042056,63408142.0,464941.9501125422
3068241300073200402,21054196.0,277305.9455279923,19797136.0,276789.99526923225,19906908.0,285566.35205151717,103417111.0,709108.9413989981
3068241300073200404,33165790.0,437716.0599297692,27158367.0,495616.48698194575,31350829.0,454960.9375416134,163857924.0,1463720.777242812
3068241300073200426,19340069.0,258463.69025925518,18506835.0,331931.07332155935,18162141.0,263132.3632378712,98020957.0,878885.2530477706
3068241300073200430,27636806.0,371142.8634066041,27264950.0,378001.0207327843,26153524.0,376566.5254245188,134839814.0,949595.9803205039
3068241300073200432,11617582.0,154459.77595737213,11677792.0,213063.62334250353,10911593.0,156915.7438110673,58610009.0,524621.9073864988
3068241300073200438,48151214.0,644338.5613719744,42568376.0,599755.7751048023,46290769.0,667366.3099754283,239772741.0,1719372.766097944
3068241300073200445,16933040.0,224454.33723011756,16181453.0,298070.0092125874,15959441.0,230045.38166816998,86940875.0,779500.4142033301
3068241300074100014,50317108.0,682992.9260055944,141774142.0,1548369.7073426016,28815889.0,384510.4399774753,367581548.0,2482145.0639177742
3068241300074200051,186330995.0,2544214.3578970972,448028779.0,6169554.051761714,113509829.0,1522917.277651455,1296268428.0,9984217.560194783
3068241300074200056,31096552.0,453115.9571469171,36616205.0,648534.4439785795,29348451.0,451471.05652172904,164943442.0,1520776.2213508226
3068241300074200059,9133404.0,129621.62118272527,8194001.0,142679.93761256026,8821868.0,133505.74378324876,44569595.0,412018.36873808486
3068241300074200066,109090759.0,1433710.9469647123,332804871.0,4171492.6574020805,62545730.0,837731.754411169,790211093.0,5549578.845998109
3068241300074200074,79923109.0,955593.5644391463,253301380.0,2894492.0840903968,51004593.0,666546.8943140325,619743856.0,4289335.991666901
3068241300074200082,20672599.0,221688.84462847552,79020663.0,805300.4214313859,14695512.0,193634.8911281373,150217737.0,923717.4373908971
3068241300074200083,50247666.0,689024.0377655727,189027968.0,2350190.4263031934,28600456.0,386343.72650970775,426661485.0,3494975.2477435633
3068241300074200092,246631196.0,3131138.960247425,902453850.0,10742177.311943386,136302753.0,1792055.3670525798,2092108624.0,14584030.174220543
3068241300074200096,20385656.0,239124.68913746002,35905493.0,478599.4805004825,16167280.0,219885.90544008944,124779922.0,980785.1121850997
3068241300074200108,5912394.0,101471.63650255608,6617255.0,94889.99554335562,3133009.0,42031.55528946857,37885727.0,475276.76887417195
3068241300074200134,19217404.0,247481.584152958,18037876.0,278067.2494620951,19096263.0,258339.15068775864,100763596.0,829463.7341163445
3068241300074200142,25768042.0,327156.2855264825,25002559.0,384126.2725008328,25516708.0,335818.93353305035,125533644.0,1040240.9315276775
3068241300074200144,12976922.0,181847.74161749744,10753322.0,185792.63982555602,12861936.0,191536.01253598867,66769925.0,603503.9036502511
3068241300074200161,14551976.0,140595.04441272383,12407946.0,115580.81563536623,14514153.0,144499.4670630872,69406063.0,323970.0505089372
3068241300074200164,51049673.0,400273.1178598335,46113461.0,487725.1170471808,50999328.0,416943.31470258744,245605969.0,1301673.1344597316
3068241300074200168,2823849.0,21759.29099386946,2665311.0,37262.67475765727,2807363.0,23286.219148856755,13583142.0,96799.94048337852
3068241300074200169,17365256.0,154321.76583320118,17060155.0,256499.75207348116,17103193.0,162573.92259609044,83498439.0,689595.7688879984
3068241300074200177,15406857.0,142528.75738256145,13403620.0,205959.08877920418,15192873.0,151648.05943931022,76490983.0,621602.2545973057
3068241300074200197,16964205.0,172368.15444676735,13432587.0,246339.9472867281,16657235.0,176124.92946408124,82609352.0,793645.6595580655
3068241300074200198,6083022.0,61644.981014977864,5516483.0,100707.48589092973,5994316.0,64330.66586600731,29892533.0,286975.7477417047
3068241300074200221,17124080.0,164815.80044032913,13630834.0,251224.60331146207,16570212.0,169940.41881132236,85386591.0,817486.188066752
3068241300074200239,3427794.0,46747.47905646964,3928800.0,66478.80450188617,3180135.0,46884.98488007645,18390098.0,170217.0856402717
3068241300074200243,22592684.0,192791.88806383839,21884756.0,297993.2267146521,22300089.0,201021.99550794513,109897395.0,786205.9324866937
3068241300074200249,19389593.0,206690.7523832195,21071975.0,338719.57344812737,18997219.0,219756.74312960097,99359891.0,856158.879581101
3068241300074200254,16201721.0,169454.75924996397,15749155.0,235421.6048281992,15838143.0,178898.92106892564,78661431.0,637524.6216662888
3068241300074300002,6066681.0,65133.695505458345,22820588.0,253770.73327650168,4323267.0,57346.15603100227,40989394.0,261162.7663539564
3068241300075100003,50008867.0,647883.3751814544,125872311.0,1927165.742867591,36103945.0,488533.0237120249,390041966.0,3853373.6439860067
3068241300075100022,44612697.0,523290.6853916331,83521008.0,1080142.5565772133,33558390.0,446347.27715141367,275788093.0,2124088.4967603795
3068241300075100024,18678308.0,215984.27090455958,31935519.0,435895.8250354501,15201220.0,201192.40415391722,107427155.0,821197.2441532931
3068241300075100025,38272167.0,521082.35857385566,53799071.0,746623.0367889975,23009358.0,304967.2686125248,256464271.0,2655161.510033189
3068241300075100027,22666905.0,292752.54938596045,34227341.0,565485.2304187816,20475751.0,283122.00338565337,118141559.0,1084148.301358758
3068241300075100033,7978354.0,96606.1163853248,23045977.0,383285.7623551538,6294598.0,83939.57338175675,55713759.0,550895.8025450535
3068241300075100034,42888950.0,550913.1540750256,97699554.0,1380011.67783756,27496268.0,392607.7023437834,327801992.0,2973834.388861594
3068241300075100039,89260734.0,1130977.4613469196,85348324.0,1565365.7956837548,79477031.0,1033947.7880013917,405973437.0,4077880.917654161
3068241300075100044,18272350.0,247457.2935315229,19902435.0,344479.62135774805,16846898.0,241722.06409666972,97929072.0,917795.9985887577
3068241300075100047,33073979.0,489859.4158947872,33645301.0,573855.7874462368,21101605.0,293818.62463425926,219792780.0,2034635.3754080564
3068241300075100055,19195603.0,224621.12452993466,48741921.0,578900.6035855055,13454213.0,176906.41156036739,157075119.0,1031417.6860825638
3068241300075100056,66378417.0,831065.5923948444,133213787.0,1707882.178845788,46388382.0,622233.7313591867,500685273.0,3867408.1563194925
3068241300075100057,21123738.0,291999.0572932905,43241483.0,958719.2233071618,19312895.0,273987.67613450636,126717583.0,1312789.0351381209
3068241300075100059,19131548.0,213642.98252675703,19041125.0,305228.0007099276,17030920.0,206937.15230833882,95419849.0,758740.083843705
3068241300075100061,40158412.0,460333.3727623271,41255509.0,705854.7720813004,35334059.0,431722.0858490787,215258643.0,2196066.829964659
3068241300075100063,15226515.0,207972.56280092796,20872138.0,330410.21560471517,10690981.0,147290.88981025305,112886553.0,1048560.3731330219
3068241300075100067,201174066.0,2686582.8373268773,678013383.0,8681260.033491079,124938862.0,1722582.9697365507,1740801712.0,13165825.478003116
3068241300075200024,18134787.0,209539.05895804806,57907116.0,728271.1856226274,13270044.0,180021.57915597767,120501600.0,864733.1711346402
3068241300075200031,95448278.0,1046693.6494830374,357625579.0,4111746.9036254315,70734805.0,937045.8066783149,661331971.0,4240564.367503297
3068241300075200036,13522290.0,143029.25781560538,84026935.0,889451.0709755332,9140938.0,118733.60662618026,109329314.0,807651.5548386895
3068241300075200038,54395197.0,612888.6701683307,240373870.0,3044602.891947498,41189736.0,545867.094578552,388603256.0,2879937.8657426066
3068241300075200040,53868159.0,583982.4491910007,341966803.0,3512596.6395216663,35573163.0,467944.3969777967,513605977.0,3711924.7140777498
3068241300075200041,42128385.0,465688.0789019518,154526997.0,2002151.3873837418,29526493.0,389549.4904303042,323713016.0,2284942.7120272303
3068241300075200047,249975897.0,3206430.016134274,416093418.0,6321671.404276814,146768005.0,1949975.0556956432,1666173607.0,13011578.688517604
3068241300075200048,4339240.0,50283.61196680388,5129973.0,77777.03163290086,3868392.0,50401.947591410586,22426669.0,183828.95853659703
3068241300075200049,24531756.0,249741.19006875315,19784103.0,313942.2479702988,23865944.0,257053.05352291872,122471336.0,1008265.4816205739
3068241300075200051,31870903.0,420283.0544453225,34631540.0,464315.86559981847,18663027.0,251163.64808054612,191607491.0,1451418.0471232128
3068241300075200052,32291404.0,338761.8050659771,27083429.0,446852.2624706241,31250869.0,340290.85591592407,160904144.0,1420789.49758685
3068241300075200054,322170099.0,3716241.660726739,1547900569.0,14183314.656519784,168636907.0,2007486.0195103271,3019339601.0,20071954.723907728
3068241300075200055,20262424.0,229290.37533941728,17788990.0,292268.73533554975,18826901.0,211373.8203565308,95256709.0,811085.7461976474
3068241300075200057,184354564.0,1833450.6067993427,1237723008.0,9019607.947038459,127683700.0,1511374.8918079543,1543268577.0,8847313.914472936
3068241300075200059,8070838.0,65999.27158868444,7242497.0,91210.80154993711,7972918.0,70031.55249238467,43032608.0,325315.8081761488
3068241300075200081,3465426.0,42400.50137342989,2928505.0,51728.407327517256,3423291.0,45091.82225164367,17057673.0,167620.15920996826
3068241300075200092,22050045.0,275255.3042343807,49120747.0,1025724.3889892957,16067936.0,228594.35918196733,166574404.0,1719254.3549588507
3068241300075200096,128970532.0,2026566.053657362,329532305.0,5659526.19787247,76525837.0,1101309.2946265938,1069119975.0,11218717.136372093
3068241300075200099,16589134.0,239091.7649351128,41171586.0,780024.661729653,12488839.0,181198.767075578,117799287.0,1327459.699167706
3068241300075200102,31213698.0,371327.5502350406,27291806.0,478960.1501723884,30131466.0,383328.58806625806,154200394.0,1491429.9495068719
3068241300075200107,77215532.0,996428.6645029357,214204842.0,3450434.95099248,61032906.0,867894.1245246667,566529795.0,5577280.655361039
3068241300075200108,28604550.0,350211.75556717225,25129291.0,464935.0717515101,27527555.0,355120.685859331,136405520.0,1355590.3828012266
3068241300075200112,19040515.0,235093.93268318014,16445904.0,287160.1857452019,18164203.0,232978.57514765285,93602343.0,896022.682195381
3068241300075200117,49477767.0,613147.886817713,74585524.0,1295123.643551484,33074233.0,462770.052105117,368088247.0,2998497.4881577753
3068241300075200120,12934921.0,171062.25680823348,14827539.0,256676.25154871706,12237897.0,175418.76192164593,70438492.0,700583.1965917129
3068241300075200123,64032164.0,982164.3378970154,55619668.0,890139.7669747847,40351651.0,566816.2771360329,432559894.0,4218717.789283034
3068241300075200124,50656080.0,674270.6765369343,43277975.0,665338.7458108494,33619658.0,465244.12822417304,355189610.0,2913676.7680923953
3068241300075200128,14656136.0,218010.29362031154,11560241.0,165192.06545156884,8937422.0,117642.41043313683,97096283.0,808418.5985819797
3068241300075200130,95191582.0,1172401.5385777703,196960813.0,2846697.4496669867,66742002.0,897221.958538393,722668985.0,5422654.637735711
3068241300075200131,52377741.0,651027.3910212435,136337871.0,1870079.182123317,43089515.0,589573.4110113528,379470386.0,2984294.3057222725
3068241300075200132,118403838.0,1404138.0354593827,472277099.0,5746091.233573403,85816878.0,1149520.6232053067,987090868.0,6690812.586280325
3068241300075200133,59796000.0,724193.5603487173,201552929.0,2705987.4504984813,46376501.0,625184.3716397204,460740049.0,3652124.9689394413
3068241300075200137,90929377.0,1204397.5863597323,128006299.0,1834338.7818071463,63518445.0,859033.6947852143,658637307.0,5446849.683991671
3068241300075200139,26376495.0,339533.3253457561,99529775.0,1658162.9090710357,22206742.0,310228.0787323035,185293307.0,1619513.442978047
3068241300075200141,110076054.0,1259953.0571938436,111180022.0,1878926.28399433,101079915.0,1283898.4108810073,588736455.0,5428411.0873895725
3068241300075200142,38449153.0,478956.14028270217,160602718.0,2345628.5573440013,29396150.0,405745.1783576719,297333935.0,2404390.216761397
3068241300075200147,24209355.0,261249.9932465049,30524646.0,453709.20188274875,20143271.0,242485.72880664942,130854422.0,1061589.331678121
3068241300075300007,27632422.0,324484.10044766404,124917178.0,1255441.3434350675,16596324.0,216351.3697276183,236490409.0,2005874.6173319002
3068241300075300023,8585885.0,80290.78421626934,26431734.0,368209.8441555133,7113857.0,72702.58224975763,59534516.0,427659.2882438062
3068241300076100007,64403424.0,991557.4591073248,571161673.0,6088696.360754186,26486206.0,435449.8546129137,602311600.0,4965469.727802017
3068241300076100008,227252051.0,2656180.531896303,1732171259.0,12062859.484612964,91140832.0,1273412.494233246,2026592179.0,9209930.033191819
3068241300076100009,158056912.0,1719955.6041151593,1253112021.0,8473532.490551427,69266912.0,967043.2224621533,1390665191.0,6791238.109095277
3068241300076100012,102070977.0,1145671.3798013707,928597259.0,5486272.809379192,44210804.0,592447.9670057648,922537810.0,3894243.471454338
3068241300076100018,19362200.0,297762.3865358317,139490707.0,1229957.4626258453,8901112.0,152904.7318122669,150006706.0,1307824.4580434896
3068241300076100020,40581555.0,514170.4438829699,168637516.0,1822193.164382582,30254677.0,419248.870316701,315571787.0,2263124.5756468154
3068241300076100021,276059835.0,3217728.183611615,2048877862.0,13202416.845473979,206367163.0,3152398.6251301505,2243510431.0,10538551.252036164
3068241300076100029,187242373.0,1940623.0724830772,1546447421.0,8081902.275382924,120662828.0,1751070.2875131953,1649356474.0,6709211.664290713
3068241300076100030,35413247.0,487774.5709805627,82763296.0,948549.7474104678,25249362.0,358903.47082918964,237878834.0,1964763.328687006
3068241300076100033,165143510.0,1786079.6791689098,1373232601.0,8258619.496692661,63596072.0,865319.2775952015,1556044330.0,6663857.025445155
3068241300076100034,98613688.0,1097184.7665711755,859283860.0,6318082.829995268,49186651.0,671723.3821825333,780346713.0,3995900.971548212
3068241300076100036,30400350.0,280007.96725415223,252323140.0,388695.5218205261,11476506.0,146847.30125368608,284976270.0,362620.7258761497
3068241300076100039,102464561.0,1376504.5872297697,848948275.0,9383886.573219432,42791668.0,599441.3325309146,809915697.0,6367503.127718089
3068241300076100040,157224034.0,1659408.07786553,1322200973.0,6711499.39847052,64582130.0,896752.2588607066,1477582021.0,6155319.509797647
3068241300076100041,34757153.0,474766.31789199496,149440599.0,1289427.9937756318,19059596.0,268925.5770414021,207980795.0,1385375.1320173568
3068241300076100042,73838474.0,903565.9102916726,327094656.0,2560943.2512435014,33928414.0,484189.75750871585,440884005.0,2357646.142258106
3068241300076100043,99646118.0,1160539.0926300185,612841582.0,3652120.1237082216,35704269.0,497125.8002318082,855518312.0,3984226.3734253063
3068241300076100044,155206363.0,1764781.8467567856,1185156657.0,7626596.414003778,67980785.0,937368.9871910496,1380952006.0,6558262.467667421
3068241300076100048,44369524.0,594018.655221366,265973143.0,2089223.1626971127,20145350.0,285183.0178012861,363233391.0,2359579.08505756
3068241300076100049,157979614.0,2144436.7199621536,999445492.0,8785038.58293505,82520479.0,1208410.2623884398,1274447889.0,7712392.495742258
3068241300076100051,74117431.0,820081.2723499993,448942132.0,2954227.364755097,28348620.0,405074.49503139936,636202112.0,3515443.713209451
3068241300076100052,147671336.0,1823921.9486328848,880976927.0,5868753.074128989,61392803.0,885960.0494381599,1231405001.0,6814512.110535433
3068241300076100054,108371966.0,1520891.7573340645,692763393.0,6760690.175238238,53833776.0,784319.5000698122,865785416.0,5857610.063276844
3068241300076100057,15329353.0,225350.39544909287,77079460.0,776643.3461136429,6071066.0,87296.31917560502,119696442.0,1042068.9224103988
3068241300076100064,70535553.0,1152519.9329940793,393130966.0,5338980.153796967,33353622.0,497426.6999153278,494172476.0,4055573.9041789104
3068241300076100066,108706016.0,1570411.308914558,565024959.0,5148723.343519824,53017353.0,794585.6379685316,851403799.0,5921094.884391687
3068241300076100067,86511902.0,1245030.6823439342,816904071.0,6903710.7499669865,35335406.0,520164.8403879634,807420217.0,5286934.879970303
3068241300076100069,55591997.0,837831.0235542693,282654039.0,3051434.448689592,24691601.0,368795.5773296086,378783906.0,2702602.0503843226
3068241300076100070,56259451.0,904697.949752713,572543625.0,6969360.92624031,25649739.0,389989.08840917493,560607729.0,4891802.308318165
3068241300076100072,85280377.0,1176454.509925791,778011724.0,5782934.391320676,34319262.0,508673.6624999653,798248586.0,4800998.456710679
3068241300076100073,92001857.0,1376788.5723078647,888668993.0,9576934.730689397,38559845.0,582767.7827169921,826216975.0,6622163.1526134815
3068241300076100074,202968268.0,2776286.535466218,1517195327.0,12018753.316695686,85760345.0,1275587.6901584102,1678507113.0,9512731.317395065
3068241300076100075,96946904.0,1395070.8673235823,659055379.0,5591956.345050836,47058494.0,702844.3831642141,828820378.0,5336365.594417246
3068241300076100076,166344711.0,2049825.8789017452,1543523844.0,11480074.138183525,61136910.0,913834.8670991906,1413258400.0,7659837.868321889
3068241300076100077,185487229.0,2400795.4236349785,1275785791.0,8186468.903765,67403194.0,1001786.4852011772,1528767230.0,8310305.148556504
3068241300076100078,18920506.0,342577.6355785744,98321115.0,1709509.605976143,7433490.0,113739.00291029058,123386762.0,1312926.714358257
3068241300076100081,148019075.0,1808623.2404318964,1406081814.0,8422691.326975293,52341793.0,769671.2138350956,1366600566.0,5958810.526750766
3068241300076100082,148449875.0,1927776.6704793985,1552210660.0,12239561.56754693,51083635.0,769248.6451219531,1394207338.0,9387246.514572006
3068241300076100084,223985677.0,2489950.4228131715,2129252034.0,14091047.369818626,85849788.0,1124253.5377473745,2074620802.0,11057978.692694508
3068241300076100085,127494595.0,1349185.9164696443,1460010425.0,10694378.335967496,39339195.0,475654.5537964312,1253933973.0,7145820.558133205
3068241300076100089,96194132.0,896256.8153392201,743968406.0,3901981.903727044,29387241.0,367131.3393951783,849325090.0,3551493.4625519086
3068241300076100090,91162820.0,1008738.764424154,530652626.0,4035374.078309433,43187380.0,471651.3868993697,634872979.0,3265692.86537106
3068241300076100091,211048096.0,2507736.346709604,1695594232.0,15875966.509372355,94685313.0,1055682.7280541963,2007352299.0,14408430.453052297
3068241300076100092,105308469.0,963942.8454765753,856675025.0,4159647.726020349,38922491.0,396807.70952377387,938485184.0,3715702.904970457
3068241300076100093,200008852.0,1713578.6287334457,1915186885.0,11640146.605596436,72679753.0,742126.770660842,1870012142.0,9182955.049765354
3068241300076100095,131726624.0,1109860.8319106412,1506646304.0,9810796.889961842,34491620.0,369318.45166368317,1317235300.0,6716861.10771389
3068241300076100096,90270686.0,884293.3934991643,954460215.0,5271594.177639181,30271309.0,336261.3189370044,967182335.0,4292918.258811218
3068241300076100099,328413049.0,3645873.161251441,1712520453.0,13554379.625196502,126139761.0,1564394.944321689,2022989385.0,12760919.098388772
3068241300076100101,202917990.0,2570150.6224548216,1668767778.0,15338624.029130965,76093069.0,963225.7492056934,1822146462.0,13248643.898197982
3068241300076100110,40824035.0,714887.0029377682,167410368.0,3305889.144303985,16190831.0,209336.86947981422,283950107.0,4284790.665368533
3068241300076100113,23352576.0,356575.12326951674,104683310.0,1584889.5393498042,9934288.0,125780.56052476808,167206869.0,1885357.495167236
3068241300076100114,188426471.0,1792184.6403652292,1574030287.0,12170726.317104429,67266269.0,803975.5880871912,1599443336.0,10572391.528400503
3068241300076100117,102680975.0,1405639.4415030328,490773309.0,7114631.283921609,53187553.0,668159.2261869187,776500987.0,6915725.839415416
3068241300076100118,88447939.0,1293965.045164905,311487216.0,5315816.87489625,51179300.0,641148.7316818117,603260575.0,6094819.7177567305
3068241300076100121,117007658.0,1220231.8744170114,674544122.0,4769807.153824339,44009396.0,524224.8020996022,896947156.0,5233396.7768648965
3068241300076100122,94652813.0,991798.6886079619,641184272.0,5938566.82084215,55801390.0,594934.6277507661,777696195.0,5722881.50089714
3068241300076100126,137481157.0,1496893.8906088735,1420406046.0,12975541.069048576,48793304.0,593350.1094661343,1115288153.0,8236425.238583015
3068241300076100129,313920445.0,2606754.960700598,2872259571.0,18701082.270812765,233480612.0,2905055.4372412064,2680433211.0,12900384.88608647
3068241300076100130,78286690.0,1034504.520655529,316395735.0,4526650.965559953,45467942.0,556409.371155289,564849638.0,4917716.567126234
3068241300076100132,86027838.0,1143951.6701170406,658679681.0,7628787.189105881,37540539.0,458761.83410714084,789688381.0,6452676.836707085
3068241300076100133,139683795.0,1651437.521792275,513626608.0,4660230.49842057,44982872.0,534781.0315247106,858417099.0,5477318.724240327
3068241300076100134,79282055.0,752212.6458820367,564220098.0,4306851.457314984,49965288.0,499438.52974251483,698834850.0,4632887.750865696
3068241300076100135,138079737.0,1264441.9985315078,1366261086.0,10761520.257675102,47396030.0,563561.0240285996,1320230453.0,7249020.699631362
3068241300076100137,184823631.0,2163052.0159204835,1439692369.0,9967050.21114043,76738745.0,1328505.5300389344,1313863816.0,8553718.669829054
3068241300076100139,22345383.0,217607.81395202706,86024685.0,837283.3493881337,8319901.0,99502.49203393298,151705939.0,1222759.1460399295
3068241300076100141,110814838.0,1578701.9640799263,550475740.0,7440272.20150997,49459773.0,608253.3896571377,850043782.0,8293160.164481038
3068241300076100143,140988422.0,1575110.2234242545,1274454541.0,12198594.119420595,50203244.0,596339.8074085871,1248027915.0,9718848.074756416
3068241300076100146,109650898.0,1150316.0380361725,727191773.0,6838405.973792437,40749461.0,477604.14670706063,846600633.0,5672207.958106797
3068241300076100147,145126696.0,1363422.6125556165,1362588478.0,10225036.878584707,50062881.0,599274.9137139296,1288952870.0,8155885.568408696
3068241300076100151,319799201.0,2675744.226361169,3361461972.0,20886832.70054437,116865653.0,1252547.838428782,2974891178.0,15959136.337645143
3068241300076100154,124265689.0,1386115.602050351,991102431.0,8776628.982196024,43647739.0,521776.2623150112,1036243394.0,7397078.5975180175
3068241300076100155,188104288.0,1673543.2363851953,1865218236.0,10952251.85172835,56438249.0,628670.9755273493,1704302947.0,9050803.019101597
3068241300076100158,105558846.0,1143479.870149999,656641495.0,5030162.654603437,69377514.0,803624.444678489,836021979.0,4697867.7094468335
3068241300076100162,120562280.0,1331982.1760454425,789162712.0,6832998.476300256,66272582.0,758193.2274296726,980695604.0,5770590.73287008
3068241300076100163,131874660.0,1566181.1967556449,957459291.0,11451435.62625951,42004044.0,508993.2133923436,968539974.0,8890856.394201076
3068241300076100164,78776200.0,870714.8184410604,378639010.0,3143768.260188776,39043341.0,438391.68258619943,571671431.0,3242579.9197248598
3068241300076100166,124377404.0,1216913.2437781417,513464267.0,4095475.923317014,54920163.0,542028.5446366706,679743251.0,4561849.317107979
3068241300076100167,57548951.0,1012621.3019306489,238026579.0,3172647.756668651,19042775.0,240985.24068352696,289706544.0,3398829.785189081
3068241300076100168,52825598.0,589824.182581784,232108745.0,1761588.5058001936,28933601.0,427861.5575060996,322871577.0,2002896.0657406691
3068241300076100171,56116559.0,632432.2586329511,235007080.0,2373933.803338229,28031563.0,358503.742100646,344977367.0,2200365.0975749143
3068241300076100174,59061475.0,717439.0186302633,261646190.0,2450153.278983156,27664051.0,291578.33280473796,361298123.0,2825901.813344342
3068241300076100175,71165172.0,859049.3702219133,346331680.0,3040845.7672817283,33199083.0,421209.2071189988,500196371.0,3996396.9554064684
3068241300076100176,120125224.0,1466313.2985658895,484446095.0,5883295.638983302,54630769.0,647360.2475740331,807426586.0,5834877.662148048
3068241300076200006,69692564.0,928396.5293931088,505008472.0,4102660.5626926976,31028514.0,439691.22773599724,625450957.0,3100451.2969008093
3068241300076200010,189794387.0,2261080.4087085747,2086632449.0,18107516.387363974,99994270.0,1392534.9332702612,2103709426.0,11255606.014644593
3068241300076200011,85254717.0,1143950.954496024,745697171.0,5949766.273658516,54021050.0,770071.0523872976,735262997.0,4853468.351235274
3068241300076200013,135255011.0,1495240.7831516033,1013559602.0,6233520.8967780005,64437526.0,958017.9897485168,1142609076.0,5240117.454411405
3068241300076200015,86795122.0,1053101.7930699203,616192955.0,3468268.9693796216,48214530.0,714955.7800310433,696879992.0,3326142.4073597575
3068241300076200016,65048792.0,705825.7805079272,637219055.0,4681035.125772278,35855401.0,553711.8616882763,606694942.0,3022245.321594697
3068241300076200018,63580818.0,702019.6133626249,604289369.0,4706654.1454075,30135399.0,399659.13437787705,579603342.0,2828592.7914408115
3068241300076200019,177689413.0,2068047.1995558657,1215531203.0,7237789.795733764,101070446.0,1486393.219609468,1375152060.0,6173524.4925956465
3068241300076200020,49222511.0,687911.9103131664,280154156.0,3375791.5339171356,34423967.0,479160.9378547535,390924959.0,2593503.8904025983
3068241300076200023,65317759.0,797539.2089474299,540473161.0,5181774.366742643,30356881.0,454062.01362620434,557160077.0,3627696.203793353
3068241300076200024,283337539.0,3128910.7533583147,2335859607.0,15173617.853885673,248056710.0,3676025.896619475,2365285161.0,10874257.043818815
3068241300076200026,40104357.0,503857.4679567063,145643753.0,1342578.114612511,33460202.0,509418.77040796273,262601912.0,1123696.0988285206
3068241300076200027,175193923.0,1990012.755245626,1231385695.0,7208419.915618999,75256501.0,994939.8059631314,1395843054.0,6066654.332958778
3068241300076200028,258704470.0,2976848.306644925,1718832440.0,11636439.07113035,239769171.0,3471413.1897087963,1899897207.0,9489617.455133215
3068241300076200031,77116702.0,726881.2033273983,779771901.0,5090574.884715094,33191711.0,452125.48770965764,793847213.0,3545128.73770755
3068241300076200035,119701757.0,1244458.7363780076,1018082599.0,7298229.532529719,56362849.0,724381.3789478216,938299825.0,4662994.168606806
3068241300076200037,165153153.0,1621966.0783330959,1516774873.0,8325550.018952529,61186405.0,849232.1390311278,1687829056.0,7648078.707684404
3068241300076200040,158864295.0,1600925.5265611568,1300482710.0,6629542.424761337,60919608.0,851607.3418416409,1527393201.0,6075706.759690742
3068241300076200041,130418446.0,1600536.654477652,595556592.0,4238978.443300789,75893640.0,1063438.6875448814,854682481.0,4144747.0288479296
3068241300076200042,153747379.0,1761107.9260370294,1103641737.0,7752188.261893833,58806533.0,842889.8231635414,1404331072.0,7431379.244818805
3068241300076200045,139006401.0,1786035.228976172,913043962.0,6377965.403911744,71006743.0,1033784.8070752227,1175720076.0,6243272.41968819
3068241300076200049,123050504.0,1689125.7357673086,968229170.0,8185796.447222972,54230156.0,787880.6650991424,1074442842.0,6507146.92051096
3068241300076200051,77641464.0,1214726.806496862,541024412.0,5759656.32243453,35439327.0,521078.9224391191,632132298.0,4973785.088768882
3068241300076200052,93844910.0,1332094.7353346145,667445096.0,6751578.327376614,52895421.0,793366.9039885612,765037535.0,5152368.064846749
3068241300076200053,96950567.0,1407706.8495464101,754509358.0,6343799.574674542,49910923.0,746261.6457000414,871983804.0,5618222.6368012
3068241300076200056,87679461.0,1330241.658442414,714241749.0,6949827.212900734,40501156.0,609097.2574863384,779987883.0,5919754.592814237
3068241300076200059,37409040.0,438857.80477064784,203112372.0,1578893.4374087586,24720271.0,371318.4165924649,287264406.0,1554845.8064042001
3068241300076200060,65055874.0,814349.2528755157,651418900.0,5061198.970013118,27050185.0,399888.04432350537,627358057.0,3325290.6018899386
3068241300076200066,54624347.0,769942.6891697403,257511866.0,2609799.8081592475,30270882.0,453953.0604553368,363153705.0,2241502.02103417
3068241300076200077,123209573.0,1721232.791561537,920614010.0,7529688.953004294,45311443.0,671061.8453419339,974308215.0,5538629.282589676
3068241300076200079,123339511.0,1648759.4351466957,971430824.0,7637314.518778088,58084761.0,853294.360435138,1027624371.0,5771274.062994814
3068241300076200082,79144953.0,1276571.80622045,595893638.0,6606822.621379694,32993363.0,494186.772907398,723802610.0,6450693.134851939
3068241300076200086,282199967.0,2521390.685743684,2282531642.0,11586583.657558758,94448556.0,1038852.0609543924,2332322847.0,10559919.518256593
3068241300076200088,134774339.0,1376777.9813270294,1012511964.0,7516519.800472014,41439024.0,495137.4619337402,1182896649.0,5640689.999111808
3068241300076200089,175117088.0,1502805.0559828698,2264386777.0,10846690.752624674,47715361.0,552564.8409138795,1787840802.0,6924721.996132156
3068241300076200097,137252057.0,1393150.9724069352,1296329143.0,8273618.41170835,44277121.0,483905.1000200502,1393160283.0,7538665.734225318
3068241300076200100,127904888.0,1443990.5597999091,909472964.0,8102249.445834349,62173313.0,719042.4023970066,1042234683.0,6862436.9839349715
3068241300076200103,47008643.0,730734.7028167804,241487167.0,2939365.0493433247,19506978.0,246237.10233543647,332620020.0,3162617.6256855475
3068241300076200104,196190625.0,2056430.7527677487,1968099760.0,10898157.233359654,56301793.0,697603.9544272283,1886711781.0,8993815.739796156
3068241300076200105,92755034.0,1175348.420102622,705996895.0,6141154.134575664,36542449.0,453007.3320453866,845506650.0,5445550.06091751
3068241300076200106,145500411.0,1446466.7683313745,1036213579.0,7805505.254110236,61767933.0,746828.7376716238,1212933424.0,7561586.375317313
3068241300076200107,261748000.0,2619018.4943609093,2014353712.0,13729441.514807709,72956766.0,896306.0196305426,2161707758.0,12665534.060794713
3068241300076200109,119993740.0,1497874.314022707,1145588556.0,11205714.424129823,63222943.0,793418.7963331317,1295670882.0,9934026.62410834
3068241300076200111,148758407.0,1710499.3247841066,1402379382.0,11726542.123361155,48702835.0,592134.9104366321,1400679032.0,9876644.536154376
3068241300076200113,262956261.0,2681747.7971365033,1981676180.0,13692596.479218261,79861338.0,972584.0611210107,2161752223.0,12079044.21538704
3068241300076200120,193570547.0,1918210.3808638253,1748456128.0,12514416.759658793,76081530.0,853416.8763382568,1527625093.0,8571886.876394587
3068241300076200121,171362218.0,2014218.5454761358,1326410006.0,11759593.660766054,77766579.0,957455.7442203674,1531228430.0,9921479.776075881
3068241300076200122,147816236.0,1600371.851881978,1087894162.0,9996941.210434994,52696201.0,630768.1612575065,1224761927.0,7296330.22535436
3068241300076200123,185554238.0,1835669.2289390753,1190834289.0,9021629.264926128,68187531.0,810100.4559125196,1523710951.0,9426870.59277784
3068241300076200131,114121750.0,1266465.7892572456,704171486.0,6842008.750797911,44541088.0,525774.2704154196,883808989.0,5524574.493561176
3068241300076200134,161618365.0,1421511.0861425376,1595688443.0,10392039.991676178,61039994.0,718278.2975299917,1383173396.0,7635472.994101951
3068241300076200135,94052855.0,810484.991166709,790700192.0,4719747.728717296,32579069.0,371689.87731749855,819804386.0,4424558.163691938
3068241300076200138,132024482.0,1329944.287684598,860879030.0,7430138.261761366,50426861.0,592118.1561575632,1075187176.0,6833694.163253543
3068241300076200140,158111905.0,1371628.1067705865,1489010806.0,10557162.47193417,125865004.0,1420789.3697324097,1462997691.0,8018941.884130465
3068241300076200141,102386334.0,1359102.9680529544,544675523.0,6809550.2430703845,42508366.0,511806.57016241713,755207019.0,6550450.847254818
3068241300076200144,336594681.0,3159571.0964930635,3199672730.0,21754891.44286199,246033677.0,3060541.9445243906,2802282054.0,15700271.987812534
3068241300076200145,119648601.0,1156768.438260099,1068083435.0,8204475.284526225,44507644.0,519945.4544814953,1108728322.0,6882919.164245061
3068241300076200149,138367939.0,1321718.5575734107,1064116764.0,7756595.602210992,109617340.0,1337205.7849153108,1206341156.0,6369746.123462758
3068241300076200150,370561009.0,3966081.4840371455,2800809163.0,24362735.195366073,112588946.0,1356274.4680720782,2850470694.0,20281701.96329336
3068241300076200152,597069014.0,5430127.272876152,3718993983.0,22776386.33227238,174874952.0,2026624.998154714,3793404018.0,18700538.649985768
3068241300076200153,237044867.0,1811429.1690086743,1438863085.0,8321855.442832492,154561672.0,1851364.80886475,1633772753.0,7541033.733715404
3068241300076200157,63191261.0,893904.1769500127,285613808.0,4244231.30962336,34180538.0,430737.2914083658,487682625.0,4735878.526366498
3068241300076200159,138777911.0,1378414.599613183,869660462.0,7214636.987641706,72860524.0,945385.8132180965,1035037682.0,6033383.738042265
3068241300076200161,285882138.0,3153447.0065282816,1336649039.0,13168360.890847325,124345714.0,1515289.1244927715,2037973811.0,12828929.816759977
3068241300076300108,4772910.0,45697.51357653108,29250054.0,474052.06921110034,3448829.0,38990.79342240984,37217823.0,289910.3184640811
3068241300077100010,52521389.0,605693.4946017388,84822038.0,881368.9370037396,40220067.0,505472.98306086316,303423130.0,2216615.5991539364
3068241300077100011,152869736.0,2275557.536553967,932938740.0,16673495.765928753,83537798.0,990870.9097094338,1273762970.0,14437031.375471106
3068241300077100014,74391941.0,842686.2635666564,185350753.0,2483258.0448307097,55465819.0,698687.602130101,567916475.0,3955367.9756432544
3068241300077100017,84549225.0,981493.0807052372,499730142.0,5767416.249221001,60022355.0,750274.0815885115,815500437.0,5786987.582652684
3068241300077100018,141146470.0,1754906.1663105243,323292814.0,3604360.6021143245,47698494.0,595130.464481165,748027262.0,5121926.867677294
3068241300077100019,58632097.0,994978.6084145947,115956306.0,1404544.9074053005,18646459.0,239275.73029033726,271053430.0,2551524.504478018
3068241300077100020,35295690.0,463115.61536541826,75217308.0,937289.5712582745,26610140.0,333370.83109757234,257846751.0,2830262.1988404486
3068241300077100022,73814896.0,1124378.132552768,157416086.0,2054328.9665991345,37109645.0,484528.4690426372,340118624.0,2817592.672020641
3068241300077100024,186104670.0,2015031.9992370198,459271035.0,4195793.160263259,55126322.0,698442.7974914782,909726420.0,5445535.387791861
3068241300077100027,29655256.0,375391.3748899592,302177414.0,2851816.8154810206,13111247.0,158407.70463251308,270516621.0,2023171.4948715281
3068241300077100029,162094255.0,1806780.7280972407,1388415760.0,8681188.948658066,69223022.0,827060.4007797947,1249425858.0,5789950.2211695835
3068241300077100040,94245019.0,1036727.4378300072,835123827.0,7332606.755087301,33730097.0,295405.8099231532,754120638.0,5679662.219030689
3068241300077100045,190992230.0,1602020.5143315531,1664561483.0,7350080.36189394,45749936.0,537410.4474644319,1507287884.0,4916709.32061466
3068241300077100046,150053237.0,1911906.29639144,769617092.0,8274642.833467041,91117456.0,1115910.8938868404,1149628955.0,7525854.141712071
3068241300077100047,107479737.0,1002634.7238956849,1153608743.0,8834792.148894813,36273652.0,344445.50085432443,960372032.0,5908990.8294039
3068241300077100051,172266234.0,1309485.1463056619,1974607113.0,12678782.584784217,41179107.0,497007.682678411,1578647244.0,7287373.316624921
3068241300077100052,130435322.0,876668.4046237221,1555895418.0,5786746.469317659,37297291.0,315536.12422983255,1215613705.0,3599953.992507087
3068241300077100055,102118061.0,1280213.7466689497,612639326.0,6389666.2201521695,63589258.0,781660.8786113062,846129296.0,5899509.229292979
3068241300077100056,27268190.0,470321.5953644797,189549729.0,2215245.3365612887,7800518.0,85717.51068029183,178727071.0,1978784.2501995112
3068241300077100058,162923246.0,1151429.2948450237,2354569506.0,10795035.134002369,42473489.0,490250.75493137445,1657207813.0,5976701.453126991
3068241300077100060,149152150.0,1260153.2798859493,2105270771.0,9081024.497934079,43347270.0,504907.1483444218,1450654951.0,5171570.724178625
3068241300077100062,342313055.0,2564084.585366953,3720628354.0,14273235.846233217,79993624.0,951116.1533289186,3056740255.0,9830645.408725118
3068241300077100065,64251002.0,739910.2645713493,464373594.0,4732659.673491835,42701409.0,513498.88228172925,497194243.0,3306640.4807950207
3068241300077100066,96173036.0,923442.5582799185,1178553156.0,7216923.2725954335,27091009.0,328821.78000780224,876691089.0,4572238.348236836
3068241300077100068,113103185.0,1308071.4120353556,1144376010.0,8379526.282125899,43522488.0,526377.3046300441,926077763.0,5217317.754533857
3068241300077100072,114952876.0,980994.5697179257,1356180474.0,6831911.505480394,29755081.0,352126.94550146774,993930893.0,3746756.0234782957
3068241300077100077,81825462.0,568485.7983622457,740280429.0,3653504.1862953324,18013974.0,210329.8860032523,678010234.0,2322224.082438478
3068241300077100083,71342670.0,528769.6197443015,611852915.0,3199854.5625328426,14351998.0,170727.1794389173,574052814.0,1874452.7570407393
3068241300077200020,88800794.0,1568573.4169204629,75634785.0,1352333.0524092752,79633167.0,1519377.459474092,417736765.0,4760165.226489262
3068241300077200023,125245123.0,1727188.8669546277,497545093.0,4379897.312188818,68594065.0,1044406.5810015361,757284576.0,4851268.041819837
3068241300077200025,178474468.0,2081638.9932136238,1028355770.0,8438181.679733692,91382984.0,1093165.9083927465,1279214813.0,7322033.848409238
3068241300077200032,9780145.0,110077.63905744802,14569339.0,159585.59770345117,9526278.0,112885.28999053265,49714163.0,301525.62190634315
3068241300077200033,4678640.0,54579.583117082555,10588778.0,124885.84723313249,3997210.0,51903.77460131896,26700860.0,168121.44300900627
3068241300077200051,148727188.0,2069555.5524623133,946529922.0,9553195.768332668,76838301.0,1006352.3052943392,1212221228.0,9364122.414845653
3068241300077200052,64201969.0,761980.2916959296,102978065.0,1097120.0905084573,44225546.0,560425.8762004531,434893265.0,3184332.382345676
3068241300077200053,17790488.0,182246.48730827123,18117420.0,332232.82918986183,17381897.0,196760.9114938699,89980225.0,897919.0759142013
3068241300077200056,43079850.0,516862.59247700055,128194994.0,2252192.8268130785,31108621.0,396124.4283955069,273589928.0,2501265.137535925
3068241300077200060,44507006.0,748630.3460548588,97844853.0,1344791.4752001269,15428601.0,197526.88511340265,208126256.0,2227186.8489311263
3068241300077200061,151143822.0,1740766.1526946037,755583603.0,7181628.593663712,66994172.0,841061.3725403307,1034135871.0,6222745.563192995
3068241300077200064,35437860.0,417550.37657142006,109170959.0,1627123.8608455008,26916175.0,337304.3225300217,275560013.0,2543400.3702252107
3068241300077200067,191622118.0,2193599.461833515,1329836960.0,12405636.970970077,74989620.0,956237.1475232007,1478599560.0,9883955.87742904
3068241300077200069,128372885.0,1396464.5423610848,1628625770.0,12571674.060608776,62850917.0,775325.6962882302,1395397041.0,8438329.719627082
3068241300077200070,83985002.0,1004338.1070334584,1152894242.0,9844842.209454285,30845155.0,377207.2423441086,904693970.0,6293184.30645975
3068241300077200073,133523997.0,1271868.6686425598,1812665162.0,11222258.009640269,44028282.0,532621.9494622396,1383413901.0,6629458.3775953045
3068241300077200074,145766515.0,1526444.6746195317,1755032467.0,11414876.886835378,52254632.0,639780.6600583063,1486141522.0,7791098.2422452085
3068241300077200075,110499248.0,1039477.1523319333,1549645245.0,9462907.825651933,32784178.0,395832.77185284346,1186608810.0,5704345.135514667
3068241300077200076,93833966.0,942416.1453492974,1202246730.0,7402887.635217409,31908418.0,380967.1034954863,937793463.0,4362800.745595628
3068241300077200077,111721521.0,1530717.5366539995,1397788646.0,16825992.491569106,42382621.0,474813.7665053011,1143755906.0,11994326.121981889
3068241300077200078,223115303.0,1891784.0994244516,3091778855.0,15678100.554842228,63450088.0,763220.9928801544,2301418282.0,8779036.022198852
3068241300077200079,179291215.0,1775826.4779540987,2245428047.0,11450612.840186011,69040045.0,823019.8382576195,1679943012.0,7061791.586799142
3068241300077200080,75168042.0,981789.5204432997,176401266.0,2388550.3698246344,50774929.0,639940.7558294614,431184105.0,3140953.060787999
3068241300077200081,138968587.0,1154752.1959565412,1915989385.0,10709925.468803763,41246220.0,418949.9667001789,1441956536.0,6729084.825302055
3068241300077200083,254950658.0,2309470.771592512,3605122310.0,19925561.876431543,74619685.0,891710.3718768514,2566501228.0,12227738.465267364
3068241300077200084,184938340.0,1460330.044126245,2515563841.0,13629804.456043478,50415735.0,573236.5524015832,1860277362.0,7670327.140461299
3068241300077200088,136513767.0,1288443.5464025382,1721201734.0,10521796.490232872,45797236.0,526649.0333279651,1285107245.0,7080712.432048367
3068241300077200089,215843654.0,1556154.029489372,2869321579.0,13435192.914614534,53573788.0,627006.45477683,2174789042.0,7686303.555424208
3068241300077200094,125112422.0,1185986.155389922,1664987824.0,6890678.965501254,39668072.0,597796.754091386,1179796012.0,4679280.136678825
3068241300077200095,44147556.0,379939.04071168526,475864864.0,1634432.1423881191,11445560.0,132203.43658992584,382931375.0,875458.6816686003
3068241300077200096,87494707.0,947222.3095116288,827617119.0,5247765.348194941,31569099.0,367553.43277722556,703110837.0,3968077.071517733
3068241300077200097,36703682.0,730315.2250549183,238894974.0,3905986.091756302,11294624.0,134146.6856192403,240871708.0,3922271.1202396145
3068241300077200099,237996732.0,1602188.7840985581,2901845948.0,13786772.760093132,61610800.0,542796.8116110459,2256348301.0,8982190.975070545
3068241300077200102,119655619.0,851063.0085495628,1336204934.0,7385579.017004364,27389407.0,320524.5987657874,1084813846.0,3703647.5193884526
3068241300077200104,60453215.0,588623.8039479723,619424518.0,4914117.688546939,21679024.0,254093.01080125122,500200007.0,2788611.478524118
3068241300077200105,208152509.0,1399391.5908428088,2426177541.0,11295960.234256506,51946759.0,479486.1383281828,1970891201.0,6452329.565721961
3068241300077200108,88065859.0,1172682.11089142,520301997.0,5158083.851801221,29907133.0,339160.2826258107,597380093.0,5377331.301773204
3068241300077200109,312958680.0,2184083.5303838137,3463300524.0,68817374.23890291,67137458.0,785825.946771381,2939814758.0,9995334.269139634
3068241300077300026,174433446.0,1434154.0582997089,2530901544.0,12355855.978062373,48014125.0,571412.0854043153,1837451777.0,7450594.754733884
3068241300078100001,91778441.0,842815.5304282238,85009989.0,1363565.2062639187,82779318.0,799432.9793864199,424016499.0,3657828.501904661
3068241300078100010,22004044.0,282613.296193952,19656396.0,351340.68124717847,19296986.0,257885.31957695674,104049759.0,980370.547424413
3068241300078100011,30734594.0,372068.6758320358,35052493.0,590275.0588523851,27679735.0,356151.6552368064,161419557.0,1498017.4506909223
3068241300078100012,17922004.0,225929.61505043122,18168482.0,316046.7021940566,16020751.0,209147.1366237964,88835524.0,862687.3234008662
3068241300078200055,6286817.0,80786.76164812023,5306453.0,105146.33975690558,6244719.0,86876.09869264263,30635401.0,314978.62527520367
3068241300078200067,18054982.0,228956.60838867904,14913326.0,289724.2005103627,17879398.0,247420.39843900103,85945913.0,865823.7740433541
3068241300078200072,15251966.0,191832.08693784813,12176042.0,236613.4174979744,14992626.0,204632.4415065637,72166138.0,718142.5556988118
3068241300078200102,17673621.0,221920.86016607494,14067940.0,335963.76540311245,17380390.0,235044.43562362465,87475164.0,1069311.4464443708
3068241300078200113,11872536.0,146877.12278664135,8946656.0,170704.59984231892,11575002.0,154031.26022703102,56667257.0,553211.4841550787
3068241300078200125,14013885.0,173715.6998036656,11239897.0,268999.12315856514,13810336.0,186657.08133423128,69538606.0,827589.0423837481
3068241300078200161,15789455.0,196589.24838458252,15290632.0,283972.1490760167,15459336.0,203992.38693718435,77743393.0,745276.4227186113
3068241300078200165,10581290.0,133726.40945626676,10648675.0,200218.88623910578,10309054.0,137469.27921149033,51318872.0,500005.9408443433
3068241300078200194,3191463.0,33320.88686015198,3011141.0,49985.07957749683,3114473.0,36329.19115779601,14526379.0,132046.98404453506
3068241300078200204,31011394.0,336870.6234985001,29351255.0,492734.13748207013,30310513.0,355440.60815340764,141364488.0,1287668.1291972587
3068241300078200211,28444002.0,348278.913734012,23897062.0,551319.9253382703,27547025.0,360190.9205658425,139169480.0,1617932.9120842083
3068241300078200219,11263855.0,138842.3343460153,8758310.0,207398.42696331453,10937128.0,146100.28616744207,52784298.0,626059.8330299983
3068241300078200228,6438764.0,80644.35603398073,5108176.0,119603.84794850156,6245347.0,84548.53181757304,29777973.0,355711.2555477455
3068241300078200231,22132487.0,235426.87512333487,19490901.0,314183.7004881469,21596629.0,246117.26215121374,102391800.0,909672.8378394037
3068241300078200255,15663866.0,162739.2219367452,12550224.0,198865.498966165,15331510.0,172259.39217857432,71378586.0,629183.3164537428
3068241300078200256,9679606.0,120493.88901095142,7465261.0,139965.4619851952,9452038.0,127939.00712349522,45682788.0,455550.58585088584
3068241300078200310,22300256.0,281973.9130984986,17634055.0,325983.4816843702,21655210.0,296979.3949327694,109544945.0,1079189.6381552601
3068241300078200317,14769399.0,187266.92293492524,13165376.0,252286.7801034404,14486091.0,199356.5834066146,71689635.0,704825.3831285377
3068241300078200384,63137567.0,728780.408600533,60185408.0,1029194.8592705991,62253033.0,780272.5010429271,304581675.0,2672494.811306974
3068241300078200387,5096806.0,64719.32888865256,4070451.0,98735.49954568365,5040979.0,69003.97483724914,23971493.0,307512.7558737435
3068241300078200392,26160509.0,299943.50804979715,25847181.0,447658.2292387149,25547732.0,314722.916654974,124397124.0,1095088.3655648984
3068241300078200401,16859679.0,198656.54641423828,14447734.0,252780.93082047414,16369141.0,204899.20049669925,78899703.0,691524.7964864483
3068241300078200404,5223749.0,51074.47555650121,4421310.0,78277.20387555615,5226017.0,52885.072363501225,24941605.0,223735.16050111386
3068241300078200414,2758347.0,25310.158535190763,2355540.0,36952.236377257264,2760753.0,26673.800473426778,13287421.0,110319.42001106696
3068241300078200427,4476564.0,46209.99028305024,3630216.0,55595.57097527137,4339300.0,45697.93532391664,20741534.0,157044.17750779
3068241300078200436,10537596.0,91613.92498751328,9051320.0,141064.5079729047,10339993.0,95792.74021991616,48774305.0,386498.9084887484
3068241300078200448,10773173.0,121239.59176555752,8357466.0,126633.06336772727,10545560.0,126528.19896803002,50348183.0,394696.396787585
3068241300078200449,6371917.0,66064.60847706594,6046638.0,104327.90205348506,6315407.0,66999.95827039098,30963086.0,277349.314472129
3068241300078200459,6369718.0,54963.596460404646,5857501.0,78566.86850284875,6130233.0,53539.49626297972,31700776.0,260130.03816328885
3068241300078200462,27222453.0,328902.27604135085,25199686.0,446023.48925899534,25749991.0,339922.51637717243,133029920.0,1241162.7771770775
3068241300078200463,17680406.0,224959.9183230707,14660781.0,258464.25107267214,17438929.0,230471.14525385934,84379008.0,780942.4039599274
3068241300078200469,7909415.0,94627.19456170037,7423240.0,124741.8538341821,7606122.0,99006.42312536902,36735571.0,340237.2416684921
3068241300078200470,13489825.0,163729.10304164598,10785798.0,183794.67448106728,13238980.0,172463.0562162027,63609002.0,582608.9605732784
3068241300078200475,5019327.0,53673.875186743506,4218287.0,81007.91546395901,4909093.0,55913.79141747052,24605019.0,253231.53770166513
3068241300078200476,9282042.0,99573.49735794202,7604840.0,144621.34323763265,9114736.0,106044.05447752733,46347467.0,485018.042366339
3068241300078200480,18840628.0,196355.1528363438,18371382.0,335437.4612008072,18094902.0,203177.08466303747,92783634.0,944871.4240335424
3068241300078200482,114605051.0,1253005.8379253119,104550457.0,1968386.9516918755,108557158.0,1264731.7346763948,571709778.0,5848030.377467568
3068241300078200483,3251853.0,34675.97527513034,2689724.0,52305.93323711536,3149130.0,35706.88086750511,15897430.0,162674.76135497433
3068241300078200484,24935595.0,268279.9722978963,20074344.0,378854.3802384011,23874173.0,272204.72983147093,119702644.0,1230821.6860781272
3068241300078200488,47825429.0,477045.0190623224,45911040.0,724767.3848339895,45866332.0,460608.63798331475,245653160.0,2350476.27146849
3068241300078200495,4382365.0,54207.81724946562,4635094.0,82179.04724852926,4133168.0,55806.22959765491,20348742.0,194041.23712422498
3068241300078200513,11321260.0,142855.33374800993,11131332.0,197673.06858349888,9861118.0,130758.00252372406,55816155.0,516235.55611759756
3068241300078200514,9087620.0,116076.35857421666,8561461.0,149886.86403530263,8090631.0,107340.29776254411,44686380.0,427541.3972789351
3068241300078200515,10595598.0,129405.69375124347,10113065.0,184820.60349787303,10163457.0,133196.07912762894,50503560.0,473564.94639844797
3068241300078200517,9199982.0,111315.99988289831,8357917.0,146983.48650798234,9007744.0,117365.29167021404,44439429.0,410176.17752793006
3068241300078200535,5487445.0,67850.57218343567,5147757.0,88896.12672723332,4802062.0,67022.36759336921,26902341.0,253262.3906209346
3068241300078200538,5412805.0,63620.168309923974,4850470.0,88377.12387502166,5252375.0,69693.84911876924,26304861.0,249495.8851196044
3068241300078200542,12421687.0,139081.0960839207,12746670.0,201020.07507148766,11720247.0,140727.25688128837,61233189.0,541997.7397653826
3068241300078200568,16716282.0,201815.176594866,15764672.0,273121.3109169454,16295851.0,210266.84308031527,82609844.0,744838.65453552
3068241300078200590,8452599.0,101836.21548129339,8447224.0,147076.7101112047,8177447.0,103448.84807401942,42235902.0,397197.5703076008
3068241300078200595,19906403.0,240369.45846051315,22014888.0,372913.68876968115,19276953.0,245343.96277130122,98909636.0,899433.7991817491
3068241300078200673,3676128.0,41892.20234554342,3276055.0,51785.30708363533,3544181.0,44258.964023667104,17590759.0,148105.9506637584
3068241300078200688,65986742.0,787497.9471298974,343199968.0,3837582.5857951306,31313471.0,381037.43680152664,442305744.0,3374156.992606211
3068241300078200691,4628721.0,49038.08683048025,23430497.0,283914.2833603525,2998242.0,36377.81694071526,31843303.0,251829.57910611876
3068241300078200694,33239132.0,410384.9306350592,145192518.0,1827502.7625381118,16036257.0,197873.51953553082,210858023.0,1702108.3705228255
3068241300078200700,85408705.0,1018248.6581010321,551193832.0,5959584.97297078,44474130.0,541226.3201556709,651371392.0,5189511.539314794
3068241300078200727,4320537.0,49628.63304375553,4144454.0,70045.82212656662,4106111.0,51340.90686847427,21057214.0,185716.9258440795
3068241300078300004,6971586.0,115541.5392377575,43173890.0,941039.5068930573,4084275.0,48713.83648500494,52465134.0,887088.2386790175
3068241300079100004,28139133.0,358190.9009535754,22999188.0,468091.2799910261,26497566.0,366925.5492299504,131353820.0,1390527.5183140133
3068241300079100016,12777533.0,138996.17542086594,47336451.0,477623.8983610926,7434545.0,90265.39281765695,80571729.0,600270.7177243339
3068241300079100019,204323890.0,2506807.558188026,1572782850.0,13145682.470134646,118040251.0,1463708.8124871072,1720007603.0,11206435.298447011
3068241300079200033,5150086.0,66844.43441968477,4001198.0,80220.91081533261,5056679.0,71187.26151259251,26014665.0,278366.92727411113
3068241300079200051,7869446.0,101367.28032683018,11214598.0,168194.83634525354,6801733.0,100888.42805164719,37770441.0,308940.5824593444
3068241300079200060,15131980.0,201298.83154955544,14784437.0,317310.7850202377,14654178.0,212824.87821861275,74885395.0,846452.9425300395
3068241300079200062,15425677.0,201521.66330582422,15083833.0,288619.11723113124,15158546.0,207433.7716942592,74843940.0,769950.148616049
3068241300079200070,14116554.0,152285.15000438548,16072909.0,236884.00286939766,13474707.0,156557.90336722182,70058840.0,546261.587198459
3068241300079200084,12027988.0,162448.03277868684,14721747.0,251857.6673239236,11042692.0,169744.8028927588,57952003.0,532981.034634326
3068241300079200085,11416652.0,154143.9667534477,14033279.0,230547.53459128964,10336944.0,156441.0709596725,54734437.0,485911.37915300415
3068241300079200103,39958515.0,416403.62506194867,43005349.0,622270.7424790242,38611776.0,425882.0178704072,196897592.0,1495414.284536743
3068241300079200110,6962394.0,89920.69841972325,6095854.0,123104.96213143993,6861914.0,96555.75366262908,35975619.0,363202.185951366
3068241300079200127,5534560.0,70156.34914906447,5317302.0,101121.85657561984,5362516.0,72463.78198292176,26987160.0,263429.2660150854
3068241300079200130,12639822.0,174641.5460026265,14132825.0,237118.82727787248,11853289.0,178575.3268445741,59863345.0,548004.180902552
3068241300079200133,9347373.0,111975.57255464763,9128191.0,162070.31686831496,9376454.0,118108.35709483385,46090165.0,451366.8172885913
3068241300079200136,3980394.0,50212.83307177609,3998542.0,74424.20425810918,3886715.0,52182.30402545138,19503295.0,194636.7642051817
3068241300079200142,7579468.0,101827.51395849772,8536924.0,137398.28563018746,7052665.0,105561.76175581275,35137356.0,309490.1649209377
3068241300079200144,7853773.0,94495.98572747514,7441738.0,141047.19765195248,7656582.0,98530.51938691798,36736230.0,376815.545828184
3068241300079200147,16673465.0,215300.07384410562,15040722.0,317228.4004573325,16308924.0,231969.91077466542,79488363.0,841383.1495755443
3068241300079200234,15350583.0,197088.8806749054,12525610.0,253994.44708920125,14700839.0,205555.5457476342,72574823.0,768770.2601991734
3068241300079200240,11723394.0,148759.64010587864,9682021.0,191320.74229342892,11501248.0,154791.39795128885,58030193.0,632261.7216059861
3068241300079200264,12984934.0,170774.99526266666,10743749.0,207642.67451104044,12991190.0,180224.9908335004,65603669.0,666994.8236702257
3068241300079200265,5783456.0,74973.62358014444,4451064.0,92689.62765088017,5719448.0,79127.80052195028,27646963.0,295234.41915652645
3068241300079200273,2715598.0,33933.63352881918,2184178.0,40795.94535020928,2646771.0,35594.04322340839,13401981.0,135022.23474849513
3068241300079200279,4218235.0,49457.846682357485,3594003.0,52956.595200094154,4111497.0,49121.70920513578,20076684.0,154581.96426641225
3068241300079200285,9568671.0,125520.80970429731,7179113.0,147025.67951592046,9393354.0,132736.48966393422,46772356.0,504729.2780500332
3068241300079200286,13252099.0,170971.0828071027,10546367.0,215548.24452941748,12792393.0,180358.94813235628,63679756.0,687613.2641423366
3068241300079200290,5340767.0,69671.9550968384,4034779.0,83436.08735740707,5238900.0,75469.80876289809,24810072.0,268668.25853855716
3068241300079200306,25098028.0,266882.9760177692,23628075.0,348225.8049556092,25406265.0,281131.11179077066,125847679.0,985523.5993385275
3068241300079200314,7187224.0,95507.09551194293,6857908.0,146799.6500939832,6927882.0,98544.83529928401,33150905.0,360456.8402578047
3068241300079200333,6292290.0,96127.52997696328,6209333.0,110246.40901935408,5886414.0,92503.57249089911,29352525.0,282686.85770939523
3068241300079200334,8555771.0,118341.65195526138,6670855.0,147415.3303567532,8620738.0,125190.5170365663,42235312.0,464166.44509998267
3068241300079200338,156262248.0,1542568.33179367,147459713.0,1934954.877831234,156494415.0,1587534.1731855134,769221490.0,5304010.481706843
3068241300079200342,26594297.0,336994.4241222864,25942972.0,516544.4550891882,25848953.0,352518.61409487843,123383816.0,1243279.092020784
3068241300079200347,22128165.0,263506.2260640825,18881245.0,355353.4748177534,21805734.0,280503.4378828264,102677021.0,957066.2298234146
3068241300079200350,12186790.0,162545.93873363893,12166620.0,194834.9780061014,11604765.0,161391.31636776985,58080744.0,489097.02343183407
3068241300079200352,26692618.0,311159.9045923573,22257427.0,363692.64473088336,26661613.0,322018.36796984007,134858480.0,1202773.600446607
3068241300079200355,26269448.0,326527.0488846466,26588306.0,387058.00918219285,25066806.0,324202.44497421454,124942109.0,974340.7506978565
3068241300079200365,3374983.0,40641.161325384855,2718362.0,48578.8795369962,3431025.0,42265.12553024924,16741011.0,154031.73683520494
3068241300079200373,8836495.0,100378.472461614,8305612.0,140752.09420422875,8605328.0,102455.76661701307,40615737.0,356676.5394853337
3068241300079200398,8976801.0,107394.33103524082,8458205.0,135219.05600762228,8970809.0,112238.6475877425,42658400.0,352709.99457991496
3068241300079200407,95484767.0,1124310.1995500703,93575906.0,1449059.1531755973,94007763.0,1187658.4474136282,481878546.0,4125525.2803558772
3068241300079200408,71453069.0,735168.6732395348,66079374.0,958887.8930112375,72511873.0,773137.8359210222,359464630.0,2724374.249663785
3068241300079200412,13962434.0,178840.62430806144,12233697.0,232743.6953883013,13728802.0,182783.83168331237,65705880.0,600548.8014363836
3068241300079200413,4769058.0,62871.60918720559,4470037.0,83061.12851321082,4751383.0,65928.8106314102,22655110.0,220425.8551909245
3068241300079200414,4435738.0,58494.72274746329,3919183.0,70605.11490584316,4444656.0,60350.984663341646,21157949.0,200369.27846994277
3068241300079200418,4089086.0,58069.4725149985,4166405.0,92335.8375526834,3994500.0,63152.985959146856,20447699.0,244265.617634218
3068241300079200420,3014371.0,39447.04210636984,2893745.0,51461.133837117035,2976603.0,39791.13236405861,14273079.0,131783.62319838835
3068241300079200433,14131182.0,201869.4052457137,12602783.0,272679.23134926404,14448350.0,216700.3622049079,71296469.0,834330.9151632937
3068241300079200434,15291026.0,179563.0083190524,12961379.0,213281.87230711052,15621820.0,187619.76151580393,77289608.0,725426.1785265446
3068241300079200436,23900097.0,338821.24775556504,23738251.0,521029.38017992844,23453530.0,360395.55942181696,120225771.0,1417005.933453779
3068241300079200438,26363062.0,332505.21122613223,25199643.0,501294.35750153055,26048638.0,342251.73123730265,129746484.0,1366581.7645845586
3068241300079200458,33513862.0,390079.07412766025,32925297.0,515450.3780701969,32637030.0,407109.58718766656,167177355.0,1392618.6014121536
3068241300079200460,12515603.0,161911.28151569868,12573188.0,231893.0999141239,12432453.0,169591.98228810052,59566113.0,570083.204218298
3068241300079200467,52691698.0,733058.156996291,42295706.0,914228.0403285858,51619148.0,765435.4592818933,264680241.0,3011789.939810462
3068241300079200492,4784530.0,67530.07027591173,4783597.0,106065.11154129833,4684776.0,69292.24655023447,23970036.0,282638.95317277324
3068241300079200495,10918928.0,110725.69690508767,10447991.0,140262.23133757082,10922432.0,119407.50250080219,55068688.0,410785.37771764176
3068241300079200498,9625056.0,110938.15610230091,9067679.0,159478.61268655787,9640453.0,115413.87901909147,51469130.0,534037.6991730323
3068241300079200512,17357980.0,177160.24501683674,17305800.0,238743.4494477433,17353792.0,186700.19716431227,87382719.0,647692.0309920813
3068241300079200517,38859043.0,450554.6226424047,39708102.0,617774.1425034853,37898813.0,474226.8798650331,192636629.0,1597008.592817492
3068241300079200542,42316453.0,452927.53340481815,41802856.0,638810.950996233,42031026.0,471225.6708826157,211264693.0,1851712.8092563825
3068241300079200543,58577115.0,684501.172546841,59202897.0,922961.0546002807,56881050.0,710549.8640483273,287459695.0,2403497.5036349706
3068241300079200546,26761902.0,279952.34501546645,27423074.0,385744.43354044214,26149414.0,290453.19178395614,130284040.0,984470.5793465985
3068241300079200576,4548324.0,53020.26037651219,5110581.0,81744.82415109768,4350352.0,55296.03268864287,22800171.0,202364.87554681703
3068241300079200582,275242287.0,3908478.2233408745,1408890811.0,16276633.861247502,178658954.0,2608906.168848858,1807953483.0,15246437.13539736
3068241300079200612,7135568.0,95157.61493651729,7235317.0,150865.41193467047,6962277.0,99711.70552384386,36007156.0,387330.3080522509
3068241300079200629,4898189.0,65253.003206233654,5079532.0,105780.51190161597,4798243.0,68447.89907125145,24792564.0,265959.59987587907
3068241300079200639,20151767.0,187432.0140776845,26776215.0,419747.940976119,18921297.0,193679.00507946353,100380400.0,780995.3293805756
3068241300079200642,55197806.0,574256.5378611678,233336720.0,2305276.437349349,31375381.0,382856.04968731897,346030316.0,2138994.497401787
3068241300079200646,3338633.0,45298.67420120552,3079808.0,65145.66745983953,3233318.0,47693.367252239485,15594854.0,170597.36716438888
3068241300079200648,17836107.0,192524.69065812597,56737324.0,798972.1778520914,11547938.0,144919.5520311187,108417731.0,819348.596016057
3068241300079200651,102885023.0,1157364.310052027,906698296.0,7547771.415806206,66348020.0,754247.4968916704,890177078.0,6190797.123587777
3068241300079200659,51367156.0,606667.6605982108,220311145.0,2120662.6418449576,26331602.0,327019.08054990775,331550662.0,2164903.991367855
3068241300079200664,27177739.0,233378.39121802046,158046738.0,1216547.1587264915,10796496.0,129189.68202194694,191658003.0,972265.373821941
3068241300079200667,37598230.0,398622.85684523045,194085893.0,2264053.6460814103,16001178.0,191495.76967136553,254881810.0,1911714.0785611323
3068241300079200668,70639998.0,714488.8599254295,484571764.0,5022866.219766417,26975060.0,325074.8912835807,549345473.0,4030827.2735591196
3068241300079200678,5078758.0,66908.57549719304,4356949.0,90291.68743406876,4973859.0,70777.6890609026,24978749.0,267948.2661584028
3068241300079200679,5114014.0,67714.97372894459,4106369.0,83709.6534100806,4938493.0,70804.37320054372,24401272.0,270226.0696021111
3068241300079200684,12160986.0,163697.74814022108,10756198.0,226923.7327708644,11955964.0,172405.87797016924,60501574.0,661899.0549103678
3068241300079300003,21780593.0,243965.54501223468,90229303.0,1053884.7632516187,13086397.0,161301.87584762851,137373217.0,1001515.2022221459
3068241300080100042,47473565.0,551886.317651906,98354534.0,1065733.0736695426,35303489.0,440650.6230183927,210139796.0,1388117.5026768863
3068241300080100069,118770588.0,1478165.8058353295,225081469.0,2906877.2898349785,97300940.0,1340347.243392527,583870286.0,4560653.25770191
3068241300080100078,12839478.0,219555.49612031976,25427710.0,550256.6371580479,9920835.0,153861.98552340595,63165456.0,752710.7884681916
3068241300080200013,14016415.0,203208.83858520223,34422777.0,698051.6110248002,10460731.0,151894.40677491674,95738058.0,1114755.6058489536
3068241300080200014,4587113.0,54780.10037360961,6711773.0,88180.80924185115,3819774.0,53609.522878218646,21316961.0,168303.1062268774
3068241300080200017,3731544.0,284799.1057488982,3660427.0,66580.5464048862,3747552.0,288073.61529860634,21391153.0,213717.95943210542
3068241300080200021,115142417.0,1646868.4139195327,275613400.0,4563027.254104774,84715816.0,1241362.592805648,770239924.0,6842791.4695644565
3068241300080200022,19275806.0,231075.7778261745,28533298.0,371601.93404140085,16149419.0,227142.07927471504,90332365.0,703358.0995821937
3068241300080200025,14476152.0,171331.99369291065,21736082.0,279922.31759204617,12095350.0,170894.66645968208,68063486.0,523581.00334671175
3068241300080200029,20330179.0,234745.41856791885,28083887.0,351610.50019956543,17094026.0,240399.74020224487,95294085.0,703169.1709633667
3068241300080200032,6524198.0,397540.8564842787,7056608.0,214210.124260999,6532048.0,402700.66190664715,38682728.0,894420.6919149494
3068241300080200033,23108258.0,264868.7061711352,34326093.0,414898.7570424141,18781824.0,253060.00584505266,106766916.0,770277.6076338306
3068241300080200034,53235239.0,600670.2040086703,79451067.0,969823.3863589012,42308367.0,559966.8376513275,240191945.0,1682440.9590854172
3068241300080200044,300403559.0,3573960.5717956964,536871162.0,6634164.726660948,210708289.0,2692195.2663210295,1258968396.0,9224984.617383085
3068241300080200049,8006945.0,101543.26541738989,15783804.0,181821.213798395,5774667.0,75803.61076091471,34203847.0,230521.53622982118
3068241300080200053,7342103.0,448128.7273698124,7355776.0,230394.6544715095,7291676.0,450812.7237534211,41901522.0,1009165.648881119
3068241300080200054,15630000.0,204364.97087229608,21017417.0,315094.7485192785,14332947.0,203718.03193598017,78089263.0,641024.5026480305
3068241300080200055,87316180.0,1000894.417877853,165945618.0,1908181.0015204235,69981636.0,933996.9544285524,397632410.0,2901234.297499338
3068241300080200066,90053271.0,1048245.4976534132,175048706.0,1953389.7229149844,72472977.0,963971.2783157539,418527098.0,3041729.6329380353
3068241300080200069,16594388.0,207202.73716122462,27961347.0,359090.5762717064,14237945.0,195849.18975310822,80700476.0,644342.8496364002
3068241300080200072,11958694.0,139270.30216475241,20866207.0,225609.0449248501,10007073.0,137323.62309580302,56422933.0,411347.44619557797
3068241300080200081,205317272.0,2612890.418454966,374717812.0,5575753.990799111,156363849.0,2001148.8400182072,962173063.0,9068695.057369351
3068241300080200095,13434713.0,118007.0423674623,12555888.0,141671.82146874326,13636726.0,124691.77099181089,66365485.0,390907.2378524425
3068241300081100031,20139504.0,245863.31551946432,18323455.0,334264.86592612823,18651358.0,253060.6187361696,105411138.0,986363.4033382069
3068241300081100050,42807525.0,598251.4698168671,43902373.0,862286.505386625,41428664.0,609408.9099626063,205438324.0,2085458.8089259618
3068241300081100051,43979478.0,577611.1352916316,43399933.0,815839.0069105492,41676010.0,592036.8981024952,214041662.0,2068898.8885792098
3068241300081200047,21528606.0,295390.8225964718,20507704.0,392407.7296871583,20606329.0,299304.15582603123,103523203.0,1036737.6779957693
3068241300082100052,9811640.0,129974.12214435276,9513572.0,134260.823885051,9421715.0,137908.57457856255,49816366.0,380100.4574619856
3068241300082100055,4567962.0,62636.43610127819,4034876.0,57055.703679681515,4380513.0,63243.63427419473,22324788.0,164474.78608936208
3068241300082100057,5357018.0,72563.46982295492,4764747.0,66951.08569937851,5125301.0,73815.76948887108,25868363.0,187748.96775220003
3068241300082100058,11274908.0,156956.90049586777,8718273.0,169285.1076376621,10740042.0,161344.13840643343,57146065.0,560064.8602864092
3068241300082100059,36195907.0,485908.8614381386,34909305.0,491631.597936018,34542778.0,496793.64910245873,177716053.0,1272284.2064255434
3068241300082100062,96560399.0,1307622.3679605692,87284026.0,1602401.2655220705,90132103.0,1321989.3703338723,488474185.0,4629783.574096121
3068241300082100065,21951524.0,295076.1052549719,18577793.0,341357.9863340604,20781957.0,305636.1971172768,111171191.0,1018666.9125520837
3068241300082100066,29950647.0,403361.66512410506,24776582.0,350232.7670780396,28772424.0,422882.8033559665,143963359.0,1038805.6348057145
3068241300082100067,22388147.0,285839.8986611108,17391471.0,221361.8205049542,20948159.0,279206.377428383,103749544.0,746451.1859107763
3068241300082100069,38420011.0,537631.5347651422,29061884.0,421131.486261326,36027268.0,546578.3039371042,182217903.0,1474935.058635265
3068241300082100073,30200548.0,404883.1562812154,25621222.0,464656.0144678978,28777810.0,424293.042199123,151680138.0,1388082.9439724938
3068241300082100074,16403175.0,226808.82335975618,13522811.0,249848.23380237303,15626029.0,232002.45818821667,84375442.0,798740.5778827248
3068241300082100081,24064423.0,328324.62864712416,19864232.0,278911.8245398161,23178677.0,343613.73434453394,113961815.0,842793.7929910624
3068241300082100082,33148535.0,455672.1309100624,27855179.0,396592.4438634462,32051006.0,475301.0467178654,162547572.0,1209965.6631822886
3068241300082100083,27878850.0,378723.5719312698,23735816.0,436176.71559573425,26642849.0,395600.4218145582,145031096.0,1473659.8282306287
3068241300082100086,4386700.0,54147.14924403648,3554188.0,44856.08854659699,4144079.0,55019.871150392486,21003756.0,149656.08835212636
3068241300082100088,12245381.0,175578.1071614569,9757150.0,145142.70922564415,11477760.0,173001.65309152438,61582295.0,643586.2663115828
3068241300082100089,9040127.0,122683.26225119301,7829314.0,141632.71171653568,8717173.0,127968.32350423702,46268443.0,428403.554781198
3068241300082100090,20681909.0,259575.80442885595,16716173.0,217892.9809734588,19666585.0,261528.9528677906,97666745.0,706972.6108375868
3068241300082100091,19365112.0,262526.78349720826,16671044.0,230606.39427175774,18909806.0,276006.4260204404,94443722.0,687503.33248078
3068241300082100093,19515622.0,274488.20897345344,15217542.0,215814.29934430346,18633458.0,281667.8014778025,91447736.0,734449.9787618625
3068241300082100094,13252561.0,161272.99114232106,11266031.0,176928.51831026148,12847439.0,163767.76415840263,67929556.0,584809.9668607042
3068241300082100097,40512430.0,577976.8107645252,35435676.0,661850.2032522628,39561596.0,598107.516246635,216040625.0,2131187.6235591588
3068241300082100098,18437267.0,251772.76834301866,15767925.0,223007.21910104607,17890338.0,270495.249830697,87478294.0,657808.5802298158
3068241300082100103,46360547.0,636238.6644861902,39040776.0,721236.0074051106,44472998.0,663384.2182914529,235307221.0,2231242.5856787073
3068241300082100105,41874043.0,585264.5033993782,33677945.0,482430.9800140796,40962179.0,615376.006601851,202447958.0,1522841.2311577685
3068241300082100106,29115067.0,403660.05372763134,22992366.0,327311.8170656948,28121169.0,421604.2264830852,142415702.0,1089175.7531983526
3068241300082100107,15794146.0,217484.3904940974,13709797.0,252616.23653596005,15213758.0,230764.21375224215,78947155.0,756702.2511371293
3068241300082100109,18252914.0,252047.60094750213,15635590.0,226428.63736294527,17874801.0,268624.54901368124,85590835.0,637582.1814719918
3068241300082100111,29854114.0,409916.7245530717,24558706.0,456514.29851722805,28802500.0,435031.90510562155,147522463.0,1418066.3220465404
3068241300082100113,27680045.0,386073.1644241528,22386361.0,322030.61911536375,27340201.0,411459.6344193202,128741378.0,951393.3269140807
3068241300082100115,46147524.0,566925.1242387694,41041644.0,625573.695241105,45739767.0,587146.7337832898,236814121.0,1965568.7214063064
3068241300082100117,13990169.0,194022.59212517194,11507720.0,172991.7956564478,13704566.0,206661.30881584628,65430734.0,484960.94564469345
3068241300082100118,36993815.0,509566.9768822601,31160092.0,583932.9680515518,35746837.0,536330.2962572582,187139159.0,1805004.1098852626
3068241300082100125,132445914.0,1298708.0296952203,137696367.0,1750745.093701877,128099506.0,1328625.2195880816,703426281.0,5146925.9151187055
3068241300082100129,17288226.0,198482.80618440863,15852359.0,198423.2079855681,16835999.0,213027.79502208994,81861011.0,523707.27143479814
3068241300082100134,10449705.0,103268.97676506976,8682998.0,119819.10546332212,10081281.0,106794.6714217545,50007381.0,347213.16034330364
3068241300082100135,5074413.0,48488.58951820433,4441920.0,59184.05795197779,4923735.0,49999.04209580396,24091621.0,162701.82024846764
3068241300082100138,17203189.0,166980.62974960674,14558323.0,283657.8177729647,16981921.0,172862.25661178707,85713004.0,892352.3648546141
3068241300082100145,32161027.0,294483.2334606291,30121316.0,534411.7731548005,31627452.0,305719.5896281394,164349292.0,1623201.844575657
3068241300082100146,48013690.0,626468.4763446228,39622814.0,751912.5236308696,46297804.0,654405.0225046079,238466534.0,2345305.389623101
3068241300082100147,3282317.0,43465.42560548306,2494665.0,47353.57042052348,3118769.0,43862.60319108518,16029502.0,157411.09715721186
3068241300082100150,14560782.0,151926.4242909467,13288377.0,309571.2388663596,13966836.0,153813.65097557835,74450294.0,906459.7221414221
3068241300082100154,7510223.0,97349.09703762385,6502309.0,126410.12676821664,7196475.0,101410.40839712996,36410917.0,363352.2399190302
3068241300082100162,23594588.0,240944.23646024696,21875339.0,489056.2167478097,23117168.0,252625.0106821715,118966138.0,1445663.830088085
3068241300082100166,22958913.0,301938.9373746936,20572223.0,386839.1866240245,22028498.0,308334.8173222782,114787018.0,1124779.0674793972
3068241300082100169,24822919.0,252202.4746052425,21295852.0,472494.64042813645,24315333.0,259953.0285722441,126984530.0,1497990.767096161
3068241300082100173,22753458.0,229444.80856875586,20934797.0,463357.7416804349,22216479.0,240305.64170870266,115877355.0,1375075.3369992026
3068241300082100177,3781509.0,38018.28764241203,3953945.0,85436.92364658898,3657608.0,39810.00654278511,18570447.0,220097.19029669196
3068241300082100178,16042135.0,205196.05790718948,15418257.0,290404.3686155746,15377876.0,211980.07438145328,81335507.0,786154.7536699392
3068241300082100180,15609348.0,154341.6783129099,11995239.0,263820.0501446966,15327527.0,164791.79520437276,79117542.0,900230.5320236246
3068241300082100181,48368925.0,615325.9174550899,42141489.0,786497.5837592707,46230346.0,642373.0973555848,245558238.0,2353059.6469776663
3068241300082100188,19881742.0,250258.92237297288,17025838.0,313384.0143477189,19167444.0,261982.5163032543,101811313.0,953284.4439812836
3068241300082100190,55125797.0,692345.8060301256,47576055.0,894850.3567738541,52772839.0,717630.3768559288,281118355.0,2583254.3461952014
3068241300082100191,5938184.0,57749.31931667502,5634057.0,124031.09124500916,5699535.0,61250.4901296268,29276595.0,338619.7696326418
3068241300082100195,25073043.0,317246.1950760125,22998295.0,431282.3407940304,23903280.0,328405.4820994705,127365827.0,1182831.2472901274
3068241300082100198,35269454.0,343078.0560538719,30083075.0,656986.4305890284,34223194.0,360954.4238501559,179181228.0,1972636.18505533
3068241300082100199,36590751.0,458046.95355381793,29052133.0,533476.523271011,34760455.0,468538.0840555574,182923192.0,1673596.0651739973
3068241300082100200,19544130.0,250966.19681567955,19916446.0,377687.1557593527,18743625.0,259347.33421562205,102405294.0,988605.9212597786
3068241300082100203,24140661.0,233381.30567934387,19430758.0,425998.6869860653,23322315.0,245243.3478371931,120827092.0,1338144.923729135
3068241300082100216,19935095.0,196043.76360042364,18987031.0,419006.3494738627,19465187.0,209368.30303793418,95884220.0,1120631.6012581654
3068241300082100217,21223888.0,205843.91288862034,17257838.0,378155.2253894993,20507043.0,217682.58795103032,104398263.0,1155564.4274434517
3068241300082100232,21337536.0,276056.9945176741,21150919.0,396163.59319837554,20711650.0,284315.10501568817,111553530.0,1083553.4884385346
3068241300082100233,15104722.0,196035.70796244085,14653441.0,275249.9769772348,14559909.0,201900.87156561753,79237509.0,756592.03685789
3068241300082100234,46251087.0,569580.7039313532,37889954.0,689678.9142255436,43770886.0,589042.4084622074,231569050.0,2067461.2588530346
3068241300082100236,69700043.0,661231.9738005269,71897338.0,1522945.5276434878,66338287.0,683457.2164863388,370981257.0,4026828.26358517
3068241300082100238,23106170.0,219581.1113277021,17383741.0,379992.0085386024,22134637.0,231354.1656978358,111507448.0,1211395.4052080722
3068241300082100239,71668114.0,874280.3439131009,60563287.0,1091694.610165021,67421316.0,898728.2861182427,364254722.0,3207971.9789426196
3068241300082100240,14938339.0,183480.1268409976,14270038.0,253466.49452401925,14049007.0,186256.6014899626,77160507.0,684157.2601015856
3068241300082100242,23961772.0,307013.9842959728,22521358.0,421611.30100243946,22988191.0,311977.0869612653,126735369.0,1254263.1387141726
3068241300082100244,38505684.0,470994.1772737518,36454441.0,666453.1537772077,36161819.0,478158.01904714544,197559547.0,1743308.7896462893
3068241300082100245,12617916.0,119132.37608437214,10455025.0,226338.73683359826,12011101.0,121901.17941837243,62114752.0,664758.0438749709
3068241300082100246,17342631.0,213342.45878746884,17102670.0,309203.083768034,16191735.0,217472.654321198,87640906.0,787484.6374907003
3068241300082100249,17277338.0,218382.40611789472,16790872.0,309917.05756742856,16134587.0,220573.63412089134,88218539.0,830609.8353833149
3068241300082100254,14086610.0,137123.17713934503,13655764.0,297037.5544174428,13459148.0,138931.15286500935,70101889.0,785507.7357036589
3068241300082100259,15675415.0,152508.4048510301,15837441.0,341598.6339917034,14847940.0,154340.05531837096,78498924.0,875850.7556645302
3068241300082100263,8452300.0,85135.31209296008,7934721.0,176761.08960722075,7974386.0,83009.80380496461,41375838.0,466867.74410828954
3068241300082100264,15739551.0,199315.8978906839,13625540.0,248568.6421237174,14812222.0,201553.71441408913,81795675.0,746912.3582088536
3068241300082100274,27486063.0,265856.319787353,25270849.0,547042.7502759905,26408718.0,275117.32647882315,134918424.0,1515911.5980501978
3068241300082100284,34329466.0,446563.7314975648,27680251.0,515401.9074636244,32837790.0,457330.83227466565,177984182.0,1692416.6622529933
3068241300082100285,21529594.0,214851.27045346738,17612056.0,384711.62932417786,20805950.0,224484.89828712883,101051971.0,1187892.435194443
3068241300082100297,18570887.0,182900.3406450962,15502168.0,339938.2330282216,17854746.0,189809.0399754994,89296531.0,1064437.461268655
3068241300082100303,43619565.0,575818.2340793997,38002454.0,711853.5261132617,42458363.0,593695.768433556,233291118.0,2297275.7950053494
3068241300082100304,11384268.0,111403.13073996971,9474589.0,205596.70648936534,11027089.0,116131.19762448776,56110846.0,650451.1681970306
3068241300082100306,71634594.0,702064.3221762724,62578022.0,1325426.397486495,69155512.0,723727.7926423176,348028735.0,4105431.1708300896
3068241300082100310,14657905.0,143144.40900534182,11521008.0,253801.75010645785,14399512.0,152952.78690194577,69592722.0,792387.1834563264
3068241300082100312,19899358.0,194796.96931236086,16525088.0,358453.3477466932,19415303.0,207107.1861674491,95847271.0,1086376.989149761
3068241300082100315,33368965.0,330835.5147604499,27121662.0,593837.2166058081,32411876.0,347809.47222462075,157563459.0,1781396.106871438
3068241300082100316,46405502.0,462734.8504282029,37373585.0,822822.0012922335,45548376.0,490514.90666870895,218000986.0,2481969.8403617227
3068241300082100320,45909752.0,464628.81863793614,36680247.0,809596.025593656,44823561.0,481175.40547603485,221443416.0,2561323.502065906
3068241300082100321,25126997.0,250464.29303409357,20706770.0,458612.51393820747,24563897.0,267302.0709930336,118555677.0,1335502.472329857
3068241300082100322,16036003.0,159415.44443715905,12742874.0,277458.1605944425,15586163.0,166338.10646425333,76478913.0,888138.8558060948
3068241300082100324,15775187.0,159073.6062762346,12968524.0,289845.02701716626,15404668.0,166293.40076682792,73500549.0,823865.9694636932
3068241300082100337,18647825.0,208424.34560366088,18429992.0,362917.2050931119,17890157.0,210931.67893611925,95324264.0,1007590.3288560224
3068241300082100346,6476071.0,455933.40171697066,8373797.0,136969.0126771156,6313451.0,440688.9219237853,42464320.0,354229.87799657654
3068241300082100407,3708178.0,112385.03595768505,3730695.0,91432.14213527058,3608618.0,108276.8710034486,19282810.0,259668.67457391883
3068241300082200050,14988896.0,159748.574714503,12372960.0,165656.69635319064,14559231.0,165683.84474011554,72814777.0,545548.9065934941
3068241300082200054,32917471.0,436847.9175654034,28554490.0,516204.34667371947,31254138.0,454539.6795954108,166851786.0,1511292.6638595294
3068241300082200062,31751664.0,423653.7139175827,26348271.0,479811.36139128107,30095356.0,437996.7708821874,160915607.0,1479555.7179920364
3068241300082200065,21935612.0,298263.95525685436,19124320.0,269680.9899594275,21267183.0,314023.727556941,107368142.0,789242.8692590954
3068241300082200068,4840169.0,64426.57495049281,4428847.0,61923.65396593805,4677313.0,67570.65262694462,23877923.0,169851.65213534873
3068241300082200070,11565581.0,157299.73920062577,10557139.0,152251.54371353047,11205096.0,164923.41777215505,57141817.0,426526.96750004555
3068241300082200076,3471058.0,47263.70508467313,2718051.0,39587.33067415935,3325179.0,49976.122269154126,16512250.0,128317.62729274173
3068241300082200078,17290118.0,236080.83203892995,14151784.0,250712.5834070841,16661888.0,240188.8541864804,91940479.0,919171.0927122051
3068241300082200080,9766822.0,133394.01201587703,7774492.0,111953.0694754668,9330118.0,140109.04551638186,45904404.0,348609.3548664587
3068241300082200082,18585417.0,255407.23646101684,14639849.0,205664.7040819294,17700860.0,264962.7494750805,87016395.0,670237.592319147
3068241300082200083,28762747.0,398500.41405354405,23239748.0,428423.5538714158,27327276.0,405664.3573116856,149831312.0,1424113.5792932673
3068241300082200084,5712607.0,78244.83821996325,4817316.0,68745.07631399948,5490500.0,82008.68505473297,28012600.0,204982.31372498567
3068241300082200085,20752585.0,284330.0306198165,17528232.0,250119.93227676422,19950624.0,299644.359207311,98244011.0,727141.1303277612
3068241300082200089,3435679.0,45885.24199169909,2974129.0,40760.08007706187,3334865.0,50017.962930939575,16360903.0,127330.23682785699
3068241300082200091,28781203.0,401239.7340156695,22986109.0,430867.2094267805,27583991.0,412703.75202531804,149591941.0,1442797.9322630586
3068241300082200093,26658944.0,366857.8904427965,23033914.0,326260.7912924927,25906147.0,383118.7578798686,126980224.0,951034.1113652675
3068241300082200099,20243080.0,272390.299516747,16115446.0,300382.318073213,19536659.0,289823.05235358374,100872055.0,953267.7392159239
3068241300082200101,14143634.0,191526.18021442834,11281818.0,206392.3470936249,13428463.0,197671.48529360455,71593006.0,678953.1558384576
3068241300082200102,11732382.0,124979.71584610495,9620199.0,122764.93922210543,11418159.0,128369.62776044017,57348760.0,401910.60449792224
3068241300082200107,19763708.0,281139.5465360974,16957620.0,317923.20834235067,19386619.0,290045.20903833985,105883759.0,1041592.2520760129
3068241300082200108,26281470.0,362038.05081356154,21279421.0,394434.58122347994,25024572.0,374173.0103380811,135734839.0,1302525.8277439643
3068241300082200126,33716538.0,462252.890890369,31740042.0,454740.0143492221,32598457.0,477939.61263535987,152245151.0,1119867.437943731
3068241300082200127,9156978.0,115409.42833453261,7670758.0,128723.84355269691,8910982.0,121482.80449865854,45246109.0,399931.5844709429
3068241300082200130,16186309.0,196643.23673924062,13009278.0,166910.77112981034,16108381.0,205507.17505062016,78397705.0,514402.850889335
3068241300082200138,23374125.0,221356.60312901143,18007663.0,347406.40734133753,23035360.0,227629.50438578377,116319164.0,1217902.798731653
3068241300082200139,28809199.0,346336.29037303623,25616817.0,436223.3388766517,27975817.0,355626.05776850216,141529116.0,1243467.839200868
3068241300082200143,12827950.0,156267.8418326059,10989681.0,192581.63443130875,12258239.0,160756.93450525706,61198944.0,553833.0325684319
3068241300082200146,20667176.0,212254.93609594734,16423336.0,366385.737324572,20057179.0,221178.05958903366,105222822.0,1224990.9406738481
3068241300082200147,19402904.0,204115.05327885912,16561922.0,369117.1695196724,18770892.0,208015.90835992727,97498460.0,1175520.2084552483
3068241300082200149,7422657.0,95741.66822061056,5746072.0,109608.23364438274,7048998.0,102008.54647047157,36089444.0,358217.2858132521
3068241300082200158,46159027.0,596857.1823636479,38675101.0,729852.6118064395,44296332.0,627122.1415577396,232619333.0,2265594.060307666
3068241300082200159,45489515.0,582788.5671649451,37332917.0,708868.4368032952,43898303.0,614107.9199026772,228785574.0,2214275.8425622415
3068241300082200161,19739290.0,197951.30148114945,16565784.0,369785.04941852996,19374699.0,207906.53283861186,101488852.0,1176847.6351104723
3068241300082200163,10431884.0,104306.75123017056,10016647.0,221821.73348758701,10073838.0,110203.64944544365,52531953.0,627455.310516639
3068241300082200168,8071132.0,102757.00975322063,6084999.0,114394.41633138285,7720954.0,107451.11936393607,39915955.0,390801.7104668639
3068241300082200169,20691907.0,204421.09316782828,18314209.0,402201.54467200296,20016524.0,217381.98867095797,104269352.0,1210117.9976875465
3068241300082200171,36305684.0,362836.9315926253,31448331.0,687260.9657975509,35469221.0,373686.44418366865,186563809.0,2160123.9139380967
3068241300082200176,9290517.0,117878.34012880338,6791780.0,127121.32858292865,8939777.0,122683.06524648392,45940133.0,425378.75794205425
3068241300082200182,42393255.0,417391.2572546099,39813895.0,889914.859310842,40726533.0,439460.74595381005,205683081.0,2444920.5426634
3068241300082200186,12970305.0,127736.46826660962,11161989.0,248315.58892081,12585396.0,133639.1472241808,66942635.0,733831.8354394707
3068241300082200188,8670016.0,110301.53891707257,6580146.0,120746.03938026575,8284799.0,114803.57255419865,43236047.0,390821.098750859
3068241300082200189,29621030.0,370649.1522542454,25054017.0,462562.46649886115,28393607.0,384709.4631290946,150505026.0,1377076.1671379893
3068241300082200190,5505000.0,55142.767400013756,5456930.0,125770.19537130251,5339672.0,59205.66132964603,26812118.0,321335.5540461674
3068241300082200196,11966410.0,115334.85458935768,11176982.0,249855.00380611207,11457375.0,125788.05035470071,57258165.0,667377.8114365564
3068241300082200206,57642329.0,549937.1163177869,53162871.0,1147689.365841916,55263234.0,573933.5977054618,295249165.0,3160324.5039232485
3068241300082200208,28756173.0,357179.7857967786,22429489.0,404558.1551779486,27430298.0,372311.85765003803,144022710.0,1298983.7974176568
3068241300082200222,29540382.0,260944.3326606168,27387867.0,432381.01646063436,28695707.0,269766.36348529725,144919063.0,1206764.038350836
3068241300082200235,13943301.0,136900.3323918523,11718277.0,254498.35600538267,13428638.0,141642.1435846554,66382306.0,735196.6920437953
3068241300082200238,21338864.0,273764.2033339641,18498832.0,343495.99260116613,20538368.0,281511.78227839665,110110885.0,1062822.8078915996
3068241300082200239,9305404.0,89306.47135491247,8961951.0,191809.72170738253,8864698.0,91228.97541380761,46912503.0,492255.12694085075
3068241300082200241,62025888.0,762444.3066718391,54293580.0,984533.8947303032,58132628.0,776879.0806538262,317565974.0,2859544.004931311
3068241300082200242,26130342.0,334875.1782658521,21447969.0,401673.4171149626,24836344.0,340181.53230220976,133469945.0,1266027.955330897
3068241300082200246,38063856.0,365609.4202476689,33994342.0,732997.6142229511,36250547.0,373468.4809710868,191259766.0,2093343.0761742056
3068241300082200247,15354601.0,194957.18980757223,13600370.0,248000.36472482394,14454404.0,197364.47284211492,79155083.0,716769.0194299105
3068241300082200250,13483034.0,133439.62380976332,11068118.0,243903.63748205168,12685044.0,135733.8251618521,62433280.0,747623.2578493648
3068241300082200251,77077515.0,692924.8372967583,65675816.0,1203085.383902188,73890755.0,713163.0844486492,392704857.0,4042904.6858673603
3068241300082200256,22709499.0,280473.5249739506,19417463.0,355723.5413113093,21507101.0,290843.02385222516,115269204.0,1053932.9471419058
3068241300082200259,45375595.0,558823.9422327108,37477185.0,675017.7711969083,42918210.0,578919.7121515002,228477141.0,2049747.2516890825
3068241300082200264,22533309.0,278441.1549815689,20854844.0,379630.0371927715,21328052.0,288390.5265134933,116962277.0,1058434.7891859687
3068241300082200269,15325469.0,128113.87968207555,12543929.0,188666.1942639949,14872681.0,133260.9677384075,74141599.0,593399.7842703058
3068241300082200271,23534464.0,291762.1592595782,19543339.0,358200.42497971933,22068879.0,300002.38648590876,117753751.0,1078029.508885608
3068241300082200275,23213921.0,293661.75678325817,19571903.0,357113.46044461697,22084634.0,301339.9345439987,122668682.0,1155057.8049559249
3068241300082200276,6160168.0,60482.95227742941,5094231.0,111745.52387446625,5941748.0,61540.53147422969,29771538.0,335735.17441933573
3068241300082200278,12817780.0,122831.6122059956,10871660.0,231977.3288069145,12469964.0,129867.17852655271,63150381.0,701335.1795371025
3068241300082200280,36245669.0,353019.9548095109,31818690.0,695522.3612023572,34924554.0,369776.43783103756,180299858.0,2105222.316899133
3068241300082200281,59059898.0,627752.3437910966,50422425.0,803828.862227754,57315942.0,637394.1349822652,307782055.0,2710125.8560088165
3068241300082200285,20932186.0,206085.71321948207,16593504.0,361106.3393136465,20389828.0,220588.91730555356,104390086.0,1224778.7994059634
3068241300082200294,19202579.0,194061.9435905468,15585568.0,345895.46434939443,18565674.0,206298.35613502888,90431428.0,1078994.8313620458
3068241300082200313,26620494.0,256873.54691101107,23693257.0,504624.2409131352,25786380.0,268349.7364020103,123942400.0,1314982.2054424742
3068241300082200314,23175271.0,209025.64014969027,21828495.0,438935.6107356954,22379187.0,220285.17097827565,109292241.0,1088466.270707916
3068241300082200315,9126797.0,80141.21547158799,7380982.0,145386.0244778534,8884871.0,84679.79255413507,42678285.0,428618.3077392921
3068241300082200321,74189.0,50292.57767062639,1256333.0,180463.70794116694,72335.0,49120.5424318982,7149463.0,984053.4866703227
3068241300082200378,95181.0,76916.45279733965,1557720.0,249691.68680033082,92537.0,74792.8754182326,8364632.0,1305517.7700758697
3068241300082200380,4899450.0,57861.01354574116,4125230.0,84985.28826534805,4780194.0,60917.53337070466,24646704.0,269124.55246749916
3068241300083100050,42606500.0,383939.5653140689,37338659.0,654795.1734056836,41082176.0,403434.53547463,218077650.0,1910357.6887955721
3068241300083100054,12174061.0,111964.44853917786,11517570.0,197591.3710698719,11535694.0,113779.71619071835,61900520.0,535570.4685646109
3068241300083100064,16308103.0,152135.9978447453,14103405.0,248098.73416332938,15751852.0,157171.63302822268,83735197.0,752110.7900518148
3068241300083100066,22300015.0,203522.49486637753,20810848.0,359488.1612982464,21590593.0,213704.74831921564,117358743.0,1038865.0411781645
3068241300083100071,53519163.0,509953.5504024501,44333302.0,786622.0591151352,51777663.0,523638.9308837126,287586434.0,2808037.262663943
3068241300083100074,9825764.0,93447.55529173935,8318987.0,147995.8608487075,9482550.0,94519.15555718397,51392607.0,457314.3718455279
3068241300083100079,36247182.0,333724.70727731066,32219601.0,560021.7207767591,35172068.0,349593.5618254835,190247356.0,1748625.820193643
3068241300083100080,4644026.0,65088.58464535144,3510377.0,53074.95436911176,4323620.0,63701.78414602656,21419341.0,168269.1569912911
3068241300083100081,17975643.0,168059.3007806535,15887708.0,279413.7602801438,17378959.0,177142.17942551515,90553537.0,815586.0000465083
3068241300083100082,11116778.0,109673.21523676174,8599225.0,148079.1637503494,10609334.0,110501.2380030309,56752323.0,513444.55510476616
3068241300083100086,10894632.0,103106.83315341746,8762536.0,154498.0814776979,10465227.0,104149.36003321013,56462823.0,505491.76578600914
3068241300083100089,44550141.0,377166.3840626602,37755329.0,550548.3684571962,43538309.0,386129.49876319466,223675770.0,1784677.1466473178
3068241300083100091,36963548.0,347541.8334414936,30299258.0,534989.9910236959,35880281.0,364215.28666344105,194845992.0,1786559.9261126148
3068241300083100101,33765105.0,317192.21991986217,30526992.0,541193.7505534514,32619819.0,331976.09712644236,169856438.0,1582204.008423945
3068241300083100102,30836800.0,287243.63006228337,26150547.0,460568.5290253303,30207998.0,305177.1926752161,156812379.0,1428887.8104604087
3068241300083100112,6372905.0,60107.64144763119,6155644.0,109533.83764312317,6153676.0,63450.58843912913,32229697.0,307171.289942732
3068241300083100119,7513946.0,99440.80427825828,6960636.0,129461.12296817172,7300411.0,105782.32068792115,34421359.0,331062.77700005274
3068241300083100124,4874995.0,45770.17035232798,4253236.0,76038.14963285904,4764986.0,47940.62016017073,25595089.0,268451.9109737678
3068241300083100129,19669657.0,250239.73428923418,15964123.0,216712.37820990817,19522260.0,260024.3669541244,102090922.0,914438.4754589656
3068241300083100132,18126638.0,154004.71826346952,15220715.0,241764.84409527187,17934407.0,157125.78996474599,92605360.0,752099.2780533507
3068241300083100135,18910147.0,164073.07824899198,16304320.0,267618.6115720595,18808874.0,167089.46050176624,95087655.0,792835.0300024725
3068241300083100139,42808481.0,374817.78275221755,38025103.0,579012.6982484941,42102648.0,382051.2417667083,209456301.0,1800402.10849139
3068241300083100140,122562538.0,1205032.0238091869,120024784.0,2359612.4991058977,120715464.0,1242829.6191601881,741531110.0,7939884.389174795
3068241300083100143,21465431.0,269422.2041475952,20243306.0,485512.2574832386,21172723.0,278616.2272518832,113038171.0,1485546.5253944737
3068241300083100144,10387395.0,100023.14541171693,9720599.0,189379.33094644587,10293664.0,103564.98426485738,50910637.0,517041.14764319576
3068241300083100147,8794978.0,125060.64842618864,8371931.0,224866.43254838686,8686757.0,127870.52633709164,44573407.0,642708.9951141509
3068241300083100148,37026795.0,530502.6980965516,33172027.0,896462.577493184,36680212.0,541893.9352481422,184772180.0,2729664.3355893767
3068241300083100149,24996968.0,233708.38398220006,22856010.0,385566.02612642,24641429.0,244410.51408057462,124359506.0,1164721.8955821714
3068241300083100157,29136938.0,317301.66026805114,28762627.0,681081.3268047387,29032877.0,324599.13225604355,165553497.0,2379218.4732048507
3068241300083100162,25872635.0,362415.73769420583,24117868.0,663198.6388053765,25603909.0,380961.389448556,131301082.0,1964205.5526395184
3068241300083100170,15918106.0,214133.73021637724,12980226.0,355332.641332748,15516279.0,225263.00598247224,80844825.0,1135516.1212698175
3068241300083100178,38212935.0,394640.9513112534,36816331.0,822229.6667740301,36453923.0,391715.7678811265,192080666.0,2272476.9691884094
3068241300083100181,3172288.0,33342.72524291763,3155397.0,71204.70208879623,3128748.0,34691.987321363005,16190025.0,204755.33379082513
3068241300083100182,46212940.0,439908.52460218885,45525354.0,799183.3028173338,45307956.0,456542.838044517,230915901.0,2314292.436674941
3068241300083100183,20243397.0,209668.11503578856,20150179.0,381481.32370416546,19510260.0,217774.20585886072,100032452.0,1011100.9814596453
3068241300083100184,25392503.0,265228.63322611793,26064411.0,597286.4309678229,24982154.0,273618.31917879067,131258485.0,1635731.2416687594
3068241300083100187,24468877.0,323993.7332453789,21743160.0,579454.9374623136,23747160.0,336488.2307432164,124889163.0,1718494.24021816
3068241300083100189,15473743.0,160708.09423303048,14861447.0,331947.9373531331,14863038.0,161343.11278435445,84064754.0,1065014.359601645
3068241300083100193,15570469.0,204956.87132556556,14178528.0,377217.20177455456,15057688.0,214867.27513449054,76605327.0,1050692.1592693352
3068241300083100194,14202697.0,197000.6836822666,15191287.0,416322.7851149867,14048787.0,203138.48329694383,75383939.0,1107365.0348675442
3068241300083100196,18963309.0,249274.51082563718,17898028.0,477828.58712884993,18210044.0,261926.35343072593,92978180.0,1300132.5118658084
3068241300083100198,5971299.0,79451.43954768169,5621178.0,149492.82614413128,5758707.0,83151.00317242999,29172275.0,416441.54621378926
3068241300083100203,31027120.0,401940.48425800155,27976770.0,738969.9471639857,30157497.0,422106.5058099019,161671647.0,2132330.7120950874
3068241300083100205,5904628.0,60017.142074287476,5880942.0,128100.27518164006,5653448.0,62212.04166148782,27888508.0,318662.6154026342
3068241300083100211,3012602.0,39022.10702199799,2597509.0,67012.41785359145,2933575.0,41436.95989857034,15309283.0,198971.01395800218
3068241300083100216,3845406.0,50901.211511683265,3950363.0,107427.24106151672,3784755.0,53016.65028412564,20425898.0,288377.54512018315
3068241300083100222,3546655.0,46050.84488810878,3077615.0,80650.2824535785,3389075.0,48470.26009922614,17182718.0,232876.98068854745
3068241300083100223,12289230.0,159522.5522990666,12438464.0,325329.1568887059,11821860.0,164008.99563884502,63120452.0,832086.5141502699
3068241300083100225,61471620.0,663868.6200973782,54945256.0,1040005.0870802284,57086020.0,645649.7563323544,280551890.0,3029621.361261455
3068241300083100227,17944673.0,235528.34838694392,19422715.0,522954.00165051,17375316.0,243256.2352773721,92805085.0,1267548.6050220903
3068241300083100229,27876532.0,360268.50437620166,22729016.0,603718.703475974,26906073.0,376123.5088251159,137529348.0,1838737.061368836
3068241300083100230,43352399.0,572288.578209052,41398637.0,1101614.9243111578,42190642.0,606339.7456100873,214730568.0,2967147.4681311753
3068241300083100231,31861926.0,317084.69176614436,32565094.0,717827.5928981205,30961759.0,328105.6309771577,162876287.0,1916903.6414769907
3068241300083100232,25877762.0,263148.7550141819,24204098.0,451368.9271528692,25027031.0,277535.1516482195,121844779.0,1188304.5974204442
3068241300083100236,32324607.0,411121.32894321525,29929225.0,780720.6097318139,31069109.0,427734.8598473636,166493190.0,2120349.0072062225
3068241300083100239,18404575.0,179316.25864148597,18402313.0,399898.1716193069,17630912.0,183247.1471568505,90573118.0,1015705.5983439065
3068241300083100243,19500325.0,191361.3531079102,18834122.0,402030.6862537366,18919248.0,200240.77543101727,99440538.0,1096688.8886781633
3068241300083100247,14951076.0,186690.05868258403,12772566.0,330778.52171215706,14240684.0,194763.70181049794,76016631.0,954852.1742892953
3068241300083100248,18928882.0,192328.65007662337,18917096.0,351410.36998560705,18430306.0,204648.29586208164,89472548.0,900399.3575753791
3068241300083100249,9289647.0,123452.83677539123,9285796.0,250603.40205860272,8902325.0,127609.76593954414,44152890.0,628602.5236827348
3068241300083100254,15648027.0,198134.1236711348,14927852.0,392087.9793565093,14910364.0,204387.80560676468,80631047.0,1010833.0506789595
3068241300083100267,7913344.0,80722.02757603231,7137553.0,124818.58665661713,7584892.0,83281.97658764062,37076167.0,361981.875725033
3068241300083100274,21427112.0,276450.45192110783,21695336.0,562768.9064736798,20488460.0,285650.9348626098,110934634.0,1428345.416783363
3068241300083100275,21863842.0,279897.93611216586,22170901.0,574562.5355056761,20719977.0,284626.46705929376,112609808.0,1448907.9279455782
3068241300083100276,85703074.0,902085.0087568294,74263844.0,1600563.0628730408,82625716.0,936984.9132222349,428726033.0,5038956.707312481
3068241300083100279,2846200.0,37370.20667122888,2599041.0,67630.32709483294,2744012.0,38502.7812738805,14817774.0,198668.71171396654
3068241300083100284,24472390.0,307085.5627885843,20761022.0,541709.6389397284,23481588.0,325942.24466204335,124153468.0,1615150.8516697567
3068241300083100301,18036908.0,216677.5217126457,15115581.0,353229.0290684569,17706252.0,224044.38139862783,92909137.0,1174573.2185330782
3068241300083100313,20649105.0,266962.6134602293,18312350.0,476834.66823385865,19684679.0,277959.71318541514,107395199.0,1400572.1750874512
3068241300083100314,3939869.0,51465.459874891276,3443033.0,90119.60825417413,3780680.0,53361.85355744005,20416163.0,273664.2515703997
3068241300083100315,39743554.0,529014.1441100717,32128238.0,851536.6823212579,37965523.0,547451.4785618739,195731575.0,2765514.611413523
3068241300083100319,21506029.0,184351.36205632202,17989085.0,321313.36511845444,21055573.0,191183.43820677372,102675552.0,983813.6702060348
3068241300083100322,18201560.0,242122.76009205563,14885820.0,390519.2122360492,17221111.0,245179.67471788064,91146588.0,1260237.7241834048
3068241300083100326,89536923.0,1175246.0705679255,78289401.0,1993679.873970731,84858876.0,1196343.3592421927,484277444.0,6397792.828082039
3068241300083100328,13417092.0,184729.4348606076,11727871.0,317201.5451769268,13204710.0,189332.03386757025,70969493.0,1001660.1842134991
3068241300083100329,19985244.0,259042.88820148847,17854241.0,456459.95447276474,19421052.0,273913.5247922656,102785902.0,1363313.1221371177
3068241300083100336,19767193.0,272231.5353970953,17384020.0,473448.3961746856,19673341.0,283212.07330716186,106254183.0,1510154.0692944888
3068241300083100340,23259938.0,305730.6541869496,19616678.0,514857.7227751522,22772544.0,324773.99771894753,118725508.0,1601450.0652413256
3068241300083100351,23400816.0,309722.64355335425,19464401.0,506567.4800875711,22875527.0,328044.8469571503,116759119.0,1569419.0072330732
3068241300083100352,10302046.0,135464.72169436736,8397902.0,223030.22374133507,10030556.0,145135.32952663998,53482118.0,724562.5453949205
3068241300083100356,8565084.0,111609.1655704829,8091093.0,213294.6445951469,8289704.0,118828.81789756425,43079879.0,590988.8322323997
3068241300083100357,11359932.0,117974.32414262941,10458224.0,190903.64344960736,10981390.0,122765.93188012636,52309834.0,529842.6583144282
3068241300083100363,21066482.0,284850.85203342536,17133875.0,447907.3334661883,20876094.0,301845.92046260583,111672521.0,1511922.327248413
3068241300083100369,15796585.0,146058.1262400891,14488139.0,231114.34777488332,15771766.0,151436.76247674305,75847615.0,622260.0678931786
3068241300083100371,19189979.0,210344.07017846036,18214340.0,348423.69975849293,18772059.0,217125.11119178636,87705600.0,891275.6089174458
3068241300083100372,12732767.0,177512.46239369485,12582349.0,341515.43507741333,12434490.0,183423.6385383125,62421446.0,891207.960645514
3068241300083100381,14193533.0,184399.36983346107,14210352.0,365225.15949754725,13809410.0,193346.04792758496,70441505.0,922955.161926775
3068241300083100382,13543497.0,161017.43836826863,11927227.0,275968.3728087442,13345300.0,168487.31445305818,67568816.0,783714.7004967604
3068241300083100388,7287008.0,99846.57448625911,5913243.0,154280.81851274258,7254904.0,104414.63247073276,38798259.0,531654.2677520128
3068241300083100395,12846375.0,146986.25415329647,10549977.0,230812.36769958024,12666453.0,152025.04194536223,66740358.0,771970.6097103122
3068241300083100408,26321744.0,286685.5749405535,26574760.0,452000.66168016696,25902295.0,298109.4849132926,127884024.0,1131611.0282577313
3068241300083100414,4375293.0,38678.493549842446,4244073.0,61633.64808453225,4312576.0,40174.38655967084,21067392.0,154305.50053436492
3068241300083100417,51593901.0,585352.0999348823,46884332.0,768191.811261052,50379983.0,601383.5883607282,254930957.0,2188942.068026205
3068241300083100422,7350304.0,89617.34899085446,7158576.0,119884.53544255302,7134392.0,92433.47376571661,36023397.0,324574.1336449908
3068241300083100426,3023450.0,39312.33184568753,2974648.0,52282.42993289766,2937943.0,40416.12399257834,14796281.0,140291.49752738726
3068241300083200047,39587242.0,363713.48539825395,33941069.0,591862.048880956,38408556.0,383488.3892015348,199490237.0,1741399.3173962238
3068241300083200049,28047965.0,233774.8339151069,23743595.0,323493.0750508049,27479885.0,245659.7447959006,135849340.0,996469.1480674978
3068241300083200057,17228480.0,163809.9873722392,14091272.0,256465.73437592652,16622481.0,167540.88809075183,82088165.0,798599.9265239117
3068241300083200058,35884837.0,335294.23192737583,29032949.0,514372.4425929871,34539524.0,347585.5948962856,189950842.0,1768758.0767944395
3068241300083200064,108483654.0,1006107.6397760932,88982909.0,1134246.3055619167,105003322.0,1035658.7079956487,527394731.0,3769443.0926584043
3068241300083200068,20290408.0,194951.2262304676,15940043.0,283365.61724292056,19630879.0,197941.19763509394,103034404.0,959518.4245313319
3068241300083200069,40518901.0,371061.82001420844,35843096.0,625085.7608753282,39037372.0,389974.191716262,216186979.0,2023952.0773961158
3068241300083200075,19729620.0,257580.8591170517,15335002.0,282280.46073314524,19018375.0,270329.6154522794,91266716.0,936962.4878555487
3068241300083200079,11249561.0,103037.49956091297,10148876.0,175006.1675380044,10740366.0,104957.73392403373,57495156.0,490479.38111504656
3068241300083200089,6217277.0,77916.96873551869,4970730.0,84562.56302234491,5963728.0,80262.99484662336,29012802.0,273744.94183242426
3068241300083200096,17106761.0,209124.13482723036,14118596.0,240853.13116888388,16560948.0,219559.34552442588,80598557.0,770954.8947289821
3068241300083200099,37257691.0,356328.978998746,31039669.0,559465.486510334,35995263.0,372507.16492841404,180987724.0,1767014.482171184
3068241300083200115,37869540.0,324564.45235791465,32514687.0,424799.72226460534,37155195.0,339539.9627283028,188092856.0,1429680.844747161
3068241300083200125,31214554.0,300852.3861912149,27577072.0,497371.35445314844,30833703.0,317032.4934758134,164591044.0,1568897.4881144848
3068241300083200128,37468094.0,543222.2256950797,31494798.0,456434.61111336993,36623699.0,555317.6904532005,180207802.0,1397139.9260831566
3068241300083200129,13850089.0,127566.18611488325,12324881.0,216923.25014522352,13503983.0,135163.04897660317,70826602.0,622952.2495703847
3068241300083200132,24011283.0,225696.31472172152,19113677.0,337267.5944923967,23491430.0,233926.67207858537,120598351.0,1081331.372660115
3068241300083200140,20861897.0,198552.86729146005,17290585.0,312169.13905511104,20398641.0,207098.75860753978,119215998.0,1310978.0696226284
3068241300083200155,18837711.0,187495.90817194182,17909086.0,330360.0237038909,18604314.0,193479.54928186582,93064156.0,929343.8415448073
3068241300083200157,15986116.0,229854.17944157327,12254531.0,176688.46815145508,15843270.0,239509.57678173523,79935393.0,642092.2539706151
3068241300083200160,14678407.0,212753.7195841268,11775320.0,171277.25947108024,14560588.0,224959.39839769324,74704901.0,626145.4129782259
3068241300083200161,30589278.0,269969.2655289633,27291862.0,419231.74205372506,30429148.0,277368.14409180125,156862349.0,1298396.0551031427
3068241300083200173,29104528.0,240803.93589180143,23985409.0,370189.4278462851,29028935.0,254319.09779146162,149143826.0,1186366.5844412672
3068241300083200181,6570505.0,50682.53156526493,5865189.0,58611.599204338694,6472506.0,52536.14051859753,31266861.0,154153.7037710912
3068241300083200186,20980655.0,183280.21762513928,18077350.0,301600.8184257438,20503061.0,191153.55583561768,101442809.0,877585.1437042974
3068241300083200194,31814758.0,399527.083670206,28415265.0,686556.9782200623,31504809.0,412594.5511744001,158556932.0,1982354.884444522
3068241300083200202,21509773.0,213272.6840801385,19554303.0,401590.5004814847,21404074.0,220874.37814739541,108674358.0,1172690.312988671
3068241300083200217,20608575.0,216594.89174961625,20256731.0,382842.5095861817,19851562.0,230874.70916160534,102199850.0,1093644.6231036775
3068241300083200221,25603918.0,269600.0068130505,25520077.0,475562.11610649375,24830952.0,280763.95625548554,127944095.0,1327119.9486616412
3068241300083200230,16897539.0,229748.67268575318,15968810.0,435316.5238328067,16417554.0,240603.55405828182,84898895.0,1216543.8429370136
3068241300083200243,4233791.0,59229.99311141419,4357821.0,119010.7983077089,4147405.0,61292.03157858195,21832542.0,312728.71110449085
3068241300083200253,13523711.0,180161.8912439511,13088724.0,353378.1620665421,13058250.0,191406.65069480808,66510534.0,966114.7449561232
3068241300083200260,8784220.0,85651.21779383052,9029553.0,200048.41930130712,8472899.0,91531.59908869845,45259222.0,526231.603016096
3068241300083200264,16916186.0,225045.6654578388,17095368.0,472934.4506573318,16156186.0,233582.24920203822,82348357.0,1176895.9693480935
3068241300083200269,26013754.0,256769.2858773547,26000338.0,566735.5110183269,25112423.0,264970.1826663271,133853622.0,1511769.9960547327
3068241300083200271,14558677.0,189042.059146124,12326293.0,328552.15577622055,14002376.0,198401.98673654074,72546949.0,980405.5391041352
3068241300083200274,21291379.0,280598.00845587626,20370351.0,546691.4935694538,20649044.0,298390.03207222174,105036793.0,1467327.965811962
3068241300083200277,21254499.0,278017.5674026146,20746028.0,549266.1583729299,20596499.0,294991.56281188095,107319068.0,1505642.551997013
3068241300083200279,26506670.0,343054.1830829667,21133992.0,556106.3190026196,25310587.0,354915.410263011,131704840.0,1753660.00772252
3068241300083200287,11121351.0,150841.36803248775,10988788.0,298195.5229489736,10884683.0,157952.82222255168,58154226.0,824302.6487361063
3068241300083200298,20244893.0,266989.9155556995,19990724.0,522817.5434593373,19517185.0,273837.73531920026,102342844.0,1369797.942689256
3068241300083200319,11824414.0,154331.16010466398,11834713.0,306721.6743140579,11390322.0,159915.700296576,60843848.0,800482.718596502
3068241300083200332,27286196.0,267862.3539729179,24629872.0,462192.1471848987,27003998.0,284481.5081749478,136434464.0,1429294.2803721162
3068241300083200334,30105407.0,255017.12896170246,26773611.0,481112.87567443575,29361806.0,264534.8174402482,145637745.0,1446235.511650596
3068241300083200347,20569954.0,263548.92956314224,18642802.0,482903.2678233745,19677678.0,274650.8395206378,106316754.0,1376814.3901599166
3068241300083200355,7084779.0,93815.80458514545,6403720.0,166822.00180628966,6827978.0,95429.49050604948,36937688.0,481933.40404378285
3068241300083200363,18893752.0,192451.69509644757,15386827.0,281767.3967561271,18258694.0,203917.54463210562,87519706.0,875615.6913948914
3068241300083200372,3576076.0,36324.73257552706,2734233.0,49359.26052743647,3429904.0,38478.488979315865,16933534.0,164919.54720935688
3068241300083200380,9575003.0,123600.89019911061,8609714.0,221069.4582788963,9135496.0,126428.90002121945,48968688.0,632305.3803776024
3068241300083200399,5838915.0,75606.17713927169,4661857.0,120393.67847266672,5571978.0,77838.47532573361,29083817.0,395747.5228664626
3068241300083200400,2837747.0,36827.84628338,2460822.0,65668.62938842142,2715005.0,38090.94333722537,14619872.0,190240.39298403985
3068241300083200408,11332428.0,145720.2662536103,9749722.0,254097.7152975496,10926385.0,153199.9326819901,57260487.0,754860.4414177103
3068241300083200420,16744789.0,144471.13221296182,13950405.0,220709.94464407244,16445178.0,151363.37584309097,80345331.0,697308.8044398482
3068241300083200425,15577881.0,138206.9433961376,13035834.0,211052.1841518695,15359570.0,144382.63480531404,75653337.0,676622.8828348793
3068241300083200432,23770767.0,245617.38186114613,20466001.0,459521.74576842814,23390939.0,252849.40640246624,115596349.0,1400579.2972622649
3068241300083200433,3288333.0,44782.87959299179,2886329.0,78215.52011752446,3230296.0,47688.36584205634,15963865.0,228673.61976741313
3068241300083200443,99863618.0,1346596.9319041055,96004805.0,2534058.336111952,96961584.0,1410915.8723007382,515668990.0,7532058.12412967
3068241300083200453,4205115.0,56312.939558735525,3831169.0,100405.06847528229,4104736.0,58831.201529543585,21497020.0,295647.37732397445
3068241300083200454,20266766.0,269062.44809137634,16666103.0,420366.82273513026,20246555.0,277033.23680769047,106376098.0,1431536.2568859109
3068241300083200464,19341537.0,260100.0921144635,16120587.0,430319.06122039806,19044548.0,273529.8841300811,103208066.0,1424461.7627053084
3068241300083200482,21883131.0,227565.53889727005,21028689.0,397505.6129936307,21320057.0,240778.22935149661,99459998.0,978966.033047023
3068241300083200487,9378360.0,122167.1576233831,9599974.0,252005.67021101742,9127802.0,128883.61807217747,46984632.0,641523.1961148009
3068241300083200492,17529350.0,220267.48341305985,16932648.0,425780.04518707446,17125369.0,229566.5772237182,88418218.0,1113487.0553773702
3068241300083200495,17354036.0,210006.4833161616,15313084.0,360514.0011951861,17106922.0,218927.78351845287,86386253.0,1023994.7255470692
3068241300083200497,22330976.0,277130.1292383064,22273169.0,545698.5810984224,21861838.0,289881.44210936385,111308704.0,1416186.5366253564
3068241300083200498,9130032.0,94894.87519141729,9068936.0,178147.32992564957,8925608.0,99511.19521672491,44979021.0,431742.0232403681
3068241300083200514,26669107.0,232164.24810402008,22801244.0,387019.22979022475,26395642.0,235705.8435358888,129467413.0,1166766.6804212946
3068241300083200518,23095979.0,233403.07893184983,19751256.0,336064.8014803193,22634271.0,244567.2398890637,112055342.0,933724.5232280964
3068241300083200532,4940579.0,62009.65915313293,4920910.0,85908.52780914973,4830939.0,64245.070367927765,24058400.0,221768.31014047112
3068241300083200537,13022934.0,165844.23470463144,12864063.0,218209.55162743345,12604646.0,169260.33028698864,64634869.0,596815.4264903818
3068241300083200538,14496030.0,173688.79350515036,12457497.0,260026.6782046035,14246388.0,178757.49521240185,72443065.0,788947.8696500369
3068241300083200565,2725782.0,36690.766197073586,2287781.0,43265.90859938701,2655926.0,39247.896254930696,13756049.0,143542.56915646413
3068241300084100016,35555565.0,545369.2289748288,26820448.0,460607.99939843034,20512532.0,260096.75885032173,205425587.0,2012003.2084672586
3068241300084100024,49457002.0,611679.5364835273,40584041.0,741302.0042468559,45266169.0,613111.6815730736,241119865.0,2279071.186438736
3068241300084100027,8862293.0,102512.55533651945,33334090.0,523267.3858001532,6883736.0,90872.07255002957,74407887.0,627322.174364757
3068241300084100035,41888448.0,496157.64851921087,165607092.0,2852534.881794122,32188220.0,433403.3371859654,347685331.0,3439431.8717003297
3068241300084100040,30937639.0,308075.4368114208,37630774.0,570137.8552045516,18080496.0,151908.2451532507,180964445.0,1999588.5088539275
3068241300084100053,10248457.0,79204.15364571147,6067777.0,104344.62160197546,6563318.0,64026.96715431305,31721587.0,298193.4318843051
3068241300084200024,3301848.0,36617.993828829676,3319997.0,51792.73476922406,3045262.0,35539.88543083758,17689980.0,138380.81245274004
3068241300084200027,13880451.0,158622.26749581646,22559266.0,341692.02610293037,10420813.0,116541.02301733987,91145880.0,931712.1524054433
3068241300084200028,166640209.0,1947130.3443332685,419887135.0,5172499.5481658,98610116.0,1171325.326084335,1355069474.0,9150242.216191456
3068241300084200029,212752738.0,2303649.1436188426,399071382.0,5986822.751552966,135225466.0,1588335.6426034905,1507614540.0,10295051.084807975
3068241300084200030,72829901.0,908436.3763518976,70137546.0,1144413.9467825163,52138173.0,623081.2117903195,447751050.0,3959982.6614621957
3068241300084200031,167810417.0,1958057.7200376557,272061717.0,3741805.890918195,108877233.0,1311663.4891926397,1134850285.0,8213886.09245429
3068241300084200033,46097815.0,607584.3495630391,150363020.0,2433138.116212421,29227013.0,399703.8122824109,380443754.0,3289737.7891820506
3068241300084200034,28416243.0,340613.14512730157,32450327.0,578563.6059044008,19110775.0,234133.42579803447,190314943.0,1664306.0802246912
3068241300084200035,116591480.0,1408261.1206221895,119781013.0,2117020.0475312364,73136499.0,880032.0203977103,740049688.0,5643614.806345761
3068241300084200043,127221050.0,1711176.7982352406,151741876.0,2803574.1791339773,123449347.0,1757168.559650917,549073361.0,5478968.863530876
3068241300084200060,9186647.0,120908.47705359319,8299697.0,140465.92832602034,8992397.0,124541.78709388102,46307662.0,405540.42272878345
3068241300084200066,8852736.0,114838.36825796119,7687288.0,145870.67853653655,8629185.0,119230.2952658231,45594747.0,475071.69823786314
3068241300084200067,33886259.0,434796.69249788206,31395791.0,573246.5025286837,32790973.0,453512.87054574286,175090497.0,1714359.285879745
3068241300084200068,16987563.0,181556.535125566,17098358.0,326294.7483091522,16423646.0,189314.4593871025,86959620.0,920102.1202925347
3068241300084200071,5171624.0,68140.32540933162,4589416.0,88430.26342678441,5057749.0,70715.97592765943,26111342.0,257183.12192610378
3068241300084200108,20937654.0,249786.8375075762,24836614.0,425898.10518892226,19464616.0,251739.1153796207,114170201.0,980999.265892256
3068241300084200114,21292058.0,270642.4081672984,17167509.0,313667.6562244027,19713723.0,266565.3790358783,105777552.0,1067039.4888004307
3068241300084200116,92541522.0,1109095.6913167126,349366216.0,4082273.080788889,60642654.0,784361.3200371161,900679920.0,6746090.988819048
3068241300084200121,14249726.0,248015.9528843885,126868503.0,3493477.102149563,7928683.0,109383.450062088,200853148.0,4141990.4000462787
3068241300084200124,285603269.0,3549653.3146603033,1058896964.0,13776952.22525856,170214586.0,2208878.3883687966,2603923963.0,21336757.427827477
3068241300084200129,4731378.0,54882.79169643356,22818125.0,360798.5258465981,3441038.0,45336.51789258844,41675573.0,375560.6420900989
3068241300084200141,3933636.0,25527.570693074143,3349135.0,36119.34050045206,3633703.0,24587.62245503293,17485078.0,96257.60768856191
3068241300084200142,7216874.0,57356.640732811975,5791800.0,69530.32691543264,6864325.0,49708.18618105204,32976119.0,187929.21740755552
3068241300084300012,74018264.0,829392.1715469981,649595924.0,6341399.212075652,41795047.0,536241.6941214434,998529001.0,6697853.313593601
3068241300084300019,33534729.0,376120.9308886236,156050873.0,1917910.447357249,25057157.0,328535.8575193242,285171415.0,2084152.356166581
3068241300084300025,13004843.0,161908.64221618202,37710150.0,678043.1391010673,10582110.0,140914.8303383934,93969515.0,910935.7438382693
3068241300085100002,18316190.0,206222.61609522585,31788536.0,486883.0197436087,14943557.0,178716.24287998493,103684884.0,942629.8281846948
3068241300085100003,41760430.0,480161.19684830046,70424378.0,1133357.6431076096,34370361.0,415515.390950887,234117731.0,2174384.233387982
3068241300085100007,21759265.0,247223.50697563955,33582781.0,535304.4426126163,17389490.0,212918.2431661556,118944503.0,1142801.4962983057
3068241300085100010,123161307.0,1675009.6493986116,901443513.0,8878701.531020222,64479700.0,779860.2481569592,1079819498.0,8807130.823361099
3068241300085100013,77151101.0,961082.2519328464,352415567.0,4470728.181892186,46834418.0,562613.8848143611,574265137.0,4776283.255015823
3068241300085100017,45525250.0,649277.4402376619,141133854.0,2698982.1940702517,25490322.0,310456.909669359,318663394.0,3530580.789124185
3068241300085100018,90136204.0,1213319.1362787217,319032692.0,4010009.9819965586,43120646.0,523224.7744593337,602776733.0,4904622.308566483
3068241300085100019,109092614.0,1290235.6596758626,710138478.0,6087961.748558899,47977452.0,578197.1736475694,1057392623.0,8375456.354536969
3068241300085100021,74395542.0,971171.2621141743,664723860.0,7291891.565324664,39748014.0,488173.55086730374,723869147.0,6227028.248395721
3068241300085100022,75754834.0,998821.7949272267,266761316.0,3999765.17482966,39074949.0,475424.4868525645,528157326.0,4814244.553199505
3068241300085100023,225610418.0,2826666.307376457,1885529125.0,14956580.198120214,95087274.0,1167210.8601338754,2099452767.0,13702075.778677538
3068241300085100024,121765048.0,1412791.334344499,933017700.0,8575665.44027118,51930799.0,631310.616601787,1191083720.0,8180864.598479025
3068241300085100025,107389165.0,1365745.7368372285,769316727.0,6831781.89168915,50244370.0,611302.5619263755,915593454.0,6265872.16592055
3068241300085100029,119595823.0,1518148.6009771924,544504568.0,6163041.281845939,49937830.0,607014.9912047606,889114287.0,6824491.739558104
3068241300085100030,104615103.0,1378280.3599158367,617720792.0,6036014.133598862,41538959.0,516011.10232297983,816723440.0,5925485.825511547
3068241300085100036,151800967.0,1892425.0107357826,1049424611.0,9986452.475615442,81475517.0,995220.0952581927,1331979802.0,9734074.811275644
3068241300085100037,178414276.0,2283472.338532883,1119399243.0,11384654.078086445,91518857.0,1119750.1750897467,1452350079.0,10877079.174535401
3068241300085100039,27973421.0,398640.6380825693,98686429.0,1322643.1356967287,15799087.0,196570.45031247026,259377593.0,3565345.276415106
3068241300085100040,155762777.0,2052056.1863189472,1166618787.0,11711463.208876658,68805088.0,853837.3499279766,1336164342.0,10670198.01911717
3068241300085100042,25571288.0,325492.7487490495,86923267.0,1210011.6080092774,16374201.0,200373.86873077505,190660408.0,2111459.7957946765
3068241300085100043,102721658.0,1160293.252289746,521005582.0,5625197.134439621,38014948.0,464712.53720539773,755040776.0,4658326.293353208
3068241300085100045,391811818.0,3992342.854301095,2999626890.0,21251651.654360868,170624267.0,1776153.101832739,3290975078.0,18978437.175290056
3068241300085100046,108762637.0,1330943.016771629,1147997186.0,8999738.17134072,57109905.0,691013.4450951518,1127721524.0,7952192.691707763
3068241300085100048,100679769.0,1255376.3763438144,761928184.0,6439214.536351481,51503820.0,634920.0348370589,908162176.0,6686899.474637686
3068241300085100049,236915798.0,2257587.333910047,1418292679.0,10769556.621494561,83766390.0,897220.9669238662,2024574124.0,11438911.365175571
3068241300085100050,100420475.0,1124431.1112961783,930892464.0,7757102.132415086,38456388.0,465050.2360912325,934473731.0,5905476.808248942
3068241300085100052,133609348.0,1449372.6042495084,941921155.0,7835352.902793055,60453636.0,636910.1399993204,1145646353.0,6637358.468786486
3068241300085100055,134835661.0,1391998.9397621497,988531014.0,8289973.527556193,71060178.0,703417.7694794443,1207386623.0,7398130.41089274
3068241300085100060,122770607.0,979526.314891382,944769774.0,5652543.738931746,39974579.0,349442.1110207282,1184977161.0,4601176.143372532
3068241300085100061,57131030.0,573860.226958046,731540893.0,4581205.207781615,28640175.0,254601.282635123,629597444.0,4425166.790479436
3068241300085100062,82091230.0,838702.2954384453,934794886.0,7700831.47022862,41320641.0,354534.808323515,817631549.0,5666691.707358724
3068241300085100063,25640384.0,228211.58252474864,150087348.0,1674265.9120457834,14226478.0,118606.88853678553,211308872.0,1163152.6422260087
3068241300085100064,145340147.0,1121088.1878207386,938959557.0,8681879.228678674,47837193.0,407301.57204621314,1253212433.0,8033410.0052459845
3068241300085100066,225146522.0,2162081.844221877,1803510460.0,11870135.137796877,122180090.0,1137156.4111348705,2106091307.0,11989141.185517732
3068241300085100069,84168231.0,850211.1287518719,606474001.0,4144543.944342385,29755152.0,283774.7956583027,732137902.0,4186859.9661607547
3068241300085100070,135784603.0,1533026.5644447186,490672194.0,6164381.614249369,75420347.0,774553.7255806881,965922044.0,7307154.473448914
3068241300085100078,297022744.0,3523177.3467745367,1498695368.0,13936100.658573586,112501767.0,1164128.2886546722,2273840906.0,16603887.346368808
3068241300085100089,88221838.0,1104865.0035068411,986455654.0,9867471.621394342,34202715.0,373145.0550893335,806449438.0,5796568.799928357
3068241300085100090,121159254.0,1551333.1287726564,926406022.0,9043718.98724068,60705532.0,650369.5719752759,1135058979.0,9010295.41627536
3068241300085100092,250257168.0,1885275.181921588,2139133742.0,13661693.74963538,90183462.0,880104.6619712994,2450561039.0,13108979.943649843
3068241300085100094,190080368.0,1634400.036364274,1459035643.0,11003474.714183599,76991418.0,784452.7136442842,1521000178.0,8678805.133930482
3068241300085100098,79874461.0,995544.2014346102,198400101.0,2351291.255470873,47594916.0,522084.4794119368,487065178.0,4264765.2270985795
3068241300085100101,57227716.0,611996.9799952601,348228202.0,4822162.283415746,38408779.0,415472.43558969576,452256245.0,4049285.2981797494
3068241300085100104,351815692.0,2843838.569663941,2226927854.0,14322770.718368843,179460627.0,2138320.2125146342,2577204615.0,12512628.12434679
3068241300085100109,31885096.0,367698.6833578834,60914538.0,870410.6011748709,19929915.0,213550.65738791646,175540420.0,1502732.255707185
3068241300085100110,92337185.0,816844.790273811,407608551.0,3057319.848658628,51708581.0,616174.9541973637,568874374.0,3552964.7403138233
3068241300085100113,34809164.0,291134.85202307365,188205925.0,1659081.7433965486,18025865.0,196058.0270080033,232213651.0,1338506.5226372192
3068241300085100114,40157601.0,582382.6856042686,66866845.0,897428.771796124,23523695.0,285666.78151486616,206494541.0,1834466.539024273
3068241300085100118,94132125.0,1314089.4641158963,501655696.0,6018286.52945771,62627274.0,710918.2650902916,684854211.0,6456292.84136995
3068241300085100121,26359280.0,531276.1739486626,38137911.0,676989.664220608,15866043.0,209180.63610989245,120617008.0,1641266.8223056546
3068241300085100122,192843887.0,1689749.6651702342,1324609864.0,9776525.474310627,103461364.0,1451535.4714500024,1467936879.0,7468294.3320028335
3068241300085100125,27616149.0,336885.7111368747,65451059.0,1161946.958839488,25920516.0,438052.1956702105,161580660.0,1675818.4047426758
3068241300085100126,268791769.0,2525839.588114813,1175505656.0,9649121.995217113,127745534.0,1377081.7638802938,1951599513.0,10430142.67023112
3068241300085100128,167638328.0,1488811.164565945,1100333297.0,11070835.567328278,88235570.0,1167546.071663011,1270421151.0,7808552.715999657
3068241300085100131,44606299.0,477558.01440016367,165095022.0,2830637.185526383,37227124.0,382767.04325319163,309191663.0,3102343.0027164416
3068241300085100134,204813507.0,2605286.210681154,1122313943.0,11679160.706293644,105919532.0,1445907.433812064,1691549992.0,11270214.396399554
3068241300085100135,41036488.0,435595.0595407787,160109503.0,1900043.8432452003,28036159.0,310184.7946894131,291080852.0,2228835.783995856
3068241300085100138,52673189.0,570544.9845669923,91748177.0,1495976.8961893397,41579803.0,440027.3779896667,356902245.0,3896094.26767408
3068241300085100144,110805717.0,1481515.9549253422,444569784.0,6732077.583628799,64408682.0,833341.9119443634,916567543.0,8392068.542751031
3068241300085100145,68862948.0,1014194.462664029,116924316.0,2080826.2136145,43354354.0,564890.7160536656,501067352.0,5195481.856838094
3068241300085200001,139251537.0,1756293.5525320428,548212374.0,7913047.083271263,87786028.0,1066860.2983590404,944586320.0,8417935.11252151
3068241300085200004,69538549.0,938531.8547344189,208038760.0,2950399.432442156,34552009.0,409865.0347058417,453772721.0,4116519.9025045345
3068241300085200005,105666110.0,1218706.4444727842,984235088.0,9151448.970870113,58842868.0,723789.1238757606,1103271288.0,7934091.861339687
3068241300085200009,71176691.0,1027236.3482592128,235820153.0,3322594.9394502263,32693453.0,397555.75373662764,446146304.0,3723297.820071533
3068241300085200012,101827910.0,1251138.8472897098,656234092.0,7107473.923046549,50496598.0,607956.173404756,844452769.0,6418634.230281933
3068241300085200017,72188811.0,770086.7040200755,415749705.0,4299719.579783452,49579879.0,606865.3299813508,559223419.0,4268587.780330979
3068241300085200020,50946405.0,697033.6450451151,230304776.0,3982356.729718891,26462993.0,321491.62448327686,369117828.0,3936379.889043426
3068241300085200022,13135681.0,162954.6124803321,42555939.0,865790.1911602784,8387922.0,101239.77216655434,99334085.0,1320495.0832919702
3068241300085200027,52388788.0,718995.0428604353,220429530.0,3043698.6410445143,26788534.0,325447.3447311938,385500105.0,3322718.9786831783
3068241300085200032,71244055.0,1068790.2768442556,688622056.0,9043677.24761398,37397102.0,462862.87216728315,704181759.0,7410276.979051031
3068241300085200034,114604046.0,1299479.5905674412,1023316572.0,8765915.331556544,56007234.0,684072.8932662802,1069432404.0,7139807.72736441
3068241300085200036,52265409.0,667694.338633586,203330357.0,2237296.331302043,22517190.0,270770.8549974755,420808566.0,3542853.157770328
3068241300085200037,127871084.0,1713796.4914696245,568307633.0,5603302.625014048,49474158.0,608456.5599857513,964381842.0,8030792.831020119
3068241300085200046,125241319.0,1511530.9564365228,1232084327.0,12016012.803125827,60289463.0,694445.5490423949,1235110410.0,9989198.741005834
3068241300085200053,168146226.0,1451960.8689103497,836359176.0,5501484.4800812565,56051318.0,548879.1625721697,1271500455.0,6082849.655327819
3068241300085200054,170464100.0,1580146.061121034,1111753968.0,7293417.010609785,74077364.0,675851.3096033869,1396247490.0,7269014.6737524895
3068241300085200056,63833945.0,676934.0546713202,761707635.0,5538969.404993224,32972752.0,322796.64981805644,700843948.0,4841327.2863894
3068241300085200058,63530492.0,568732.557388722,316934360.0,2860923.7597030755,39310656.0,341045.05484134896,512622300.0,3709637.5841123094
3068241300085200062,86429175.0,888598.556528853,671421766.0,10765836.552917121,30776484.0,260760.61506024198,865008406.0,8614123.53403809
3068241300085200068,94874430.0,934606.8286726894,634591978.0,5772158.969187387,53960989.0,507118.71447958506,880976323.0,5860204.90242123
3068241300085200069,55604391.0,451363.8761695629,727136632.0,4516911.076624999,31738169.0,283605.19827778335,590824769.0,3249121.479205245
3068241300085200072,325351735.0,3570955.457037925,2140364209.0,21385241.551474735,134120518.0,1398249.3425273546,2675389273.0,20315342.0361519
3068241300085200076,272976254.0,3173932.012451148,2796424032.0,20961801.673909795,123885103.0,1347193.4951152424,2641018062.0,17144069.127171032
3068241300085200077,97651221.0,1189004.918622502,846813385.0,7553516.663461055,52967213.0,578636.4501517427,995436537.0,8086504.258811779
3068241300085200078,87558893.0,852687.3426263784,595581740.0,4919374.885386391,40103152.0,406787.3444369042,725365915.0,4870462.949433991
3068241300085200080,126935152.0,1437046.647986812,857194199.0,6379167.994388854,67162865.0,721266.8149374251,1073417269.0,6318842.202043716
3068241300085200081,153677240.0,1324336.3268562471,1273859776.0,10889316.443792272,62363695.0,623048.7335218583,1319021484.0,8569766.502830708
3068241300085200082,204861161.0,2281677.8284818633,1092117141.0,8288902.4338191375,87012858.0,974108.6017888437,1386751355.0,10127287.664134583
3068241300085200083,61464594.0,879074.1545039534,343799954.0,5837339.749232393,33722306.0,368179.19657565915,432867669.0,4869392.86229617
3068241300085200084,157423493.0,1981775.0800122735,1234891210.0,11830236.837836437,79963706.0,848156.5340811594,1427804199.0,11120220.209071802
3068241300085200087,58099648.0,542779.7249048898,293953645.0,3806315.5090559274,39183296.0,416217.8893591979,412730823.0,3071249.4966969094
3068241300085200089,353172652.0,2698710.237541495,2083285929.0,13383292.048966538,126269629.0,1162253.7926528982,2563788104.0,13433193.24639872
3068241300085200090,187223808.0,2319705.077530647,1175278304.0,12377803.527346674,94235145.0,1010944.0941166633,1346246948.0,10704136.467024274
3068241300085200091,134443922.0,1241066.0953938256,1036235214.0,6072839.112106849,50122941.0,518772.64563249116,1152612908.0,6786394.848711408
3068241300085200092,138947744.0,1606104.5495557985,607990734.0,6157811.581790435,66860334.0,676743.4763105492,1083469691.0,7960328.883204969
3068241300085200096,423348267.0,3340729.634298586,2745450505.0,17119200.25402262,238082402.0,2976185.073552327,2977665500.0,14415141.627810903
3068241300085200098,12113659.0,186493.54484964538,41257647.0,783045.078783935,5993478.0,63035.2874470049,86420922.0,917050.7086927302
3068241300085200099,52019203.0,648719.865966049,178695592.0,3298185.019671115,34998569.0,360541.8654178416,333163133.0,3292002.3310537715
3068241300085200100,141374679.0,1069054.2753245712,1016623483.0,6843384.467061429,57975927.0,560143.1636403272,1158993416.0,6666891.262309905
3068241300085200103,35132133.0,359043.7622051316,154986698.0,1201430.745640283,16925684.0,182210.47646945776,218971471.0,1514109.7237425945
3068241300085200104,75675214.0,737523.0486851956,263017901.0,2548069.3698248696,50376829.0,483313.26605315116,471253722.0,3285692.607058855
3068241300085200105,274774993.0,2037063.6273240026,2186960306.0,12001905.641405875,126139482.0,1399369.1896559994,2180771000.0,9798791.792973256
3068241300085200107,136660956.0,1495366.1793195098,839257320.0,7783290.987073962,63047151.0,885347.388762299,1028990655.0,7523883.722237229
3068241300085200108,372397955.0,3124895.302600734,2163339130.0,14628669.199133797,355302551.0,3811880.7391954563,2674622434.0,13442775.59126112
3068241300085200110,281278695.0,2473626.711180778,1538428962.0,11609820.284864932,192830083.0,2562141.5747464267,2018223606.0,11341369.152561579
3068241300085200116,250902960.0,2518840.9692424424,1470985029.0,16864307.74506624,225420562.0,2781692.5024778633,1931516158.0,14480441.469961043
3068241300085200117,90631355.0,1102209.4613859574,216145836.0,3290477.801679899,61870760.0,695736.5883671222,579956404.0,5245353.184364712
3068241300085200121,202418232.0,1811197.6804298095,960880537.0,9238774.762630237,240299555.0,2822119.3220624416,1440739340.0,8208616.275454018
3068241300085200123,131353043.0,1417038.8356243586,396796693.0,5187593.521988483,204617417.0,2644604.6787750423,813551672.0,6351971.191350628
3068241300085200125,60749803.0,808424.9103877028,141870728.0,2294350.1049999893,76577150.0,1204189.923500496,335705687.0,3311801.3033334687
3068241300085200126,166992895.0,2089045.372956075,851234511.0,9533530.35419834,75537201.0,1002361.850527789,1276165986.0,9030370.063556502
3068241300085200127,190342841.0,2284702.071121679,877358202.0,8901263.23588533,76410986.0,1002381.6539207427,1367511923.0,8894408.536763791
3068241300085200133,33434791.0,415567.4292911987,88536320.0,1450330.4813415036,28077373.0,377370.52494381275,237836998.0,2081551.8315271758
3068241300085200135,34726336.0,405521.74912944704,125377078.0,1908639.7645718856,27107189.0,362391.97022863815,267297770.0,2229867.819382148
3068241300085200136,11302498.0,143474.2305321653,38841674.0,772802.0422595231,9132172.0,124212.27038450624,84528495.0,842419.7439826741
3068241300085300048,54126509.0,573354.282894522,398617909.0,4041634.199397667,22636425.0,192199.93129743304,486636242.0,4070860.510769979
3068241300085300095,311393337.0,3762893.338928116,1549499551.0,17181257.130628053,115587345.0,1510221.3287211002,2355078602.0,16608695.96739197
3068241300086100014,135312177.0,1440267.498561689,1439601333.0,9901391.145921221,49465046.0,586772.4784086865,1129035929.0,6057174.922615692
3068241300086100019,144171954.0,1315702.097905816,1261608643.0,9742331.960402405,40575108.0,419475.06075211434,1182043662.0,7324583.05624458
3068241300086100020,159473790.0,1220984.102616291,1661019894.0,8492585.64862005,33877440.0,404653.82666518056,1414805634.0,5654708.209300097
3068241300086100022,224432627.0,1503899.8539720804,2342455205.0,38411685.147641234,42692758.0,495850.2391926914,2040429064.0,5840133.536597768
3068241300086100024,126711625.0,799454.1673259734,1616360477.0,9389102.334045405,28893223.0,318791.0401549944,1318408605.0,4168809.547482441
3068241300086100025,234020465.0,1608014.0308396006,2786596281.0,12360848.625829592,47608022.0,561267.6061754707,2205211995.0,7973926.453897288
3068241300086100032,157484475.0,1137565.6238373057,1780349688.0,25140954.554575644,30079433.0,352966.41406715545,1446288269.0,5006613.230763062
3068241300086100033,272156553.0,2509905.5622426444,1373251565.0,7219367.9909753185,55992558.0,579676.6187671834,1656234724.0,8291855.476272237
3068241300086100035,185802008.0,1737783.4318694882,1398330698.0,7239721.192799392,54493322.0,651608.5826205038,1454093428.0,6609012.458949953
3068241300086100036,97712399.0,810855.0449273875,1247421017.0,7962598.608735109,20809455.0,240706.37655714425,950369344.0,4042105.054269748
3068241300086100037,214536461.0,1452978.4568199962,2884963381.0,9410773.467738435,49081799.0,569269.5206861048,2205904823.0,6102254.639062646
3068241300086100038,174680110.0,1166732.607534714,1970082372.0,7908049.64669178,37536042.0,430921.83936554904,1669652273.0,4697769.885848868
3068241300086100040,87496441.0,770780.3763753528,1060124578.0,4646934.326827044,19116600.0,229187.8431493336,845584821.0,2848782.376461441
3068241300086100049,44875211.0,323705.62377125537,483077782.0,1784825.010005192,10530210.0,122661.06493290403,422438385.0,1124748.8485773462
3068241300086100050,150770147.0,950443.3982912244,2019535573.0,12128156.82597116,35139654.0,375695.0556908946,1668367226.0,4588412.281830066
3068241300086100052,153356905.0,1094537.5109362202,1797410515.0,7368058.159808638,35140971.0,405576.99946369295,1524318947.0,4770113.270259612
3068241300086100054,95643152.0,1402263.1691320403,642838813.0,7578017.296290776,39107460.0,455930.435380266,692863977.0,7605505.8229485005
3068241300086100056,151390866.0,1536481.4189180145,1202802240.0,6940192.766362652,48418297.0,590717.3022885119,1215550654.0,5995640.166369305
3068241300086100063,151434535.0,1124539.0922472002,1144950492.0,6103069.5950648,56102417.0,522476.7005574193,1258554700.0,5127310.633808971
3068241300086100065,237132460.0,2089175.157547479,1744998738.0,8290552.775904802,68814999.0,761474.2073518604,1663553039.0,6054552.7120910045
3068241300086100066,240614774.0,2318805.112584045,2415991415.0,14794641.205406293,69839186.0,851967.1974954815,2077803317.0,10920087.54452255
3068241300086100068,464352763.0,4024061.4563261895,4619889587.0,24147610.541654896,154212112.0,1843738.2513224294,4276424071.0,18956663.33708465
3068241300086100073,163395488.0,1427808.122100007,1497898269.0,8596691.55383893,47108004.0,582901.1948972341,1293081910.0,5656572.264829659
3068241300086100075,237411967.0,1949161.0858875257,2211529316.0,11108831.932386294,60878190.0,744208.6556014529,2269829994.0,9144399.807665613
3068241300086100078,181986586.0,1478421.809063621,1835992397.0,8256447.228194866,51063716.0,601857.4073921114,1523735250.0,5875146.967936611
3068241300086100080,58028711.0,712501.3141768556,429070488.0,3863784.5648432737,19546846.0,235197.68337167916,513429398.0,4058968.4998237845
3068241300086100081,199359001.0,1960993.6583528453,1780952905.0,13904374.172158418,60069902.0,730054.6240746389,1790051453.0,10562894.584479135
3068241300086100082,164130615.0,1876390.878818731,1176906802.0,7901011.559072911,57339152.0,695595.7578634236,1401716759.0,7808626.389961668
3068241300086100084,309870576.0,2519555.2411375544,3035357895.0,17120515.570671156,90982958.0,1078804.345617529,2610797507.0,11617638.574131599
3068241300086100086,248548563.0,2101921.2386816065,2483982444.0,15162070.987428632,73505434.0,888862.5572175015,2114757239.0,9142334.674717376
3068241300086100088,69493290.0,928147.7824268537,247395527.0,2503447.1934784018,31450106.0,399380.52850864525,532435982.0,3956456.9572572894
3068241300086100090,78358468.0,857721.7933936799,474900787.0,3441658.6765187336,22857508.0,268555.6276010691,595013127.0,2868178.6737959934
3068241300086100091,150878798.0,1407399.6992214867,1349251628.0,8380798.584833453,53424734.0,657382.023586772,1243764126.0,5123479.244371892
3068241300086100094,267123991.0,2082596.9507572153,2628349484.0,13669002.959678467,84566816.0,822474.5505129864,2248814656.0,9809979.717027133
3068241300086100095,22187931.0,279748.1162240887,100600329.0,841249.6267238394,11864840.0,131600.48145687592,184796215.0,1441145.545866874
3068241300086100097,257567401.0,1669576.5600082986,2112149110.0,7980750.295312094,82803137.0,673753.8074186149,1882416380.0,5685359.460689946
3068241300086100100,42007606.0,363376.966763872,216725497.0,2065327.7339288662,27620109.0,242849.56882898882,333869785.0,2214007.8967593247
3068241300086100101,14695773.0,100850.83644911645,105563772.0,357545.9634966886,5975097.0,55363.61558038919,103834452.0,365151.03667825705
3068241300086100102,168442276.0,1275378.6347382339,993915907.0,5284774.423015733,61606264.0,468822.1872164892,1181682435.0,4934101.822718104
3068241300086100103,273705658.0,1999785.5790926311,3060001174.0,14037274.416646909,111510979.0,997765.83818552,2363565899.0,9081970.614895513
3068241300086100106,339974416.0,3099589.4413790163,2443512223.0,14094255.994605694,184150440.0,2533276.6286987527,2357093458.0,11665290.327605939
3068241300086100108,158940739.0,1679649.369971552,1189191150.0,9597533.442018574,75062268.0,785789.4124035754,1212868661.0,8214432.155510031
3068241300086100109,626813838.0,5637350.4089634335,4248443499.0,24354392.439183477,428842722.0,5563171.81538338,4527599849.0,23054436.41534207
3068241300086100110,124802294.0,1634533.0444295064,937620548.0,10248192.139126409,83597878.0,1370715.0231653498,929701770.0,8602195.176558984
3068241300086100112,26729416.0,292826.56796467205,48651680.0,694417.6985522406,23345311.0,252292.26041747848,172850066.0,1691783.076988393
3068241300086100117,51717286.0,651294.706873077,62503703.0,950711.8489930977,41115168.0,437413.1036306269,274629279.0,2432711.6366104907
3068241300086100118,35967961.0,427431.89050176996,37913955.0,763039.4749784372,29114765.0,328462.7767006315,211243839.0,2205933.255204312
3068241300086100119,41186677.0,486814.1536816179,141666128.0,2492731.0471576448,33249569.0,382083.43431156833,297986381.0,3057462.6788080814
3068241300086100120,237305673.0,2328319.72345517,1480238859.0,9912966.190431915,101404068.0,1145611.7633720157,2095170296.0,10082774.846672392
3068241300086100121,162086235.0,1859704.2380952206,878328634.0,7793232.870828784,74218236.0,1011571.3422660755,1190844622.0,7593879.208944729
3068241300086100124,78597708.0,972401.6752175653,113192179.0,1281135.1876133697,48795863.0,504787.5222935622,462645790.0,3799469.8762131194
3068241300086100125,80212503.0,899112.3236438017,295800901.0,4211637.144979799,51329420.0,547410.8537361315,661678652.0,5706665.143737823
3068241300086100128,73678433.0,809706.3910027079,242364381.0,2695525.0030901358,41857349.0,499005.2306315326,475059816.0,3290929.550475474
3068241300086100129,169763925.0,1819135.873146111,1049391664.0,9169041.961595083,86437083.0,915160.8359673291,1374661698.0,9012602.16420216
3068241300086200014,185216525.0,1608792.2556581607,1775351117.0,4859390.0304914005,39869560.0,461671.4416815691,1465147355.0,5127068.713894159
3068241300086200019,241532058.0,1755705.6549305166,2786673048.0,17555315.091863185,48721721.0,575442.3619665919,2230069936.0,7757806.554128151
3068241300086200024,207670676.0,1717042.5792729333,2208256407.0,9384691.349684764,42400643.0,504422.56092601514,1773651262.0,6361932.809689384
3068241300086200025,102154892.0,609209.2298085514,1329784421.0,15274735.238856439,24369289.0,209008.41219878203,1018214751.0,3992040.9351257156
3068241300086200026,51080407.0,621580.659207925,499469561.0,4611650.128802722,15390740.0,182379.7070807426,421296061.0,3614161.1564303543
3068241300086200029,80253016.0,939758.9385001794,968392680.0,9780551.677057307,17736565.0,210616.0748668493,733951023.0,6428362.326521769
3068241300086200031,176730909.0,1064626.6723749707,2219618013.0,14454572.301730445,39574017.0,402124.05889663415,1769384975.0,4963172.310393175
3068241300086200032,245687703.0,1645003.8190619517,3051844242.0,11744168.455385467,53317568.0,635628.9616019708,2414453537.0,7287882.7057536645
3068241300086200034,179614066.0,1099706.1349887296,1673487330.0,9274880.585140828,38432210.0,323162.3519704655,1492573107.0,5859031.384980821
3068241300086200035,164498830.0,1154880.0023267092,1875076543.0,7001948.529986082,34932745.0,398915.890044976,1552058776.0,5080548.605102617
3068241300086200037,90368228.0,989238.8364447359,959903614.0,7925633.952482235,19606239.0,234272.70171309603,792652842.0,5859720.906202586
3068241300086200041,189427666.0,1506152.6260439814,2344013860.0,13734722.330733903,45178830.0,536766.7209460577,1846741127.0,8344529.1226727255
3068241300086200043,103998053.0,610933.5006137477,1405301531.0,8144240.02839479,24456581.0,267270.85088037397,1072853513.0,2998428.120870613
3068241300086200045,68482198.0,922211.9082471501,528857829.0,5285561.567697298,23966410.0,300475.80909266404,559053751.0,4986503.993485777
3068241300086200046,101662403.0,639262.8585836409,1298130858.0,5118662.811693054,24712059.0,287275.3102867729,1031902551.0,3003300.040836161
3068241300086200049,146511147.0,974344.3286943159,1448119266.0,4766336.697842958,31340051.0,362021.23389751016,1310542038.0,3599909.041297473
3068241300086200050,141501622.0,796267.8627046392,1575508801.0,20633242.015208915,31908056.0,264298.26768247306,1299771403.0,7868901.373444572
3068241300086200053,70121040.0,793337.4321719245,606390905.0,5746747.968197693,32657462.0,401444.8112844242,589988773.0,4024896.844789164
3068241300086200054,227320947.0,1582322.6353229978,2221826567.0,9873939.379745377,48158844.0,560481.7574427653,2026705361.0,5994341.943033919
3068241300086200057,22955463.0,358061.6754027826,156365560.0,1692506.7804673258,6601555.0,80468.79469881086,175228461.0,1877877.8376780706
3068241300086200060,82772989.0,609775.3957770405,787276031.0,3037500.2188661573,17974524.0,208814.82210983822,746311904.0,2068700.6787281393
3068241300086200062,160520846.0,1410239.5058240532,1731871946.0,11865151.122405559,37610267.0,455829.8806403016,1517211921.0,8033608.653838489
3068241300086200063,181996859.0,1325873.6152729557,2144551770.0,8466623.987422762,41168649.0,483609.8479712343,1767084149.0,5406134.206017394
3068241300086200064,105832015.0,671373.6084931709,1366857520.0,13777897.460750327,25192925.0,238910.40645896771,1130738101.0,4068093.2956932336
3068241300086200067,191785432.0,1460306.0425064245,2056223542.0,12932082.719757179,43914682.0,524792.1804385231,1869799984.0,8331400.741714217
3068241300086200068,195451245.0,1381822.5199815347,1394750542.0,6999867.638018491,41436123.0,492893.2170121628,1604251763.0,4888816.9391656825
3068241300086200071,87630977.0,815873.3142567427,964256373.0,5919997.170972625,29366892.0,345942.27613936085,855995530.0,4571958.151534141
3068241300086200072,118578927.0,1400518.3844904068,990072278.0,6467468.659426593,31801855.0,383407.9390199492,1029526227.0,6453126.242990618
3068241300086200073,185200586.0,2118467.5775634325,1884677585.0,19734405.29176888,58672522.0,570776.0905210852,1689916148.0,15140105.829634678
3068241300086200075,252843347.0,1873754.6547190687,2979500648.0,14419145.008158712,63053260.0,735542.5526040157,2633815617.0,10033489.30977474
3068241300086200079,127126213.0,1200623.5319121047,862032052.0,6745793.338085365,50737332.0,554151.5615379568,1119402398.0,6213912.324360487
3068241300086200083,198667536.0,2256815.469135324,1273556701.0,8743595.394042015,60397537.0,748268.784659993,1599972816.0,10154243.705943689
3068241300086200084,123183824.0,1453181.347486114,1110192405.0,10797096.443199068,44807287.0,486395.2966403803,1163352492.0,10295045.151500309
3068241300086200089,150049182.0,1548053.9269105888,975326963.0,5077877.359018913,53163608.0,561358.7295006312,1056038078.0,5407452.336735345
3068241300086200093,185609393.0,1692011.7392280232,1698732812.0,9950240.062604224,56008929.0,680161.150701306,1539102821.0,6533193.555184974
3068241300086200097,335040829.0,2511401.401791057,3075432535.0,12101556.64548773,115034264.0,1315540.5058372114,2612410168.0,8123515.3077501785
3068241300086200100,132762997.0,1178694.7999530172,993232957.0,6895859.169991629,52772002.0,497382.5512864958,1062475436.0,5745031.222656407
3068241300086200104,426633350.0,3062677.792099655,3576014926.0,17521805.771085773,153857624.0,1496016.4579211925,3150637506.0,12213629.31466652
3068241300086200108,54297706.0,427636.0642250581,375827684.0,1458888.1356929608,22649088.0,204747.85791268217,372788453.0,1670656.448558579
3068241300086200114,82471027.0,1132213.3422251572,389136479.0,5688242.281418746,50662475.0,838350.8991722289,508605092.0,5045451.577007922
3068241300086200119,174500325.0,1573166.5525957034,1201144420.0,11458407.507279387,166663759.0,1993763.0131204012,1330788225.0,9160036.057759494
3068241300086200129,82929136.0,798221.435949309,487497540.0,5168584.352184247,55613335.0,536916.1539805934,740503160.0,5694159.524564704
3068241300086300015,135378671.0,860506.9724479018,1634167616.0,20220634.247139215,31850157.0,313321.6315306259,1363852554.0,4651011.589622229
3068241300086300038,133337742.0,747653.2565534094,1625706886.0,29905202.381197073,30313610.0,261613.14345955502,1324197118.0,5873800.578611918
3068241300086300040,163399708.0,1075368.5541593898,2363526883.0,15500693.856856374,38697805.0,446707.184563355,1789610176.0,5747757.271787146
3068241300086300049,14959607.0,88534.44239842036,197658812.0,4916548.63454073,3425337.0,29223.232379744913,155889656.0,979566.1127072007
3068241300086300053,97015552.0,649183.6523380046,1016430080.0,11786021.62626997,22851386.0,196547.37556139624,842368477.0,7062914.071568804
3068241300087100008,158430366.0,1535449.356450141,1358927377.0,10724441.102334967,48677026.0,597948.4467868607,1382472694.0,9092132.296723312
3068241300087100011,80352877.0,645008.7762239922,774068894.0,5450500.59272627,22713080.0,269238.32395935047,738755816.0,2803426.139228088
3068241300087100013,72742662.0,755917.8906109728,84063559.0,1418734.9715470376,64700518.0,702806.0196710768,366820372.0,3429511.2759145764
3068241300087100014,195832587.0,2058497.613049536,1760037882.0,11948797.90601416,69455013.0,842325.7649163904,1778006140.0,10047912.562845787
3068241300087100018,150718574.0,2137975.7126005115,765871821.0,9545078.17304616,72682211.0,906954.1334054075,1141730598.0,10305967.177248761
3068241300087100027,144253052.0,1794838.276746062,972036520.0,8817554.871424913,50445893.0,636935.3359703049,1140318442.0,8239849.344127915
3068241300087100033,123899202.0,1857094.2468838433,683036760.0,8003201.655645027,76130021.0,1126664.2835828024,1197156684.0,9167025.188534254
3068241300087100034,121229617.0,1878846.009891894,589242949.0,7520914.5353807565,75509526.0,1125119.9178230038,1128311609.0,9302348.657533104
3068241300087100035,23210911.0,316142.7481881894,37204293.0,879015.3156481503,21882904.0,313910.96603473724,130215367.0,1330244.6345943639
3068241300087100036,88340956.0,1157082.8012790706,740813539.0,8048595.555244628,54312919.0,766867.9292279214,980126970.0,7930288.965644282
3068241300087100038,26535400.0,321883.5752587178,153450501.0,1888502.3272680852,16041815.0,219721.47045630787,278451393.0,1901603.381040384
3068241300087100039,33987054.0,444334.25257753255,100542241.0,1518620.1142026521,23808272.0,330621.9765723805,258136177.0,2231818.196281488
3068241300087100040,108647546.0,1375980.188431517,477342126.0,5043331.36471613,72880451.0,1002707.1562043434,1079020162.0,8124359.7671119785
3068241300087100044,42313618.0,544434.3212622672,155245619.0,1763200.3137010417,26293724.0,368362.72296577715,377022819.0,2526846.9577929806
3068241300087100046,62780964.0,818319.7253629344,232883821.0,2474735.734745573,36682632.0,509952.6652701362,657993362.0,4263473.473550027
3068241300087100047,8475380.0,111234.01233404725,37950766.0,882029.2174371483,5108961.0,71424.60790752053,80083080.0,850409.8689278984
3068241300087100050,32292534.0,405947.1529854116,109955427.0,1795647.0734467055,22263988.0,317227.94879382843,279139491.0,2035140.88867856
3068241300087100052,123950435.0,1684626.1201745798,726186804.0,7825698.894352348,75641649.0,1075781.9535486738,1594561837.0,11242177.913887661
3068241300087100053,107120389.0,1332073.2575184563,504973937.0,5102040.909660526,68416297.0,965464.9653368283,1018811624.0,7012949.341928323
3068241300087100054,76335640.0,1009569.462234163,455306914.0,4707734.143972395,50912986.0,729623.3582087667,783975151.0,6325330.093188022
3068241300087100056,46533279.0,617991.7260105938,179616409.0,2930898.8516692445,34184715.0,449492.9194458397,366178871.0,4212894.186023422
3068241300087100057,42012363.0,529866.1941587892,122165631.0,1745650.1545253557,24779673.0,290891.3280104393,347512045.0,2665971.99989914
3068241300087200006,196425770.0,1991635.1361732553,1846613252.0,12271266.968336295,70439942.0,851434.3126111985,1783948915.0,9938885.24630354
3068241300087200008,234700593.0,2082148.9167578258,2188174903.0,13848776.81646855,73976254.0,888486.4561600767,2042299280.0,9810020.009162076
3068241300087200011,34626233.0,550014.5289868097,207591803.0,3112446.95334468,17031374.0,217880.9832443103,257788137.0,3134970.8422559905
3068241300087200013,164368672.0,1473240.3361364712,1620947015.0,9647524.410661569,50982987.0,618432.6367908448,1484930592.0,6722273.285667274
3068241300087200017,162445294.0,1458226.5781594971,1652189294.0,9326945.921388824,50911729.0,620187.5203280705,1543483756.0,7378687.610759078
3068241300087200020,204656748.0,2316864.3941756207,1388299043.0,10518157.62493231,72709509.0,899882.6297703579,1589840520.0,9453537.896135546
3068241300087200029,92403032.0,1252610.0059100552,301573902.0,3405638.0941134356,35091451.0,445738.92016158556,594260673.0,4523597.871922672
3068241300087200031,160930156.0,2146493.25016792,779164269.0,8993378.209877286,105415107.0,1360034.1955435667,1256399625.0,10931050.418576354
3068241300087200032,167261397.0,2765129.835471819,260594901.0,4500022.011232887,86474504.0,1312124.1247786724,758798734.0,6718998.915018765
3068241300087200037,149180459.0,1905661.0269758776,1244934031.0,11008751.588402491,92065647.0,1295520.3922155171,1792285664.0,11496802.635433365
3068241300087200041,81915297.0,1029053.7433676282,409516715.0,4740763.893053904,53412921.0,747373.9173230588,730591101.0,5107588.670786575
3068241300087200042,104755327.0,1379278.549581465,704277631.0,5288837.713161787,56710490.0,789097.0039528217,1166476237.0,6288585.018264258
3068241300087200043,54415939.0,815817.8202385057,227304767.0,3711728.269360355,35262278.0,507241.8003174098,513166585.0,5482826.104380974
3068241300087200045,92197958.0,1252334.558147715,541177546.0,6371783.416447731,52552848.0,737508.0467735368,967741514.0,7648605.310986778
3068241300087200049,28140274.0,342249.52542582,104587192.0,1286865.5538677094,18559081.0,261527.11196850776,249313558.0,1454146.7858548905
3068241300087200050,98514436.0,1313670.1727984536,473575150.0,5240493.470078282,56334305.0,785314.814799295,1175251620.0,7958752.88432893
3068241300087200051,194341929.0,2838132.9228795553,812034410.0,7166589.371811316,119701490.0,1828304.8330142652,1677818659.0,10136305.831240034
3068241300087200053,20917947.0,236019.81710992768,133587110.0,1142832.4463475721,13230033.0,180829.49282946563,222991638.0,1218657.0545741874
3068241300087200056,177688546.0,2261335.0415363763,1304761227.0,11693475.248684317,112461905.0,1628308.6251228424,2155034353.0,13769246.815626381
3068241300087200059,63196330.0,606009.0422992873,169232869.0,1876617.3716989476,44928948.0,469391.14510246174,484686385.0,3244875.5724052386
3068241300087300002,17127418.0,216974.00562184193,142190829.0,1813664.9024307872,6830581.0,83603.19905169355,144221715.0,1264104.6150030347
3068241300087300014,161010722.0,1471647.4182450895,1677626968.0,10800285.30860214,48111146.0,590913.7036564786,1564477578.0,8145651.694911085
3068241300087300029,17393254.0,205224.40402718226,79760722.0,1170864.5471680914,11116595.0,154508.33406212472,167207993.0,1346397.5641790563
3068241300088100009,85333193.0,891941.3096345125,189568391.0,2495134.7185480827,68337813.0,770103.2514195752,451955350.0,3256371.243058592
3068241300088100010,39465747.0,564808.2205439097,34519805.0,775163.8823930502,31781975.0,466020.16985785076,196004488.0,2146315.8282270264
3068241300088100016,42584614.0,551018.0197306852,106877093.0,1403672.4815489394,25573286.0,322959.26436867047,266706923.0,2043187.6769339743
3068241300088100019,42833218.0,637744.0710158581,29559115.0,627004.7488205772,34085891.0,509381.06563984224,210597547.0,2500913.0590404356
3068241300088100020,23504155.0,327148.28216543497,18454712.0,386014.764708211,21415490.0,310207.76330602117,129198246.0,1477208.3200820512
3068241300088200028,44809650.0,437054.3341604804,302147127.0,3704145.1671857564,17459270.0,213910.85218842648,335411118.0,2644390.963843942
3068241300088200040,9633654.0,101670.73516460795,32835957.0,427047.0221559236,6288129.0,77243.5945906084,63041428.0,471572.0400841864
3068241300088200043,44385860.0,609666.5012539519,48321897.0,1224453.629274085,38337981.0,565913.3110903273,249816123.0,2858054.0873241024
3068241300088200045,26663441.0,373521.38258224464,52453946.0,747410.1752298386,18236140.0,238229.7988376499,153932325.0,1393435.08866029
3068241300088200046,296462935.0,2840699.394062849,3104771200.0,18419641.21971359,95923540.0,1177856.0032847957,2970308565.0,15178235.610046651
3068241300088200059,181045772.0,2415693.8999162177,1028422446.0,10786990.204099372,71946137.0,923252.5244662083,1418233957.0,11416255.74397776
3068241300088200097,9308132.0,149751.64173669042,8942625.0,168054.58361264813,9118021.0,155515.44610049826,46145428.0,476222.8797606195
3068241300088200100,15330509.0,205612.60203140898,13657212.0,297706.5858225018,15138180.0,208159.8622322022,74136419.0,850159.375337633
3068241300088200101,18210238.0,250459.5674838234,17009058.0,372757.9066117217,18346298.0,262397.81489965937,89131713.0,1073391.7834158863
3068241300088200102,6305042.0,64955.375143574085,6064244.0,91079.43670318964,6383351.0,65508.48420505644,32072745.0,274390.57804814837
3068241300088200104,2913109.0,38831.348716513174,2845228.0,49842.14582254132,2848270.0,39945.46565029464,14602255.0,134767.4086521839
3068241300088200108,21255781.0,265705.25303316524,17927254.0,281260.92517859366,21459742.0,276863.5295245542,104855639.0,898370.2404873141
3068241300088200111,2797503.0,36456.47402536341,2499333.0,43942.33529297018,2772951.0,38861.18331448969,13928041.0,125791.72590558094
3068241300088200114,19866405.0,270986.94020397455,18571071.0,323442.1673318783,19870536.0,281730.23347380495,98352376.0,928579.7925532482
3068241300088200119,3860498.0,51862.47708411062,2920755.0,49699.8093428039,3793680.0,54407.68793618189,19125161.0,167339.3987915833
3068241300088200134,26705573.0,365789.9316269274,25989956.0,581017.9897432954,26598087.0,381949.28558587015,129181867.0,1558726.1415010039
3068241300088200135,12360366.0,161207.305711456,10207065.0,175605.0169404508,12123520.0,166789.62487025146,62452972.0,550492.8122972974
3068241300088200136,23709102.0,302081.8941176302,20606086.0,352719.37274781027,23380647.0,321707.8300986533,119152991.0,1069474.423772685
3068241300088200145,19432487.0,209279.68002697622,18827355.0,286871.57783621596,19352764.0,221862.12635732174,99105247.0,826039.5440685992
3068241300088200164,39857565.0,539945.2510232124,35697171.0,793287.3265839969,38859165.0,540126.4883903877,204824851.0,2428921.3914477457
3068241300088200166,5348855.0,81149.99578115018,4408489.0,82978.04380645121,5262396.0,86643.48876558052,26241461.0,258381.63770100998
3068241300088200172,12464608.0,187595.0608230656,11304388.0,210389.72408046108,12173018.0,198679.50803985063,61605860.0,599214.8759048186
3068241300088200175,17604451.0,204690.80192757683,14760514.0,211619.07953669177,17486238.0,213814.1955886434,84363243.0,635788.8256045234
3068241300088200187,16296203.0,250694.25617650518,15510496.0,284368.23259146354,16041548.0,263479.9543371047,80458953.0,794193.8096982981
3068241300088200196,159251630.0,1875085.3040502924,156544424.0,2671004.1152583235,155417960.0,1924761.4876660553,774031633.0,6891760.177392175
3068241300088200199,14351366.0,142647.39614593747,13368441.0,188217.47837781825,14299570.0,148709.7306243817,69732771.0,540367.5197495503
3068241300088200203,19995533.0,295733.09072662884,19154969.0,346828.5707248675,19477108.0,301421.57124802,97315147.0,908683.5788907278
3068241300088200206,6121980.0,91344.7911256075,5704912.0,101536.3951699023,5999361.0,91529.38220311346,29707342.0,273626.6686513817
3068241300088200208,30027494.0,324036.4447977507,28153684.0,409780.5317200623,29578337.0,335590.47992459754,140127198.0,1048477.1260441464
3068241300088200209,17306244.0,202226.03348067607,16513501.0,233931.55471266486,16991460.0,204681.6076966441,83208638.0,615440.5112491943
3068241300088200215,3585248.0,46450.26579816846,2870827.0,59767.5604328783,3586051.0,48547.77432915684,18305914.0,203702.59538281662
3068241300088200240,14245243.0,156383.79247242742,12554505.0,140708.58938748672,14379092.0,164977.90693356007,69160876.0,407827.5997381456
3068241300088200243,19926543.0,262308.6123366573,19707543.0,247130.7687152638,19782452.0,273671.6367285893,96204412.0,659320.6230723991
3068241300088200244,4062238.0,36406.77613490845,3686592.0,59396.45359762078,3995804.0,34346.18862232717,19476091.0,167159.31728382024
3068241300089100042,11384178.0,155872.9655316986,9027245.0,193795.50880896676,11145384.0,162490.49702889784,56174473.0,635918.0347150897
3068241300089100043,9541390.0,130386.26035361667,8701787.0,185489.41616830154,9390220.0,136008.86113056843,47666082.0,521493.71973857353
3068241300089100047,27581327.0,300490.94229697995,21703639.0,350199.4090481092,26688682.0,306485.8577965213,128688868.0,1153243.1469062367
3068241300089100048,12847417.0,172723.2244866385,12082474.0,255290.47577216825,12421629.0,176369.32028895686,63067391.0,682541.933512493
3068241300089100056,11028077.0,149608.82110275756,8680387.0,185079.93790361186,10672875.0,155281.36488188998,53399262.0,611892.2477664776
3068241300089100057,2966980.0,39960.708963708516,2563941.0,54730.69326371787,2921920.0,41050.49637729593,14729995.0,160665.77259526213
3068241300089100062,22238152.0,246601.7832653032,20094836.0,302499.0161927273,21465054.0,252113.34454540553,115386008.0,845922.6570913015
3068241300089100066,23756444.0,323524.0362568426,19501572.0,416897.73610940174,23192846.0,335058.2019893856,116110604.0,1300366.470656617
3068241300089100068,23933051.0,323899.6045955536,20243036.0,433970.6424962237,23512979.0,342329.9198599076,118693412.0,1299320.8510432332
3068241300089100074,4214825.0,46343.99757912292,3853789.0,57676.85960632027,4122834.0,49282.19046312221,22104503.0,165896.51881228658
3068241300089100075,91145845.0,1015084.7310759819,81808187.0,1215147.2108484362,88097137.0,1059059.8304999834,488020246.0,3651484.8573900354
3068241300089100079,4356816.0,114912.61975351565,3511338.0,55345.73864895302,4360203.0,117774.2288707981,22836667.0,190204.95401916455
3068241300089100089,26453492.0,296708.7132774571,22536677.0,334862.5315310685,25709149.0,308152.42795749067,139597185.0,1065708.4691219216
3068241300089100090,4597369.0,55834.30010381925,3972440.0,60742.96263321456,4564671.0,56918.564916565156,24496460.0,199644.072941541
3068241300089100100,10046420.0,112739.82159344875,8441789.0,125744.2352001216,9837037.0,117209.19458613286,51525057.0,387343.6417203967
3068241300089100106,12933336.0,146260.20906129596,11349304.0,172573.02654182725,12675149.0,153876.34625000038,65603268.0,509548.8764894196
3068241300089100107,33271850.0,375460.07905708003,27443060.0,408985.4580302695,32169444.0,388810.6333086759,172524562.0,1320504.9301906414
3068241300089100111,17243481.0,198497.4815485075,14499250.0,218633.21488706273,17174431.0,209886.02875512178,92116008.0,720829.0598298918
3068241300089100114,12267676.0,137833.66748574204,10213164.0,152256.0545033796,11925284.0,146181.48988052816,60942704.0,471074.4968632867
3068241300089100125,37474000.0,432017.8680370077,30138668.0,527548.347134555,37112930.0,456091.8592592771,178370573.0,1572814.6031967977
3068241300089100129,16566839.0,184003.77347392833,13019887.0,219943.75716784637,16365362.0,193859.5328347272,77866301.0,646780.4579607329
3068241300089100130,13080532.0,146361.81335923853,10538011.0,181684.29898005014,12946266.0,154150.10320117546,61043124.0,519030.2460582725
3068241300089100131,28990740.0,309640.6064108687,23967713.0,377051.8792983327,28805254.0,321181.57741966355,138284913.0,1107252.9958136757
3068241300089100139,33305882.0,355717.04549931106,28315912.0,375115.35342335934,32404727.0,370354.6263494531,160030569.0,1095352.593759743
3068241300089100140,27498478.0,290382.89840384125,22958724.0,294433.5480212875,27176323.0,305420.5989405425,134188522.0,892867.3160799237
3068241300089100144,25934289.0,330885.5821640369,22307014.0,332072.26975920703,25297779.0,313692.236855234,123952328.0,960387.6631639365
3068241300089100148,19502562.0,307128.12799282494,19606809.0,373847.13557084824,18973864.0,317036.0656646283,97581387.0,1000771.5892270957
3068241300089100149,24359245.0,392003.1920584742,22340240.0,425256.1688242601,24187364.0,406055.78805395233,122250608.0,1198098.2341967134
3068241300089100150,48976048.0,653929.5920192157,44725336.0,770574.5922741427,48448641.0,682303.1134971988,243014573.0,2212483.278176423
3068241300089100151,32599867.0,510827.6670794711,33110051.0,622424.3831140094,31004251.0,523886.4272523949,169710604.0,1746207.6558277654
3068241300089100156,43099860.0,667113.101249867,35821355.0,677425.330359881,42538476.0,699826.3311743828,216758210.0,2142851.0293078516
3068241300089100158,25705030.0,333982.9701523674,20605073.0,353656.1464386644,25309567.0,351279.3890361517,129132940.0,1154964.6566202568
3068241300089100159,20398748.0,265214.12298867997,17002991.0,292048.6726197919,20207946.0,278844.36105769087,102714351.0,917296.8810241626
3068241300089100167,28266224.0,428376.74240505544,24354998.0,453993.25864698866,27718458.0,458119.1308299139,142374837.0,1411890.391653677
3068241300089100170,47901785.0,613368.3990732211,40612641.0,685645.5165617976,47090287.0,645911.5529437836,243420915.0,2138897.306298628
3068241300089100173,10801790.0,165668.21456655022,9952536.0,188073.79755571464,10675784.0,174752.94619070995,54943964.0,536531.2085962149
3068241300089100177,23599374.0,357030.8311781398,20420321.0,382984.460509122,23214012.0,373824.4247041792,120908755.0,1152511.854055092
3068241300089100181,22209851.0,335473.19015472295,21400604.0,407616.6111877307,21988191.0,353506.97392764885,115041905.0,1092021.5310367728
3068241300089100184,15613633.0,198569.508264113,13469212.0,224906.82485506387,15245380.0,206359.84510700314,78624316.0,675508.160918013
3068241300089100186,28244346.0,354956.0765319459,24291687.0,404924.17269277945,27789073.0,375851.96477470617,143498017.0,1235510.0802509077
3068241300089100195,41048916.0,621383.5276029941,43426576.0,817714.6649257804,40002485.0,637615.8909757672,214015454.0,1998530.8796308045
3068241300089100197,31019800.0,458280.34645331645,29016605.0,542124.7537501939,30001540.0,485700.66789476847,151476465.0,1432226.3714774498
3068241300089100199,4136757.0,54638.33762551391,4172719.0,72064.85961256058,4106056.0,56800.77659337648,21232015.0,196627.63000991952
3068241300089100204,48241937.0,712813.8467047766,42588665.0,781756.9738074752,47545922.0,748310.0400232009,250700035.0,2269359.5738107283
3068241300089100205,52138368.0,648480.1897324813,45894269.0,767605.3722356166,51257122.0,678008.6603714054,264977858.0,2222154.842966509
3068241300089100207,8032880.0,86080.31075157669,8243788.0,115016.99274875398,8017626.0,90357.17357518953,40563516.0,315500.60433955124
3068241300089100214,14680781.0,186677.41620359774,15079843.0,257009.99041814165,14518273.0,195406.77982161794,76003233.0,677042.4702865343
3068241300089100222,23315333.0,288426.32939675567,25217798.0,430818.6321571724,22626415.0,301051.5674419409,117478341.0,1014132.6878753297
3068241300089100223,64820196.0,949657.4181629729,52453415.0,970303.3297686811,63176336.0,1003953.8961919484,321220621.0,2939150.4030570555
3068241300089100226,42953541.0,633122.0759832376,42887101.0,785530.2949356246,42039530.0,659934.0138067935,224109718.0,1995760.091872139
3068241300089100228,43599736.0,629428.3158435693,40627651.0,738404.0799750607,42545665.0,663329.3723468191,226547062.0,1960962.8425496346
3068241300089100229,24210826.0,359491.2452518821,22563406.0,421383.10278955864,23857158.0,386172.5858833835,117314077.0,1092460.2216379233
3068241300089100232,2962024.0,45591.352464197116,2950949.0,54921.01519076098,2894116.0,47412.05562369572,15324050.0,141370.9019568174
3068241300089100234,5422811.0,83135.58302362393,5560123.0,105108.81833568274,5261900.0,83798.72059909126,28363804.0,265820.36323024
3068241300089100235,19685973.0,294491.2216744599,20081836.0,370287.5475466333,19178811.0,301960.4347720485,101503021.0,923368.4952454966
3068241300089100240,4956693.0,70849.27185897256,5007248.0,86760.38718612747,4805005.0,73309.10966641578,25784982.0,226991.0755292257
3068241300089100241,4203796.0,61856.74514096719,4413938.0,83738.42969901828,4096927.0,62608.07970957859,22451519.0,220847.44779262232
3068241300089100250,18010853.0,259260.156907798,17341592.0,311330.99686184956,17306183.0,266175.5088836256,93580878.0,799376.1504716382
3068241300089100259,36961028.0,544099.1563313869,33005256.0,604747.6071080938,35798892.0,577600.9430329236,179196807.0,1667615.0727650118
3068241300089100261,39294061.0,574935.6281439952,38906073.0,704935.7955770355,38057754.0,596642.8295022241,204407017.0,1820906.0980442166
3068241300089100263,14245326.0,205977.7682613385,11820838.0,219865.78791088166,14032747.0,221309.0458461713,71377847.0,641015.1252418396
3068241300089100264,18564835.0,271918.1423501885,16267885.0,299285.1429544884,18126564.0,286660.904691902,91597679.0,833719.9285375143
3068241300089100267,26207592.0,317040.0316773378,26345703.0,427356.9594915618,25118055.0,325355.7022574028,128839060.0,1066429.9502803748
3068241300089100268,49018453.0,709302.7414344368,44859714.0,811217.0335172169,47651906.0,743080.0067225388,257978996.0,2283521.5927006504
3068241300089100271,19773789.0,292547.51317917637,16710452.0,312855.86563106114,19246978.0,309866.1300440022,97746141.0,921043.8658888934
3068241300089100272,24171746.0,352846.3060979823,24932353.0,457326.18679814663,23577327.0,365058.0484982521,127217048.0,1137420.9444252723
3068241300089100288,26033589.0,315813.61822815123,24567057.0,400459.28192307544,25239347.0,331627.33061212144,128961918.0,1091554.8002545582
3068241300089100289,20459900.0,252102.64712208288,18825576.0,309388.39521408913,19897736.0,261649.58563093125,100623711.0,850657.7423245199
3068241300089100293,19604327.0,288270.59436667524,15771140.0,284856.0717759455,18761270.0,298928.50492547144,97214223.0,893301.0146970833
3068241300089100316,54083782.0,679067.7785240614,42879511.0,714834.2551055239,51924314.0,700057.3500935361,260473430.0,2324498.3086325233
3068241300089100320,13945011.0,211987.05350567383,11491423.0,215638.93097654392,13696660.0,221693.33716862972,73918990.0,715055.1575454096
3068241300089100323,30543236.0,383611.17514674616,25084604.0,418001.56929023087,29489358.0,396025.63489931985,147835130.0,1269324.8841860304
3068241300089100328,15256627.0,199296.37823711958,12907875.0,221977.8091867639,15136147.0,207496.5281414803,73704498.0,677066.4259691896
3068241300089100337,2939201.0,43885.740693947024,2401715.0,44141.091259280045,2892732.0,46654.80364685407,15483993.0,143128.3293553628
3068241300089100338,14951153.0,225976.34780353706,14286149.0,270894.7930438286,14756474.0,240499.31249541952,76433467.0,732549.6043948468
3068241300089100340,34520335.0,518120.3885691709,29097202.0,538945.6400761971,34424448.0,557857.181221803,175601424.0,1661196.0820753516
3068241300089100349,21541960.0,322762.93821828277,18262218.0,336704.40207901364,21273428.0,343712.2943055665,109942422.0,1046989.1412896016
3068241300089100355,3713813.0,48258.19747709743,2912007.0,49415.809323911984,3665193.0,49405.21726523883,17588522.0,155011.68695214973
3068241300089100358,10957077.0,164148.25726692373,10995213.0,198578.06234221847,10736141.0,176680.14676079465,55178154.0,519701.30792347627
3068241300089100362,7603255.0,120693.220065931,6645499.0,128753.5156859475,7606764.0,127683.52688170246,40782981.0,406514.0907775312
3068241300089100365,20349804.0,309820.753553121,20223030.0,382651.78538959246,19957277.0,329894.3052603064,101051690.0,978285.0310364552
3068241300089100367,3371100.0,53268.80126673983,2858907.0,52681.85851312459,3358146.0,53312.21781439145,17850251.0,178727.92885097253
3068241300089100370,7760606.0,113915.81116978443,6827250.0,123612.34973391828,7727903.0,122439.60051404653,39274970.0,359199.006125646
3068241300089100374,4358761.0,57867.35116762592,3577275.0,56166.91680561964,4365755.0,60877.14492839795,22272088.0,182731.13417022035
3068241300089100376,45266027.0,519232.4806588549,36667999.0,578420.4315296201,45301696.0,547972.3621834246,231444327.0,1895812.1338956745
3068241300089100377,12520968.0,154041.01159883357,10265067.0,162850.18025110953,12319885.0,162082.59881162472,62263336.0,507703.301946711
3068241300089100391,45264138.0,404502.4054214674,41308910.0,712431.6585927453,44606671.0,419736.60802596726,224120289.0,2076447.322792523
3068241300089100397,10544445.0,139683.5022240237,9327748.0,122103.38049827026,10553669.0,145430.63760971936,51329904.0,356028.5197691943
3068241300089100400,8326819.0,84380.26814933454,6939184.0,147432.94888929106,8366316.0,88574.5253765389,42096705.0,462224.49634589
3068241300089200042,16121949.0,218972.8559553655,14256847.0,304008.53073135385,15719398.0,224814.00072608964,80545890.0,892262.391466576
3068241300089200051,14393471.0,192856.25324569253,13292643.0,281430.7802815202,13976991.0,199041.76596905073,70430161.0,769346.2863586391
3068241300089200052,18606286.0,204808.88224568267,16053468.0,236539.7025128068,18013488.0,213860.97397599564,94964341.0,701867.2848226486
3068241300089200054,23254306.0,267493.15338610776,18238739.0,276029.77197825734,22413791.0,278077.60083832446,111479725.0,884612.0765816262
3068241300089200061,17113113.0,226431.59691282804,15296400.0,318548.86883242003,16465283.0,235690.1087724786,83546781.0,901070.2154272499
3068241300089200064,33321676.0,366144.26727420406,31185718.0,465363.80169753317,32489232.0,385670.5241143989,175192568.0,1286871.8034476053
3068241300089200065,21485837.0,237119.6853344877,18737321.0,273542.62712467235,20920337.0,248720.31671562808,110392711.0,789540.9922010743
3068241300089200071,22013344.0,244760.25852455266,18560770.0,278654.18552461267,21298047.0,258225.3306018946,110040820.0,819037.212167463
3068241300089200079,14295624.0,160621.62082339448,12297802.0,181320.413195642,13853934.0,168930.56285223895,75019192.0,555354.7822695165
3068241300089200086,3427995.0,149655.54587579906,2748693.0,41387.706028168046,3399719.0,147685.20898585557,17921852.0,149284.8145714914
3068241300089200093,20882319.0,281154.03654053604,16782887.0,360996.40360848577,20287939.0,294756.2453097659,102122439.0,1149878.533880686
3068241300089200097,33472410.0,370552.6870665625,27201174.0,402929.3380118816,33376820.0,401456.607744727,171643375.0,1289498.4294546084
3068241300089200108,22033961.0,310029.8853952781,18844537.0,413522.9290012743,21912693.0,324124.6557587302,108817122.0,1256031.47996382
3068241300089200114,35380108.0,403559.1871751679,29610228.0,442621.24346813496,35048205.0,425019.12864242785,178706821.0,1376820.1557384538
3068241300089200121,11961296.0,134301.58312863027,11619329.0,172737.0689397299,11451539.0,138637.410431812,58421839.0,450607.5999395102
3068241300089200124,31119377.0,352615.2814110336,26428619.0,400129.60926109145,30742630.0,375371.26525375905,159366915.0,1229822.9836523007
3068241300089200125,38533898.0,532713.2663226842,30155518.0,642678.9318720256,38039576.0,561539.4428257347,180711905.0,1990920.3454673134
3068241300089200143,101183592.0,1150656.2534709782,107061333.0,1463051.5477377374,97240342.0,1188449.8240804966,516846134.0,3830329.3244190104
3068241300089200149,20082437.0,202239.37718661845,18313918.0,226705.67325943045,19370572.0,204311.8141674598,97329329.0,619575.0761642827
3068241300089200154,36800767.0,469900.3420314859,32835259.0,488208.6006697153,35832554.0,489075.4162304846,179832854.0,1437001.0324594472
3068241300089200158,16736573.0,209613.06615519774,15082983.0,224341.78362222714,16603643.0,214521.17773620007,81085932.0,641100.2912322099
3068241300089200160,47539237.0,559151.6225223257,42991466.0,644408.5325911683,47650082.0,591275.7711487876,233763435.0,1794810.6011195946
3068241300089200162,35511886.0,548326.0047636704,29322947.0,564197.8260043705,34906060.0,575708.9278966227,174704878.0,1692834.3633356555
3068241300089200170,24607102.0,322063.3177449823,20820914.0,361051.5887655298,24165240.0,336010.6185948396,123276906.0,1113692.6136480982
3068241300089200180,9089832.0,141522.7863020898,7242715.0,137240.34358567657,8776697.0,146471.92752399083,44816996.0,444697.1120181656
3068241300089200182,22018430.0,339655.09093060635,17690177.0,336821.99486484687,21462491.0,350992.1996313006,110604719.0,1085845.4804590002
3068241300089200183,21169852.0,326485.89784516,17895699.0,341205.4553763244,20845958.0,340141.5834472397,107182552.0,1049382.883587898
3068241300089200184,15561172.0,241608.4851602776,14269095.0,277326.8057472278,15397108.0,253495.16485689784,78188207.0,769562.4679237272
3068241300089200192,18848508.0,287461.4824012902,16066101.0,302811.1809079819,18535440.0,303857.3743059861,96655834.0,929123.5227349832
3068241300089200193,30535465.0,461651.13072760357,25913961.0,490809.25492219406,30154511.0,488363.1103078125,157449787.0,1501661.3937681161
3068241300089200205,7374341.0,110289.1533964616,7192788.0,140799.04519125196,7085260.0,117209.48010846361,35865929.0,359245.55506120285
3068241300089200207,19889879.0,251762.86130355392,18164412.0,312544.9726371812,19497390.0,261997.43869343062,101129048.0,890967.4693690797
3068241300089200212,38649194.0,573896.4575603161,32905061.0,605020.3756959594,37776841.0,604266.1655707953,196037938.0,1822916.254020816
3068241300089200215,17525275.0,217938.67353630936,15180387.0,253680.05507487763,17414214.0,232806.75115014246,90102452.0,763995.28152593
3068241300089200222,30061595.0,439587.7821824039,25637438.0,475899.0739320902,29374805.0,464289.7876377936,153568777.0,1384395.8965896573
3068241300089200229,29005211.0,424605.93195815355,23659960.0,439045.0213200254,28306028.0,446070.8175124224,147192025.0,1329117.1603596034
3068241300089200233,14220817.0,177571.13733083548,13992840.0,233411.772342553,13825804.0,181820.26987114712,72706655.0,614695.3997810356
3068241300089200235,33372147.0,498904.63796325703,31661084.0,596162.4661324373,32816089.0,533898.9054313733,161475337.0,1557971.51678171
3068241300089200237,20632655.0,251360.7309022446,20034184.0,333920.6055218838,20106419.0,264830.62045768293,104906495.0,868097.7172534246
3068241300089200240,9983293.0,123704.78005321138,10167146.0,168654.0503093272,9700421.0,128734.003182871,49611804.0,420746.5939114777
3068241300089200242,5019229.0,64308.92410502209,4844632.0,81846.24194112912,4941506.0,67723.00537373312,25063824.0,231122.31781764093
3068241300089200249,2829858.0,40989.97780185159,2916885.0,54206.274346526734,2762028.0,43104.89425845339,14486604.0,132310.46678708904
3068241300089200261,31747849.0,457566.02392064396,31803039.0,572107.9699411828,30679127.0,472465.3788943629,164517169.0,1426779.7161971822
3068241300089200265,27809771.0,344169.6503211746,27498916.0,456849.42267957877,26974056.0,355990.25808756845,138271847.0,1181324.6105040046
3068241300089200267,15825112.0,229661.70009362826,13132562.0,232760.5525092086,15225933.0,236431.23152620057,80251174.0,708516.5769834864
3068241300089200268,15005719.0,217492.81754386044,15753618.0,286955.5896391351,14619692.0,225031.91888895998,78529570.0,682983.0194347281
3068241300089200272,46702653.0,673502.0380038996,45802452.0,822093.9989484597,45286445.0,693204.8021336249,244998503.0,2124196.4977604863
3068241300089200284,27870255.0,322970.4737070448,23331485.0,351040.017447301,27371680.0,338687.5794228107,133707565.0,1107244.6026189558
3068241300089200289,6876923.0,101673.44269088752,6223816.0,114462.5583846225,6712009.0,104675.18247574645,35972947.0,320482.3339871117
3068241300089200290,49046196.0,597634.0122768801,49769961.0,815375.0965849328,47167242.0,617966.0668465882,244155655.0,2063375.6706347985
3068241300089200297,33938989.0,495961.0636824032,29889531.0,535168.7253202297,33401350.0,522087.74256623373,177494332.0,1574029.2483354902
3068241300089200301,12447648.0,183150.6748490538,11808699.0,215678.54246926922,12181068.0,189192.58052798285,65587591.0,581975.0281225347
3068241300089200310,28840993.0,424620.00006603886,24425083.0,447217.3898491847,27817713.0,445477.7000389174,144517004.0,1329031.5377488593
3068241300089200312,35491375.0,527663.9547484497,30124277.0,551834.7694437212,34672455.0,560942.0661389262,180790434.0,1723035.9291399422
3068241300089200320,4461683.0,66999.08173930495,4050973.0,73465.52339699148,4392587.0,69502.30560770485,23611931.0,217618.0835998311
3068241300089200332,17105403.0,253559.5555891737,15733388.0,291861.4674236947,16775442.0,272879.9219034162,87240460.0,828786.4542283973
3068241300089200343,33899120.0,505333.9427945895,31092113.0,572900.5641472936,33060741.0,535608.2202159904,172298864.0,1621769.4936736592
3068241300089200349,19965392.0,304332.66040945303,16559799.0,315720.9118317263,19415839.0,316234.2352269753,103800136.0,1004718.0764219412
3068241300089200367,16638067.0,209975.18708957153,13440577.0,217191.82293249478,16663893.0,218547.88590357182,80104888.0,703617.60330735
3068241300089200372,7804151.0,117905.6748882942,7904897.0,147304.48020204174,7644462.0,125395.65969800926,40030316.0,378687.204844617
3068241300089200383,63531831.0,821538.8060205962,53837589.0,893749.6913054005,62328594.0,867600.645683796,316322876.0,2671828.63514357
3068241300089200388,49061738.0,596730.9879800113,47040348.0,756929.5692309334,48489464.0,635401.3416377518,248315831.0,2013575.9693621965
3068241300089200398,40002528.0,415874.3660361798,33365274.0,533790.8605815193,40281905.0,439464.1392342468,204433134.0,1686645.3419299098
3068241300089200406,2725822.0,31209.824119191602,2333104.0,35744.68041441694,2750230.0,32821.279394103985,14229580.0,114117.11485210495
3068241300089200410,28061864.0,260322.33157123768,24019559.0,381805.20391330996,27414522.0,263947.3143197936,136033909.0,1099508.0580047874
3068241300089200421,11975731.0,100290.52955590801,11060154.0,207219.35909165224,11849125.0,106204.35633492353,59978833.0,617263.6080628945
3068241300089200429,14904745.0,148143.63385918015,14122414.0,305383.3596118832,14750518.0,149804.02931731835,74633719.0,798955.3077135441
3068241300089200446,4597654.0,46523.58576820405,3908916.0,92881.9004325548,4572123.0,47079.74872970324,23326681.0,301470.4002439326
3068241300089200453,3379501.0,55513.22151721516,2490337.0,38430.25481832744,3316397.0,57406.73543608653,16855093.0,136243.2609634125
3068241300089300001,3749492.0,46634.806093445244,3035660.0,51109.93913122194,3618300.0,47922.30077013462,17846767.0,159900.21187451424
3068241300090100033,12202868.0,412424.58276329597,12281771.0,480767.3379157082,11840930.0,415091.8684946525,55721655.0,1671061.1318791236
3068241300090100034,12797027.0,182071.39962794614,12442540.0,243918.88071260363,12380774.0,187841.2962187298,59442327.0,594484.9944625518
3068241300090100039,1301517.0,554091.7195438336,4637207.0,587924.5368204302,1256085.0,534738.0052413594,25323914.0,3089256.133759374
3068241300090200031,20671448.0,300611.1779699989,20638867.0,405480.75356361124,20070404.0,305328.0141579189,96435097.0,968285.2493364017
3068241300090200032,40575020.0,857363.6834060802,42391249.0,812761.302266986,39072707.0,854250.0599238279,196418033.0,1928854.0314087747
3068241300090300003,5896978.0,81041.03912902759,6047641.0,116142.51554988624,5561010.0,80448.40409992069,28476840.0,270513.5070266266
3068241300090300005,7179393.0,487515.0534342988,12543640.0,249604.59252021438,6879985.0,473852.49820771464,54532876.0,539504.2625357616
3068241300090300006,4785815.0,325410.54869342956,7321994.0,140353.4639426454,4589656.0,314024.47279926715,33016948.0,294805.8770581974
3068241300091100022,5110918.0,68321.6231994156,4229392.0,79046.53802495952,4964289.0,71149.74426471606,26310856.0,250447.97961937962
3068241300091100024,25508964.0,435964.26981905603,21688343.0,412931.2209309775,24871053.0,450947.56744874414,131017451.0,1229319.4962315275
3068241300091100026,6435263.0,87193.11245483585,5430070.0,102387.74285969835,6286594.0,89060.10479185567,33478584.0,322258.9950416773
3068241300091100032,9034988.0,184466.12189367577,7775821.0,150948.98703173563,8749368.0,178700.17063201405,46477706.0,449982.393624387
3068241300091100080,2825728.0,38549.9922295453,2599476.0,48282.16565263393,2723647.0,39272.63238694754,13962998.0,132677.10620780522
3068241300091100081,82389601.0,1282706.342865296,72645043.0,1403159.1678578102,79043178.0,1305643.6277687969,395212583.0,3669590.09091499
3068241300091100082,14447676.0,194430.14084852184,13261242.0,250797.35385210806,13988316.0,201364.78232091467,71719007.0,660479.2644525552
3068241300091100136,22441338.0,280235.20423933497,19649887.0,446117.6351752691,21234736.0,286942.5100884661,110384458.0,1434517.7423884133
3068241300091100153,9139404.0,115562.82008201732,7620741.0,172627.83826063553,9004804.0,120949.94272811734,46883670.0,528317.660540056
3068241300091100159,19912319.0,250010.15900961458,17781081.0,410814.2789160148,19320205.0,262648.7400444974,96973012.0,1084553.7708268666
3068241300091200047,3300424.0,29151.944132475553,3120532.0,55973.17516226471,3210883.0,29597.8325538759,15511783.0,147453.20532334683
3068241300091200092,29567789.0,393656.5456432086,26040616.0,490339.3766726664,28447288.0,402583.5872886169,148473777.0,1393272.9929199456
3068241300091200095,8478954.0,114302.45363271763,7596955.0,142743.6601414255,8185473.0,115265.68477051618,42385163.0,383228.2431637644
3068241300091200102,11249588.0,121674.9585830385,11084831.0,221342.5122927482,10717214.0,124824.91378735562,55603361.0,597401.5504662136
3068241300091200105,3944290.0,97096.0964003363,3477601.0,68226.6677588358,3770550.0,96436.00918354311,19236582.0,177591.37544805932
3068241300091200134,23205889.0,290017.4017138304,17942946.0,408980.2807277565,22555747.0,305607.57253387576,119105487.0,1446574.6795550864
3068241300091200135,17804803.0,223440.299200229,17700846.0,406255.2640226868,17015814.0,227836.0829571175,93732114.0,1163945.0883956351
3068241300091200139,7900701.0,102660.45823570769,7656805.0,174838.01961143664,7660518.0,104994.89502959252,40974191.0,519094.0313146354
3068241300091200144,199323392.0,2546019.7334849546,200225269.0,4736267.9458940495,193915021.0,2643776.8280214453,1014804956.0,13215559.921942476
3068241300091200174,33602072.0,436322.62843715603,29345524.0,711509.9516134249,33172734.0,454511.5503449073,172369580.0,1974601.4353520565
3068241300091200184,6433014.0,86942.83041808898,6346795.0,147808.611343825,6279970.0,90363.20160923355,30698554.0,373554.8804907021
3068241300092100083,16307223.0,151580.25745546867,13804147.0,166236.15700370257,16264747.0,155357.312197656,81167722.0,545146.4029595585
3068241300092100089,3118963.0,28686.365882458387,2972304.0,35154.52412659273,3095504.0,29000.739991201117,15613043.0,100443.60147710075
3068241300092100092,11456381.0,116290.48021285038,12841969.0,201079.93327626988,11185287.0,119677.84831218416,68361582.0,785015.2656843824
3068241300092100110,7990034.0,107487.13847056971,6467149.0,121685.18074831372,7868211.0,112511.0825846754,42986306.0,424461.6500579783
3068241300092100124,42323688.0,572087.6902635004,33900197.0,633586.1966642705,41845773.0,600358.1818758716,224585644.0,2181138.7522007967
3068241300092100125,30604421.0,426724.2460854467,25918906.0,493740.04090898496,30622042.0,445836.4256992282,165121692.0,1662838.691972124
3068241300092100126,65988298.0,699990.1856559294,60766829.0,852147.9359529405,65281051.0,713325.3977170928,334538694.0,2594508.0135412915
3068241300092100129,19702142.0,260304.4132369089,17057790.0,323589.2945276128,19301439.0,275805.329432211,99728295.0,963181.7832725693
3068241300092100137,19204375.0,193224.79159486404,18567816.0,249610.85783434066,18812365.0,199615.595998446,86961979.0,601866.1361241275
3068241300092100151,12984377.0,240017.44363056874,11534003.0,237053.5557611721,12803003.0,242388.80045389803,67869604.0,656556.83029023
3068241300092100155,15811744.0,300346.4401514279,16985377.0,330363.10389067174,15445543.0,305676.8620899923,78257314.0,774310.8521165536
3068241300092100160,5279224.0,72605.62142680527,4455646.0,85015.39243432553,5265871.0,75400.03540309613,27625661.0,265096.3982501841
3068241300092100161,14680626.0,252754.2594976374,13110801.0,252862.3958900228,14505741.0,254004.92956461658,76879090.0,739741.9253965584
3068241300092100166,14861354.0,295764.16123200214,14120094.0,270784.7219915015,14666703.0,303979.4068677506,75862061.0,730467.8975758844
3068241300092100171,24035660.0,493795.4856982267,21575782.0,411550.09239860775,23590853.0,502826.60968311504,124423878.0,1191951.8575839424
3068241300092100174,9566706.0,221054.00501020305,8372360.0,163182.51508557494,9423217.0,227667.8062049248,49446981.0,459075.9808886171
3068241300092100181,3812435.0,52591.410909655104,3218097.0,61794.35645295546,3789103.0,53991.93461350806,19759038.0,184023.67223046633
3068241300092100186,9605482.0,205051.82642714932,8163494.0,159946.46879762478,9480896.0,209308.66371474977,50282836.0,481953.2612172772
3068241300092100189,11445451.0,188692.7586948198,9767972.0,190635.25013124137,11317971.0,198154.41024997228,58873407.0,557617.0085519324
3068241300092100190,23819915.0,571688.6615947762,25103432.0,511861.05557830207,23351831.0,583770.2472514921,117225657.0,1138444.3920242665
3068241300092100192,3193312.0,43109.41911300655,2819472.0,57787.26456664851,3136996.0,44967.02217444073,16040644.0,162939.80407342644
3068241300092100193,22336331.0,380848.3475675113,20172249.0,387752.6727324466,21649320.0,387858.9322046362,110411853.0,1032122.5554329988
3068241300092100196,14838270.0,330904.64205503097,15174345.0,295828.95110195916,14491092.0,335056.20848150435,73863850.0,683534.4720518745
3068241300092100197,10096630.0,139057.27039401632,9124504.0,179102.04889178975,10019587.0,143754.05480091478,52765359.0,507821.3599224086
3068241300092100203,7701595.0,105885.12479522466,6692833.0,128956.12706762401,7580112.0,111197.4489972051,37994383.0,364702.7619301901
3068241300092100206,3515582.0,84995.32042459014,3142351.0,59765.316925302526,3426316.0,85882.856356878,17364933.0,156268.76373769378
3068241300092100211,25404869.0,581553.5458073921,23296405.0,451859.09280171787,25014730.0,595614.2505558359,126151209.0,1173528.2764203758
3068241300092100214,14692598.0,267904.96230661444,12339648.0,234154.16717581675,14487618.0,273988.2887725252,75711760.0,710018.1747459526
3068241300092100231,2872815.0,35705.3502485051,2947397.0,50626.1320901015,2803483.0,36735.506083480606,15345046.0,134124.5625766099
3068241300092100294,5745332.0,72300.67562663354,5593600.0,96318.04398890026,5640362.0,75000.15710308623,29983598.0,281113.2798497433
3068241300092100302,11511762.0,137984.3021665575,11447206.0,200708.21156588785,11294943.0,149820.6605566868,60266787.0,546529.6749988316
3068241300092100310,20074725.0,240563.73494735316,20421784.0,352329.10645142803,19535003.0,256918.7422696375,103716584.0,932064.063392818
3068241300092100312,25511371.0,312221.44958990626,26254320.0,447547.53398842586,24766429.0,325384.9859340368,131107979.0,1178720.7512360387
3068241300092200099,28644731.0,391004.17365266336,24438817.0,448788.78737750836,28769167.0,404724.6407798158,144108920.0,1420744.1366493385
3068241300092200137,3636933.0,47796.72454822632,3017551.0,54746.72776682797,3555048.0,49807.59396529724,18712071.0,177290.075686204
3068241300092200150,31314178.0,433426.8617918727,25237406.0,486242.130718323,31029136.0,452209.87624734105,167785098.0,1665028.058050082
3068241300092200152,9682045.0,132423.90382803278,7593761.0,142542.40345836594,9595912.0,138010.31647720808,51226164.0,500959.6633489821
3068241300092200155,32051016.0,425839.4865991988,28812935.0,537613.7778348436,31291231.0,450232.24926466966,161112458.0,1544253.526369657
3068241300092200157,23756813.0,321370.444562205,24167125.0,465810.75970561395,23024942.0,333847.0400062128,118909996.0,1192463.7661473986
3068241300092200158,33677523.0,447995.61647755274,29071507.0,540379.3327254107,33030595.0,473830.6227827046,170234559.0,1606749.3838220784
3068241300092200170,3475862.0,48222.85867273096,2875023.0,55573.77527719285,3452817.0,51017.339318586106,18418122.0,184441.95668043912
3068241300092200176,11929933.0,279540.92376600584,10921355.0,221049.06669306735,11764639.0,285265.0884456366,63113871.0,617074.8265425015
3068241300092200177,15025039.0,335290.48750717466,13233295.0,254311.57607763106,14799566.0,343717.74588924693,74327916.0,695035.872412158
3068241300092200179,3800393.0,51298.99426447489,3266311.0,63088.28901896781,3745499.0,54046.29801082637,18982437.0,187266.9007265908
3068241300092200181,8656030.0,223780.6905196185,8055103.0,153971.51504701303,8535050.0,228184.62883193683,44726945.0,422606.20702621754
3068241300092200183,14687547.0,340854.6121988171,12375685.0,235215.43599355634,14583146.0,349584.87966808147,77273167.0,722269.8330895726
3068241300092200184,3854817.0,52847.22406934343,3339098.0,64590.71527208974,3834452.0,55758.6429094911,20029445.0,188994.20573391774
3068241300092200190,15261368.0,345917.4172302572,14156107.0,261974.2842536536,15097587.0,354057.9638111213,78226253.0,743392.3856487437
3068241300092200194,17251153.0,242417.3959396779,18719608.0,362233.76171277644,16881261.0,247275.938578995,86215336.0,858863.9469142287
3068241300092200197,13743472.0,343880.24715708307,11999691.0,229454.90000183892,13680046.0,347995.7152581589,72503923.0,683003.377175649
3068241300092200199,14563447.0,361212.62735295715,14915682.0,282449.69858535816,14178457.0,363228.619518039,70431886.0,683990.2797006441
3068241300092200210,10817009.0,256149.891522648,9900416.0,199455.1662161923,10650479.0,256484.9544301099,56804998.0,558881.541978417
3068241300092200211,6182041.0,88107.66668468766,6982831.0,134046.56545160917,6067211.0,90818.0155500048,30882004.0,291314.8104735185
3068241300092200223,23037726.0,497321.95673890685,19662623.0,380473.9928689238,23019736.0,512199.6347719878,121564510.0,1144043.2107023704
3068241300092200240,92141557.0,1387770.7608113412,92534710.0,1605000.1363012888,90708302.0,1437709.7664729115,485016909.0,4661672.27227793
3068241300092200242,265188693.0,5902903.048599789,269773393.0,6294332.031619044,262508336.0,6052281.024649583,1371484587.0,20980250.566797532
3068241300092200293,3283213.0,40770.15607357901,3355944.0,58530.54658207169,3203236.0,41718.64210488675,16974997.0,155631.6463077882
3068241300092200303,90848842.0,1591920.8268310502,99387524.0,2216987.364578378,89298525.0,1632755.9164459114,458294808.0,6600678.846259141
3068241300092200304,21526417.0,261721.59671285533,22485395.0,383866.2280040254,20911996.0,273576.9871089999,111559149.0,1014070.0779137178
3068241300092200308,15457693.0,187049.7873805375,15031075.0,252939.75136040442,14961790.0,195682.35051401673,79533645.0,699830.39807623
3068241300092300001,101399838.0,989919.3459493761,124481271.0,1646047.9483362457,95840241.0,1008426.5640597183,673795840.0,5271378.952039468
3068241300093100020,14829873.0,113522.15877497259,8199534.0,145867.46872068275,9507902.0,89656.6176000488,44486179.0,429482.17926413065
3068241300093100023,63880858.0,469676.85569909017,64274703.0,940704.5152411559,38966253.0,368130.49434569635,246732500.0,1991162.4787512026
3068241300093100042,229054279.0,2071572.103768823,112562512.0,1988625.3290595235,131374532.0,1155332.034551403,766541655.0,7233302.235912476
3068241300093100046,35532613.0,658390.2231676667,20455671.0,363809.2847010321,23710526.0,278206.57126257964,122216763.0,1190463.070361808
3068241300093100054,95964127.0,890196.1410471939,91463705.0,1674244.0696849234,62977850.0,584105.5739635827,391659164.0,3600868.3117570295
3068241300093100066,42046322.0,328250.26589983614,27747595.0,485133.3823559079,31965197.0,284541.91704344813,145596226.0,1333758.6844737297
3068241300093100069,110539445.0,880314.426673298,77432318.0,1361336.8719824627,83877158.0,779628.5579536842,385022231.0,3496587.5318104774
3068241300093100071,9724308.0,77629.83314716422,6664470.0,118755.41832087169,7120554.0,66380.01718921607,33543452.0,316350.38057365327
3068241300093100072,6878847.0,55672.42179798428,4614141.0,93142.19383696045,5087390.0,47671.195543390946,23907581.0,270790.1855809655
3068241300093100073,63856356.0,492301.5421760903,43333550.0,767513.9841817073,47784125.0,442289.1858837004,229841917.0,2105432.075611242
3068241300093100074,31179631.0,264107.73532362195,22352737.0,396956.11717426125,23363205.0,215824.93521484747,109661353.0,997093.3088919631
3068241300093100103,18301470.0,297317.82363200694,18593778.0,319455.2305356812,17891259.0,311560.21481337486,92437360.0,839176.0120089998
3068241300093100122,24445793.0,366936.7577812112,41973033.0,648018.6221297265,19021019.0,322469.025710781,190389788.0,1786950.0375598108
3068241300093200030,4075518.0,40520.170212976416,3525946.0,54496.5190205787,3470558.0,37033.67155487667,16783506.0,131995.39964238487
3068241300093200046,25783581.0,211750.37986021326,29284169.0,352503.5724412799,17022585.0,141528.88247878238,129023503.0,929803.0301730083
3068241300093200064,112420261.0,1206190.7109444777,228931714.0,3662364.333040173,57546873.0,535485.2649694295,677509563.0,5996748.6906026155
3068241300093200068,16524065.0,144128.92496272936,14785126.0,173352.03272546263,16011973.0,148870.02710316266,80697121.0,488703.538826867
3068241300093200069,11979155.0,110039.53627060834,10068626.0,123639.33496557911,11828169.0,111842.65239664832,57126665.0,384593.3347535297
3068241300093200072,17566661.0,224517.2516715434,37409964.0,859576.7801509986,9378334.0,97372.4743137047,98469066.0,1359760.9491654912
3068241300093200076,4844706.0,45861.400789703715,4779052.0,55794.48275989182,4637134.0,45733.45637409503,23918200.0,158189.0388954906
3068241300093200079,220284810.0,2183474.151600705,459611567.0,7235903.525780405,125591027.0,1195717.2591241274,1045746146.0,10033689.09309963
3068241300093200080,3398846.0,34632.33543697079,2916070.0,35982.64550441837,3288872.0,36082.176479659734,16613752.0,115824.51281583458
3068241300093200081,9186966.0,88453.19020105455,7384946.0,92313.53584134193,9118682.0,91107.46144250016,43566497.0,287698.7550712121
3068241300093200086,17250542.0,124459.00585157899,9815689.0,174835.23584247715,11077796.0,104186.59429851474,51899135.0,496276.7791199561
3068241300093200087,19579434.0,136035.58238383566,12643516.0,209401.09452487848,12452202.0,119160.56229232057,62758219.0,554406.5457478997
3068241300093200093,218863174.0,1837480.4425090654,441478556.0,5739142.685734125,117650299.0,1059723.8990030386,1197595540.0,9767616.54968459
3068241300093200095,13019489.0,129548.28328412752,10676364.0,149153.47306819787,12705938.0,132391.62038259124,62945035.0,444517.3549683444
3068241300093200096,14234733.0,142007.43136049775,12543218.0,167039.77873618738,14064977.0,149590.51178272275,68322151.0,505075.1997104809
3068241300093200098,4805246.0,47172.088940258895,4688151.0,63895.283074441555,4598491.0,48979.1690779984,24351515.0,175902.78368460544
3068241300093200099,19685317.0,194754.16651701138,16703729.0,228696.1836786176,18906831.0,200530.59411978704,98382709.0,713795.5789942204
3068241300093200100,10763529.0,105207.12450575078,9024074.0,119186.95433266803,10439116.0,114261.33069309595,54496634.0,407089.6631559775
3068241300093200102,9535905.0,93991.38351505157,8590451.0,116420.62551202529,9210272.0,97275.57927811024,51352442.0,439466.70582298643
3068241300093200103,8935933.0,87437.7162684589,7882447.0,108348.02799868127,8580997.0,90880.87050235011,45524147.0,344072.7870190266
3068241300093200104,13873328.0,138301.0081915999,10287688.0,136701.83143840384,13397799.0,142277.8554811292,67265146.0,479768.83516763663
3068241300093200107,4513208.0,46261.56659547731,4078872.0,56375.301318268735,4394981.0,47643.6190350547,21743997.0,157289.61018529846
3068241300093200108,12726369.0,127430.70238291923,11596077.0,158693.5467877146,12459397.0,130772.38102980575,61831119.0,453788.4518232385
3068241300093200117,9304557.0,67484.36592503809,5209725.0,98901.33894780416,6212276.0,58744.04923394059,26510215.0,268638.5091675209
3068241300093200124,40826431.0,298438.95368382445,22925016.0,411693.70376394474,27474536.0,241679.23693016765,118869572.0,1144708.2081682181
3068241300093200128,24314829.0,174761.00058702947,17890098.0,326302.579182723,15394141.0,136782.2136511138,80945989.0,748252.2259497081
3068241300093200137,16818935.0,142695.44630223818,12925205.0,159881.8419407712,15483208.0,143006.81516230796,73484524.0,496129.47944029584
3068241300093200148,100115046.0,968659.5245625906,98439930.0,1348623.500652741,97564667.0,1049172.239557176,503208303.0,3776130.4675097107
3068241300093200151,49547891.0,352060.857706518,32618856.0,568391.0779429025,31576734.0,280458.26939487865,154148261.0,1375709.9498800961
3068241300093200152,184837847.0,1644091.5718733515,184481230.0,2635959.7760379007,107177879.0,957028.4867889476,741210778.0,6828194.516921167
3068241300093200155,171150892.0,1277709.5931840432,172064005.0,3034286.1574528622,106831235.0,939248.481021868,663816796.0,5830565.074972449
3068241300093200170,11213489.0,83456.69899300618,6862312.0,123074.24644311666,7522524.0,63787.381896658626,34644445.0,301587.1738299951
3068241300093200211,215942230.0,1960983.9588150976,382405237.0,5620494.467078529,139596795.0,1302131.80698617,1361479477.0,10997995.496247983
3068241300093200223,13812246.0,134838.06070659132,11265400.0,145440.132008183,13499296.0,139495.44170385864,62984264.0,425715.4994484277
3068241300093200225,5547744.0,46557.94566059145,5121389.0,54873.13732920283,5439403.0,47210.652921221525,26664277.0,140437.1968670821
3068241300093200227,58217799.0,543351.0135607166,56276369.0,723990.6943228724,56832131.0,571135.8333829694,269349854.0,1750726.3340596221
3068241300093200231,63197120.0,565745.6784265355,53739853.0,664144.6185092184,62217398.0,591744.8560732163,292383242.0,1792220.9557468772
3068241300093200233,42249318.0,400551.77944900707,32855852.0,416078.7679886842,41782030.0,415133.5786181304,197632791.0,1307216.9966445505
3068241300093200234,13077121.0,104662.5387018148,9032295.0,152119.8583742559,10094154.0,89375.47795170674,45307070.0,396472.9899527944
3068241300093200235,21318554.0,189132.21586781638,17244247.0,209216.2713957218,20859382.0,198296.7207460239,97236597.0,601305.2009766113
3068241300093200237,8131739.0,78802.25326675721,6672089.0,89079.280683618,7993421.0,82839.7980362562,37320086.0,245209.7909184472
3068241300093200238,19107579.0,182243.61832044506,15000545.0,196626.20636293877,18751485.0,194655.1584457922,86751552.0,575822.3024833745
3068241300093200239,6700793.0,48674.51401773842,5032128.0,65024.31379384345,5657801.0,41685.00595277526,25896163.0,167986.53552377265
3068241300093200241,18975172.0,171732.68139580102,16766540.0,214910.6922185675,18663724.0,182699.13878221766,88070106.0,562487.350366707
3068241300093200252,30929032.0,267021.668211464,29780071.0,350210.14745516557,30131749.0,276539.3169861666,144200694.0,849447.5215314873
3068241300093200261,4086923.0,33207.959714312936,3030607.0,51363.67507543339,3145477.0,27930.960377262225,14787380.0,127398.29888466647
3068241300093200273,11962306.0,104478.43734852305,9464073.0,108190.69201503169,11879018.0,110244.78745040133,55892192.0,339945.73061719746
3068241300093200301,8320162.0,134573.95311838516,7373290.0,121272.45230262233,8001812.0,139394.8001305911,42000635.0,361555.0986659655
3068241300093200304,25406725.0,316864.56127715844,22595529.0,388708.2896283934,25095467.0,334776.1926639698,134764252.0,1210107.460127203
3068241300093200305,3124610.0,40572.45872232687,2720368.0,45268.26350681507,3108256.0,42239.4147632592,16439615.0,141744.83649658662
3068241300093200306,11205434.0,144242.69075348746,9707011.0,164344.92205024674,11154270.0,151750.45366172638,58502056.0,528660.4134858015
3068241300093200308,3468439.0,42439.50262045072,3007353.0,50334.88491301662,3407038.0,45603.264691796954,17636426.0,154101.60891364678
3068241300093200312,5621467.0,71071.53440051748,4627102.0,82272.1814804277,5593221.0,74574.19839972061,28997649.0,255431.17427338462
3068241300093200313,16820527.0,215369.95329737314,12823427.0,215687.36895305457,16671447.0,229073.6764608159,86845361.0,767815.6846989105
3068241300093200317,3372012.0,42922.44022032741,3195999.0,53149.0823248522,3356434.0,44449.190085178365,17104655.0,156875.75373445766
3068241300093200319,13804760.0,179677.09552463508,12847647.0,224243.20673347428,13841584.0,189062.78604624866,70114427.0,642330.6802565583
3068241300093200321,2854427.0,39460.094877534415,2440182.0,41614.48920414401,2892612.0,41041.64740054953,14457318.0,137088.43609224632
3068241300093200323,3880911.0,43065.03867085418,3181738.0,44655.579385747704,3901996.0,46559.07451363505,19329339.0,151757.03322702477
3068241300093200327,20558962.0,260849.53361444894,17068168.0,319679.8530184321,20393520.0,268971.69364634284,108538704.0,1124487.238576156
3068241300094100024,101191565.0,747164.6457142954,86015319.0,1065653.531291279,92104569.0,724423.5073405299,449557658.0,2781009.795805296
3068241300094100028,71338229.0,724353.1551135016,62371384.0,910724.1042696539,72440677.0,755773.6405411325,347166379.0,2608638.706792801
3068241300094100032,12329099.0,124914.07364426443,11263447.0,161029.62538303793,12514209.0,128322.43527007563,60437213.0,453648.3159925635
3068241300094100036,10214102.0,116158.1924182277,9290756.0,136411.46238222625,10330758.0,121103.24662564063,50280569.0,396212.9423193298
3068241300094100039,20591572.0,223444.73407229714,18792714.0,269757.9858075195,20616616.0,238059.85640015904,105096094.0,854589.939674812
3068241300094100041,7557582.0,86491.05154255434,7100137.0,104283.84007223541,7570010.0,93061.90539947378,38744637.0,309364.5777038423
3068241300094100045,14622879.0,168569.02787733433,12514300.0,180864.81085522994,14598217.0,177457.7105594027,72966680.0,573551.7355342943
3068241300094100046,21756549.0,261094.41842169073,20271655.0,309228.6061741901,22068338.0,273164.9983018961,107672402.0,890420.4789382196
3068241300094100050,14897167.0,181008.1452495312,15125804.0,220975.3714357185,14762849.0,186499.53178468914,75503771.0,613085.4438519359
3068241300094100054,63840790.0,474503.35368912405,39086506.0,687259.9256044863,41706250.0,401131.5872466506,209415825.0,1984113.752948368
3068241300094100056,8602891.0,69525.45503883087,5209357.0,96160.94988398478,6041205.0,58454.50991977345,27723067.0,278219.82296725496
3068241300094100058,20249004.0,164591.04960273328,11600397.0,221722.33846831467,14681148.0,144664.32605680582,66965679.0,696070.9348471022
3068241300094100059,17139141.0,139382.81964490542,9592564.0,186838.53439383442,12501210.0,122542.672065432,57101683.0,586048.3535338646
3068241300094100061,7475474.0,85906.68232266845,6610415.0,101472.52211460297,7017353.0,85162.64143226386,34811541.0,291940.7559065612
3068241300094100062,37396006.0,291833.007330781,21533231.0,349730.97454273154,28562535.0,254581.021189665,133291209.0,1222563.1434457523
3068241300094100076,27138673.0,358983.48747097177,26422403.0,489245.0153522941,26752020.0,377020.77347548364,155099674.0,1612863.877667005
3068241300094100095,40081443.0,318361.7018784918,24576138.0,445583.50590520195,28382457.0,254206.08877543645,132736537.0,1206272.976888743
3068241300094100097,14456928.0,109534.38549305245,8581532.0,160703.46428846827,10840147.0,102188.42386698339,53151945.0,516834.9212184263
3068241300094100103,80841174.0,740832.9389968558,38841398.0,706121.4585984843,54101907.0,503910.2922861862,265468879.0,2518192.2621314414
3068241300094100107,54655718.0,478690.40226534184,28325336.0,517036.2500409394,38377767.0,357964.7859705662,191151650.0,1812266.8865562426
3068241300094100118,31017078.0,249223.13140584872,20919763.0,326397.7921867491,25464361.0,217831.99152905913,124746665.0,1061331.3530850974
3068241300094100123,233021660.0,2027974.8135788634,178888059.0,2484316.771752177,200785156.0,1823182.5526959756,994079099.0,7385376.496335602
3068241300094100124,4198827.0,54757.517134062015,3771536.0,59615.67692214604,4067917.0,53360.576116318756,19327191.0,160722.3561484501
3068241300094100129,47995818.0,394617.4554746033,29092725.0,513434.0826728153,37026876.0,342987.4758780903,185552064.0,1707541.7094986388
3068241300094100130,7020210.0,74315.65135371697,5073154.0,66794.75941282228,6229054.0,68309.9702700556,31429767.0,202590.36367729437
3068241300094100132,28614308.0,231201.77615335234,21721181.0,334048.46019222843,22685615.0,204611.30114019266,122428981.0,1033792.0394846832
3068241300094100137,70654147.0,551530.7546360914,56119575.0,854804.0709759443,54625480.0,496333.81624294096,305345369.0,2468756.639448985
3068241300094100141,27211183.0,252770.502307288,28828059.0,321726.93577363994,19207592.0,183606.95306662275,151583371.0,1060734.6706584357
3068241300094100142,62181220.0,574576.5946670633,65326290.0,893129.4035149226,61063280.0,595221.8135326297,309346671.0,2219638.075277526
3068241300094100147,6741056.0,58908.65090941804,5252094.0,68236.47772416739,6692967.0,59715.04550838589,32940692.0,215452.68515488622
3068241300094100148,13081760.0,115950.31401738661,10520261.0,138667.7451697096,12955017.0,122852.57508532327,64714741.0,464575.09329780994
3068241300094100149,9981678.0,94807.11284839819,7806664.0,101836.53483591753,9809630.0,97382.51756869028,49599905.0,351123.6667852066
3068241300094100150,4298898.0,42182.54676594272,3315499.0,47607.33076190066,4219280.0,43200.77700116245,21349834.0,165179.66970220878
3068241300094100151,10761035.0,103164.12969482118,8887135.0,121675.05689057216,10775557.0,107496.98906501973,53633553.0,390272.65012248413
3068241300094100166,3946973.0,42055.86658815464,3401681.0,51262.39303673003,3929491.0,45072.85079132999,19783490.0,151910.21118054175
3068241300094100175,10677995.0,105949.82540861459,11202327.0,162113.27055896595,10417270.0,108784.12292215505,54916203.0,432618.79603460897
3068241300094100179,4789733.0,51781.81375754604,4839043.0,70220.2449989318,4806475.0,54669.51549025686,24398827.0,189266.61286169267
3068241300094100180,5529830.0,79419.5282185292,6245426.0,75528.22800722661,4523283.0,70652.28567495711,30287030.0,202056.27422775957
3068241300094100191,22744865.0,361121.3159572224,27530125.0,407375.5524091593,20929326.0,367189.5374468044,126179881.0,1076013.3842126532
3068241300094100192,21815640.0,372261.4585053279,18914660.0,323869.10515047197,21394240.0,374559.7171288141,112161935.0,981241.4816862554
3068241300094100199,3779883.0,61215.77450721657,4649355.0,62549.642691974506,3168215.0,55012.03538252755,22525406.0,158609.8517477274
3068241300094100205,19703768.0,215147.35360252223,19980984.0,334199.34771079605,19610746.0,221384.14894396922,100816180.0,907691.0675501813
3068241300094100227,38855547.0,636901.8547999421,40861643.0,690668.6635688543,37165686.0,651607.7622570078,201032278.0,1764977.79149862
3068241300094100228,50722541.0,531443.344794685,54295160.0,919218.110235516,48992001.0,555784.0369025348,266431764.0,2378764.4434826537
3068241300094100232,24661373.0,256311.46604044153,22715053.0,384398.9130385793,24195168.0,270720.1718642339,128513941.0,1113575.9788703858
3068241300094100236,32689602.0,343149.9297009903,33140356.0,556691.2688811914,31981824.0,353788.24096988176,166565987.0,1467927.5912653457
3068241300094100238,29939247.0,322700.9295933037,30938225.0,522071.53677900013,29394375.0,334340.08990585525,150342807.0,1367480.5606962112
3068241300094100291,73085521.0,993652.3450058586,351703938.0,4032323.222313566,52038114.0,844541.3180162074,606513626.0,3955778.9583913926
3068241300094100296,25421134.0,385780.07623630366,34144756.0,540229.6581784937,23040979.0,376348.90556516405,145814833.0,1164735.5225605946
3068241300094200011,7105610.0,59901.845085946174,6306064.0,90028.07181143764,5815973.0,54085.09140977334,30979773.0,227541.24131395132
3068241300094200024,4039327.0,34592.59756130785,4339166.0,72981.3449885666,4003941.0,37482.47533449874,19435255.0,157423.74663055228
3068241300094200051,3789957.0,32748.510901786096,3321240.0,51271.87690949728,3840312.0,34073.26964626275,18447429.0,142415.79056287507
3068241300094200060,20407408.0,171619.4621596286,17846340.0,264478.48443809873,20721679.0,182390.40615688567,100376920.0,738990.4093727956
3068241300094200072,18670584.0,140512.38227098316,12440238.0,175703.2497696152,15054253.0,125535.17417641245,72331918.0,527356.430502971
3068241300094200082,5020236.0,41776.009147183984,2847560.0,44075.20741263928,3833370.0,35020.392779930844,17909921.0,142542.75062027184
3068241300094200090,7039984.0,84079.66200391056,6030607.0,89303.9515612317,7082308.0,89355.11514772954,35394095.0,290839.7835022597
3068241300094200097,7100743.0,56750.3717150318,4096687.0,79358.09571774748,4879844.0,46794.527150710375,22298353.0,219916.79350572635
3068241300094200101,10871666.0,88272.69966116323,5741582.0,102146.19154895935,7258181.0,71809.71773171899,33862332.0,317704.93747291045
3068241300094200102,180851231.0,1314481.5661352612,98509722.0,1795791.0466699477,122507099.0,1128871.8041345305,575837864.0,5545560.004573698
3068241300094200103,33748850.0,265902.2595964668,20782491.0,391118.0288173048,23378959.0,226843.0744153348,106603438.0,1040915.1631640473
3068241300094200110,12566027.0,105991.86349597934,9445054.0,134423.00360292403,10842390.0,101459.7041615802,52207434.0,379993.3599496007
3068241300094200112,10418703.0,79645.55776456608,6264203.0,121368.50507528857,7402631.0,70055.5735872687,33266453.0,338702.4528061317
3068241300094200113,73527965.0,1003832.019032603,73060183.0,1299382.3651947882,73731828.0,1062605.806716017,386427383.0,3798818.367626398
3068241300094200115,4862051.0,66327.32240732916,3780844.0,64276.719263135354,4883167.0,70181.18412463777,24825639.0,225326.7848732109
3068241300094200116,8675540.0,119522.0605156197,8170116.0,142285.12242063484,8653034.0,125956.35371819527,43183471.0,410711.6641398749
3068241300094200126,7116128.0,54400.867939790325,4279344.0,81280.42169893521,5026654.0,46771.07298425913,22576711.0,226409.67757773172
3068241300094200128,113939920.0,912449.3538943673,69438558.0,1233801.6427053842,84739023.0,777302.476637617,408425786.0,3918398.0552363433
3068241300094200135,3887242.0,51501.901176397885,3698386.0,64389.58279809379,3865900.0,55398.76071449714,20696643.0,197984.05667673034
3068241300094200136,79059961.0,562604.1774806768,42644874.0,760307.4921484299,52064167.0,472899.5908666663,244336920.0,2241336.1747618327
3068241300094200139,10450619.0,135843.39758826332,9415074.0,145558.00471581583,9841251.0,125653.36872028565,51040396.0,474603.2340599288
3068241300094200148,13106412.0,93852.72722386898,6981864.0,132032.4933591364,8827713.0,78754.26065616249,40850845.0,385805.5054850342
3068241300094200152,12133338.0,91578.13990913135,7757769.0,145689.0202845582,8336224.0,78036.57166318255,41111311.0,451073.54054200684
3068241300094200153,52290517.0,392550.1386800853,31875213.0,600824.4431111548,36260667.0,334627.83689334313,168559599.0,1662033.6362715361
3068241300094200156,19182493.0,255698.46632870968,18444046.0,320182.78036893037,19165483.0,268392.4979344482,96967718.0,910679.1258543422
3068241300094200158,2691086.0,35187.36598831751,2191556.0,37445.38470142723,2680399.0,37517.26036304166,13887032.0,125702.84247092932
3068241300094200160,36111875.0,277325.7265877837,23416798.0,450438.72325387876,25414817.0,238537.19194519374,118408754.0,1168430.5550982712
3068241300094200161,12922230.0,171714.9179395102,12587118.0,220660.4447814802,12933625.0,180543.7149283045,65608148.0,634556.3398223602
3068241300094200172,18754445.0,133732.97133119396,10023661.0,181563.34761782785,12557174.0,112435.24362826259,58505115.0,548824.7919655516
3068241300094200177,16186166.0,117183.48772583621,9710502.0,179822.49082299118,11073589.0,103421.64168612572,50758075.0,495402.8569825572
3068241300094200195,181398661.0,1605383.7544060613,124136590.0,2338748.449331104,129126566.0,1352252.071450399,719294104.0,7746232.158279259
3068241300094200223,11964716.0,149631.7267554872,10196910.0,170474.6831650952,11816613.0,163138.20992441368,58113100.0,505510.5282762827
3068241300094200240,7097577.0,54188.79510108088,4217856.0,78371.7918953464,5360590.0,50642.614065132766,26110391.0,248627.7930315741
3068241300094200277,22789907.0,298905.38773189764,22154350.0,385265.5688775744,22310849.0,312739.22560431977,104977712.0,954912.4527758139
3068241300094200280,68231499.0,548639.430151953,43302997.0,727575.2882000734,53218591.0,485505.41592394083,269036154.0,2385958.589476092
3068241300094200281,8595032.0,69941.09864467826,6121335.0,86153.1548285002,7007706.0,61435.31839200084,35444583.0,258799.37724599737
3068241300094200284,3763178.0,49416.49121644827,3429481.0,59654.84415434411,3723432.0,51638.312625887746,17631140.0,157290.11793532697
3068241300094200293,25649490.0,324275.0341171238,21018149.0,341773.8556541939,25967760.0,338732.1797362326,123797600.0,1035794.4268818094
3068241300094200339,33297882.0,265235.70972007094,32378562.0,415534.4829600643,25171310.0,218404.26712262956,157908889.0,1122875.63073773
3068241300094200348,49743523.0,478427.6567960383,44684790.0,658032.556187247,49882626.0,496329.7635328452,242966090.0,1801097.2371879627
3068241300094200356,19009122.0,171121.35369011285,16069204.0,216345.12864212412,18803113.0,179727.51623082356,93160693.0,650403.6799104449
3068241300094200360,6416606.0,61268.494107359176,5732889.0,77318.86405047803,6409166.0,63168.28520609521,31727707.0,224091.20809392945
3068241300094200375,3838291.0,33073.80256774393,3293637.0,42400.73247611178,3780959.0,34155.46223216755,18906848.0,131840.80217874618
3068241300094200376,9290080.0,87289.50283645917,7332114.0,100175.95360346568,9151701.0,89837.75347057394,46230209.0,346157.9650843234
3068241300094200378,4451817.0,43802.00045621597,4154571.0,58922.325315289796,4377338.0,45413.63379069784,22831951.0,172783.07657045138
3068241300094200380,3491088.0,35139.16341408848,2727275.0,40043.17547450338,3426408.0,36306.79019698888,17495708.0,136079.26534410164
3068241300094200387,129385892.0,1459767.1902064048,121985048.0,1680458.3827496746,127271401.0,1498253.7644608666,670434187.0,4887490.4953040825
3068241300094200388,22052807.0,333086.18678368034,29577880.0,369868.65725656255,17917572.0,308809.9163386732,134057484.0,973947.5601963804
3068241300094200391,5053555.0,76969.82974658968,6541454.0,82680.62369925213,4194655.0,72049.68114752763,30489392.0,221694.16624664035
3068241300094200394,20132390.0,338151.0902964365,18338063.0,308668.3394684935,19635078.0,345951.14353903127,103087137.0,916723.3924480466
3068241300094200396,52660549.0,566680.3351518569,55545157.0,940312.9616763805,51673546.0,602177.5614678434,277920013.0,2494748.2411533
3068241300094200401,100345661.0,1051402.9301979097,92666963.0,1558431.4187329276,97745953.0,1089303.102547119,534136789.0,4729219.509466959
3068241300094200404,24615475.0,260329.0271603338,20928606.0,350452.8338343469,24208000.0,271992.3491273635,126129797.0,1086229.4764513064
3068241300094200406,58342179.0,607900.8511587754,47307907.0,796968.5639024725,56477264.0,629502.594842412,299754451.0,2612821.1603505765
3068241300094200408,11760966.0,128561.90723172156,9357686.0,159612.91753861314,11457204.0,132191.5524754749,59898023.0,529738.3684192778
3068241300094200412,3629971.0,39754.11568082942,3629221.0,62210.261546376074,3554868.0,39475.604125117185,18398717.0,172333.10991222007
3068241300094200414,38099572.0,414935.97343151143,39232736.0,667855.7587352151,37877016.0,432507.73299531057,193060656.0,1764804.63631465
3068241300094200418,48500619.0,504650.4297571941,48238501.0,815303.0014794718,46996175.0,529722.7128333072,255924256.0,2254464.781866346
3068241300094200419,20618063.0,216908.14198960032,17613084.0,288366.1703733078,20151013.0,225549.52654950085,105709857.0,911677.4431573087
3068241300094200420,11906766.0,124978.8569649689,9798227.0,165822.12703175994,11550556.0,128439.63114394789,61323098.0,548599.0317042625
3068241300094200424,3421798.0,36504.71663616776,3487714.0,59387.77742187549,3379799.0,38472.36020930801,17394475.0,156589.7925506737
3068241300094200431,28018374.0,297337.86628255143,23421190.0,396519.5006168487,27087989.0,298674.8431031202,143707516.0,1274407.8915699585
3068241300094200439,13919222.0,144863.6888026932,13186683.0,222944.44721093928,13605463.0,151501.51695071234,71271630.0,629890.0965281615
3068241300094200449,10769014.0,116756.49080727389,10718590.0,183322.20582702226,10547831.0,118114.0808450146,54524712.0,494181.3466176329
3068241300094200456,16059105.0,168493.08516350412,15455427.0,254874.00336077905,15746677.0,173061.3587402425,82510195.0,718214.1937283628
3068241300094200458,12371106.0,127464.92624787304,10256788.0,168821.1289559195,12019845.0,132484.07585368055,64726311.0,544429.1797746769
3068241300094200459,5829780.0,60084.521713127666,5106139.0,88758.34245914772,5704167.0,62890.28827045387,30395081.0,262514.89452197135
3068241300094200461,14014897.0,142463.416549933,11712876.0,194932.45897968175,13705371.0,150468.00693290093,73520080.0,619855.1019451903
3068241300094200471,7474754.0,79313.43710827397,8362106.0,142568.45516661817,7198947.0,82483.27770491257,38620287.0,350944.64219534356
3068241300094200473,49678597.0,576089.7954824512,47603946.0,649293.5356952893,48360917.0,590358.7888236258,259119708.0,1882009.4855555284
3068241300094200475,28233370.0,299791.4458330617,28965446.0,492950.0322379072,27660103.0,307710.5050759429,143257589.0,1287441.6852606297
3068241300094200477,155405623.0,2280309.2555641904,359668202.0,4858336.549166508,115014392.0,1913039.357059342,1182703012.0,8137802.272740513
3068241300094200483,4121483.0,43570.79317296248,3638535.0,60838.520049593804,4017722.0,42691.24025939733,21570730.0,183887.74294002654
3068241300094200488,4677465.0,48750.51702292079,4873489.0,82876.28604520262,4599795.0,50315.15978695771,24447198.0,225732.60757205807
3068241300094200489,70276060.0,742923.3229625804,74013782.0,1029857.9777182771,67895444.0,765101.6538205731,364268959.0,2657079.748635822
3068241300094200492,25957126.0,277184.65328723873,27184372.0,460363.8863142183,25626467.0,289700.02767511515,133481054.0,1218397.978607324
3068241300094200503,15893994.0,163577.5911412014,14366157.0,235334.2502644243,15546760.0,172853.23378333286,83712536.0,715710.6394283455
3068241300094200512,22779173.0,234908.60559054508,22548850.0,367925.2592745555,21752564.0,242683.94057256496,118650456.0,1007573.9933751125
3068241300094200513,6371033.0,64056.79075432407,5815099.0,96424.18303976198,6220201.0,67766.31039521296,33649570.0,279631.9049653647
3068241300094200517,7716177.0,81305.7622467423,7681837.0,131170.65007360282,7538786.0,83384.79807641105,39498974.0,357236.0030508524
3068241300094200519,12153338.0,124989.10450297694,12862604.0,209489.22992896006,11892139.0,132636.96301762015,63629691.0,553812.0005945748
3068241300094200522,23746630.0,258802.91707748274,25317862.0,317704.5316451241,22580783.0,248866.31419568666,121748952.0,806343.1684377805
3068241300094200527,8596846.0,83472.04950510128,9907402.0,147708.52586130932,8221304.0,83145.74189903004,43626950.0,335888.56997669203
3068241300094200531,197077833.0,3081746.095729678,577022316.0,7522196.717062487,117619066.0,1898401.3547457985,1647207795.0,12120508.933570577
3068241300094200538,7786595.0,133427.6839655367,8694513.0,125051.01759336678,5565038.0,90279.05586821183,51193587.0,500687.95058236294
3068241300094200543,67798175.0,950459.528042245,225214679.0,3014345.556340241,49681083.0,813084.2006180149,505946968.0,3600454.4126124834
3068241300094200551,22482740.0,344653.2297812206,95303748.0,1691511.1810521847,18058517.0,295576.1985779605,175685423.0,1626962.228365218
3068241300094200554,11944273.0,178003.87194816556,40632031.0,800724.8543467425,9516204.0,156179.90183149508,88909414.0,808069.8694906494
3068241300094300006,27147976.0,411889.6982511779,72901713.0,1174358.664186044,22430891.0,375383.9074272648,184349054.0,1660980.6027668454
3068241300095100007,37734363.0,384054.0420954039,174384041.0,1606650.62958505,17830925.0,183300.79934812855,270813910.0,1888319.305700369
3068241300095100008,251941634.0,2647915.236853633,1730807089.0,16751884.36020802,175825410.0,2047509.973374999,2608186819.0,17839733.280523594
3068241300095100009,101858123.0,960583.2526729862,489371281.0,3544534.921867643,43262616.0,445301.0681046634,778652296.0,5205455.821599543
3068241300095100012,45341619.0,562369.0668301147,335596508.0,5977441.107038689,16988478.0,210021.96497790221,412188095.0,4238477.51149151
3068241300095100013,53861147.0,666490.3660088413,165358964.0,2123848.1561930976,37388238.0,522491.87356120243,344928023.0,2734613.8389477474
3068241300095100018,106986133.0,1461254.5089774742,280028457.0,3559963.4482651297,62069506.0,864027.9134887655,676434369.0,5210635.39514828
3068241300095100026,21670261.0,283043.0633379506,86711243.0,1197774.0673646631,9066993.0,111409.98995385377,156050275.0,1571773.924253134
3068241300095100027,49492173.0,718461.9736371682,486515756.0,4863861.818314538,22552005.0,310321.01989651157,593815405.0,4502063.066374839
3068241300095100029,217401390.0,2783078.1218213737,1078634931.0,11333289.668917386,87411507.0,1090535.1146953227,1576717610.0,11757407.799362969
3068241300095100030,52520875.0,590910.0842232462,109901699.0,1551266.7167989346,42399584.0,508790.6848525276,378424902.0,3053127.2236443893
3068241300095100032,91506483.0,1283621.625900759,437492471.0,4184478.585631383,41529942.0,578700.2196958162,817285836.0,5665455.782700786
3068241300095100034,52939312.0,610608.7345520278,498220618.0,3919974.7201019325,25155291.0,327321.6699070543,657963050.0,3320284.85826115
3068241300095100036,112433535.0,1331881.1449785915,283128508.0,4656871.14331214,81197111.0,992272.4328326554,820710466.0,8034761.098820718
3068241300095100038,151064305.0,1948037.9637114434,1383083558.0,11872052.41541443,79139726.0,1070801.0923463537,1863179494.0,12311429.974504277
3068241300095100039,26509368.0,277270.14358087763,45905180.0,671077.7861628581,22543156.0,221229.74261744748,150271156.0,1479718.723086138
3068241300095100040,215289896.0,2599176.970729779,1705639445.0,14833233.738789594,95819245.0,1285282.1338451777,2556758126.0,15376122.399630839
3068241300095100041,298926455.0,3876406.342645106,1270730455.0,12355906.735756997,142236800.0,1888660.1713703233,2389464079.0,15474876.385695804
3068241300095100042,143226255.0,1711059.514256048,1324813881.0,10187785.446475578,61660696.0,803897.5259997728,1766323640.0,9329383.76371016
3068241300095100047,119167293.0,1382394.494030431,819825600.0,7108898.097471923,48976420.0,637562.6354427994,1055523265.0,6263684.060569774
3068241300095100048,75288904.0,888679.3384407656,590993159.0,4280736.551200851,29248500.0,377664.81569820514,704518358.0,3861484.475805662
3068241300095100051,151192896.0,1982549.9608424269,838119640.0,8584760.740413722,67431040.0,873762.3067709729,1166960766.0,8122862.288113005
3068241300095100052,213478061.0,2533646.1861182097,919770828.0,8244428.868008187,80535118.0,1050673.0026335698,1375184322.0,8299750.390163965
3068241300095100058,69444501.0,804321.0959515095,90676874.0,1546071.3837132931,60452141.0,750520.5796812238,399861235.0,3662805.2371432898
3068241300095100067,146184833.0,1752162.9797137124,453204214.0,6368912.246715381,89095526.0,1056128.9318341336,1224458154.0,9042189.888263207
3068241300095100072,25155947.0,280794.8147411538,39350251.0,652959.8545426601,21118592.0,246649.21373854938,157578916.0,1408919.6096513392
3068241300095100073,78626283.0,1048173.0004283539,147285831.0,2283275.6403585565,49750162.0,596882.9484667929,541925831.0,4616896.00584545
3068241300095200047,26850314.0,280178.4944375788,29754651.0,446792.3715724393,26711293.0,294310.5904934106,132531204.0,1107362.9477131271
3068241300095200050,110011724.0,1202889.1450205944,714444208.0,5792091.281188816,42676343.0,483109.0811366893,890994042.0,5398367.594887501
3068241300095200053,12493816.0,141318.41015378,12874862.0,191183.73080743809,12357405.0,146562.13001124005,62965440.0,530763.133025269
3068241300095200056,25654854.0,284719.4350358785,26760646.0,401089.79374035646,24578213.0,291457.33913013316,130661643.0,1086766.180992869
3068241300095200062,24344272.0,266190.62290259753,58414194.0,642595.5246925876,15766720.0,192156.72967765023,152198679.0,981591.9218038411
3068241300095200066,6974538.0,85585.04800451541,5877776.0,88982.9384447256,7111135.0,89662.54934225707,34346521.0,290688.5298326621
3068241300095200068,4195788.0,50707.58878153664,4467701.0,79144.91104483952,4185577.0,53019.95264101355,20801232.0,199757.72012180317
3068241300095200072,184389734.0,2237014.219111752,1010647914.0,10967875.803715061,85487932.0,1071894.0331555349,1458190183.0,10941564.379381523
3068241300095200073,10855090.0,119008.06883127628,17198165.0,266826.51918556873,9885619.0,119936.6126521588,64176432.0,580665.3243931732
3068241300095200075,13423506.0,135918.5988134235,12487420.0,182067.9341526668,13724390.0,142547.95517009235,66816539.0,501313.8712016929
3068241300095200076,5783786.0,82915.67889084925,6023184.0,120536.40747233763,5753878.0,85727.43093984234,29108140.0,327524.3041622585
3068241300095200096,146724361.0,1885740.5693006527,788415601.0,8618462.592892662,90053578.0,1260760.2624668744,1353437995.0,10256660.983454345
3068241300095200098,139978422.0,1909076.8335498231,1032826059.0,10349918.190711876,53569544.0,675622.1498770523,1155157643.0,9178363.557754751
3068241300095200099,60241500.0,925142.0158843965,196442985.0,4040609.607596701,34123004.0,428087.2691758193,410437178.0,4862170.454387262
3068241300095200100,66927664.0,950556.9321082572,493246790.0,5347405.094670555,31476174.0,430132.1133205388,655372505.0,4922688.5080437455
3068241300095200106,80691102.0,1066096.7008337877,624339596.0,8469362.486595199,40818899.0,543790.1988293028,838637747.0,6955072.128866959
3068241300095200110,194510512.0,2190533.4425175013,1023321453.0,10993421.922450121,104748435.0,1282416.7050666818,1619692358.0,12082909.832196284
3068241300095200115,230818314.0,2770961.6228093505,3123951949.0,21542984.213812556,112442794.0,1512910.7170639078,3437554512.0,17997654.106618863
3068241300095200118,30177158.0,318497.42622146796,51142901.0,727829.8005332267,24479715.0,262446.08344431146,194235894.0,1749409.2560071428
3068241300095200120,156299051.0,1848110.0281320433,1095614234.0,10729723.979467394,77773430.0,1062938.6005181847,1630293812.0,10434971.974253058
3068241300095200131,242189081.0,2710606.448576876,2588564636.0,15224582.245444318,119581119.0,1546848.597456419,3061488507.0,15063222.921771383
3068241300095200132,124261402.0,1421527.7608252752,882225004.0,7339683.319165437,46358955.0,591133.1748523212,1170160816.0,6681863.432808968
3068241300095200134,230066036.0,2145837.770699352,1856932742.0,10857575.174076697,75490329.0,971053.1314677407,2280995964.0,9856807.471690431
3068241300095200137,286325291.0,3037289.6568447445,1654320351.0,11405893.233642656,80653838.0,1066926.1612873042,2046100580.0,10428996.887422059
3068241300095200140,24128716.0,306393.25721578364,94712841.0,1711876.3841781705,17118874.0,222439.60918755972,166037489.0,1590006.6816472295
3068241300095200142,47451816.0,616179.266092742,46090712.0,916102.7616288257,44196568.0,610935.4773702354,260606146.0,2841391.4069380844
3068241300095200158,5995896.0,68116.4392117433,5635270.0,84209.70914728372,5887865.0,72671.10876707819,29423190.0,217659.97655087354
3068241300095200162,8582124.0,98229.65026986155,9062466.0,138332.88104745268,8370191.0,100308.77346906117,41968085.0,319668.43760801695
3068241300095200163,12389285.0,114211.70018283889,10200606.0,132167.5694643375,12389459.0,117868.37718109784,60373682.0,427149.1051353484
3068241300095200164,2902575.0,37375.37257980671,3090150.0,47890.90314105864,2840615.0,39377.87239166032,14313800.0,114310.53509835363
3068241300095200166,11643544.0,132799.49472974084,10892646.0,152740.04943461466,11367541.0,134942.2693347379,58617534.0,428469.903133665
3068241300095200167,11348902.0,119402.29623760603,11972933.0,187627.7598255528,11459044.0,125210.62790432027,59482057.0,513749.50623066816
3068241300095200176,5855829.0,70451.58887990219,5972458.0,90928.41231161788,5727417.0,70350.29610597965,28693212.0,218025.7408113131
3068241300095200179,10399690.0,112427.31153634703,18914889.0,290453.7525066878,9727925.0,113332.94749340917,65324556.0,604338.0426202209
3068241300095200181,3536996.0,36606.96716507728,5647357.0,76826.41571683786,3396654.0,37271.8428393928,21247412.0,161325.94074579806
3068241300095200188,3257691.0,41784.301442470394,3132149.0,48197.93274197593,3194809.0,42860.66690678211,16577528.0,127173.00498668669
3068241300095200199,25271934.0,286083.4426513758,30272005.0,520338.1060460115,24969953.0,300101.1963646785,147549909.0,1374293.2656716378
3068241300095200202,3405617.0,42305.04286991613,3782288.0,72725.6900085243,3412196.0,44027.07094428672,18460509.0,183981.36538779258
3068241300095200207,6368827.0,72300.69710699779,14058428.0,214815.09738323998,5793536.0,73314.9790922849,43739438.0,378077.8810610294
3068241300095200209,22914258.0,214412.89550118038,23709153.0,370128.36221094045,23223436.0,228044.13062501256,126973329.0,1142796.546030091
3068241300095200211,5130485.0,62497.59888994088,5813000.0,110272.76383203777,5113322.0,66157.25378205358,28259450.0,287334.0178436875
3068241300095200214,14461110.0,132665.38995937858,12917145.0,165840.76552491914,14396727.0,133919.8035744974,71613939.0,494335.233949783
3068241300095200216,9381369.0,121606.76079130087,9704846.0,162693.6669708111,9075133.0,124524.67346989241,46440601.0,407910.35381199885
3068241300095200253,178314041.0,2184904.383949101,716862864.0,7834069.139355549,107180214.0,1265172.3155351176,1630718617.0,11676286.290537894
3068241300095200256,11366359.0,115266.25057434007,11519633.0,182136.93592521435,10455616.0,117411.0555674591,65190779.0,512470.3358754677
3068241300096100004,793841275.0,8040076.037032912,600211766.0,8833067.614690414,447744484.0,4816427.906145618,3235338986.0,40322512.9006349
3068241300096100005,60104337.0,767461.0576015443,174284830.0,2570464.8034155243,35203913.0,420596.22451478435,506814064.0,3911330.086851571
3068241300096100008,135851832.0,1438789.8494286763,602911047.0,6802961.372069498,90030486.0,1047803.5245415356,1331439979.0,9112912.457272964
3068241300096100010,109062765.0,1290835.9359582919,680317793.0,7045647.0560869565,64384059.0,747070.775293652,1189073400.0,7585426.659791129
3068241300096100014,102804519.0,1234841.7661675992,394673255.0,4671627.666466861,62836277.0,721197.6796527496,901615370.0,5759972.685953305
3068241300096100016,39921692.0,510190.9776942362,132366075.0,1752042.4652225177,23697479.0,275020.0447005828,340978903.0,2275950.146325323
3068241300096100017,91914164.0,1022536.803022308,478760325.0,5516355.666906536,59599132.0,685169.2513004527,918809743.0,6113381.449004933
3068241300096100024,96477751.0,1281869.4483455706,294087265.0,4457894.690890718,63405741.0,761333.0626979795,880759019.0,9042953.946668051
3068241300096100037,42003685.0,523862.22897074174,73986152.0,1191175.6994523066,31898201.0,377604.12928445847,314498892.0,3544220.9161812817
3068241300096100040,36569085.0,506454.9775056952,49439211.0,760026.8518330536,21184741.0,245312.31309280905,295076755.0,2384860.3527638502
3068241300096100041,28811147.0,338963.1652120678,49852136.0,903658.9946339065,23141128.0,270498.9697126546,206630819.0,2131171.7317153495
3068241300096100044,36679752.0,409188.67698672507,61073457.0,971153.6831866739,31362369.0,365113.4667257873,229670525.0,2099811.36320498
3068241300096200006,101108694.0,1127968.9634439345,468909797.0,4711053.994962463,66726071.0,785769.3258760804,962639254.0,6114779.829021441
3068241300096200007,98377451.0,1226056.0575576653,292191328.0,3936504.461689801,58197313.0,685259.8324549962,838002348.0,6596448.675782857
3068241300096200014,80062037.0,1057543.7405625368,361677770.0,6066485.625003091,56216058.0,662614.2476553317,852758048.0,11386267.251116335
3068241300096200015,26541970.0,299261.26164824836,87351096.0,1279466.7597458893,16967007.0,193842.1467257836,230370359.0,1711601.089466149
3068241300096200016,17082925.0,198157.64125323715,66823884.0,946473.6378662526,10637322.0,120985.25594823563,154285131.0,1173678.938558469
3068241300096200018,96535426.0,1100549.622442915,352051493.0,4736532.672255531,60860331.0,694989.5753711087,917430423.0,6731270.844570336
3068241300096200019,71076282.0,861289.077846826,282759339.0,3656911.983790203,47789209.0,559296.3122457986,656669648.0,5397637.049199339
3068241300096200024,198105602.0,2399419.8345629415,612006168.0,6729000.661263755,106467280.0,1263844.0725970163,1712162276.0,11412485.872103756
3068241300096200026,90694621.0,1132658.1676587581,392130214.0,4825547.085103306,55912000.0,671705.5309880403,897105892.0,7655669.879240196
3068241300096200036,56544802.0,788058.6144456032,134407336.0,2000638.3633316227,33876937.0,405699.2022296495,499046789.0,4650714.633815877
3068241300096300010,82031029.0,884655.2596384659,464116953.0,6442656.296157708,61270406.0,711347.5327897342,844382611.0,7305970.833647228
3068241300097100100,78092338.0,925653.7793005127,83377135.0,1652322.8653518404,77636423.0,962818.7685215967,401668790.0,4332045.357876779
3068241300097100117,17740379.0,282218.48875853163,13377459.0,201731.77216990633,17396568.0,294002.4030171833,86289927.0,678380.3660823121
3068241300097100123,8426190.0,97559.14584263775,7278819.0,96543.50663003846,8530383.0,102842.28118313587,41648202.0,284131.77569399355
3068241300097100131,23017130.0,292969.8176464027,20729297.0,288864.90971777553,23140053.0,304896.772954764,113803615.0,809784.8670847635
3068241300097100136,20150053.0,275907.6371208914,17305014.0,239962.81786929874,20327913.0,286631.3820873846,99705025.0,731726.334899499
3068241300097100160,20063164.0,265434.7338270798,19915734.0,364143.77167095867,20217502.0,279954.56634146115,107745536.0,1058691.0597633703
3068241300097200087,9338343.0,154042.0019242713,7780331.0,118917.79326814317,9192101.0,161588.59566550306,46589735.0,359177.09249614895
3068241300097200090,18764223.0,208450.2892542797,15439252.0,257447.64036275708,19038113.0,215912.41694265624,93406164.0,828337.9093960434
3068241300097200138,25511708.0,243751.1218012327,25020192.0,582644.5474540885,24910575.0,250412.05479658092,125488445.0,1512558.4258709692
3068241300097200145,69108962.0,2120271.480610351,67363564.0,1282999.1345215512,69989912.0,2183111.5995502286,386783853.0,4066413.2293867
3068241300097200146,9002146.0,910409.3086907221,20252477.0,1048598.4411301655,8919906.0,900543.7303433834,93158615.0,3203557.0384614826
3068241300097200148,16782654.0,230641.66538365334,15202276.0,274389.4665106768,16648232.0,240824.4967083871,84457247.0,792216.8391993702
3068241300098100045,37583659.0,630747.3645076402,32145858.0,494355.3615719978,37429605.0,656259.8930801783,188535062.0,1544967.4691498203
3068241300098100051,71173314.0,639886.8513966127,78993641.0,1776001.2480903338,69704746.0,658753.0698222071,402230518.0,4432661.711083138
3068241300098100053,155849849.0,2258047.6726433737,111117496.0,2708478.2027347265,116391213.0,1687249.2686322844,682052145.0,13099720.73964102
3068241300098100060,14918778.0,140150.78917266268,11625915.0,271479.5579499386,14641122.0,146144.0947829884,79393364.0,957169.3954037023
3068241300098100068,16740530.0,162915.91197345822,13884184.0,331340.9349178467,16821155.0,169406.37951408123,90385353.0,1133003.3982387215
3068241300098100103,3026860.0,29871.62707415699,2643875.0,61596.1736716554,3044708.0,31075.62985271586,16164531.0,191509.80401890262
3068241300098100114,10671288.0,109783.22122447373,9962816.0,244700.5437708731,10545352.0,113499.28659630427,56317690.0,696968.6012057771
3068241300098100122,3787709.0,1087444.686038714,15631147.0,1570106.9517817078,3781381.0,1085974.2509358816,69605034.0,6418302.482415702
3068241300098100129,716121.0,503246.7530859456,5553166.0,646422.1021057909,716903.0,503940.0116097615,31443813.0,3441673.173803514
3068241300098100135,1258606.0,884495.1806465392,10335221.0,1395970.767859974,1247383.0,876605.785626064,59010062.0,7515100.094667906
3068241300098100136,698589.0,490793.1598784439,4842204.0,583321.5231549811,690065.0,484802.2651248026,28940534.0,3306431.346393543
3068241300098100155,81402137.0,1060832.8230659063,77397469.0,1370872.3294219333,82005748.0,1099843.667927824,440738803.0,4122867.1456515947
3068241300098100156,17758635.0,212480.2908061007,15863915.0,264120.4192762738,17709923.0,227007.62936252585,97486806.0,796588.9729483335
3068241300098100158,12798383.0,583378.453868701,12732090.0,394433.8641988147,12998200.0,598192.9775592785,77899453.0,1833269.6819127626
3068241300098100167,3813275.0,355438.3952158423,4553904.0,220007.96873047965,3852971.0,360348.72034482606,27097518.0,1113545.725748639
3068241300098200101,50081911.0,462453.4773398086,50283525.0,1166465.0960649687,48972469.0,486473.8207408114,255484285.0,3046700.50185729
3068241300098200105,30943742.0,295358.36147964816,26061979.0,609562.7752626678,30943033.0,309758.2367325167,164720743.0,1983748.089238382
3068241300098200106,27935564.0,270232.0348448013,23020028.0,540347.4257407112,28025577.0,280173.9621036125,149895563.0,1809432.4014888532
3068241300098200111,3643207.0,35983.49896359026,3637679.0,83846.08241929905,3556958.0,35569.12104865001,18376164.0,225485.43221801083
3068241300098200113,14360031.0,135999.6466608703,12098385.0,282181.6776164046,14119510.0,138510.75774390792,73021084.0,865901.8383223261
3068241300098200123,7984226.0,77488.13066392904,7140518.0,165765.09930024954,7913140.0,81489.83494759706,41319843.0,511217.36679093423
3068241300098200149,4678387.0,1865868.4477247165,22133896.0,2384597.290656372,4713221.0,1880093.1563899,122421697.0,12171118.152112313
3068241300098200158,465620.0,326406.3979737699,4385486.0,505837.3158515057,458892.0,321747.1690840629,20400765.0,2201850.5366193093
3068241300098200167,244514.0,171401.2566971021,2364572.0,260665.36766160929,245323.0,172046.32721119837,12695891.0,1307439.247776819
3068241300098200172,180714.0,123395.37461957557,2239344.0,191481.66671675487,177317.0,121123.33611556665,13443296.0,1042460.2748129533
3068241300098200180,188478.0,151630.71076549598,2366907.0,279901.751781031,187610.0,150937.70198206755,13564763.0,1515941.33400121
3068241300098200181,3166550.0,1506681.8255904268,21023183.0,2285469.853660898,3134788.0,1491276.1811753835,120892343.0,12100941.584502503
3068241300098200188,18189719.0,237139.77680813358,14452693.0,249706.30153710098,17958432.0,241983.30000688514,96836522.0,860681.9171184684
3068241300100100033,8293858.0,116830.71809974284,8891193.0,228693.50672568235,8051481.0,119779.32927599436,41394643.0,713596.4231793894
3068241300100100034,17054583.0,232563.2674176195,17819971.0,437864.239558761,16647124.0,249488.81464459904,84903436.0,1154919.6185338716
3068241300101100041,12363961.0,174541.39078112485,10360707.0,202187.26847195608,12228323.0,179899.0597030094,65102323.0,645601.3189343079
3068241300101100042,25562286.0,357901.6475437696,21766391.0,418432.01239380345,25164189.0,367034.483880353,132446226.0,1270576.6357903753
3068241300101100053,5748090.0,77921.22475809298,5824670.0,112651.05715080268,5559705.0,80041.02289697986,28492916.0,272348.7466534076
3068241300101100060,47071344.0,441862.67775311804,47902230.0,614997.0418303817,46342697.0,457830.94744147436,231367622.0,1757167.7077946158
3068241300101100123,50025659.0,621595.300835049,49362539.0,841975.9880837516,48851864.0,652543.6399937809,263153833.0,2395294.7251612614
3068241300101200077,1183245.0,187052.58732383244,2695361.0,37982.23782077197,1161865.0,183840.7948211443,13995288.0,105990.97904342097
3068241300101200130,7578501.0,97132.65462379188,7288525.0,125732.40862397829,7456945.0,100275.30661008914,39381980.0,364605.88078680565
3068241300101200131,35726870.0,442967.87903727614,36132089.0,621072.2357229237,35052743.0,461855.8881110731,187015153.0,1722505.3174281986
3068241300101200152,77146877.0,967621.5121133568,67246605.0,1141581.1686708997,76010445.0,1009986.7227641873,372648222.0,3404659.834565625
3068241300101200153,34380784.0,412750.74126524414,29923519.0,500328.790541572,33266817.0,434696.7143296233,169844205.0,1499658.407920661
3068241300101200164,32722969.0,415058.9034571056,30878845.0,538904.7825591143,32710775.0,437545.79251109355,164538990.0,1507613.0472498196
3068241300101200170,163527554.0,2114661.9898966346,167505547.0,2880200.1942825317,161911159.0,2190355.772018668,813176478.0,7286015.434256146
3068241300101200172,25886239.0,322799.3367927169,25676413.0,419472.3007020766,25452156.0,338308.99029038136,128567554.0,1100087.5085074538
3068241300101200177,3781727.0,49086.52132360684,4005417.0,72733.57646775694,3765274.0,52527.022106501114,18555219.0,155123.36658361208
3068241300102100019,116726923.0,1243309.9367372754,59396256.0,1057335.2798160897,67689315.0,641565.3074874247,449938339.0,4228154.864163765
3068241300102100024,172458345.0,1657221.0214249429,216784360.0,3915208.469171975,108282236.0,1039471.5930371948,871479483.0,7941283.877241683
3068241300102100035,29698794.0,290059.9372379262,27776389.0,367166.2498645189,29174598.0,298230.14214677527,160312824.0,1227187.9403508152
3068241300102100052,83042125.0,1294737.8098287818,259065275.0,3456277.755009844,62477210.0,1076249.9478819265,789946635.0,6091379.105697395
3068241300102100055,41848853.0,685468.4395875337,41840207.0,702106.6499810199,40610435.0,706742.8240388358,211721702.0,1925924.8058878342
3068241300102100056,14280939.0,231416.469063471,14253385.0,240259.74797473307,13781235.0,237901.54360007343,73164115.0,674246.3017324028
3068241300102100057,10453606.0,133534.96728254936,9765722.0,176246.78808974795,10157982.0,138716.044601083,55614444.0,496474.3334568602
3068241300102100058,15502117.0,195689.89842058448,14278066.0,241985.8373609515,15573945.0,206227.09229909987,78912161.0,731214.8162652545
3068241300102100064,14832650.0,185663.3274612967,12878831.0,217738.6039112955,14643489.0,198110.50536929077,76148988.0,677201.7636334328
3068241300102100065,28841429.0,363261.4632886249,27495897.0,477837.93440856645,28665093.0,379522.256097787,149811234.0,1415057.735067968
3068241300102100069,9202886.0,147243.0470965295,8391822.0,139498.08992983788,8861327.0,151163.79551230208,46179259.0,394464.2122450609
3068241300102100078,24108071.0,379823.9553658565,21596448.0,357704.0973332663,23497294.0,404165.07540631824,123707449.0,1091124.887689145
3068241300102100080,4015587.0,64896.502716928604,3792976.0,62807.49064768418,3885256.0,67345.75042542229,20528550.0,174947.0739256051
3068241300102200034,12192584.0,115799.48003448846,9002482.0,119421.45128147071,11719048.0,120467.86090415354,56680833.0,408819.4199532181
3068241300102200039,10153317.0,93756.51183089717,8502976.0,112796.79106132308,9847419.0,100102.55588114256,48577168.0,319107.89750642783
3068241300102200041,4485903.0,31367.093982288687,2394486.0,45332.07191268361,3148585.0,28011.312167161606,14556388.0,132351.82779660678
3068241300102200046,20039124.0,188769.17755663412,16906695.0,221408.54720771583,19424202.0,198847.51078306066,95845410.0,666660.6689530308
3068241300102200049,179684097.0,1560709.4578356117,166094752.0,3226350.0107704527,124170241.0,1163717.1202597732,725016431.0,6849911.543637771
3068241300102200050,5986724.0,42469.55263989871,3566158.0,64431.24213106154,4262597.0,39461.13244288898,20868723.0,197955.23592748598
3068241300102200060,6921674.0,77270.19219504594,10148211.0,329513.18014605984,4396209.0,43638.65936725522,33195617.0,452995.5565081894
3068241300102200064,11412026.0,107595.9585364366,9191642.0,118741.28182254982,11163892.0,116200.08680076526,52839598.0,358528.4949844013
3068241300102200066,14315633.0,138533.52025653128,11685403.0,154302.9888551191,13982396.0,146017.13050018682,64812742.0,434687.2864644152
3068241300102200069,73526425.0,547624.640571663,58267666.0,628709.8376610687,67987333.0,521461.8121376373,318234001.0,1723353.9479656897
3068241300102200073,13599410.0,116846.96552908712,13216006.0,155411.5529438777,13378281.0,121473.35635926353,63148460.0,381205.2339455544
3068241300102200076,6259309.0,52133.31793878695,6217847.0,74588.31668379025,6143598.0,55524.58635862346,29482021.0,179783.4564314551
3068241300102200091,14608931.0,152011.32459995153,19049617.0,344755.978929357,11012531.0,110951.05226187548,82729608.0,787504.9744272631
3068241300102200094,32903784.0,406032.7075464092,50217493.0,849088.0465563358,24842283.0,336690.364865924,218321217.0,1619604.8559471099
3068241300102200096,11362012.0,122373.74207937614,9786637.0,135643.22786072004,11266971.0,130913.7802782637,56167786.0,402676.22595769935
3068241300102200099,20715776.0,271067.8742378339,32141356.0,403627.78465967806,16281816.0,234596.55525291484,138093384.0,1120382.8348898587
3068241300102200105,10355157.0,130348.6450711758,7591634.0,127120.43845872847,10176312.0,137768.97586642514,52933820.0,467397.2309775817
3068241300102200107,13156149.0,164802.37808104506,11975777.0,197804.56359017795,13181890.0,169851.32072980434,67182676.0,618174.2514307192
3068241300102200108,3341712.0,43046.67902538815,3087844.0,54354.68590463766,3338147.0,43715.86175067314,16723683.0,157837.91191003288
3068241300102200114,5017111.0,61848.58275665572,4173424.0,71514.37581287038,4912344.0,65924.106544326,25306667.0,224201.15683910486
3068241300102200116,35241993.0,436447.6861352605,29963065.0,508976.02761962975,35004974.0,466268.254665831,182531600.0,1604524.348052524
3068241300102200118,5396839.0,69721.96062966235,4075497.0,68518.81144368714,5311139.0,72599.47865597824,27501230.0,240763.38482063185
3068241300102200119,16518952.0,203166.08342772865,13070482.0,221054.86837762798,16401867.0,210488.08537358366,86554858.0,809596.0731538374
3068241300102200136,6608831.0,80608.80043650031,5206546.0,88631.17910777514,6535283.0,84989.0917166127,34132007.0,295246.45676777716
3068241300102200145,6359029.0,80767.89107713081,5843555.0,103337.78399541367,6434250.0,85715.3918532057,32327130.0,314233.9773282668
3068241300102200146,12939521.0,206625.49568604177,12162345.0,208876.0616344832,12533877.0,217368.5017899191,66810852.0,602430.2463711035
3068241300102200156,78790598.0,1251396.5517192585,223760735.0,3651330.2417800487,60910077.0,1033966.0354385956,656637685.0,5765637.736822233
3068241300102200161,8699872.0,128496.9234329265,12338167.0,174225.81994570018,7173173.0,122228.7286972196,57521975.0,449567.4957002719
3068241300102200179,27895615.0,337210.75354141113,23351437.0,381834.24316318706,27687588.0,354846.10490905377,147920932.0,1275957.8604837619
3068241300102200186,4283575.0,51333.76727995264,4409754.0,60092.50452292049,4174697.0,52597.38697991196,21846581.0,157751.25163480133
3068241300102200189,13038405.0,159959.02283416482,12522373.0,208605.14385939567,12860266.0,165045.22782669973,67207198.0,601778.2424553086
3068241300102200207,4356864.0,66900.34488266638,4324756.0,68309.86945268164,4158802.0,70203.22432306859,21798989.0,177388.6805453315
3068241300102200210,4291299.0,64001.411774004475,4049348.0,64099.731137635186,4130119.0,66985.78257206138,23072222.0,178152.29529762932
3068241300102200212,16469957.0,196851.31973839347,15858464.0,266819.839892557,16099215.0,206091.72252126507,82908537.0,707673.2688091267
3068241300102200216,8260054.0,124832.37476636693,7564768.0,117257.9297725778,7904897.0,128574.83888699205,43832299.0,340920.95686197747
3068241300102200230,15756518.0,231027.68901668786,17366758.0,268738.1209766016,14838874.0,241011.13945221406,86685969.0,643817.9329411879
3068241300102200241,6180489.0,95964.95632685664,6312352.0,107446.23961550776,5925115.0,99556.50976949694,30277952.0,256621.30275465493
3068241300102200256,3028509.0,34658.429840753524,2602694.0,42396.34237004619,2951484.0,37501.03932406935,15685240.0,132801.4924078493
3068241300102200269,15168778.0,181115.96845283415,12556499.0,207252.16250624968,14774759.0,189584.5788881041,79435874.0,680348.5673272829
3068241300102200283,3252478.0,51933.17849497347,3080574.0,50843.16223564242,3158633.0,52854.33256303629,16554556.0,138047.61884219042
3068241300102200288,10452173.0,128969.9956240629,9591967.0,158367.2265110705,10321139.0,135789.73243577228,52490346.0,432050.25074111874
3068241300102200291,9054148.0,120439.1681192068,7694692.0,131894.86623493963,9034208.0,123427.71095865202,45988770.0,400093.2077567007
3068241300102200292,6898395.0,88106.3906968256,6025798.0,103414.22116275589,6867832.0,89153.39311247876,35630927.0,291908.8634045154
3068241300102200293,6209670.0,103046.70659506036,6879465.0,120788.78311573528,6048220.0,106900.53152883865,31400820.0,295366.4857049583
3068241300102200294,9331319.0,152261.3050105546,8490704.0,138865.4818051338,9026874.0,159138.12501123757,46688419.0,387639.16655197967
3068241300102200296,6276408.0,79244.0472106326,5336825.0,92055.57772500721,6284805.0,83492.17905957403,32358520.0,261894.55069252534
3068241300102200299,6360289.0,105407.67523576293,6692066.0,113383.611337767,6196518.0,110940.60151607776,31121302.0,261443.12496117945
3068241300102200303,5692060.0,92947.31069465667,5153782.0,86216.23226368708,5564305.0,96607.05602631824,28500822.0,239897.18794527667
3068241300103100002,24595072.0,203773.29365741578,13671040.0,250174.37625247677,17971085.0,167207.18160917854,88610926.0,837132.2783965132
3068241300103100022,35199415.0,513631.29678080126,48843513.0,672105.9994279116,26009885.0,428810.53887215786,257066467.0,2024550.84567495
3068241300103100028,25300403.0,340588.1206401221,131040066.0,2011948.3513924782,17013623.0,271119.0599675034,224911427.0,1911081.595671963
3068241300103100029,111325480.0,1688014.0942082286,398778873.0,4279692.642886462,65631363.0,1045232.5056867208,976721061.0,5979234.9293283075
3068241300103100030,10637688.0,161814.92915402004,43870259.0,706499.8036936572,6577708.0,105305.64751314968,97594070.0,1041306.2291595022
3068241300103100032,344282681.0,4978035.09556532,1991421864.0,18585122.833823655,195042239.0,3152751.449021757,3811108799.0,23598783.85133368
3068241300103100035,21491309.0,482446.21725141007,54212936.0,764947.6414414395,10275183.0,166358.80843979586,179777056.0,2449488.6689107907
3068241300103100037,42575789.0,446885.35549979913,120914774.0,1858656.5480127675,30803548.0,331965.24342852226,293731127.0,2455725.3140495536
3068241300103100039,242781044.0,2579085.3963271054,942217436.0,9758184.051002322,105658023.0,1144979.3951861958,2090994975.0,13921265.290330088
3068241300103100043,137463753.0,1698113.52222022,732205190.0,7908656.469823426,54954393.0,607569.0377979103,1295454191.0,9477768.669014005
3068241300103100045,74983827.0,804415.2493685446,271298953.0,3425625.2498449986,52924265.0,584197.8376607626,581416963.0,4548584.285428027
3068241300103100049,126403487.0,1284975.1820483785,588849032.0,5569554.8181419885,56852163.0,596321.2748310147,1302194274.0,7329175.857276211
3068241300103100051,81664702.0,1045944.9939881902,444824360.0,4809226.570784288,42182238.0,477293.84929955297,849742729.0,6476477.036135024
3068241300103100052,56216227.0,676788.1060487232,180472110.0,2912148.1220844034,32858743.0,360460.6343249182,499766301.0,4112647.093985132
3068241300103100054,69070096.0,636865.7290749203,386103357.0,3459521.709365697,35580504.0,386516.190993486,693362368.0,4161416.9219637946
3068241300103200045,37207666.0,595047.437226427,47938463.0,700360.8374064757,31994335.0,556782.4005552729,220899172.0,1877647.5141796134
3068241300103200048,16810007.0,249791.87631975618,23073064.0,280236.4936977658,13673017.0,233378.54757963162,101859506.0,702289.7256655883
3068241300103200058,8559042.0,95411.85663897402,7788700.0,133299.54077665292,8476510.0,95964.95816603406,43488676.0,387160.1053222323
3068241300103200059,15716604.0,171734.34549249415,15865134.0,269952.95866202295,15558880.0,176174.9293152794,80589776.0,728102.4572374739
3068241300103200060,29957360.0,329262.118077293,29821258.0,511269.5672903629,29871643.0,338706.2529590614,151979711.0,1406577.4828069767
3068241300103200061,10668957.0,119701.23501075816,9725931.0,168141.3191513708,10651827.0,121375.43149160771,53363495.0,495118.95376401424
3068241300103200064,31041870.0,329878.3660319085,32698531.0,549649.2061599223,30247677.0,344361.30687633547,163930551.0,1487140.8395470113
3068241300103200082,6089608.0,67681.42757036372,6312522.0,111150.30757605983,6080897.0,68887.1375349785,30626712.0,287330.30130927666
3068241300103200108,151361143.0,2340836.0326618627,745744289.0,9178139.038746638,84097488.0,1349404.0582156563,1481386963.0,11518725.914556552
3068241300103200117,21353563.0,327226.06489529856,61496717.0,1007517.721752147,18038852.0,297346.88635685,155545384.0,1309496.7897824715
3068241300103200118,9121059.0,140819.3993522924,39425973.0,686426.7304711466,5904635.0,94069.44493676638,85606764.0,1171734.3918617843
3068241300103200122,12204650.0,133376.39508179328,46390694.0,605316.5287250683,8547152.0,107042.06241852682,99671385.0,792974.917004513
3068241300103200123,67586149.0,1133638.0174788085,169010357.0,2578078.7528522806,36370248.0,600719.5898424976,623186424.0,5967395.092721979
3068241300103200124,15313447.0,156846.03005944024,42765452.0,735480.3554800123,12224294.0,134996.72419813593,107338238.0,996959.583939497
3068241300103200125,197548637.0,1981831.6002080494,950339630.0,7450335.926785937,98747823.0,1027168.1699614285,1971263467.0,10867355.601664186
3068241300103200126,47733195.0,457489.29520258383,169118820.0,2553124.6349774017,32171495.0,350237.0350101558,360811355.0,3068453.1704622977
3068241300103200127,21283333.0,203366.49012291722,42007598.0,610316.299014414,16536908.0,178084.8657789552,130038297.0,1011374.5020607263
3068241300103200128,133853440.0,1522735.7733556947,628772565.0,5512959.80666817,60137374.0,657485.106851275,1265510554.0,8330936.858039849
3068241300103200129,32273393.0,276221.8258849198,109388402.0,1669025.026356693,21940148.0,232442.39991208297,231450366.0,1644532.2765242448
3068241300103200132,38974668.0,340964.8775028337,250042822.0,3251439.0353650306,24246687.0,244029.81797815292,376598510.0,3007697.1825435916
3068241300103200133,161902388.0,1552307.945445184,1175616322.0,13267239.55642708,74124560.0,792430.5223692959,1932316400.0,12988848.385437999
3068241300103200136,196119737.0,2118680.70590317,794265480.0,8479436.210133953,93241807.0,979510.4389515221,1805853522.0,11384823.688064676
3068241300103200139,114604819.0,1205492.7142197846,613100163.0,7412120.564371537,68593323.0,752874.5941671465,1414086441.0,10307192.662607735
3068241300103200143,45016534.0,448744.872802763,185039056.0,1383879.3351157212,18980801.0,202558.4775834973,466077868.0,2268959.299726567
3068241300103200144,26615668.0,278906.2699478923,133374636.0,1422564.4610315883,13489179.0,144207.00438261963,263200974.0,1829645.4424167029
3068241300103200145,150607440.0,1516956.6610374646,914518506.0,7937340.702937274,67686750.0,734764.3483678506,1777203892.0,9546196.323887855
3068241300103200149,54011503.0,668915.7807513806,143876686.0,2393977.3857753603,37704240.0,432899.72142836277,455359828.0,4427518.374297967
3068241300103200157,7142163.0,790006.1366905198,29913127.0,305075.72679227084,4649482.0,505921.25922040554,73622450.0,565031.9249428762
3068241300103300046,17126393.0,230333.91449176637,67452216.0,816709.325143826,7689468.0,87361.26498761101,156690016.0,1035980.2310470288
3068241300104100016,36813706.0,437795.49273621815,117375627.0,1721592.7330190288,23660584.0,297761.40739899524,320673894.0,2743356.0820279126
3068241300104100017,220059242.0,2422849.0840359745,2556479520.0,18872963.11086106,114163308.0,1428164.5669377518,3054569623.0,16449598.055024851
3068241300104100018,69636684.0,870100.6209603599,90692766.0,1113395.919509511,43949247.0,567626.5889522335,560967780.0,4879373.149293966
3068241300104100019,65588526.0,760783.1182330623,272079987.0,2870583.9986338415,24971255.0,307394.2750803502,511626107.0,2684060.46106205
3068241300104100020,248785346.0,2532874.6313548516,1820486577.0,13638773.989132743,85050268.0,1058149.7174019122,2585878697.0,13299080.90824033
3068241300104100021,98742309.0,1156519.539098014,815364965.0,8488393.766173705,41603426.0,519425.7793921938,1129256464.0,6957356.440733215
3068241300104100022,199043718.0,1925791.6550849206,1536048144.0,11054597.341179248,68458453.0,857745.7111882459,2029098768.0,9843959.100809366
3068241300104100024,132785667.0,1472910.7421807796,751008303.0,8040389.574555801,48660728.0,619388.6026284813,1116956742.0,7044377.530845786
3068241300104100025,169065521.0,2061436.0142099943,1024836534.0,10524155.426544655,71469102.0,934030.2460973779,1439250026.0,9189215.452704147
3068241300104100026,198079167.0,2290799.6525052604,1448286934.0,10310828.05111394,80705341.0,1021177.1337158585,1966854254.0,9929041.736769697
3068241300104100027,135526023.0,1718278.5767050073,737067932.0,6227674.021759254,61972644.0,787408.3987246109,1182181715.0,6587027.999326688
3068241300104100028,127671400.0,1716215.2623688173,664871098.0,7948827.500535821,73316245.0,947528.7339986074,1096212676.0,8049868.060086612
3068241300104100029,29485326.0,388076.33556103654,50822186.0,763982.0245567244,22093956.0,303273.23622453376,200534448.0,1941218.6819018803
3068241300104100030,166565080.0,1605725.453288326,1676281130.0,11611706.254224166,57944540.0,723486.9357895111,1958048755.0,9930547.548020745
3068241300104100033,136967885.0,1216656.3107484877,1399808269.0,8226844.009977796,44936595.0,570629.236222937,1581603407.0,6688156.067462881
3068241300104100034,65602450.0,855720.6012140026,270263757.0,2704420.132828698,37207120.0,484485.1022916003,547377074.0,4122860.676631693
3068241300104100035,190886034.0,2232939.1829679273,1432611239.0,11245622.983591903,69941413.0,894164.8831886429,1925083181.0,11536971.623232193
3068241300104100036,35544733.0,341978.89990241895,259263728.0,1058348.274484345,13540606.0,168841.85081775964,405254925.0,1629064.0746278104
3068241300104100041,61134429.0,790498.5606212622,125245557.0,1827387.3719927159,31239144.0,371430.55263291637,459914137.0,4265246.078901401
3068241300104100042,133662155.0,1687593.4213403747,817084617.0,8804846.066205023,75700368.0,981611.0052377902,1242795935.0,8756717.75742787
3068241300104100046,99380248.0,1036330.053290732,707898104.0,4514360.2991717355,30395459.0,381456.9865140557,895798678.0,3629660.9512093854
3068241300104100047,66418165.0,784542.7281049825,575862770.0,5742507.810443694,29736788.0,380163.0920857926,693842047.0,4346913.547103542
3068241300104100048,60430623.0,589237.4995210663,498995715.0,4753662.331549507,20955213.0,267997.63131953776,616977440.0,3993193.9051576043
3068241300104100049,156638121.0,1487866.6806202047,1644940406.0,9602770.111672612,57780334.0,729520.7465491553,1841585721.0,8166509.590850775
3068241300104100052,181396609.0,1855375.926071296,838983363.0,6910031.99926971,68392060.0,802764.145268375,1506192550.0,8594194.995966319
3068241300104100054,209092201.0,2229580.5857789447,1449723572.0,8626101.095894303,72319136.0,929121.019463185,1977560626.0,9321196.676391935
3068241300104100055,131060788.0,1402757.5776178255,1082407609.0,7879314.853080448,46537043.0,593209.9789312715,1297184437.0,6587611.880073084
3068241300104100056,201955046.0,2359240.829197186,1110474731.0,10806518.5756933,86436315.0,1036750.0410455911,1746631455.0,11465665.352621578
3068241300104100058,113311786.0,1089746.9641219,753817533.0,5463597.954042444,35647221.0,451126.99116122467,971912188.0,4120716.826705438
3068241300104100059,218324775.0,2482390.446528854,1406626627.0,9721456.796872765,76550743.0,995693.1784992982,2011677742.0,11090855.166403707
3068241300104100060,94164598.0,1154591.4096091152,209190968.0,3346073.387816811,59595254.0,742558.218641165,628761619.0,5319547.626001616
3068241300104100061,110352458.0,1103912.9556746068,967653054.0,7089501.47156699,36550458.0,469947.1291155473,1015727765.0,5085282.230359398
3068241300104100062,93146659.0,1504308.5359813103,816840883.0,9481849.02513638,37589159.0,507632.11726659024,903011094.0,8950070.6441511
3068241300104100064,108886189.0,1505734.9494866752,815683228.0,7130790.609740382,52935281.0,704755.6715356772,1096645304.0,7639492.430906733
3068241300104100066,132792684.0,1539965.3705857259,983289831.0,10732502.924866017,69056887.0,834051.163884376,1292225995.0,9347478.700704072
3068241300104100067,176936621.0,1643937.3480587995,1421841675.0,9195231.642477276,51459165.0,656269.9987675486,1601641452.0,6968949.545555512
3068241300104100068,112505948.0,1142868.5653513856,1048201333.0,6881504.865476367,32363791.0,423661.03243059904,1046469996.0,5569207.935806496
3068241300104100072,219978812.0,2048249.8221523035,1483206917.0,8709491.886817953,53791371.0,698826.6141620104,1676315445.0,8208212.323241806
3068241300104100074,100088774.0,1100961.986852352,744386520.0,4721797.535550993,30326388.0,400640.00781094964,849176385.0,4357489.596886827
3068241300104100075,136539582.0,1610972.4764175187,874135425.0,8667545.224138532,45116329.0,540023.186886792,1124091451.0,7999108.189917196
3068241300104100076,120872263.0,1009423.8656588926,764122604.0,5205158.575505274,33541873.0,425160.427707602,995489581.0,4126524.534215984
3068241300104100078,92015499.0,1070508.359446822,442912377.0,6159960.022017876,32172374.0,388636.02870761754,692761601.0,6057505.937646455
3068241300104100079,141438291.0,1792072.4805778675,882138366.0,9471287.840928387,73044713.0,784851.5216315789,1169727314.0,9188021.01326784
3068241300104100081,111080982.0,955506.1472820627,976918572.0,7926619.867503911,31299305.0,402720.0420790811,1063684906.0,4973439.549414093
3068241300104100082,193062985.0,1691858.4560713645,1958131117.0,10177818.234728027,51559327.0,655668.3434151652,1939913744.0,7717844.125088539
3068241300104100084,55122132.0,536021.5914313105,513835672.0,3659305.2788172383,14657956.0,189312.4316340689,500799662.0,2646431.4107709937
3068241300104100085,105356506.0,1649185.5659319195,422356273.0,7976180.982766109,55771042.0,718538.733438185,796928113.0,10043961.287713297
3068241300104100088,151463072.0,1407403.2888968491,1411335164.0,7312708.204235699,38943399.0,498032.6868446262,1532506204.0,7407987.712679984
3068241300104100089,83991673.0,1132179.8781749082,192212938.0,3323096.9228920722,48359237.0,613058.8859226304,531280059.0,5044621.994415479
3068241300104100090,266323353.0,5590181.956399919,2714069492.0,28466208.57778001,61691857.0,1589845.783014844,2673963635.0,24972148.56291935
3068241300104100095,180650120.0,3148321.2014966747,1890846644.0,25203458.954597313,46150024.0,942776.1520594608,1741014347.0,17373186.420527074
3068241300104100097,193933723.0,3583181.696738782,2134365851.0,13753927.350608882,45553518.0,1008331.2456620735,2076183533.0,8679770.711394992
3068241300104100098,66836482.0,825485.0361926081,666055765.0,7459270.194808629,20417873.0,271882.63417437056,711726523.0,5797136.5063262535
3068241300104100099,93028814.0,3052227.300377441,943356701.0,6075167.518939205,20968723.0,767622.9714178275,900332776.0,3922745.521962119
3068241300104100100,92286716.0,2042389.5670729026,671869414.0,5940160.088773657,35594744.0,781411.768944281,768270097.0,5079653.3677319335
3068241300104100103,194770085.0,6691061.435298276,1210601108.0,6654659.461450603,42901723.0,1610492.179014664,1500089031.0,6038275.902723475
3068241300104100105,64941243.0,2124513.736494189,475062636.0,1789331.4997798714,15834931.0,569044.25016873,619605522.0,2523004.853573645
3068241300104100106,42279185.0,2299618.1214806708,67832607.0,2076882.9009873758,23205154.0,1181555.9495178359,306690847.0,6880564.407553608
3068241300104100107,44259645.0,2411567.247225836,430799902.0,6245552.058763858,10789883.0,607149.3169600539,423050279.0,4704855.088953543
3068241300104100108,44813493.0,1784930.504293259,365085208.0,2888673.7373011713,11981888.0,523236.0836456437,412291090.0,1841650.6334674435
3068241300104200036,244448858.0,2815345.7540249093,779282010.0,8824360.059579741,151861798.0,1766688.8861338974,2078601557.0,12900632.708767857
3068241300104200041,136354266.0,1643283.0962653363,352964158.0,5370834.756455037,78709581.0,929537.2163463476,1009161405.0,6842725.500453954
3068241300104200044,12171686.0,147930.43286411153,11986730.0,207820.1624290714,11388164.0,141739.9124668041,66618223.0,644593.2441967089
3068241300104200054,63611847.0,668276.2381508208,500609721.0,3666460.525679387,29421104.0,362280.5830889864,743860167.0,3619681.4127859306
3068241300104200068,190180400.0,1663600.7894914183,2095032696.0,11916275.773318557,66434756.0,825927.9024079331,2349177891.0,9327823.74456956
3068241300104200070,101586481.0,1029105.5791544688,906446435.0,5928105.972736986,40008603.0,499449.09735200193,1161367507.0,5840273.266223615
3068241300104200074,155406236.0,1937354.8608934071,1120553795.0,10503925.01475473,81789784.0,1081622.250318799,1486677957.0,10212502.450639648
3068241300104200077,54988576.0,453473.10751648125,454645182.0,2669196.9178023725,18298096.0,226629.11305397964,552341815.0,1884925.1083243904
3068241300104200080,99014109.0,1047492.0225901677,1111662748.0,9107449.86875353,51695283.0,676352.3489499367,1112831312.0,7033083.879860572
3068241300104200081,157086590.0,1429160.8124128347,1584941659.0,9404007.11516193,55148669.0,688515.6683674618,1865640386.0,8464771.46789055
3068241300104200088,122379622.0,1518087.9751613054,1361913510.0,9521880.93134699,49511524.0,655848.9430354373,1348898633.0,7262424.027208639
3068241300104200089,128505289.0,1265707.2605649293,1067874185.0,7244119.561389666,41323674.0,523757.2386692809,1237598100.0,5350662.064366283
3068241300104200094,40776218.0,415773.87895149674,237108523.0,1998688.3770109501,12946969.0,165579.3919695207,362406263.0,3562736.14214258
3068241300104200099,63997362.0,659567.7604023565,619644507.0,4736287.37458391,21584998.0,292085.0057454174,626125006.0,3736385.965435238
3068241300104200103,7983653.0,116956.60126237602,57281981.0,952044.3931183377,3225520.0,41579.0483924188,63816473.0,681764.7177019516
3068241300104200107,45151352.0,568448.2301334847,283266115.0,3111362.373575944,14139316.0,183286.98184508143,319650670.0,2114384.3500788053
3068241300104200108,139353124.0,1246463.2702422556,914537418.0,4813639.299810896,35728773.0,456147.3590378158,1062339288.0,3751071.4134576027
3068241300104200115,542297358.0,7068273.752023465,4820986045.0,23275546.885658875,138614385.0,2422415.195919921,4800001860.0,18779956.305815343
3068241300104200118,127130037.0,1824563.5458313953,1322069933.0,17483078.20667025,44082495.0,591589.8777982915,1415070075.0,14682542.392969389
3068241300104200121,432471023.0,3631771.940826832,3663661445.0,21467700.42786202,98031449.0,1265832.4401668895,3560131356.0,14813391.226839669
3068241300104200123,113737274.0,1182590.2325386826,1139398341.0,10307773.263853991,31020563.0,421050.1335681314,1065695058.0,6960221.1293853875
3068241300104200124,336298980.0,5436636.385942706,3516969736.0,22417701.752010718,90540299.0,1869332.3142525658,3413702050.0,22303168.685341164
3068241300104200126,192279547.0,1650366.6581485702,2106266545.0,12006973.45393735,46741940.0,612110.2135391899,1802023117.0,7413447.144653158
3068241300104200128,156967152.0,1328632.1172708569,1085834247.0,6830868.80271242,39316361.0,503980.7731401537,1268961962.0,5310350.280226521
3068241300104200130,24303796.0,434318.2961652958,78749636.0,1629383.0063052848,11406927.0,145430.04703471367,156625504.0,1882361.3722399713
3068241300104200136,198247990.0,7237378.5625369465,1403122221.0,6168667.8401407935,41378002.0,1662695.7889934431,1594189896.0,5477887.6363781765
3068241300104200140,92078949.0,4139799.873979643,1179810562.0,13651311.717925906,20969560.0,1037460.6737089192,1044360235.0,5923523.109231881
3068241300104200141,53349384.0,3293952.32193419,575170160.0,5701246.825313632,16063859.0,1039049.3621706668,623496331.0,4190159.6042317096
3068241300104200146,21817042.0,1966582.6061036345,153213110.0,993630.8918230732,5670490.0,521038.3994298746,189690928.0,802267.9810736865
3068241300104200150,4970504.0,770693.5014597129,30858186.0,435206.83544910135,3556347.0,552508.7074126969,52664047.0,479301.05762204924
3068241300104200151,2953204.0,433845.8205386968,17572765.0,233903.25282526994,2401594.0,353621.74158256466,35638940.0,291634.1450338117
3068241300104200159,1235521.0,267061.29436385713,4549794.0,348866.8424582774,1178600.0,254165.0433949486,16116816.0,1176052.208280312
3068241300104200168,1742001.0,255229.095146117,4999978.0,66693.73802003537,1566668.0,229359.45390980522,20048704.0,182335.29909608082
3068241300104300083,10872575.0,2351560.4999413295,317288931.0,3182883.061648025,2472299.0,537104.1008258646,287401104.0,1560225.3042066789
3068241300105100011,24334890.0,278226.8686637935,68283408.0,1078182.1136273535,13360984.0,153976.24029409362,206370699.0,1248648.8029949565
3068241300105100017,174108246.0,1930613.1969638756,648537267.0,7271831.8838211745,111212459.0,1243637.2186043812,1704369619.0,13206536.527966056
3068241300105100029,141136862.0,1844225.5721498565,667301411.0,6250734.837831393,76193879.0,928544.1071377429,1353307812.0,9207439.633973194
3068241300105100030,131148710.0,1817322.7284847326,606703583.0,6403424.040957498,68606545.0,836561.0156867593,1311332205.0,10274699.009529358
3068241300105100033,6867087.0,92790.53995162043,22345887.0,296537.5133511375,3979571.0,47200.41973128302,66022105.0,518391.6012062405
3068241300105100034,173309176.0,2123076.2024322115,816628895.0,8714229.512681965,98022471.0,1156436.0536549788,1767787864.0,11390685.889145302
3068241300105100040,182664185.0,2099591.255600762,973571140.0,9421965.748962669,73062153.0,850773.936502954,1450118508.0,9226637.273793932
3068241300105100041,218747603.0,2736205.8698265282,1572132885.0,12494544.753830245,77904859.0,927625.1890769968,1938316696.0,12661602.059236981
3068241300105100046,107310272.0,1036837.7954541976,654394285.0,3921819.018162595,34772439.0,402880.1950415323,1027379981.0,4357547.056192131
3068241300105100047,133930124.0,1211809.2124452551,906954525.0,7103532.875272937,40324795.0,460568.6067087664,1271014784.0,5867610.856520768
3068241300105100050,231651234.0,2578290.466407948,1957779435.0,16256202.055479812,78111044.0,937145.3582118717,2486373814.0,16918945.11443531
3068241300105100051,234896121.0,2415264.0037049917,1311822998.0,10009620.605200712,79261059.0,932108.453522921,1852234499.0,10574483.703600707
3068241300105100052,170346935.0,1465885.2426026424,1119600244.0,7685311.474592656,48361829.0,562056.733771915,1527717343.0,6611871.215734782
3068241300105100056,126575725.0,1686000.486624103,643552421.0,7554130.547967373,49008266.0,587188.435952067,1087968629.0,9017309.04442779
3068241300105100058,19886117.0,208460.17811714346,44025707.0,685456.5607180705,8052739.0,93177.87504299695,154401874.0,1229318.2480614139
3068241300105100060,192868340.0,2190757.1434550057,1059445078.0,11179315.722012937,123351864.0,1468740.170978553,1762630599.0,12667932.958790679
3068241300105100063,181545678.0,1901553.811802217,771268434.0,6472326.799819059,59608802.0,707278.2667117264,1408452816.0,7174575.977663677
3068241300105100065,164673142.0,2428642.2338487706,949537987.0,12610012.467761539,78755442.0,985616.9718369863,1563744021.0,18183011.621197827
3068241300105100066,482993500.0,6749320.628168498,2345603616.0,21003915.767487157,221731741.0,3095743.693530474,4280864144.0,27890326.70010702
3068241300105100068,214180307.0,2560600.385256453,851726218.0,8742935.09602469,123200800.0,1494377.27012854,1829300165.0,12852916.923143566
3068241300105100070,216183553.0,3937376.8664695686,938672599.0,11049721.565473363,127187557.0,2639217.366871326,2024165924.0,15618164.617175119
3068241300105100072,207264636.0,2625683.2482251576,1160521902.0,11563079.847048167,116619046.0,1620682.127622553,1983041975.0,14118964.970454913
3068241300105200014,6862633.0,74667.30995797108,6186093.0,116025.17732576604,6582294.0,76850.03371073715,34835907.0,321842.55419376877
3068241300105200015,4129877.0,44591.93424044155,4144112.0,78222.00500104981,4001815.0,45889.85950549421,21361457.0,194926.43212129938
3068241300105200026,17769448.0,191402.53249925352,46358667.0,636192.1479397356,10495571.0,118957.86346616797,165229325.0,1049951.3615799746
3068241300105200027,3644836.0,39327.575038670766,3064454.0,57907.13662714835,3600447.0,42009.71410349496,18456045.0,170838.71558088157
3068241300105200031,4345928.0,47031.785633526335,3770236.0,66980.76187403715,4268733.0,50886.81487832857,22438377.0,208299.75948074757
3068241300105200033,4159525.0,45383.917363720946,3386023.0,63906.35159637691,4066189.0,49183.34424915732,20595202.0,206717.08496066902
3068241300105200036,7967127.0,89237.00049628188,6435328.0,121311.4363522832,7778792.0,94265.51750052384,41423885.0,396420.26664842654
3068241300105200037,146934136.0,1795918.7301192852,792422185.0,7017882.249467291,81813612.0,961340.7200067011,1468391085.0,9591627.33136842
3068241300105200049,9482636.0,103980.01529067874,7648094.0,143885.37325440513,9307928.0,113746.2682287946,48858316.0,475713.69588635786
3068241300105200051,8651643.0,96673.84662011353,6986327.0,131218.32171496615,8472286.0,101552.33503181848,44867149.0,433137.3039141767
3068241300105200058,161669795.0,1810221.0775397038,688165140.0,7652967.147373214,96917994.0,1082903.2907280936,1500378284.0,11068913.15409384
3068241300105200072,7283532.0,77073.36732871953,6827872.0,106729.35047201425,7266679.0,80542.17292513502,36318122.0,297656.8167087195
3068241300105200087,4983194.0,61596.49592892128,4070682.0,71020.68562254135,4905900.0,65307.51528189895,25740152.0,222406.41665421304
3068241300105200090,4280752.0,51192.17358166079,4405288.0,74611.63439620042,4235764.0,55383.26347700735,20927466.0,183866.66166983894
3068241300105200094,9043912.0,110910.30882347513,8309142.0,141122.35960755625,8915502.0,116485.62016137608,47454455.0,401389.58274869696
3068241300105200095,8064488.0,99380.82923391457,7575173.0,129732.44856528271,7899336.0,103840.2920225581,42453095.0,357760.0256541513
3068241300105200097,3591161.0,44011.3180301401,3602082.0,61373.82286994677,3510340.0,47116.27110580966,18971216.0,161459.61578602807
3068241300105200103,8214721.0,101571.91678206284,8637121.0,150546.88098030433,7877034.0,103354.57323348762,43208802.0,361388.3217128754
3068241300105200106,3191170.0,39641.72819201985,2965595.0,51505.40661458665,3085660.0,40666.44691711068,16553820.0,142851.48550557753
3068241300105200107,28510905.0,431581.15840475407,125353350.0,2175083.6551164207,14361700.0,168659.0892863155,221746655.0,2773160.471141104
3068241300105200111,100067276.0,1097527.0824031297,924507793.0,8232777.939209385,44819402.0,504837.35400787834,1005516270.0,6946966.464215113
3068241300105200113,61228611.0,830769.1581710096,535093055.0,6643313.97728198,27080523.0,317965.5916053987,599520108.0,5629820.285034698
3068241300105200114,149924883.0,1316825.6107155427,1535672656.0,9759947.324959876,52622688.0,599020.0120238112,1670324054.0,7318515.4955243245
3068241300105200116,4659763.0,52642.07385202947,3953846.0,62711.75099302859,4547774.0,57850.23806540079,22972862.0,203554.81027690944
3068241300105200118,6117023.0,75164.5310763789,5643869.0,96159.6311037913,5918617.0,80230.85323162893,32315762.0,273582.7656632138
3068241300105200120,120761123.0,1704460.2037019045,744458847.0,8639131.98650138,53336008.0,644696.0955457748,1119750833.0,9924340.85671208
3068241300105200122,113827633.0,1414898.120067036,737806903.0,8528659.629509913,38388399.0,457043.06823121605,927539668.0,7818300.768395715
3068241300105200128,2851117.0,36652.314477589025,2269527.0,40844.18894149718,2777461.0,37078.36886380035,15222034.0,141167.27149945774
3068241300105200129,86999613.0,1113213.5908653457,692911197.0,7265260.135258065,36851325.0,432965.4316871746,887067287.0,7498818.86585074
3068241300105200130,182351362.0,1706467.399968909,1264566515.0,8495342.768384397,56990991.0,665181.4462195238,1725147532.0,8051129.037832921
3068241300105200131,242507645.0,2179111.440347393,1516942985.0,11421551.207957644,83584270.0,979068.4693743812,2184352472.0,11004227.179815916
3068241300105200132,17932894.0,225134.22871154675,15095558.0,266403.59548114653,17446770.0,237531.9450533894,94355416.0,835376.5798606059
3068241300105200133,5696337.0,70291.88964667932,4670372.0,81323.7763457238,5557950.0,74295.051283053,30230697.0,268660.00029698183
3068241300105200134,14418957.0,179295.7436596147,13808400.0,244365.17388235737,14052993.0,192355.7451654807,74399646.0,689630.5135556788
3068241300105200137,17220576.0,212575.79849237617,13896475.0,242012.2782003894,17055839.0,233815.12172918854,88175739.0,802911.6063078493
3068241300105200138,2947146.0,36245.653810097065,2413214.0,41283.351258986746,2933731.0,38778.66056968026,15008052.0,134267.06562633312
3068241300105200139,10305438.0,128546.40082546743,9981650.0,174614.84811871557,10076173.0,137912.9017677418,52597715.0,481109.07551177323
3068241300105200141,6491110.0,79563.13038844155,5663361.0,99463.93439869444,6414306.0,85848.47952259284,33562737.0,302691.9123448845
3068241300105200145,20671644.0,259217.92099700094,17717701.0,310345.5821953062,20395028.0,277484.3571143786,110486986.0,986711.5815059455
3068241300105200157,128975802.0,1385316.5035073222,857218559.0,7592678.907124722,51903873.0,617951.8485821175,1298030782.0,8869003.054823337
3068241300105200162,7840870.0,100736.60999589617,6165347.0,106663.55994937276,7732414.0,104164.12066787206,41672291.0,376284.0046302407
3068241300105200163,3058087.0,38631.73917713758,2922607.0,51383.233590320466,2990029.0,40531.05582548215,15588529.0,143608.39940141738
3068241300105200164,6036204.0,76489.17223853634,5891274.0,104152.64065485304,5887071.0,82479.6422501428,30256257.0,279901.9905794874
3068241300105200166,3422529.0,42525.87894919124,3197788.0,52409.9150766558,3374294.0,45501.3173312804,16925087.0,152824.04172086727
3068241300105200171,9999727.0,151881.57478981532,15965654.0,300144.54039784253,7663358.0,98468.84940261714,69525763.0,1057462.8172101756
3068241300105200172,9445210.0,93168.13252259411,10326477.0,163388.5318820297,9276945.0,94297.45269460934,50486310.0,431037.0558294955
3068241300105200178,26563983.0,339248.5377869059,21450085.0,375912.94898706983,26218949.0,358949.874632814,140367164.0,1267684.1874216124
3068241300105200182,3558799.0,45037.928944911175,3310932.0,57390.604079848985,3489529.0,46930.94978007525,18095731.0,165935.1606398364
3068241300105200183,145069230.0,1827447.8386902697,1083760482.0,11228563.523568388,56862649.0,693699.6717223332,1334562415.0,10038846.781537341
3068241300105200186,30697066.0,465475.3179139825,59830854.0,1186179.9460979674,19320592.0,243225.7082379978,220019864.0,2562042.017985666
3068241300105200198,15707991.0,206792.1074756389,15651148.0,283584.81342972483,15228528.0,212136.7970276001,76935283.0,712439.8344001513
3068241300105200200,5594255.0,74231.4583221576,5440643.0,98605.0262593016,5419545.0,74929.36677802999,27740034.0,263175.609563717
3068241300105200202,3154598.0,39928.99584712456,2943569.0,53168.23354905816,3093456.0,42544.16007109817,16026692.0,148262.17606139893
3068241300105200203,44675973.0,577125.9399386027,39618205.0,705308.2306203034,43812520.0,604562.2293570697,228048908.0,2072392.9270550008
3068241300105200204,3011907.0,38967.668894921924,2472910.0,44621.35707877973,2955216.0,40185.1643241515,15852072.0,144624.5201958015
3068241300105200205,4710234.0,60036.52592610878,4789661.0,86438.98992904529,4574715.0,64046.21405800001,23421163.0,216997.62251054158
3068241300105200209,14925359.0,195818.11363207785,12338069.0,221554.38754650205,14651462.0,200193.6307822256,78737387.0,727530.8060348777
3068241300105200210,25312986.0,325450.67987485783,20735215.0,362055.4275979518,24807716.0,341536.4939991955,129590723.0,1186148.0561319073
3068241300105200212,4100585.0,52864.06870064627,4037510.0,71293.66748218788,3961454.0,54904.345662377265,20112675.0,184457.09509646578
3068241300105200214,11483254.0,149442.50817382027,11807931.0,211194.06444682265,11124511.0,158449.81452577456,56641163.0,531708.5889843055
3068241300105200216,2991112.0,38358.86739190133,2683127.0,46930.27156115133,2952812.0,39720.33020866508,15340764.0,138528.06280174726
3068241300105200218,33666351.0,452050.7931808843,34910647.0,640505.2580116136,32604393.0,460925.22254472296,165805203.0,1586992.5989090179
3068241300105200224,45187464.0,594394.9380279019,37673390.0,661435.1887921448,44325049.0,615813.4231001873,238357022.0,2210865.496247285
3068241300105200228,13107858.0,168213.60839042297,11288718.0,199930.57154040263,12912014.0,175553.11386971362,65995564.0,602043.0571737618
3068241300105200245,8454153.0,108470.17817062435,7497186.0,134703.9146622205,8295322.0,116513.22748739494,42244637.0,377591.3377581062
3068241300105200246,124952123.0,3024491.8274779827,722033505.0,9740258.702338545,75757733.0,1817780.6670589752,1111521451.0,10562728.548094623
3068241300105200249,7343378.0,94912.13128926267,6121916.0,109979.1382126,7205230.0,99528.6424870488,37895842.0,340675.2194701039
3068241300105300005,210004614.0,2569423.760361083,1380792527.0,12744392.46610905,114185211.0,1351038.4720404756,2548682047.0,17050690.083641972
3068241300105300012,255449121.0,2877600.8309378563,1688982652.0,14157034.392519493,135049981.0,1501540.8941036733,3081738057.0,18600053.26312668
3068241300106100075,17610904.0,225542.5566921228,18107320.0,312252.10419828515,17626356.0,236167.77978523183,93723230.0,858182.1395568689
3068241300106100080,74339811.0,964033.6611654444,69995453.0,1243631.9379753468,74911201.0,1005434.8047546272,399595469.0,3712311.7866587513
3068241300106100089,14862580.0,190463.98621337823,15829783.0,279407.83210273786,14905622.0,197432.98821206472,82021801.0,748223.2584373244
3068241300106100090,7609494.0,96258.51267539762,7643466.0,134570.3930376569,7612223.0,101089.82740995254,41769081.0,383076.45556540356
3068241300106100099,43845288.0,543489.9086111635,37313170.0,633164.7513417371,43703749.0,571104.1108221267,233136167.0,2072068.2802320186
3068241300106100105,11682636.0,144512.89153537026,9367931.0,156678.36177201805,11593143.0,151125.92074476252,61663894.0,541396.0257711088
3068241300106100110,42668386.0,536566.8985151047,36130662.0,615891.5341196363,42439402.0,556438.8533223292,229841486.0,2043784.4795171004
3068241300106100148,76002139.0,938207.0784967688,63991180.0,1073191.1600267163,75903130.0,994965.884329102,401270811.0,3440165.7150783506
3068241300106100152,344696657.0,6604789.319210327,313209258.0,6240926.7707964685,345705424.0,6749310.483426594,1910122814.0,21228387.729671374
3068241300106100159,4380721.0,55525.94991707307,3990404.0,68083.29141425676,4374373.0,57667.270902986544,23147203.0,210027.771036544
3068241300106100167,19482727.0,250692.38604136163,15932133.0,269590.02382638317,19722783.0,262378.8394239877,106269334.0,930549.8545102051
3068241300106100180,9111484.0,775187.5278030308,10977763.0,821865.4284859991,9027155.0,771906.332008576,53900520.0,3707046.788257871
3068241300106200095,111829013.0,1783983.3441252885,96943740.0,1654697.7050986444,111575819.0,1835546.271703044,616450125.0,5537918.39827434
3068241300106200102,10267046.0,125184.3138592678,9146886.0,152684.1095146471,10095968.0,129224.95940441792,53602315.0,459414.6453819329
3068241300106200107,4210772.0,53033.753726974996,3614300.0,61922.910109180695,4199281.0,56191.20956953301,22982165.0,203524.40541748755
3068241300106200113,3597811.0,43725.74596102524,3070534.0,51205.3961954403,3588181.0,45955.614001451075,18785768.0,158361.25222591718
3068241300106200127,10200736.0,128842.5190824254,8608451.0,142819.81513201346,10248674.0,133859.98968039252,55849955.0,486076.504494085
3068241300106200128,2646094.0,33654.97765294972,2295027.0,39726.34356689373,2675813.0,35061.06401434738,14584416.0,126741.1089521597
3068241300106200142,15173566.0,188964.8840259029,13050722.0,218465.68026079162,15067098.0,198742.71048205864,79276913.0,683378.5136138281
3068241300106200144,49381934.0,614816.1623575338,49805229.0,858377.8532869667,47828612.0,638614.5506009592,246553215.0,2141691.290077489
3068241300106200145,8956310.0,107712.22065148217,9089100.0,155206.54253328298,8854047.0,117390.57654173384,46807019.0,414621.8324066484
3068241300106200146,3367820.0,40616.427236971256,2901904.0,47649.60660094729,3375623.0,44876.29564660616,17709757.0,150141.2060232259
3068241300106200151,29369885.0,359583.33513191016,25628727.0,431733.2987675378,28928396.0,379560.55721583887,150728791.0,1304241.519030007
3068241300106200152,2828473.0,34457.31716023214,2393801.0,42192.69463591096,2825432.0,36870.56835559893,15460954.0,141789.85320491384
3068241300106200158,25756483.0,321467.0524288724,21834245.0,364629.8196508225,25773395.0,343297.20596400154,137918101.0,1195353.0996365654
3068241300106200163,34219346.0,422824.21405667893,30749794.0,522642.52591503074,33815967.0,444296.0287088747,176451639.0,1517330.3979986128
3068241300106200172,1358010.0,397668.40805199195,3722703.0,69396.62048419422,1341343.0,391837.94837696425,21563691.0,193325.0058168271
3068241300107100064,140177722.0,1407328.3060204776,122102571.0,2921761.217676546,139830245.0,1433816.70635865,755387258.0,9358316.009193564
3068241300107100070,10934837.0,104258.74136518271,10741590.0,242594.93736600975,10622997.0,106730.8705865534,54613399.0,646128.4565901461
3068241300107100076,16243430.0,154050.2647748219,13913164.0,321981.25450106186,16427799.0,163363.02319511678,87967410.0,1048818.8920817617
3068241300107100127,17010748.0,219352.15608942552,13443177.0,226549.72390851777,16799892.0,230189.82244028675,90110409.0,773771.181013093
3068241300107100131,47946476.0,1115888.0268182538,43323425.0,846069.944085226,48286690.0,1149312.7460970546,264887221.0,2996724.3604218177
3068241300107100160,23123170.0,290812.27299046674,21238116.0,358712.5103978132,23067338.0,301947.81064290577,124481347.0,1109283.7394350416
3068241300107100171,7302333.0,90861.14383404222,5928781.0,97463.94179631,7237209.0,93674.2751278356,39037908.0,343238.49608680356
3068241300107100178,20298603.0,258731.04214615264,17983947.0,304772.97936625377,20185060.0,269330.9125620855,111284568.0,1001690.9188983925
3068241300107100181,21313300.0,255417.79645066196,17960290.0,300766.55957221746,20883626.0,267574.1134185895,115495519.0,982750.1590080915
3068241300107100186,13055526.0,160094.54866209615,10503503.0,173184.26263551586,12973494.0,166628.0202890304,70768358.0,600242.0276299289
3068241300107100210,5213794.0,66857.94796704227,4256165.0,70389.88901159525,5274393.0,69834.38524702642,28110962.0,242915.77745925458
3068241300107200038,16080109.0,150111.223486044,13168824.0,307433.08448256884,15736895.0,149901.94696216134,85652169.0,1009204.52964036
3068241300107200068,16602705.0,161825.543869459,13732824.0,329651.6570845664,16572774.0,165200.22852388967,89388587.0,1086711.461305691
3068241300107200073,40133572.0,389838.4571981778,32671252.0,767063.835899855,39941701.0,404537.4664488749,215607078.0,2639324.382201893
3068241300107200096,860419.0,411542.19858547417,6817076.0,637815.5453576278,847688.0,405917.6546354965,30424552.0,2602922.789222439
3068241300107200102,210520225.0,4013397.6281621894,185305478.0,4270902.084461594,213939167.0,4157861.9455053904,1150435388.0,16972152.535645816
3068241300107200128,11353161.0,144889.02662254462,9057381.0,154557.7543415342,11209094.0,151941.81193065754,60311882.0,537277.6596650424
3068241300107200142,22939184.0,293380.5095991192,22360847.0,393636.305062412,22847038.0,302390.62647843064,125031153.0,1138979.431426706
3068241300107200143,27181980.0,342133.64100549574,28008868.0,488162.27873223025,27201262.0,354555.42449437926,149691740.0,1352135.1402019092
3068241300107200150,4287710.0,53600.85785556789,4177912.0,73320.90286041913,4302525.0,56121.45520360175,23322612.0,209703.49058662358
3068241300107200179,99110600.0,1707621.1908719828,85130351.0,1480668.4842745066,100642520.0,1767936.7297183617,551050905.0,4960060.252352478
3068241300107200191,91420118.0,1149951.8842553804,77605362.0,1303798.4041636623,92160033.0,1212882.1984737401,497984423.0,4309226.429603013
3068241300107200193,3493788.0,44604.92468755788,2864246.0,48533.165568169185,3522589.0,45993.517600269326,18913891.0,169769.49333404636
3068241300107200194,23452043.0,303410.05078498594,19466583.0,338236.906680648,23739304.0,317557.77756134636,128471067.0,1129850.8542613892
3068241300107200195,31832498.0,403806.0109525595,26314877.0,449616.7165001726,32138429.0,424292.5574658555,172913969.0,1508328.6242339725
