cell,eef2b,gata5,tbx1,spi1b,aplnra,prdm1a,meis3,stmn1a,yrk,her6,fn1b,tbx16,meox1,hand2,mef2cb,cldnb,dla,otx2b,tnnc1a,cfl1l,cldn7b,zic2a,fstl1a,bmp6,cd9b,nova2,nkx2.5,krt18a.1,myl7,dusp5,hes6,sparc,pdlim1,tal1,serpinh1b,bmp4,jdp2b,efnb2a,tnnt2a,mdkb,ptmaa,rbfox1l,nkx2.7,cdh11,ccn1,fabp3,btg1,lsp1a,angptl7,ttn.2,foxd1,hoxb3a,atp2a2a,sox7,twist1a,podxl,fthl27,rarga,mdka,cdx4,cxcl12a,gdf3,rac2,fzd8b,marcksl1a,sfrp5,fibina,fli1b,epcam,hspb1,smtnl1,fhl2a,foxl2a,actc1a,blf,loxl2a,emp2,egfl6,rasl11a,fermt1,fsta,plpp1a,aldh1a2,sox3,etv2,hoxb1b,her15.1,fli1a,cxcl12b,bambia,akap12b,hoxb9a,cyp26c1,hoxb7a,rbms2b,her9,irx1b,tmem88a,kirrel1b,ackr3b,krt8,rdh10a,colec12,ndnf,lmx1bb,pitx3,rspo3,pdgfra,hey1,msgn1,met,thbs2b,cdh5,twist1b,kazald2,myh7,cthrc1a,pfn1,apoc1,tnfaip6,apela,nrp2a,meis2a,elmo1,cnn3a,vox,irx3a,cdc42ep4a,rbm24a,nid1b,clec14a,pltp,foxi1,Blank-0,Blank-1,Blank-2,Blank-3,Blank-4,Blank-5,Blank-6,Blank-7,Blank-8,Blank-9,Blank-10,Blank-11,Blank-12,Blank-13,Blank-14,Blank-15,Blank-16,Blank-17,Blank-18,Blank-19,Blank-20,Blank-21,Blank-22,Blank-23,Blank-24,Blank-25,Blank-26,Blank-27,Blank-28,Blank-29,Blank-30,Blank-31,Blank-32,Blank-33,Blank-34,Blank-35,Blank-36,Blank-37,Blank-38,Blank-39,Blank-40,Blank-41,Blank-42,Blank-43,Blank-44,Blank-45,Blank-46
307557600110100049,36,9,1,1,0,2,0,1,0,0,0,0,0,0,0,20,0,3,0,11,7,0,2,3,8,1,1,45,1,0,0,1,1,0,1,0,0,2,0,0,0,1,0,0,0,0,11,10,2,0,0,0,0,0,0,0,0,0,4,10,1,0,0,0,2,0,0,0,16,5,1,1,0,0,0,0,1,0,0,5,0,0,0,0,1,4,0,0,0,0,7,0,0,0,2,0,2,0,1,0,39,0,0,0,0,0,0,2,0,0,1,0,0,0,0,0,0,7,56,0,0,0,0,0,3,4,0,0,1,1,1,0,0,0,0,0,0,0,1,0,0,0,1,0,0,0,0,1,1,0,0,0,0,0,0,0,0,0,0,0,0,0,0,2,0,1,0,0,0,0,0,0,0,0,0,0,0,0,0,1
307557600111100128,54,0,0,2,0,1,3,0,0,0,7,1,7,0,0,0,0,1,0,1,0,0,2,0,0,0,0,3,1,1,2,1,0,0,1,0,0,4,0,1,3,5,0,0,0,5,3,2,4,1,0,0,0,1,0,1,0,0,14,2,1,0,0,0,4,0,0,0,1,0,0,0,0,0,0,0,18,0,1,0,3,0,7,8,0,3,0,0,0,1,25,4,0,1,1,5,3,0,0,0,3,6,3,0,1,0,0,0,1,0,0,2,0,0,2,1,1,0,1,0,1,0,1,1,1,1,1,0,4,0,0,2,0,0,0,0,0,0,0,0,0,0,0,0,0,0,0,0,0,0,0,2,0,0,0,0,0,0,0,1,1,0,0,0,0,0,0,0,0,1,0,1,0,0,0,0,0,0,0,0
307557600111100129,43,0,0,1,0,0,2,0,0,0,4,1,0,0,0,5,0,0,1,13,5,0,4,0,1,0,0,62,1,0,0,0,1,0,4,0,0,4,0,0,1,1,0,0,2,0,8,2,1,1,0,1,0,0,0,0,1,0,1,17,2,0,0,0,4,0,1,0,9,0,0,0,0,0,2,0,12,0,1,0,0,0,1,1,0,3,0,1,0,0,19,4,0,0,11,0,1,0,0,0,93,1,0,0,0,0,0,0,0,0,0,0,0,0,0,0,0,17,0,0,0,0,2,0,2,0,1,3,0,0,0,1,0,0,0,1,0,0,0,0,1,0,0,0,0,0,0,0,0,0,0,0,0,0,0,0,0,0,0,0,0,0,0,0,0,0,0,0,0,0,0,0,0,0,2,1,0,0,0,0
307557600111100130,27,0,0,0,0,0,7,1,1,0,3,0,3,0,1,0,1,1,0,0,0,0,0,0,0,0,0,1,1,0,0,0,0,0,6,0,0,1,0,0,0,7,0,0,0,1,0,1,2,2,0,0,0,0,0,0,0,0,7,1,0,0,0,0,1,0,0,0,0,1,0,0,0,0,1,0,17,0,1,0,3,1,5,0,0,0,0,0,1,1,6,8,0,0,2,0,1,0,0,0,2,8,3,0,0,0,1,0,2,0,0,0,0,0,0,0,1,0,1,0,0,0,0,1,2,0,0,0,6,2,0,2,0,0,0,0,0,0,0,1,0,0,1,0,0,1,0,0,0,0,1,0,0,0,0,0,0,0,0,0,1,1,0,0,0,0,0,0,1,0,0,0,0,0,0,0,0,0,0,0
307557600111100135,14,0,0,0,0,1,1,0,0,1,1,0,2,0,3,0,0,0,0,0,0,0,7,0,0,0,0,1,0,0,0,0,0,0,2,0,0,3,0,0,0,15,0,0,1,3,1,0,1,6,0,0,0,0,0,2,0,0,2,2,1,0,0,1,0,0,0,0,0,2,1,0,0,0,0,0,13,0,0,0,0,4,0,7,0,0,0,1,0,0,10,4,0,0,0,0,0,0,0,1,0,2,2,0,1,0,0,0,0,0,0,0,0,0,2,0,1,1,0,0,0,0,0,0,1,0,0,0,5,0,0,2,0,0,0,0,0,0,0,0,0,1,1,0,0,1,0,0,0,0,0,0,0,0,0,0,0,0,0,0,1,0,0,0,0,0,0,0,0,0,0,0,0,0,0,0,0,0,0,0
307557600111100140,60,0,0,4,2,0,0,0,0,2,0,1,0,2,0,3,0,2,0,15,9,0,3,2,4,0,0,127,0,0,0,0,1,1,2,0,0,2,0,0,1,0,0,0,0,1,14,0,1,1,0,0,1,0,0,0,1,0,2,12,0,1,0,0,4,1,0,0,10,0,0,1,0,0,0,0,2,1,1,1,0,0,1,4,0,4,0,1,0,0,16,1,0,0,11,0,0,0,0,0,70,1,0,0,0,1,1,0,0,1,0,0,0,0,0,1,0,18,3,0,0,0,1,0,0,0,0,0,0,0,0,0,0,0,0,1,0,0,1,0,1,0,0,2,0,0,0,0,0,1,0,1,0,0,0,0,0,0,0,0,2,0,0,0,0,0,0,0,0,0,0,0,0,0,0,1,1,0,0,0
307557600111100143,36,0,0,0,0,1,3,0,0,2,0,0,0,0,0,0,0,1,1,2,1,1,4,3,0,0,0,7,0,0,1,0,0,0,0,3,1,1,0,2,0,1,0,0,1,8,3,0,0,0,0,0,1,0,0,1,0,0,2,7,1,0,0,0,3,0,0,0,0,0,0,0,0,0,0,1,2,1,0,1,0,0,1,16,0,2,0,0,0,0,30,11,0,0,2,2,8,0,0,0,14,0,0,0,0,0,0,1,0,1,0,0,1,0,0,0,0,2,0,0,0,3,1,1,0,0,0,0,0,1,0,0,0,0,1,0,0,0,0,0,1,0,0,0,0,0,0,0,1,1,0,0,0,0,0,0,0,0,0,1,0,0,0,0,0,0,0,0,0,0,0,0,0,0,0,0,0,0,0,0
307557600111100147,25,0,0,0,0,0,0,0,0,2,2,0,0,0,0,0,0,0,0,0,0,0,0,0,0,0,0,1,0,0,0,0,0,0,7,0,0,1,0,0,0,11,0,0,0,2,0,3,0,9,0,0,0,0,0,0,0,0,0,0,1,0,0,0,0,0,0,0,0,0,0,0,0,0,0,0,12,0,1,0,0,0,0,0,0,0,0,0,0,0,2,3,0,0,0,0,0,1,0,0,1,1,0,0,0,0,0,0,1,0,0,0,0,0,0,0,0,0,1,0,0,0,0,0,0,0,0,0,2,0,1,2,0,0,1,0,0,0,0,0,0,0,0,0,0,0,1,0,0,0,0,0,0,0,0,0,0,0,0,1,0,0,0,0,0,0,0,0,0,0,0,0,0,0,0,0,0,0,0,1
307557600111100148,19,0,0,0,0,0,1,0,0,0,0,0,0,0,0,0,0,0,0,1,0,0,1,0,0,0,0,0,0,0,0,1,0,0,0,0,0,0,0,0,3,0,0,0,0,3,1,0,0,0,0,1,0,0,0,0,0,0,7,3,1,0,0,0,0,0,0,0,0,0,0,0,0,0,0,0,1,0,0,0,1,0,0,16,0,0,0,0,0,0,0,2,0,0,0,0,3,0,0,1,0,0,0,0,0,0,0,0,0,0,0,0,0,0,0,0,0,0,0,0,0,0,0,0,0,0,0,0,0,0,0,0,0,0,0,0,0,0,0,0,0,0,0,0,0,0,2,0,0,0,0,1,1,0,0,0,0,0,0,0,0,0,0,0,0,0,0,0,0,0,0,0,0,0,0,0,0,0,0,0
307557600111100152,35,0,0,0,0,1,4,0,0,2,0,1,0,0,0,0,0,3,0,0,0,2,0,0,0,3,0,1,0,1,1,0,0,0,0,0,0,0,0,1,4,1,0,1,0,6,1,0,0,0,1,0,0,0,0,0,0,0,5,12,1,1,0,0,0,0,0,0,0,0,0,0,0,0,1,0,2,0,0,0,0,0,0,16,0,0,1,1,0,0,5,6,0,0,2,0,10,0,0,1,0,0,0,0,2,0,0,0,0,0,2,2,1,0,0,0,0,0,1,0,1,1,0,0,1,0,3,0,1,0,0,0,0,0,0,0,0,0,0,0,1,0,0,0,0,0,0,0,0,0,0,0,0,0,0,0,0,0,0,0,0,1,0,0,1,0,0,0,0,0,0,0,0,0,0,0,0,0,0,0
307557600111100155,21,0,0,0,0,0,0,0,0,1,0,0,0,0,0,0,0,0,0,0,0,1,0,0,0,1,0,0,0,0,2,0,0,0,0,0,0,0,0,1,2,0,0,0,0,1,0,0,0,0,0,0,0,0,0,0,0,0,6,5,1,0,0,0,1,0,0,0,0,0,0,0,0,0,0,0,1,0,0,0,1,0,0,13,0,1,0,0,0,0,3,5,0,0,0,1,9,0,0,1,0,0,2,0,0,0,0,0,0,0,0,0,0,0,0,0,0,0,0,0,0,0,0,1,0,0,3,0,0,0,0,0,0,0,0,0,0,0,0,0,0,0,0,0,0,0,0,0,0,0,0,0,0,0,0,0,0,1,0,0,0,0,0,0,0,0,0,0,0,0,0,0,0,0,0,0,0,0,0,0
307557600111100164,47,2,0,2,0,1,0,1,0,3,0,0,0,0,1,12,1,4,0,18,11,0,1,2,7,0,1,83,0,2,0,0,1,2,1,0,0,4,1,0,3,2,0,0,1,1,13,26,0,0,1,0,0,0,0,0,1,0,5,16,2,0,0,0,1,1,0,0,17,2,0,3,0,0,1,0,5,0,1,0,0,0,1,0,0,9,2,3,0,0,33,1,0,1,6,8,0,0,1,0,134,0,0,0,0,0,1,0,0,0,1,1,0,1,1,0,0,8,42,0,1,0,1,0,1,2,0,1,0,0,0,0,0,0,0,2,0,0,3,0,2,0,0,1,0,0,0,0,0,0,1,0,0,0,0,0,0,1,0,0,4,0,0,2,0,0,0,0,0,0,0,0,0,0,0,0,0,0,0,1
307557600111100165,21,0,0,0,0,0,1,0,0,0,4,1,0,0,1,0,0,1,0,0,0,0,4,0,0,0,0,0,0,0,0,0,0,0,4,0,0,1,0,0,0,9,0,0,0,1,2,1,0,4,0,0,0,0,0,0,0,0,4,0,2,0,1,0,0,0,0,0,0,1,0,0,0,0,0,0,12,0,1,0,0,1,1,0,0,0,0,0,0,0,2,0,0,0,0,1,0,0,0,0,0,0,1,0,0,0,0,0,0,0,0,0,0,1,0,0,1,0,0,0,0,0,0,0,1,0,0,0,4,1,1,0,0,0,0,0,0,0,0,0,0,0,0,0,0,0,0,0,0,0,0,0,0,0,0,0,0,0,0,0,0,0,0,0,0,0,0,0,0,0,0,0,0,0,0,0,0,0,0,0
307557600111100166,11,0,0,0,0,2,0,0,0,1,1,0,1,0,0,0,0,0,0,0,0,0,0,0,0,1,0,0,0,0,0,0,0,0,0,0,0,0,0,0,1,9,0,0,0,1,0,0,0,4,0,0,0,0,0,0,0,0,0,0,0,0,0,0,1,0,0,0,0,1,0,0,0,0,0,0,4,0,0,0,0,0,0,0,0,0,0,0,0,0,6,0,0,0,0,0,0,0,0,0,0,0,0,0,0,0,0,0,0,0,0,0,0,0,0,0,1,1,0,0,1,0,0,0,0,0,0,0,3,0,0,0,0,0,0,0,0,0,1,0,0,0,0,0,0,0,0,0,0,0,0,0,0,0,0,0,0,0,0,1,0,0,0,0,0,0,0,0,0,0,0,0,0,0,0,0,0,0,0,0
307557600111100168,42,0,0,0,0,0,2,0,0,0,16,0,3,0,1,0,0,0,0,0,0,0,2,1,0,0,0,0,0,0,0,1,0,0,3,0,0,3,0,0,1,9,0,0,5,3,0,1,2,1,0,0,0,0,0,0,1,0,12,2,0,0,0,0,3,0,0,0,0,1,0,0,1,0,0,0,14,0,0,0,2,1,2,0,2,0,0,0,1,0,15,5,0,2,0,1,0,0,0,0,1,12,3,0,0,0,0,1,2,0,0,0,0,0,0,0,2,0,0,0,0,1,1,0,1,0,0,0,2,0,0,0,0,0,0,0,0,0,0,0,0,0,0,0,0,0,0,0,0,0,0,1,0,0,0,0,0,0,0,0,0,0,0,0,0,0,0,0,0,0,0,0,0,0,0,0,0,0,0,0
307557600111100174,57,1,0,2,0,4,3,0,0,2,1,3,1,0,2,0,0,1,0,1,1,0,4,0,0,1,0,5,1,0,4,0,1,0,3,0,0,4,0,8,10,2,0,0,0,10,3,1,0,3,0,0,0,1,0,0,0,0,3,14,0,0,1,0,4,0,0,0,0,1,0,1,0,0,1,0,1,0,0,0,0,2,1,4,0,3,0,0,1,0,12,14,0,1,3,1,1,0,0,0,3,2,0,0,0,0,0,2,0,0,0,0,0,0,0,0,0,0,2,0,0,0,4,0,3,2,2,3,1,3,0,0,0,0,0,0,0,0,0,1,0,0,0,0,0,0,0,0,0,0,0,0,0,0,0,0,0,0,1,1,0,0,0,0,0,0,0,0,0,0,0,0,0,0,0,0,0,0,0,0
307557600111100177,50,0,0,0,0,0,3,1,0,0,5,0,1,0,2,0,0,0,1,0,0,1,6,0,0,0,0,1,0,0,0,6,0,0,19,0,1,1,1,0,1,50,0,0,1,3,2,1,0,13,0,0,0,1,0,0,1,0,4,0,0,0,0,0,1,0,0,1,0,5,3,0,0,0,0,0,12,0,0,0,1,4,1,0,0,2,1,0,0,0,8,0,0,0,0,0,0,0,0,2,3,0,1,0,0,1,0,0,0,0,0,0,0,0,1,0,2,1,0,0,1,0,1,0,1,0,0,0,3,1,0,0,0,0,0,0,0,0,0,0,0,0,0,0,0,0,0,0,0,1,0,0,0,0,0,0,0,0,0,0,0,0,0,0,0,0,0,0,0,0,0,0,0,0,0,0,0,0,0,1
307557600111100179,59,5,0,2,0,1,0,0,0,0,1,0,0,0,0,4,1,1,1,16,5,0,2,1,6,0,1,87,1,0,1,1,2,0,2,0,0,5,2,0,0,1,0,1,1,0,7,34,0,0,0,0,0,1,0,1,0,0,3,13,2,0,2,0,3,3,0,0,8,1,0,2,0,0,0,0,1,0,1,4,0,1,0,0,1,4,0,3,0,0,30,0,0,0,6,3,0,0,0,0,64,0,0,0,0,0,0,0,0,2,0,0,1,0,1,0,0,6,45,0,0,0,1,1,2,1,1,1,1,1,0,0,0,0,0,1,0,0,1,0,2,0,0,0,0,0,0,1,1,4,0,0,0,2,0,0,0,0,0,0,5,0,0,1,0,0,0,0,0,0,0,0,1,0,1,1,0,0,1,0
307557600111100181,35,0,0,1,0,0,2,0,0,1,0,0,0,0,2,0,0,1,0,0,1,1,0,1,0,2,0,0,0,0,4,1,0,0,0,0,0,0,0,1,8,2,0,0,0,3,3,0,0,2,0,2,0,0,0,0,0,1,18,15,0,0,0,0,1,0,0,0,1,0,0,0,0,1,1,0,3,0,0,0,0,0,0,39,0,11,0,0,1,0,20,9,0,1,2,1,18,0,0,0,1,0,1,2,0,0,0,0,0,0,0,0,0,0,0,0,0,0,1,0,0,1,2,0,1,0,1,0,2,0,0,0,0,0,0,1,0,0,0,0,0,0,0,0,0,1,0,0,0,1,0,0,0,0,0,0,0,0,0,0,0,1,0,0,0,0,0,0,0,0,0,0,0,0,0,0,0,0,0,0
307557600111100184,5,1,0,0,0,0,0,0,0,1,0,0,0,1,2,0,0,0,0,0,0,0,1,0,0,0,0,0,0,0,0,0,0,0,0,0,0,0,0,0,1,16,0,0,0,1,2,0,0,2,0,0,0,0,1,0,0,0,1,1,0,0,0,0,0,0,0,0,0,1,3,0,0,0,0,0,8,0,0,0,0,1,0,0,0,1,0,0,0,0,9,0,0,0,1,0,0,0,0,0,1,0,0,0,0,0,0,1,0,0,0,0,0,1,0,0,0,0,0,0,1,1,0,0,1,0,0,0,2,0,0,3,0,0,0,0,0,0,0,0,0,0,0,0,0,0,0,0,0,0,0,0,0,0,0,0,0,0,0,0,0,0,0,0,0,0,0,0,0,0,0,0,0,0,0,0,0,1,0,0
307557600111100186,33,4,0,0,0,0,3,0,1,3,9,1,1,14,0,0,0,2,0,0,0,1,10,0,0,0,0,1,0,0,0,0,0,0,3,2,0,0,0,0,0,0,0,0,0,0,3,15,0,0,0,1,0,0,1,0,0,0,1,16,13,0,0,0,5,0,0,0,0,0,0,1,0,0,0,0,2,0,0,0,0,0,0,0,0,6,0,1,6,0,11,12,0,0,3,0,0,0,0,0,3,0,6,0,1,0,0,10,0,1,0,0,0,0,0,0,0,2,0,0,0,2,0,0,3,1,0,1,1,0,0,0,0,0,0,0,0,0,0,1,0,0,0,0,0,0,0,0,0,0,0,0,0,0,0,0,0,0,0,0,0,0,0,1,0,0,0,0,0,0,0,0,0,0,0,0,0,0,0,0
307557600111100189,6,0,0,0,0,3,0,0,0,1,1,0,0,0,2,0,0,0,0,0,0,0,2,0,0,0,0,0,0,1,0,0,0,0,0,0,0,0,0,0,1,22,0,0,0,1,0,0,0,12,0,0,0,0,0,1,2,0,1,0,0,0,0,0,0,0,0,0,0,0,3,0,0,1,0,0,17,0,0,0,0,1,0,0,0,0,0,0,0,0,28,0,0,0,0,0,0,0,0,2,1,1,0,0,0,1,0,0,0,0,0,0,0,0,0,0,1,0,0,0,1,0,0,0,1,0,0,0,0,0,0,4,0,0,0,0,0,0,0,1,0,0,1,0,0,0,0,0,0,0,0,0,0,0,0,0,0,0,0,0,0,0,0,0,0,0,0,0,0,0,0,0,0,0,0,0,0,0,0,0
307557600111100191,64,0,0,1,0,1,2,0,1,1,10,0,5,0,0,0,0,0,0,7,6,1,7,2,0,0,0,16,2,0,2,1,0,0,2,1,0,12,0,0,2,4,0,1,3,2,1,5,4,2,0,0,0,0,0,0,0,0,4,4,2,0,1,0,2,0,0,0,5,0,0,0,0,0,1,0,40,0,3,2,8,0,6,0,0,4,1,3,1,0,29,6,0,0,5,2,0,0,0,0,28,31,1,1,1,0,0,1,0,0,1,1,0,2,0,0,2,4,6,0,0,4,1,0,3,1,0,0,0,0,0,0,0,0,0,0,0,0,0,1,0,0,0,1,1,0,0,1,0,0,0,0,0,0,0,0,0,0,0,0,2,1,0,1,0,0,0,1,0,0,0,0,0,0,1,2,0,0,0,1
307557600111100195,0,0,0,1,0,0,0,0,0,0,0,0,0,0,2,0,0,0,0,0,0,0,0,0,0,0,0,0,0,0,0,0,0,0,1,0,0,0,0,0,0,10,0,0,1,1,1,0,0,10,0,0,0,0,0,0,0,0,0,0,0,0,0,0,0,0,0,0,0,0,0,0,1,0,0,0,6,0,0,0,0,0,0,1,0,0,0,0,0,0,14,0,0,0,1,0,0,0,0,2,0,0,0,0,0,0,0,0,0,0,0,1,0,0,1,0,0,0,0,0,0,0,0,0,0,0,0,0,1,0,0,1,0,0,0,0,0,0,0,0,0,0,0,0,0,0,0,0,0,0,0,0,0,0,0,0,0,0,0,0,0,0,0,0,0,0,0,0,0,0,0,0,0,0,1,0,0,0,0,0
307557600111100201,14,1,0,0,0,0,1,0,0,2,0,0,0,0,0,0,0,0,0,0,1,0,1,0,0,3,0,2,1,0,2,0,0,0,3,0,0,0,0,0,0,2,0,2,0,6,2,0,0,1,1,0,0,0,0,0,0,0,1,9,0,0,0,0,1,1,0,0,0,0,0,0,0,0,1,0,1,0,0,0,1,0,0,14,0,4,0,0,0,0,3,9,0,1,1,0,6,1,0,1,1,0,0,1,0,0,0,0,0,0,1,0,0,0,0,0,0,0,0,0,1,0,0,1,1,0,5,1,1,0,0,0,0,0,0,0,0,0,0,0,0,0,1,0,0,0,0,1,0,0,0,1,0,0,0,0,0,0,0,0,0,0,0,0,0,0,0,0,0,0,0,0,0,0,0,1,0,0,0,0
307557600111100207,43,0,0,1,0,1,0,1,0,0,0,0,0,1,1,0,3,1,0,1,0,0,3,1,0,3,0,2,0,1,4,0,0,1,3,0,0,0,1,0,8,6,0,2,0,3,3,0,0,0,0,1,0,0,0,0,0,0,19,18,0,0,0,0,2,2,0,0,0,0,1,0,0,0,0,0,0,0,0,1,0,0,0,29,0,5,0,0,0,0,11,9,0,0,2,0,5,0,0,0,0,0,0,1,2,0,0,0,0,0,0,0,0,0,1,0,0,0,1,0,1,0,0,0,0,0,0,0,2,0,0,0,0,0,0,0,0,0,0,1,0,0,1,0,0,0,0,0,0,1,0,0,0,0,0,0,0,0,0,1,1,0,0,0,0,1,0,0,0,1,0,0,0,0,0,0,0,0,0,0
307557600111100217,48,1,0,0,0,0,0,0,1,1,5,0,1,0,1,0,0,0,0,1,0,0,7,0,0,0,0,0,0,0,0,2,0,0,6,0,0,1,0,0,1,36,0,0,0,5,3,0,1,4,0,0,0,1,0,0,0,0,9,0,2,0,0,0,0,0,0,0,0,6,0,0,0,0,0,0,24,0,0,0,0,1,0,0,0,0,0,0,1,0,3,1,0,0,1,0,0,0,0,0,0,2,1,0,1,0,0,0,3,0,0,1,0,1,0,0,0,0,1,0,0,0,0,0,0,0,0,0,9,0,0,0,0,0,0,0,0,0,0,0,0,0,0,0,0,0,1,0,0,0,0,0,0,0,0,0,0,0,0,1,0,0,0,0,0,0,0,0,0,0,0,0,0,0,0,1,0,0,0,0
307557600111200112,39,1,0,1,0,0,1,0,0,1,12,0,3,0,0,1,0,3,0,1,0,0,3,0,0,0,0,2,2,1,2,2,1,0,5,0,0,6,0,0,1,5,0,0,1,2,0,3,1,2,0,1,0,0,0,0,0,0,4,1,0,0,1,0,3,0,0,0,0,0,1,0,0,0,3,0,25,0,2,0,2,0,3,0,0,3,0,0,0,0,17,8,0,0,2,0,1,0,1,0,6,19,4,0,0,0,0,1,0,0,0,0,0,1,0,0,2,0,2,0,1,0,3,0,4,0,0,0,1,0,0,0,0,0,0,0,0,1,0,0,0,0,0,0,0,0,0,0,0,0,0,0,1,0,0,0,0,0,0,1,0,1,0,0,0,0,0,0,0,0,0,0,0,0,0,0,0,0,0,0
307557600111200115,29,0,0,1,1,0,3,0,1,1,0,1,0,0,0,6,0,0,1,11,3,0,4,1,2,0,0,30,0,0,0,0,2,0,2,0,0,10,0,0,0,0,0,0,0,0,5,5,0,0,0,0,0,1,0,0,0,0,0,12,1,0,1,0,1,1,1,0,13,0,0,1,0,0,0,0,9,0,1,2,0,0,0,0,0,4,0,1,0,0,33,0,0,0,4,0,0,0,0,2,33,0,0,0,0,0,0,0,0,0,0,0,0,0,0,0,0,14,1,0,0,0,1,0,3,0,0,0,3,0,0,0,0,0,0,0,0,0,0,0,0,0,0,0,0,0,0,0,0,0,0,0,0,0,0,0,0,0,0,0,1,0,0,1,1,0,0,0,0,0,0,0,0,0,0,0,0,0,1,0
307557600111200117,36,0,0,0,0,0,1,0,0,1,0,0,1,1,0,0,1,1,0,0,0,2,2,0,0,1,0,5,0,0,4,2,0,0,0,0,1,0,0,7,3,1,0,0,0,6,3,0,1,1,0,1,0,0,0,0,0,0,3,13,0,0,0,0,2,0,0,0,0,0,0,0,0,0,0,1,1,0,0,0,1,0,0,24,0,9,0,0,0,0,12,5,0,1,0,0,4,0,0,4,6,0,0,1,1,0,0,1,0,1,0,0,0,0,0,0,0,0,1,0,0,1,1,2,3,2,3,0,0,0,0,0,0,0,0,0,0,0,0,0,0,0,0,0,0,0,0,0,0,0,0,0,0,0,0,1,0,0,0,0,0,1,0,0,0,0,0,0,0,0,0,0,0,0,1,0,0,0,0,0
307557600111200119,80,0,0,0,0,0,2,0,0,1,35,3,11,0,1,0,0,1,0,5,0,0,7,1,0,0,0,8,0,1,1,2,1,0,3,0,0,3,0,0,4,19,0,1,1,4,2,1,10,8,1,0,0,1,0,0,0,0,31,8,2,0,0,0,5,2,0,0,1,0,0,0,0,0,0,0,37,1,2,1,0,1,5,0,0,2,0,1,0,0,16,4,0,0,3,0,0,1,0,0,7,22,5,0,2,0,0,0,0,0,0,1,2,0,2,0,1,3,0,0,0,1,1,0,1,0,0,0,11,0,0,4,0,0,1,0,0,0,0,0,0,0,0,0,1,0,0,1,0,0,0,1,0,0,0,0,0,0,1,0,0,0,1,0,0,0,0,0,0,0,0,0,0,0,0,0,0,0,0,0
307557600111200120,62,1,0,1,0,0,2,0,0,1,30,0,8,0,0,1,0,2,0,1,0,0,2,1,0,0,0,2,0,0,1,2,1,0,5,0,0,3,0,0,1,8,0,0,4,1,2,0,12,4,0,3,0,0,0,0,0,0,21,1,1,0,0,0,4,0,0,0,1,1,0,0,0,0,1,0,13,0,3,0,2,1,3,0,0,1,0,2,0,0,9,7,0,0,4,1,0,0,0,0,3,11,3,0,0,0,0,0,1,1,0,0,0,0,0,0,1,1,0,0,0,0,1,1,3,0,0,0,4,0,0,1,0,0,0,0,0,0,0,0,0,0,0,0,0,0,0,0,0,0,0,0,0,0,0,0,0,0,0,0,0,0,0,0,0,0,0,0,0,0,0,0,0,0,0,0,0,0,0,1
307557600111200121,13,0,0,1,1,1,2,0,0,0,0,0,1,0,0,1,0,1,0,2,7,1,1,4,2,1,0,9,0,0,0,1,1,0,1,9,0,3,0,3,0,1,0,0,1,2,4,1,0,2,0,0,0,0,1,0,0,0,2,4,0,0,0,0,5,1,0,0,2,1,1,0,0,0,0,0,2,2,0,2,0,0,1,1,0,1,0,0,0,0,29,3,0,0,2,2,2,0,0,0,21,1,0,0,0,0,0,0,1,0,1,0,0,1,1,0,0,6,0,0,0,0,0,0,1,0,1,0,0,1,0,0,0,0,0,0,0,0,0,0,0,0,0,0,0,0,0,1,0,0,0,0,0,0,0,0,0,0,0,0,0,0,0,0,0,0,0,0,0,0,0,0,0,0,0,0,0,0,0,0
307557600111200122,22,0,0,1,0,0,2,0,0,0,0,1,0,0,1,0,0,0,0,0,0,0,1,0,0,0,0,0,0,0,0,1,0,0,2,0,0,2,0,0,2,2,0,0,0,0,0,0,1,10,0,0,0,0,0,0,1,0,0,5,0,0,0,0,0,0,0,0,0,1,0,0,0,0,0,0,8,0,0,0,1,0,0,5,0,2,0,0,0,0,5,1,0,0,1,0,3,0,0,0,1,1,1,0,0,0,0,0,0,0,0,0,0,0,0,0,1,0,1,0,0,1,0,0,0,0,0,0,1,0,0,0,0,0,0,0,0,0,0,0,0,0,0,0,0,0,0,0,0,0,0,0,0,0,0,0,0,0,0,0,1,1,0,0,0,0,0,0,0,0,0,0,0,0,0,0,0,0,0,0
307557600111200123,10,0,0,0,0,5,0,1,0,0,1,0,1,0,2,0,0,1,0,0,0,0,1,0,0,0,0,1,0,0,1,1,0,0,2,0,0,1,0,0,2,21,0,0,0,0,0,0,0,17,0,0,0,0,0,4,0,0,1,1,1,0,0,0,1,1,0,0,0,3,4,0,0,0,0,0,28,0,0,0,0,2,0,1,0,0,0,0,0,0,10,0,0,0,3,0,0,0,0,2,0,0,0,0,0,0,0,1,2,0,0,0,0,0,0,0,3,0,0,0,1,4,0,0,0,0,0,0,4,0,0,9,0,0,0,0,0,0,0,0,1,0,0,0,0,0,0,0,0,0,0,0,0,0,0,0,0,0,0,0,0,0,0,0,0,0,0,0,0,0,0,0,0,0,0,1,0,0,0,1
307557600111200124,14,0,0,0,0,0,0,0,1,1,4,0,3,0,0,0,0,0,0,1,0,0,6,0,0,0,0,1,0,2,0,0,0,0,0,0,0,0,0,0,1,18,0,1,0,2,1,1,0,4,0,0,0,0,0,0,1,0,2,1,0,0,0,0,0,0,0,0,0,1,1,0,0,0,0,0,12,0,0,0,2,4,0,1,0,0,0,0,0,0,5,1,0,0,0,0,0,0,0,0,0,1,1,0,0,0,0,0,0,0,0,0,0,0,0,0,1,0,0,0,0,0,0,0,0,0,0,0,1,0,0,4,0,0,0,0,0,0,0,0,0,0,0,0,0,0,0,0,0,0,0,0,0,0,0,0,0,0,0,0,0,0,0,0,0,0,0,0,0,0,0,0,0,0,0,0,0,0,0,0
307557600111200125,56,0,1,3,0,0,2,0,0,2,0,0,0,0,0,0,0,0,0,0,1,7,2,1,0,6,0,4,0,0,3,2,0,0,1,0,0,2,0,4,4,0,0,0,0,7,1,1,0,0,0,1,0,0,0,0,0,0,1,26,0,0,0,0,3,0,0,0,0,0,0,1,0,0,0,0,0,0,0,0,1,1,0,40,0,7,0,0,1,0,22,13,0,1,1,0,15,0,0,0,8,0,0,0,0,0,0,0,0,0,2,0,0,1,0,0,1,0,2,0,0,0,2,0,1,0,1,0,0,1,0,0,0,0,0,0,0,0,0,0,0,0,0,0,0,1,0,0,0,0,0,0,0,0,0,0,0,0,0,1,0,1,0,0,0,0,0,0,0,0,0,0,0,0,0,3,0,0,0,0
307557600111200126,29,0,0,1,0,0,0,0,0,1,0,0,0,1,0,0,0,0,0,1,1,0,0,0,0,2,0,1,0,0,2,0,0,0,2,0,0,0,0,1,4,0,0,0,0,4,0,0,0,0,0,2,0,0,0,0,0,0,14,10,0,0,0,0,0,0,0,0,0,0,0,0,0,1,2,0,3,0,1,0,1,0,0,26,0,10,0,0,0,0,9,8,0,0,2,0,8,0,0,1,0,0,1,0,0,0,0,0,0,0,0,0,0,0,0,0,0,1,1,0,1,0,1,0,1,0,2,0,0,0,0,0,0,0,0,0,0,0,0,0,0,0,0,1,0,0,0,0,0,0,0,0,0,0,0,0,0,0,0,1,0,0,0,0,0,0,0,0,0,0,0,0,0,0,0,0,0,0,0,0
307557600111200128,17,0,0,0,0,1,0,0,0,1,0,1,0,0,0,0,0,0,0,0,0,0,1,0,0,0,0,0,0,0,0,0,1,0,0,0,0,0,0,0,2,6,0,0,0,3,1,0,0,9,0,0,0,0,0,3,1,1,0,1,0,0,0,0,0,0,0,0,0,0,5,0,0,3,0,0,13,0,0,0,0,0,0,6,0,3,0,0,0,0,4,0,0,0,1,1,0,0,0,0,0,0,1,0,0,0,0,0,0,0,0,0,0,1,0,0,2,0,0,0,0,5,0,0,0,0,0,0,3,0,0,4,0,0,0,0,0,0,0,0,0,0,0,0,0,0,0,0,0,0,0,1,0,0,0,0,0,0,0,0,0,0,0,0,0,0,0,0,0,1,0,0,0,0,0,0,0,0,1,0
307557600111200129,48,0,0,1,0,0,0,0,0,5,17,1,5,0,0,0,0,1,0,2,0,1,4,1,0,0,0,2,0,0,0,7,0,0,1,0,1,7,0,0,1,12,1,1,1,5,1,4,3,10,0,0,0,0,0,0,1,0,14,0,0,0,0,0,1,0,0,0,0,0,0,1,0,0,0,0,19,0,1,0,1,3,2,0,0,0,0,0,0,0,6,3,0,0,1,0,0,1,0,0,4,5,2,0,1,0,1,0,3,0,0,0,0,1,0,0,0,0,0,0,0,0,0,0,0,0,0,0,8,0,0,1,0,0,0,0,0,0,0,0,1,0,0,0,0,0,0,0,0,0,0,0,0,0,0,0,0,0,0,1,2,0,0,0,0,1,1,1,0,0,0,0,0,0,0,0,0,0,0,0
307557600111200131,61,0,0,1,0,0,0,0,3,0,9,1,4,0,4,1,1,0,0,1,0,0,1,1,0,2,0,3,0,14,1,2,0,0,11,0,0,6,0,0,0,0,0,0,0,3,6,2,2,2,0,2,0,5,0,0,2,0,13,4,0,0,0,0,9,0,0,4,1,0,0,0,0,0,1,0,18,0,1,0,1,1,3,0,15,0,0,5,2,0,13,3,0,0,1,2,1,3,0,0,7,8,2,2,1,0,0,1,0,0,1,1,22,0,0,0,0,0,0,0,0,2,0,1,5,0,0,0,3,0,5,0,0,0,0,0,0,0,0,1,0,0,0,1,0,0,0,0,0,0,0,0,0,0,0,0,0,0,0,0,0,0,0,0,0,0,0,0,0,0,0,0,0,0,0,1,0,0,0,0
307557600111200132,52,1,0,1,0,0,0,0,0,4,4,0,4,0,1,1,0,2,0,0,0,1,5,0,0,0,0,0,0,0,0,1,0,0,16,0,0,2,0,0,2,40,0,0,0,3,1,1,5,14,0,0,0,0,0,0,1,0,6,1,1,0,0,0,2,0,0,0,0,1,1,0,0,0,0,0,19,0,0,1,2,3,0,0,0,0,0,1,0,0,3,1,0,0,0,0,1,0,0,0,1,0,2,0,2,0,0,0,2,0,0,0,0,0,0,1,1,0,0,0,0,0,1,1,0,1,0,0,11,0,0,0,0,0,0,0,0,0,0,1,1,0,0,0,0,0,0,0,1,0,0,1,0,0,0,0,0,0,0,0,0,0,0,0,0,0,0,1,0,1,0,0,0,0,0,0,1,0,0,0
307557600111200134,68,0,0,1,0,1,1,1,0,2,0,1,0,0,0,0,0,0,0,0,0,1,3,0,0,7,0,1,0,0,1,1,1,1,1,0,0,1,0,0,19,0,1,2,0,9,0,1,0,2,0,1,0,0,1,1,0,0,33,23,0,0,0,0,0,5,0,1,0,0,3,0,0,0,4,0,2,0,0,0,10,0,1,52,0,11,0,0,0,0,7,15,0,0,6,5,5,0,1,6,0,0,1,1,0,0,0,0,0,0,0,0,0,0,1,0,0,0,0,0,0,0,0,1,1,1,3,0,1,0,1,0,0,0,0,1,0,0,0,0,0,0,0,0,0,0,0,0,0,0,0,0,0,1,1,0,0,0,0,1,1,0,0,0,0,0,0,2,1,0,0,0,0,0,0,0,0,0,0,0
307557600111200135,38,1,0,1,0,0,3,0,1,0,0,0,0,1,0,0,2,0,0,0,0,1,3,0,0,3,0,0,0,0,1,0,1,0,0,0,0,0,1,0,7,1,0,1,1,4,1,0,0,3,0,1,0,0,0,1,0,0,18,10,0,0,0,0,0,0,0,0,1,1,0,0,0,0,1,0,1,0,0,0,1,0,0,17,0,4,1,0,0,0,3,10,0,0,0,8,3,0,0,0,0,0,1,1,0,0,0,0,0,0,1,0,0,0,0,0,0,0,2,0,1,0,2,1,2,0,4,0,0,0,0,0,0,0,0,0,0,0,0,0,0,0,0,0,0,0,0,0,0,0,0,0,0,0,0,0,0,0,0,1,0,0,1,0,0,0,1,0,0,0,0,0,0,0,0,0,0,0,0,0
307557600111200137,40,0,0,3,0,0,2,0,0,0,0,2,0,0,0,0,0,1,1,1,0,3,1,0,0,3,0,1,0,1,0,1,0,0,0,0,0,0,0,4,5,0,0,0,0,9,2,0,0,3,0,2,0,0,0,0,0,0,23,22,0,0,0,0,1,0,0,1,0,0,1,1,0,0,0,1,0,0,0,0,0,0,0,24,0,7,1,0,1,0,16,10,0,1,1,0,15,0,0,0,0,0,0,1,0,0,0,1,0,0,0,0,1,1,0,0,0,0,1,0,1,1,3,0,2,0,4,1,0,0,0,0,0,0,0,0,0,0,0,0,0,0,0,0,0,0,1,0,0,0,0,0,0,0,0,0,0,0,0,0,0,0,0,0,0,0,0,0,0,0,0,0,0,0,0,0,0,0,0,0
307557600111200138,9,0,0,0,0,0,0,0,0,0,0,0,1,0,0,0,1,0,0,0,0,2,5,0,0,3,0,0,0,0,3,0,0,0,0,0,1,1,0,1,1,0,0,0,0,3,1,0,0,0,0,2,0,0,0,0,0,0,1,9,0,0,0,0,1,0,0,0,0,0,0,0,0,0,0,0,3,0,0,0,0,0,0,5,0,8,0,1,0,0,0,3,0,2,0,0,4,0,0,0,0,0,0,0,0,0,0,1,0,0,0,0,0,0,0,0,0,1,0,0,0,0,2,0,0,0,0,0,0,0,0,0,0,0,0,0,0,0,0,0,0,0,0,0,0,0,0,0,0,0,0,0,0,0,0,0,0,0,0,0,0,1,0,0,0,0,0,0,0,0,0,0,0,0,0,0,0,0,0,0
307557600111200139,15,0,0,0,1,0,0,0,0,0,0,0,1,0,0,2,0,0,0,5,12,1,0,1,2,0,0,15,0,1,0,0,0,0,0,2,0,1,0,0,0,2,0,0,0,2,2,0,0,0,0,0,0,0,0,0,0,0,0,0,1,0,0,0,0,0,0,0,4,0,1,0,0,0,0,0,4,0,0,2,1,0,0,0,0,0,0,1,0,1,7,1,0,0,1,1,0,0,0,0,40,0,0,0,0,0,0,0,0,0,0,1,0,0,0,0,0,2,0,0,0,0,0,0,0,0,0,1,0,0,0,0,0,0,0,0,0,0,0,1,0,0,0,0,0,0,0,0,0,0,0,0,0,0,0,0,0,1,0,0,1,0,0,0,0,0,0,0,0,0,0,0,0,0,0,0,0,0,0,0
307557600111200141,14,0,0,1,0,0,0,0,0,0,0,0,0,0,0,9,1,1,0,5,10,0,0,0,1,1,0,29,1,0,0,0,2,0,0,0,0,1,0,0,1,1,0,0,1,0,3,2,0,0,0,0,0,1,0,0,0,0,2,1,0,1,0,0,0,1,0,0,3,0,0,0,0,1,0,0,2,1,0,0,0,0,0,0,0,2,0,0,0,0,13,0,0,0,1,1,0,0,0,0,22,0,0,0,0,0,0,0,0,0,0,0,0,0,0,0,0,1,2,0,0,0,0,0,0,0,0,1,0,0,0,0,0,0,0,0,0,0,0,0,0,0,0,0,0,0,0,0,0,0,0,0,0,0,0,0,0,0,0,0,0,0,0,0,0,0,0,0,0,0,0,0,0,0,0,0,0,0,0,1
307557600111200145,88,0,0,0,0,1,5,0,0,1,29,0,2,0,2,1,0,1,0,0,0,0,2,0,0,1,0,5,0,0,2,5,0,1,21,0,0,2,2,0,1,27,0,0,2,5,2,0,9,4,0,1,0,3,0,0,0,0,30,0,0,0,0,0,2,1,0,0,1,3,0,2,0,0,1,0,22,0,1,1,6,5,5,0,0,2,0,0,0,0,10,4,0,1,0,2,0,0,0,2,4,4,3,0,0,0,0,1,2,1,0,0,1,0,1,0,0,0,1,0,2,0,1,1,2,0,0,0,8,0,0,5,0,0,0,0,0,0,0,0,0,0,0,0,0,0,1,0,1,0,0,0,1,0,0,0,0,0,0,0,0,0,0,0,0,0,0,1,0,1,1,1,0,1,0,0,0,0,0,0
307557600111200147,33,0,0,0,0,3,2,0,0,0,2,0,1,0,2,0,0,0,1,0,0,0,6,1,0,1,0,2,0,1,2,2,1,1,20,0,0,0,0,0,2,50,0,0,0,1,4,0,0,35,0,0,0,1,0,5,0,0,0,1,0,1,0,0,0,0,0,0,1,4,5,0,0,2,1,0,24,0,0,1,0,4,0,4,0,3,0,0,0,0,17,3,0,0,2,1,1,0,0,5,4,0,2,0,1,0,0,0,0,0,0,0,0,0,1,0,1,2,0,0,0,2,1,0,2,0,4,0,2,0,1,3,0,0,1,0,0,0,0,0,0,0,0,0,0,0,1,0,0,0,0,0,0,0,0,1,0,0,0,1,0,0,0,0,0,0,0,0,0,1,0,0,0,0,0,0,2,1,0,0
307557600111200153,61,0,0,0,0,0,2,0,0,0,0,2,0,0,0,1,0,0,0,0,0,0,6,0,0,5,0,0,0,0,1,2,0,0,1,1,0,0,0,2,21,0,0,0,0,3,3,0,1,0,0,1,0,0,1,0,0,0,24,18,0,0,0,1,3,1,0,0,0,0,0,1,0,0,1,0,4,0,0,0,0,1,0,44,0,6,0,0,0,0,9,14,0,0,1,10,11,0,0,4,0,0,2,1,0,0,1,0,0,1,0,1,0,0,0,0,0,0,1,0,0,0,3,0,2,1,2,0,0,0,0,1,0,0,2,0,0,0,0,1,1,0,0,0,0,0,0,1,0,0,0,0,0,0,0,0,0,0,0,1,1,0,0,0,0,0,0,0,0,0,0,0,0,0,0,0,0,1,0,0
307557600111200154,63,0,0,1,1,1,1,0,0,0,8,0,0,0,3,0,0,0,0,0,1,0,6,1,0,0,0,1,0,1,0,0,1,0,4,0,0,1,0,0,0,53,0,0,0,2,3,2,1,14,1,0,0,0,1,0,0,0,5,0,2,0,0,0,1,0,0,0,1,4,2,0,0,1,0,0,19,0,0,0,2,1,1,1,0,0,0,0,0,0,3,0,0,0,0,0,0,0,0,0,0,2,1,0,0,1,0,1,1,0,0,1,0,0,0,0,0,0,1,0,0,2,1,0,1,0,0,0,10,0,0,0,0,0,0,0,0,0,0,1,0,0,0,0,0,0,0,1,1,0,0,0,0,0,0,0,0,0,0,0,0,0,0,1,0,0,0,0,0,0,0,0,0,0,0,0,0,0,0,0
307557600111200155,31,6,0,1,0,5,0,0,0,0,2,1,0,0,0,0,0,2,0,2,0,0,0,3,0,1,0,28,0,0,0,0,0,0,0,0,0,0,1,0,0,1,0,0,1,0,14,17,0,0,0,0,1,0,0,0,1,0,0,2,0,0,0,0,0,0,0,0,1,1,0,1,0,0,0,0,1,0,0,1,0,1,0,1,0,11,0,0,0,0,2,0,0,0,2,4,0,0,0,0,15,0,2,0,0,0,0,0,0,0,0,0,0,0,0,1,0,3,59,0,0,0,0,0,3,0,0,0,2,0,0,0,0,0,0,1,0,0,0,0,0,0,0,0,0,0,0,0,0,1,0,0,1,0,0,0,0,0,0,0,1,1,0,1,0,0,0,0,0,0,0,0,0,0,0,0,0,0,0,0
307557600111200156,26,0,0,0,0,0,0,1,0,0,1,0,0,0,1,0,0,0,0,0,0,1,0,0,0,0,0,0,0,0,0,1,0,0,0,0,0,0,0,1,10,0,0,0,0,1,0,0,0,0,0,0,0,0,0,1,0,0,14,8,0,0,0,0,1,0,0,0,0,0,0,0,0,1,1,0,1,0,0,0,0,0,0,21,0,6,0,0,0,0,0,6,0,0,0,3,8,0,0,1,0,0,0,0,0,0,0,0,0,0,1,0,0,0,0,0,0,0,0,0,0,0,1,1,2,1,2,0,0,0,0,0,0,0,0,0,0,0,0,0,0,0,0,0,0,0,0,0,0,0,0,0,0,0,0,1,0,0,0,0,0,0,0,0,0,0,0,0,0,0,0,0,0,0,0,0,0,0,0,0
307557600111200157,70,0,0,1,0,0,1,0,0,0,0,1,0,1,0,0,2,1,0,0,0,0,2,0,0,3,0,0,0,0,1,2,1,0,2,0,0,0,0,0,15,1,0,0,0,10,2,0,0,1,0,0,0,0,0,0,0,0,31,22,1,0,0,0,2,1,0,1,0,0,0,1,1,0,0,0,4,0,0,0,2,0,1,29,0,14,0,0,1,0,18,11,0,1,2,2,9,0,0,4,0,0,1,0,0,0,0,0,0,0,0,0,0,0,1,0,0,0,1,0,0,0,3,1,4,0,3,0,0,0,0,0,0,0,1,0,0,0,0,1,0,0,0,2,0,1,0,0,0,0,0,1,0,0,0,1,0,1,0,0,0,1,0,0,0,0,0,0,0,0,1,1,0,0,0,0,0,0,0,0
307557600111200159,34,0,0,0,0,0,0,0,0,0,0,0,0,0,0,0,0,0,1,0,0,0,0,0,0,2,0,5,0,0,0,0,0,0,6,0,0,0,0,0,4,1,0,3,2,1,5,0,0,2,0,0,0,0,0,0,0,0,2,9,0,0,0,0,0,0,0,0,0,1,2,1,0,0,0,0,0,0,0,1,0,0,0,6,0,9,1,0,0,0,6,7,0,0,2,5,7,0,0,0,0,0,0,0,0,0,0,0,0,0,0,0,0,0,0,0,0,0,0,1,2,0,2,0,1,0,3,0,2,0,0,1,0,0,1,0,0,1,0,0,0,0,0,0,1,0,0,0,0,0,0,0,0,0,0,0,0,0,0,0,0,0,0,0,0,0,0,0,0,0,0,0,0,0,0,0,0,0,0,0
307557600111200165,20,0,0,1,0,0,0,1,0,0,1,0,0,0,0,0,0,2,0,0,3,2,8,0,0,2,0,16,0,0,0,5,0,0,44,0,0,0,0,0,6,1,1,0,13,2,8,9,0,1,0,2,0,1,2,0,0,0,2,16,0,0,0,0,1,1,0,0,0,1,0,0,0,0,1,8,1,0,2,0,1,1,1,9,0,8,0,0,0,0,7,9,0,0,2,10,2,0,2,4,11,0,0,2,4,1,0,1,0,0,1,0,0,0,0,0,0,0,0,0,1,1,0,1,2,0,0,0,1,0,0,1,0,0,0,0,0,1,0,0,0,0,0,0,0,0,1,0,0,0,0,0,0,0,0,0,0,0,0,0,0,0,0,0,0,0,0,0,0,1,0,0,0,0,0,0,0,1,0,0
307557600111200172,6,0,0,0,0,0,1,0,0,0,0,0,0,0,1,0,0,0,0,0,0,0,1,0,0,0,0,0,0,0,0,0,0,0,1,0,0,0,0,0,0,6,0,0,1,0,1,0,0,7,0,0,0,0,0,0,0,0,0,0,0,0,0,0,0,0,0,0,0,0,0,0,0,0,0,0,5,0,0,0,0,0,0,0,0,0,0,0,0,0,8,0,0,0,0,0,1,0,0,0,0,0,0,0,0,0,0,0,0,0,0,0,0,0,0,0,0,0,0,0,1,0,0,0,0,0,0,0,0,0,0,2,0,0,0,0,0,0,0,0,0,0,0,0,0,0,0,0,0,0,0,0,0,0,0,0,0,0,0,0,0,0,0,0,0,0,0,0,0,0,0,0,0,0,0,0,0,0,0,0
307557600111200176,4,2,0,0,0,3,0,0,0,0,3,0,2,0,9,0,0,0,0,0,0,0,1,0,0,1,0,0,0,0,0,0,0,0,5,1,0,0,0,0,1,29,0,0,0,1,2,0,0,19,0,0,2,0,0,2,0,0,0,1,0,0,0,0,0,1,0,0,0,2,5,0,0,2,0,0,27,1,0,0,0,4,0,0,0,0,0,0,0,0,15,0,1,1,1,0,0,0,0,0,1,0,0,0,0,0,0,0,0,0,0,0,0,0,0,0,0,1,0,0,1,7,0,0,2,0,0,0,5,0,0,5,0,0,0,0,0,0,0,0,0,0,0,0,0,0,0,0,0,0,0,0,0,0,0,0,0,0,0,1,0,0,0,0,0,0,0,0,0,0,0,0,0,0,0,0,0,0,0,1
307557600111200180,11,0,0,1,0,7,0,0,0,0,5,0,0,1,11,0,0,0,0,0,0,0,1,0,0,0,0,0,0,0,1,1,0,0,2,0,0,1,0,0,0,22,0,1,1,0,2,0,0,41,0,0,0,0,0,0,0,0,1,0,0,0,0,0,2,0,0,0,0,2,7,0,0,1,0,0,27,0,0,0,0,5,0,1,0,0,0,0,1,0,20,0,0,3,1,0,0,0,1,2,3,0,0,0,0,1,0,0,0,0,0,1,0,1,0,0,1,0,0,0,4,2,0,0,2,0,0,0,6,0,0,2,0,0,0,0,0,0,0,0,0,0,0,0,0,0,0,0,1,0,0,1,0,0,0,0,0,0,0,0,0,0,0,0,0,0,0,0,0,0,0,0,0,0,0,0,0,0,0,1
307557600127100039,17,4,0,1,0,0,0,0,0,0,0,0,0,0,0,0,0,0,0,3,0,0,2,0,1,0,0,2,0,0,0,1,1,0,0,0,0,0,0,0,0,0,0,1,0,0,1,5,0,0,0,0,0,0,0,0,1,0,1,0,1,0,0,0,0,1,0,0,2,3,0,1,0,0,0,0,0,0,0,2,0,0,1,0,0,0,0,0,0,0,9,0,0,0,0,0,0,0,0,0,5,0,1,0,0,0,0,1,0,0,0,0,0,0,1,0,0,0,19,0,0,0,0,0,1,0,0,0,0,0,0,0,0,0,0,0,0,0,0,1,0,0,0,0,0,0,0,0,0,1,1,0,0,0,0,0,0,0,0,0,0,0,0,0,0,0,0,1,0,0,0,0,0,0,0,0,0,0,0,1
307557600127100042,10,4,0,0,0,0,0,0,0,0,0,0,0,0,0,1,0,0,0,2,0,0,0,0,0,0,0,1,0,0,0,0,0,0,0,0,0,0,0,0,0,0,0,0,0,1,3,1,0,0,0,0,0,0,0,0,0,0,0,1,0,0,0,0,0,1,0,0,0,0,0,0,0,0,0,0,0,0,0,0,0,0,0,0,0,0,0,0,1,0,0,0,0,0,0,0,0,0,0,0,2,0,0,0,0,0,0,0,0,0,0,0,0,0,1,0,0,1,11,0,0,0,1,0,3,0,0,0,0,0,0,0,0,0,0,0,0,0,0,0,0,0,0,0,0,0,0,0,0,0,0,0,0,0,0,0,0,0,0,0,0,0,0,0,0,0,0,0,0,0,0,0,0,1,0,0,0,0,0,0
307557600127200056,11,1,0,1,0,1,0,0,0,1,0,0,0,0,0,2,0,0,1,7,6,0,0,0,2,0,0,6,0,0,0,0,1,0,0,0,0,0,0,0,0,0,0,0,0,0,1,6,0,0,0,0,0,0,0,0,0,0,0,0,0,0,0,0,0,0,0,0,2,1,0,0,0,0,0,0,0,0,0,1,0,0,0,0,0,0,0,0,0,0,16,0,0,0,1,0,0,0,0,0,17,0,0,0,0,0,0,0,0,0,0,0,1,0,0,0,0,13,8,0,0,0,0,0,1,0,0,0,0,0,0,0,0,0,0,0,0,0,1,0,0,0,0,0,1,0,0,0,0,1,0,0,0,0,0,0,0,0,0,0,1,0,0,0,0,0,0,0,0,0,0,0,0,0,0,0,0,0,0,0
307557600128100010,11,0,0,0,0,0,0,0,0,0,0,0,0,0,0,4,1,0,0,1,1,0,0,0,3,0,0,9,0,0,0,0,0,0,0,0,0,2,0,0,0,0,0,0,0,0,2,3,0,0,0,1,0,0,0,0,0,1,1,2,0,0,0,0,0,0,0,0,0,0,0,0,0,0,0,0,0,0,0,0,0,0,0,0,0,1,0,0,0,1,2,0,0,0,2,0,0,0,0,0,6,0,0,0,0,0,0,0,0,0,0,0,0,0,0,0,0,5,3,0,0,0,0,0,0,0,1,0,0,0,1,0,0,0,0,0,0,0,0,0,0,0,0,0,0,0,0,0,0,0,0,0,0,0,0,0,0,0,0,0,0,0,0,0,0,0,0,0,0,0,0,0,0,0,0,0,0,0,0,0
307557600128100015,47,10,0,1,0,1,0,0,0,0,0,0,1,0,0,9,0,0,1,5,10,0,4,5,8,1,0,27,0,0,0,1,2,0,1,0,0,2,1,1,1,1,0,2,0,0,14,26,0,0,0,1,0,0,1,1,1,0,0,3,0,0,1,0,0,5,0,0,6,1,0,0,0,0,2,0,1,0,0,3,0,0,0,0,0,5,0,1,0,1,17,0,0,0,3,1,0,1,0,0,22,0,2,0,0,0,0,1,0,0,0,0,0,0,1,0,1,6,42,0,0,0,0,1,6,2,1,2,1,1,0,0,0,0,0,0,0,0,1,0,0,0,0,0,0,0,0,0,0,0,0,0,0,0,0,1,0,0,0,0,1,0,0,0,0,0,0,0,0,0,0,0,1,0,0,1,0,0,0,0
307557600128100018,32,5,0,1,0,0,2,0,0,0,0,0,0,0,0,2,1,0,1,12,1,0,1,3,2,0,1,14,0,0,1,0,0,0,0,0,0,0,0,0,1,0,1,1,1,0,2,6,0,0,0,0,0,0,0,0,1,0,0,0,0,0,0,0,0,5,0,0,1,1,0,0,0,0,0,0,1,0,0,3,0,0,0,0,0,0,0,0,0,0,7,0,0,1,0,2,0,2,0,0,13,0,0,0,0,0,0,0,0,1,1,0,0,0,0,0,0,14,18,0,0,0,1,0,1,0,0,0,0,0,0,0,0,0,1,0,0,0,0,0,0,0,0,1,0,0,0,0,0,0,0,0,0,0,0,0,0,0,0,0,0,0,0,0,0,0,0,0,0,0,0,0,0,0,0,0,0,0,0,0
307557600128100021,56,2,1,1,1,0,1,0,0,1,0,0,1,0,0,1,1,1,0,10,3,0,3,1,2,1,0,30,0,0,0,1,1,0,0,0,0,2,0,0,2,0,0,1,1,0,9,5,0,0,0,0,0,0,0,0,0,0,0,0,0,0,0,0,1,4,0,0,6,1,0,0,0,0,0,0,0,0,0,3,0,0,0,0,0,0,0,1,0,0,3,0,0,0,1,0,1,0,0,1,38,0,0,0,2,0,0,1,0,0,0,0,0,0,1,0,0,10,42,0,1,0,0,0,0,2,0,0,1,0,0,0,0,1,0,0,0,0,0,0,1,0,0,0,0,0,1,0,0,0,0,1,0,1,0,0,0,0,0,0,0,0,0,2,0,0,1,0,0,0,0,0,0,0,0,0,0,0,0,0
307557600128100023,18,4,0,0,0,0,1,0,0,0,0,0,0,0,0,2,0,0,0,3,3,0,0,2,1,0,0,2,0,0,0,1,0,0,0,0,0,1,0,0,0,0,0,0,0,0,1,1,0,0,0,0,0,0,0,0,0,0,0,0,0,0,0,0,0,0,0,1,0,1,0,0,0,0,0,1,0,0,0,0,0,0,0,0,0,0,0,0,0,0,1,0,0,0,2,1,0,0,0,0,10,0,0,0,0,0,0,0,0,0,0,0,0,0,1,0,0,2,16,0,0,0,0,0,1,0,0,0,0,0,0,0,0,0,0,0,0,0,0,0,0,0,1,0,0,0,0,0,0,0,0,0,0,0,0,0,0,0,0,0,0,2,0,0,0,0,0,0,0,0,0,0,0,0,0,0,1,0,0,0
307557600128100026,7,0,0,0,0,0,0,0,0,0,0,0,1,0,0,0,0,0,0,1,0,0,0,0,0,0,0,4,0,0,0,0,0,0,0,0,0,0,0,0,0,0,0,0,0,0,4,0,0,0,0,0,0,0,0,0,0,0,0,1,0,0,0,0,0,0,0,0,1,1,0,0,0,0,0,0,0,0,0,2,0,0,0,0,0,0,0,1,0,0,1,0,0,0,0,0,0,0,0,0,6,0,0,0,1,0,0,0,0,0,0,0,0,0,0,0,0,1,11,0,0,0,0,0,1,0,0,0,1,0,0,0,0,0,0,0,0,0,0,0,0,0,0,0,0,0,0,0,0,0,0,0,0,0,0,0,0,0,0,0,0,0,0,0,0,0,0,0,0,0,0,0,0,0,0,0,0,0,0,0
307557600128100029,56,5,0,1,0,0,0,0,0,2,0,1,0,1,0,3,3,0,1,2,7,0,1,0,2,0,0,28,0,0,0,0,1,0,0,0,0,2,0,0,1,0,0,0,0,1,7,14,0,0,0,0,0,0,0,0,2,0,0,0,1,0,0,0,0,3,0,0,8,3,0,0,0,0,0,0,1,0,0,1,0,0,0,0,0,0,0,1,1,0,8,0,0,0,0,0,0,0,0,0,46,0,0,0,1,0,0,0,0,0,0,0,1,0,0,0,0,4,36,0,0,0,0,0,3,0,0,2,0,0,0,0,0,0,0,0,0,0,0,1,0,0,0,0,0,0,0,0,0,0,0,1,0,0,0,0,0,0,0,0,1,0,0,2,0,0,0,0,0,0,0,0,0,0,1,0,0,0,0,0
307557600128100037,22,2,0,1,0,0,1,0,0,1,1,0,0,1,0,3,0,3,1,1,8,0,0,0,6,0,2,24,0,0,1,0,0,0,0,0,0,0,1,0,1,0,0,0,0,1,11,7,0,0,0,0,0,0,0,0,0,0,1,0,0,0,0,0,0,0,0,0,6,0,0,0,0,0,0,0,2,0,1,1,0,0,0,0,0,1,0,0,1,0,12,0,0,0,1,1,0,0,0,0,32,0,0,0,0,0,0,0,0,0,1,0,0,1,0,0,0,6,10,0,0,0,0,0,0,0,0,0,0,0,0,0,2,0,0,1,0,0,0,0,0,0,0,1,0,0,0,1,0,0,0,0,0,1,0,0,0,0,0,0,2,0,0,1,0,0,0,0,0,0,0,0,0,0,0,0,0,0,0,0
307557600128100044,44,17,0,2,0,0,2,0,1,1,1,0,0,1,0,12,2,3,0,16,6,0,0,0,8,0,0,17,0,0,0,0,2,0,0,0,0,0,0,0,1,1,1,0,1,1,22,13,0,0,1,1,0,0,0,0,0,0,4,0,5,0,0,0,1,2,0,0,2,8,1,0,0,0,2,0,2,0,0,3,0,0,0,0,0,0,0,1,0,4,41,0,1,0,1,1,1,0,0,0,38,0,1,0,2,0,0,0,0,0,0,0,0,0,1,0,0,22,75,0,0,0,0,0,5,4,1,0,1,0,0,0,0,1,0,0,0,0,0,0,0,0,0,2,0,0,0,0,0,0,0,0,0,0,0,0,0,0,0,0,0,1,0,1,0,0,0,0,1,0,0,0,0,0,1,2,0,0,0,0
307557600128100050,34,5,0,0,0,0,0,0,0,0,0,0,0,0,1,0,0,0,0,6,3,0,0,0,0,0,0,4,0,0,0,1,2,0,0,0,0,0,0,0,1,0,0,0,0,0,4,10,1,0,0,0,0,0,0,0,0,0,1,0,0,0,0,0,0,2,0,0,1,0,0,0,0,0,0,0,1,0,1,0,0,0,0,0,0,1,0,0,0,0,4,0,0,1,0,1,0,0,0,0,10,0,0,0,1,0,0,0,0,0,0,0,1,0,0,0,0,6,22,0,0,0,0,1,2,0,0,0,0,0,0,0,0,0,0,1,0,0,0,0,0,1,0,0,0,0,0,0,0,0,1,0,0,0,0,0,0,0,0,0,0,0,0,0,0,0,0,0,0,0,0,0,0,0,0,0,0,0,0,0
307557600128100055,21,2,0,0,0,0,1,0,0,0,1,0,0,1,0,4,0,5,0,4,4,0,1,0,6,0,0,10,0,0,0,0,2,0,2,0,0,2,0,0,0,1,0,0,1,0,7,16,0,0,0,0,0,0,0,0,0,0,3,0,0,0,0,0,1,1,0,0,3,2,0,0,0,0,0,0,2,0,1,0,0,0,1,0,0,0,0,0,0,1,33,0,0,0,0,1,0,0,0,0,11,0,2,0,0,0,1,0,0,0,0,0,0,0,0,0,0,12,28,0,0,0,0,0,5,0,0,0,0,0,0,0,0,0,0,0,0,0,0,0,0,0,0,0,0,0,0,0,1,0,0,0,0,0,0,0,0,0,0,0,0,0,0,0,0,0,0,0,0,0,0,0,0,0,0,0,0,0,0,0
307557600128100061,30,6,1,3,0,1,1,0,0,0,0,0,0,1,0,8,0,2,0,14,10,0,3,0,6,0,0,34,0,0,0,2,1,0,0,1,0,0,1,0,1,1,0,0,1,1,17,16,1,0,0,0,1,0,0,0,0,1,2,0,0,0,0,0,2,4,0,0,3,3,0,0,0,0,1,0,3,0,0,1,0,2,1,0,0,0,0,2,1,4,34,0,0,0,0,0,0,0,0,0,59,0,0,0,1,0,0,2,0,1,0,0,2,0,0,0,0,24,35,0,0,0,0,0,7,0,0,0,3,0,0,0,0,0,0,0,0,0,0,0,0,0,0,0,0,0,0,0,0,2,0,0,1,0,0,0,0,0,0,0,1,0,0,2,0,0,1,0,0,0,0,0,0,0,1,0,0,0,0,0
307557600128100063,12,3,0,0,0,0,2,0,1,0,0,0,0,0,0,2,0,2,0,2,4,0,0,1,3,0,0,30,0,0,0,0,0,0,0,0,0,0,0,0,0,1,0,0,0,0,6,4,0,0,0,0,0,0,0,1,0,0,0,0,0,0,0,0,0,0,1,0,2,2,0,1,0,0,0,0,1,0,0,1,0,0,1,0,0,1,0,2,1,0,16,0,0,0,0,0,0,0,0,0,41,0,0,0,0,0,0,0,0,0,0,0,1,0,0,0,0,5,15,0,0,0,0,0,1,0,0,1,1,0,0,0,0,0,0,0,0,0,0,0,0,0,0,0,0,0,0,0,0,0,0,0,0,0,0,0,0,0,1,0,0,0,0,0,0,0,0,0,0,0,0,0,0,0,0,0,0,0,0,0
307557600128100068,12,2,0,0,0,0,0,0,0,0,0,0,0,0,0,1,0,0,0,3,3,0,0,0,0,0,0,6,0,0,0,0,0,0,0,0,0,1,0,0,0,0,0,0,0,2,2,0,0,0,0,0,0,0,0,0,0,0,0,1,0,0,0,0,0,0,0,0,0,0,0,1,0,0,1,0,0,0,0,0,0,0,0,0,0,0,0,0,0,0,5,0,0,0,0,0,0,0,0,0,7,0,0,0,0,0,0,0,0,0,1,0,0,0,0,0,0,1,4,0,0,0,0,0,1,0,0,0,0,0,0,0,0,0,0,0,0,0,0,0,0,0,0,0,0,0,1,0,0,0,0,0,0,0,0,0,0,0,0,0,0,0,0,0,0,0,0,0,0,0,0,0,0,0,0,0,0,0,0,0
307557600128200029,64,11,0,2,0,0,1,2,0,1,2,0,0,0,0,14,0,2,1,15,5,0,1,4,7,1,0,92,0,0,0,0,1,0,0,0,0,1,2,1,1,1,0,0,0,1,13,8,0,0,0,0,0,0,0,0,0,0,2,11,2,0,0,0,1,1,0,0,7,2,0,2,0,0,2,0,2,0,0,2,0,1,1,1,0,5,0,0,0,0,17,0,0,0,2,0,0,0,0,0,144,0,0,0,0,0,0,0,0,0,0,0,0,1,2,1,0,8,41,0,0,0,0,0,5,2,2,1,0,0,0,0,0,0,0,0,0,0,1,0,1,0,0,0,0,0,0,1,0,0,0,0,0,0,0,0,0,0,0,0,4,0,0,2,0,0,0,0,0,0,0,0,0,0,1,1,1,0,0,0
307557600128200032,23,5,0,0,0,0,0,0,0,0,0,1,0,0,0,2,0,0,0,4,2,0,2,4,1,1,0,34,0,0,0,0,0,0,0,0,1,1,1,0,0,1,0,0,0,1,5,10,0,0,0,0,0,0,1,0,1,0,0,2,0,0,0,0,0,0,0,0,2,0,1,1,0,0,0,0,0,0,0,0,0,0,0,1,0,0,0,0,0,0,4,0,0,1,0,1,0,0,0,0,53,0,0,0,0,0,0,0,0,1,0,0,0,0,2,0,0,0,24,0,0,0,0,0,1,0,0,0,0,2,0,0,0,0,0,0,0,0,0,0,1,0,1,0,0,0,1,0,0,0,0,0,0,0,0,2,0,0,0,0,1,0,0,0,0,0,0,0,2,0,0,0,0,0,0,1,0,0,0,0
307557600128200036,12,1,0,1,0,0,0,0,0,0,0,0,0,0,0,0,0,0,0,0,1,0,0,1,0,0,0,5,0,0,0,0,0,0,0,0,0,1,0,0,0,1,0,0,0,0,2,5,0,0,0,0,0,0,0,0,0,0,1,0,0,0,0,0,0,0,0,0,0,3,0,0,0,0,0,0,0,0,0,0,0,0,0,0,0,0,0,0,0,0,0,0,0,0,0,0,0,0,0,0,5,0,0,0,0,0,0,0,0,0,0,0,0,0,0,0,0,0,11,0,0,0,0,0,1,0,0,0,1,0,0,0,0,0,0,0,0,0,0,0,0,0,0,0,0,0,0,0,0,0,0,0,0,0,0,0,0,0,0,0,0,0,0,0,0,0,0,0,1,0,0,0,1,0,0,0,0,0,0,0
307557600128200048,14,3,0,1,0,0,0,0,0,0,0,0,0,0,0,0,0,0,0,0,2,0,1,1,1,0,0,6,0,0,0,0,0,0,0,0,0,0,1,0,0,0,0,0,0,0,2,3,0,0,0,0,0,0,0,0,0,0,0,0,1,0,0,0,0,0,0,0,0,3,0,0,0,0,1,0,0,0,0,0,0,0,1,0,0,0,0,0,0,0,0,0,0,0,1,0,1,0,0,0,3,0,0,0,0,0,0,0,0,0,0,0,0,0,0,0,0,0,12,0,0,0,0,0,0,0,0,0,0,0,0,0,0,0,0,0,0,0,0,0,0,0,0,0,0,0,0,0,0,0,0,0,0,0,0,0,0,0,0,0,0,0,0,0,0,0,0,0,0,0,0,0,0,0,0,0,0,0,0,0
307557600128200052,26,4,0,0,0,0,0,0,1,0,0,0,0,0,0,0,0,0,0,2,1,0,0,0,0,0,0,7,0,0,0,0,0,0,0,0,0,0,0,0,0,0,0,0,0,0,2,5,0,0,0,1,0,0,0,0,0,0,0,1,1,0,0,0,0,0,0,0,1,3,0,0,0,0,0,0,0,0,1,0,0,0,0,0,0,0,0,0,0,0,3,0,0,0,1,0,1,1,0,0,8,0,0,0,0,0,0,0,0,0,0,0,0,0,0,0,0,3,17,0,0,0,0,0,1,0,0,0,0,0,0,0,0,0,0,0,0,0,0,0,0,0,0,0,0,0,0,0,0,0,0,0,0,0,0,0,0,0,0,0,0,0,0,0,0,0,0,0,0,0,0,0,0,0,0,0,0,0,0,0
307557600128200063,27,18,0,2,0,0,0,0,0,0,0,0,0,0,0,0,0,4,1,2,1,2,0,1,1,0,1,18,0,0,0,0,0,0,0,0,0,0,1,0,0,1,0,0,1,0,8,19,0,0,0,1,0,0,0,0,1,0,0,0,0,0,0,0,0,0,0,0,2,1,0,0,0,0,0,0,0,0,0,2,0,0,0,0,0,0,0,1,0,2,2,0,0,0,0,0,0,0,0,0,25,0,0,0,0,0,0,0,0,0,0,0,1,0,0,0,0,4,19,0,0,0,0,0,4,2,0,0,0,0,0,0,1,0,0,0,0,0,0,0,0,0,0,0,0,0,0,0,0,0,0,0,0,0,0,0,0,0,0,0,0,0,0,0,0,0,0,0,0,0,1,0,0,0,0,1,1,0,0,1
307557600128200073,44,4,1,1,0,0,1,1,0,2,0,0,0,2,0,1,0,3,0,17,3,1,3,0,3,0,0,37,0,0,0,1,3,0,4,0,1,1,0,0,7,0,0,0,1,2,10,17,0,0,0,0,1,0,1,0,2,0,3,1,3,0,0,0,2,7,0,0,2,1,0,0,0,0,0,0,4,0,0,6,0,0,0,0,0,2,0,0,0,3,20,0,0,0,5,0,0,0,0,1,46,0,1,1,2,0,0,0,0,1,0,0,0,0,0,0,0,21,18,0,0,0,0,0,10,2,0,0,0,0,0,0,1,0,0,0,0,0,1,0,0,0,0,0,0,0,0,0,0,0,1,0,0,0,0,0,0,0,0,0,1,1,0,0,0,0,0,1,0,0,0,0,0,0,0,0,0,0,0,0
307557600128200144,40,3,0,1,0,3,0,0,2,0,0,1,0,0,0,5,0,0,0,7,2,0,8,0,1,1,0,28,0,0,0,0,1,0,0,0,0,0,0,0,1,0,0,0,0,5,14,11,0,0,0,0,0,0,0,0,2,0,0,0,3,0,0,0,1,0,1,0,7,3,1,1,0,0,0,0,2,0,0,1,0,1,0,2,0,0,0,1,1,1,8,0,0,0,1,0,0,0,0,0,28,0,0,0,0,0,0,0,0,0,0,0,0,0,0,1,0,4,24,0,0,0,0,0,6,1,0,0,2,0,0,0,0,0,0,0,0,0,0,0,0,0,0,0,0,0,0,0,0,0,0,0,0,0,0,0,1,0,0,0,0,0,0,1,0,0,0,0,0,0,0,0,0,0,0,0,0,0,0,0
307557600128300030,9,1,0,0,0,0,0,0,0,0,0,0,0,0,0,3,0,1,0,1,4,0,0,0,0,0,0,5,0,0,0,0,0,0,0,0,0,0,0,0,0,0,0,0,0,1,2,0,0,0,0,0,0,0,0,0,0,0,1,0,0,0,0,0,0,0,0,0,1,1,0,0,0,0,0,0,0,0,0,0,0,2,0,0,0,0,0,0,0,0,2,0,0,0,1,0,0,0,0,0,3,0,0,0,0,0,1,0,0,0,0,0,0,0,0,0,0,2,11,0,0,0,0,0,3,0,0,0,0,0,0,0,0,0,0,0,0,0,0,0,2,0,0,1,0,0,0,0,0,0,0,0,0,0,0,0,0,0,0,0,0,0,0,0,0,0,0,0,0,0,0,0,0,0,0,0,0,0,0,0
307557600129100024,42,9,0,7,0,1,2,0,0,1,0,0,0,3,0,1,0,2,0,1,0,1,0,0,2,0,0,28,0,1,0,0,0,0,2,0,0,0,0,0,0,1,0,0,0,0,12,39,0,1,0,0,0,1,1,1,0,0,0,0,2,0,0,0,0,0,0,0,0,9,1,1,0,0,1,0,1,0,0,0,0,5,1,1,0,15,0,1,1,1,1,0,0,0,3,8,2,0,0,0,47,0,0,0,0,0,0,0,0,0,1,0,0,1,1,0,0,0,88,1,0,0,0,0,7,3,0,0,9,0,0,0,0,0,1,0,0,0,1,0,1,0,0,1,1,0,0,0,0,0,1,0,0,0,0,0,0,0,1,0,0,0,0,2,0,0,0,0,0,0,0,0,0,0,0,1,0,0,0,0
307557600129100026,88,0,0,1,0,3,0,0,0,1,3,1,2,0,3,0,0,1,1,0,0,1,11,1,0,0,0,0,2,0,2,3,3,1,25,4,0,0,0,0,0,55,0,0,0,9,3,1,0,44,0,0,0,4,0,1,0,1,4,2,4,0,0,0,1,0,0,0,0,7,6,1,0,1,4,0,42,0,1,0,4,1,1,1,0,4,0,0,0,0,12,5,0,0,4,12,0,0,0,2,0,2,3,0,1,0,1,1,2,0,0,1,1,1,0,1,3,0,1,0,1,5,1,0,2,1,0,0,20,1,0,0,0,0,1,1,0,0,0,2,1,0,0,0,0,0,0,0,0,1,0,0,0,0,1,0,0,0,0,1,0,1,0,0,0,0,1,0,0,1,0,0,0,0,0,2,1,0,0,0
307557600129100032,14,0,0,0,0,2,0,0,0,0,1,0,0,0,9,0,0,0,0,0,0,0,1,0,0,0,0,0,0,0,0,1,0,0,8,0,0,1,1,0,0,17,0,0,0,1,3,0,0,25,0,0,0,1,1,2,0,0,4,0,0,0,0,0,0,0,0,0,0,4,1,0,0,0,0,0,17,0,0,0,0,2,0,0,0,2,0,0,0,0,6,2,0,1,1,0,0,0,0,1,1,0,1,0,0,0,0,0,0,0,0,1,1,0,0,0,3,0,0,0,3,1,1,0,0,0,0,0,4,1,0,1,0,0,0,0,0,0,0,0,0,0,0,0,0,0,0,0,0,0,0,0,0,0,0,0,0,0,0,0,0,0,0,0,0,0,0,1,0,0,0,0,0,0,0,2,0,0,0,0
307557600129100033,21,0,0,1,0,0,0,0,0,0,0,0,0,0,0,0,0,0,0,1,0,0,0,1,0,1,0,1,0,0,2,0,0,0,0,0,0,0,0,0,8,2,0,2,0,3,3,0,1,1,0,0,0,0,0,0,0,0,15,5,0,0,0,0,2,0,0,0,0,0,2,0,1,0,0,0,0,0,0,0,0,0,1,14,0,2,0,0,0,0,5,3,0,0,0,0,1,0,0,1,0,0,0,0,0,0,0,0,0,0,0,0,0,0,0,0,0,0,0,0,0,2,0,0,1,0,0,0,0,0,0,0,0,0,0,0,0,0,0,0,0,0,0,0,0,0,0,0,0,1,0,0,0,0,0,0,0,0,0,0,0,0,1,0,0,0,0,1,0,0,0,0,0,0,0,0,0,0,0,0
307557600129100034,100,9,0,2,0,1,5,0,0,4,36,0,1,42,1,0,1,3,0,2,1,0,17,0,1,0,1,21,0,1,2,0,2,0,5,8,1,0,1,2,0,0,0,0,1,4,9,20,0,1,0,3,0,1,0,0,1,0,2,27,23,0,0,0,11,2,0,0,0,0,0,1,0,0,1,1,5,0,0,1,1,0,0,0,0,12,0,0,9,0,13,11,0,0,4,1,1,0,0,0,23,0,22,6,0,1,0,15,0,1,0,0,0,0,2,0,0,0,19,0,0,1,4,0,11,3,1,1,1,0,0,0,0,0,0,0,0,0,0,1,0,0,1,0,0,0,0,0,0,0,2,0,0,0,0,0,0,0,0,0,0,0,0,0,0,0,1,1,0,0,0,0,1,0,0,0,0,0,0,0
307557600129100038,5,1,0,0,0,3,0,0,0,1,0,0,0,0,2,0,0,2,0,1,0,1,2,0,0,0,0,0,0,0,1,1,0,0,2,0,0,0,0,0,0,15,0,0,0,0,0,0,0,10,0,0,0,0,0,0,1,0,0,0,0,0,0,0,0,0,0,0,0,0,2,0,0,2,0,0,18,1,0,0,0,1,0,0,0,1,0,0,0,0,16,1,0,0,1,0,0,0,0,0,2,0,2,0,0,0,0,0,0,0,0,0,0,0,0,0,0,0,0,0,1,2,0,0,0,0,0,0,1,0,0,4,0,0,0,0,0,0,0,0,0,0,0,0,0,0,0,0,0,1,0,0,0,0,0,0,0,0,0,0,0,0,0,0,0,0,0,0,0,0,0,0,0,0,0,0,0,0,0,0
307557600129100040,19,0,0,0,0,0,1,0,0,1,0,0,0,0,0,0,0,2,0,1,0,0,2,0,0,0,0,2,0,0,1,1,0,0,8,0,0,0,0,0,1,0,0,0,3,0,3,0,0,0,0,0,0,0,0,0,0,0,2,6,0,0,0,0,0,0,0,0,0,0,0,0,0,0,0,1,1,0,0,0,0,1,0,1,0,5,0,0,0,0,5,1,0,0,3,4,6,0,0,0,1,0,0,0,0,0,0,0,0,0,0,0,0,0,0,0,0,0,1,0,1,0,0,0,2,0,0,0,1,0,0,0,0,0,0,0,0,0,0,0,0,0,0,1,0,0,0,0,0,0,0,0,0,0,0,0,0,0,0,0,0,0,0,0,0,0,0,0,0,0,0,0,0,0,0,0,0,0,0,0
307557600129100041,9,0,0,1,0,2,0,0,0,0,1,0,1,0,4,0,0,0,0,0,0,0,1,0,0,0,0,0,0,0,1,0,0,0,3,0,0,0,0,0,0,24,0,1,0,1,3,0,1,28,0,1,0,0,0,2,0,0,2,0,0,1,0,0,0,0,0,0,0,1,5,0,0,0,0,0,9,0,0,0,0,3,0,0,0,0,0,1,0,0,5,3,0,0,0,1,0,0,0,1,1,0,1,0,0,0,0,0,0,0,0,0,0,0,0,0,1,1,1,0,2,2,0,0,0,0,0,0,4,1,0,0,0,0,0,0,0,1,0,0,0,0,4,0,0,0,0,0,0,0,0,2,0,0,0,0,0,1,0,1,0,0,0,1,0,0,0,0,0,0,0,0,0,0,0,0,0,0,0,0
307557600129100042,4,1,0,0,0,3,1,0,0,1,2,1,0,0,2,0,0,1,0,0,0,0,0,0,0,0,0,0,0,0,0,0,0,0,0,0,0,2,0,0,0,4,0,0,0,0,0,0,0,10,0,0,0,0,0,0,0,0,0,1,0,0,0,0,0,0,0,0,0,0,0,0,0,1,0,0,7,0,0,0,0,0,0,0,0,2,0,0,1,0,1,1,0,0,0,0,0,0,0,1,1,0,1,0,0,0,0,0,0,0,0,0,0,0,0,0,0,0,0,0,1,1,0,0,0,0,0,0,0,1,0,1,0,0,0,0,0,0,0,0,0,0,0,0,0,0,0,0,0,0,0,0,0,0,0,0,0,0,0,1,0,0,0,0,0,0,0,0,0,0,0,0,0,0,0,0,0,0,0,0
307557600129100043,47,0,0,0,0,3,0,0,0,2,5,0,1,0,3,0,0,0,0,0,0,0,8,0,0,0,0,2,0,0,0,1,0,1,11,0,0,2,1,0,1,52,0,0,0,6,1,0,1,21,1,0,0,1,0,1,2,0,4,1,1,0,0,0,0,0,0,1,0,2,0,0,0,0,0,0,29,0,0,0,4,2,0,2,0,0,0,2,1,0,13,0,0,1,0,0,0,0,0,0,4,2,0,0,1,0,0,2,1,0,0,0,0,1,0,0,1,0,0,0,1,0,0,0,0,0,1,0,12,0,0,1,0,0,0,0,1,0,0,0,0,0,0,0,0,0,1,0,1,0,0,0,0,0,0,0,0,1,0,0,1,0,0,2,0,0,0,0,0,1,0,0,0,1,0,0,0,0,0,0
307557600129100045,31,0,0,0,0,0,0,0,0,2,7,1,4,0,0,0,0,1,0,1,0,0,1,1,0,0,0,0,0,0,0,0,1,0,1,0,0,3,1,0,0,6,0,0,1,0,0,1,2,3,0,0,0,0,0,0,0,0,4,0,0,0,0,0,2,0,0,0,1,0,0,1,0,0,0,0,14,0,0,0,0,1,2,0,0,0,0,0,2,0,3,2,0,0,0,0,0,1,0,0,3,19,1,0,0,0,0,2,0,0,0,0,0,0,0,0,0,2,1,0,0,1,1,1,1,0,0,0,6,0,0,0,0,0,0,0,0,0,0,0,0,0,0,0,1,0,0,0,0,0,0,0,0,0,0,0,0,0,0,0,0,0,0,0,0,0,0,0,0,0,0,0,0,0,0,0,0,0,1,0
307557600129100053,57,0,0,0,0,2,0,0,0,0,6,0,1,0,4,0,0,0,0,0,0,0,7,0,0,1,0,0,0,0,0,1,1,0,13,0,0,0,0,0,0,49,0,0,0,2,1,0,1,31,0,0,0,0,0,2,0,0,5,2,5,0,0,0,1,1,0,0,0,2,1,0,0,0,0,2,30,0,0,1,3,5,0,0,1,0,0,0,1,0,3,2,0,0,0,0,1,0,1,2,3,0,1,0,1,0,0,0,1,0,0,0,0,0,0,0,4,1,2,0,0,1,0,1,1,0,0,0,10,0,0,0,0,0,0,0,0,0,0,0,0,0,0,1,0,0,1,0,0,0,0,0,0,0,0,0,0,0,0,1,0,0,0,1,0,0,0,0,0,0,0,0,0,0,0,0,0,0,0,0
307557600129100055,15,1,0,0,0,1,0,0,0,1,1,0,0,0,1,0,0,0,0,0,0,1,2,0,0,0,0,1,0,0,0,0,0,0,2,0,0,0,0,0,1,38,0,0,0,1,2,0,0,58,0,0,0,2,0,1,0,0,1,2,0,0,0,0,0,0,0,0,0,2,1,0,0,0,0,0,14,0,0,0,0,2,0,0,0,1,0,0,0,0,9,1,0,0,1,0,0,0,0,0,3,0,0,0,0,0,0,0,0,0,0,2,0,0,0,0,0,0,0,0,0,3,0,0,0,0,0,0,3,0,0,0,0,0,0,0,0,0,0,2,0,0,0,0,0,0,0,0,0,1,0,0,0,0,0,0,0,0,0,0,0,0,0,0,0,0,0,0,0,0,1,0,0,0,0,0,0,0,0,0
307557600129100058,7,0,0,0,0,0,1,0,0,2,2,0,0,0,2,0,0,0,0,0,0,0,0,0,0,0,1,0,1,0,0,1,0,0,2,0,0,0,0,0,1,19,0,0,0,0,1,0,0,31,0,0,0,0,0,0,0,0,0,1,0,0,0,0,0,0,0,0,0,1,2,0,0,0,1,2,17,0,0,0,0,3,0,0,1,0,0,0,0,0,8,1,0,0,2,0,0,0,0,1,3,0,2,0,0,1,0,0,0,1,0,0,0,0,0,0,0,0,0,0,0,2,0,0,0,0,0,0,4,0,0,6,0,0,0,0,0,0,0,0,0,0,0,0,0,0,0,0,0,0,0,0,0,0,0,0,0,0,0,0,0,0,0,0,0,0,0,0,0,0,0,0,0,0,0,0,0,0,0,0
307557600129100062,29,0,0,0,0,0,2,0,0,0,3,0,0,0,1,0,0,1,0,0,0,0,1,0,0,0,0,1,1,0,1,0,0,0,1,0,0,0,0,0,0,14,0,0,0,0,0,0,0,12,0,0,0,0,0,0,0,0,2,0,0,0,0,0,0,0,0,0,0,0,0,0,0,0,0,0,7,0,0,1,0,3,0,0,0,0,0,0,0,0,1,1,0,1,0,0,1,0,0,0,0,0,0,0,0,0,0,0,0,0,0,0,0,0,0,0,0,0,0,0,0,0,1,0,0,0,0,0,4,0,0,0,0,0,0,0,0,0,0,0,0,0,0,0,0,0,0,0,0,0,0,0,0,0,0,0,0,0,0,0,0,0,0,0,0,0,0,0,0,0,0,0,0,0,0,0,0,0,0,0
307557600129100067,31,0,0,0,0,0,0,1,0,2,1,0,0,0,0,0,0,1,0,0,0,0,3,0,0,0,0,0,0,1,0,0,0,1,14,0,0,0,0,0,0,42,0,0,1,3,0,0,1,13,0,0,0,0,0,0,0,0,3,0,1,0,0,0,0,0,0,0,1,2,0,0,0,1,2,0,7,0,0,0,0,0,0,0,0,0,0,0,0,0,2,1,0,0,0,0,0,0,0,0,0,0,0,0,0,0,0,0,0,1,0,0,0,0,1,0,0,0,1,0,0,1,1,0,0,0,0,0,11,0,0,1,0,0,0,0,0,0,0,0,0,0,0,0,0,0,1,1,0,0,0,0,0,0,0,0,0,1,0,0,0,0,0,0,0,0,0,0,0,0,0,0,0,0,0,0,0,0,0,0
307557600129100068,85,1,0,2,0,0,0,1,0,8,4,0,0,0,0,0,0,0,0,0,0,1,1,0,0,0,0,1,1,0,0,7,0,1,7,0,0,2,1,0,0,47,0,0,0,12,0,0,0,10,0,0,0,0,0,0,1,0,2,0,3,0,0,0,0,1,0,0,0,2,0,0,0,0,0,1,12,0,0,1,1,2,1,0,0,0,0,0,1,0,7,1,1,1,0,1,0,1,0,0,4,2,1,1,1,0,1,0,0,0,0,2,0,1,1,0,0,1,2,0,0,1,0,0,0,0,0,0,15,1,0,0,0,0,0,0,0,0,0,0,0,0,0,0,0,0,1,0,0,0,0,0,0,1,0,1,0,0,0,0,0,0,0,0,0,0,1,0,0,0,0,0,0,1,0,0,0,0,0,1
307557600129100069,3,0,0,0,0,1,0,0,0,0,2,0,0,0,2,0,0,0,0,0,0,0,2,0,0,0,0,1,0,0,0,1,0,0,0,0,0,0,0,0,2,6,0,0,0,0,0,0,0,32,0,1,0,1,0,0,1,0,0,0,0,0,0,0,0,0,0,0,0,1,2,0,0,0,0,0,18,0,0,0,0,2,0,0,0,1,0,0,0,0,10,0,0,0,0,0,0,0,0,0,1,0,0,0,0,0,0,2,0,0,0,0,0,0,1,0,0,1,0,0,3,0,0,0,0,0,0,1,2,0,0,3,0,0,0,0,0,0,0,0,0,0,0,0,0,0,0,0,0,0,0,1,0,0,0,0,0,0,0,0,0,0,0,1,0,0,0,0,0,0,0,0,0,0,0,0,0,0,0,0
307557600129100071,25,0,0,1,0,0,0,0,1,2,0,0,0,0,0,4,0,6,0,5,3,1,0,1,1,1,0,52,0,1,0,0,1,1,3,0,1,4,0,0,1,0,0,0,0,1,3,2,0,1,0,0,1,0,0,0,0,0,2,7,2,1,0,0,1,0,0,0,5,0,0,0,0,0,0,1,10,0,1,3,1,0,1,1,0,3,0,2,0,2,20,0,0,0,4,1,0,0,0,0,72,0,0,0,1,0,0,0,3,0,0,0,0,0,0,0,2,6,0,0,0,1,0,0,1,0,2,1,0,0,0,0,0,0,0,0,0,0,1,0,0,0,0,0,0,0,0,0,0,0,0,0,0,0,0,0,1,0,0,1,0,1,0,1,0,0,0,0,0,0,0,1,0,0,0,0,0,0,0,0
307557600129100073,78,1,1,0,0,0,0,1,0,1,4,0,1,0,4,0,0,0,0,1,0,2,3,1,0,0,1,1,0,0,2,6,0,0,8,0,0,1,0,0,1,39,0,0,0,8,0,1,2,7,0,1,0,1,0,0,1,0,4,2,1,0,0,1,1,0,0,0,1,3,1,0,0,0,0,0,14,0,1,0,0,6,0,0,0,0,0,0,0,0,3,2,0,2,0,0,0,0,0,0,0,0,0,0,0,0,0,0,1,1,0,0,1,0,0,0,0,0,2,0,0,1,1,0,0,1,1,0,12,1,0,0,0,0,0,0,0,0,0,1,1,0,0,0,0,0,1,1,0,0,0,0,0,0,0,0,0,0,0,0,0,0,0,0,0,0,0,1,0,0,0,0,0,1,0,0,0,0,0,0
307557600129100078,26,0,0,1,0,0,0,0,0,2,5,0,2,0,0,0,0,0,0,0,0,0,1,0,0,0,0,0,0,0,0,4,0,0,2,0,0,5,0,0,0,14,0,0,0,6,1,0,0,2,0,0,0,0,0,0,0,0,6,0,0,0,0,0,0,0,0,0,0,1,0,0,0,0,0,0,10,0,0,0,0,3,0,0,0,0,0,1,1,0,2,3,0,0,1,0,0,1,0,0,1,7,1,0,1,0,0,0,0,1,0,0,0,0,0,0,0,0,0,0,0,1,1,0,0,0,0,0,6,0,0,0,0,0,0,0,0,0,0,1,0,0,0,1,1,0,0,1,0,0,0,0,0,0,0,0,0,1,0,0,0,0,0,0,0,0,0,0,0,0,0,0,0,0,0,0,0,0,0,0
307557600129100082,78,0,0,1,0,0,0,0,0,1,5,0,0,0,1,0,0,1,0,0,0,1,5,0,0,0,0,0,0,0,0,3,1,0,13,0,0,0,0,0,0,42,0,0,0,4,0,1,3,12,1,0,0,1,0,0,0,0,8,0,2,0,0,0,1,0,0,0,0,3,3,0,0,0,0,1,14,0,0,0,0,2,0,1,0,0,0,0,0,0,6,0,0,0,1,0,0,0,0,0,0,1,0,0,2,0,0,0,1,0,0,1,0,0,0,0,0,0,1,0,0,0,0,1,1,0,0,0,6,0,0,1,0,0,0,0,0,0,1,0,1,0,0,0,0,1,0,0,0,0,1,1,0,0,0,0,0,0,0,0,0,0,0,0,0,0,0,0,0,0,0,0,0,1,0,0,0,0,0,0
307557600129100085,42,0,0,0,0,0,0,0,0,4,7,0,2,0,0,0,0,0,0,0,0,0,3,0,0,0,0,0,0,1,0,3,1,0,3,0,0,5,0,0,0,4,0,0,0,3,0,0,5,0,0,0,0,0,0,0,1,0,4,0,0,0,0,0,1,0,0,0,0,0,0,0,0,0,0,0,17,0,3,0,0,2,2,0,0,0,0,1,0,0,4,2,1,0,0,0,0,0,1,0,0,7,5,0,1,0,0,0,0,0,0,0,2,0,0,0,0,0,0,0,0,0,0,0,1,0,0,0,8,0,0,1,0,0,0,0,0,0,0,0,0,0,0,0,0,0,0,0,0,0,0,0,0,0,0,0,0,0,0,0,0,0,0,0,0,0,0,0,0,0,0,0,0,0,0,0,0,0,1,0
307557600129100086,35,0,0,0,0,0,0,2,0,0,6,0,3,0,0,1,0,0,0,0,0,1,0,0,0,0,0,0,0,0,1,1,1,0,3,0,0,0,0,0,0,0,0,0,0,2,1,0,2,1,0,0,0,1,0,0,0,0,5,0,0,0,0,0,0,0,0,0,0,1,0,1,0,0,0,0,13,0,0,0,0,2,1,0,0,0,0,0,0,1,4,5,0,0,0,2,0,0,0,0,1,16,0,0,0,0,0,0,0,0,0,0,1,0,0,0,0,0,1,0,0,0,0,0,0,0,0,0,2,0,0,1,0,0,0,0,0,0,0,1,0,0,0,0,1,0,0,0,0,0,0,0,0,0,0,0,0,0,0,0,0,0,0,0,0,0,0,0,0,1,0,0,0,0,0,0,0,0,0,0
307557600129100087,19,0,0,0,0,0,0,0,0,2,3,0,0,0,0,0,0,0,0,0,0,0,6,0,0,0,0,0,0,1,0,3,0,0,0,0,0,1,0,0,0,3,0,0,0,2,1,0,1,6,0,0,0,0,1,0,1,0,7,0,0,0,0,0,0,0,0,0,0,0,0,0,0,0,1,1,2,0,0,0,0,4,2,0,0,0,0,0,0,0,1,0,0,0,0,0,0,0,0,1,0,1,2,0,0,0,0,0,0,0,0,0,0,0,0,0,0,0,0,0,0,0,1,0,0,0,0,0,4,1,0,0,0,0,0,0,0,0,0,0,0,0,0,0,0,0,0,0,0,0,0,0,0,0,0,0,0,0,0,0,0,0,0,0,0,0,0,0,0,0,0,0,0,0,0,0,0,0,0,0
307557600129100088,34,0,0,0,0,10,1,1,0,0,3,0,2,0,9,0,0,0,0,0,1,1,8,0,1,0,0,1,0,0,0,1,0,0,1,0,0,1,0,0,1,67,0,0,0,0,4,0,1,59,0,0,0,0,0,1,0,1,1,1,2,0,0,0,0,0,0,0,0,8,7,0,0,1,1,0,54,0,0,0,0,4,1,1,0,2,1,0,0,0,21,0,0,0,5,0,1,0,0,2,2,1,1,0,0,0,0,0,3,0,0,2,0,0,0,0,1,0,1,0,5,6,0,0,3,0,0,1,14,1,0,2,0,0,0,0,1,0,0,0,0,0,0,0,0,0,1,0,0,0,0,0,0,0,0,0,0,0,0,0,0,0,0,0,0,0,0,0,1,0,1,0,0,0,0,0,0,0,0,0
307557600129100093,59,0,0,0,0,0,0,1,0,4,3,0,1,0,1,0,0,0,0,0,0,1,8,1,0,1,0,2,0,0,1,1,0,0,10,0,0,0,0,0,0,35,0,0,0,3,3,0,1,9,0,0,0,0,0,1,0,0,7,0,0,0,0,0,0,0,0,0,0,1,0,0,0,0,0,0,13,0,0,0,1,0,0,0,1,1,0,2,0,0,5,4,0,0,1,1,0,0,0,0,0,1,1,1,0,0,0,0,0,1,0,1,0,0,0,0,0,0,0,1,0,0,0,0,0,0,0,0,15,0,0,0,0,0,0,0,0,0,0,0,0,0,0,1,0,0,3,0,0,0,0,0,0,0,0,0,0,0,0,0,0,0,1,1,0,0,0,0,0,0,0,0,0,0,0,0,0,0,0,0
307557600129100094,61,0,0,1,0,0,0,0,0,14,27,0,7,0,1,0,0,0,0,0,0,0,4,1,1,0,0,0,0,0,0,8,0,1,1,0,2,4,0,0,1,19,0,0,0,7,1,2,7,3,0,0,0,0,1,0,0,0,12,1,0,0,0,0,1,2,0,0,0,0,1,0,0,0,0,1,34,0,4,0,1,7,1,0,0,1,0,0,0,0,4,5,0,0,4,0,0,1,0,0,0,2,1,0,0,0,0,0,0,1,0,1,0,0,0,0,0,0,1,0,1,1,2,0,1,0,0,0,12,0,0,1,0,0,1,0,0,0,0,1,1,0,1,0,0,0,0,0,1,0,2,0,0,0,0,0,0,0,0,0,0,0,0,0,0,0,0,0,0,0,0,0,0,0,0,0,0,0,0,0
307557600129100104,6,0,0,0,0,1,0,0,0,0,0,0,0,0,0,0,0,0,0,0,0,0,1,0,0,0,0,0,0,0,0,1,0,0,0,0,0,0,0,0,0,0,0,0,0,0,0,7,0,0,0,0,0,0,0,0,0,0,0,2,0,0,0,0,0,0,0,0,0,0,0,0,0,0,0,0,0,0,0,0,0,1,0,0,0,1,0,0,0,0,1,0,1,0,1,0,0,0,0,0,2,0,1,0,0,0,0,1,0,0,0,0,1,0,0,0,0,0,3,0,0,0,0,0,0,0,0,0,0,0,0,0,0,0,0,0,0,0,0,0,0,0,0,0,0,0,0,0,0,0,0,0,0,0,0,0,0,0,0,0,0,0,0,0,0,0,0,0,0,0,0,0,0,0,0,0,0,0,0,0
307557600129100108,41,0,1,0,0,5,0,0,0,1,5,0,1,0,5,0,1,1,1,0,0,0,2,0,0,0,0,1,0,0,0,0,0,0,4,0,0,1,2,0,0,29,0,0,1,2,7,7,0,45,0,0,0,1,0,0,0,0,9,0,0,0,1,0,2,0,0,0,0,7,7,0,0,1,0,0,34,0,0,0,1,2,3,0,0,0,0,0,0,0,20,3,0,1,0,0,0,1,0,2,0,2,0,1,0,0,0,0,0,0,0,0,0,0,2,0,3,1,1,0,1,2,0,0,3,0,0,0,6,1,0,4,0,0,0,0,0,0,0,0,1,0,1,0,0,0,0,0,0,0,0,0,0,0,0,0,0,0,0,0,0,0,1,1,0,0,0,0,0,0,0,0,0,0,0,1,0,0,0,0
307557600129100113,9,6,0,0,0,2,0,0,1,0,0,0,0,0,0,0,0,0,0,0,0,1,1,0,0,0,0,3,0,0,0,0,0,0,0,0,0,0,1,0,0,0,0,0,0,0,3,10,0,0,0,0,0,0,0,0,0,0,0,0,0,0,0,0,0,1,0,0,0,4,0,0,0,0,0,1,1,0,0,0,0,1,0,0,0,4,0,0,0,0,0,0,0,0,0,2,0,0,0,0,11,0,0,0,1,0,0,0,0,0,0,0,0,0,0,0,0,0,24,0,0,0,0,0,2,0,0,0,1,0,0,0,0,0,0,0,0,0,0,0,0,0,0,0,0,0,0,0,0,0,0,0,0,0,0,0,0,0,0,0,0,0,0,1,0,0,0,0,0,0,0,0,0,0,0,0,0,0,0,0
307557600129100116,72,6,0,0,0,7,0,0,11,0,0,0,1,1,2,9,0,3,1,1,10,1,7,1,5,4,0,22,0,2,0,2,1,0,1,0,0,2,0,0,1,3,0,1,1,2,10,23,0,0,0,4,1,5,0,1,0,0,0,4,1,0,2,0,7,0,0,2,3,4,1,1,0,0,17,1,2,2,0,0,0,0,1,2,7,19,0,6,1,1,25,1,0,0,6,2,7,2,1,1,48,3,6,1,0,0,0,1,1,1,12,1,3,1,1,1,0,2,37,0,1,1,2,0,8,0,0,4,1,1,7,0,0,0,0,0,0,0,0,1,0,0,0,2,0,0,0,0,0,2,1,0,1,0,0,0,0,0,0,0,2,0,0,1,0,0,0,0,0,0,0,1,1,1,0,1,0,0,0,0
307557600129100121,6,1,0,0,0,0,1,0,0,0,0,0,0,0,0,0,0,0,0,0,0,0,0,0,0,0,0,0,0,0,0,0,0,0,0,0,0,0,0,0,1,0,0,0,0,0,1,10,0,0,0,0,0,0,0,0,0,0,0,0,0,0,0,0,0,0,0,0,0,2,0,0,0,0,0,0,0,0,0,0,0,0,0,0,0,2,0,0,0,0,0,0,0,0,0,0,1,0,0,0,6,0,0,0,0,0,0,0,0,0,0,0,0,0,0,0,0,1,7,0,0,0,0,0,1,0,0,0,0,0,0,0,0,0,0,0,0,0,0,0,0,0,0,0,0,0,0,0,0,0,1,0,0,0,0,0,0,0,0,0,0,0,0,0,0,0,0,0,0,0,0,1,0,0,0,0,0,0,0,0
307557600129100122,44,0,0,1,0,0,3,0,0,1,6,0,0,2,0,3,0,1,0,1,12,0,7,0,1,0,0,15,0,0,0,1,0,0,0,0,0,0,0,0,2,1,0,0,0,1,1,9,0,0,0,1,1,0,1,0,3,0,0,5,3,0,0,0,1,2,0,0,5,1,0,0,0,0,1,0,2,0,0,0,0,0,1,0,0,5,0,1,0,0,4,1,0,0,0,0,2,0,2,0,21,1,2,0,0,0,1,3,0,0,10,0,0,0,0,0,0,1,4,0,0,0,0,0,4,0,0,0,0,0,0,1,0,0,0,0,0,0,0,0,0,0,0,1,0,0,0,0,0,0,0,0,0,0,0,0,0,0,0,0,0,1,0,0,0,0,0,1,0,0,0,0,0,0,0,0,0,0,0,0
307557600129100126,39,1,0,0,0,1,3,0,0,0,2,0,0,2,0,2,0,2,0,0,4,0,4,0,2,0,0,13,0,0,1,0,4,1,0,0,0,0,0,0,3,1,0,0,0,4,3,15,0,1,0,0,2,0,0,0,1,0,2,3,1,0,1,0,1,0,0,0,0,2,0,0,0,1,2,0,0,0,1,3,1,3,0,0,2,6,1,0,3,1,11,0,0,1,3,2,1,0,0,0,27,0,1,0,0,0,0,0,1,0,1,0,0,0,0,0,0,0,12,0,0,1,0,0,0,0,0,0,0,0,0,1,0,0,0,0,0,0,0,0,0,0,0,0,0,0,0,1,0,0,0,0,0,0,0,0,0,0,0,0,0,0,0,0,0,0,0,0,1,0,0,0,0,0,0,0,0,0,0,0
307557600129100131,39,5,0,1,0,0,2,0,1,1,17,0,0,11,0,0,0,0,0,0,0,1,7,0,1,0,0,6,0,1,0,0,0,0,1,3,0,1,0,0,1,0,0,5,0,0,3,18,0,0,0,0,0,0,1,0,2,0,1,15,11,1,0,0,4,1,1,0,0,2,2,0,0,0,0,0,3,0,0,0,0,0,0,0,0,5,0,0,4,0,19,2,1,1,1,0,0,0,0,0,6,0,9,0,1,0,1,3,0,0,0,0,0,0,0,0,0,0,15,0,1,0,1,0,1,1,0,0,0,0,0,0,0,0,0,0,0,0,0,0,0,0,0,0,1,0,0,0,0,0,0,0,1,0,0,0,0,1,0,0,0,0,0,1,0,1,0,0,0,0,0,0,0,0,0,0,1,0,0,0
307557600129100134,39,0,1,0,0,0,0,0,0,3,0,0,1,0,0,16,0,5,0,7,23,0,3,0,3,0,0,46,0,0,3,0,0,0,0,1,0,20,1,0,6,0,0,0,1,2,16,0,0,0,1,1,2,1,0,0,1,0,0,8,0,0,0,0,2,0,0,0,9,0,0,1,0,0,0,0,2,0,0,1,0,0,0,0,0,2,0,0,0,0,9,2,0,0,2,3,0,0,0,0,25,1,0,1,0,1,0,0,0,0,0,0,0,0,0,0,0,10,3,0,4,2,1,0,1,0,1,2,1,0,0,0,0,0,0,1,0,0,2,0,0,0,0,0,0,0,0,1,0,0,0,0,0,0,0,0,0,0,0,0,0,1,0,1,0,0,0,0,0,0,0,0,1,0,0,1,1,0,0,0
307557600129100138,42,6,0,1,0,8,0,0,1,0,0,0,0,1,0,1,0,2,1,1,3,0,1,0,3,0,0,36,0,0,0,0,1,0,0,0,0,0,1,0,0,2,0,1,1,0,10,19,0,0,0,0,0,0,1,0,0,0,0,2,3,0,0,0,1,1,0,0,0,10,0,2,0,1,0,0,1,0,0,1,0,2,1,0,0,5,0,1,0,0,1,0,0,1,3,1,0,2,0,0,45,0,1,0,0,0,0,0,1,0,0,1,0,0,0,0,0,2,97,0,0,0,1,0,10,0,1,0,2,0,0,0,0,0,0,0,0,1,0,1,0,1,0,0,0,0,0,0,0,0,1,0,0,0,1,0,0,0,0,0,0,0,0,1,0,0,0,0,0,0,0,0,0,0,0,0,0,0,0,0
307557600129100148,5,1,0,0,0,2,0,0,0,0,0,0,0,0,0,1,0,0,0,0,0,0,0,0,1,0,0,13,0,0,0,1,0,0,0,0,0,0,0,0,0,0,0,0,0,0,5,6,0,0,0,0,0,0,0,0,0,0,0,0,0,0,0,0,0,0,0,0,0,3,0,0,0,0,0,0,0,0,0,0,0,1,0,0,0,2,0,0,0,0,2,0,0,0,0,1,0,0,0,0,10,0,0,0,0,0,0,0,0,0,0,1,0,0,0,0,0,0,31,0,0,1,0,0,3,0,0,0,1,0,0,0,0,0,0,0,0,0,0,0,0,0,0,0,0,0,0,0,0,0,0,0,0,0,0,0,0,0,0,0,0,0,0,0,0,0,0,0,0,0,0,0,0,1,0,0,0,0,0,0
307557600129200027,30,0,0,0,0,0,0,0,0,1,9,0,3,0,2,0,0,1,0,0,0,0,2,0,0,0,0,0,0,3,0,2,0,0,2,0,1,3,1,0,0,28,0,0,2,3,2,5,4,8,0,1,0,2,0,0,2,0,6,0,0,0,0,0,0,1,0,0,0,4,2,0,0,0,0,0,3,0,0,0,0,3,0,0,4,1,0,0,0,0,15,1,0,0,0,0,0,0,0,0,1,1,3,0,0,0,0,0,0,0,0,0,6,0,1,0,0,0,1,0,1,1,0,0,2,0,0,0,2,0,0,1,0,0,0,0,0,0,0,0,0,0,0,1,0,0,0,1,0,1,1,0,0,0,0,0,0,0,0,1,2,0,0,1,0,0,0,0,0,0,0,0,0,0,0,0,0,1,0,0
307557600129200032,26,1,0,1,0,0,0,0,0,1,1,0,1,0,0,5,0,0,2,10,11,0,1,2,1,1,1,69,0,1,0,1,3,0,1,0,0,2,1,0,0,1,0,0,2,1,2,1,2,1,0,0,0,0,0,0,2,0,0,7,1,0,0,0,1,0,0,0,6,0,0,0,0,0,1,0,17,0,0,0,1,1,2,0,0,2,0,0,0,0,41,3,0,0,5,0,0,0,0,1,58,3,1,1,0,0,0,0,0,0,0,0,1,0,2,1,0,6,0,0,0,0,0,0,3,0,0,0,1,1,0,0,0,0,0,0,0,0,0,0,0,0,0,0,0,0,0,1,0,1,0,0,0,0,0,1,0,0,0,0,3,0,0,0,0,0,0,0,0,0,0,0,0,1,0,0,1,0,0,0
307557600129200035,39,1,0,1,0,0,0,0,2,0,0,0,3,0,1,0,0,3,0,0,0,0,16,1,0,0,0,8,0,1,0,9,2,0,92,1,0,0,1,0,0,2,0,1,16,1,10,2,3,3,0,0,1,1,0,0,1,0,2,0,0,0,1,0,0,0,1,0,0,0,1,1,0,0,1,0,4,0,0,0,2,5,1,0,0,10,0,0,0,0,24,2,0,0,5,11,6,0,0,0,2,0,0,0,2,0,0,1,0,1,1,1,0,0,2,0,0,0,5,0,18,3,2,0,9,0,1,1,6,0,0,1,0,0,1,0,0,0,0,0,0,0,0,2,1,0,0,0,1,0,0,0,0,0,0,0,0,0,0,0,0,0,0,0,0,0,0,0,0,0,0,0,0,0,0,0,0,0,0,0
307557600129200036,14,0,0,0,0,2,0,0,0,0,0,0,0,0,0,0,0,1,0,0,0,1,1,0,0,1,0,0,0,0,0,0,0,0,0,0,0,0,0,0,3,5,0,0,0,0,2,0,0,5,0,0,0,0,0,1,0,0,8,4,0,0,0,0,0,0,0,0,1,0,1,0,0,0,0,1,4,0,0,0,0,1,0,8,0,0,0,0,0,0,2,6,0,0,0,0,5,0,0,0,1,0,0,1,0,0,0,0,0,0,0,1,0,0,0,0,0,0,0,0,0,0,0,0,0,0,1,0,2,0,0,0,0,0,0,0,0,0,0,0,0,0,0,0,0,0,0,0,0,0,0,0,0,0,0,0,0,0,0,0,0,0,0,0,0,0,0,0,0,0,0,0,0,0,0,0,0,0,0,0
307557600129200041,24,0,0,0,0,0,0,0,0,0,14,0,4,0,0,0,0,1,0,0,0,1,4,0,0,0,0,0,0,0,0,3,0,0,1,0,0,3,0,0,0,18,0,0,0,4,2,1,1,8,0,1,0,0,0,0,1,1,4,0,2,0,0,0,0,0,0,0,0,1,0,1,0,0,0,0,21,0,0,0,0,1,0,0,0,0,0,0,0,0,3,1,1,0,0,0,0,0,0,0,0,4,1,0,1,0,1,1,1,0,0,2,0,0,1,0,0,0,1,0,0,0,1,0,1,0,0,0,7,3,0,1,0,0,0,0,0,0,0,0,1,1,0,1,0,0,0,0,0,0,0,0,0,0,0,0,0,0,0,0,0,0,0,0,0,0,0,0,0,0,0,0,0,0,0,1,0,0,0,1
307557600129200042,49,0,0,1,2,0,0,0,6,1,5,0,3,0,6,0,0,1,0,1,0,0,0,1,0,1,0,14,0,17,2,0,0,1,1,0,1,0,0,0,0,1,0,0,0,1,4,0,0,0,0,0,0,5,0,0,1,0,7,4,1,0,0,0,2,1,0,6,1,0,0,0,0,0,8,0,3,0,0,0,0,0,0,0,6,0,0,7,0,1,6,4,0,0,2,0,0,1,1,0,3,1,14,0,0,0,0,0,1,0,0,0,16,0,1,0,0,0,1,0,0,1,2,8,6,0,0,0,1,1,11,1,0,0,1,0,0,0,0,0,1,0,1,1,1,1,0,0,0,0,0,0,0,0,0,0,0,0,0,0,1,0,0,0,0,0,0,0,1,0,0,0,0,0,0,0,0,0,0,0
307557600129200043,31,0,1,1,0,1,0,1,0,4,7,0,1,0,1,0,0,1,1,0,0,1,12,0,0,0,0,0,0,0,0,0,0,0,9,0,0,1,0,0,0,25,0,0,0,2,1,1,0,8,0,0,0,0,0,0,2,0,8,0,4,0,0,0,0,1,0,0,0,4,0,0,0,0,0,0,25,0,0,0,0,1,1,0,0,0,0,0,0,0,1,0,1,0,1,0,0,0,0,0,0,5,3,0,1,0,0,0,1,0,0,1,0,0,2,0,0,0,0,0,1,0,0,0,0,0,0,0,12,0,0,2,0,0,1,0,0,0,0,0,0,0,0,1,0,0,0,2,0,0,0,0,0,0,0,0,0,0,0,1,0,0,0,0,0,0,0,0,0,0,0,0,0,2,0,0,1,0,0,0
307557600129200045,39,2,0,0,0,2,0,1,0,1,3,0,0,0,4,0,0,1,0,0,0,1,6,0,0,0,0,0,1,0,1,1,0,0,18,0,0,0,0,0,0,59,0,0,0,3,3,0,0,16,1,0,0,0,0,0,1,0,3,0,1,0,0,0,0,0,0,0,0,3,0,0,0,0,1,0,13,0,0,0,0,2,0,1,0,0,0,0,0,0,7,0,0,1,0,0,1,0,0,0,0,1,1,0,0,0,1,0,1,0,0,1,0,1,0,0,0,0,0,0,0,0,0,0,0,0,1,0,19,0,0,0,0,0,0,0,0,0,0,0,0,0,0,0,0,0,0,0,0,0,0,0,0,0,0,0,0,0,0,0,0,0,0,0,0,0,0,0,0,0,0,0,0,0,0,0,0,0,0,0
307557600129200047,16,0,0,0,0,0,0,0,0,0,0,0,0,0,0,0,0,0,0,0,0,0,1,0,0,0,0,0,0,0,1,3,1,0,4,0,0,0,0,0,2,2,0,0,2,2,4,0,0,4,0,0,0,1,0,0,0,0,0,0,0,0,0,0,0,0,0,0,0,0,0,0,0,0,0,0,3,0,0,0,0,0,0,0,0,1,0,0,0,0,4,0,0,0,0,7,1,1,0,0,0,0,0,0,0,0,0,0,0,0,0,0,0,0,0,0,0,0,0,0,1,1,0,0,3,0,0,0,1,0,0,0,0,0,0,0,0,0,0,0,0,0,0,0,0,0,0,1,0,0,0,0,0,0,0,0,0,0,0,0,0,0,0,0,0,0,0,0,0,0,0,0,0,0,0,0,0,0,0,0
307557600129200048,16,0,0,1,0,0,0,0,0,3,0,0,0,0,1,0,0,1,0,0,0,0,8,0,0,0,0,0,1,0,0,4,0,0,7,0,0,0,0,0,0,31,0,0,0,1,0,0,2,19,0,0,0,0,0,0,0,0,2,0,0,0,0,0,0,0,0,0,0,1,2,0,0,0,0,0,15,0,0,0,1,1,0,1,0,0,0,0,0,0,4,0,0,0,0,0,0,0,0,1,0,0,1,0,0,0,0,0,1,0,0,0,0,0,0,0,0,1,1,0,0,0,0,0,1,0,0,0,2,0,1,0,0,0,0,0,0,0,0,0,0,0,0,0,0,0,0,1,0,1,0,0,0,0,0,0,0,0,0,1,0,0,0,0,0,0,0,0,0,0,0,0,0,0,1,0,1,0,0,0
307557600129200049,31,0,0,3,0,0,0,0,0,2,1,2,1,0,1,0,0,1,0,1,0,0,6,0,0,0,0,0,1,0,0,1,0,0,10,0,0,1,0,0,0,22,0,0,0,3,0,0,0,16,0,0,0,0,0,0,0,0,4,0,1,0,0,0,0,0,0,0,1,1,1,0,0,0,0,0,7,0,0,0,0,3,1,0,0,0,0,0,0,0,2,1,0,0,0,0,0,0,0,1,0,0,1,0,1,0,0,0,3,0,1,0,0,0,0,0,0,0,1,0,0,1,0,0,0,0,1,1,5,0,0,0,0,0,0,0,0,0,0,0,0,0,0,0,0,0,0,0,0,1,0,0,0,0,0,0,0,0,0,0,0,0,0,0,0,0,0,0,0,0,0,0,0,0,0,0,0,0,0,0
307557600129200050,23,0,1,0,0,0,0,0,0,0,3,0,3,0,0,0,0,0,0,0,1,0,1,0,0,0,0,2,0,0,0,0,0,0,1,0,0,0,0,0,0,1,0,1,1,1,2,1,6,2,0,0,0,0,0,0,0,0,3,0,0,0,0,0,2,0,0,0,0,0,0,0,0,0,0,0,12,0,1,1,0,0,1,0,0,2,0,0,0,0,12,2,0,0,1,1,0,0,0,0,1,9,1,0,0,0,0,2,0,2,0,0,0,1,0,1,0,1,1,0,0,0,2,0,2,0,0,0,1,0,0,0,0,0,0,0,0,0,0,0,0,0,0,0,1,0,0,0,0,0,0,1,0,0,0,0,0,0,0,0,0,0,0,0,0,0,0,0,0,0,0,0,0,0,0,0,0,0,0,1
307557600129200051,49,0,0,0,0,0,0,0,1,7,7,0,3,0,0,1,0,2,1,1,0,1,3,0,0,0,0,0,1,0,0,1,1,1,4,0,0,0,0,0,0,26,0,0,0,8,1,4,4,2,0,1,0,0,1,0,0,1,5,2,0,0,0,0,1,1,0,0,1,0,0,0,0,0,0,0,30,0,0,0,2,1,1,0,0,0,0,0,0,0,3,4,0,0,2,0,0,0,0,1,4,5,2,0,1,0,0,1,1,0,0,0,0,0,0,0,0,0,2,0,0,0,0,0,1,0,0,0,15,1,0,0,0,0,0,0,0,0,0,1,0,0,0,2,1,0,0,0,0,0,0,0,1,0,1,0,0,0,0,0,0,0,0,0,0,1,0,1,0,0,0,0,0,0,0,0,0,0,0,0
307557600129200058,54,0,0,1,0,0,0,0,0,0,1,1,2,0,0,0,0,0,0,2,0,0,6,0,0,0,0,1,0,0,0,2,0,0,1,0,0,0,0,0,0,16,0,0,0,5,2,1,4,11,0,0,0,0,0,0,0,0,5,0,0,0,0,0,0,0,0,0,0,2,0,1,0,0,1,1,13,0,1,0,0,3,0,0,0,0,0,0,0,0,5,3,1,0,1,0,0,1,0,0,0,3,0,0,2,0,0,1,1,0,0,0,0,0,0,0,1,1,1,0,0,2,0,1,0,0,0,0,11,1,0,0,0,0,0,0,0,0,0,0,0,0,0,0,0,0,0,0,0,0,0,0,0,0,1,0,0,0,0,1,0,0,0,0,0,0,0,0,0,0,0,0,0,0,0,0,0,0,0,0
307557600129200059,116,3,0,0,0,0,0,0,0,6,10,0,1,1,3,0,0,2,1,0,0,2,18,0,0,2,0,1,0,0,1,8,2,0,15,0,0,2,0,0,0,67,0,0,1,10,5,0,3,30,1,0,0,3,0,0,1,0,10,0,1,0,0,0,0,0,0,0,0,10,1,2,0,1,0,0,23,0,0,0,0,9,0,1,0,1,0,1,1,1,12,3,0,0,0,0,0,0,1,0,1,0,0,0,0,0,0,1,4,0,0,1,1,0,0,0,1,0,2,1,0,1,0,1,1,0,0,0,25,2,0,0,0,1,0,0,0,0,0,1,0,0,0,0,0,0,0,1,0,0,0,1,0,1,0,0,0,0,0,0,0,0,1,0,0,0,0,0,0,0,0,0,0,0,0,0,0,0,1,1
307557600129200060,21,0,0,1,0,7,1,0,0,2,3,0,0,1,11,0,1,1,0,0,0,0,8,0,0,0,0,0,1,0,0,1,0,0,15,0,0,0,0,0,0,47,0,1,0,1,4,1,0,71,0,1,0,2,0,2,1,0,2,0,1,0,0,0,2,0,0,0,0,6,5,0,0,2,1,1,43,0,0,0,0,8,0,0,0,1,0,0,0,0,20,4,0,0,1,5,1,0,0,5,1,0,1,0,1,1,0,2,0,0,0,1,0,0,0,0,2,0,2,0,6,3,0,0,0,0,0,0,15,0,0,6,0,0,1,0,0,0,0,0,0,0,1,1,0,1,1,0,0,0,0,0,1,0,0,0,0,0,1,0,0,0,0,0,0,0,0,1,0,0,0,0,0,0,0,0,0,0,0,0
307557600129200061,64,0,0,1,0,0,0,0,0,3,21,0,5,0,0,0,1,0,0,0,0,2,3,0,0,0,0,5,0,0,0,4,0,0,3,0,1,2,0,0,0,11,0,0,0,3,4,0,4,2,0,0,0,1,0,0,0,0,22,0,0,0,0,0,2,0,0,0,0,0,0,0,0,0,0,0,27,0,0,0,0,2,6,0,1,2,0,0,0,1,10,5,0,0,2,0,0,0,0,0,2,19,3,0,0,0,0,1,1,0,0,0,0,0,0,0,0,0,0,0,0,3,3,0,1,0,0,0,8,0,0,0,0,0,1,0,0,0,0,0,0,0,1,0,2,0,0,0,1,0,0,1,0,0,0,0,0,1,0,0,0,0,0,0,0,0,0,0,0,0,1,0,0,0,0,1,0,0,0,0
307557600129200062,7,0,0,0,0,0,0,0,1,0,0,0,0,0,0,0,0,1,0,0,0,0,2,0,0,0,0,3,0,0,0,0,0,0,6,0,0,0,1,0,0,2,0,0,1,0,6,0,0,5,0,0,0,0,0,0,0,0,0,0,0,0,0,0,0,0,0,0,0,0,2,0,0,0,0,0,4,0,0,0,0,2,0,0,0,4,0,0,0,0,3,0,0,0,3,4,2,0,0,0,0,0,0,0,0,0,0,0,0,0,0,0,0,0,0,0,0,0,0,0,2,0,1,0,5,0,0,0,0,0,0,0,0,0,0,0,0,0,0,1,0,0,0,0,0,0,0,0,0,0,0,0,0,0,0,0,0,0,0,0,0,0,0,0,0,0,0,0,0,0,1,0,0,0,0,1,0,0,0,1
307557600129200066,77,0,0,0,1,1,0,0,0,5,1,0,1,0,0,0,0,1,1,0,0,0,8,1,0,0,0,0,0,0,1,4,0,0,4,0,2,1,1,0,2,62,0,0,0,8,2,1,2,29,1,0,0,0,2,0,0,0,12,1,2,0,0,0,1,0,0,0,0,4,1,0,0,2,1,0,22,0,0,0,0,5,1,1,0,0,0,0,0,1,5,1,0,1,0,0,1,1,0,0,0,4,4,0,1,0,1,0,1,0,0,1,0,0,1,0,0,0,1,0,1,1,0,0,1,0,0,0,21,0,0,0,0,0,0,0,0,0,0,0,1,0,1,0,0,1,0,0,1,0,0,1,0,0,0,0,0,1,0,0,0,0,0,0,0,0,0,0,0,0,0,0,0,0,1,0,1,0,0,0
307557600129200067,33,0,0,2,1,0,0,0,2,0,0,1,1,0,0,4,0,1,0,11,7,0,0,0,2,1,2,78,0,1,0,0,2,0,1,0,0,4,1,0,0,0,0,0,0,1,11,2,1,0,0,0,0,0,0,0,0,1,2,1,1,0,3,0,0,0,0,0,11,0,0,2,0,0,1,0,4,0,1,1,1,0,2,1,0,3,0,0,0,0,16,2,0,0,4,0,0,0,0,0,103,1,0,0,0,0,0,1,0,1,0,0,0,0,0,0,0,8,0,0,1,0,0,0,1,0,0,0,2,0,0,0,0,0,0,1,0,0,2,0,0,0,0,0,0,0,0,1,3,0,0,0,0,0,0,0,0,0,0,0,5,0,0,1,0,0,0,0,0,0,0,0,0,0,1,1,0,0,0,0
307557600129200072,46,6,0,0,0,6,0,0,0,0,0,0,0,0,0,0,0,1,0,1,0,0,2,0,4,0,0,22,0,0,0,0,2,0,0,0,0,0,0,0,0,2,0,1,0,0,11,28,0,1,0,1,0,1,0,0,1,0,0,4,1,1,0,0,0,0,0,0,2,9,0,0,0,0,0,1,0,0,0,1,0,4,0,0,0,16,0,0,0,0,12,2,2,0,2,0,0,0,0,0,38,1,1,0,0,1,0,0,0,0,1,0,0,0,1,0,0,1,65,0,1,0,1,0,3,0,0,0,3,0,0,3,0,0,0,0,0,0,0,2,0,0,0,1,1,0,0,0,0,0,0,0,0,0,1,0,0,0,0,1,0,0,0,0,0,0,0,0,0,0,0,0,0,0,0,0,0,0,0,0
307557600129200074,54,0,0,1,0,0,1,0,1,0,23,1,9,0,0,0,0,0,0,2,0,0,1,0,0,0,0,0,0,0,1,2,1,0,2,0,0,7,0,0,2,4,0,0,4,4,2,0,11,4,0,0,0,0,2,0,1,0,18,0,0,0,0,0,2,0,0,0,1,0,1,0,0,0,0,0,37,0,3,1,0,3,9,1,0,2,0,0,1,0,16,10,0,1,8,0,0,0,0,0,0,16,6,0,2,0,0,2,4,0,0,0,1,0,2,0,0,0,1,0,1,3,1,1,5,0,0,0,2,1,0,4,0,0,0,0,0,0,0,0,0,1,0,2,0,0,0,0,0,0,0,0,0,0,0,0,0,0,0,1,0,0,0,0,0,0,0,0,0,1,1,0,0,0,0,0,0,0,1,0
307557600129200075,17,3,0,0,0,8,0,1,0,0,2,0,1,1,12,0,1,1,0,1,0,0,3,0,0,0,0,1,0,0,0,1,0,0,3,0,0,3,0,0,1,26,0,0,0,1,0,1,0,49,1,1,0,1,0,2,0,0,2,1,0,0,0,0,0,0,0,0,2,5,4,0,0,1,2,1,24,0,0,0,0,3,0,0,0,0,0,0,0,0,8,2,0,0,1,0,0,0,0,2,2,0,1,0,0,0,0,0,1,0,0,0,0,0,0,0,2,1,1,0,2,3,0,0,0,0,0,0,6,0,0,2,0,0,0,0,1,0,0,0,0,0,0,0,0,0,0,0,0,1,0,0,0,0,0,1,0,0,0,2,0,0,0,0,0,0,0,0,0,0,0,0,0,0,0,0,0,0,0,0
307557600129200076,15,1,0,0,0,7,0,0,0,1,3,1,0,0,7,0,0,0,0,0,0,1,2,0,0,0,0,1,0,0,1,1,1,0,0,0,0,2,1,0,0,36,0,0,0,0,3,0,0,30,0,0,0,2,0,2,0,0,1,0,2,0,0,0,0,0,0,0,0,2,4,0,0,1,1,0,36,1,0,0,0,1,1,0,0,0,0,0,0,0,18,1,0,0,0,1,0,0,0,4,0,0,0,0,0,0,0,0,0,0,0,0,0,0,0,0,7,1,0,0,2,11,0,0,3,0,0,0,12,1,0,4,0,0,0,0,0,0,0,0,0,0,0,0,0,0,1,0,0,0,0,0,0,0,0,0,0,0,0,1,0,0,0,0,0,0,0,0,0,0,0,0,0,1,0,0,0,0,0,0
307557600129200077,58,0,0,1,0,0,0,0,0,4,6,0,1,0,0,0,0,3,0,0,1,0,10,0,0,0,0,1,2,0,2,7,0,0,4,0,0,5,0,0,2,41,0,1,0,13,1,1,5,11,0,0,1,0,1,0,0,0,9,0,1,0,0,0,0,0,0,0,0,5,2,0,0,0,1,0,21,0,2,0,0,2,0,0,0,2,0,0,0,0,10,0,0,0,2,0,1,0,0,1,0,6,2,0,3,0,0,1,0,0,0,0,0,0,0,0,2,0,2,0,0,1,0,1,0,1,0,0,25,0,0,2,0,0,1,0,0,0,0,0,0,0,0,0,0,0,0,0,0,0,0,0,0,0,0,0,0,1,0,0,1,0,0,0,0,0,0,1,0,0,0,0,1,0,0,1,0,0,0,0
307557600129200080,63,0,0,2,0,0,1,0,0,1,23,0,10,0,1,1,0,0,0,0,0,0,5,0,0,0,0,1,0,1,0,1,0,0,1,0,0,7,0,0,1,0,0,0,5,3,1,2,11,0,0,0,0,2,2,0,0,0,15,0,2,1,0,0,4,0,0,0,1,0,0,0,0,0,0,0,22,0,3,0,0,1,8,1,0,0,0,1,1,0,16,7,0,0,3,2,0,1,1,0,1,36,1,0,1,0,0,5,0,0,0,1,1,0,2,0,1,0,0,0,0,2,2,0,2,0,0,0,0,0,0,2,0,0,0,0,0,0,0,0,0,0,0,0,1,0,0,0,0,0,1,1,0,0,0,0,0,0,0,1,0,0,0,0,0,0,0,1,0,0,0,0,1,0,0,0,0,0,0,1
307557600129200081,23,4,0,0,0,2,1,0,0,1,0,1,0,0,0,2,0,0,0,0,3,0,8,0,1,0,0,3,0,2,1,0,2,0,0,0,0,0,0,0,1,0,0,0,0,0,11,15,0,0,0,3,0,0,0,0,0,0,0,12,0,0,0,0,0,2,0,0,2,1,1,0,0,0,0,0,3,0,0,1,0,0,0,0,0,4,0,0,0,0,3,2,0,0,2,2,0,1,0,0,8,0,1,1,0,0,0,0,0,0,2,0,0,0,0,0,0,2,8,0,1,0,1,0,6,1,0,0,1,0,0,1,0,0,0,0,0,0,0,0,0,0,0,0,0,0,0,0,0,0,0,0,0,0,0,0,0,0,0,0,0,0,0,0,0,0,0,0,0,0,0,0,0,0,0,2,0,0,0,0
307557600129200082,62,0,0,2,0,0,3,0,0,1,10,0,7,0,0,0,0,0,0,0,1,0,6,0,0,0,0,1,0,0,2,7,0,1,2,0,0,3,0,0,3,5,0,0,1,0,0,0,9,1,0,0,0,0,0,0,0,0,26,0,0,0,0,0,6,0,0,0,0,0,2,0,0,0,1,0,19,0,4,0,1,1,9,0,0,2,0,1,2,0,5,12,0,1,4,1,0,0,0,0,0,28,3,0,0,0,0,1,0,0,0,0,0,1,1,0,0,0,1,0,0,0,2,0,2,0,1,0,1,0,0,4,0,0,0,0,0,0,0,0,0,0,0,1,0,0,0,0,0,0,1,0,0,0,0,0,0,0,0,0,0,0,0,0,0,0,0,0,0,1,0,0,0,0,0,0,0,0,0,0
307557600129200083,77,2,0,0,0,2,6,0,0,0,19,1,8,0,0,1,0,2,0,1,0,0,8,0,0,0,0,0,1,1,3,5,0,1,7,4,0,8,0,0,2,11,0,1,5,3,8,1,13,7,2,1,0,0,0,0,1,0,32,0,1,0,0,0,15,0,0,0,0,2,1,0,0,0,4,3,45,1,4,0,0,2,11,0,0,8,0,0,5,0,14,27,0,1,10,1,0,0,1,1,1,48,4,0,0,1,0,5,0,1,1,1,0,0,2,0,1,1,1,0,0,2,4,1,3,0,0,0,3,1,0,4,0,1,1,3,0,0,0,2,1,0,1,1,0,2,0,0,0,0,0,2,0,0,0,0,0,0,0,0,2,0,0,1,0,0,0,1,0,0,0,0,0,0,0,0,0,0,0,0
307557600129200086,13,1,0,0,0,1,0,0,0,1,0,0,0,0,0,1,0,0,1,0,4,0,4,0,1,0,0,1,0,0,1,0,1,0,0,0,0,0,0,0,1,0,0,0,0,0,4,25,0,0,0,2,0,0,0,0,1,0,0,3,0,0,0,0,0,0,0,0,2,0,1,0,0,0,0,0,1,0,0,2,0,0,0,0,0,5,0,0,0,0,4,0,0,0,1,0,1,0,0,0,5,0,1,0,1,0,0,0,0,0,1,0,0,0,0,0,0,2,3,0,0,0,1,0,4,0,0,0,0,0,0,3,0,0,0,0,0,0,0,0,0,0,0,0,0,0,0,0,0,0,0,0,0,0,0,0,0,0,1,0,0,0,0,0,0,0,0,0,0,0,0,0,0,0,0,0,0,0,0,0
307557600129200089,78,0,0,4,0,0,1,0,3,0,0,1,0,0,0,2,0,2,0,1,5,0,6,1,4,0,0,22,0,0,2,0,1,1,2,0,0,0,0,0,3,0,0,0,0,1,11,1,1,3,0,0,0,1,0,0,0,0,0,0,0,0,0,0,0,0,0,0,5,0,0,0,0,0,56,0,2,0,0,0,0,0,1,0,0,0,0,1,0,0,7,0,0,0,1,2,0,2,0,0,13,2,1,0,1,2,0,1,0,0,11,0,2,0,0,0,0,2,2,0,0,0,0,2,6,0,0,1,1,1,2,0,0,0,1,0,0,0,0,0,0,0,1,0,0,0,0,1,0,0,0,0,0,0,0,0,0,0,0,0,1,1,0,0,0,0,0,0,0,0,0,0,1,0,0,0,0,0,0,0
307557600129200090,24,12,0,0,0,3,0,0,1,1,0,0,0,0,1,1,0,1,0,0,3,0,10,0,3,1,0,10,0,0,1,0,3,0,0,0,0,0,3,0,2,2,0,1,0,0,7,41,0,0,0,2,0,0,0,1,0,0,0,4,1,0,0,0,1,0,0,0,1,3,0,1,0,0,1,0,0,0,0,0,0,2,0,0,0,11,0,0,0,0,8,0,0,0,2,2,1,0,0,0,16,0,2,0,0,1,0,0,0,0,1,0,0,1,0,0,0,5,27,0,2,0,0,0,4,2,1,0,5,0,1,1,0,0,0,0,0,0,0,0,1,0,0,0,0,0,0,0,0,0,0,0,0,0,0,0,0,0,0,0,0,0,0,0,1,0,1,0,0,0,0,0,0,0,0,0,0,0,0,0
307557600129200091,30,0,0,2,0,0,1,0,0,1,0,0,0,0,0,8,0,1,0,0,6,0,6,0,3,0,0,17,0,0,1,2,0,0,1,0,0,0,2,0,3,1,0,0,1,1,1,0,0,0,0,0,0,0,0,0,0,0,0,1,0,0,1,0,0,0,0,0,4,0,0,1,0,0,4,0,1,0,0,1,0,0,2,0,1,6,0,0,0,0,6,1,1,1,1,1,5,0,0,0,9,3,1,0,1,0,0,0,0,0,9,0,0,0,0,0,0,2,1,0,0,2,0,0,0,0,0,0,1,0,0,1,0,0,0,0,0,0,0,0,1,0,0,0,0,0,0,0,0,0,0,0,0,0,0,0,0,0,0,0,0,0,0,0,0,0,0,0,0,0,0,0,0,0,0,1,0,0,0,0
307557600129200092,16,5,0,2,0,8,0,0,0,0,0,0,0,0,0,0,0,2,0,0,0,1,1,0,0,0,0,7,0,0,0,0,1,0,0,0,0,0,1,0,0,0,0,0,1,1,7,24,0,0,0,0,0,0,0,1,0,0,0,3,0,0,0,0,0,0,0,0,0,3,1,1,0,0,0,0,0,1,0,0,0,1,0,0,0,32,0,0,1,0,1,0,0,0,0,3,0,0,0,0,20,0,0,0,0,0,0,1,0,0,0,0,0,0,2,0,0,0,44,0,0,0,0,0,6,0,0,0,3,0,0,0,0,0,0,0,0,0,0,1,0,0,0,0,0,0,0,0,0,0,0,0,0,0,0,0,0,0,0,0,0,0,0,1,0,0,0,0,0,0,0,0,0,0,0,0,0,0,0,1
307557600129200094,14,7,0,2,0,3,1,0,0,0,0,0,0,0,0,0,0,2,0,0,0,0,0,0,0,0,0,6,0,0,0,0,0,0,0,0,0,0,0,0,0,0,0,0,1,1,2,11,0,0,0,0,0,1,0,0,1,0,0,1,0,0,0,0,0,0,0,0,0,5,1,0,0,0,2,0,0,0,0,0,0,0,0,0,0,6,0,0,0,0,0,0,0,0,0,3,0,0,0,0,12,0,0,0,0,0,0,0,0,0,0,0,0,0,0,0,0,1,31,0,0,0,1,0,3,0,0,0,0,0,0,0,1,0,0,0,0,0,0,0,0,0,0,0,0,0,0,0,0,0,0,0,0,0,1,0,0,0,0,0,0,0,0,0,0,0,0,0,0,0,0,0,0,0,0,0,0,0,0,0
307557600129200097,137,13,0,0,1,2,11,0,0,1,24,0,1,44,0,1,1,2,1,1,0,1,20,5,0,0,1,12,0,0,3,0,0,0,3,5,0,1,1,8,5,0,0,2,2,7,4,35,0,0,0,2,0,2,0,0,1,0,4,27,40,2,1,0,11,2,0,1,0,3,1,1,0,0,1,0,2,0,1,0,0,0,0,0,0,10,0,1,11,0,40,20,0,2,4,1,0,1,0,0,16,1,14,2,0,0,0,21,1,1,0,0,0,1,0,0,0,1,19,0,0,1,7,2,4,1,0,1,1,4,0,0,0,0,0,0,1,0,0,3,1,0,0,0,0,0,0,0,0,1,0,0,0,1,0,0,0,0,0,0,0,1,0,2,0,0,0,0,0,1,0,0,0,0,0,0,0,0,0,0
307557600129200098,24,0,0,0,0,0,0,0,0,2,1,0,1,0,1,8,0,1,0,6,7,0,0,0,0,0,0,33,0,1,1,0,0,0,1,0,0,6,0,0,0,1,0,1,0,1,3,1,0,1,0,1,1,1,0,1,0,0,0,7,0,0,0,0,4,0,0,0,9,0,0,1,0,0,1,0,2,0,0,0,0,0,1,0,0,1,0,0,3,0,3,0,0,0,1,1,0,2,0,0,32,1,1,0,0,0,0,0,0,0,0,0,0,0,1,1,0,8,2,0,1,0,0,0,2,0,0,1,0,0,0,0,0,0,0,0,0,0,1,1,0,0,2,0,0,0,0,0,0,0,1,0,0,0,0,0,0,0,0,1,2,0,0,0,0,0,0,0,0,0,0,0,0,0,0,0,0,0,0,0
307557600129200103,28,11,0,1,0,5,1,0,1,0,1,0,0,2,0,0,0,1,0,0,0,0,3,0,2,0,0,18,1,0,0,0,1,0,1,1,0,0,0,0,0,1,0,0,0,0,12,31,0,0,0,0,0,1,0,0,2,0,0,1,2,0,0,0,1,0,0,0,1,6,0,0,0,0,0,0,0,1,0,0,0,1,0,1,0,31,0,2,0,1,2,1,0,0,1,7,2,0,0,0,42,0,5,0,1,0,0,3,0,0,0,0,0,0,0,0,0,0,57,0,1,0,1,0,5,2,0,0,9,0,1,0,0,0,1,0,0,0,1,0,0,0,0,2,0,0,0,0,0,5,1,0,0,0,0,0,0,0,0,0,0,0,0,0,0,0,0,0,0,0,0,0,0,0,0,0,0,0,0,1
307557600129200111,7,1,0,0,0,1,0,0,0,0,0,0,1,0,0,0,0,1,0,0,0,0,0,0,1,0,0,2,0,0,0,0,0,0,0,0,0,0,0,0,0,0,0,0,0,0,1,6,0,0,0,0,0,0,0,0,0,0,0,0,0,0,0,0,0,0,0,0,1,1,0,0,0,0,1,0,0,0,0,0,0,0,0,0,0,0,0,1,0,0,0,1,0,0,1,0,0,0,0,0,5,0,0,0,0,0,0,0,0,0,0,0,0,0,0,0,0,2,15,0,0,1,1,0,1,0,0,0,0,0,0,0,0,0,0,0,0,0,0,0,0,0,0,0,0,0,0,0,0,0,0,0,0,0,0,0,0,0,0,0,0,0,0,0,0,0,0,0,0,0,0,0,0,0,0,0,0,0,0,0
307557600129300021,1,0,0,0,0,1,0,0,0,0,0,0,0,0,6,0,0,0,0,0,0,0,3,0,0,0,0,0,1,0,0,1,0,0,3,0,0,0,0,0,0,14,0,0,0,1,1,0,0,20,0,0,0,0,0,0,0,0,1,0,0,0,0,0,0,0,0,0,0,1,2,0,0,1,0,1,10,0,0,0,0,3,0,0,0,0,0,0,0,0,25,0,0,0,0,4,0,0,0,2,0,0,0,0,0,0,0,1,0,0,0,0,0,0,0,0,0,0,0,0,0,0,0,0,0,0,0,0,4,0,0,3,0,0,0,0,0,0,0,0,0,0,0,0,0,0,0,0,1,0,0,0,0,0,0,0,0,0,0,0,0,0,0,0,0,1,0,0,0,0,0,0,0,0,0,0,0,0,0,0
307557600130100040,26,2,0,0,0,1,0,0,0,2,0,0,2,0,0,6,0,2,0,9,5,0,0,0,0,0,0,31,0,0,2,0,0,0,1,0,0,0,1,0,1,0,0,0,1,1,13,0,0,0,0,0,0,0,0,0,0,0,1,1,0,0,0,0,2,0,0,0,5,2,0,0,0,0,0,0,2,0,0,0,0,0,1,0,0,0,0,0,0,0,7,0,0,0,2,1,2,1,0,0,20,1,0,0,0,0,0,0,0,0,1,0,0,0,0,0,0,5,8,0,1,0,0,0,1,1,0,0,2,1,0,0,0,0,1,0,0,0,0,1,0,0,0,1,0,0,0,0,0,1,0,0,0,0,0,0,0,0,0,0,1,0,0,0,0,0,0,0,0,0,0,0,0,0,0,0,0,0,0,0
307557600130100046,13,3,0,0,0,2,0,0,0,0,0,0,1,0,0,0,0,0,0,0,1,0,0,0,0,0,0,12,0,1,0,0,0,0,1,0,0,0,1,0,0,0,0,0,0,0,2,13,0,0,0,0,0,0,1,0,0,0,0,1,0,1,0,0,0,0,0,1,0,0,0,0,0,0,0,0,0,0,0,2,0,0,0,0,0,0,0,0,0,0,2,0,0,0,0,1,1,0,0,0,6,0,0,0,1,0,0,0,0,0,0,0,0,1,0,0,0,0,17,0,0,0,0,0,2,2,0,0,1,0,0,0,0,0,0,0,0,0,0,0,0,0,0,0,0,0,0,0,0,0,1,0,0,0,0,0,0,0,0,0,0,0,0,0,0,0,0,0,0,0,0,0,0,0,0,0,0,0,0,0
307557600130100050,41,3,1,0,0,0,1,0,0,2,0,0,1,0,0,9,0,1,1,15,6,1,1,1,2,0,0,66,0,1,0,0,1,1,2,0,1,0,0,0,0,1,0,0,2,0,11,18,0,0,0,1,0,2,1,1,0,0,5,14,3,0,0,0,0,0,1,0,4,3,0,0,0,0,0,0,4,0,0,2,0,0,2,0,0,3,0,2,1,0,13,1,0,0,3,0,0,0,0,0,29,1,0,0,3,0,0,1,0,1,0,0,0,0,1,1,0,10,14,0,1,0,0,0,3,4,0,0,1,0,0,0,0,0,0,0,0,0,1,1,0,0,0,1,0,0,0,1,3,0,0,0,0,0,0,0,0,1,0,0,0,0,0,1,0,1,0,0,0,0,0,0,0,0,0,0,1,0,0,0
307557600130100057,41,3,0,0,0,1,0,0,1,5,0,0,0,0,1,14,0,2,0,13,21,1,0,2,4,0,0,24,0,0,0,2,0,0,2,0,0,0,0,0,2,1,1,0,1,0,14,3,0,0,0,1,0,3,0,0,3,0,11,12,2,0,0,0,0,1,0,0,12,1,0,0,0,0,1,0,0,0,1,1,0,1,1,0,0,0,0,0,0,4,9,0,0,0,6,1,1,0,0,1,10,0,2,0,0,0,0,2,0,0,0,0,0,0,1,0,0,12,26,0,1,2,0,0,9,4,0,0,1,0,0,0,0,0,1,0,0,1,2,0,1,0,0,1,0,0,0,2,0,1,1,0,0,0,0,0,1,1,0,0,2,0,0,3,0,0,0,0,1,0,0,0,1,0,0,1,0,0,0,0
307557600130200062,37,0,0,3,0,0,0,0,2,0,0,0,2,0,0,4,1,2,0,11,1,0,0,0,1,1,2,64,0,0,0,0,2,0,0,0,1,1,1,0,1,0,0,0,0,0,6,0,0,0,0,0,0,1,0,0,0,0,0,3,0,0,0,0,1,0,0,0,2,0,0,0,0,0,0,0,2,0,0,2,0,0,0,0,0,3,0,1,0,1,13,0,0,0,3,2,0,0,0,0,105,0,0,0,0,0,0,0,0,0,0,0,0,0,0,0,0,8,1,0,1,0,0,0,0,0,1,0,1,0,0,1,0,0,0,0,0,0,2,0,0,0,0,0,1,0,0,0,0,2,0,0,1,0,0,0,0,0,1,0,4,0,0,1,0,0,0,0,0,0,0,0,0,0,0,1,0,1,0,0
307557600130200085,21,0,0,1,0,0,0,0,0,0,0,0,0,0,0,6,0,1,0,1,9,0,3,0,0,0,0,3,0,0,0,0,0,0,0,0,0,1,1,0,2,0,0,0,0,0,12,4,0,0,0,0,0,0,0,0,0,0,1,1,0,0,1,0,0,0,0,0,6,0,1,0,0,0,0,0,0,0,0,0,0,1,0,0,0,0,0,2,0,0,2,0,0,0,0,1,0,0,0,0,5,0,0,0,0,0,0,0,1,1,0,0,1,0,0,0,0,9,3,0,0,0,0,0,0,0,1,0,0,0,0,0,0,0,0,0,0,0,0,0,0,0,0,0,0,0,0,0,0,0,0,0,0,0,0,0,0,0,0,0,0,0,0,0,0,0,1,0,0,0,0,0,0,0,1,0,0,0,0,0
307557600130200091,31,11,0,1,0,7,1,1,0,1,0,0,0,0,0,0,0,4,0,0,0,0,1,3,1,0,0,26,0,0,0,0,0,0,0,0,1,0,0,0,0,0,0,0,1,2,10,20,0,0,0,0,0,0,0,0,2,0,1,4,0,0,0,0,0,1,0,0,0,6,1,0,0,0,0,0,0,0,0,1,0,2,0,0,0,7,0,0,0,0,4,0,0,0,0,0,0,1,0,0,20,0,0,0,1,0,0,1,0,0,0,0,0,0,0,0,0,2,33,0,0,0,0,0,7,0,0,0,3,0,1,0,0,0,0,0,0,0,1,1,0,0,0,0,0,0,0,0,0,1,0,0,0,0,0,0,0,1,0,0,1,0,0,0,0,0,0,0,0,0,0,0,0,0,0,1,0,0,0,0
307557600130200092,36,1,0,3,0,0,0,0,1,2,0,0,0,0,1,5,0,1,0,13,5,2,3,0,2,1,0,103,0,0,0,2,1,0,2,0,0,3,0,0,0,1,0,1,1,0,9,11,0,0,0,0,1,0,0,0,0,0,2,8,0,1,0,0,1,0,0,0,8,1,0,0,0,0,0,0,1,0,0,5,0,0,0,0,0,2,0,0,0,0,24,0,0,0,1,4,0,0,0,0,41,0,1,0,1,0,0,0,0,0,0,0,0,0,0,0,0,7,5,0,0,0,0,0,7,1,0,0,0,1,0,0,0,0,0,0,0,0,0,0,0,0,0,0,0,0,0,0,0,0,0,0,0,0,0,0,0,0,0,0,1,0,0,0,0,0,0,0,0,0,0,0,0,0,1,0,1,0,0,0
307557600130200096,31,3,0,2,0,1,0,0,0,1,0,0,0,0,0,11,2,0,0,13,10,0,0,1,2,3,0,108,0,1,0,0,1,0,1,0,0,1,1,0,2,0,0,0,0,0,5,8,0,0,0,0,0,3,0,0,0,0,2,7,1,0,0,0,0,0,0,0,13,2,0,1,0,0,0,0,2,1,0,3,0,0,1,2,0,2,0,0,0,0,7,1,0,1,2,0,0,0,0,0,41,0,0,0,0,0,0,0,0,0,0,0,0,0,0,0,0,9,6,0,0,0,0,0,0,1,0,2,0,0,0,0,0,0,0,1,0,0,1,0,0,0,0,0,0,0,0,0,0,0,0,0,0,0,0,0,0,0,0,0,5,0,0,0,0,0,0,0,1,0,0,0,0,0,3,0,0,0,0,0
307557600130200104,50,4,0,3,0,5,3,0,2,5,0,0,0,0,0,12,0,2,0,13,13,0,2,1,8,0,4,150,0,0,0,1,1,0,2,1,0,2,2,0,4,0,1,1,0,0,12,13,1,0,0,0,2,2,1,0,0,0,7,25,3,0,1,0,0,0,0,0,4,0,0,1,0,0,1,0,1,0,2,6,0,0,0,0,0,6,0,0,1,2,9,2,0,0,2,1,1,2,0,0,57,0,0,0,0,0,0,0,0,2,0,0,0,0,2,1,1,23,32,0,0,0,0,1,1,1,0,3,2,1,0,0,0,1,0,0,0,0,0,0,0,0,1,2,0,0,0,0,0,3,0,0,0,1,0,0,0,0,0,0,2,0,0,1,0,0,0,1,1,1,0,0,0,0,0,0,0,1,0,0
307557600130200120,88,12,0,1,0,3,0,0,0,3,0,1,0,0,0,7,1,7,0,24,4,0,0,2,6,0,0,124,1,1,3,3,2,0,3,0,0,0,1,0,1,1,1,0,1,1,13,24,0,0,0,0,0,0,0,0,1,0,3,21,1,0,1,0,1,1,2,0,2,6,0,0,0,0,1,1,1,0,0,3,0,0,1,0,0,3,0,3,2,3,3,0,0,0,5,3,0,2,0,1,72,0,1,0,1,1,0,1,0,1,3,0,0,0,1,0,0,15,58,0,0,1,0,0,6,5,0,0,2,1,0,0,0,0,0,1,0,0,2,1,1,0,0,1,0,0,0,1,0,0,0,0,0,0,0,0,0,0,0,0,1,2,1,2,0,1,0,0,0,0,0,1,0,0,1,0,1,0,0,0
307557600130200137,5,1,0,1,0,0,0,0,0,0,0,0,0,0,0,1,0,0,0,0,0,0,0,1,1,0,0,6,0,0,0,0,0,0,0,0,0,0,0,0,1,0,0,0,0,1,1,2,0,1,0,0,0,1,0,0,0,0,0,0,0,0,0,0,0,0,0,0,0,0,0,0,0,0,0,0,0,0,0,0,0,0,0,0,0,1,0,0,0,1,0,0,0,0,0,0,0,0,0,0,0,0,0,0,0,0,0,0,0,0,0,0,0,0,0,0,0,0,5,0,0,0,0,0,1,0,0,0,0,0,0,0,0,0,0,0,0,0,0,0,0,0,0,0,0,0,0,0,0,0,0,0,0,0,0,0,0,0,0,0,0,0,0,0,0,0,0,0,0,0,0,0,0,0,0,0,0,0,0,0
307557600130200142,35,4,0,3,0,1,1,0,0,1,0,0,0,0,0,2,1,1,0,7,1,0,0,2,3,0,0,29,1,0,0,1,0,0,0,1,0,1,1,0,2,0,0,0,2,0,10,10,0,0,0,1,0,2,1,0,2,0,2,4,0,0,0,0,0,0,0,0,5,2,1,0,0,0,1,0,0,2,0,2,0,0,0,0,0,0,0,0,0,1,2,0,0,0,4,1,0,1,0,0,11,0,0,0,1,0,0,0,0,0,0,0,0,0,1,0,0,9,22,0,0,0,0,0,4,3,0,1,1,1,0,0,0,0,0,0,0,0,1,0,0,0,0,0,0,0,0,0,1,0,0,0,1,0,0,0,0,0,0,0,0,0,1,0,0,0,0,0,0,0,0,1,0,0,0,1,0,0,0,0
307557600130200166,46,4,0,2,0,0,0,0,1,1,0,0,0,0,0,8,1,1,0,14,6,0,4,1,2,0,0,21,1,1,0,0,3,0,2,0,1,1,0,1,0,0,0,1,1,0,9,14,0,0,1,0,0,1,1,0,2,0,6,9,1,0,0,0,1,4,0,0,5,3,0,0,0,0,0,0,3,1,0,3,0,1,1,0,0,2,0,1,0,1,22,0,0,0,11,0,0,1,0,0,17,0,0,0,1,0,0,1,0,0,0,0,0,0,1,0,0,17,36,0,1,0,0,0,1,1,0,0,0,0,0,1,1,0,1,0,0,0,1,2,0,0,0,0,0,0,1,0,0,3,0,0,0,0,0,0,0,0,0,0,0,0,0,1,0,0,0,0,0,0,0,0,0,0,0,1,0,0,0,0
307557600130200198,28,0,0,1,0,0,1,0,0,4,0,0,0,0,0,7,0,2,1,12,9,1,4,0,1,1,0,8,0,0,0,1,5,0,1,0,0,1,0,0,2,0,0,0,0,0,10,22,0,0,0,0,0,1,0,0,0,2,4,0,0,0,0,0,0,3,0,0,3,4,1,0,0,0,0,0,0,1,0,0,0,0,1,0,0,1,0,1,0,1,16,0,0,0,0,0,0,0,0,0,7,0,0,0,0,0,0,0,0,0,0,0,0,0,0,0,0,13,11,0,0,0,0,0,6,1,0,0,0,1,0,0,0,0,0,0,0,0,0,0,1,0,0,1,0,0,0,0,0,0,0,0,1,0,0,0,1,0,0,0,0,0,0,1,0,0,0,0,0,0,0,0,1,0,0,0,1,0,0,0
307557600130300040,8,2,0,1,0,0,0,0,0,0,0,0,0,0,0,2,0,0,0,1,1,0,1,1,0,0,0,1,0,0,0,0,3,0,0,0,0,0,0,0,0,0,0,0,0,0,2,6,0,0,0,0,0,0,0,0,0,0,1,3,0,0,0,0,0,0,0,0,0,0,0,0,0,0,0,0,0,0,0,2,0,0,0,0,0,0,0,0,0,0,2,0,0,1,0,0,0,0,0,0,1,0,0,0,0,0,0,0,0,0,0,0,0,0,0,0,0,9,4,0,0,0,0,0,0,0,0,0,0,0,0,0,0,0,0,0,0,0,0,0,0,0,0,0,0,0,0,0,0,0,0,0,0,1,0,0,0,0,0,0,0,0,0,0,0,0,0,0,0,0,0,0,0,0,0,0,0,0,0,0
307557600145100019,31,5,0,1,0,0,0,0,0,0,0,0,0,0,0,5,0,0,0,7,1,0,2,0,2,0,0,67,0,0,0,0,0,0,0,0,0,0,0,0,3,0,0,1,0,0,11,9,0,0,0,0,0,0,0,0,1,0,0,0,0,0,1,0,0,0,0,0,3,6,0,0,0,0,0,0,0,0,0,0,0,2,0,1,0,1,0,1,0,1,9,0,0,0,0,1,0,0,0,0,43,0,1,1,0,0,0,0,0,0,0,0,0,0,1,0,0,2,42,0,0,0,0,0,0,1,0,0,2,0,0,0,0,0,0,0,0,0,1,0,0,0,0,0,0,0,1,0,0,0,0,0,0,0,0,1,0,0,0,0,0,0,0,0,0,0,0,0,0,0,0,0,1,0,1,0,0,0,0,1
307557600145100047,9,0,0,0,0,0,0,0,0,0,0,0,0,0,0,0,0,0,0,2,2,0,0,0,2,0,0,9,0,0,0,0,0,0,0,0,0,0,1,0,1,0,0,0,0,0,2,1,0,0,0,0,0,0,0,0,0,0,0,0,0,0,0,0,1,0,0,0,1,1,0,0,0,0,0,0,0,0,0,0,0,0,0,0,0,0,0,0,0,0,7,0,0,0,0,0,0,0,0,0,13,0,0,0,0,0,0,0,0,0,0,0,0,0,0,0,0,1,4,0,1,0,0,0,1,0,0,0,0,0,0,0,0,0,0,0,0,0,0,0,0,0,0,0,0,0,0,0,0,0,0,0,0,0,0,0,0,0,0,0,0,0,0,0,0,0,0,0,0,0,0,0,0,0,0,0,0,0,0,0
307557600145200027,41,4,1,5,0,0,1,0,0,1,0,0,0,1,1,12,0,3,0,13,12,0,2,1,3,0,0,91,0,0,0,1,0,0,0,0,0,2,0,0,4,1,0,0,1,1,17,5,1,0,0,0,2,0,0,0,0,0,0,0,1,0,1,0,2,0,0,0,6,1,0,0,0,0,0,0,4,0,0,1,1,1,3,0,0,3,0,1,1,0,21,0,0,0,1,3,0,1,0,0,125,0,2,0,1,0,0,1,0,0,3,0,0,0,1,0,1,11,21,0,1,1,0,1,3,1,0,2,1,0,0,0,0,0,0,0,0,0,1,0,0,0,0,0,0,0,1,0,1,1,1,1,0,0,0,0,0,0,0,0,3,0,0,0,0,0,0,0,0,0,0,2,0,0,1,0,1,0,0,0
307557600145200049,30,4,0,0,1,0,0,0,0,0,0,2,0,1,0,12,0,6,0,10,7,0,2,0,5,1,0,44,0,0,0,0,1,0,1,0,0,0,0,0,0,2,1,0,0,0,9,4,0,0,0,1,0,1,0,0,1,0,0,0,4,0,0,0,1,0,1,0,9,1,1,0,0,1,0,0,4,0,0,1,0,0,2,1,0,1,0,3,0,4,13,0,0,0,1,1,0,0,0,0,53,0,0,0,0,1,1,1,0,0,0,0,0,0,1,0,0,7,34,1,0,0,0,0,3,0,0,1,0,0,0,0,1,0,1,1,0,0,0,0,0,0,0,1,0,0,1,0,0,0,1,0,0,0,0,0,0,0,0,0,1,1,0,1,0,0,0,0,0,0,0,0,0,0,1,1,0,0,0,0
307557600145200052,25,1,0,0,0,0,1,0,0,0,0,0,0,0,0,2,0,1,1,4,3,0,1,0,2,0,0,44,0,0,0,0,1,0,1,0,0,0,0,0,1,1,0,0,0,1,5,7,0,0,0,0,0,0,0,0,0,0,1,0,0,0,0,0,1,0,0,0,3,0,0,0,0,0,0,0,0,0,0,6,0,1,0,0,0,1,0,0,1,0,11,0,0,0,5,1,0,0,0,0,43,0,1,0,0,0,0,0,0,0,0,0,0,0,0,0,0,2,18,0,1,0,1,0,2,1,0,0,0,0,0,0,2,0,0,0,0,0,0,0,1,0,0,0,0,0,0,0,0,0,0,0,0,0,0,0,0,0,0,0,1,0,0,0,0,0,0,0,0,0,1,0,0,0,0,0,0,0,0,0
307557600146100012,43,7,0,2,0,0,0,0,0,0,0,0,1,0,0,3,0,2,0,7,5,0,4,1,8,0,0,72,0,0,0,0,0,0,1,0,0,4,0,0,2,1,0,1,3,0,17,5,1,0,1,0,0,1,0,0,0,0,1,0,0,1,0,0,3,1,0,0,2,3,0,3,0,0,0,1,2,0,1,8,0,0,0,1,0,0,0,0,0,2,58,0,0,0,1,3,2,0,0,0,79,0,0,0,0,0,0,1,0,1,0,1,0,1,0,0,0,16,66,0,0,0,0,0,7,1,0,0,4,0,0,0,4,0,1,0,0,1,1,0,1,0,0,0,0,0,0,0,0,0,0,0,0,0,0,0,0,1,0,0,4,0,0,0,0,0,0,0,0,0,0,1,1,0,0,0,1,0,0,0
307557600146100017,13,3,0,0,0,0,0,0,0,0,0,0,0,0,0,0,0,0,0,0,0,0,0,0,4,0,0,1,0,0,0,0,0,0,0,0,0,0,1,0,1,0,0,0,0,0,4,1,0,0,0,0,0,1,0,0,2,0,0,0,0,0,0,0,0,0,0,0,1,2,1,0,0,0,2,0,0,0,0,0,0,1,0,0,0,0,0,0,0,0,0,0,0,0,0,0,0,0,0,0,5,0,0,0,0,0,0,0,0,0,0,0,1,0,0,0,0,0,22,0,0,0,0,0,1,0,0,0,1,0,0,0,0,0,0,0,0,0,0,0,0,0,0,0,0,0,0,0,0,0,0,0,0,0,0,0,0,0,0,0,0,0,0,0,0,0,0,0,0,0,0,0,0,0,0,0,0,0,0,0
307557600146100024,48,13,0,31,0,0,0,0,1,0,0,2,0,6,13,0,1,3,0,1,0,0,1,2,2,0,1,3,0,0,0,0,0,1,0,0,0,0,44,0,1,5,0,1,0,1,15,2,0,3,0,0,1,0,0,7,1,0,0,0,0,1,0,0,2,1,0,0,0,2,6,0,0,0,11,0,0,0,0,0,0,0,0,0,0,1,0,1,0,2,17,0,0,0,2,0,0,0,0,1,18,0,4,0,0,0,0,2,0,1,0,0,0,1,0,0,0,4,18,0,0,0,0,1,5,3,0,0,2,0,0,0,0,0,0,0,0,0,0,1,0,0,0,0,0,0,0,0,0,0,0,0,0,0,0,0,0,0,0,0,0,0,0,0,0,0,0,0,0,0,0,0,1,1,0,0,0,0,1,0
307557600146100025,8,0,0,0,0,0,0,0,0,0,0,0,1,7,0,0,0,1,0,1,2,0,0,1,0,0,0,21,0,0,0,0,0,0,1,2,0,1,1,0,0,3,0,0,0,1,4,0,0,1,0,0,0,0,0,1,0,0,0,0,0,1,0,0,2,1,0,0,1,0,2,0,0,0,1,0,2,0,0,1,0,0,0,0,0,0,0,0,0,0,14,0,0,0,0,0,0,0,0,1,17,0,0,0,0,0,0,1,0,0,0,0,0,0,0,0,0,0,0,0,0,0,0,0,3,1,1,0,0,0,1,0,0,0,0,0,0,0,0,0,0,0,0,0,0,0,0,0,0,1,0,0,0,0,0,0,0,0,0,0,1,0,0,0,0,0,0,0,0,0,0,0,0,1,0,0,0,0,0,0
307557600146100026,41,11,0,5,1,1,0,0,0,0,0,0,3,4,17,0,0,8,1,1,1,0,1,1,3,0,0,11,9,0,0,0,1,1,2,0,1,0,47,0,0,75,0,0,0,1,42,12,0,3,0,0,2,0,0,22,1,0,3,0,0,0,0,0,1,1,0,0,1,3,5,6,0,0,1,0,0,0,0,1,0,13,0,0,0,0,0,0,2,12,18,0,0,0,2,0,0,0,0,0,24,0,1,0,0,2,0,2,0,1,0,1,0,1,0,1,0,1,51,0,0,0,0,1,8,0,0,0,9,0,0,0,0,0,0,0,0,0,0,1,0,0,0,1,0,0,0,1,0,0,0,0,0,0,0,0,0,0,0,0,1,0,0,2,0,0,0,1,0,1,0,0,0,0,0,1,0,0,1,0
307557600146100027,45,12,0,1,0,0,0,0,0,0,0,0,0,21,5,0,0,2,5,1,0,0,3,5,0,0,0,7,4,0,0,2,0,0,3,1,0,0,44,0,1,38,0,1,0,1,20,11,0,8,0,0,1,0,0,26,1,0,1,0,2,1,0,0,4,0,0,0,0,1,5,0,0,0,2,0,6,0,0,1,0,5,0,1,0,2,0,1,0,5,25,0,0,0,1,0,1,0,1,0,16,0,0,0,0,0,0,4,0,0,0,0,2,1,0,0,0,3,22,1,0,1,0,1,20,3,5,0,5,1,0,0,1,0,0,0,0,0,0,1,0,1,0,1,0,0,0,0,0,0,0,1,1,0,0,0,0,4,0,0,0,0,0,0,0,0,0,1,0,0,1,0,0,0,1,0,0,0,0,0
307557600146100032,51,2,0,28,0,0,2,0,0,1,0,0,0,0,6,0,0,3,0,0,0,0,1,1,0,0,0,16,0,4,0,1,1,0,0,0,0,0,7,0,0,0,0,0,0,1,12,18,0,0,0,0,0,1,0,1,1,0,0,0,1,1,2,0,0,0,0,0,0,5,1,2,0,0,10,0,0,2,0,1,0,6,0,0,0,3,0,1,1,0,6,0,1,0,1,0,0,0,0,0,14,1,5,0,0,1,0,1,0,0,0,0,0,0,1,0,0,3,33,0,0,1,0,3,3,0,0,0,4,0,2,0,0,0,0,0,0,0,0,0,2,0,0,0,0,0,0,0,0,0,0,0,0,0,0,0,0,1,0,0,0,0,0,0,0,0,0,0,1,0,0,0,0,0,0,0,0,0,0,0
307557600146100034,24,5,1,1,1,0,2,0,0,1,0,0,0,4,15,1,0,1,7,0,1,0,3,0,0,0,10,0,16,2,2,1,1,0,0,1,0,0,51,0,1,72,0,0,0,0,17,3,0,19,0,0,2,0,0,15,0,0,0,1,1,1,0,0,2,1,0,0,0,1,7,8,0,1,2,0,0,0,1,0,0,0,0,1,0,0,0,3,0,3,13,1,0,0,2,4,0,0,2,0,3,1,0,0,0,0,0,0,0,1,0,0,0,1,1,2,0,1,1,0,0,0,0,0,11,0,0,0,15,1,1,0,0,0,0,0,0,0,0,0,0,0,0,0,0,0,2,0,0,0,0,0,0,0,0,1,0,0,0,0,0,1,0,0,0,1,0,0,0,0,0,0,0,0,1,0,0,0,1,0
307557600146100035,2,1,0,1,0,0,0,0,0,0,0,0,0,2,0,0,0,0,0,0,0,0,0,0,0,0,0,1,0,0,0,0,0,0,0,0,0,0,0,0,0,3,1,0,0,0,0,0,0,0,0,0,0,0,0,0,1,0,0,0,0,0,0,0,2,0,0,0,0,0,2,0,0,0,0,0,0,0,0,0,0,0,0,0,0,0,0,0,0,0,2,0,0,0,0,0,0,0,0,0,0,0,0,0,0,0,0,0,0,0,0,0,0,0,0,0,0,0,1,0,0,0,0,0,0,0,0,0,0,0,0,0,0,0,0,0,0,0,0,0,0,0,0,0,0,0,0,0,0,0,0,0,0,0,0,0,0,0,0,0,0,0,0,0,0,0,0,0,0,0,0,0,0,0,0,0,0,0,0,0
307557600146100037,10,1,0,1,0,0,0,0,0,0,0,0,0,0,0,0,0,0,0,0,0,0,0,0,0,0,0,3,0,0,0,0,0,0,0,0,0,0,0,0,0,1,0,0,0,0,0,1,0,0,0,0,0,0,0,0,0,0,0,0,0,0,0,0,0,0,0,0,0,0,0,0,0,0,2,0,0,0,0,1,0,2,0,0,0,2,0,0,0,0,0,0,0,0,1,0,0,0,0,0,5,0,0,0,0,0,0,0,0,0,0,0,0,0,0,0,0,0,4,0,0,0,0,0,1,0,0,0,0,0,0,0,0,0,0,0,0,0,0,0,0,0,0,0,0,0,0,0,0,0,0,0,0,0,0,1,0,0,0,0,0,0,0,0,0,0,0,0,0,0,0,0,0,0,0,0,0,0,0,0
307557600146100038,69,8,0,6,0,4,1,0,1,1,0,0,0,0,3,1,1,3,0,2,0,1,1,0,4,0,0,16,1,0,1,0,2,0,1,0,1,0,3,1,0,0,0,1,0,1,14,32,0,0,0,0,0,1,1,0,2,0,0,1,1,0,1,0,1,0,0,1,0,5,0,0,0,0,6,0,1,0,0,0,0,5,0,1,0,6,0,5,4,1,15,0,0,0,3,6,1,0,0,1,31,0,1,0,0,0,0,0,0,0,0,0,7,0,0,0,0,0,48,1,0,0,0,2,3,0,0,2,4,0,3,0,0,0,0,0,0,0,0,0,0,0,0,0,0,0,1,0,0,0,0,1,1,0,0,1,0,0,0,0,0,0,0,0,0,0,0,0,0,0,0,0,0,0,0,0,0,0,0,0
307557600146100048,24,2,0,1,0,0,0,0,0,0,0,1,0,1,2,1,0,1,0,1,4,0,1,2,2,2,0,12,0,1,1,0,1,1,3,0,0,9,0,0,2,0,0,1,0,1,8,4,1,0,0,0,0,0,0,0,0,1,0,0,0,0,0,0,2,0,0,0,3,0,0,0,0,0,0,0,2,0,1,2,0,0,1,6,3,0,0,4,12,4,15,0,4,0,1,0,0,0,0,4,17,1,1,0,0,0,0,1,0,1,3,0,8,2,0,0,0,0,0,0,0,0,0,1,5,0,0,1,0,1,6,1,1,0,0,0,0,0,0,0,0,0,0,0,0,0,0,0,0,0,0,0,0,0,0,1,0,0,0,0,0,0,0,1,0,0,0,1,0,0,0,1,0,0,0,0,0,0,0,0
307557600146100049,62,4,2,4,1,2,0,0,4,4,0,1,5,2,1,1,1,1,1,1,18,6,6,4,0,0,1,32,0,4,0,3,0,1,5,0,0,20,1,0,3,1,1,1,2,1,14,6,0,1,0,0,0,1,1,5,1,0,0,0,0,0,1,0,7,0,0,6,11,2,1,0,4,0,0,0,25,0,2,3,1,1,1,10,5,0,0,6,26,0,40,0,4,0,1,14,0,1,0,3,41,0,11,0,2,1,1,0,1,0,2,0,13,1,1,0,2,1,1,0,1,2,1,6,15,0,8,4,2,1,8,5,2,0,0,2,0,0,0,1,0,0,1,1,0,0,0,1,0,0,0,0,1,0,1,0,0,0,0,0,1,0,0,0,1,0,1,0,0,0,0,1,1,0,0,0,0,0,0,1
307557600146100050,11,1,0,0,0,1,1,0,0,0,0,0,0,0,0,0,0,0,0,0,0,0,1,0,0,0,0,5,0,0,0,1,2,0,0,0,1,1,1,0,0,1,0,0,0,1,6,14,0,0,0,0,0,0,0,0,0,0,0,0,0,0,0,0,0,0,0,0,0,6,0,1,0,0,1,0,0,0,0,0,1,2,0,1,0,1,0,0,5,0,0,0,1,0,0,2,1,0,0,0,13,0,0,0,0,0,0,0,0,0,0,0,3,0,1,0,0,0,16,0,0,0,0,0,1,0,0,0,0,0,0,0,0,0,0,0,0,0,1,1,0,0,0,0,0,0,0,1,1,0,0,0,0,0,0,0,0,0,0,0,0,0,0,0,0,0,0,0,0,0,0,1,0,0,0,0,0,0,0,0
307557600146100051,18,1,0,5,1,0,1,0,0,1,0,0,1,0,0,2,1,3,0,3,13,0,0,1,2,0,0,21,0,1,1,0,1,0,0,7,0,4,0,0,0,0,1,1,0,1,7,6,0,1,0,1,0,1,0,0,1,1,0,0,0,0,0,0,1,0,0,1,4,0,1,0,1,0,1,0,3,0,0,4,0,1,0,1,0,0,0,1,5,1,10,0,1,0,4,5,0,0,0,7,34,0,3,0,1,0,0,0,0,0,2,0,7,0,0,0,0,0,1,0,4,0,0,1,13,1,1,4,0,0,3,0,0,0,1,0,0,0,0,0,0,0,0,1,0,0,0,0,0,0,0,0,0,0,0,0,0,0,0,0,0,0,0,1,0,0,0,0,0,0,0,0,0,0,0,0,0,0,0,0
307557600146100053,56,1,10,2,5,0,1,1,0,2,0,1,0,0,1,1,0,0,0,1,0,1,6,0,0,1,1,4,0,1,0,1,1,1,4,1,0,5,0,0,1,2,1,8,2,0,5,30,1,0,1,0,0,2,1,0,2,0,3,0,0,0,0,0,6,0,1,0,0,0,0,0,7,0,0,1,7,2,2,0,0,2,0,0,3,0,0,0,1,1,27,0,4,1,10,3,7,4,1,0,4,0,10,0,3,19,3,2,1,0,0,0,1,0,1,0,0,0,0,0,1,8,0,0,18,0,2,0,1,3,1,0,0,0,0,0,0,0,0,1,0,0,0,0,0,0,0,0,0,0,0,0,0,0,1,0,0,0,0,0,0,0,0,0,0,1,0,0,0,0,0,0,0,0,0,0,0,0,0,1
307557600146100060,15,0,2,0,0,0,1,0,0,2,0,1,0,0,0,0,1,1,0,0,2,0,1,0,0,0,0,16,0,3,0,0,0,0,1,1,0,4,1,0,0,0,0,0,0,0,2,7,0,0,0,0,0,1,0,0,0,0,0,0,0,0,0,0,1,0,0,1,0,0,0,0,0,0,0,0,2,0,0,0,1,1,1,0,0,0,0,1,6,0,4,0,1,0,1,1,2,0,0,1,19,0,1,0,0,0,1,0,0,0,0,0,8,0,0,0,0,0,0,0,1,0,0,0,4,0,0,0,0,3,1,1,0,0,0,0,0,0,0,0,0,0,0,0,0,0,0,0,0,0,0,0,0,0,0,0,0,1,0,0,0,0,0,0,0,0,0,0,0,0,0,0,0,0,0,0,0,1,0,0
307557600146100062,33,6,2,1,0,2,0,0,2,1,0,2,2,0,2,6,1,0,0,5,10,0,2,1,1,0,0,80,1,5,0,0,1,0,2,0,0,3,2,0,1,1,0,0,4,0,11,27,0,0,0,0,0,0,0,0,2,0,0,0,0,0,0,0,3,0,0,0,4,2,0,0,2,0,3,0,13,0,0,3,2,5,2,1,3,0,0,2,11,0,38,0,0,0,9,7,1,0,0,5,103,0,8,1,0,0,0,0,0,0,0,2,4,1,0,0,0,1,18,0,9,1,0,3,9,0,0,0,2,2,3,1,0,0,0,0,0,1,0,0,1,0,0,0,0,0,0,2,0,0,0,1,0,0,0,0,0,0,0,0,2,0,0,1,0,0,0,0,0,0,0,0,0,0,1,0,1,0,1,1
307557600146100068,24,0,7,0,2,0,1,0,0,0,0,0,0,1,0,0,0,0,0,0,0,0,0,0,0,1,0,0,0,0,0,1,0,1,0,0,0,0,0,0,1,0,0,1,0,0,1,6,0,0,0,0,1,0,0,0,0,0,0,0,0,0,0,0,0,0,0,0,0,0,0,0,2,0,1,0,3,0,1,0,2,2,0,0,0,0,0,0,1,0,7,0,2,0,7,0,3,0,0,0,1,0,5,0,0,6,0,0,0,0,0,0,0,0,0,0,0,0,0,0,0,0,0,0,5,0,0,0,0,0,0,0,0,0,0,0,0,0,0,0,0,0,0,0,0,0,0,0,0,0,0,0,0,0,0,0,0,0,0,0,0,0,0,0,0,0,0,0,0,0,0,0,0,0,0,0,0,0,0,0
307557600146100071,42,0,0,0,0,0,0,0,0,2,0,0,1,0,0,3,1,1,3,9,4,1,2,1,2,1,0,62,0,0,0,2,0,0,1,0,0,3,0,0,5,0,0,0,1,0,7,1,0,0,0,0,0,0,0,0,0,0,0,0,0,0,1,0,0,1,0,0,4,0,1,0,0,0,0,0,2,0,1,1,1,0,0,7,0,1,0,0,0,0,12,0,0,0,1,1,3,0,0,1,87,0,1,0,0,0,0,1,0,0,0,0,1,0,0,0,1,2,0,0,0,0,1,0,1,0,0,3,0,0,0,0,2,0,1,0,0,0,0,0,0,0,0,0,1,0,0,0,0,0,0,0,0,0,1,0,0,0,0,0,2,0,0,0,0,0,0,1,0,0,0,0,0,0,0,0,0,1,1,1
307557600146100073,25,0,0,0,1,0,1,0,0,1,0,0,0,0,0,0,0,1,0,0,0,0,0,0,0,0,0,1,0,0,0,0,0,0,0,0,0,0,0,0,2,0,0,0,0,1,3,2,0,0,0,0,0,0,0,0,0,0,0,0,0,0,0,0,0,1,0,0,0,0,0,0,0,0,0,0,1,0,1,0,0,0,0,0,0,0,1,0,0,0,2,0,0,0,0,0,0,0,0,1,3,0,0,0,0,0,0,0,0,0,0,0,1,0,0,0,0,1,0,0,0,2,0,0,3,0,1,0,0,0,0,0,0,0,0,0,0,0,0,0,0,0,0,0,0,0,0,0,0,0,0,0,0,0,0,0,0,0,0,0,1,0,0,0,0,0,0,0,0,0,0,0,0,0,0,0,0,0,0,0
307557600146100075,71,6,1,21,1,0,0,1,5,1,0,1,2,1,9,5,0,1,1,6,9,0,2,2,0,0,0,62,0,4,1,2,6,3,1,1,0,2,2,1,4,0,0,0,0,0,23,28,1,1,0,0,0,0,1,2,1,0,4,0,0,1,1,0,8,0,0,0,5,6,1,1,0,0,82,0,8,1,0,4,1,5,0,2,0,4,0,7,5,1,45,0,0,0,8,10,2,1,0,3,105,0,13,0,1,1,1,1,0,0,1,0,14,2,2,0,0,5,26,0,5,1,0,10,10,0,5,6,5,4,12,4,0,0,0,0,0,0,0,2,1,0,0,0,0,0,0,2,0,0,0,0,0,0,0,0,1,1,0,0,6,0,0,0,0,0,0,0,0,0,0,1,1,1,0,1,1,1,1,0
307557600146100080,6,0,0,0,0,0,0,0,0,0,0,0,0,0,0,0,0,0,0,0,0,0,0,0,0,0,0,2,0,0,0,0,0,0,1,0,0,0,0,0,0,0,0,0,1,0,0,7,0,0,1,0,0,0,0,0,0,0,2,0,0,0,0,0,1,0,1,0,0,0,0,0,0,0,0,0,1,0,2,0,0,1,0,0,0,0,0,0,0,0,2,0,0,0,0,0,0,0,0,0,0,0,4,0,0,0,0,0,0,0,0,0,0,0,0,0,0,0,0,0,0,0,0,0,1,0,1,0,0,1,0,0,0,0,0,0,0,0,0,0,0,0,0,0,0,0,0,0,0,0,0,0,0,0,0,0,0,0,0,0,0,0,0,0,0,0,0,0,0,0,0,1,0,0,0,0,0,0,0,0
307557600146100082,33,2,0,13,1,0,0,0,11,1,0,1,2,0,4,0,0,0,1,0,0,0,0,0,2,0,0,4,0,1,2,0,0,1,0,0,0,1,0,1,5,0,0,1,1,1,2,7,1,1,0,0,0,1,0,1,1,0,1,0,0,0,1,0,8,1,0,1,0,2,2,0,0,0,47,0,0,0,0,1,0,0,0,1,0,2,0,12,1,0,27,0,0,0,0,1,1,1,0,0,10,0,8,0,2,0,0,0,0,0,0,0,9,0,0,0,1,1,9,0,0,0,0,14,6,0,0,0,1,0,10,0,0,0,0,0,0,1,0,1,0,0,0,0,0,0,0,0,0,0,0,0,0,0,0,0,0,0,0,0,1,0,0,0,0,0,0,0,0,0,0,1,0,0,0,0,1,0,0,0
307557600146100083,51,0,0,0,5,1,0,0,0,7,0,1,0,0,0,1,0,0,0,0,0,5,6,1,0,2,1,10,0,0,0,0,0,0,6,0,2,1,1,2,5,1,1,0,3,3,2,7,0,0,1,0,0,0,1,2,0,0,4,1,1,0,0,0,4,0,3,0,0,0,0,0,5,0,1,0,1,0,2,0,0,2,1,6,0,0,0,1,2,1,34,0,0,0,0,1,0,1,0,0,13,0,16,1,3,1,0,1,0,0,1,0,0,0,0,0,0,0,0,0,1,3,0,3,9,0,3,0,0,3,0,0,0,0,1,0,0,0,0,0,0,0,0,0,0,0,0,0,0,0,0,0,0,0,0,0,0,1,0,0,2,0,0,0,0,0,0,0,0,0,0,0,0,0,1,0,0,1,0,0
307557600146100086,4,2,0,0,0,0,0,0,0,0,0,0,0,0,0,0,1,0,0,1,0,0,0,0,0,0,0,3,0,0,0,1,0,0,0,0,0,0,0,0,0,0,0,0,0,0,0,13,0,0,0,0,0,0,0,0,0,0,0,0,0,0,0,0,0,0,0,0,0,0,0,0,0,0,2,0,0,0,0,0,0,0,0,2,0,0,0,0,1,0,1,0,0,0,1,0,0,0,0,0,3,0,1,0,0,0,0,0,0,0,0,0,0,0,0,0,0,0,7,0,0,0,0,0,0,0,0,0,0,0,0,0,0,0,0,0,0,0,0,0,0,0,0,0,0,0,0,0,0,0,0,0,0,0,0,0,0,0,0,0,0,0,0,0,0,0,0,0,0,0,0,0,0,0,0,0,0,0,0,0
307557600146100089,11,0,1,0,5,0,0,0,0,0,1,0,0,0,0,0,0,0,0,0,0,5,0,0,0,0,1,2,0,0,0,4,0,1,3,2,0,2,1,1,0,0,0,1,11,0,2,13,0,0,2,0,2,0,2,1,0,0,2,0,0,0,0,0,6,0,1,0,0,0,1,0,4,0,0,0,2,0,2,0,1,0,0,0,0,0,0,2,0,1,30,0,0,0,2,0,1,4,3,0,0,0,7,5,0,7,0,4,0,0,0,0,0,0,0,0,1,1,0,0,0,2,0,0,6,0,10,0,0,0,0,0,0,0,0,0,0,0,0,0,0,0,0,0,0,0,0,0,0,0,0,0,0,0,0,0,0,1,0,0,0,0,0,0,0,0,0,0,0,0,1,1,0,0,0,0,0,0,0,0
307557600146100095,31,0,0,2,3,1,0,0,1,0,0,0,0,0,0,0,0,1,0,0,0,7,4,0,0,0,1,9,0,0,0,0,0,0,6,0,0,1,0,0,0,0,0,0,7,2,0,12,0,0,5,0,0,0,0,1,1,0,3,0,1,0,0,0,7,0,1,0,0,0,0,0,5,1,0,0,7,0,2,0,6,1,1,4,0,0,0,0,0,0,11,0,0,0,1,0,0,1,2,1,11,0,19,1,2,0,0,1,0,0,0,0,0,1,0,0,2,0,0,0,0,0,0,0,11,0,1,1,0,0,0,0,0,0,0,0,1,0,0,0,0,0,0,0,0,0,0,0,0,0,0,0,0,0,0,0,0,0,0,0,0,0,0,0,0,0,0,0,0,1,0,0,0,0,0,1,0,0,0,0
307557600146100096,41,6,0,23,0,0,0,0,2,0,0,2,0,1,6,0,0,3,0,1,0,1,0,0,1,0,1,3,0,2,1,0,1,1,0,0,0,0,7,0,1,4,0,0,0,1,3,23,0,1,0,0,0,0,0,1,0,0,1,0,1,0,0,0,0,1,0,0,0,2,1,0,0,0,22,0,1,1,0,0,1,2,0,0,0,0,0,2,2,0,13,0,1,0,0,1,0,0,0,1,15,0,2,0,0,0,0,0,0,0,1,0,2,1,1,0,0,1,19,0,0,0,0,2,6,0,0,0,1,0,2,0,1,0,0,0,0,0,0,0,0,0,0,0,0,0,0,0,0,0,0,0,0,0,0,1,0,1,0,1,0,0,0,0,0,0,0,0,0,0,0,1,0,0,0,0,1,0,0,0
307557600146100098,243,0,1,0,1,1,1,0,1,17,0,1,1,1,0,5,0,2,0,2,1,1,7,1,0,12,0,4,0,0,5,3,0,0,3,0,1,1,0,9,10,0,0,0,1,9,3,3,0,0,1,0,0,1,0,0,2,1,39,0,3,0,0,0,6,2,2,0,1,1,1,1,0,1,4,0,3,0,2,3,2,0,0,60,0,0,0,0,1,0,21,0,0,0,2,0,4,3,0,0,4,0,7,0,9,0,1,1,0,0,0,0,0,1,3,0,0,0,0,0,4,1,0,1,8,0,4,2,2,0,0,0,0,0,1,0,0,0,0,0,0,0,1,0,0,0,0,0,0,0,1,1,0,0,1,1,0,2,0,0,0,0,2,0,0,0,0,1,0,1,0,0,0,0,0,0,0,0,0,2
307557600146100099,54,0,0,2,7,0,0,0,2,14,0,1,2,0,0,0,0,2,0,1,0,2,6,3,0,2,0,23,0,0,5,8,0,0,4,0,1,0,0,10,1,0,0,1,4,2,4,6,0,0,9,0,0,0,0,8,0,0,4,0,1,0,0,1,9,2,0,0,0,0,0,0,3,0,1,0,10,0,3,0,3,4,1,3,1,0,0,1,2,0,63,0,0,0,2,16,0,2,1,1,18,0,17,1,20,1,0,0,0,0,0,0,1,0,0,0,1,0,1,0,2,0,0,0,14,0,1,0,1,4,0,0,0,0,0,0,0,0,0,0,0,0,0,1,0,0,0,0,0,0,1,0,0,0,1,1,0,0,0,0,0,0,0,0,0,0,0,1,0,1,0,0,0,1,0,1,0,0,1,0
307557600146100105,41,0,0,1,0,0,1,0,0,6,0,0,0,0,0,1,1,1,0,0,0,1,0,0,0,2,0,0,0,0,0,0,0,0,2,0,0,0,0,1,1,0,0,0,0,4,2,0,0,0,0,0,0,0,0,3,0,0,3,0,0,0,0,0,0,1,0,0,0,0,1,0,0,0,0,0,0,0,0,0,0,0,0,6,0,1,0,0,3,0,10,0,0,0,0,0,3,0,0,1,0,0,0,0,0,1,0,1,0,0,0,0,0,0,0,0,0,0,0,0,1,1,0,0,2,0,0,0,0,0,0,0,0,0,0,0,0,0,0,0,0,0,0,0,0,0,0,0,0,0,0,0,0,0,0,0,0,0,0,0,0,0,0,0,0,0,0,0,0,0,0,0,0,0,0,0,1,0,0,0
307557600146100107,39,0,0,0,0,0,0,0,0,7,0,0,1,1,0,3,1,0,0,0,0,0,1,0,0,5,0,0,0,0,0,2,1,0,0,0,0,0,1,1,2,0,0,0,0,1,2,0,0,0,0,0,0,0,0,1,0,0,5,0,4,0,0,0,2,0,0,0,0,0,0,0,0,0,5,0,0,0,0,0,0,0,0,12,0,0,0,0,1,0,8,0,0,0,0,0,0,1,0,1,0,0,0,1,0,1,0,0,0,0,0,1,0,0,0,0,0,1,0,0,3,0,0,1,2,0,3,0,0,0,0,0,0,0,0,0,0,0,0,0,0,0,0,0,0,0,0,0,0,0,0,0,0,0,0,0,0,0,0,0,0,0,0,0,0,0,0,1,0,0,0,0,0,0,0,0,0,0,0,0
307557600146100114,8,1,0,8,0,0,0,0,0,0,0,0,0,0,2,0,0,1,0,0,0,0,1,0,0,0,0,1,0,2,0,0,0,0,0,0,0,1,4,0,0,0,0,0,0,0,1,0,0,1,0,0,0,2,0,0,0,0,0,0,0,1,0,0,0,0,0,0,0,0,1,0,0,0,17,0,0,1,0,0,0,0,0,0,0,1,0,1,0,1,2,0,0,0,0,0,0,0,0,0,2,0,1,0,0,0,0,0,0,0,1,0,3,0,0,0,0,0,0,1,0,0,0,0,1,0,0,0,0,0,1,0,0,0,1,0,0,0,0,0,0,0,0,0,0,0,0,0,0,0,0,0,0,0,0,0,0,0,0,1,0,0,0,0,0,0,0,0,0,0,0,0,0,0,0,0,0,0,0,0
307557600146100115,102,0,0,0,0,0,3,0,0,2,0,0,0,0,1,1,0,2,0,1,0,1,2,0,0,4,0,0,0,1,3,2,0,0,1,0,0,3,0,2,7,0,0,0,1,10,3,0,0,0,0,0,0,0,0,0,0,0,20,0,3,0,0,0,2,0,0,0,0,0,1,0,0,0,1,0,0,0,0,0,0,0,0,22,0,0,0,0,0,0,9,0,0,0,0,0,2,1,0,1,0,0,1,0,2,0,0,0,1,0,1,0,0,0,0,0,0,0,0,0,2,0,0,0,4,1,0,0,0,0,0,0,0,0,1,0,0,0,0,0,0,0,0,0,0,0,0,0,0,0,0,0,0,0,0,0,0,0,0,0,0,0,0,0,0,0,0,0,0,0,0,0,0,0,0,1,0,0,0,0
307557600146100119,7,2,0,3,0,0,0,0,0,0,0,0,0,0,0,0,0,0,0,0,0,0,0,0,0,0,0,3,0,0,0,0,0,0,0,0,0,0,3,0,0,0,0,0,0,0,2,8,0,2,0,0,0,0,0,1,0,0,0,0,0,0,0,0,0,0,0,0,0,2,0,0,0,0,5,0,0,0,0,0,0,1,0,0,0,0,0,0,1,0,1,0,0,0,0,0,1,0,0,0,12,0,0,0,1,0,0,0,0,0,0,0,1,0,0,0,0,0,6,0,0,0,0,0,2,0,0,0,0,0,0,0,0,0,0,0,0,0,0,0,0,0,0,0,0,0,0,0,0,0,0,0,0,0,0,0,0,0,0,0,0,0,0,0,0,0,0,0,0,0,0,0,0,0,0,0,0,0,0,0
307557600146100122,73,1,0,0,0,0,0,0,0,5,0,0,0,0,0,1,0,2,0,0,0,0,1,0,0,1,0,0,0,1,0,0,0,0,1,0,0,0,0,1,5,0,0,0,0,4,2,0,0,0,0,0,0,0,0,3,0,0,18,0,0,0,0,0,2,0,0,0,1,0,1,0,0,0,5,0,0,0,0,0,0,0,0,24,0,1,0,0,1,0,6,0,0,0,0,0,1,0,1,0,0,0,0,0,5,0,0,0,0,0,0,0,0,0,1,0,0,0,0,0,1,0,0,1,1,0,1,1,1,0,0,0,0,0,0,0,0,0,0,0,0,0,0,0,0,0,0,0,0,0,0,0,0,0,0,0,0,0,0,0,0,0,0,0,0,0,0,0,0,0,0,0,0,0,0,0,0,1,0,0
307557600146100125,8,0,0,0,0,0,0,0,0,0,0,0,0,0,0,0,0,0,0,0,0,2,0,1,0,0,0,2,0,0,0,0,0,0,1,0,0,0,0,0,2,0,0,0,1,0,0,0,0,0,1,0,0,0,0,1,0,0,1,0,0,0,0,0,1,1,0,0,0,0,0,0,1,0,0,0,1,0,1,0,0,0,0,0,0,1,0,0,0,0,1,0,0,0,1,0,0,1,0,0,2,0,2,0,0,0,0,0,0,0,0,0,0,0,0,0,0,0,0,0,0,0,0,0,3,0,0,0,0,0,0,0,0,0,0,0,0,0,0,0,0,0,0,0,0,0,0,0,0,0,0,0,0,0,0,0,0,0,0,0,0,0,0,0,0,0,0,0,0,0,0,0,0,0,0,0,0,0,0,0
307557600146100126,5,2,0,0,0,0,0,0,0,0,0,0,0,0,0,0,0,0,0,0,0,0,0,0,0,0,0,3,0,0,0,0,0,0,0,0,0,0,1,0,0,1,0,0,1,0,2,0,0,0,0,0,0,0,0,0,0,0,0,0,0,0,0,0,0,0,0,0,0,1,0,0,0,0,0,0,1,0,0,0,0,2,0,0,0,0,0,0,0,0,0,0,0,0,0,0,1,0,0,0,4,0,0,0,0,0,0,0,0,0,0,0,0,0,0,0,0,0,7,0,0,0,0,0,1,0,0,0,0,0,0,0,0,0,0,0,0,0,0,0,0,0,0,0,0,0,0,0,0,0,0,0,0,0,0,0,0,0,0,0,0,0,0,0,0,0,0,0,0,0,0,0,0,0,0,0,0,0,0,0
307557600146100128,35,0,0,1,0,0,0,0,0,1,0,0,0,1,0,0,0,0,0,0,0,0,0,1,0,4,0,0,0,0,3,1,0,0,0,0,0,1,1,0,1,0,0,0,0,6,1,2,0,0,0,0,0,0,0,1,1,0,10,0,4,0,0,0,3,0,0,0,0,0,0,0,0,0,2,0,0,0,1,0,0,0,0,11,0,0,0,0,0,0,4,0,0,0,0,0,1,0,0,0,0,0,0,0,1,0,0,0,0,0,0,1,0,0,1,0,0,1,1,0,1,0,0,0,0,0,2,0,0,0,0,0,0,0,0,0,0,0,0,0,0,0,0,0,0,0,0,0,0,0,0,0,0,0,0,2,0,0,0,0,0,0,0,0,0,0,0,0,0,0,0,0,0,0,0,0,0,0,0,0
307557600146100131,34,1,0,3,0,0,0,0,0,3,0,0,2,0,1,2,0,1,0,2,5,0,1,1,2,0,0,18,1,1,1,2,1,0,4,0,0,14,0,0,0,0,6,1,0,1,10,12,0,0,0,0,0,1,0,1,0,0,0,0,1,0,0,0,2,0,0,2,6,0,0,0,0,0,3,0,4,1,0,5,1,0,0,9,1,0,0,4,13,0,15,0,11,0,3,0,0,0,0,3,19,0,0,1,1,0,1,0,0,0,4,0,5,0,0,0,0,6,3,0,3,0,1,1,17,0,1,1,0,0,0,0,0,0,0,0,0,0,0,0,0,0,0,0,0,0,0,0,0,1,1,0,0,0,0,0,0,0,0,0,1,0,0,0,0,1,0,0,0,0,0,0,0,0,0,0,0,0,0,0
307557600146100132,12,0,0,0,0,0,0,0,0,0,0,0,0,1,0,0,0,0,0,0,0,0,0,0,0,0,0,2,0,0,2,0,0,0,1,0,0,0,0,1,0,0,0,0,1,1,3,1,0,0,0,0,0,0,0,1,0,0,3,0,0,0,0,0,1,0,0,0,1,0,0,0,0,0,1,0,1,0,0,0,0,0,0,0,0,0,0,0,2,0,1,0,0,0,0,1,0,0,0,0,1,0,2,0,7,0,0,0,0,0,0,0,0,0,0,0,0,0,1,0,0,0,0,0,1,0,0,0,0,0,0,0,0,0,1,0,0,0,0,0,0,0,0,0,0,0,0,0,0,0,0,0,0,0,0,0,0,1,0,0,0,0,0,0,0,0,0,0,0,0,0,0,0,0,0,0,0,0,0,0
307557600146100133,31,0,0,0,1,0,0,0,0,1,0,0,0,0,0,0,0,0,0,1,0,6,1,1,0,0,0,13,0,0,1,0,0,0,2,1,0,0,0,0,2,0,0,0,1,1,3,9,0,0,0,0,0,0,0,0,0,0,1,1,0,0,0,0,2,0,0,0,1,0,0,0,2,0,0,0,12,0,1,0,1,0,2,2,1,0,0,2,0,0,28,0,0,0,3,0,0,0,0,0,8,0,14,0,2,0,0,2,0,0,0,0,0,1,0,0,1,0,0,0,1,0,0,1,12,0,1,0,1,2,0,0,0,0,1,0,0,0,0,1,0,0,1,0,0,0,0,0,0,0,0,1,0,0,0,0,0,0,0,0,1,0,0,0,0,0,0,0,0,0,0,0,0,0,0,0,0,0,0,1
307557600146100135,48,0,0,1,0,0,0,0,0,3,0,0,0,0,0,1,0,2,0,0,0,0,0,0,0,0,0,0,0,0,0,0,0,0,0,0,0,0,0,2,5,0,0,0,0,2,2,1,0,0,0,0,0,0,0,0,1,0,11,0,0,0,0,0,1,0,0,0,1,0,2,0,0,0,2,0,0,0,2,0,1,0,0,9,0,0,0,1,0,0,9,0,0,0,0,2,1,0,0,0,0,0,0,0,3,0,0,0,0,0,0,0,0,0,0,0,0,1,1,0,3,1,0,0,3,0,0,1,0,0,0,0,0,0,0,0,0,0,0,0,0,0,0,0,0,0,0,0,0,0,0,0,0,0,1,0,0,0,0,0,0,0,0,0,0,0,0,0,0,1,0,0,0,0,0,0,0,0,0,0
307557600146100136,48,1,0,1,0,0,1,0,0,1,0,0,0,0,0,1,0,0,0,1,0,2,0,1,0,3,0,0,0,0,3,2,0,0,0,0,1,1,0,7,3,0,0,0,0,7,4,1,0,0,0,0,0,0,0,0,0,0,25,0,5,0,0,0,3,0,0,0,0,1,0,0,0,0,1,0,0,1,0,0,1,0,0,11,0,0,0,1,0,0,6,0,0,0,2,0,3,0,0,2,0,0,0,2,3,0,1,0,0,0,1,1,0,0,0,0,0,1,1,0,1,0,0,0,1,0,0,0,0,0,0,0,0,0,0,0,0,0,0,0,0,0,0,1,0,0,0,0,0,0,0,0,0,0,0,0,0,0,0,0,0,0,0,1,0,0,0,0,0,0,1,0,0,0,0,1,0,0,0,0
307557600146100137,142,0,0,6,0,0,1,1,0,30,0,0,0,0,0,3,0,2,0,0,0,0,1,1,0,3,0,0,0,0,4,0,1,0,2,0,0,0,0,8,10,1,0,0,1,3,6,3,0,0,0,0,0,1,0,1,0,0,19,0,0,0,0,0,7,0,0,0,1,1,0,0,0,0,0,0,2,0,0,1,0,0,0,18,0,0,0,2,6,0,27,0,0,1,2,1,0,0,1,0,1,0,4,0,9,0,0,0,0,0,0,1,2,0,1,0,0,0,2,0,5,2,0,2,7,0,0,0,0,0,0,0,0,0,0,0,0,0,0,0,0,1,0,0,0,0,0,0,0,0,0,0,0,0,0,0,0,0,1,0,0,0,1,0,0,0,0,0,0,0,0,0,0,0,0,0,0,0,0,0
307557600146100139,69,0,0,2,0,1,0,0,0,0,0,0,0,1,0,0,1,0,0,0,0,4,0,0,0,6,0,0,0,0,2,0,0,0,1,0,0,0,1,2,5,0,0,0,1,6,4,7,0,1,0,0,1,0,0,1,1,0,21,0,3,0,0,0,4,0,0,0,0,0,1,0,0,0,3,0,0,0,0,1,0,0,0,21,0,0,0,0,0,0,12,0,0,0,1,1,0,0,0,0,0,0,1,0,6,1,0,0,0,0,0,0,0,0,0,0,0,0,1,0,2,0,0,0,1,0,2,1,0,0,0,0,0,0,0,0,0,0,0,0,0,0,0,0,0,0,0,0,0,0,0,0,0,0,1,0,0,1,0,0,0,0,0,0,0,0,0,0,0,0,0,0,0,0,0,0,0,0,0,0
307557600146100140,82,0,0,0,1,0,1,1,0,0,0,0,0,0,0,0,0,1,0,0,0,2,2,0,0,6,0,0,0,0,2,0,1,0,1,0,0,1,0,2,8,0,0,1,0,7,2,1,0,0,0,0,0,0,0,2,0,0,37,0,2,0,1,0,7,1,0,0,1,0,0,0,0,0,3,1,1,1,0,0,0,0,0,16,0,0,1,0,0,0,8,0,0,0,2,0,2,0,0,2,0,0,2,0,3,0,0,1,0,0,1,0,2,0,0,0,0,0,0,0,2,0,1,0,1,1,2,0,1,0,1,0,0,0,0,1,0,0,0,0,0,0,0,0,0,0,0,0,0,0,1,0,0,0,1,0,0,0,0,0,0,0,0,0,1,0,0,0,0,0,0,0,0,0,0,0,0,0,0,0
307557600146100142,6,1,0,0,0,0,0,0,0,0,0,0,0,3,3,0,0,0,0,0,1,0,0,0,0,0,0,2,0,0,0,0,0,0,1,0,0,0,0,0,0,1,0,0,1,1,3,5,0,1,1,0,0,0,0,2,0,0,0,0,0,1,0,0,1,0,0,0,0,0,0,0,0,0,0,0,0,0,0,0,0,1,0,0,0,0,0,0,0,1,2,0,0,0,0,0,0,0,0,0,2,0,0,0,0,0,0,0,0,0,0,0,0,0,1,0,0,0,4,0,0,0,0,0,1,0,0,0,0,0,0,0,0,0,0,0,0,0,0,0,0,0,0,0,0,0,0,0,0,0,0,0,0,0,0,0,0,0,0,1,0,0,0,0,0,0,0,0,0,0,0,0,0,0,0,0,0,0,0,0
307557600146100144,96,2,0,0,0,0,0,0,0,5,0,1,0,0,0,3,2,4,0,0,0,1,1,0,0,7,0,0,0,0,4,2,0,0,0,0,0,1,1,1,6,0,0,1,0,6,2,1,0,0,0,0,0,0,0,0,0,0,18,0,0,0,1,0,4,0,0,0,0,0,0,0,0,0,1,0,0,0,0,0,0,0,0,25,0,0,0,0,1,0,8,1,0,0,1,0,11,1,0,1,1,2,1,0,5,1,0,0,0,0,0,0,0,0,2,0,0,1,0,0,6,2,0,0,5,0,4,1,0,1,0,0,0,0,0,1,0,0,0,0,0,0,0,0,0,0,0,0,0,0,0,0,0,0,2,0,0,1,0,1,1,0,0,0,1,1,0,0,0,1,0,0,0,0,0,0,0,0,0,0
307557600146100146,68,0,0,0,0,0,0,0,0,3,0,0,0,0,0,0,0,0,0,0,0,0,0,1,0,1,0,1,0,0,1,0,0,1,0,0,2,0,1,1,2,0,0,0,0,2,3,2,0,0,0,0,0,1,0,1,1,0,10,1,3,0,0,0,1,0,0,0,0,0,0,0,0,0,2,0,1,0,0,0,0,0,0,13,0,0,0,0,0,0,5,0,0,0,0,0,2,1,0,0,1,0,0,0,2,0,0,0,0,0,0,0,0,0,1,0,0,0,1,0,3,0,0,0,3,1,1,0,0,0,0,0,0,0,0,0,0,0,0,0,0,0,0,0,0,0,0,0,0,0,0,0,0,0,0,0,0,0,0,0,0,0,0,0,0,0,0,0,0,0,0,0,0,0,0,1,0,0,0,0
307557600146100148,110,1,0,0,0,0,0,0,1,0,1,1,0,1,0,4,5,0,0,0,0,1,2,1,0,5,0,1,0,0,9,3,0,1,0,0,1,0,0,5,5,0,0,0,2,15,8,1,0,0,0,0,0,1,0,0,0,0,24,0,15,0,0,0,7,0,0,0,1,0,2,1,0,0,1,0,0,0,0,0,0,0,0,28,0,0,0,1,0,1,18,0,1,0,0,0,3,1,0,0,1,0,0,0,3,0,1,1,0,1,0,0,2,0,0,0,0,3,0,0,1,1,0,2,4,0,3,0,0,1,0,0,0,0,0,0,0,0,0,2,0,0,0,0,0,0,0,0,0,1,0,1,0,0,1,0,0,0,0,0,0,0,0,0,0,0,0,1,0,0,0,0,0,0,0,0,0,0,0,0
307557600146100149,67,0,0,2,0,0,1,0,0,2,0,1,0,0,0,0,1,0,0,0,0,0,1,0,0,0,0,0,0,0,0,1,0,0,0,0,0,0,0,1,5,0,0,0,0,4,2,0,0,0,0,0,0,0,0,1,0,0,11,0,1,0,0,0,1,0,0,0,0,1,0,0,0,0,1,0,1,0,0,0,0,0,0,12,0,0,0,0,1,0,7,0,0,0,0,0,1,0,0,0,0,0,0,0,3,1,0,1,0,0,0,0,0,0,1,0,0,0,0,0,5,1,0,0,4,0,0,1,0,0,0,0,0,0,0,0,0,0,0,0,0,0,1,0,0,0,0,0,0,0,0,0,0,0,0,0,0,0,0,0,0,0,0,0,0,0,0,0,0,0,0,0,0,0,0,0,0,0,0,0
307557600146100151,111,0,0,0,0,1,0,0,1,2,0,0,0,0,1,0,0,2,0,0,0,5,2,0,0,3,0,0,0,0,1,0,0,0,0,0,1,0,0,1,8,0,0,0,1,14,1,0,0,0,0,0,0,0,0,0,1,0,11,1,3,0,0,0,1,1,0,0,0,1,1,0,0,0,1,0,0,0,0,0,0,0,0,24,0,0,0,0,0,0,12,0,0,0,0,4,3,0,0,1,1,0,1,0,3,0,0,0,0,0,0,2,0,0,0,0,0,0,0,0,0,3,0,1,0,0,1,0,0,0,0,0,0,0,1,0,0,0,0,0,0,0,0,0,0,0,0,0,0,0,0,0,1,0,1,0,0,0,0,0,0,0,0,0,0,0,0,1,0,0,0,1,0,0,0,0,0,0,0,0
307557600146100152,7,0,1,0,0,0,0,0,0,0,0,0,0,1,0,1,0,1,0,0,1,0,0,0,0,0,1,6,0,0,0,0,0,0,0,0,0,1,0,0,0,0,1,1,0,0,2,4,0,0,0,0,0,0,0,0,0,0,0,0,0,0,0,0,0,0,0,0,0,0,0,0,0,0,0,0,2,0,0,3,0,0,0,0,0,0,0,0,7,0,10,0,2,0,1,1,0,0,0,0,9,0,0,1,0,0,0,0,0,0,0,0,0,0,0,0,0,0,0,0,0,0,0,0,0,0,0,0,0,0,0,0,0,0,0,0,0,0,0,0,0,0,0,0,0,0,0,0,0,0,0,0,0,1,0,0,0,1,0,0,0,0,0,1,0,0,0,0,0,0,0,0,0,0,0,0,0,0,0,1
307557600146100154,25,0,0,0,0,0,1,0,0,0,0,0,0,0,0,0,0,0,0,0,0,0,0,0,0,0,0,1,0,0,0,0,0,0,2,0,0,0,0,0,1,0,0,0,0,5,3,3,0,0,0,0,0,0,0,0,0,0,1,0,0,0,0,0,4,0,0,0,0,0,0,0,0,0,0,0,3,0,0,1,0,0,0,0,0,0,0,0,0,0,2,0,0,0,0,0,0,1,0,0,3,0,0,0,0,0,0,2,0,0,0,0,0,0,0,0,0,0,0,0,0,2,0,0,1,0,0,1,0,2,0,0,0,0,1,0,0,0,0,0,0,0,0,0,0,0,0,0,0,0,0,0,0,0,0,0,0,0,0,0,0,1,0,0,0,0,0,0,0,0,0,0,0,0,0,0,0,0,0,0
307557600146100160,31,0,0,0,0,0,0,0,0,0,0,0,0,0,0,0,0,0,0,0,0,0,0,0,0,1,0,0,0,0,1,1,0,0,0,0,0,0,0,0,1,0,0,0,0,3,1,0,0,0,0,0,0,0,0,0,0,0,9,0,0,0,0,0,0,0,0,0,0,0,0,0,0,0,0,0,0,0,0,0,0,0,0,2,0,0,0,0,1,0,1,0,0,0,1,0,0,0,0,0,0,0,0,0,2,0,0,0,0,0,0,1,2,0,0,0,0,0,0,0,2,0,0,0,0,0,1,0,0,0,1,0,0,0,0,0,0,0,0,0,0,0,0,0,0,0,0,0,0,0,0,0,0,0,0,0,0,0,0,0,0,0,1,0,0,0,0,0,0,0,0,0,0,0,0,0,0,0,0,0
307557600146100162,45,0,0,1,0,0,0,2,0,9,1,0,0,0,0,1,0,0,1,0,0,2,1,0,0,1,0,1,0,0,0,0,1,1,1,0,0,0,0,2,0,0,0,0,0,0,2,3,0,0,4,0,0,0,0,0,0,0,2,1,0,0,0,0,2,0,0,0,0,0,0,0,0,0,0,0,2,0,0,0,0,1,0,2,0,0,0,0,1,0,15,0,0,0,1,0,1,0,0,0,5,0,4,1,2,1,0,0,0,0,0,0,0,0,0,0,0,0,0,0,1,1,0,0,4,0,2,0,0,1,0,0,0,0,0,1,0,0,0,0,0,0,0,0,0,0,0,0,0,0,0,0,0,0,0,0,0,0,0,0,0,0,0,0,0,0,0,0,0,0,0,0,0,0,0,0,0,0,0,0
307557600146100163,15,0,3,0,0,0,0,0,1,2,0,0,1,0,0,1,0,0,0,0,3,0,0,1,1,0,0,5,0,0,0,0,0,0,1,0,0,3,0,0,1,0,4,0,0,0,4,5,0,0,0,0,0,0,0,1,3,0,0,0,1,0,0,0,1,1,0,0,1,0,0,0,0,0,0,0,1,0,0,3,0,0,0,6,0,0,0,0,5,0,6,0,0,0,1,0,0,0,0,2,15,0,0,0,0,1,0,0,1,0,0,0,1,0,0,0,0,0,0,0,1,1,0,0,3,0,1,0,0,0,1,3,0,0,0,0,0,0,0,0,0,0,0,0,0,0,0,0,0,0,0,1,0,0,0,0,0,0,0,0,1,0,0,0,0,0,0,0,0,0,0,0,0,0,0,0,0,0,0,0
307557600146100164,6,0,0,0,0,0,0,0,0,0,0,0,0,0,0,0,0,1,1,2,2,0,0,0,0,0,0,7,0,0,0,0,0,0,0,0,0,0,0,0,0,0,1,0,0,0,2,1,0,0,0,0,0,0,0,0,0,0,0,0,0,0,0,0,1,0,0,0,0,0,0,0,0,0,0,0,1,0,0,0,0,0,0,2,0,0,0,0,3,1,3,0,0,0,0,0,0,0,0,0,9,0,1,0,0,0,0,0,0,0,0,0,0,1,0,0,0,0,0,0,0,0,0,0,1,0,0,0,0,0,0,0,0,0,0,0,0,0,0,0,0,0,0,0,0,0,0,0,0,0,0,0,0,0,0,0,0,0,0,0,0,0,0,0,0,0,0,0,0,0,0,0,0,0,0,0,0,0,0,0
307557600146100165,149,0,0,2,0,0,0,0,0,0,0,2,1,0,0,1,0,1,0,0,0,5,0,0,0,5,0,0,0,0,8,2,0,1,2,0,1,0,0,11,6,0,0,0,0,13,7,0,0,0,0,0,0,2,0,0,0,0,37,0,8,0,1,0,7,0,0,0,2,0,0,0,0,0,2,0,0,0,0,0,1,0,0,28,1,0,0,1,0,0,21,0,0,0,1,3,3,0,0,2,0,0,1,0,7,0,0,0,0,0,0,1,2,0,0,0,0,0,0,0,3,1,1,2,4,1,3,0,0,0,0,0,0,0,2,0,0,1,0,0,0,0,0,2,0,0,0,0,0,0,0,0,0,1,0,0,0,0,1,0,0,0,0,0,0,1,0,0,0,0,0,0,0,0,0,0,0,0,0,0
307557600146100166,53,0,0,0,0,0,0,0,1,0,0,0,0,0,0,1,0,0,0,0,0,4,0,0,0,1,0,0,0,1,0,2,0,0,1,0,0,0,0,0,2,0,0,0,0,4,2,1,0,0,0,0,0,0,0,0,0,0,9,0,0,0,0,0,4,0,0,0,1,0,0,0,0,0,3,0,0,0,1,0,0,0,0,10,0,0,1,0,0,0,3,0,0,0,0,0,1,0,0,0,0,0,0,0,3,0,0,0,0,0,0,0,0,0,0,0,0,0,0,0,0,0,0,0,0,0,0,0,0,0,0,0,0,0,0,0,0,0,0,0,0,0,0,0,0,0,0,0,0,1,0,0,0,0,2,0,0,0,1,0,0,0,1,0,0,0,0,0,0,0,0,0,0,0,0,0,0,0,0,0
307557600146100167,69,2,1,0,0,0,0,0,0,4,0,1,0,0,0,0,0,1,0,0,0,1,1,0,0,2,0,0,0,0,1,1,0,0,0,0,0,0,0,5,3,0,0,0,0,9,7,1,0,0,0,0,0,0,0,0,0,0,15,0,7,0,0,0,2,0,0,0,0,0,0,0,0,0,1,0,0,0,0,0,0,0,0,17,0,0,0,0,1,0,13,0,0,0,0,0,1,0,0,2,1,0,0,1,2,1,0,0,0,0,0,1,0,0,0,1,0,0,1,0,0,1,0,0,2,0,2,1,0,0,0,0,0,1,0,0,0,0,0,0,0,1,0,1,0,1,0,0,0,0,0,0,0,0,0,0,0,0,0,0,0,0,0,0,0,0,0,0,0,0,0,0,0,0,0,0,0,0,0,0
307557600146100173,34,1,0,0,0,1,0,0,1,2,0,0,0,0,0,0,0,0,1,0,1,1,0,1,0,1,0,0,0,0,0,0,0,0,0,0,0,0,0,0,1,0,0,0,0,0,0,0,0,0,0,0,0,0,0,0,0,0,8,0,1,0,0,0,0,0,0,0,0,0,0,0,1,0,0,0,0,0,0,0,0,0,0,7,0,0,0,1,0,0,7,0,0,0,0,0,0,0,0,1,1,1,1,0,2,0,0,0,0,0,0,0,1,0,0,0,0,0,0,0,0,1,0,0,1,0,0,0,0,0,0,0,0,0,0,0,0,0,0,0,0,0,0,0,0,0,0,0,0,0,0,0,0,0,0,0,0,0,0,0,0,0,0,0,0,0,1,0,0,0,0,0,0,0,0,0,0,0,0,0
307557600146100174,101,1,0,2,0,1,0,0,0,5,0,1,0,0,0,0,1,2,0,1,1,3,1,1,0,4,1,0,0,0,0,1,0,0,0,0,0,1,0,1,7,0,0,0,0,8,6,2,0,1,1,0,0,2,0,0,0,0,26,0,0,0,0,0,4,0,0,0,0,0,0,0,0,0,2,0,1,0,0,0,0,0,0,12,0,0,1,0,1,0,12,0,1,1,1,0,3,0,0,1,1,0,0,0,5,0,1,0,0,0,2,1,0,0,1,0,0,0,1,0,4,1,0,0,1,1,1,0,0,0,0,0,0,0,0,0,0,0,0,1,0,0,0,0,0,0,0,0,0,0,0,0,0,0,0,0,0,1,0,0,0,0,0,1,0,1,0,0,0,1,0,0,0,0,0,0,0,0,0,0
307557600146100178,39,0,1,0,0,0,0,0,0,0,0,0,0,0,0,2,0,0,0,0,0,0,1,1,0,2,0,0,0,0,0,1,1,1,0,0,0,0,0,2,2,0,0,0,0,3,1,1,0,0,0,0,0,0,0,0,0,0,18,1,0,0,0,0,1,0,0,0,1,0,0,0,0,0,0,0,0,0,0,0,0,0,0,5,0,0,0,0,0,0,6,0,0,0,1,1,0,0,0,1,0,0,0,0,4,0,0,0,0,0,1,0,1,0,0,0,0,0,0,0,1,0,0,0,2,0,1,0,0,0,0,0,0,0,0,0,0,0,0,0,0,0,0,0,0,0,0,0,0,0,0,0,0,0,0,0,0,0,0,1,0,0,0,0,0,0,0,0,0,1,0,0,0,0,0,0,0,0,0,0
307557600146100180,22,0,2,0,1,0,0,0,0,3,0,1,1,1,0,0,0,0,0,1,0,0,1,2,0,0,2,14,0,0,1,1,1,0,0,0,0,2,0,0,0,0,0,0,0,1,1,8,0,1,0,0,0,0,0,0,1,0,0,0,0,0,0,0,2,0,2,0,4,0,0,0,1,1,0,0,1,0,0,3,0,3,0,8,0,0,0,1,13,0,14,0,3,0,5,2,3,1,0,4,19,0,0,0,0,1,0,0,0,0,1,2,1,0,0,0,1,1,2,0,1,1,2,0,1,0,2,1,0,0,0,2,4,0,0,1,0,0,0,0,0,0,0,0,0,0,0,0,0,0,0,0,0,0,0,0,0,1,0,0,0,0,0,0,0,0,0,0,0,0,0,0,0,0,0,0,1,0,0,0
307557600146100183,85,0,0,0,0,0,0,0,0,0,0,2,0,0,1,0,0,1,1,0,1,2,3,2,0,0,1,0,0,1,1,1,0,0,0,0,2,0,1,6,4,0,0,0,1,9,4,0,0,1,0,0,0,0,0,0,0,0,15,0,1,0,0,0,2,0,0,0,0,0,0,0,1,0,2,0,1,0,0,1,0,0,0,4,0,0,0,0,1,0,8,0,0,0,1,3,3,0,0,0,1,0,1,0,5,0,0,0,0,0,0,1,2,0,0,0,0,1,0,0,0,1,1,1,5,0,0,1,0,0,0,0,0,0,0,0,0,0,0,0,0,0,0,1,1,0,0,0,0,0,0,0,0,0,1,0,0,0,0,1,0,0,0,0,0,0,0,1,0,0,0,0,1,1,0,0,0,0,0,0
307557600146100185,36,0,0,0,0,0,0,0,0,2,0,1,0,0,0,2,0,0,0,2,6,0,1,4,0,0,0,20,0,0,0,1,2,0,0,0,1,1,0,2,4,1,0,0,0,4,7,1,0,0,0,0,0,0,0,0,0,0,1,0,0,0,0,0,1,0,0,0,0,0,0,0,0,0,0,0,7,0,0,3,0,0,0,0,0,2,0,0,0,0,13,0,0,0,1,1,0,1,0,0,36,0,1,0,0,0,0,2,0,0,0,0,0,0,0,0,0,2,1,1,1,1,0,0,1,0,0,1,0,0,0,0,4,0,0,0,0,0,0,0,0,0,0,0,0,0,0,0,0,0,0,0,0,0,0,0,0,0,0,0,0,0,0,0,0,0,0,0,0,0,0,0,0,0,0,0,0,0,0,1
307557600146100188,78,0,0,1,0,0,0,0,0,2,0,0,0,0,0,0,0,1,0,0,0,2,3,1,0,1,0,0,0,1,3,0,1,2,0,0,0,1,0,3,3,0,0,1,0,8,2,2,0,0,0,0,0,1,0,0,0,0,19,0,6,0,1,0,2,1,0,0,0,0,1,0,0,0,2,0,0,0,2,0,0,0,0,21,0,0,1,0,1,0,13,0,0,0,1,0,2,0,0,1,0,0,1,0,3,0,0,0,1,1,0,0,1,0,0,0,0,0,0,0,2,0,0,0,4,0,1,2,0,0,0,0,0,0,0,0,0,0,0,0,0,0,0,0,0,0,0,0,2,0,0,0,0,0,0,0,0,0,0,0,0,0,0,0,0,0,0,0,0,0,0,0,0,1,0,0,0,0,0,1
307557600146100190,6,1,1,0,0,0,0,0,1,0,0,0,0,0,0,0,0,0,0,0,0,0,0,0,0,0,0,0,1,3,0,1,0,0,0,0,0,0,0,0,0,1,0,0,0,0,1,2,0,0,0,0,0,0,0,0,0,1,0,0,0,1,0,0,0,0,0,0,0,0,0,0,0,0,0,0,1,0,1,0,0,1,0,0,0,1,0,0,0,0,7,0,0,0,0,2,0,2,0,0,1,0,0,0,1,2,0,0,0,0,0,0,2,0,0,0,0,0,0,0,0,0,0,1,3,0,0,2,0,0,1,0,0,0,0,0,0,0,0,0,0,0,0,0,0,1,0,0,0,0,0,0,0,0,0,0,0,0,0,0,0,0,0,0,0,0,0,0,0,0,0,0,0,0,0,0,0,0,0,0
307557600146100191,53,0,0,1,0,0,0,0,0,1,0,0,0,0,0,1,0,1,0,0,0,1,0,0,0,2,0,0,0,0,0,0,0,0,0,0,0,0,0,4,4,0,0,0,0,3,1,0,0,0,1,0,0,0,0,0,1,0,12,0,0,0,0,0,0,0,0,0,0,0,0,0,0,0,0,0,0,0,0,0,0,0,0,2,0,0,0,0,0,0,5,0,0,0,0,2,0,0,0,0,0,0,0,0,4,0,0,0,0,0,0,0,0,0,0,0,0,1,0,0,0,0,1,1,2,0,0,0,0,0,0,0,0,0,0,0,0,0,0,0,0,0,0,0,0,0,0,0,0,0,0,0,0,0,0,0,0,0,0,0,0,0,1,0,0,1,0,0,0,0,0,0,0,0,0,0,0,0,0,0
307557600146100192,19,0,1,0,3,0,0,0,2,4,0,0,0,1,0,0,0,0,1,0,1,1,10,0,0,0,0,4,0,0,0,0,1,0,7,0,1,1,0,0,0,0,0,2,3,1,3,15,0,1,2,1,0,0,0,0,1,1,3,0,1,0,0,0,2,1,4,0,0,0,0,0,0,0,0,0,6,0,1,0,1,2,0,0,2,0,0,0,1,0,28,0,0,0,1,2,0,5,1,0,5,0,9,1,0,12,0,5,0,0,0,1,1,2,0,0,1,0,0,0,0,2,0,2,12,0,3,0,0,3,0,0,0,0,0,0,0,0,0,0,0,0,0,0,0,0,0,0,0,0,0,0,0,0,0,0,0,0,0,0,0,1,0,0,0,0,0,0,0,2,0,0,0,0,0,0,0,0,0,0
307557600146100193,26,0,0,0,0,0,0,1,0,3,0,0,0,0,0,0,1,0,0,0,0,1,0,0,0,2,0,0,1,0,3,1,0,0,2,0,0,0,1,6,2,0,0,0,0,7,1,0,0,0,0,0,0,0,1,0,0,0,15,0,1,0,0,0,0,0,0,0,0,0,0,0,0,0,0,1,0,0,0,0,0,0,0,9,0,0,1,0,0,0,4,0,0,0,0,3,0,0,0,0,0,0,0,0,2,0,0,0,0,0,1,0,0,0,0,0,0,0,0,0,1,0,1,0,1,0,1,0,0,0,0,0,0,0,0,0,0,0,0,0,0,0,0,2,0,0,0,0,0,0,0,0,0,0,2,0,0,0,0,0,0,0,0,1,0,0,0,0,0,0,0,0,0,0,0,0,0,0,0,0
307557600146100194,58,1,0,0,0,0,0,0,0,1,1,0,1,1,0,1,0,0,0,1,0,1,2,0,0,2,0,1,0,0,0,0,0,0,0,0,1,0,0,4,1,0,0,1,1,7,2,2,0,0,0,0,0,0,0,0,0,0,21,0,2,0,0,0,4,0,0,0,1,0,2,0,0,0,1,0,1,0,0,0,0,0,0,6,0,0,0,0,1,0,1,0,0,0,1,0,1,0,0,0,0,0,0,1,2,0,0,0,0,0,0,0,1,0,1,0,0,1,0,0,1,1,1,1,2,0,0,0,0,0,0,0,0,0,0,0,0,0,0,0,1,0,0,0,0,0,0,0,0,0,0,0,0,0,1,0,0,0,0,0,0,0,0,0,0,0,0,0,0,1,0,0,0,1,0,0,0,0,0,0
307557600146100197,59,0,0,0,1,0,0,0,0,0,1,0,0,0,0,0,0,5,0,0,0,1,0,0,0,1,0,1,0,0,0,0,0,0,0,0,0,0,0,0,0,0,0,0,0,2,1,0,0,0,0,0,0,0,0,0,1,0,8,0,1,0,0,0,1,1,0,1,0,0,0,0,0,0,2,0,0,1,0,0,0,0,0,7,0,0,0,0,0,0,4,0,0,0,3,0,0,0,0,0,1,0,1,0,1,0,0,0,0,0,0,0,0,0,0,0,0,0,0,0,0,2,1,0,0,1,0,0,0,0,0,0,0,0,1,0,0,0,0,0,0,0,0,1,0,0,0,0,0,0,0,0,0,0,0,0,0,0,0,1,0,0,0,0,0,0,0,0,0,0,0,0,0,0,0,2,0,0,0,0
307557600146100209,141,0,0,1,0,0,0,0,0,2,0,1,0,0,0,2,0,0,0,1,0,4,1,2,0,0,0,2,0,0,0,1,0,0,1,0,0,1,0,4,7,0,0,0,1,12,0,0,0,0,0,0,1,2,0,0,1,0,21,0,0,1,0,0,5,1,0,0,1,0,0,0,0,0,1,1,6,0,1,2,0,0,0,3,0,0,0,0,0,0,8,0,0,0,2,16,5,1,0,1,1,0,2,0,7,0,0,0,0,0,2,1,4,0,1,0,2,1,0,0,1,2,2,1,5,2,5,0,0,0,0,0,0,0,0,1,0,0,0,1,0,0,0,0,0,0,0,0,0,0,1,0,0,0,0,0,0,0,0,1,0,0,0,1,0,0,0,0,0,1,0,0,1,1,0,0,0,0,0,1
307557600146100215,36,0,0,1,0,0,0,0,0,2,0,0,0,0,0,1,0,2,0,0,0,3,1,0,0,3,0,0,0,0,0,0,0,0,0,0,0,2,0,4,0,0,0,0,0,0,6,0,0,0,0,0,0,1,1,0,0,0,9,0,4,0,1,0,2,0,0,0,0,0,0,0,0,0,0,0,0,0,0,0,0,0,0,5,0,0,0,0,0,0,9,0,0,0,1,3,0,0,0,0,0,0,0,0,4,0,1,0,0,0,0,0,2,0,0,0,0,0,0,0,2,0,0,0,3,0,0,0,0,0,0,0,0,0,0,0,0,0,0,0,0,0,0,0,0,0,0,0,0,0,0,0,0,0,0,0,0,0,1,0,0,0,1,0,0,0,0,0,0,0,0,0,0,0,0,0,0,0,0,0
307557600146100216,87,0,0,1,0,0,0,0,0,1,0,0,0,0,0,3,1,3,0,0,0,1,3,0,0,0,0,0,0,0,1,0,0,0,0,0,0,1,1,7,6,0,0,0,0,5,2,0,0,0,0,0,0,2,0,0,0,0,18,1,13,0,0,0,3,1,0,0,0,0,0,0,0,0,0,0,1,0,0,1,0,0,0,18,0,0,0,0,0,0,11,0,0,0,0,1,1,0,0,0,0,0,0,0,6,0,0,0,0,0,0,1,0,0,0,0,0,0,0,0,1,2,0,2,3,1,0,0,0,0,0,0,0,0,0,0,0,0,0,1,0,0,0,0,0,0,0,0,0,1,1,0,0,0,0,0,0,0,0,0,0,0,0,0,0,0,0,0,0,0,0,0,0,0,0,0,0,0,0,0
307557600146100229,36,0,0,0,0,0,0,0,0,5,0,1,0,0,0,1,0,0,0,0,0,0,0,0,0,1,0,0,0,0,3,0,0,0,0,0,0,0,0,4,3,0,0,0,0,7,0,0,0,0,0,0,0,0,0,0,0,0,5,0,3,0,0,0,3,0,0,0,0,0,2,1,0,0,0,0,0,0,0,0,0,0,0,3,0,0,0,0,0,0,1,0,1,0,2,0,1,0,0,0,0,0,2,0,0,0,0,0,0,0,0,0,0,0,2,0,0,0,0,0,0,1,0,0,1,0,0,0,0,0,0,0,0,0,0,0,0,0,0,0,1,0,0,0,0,0,0,0,0,0,0,0,0,0,3,0,0,0,0,0,0,0,0,0,0,0,0,0,0,0,0,0,0,0,0,0,0,0,0,0
307557600146100230,22,0,0,0,0,0,1,1,0,0,0,0,0,0,0,0,0,0,0,0,0,1,0,0,0,0,0,0,0,0,0,0,0,0,0,0,0,0,0,0,1,0,0,0,0,2,1,0,0,0,0,0,0,0,0,0,0,0,0,0,0,0,0,0,0,0,0,0,0,1,0,0,0,0,0,0,0,0,0,0,0,0,0,1,0,0,0,0,0,0,0,0,0,0,1,5,2,0,0,1,0,0,0,0,1,0,0,0,0,0,0,0,0,0,0,0,0,0,0,0,1,0,0,0,0,0,0,0,0,0,0,0,0,0,0,0,0,0,0,0,0,0,0,0,0,0,0,0,0,0,0,0,0,0,0,0,0,0,0,0,0,0,0,0,0,0,0,0,0,1,0,0,0,0,0,0,0,0,0,0
307557600146200004,10,2,0,0,0,0,0,0,0,1,0,0,0,0,0,13,0,3,0,8,8,0,0,5,6,0,0,48,0,0,0,0,0,0,0,0,0,0,0,0,3,0,0,0,1,0,11,4,1,0,0,0,0,0,0,0,0,0,0,1,0,0,2,0,1,0,0,0,7,0,0,1,0,0,0,1,0,0,0,1,0,0,0,1,0,1,0,0,1,2,13,0,0,1,1,0,0,0,0,0,29,0,1,0,0,0,0,1,0,0,0,0,0,0,0,0,0,3,6,0,0,0,0,1,1,0,0,1,0,0,0,0,0,0,0,0,0,0,0,0,0,0,0,0,0,0,0,0,1,0,0,0,0,0,0,0,0,0,0,0,2,1,0,1,0,0,0,0,0,0,0,1,0,0,0,0,0,0,0,0
307557600146200005,23,9,0,4,0,0,0,0,1,0,0,1,0,0,0,0,0,6,0,3,0,0,0,1,2,0,0,8,0,0,0,0,1,0,0,0,0,0,0,0,0,0,0,1,0,1,22,7,0,0,0,0,0,0,0,0,0,0,0,0,1,0,0,0,0,0,0,0,0,5,0,1,1,0,0,0,0,0,0,0,0,6,0,1,1,2,0,1,1,1,1,0,0,0,1,1,3,0,0,0,8,0,0,0,2,0,0,1,0,0,0,0,0,0,0,0,0,1,47,0,0,0,0,0,6,0,0,0,3,0,0,0,0,0,0,0,0,0,1,0,0,0,2,1,0,1,0,0,0,0,0,0,0,1,0,0,0,0,0,0,0,0,0,0,0,0,0,0,0,0,0,0,0,0,0,0,0,0,0,1
307557600146200010,4,0,0,0,0,0,0,0,0,0,0,0,0,1,0,2,0,1,0,4,2,0,0,2,0,0,0,16,0,0,0,0,1,0,0,0,0,0,0,0,1,0,1,0,0,0,4,0,0,0,0,0,0,0,0,0,0,0,0,0,0,0,0,0,0,0,0,0,1,1,0,0,0,0,0,0,1,0,0,0,0,0,0,0,0,0,0,0,0,0,10,0,0,0,0,1,0,0,0,0,17,0,0,0,0,0,0,0,0,0,0,0,0,0,0,0,0,1,2,0,0,0,0,0,0,0,0,0,1,0,0,0,0,0,0,0,0,0,0,0,0,0,0,0,0,0,0,0,0,0,0,0,0,0,0,0,0,0,0,0,0,0,0,0,0,0,0,0,0,1,0,0,0,0,0,0,0,0,0,0
307557600146200013,19,0,0,1,0,0,1,0,0,0,0,0,0,0,0,0,0,1,2,3,2,0,2,0,2,0,0,42,0,0,0,0,1,0,0,0,0,0,0,0,2,0,0,0,0,0,8,0,0,0,0,0,0,0,0,0,0,0,0,0,0,0,0,0,0,0,0,0,1,0,0,1,0,0,0,0,2,0,0,0,0,0,0,0,0,0,0,0,0,1,12,0,0,0,0,0,0,0,0,0,40,0,0,0,0,0,0,0,0,0,0,0,0,0,1,0,0,2,1,0,0,0,0,0,2,0,0,0,0,0,0,0,0,0,0,0,0,0,0,0,0,0,0,0,0,0,0,0,0,0,0,0,0,0,0,0,0,0,0,0,2,0,0,0,0,0,0,0,0,0,0,0,0,0,0,0,0,0,0,0
307557600146200015,18,0,0,23,0,0,1,1,2,0,0,0,0,0,5,0,0,0,0,0,0,0,0,1,0,0,0,0,0,0,0,0,1,0,0,0,0,0,2,0,0,1,0,0,0,0,2,1,0,0,0,0,0,0,0,0,0,0,0,0,0,0,0,0,0,0,0,0,0,0,0,0,0,0,27,0,0,0,0,0,0,0,0,0,0,0,0,0,0,1,3,0,0,0,0,0,0,0,0,0,2,0,0,0,0,0,0,0,0,0,0,0,0,0,0,0,0,3,2,1,0,0,0,1,0,0,0,0,0,0,0,0,0,0,0,0,0,0,0,0,0,0,0,0,0,0,0,0,0,0,0,0,0,0,0,0,0,0,0,0,0,0,0,1,0,0,0,0,0,0,0,0,0,1,0,0,0,0,0,0
307557600146200021,8,0,0,0,0,0,0,0,0,0,0,0,0,0,0,1,1,0,0,8,3,0,0,1,1,1,0,18,0,0,0,0,2,0,6,0,0,0,0,0,3,2,0,0,0,0,2,3,0,0,0,0,0,0,0,0,0,0,0,0,0,0,0,0,0,0,0,0,0,0,1,0,0,0,0,0,1,0,0,3,0,0,0,0,0,0,0,0,0,0,25,0,0,0,2,0,0,0,0,0,25,0,0,0,0,0,0,2,0,0,0,0,0,1,0,0,0,2,1,0,0,0,0,1,0,1,1,1,0,0,0,0,6,0,0,0,0,0,0,0,0,0,0,2,0,0,0,0,1,0,0,0,0,0,0,0,0,0,0,0,1,0,0,0,0,0,0,0,0,0,0,0,0,0,0,0,0,0,0,0
307557600146200022,21,11,0,0,0,0,1,0,0,0,1,0,1,6,6,0,0,1,7,2,0,0,1,1,0,0,0,3,3,0,1,0,0,0,0,0,0,0,29,0,0,56,0,1,0,2,17,4,0,6,0,0,3,0,0,19,0,0,1,0,1,0,0,0,2,0,0,0,0,2,11,1,0,1,1,0,0,0,1,0,0,2,0,0,0,1,0,1,0,3,18,0,0,0,0,0,0,0,0,0,5,0,1,0,1,0,0,1,0,0,0,0,0,0,1,0,0,2,20,0,0,0,1,0,3,0,0,0,7,0,0,0,0,0,0,0,0,0,0,0,2,0,0,0,0,0,0,0,0,0,0,0,0,0,0,0,0,0,0,0,0,0,0,0,0,0,0,0,0,0,0,0,0,0,0,0,0,0,0,1
307557600146200024,23,9,0,1,0,0,0,0,0,1,1,0,0,8,19,0,0,5,10,0,0,0,1,1,0,0,3,0,22,1,0,0,0,0,0,0,0,0,58,0,0,72,1,1,1,1,27,7,0,20,0,0,0,0,0,21,0,0,2,0,0,0,0,0,0,0,0,0,1,0,9,5,0,0,0,1,0,0,0,0,0,1,0,1,0,1,0,1,0,4,12,0,1,0,5,0,0,1,0,0,4,1,2,0,1,1,0,2,0,1,0,1,0,0,0,2,0,2,6,0,0,0,0,1,11,0,0,0,17,0,0,0,0,0,0,0,0,0,0,1,1,0,0,0,0,0,1,0,0,0,0,0,0,0,0,0,0,0,0,0,0,0,0,1,0,0,0,0,0,0,0,0,0,0,1,1,0,0,0,0
307557600146200027,17,4,0,0,1,0,1,0,0,1,0,0,0,0,2,0,0,0,2,0,0,0,0,0,1,0,1,1,0,2,0,0,1,0,0,1,0,0,10,1,0,19,0,0,0,0,7,6,0,10,0,0,0,0,0,3,0,0,1,0,1,0,0,0,2,0,0,0,0,3,4,1,0,0,0,0,0,0,0,2,0,0,0,0,0,0,0,0,0,0,4,0,1,0,1,0,1,0,0,0,5,0,0,0,0,0,0,0,0,0,0,0,1,0,0,0,0,0,9,0,0,0,0,0,1,0,0,0,3,0,0,0,0,0,0,0,0,0,0,0,0,0,0,0,0,0,1,1,0,0,0,0,0,0,0,0,0,0,0,0,0,0,0,0,0,0,0,0,0,0,0,0,0,0,0,0,0,0,0,0
307557600146200031,17,4,0,2,0,1,0,0,0,1,0,0,0,0,1,0,0,1,0,0,1,1,1,1,1,0,0,12,0,0,0,0,4,0,0,0,0,0,0,0,0,1,0,0,0,0,11,13,0,0,0,0,0,0,0,0,0,0,0,0,0,0,0,0,0,0,0,0,0,1,0,0,0,0,0,0,0,0,1,2,0,4,0,0,0,9,1,2,6,1,2,0,0,0,0,2,1,0,0,0,23,0,0,0,0,0,0,0,0,0,0,0,0,0,0,0,0,0,28,0,1,0,0,0,2,0,0,0,2,0,0,0,0,0,0,1,0,0,1,0,0,0,0,0,0,0,0,0,0,0,0,0,0,0,0,0,0,0,0,0,0,0,0,0,0,0,0,0,0,0,0,0,0,0,0,0,0,1,0,1
307557600146200035,35,5,8,1,2,0,0,0,0,0,0,1,0,4,8,1,0,0,0,0,4,0,1,9,1,0,1,16,0,0,1,4,0,0,3,4,1,6,1,0,1,1,2,1,1,2,4,9,0,7,0,0,0,0,0,7,0,0,0,0,0,3,0,0,2,0,0,0,1,1,0,0,0,0,0,0,2,0,0,1,0,0,0,5,0,0,0,0,19,0,23,0,2,0,5,3,2,2,0,2,36,0,2,0,3,0,1,3,0,0,1,1,2,0,0,0,0,0,3,0,0,0,0,0,8,1,4,3,0,2,0,1,1,0,0,0,0,0,1,0,0,0,0,0,0,0,0,0,0,0,0,0,0,0,0,0,0,0,0,0,1,0,1,1,0,0,0,0,0,0,0,0,0,0,0,0,0,0,0,0
307557600146200038,31,0,0,0,1,0,0,0,0,0,0,0,0,0,0,0,0,0,1,6,7,0,0,0,2,0,1,65,0,0,0,1,0,0,2,0,0,2,0,0,5,1,0,0,0,0,2,1,0,0,0,0,0,0,0,0,1,0,0,0,0,0,0,0,0,2,0,0,4,0,0,0,0,0,2,0,0,0,1,2,0,1,1,2,0,0,0,1,0,0,34,0,1,0,3,0,0,2,0,1,62,0,0,0,0,1,0,1,0,0,0,0,0,0,0,0,0,4,0,0,0,0,2,1,0,0,3,1,1,0,0,0,11,1,0,1,0,0,0,0,1,0,0,0,0,0,0,0,0,0,0,0,0,0,0,0,0,0,0,0,3,0,0,0,0,1,0,0,0,0,0,0,0,0,0,0,0,0,0,0
307557600146200039,19,3,4,0,0,0,0,0,0,0,1,0,0,2,7,4,0,0,5,0,5,0,0,0,0,0,2,14,3,0,1,0,0,0,4,2,0,8,9,0,0,19,3,2,1,1,8,9,0,10,0,0,1,0,0,9,0,0,1,0,0,2,0,0,1,1,0,0,2,1,1,2,0,0,4,0,2,0,0,6,2,1,0,5,0,0,0,0,15,0,16,0,4,0,2,0,2,0,0,2,23,2,0,0,1,0,2,3,0,0,1,0,1,0,0,1,0,0,0,1,2,0,3,2,7,0,1,2,2,2,0,2,6,0,0,0,0,0,0,0,0,0,0,0,0,0,0,1,0,0,0,0,0,1,1,0,0,0,0,1,0,1,0,0,0,0,0,0,0,0,0,0,0,0,0,0,0,0,0,0
307557600146200041,51,10,0,9,2,0,1,0,2,0,0,0,1,0,4,0,0,1,1,3,2,0,3,0,3,0,1,13,0,3,0,0,1,0,2,0,0,0,1,0,2,0,0,0,0,1,10,6,0,2,0,0,0,4,0,0,1,0,1,0,0,0,0,0,1,0,1,4,0,2,0,1,0,0,10,0,1,0,0,1,0,7,0,2,5,3,0,5,1,1,25,0,1,0,3,4,1,0,0,0,29,1,7,0,0,0,0,0,0,0,1,0,18,0,1,0,0,0,15,0,1,0,0,6,12,1,0,0,1,0,13,0,0,0,0,0,0,1,0,0,1,0,0,0,0,0,0,0,0,0,0,0,0,0,0,1,0,0,0,0,0,0,0,0,0,0,0,1,0,0,0,0,0,0,0,0,0,1,0,0
307557600146200042,10,1,2,1,2,1,0,0,0,0,0,0,0,4,0,0,0,1,0,0,0,0,1,4,0,0,1,2,0,0,0,0,0,0,4,0,0,2,7,0,1,5,1,3,4,1,1,5,0,1,0,0,1,0,0,2,0,0,2,0,0,0,0,0,3,0,0,0,0,1,3,0,0,0,0,0,4,0,1,0,1,0,0,0,0,0,0,0,1,0,32,0,2,0,1,1,2,1,0,0,2,1,1,0,0,7,1,1,1,0,0,0,0,0,1,0,1,0,1,0,0,1,0,0,11,0,1,0,0,1,0,0,0,0,0,0,0,0,0,0,0,0,0,0,0,0,0,0,0,0,0,0,0,0,0,0,0,0,0,0,0,0,0,0,0,0,0,0,0,0,0,0,0,0,0,0,0,0,0,0
307557600146200046,52,0,0,0,0,0,3,0,0,0,0,0,0,0,0,1,0,0,0,0,0,0,0,0,0,0,0,0,0,0,0,0,1,0,2,0,0,0,0,0,1,0,0,0,0,2,3,3,0,0,1,0,0,0,0,0,0,0,0,0,0,0,0,0,3,3,0,0,0,0,0,0,0,0,2,0,1,0,1,0,0,0,0,0,0,0,0,1,0,6,3,0,0,0,1,3,2,0,0,0,19,0,1,0,1,1,0,9,1,0,0,0,1,2,0,0,0,1,0,0,0,1,0,1,1,0,0,0,0,0,0,0,2,0,0,0,0,0,0,0,0,0,0,0,0,0,0,0,0,0,0,0,1,0,0,0,1,0,0,0,0,0,0,0,0,0,0,0,0,0,0,0,0,0,0,0,0,0,0,0
307557600146200047,32,13,0,4,1,5,0,0,0,0,0,0,0,0,0,0,0,2,0,0,0,1,1,0,2,0,1,11,1,0,1,0,2,0,0,0,0,0,0,1,2,0,1,0,0,0,24,35,0,0,0,0,0,1,0,0,1,0,1,0,1,0,0,0,0,1,0,0,0,11,0,0,0,0,2,1,1,1,0,0,1,15,0,1,1,4,0,0,6,0,3,0,1,0,1,3,1,0,0,0,32,1,0,0,0,0,0,0,0,0,0,0,2,1,0,0,0,0,58,0,1,0,0,0,1,0,0,0,7,0,0,0,0,0,0,0,0,0,0,0,0,0,0,1,0,0,0,0,1,0,0,0,0,0,0,2,0,0,1,0,0,0,0,0,0,0,0,0,0,0,0,0,0,0,0,0,0,0,0,1
307557600146200049,23,0,4,0,3,0,1,1,0,0,0,0,0,0,0,0,0,1,0,0,0,1,2,0,0,0,0,0,0,0,0,1,0,0,0,0,0,0,1,0,1,0,0,0,1,2,0,21,0,0,0,0,0,0,1,0,0,0,1,0,1,0,0,0,2,0,0,0,0,0,0,0,4,0,0,0,1,0,6,0,1,2,0,0,0,0,0,0,3,1,14,0,3,0,0,4,6,1,0,0,0,0,2,3,0,8,1,0,0,0,0,0,0,1,0,0,0,0,0,0,2,0,0,0,8,1,1,0,0,1,0,1,0,0,0,0,0,0,0,0,0,1,0,0,0,0,0,0,0,0,0,0,0,0,0,0,0,0,0,0,0,0,0,0,0,0,0,0,0,0,0,0,0,0,0,0,0,0,0,0
307557600146200052,85,1,12,2,1,0,0,0,1,7,1,0,4,1,3,4,0,8,2,3,27,0,1,4,2,1,0,68,1,2,2,4,2,0,8,0,1,30,2,1,3,2,1,0,1,2,12,13,0,1,0,0,0,1,1,1,2,0,0,1,1,1,0,0,3,0,0,0,9,1,1,0,1,0,2,0,27,1,2,4,1,4,0,8,0,0,0,4,72,0,25,0,5,0,11,7,6,0,1,4,89,1,8,0,3,1,1,0,1,0,4,0,2,0,0,0,0,3,1,0,3,2,4,1,8,0,0,4,0,1,1,4,7,0,0,1,1,1,0,0,1,1,1,2,1,0,0,2,0,0,1,0,0,1,0,0,0,0,0,0,2,0,0,1,0,0,0,0,1,0,0,0,0,0,0,0,1,2,1,0
307557600146200054,21,7,0,2,0,2,0,0,0,1,0,0,0,0,0,0,0,0,0,0,0,0,0,0,0,0,0,9,0,1,0,0,0,0,0,0,0,0,0,0,1,0,0,0,0,1,9,21,0,1,0,0,0,0,0,1,0,1,0,0,0,0,0,0,0,0,0,0,0,10,0,0,0,0,0,0,0,0,0,1,0,6,0,0,0,9,0,0,3,0,2,0,0,0,0,7,0,0,0,0,30,0,0,0,0,0,0,0,0,0,0,0,0,0,0,0,0,0,45,0,0,0,0,0,5,0,0,0,1,0,0,0,0,0,0,0,0,0,0,0,0,0,0,0,0,0,0,0,0,0,0,0,0,0,0,0,0,0,0,0,0,1,0,0,0,0,0,0,0,0,0,1,0,0,0,0,0,0,0,0
307557600146200055,19,0,1,2,0,1,0,0,5,2,0,1,0,0,6,0,0,2,0,0,2,0,0,1,0,3,0,17,1,7,2,1,0,1,0,0,0,2,0,0,1,0,0,0,0,0,5,1,0,0,0,1,0,0,0,2,0,0,0,0,0,0,2,0,7,0,0,6,0,0,1,0,0,0,0,0,3,0,0,0,0,3,0,0,10,0,0,11,6,1,11,0,2,0,2,0,0,0,0,0,10,0,5,0,0,0,0,0,0,0,1,0,8,0,0,0,0,0,0,0,0,0,0,3,4,0,1,0,1,3,8,2,1,0,0,0,0,0,0,0,0,0,0,0,0,0,0,0,0,0,1,0,0,0,0,0,0,0,0,0,1,0,0,1,0,0,0,1,0,0,0,0,0,0,0,0,1,0,0,0
307557600146200056,33,0,1,1,4,0,0,1,0,2,0,1,0,0,0,2,1,2,0,0,3,6,5,2,0,0,0,22,0,0,0,0,0,0,10,3,1,1,1,0,0,0,0,0,0,1,2,7,0,0,7,0,0,0,0,0,2,0,1,0,0,0,0,0,6,0,1,0,1,0,1,0,2,1,1,0,19,0,3,0,11,5,0,2,2,0,0,2,8,0,50,0,0,0,7,1,0,1,0,3,21,0,16,2,2,7,0,3,0,0,0,1,2,5,0,0,4,3,2,0,3,6,0,1,14,2,2,1,0,3,0,0,1,0,0,1,0,0,0,0,0,0,0,0,0,1,0,4,0,1,0,0,0,0,0,1,0,1,0,0,0,0,0,0,1,0,0,0,0,0,0,0,0,0,0,0,0,0,0,1
307557600146200058,42,9,0,1,1,2,0,0,0,0,0,0,1,1,1,0,0,2,0,0,0,1,1,1,2,0,0,13,0,0,0,0,3,0,0,0,1,0,1,0,1,1,0,0,0,0,30,24,0,0,0,0,0,0,0,0,0,0,0,2,0,0,1,0,0,1,0,0,1,8,0,0,0,0,6,0,1,0,0,2,0,16,0,1,0,13,0,1,4,1,4,0,1,0,1,5,0,0,0,0,28,0,1,0,0,0,0,0,0,0,0,2,0,0,2,0,0,0,59,0,0,0,0,0,8,0,0,0,5,0,1,0,0,0,0,0,0,0,0,0,1,0,0,0,0,0,0,0,0,0,0,0,0,0,0,0,0,0,0,0,0,0,0,0,0,0,0,0,1,0,0,0,0,0,0,0,0,0,0,1
307557600146200061,12,0,1,0,2,0,0,0,0,0,0,0,0,0,0,0,0,0,0,0,0,0,5,0,0,0,0,0,0,0,0,3,0,0,3,0,0,2,3,0,1,0,0,0,0,3,0,8,0,0,1,0,0,0,1,0,0,0,2,0,0,1,0,0,0,0,3,0,0,0,1,0,3,0,0,0,6,0,3,0,0,1,0,0,0,0,0,0,0,1,9,0,0,0,2,0,6,1,1,0,4,0,8,2,1,9,0,1,0,0,0,0,0,1,0,0,1,0,0,0,1,1,0,1,10,0,0,0,0,4,0,0,0,0,0,0,0,0,0,0,1,0,0,1,0,0,0,0,0,0,0,0,0,0,1,0,0,0,0,0,0,0,0,0,0,0,0,0,0,0,0,0,0,0,0,0,0,0,0,1
307557600146200062,39,0,4,0,8,0,0,0,0,1,0,0,0,0,2,0,0,0,1,0,1,0,7,1,0,0,0,1,1,0,0,1,0,0,3,0,0,2,0,0,0,0,0,3,1,2,1,12,0,0,0,0,0,0,0,0,0,0,1,0,0,0,0,0,5,2,1,0,1,0,0,0,4,0,0,0,4,2,5,0,4,2,0,0,0,0,0,0,0,2,29,0,0,0,4,2,6,3,0,0,3,0,2,2,0,9,1,1,0,0,0,0,0,1,0,0,0,0,0,0,0,5,0,0,6,0,5,1,0,2,0,0,0,0,0,0,0,0,0,0,0,0,0,0,0,0,0,0,0,0,0,0,0,0,0,0,0,0,0,0,0,0,0,0,0,0,0,0,0,0,0,0,0,1,0,0,0,0,0,0
307557600146200064,20,0,2,1,3,0,0,0,2,1,0,0,1,0,0,0,0,0,0,0,1,3,3,0,0,0,0,5,0,0,0,0,0,0,4,0,0,0,0,0,0,0,1,0,1,2,1,9,0,0,4,0,0,0,0,0,1,0,2,0,0,1,0,0,7,0,0,0,0,0,2,0,1,0,2,0,6,0,3,0,1,3,1,0,0,0,1,2,3,0,37,0,1,0,0,0,0,1,1,0,4,0,11,0,1,5,0,3,0,0,0,0,1,0,0,0,3,0,0,0,0,2,0,0,7,0,3,0,0,1,1,0,0,1,0,1,0,0,0,0,0,0,1,0,0,0,0,0,1,0,0,0,0,0,0,0,0,0,0,0,0,0,0,0,0,1,0,0,0,0,0,1,0,0,0,0,0,0,0,0
307557600146200065,16,0,0,0,5,0,0,0,0,0,1,0,1,0,1,0,0,1,0,0,0,0,5,0,0,0,0,1,0,0,0,0,0,0,3,0,0,1,0,0,0,2,0,1,0,1,2,7,0,0,2,0,0,0,1,1,0,0,0,0,0,1,0,0,6,0,0,0,0,1,0,0,6,0,0,0,3,0,3,0,0,1,1,1,0,0,0,0,1,0,22,0,0,0,3,0,2,0,0,2,2,0,5,3,0,2,0,2,0,0,0,0,1,1,0,0,0,0,0,0,0,6,0,0,9,0,7,0,0,0,0,0,0,0,0,0,0,0,0,0,0,0,0,1,0,0,0,0,0,0,0,0,0,0,0,0,0,0,0,0,0,0,0,0,0,0,0,0,0,0,0,0,0,0,0,0,0,0,0,0
307557600146200066,47,0,1,1,8,0,1,1,0,4,0,0,1,0,0,0,1,2,1,0,0,0,3,0,0,0,0,8,1,0,2,0,1,0,7,0,1,2,0,0,1,1,0,1,7,0,2,14,0,0,4,0,0,0,0,0,0,0,0,0,0,0,0,0,6,1,5,0,0,0,0,0,4,0,0,0,8,0,3,0,0,3,0,8,0,0,0,0,2,0,36,0,0,0,4,0,2,1,1,0,9,0,17,1,0,5,0,2,0,0,0,0,1,0,0,0,2,0,2,1,0,4,0,1,18,0,4,0,1,2,0,0,0,0,0,0,0,0,0,0,0,0,0,0,0,0,0,0,0,1,1,0,0,0,1,0,0,0,0,0,0,0,0,0,0,0,0,0,0,0,0,1,0,0,0,0,0,0,0,1
307557600146200070,11,0,0,0,0,0,0,0,0,2,0,0,0,0,0,1,0,0,0,0,0,2,0,0,0,1,0,1,0,0,0,0,2,0,1,0,0,0,0,0,0,1,0,0,0,0,0,0,0,0,0,0,0,0,0,0,0,0,1,0,0,0,0,0,0,0,0,0,0,0,1,0,1,0,0,0,2,0,0,0,0,3,0,8,0,1,0,0,0,0,10,0,0,0,1,0,0,0,1,0,1,0,3,0,1,0,0,0,0,0,0,0,0,0,0,0,0,0,0,0,0,0,0,0,1,0,0,0,0,0,0,1,0,0,0,0,0,0,0,0,0,0,0,0,0,0,0,0,0,0,0,0,0,0,0,0,0,0,0,0,0,0,0,0,0,0,0,0,0,1,0,0,0,0,0,0,0,0,0,0
307557600146200071,40,0,1,2,0,0,8,0,0,0,0,0,0,2,0,0,0,2,0,0,0,0,2,0,0,0,0,0,0,0,0,1,0,0,2,0,0,1,0,0,1,1,0,0,0,10,4,3,0,0,0,0,0,0,1,0,0,1,0,0,0,0,0,0,0,0,0,0,1,0,1,0,0,0,0,0,1,0,0,0,0,0,0,0,0,0,0,0,0,0,2,0,0,0,0,0,0,0,0,0,12,0,1,1,2,0,0,8,0,0,0,1,0,0,0,0,0,0,0,0,0,9,0,1,1,0,0,2,0,0,0,0,0,0,0,0,0,0,0,0,0,0,0,0,0,0,0,0,0,0,0,1,0,0,1,0,0,0,0,0,0,0,0,0,0,0,0,0,0,0,0,0,0,1,0,0,1,0,0,1
307557600146200073,28,1,3,6,1,0,0,0,3,3,0,0,3,0,1,11,1,0,1,6,11,1,3,2,1,3,1,65,0,0,0,1,0,1,1,2,1,12,1,0,3,1,1,0,0,0,9,15,0,0,1,0,0,1,0,0,0,1,2,0,0,0,0,0,0,0,0,0,8,1,0,0,0,0,7,1,5,0,1,3,1,5,2,0,0,0,0,2,10,4,41,0,4,0,6,6,0,1,0,2,116,0,7,0,1,0,0,0,0,0,3,0,3,0,0,0,0,0,1,0,3,0,0,3,17,1,1,0,2,2,4,2,0,0,0,1,0,0,0,0,1,0,0,0,0,0,0,0,0,0,0,1,0,0,0,0,0,0,0,0,4,0,0,0,0,0,0,1,1,0,0,0,1,0,0,0,0,0,1,0
307557600146200075,106,1,1,2,5,0,0,0,1,22,0,0,1,0,0,1,0,5,0,0,0,4,4,0,0,3,0,11,0,0,2,2,0,0,2,0,0,1,0,12,8,1,0,1,1,4,5,5,0,0,1,0,0,0,0,5,1,0,5,0,0,0,0,0,6,1,0,0,0,0,0,0,2,0,4,2,7,0,1,0,1,2,0,6,0,1,0,2,6,0,37,0,0,0,8,2,0,0,1,1,9,0,4,2,23,0,0,2,0,1,1,0,0,2,1,0,1,1,2,0,3,2,0,0,10,1,1,0,0,4,0,0,0,0,0,1,0,0,0,1,0,1,0,0,0,0,0,0,0,0,2,0,0,0,0,0,0,0,1,0,0,0,1,0,1,0,0,0,0,1,0,0,0,0,0,0,0,0,1,1
307557600146200076,75,1,2,2,5,0,0,0,0,6,0,1,1,0,0,0,0,2,1,1,0,30,2,1,0,0,0,21,0,0,0,0,2,0,4,2,1,2,2,2,5,1,0,3,12,5,4,31,0,0,10,0,0,0,1,0,2,0,3,0,0,0,0,0,9,0,7,0,1,0,1,1,18,0,1,0,21,1,8,1,2,3,0,2,0,0,1,4,1,2,104,0,1,0,10,0,0,5,3,0,17,1,22,3,0,5,0,6,0,0,0,0,0,2,0,0,4,0,1,0,0,6,0,2,33,0,10,0,0,9,0,0,0,0,0,0,1,0,0,0,0,0,0,2,0,0,0,0,1,0,0,0,0,0,0,0,0,0,0,1,0,0,0,0,0,1,0,1,1,0,1,0,0,0,0,0,0,0,1,0
307557600146200077,32,6,0,4,0,2,0,0,0,0,0,1,0,1,0,1,0,1,0,0,0,0,0,0,3,0,0,9,0,0,0,0,0,0,0,0,0,0,1,0,0,3,0,0,0,0,16,14,0,0,0,0,0,0,1,1,0,0,1,1,0,0,0,0,0,0,0,0,2,9,0,0,0,0,2,0,0,1,0,1,0,9,0,1,0,9,0,0,5,0,2,0,1,0,1,5,1,0,0,0,28,0,0,0,0,0,0,0,0,0,0,0,2,0,1,0,0,0,40,0,0,0,0,0,4,1,0,0,3,0,0,1,0,0,0,0,0,0,0,0,1,0,0,0,0,0,0,0,0,0,1,0,0,0,0,0,0,0,0,0,0,0,0,0,0,0,0,0,0,0,0,0,0,0,0,1,0,0,0,0
307557600146200079,60,0,0,1,0,0,4,0,0,0,0,1,0,0,1,0,0,3,1,0,0,2,0,0,0,0,0,0,0,0,0,0,0,0,1,0,0,0,0,2,0,0,0,0,0,5,8,2,0,0,0,0,0,0,0,0,0,0,0,0,1,0,0,0,3,0,0,0,0,1,0,0,0,0,0,0,1,0,0,0,0,0,1,0,0,0,0,0,0,0,11,0,0,0,1,9,0,0,0,0,4,0,4,0,1,0,0,7,0,0,0,0,1,1,0,0,0,0,1,0,1,12,0,1,6,0,1,3,0,1,0,0,0,0,0,0,0,0,0,0,0,0,0,0,0,0,0,0,0,0,0,0,0,0,0,0,0,0,0,0,0,0,0,0,0,0,0,0,0,0,0,0,0,1,0,1,0,0,0,0
307557600146200081,86,0,0,1,1,0,1,0,0,5,1,0,1,2,0,2,0,2,0,0,0,0,0,0,0,5,0,0,0,0,3,0,3,0,1,0,2,2,0,4,6,1,0,0,0,5,5,1,0,0,0,0,0,1,0,1,0,0,19,0,3,0,0,0,2,1,0,0,2,0,0,0,1,0,0,0,0,0,0,0,0,0,0,25,0,0,0,0,1,0,16,0,0,0,3,0,1,0,1,1,0,0,2,1,2,0,0,0,0,0,1,0,0,0,0,0,0,0,0,0,1,1,0,2,4,1,3,0,0,0,0,0,0,0,0,0,0,0,0,0,0,0,0,0,0,0,0,0,0,0,0,0,0,0,0,0,0,0,0,0,0,0,0,0,0,0,0,0,1,0,0,0,0,0,0,1,0,1,0,0
307557600146200082,46,17,0,10,1,0,1,0,4,4,0,0,0,1,3,0,0,2,1,4,4,0,1,1,1,0,0,18,0,2,2,1,3,1,1,4,1,8,0,0,1,0,4,0,1,0,11,14,0,1,0,0,0,2,1,3,2,0,1,0,0,0,0,0,5,0,0,5,2,0,0,0,0,0,6,0,2,0,0,5,0,0,0,5,5,0,0,0,4,3,22,0,8,0,2,1,1,0,0,5,21,1,4,1,0,0,0,3,1,0,2,0,19,2,0,0,0,3,2,0,3,0,0,8,24,1,1,1,2,1,8,0,0,0,0,0,1,0,0,0,0,0,0,1,0,0,0,0,0,0,0,0,0,1,0,0,0,0,0,2,0,0,0,0,0,0,0,0,0,0,0,0,0,0,0,0,0,0,2,0
307557600146200083,23,0,0,1,0,0,0,0,0,1,0,1,0,0,0,1,2,1,0,3,3,0,3,0,1,0,0,14,0,0,1,4,0,0,1,4,0,0,0,0,4,0,0,0,0,0,2,1,0,0,0,0,0,0,0,0,0,0,0,0,0,0,0,0,0,1,0,0,1,0,0,0,0,0,0,0,2,0,0,1,0,0,0,1,0,0,0,0,1,0,9,0,0,0,1,1,0,0,0,0,17,0,0,0,1,0,0,0,0,0,0,0,0,0,0,0,0,1,0,0,0,1,0,0,0,0,0,0,0,0,0,0,1,0,0,1,0,0,0,0,0,0,0,0,0,0,0,0,0,0,0,0,0,0,1,0,0,0,0,0,1,0,0,1,0,0,0,0,0,0,0,0,0,0,0,0,0,0,0,1
307557600146200087,62,0,0,1,1,0,0,0,1,3,0,0,0,0,0,0,0,2,0,0,1,1,0,0,0,1,0,9,0,0,4,1,0,0,1,0,0,0,1,8,5,0,0,0,5,1,5,11,0,0,0,0,0,1,0,14,1,0,11,1,1,0,0,0,8,0,0,0,1,0,1,0,0,0,1,7,2,0,0,0,2,1,0,5,0,0,0,0,7,0,37,0,0,1,3,13,2,0,0,5,7,0,4,1,20,0,1,0,0,0,0,0,0,1,0,0,0,0,1,0,3,2,0,1,13,3,0,0,0,2,0,0,0,0,0,0,0,0,0,0,1,0,0,1,0,0,0,0,0,0,1,0,0,1,0,0,0,0,1,0,0,0,2,1,0,0,0,0,0,0,0,1,0,0,0,1,0,0,0,0
307557600146200090,61,0,0,0,0,0,1,1,0,1,0,0,0,0,0,0,1,1,0,1,0,1,4,1,0,1,0,0,0,0,1,0,0,0,0,0,0,1,0,4,4,0,0,0,0,0,1,0,0,0,0,0,0,1,0,1,1,0,15,0,3,0,0,0,4,1,0,0,0,0,0,0,0,0,0,0,0,0,0,0,0,0,0,18,0,0,0,0,0,0,7,0,0,0,0,0,1,0,0,0,0,0,0,0,0,0,0,0,0,0,1,0,1,0,0,0,0,0,0,0,3,1,0,0,2,0,3,1,0,0,0,0,0,0,0,0,0,0,0,0,0,0,0,0,0,0,0,0,0,0,0,0,0,0,0,0,0,0,0,0,1,0,0,0,0,0,0,0,0,0,0,0,0,0,0,0,0,0,0,0
307557600146200091,121,1,0,1,0,0,1,0,0,3,0,1,0,0,0,2,2,5,0,2,0,1,3,1,0,6,0,1,0,0,5,1,0,0,0,0,0,0,0,11,2,0,0,0,0,6,4,5,0,0,0,0,0,0,1,1,0,0,34,0,3,0,0,0,2,0,0,0,0,0,0,0,0,0,1,0,0,0,0,1,0,0,1,34,0,0,0,0,8,0,8,0,0,0,2,0,4,0,0,2,0,1,2,1,5,0,0,0,0,1,0,0,0,1,0,0,0,1,1,0,4,1,0,0,2,1,8,0,0,1,0,0,0,0,0,0,0,0,0,0,0,0,1,1,0,0,0,0,0,0,0,1,0,1,0,0,0,2,0,0,0,0,0,0,0,0,0,0,0,0,0,0,0,0,0,1,0,0,0,0
307557600146200092,16,0,2,1,0,0,0,0,0,3,1,0,0,0,0,8,0,0,0,4,5,0,1,1,2,0,0,14,0,0,1,1,0,0,0,0,0,4,0,0,1,0,2,0,0,0,4,3,0,0,0,0,0,0,0,0,0,0,0,0,0,0,0,0,0,0,0,0,9,0,0,0,0,0,0,0,0,0,0,2,0,4,1,0,0,0,0,1,8,1,15,0,1,0,2,7,1,0,0,4,22,0,0,1,1,0,1,0,0,1,0,0,0,1,0,0,0,1,0,0,1,1,0,0,4,0,2,1,1,0,0,2,0,0,0,0,0,1,0,0,0,0,1,0,0,0,0,0,0,0,0,0,0,0,0,0,0,0,0,0,1,0,0,0,0,0,0,0,0,0,1,0,0,0,0,0,0,0,0,0
307557600146200093,27,0,0,1,0,1,1,0,0,1,0,0,0,0,0,4,0,1,0,5,4,0,0,2,1,0,0,34,1,0,0,2,0,0,1,0,1,0,1,1,1,0,0,0,0,0,5,2,0,0,0,0,0,1,0,0,1,0,0,0,0,0,0,0,0,1,0,0,6,0,0,0,0,1,0,0,2,0,1,0,0,0,0,2,0,1,0,0,0,0,9,0,0,0,2,3,0,0,0,0,51,0,1,0,0,0,0,0,0,0,0,0,0,0,0,0,0,4,1,0,0,1,0,0,0,0,2,0,0,0,0,0,2,0,0,0,0,0,0,0,1,0,0,0,0,0,0,0,0,0,0,0,0,0,0,0,0,0,0,0,1,0,0,0,0,0,0,0,0,0,0,0,0,0,0,1,1,0,0,0
307557600146200094,45,0,0,0,0,0,7,0,0,2,0,0,0,0,0,0,0,1,0,0,1,0,1,0,0,1,0,2,0,0,0,1,0,0,0,0,0,0,0,0,0,0,0,0,0,4,4,3,0,0,0,0,0,0,0,0,0,0,1,0,0,0,0,0,7,1,0,0,1,0,0,1,0,0,0,0,2,0,0,1,0,0,1,1,0,0,0,2,0,0,4,0,0,0,0,0,1,0,0,0,4,0,1,0,2,0,0,5,0,0,0,0,0,0,0,0,1,0,1,0,0,1,0,0,4,0,0,1,0,0,0,0,0,0,0,0,0,0,0,0,0,0,0,0,0,0,0,0,0,0,0,0,0,0,0,0,0,0,0,0,0,0,0,0,0,0,0,0,0,0,0,0,0,0,0,0,0,1,0,1
307557600146200095,26,1,0,1,5,0,0,0,0,3,0,1,1,1,0,0,0,1,0,0,1,8,8,0,0,2,0,7,0,0,1,0,0,0,5,1,1,0,0,0,1,0,0,0,3,0,2,12,0,0,3,0,0,0,0,6,0,0,2,0,0,0,0,0,4,0,0,0,0,0,1,1,5,0,0,0,5,0,5,0,3,6,1,1,0,0,0,0,3,1,60,0,0,0,4,2,0,0,1,1,2,0,17,2,3,3,0,2,0,0,1,0,0,0,1,0,0,0,1,0,2,1,0,1,10,0,2,0,1,1,0,0,0,0,0,0,0,0,0,0,0,1,1,0,0,0,0,0,0,0,0,0,0,1,0,1,0,2,0,0,0,0,0,0,0,0,0,0,0,0,0,0,0,0,0,0,0,0,0,0
307557600146200097,90,0,0,0,0,0,0,0,0,3,0,0,0,0,0,0,1,2,0,0,0,1,2,2,0,3,0,1,0,0,2,0,1,0,0,0,0,1,1,3,8,0,0,0,0,7,3,1,0,1,1,0,0,0,0,0,0,0,20,0,1,0,0,0,2,3,0,0,2,0,0,0,0,0,1,0,1,1,1,0,0,0,1,21,0,0,0,0,0,0,14,0,0,0,0,2,3,0,0,1,0,0,1,0,0,0,0,0,0,1,1,2,0,0,1,0,0,0,0,0,1,0,0,0,6,0,0,0,0,0,0,0,0,0,0,0,0,0,0,0,0,0,0,0,0,0,0,0,0,0,0,1,0,0,0,0,0,0,0,1,1,0,0,0,0,0,1,0,0,0,0,0,0,0,1,0,0,0,0,0
307557600146200099,31,0,0,0,0,0,0,0,0,11,0,0,0,1,0,1,0,2,0,0,0,0,0,0,0,0,0,0,0,0,0,0,0,0,0,0,0,0,0,1,1,0,0,0,0,0,1,0,0,0,0,0,0,0,0,1,1,0,6,0,0,0,0,0,0,0,0,0,0,0,0,0,0,0,1,0,0,0,0,1,0,0,0,9,0,0,0,0,0,0,4,0,0,0,0,0,0,0,0,1,0,0,0,0,6,0,0,0,0,0,0,0,0,0,0,0,0,0,1,0,2,0,0,0,1,1,0,0,1,0,0,0,0,0,0,0,0,0,0,0,0,0,0,0,0,0,0,0,0,0,1,0,0,0,0,0,0,0,0,0,0,0,0,0,0,0,0,0,0,0,0,0,0,0,0,0,0,0,0,0
307557600146200101,36,0,0,1,0,0,0,0,0,4,0,0,0,0,1,0,0,1,0,0,0,0,1,0,0,1,0,1,0,0,2,1,0,1,0,0,0,0,1,1,2,0,0,0,0,1,6,0,0,0,0,0,0,1,0,5,0,0,2,0,0,0,0,0,7,0,0,0,0,0,0,0,0,0,0,0,0,0,0,0,0,2,0,4,1,0,0,1,1,0,11,0,0,0,3,2,2,0,0,0,2,0,1,1,1,0,0,0,0,0,0,0,0,0,0,0,0,0,1,0,2,0,0,0,4,0,0,0,0,0,0,0,0,0,0,0,0,0,0,0,0,0,0,0,0,0,0,0,0,0,0,0,0,0,0,0,0,0,0,0,0,0,0,0,0,0,0,0,0,0,0,1,0,0,0,0,1,0,0,0
307557600146200102,104,0,1,3,0,0,0,1,0,2,1,0,1,0,1,3,1,1,0,0,0,4,3,0,0,4,0,0,0,0,2,0,0,0,0,0,0,0,0,4,1,0,0,0,2,11,11,0,0,0,0,0,0,0,0,0,0,1,21,0,14,0,0,0,4,0,0,0,0,1,0,0,0,0,1,0,0,0,1,1,0,0,0,23,0,0,0,0,2,0,10,0,0,0,2,0,0,0,0,0,0,0,1,0,4,0,0,1,1,0,1,1,1,0,0,0,0,0,4,0,2,3,0,0,4,0,1,1,2,0,1,0,0,0,0,0,0,0,0,0,0,0,0,0,0,0,0,1,0,0,0,1,0,0,0,0,0,1,0,0,0,0,0,0,0,1,0,0,0,0,0,1,0,1,0,0,0,0,0,0
307557600146200104,15,1,1,1,1,4,0,0,3,2,0,1,0,0,4,1,0,0,0,1,2,0,0,0,0,2,0,19,1,4,1,0,1,0,3,0,0,4,0,0,0,1,0,0,0,1,4,2,0,0,0,0,1,0,0,2,0,0,0,0,0,0,1,0,3,0,0,1,0,0,0,0,0,0,3,0,2,0,0,6,0,0,0,5,6,0,0,3,3,0,30,1,1,0,2,1,2,0,0,1,25,0,6,2,0,0,0,0,0,0,0,0,24,0,0,0,0,0,0,0,0,0,0,3,8,0,0,1,0,1,20,1,0,0,0,0,0,0,0,0,1,0,0,0,0,0,0,0,0,0,0,0,1,0,0,0,0,0,0,0,0,0,0,0,0,0,0,0,0,1,0,0,1,0,1,0,0,0,0,1
307557600146200108,25,7,2,0,0,1,1,0,1,1,1,1,0,15,13,0,1,1,5,0,0,0,2,1,0,1,10,5,6,0,0,0,1,0,1,1,0,5,19,0,2,61,1,2,2,0,17,3,0,14,0,0,1,1,0,23,0,0,1,0,0,2,0,0,2,0,0,0,1,1,1,5,0,0,0,0,1,0,1,0,0,1,1,0,1,0,1,1,1,3,15,0,0,0,1,2,0,1,0,1,7,1,4,1,2,0,0,1,0,0,0,2,7,2,0,1,0,1,0,0,0,0,3,2,15,0,3,0,8,1,3,1,0,0,0,0,0,0,0,1,0,0,0,0,0,0,0,0,0,0,0,0,0,0,1,0,0,0,0,0,0,0,0,0,0,0,0,0,0,1,0,0,0,0,0,0,0,0,0,0
307557600146200110,13,5,2,6,0,0,0,0,0,0,0,0,0,7,6,0,0,0,0,0,0,0,0,0,0,0,7,0,1,0,0,0,1,0,3,1,0,2,6,0,0,8,2,0,0,0,6,2,0,3,0,0,0,0,0,11,0,0,0,0,1,3,0,0,2,0,0,0,0,0,1,0,0,0,11,0,0,0,0,0,0,0,0,1,0,0,0,0,3,2,18,0,0,0,1,1,0,0,0,3,4,0,1,3,0,0,0,1,0,1,0,0,9,0,0,2,0,1,0,2,0,0,0,0,19,0,0,0,0,0,0,0,0,0,0,0,0,0,0,2,0,0,0,0,0,0,0,0,0,0,0,0,0,0,0,0,0,0,0,0,0,0,0,0,0,0,0,0,0,0,0,0,0,0,0,0,1,0,0,1
307557600146200113,41,0,0,1,0,0,0,0,0,1,0,1,0,0,1,2,0,2,0,11,7,0,0,2,0,0,1,48,0,0,1,1,1,0,0,5,0,2,1,0,5,0,0,0,0,1,7,3,0,0,0,0,0,0,0,0,0,1,0,0,0,0,1,0,3,0,0,1,3,0,0,1,0,0,0,0,4,0,0,4,1,0,2,1,0,3,0,0,0,0,13,0,0,0,1,6,0,0,0,0,67,0,0,1,3,0,0,0,0,0,0,0,0,0,0,0,0,8,0,0,0,2,0,0,3,0,0,1,0,0,0,0,5,0,0,0,0,0,1,0,1,0,0,1,1,0,0,0,0,1,0,0,0,0,0,0,0,0,0,0,1,0,0,1,0,0,0,0,0,0,0,0,1,0,0,0,0,0,0,0
307557600146200115,97,1,0,0,0,0,1,0,0,15,0,0,0,0,1,0,0,3,0,0,0,1,2,1,0,2,0,0,0,0,1,0,1,0,0,0,1,0,2,3,4,0,0,0,1,4,7,4,0,0,0,0,1,0,0,2,1,0,18,0,2,0,0,0,0,0,0,0,0,1,0,0,0,0,3,0,1,0,1,0,0,0,0,11,1,0,0,1,3,0,16,0,0,0,0,0,0,0,0,5,2,0,1,1,1,1,0,1,0,0,0,0,0,1,0,0,0,1,0,0,2,1,0,2,3,0,1,1,1,0,0,0,0,0,1,0,0,0,0,0,0,0,0,0,0,0,0,0,0,0,0,0,0,0,0,0,0,0,0,0,0,0,0,0,0,0,0,1,0,0,0,0,0,1,0,0,0,1,0,0
307557600146200123,4,1,0,0,0,0,0,0,0,0,2,0,0,2,3,0,0,0,1,0,0,0,0,0,0,0,3,0,3,0,0,0,0,0,0,0,0,0,4,0,1,6,0,0,0,0,3,0,0,2,0,1,0,0,0,0,0,0,1,0,0,4,0,0,0,1,0,0,0,0,0,0,0,0,1,0,0,0,0,0,0,0,0,0,0,0,0,0,0,0,0,0,0,0,1,1,0,0,0,0,1,0,2,0,0,0,0,0,0,0,0,0,0,0,0,0,0,0,0,0,0,0,1,0,1,0,0,0,5,0,0,0,0,0,0,0,0,0,0,1,1,0,0,0,0,0,0,0,0,0,0,0,0,0,0,0,0,0,0,0,0,0,0,0,0,1,0,0,0,0,0,1,0,0,0,0,0,0,0,0
307557600146200124,89,0,0,0,0,0,0,0,0,10,0,0,0,0,0,3,0,2,0,0,0,1,0,2,0,4,0,0,0,0,1,0,1,1,1,0,0,0,0,4,2,0,0,0,0,5,5,0,0,0,0,0,0,0,0,1,1,0,27,1,3,0,0,0,1,1,0,0,1,0,2,0,0,0,7,0,0,0,0,0,0,0,1,31,0,0,0,0,1,0,20,0,0,0,0,0,0,0,0,0,0,0,0,1,5,0,0,0,0,0,0,0,0,1,1,0,0,0,0,1,2,1,0,1,1,0,0,1,0,1,0,0,0,0,0,0,0,0,0,0,0,0,0,0,0,0,0,0,0,0,0,0,0,0,1,0,0,1,0,0,0,0,0,0,0,0,0,1,0,0,0,0,0,0,1,0,0,0,0,0
307557600146200125,53,0,0,2,0,0,0,0,0,1,0,0,0,0,0,2,0,2,0,0,0,0,0,1,0,5,0,1,0,0,0,1,0,0,0,0,0,0,0,1,4,0,0,0,1,4,5,0,0,0,0,0,0,0,0,0,0,0,23,0,3,0,0,0,3,1,0,0,0,1,0,0,0,0,0,0,0,0,0,0,0,0,1,10,0,0,0,1,1,0,8,0,0,0,0,0,0,0,0,1,1,0,0,0,4,0,0,0,0,0,0,0,0,0,0,0,0,1,1,0,1,0,0,1,3,0,0,0,0,0,0,0,0,0,0,0,0,0,0,0,0,1,0,0,0,0,0,0,0,0,0,0,0,0,1,0,0,1,0,0,0,0,0,1,0,0,0,0,0,0,0,1,0,0,0,0,0,0,0,0
307557600146200127,88,0,1,0,0,0,2,0,0,3,1,0,0,0,0,2,0,2,1,0,0,4,0,0,0,4,0,0,0,0,3,0,0,0,0,0,0,1,1,4,9,0,0,0,0,7,1,1,0,0,0,0,0,0,0,1,0,0,21,1,8,0,0,0,8,2,0,0,1,0,0,0,0,0,1,0,0,0,0,1,0,0,0,20,0,0,0,0,0,0,15,0,0,0,0,1,1,0,0,0,0,0,1,1,2,0,1,1,0,0,0,0,0,0,0,1,0,0,0,0,2,0,0,0,0,0,2,0,1,0,0,0,0,0,0,0,0,0,0,0,0,0,0,0,0,0,0,0,0,0,1,0,0,0,0,0,0,1,0,0,0,0,0,1,0,0,0,0,0,0,0,0,0,0,0,0,1,0,0,0
307557600146200128,37,0,1,1,0,0,0,0,0,2,0,1,0,0,0,1,1,2,0,0,0,1,1,0,0,2,0,1,0,0,3,1,0,0,0,0,1,0,0,4,3,0,0,0,0,4,4,0,0,0,0,0,0,0,0,0,0,0,8,1,10,0,0,0,2,1,0,0,1,0,0,0,0,0,0,0,0,0,0,1,1,0,0,19,0,0,0,0,0,0,5,0,0,0,0,1,0,1,0,1,0,0,0,0,0,0,0,0,0,0,0,0,1,0,0,0,0,0,0,0,1,0,0,0,3,0,1,0,0,0,0,0,0,0,0,0,0,0,0,0,0,0,0,0,0,0,0,0,0,0,0,0,0,0,1,0,0,0,0,0,0,0,0,0,0,0,0,0,0,0,0,0,0,0,0,0,0,0,0,0
307557600146200129,42,2,6,2,0,0,0,0,0,4,0,0,0,4,10,2,0,1,4,3,0,0,2,0,1,1,4,13,1,0,0,0,0,0,0,5,0,5,6,0,1,24,3,2,1,0,14,9,0,11,1,0,1,1,0,12,0,0,3,0,0,3,0,0,2,0,0,0,1,0,1,0,0,0,0,1,3,0,0,4,0,0,0,8,0,0,0,0,11,1,17,1,2,0,0,1,3,0,0,3,19,0,3,0,0,0,0,0,0,0,0,0,1,0,0,1,0,1,0,0,0,0,2,0,20,0,3,2,3,1,0,1,0,0,0,0,0,0,1,0,0,0,0,0,0,0,0,0,0,0,0,0,0,0,0,0,0,1,0,0,0,1,0,0,0,0,0,0,0,0,0,0,0,0,0,0,0,0,0,1
307557600146200130,17,1,3,1,0,0,0,0,0,1,0,0,0,1,0,2,0,0,0,3,7,0,0,2,1,0,0,14,0,0,0,2,1,0,5,0,0,9,0,0,0,0,0,3,0,2,3,3,0,0,0,1,1,0,0,0,1,0,0,0,0,0,0,0,3,0,0,0,6,0,1,0,0,0,2,0,9,0,1,2,0,1,0,3,1,0,0,0,19,0,7,0,1,0,5,7,1,0,0,1,31,0,1,0,0,0,0,0,0,0,0,0,1,0,0,0,0,0,0,0,1,0,2,0,6,0,0,0,0,0,0,1,0,0,0,1,1,0,1,0,0,0,1,1,0,1,0,0,0,0,0,1,0,0,0,0,0,1,0,0,1,0,0,0,0,0,0,0,0,0,0,0,0,0,0,0,1,1,0,0
307557600146200133,51,0,1,1,0,0,0,0,0,1,0,1,0,0,1,0,1,2,0,0,0,14,4,0,0,0,0,9,0,0,0,0,2,0,5,1,1,4,0,1,3,0,1,1,10,2,3,9,0,1,1,0,0,1,0,0,3,0,2,0,2,0,0,0,6,1,0,0,0,0,0,0,4,0,0,0,7,0,0,0,1,2,0,1,0,1,0,1,0,2,34,0,0,0,3,1,0,1,0,0,3,0,12,0,3,1,1,0,0,0,0,0,0,2,0,0,2,0,0,0,0,3,0,1,15,0,5,1,0,2,0,1,0,0,0,0,0,0,0,1,0,0,0,0,0,0,0,0,0,0,0,0,0,0,0,1,0,0,1,0,0,0,0,0,0,0,0,0,0,0,0,1,0,0,0,2,1,0,0,0
307557600146200134,97,0,0,2,0,0,0,0,0,11,0,0,0,0,2,0,0,0,0,0,0,5,0,1,0,4,0,0,0,0,3,0,1,0,1,0,0,1,0,12,2,0,0,0,0,12,4,1,0,0,0,0,0,0,0,1,0,0,19,0,3,0,0,0,9,0,0,0,0,0,0,0,0,0,1,0,0,1,0,1,0,1,0,21,0,0,0,0,1,0,15,0,0,0,2,0,3,0,0,0,0,0,1,0,2,0,0,0,0,0,2,0,0,0,1,1,0,1,0,0,3,1,0,1,6,0,2,0,1,0,1,0,0,0,0,0,0,0,0,1,0,0,0,0,0,0,0,0,0,1,0,0,0,1,3,0,0,0,0,0,0,0,0,0,0,0,0,0,0,0,0,0,0,1,0,0,0,0,0,0
307557600146200136,27,0,0,2,8,0,0,0,0,1,0,0,2,0,0,0,0,0,1,0,0,10,3,0,0,1,0,3,0,0,0,0,0,0,8,0,0,0,0,0,1,1,0,1,0,1,1,12,0,0,6,0,0,1,0,0,0,0,1,0,0,0,0,0,6,0,4,0,0,0,2,0,7,0,1,0,5,0,6,0,1,1,0,3,1,0,0,2,0,2,39,0,1,1,5,1,0,1,0,2,7,0,10,2,2,1,0,2,0,0,0,1,0,3,0,0,5,1,0,0,1,4,0,0,16,1,5,0,0,0,0,0,0,0,0,0,0,0,0,0,0,0,0,0,0,0,0,0,0,0,0,0,0,1,0,0,1,2,0,0,0,0,0,0,1,0,0,0,0,0,0,1,0,0,0,0,0,0,0,1
307557600146200138,29,0,3,1,0,1,0,0,1,1,0,1,0,0,0,2,0,2,0,1,4,0,1,1,0,0,1,26,0,1,1,2,0,0,2,0,1,5,0,0,0,0,0,2,0,0,1,8,0,0,0,0,0,0,0,0,1,0,1,0,0,0,0,0,0,0,0,1,4,1,0,0,0,0,0,0,12,0,0,1,1,3,1,8,0,0,0,0,22,0,10,0,0,0,4,3,2,0,0,5,39,2,2,2,0,0,0,0,0,0,2,0,2,0,0,0,1,0,0,1,1,0,1,1,4,0,1,0,1,0,0,0,2,0,0,0,1,0,0,0,0,0,1,0,0,1,0,1,0,0,0,0,0,0,0,0,0,0,0,0,2,1,0,0,1,0,0,0,3,0,1,0,1,0,0,0,3,0,0,1
307557600146200141,29,0,0,0,0,0,0,0,0,1,1,0,0,0,0,1,2,0,0,0,0,1,0,0,0,1,0,1,0,0,0,2,0,0,1,0,0,0,0,4,1,0,0,0,0,6,2,0,0,0,0,0,0,0,0,0,0,0,2,0,2,0,0,0,2,0,0,0,1,0,0,0,0,0,0,0,0,0,0,1,0,0,0,4,0,0,0,0,0,0,6,0,0,0,0,0,0,0,0,1,0,0,0,0,1,0,0,0,0,0,0,0,0,0,1,0,0,0,0,0,0,0,0,0,0,0,2,0,0,0,0,0,0,0,0,0,0,0,0,0,0,0,0,0,0,0,0,0,0,0,0,0,0,0,0,0,0,0,0,1,0,0,0,0,0,0,0,0,0,0,0,0,0,0,0,0,1,0,0,0
307557600146200143,99,0,1,1,0,0,1,0,0,4,0,0,0,0,0,1,0,0,0,1,0,7,3,2,0,2,0,0,0,0,2,2,0,0,2,0,0,0,1,4,8,0,0,0,1,16,2,1,0,0,0,0,0,0,0,0,0,0,23,0,15,0,0,0,2,0,0,0,1,0,0,0,0,0,2,0,1,0,1,0,0,0,0,15,0,0,0,1,0,0,16,0,1,0,0,1,1,0,0,2,0,0,1,3,2,0,0,1,0,0,0,1,1,0,1,0,0,0,0,0,2,0,1,1,8,1,3,0,0,0,0,0,0,0,0,0,0,0,0,0,0,0,0,0,0,0,0,0,0,0,0,0,0,0,0,0,0,0,0,0,0,0,0,0,0,0,0,0,0,0,0,0,0,0,0,0,0,0,0,0
307557600146200144,51,0,0,1,0,2,0,1,0,4,2,0,1,0,0,0,0,0,0,0,0,0,1,0,0,0,0,0,0,0,0,1,1,0,1,1,0,1,0,1,5,0,0,0,1,2,3,1,0,0,0,0,0,1,1,0,0,0,14,0,2,0,0,0,1,0,0,0,1,0,0,0,0,0,1,0,0,0,0,0,0,0,0,17,0,0,0,0,0,0,6,0,0,0,0,1,1,0,1,2,0,0,0,0,5,0,0,0,0,1,0,0,1,1,2,0,0,0,0,1,0,1,0,1,0,0,0,0,1,0,0,0,0,0,0,0,0,0,0,0,1,0,0,1,0,0,0,0,0,0,0,0,0,0,1,0,0,0,0,0,0,0,0,0,0,0,0,0,0,0,0,0,0,0,0,0,0,0,0,0
307557600146200145,26,2,1,0,0,0,1,0,0,0,0,0,0,9,8,0,0,0,0,0,0,0,0,5,0,0,1,3,0,1,0,1,0,0,2,2,0,2,0,0,0,3,3,0,7,0,3,2,0,7,0,0,0,0,0,13,0,0,1,0,0,5,0,0,5,0,0,0,0,0,0,0,1,0,0,1,0,0,1,0,0,0,0,0,0,0,0,0,1,1,29,0,0,0,4,2,0,2,0,1,9,0,1,0,0,2,0,2,0,0,0,0,1,0,1,0,0,0,0,1,0,0,0,1,12,0,1,2,1,0,1,0,0,1,0,0,0,0,0,0,0,0,0,0,0,0,0,0,0,0,0,0,0,0,0,0,0,0,0,0,0,0,0,0,0,0,0,0,0,0,0,0,0,0,0,1,0,0,0,0
307557600146200146,20,1,1,0,0,1,1,1,0,2,0,0,0,0,0,5,0,0,0,0,1,0,1,0,1,0,0,10,0,0,0,1,0,0,1,1,0,6,0,0,2,0,1,1,0,0,4,6,0,0,0,0,0,0,0,2,0,0,1,0,0,0,0,0,0,0,0,1,2,0,0,0,0,0,2,0,1,0,0,0,2,0,1,7,0,0,0,0,15,0,6,0,7,0,1,1,5,0,0,1,22,0,0,0,0,0,0,0,0,0,3,0,0,0,0,0,0,1,0,0,0,0,0,0,5,0,2,0,1,0,0,3,2,0,0,0,0,0,0,0,0,0,0,0,0,0,0,0,0,0,0,0,0,0,0,0,0,0,0,0,0,0,0,0,0,0,0,0,0,0,0,1,0,0,0,1,0,0,1,0
307557600146200147,16,0,2,0,3,0,0,0,1,1,0,0,0,0,0,2,0,1,1,0,2,0,1,1,0,0,0,19,0,0,1,0,1,1,0,0,0,6,0,0,0,0,0,0,1,1,1,6,0,0,0,0,0,0,0,0,1,0,0,0,0,0,0,0,0,0,0,0,1,0,0,0,1,0,0,0,6,0,0,3,0,0,0,6,0,0,0,0,17,0,5,0,3,0,4,4,2,0,0,5,14,0,2,0,0,1,1,0,0,0,3,0,0,0,1,0,0,0,0,0,0,0,0,0,2,0,2,0,0,1,0,1,0,0,0,0,0,0,0,0,0,0,1,0,0,0,0,0,0,0,0,1,0,0,0,0,0,1,0,0,0,0,0,0,0,0,0,0,0,0,0,0,0,0,0,0,1,0,0,0
307557600146200149,72,0,0,2,0,0,0,1,0,0,0,0,0,2,0,2,0,2,0,2,0,1,0,1,0,3,0,0,1,0,0,0,0,0,1,0,1,1,0,3,3,0,0,0,0,5,2,1,1,0,0,0,0,0,1,2,0,0,28,0,3,0,0,0,1,1,0,0,0,0,0,0,0,0,1,1,0,0,0,0,0,0,0,15,0,0,0,0,1,0,8,0,0,0,0,0,3,0,1,2,0,0,0,1,3,0,0,1,0,0,2,2,0,0,0,0,0,0,1,0,3,0,0,1,2,1,0,1,1,0,0,0,0,1,0,0,0,0,0,1,0,0,1,0,0,1,0,0,0,0,0,0,0,0,0,0,0,1,0,0,1,0,0,0,0,0,0,0,1,0,0,0,0,0,0,0,0,0,0,0
307557600146200150,28,0,0,0,1,0,0,0,0,2,0,1,1,0,0,0,0,1,0,0,0,17,1,1,0,1,0,6,1,0,0,1,1,0,3,0,0,4,0,0,2,0,0,2,8,2,0,7,0,0,0,0,0,1,2,1,0,0,0,0,0,0,0,0,2,0,1,0,0,0,0,1,1,0,1,0,15,0,5,0,0,1,0,0,0,1,0,2,0,2,38,0,0,0,3,1,0,2,0,1,4,1,8,0,0,0,0,2,0,0,0,0,1,0,0,0,3,1,0,0,0,2,1,0,23,0,2,0,1,0,0,0,0,0,0,0,0,0,0,0,0,0,1,1,0,0,0,0,0,0,0,0,0,0,0,0,0,0,0,0,0,0,0,0,0,0,0,0,0,1,0,0,0,1,0,0,0,0,0,0
307557600146200154,39,0,0,2,0,0,0,1,0,1,0,0,0,0,0,1,0,0,0,0,0,2,1,2,0,2,0,0,0,0,2,1,0,0,0,0,0,0,0,9,4,0,0,0,0,6,2,0,0,0,0,0,0,0,0,0,0,0,14,0,1,0,0,0,1,0,0,0,0,0,0,0,0,0,1,0,0,0,1,0,1,0,0,11,0,0,0,0,1,0,10,0,0,0,0,2,0,0,0,0,0,0,0,0,3,0,0,0,0,0,1,0,0,0,0,0,0,0,0,0,0,0,0,0,0,0,0,0,0,0,0,0,0,0,0,0,1,0,0,0,0,0,0,0,0,0,0,0,0,1,0,0,0,1,0,0,0,0,0,0,0,0,0,0,0,0,0,0,0,0,0,0,0,0,1,0,0,0,0,0
307557600146200157,57,0,0,0,0,1,0,0,0,1,1,0,0,1,1,3,0,0,0,0,0,1,0,0,0,1,0,0,0,0,2,1,1,0,0,0,0,1,0,0,2,0,0,0,0,4,2,0,0,0,0,1,0,0,0,0,0,0,12,0,1,0,0,0,1,0,0,0,1,0,0,0,0,0,0,0,0,0,0,0,0,0,0,18,0,0,0,0,1,0,6,0,0,0,1,0,0,0,0,1,0,0,1,0,4,1,0,0,0,0,0,0,1,0,0,0,0,0,0,1,0,0,0,0,2,1,0,0,0,0,0,0,0,0,0,0,1,0,0,0,0,0,0,0,0,0,0,0,0,0,0,0,0,0,0,0,0,0,0,0,0,0,0,0,0,0,0,0,0,0,0,0,0,0,0,0,0,0,0,1
307557600146200161,33,6,11,1,5,0,0,0,1,2,0,1,0,3,1,0,0,2,0,1,0,0,5,1,0,2,3,3,2,2,0,3,0,1,5,0,0,5,0,0,1,3,1,2,2,0,6,6,0,1,0,0,0,2,1,2,0,0,0,0,2,1,0,0,9,0,0,2,0,0,0,1,2,0,0,0,2,0,6,0,0,1,0,0,4,0,0,1,2,0,30,0,3,1,7,2,0,3,0,0,1,0,8,0,1,17,1,0,1,0,0,0,3,0,0,0,0,0,1,0,0,6,0,0,16,1,1,1,1,3,1,0,0,0,0,0,0,0,0,0,0,0,0,0,0,0,0,1,0,0,0,0,0,0,0,0,0,0,0,0,0,0,0,1,0,1,0,0,0,0,0,0,0,0,0,0,0,0,0,0
307557600146200162,171,0,1,1,0,0,1,1,0,10,1,1,0,0,2,2,1,2,0,1,0,6,3,2,0,11,0,0,0,1,7,1,0,0,0,0,3,1,2,12,14,0,0,1,0,15,5,4,0,1,0,0,0,2,0,0,0,0,36,0,10,0,0,0,4,1,0,0,1,1,0,1,0,0,1,0,1,0,1,2,0,0,0,30,0,0,0,0,0,0,31,0,0,1,2,0,3,1,0,3,0,0,0,0,7,0,0,0,0,0,0,4,1,0,1,1,0,1,0,0,4,1,0,2,8,3,2,1,1,0,0,0,0,0,1,0,2,1,0,0,0,0,1,0,0,0,0,0,0,0,0,0,0,0,1,0,0,0,0,0,0,0,0,0,0,0,0,1,0,0,0,0,0,0,0,0,0,0,0,1
307557600146200176,16,0,0,1,0,0,0,0,0,3,0,0,0,0,0,1,0,1,0,9,3,0,1,2,0,0,0,10,0,0,0,0,1,0,0,2,0,2,0,0,0,0,0,0,1,1,2,1,0,0,0,0,0,0,0,0,0,0,0,0,0,0,0,0,1,0,0,1,0,0,0,0,0,0,0,0,4,0,0,4,0,0,0,0,0,0,0,0,0,1,12,0,0,0,2,0,0,0,0,0,9,0,0,0,1,0,0,0,0,0,0,0,0,0,0,0,0,4,0,0,0,0,1,0,2,0,0,0,0,0,0,0,2,0,0,0,0,0,0,0,0,0,0,1,0,0,0,0,0,0,0,0,0,0,0,0,0,0,0,0,0,0,0,0,1,0,0,0,0,0,0,0,0,0,0,0,0,0,0,0
307557600146200178,13,0,0,0,0,0,0,0,0,0,0,1,0,0,0,0,0,0,0,0,0,2,0,0,0,1,0,0,0,0,1,0,0,0,0,0,0,0,0,3,0,0,0,0,0,2,0,0,0,0,0,0,0,0,0,0,0,0,3,0,0,0,0,0,0,0,0,0,0,0,0,0,0,0,0,0,0,0,0,0,0,0,0,3,0,0,0,0,0,0,5,0,0,0,0,0,0,0,0,0,0,0,0,0,1,0,0,0,0,0,0,0,0,0,0,0,0,1,0,0,0,0,0,0,0,0,0,0,0,0,0,0,0,0,0,0,0,0,0,0,0,0,0,0,0,0,0,0,0,0,0,0,0,0,0,0,0,0,0,0,0,0,0,0,0,0,0,0,0,1,0,0,0,0,0,0,1,0,0,0
307557600146300088,67,1,0,2,0,0,0,0,0,2,0,0,0,0,0,1,0,0,0,1,0,5,0,0,0,6,0,0,1,0,3,0,0,0,0,0,0,0,0,7,4,0,0,0,0,7,5,1,0,1,0,0,0,0,0,0,0,0,23,0,10,0,0,0,3,0,0,0,0,0,2,0,0,0,1,0,0,0,1,2,0,0,0,19,0,0,0,0,1,0,12,0,1,0,1,1,7,0,0,1,2,0,0,0,4,0,0,0,0,0,0,1,0,0,1,0,1,0,0,0,2,0,0,0,1,0,1,2,0,0,0,0,0,0,0,0,1,0,0,0,0,0,0,0,0,0,0,0,0,0,0,0,1,0,0,0,0,1,0,0,0,0,0,0,0,0,0,0,0,0,0,0,0,0,0,0,0,0,0,0
307557600146300090,72,0,0,0,0,0,1,0,1,6,0,0,0,0,0,2,0,3,0,0,1,1,0,1,0,4,0,0,0,0,0,1,0,0,3,0,0,0,0,4,4,1,0,0,1,7,3,1,0,0,1,0,0,0,0,0,1,0,26,0,0,0,0,0,3,0,0,0,0,1,0,0,0,0,1,0,0,0,1,0,0,0,0,13,0,0,0,0,1,0,16,0,0,0,1,0,1,1,0,2,0,1,1,0,5,0,0,0,0,0,0,0,0,0,0,0,0,1,0,0,1,0,0,1,3,0,0,0,1,0,0,0,0,0,0,0,0,0,0,2,0,0,0,0,0,0,0,0,0,0,0,0,0,0,0,0,0,0,0,1,0,0,0,0,0,0,0,2,0,0,0,0,0,0,0,0,0,0,0,0
307557600146300114,4,3,0,0,0,0,0,0,0,0,0,0,0,1,1,0,0,0,0,0,0,0,0,2,0,0,0,2,0,0,0,0,0,0,2,0,0,0,4,0,0,9,0,2,0,0,6,3,0,1,1,0,3,0,0,5,0,0,1,0,0,1,0,0,0,1,0,0,0,0,0,0,0,0,0,0,0,0,0,0,0,0,0,0,0,0,0,0,0,4,17,0,0,0,0,1,0,0,0,1,0,1,1,0,0,0,0,2,0,0,0,0,0,0,0,0,0,0,1,0,0,0,0,0,0,0,0,0,0,0,0,0,0,0,0,0,0,0,0,0,0,0,0,1,0,0,0,0,0,0,0,0,0,0,0,0,0,0,0,0,0,0,0,0,0,0,0,0,0,0,0,0,0,0,0,0,0,0,0,0
307557600147100001,5,2,0,0,0,0,0,0,0,0,0,0,0,0,0,0,0,0,0,0,0,0,0,0,0,0,0,1,0,0,0,0,0,0,1,0,0,0,0,0,0,0,0,0,0,0,2,1,0,0,0,0,0,0,0,0,0,0,0,0,0,0,0,0,0,0,0,0,0,1,0,1,0,0,0,0,0,0,0,1,0,0,0,0,0,4,0,0,0,0,0,0,0,0,0,0,0,0,0,0,6,0,0,0,0,0,0,0,0,0,0,0,0,0,0,0,0,0,11,0,0,0,0,0,0,0,0,0,0,0,0,0,0,0,0,0,0,0,0,0,0,0,0,0,0,0,0,0,0,0,0,0,0,0,0,0,0,0,0,0,0,0,0,0,0,0,0,0,0,0,0,0,0,0,0,0,0,0,0,0
307557600147100023,5,3,0,2,0,0,0,0,0,0,0,0,0,0,0,0,0,0,0,2,1,0,0,2,1,0,0,2,0,0,0,1,0,0,0,0,0,0,0,0,2,0,0,0,0,0,3,5,0,0,0,0,0,0,0,0,0,0,2,0,0,0,0,0,1,0,0,0,0,2,1,0,0,0,0,0,1,0,0,1,0,0,0,0,0,0,0,0,2,1,1,0,0,0,0,0,0,0,0,0,3,0,0,0,0,0,0,0,0,0,0,0,0,0,0,0,0,4,9,0,0,0,0,0,1,1,0,0,0,0,1,0,0,0,0,0,0,0,1,0,1,0,0,0,0,0,0,0,0,0,0,0,0,0,0,0,0,0,0,0,0,0,0,0,0,0,0,0,0,0,0,0,0,0,0,0,0,0,0,0
307557600147100032,59,11,0,2,0,0,0,0,0,0,1,1,0,1,0,9,0,2,0,16,8,0,3,2,1,1,0,36,1,1,3,2,3,0,10,0,0,2,1,0,0,0,0,0,1,2,16,24,0,0,0,0,0,0,0,0,0,0,6,0,2,0,0,0,3,8,0,0,5,2,1,0,0,0,0,0,2,1,0,3,0,0,0,0,0,0,0,0,1,1,34,0,0,0,1,1,0,1,0,0,23,0,1,0,0,0,1,0,0,0,0,0,0,0,1,1,0,26,69,1,1,0,0,0,4,2,0,0,0,0,0,0,2,0,1,2,0,0,0,0,1,0,1,2,0,0,1,0,0,1,1,1,0,0,0,0,0,0,0,0,0,1,1,1,0,0,0,0,0,0,0,0,0,0,0,0,0,0,0,0
307557600147100036,19,1,0,2,1,0,0,0,1,0,0,0,0,1,0,9,0,0,0,8,4,0,0,0,3,0,0,21,0,0,0,3,0,0,1,0,0,0,0,0,1,1,0,0,0,0,3,3,0,0,0,0,0,0,0,0,0,0,1,0,0,0,0,0,0,0,0,0,3,1,0,0,0,0,0,0,0,0,0,0,0,0,0,0,0,0,0,0,0,2,5,0,0,0,0,0,0,0,0,0,6,0,0,0,0,0,0,0,0,0,0,0,0,0,0,0,0,4,19,1,0,0,0,0,1,0,0,0,0,0,0,0,0,0,0,0,0,0,0,0,1,0,0,0,0,0,0,0,0,0,0,0,0,0,0,0,0,0,0,0,1,0,0,0,0,0,0,0,0,0,0,0,0,0,0,0,0,0,0,0
307557600147100042,7,13,0,1,0,0,0,0,0,0,0,0,0,0,0,0,1,6,0,1,0,1,1,0,2,0,0,3,0,0,0,0,0,0,0,0,0,1,0,0,0,0,0,1,0,1,5,19,0,1,0,0,0,0,0,0,0,0,0,0,0,1,0,0,0,0,0,0,1,1,0,0,0,0,0,0,0,0,0,0,0,0,0,0,0,0,0,0,1,2,0,0,0,0,0,0,1,0,0,0,0,0,0,0,0,0,0,0,0,0,0,0,0,0,0,0,0,0,25,0,1,0,0,0,0,1,0,0,2,0,0,0,0,0,0,0,0,0,0,0,0,0,0,0,0,0,0,0,0,0,0,0,0,1,0,1,0,0,0,0,0,0,0,0,0,0,0,1,0,0,0,0,0,0,0,0,0,0,0,1
307557600147100047,36,0,0,1,0,1,0,0,1,0,0,0,0,0,1,13,1,3,0,5,9,0,2,0,1,0,1,29,0,0,0,0,0,0,2,0,0,0,2,0,0,0,0,0,1,6,4,17,0,0,0,0,0,2,0,0,1,1,0,0,1,0,0,0,0,0,0,0,2,0,0,0,0,0,0,0,0,0,0,3,0,0,0,0,0,0,0,1,0,2,15,0,0,0,0,0,0,1,0,0,28,1,1,1,2,0,0,0,0,0,0,0,0,0,1,0,0,12,14,0,0,0,0,0,2,0,0,0,0,0,0,0,0,0,0,0,0,0,0,0,1,0,0,2,0,0,0,0,0,0,0,0,0,0,0,0,0,0,0,0,1,0,0,1,0,0,0,0,0,0,0,0,0,0,0,1,0,0,0,0
307557600147100048,6,5,0,0,0,0,0,0,0,0,0,0,0,0,0,0,0,0,0,2,0,0,0,0,1,0,0,1,0,0,0,0,1,0,0,0,0,0,0,0,0,0,0,0,0,0,3,0,0,0,0,0,0,0,0,0,1,0,0,0,0,0,0,0,0,0,0,0,0,0,0,0,0,0,0,0,0,0,0,0,0,0,0,0,0,0,0,0,0,0,0,0,0,0,0,0,0,0,0,0,1,0,0,0,0,0,0,0,0,0,0,0,0,0,0,0,0,0,11,0,0,0,0,0,0,0,0,0,0,0,0,0,0,0,0,0,0,0,0,0,0,0,0,0,0,0,0,0,0,0,0,0,0,0,0,0,0,0,0,0,0,0,0,0,0,0,0,0,0,0,0,0,0,0,0,0,0,0,0,0
307557600147100050,6,2,0,1,0,0,0,0,0,0,0,0,0,0,0,0,1,1,0,1,0,0,0,0,0,0,0,0,0,0,0,0,0,0,1,0,0,0,0,0,0,0,0,0,0,0,4,2,0,0,0,0,0,0,0,0,0,0,0,0,0,0,0,0,0,0,0,0,0,0,0,0,0,0,0,0,0,0,0,0,0,0,0,0,0,0,0,0,0,0,0,0,0,0,0,0,0,0,0,0,0,0,0,0,0,0,0,0,0,0,0,0,0,0,0,0,0,0,8,0,0,0,0,0,2,0,0,0,0,0,1,0,0,0,0,0,0,0,0,0,0,0,0,0,0,0,0,0,0,0,0,0,0,0,0,0,0,0,1,0,0,0,0,0,0,0,0,0,0,0,0,0,0,0,0,0,0,0,0,0
307557600147100057,14,5,0,0,0,0,0,0,1,0,0,0,0,0,0,1,0,0,0,1,0,0,1,0,0,0,0,1,0,0,0,0,0,0,0,0,0,0,0,0,0,0,0,0,0,0,1,5,0,0,0,0,0,0,0,0,0,0,0,0,0,0,0,0,0,1,0,0,0,1,0,0,0,0,0,0,0,0,0,0,0,0,0,0,0,0,0,0,0,0,2,0,0,0,0,0,0,0,0,0,1,0,1,0,0,0,0,0,0,0,0,0,0,0,0,0,0,2,17,0,0,0,0,0,1,0,0,0,0,0,0,0,0,0,1,0,0,0,0,0,0,0,0,1,0,0,0,0,0,0,0,0,0,0,0,0,0,0,0,0,0,0,0,0,0,0,0,0,0,0,0,0,0,0,0,0,0,0,0,1
307557600147100063,10,3,0,1,0,0,0,0,0,0,0,0,0,0,0,0,0,0,0,0,0,0,1,0,1,0,0,2,0,0,0,0,0,0,0,0,0,0,0,0,0,0,0,0,0,0,2,4,0,0,0,0,0,0,0,0,0,0,0,0,1,0,0,0,0,0,0,0,0,1,0,0,0,0,0,0,0,0,0,0,0,3,0,0,0,0,0,0,0,0,2,0,0,0,0,0,1,0,0,0,0,0,0,0,0,0,0,0,0,0,0,0,0,0,0,1,0,0,35,0,0,0,0,0,3,0,0,0,0,0,0,0,0,0,1,0,0,0,0,0,0,0,0,0,0,0,0,0,0,0,0,0,0,0,0,0,0,0,0,0,0,0,0,0,0,0,0,0,0,0,0,0,0,0,0,0,0,0,0,0
307557600147100068,9,3,0,0,0,0,0,0,0,0,0,1,0,0,0,0,0,0,0,2,0,0,0,0,1,0,0,5,0,0,0,0,0,0,0,0,0,0,0,0,0,0,0,0,0,0,7,2,0,0,0,0,0,0,0,0,0,0,1,0,0,0,0,0,0,0,0,0,0,2,0,0,0,0,0,0,0,0,0,0,0,0,0,0,0,0,0,0,0,0,2,0,0,0,0,0,0,0,0,0,3,0,0,0,0,0,0,0,0,0,0,0,0,0,0,0,0,3,23,0,0,0,0,0,1,1,0,0,1,0,0,0,0,0,0,0,0,0,0,0,0,0,0,0,0,0,0,1,0,0,0,0,0,0,0,0,0,0,0,0,0,0,0,0,0,0,0,0,0,0,0,0,0,0,0,0,0,0,0,0
307557600147100069,7,1,0,0,0,0,0,0,0,0,0,0,0,0,0,0,0,0,0,0,0,0,0,0,2,0,0,3,0,0,0,0,0,0,0,0,0,0,0,0,1,1,0,0,0,0,0,2,0,0,0,0,0,0,0,0,0,0,0,0,0,0,0,0,1,0,0,0,0,1,0,0,0,0,0,0,0,0,0,0,0,0,0,0,0,0,0,0,0,1,5,0,0,0,0,0,0,0,0,0,1,0,0,0,0,0,0,0,0,0,0,0,0,0,0,0,0,1,10,0,0,0,0,0,0,0,0,0,0,0,0,0,0,0,0,0,0,1,0,0,0,0,0,0,0,0,0,0,0,0,0,0,0,0,0,0,0,0,0,0,0,0,0,0,0,0,0,0,0,0,0,0,0,0,0,0,0,0,0,0
307557600147100071,20,6,0,0,0,0,0,0,0,0,0,0,0,0,0,0,0,1,0,2,0,0,0,0,4,0,0,1,0,0,0,0,0,0,0,0,0,0,0,0,0,0,0,0,0,0,10,12,0,0,0,0,0,0,0,0,1,0,0,0,0,0,0,0,0,0,0,0,0,5,0,0,0,0,0,0,0,0,0,0,0,1,0,0,0,0,0,0,0,1,0,0,0,0,0,1,1,0,0,0,4,0,0,0,0,0,0,0,0,1,0,0,0,0,0,0,0,0,51,0,0,0,0,0,3,0,0,0,0,0,0,0,0,0,0,0,0,0,0,0,2,0,0,0,0,0,0,0,0,0,0,0,0,0,0,0,0,0,0,0,0,0,0,0,0,0,0,0,0,0,0,0,0,0,0,0,0,0,0,1
307557600147100076,19,2,0,0,1,0,0,0,0,0,0,0,0,2,0,3,0,1,0,2,3,1,1,3,4,0,0,17,0,0,0,0,1,0,0,0,0,0,0,0,0,0,0,1,0,0,5,3,0,0,0,0,0,0,0,0,2,0,1,0,0,0,0,0,1,1,0,0,3,2,0,0,0,1,0,0,1,0,1,2,1,2,0,0,0,0,0,0,0,0,19,0,0,0,0,5,0,0,0,0,5,0,0,0,0,0,0,0,0,0,0,0,0,0,1,1,0,3,37,0,0,0,0,0,1,0,0,0,0,0,1,0,0,0,0,0,0,0,0,1,0,0,1,1,0,0,0,0,0,1,0,0,0,0,0,0,0,0,0,0,0,0,0,0,0,0,1,0,0,0,0,0,0,0,0,0,0,0,0,0
307557600147100077,27,5,0,22,0,0,0,0,0,0,1,1,0,1,2,0,0,2,0,0,0,2,0,0,2,0,0,10,1,0,0,0,1,1,0,0,0,0,8,0,0,3,0,0,0,1,19,13,0,2,0,0,0,1,0,1,3,0,0,2,0,1,0,0,1,0,1,0,0,4,2,1,0,0,0,0,0,0,0,0,0,5,0,0,0,2,0,0,1,0,8,0,0,0,0,1,1,0,0,0,11,1,0,0,0,0,0,0,2,1,0,0,0,0,0,0,0,2,46,0,0,1,0,1,1,0,0,0,1,0,0,0,0,0,0,0,1,0,0,0,2,0,0,1,0,0,1,0,0,0,0,0,0,0,0,0,1,0,1,0,0,0,0,1,0,0,0,0,0,0,0,0,0,0,0,0,0,0,0,1
307557600147100078,12,2,0,1,0,0,0,0,0,0,0,1,0,0,0,0,0,0,0,0,0,0,0,0,4,0,0,5,2,0,0,0,0,0,0,0,0,0,0,0,0,1,0,0,0,0,4,9,0,0,0,0,1,1,1,0,0,0,0,0,0,0,0,0,0,0,0,0,0,4,0,0,0,0,0,0,0,0,0,0,0,5,0,0,0,0,0,0,0,1,0,0,0,0,0,0,0,0,0,0,7,0,0,0,0,0,0,0,0,0,0,0,0,0,1,0,0,1,29,0,1,0,0,0,0,0,0,0,2,0,0,0,0,0,0,0,0,0,0,0,0,1,0,0,0,0,0,0,1,0,0,0,0,0,0,0,0,0,0,0,0,0,0,0,0,0,0,0,0,0,0,0,0,0,0,0,0,0,0,0
307557600147100079,10,4,0,1,0,0,0,0,0,0,0,0,0,0,1,0,0,0,0,0,0,0,0,0,5,0,0,1,0,0,0,0,1,0,0,0,0,1,0,0,0,0,0,0,0,0,6,9,0,0,0,0,0,0,0,0,1,0,0,0,0,0,0,0,0,0,0,0,0,2,0,0,1,0,0,0,0,0,0,0,0,5,1,0,0,0,0,0,0,0,0,0,0,0,0,0,0,0,0,0,7,0,0,0,1,0,0,0,0,0,0,0,0,0,0,0,0,1,36,0,0,0,0,0,2,0,0,0,0,0,0,0,0,0,0,0,0,0,0,0,1,0,0,0,0,0,0,0,0,1,0,0,0,0,0,0,0,0,0,0,0,0,0,0,0,0,0,0,0,0,0,0,0,0,0,0,0,0,0,0
307557600147100085,7,2,0,0,0,0,0,0,0,0,0,0,0,0,0,0,0,0,0,0,0,0,1,0,2,0,0,1,0,0,0,0,0,0,0,0,0,0,0,0,0,0,0,0,0,0,0,5,0,0,0,0,0,0,0,0,0,1,0,0,0,0,0,0,0,0,0,0,0,0,0,0,0,0,0,0,0,0,0,0,0,1,0,0,0,0,0,0,0,1,0,0,0,0,0,0,0,0,0,0,4,0,0,0,0,0,0,0,0,0,0,0,0,0,0,0,0,0,12,0,0,0,0,0,0,0,0,0,0,0,0,0,0,0,0,0,0,0,0,0,1,0,0,0,0,0,0,0,0,0,0,0,0,0,0,0,0,0,0,0,0,0,0,0,0,0,0,0,0,0,0,0,0,1,0,0,0,0,0,0
307557600147200029,60,11,0,6,0,3,0,0,0,0,0,0,0,0,0,1,0,4,1,22,4,0,2,7,4,0,0,24,0,0,0,1,2,0,1,0,0,0,0,0,1,1,0,0,0,0,26,37,0,0,0,0,0,2,0,0,4,0,11,1,0,0,1,0,2,4,0,2,5,6,1,1,0,0,0,0,3,0,1,2,0,0,0,0,0,0,0,0,3,3,18,0,0,0,0,1,1,1,1,0,15,0,0,0,1,0,0,2,0,0,0,0,1,0,0,0,0,28,60,1,0,0,0,0,12,4,0,1,1,0,0,0,1,0,0,0,0,2,0,0,1,1,1,0,0,1,0,0,0,1,1,0,0,0,0,0,0,1,0,0,4,1,1,0,0,0,1,0,0,0,0,0,1,0,0,1,0,0,0,1
307557600147200031,9,1,0,1,0,0,0,0,0,0,0,0,0,0,0,0,0,0,0,1,0,0,0,0,0,0,0,0,0,0,0,0,0,0,0,0,0,0,0,0,0,0,0,0,0,1,4,2,0,0,0,0,0,0,0,0,0,0,0,0,0,0,0,0,0,0,0,0,0,1,0,0,0,0,0,0,0,0,0,0,0,0,0,0,0,0,0,0,2,1,0,0,0,0,0,0,0,0,0,0,0,0,0,0,0,0,0,0,0,0,0,0,0,0,0,0,0,0,6,0,0,0,0,0,1,1,0,0,0,0,0,0,0,0,0,0,0,0,0,0,0,0,0,0,0,0,0,0,0,0,0,0,0,0,0,0,0,0,0,0,0,0,0,0,0,0,0,0,0,0,0,0,0,0,0,0,0,0,0,0
307557600147200035,26,6,0,2,0,1,3,0,0,1,0,0,0,1,0,6,0,1,0,4,6,0,1,0,3,0,0,13,0,0,0,1,2,0,2,0,0,0,0,0,0,0,0,0,0,1,11,17,0,0,1,0,1,0,1,0,1,0,6,0,0,0,0,0,2,4,0,0,12,2,1,0,0,0,0,0,2,0,0,4,0,0,0,0,0,0,0,0,2,0,12,0,1,0,4,1,2,1,0,0,6,0,1,0,2,0,0,2,0,0,0,0,0,0,0,0,0,12,17,0,0,1,0,0,4,1,0,0,1,0,0,0,0,0,0,0,0,0,0,2,0,0,1,1,0,0,0,0,0,0,0,0,0,0,0,0,0,0,0,0,0,0,0,0,0,0,0,0,0,0,0,0,0,0,0,0,0,0,0,0
307557600147200045,56,18,0,7,0,0,0,1,1,1,0,1,0,1,1,9,0,6,0,6,5,0,3,0,4,0,1,25,0,0,1,1,0,0,1,0,0,0,1,0,1,1,0,0,0,3,33,28,0,0,0,0,0,0,0,0,1,0,2,1,3,0,0,0,2,0,0,0,6,5,1,1,0,0,1,0,3,0,0,1,0,0,0,0,0,0,0,0,8,2,7,0,0,0,3,1,0,0,0,0,15,0,0,1,0,0,0,3,0,0,0,0,0,0,1,0,0,10,57,0,0,2,0,1,15,7,0,0,7,0,0,1,0,0,2,0,0,0,0,0,0,0,0,1,0,0,1,1,0,0,0,0,0,0,0,1,0,0,0,0,1,0,0,0,0,0,0,1,0,0,0,0,0,0,1,1,0,0,0,3
307557600147200061,33,21,0,2,1,0,1,1,0,0,0,1,0,0,0,4,0,3,2,5,1,0,0,0,3,0,0,39,1,0,0,0,0,0,2,0,0,0,0,1,0,0,0,0,0,1,18,9,0,0,0,0,0,0,0,0,1,0,1,0,0,0,0,0,1,1,0,0,0,2,0,1,0,0,0,0,2,0,0,1,0,1,1,0,0,1,0,1,1,1,3,1,0,0,2,0,0,1,0,0,30,0,0,0,0,0,0,0,0,1,0,0,0,0,0,1,0,5,45,0,1,0,0,0,8,1,0,0,2,0,0,0,0,0,0,0,0,0,0,0,0,0,0,0,0,0,1,0,0,0,0,1,0,0,0,1,0,0,0,0,2,0,0,1,0,0,0,0,0,0,0,0,0,0,0,0,0,0,1,0
307557600147200069,12,3,0,1,0,1,0,0,0,0,0,0,1,0,0,11,0,0,0,2,12,1,0,0,3,0,0,14,0,0,0,0,0,0,1,0,0,0,1,0,0,0,0,1,0,1,7,21,0,0,0,0,0,0,0,1,1,1,0,0,0,0,0,0,0,2,0,0,7,0,0,0,0,0,0,0,0,0,0,2,0,0,0,0,0,0,0,0,0,4,3,0,0,0,0,0,0,0,0,0,12,0,0,0,1,0,0,0,0,0,0,0,0,0,0,0,0,1,15,0,0,0,0,0,2,0,0,1,0,0,0,0,0,0,0,0,0,0,0,0,0,0,0,0,0,0,0,0,0,0,0,0,0,0,0,0,0,0,0,0,2,0,0,0,0,0,0,0,0,0,0,0,0,0,0,0,0,0,0,0
307557600147200073,34,4,0,3,0,0,1,0,1,0,0,0,0,1,0,1,0,0,0,3,2,0,0,0,1,0,0,19,1,0,0,0,0,0,0,0,0,1,2,0,0,0,0,0,0,0,11,14,0,0,0,0,0,0,0,0,1,0,0,0,0,0,0,0,2,0,0,0,2,3,0,0,0,0,0,0,0,0,0,0,0,0,0,0,1,0,0,0,0,0,3,0,0,0,0,1,0,1,0,0,7,0,0,0,0,0,0,0,0,0,0,0,0,0,0,1,0,6,40,0,0,0,0,0,4,1,0,0,0,0,0,0,0,0,1,0,0,0,0,0,0,0,0,0,0,0,0,0,0,0,0,0,0,0,0,0,0,0,0,0,0,0,0,0,0,0,0,0,0,0,0,0,0,0,0,0,0,0,0,1
307557600147200076,27,3,0,1,0,0,0,0,0,1,0,0,0,0,0,0,0,1,0,4,1,0,0,0,2,0,0,2,0,0,0,0,0,0,0,0,0,0,0,0,0,0,0,0,0,0,0,7,0,1,0,0,0,1,0,0,0,0,0,0,0,0,0,0,0,2,0,0,1,2,0,0,0,0,0,0,0,0,0,0,0,1,0,0,0,0,0,0,0,0,8,0,0,0,0,1,0,0,0,0,3,0,0,0,0,0,0,0,0,0,0,0,0,0,0,0,0,3,20,0,0,0,0,0,1,1,0,0,0,0,0,0,0,0,0,0,0,0,0,0,0,0,0,0,0,0,0,0,0,0,0,0,0,0,0,0,0,0,1,0,1,0,0,0,0,0,0,0,0,0,0,0,0,0,0,0,0,0,0,0
307557600147200093,25,2,0,2,0,0,0,0,0,1,0,0,0,1,0,0,0,0,0,7,2,0,0,0,8,0,0,10,0,0,0,0,0,0,3,0,0,0,1,0,0,1,0,0,1,0,10,6,0,0,0,0,0,0,0,0,0,0,0,0,0,0,0,0,0,0,0,0,1,2,0,2,0,0,0,0,0,0,0,1,0,3,0,0,0,0,0,0,0,0,24,0,0,0,2,3,1,0,0,0,7,0,0,0,1,0,0,0,0,0,0,0,0,0,0,0,0,5,31,0,0,0,0,0,0,0,0,0,1,0,0,0,0,0,0,0,0,0,0,0,0,0,0,0,1,0,0,0,0,0,0,0,0,0,0,0,0,0,0,0,0,1,0,0,0,0,0,0,0,0,0,0,0,0,0,0,0,0,0,0
307557600148200131,24,1,0,0,0,1,0,0,1,0,0,0,0,0,0,4,1,1,0,5,2,0,1,0,2,0,0,6,0,0,1,0,0,0,0,0,0,1,0,0,0,0,0,0,0,0,9,2,0,1,0,0,0,0,0,0,1,0,1,0,1,0,0,0,0,0,0,0,1,2,0,0,0,0,0,0,1,0,0,0,0,0,0,0,0,0,0,0,0,0,4,0,0,0,0,0,0,0,0,0,7,0,0,0,1,0,0,0,0,0,0,0,1,0,0,0,0,4,22,0,0,0,0,0,3,0,0,0,0,0,0,1,0,0,0,0,0,0,1,1,1,0,0,0,0,0,0,0,0,0,0,0,0,0,0,0,0,0,0,0,0,0,0,1,0,0,0,0,0,0,0,0,0,0,0,1,0,0,0,0
307557600148200158,64,1,0,5,0,1,0,0,0,0,1,0,0,0,0,12,1,2,0,11,17,0,1,1,7,0,0,34,0,0,0,0,0,0,0,0,0,1,0,0,0,0,0,1,0,5,14,15,0,0,0,0,0,1,0,0,4,0,0,0,0,0,0,0,0,0,0,0,9,4,0,1,0,0,0,0,0,1,1,1,0,0,1,0,0,1,0,0,1,0,15,0,0,0,1,1,1,0,0,0,29,0,0,0,0,0,0,0,0,0,0,0,0,0,0,0,0,10,45,0,0,0,1,1,4,0,0,0,0,0,0,0,0,0,0,0,0,0,0,1,3,0,0,1,0,0,0,0,0,0,0,0,0,2,0,0,0,0,0,0,0,0,0,0,0,0,0,0,0,0,0,1,0,0,1,0,0,2,0,0
307557600148200204,8,0,0,2,0,0,0,0,0,0,0,0,0,0,0,3,0,0,0,1,1,0,0,0,0,0,0,5,0,0,0,0,0,0,0,0,0,0,0,0,0,0,0,0,0,1,4,3,0,0,0,1,0,0,0,0,0,0,0,0,0,0,0,0,1,0,0,0,0,2,0,0,0,0,0,0,0,0,0,1,1,0,0,0,0,0,0,0,0,0,1,0,0,0,0,0,0,0,0,0,3,0,0,0,0,0,0,1,0,1,0,0,0,0,0,0,0,5,11,0,0,0,0,0,0,1,0,0,0,0,0,0,0,0,0,0,0,0,0,0,0,0,1,0,0,0,0,0,0,0,0,0,0,0,0,0,0,0,0,0,0,0,0,0,0,0,0,0,0,0,0,0,0,0,0,0,0,0,0,0
307557600148200225,38,5,0,1,0,1,0,0,0,1,0,0,0,4,0,2,0,4,0,10,12,0,1,0,3,0,0,11,0,0,0,2,0,0,0,0,0,0,0,0,2,0,0,0,1,0,6,11,0,1,1,0,0,0,0,0,2,0,2,0,0,0,1,0,1,7,0,0,10,1,1,0,0,0,0,0,2,0,0,1,1,0,0,1,1,0,0,0,0,4,34,0,0,0,4,3,0,1,0,0,14,0,2,0,0,0,0,0,0,1,0,0,0,0,0,0,0,23,26,0,0,0,0,0,1,0,0,0,1,0,0,0,6,0,0,0,0,0,0,0,0,0,0,2,0,0,0,0,0,0,0,1,0,1,0,0,0,0,0,0,0,0,0,0,0,0,0,0,0,0,0,0,0,0,0,0,0,0,0,1
307557600164100017,51,0,0,1,0,0,1,0,0,1,0,0,0,0,0,0,1,2,0,0,0,2,0,0,0,2,0,0,0,0,1,1,0,0,0,0,0,0,0,1,4,0,0,0,0,4,2,1,0,0,0,0,0,0,0,1,0,0,14,0,0,0,0,0,2,0,0,0,0,1,0,0,0,0,1,0,0,0,0,0,0,0,0,10,0,1,0,0,2,0,3,0,0,0,0,0,0,0,0,0,0,0,1,1,0,0,0,1,0,0,1,0,0,0,0,0,0,0,0,0,3,1,0,0,1,0,1,0,0,0,0,0,0,0,0,0,0,0,0,0,0,0,0,0,0,0,0,0,0,0,0,0,0,0,0,0,0,0,0,0,0,0,0,0,0,0,0,0,0,0,0,0,0,0,0,0,0,0,0,0
307557600164100031,58,0,0,2,0,0,0,0,0,3,0,0,0,0,0,1,0,2,0,0,0,1,0,0,0,1,0,1,0,0,2,1,1,0,0,0,1,1,0,4,7,0,1,0,1,0,2,0,0,0,0,0,0,0,1,0,1,0,3,0,0,0,1,0,2,0,0,0,1,0,0,0,0,0,2,0,0,0,1,0,0,0,0,5,0,0,0,0,0,0,1,0,0,0,0,7,1,0,0,0,0,0,0,1,3,0,0,0,0,0,1,1,0,0,0,0,0,0,0,0,0,0,1,0,1,1,0,0,0,0,0,0,0,0,0,1,0,0,0,1,0,0,0,0,0,0,0,0,0,0,0,0,0,0,1,0,0,0,0,0,0,0,0,0,0,0,0,0,0,0,0,0,0,0,0,0,0,0,0,0
307557600164100032,31,0,0,0,0,0,0,0,0,0,0,0,0,0,0,0,0,0,0,0,0,1,0,0,0,1,0,0,0,0,1,0,0,0,0,0,0,0,0,1,1,0,0,0,0,0,2,0,0,0,0,0,0,0,0,0,0,0,7,0,1,0,0,0,0,0,0,0,0,0,0,0,0,0,1,0,0,0,0,0,0,0,1,9,0,0,0,0,1,0,1,0,0,0,1,1,1,0,0,0,0,0,0,0,4,0,0,0,0,0,0,0,0,0,0,0,0,0,0,0,1,0,0,1,1,0,0,0,0,0,0,0,0,0,0,0,0,0,0,0,0,0,0,0,0,0,0,0,0,0,0,0,0,0,0,1,0,0,0,0,0,0,0,0,0,0,0,0,0,0,0,0,0,0,0,0,0,0,0,0
307557600164100043,73,0,0,0,1,0,1,1,0,3,0,1,0,0,0,1,1,2,0,0,0,5,0,1,0,3,0,0,0,0,2,0,0,0,0,0,0,1,0,7,3,0,0,0,0,12,2,0,0,1,0,0,0,1,0,0,0,0,23,0,6,0,0,0,5,3,0,0,2,1,0,0,0,0,0,0,0,0,0,0,0,0,1,24,0,0,0,1,0,1,13,0,0,0,1,4,0,0,0,2,0,0,0,0,5,0,0,1,0,0,0,0,0,0,1,0,0,2,0,0,1,1,0,1,4,0,0,0,0,0,0,0,0,0,0,0,0,0,0,0,0,0,0,0,0,0,1,0,0,0,0,0,0,0,1,0,0,0,0,0,0,0,0,0,0,1,0,0,0,0,0,0,0,0,1,1,1,0,0,1
307557600164100044,36,0,0,3,0,0,0,0,0,0,0,1,1,0,0,0,0,1,0,0,0,2,1,0,0,1,0,1,0,0,0,0,0,0,0,0,0,0,0,1,2,0,0,1,0,4,0,0,0,0,0,0,0,0,0,0,0,1,4,0,0,0,0,0,3,0,0,0,0,0,1,0,0,0,0,0,0,0,0,0,0,0,0,3,0,0,0,0,0,0,4,0,0,0,0,4,0,0,0,1,0,0,0,0,1,0,0,0,0,0,0,0,1,0,1,0,0,0,0,0,0,0,2,0,1,0,2,0,0,0,0,0,0,0,0,0,0,0,0,0,0,0,0,0,0,0,0,0,0,0,0,0,0,0,0,0,0,0,0,0,0,0,0,0,0,0,0,0,0,0,0,0,0,0,0,0,0,0,0,0
307557600164100061,68,0,0,0,0,1,0,0,0,2,0,0,0,0,0,0,1,2,0,0,0,4,0,1,0,3,0,0,0,0,1,0,0,0,2,0,1,0,0,7,3,0,0,0,0,4,3,1,0,0,2,0,0,1,0,0,1,1,15,0,16,0,0,0,2,2,0,0,1,1,0,0,0,0,2,0,0,0,1,0,0,0,1,6,0,0,0,0,0,0,9,0,0,0,0,1,0,0,0,0,0,0,0,0,2,0,0,0,0,0,0,0,0,0,0,0,0,0,0,0,0,2,1,1,4,0,1,0,0,0,0,0,0,0,0,0,0,0,0,0,0,0,0,1,0,0,0,1,0,0,0,0,0,0,0,0,0,0,0,0,1,0,0,0,0,0,0,0,0,0,0,0,0,0,0,0,0,0,0,0
307557600164100065,37,1,0,0,0,0,0,0,0,1,0,0,0,0,0,0,0,0,0,0,0,1,2,0,0,3,0,0,0,0,2,2,0,0,0,1,0,0,0,2,2,0,0,0,0,6,1,0,0,0,0,0,0,0,0,0,1,0,18,0,4,0,0,0,3,1,0,0,0,0,0,0,0,0,0,0,0,1,0,0,0,0,0,11,0,0,0,0,1,0,9,0,0,0,0,1,0,0,0,0,0,0,0,0,4,1,0,0,0,0,0,0,0,0,0,0,0,0,0,0,1,1,1,0,2,0,3,0,0,0,0,0,0,0,0,0,0,0,0,0,0,0,0,0,0,0,0,0,0,0,0,0,0,0,0,0,0,0,0,1,0,0,0,0,0,0,0,0,0,0,0,0,0,0,0,0,0,0,1,0
307557600164100069,7,2,0,0,0,0,1,0,0,0,0,0,0,3,9,0,0,0,3,0,0,0,1,1,0,0,0,2,3,0,1,0,0,0,2,0,0,0,21,0,0,26,1,0,0,0,13,1,0,3,0,0,1,0,0,18,0,0,1,0,0,0,0,0,0,1,0,0,1,0,7,0,0,0,0,0,0,0,0,0,0,0,0,0,0,2,0,0,0,2,8,0,1,0,1,0,0,0,0,0,3,0,1,0,0,0,0,1,0,0,0,0,0,0,0,0,0,0,1,1,0,0,0,0,4,0,0,0,7,0,0,0,0,0,0,0,0,0,0,1,0,0,0,0,0,0,0,0,0,0,0,0,0,0,0,0,0,0,0,0,0,1,0,0,0,0,0,1,0,0,0,0,0,0,0,0,0,0,0,0
307557600164100071,30,0,1,0,5,0,0,0,0,0,0,0,0,0,0,0,0,2,1,0,0,1,3,0,0,0,0,8,1,4,0,2,1,0,2,0,0,1,0,0,2,0,0,3,1,0,2,7,0,0,2,0,0,1,0,0,0,0,1,0,1,0,0,0,3,0,0,0,0,0,0,0,2,0,0,0,3,0,1,0,0,1,0,0,1,0,0,0,2,0,8,0,0,0,6,0,2,0,0,0,3,0,3,3,2,6,2,1,1,0,0,0,2,0,0,0,2,2,0,0,0,1,0,1,12,0,5,0,0,1,1,0,0,0,0,0,0,0,0,0,0,0,0,0,0,0,0,0,0,0,0,0,0,0,0,0,0,0,0,0,0,0,0,0,0,0,0,0,0,0,0,0,0,0,0,0,0,0,0,0
307557600164100076,67,0,0,0,0,0,0,1,0,1,0,0,0,0,0,1,0,0,0,0,0,0,0,0,0,0,0,0,0,0,0,0,0,0,0,0,0,2,0,1,0,0,0,0,0,2,1,0,0,0,0,0,0,0,0,1,0,0,13,0,1,0,0,0,0,0,0,0,1,0,1,0,0,0,2,0,0,0,0,0,0,0,0,10,0,0,0,0,0,0,3,0,0,0,1,0,0,0,0,0,0,0,0,0,2,0,0,0,0,0,0,0,0,0,0,0,0,0,0,0,0,0,0,2,0,0,0,0,0,0,0,0,0,0,0,0,0,0,0,0,0,0,0,0,0,0,0,0,1,0,0,0,0,0,0,0,0,0,0,0,0,0,0,0,0,0,0,0,0,0,0,0,0,0,0,0,0,0,0,0
307557600164100077,39,0,0,0,0,0,0,0,0,0,0,0,0,0,0,0,0,0,0,0,0,0,0,0,0,1,0,0,0,0,1,0,0,0,0,0,0,0,0,3,2,0,0,0,0,4,1,2,0,0,0,0,0,0,0,0,0,0,3,0,0,0,0,0,1,0,0,0,0,0,0,0,0,0,1,0,0,0,0,0,0,0,0,3,0,0,0,0,0,0,1,0,0,0,0,4,1,0,0,1,0,0,0,0,4,0,0,0,0,0,0,0,0,0,0,0,0,0,0,0,1,0,1,0,0,0,0,0,0,0,0,0,0,0,0,0,0,0,0,0,0,0,0,0,0,0,0,0,0,0,0,0,0,0,0,0,0,0,0,0,0,0,0,0,0,0,0,0,0,0,0,0,0,0,0,0,0,0,0,0
307557600164100078,130,0,1,3,0,0,4,0,1,3,0,0,0,0,1,4,0,4,1,11,7,9,4,15,1,3,0,26,0,0,0,3,1,0,1,3,0,0,0,9,7,2,0,0,0,9,8,0,0,1,0,0,1,0,0,0,4,0,7,0,2,1,0,0,3,1,0,0,8,0,0,1,0,0,2,1,5,0,1,3,1,0,2,2,0,0,1,1,1,1,31,0,0,1,3,16,1,2,0,0,24,4,0,0,7,0,0,3,0,1,1,1,4,0,3,0,1,10,2,0,0,6,2,0,12,2,1,0,0,0,0,0,2,1,0,0,0,0,0,0,0,1,0,1,0,0,0,0,0,1,0,0,1,0,2,0,0,0,1,2,1,0,0,0,0,1,0,0,0,0,2,0,0,1,0,1,0,0,0,0
307557600164100079,32,0,0,0,0,0,0,0,0,2,0,0,0,0,0,0,0,1,0,0,0,1,1,0,0,0,0,0,0,0,0,2,0,0,0,0,0,1,0,2,0,0,0,0,0,1,0,0,0,0,0,0,0,0,0,0,0,0,7,0,2,0,0,0,1,0,0,0,0,0,0,0,0,0,1,0,0,0,0,0,0,0,0,7,0,0,0,0,0,0,5,0,0,0,1,0,1,0,0,0,1,0,0,0,3,0,0,0,0,0,0,1,1,0,0,0,0,0,0,0,0,0,1,0,0,0,0,1,0,0,0,0,0,0,0,0,0,0,0,0,0,0,0,0,0,0,0,1,0,0,0,0,0,0,0,0,0,0,0,0,0,0,0,0,0,0,0,0,0,0,0,0,0,0,0,0,1,0,0,0
307557600164100081,26,0,16,0,5,0,1,0,0,1,0,2,1,1,0,1,0,2,0,0,0,0,0,1,0,0,1,2,0,0,0,3,0,0,2,0,0,5,0,0,1,0,0,0,1,1,1,22,1,0,0,0,0,0,1,0,1,0,0,0,0,0,0,0,10,0,0,0,0,0,0,0,7,0,0,0,2,0,4,1,1,1,0,0,0,0,0,1,1,0,23,0,0,0,9,6,6,1,0,2,4,0,4,1,2,24,0,1,1,0,0,0,0,0,1,0,0,1,0,0,0,1,0,1,9,0,9,2,0,1,0,0,0,0,0,0,0,0,0,0,1,0,0,1,0,0,0,0,0,0,0,0,0,0,0,0,0,0,0,0,0,0,0,0,0,0,0,0,0,1,0,1,0,0,0,0,0,0,0,1
307557600164100085,93,0,0,1,0,0,0,0,0,0,0,0,0,2,0,0,0,1,0,1,0,2,0,0,0,0,0,0,0,0,1,3,0,0,0,0,0,0,0,8,3,0,0,0,0,12,5,1,0,0,0,0,0,0,0,0,0,0,4,0,1,0,0,0,2,1,0,0,0,0,0,0,0,1,2,0,0,0,0,0,0,0,0,3,0,0,0,1,0,0,14,0,1,0,0,17,0,0,0,3,0,0,1,0,6,0,0,0,0,0,0,0,1,0,0,0,0,0,0,0,1,1,0,0,2,0,2,1,0,0,0,0,0,0,0,0,0,0,0,0,1,0,0,0,0,0,0,0,0,0,0,0,0,0,1,0,0,0,0,0,0,0,0,0,0,0,0,0,1,0,0,0,0,0,0,1,0,0,0,0
307557600164100091,30,0,8,0,2,0,0,0,0,0,0,0,0,0,2,0,0,0,0,0,0,0,7,0,0,0,0,1,0,2,0,1,3,1,1,2,0,4,0,0,2,2,3,5,12,2,4,10,0,1,0,0,0,1,0,0,3,0,0,0,3,0,0,0,3,1,0,0,0,0,0,0,2,1,1,0,3,0,2,1,4,1,1,1,1,0,1,0,6,0,51,0,7,0,5,3,4,2,0,1,3,0,2,1,0,10,0,0,0,0,0,0,1,0,0,0,0,0,0,0,0,2,0,1,14,0,2,5,0,1,0,0,0,0,0,0,0,0,0,0,0,0,0,0,0,0,0,0,0,0,1,0,0,0,0,0,0,0,0,0,0,0,0,0,0,0,0,0,1,0,0,0,0,0,0,0,0,0,0,1
307557600164100093,9,2,0,0,1,0,0,0,0,0,1,0,0,3,4,0,0,0,2,0,0,0,1,0,0,0,0,2,1,0,0,1,1,0,1,0,0,0,12,0,0,19,0,1,0,0,11,0,0,3,0,0,1,0,0,4,0,0,1,1,0,1,0,0,3,0,0,0,0,0,2,0,0,0,0,0,0,0,0,0,0,0,0,0,0,0,0,0,0,0,14,0,0,0,0,1,0,0,0,0,1,0,0,0,0,0,0,0,0,0,0,1,0,1,0,0,0,0,1,0,0,0,0,0,4,0,0,0,1,0,0,0,0,0,0,0,0,0,0,0,0,0,0,0,0,0,0,0,0,0,0,0,0,0,1,0,0,0,0,0,0,0,0,0,0,0,0,0,0,0,0,0,0,0,0,0,2,0,0,0
307557600164100094,111,0,0,3,0,0,0,0,0,2,2,0,0,0,0,3,0,2,0,0,0,4,1,2,0,6,0,0,0,0,0,1,2,0,2,0,2,1,1,9,5,0,0,0,0,17,2,0,0,1,0,0,0,0,1,0,1,0,16,1,9,1,0,0,2,1,0,0,2,0,1,0,0,0,3,1,1,1,1,3,0,1,0,14,0,0,0,2,0,0,6,0,0,0,0,7,1,0,0,1,0,0,0,0,11,2,0,0,0,0,0,1,3,0,1,0,0,2,1,0,1,0,2,2,2,1,2,1,0,0,0,0,0,0,0,0,0,1,0,0,0,0,0,1,1,0,0,0,0,1,0,1,0,0,0,0,0,0,1,0,0,0,0,0,0,0,0,0,0,0,0,0,0,1,0,0,0,0,0,0
307557600164100096,19,0,0,0,0,0,0,0,0,0,1,0,0,0,0,0,1,1,0,0,0,0,0,1,0,2,0,0,0,0,1,0,0,0,0,0,0,0,0,1,2,0,0,0,1,1,0,0,0,0,1,0,0,0,0,0,1,0,8,0,0,0,0,0,0,0,0,0,0,0,0,0,0,0,0,0,2,0,0,1,0,0,0,1,0,0,0,0,0,0,1,0,0,0,0,6,0,0,0,0,0,0,0,0,1,0,0,0,0,0,0,0,1,0,1,0,0,0,0,0,0,2,1,0,1,0,0,0,0,0,0,0,0,0,0,0,0,0,0,0,0,0,0,0,0,0,0,0,0,0,1,0,0,0,0,0,0,0,0,0,0,0,0,1,0,0,0,0,0,0,0,0,0,0,0,0,0,0,0,0
307557600164100097,75,0,0,2,0,0,1,0,0,1,1,1,0,1,0,0,0,2,0,0,0,1,0,1,0,0,0,0,0,1,1,0,0,1,1,0,0,0,0,6,1,0,0,0,1,3,2,0,0,0,0,0,0,0,0,0,1,0,15,0,2,0,0,0,3,0,0,0,0,0,0,0,0,0,0,0,1,0,1,0,0,0,0,5,0,0,0,1,0,0,4,0,1,0,0,0,0,0,0,0,0,0,0,0,2,0,0,0,1,1,0,0,0,0,0,0,0,0,0,0,0,0,0,0,4,0,1,0,0,0,0,0,0,0,0,0,0,0,0,0,0,0,1,0,0,0,1,0,0,0,0,0,0,0,0,0,0,0,0,0,0,0,0,0,0,0,0,0,0,0,0,0,0,0,0,0,0,0,0,0
307557600164100102,29,8,1,2,0,0,1,0,1,0,0,0,1,6,16,0,0,0,4,1,0,0,2,1,0,0,1,5,5,0,0,0,0,0,2,0,0,1,42,0,0,69,0,0,1,1,19,5,0,9,0,0,4,0,0,23,0,0,5,1,0,1,0,0,0,0,0,0,1,2,6,0,0,0,0,0,0,0,1,0,0,2,1,0,0,0,0,1,1,12,17,0,0,0,0,0,0,1,0,0,6,1,0,0,0,0,0,2,0,0,0,0,0,0,0,0,0,4,6,0,0,0,0,0,16,0,0,0,12,0,0,0,0,0,0,0,0,0,0,1,1,0,0,0,0,0,0,0,0,1,0,0,0,0,0,0,0,0,0,0,0,2,0,0,0,1,0,1,0,0,0,1,0,0,0,0,0,0,0,0
307557600164100104,62,0,0,1,0,0,0,0,0,0,0,1,0,0,0,0,1,0,0,0,0,5,1,0,0,1,0,0,0,0,1,0,0,0,2,0,2,0,1,2,4,0,0,0,1,4,1,0,0,0,0,0,0,0,0,0,1,0,4,0,0,0,0,0,0,0,0,0,1,0,0,2,2,0,2,0,0,0,1,0,0,0,1,2,0,0,0,0,0,0,5,0,0,0,0,3,0,0,0,2,0,0,0,0,2,0,0,0,0,0,1,1,2,0,1,0,0,0,0,0,2,1,0,0,3,2,2,0,0,0,0,0,0,0,0,0,0,0,0,0,0,0,0,0,0,0,0,1,1,0,0,0,0,0,0,0,0,0,0,0,0,0,2,0,0,0,0,0,0,0,0,0,0,0,0,0,0,0,0,0
307557600164100105,14,0,0,0,1,0,0,0,0,0,0,0,0,0,0,0,0,0,0,0,0,6,3,0,0,0,0,0,0,0,0,0,2,0,0,0,0,0,0,0,0,0,0,2,2,0,0,1,0,0,0,0,1,0,0,0,1,0,0,0,0,0,0,0,3,0,1,0,0,0,0,0,4,1,0,0,0,0,1,1,0,0,0,0,1,0,0,2,0,1,10,0,0,0,1,0,0,0,0,0,1,0,6,0,0,1,0,2,0,0,0,0,1,1,0,0,1,0,0,1,0,2,0,0,7,1,2,0,0,0,0,0,0,0,0,0,0,0,0,0,0,0,0,0,0,0,0,0,0,0,1,0,0,0,0,0,0,0,0,0,0,0,0,0,0,0,0,0,0,0,0,0,0,0,0,0,1,0,0,0
307557600164100106,38,0,0,0,0,0,0,0,0,0,0,0,0,0,0,1,0,0,0,0,0,2,0,0,0,0,0,1,0,0,0,0,0,0,0,0,0,0,1,1,0,0,0,0,0,2,0,0,0,0,0,0,0,2,0,0,1,0,5,0,0,0,0,0,4,0,0,0,0,0,1,0,0,0,0,1,1,0,0,0,0,0,0,1,0,0,0,0,0,0,3,0,0,0,0,3,0,0,0,0,0,0,2,0,3,0,1,0,0,0,1,0,0,0,1,0,0,0,0,0,0,0,0,0,3,3,0,0,0,0,0,0,0,0,0,0,0,0,0,0,0,0,0,0,0,0,0,0,0,0,0,0,0,0,0,0,0,0,0,0,0,0,1,0,0,0,0,0,0,0,0,0,0,0,0,0,0,0,0,0
307557600164100107,54,0,0,1,0,0,2,0,1,0,0,0,0,0,0,1,0,1,0,0,0,3,0,0,0,3,0,0,0,0,1,0,0,0,0,0,0,0,0,2,4,0,0,0,0,4,3,0,0,0,0,0,0,0,1,0,2,0,11,0,1,0,0,0,2,0,0,0,0,1,0,0,0,0,0,0,0,0,0,0,0,0,1,6,0,0,0,0,1,0,5,0,0,0,0,7,0,0,0,1,0,0,0,0,8,0,0,1,0,0,0,1,3,0,0,0,0,1,0,0,0,1,2,0,1,1,0,0,1,0,0,0,0,0,0,0,0,0,0,0,0,0,0,0,0,0,0,0,0,0,0,0,0,0,1,0,0,0,0,1,0,0,0,0,0,0,0,0,1,0,0,0,0,0,0,0,0,0,0,1
307557600164100108,98,0,0,0,0,0,0,0,0,1,0,0,1,0,1,0,0,3,0,0,0,2,0,0,0,1,0,1,0,0,2,1,0,0,0,0,0,0,0,9,2,0,0,1,0,11,4,0,1,1,1,0,0,1,0,0,0,0,28,0,3,0,0,0,2,0,0,0,1,0,0,0,0,0,3,0,0,0,0,0,0,0,0,4,0,0,0,0,1,0,7,0,0,0,1,8,1,1,0,0,0,0,0,0,7,0,0,0,0,0,0,0,2,0,1,0,0,0,1,0,0,2,1,0,2,0,1,1,0,1,0,0,0,0,0,0,0,0,0,0,0,0,1,0,0,0,0,0,0,0,0,0,0,0,0,0,0,0,0,0,0,0,1,0,0,0,0,0,0,0,0,0,0,0,0,0,0,0,0,0
307557600164100116,44,0,0,0,0,0,0,0,0,0,0,0,0,0,0,0,0,0,0,0,0,2,0,0,0,2,0,0,0,0,3,0,0,0,0,0,0,0,0,1,3,0,0,0,0,4,0,0,0,0,0,0,0,0,1,0,0,0,6,0,1,0,0,0,0,0,0,0,0,0,0,0,0,0,0,0,1,0,0,1,0,0,0,3,0,0,0,0,0,0,2,0,0,0,0,1,0,0,0,0,0,0,0,0,2,0,0,0,0,0,1,0,1,0,0,0,0,0,0,0,0,0,1,0,1,0,1,1,0,0,0,0,0,0,0,0,0,0,0,0,0,0,0,0,0,0,0,0,1,0,0,0,0,0,0,0,0,0,0,0,0,0,0,0,0,0,0,0,0,0,0,0,0,0,0,0,0,0,0,0
307557600164100117,72,0,0,0,1,0,1,0,0,2,0,3,0,0,1,2,0,8,0,0,0,3,1,0,0,4,0,0,0,1,1,0,0,0,2,0,1,1,0,7,3,0,0,1,0,13,0,0,0,0,0,0,0,1,0,0,0,0,14,1,2,0,0,0,5,2,0,0,1,1,1,0,0,0,2,0,0,0,0,0,0,0,0,2,0,0,0,0,0,0,4,0,0,0,0,7,0,0,0,0,0,0,0,1,2,0,0,1,0,0,3,0,3,0,0,0,0,0,1,0,0,0,2,1,4,0,3,0,0,1,0,0,0,0,0,0,0,0,0,0,0,0,0,1,0,0,0,0,0,0,0,0,0,0,0,1,0,0,0,0,0,1,0,0,0,0,0,0,0,0,0,0,0,0,0,0,0,0,0,0
307557600164100119,80,0,0,0,0,0,0,0,1,0,0,0,0,0,0,1,0,1,0,0,0,8,0,1,0,1,0,0,0,0,2,0,1,0,0,0,0,0,0,7,1,0,0,0,1,5,2,0,0,1,0,0,0,0,0,0,0,0,6,2,1,0,0,0,1,0,0,0,2,0,1,0,0,0,1,0,3,0,0,0,0,0,0,0,0,0,0,0,1,0,11,0,1,0,0,6,3,2,0,1,0,0,0,0,2,0,5,0,1,1,5,0,3,0,1,0,0,0,0,0,0,0,0,0,2,3,0,0,0,0,1,0,0,0,0,0,0,0,0,1,0,0,0,0,0,0,0,0,0,1,0,0,0,0,1,1,0,1,0,1,0,0,1,0,0,0,0,0,0,0,0,0,0,0,0,0,0,0,0,0
307557600164100123,117,0,2,3,0,0,3,0,0,1,1,2,1,0,0,1,0,2,0,0,0,3,0,0,0,1,0,0,0,0,3,1,0,0,1,0,0,0,1,6,3,0,0,2,1,9,0,0,0,0,0,1,0,0,0,0,0,0,19,0,1,0,0,0,4,1,0,0,0,0,1,0,0,0,2,0,0,0,0,0,0,0,0,3,0,0,0,0,2,0,11,0,0,1,1,12,1,0,0,1,1,0,0,0,9,0,2,0,0,1,4,1,2,0,0,0,0,3,1,0,0,0,5,1,5,0,4,2,0,0,0,0,0,0,1,0,1,0,0,1,1,0,0,0,0,0,0,0,0,0,0,0,0,0,0,0,0,1,0,0,1,0,1,0,0,0,0,0,0,0,0,0,0,0,0,0,0,0,0,1
307557600164100124,170,0,0,2,0,0,1,1,0,3,0,1,1,0,3,1,0,4,1,0,0,5,1,1,0,5,0,0,0,0,0,1,2,0,2,0,0,0,3,11,8,0,0,0,1,18,5,4,0,0,0,0,0,1,0,0,0,0,24,0,4,0,0,0,7,0,0,0,1,0,0,0,0,0,8,0,0,0,0,0,1,0,0,4,0,0,0,0,0,3,8,0,0,0,5,24,4,0,0,2,1,0,2,0,4,0,1,1,0,1,3,0,9,0,0,0,0,0,0,0,2,5,8,0,5,1,2,2,0,0,0,0,0,0,0,0,0,1,0,0,0,0,0,1,1,0,0,0,0,0,1,0,0,0,0,0,0,1,0,0,0,0,0,0,0,0,1,1,2,0,0,0,0,1,0,0,0,0,1,0
307557600164100126,32,0,0,0,0,0,0,0,0,0,0,0,0,0,0,3,0,2,0,0,0,2,1,1,0,3,0,0,0,0,2,1,0,0,1,0,0,0,0,2,2,0,2,0,0,5,1,1,0,0,0,0,0,0,0,0,0,0,10,0,1,0,0,0,0,0,0,0,1,1,1,0,0,0,1,0,0,0,0,0,0,0,1,0,0,0,0,1,0,0,1,0,0,0,0,6,2,0,0,4,0,0,0,0,1,0,0,0,0,1,1,0,3,0,1,0,0,1,0,0,0,0,4,0,1,2,5,1,0,1,0,0,0,0,0,0,0,0,0,0,0,0,0,0,0,0,0,0,0,0,0,0,0,0,0,0,0,0,0,0,0,0,0,0,0,0,0,1,0,0,0,0,0,0,0,0,0,0,0,0
307557600164100127,32,0,0,0,0,0,0,0,0,0,0,0,0,0,0,0,0,1,0,0,0,6,0,0,0,0,0,0,0,0,0,1,0,1,0,0,0,0,0,3,1,0,0,0,0,3,1,1,0,0,0,0,0,0,0,0,0,0,6,0,0,0,0,0,0,0,0,0,0,0,0,0,0,0,0,0,1,0,0,0,0,0,1,1,0,0,0,1,0,0,0,0,0,0,0,3,1,0,0,1,0,0,0,0,1,0,1,0,0,0,0,0,1,0,0,0,0,0,0,0,0,0,1,0,0,0,3,0,0,0,0,0,0,0,0,0,0,0,0,0,0,0,0,2,0,0,0,0,0,0,0,0,0,0,0,0,0,0,1,0,0,1,0,0,0,1,0,0,0,0,0,0,0,0,0,0,0,0,0,0
307557600164100129,34,0,0,0,0,0,0,0,0,0,0,0,0,0,0,0,0,2,0,0,0,12,0,2,0,0,0,0,1,0,1,1,0,0,0,0,0,0,0,4,3,0,0,1,6,1,0,0,0,0,0,0,0,0,1,0,1,0,3,0,0,0,0,1,1,0,0,0,0,0,0,0,0,1,1,0,0,0,0,0,0,1,0,0,0,0,1,0,0,2,14,0,1,0,1,9,0,0,0,0,0,0,0,0,1,0,1,0,0,0,0,0,0,0,0,0,0,1,0,0,0,0,2,0,6,0,2,0,0,0,0,0,0,0,0,0,0,0,0,0,0,0,0,0,0,0,0,0,0,1,0,0,0,0,0,0,1,0,0,0,0,0,0,0,0,0,0,0,0,0,0,0,0,0,0,0,0,0,0,0
307557600164100130,55,0,0,3,0,2,0,0,0,1,0,0,0,0,0,0,0,4,0,0,0,1,1,1,0,3,0,0,0,0,0,1,0,0,1,0,0,0,1,0,1,0,0,0,0,4,2,2,0,0,0,0,0,1,0,0,0,0,11,0,1,0,0,0,0,0,0,0,0,0,0,0,0,0,3,0,1,0,2,1,0,0,0,1,0,0,0,0,0,0,2,0,0,0,0,10,0,1,0,2,0,0,0,0,5,0,0,0,0,0,1,0,1,0,0,0,0,0,1,0,0,1,4,0,1,0,1,0,2,0,0,0,0,0,0,0,0,0,0,1,0,0,0,0,0,0,0,0,0,0,1,0,0,0,0,0,0,0,0,0,0,0,0,0,0,0,0,0,0,0,0,0,0,0,0,0,0,0,0,0
307557600164100131,21,0,2,0,1,0,0,0,0,1,0,1,0,0,0,0,0,2,0,0,0,0,1,0,0,0,0,0,0,0,0,0,0,0,3,1,1,2,0,0,0,0,0,2,6,0,0,14,0,0,0,0,0,0,0,0,0,0,0,0,0,2,0,0,2,0,2,0,0,0,0,0,4,0,1,0,2,0,3,0,10,1,0,0,0,0,0,1,1,0,35,0,0,0,2,0,4,3,3,0,0,0,7,2,0,15,0,0,1,0,0,0,0,1,0,0,0,0,0,0,0,4,0,0,6,0,9,0,0,0,0,1,0,0,0,0,0,0,0,0,0,0,0,0,0,0,0,0,0,0,1,0,0,0,0,0,0,0,1,0,0,0,0,0,0,0,0,0,0,0,0,0,0,0,0,0,0,1,0,0
307557600164100134,61,0,0,1,1,0,0,0,0,0,0,1,0,0,0,0,0,1,0,0,0,2,3,2,0,0,0,5,0,0,2,0,0,0,2,1,0,2,0,0,3,0,0,1,2,2,4,13,0,0,0,0,0,1,0,0,0,0,8,0,0,0,0,0,2,0,0,0,0,0,2,0,4,0,1,0,3,0,1,0,5,0,1,5,0,0,0,2,0,0,26,0,0,0,1,3,0,2,0,0,1,0,8,0,3,1,0,0,0,0,0,0,0,0,0,0,0,0,0,0,0,1,0,1,12,0,1,0,0,0,0,0,0,0,0,0,0,0,0,0,0,0,1,0,0,0,0,0,0,0,1,0,0,0,1,0,0,0,0,0,0,0,0,0,0,0,0,0,0,0,0,0,0,0,0,0,0,0,0,0
307557600164100135,61,0,0,0,0,0,3,0,0,0,0,0,0,0,0,0,0,2,0,0,0,0,0,0,0,0,0,0,0,0,1,0,0,0,5,0,0,0,0,0,0,0,0,0,0,6,2,2,0,0,0,0,0,0,0,0,0,0,0,0,0,0,0,0,4,2,0,0,0,1,2,1,0,0,1,0,1,0,0,0,0,0,1,0,0,0,0,0,0,0,0,0,0,0,0,1,0,0,0,0,7,0,0,0,1,0,0,4,0,0,0,0,0,0,0,0,0,0,1,0,0,4,0,0,4,0,0,0,1,0,0,0,0,0,0,0,0,0,0,1,0,0,0,0,0,0,0,0,0,0,0,0,0,0,0,0,0,0,0,0,0,0,0,0,0,0,0,0,0,0,0,0,0,0,0,0,0,0,0,0
307557600164100137,70,0,0,0,0,0,0,0,0,1,0,0,1,1,0,0,0,0,0,3,0,22,0,2,0,2,0,12,0,0,2,0,0,0,0,0,0,1,0,1,4,0,0,0,7,1,2,0,0,0,0,0,0,0,1,0,0,0,6,0,0,1,0,0,3,0,0,0,0,0,0,0,0,0,0,0,0,0,0,0,0,1,1,0,0,0,0,0,0,1,20,0,0,0,1,10,1,0,0,2,20,0,0,0,6,0,2,0,0,0,1,0,0,0,1,0,0,0,0,0,1,0,0,1,9,0,3,0,1,0,0,0,0,0,1,0,0,1,0,0,0,0,0,2,0,0,0,0,0,0,0,0,0,0,0,0,0,0,0,0,0,0,0,0,0,0,0,0,0,0,0,0,0,1,0,0,0,0,0,0
307557600164100138,12,0,0,0,1,0,1,0,0,0,0,0,0,0,0,0,0,0,0,0,0,0,1,0,0,0,0,0,0,0,0,0,0,0,1,0,0,0,0,0,1,0,0,1,0,1,0,3,0,0,0,0,0,0,0,0,0,0,1,0,0,0,0,0,2,1,0,0,0,0,0,0,0,0,0,0,0,0,0,0,0,0,0,0,0,0,0,0,0,0,1,0,0,0,0,1,0,0,0,0,1,0,0,1,0,0,0,1,0,0,0,0,0,2,0,0,0,0,1,0,0,1,0,0,0,0,0,0,0,0,0,0,1,0,0,0,0,0,0,0,0,0,0,1,0,0,0,0,0,0,0,0,0,0,0,0,0,0,0,0,0,0,0,0,0,0,0,0,0,0,0,0,0,0,0,0,0,0,0,0
307557600164100143,38,0,0,0,2,0,2,0,0,2,0,1,1,0,1,0,0,2,0,0,0,2,1,0,0,0,0,2,0,0,0,0,1,0,2,0,1,1,0,4,0,0,0,0,2,9,6,0,0,1,0,0,0,0,0,0,0,0,0,1,0,0,0,0,3,1,1,0,0,0,1,0,0,0,1,0,1,0,0,0,5,0,0,0,1,0,0,0,1,0,13,0,0,0,1,1,0,1,0,0,2,0,6,2,2,1,0,9,0,0,0,0,0,1,2,0,0,1,1,0,1,12,1,0,6,0,1,1,0,1,0,0,0,0,0,0,0,0,0,0,0,0,0,0,0,0,0,0,0,0,0,0,0,0,0,0,0,1,0,0,0,0,0,0,0,0,0,0,0,1,0,0,0,0,0,0,0,0,0,1
307557600164100154,34,0,0,0,0,0,0,0,0,0,0,0,0,1,1,0,0,2,0,1,0,4,0,2,0,0,0,0,0,0,0,0,1,1,0,0,1,1,0,2,2,0,0,0,1,2,0,1,0,0,0,0,0,0,0,1,0,0,0,0,0,0,0,0,0,0,0,0,1,0,0,0,0,0,0,1,2,0,0,0,0,0,0,2,0,0,0,0,0,0,12,0,0,0,0,4,0,0,0,0,5,0,0,0,1,0,1,3,0,0,0,0,0,0,1,0,0,0,0,0,0,1,0,1,5,0,1,1,0,0,0,0,0,0,0,0,0,0,0,0,0,0,0,0,0,0,0,0,0,0,0,0,1,0,0,0,0,0,0,0,0,0,0,0,0,0,0,0,0,0,0,0,0,0,0,0,0,0,0,0
307557600164100156,110,0,0,1,0,0,1,0,0,6,0,1,1,0,0,3,0,2,0,2,2,5,2,3,1,0,0,7,0,0,0,0,0,0,1,0,0,2,2,5,6,0,0,1,1,10,8,4,0,1,0,0,0,0,0,0,1,0,7,0,0,0,0,0,0,1,0,0,1,0,0,1,0,0,0,0,5,0,1,0,0,0,0,3,0,0,0,0,1,2,24,0,1,0,5,7,1,0,0,2,20,0,0,1,3,0,3,2,0,1,0,0,1,0,0,0,0,4,1,0,0,11,2,0,4,0,3,1,1,1,0,0,0,1,0,0,0,0,0,0,0,0,0,0,0,0,0,0,0,0,1,0,0,0,2,0,0,0,0,0,1,0,0,0,0,0,0,0,0,0,0,1,0,1,0,1,0,0,0,2
307557600164100157,29,0,0,0,3,0,0,0,1,0,0,0,0,0,0,2,0,1,0,6,5,0,3,2,0,0,1,43,0,0,0,4,1,0,4,0,0,0,1,0,3,0,0,0,0,0,7,3,0,0,0,0,0,0,0,0,0,1,0,0,2,0,0,0,0,0,0,0,2,0,0,0,0,0,0,0,0,0,0,4,0,0,2,1,0,0,0,2,1,3,39,0,0,0,1,2,0,0,0,1,47,0,2,0,0,2,0,0,0,0,0,1,0,0,1,0,0,6,0,0,0,1,3,0,4,1,0,4,0,0,1,0,5,0,0,1,0,0,0,0,0,0,0,1,2,0,0,0,0,0,0,0,0,0,0,0,0,2,0,0,0,0,0,0,0,0,0,0,0,0,0,0,0,0,0,1,0,0,0,0
307557600164100162,41,0,0,1,0,0,3,0,0,3,0,0,0,0,0,1,1,1,0,0,0,1,0,0,0,0,0,0,0,0,0,0,1,0,3,0,0,4,0,2,1,0,0,0,0,4,6,4,0,0,0,0,0,0,1,0,0,0,0,0,0,0,1,0,1,0,0,0,1,0,0,0,0,0,0,0,5,0,0,0,0,0,0,0,0,0,0,1,0,0,6,0,0,0,0,4,0,0,0,0,2,0,0,0,0,0,0,9,0,0,0,0,0,0,1,0,0,0,0,0,0,10,0,0,0,0,0,1,0,0,0,0,0,0,0,0,0,0,0,0,0,0,0,0,0,0,0,0,0,0,1,0,0,0,0,0,0,0,0,0,0,0,0,0,0,0,0,0,0,0,0,0,0,0,0,0,0,0,0,0
307557600164100165,21,0,0,2,0,0,0,0,0,0,1,1,0,0,0,0,0,0,0,1,0,0,1,0,0,0,0,4,0,0,0,1,1,0,1,2,0,0,0,0,1,0,0,0,2,3,2,0,0,0,0,0,0,0,0,0,0,0,0,0,0,0,0,0,2,0,0,0,0,0,0,0,0,0,1,0,2,0,0,1,0,1,0,1,0,0,0,0,0,0,11,0,0,0,0,0,1,0,0,0,5,0,0,0,0,1,0,0,0,0,0,0,0,1,0,0,0,4,1,0,0,1,0,1,2,0,0,0,0,0,0,0,0,0,0,0,0,0,0,0,0,0,0,0,0,0,0,0,0,0,0,0,0,0,0,0,0,0,0,0,0,0,0,0,0,0,0,0,0,0,0,0,0,0,0,0,0,0,0,0
307557600164100166,47,0,0,2,0,0,0,0,0,0,0,0,0,0,0,5,0,2,0,6,7,0,2,2,0,0,0,15,0,0,0,2,0,0,2,0,0,3,0,0,3,0,0,0,0,2,7,2,0,0,0,0,0,0,1,0,0,0,0,0,1,0,0,0,0,1,0,0,4,0,0,0,0,0,1,0,0,0,0,1,0,0,0,1,0,0,0,0,0,1,8,0,0,0,1,4,0,0,0,0,18,0,0,0,0,0,0,2,0,0,0,0,1,1,0,0,0,2,0,0,0,3,0,1,5,0,0,2,1,0,0,0,6,0,0,0,0,0,0,0,0,0,0,0,0,1,0,0,0,0,0,0,0,0,0,0,0,0,0,0,0,0,0,0,0,0,0,0,0,0,0,0,0,0,0,0,0,0,0,0
307557600164200007,59,0,0,0,0,0,2,0,0,0,0,2,0,0,0,2,0,1,0,0,0,7,0,0,0,1,0,0,0,0,0,0,0,0,0,0,0,0,0,4,1,0,0,0,0,3,1,2,0,0,0,0,0,0,0,0,0,0,14,0,1,0,0,0,0,0,0,0,1,0,0,0,0,0,0,0,0,0,0,1,0,0,0,10,0,0,0,0,0,0,5,0,0,0,1,1,0,0,1,0,1,0,1,0,6,0,0,0,0,0,1,0,0,0,0,0,0,0,0,0,0,0,2,0,0,0,0,0,0,0,0,0,0,0,0,0,0,0,0,0,0,0,0,0,0,0,0,1,0,0,0,0,0,0,0,0,0,0,0,0,0,0,0,0,0,0,0,0,0,0,0,0,0,0,0,0,0,0,0,0
307557600164200030,47,0,0,2,0,0,0,0,0,0,0,0,0,0,0,0,0,3,0,0,2,2,0,2,0,1,0,0,0,0,0,0,0,1,0,0,2,0,0,2,4,0,0,1,0,3,1,0,0,0,0,0,0,0,0,0,0,0,10,0,1,0,0,1,1,0,0,0,0,1,0,0,0,0,1,0,0,0,0,0,0,0,0,2,0,0,1,0,0,0,2,1,0,0,1,5,0,0,0,1,0,0,0,0,7,0,0,0,0,0,0,1,1,0,0,0,0,0,0,1,0,1,0,0,1,0,0,0,0,0,0,0,0,0,0,0,0,0,0,0,0,0,0,0,0,0,0,0,0,0,0,0,0,0,0,0,0,0,0,0,0,0,0,0,0,0,0,0,0,0,0,0,1,0,0,0,1,0,0,0
307557600164200033,41,1,0,0,2,0,0,0,1,3,0,0,0,0,0,1,0,3,0,1,0,18,4,0,0,0,0,14,0,0,0,0,0,0,8,1,1,4,2,0,2,0,0,3,6,2,1,11,0,0,2,0,0,0,0,0,0,0,1,0,1,0,1,0,10,0,2,1,0,0,0,0,7,0,1,0,15,0,1,0,1,0,0,0,0,0,0,3,1,0,45,0,1,0,6,1,0,4,0,0,3,0,19,2,1,4,1,3,0,0,0,0,1,3,0,0,1,0,0,0,0,4,0,0,21,0,1,1,0,4,0,0,0,0,0,1,0,0,0,0,0,0,0,0,0,0,0,0,0,0,1,1,0,0,1,0,0,0,0,1,0,0,0,0,0,0,0,0,0,0,0,0,0,0,0,0,0,1,0,0
307557600164200034,9,0,0,0,2,1,0,0,1,0,0,0,0,2,2,0,0,0,0,0,0,0,0,0,0,1,0,2,1,3,0,0,0,0,3,0,0,0,0,0,0,0,0,0,1,0,2,6,0,0,0,0,0,1,0,1,1,0,1,0,0,0,0,0,3,0,0,1,0,0,0,0,0,0,2,0,0,1,0,0,1,0,0,1,0,0,0,1,1,0,19,0,0,0,0,0,0,2,0,0,7,0,3,0,0,0,0,1,1,0,1,0,4,0,0,0,0,0,0,0,0,0,0,1,2,1,0,0,0,0,8,0,0,0,0,0,0,0,0,0,0,0,0,0,0,0,0,0,0,0,0,0,0,0,0,0,0,0,0,0,0,0,0,0,0,0,0,0,0,0,0,0,0,0,0,0,1,0,0,0
307557600164200037,144,1,0,0,0,0,3,0,0,1,0,1,1,0,0,8,0,4,0,0,0,7,2,1,0,6,0,0,0,0,2,4,0,0,3,0,0,0,1,6,4,0,0,0,1,15,7,1,0,0,1,0,0,0,0,0,0,0,41,0,2,1,0,0,4,0,0,0,0,0,0,0,1,0,0,0,0,0,1,1,0,0,0,6,0,0,0,0,1,0,12,0,0,0,2,22,3,0,0,2,0,0,1,0,6,0,0,0,0,0,5,1,3,0,0,0,0,0,2,0,1,1,10,0,6,3,4,4,0,0,0,0,0,0,0,0,0,0,0,0,0,0,0,0,0,0,1,1,0,0,1,0,0,0,0,0,0,0,0,0,0,0,1,0,0,0,0,0,1,0,0,0,0,0,0,0,0,0,0,0
307557600164200038,71,0,0,0,0,1,1,1,0,1,0,1,3,0,0,0,0,3,1,0,0,2,0,1,0,3,0,2,0,0,0,0,0,0,0,0,0,0,0,5,3,0,0,1,0,5,2,2,0,1,0,0,0,0,0,1,0,0,26,0,2,0,0,0,0,0,0,0,1,0,0,0,0,0,0,0,0,0,0,0,1,0,0,9,0,0,0,0,0,0,12,0,0,0,0,0,4,0,0,1,0,0,1,0,5,0,0,2,0,0,0,2,0,0,0,0,0,2,1,0,1,0,0,3,3,0,0,1,0,0,0,0,0,0,0,0,0,0,0,1,1,0,0,0,0,0,0,0,0,0,1,0,0,0,0,0,0,1,0,0,1,0,0,0,0,0,0,0,0,0,0,0,0,0,0,0,0,0,0,0
307557600164200040,36,1,2,1,1,2,1,0,8,0,0,0,1,1,2,1,0,1,1,3,3,0,0,0,0,1,0,27,0,16,2,2,0,2,5,0,0,7,1,0,3,3,0,0,0,3,11,3,0,1,0,0,0,4,0,5,0,0,1,0,0,0,0,1,19,0,0,5,1,1,0,0,1,0,1,0,10,0,1,4,1,1,1,7,7,0,0,5,10,0,23,0,2,0,2,3,1,1,0,6,38,0,15,1,0,0,2,0,2,1,0,0,35,1,0,0,0,1,1,0,0,0,1,3,10,1,0,0,0,1,22,0,0,0,1,0,0,0,1,0,0,0,0,0,0,0,0,0,0,0,0,0,0,0,0,0,0,0,0,0,2,0,0,0,0,0,0,0,0,0,0,0,0,1,0,0,0,0,0,0
307557600164200042,72,0,0,0,0,0,0,0,0,3,0,1,0,0,0,2,1,0,1,0,0,0,0,0,0,3,0,0,0,0,3,1,0,1,1,0,0,2,0,7,2,0,1,1,0,6,3,1,0,1,0,0,0,0,0,0,0,0,30,0,5,0,0,0,6,2,0,0,1,0,0,0,0,0,1,0,0,0,0,0,0,0,0,8,0,0,0,1,0,0,8,0,0,0,1,0,1,2,0,3,0,1,0,1,5,1,0,0,0,0,0,1,0,0,0,0,0,0,0,0,4,3,0,0,3,0,1,1,0,0,0,0,0,0,1,0,0,0,0,0,0,0,0,0,0,0,0,0,0,0,0,0,1,0,0,0,0,0,0,1,0,1,1,0,0,0,0,0,0,0,0,0,0,1,0,0,0,0,0,0
307557600164200043,72,0,0,1,0,0,1,1,0,0,0,0,0,1,0,1,0,5,0,0,0,9,3,1,0,2,0,0,0,0,2,2,1,1,1,0,0,0,0,4,9,0,0,0,0,5,0,0,0,0,0,0,0,0,0,0,0,0,21,0,1,0,0,1,3,0,1,0,0,0,2,0,0,1,1,1,0,0,0,0,0,0,0,6,1,0,0,0,0,1,11,0,0,1,1,11,1,0,0,2,0,0,1,1,8,0,0,0,0,0,3,0,4,0,0,0,1,0,0,0,0,1,6,1,1,0,0,1,0,0,0,0,0,0,0,0,0,0,1,0,0,0,0,0,0,0,0,1,0,2,0,0,0,0,1,0,0,0,0,0,0,0,0,1,0,0,0,0,0,0,0,0,0,0,0,0,0,0,0,0
307557600164200045,80,0,0,2,1,0,2,0,0,0,0,0,0,0,1,0,0,3,0,0,1,2,1,1,0,0,0,2,0,0,0,0,0,1,2,1,0,1,0,3,2,0,0,0,2,10,2,3,0,0,0,0,0,1,0,0,0,0,4,0,0,0,0,0,5,0,2,0,1,0,0,0,0,0,0,0,6,0,0,1,0,0,0,0,0,0,0,1,0,0,6,0,0,0,2,6,0,0,0,1,6,4,2,0,0,0,0,3,0,0,0,0,2,0,0,0,1,2,0,0,0,5,0,0,1,0,1,0,0,0,0,0,0,0,0,0,0,0,1,0,0,0,0,0,0,0,0,0,0,0,0,2,0,0,0,0,0,0,1,1,0,0,0,0,0,0,0,0,0,0,0,0,0,0,0,0,0,0,0,0
307557600164200046,15,0,0,0,0,0,0,0,0,0,0,0,0,0,0,0,0,0,0,0,0,2,1,0,0,0,0,0,0,0,0,1,0,0,0,0,0,0,0,3,0,0,0,0,0,2,1,0,0,0,0,0,0,1,0,0,0,0,3,0,1,0,0,0,1,0,0,0,1,0,1,0,0,0,0,0,0,0,0,0,0,0,0,1,0,0,0,0,0,0,1,0,0,0,0,5,0,0,0,0,0,0,1,0,2,0,0,0,0,0,0,0,0,0,0,0,0,0,0,0,0,1,0,0,0,0,1,1,0,0,0,0,0,0,0,0,0,0,0,0,0,0,0,0,0,0,0,0,0,0,0,0,0,0,0,0,0,0,1,0,0,0,0,0,0,0,0,0,0,0,0,0,0,0,0,0,0,0,0,0
307557600164200047,109,0,0,0,0,0,2,0,0,2,0,0,1,0,0,4,1,6,0,0,0,4,0,1,0,3,0,0,0,0,1,6,0,0,0,0,1,0,1,6,2,0,0,1,2,18,4,0,0,0,0,0,0,0,0,0,0,1,26,0,2,1,0,0,1,1,0,0,0,0,1,0,0,0,1,0,1,0,1,0,0,0,0,6,0,0,0,0,0,1,11,0,0,0,0,13,0,0,0,5,0,0,0,0,12,0,0,1,0,0,5,0,5,0,0,0,0,2,0,0,0,1,4,2,2,0,2,1,1,0,0,0,0,0,1,0,0,0,0,0,0,0,0,1,0,0,0,0,0,0,0,0,0,0,1,0,0,1,0,0,0,0,0,0,0,0,0,0,0,0,0,0,0,0,0,0,2,0,0,1
307557600164200048,23,0,0,0,0,0,0,0,0,0,0,1,0,0,0,0,0,0,0,6,3,0,0,6,1,0,0,15,0,0,0,0,1,0,0,3,0,1,1,0,0,0,0,0,0,0,3,1,0,0,0,0,0,0,0,0,1,0,1,0,1,0,0,0,3,0,0,0,3,0,0,0,0,0,0,0,3,0,0,0,1,0,1,0,0,1,0,0,0,2,12,0,0,0,3,3,0,1,0,0,26,0,0,0,2,0,0,0,0,1,0,0,0,0,0,0,0,12,0,0,0,0,0,0,1,0,0,0,2,0,0,0,4,0,0,0,0,0,1,0,0,0,0,0,0,0,0,0,0,0,0,0,0,0,0,0,0,0,0,0,2,0,0,0,0,0,0,0,0,0,0,0,0,0,0,0,1,0,0,0
307557600164200050,154,0,1,2,0,0,0,0,0,1,0,1,0,0,0,2,0,7,0,1,0,6,9,0,0,2,0,0,1,2,3,2,0,1,2,0,0,0,0,6,3,1,0,0,0,11,3,2,0,0,0,0,0,1,0,0,1,0,18,1,2,0,1,0,7,0,0,0,0,0,0,1,0,0,1,1,1,1,1,0,0,0,0,3,0,1,0,1,0,0,9,0,0,0,1,12,2,1,0,0,1,0,1,0,10,1,0,1,0,1,6,1,3,0,2,0,0,0,4,0,1,1,4,0,4,1,1,1,1,0,0,0,0,0,0,0,0,1,0,0,0,0,0,1,0,0,1,0,0,0,0,0,0,0,0,0,0,0,0,0,0,0,0,0,0,0,0,0,1,0,0,0,0,0,0,1,0,0,0,0
307557600164200055,56,0,0,0,0,0,1,1,0,4,0,0,0,0,0,0,1,1,0,0,0,1,0,0,0,0,0,1,0,0,2,0,1,0,0,0,0,1,1,5,1,0,1,0,0,2,2,1,0,0,0,0,0,0,0,0,0,0,14,0,8,0,0,0,1,0,0,0,0,2,0,0,0,0,0,0,0,0,0,1,0,0,0,13,0,0,0,1,0,0,2,0,0,0,1,0,0,0,0,0,0,0,0,0,1,0,1,0,1,0,0,0,0,0,0,0,0,1,0,0,1,0,0,1,1,0,0,0,0,0,0,0,0,0,0,0,0,0,0,1,1,0,0,1,0,0,0,1,0,0,0,0,0,0,0,0,0,0,0,0,0,0,0,0,1,0,0,0,0,0,0,0,0,0,0,0,0,0,0,0
307557600164200056,65,0,0,0,0,0,0,1,0,1,0,0,0,0,0,2,0,2,0,0,0,2,1,0,0,2,0,0,0,0,1,2,0,0,1,1,1,1,0,5,3,0,0,0,1,5,3,1,0,0,1,0,0,0,0,0,1,0,25,1,1,0,0,0,0,0,0,0,1,1,0,0,0,0,2,0,1,0,0,0,0,0,0,11,0,0,0,0,0,0,11,0,0,0,0,0,0,0,0,1,0,0,0,0,1,0,0,1,0,0,2,1,0,0,0,0,0,0,2,0,3,0,0,0,2,1,0,1,0,0,0,0,0,0,0,0,0,0,0,0,0,0,0,0,0,0,0,0,0,1,1,0,0,0,0,0,0,1,0,0,0,1,0,0,0,0,0,0,0,0,0,0,0,0,0,0,1,0,0,0
307557600164200060,34,5,2,1,0,1,3,0,0,0,0,0,0,10,5,1,0,0,1,0,0,1,2,2,1,0,1,0,0,1,0,2,1,1,0,1,0,0,7,0,0,4,0,0,4,1,3,2,0,8,0,0,0,0,0,11,0,1,2,0,0,6,0,0,6,1,0,0,2,0,0,0,0,0,1,0,1,0,0,0,0,0,0,0,0,0,0,0,0,0,37,0,0,0,3,2,0,1,0,0,8,0,1,0,0,0,0,2,0,0,0,0,0,1,0,0,0,0,7,0,0,0,0,0,9,1,1,0,3,0,0,0,0,0,0,0,0,0,0,1,0,0,0,0,0,0,0,0,0,0,1,0,0,0,0,0,0,0,0,0,1,0,0,0,0,1,0,0,1,0,0,0,0,0,0,0,0,0,0,0
307557600164200061,38,0,0,0,3,0,0,0,0,0,0,0,0,1,1,0,1,1,0,0,0,7,3,1,0,0,0,7,0,0,0,2,1,0,10,0,0,4,0,0,1,0,1,6,4,1,2,14,0,0,4,0,0,0,0,0,0,0,1,1,1,0,0,0,6,0,0,0,0,0,0,0,1,0,0,0,5,0,5,0,7,0,0,0,1,0,0,4,0,0,11,0,1,0,4,0,3,2,3,0,2,0,13,5,0,7,0,2,0,0,0,0,0,2,0,0,3,0,0,0,0,4,0,0,13,0,10,0,0,1,0,0,0,0,0,0,0,0,0,1,0,0,0,0,0,0,0,0,0,0,0,1,0,0,1,0,0,0,0,0,0,0,0,0,0,0,0,0,0,1,0,0,0,0,1,0,0,0,0,0
307557600164200063,33,0,0,0,0,0,0,0,0,0,0,0,0,0,0,0,0,1,0,1,0,0,0,0,0,1,0,0,0,0,3,0,0,0,0,0,0,0,0,1,1,0,0,1,0,1,1,2,0,0,0,0,0,0,0,0,0,0,9,0,0,0,0,0,0,0,0,0,0,0,0,0,0,0,0,0,0,0,0,0,0,0,0,2,0,0,0,0,0,0,1,0,0,0,0,1,0,0,1,1,0,0,0,0,3,0,0,0,0,0,0,0,0,0,0,0,0,0,0,0,0,0,0,0,1,0,0,1,0,0,0,0,0,0,0,0,0,0,0,0,0,0,0,0,0,0,0,0,0,0,1,0,0,0,0,0,0,0,0,0,0,1,0,0,0,0,0,0,0,0,0,0,0,1,0,0,0,0,0,1
307557600164200070,137,0,0,0,1,0,1,0,0,3,0,0,1,1,1,2,1,7,0,0,0,8,3,3,0,3,0,2,0,1,4,0,0,0,1,0,0,0,0,10,6,0,0,0,0,20,6,0,1,0,0,0,0,0,1,2,0,0,41,0,8,0,0,0,6,0,0,0,2,0,0,0,0,0,1,2,0,0,0,0,0,0,0,23,0,0,1,0,0,2,15,0,0,0,0,7,2,0,0,0,1,0,1,1,6,0,0,1,0,0,0,0,2,0,0,0,0,1,0,0,2,0,0,1,5,2,1,1,0,1,0,0,0,0,0,0,0,0,0,0,0,0,0,1,0,0,0,0,1,0,0,1,0,0,0,0,0,1,0,0,0,0,0,0,0,0,0,0,0,1,0,0,0,0,0,0,0,0,0,0
307557600164200071,121,0,0,1,0,0,0,2,0,3,0,2,1,0,0,0,2,2,0,0,0,4,2,1,0,5,0,0,0,0,3,3,0,1,0,0,1,1,1,15,5,0,0,0,1,17,5,0,0,0,0,0,0,2,1,0,0,1,48,0,13,1,0,0,4,2,0,1,0,1,0,0,0,0,3,0,1,0,1,0,0,0,0,37,0,0,1,1,0,1,19,0,0,0,1,4,0,0,0,3,1,0,2,0,12,0,0,0,0,1,3,0,2,0,0,0,0,1,1,0,5,4,0,1,3,0,1,1,1,0,1,0,0,0,0,0,0,0,0,0,0,0,0,0,0,0,0,0,0,1,0,0,0,1,1,1,0,0,0,0,0,0,0,0,0,0,0,0,0,0,0,1,0,0,1,0,0,0,0,0
307557600164200072,54,0,0,1,0,0,1,0,0,0,0,0,0,0,0,2,0,1,1,0,0,2,0,0,0,6,0,0,0,0,1,0,0,0,0,0,0,0,0,5,7,0,0,0,0,7,2,0,0,1,0,0,0,1,0,0,0,0,20,0,0,0,0,0,3,0,0,0,1,0,0,0,0,0,0,0,0,0,0,1,0,0,0,4,0,0,0,0,1,0,4,0,0,0,0,8,1,0,1,3,0,0,1,1,9,0,0,0,0,0,0,0,2,0,0,0,0,0,0,0,1,0,1,0,3,0,0,0,0,0,0,0,1,0,0,0,0,0,0,0,0,0,0,0,0,0,0,0,0,0,0,0,0,0,1,0,0,0,0,0,0,0,0,0,0,0,0,0,0,0,0,0,0,0,0,0,0,0,0,0
307557600164200073,93,0,0,0,0,0,0,0,0,0,0,0,0,0,0,1,0,7,0,0,0,5,1,1,0,1,0,0,0,0,2,1,0,0,2,0,0,1,0,10,4,1,0,1,2,3,3,0,0,0,0,0,0,0,0,0,0,0,12,0,1,0,0,0,3,1,0,0,0,0,0,0,0,0,3,0,2,0,0,0,0,0,0,3,0,0,0,0,0,0,6,0,0,0,0,13,1,1,0,0,1,0,0,0,4,0,1,1,0,0,2,0,0,0,0,0,0,0,0,0,1,0,2,0,5,2,2,1,0,0,0,0,0,0,0,0,0,0,0,0,0,0,0,0,0,1,0,0,0,0,0,1,0,0,0,0,0,1,0,0,0,0,1,0,0,1,0,0,0,0,0,0,0,0,0,0,0,0,0,0
307557600164200079,156,0,0,2,0,0,0,1,1,2,1,1,1,0,0,2,0,3,0,0,0,16,3,3,0,6,0,4,0,0,0,3,0,0,1,1,1,1,1,14,5,0,0,0,8,4,6,6,0,0,0,0,0,2,1,0,0,0,20,0,1,0,0,0,7,0,0,0,2,0,1,1,0,0,1,0,2,0,2,0,0,0,0,2,0,0,0,2,0,2,22,0,1,0,0,36,2,1,0,2,9,0,1,1,3,0,2,2,0,0,7,1,3,0,3,0,0,4,1,0,2,4,3,1,21,6,6,0,0,0,0,0,0,0,0,0,0,0,0,0,0,0,0,0,0,0,0,0,0,0,1,0,0,0,0,0,0,0,0,0,1,0,0,2,0,0,0,0,0,1,0,1,0,0,0,0,0,0,0,0
307557600164200083,61,0,4,1,12,0,0,0,2,0,0,1,0,0,0,0,0,0,0,0,0,26,2,0,0,0,0,11,0,0,1,1,1,0,6,1,0,2,0,0,1,0,0,1,13,2,2,9,0,0,0,0,0,0,0,1,0,0,0,0,0,0,0,0,10,1,2,1,0,0,0,1,10,1,0,0,12,1,4,1,3,0,0,0,1,0,0,4,0,2,45,0,0,0,5,0,0,1,4,0,9,0,13,0,1,0,0,5,0,0,0,0,1,3,0,0,3,1,1,0,0,6,0,0,35,0,4,0,0,3,0,0,0,0,0,1,0,0,0,0,0,0,0,0,0,0,0,0,0,0,0,1,0,0,0,0,0,0,0,0,0,0,0,0,0,0,0,0,0,0,0,0,0,0,0,0,0,0,0,0
307557600164200084,90,1,0,0,0,0,0,0,0,1,0,1,0,0,0,1,0,5,0,1,0,4,0,1,0,3,0,0,0,0,2,1,0,0,1,0,0,0,0,5,3,0,0,0,0,9,5,3,0,0,0,0,0,0,0,1,0,0,17,2,0,0,0,1,1,0,0,0,1,1,1,0,0,0,3,0,0,0,1,0,0,0,1,5,0,0,0,0,0,0,6,0,0,0,0,7,2,0,0,2,0,0,1,1,5,0,0,0,0,1,2,1,1,0,2,0,0,0,0,0,0,1,3,0,1,1,0,1,1,1,0,0,0,0,1,0,0,0,0,0,0,0,0,1,0,0,0,0,0,0,0,0,0,0,0,0,0,0,0,0,0,0,0,1,0,0,0,0,0,0,0,0,0,0,0,0,0,0,0,0
307557600164200089,44,0,0,1,6,0,2,0,0,3,0,0,0,1,0,0,0,0,1,0,0,5,6,0,0,0,0,0,0,0,0,2,1,0,2,0,0,3,2,0,4,0,0,4,4,4,1,9,0,0,0,0,0,0,0,0,1,0,1,0,0,0,0,0,6,0,3,0,0,0,0,0,5,0,0,0,8,0,2,1,4,2,0,1,1,0,0,3,1,1,15,0,0,0,6,0,1,3,0,1,3,0,10,4,1,8,0,1,0,0,0,0,0,0,0,0,0,1,1,0,0,4,0,0,14,1,16,1,0,0,1,0,1,0,1,0,0,0,0,0,0,0,0,0,0,0,0,0,0,0,0,1,0,0,0,0,0,0,0,1,0,0,1,1,0,0,0,0,0,0,0,0,0,0,0,0,0,0,0,0
307557600164200093,44,1,1,2,1,0,1,0,0,0,0,0,0,0,2,0,0,0,0,0,0,0,1,0,0,0,0,0,0,0,1,0,0,0,3,0,0,1,1,0,2,0,0,2,2,4,7,4,0,0,0,0,0,0,0,0,0,0,0,0,0,0,0,0,2,1,0,0,0,0,0,1,0,0,1,0,2,0,1,0,0,0,0,0,0,0,0,0,1,0,4,0,1,0,1,3,1,0,0,0,3,0,1,0,0,0,0,10,0,0,0,0,1,3,0,0,0,0,0,0,0,3,0,0,0,0,0,1,0,1,0,0,0,0,0,0,0,0,0,0,0,0,0,0,0,0,0,1,0,0,0,0,0,0,0,0,0,0,0,0,0,0,0,0,0,0,0,0,0,0,0,0,0,0,0,0,0,0,0,0
307557600164200094,44,0,0,0,0,0,0,0,0,0,0,0,0,0,0,1,0,2,0,1,0,4,0,0,0,0,0,0,0,0,1,0,0,0,0,0,0,0,0,6,5,1,0,0,2,1,2,0,0,0,0,0,0,0,1,0,0,0,16,1,1,0,0,0,4,1,0,0,0,1,1,0,0,0,1,0,0,0,0,0,0,0,0,0,0,0,0,0,0,0,5,0,0,0,0,7,1,0,0,2,0,0,0,0,3,0,3,0,0,0,1,0,1,1,0,1,0,2,0,0,0,0,0,0,0,1,2,0,0,0,0,0,0,0,0,0,1,0,0,1,0,0,0,0,0,0,0,0,0,0,0,0,0,0,0,0,0,0,0,0,0,0,1,0,0,0,0,0,0,0,0,0,0,0,0,0,0,0,0,0
307557600164200095,32,0,2,0,7,0,0,0,0,0,0,1,0,0,0,0,0,0,0,1,0,3,2,0,0,0,1,0,0,0,1,0,1,0,5,0,0,1,0,0,3,0,0,2,11,0,0,12,0,0,0,0,0,0,1,1,0,0,0,0,1,0,0,0,4,0,0,0,0,1,0,0,3,0,0,0,8,1,1,1,3,1,0,0,0,0,0,0,1,0,26,0,1,1,0,0,2,2,1,0,1,0,10,3,0,14,0,0,0,0,0,1,1,1,0,0,1,0,1,0,0,3,0,1,14,0,8,0,0,1,0,0,1,0,0,0,0,0,0,0,1,0,0,0,0,0,0,0,0,0,0,1,0,0,0,0,0,1,0,0,0,0,0,0,0,0,0,0,0,0,0,0,0,0,0,0,0,0,0,1
307557600164200096,28,0,0,0,0,0,0,0,0,1,0,0,0,0,0,0,0,3,1,0,0,0,0,0,0,0,0,0,0,0,0,0,0,0,1,0,0,1,0,1,1,0,0,0,0,4,0,0,0,1,0,0,0,0,1,0,0,0,6,0,0,0,0,0,3,0,0,0,0,0,1,0,0,0,0,0,1,1,0,0,0,0,0,1,0,0,0,0,0,0,2,0,0,0,0,2,0,2,0,2,0,0,0,0,2,0,0,0,0,0,0,0,0,0,1,0,0,1,1,0,0,0,1,2,0,0,1,0,0,0,0,0,0,0,0,0,0,0,0,0,0,0,0,1,0,0,0,0,0,0,0,0,0,1,1,0,0,0,0,0,0,0,0,0,0,0,1,0,0,0,0,0,0,0,0,0,0,0,0,0
307557600164200105,27,0,0,1,0,0,0,0,0,0,0,0,0,0,0,5,0,3,0,8,9,3,0,1,1,3,1,59,0,0,0,0,1,0,2,0,0,1,0,0,1,0,0,0,2,2,7,1,0,0,0,0,0,1,0,0,0,0,1,0,0,1,1,0,1,0,0,0,4,0,0,0,0,0,0,0,4,0,1,0,1,0,1,1,1,1,0,1,0,0,13,0,0,0,1,1,0,0,0,1,82,0,0,0,0,0,0,0,0,0,0,0,0,0,1,0,0,0,2,0,0,1,0,0,5,0,1,0,0,1,1,0,0,0,0,0,0,0,1,0,0,0,0,0,0,0,0,0,0,0,0,0,0,0,2,0,0,0,0,0,7,0,0,1,0,0,0,0,0,0,0,0,0,0,0,0,0,0,1,0
307557600164200108,42,0,0,0,0,0,1,0,0,1,0,0,1,0,1,2,0,1,0,0,0,5,1,1,0,1,0,1,0,0,3,0,0,0,1,0,0,0,0,4,3,0,0,0,0,4,3,0,0,0,0,0,0,0,1,0,0,1,7,0,0,0,0,0,0,0,0,0,0,0,0,0,0,0,3,0,0,0,1,0,0,1,0,1,0,0,0,0,0,0,7,0,0,0,1,13,1,0,0,2,0,0,0,0,1,0,0,0,0,0,0,0,0,0,0,0,0,1,0,0,0,4,1,0,2,1,3,0,0,0,0,0,0,0,0,0,0,0,0,0,0,0,0,1,0,0,0,0,0,1,0,0,0,0,0,0,0,0,0,0,0,0,0,0,0,0,0,0,0,0,0,0,0,0,0,0,0,0,0,1
307557600164200110,79,0,0,1,0,0,1,0,0,0,0,0,1,0,0,1,0,1,0,0,1,15,0,7,0,1,0,5,0,0,2,2,0,0,6,0,1,1,0,5,3,0,0,0,12,7,2,0,0,0,0,0,0,0,1,1,0,0,13,0,1,0,1,0,10,0,0,0,1,0,0,0,0,0,0,0,4,0,1,0,0,1,1,0,0,0,0,0,0,0,30,0,2,0,0,25,1,0,0,6,5,0,1,0,5,0,7,1,0,0,2,0,0,0,0,1,1,0,0,0,3,3,1,0,17,1,3,0,0,0,0,0,0,0,0,0,0,0,0,0,0,0,1,0,0,0,1,1,0,0,3,1,0,0,0,0,0,1,0,0,0,0,0,0,0,0,0,0,0,0,0,0,0,0,0,0,0,0,0,0
307557600164200111,66,0,0,0,1,0,2,0,0,1,0,0,0,0,2,0,0,1,0,0,0,0,0,0,0,0,0,1,0,0,1,0,1,0,3,1,1,1,0,0,2,0,0,0,2,7,6,6,0,0,0,1,0,0,0,0,0,0,0,0,1,0,0,0,3,0,0,0,0,0,0,0,2,0,0,0,1,0,1,1,2,2,0,0,0,0,0,1,0,0,8,0,0,0,1,1,0,1,0,0,6,0,2,0,0,5,0,8,0,0,0,0,0,6,0,0,0,0,0,0,0,4,0,0,12,1,3,1,0,1,0,0,0,0,0,0,0,0,0,0,0,0,0,0,0,0,0,0,0,0,0,0,0,0,0,0,0,0,0,1,0,0,0,0,0,0,0,0,0,0,0,0,0,0,0,0,0,0,0,0
307557600164200114,75,0,0,1,1,0,0,0,0,1,0,0,1,1,0,0,1,2,0,1,0,7,0,1,0,1,0,0,0,0,0,3,0,0,2,0,0,1,1,14,4,0,0,0,0,6,1,0,0,0,0,0,0,0,0,1,0,0,14,0,0,0,0,0,0,0,0,0,1,1,1,0,0,0,3,1,0,0,1,0,0,0,0,1,0,0,0,1,0,0,9,1,0,0,1,14,4,0,0,6,0,0,0,0,4,0,2,1,0,0,2,1,0,0,0,0,0,0,0,0,1,0,8,0,9,2,3,0,0,1,0,0,0,0,0,1,1,0,0,1,0,0,0,0,0,0,0,0,0,0,0,0,0,0,0,0,0,0,0,0,0,0,0,0,0,0,0,0,0,0,0,0,0,0,0,0,0,0,0,0
307557600164200120,109,0,0,1,0,0,1,0,1,1,0,1,0,0,0,0,0,5,0,0,0,7,1,1,0,2,0,5,0,0,0,0,0,0,2,0,2,0,0,4,5,0,0,1,13,5,1,6,0,0,0,0,0,0,1,0,3,0,9,0,2,0,0,0,5,1,0,0,0,0,0,0,2,0,4,0,13,0,2,0,0,0,1,2,0,0,0,1,0,0,44,0,0,0,2,12,0,3,0,0,2,0,4,1,3,0,0,2,0,0,1,0,0,0,1,0,2,0,0,0,0,0,0,0,15,1,5,1,1,1,0,0,0,0,0,0,0,0,0,1,0,0,1,0,0,0,0,0,0,0,1,0,0,0,0,0,0,0,0,0,0,0,0,0,0,0,0,0,0,1,0,0,0,0,0,0,0,0,0,1
307557600164200125,53,0,0,0,0,0,0,0,0,0,0,0,0,0,0,0,0,1,0,0,0,0,1,0,0,0,0,0,0,0,0,0,0,0,1,0,0,5,0,0,1,0,0,0,0,11,2,1,0,0,0,0,0,0,0,0,0,0,0,0,0,0,0,0,4,0,0,0,0,0,1,0,0,0,0,0,2,0,0,1,0,0,0,1,0,0,1,0,0,0,5,0,0,0,0,2,0,0,0,0,3,0,1,0,0,0,0,1,0,0,0,0,0,0,0,0,0,0,0,0,0,3,0,1,1,0,0,2,0,0,0,0,0,0,0,0,0,0,0,0,0,0,0,0,0,0,0,0,0,0,0,0,0,0,0,0,0,0,0,0,0,0,0,0,0,1,0,0,0,0,0,0,0,0,0,0,0,0,0,0
307557600164200127,46,0,0,1,0,0,0,0,0,0,0,0,2,0,0,0,1,1,0,0,1,2,0,4,0,0,0,1,0,0,0,0,0,0,3,0,0,0,0,3,1,0,0,0,5,3,1,3,0,0,0,0,0,0,0,1,1,0,0,0,0,0,0,0,3,0,0,0,0,0,0,0,0,0,0,0,1,0,0,0,0,0,0,0,0,0,0,1,0,1,11,0,0,0,0,11,0,0,0,2,0,0,0,0,4,0,1,0,0,0,2,0,1,2,0,0,0,0,1,0,2,4,1,0,6,3,0,0,0,0,0,0,0,0,0,1,0,0,0,0,0,0,0,1,0,0,0,0,0,0,0,0,0,0,0,0,0,0,0,0,0,0,0,0,0,0,0,0,0,0,0,0,0,0,0,0,1,0,0,0
307557600164200129,26,0,0,3,0,0,0,0,0,1,0,0,1,0,0,7,0,0,0,7,5,0,1,2,3,0,0,17,0,0,0,0,2,0,1,2,0,1,1,0,4,0,0,0,3,2,6,0,0,0,1,0,0,0,1,0,0,0,1,0,0,1,0,0,2,0,0,0,3,2,0,0,0,0,0,0,2,0,0,1,0,0,1,1,0,0,0,3,0,1,16,0,0,0,0,0,0,1,0,0,43,0,0,0,2,1,0,0,0,0,0,1,0,0,1,0,0,3,0,0,0,0,0,0,2,0,0,0,0,0,0,0,0,0,0,0,0,0,1,0,0,0,0,0,0,0,0,0,0,0,0,0,0,0,0,0,0,0,0,0,1,0,0,0,0,0,1,0,0,0,0,0,0,0,0,1,0,0,0,0
307557600164200130,50,0,0,2,0,0,1,0,0,3,1,2,0,0,2,8,0,2,0,3,11,0,1,5,3,0,0,28,0,0,0,0,1,1,2,3,0,3,0,0,1,0,0,0,0,6,12,1,0,0,1,0,0,1,1,0,0,0,0,0,1,0,0,0,2,0,0,0,4,0,0,1,0,0,0,0,5,0,1,0,0,0,1,1,0,0,0,0,0,1,34,0,0,0,2,4,0,0,0,0,21,0,0,0,0,1,0,2,0,0,0,1,0,0,0,0,0,2,1,0,0,6,0,0,3,1,0,2,1,0,1,0,1,0,0,0,0,0,0,0,0,0,0,0,0,0,0,0,0,0,0,0,0,0,0,0,1,0,0,0,0,0,0,1,0,0,0,0,0,0,0,0,0,0,0,0,0,0,0,0
307557600164200137,25,0,1,1,0,0,0,0,0,2,1,1,0,0,0,4,2,1,0,4,0,1,2,4,2,0,0,17,0,0,0,0,2,0,1,3,0,0,0,0,6,0,0,0,0,0,6,2,1,0,0,0,0,0,0,0,0,0,0,1,0,0,1,0,1,0,0,0,2,0,0,0,0,0,0,0,4,0,0,0,0,0,0,1,0,1,0,0,0,0,9,0,0,0,1,0,0,0,1,1,9,0,0,0,2,0,0,1,0,0,0,0,0,0,0,0,0,2,0,0,0,1,0,0,2,0,0,0,0,2,0,0,6,0,0,0,0,0,0,0,0,0,0,0,0,0,0,0,0,0,0,0,0,0,0,0,0,0,0,0,0,0,0,0,0,0,0,0,0,0,0,0,0,0,0,0,0,0,1,0
307557600164200139,44,0,0,1,0,0,4,0,0,1,0,2,1,0,0,2,0,4,1,5,1,0,2,0,0,0,0,18,0,0,0,1,2,0,1,4,0,3,0,0,0,1,0,0,0,1,1,3,0,0,0,0,0,0,1,1,0,2,0,0,0,0,0,0,2,1,1,0,3,0,0,0,0,0,0,0,2,0,1,2,0,1,1,0,0,1,0,0,0,2,32,0,0,0,2,1,0,1,0,0,10,0,1,0,0,0,1,1,0,0,0,1,0,4,0,0,0,3,2,0,0,4,0,0,6,1,0,0,0,0,0,0,1,0,0,0,0,0,0,1,0,0,0,0,0,1,0,0,0,0,1,1,0,0,0,0,0,0,0,0,1,0,0,0,0,0,0,0,0,0,0,0,0,0,0,0,0,0,0,0
307557600164300018,17,0,0,0,0,0,0,0,0,2,0,0,0,0,0,0,0,0,0,1,0,0,0,0,0,0,0,0,0,0,0,0,0,0,0,0,0,0,0,1,1,0,0,0,0,2,2,0,0,0,0,0,0,0,0,0,0,0,2,0,0,0,0,0,0,1,0,0,0,0,0,0,0,0,0,0,0,0,1,0,0,0,0,8,0,0,0,0,0,0,2,0,0,0,0,0,0,0,0,0,0,0,0,0,0,0,0,0,0,0,0,0,0,0,0,0,0,0,0,0,1,0,0,0,1,0,1,0,0,0,1,0,0,0,0,0,1,0,0,0,0,0,0,0,0,1,0,0,0,0,0,0,0,0,0,0,0,0,0,0,0,0,0,0,0,0,0,0,0,0,0,0,0,0,0,0,0,0,0,0
307557600164300065,8,0,0,0,1,0,1,0,0,0,0,0,0,0,0,0,0,0,0,0,0,0,0,0,0,0,0,0,0,0,0,1,0,0,1,0,0,0,0,1,0,0,0,0,1,0,5,3,0,0,0,0,0,0,0,0,0,0,0,0,0,0,0,0,0,0,0,0,0,0,0,0,0,0,1,0,0,0,0,0,1,0,0,0,0,0,0,0,0,0,1,0,0,0,0,1,0,1,0,0,1,0,0,0,0,1,0,0,0,0,0,0,1,0,0,0,0,0,0,0,0,1,0,0,1,0,1,0,0,0,0,0,0,0,0,0,0,0,0,0,0,0,0,0,0,0,0,0,0,0,0,0,0,0,0,0,0,0,0,0,0,0,0,0,0,0,0,0,0,0,0,0,0,0,0,0,0,0,0,0
307557600165100021,51,5,0,2,0,0,0,0,0,0,0,0,0,1,0,0,0,0,0,15,3,1,2,3,4,0,0,62,0,0,0,0,4,0,1,1,0,1,1,0,3,0,2,0,2,3,19,20,0,0,2,0,0,0,0,0,0,1,2,1,0,0,1,0,1,3,0,0,2,1,0,0,0,0,1,0,4,0,0,3,0,4,1,0,0,1,0,2,1,0,50,0,0,0,0,3,2,0,0,0,35,0,0,0,0,1,0,0,0,1,0,0,0,0,3,0,0,6,67,0,0,0,0,0,2,1,0,0,2,0,0,0,1,1,0,0,0,0,0,0,3,0,0,0,0,0,1,0,0,0,0,0,0,0,1,0,0,0,0,0,3,0,0,0,0,0,0,0,0,0,0,0,0,0,0,0,1,0,0,0
307557600165100025,17,3,0,7,0,0,0,0,0,0,0,0,0,0,0,0,0,0,0,0,0,0,0,0,0,0,0,5,1,1,0,0,0,1,0,0,0,0,3,0,1,0,0,0,0,0,7,12,0,0,0,1,0,0,0,0,1,0,0,0,0,0,0,0,1,0,0,0,0,2,0,1,0,0,2,0,0,0,0,0,0,3,0,0,0,0,0,0,0,0,1,0,0,0,0,0,0,0,0,0,12,0,0,0,0,0,0,0,0,0,0,0,0,0,0,0,0,0,20,0,0,0,0,1,1,1,0,0,2,0,0,0,0,0,0,0,0,0,0,0,0,0,0,0,0,0,0,0,0,0,0,0,0,0,0,0,0,0,0,0,0,0,0,1,0,0,0,0,0,0,0,0,0,0,0,0,0,0,0,0
307557600165100026,13,0,0,1,0,0,0,0,0,1,0,0,0,0,0,0,0,0,0,5,0,0,2,0,0,0,0,1,0,1,0,0,0,0,1,0,0,1,0,0,4,0,1,0,0,0,0,0,0,0,0,0,0,0,0,0,0,0,0,0,0,0,0,0,1,1,0,0,4,0,0,0,0,0,1,0,1,0,0,1,0,0,0,0,0,0,0,0,0,0,13,0,0,0,0,0,0,0,0,0,1,1,0,0,1,1,0,0,0,0,0,0,0,0,0,0,0,1,1,0,0,0,0,0,0,1,0,0,1,0,0,0,2,0,0,0,0,0,0,0,0,0,0,1,0,0,0,0,0,0,0,0,0,0,0,0,0,0,0,0,0,0,0,0,0,0,0,1,0,0,0,0,0,0,0,0,0,0,0,0
307557600165200028,28,12,0,0,0,0,1,0,0,0,0,0,0,13,2,0,0,2,1,1,0,0,4,1,0,0,0,1,1,1,0,1,0,0,4,0,0,0,25,0,1,34,0,1,0,0,14,0,0,5,0,0,1,0,0,13,1,0,1,1,0,3,0,0,3,0,0,0,0,0,2,0,0,0,0,0,2,1,1,0,0,0,0,0,0,1,0,0,0,4,53,0,0,0,1,3,1,0,0,1,7,0,1,2,0,0,0,5,0,1,0,0,0,0,0,0,0,1,7,0,0,0,0,1,6,1,3,0,0,1,0,0,0,0,0,0,0,0,1,0,0,0,0,0,0,1,0,1,0,0,0,1,0,0,1,0,0,0,0,0,1,0,0,0,0,0,0,0,0,0,0,0,0,0,0,0,0,0,0,0
307557600165200041,9,1,1,0,1,0,0,0,1,0,0,0,0,1,0,0,0,0,0,0,1,1,0,0,0,0,0,0,0,0,0,0,0,0,1,0,0,0,1,0,0,0,0,1,0,1,0,5,0,0,0,0,0,0,0,0,0,0,0,0,0,1,0,0,4,0,0,0,0,0,0,0,0,0,0,0,0,0,1,0,0,1,0,0,0,0,0,0,0,0,5,0,0,0,2,0,2,0,0,0,0,0,0,0,0,1,0,0,0,0,0,0,0,0,0,0,0,0,2,0,0,0,0,0,1,0,0,0,0,3,0,0,0,0,0,0,0,0,0,0,0,0,0,0,0,0,0,0,0,0,0,0,0,0,0,0,0,0,0,0,1,0,0,0,0,0,0,0,0,0,0,0,0,0,0,0,0,0,0,0
307557600165200042,10,1,0,0,0,0,0,0,0,0,0,0,0,3,2,0,0,0,2,2,0,0,0,0,1,0,0,6,2,0,0,0,0,0,0,0,0,0,13,0,0,16,0,0,0,0,7,4,0,0,0,0,0,0,1,3,1,0,0,0,1,0,0,0,1,0,1,0,0,1,3,0,0,0,0,0,0,0,0,1,0,0,0,0,0,2,0,0,0,0,5,0,0,0,0,1,0,0,0,0,5,0,1,0,0,1,0,0,0,0,0,0,0,1,1,0,0,0,9,0,0,0,0,0,3,0,0,0,4,0,0,0,0,0,0,0,0,0,0,0,0,0,0,0,0,0,0,0,0,0,0,0,0,0,1,0,0,0,0,0,0,0,0,0,0,0,0,0,0,0,0,0,0,0,0,0,0,0,0,0
307557600165200050,1,0,0,0,0,0,0,0,0,0,0,0,0,0,0,0,0,0,0,0,0,0,0,0,0,0,0,0,0,0,0,0,0,0,0,0,0,0,0,0,0,1,0,0,0,0,0,0,0,0,0,0,0,0,0,1,0,0,0,0,0,0,0,0,0,0,0,0,0,0,0,0,0,0,0,0,0,0,0,0,0,0,0,0,0,0,0,0,0,1,2,0,0,0,0,0,0,0,0,0,1,0,0,0,0,0,0,0,0,0,0,0,0,0,0,0,0,0,0,0,0,0,0,0,0,0,0,0,0,0,0,0,0,0,0,0,0,0,0,0,0,0,0,0,0,0,0,0,0,0,0,0,0,0,0,0,0,0,0,0,0,0,0,0,0,0,0,0,0,0,0,0,0,0,0,0,0,0,0,0
307557600165200064,20,0,1,3,1,0,0,0,0,0,0,0,0,0,1,1,0,1,1,2,4,0,1,3,0,0,0,10,0,1,0,1,0,0,1,6,1,0,0,0,0,0,3,0,1,0,3,1,0,0,0,0,0,0,0,0,1,0,0,0,0,0,0,0,1,0,0,0,0,0,0,0,0,0,0,0,0,0,0,4,0,0,0,1,0,0,0,0,0,1,57,0,0,0,2,0,1,0,0,0,5,0,0,0,0,0,0,2,0,1,0,0,1,0,0,0,0,10,0,0,0,0,0,0,1,0,0,0,0,0,0,0,2,0,0,0,0,0,0,1,0,0,0,0,0,1,0,0,0,0,0,0,0,0,0,0,0,0,0,0,0,0,0,0,0,0,0,0,0,0,0,0,0,0,0,0,1,0,0,0
307557600165200070,10,0,1,1,0,0,0,0,0,0,0,0,0,0,0,0,0,1,0,4,1,0,1,0,0,0,1,8,0,0,0,0,0,0,0,0,0,0,0,0,2,0,1,0,0,1,2,1,0,0,0,0,0,1,0,0,0,0,0,0,0,0,0,0,0,0,0,0,1,0,0,0,0,0,0,0,0,0,0,1,0,0,0,0,0,1,0,0,0,0,11,0,0,0,0,0,0,1,0,1,8,0,0,0,0,1,0,0,0,0,1,0,1,0,0,0,0,2,2,0,0,0,0,0,1,0,0,0,0,0,0,0,3,0,0,0,0,0,0,0,0,0,0,0,0,0,0,0,0,0,0,0,0,0,0,0,0,0,0,0,0,0,0,2,0,0,0,0,0,0,0,0,0,0,0,0,0,0,0,0
307557600165200072,29,0,0,2,1,0,0,0,1,0,0,0,0,0,2,2,0,2,0,9,3,1,6,4,2,1,0,27,0,0,0,2,4,0,6,0,0,2,1,0,4,0,0,0,2,0,4,1,0,0,0,0,0,1,0,0,0,0,0,0,0,0,0,0,2,0,0,0,5,0,0,0,0,0,0,0,0,0,0,4,0,0,0,0,0,0,0,0,0,2,58,0,0,0,4,0,1,0,0,3,16,0,1,0,2,1,0,3,0,0,0,0,0,0,0,0,0,4,2,0,0,1,1,0,4,0,0,1,1,0,0,1,5,0,0,0,0,0,0,0,0,0,1,0,1,0,0,0,0,1,0,0,0,1,0,0,0,1,0,0,2,0,0,0,0,0,0,0,1,0,0,0,0,0,0,0,1,0,1,0
