EntityID,fov,volume,center_x,center_y,min_x,min_y,max_x,max_y,anisotropy,transcript_count,perimeter_area_ratio,solidity,cluster
307557600207100022,,350.1011862716461,11761.138311329263,5892.569717936785,11757.286207661964,5889.510216348373,11764.01296270236,5896.377004296155,1.0226466392769178,85,0.6586055574436583,1.0,cluster_5
307557600207100026,,2712.180736460341,11708.991224342652,5903.405029517269,11691.418939240915,5896.1078887459935,11731.747210578244,5911.101935426461,2.71318707856723,372,0.4214957991673112,0.6417021254728273,cluster_5
307557600207100032,,374.8702506277603,11670.878147589716,5908.4308935469935,11662.069569117402,5902.038729442875,11676.443499247762,5915.04185405783,3.0733493923046327,54,1.3183912423347974,0.4697564096316721,cluster_5
307557600207200124,,3409.199793486937,11747.86819560591,5898.263782266601,11734.302380719317,5888.754239393005,11761.624462515065,5907.512209376284,1.7504765471796733,749,0.2602098797327132,0.8911711957807235,cluster_5
307557600207200130,,2326.5219815474834,11686.684262545985,5900.649313656626,11670.054516637512,5895.574942285826,11702.009679148472,5908.282643928094,2.887310343951917,378,0.3748499601848477,0.8064133114001302,cluster_5
307557600207200133,,2749.07941289096,11729.131968398082,5907.462975409775,11718.738125487527,5897.958375840239,11740.41035994848,5916.374082210607,1.434964800225489,155,0.2557080524508501,0.9169999769588824,cluster_5
307557600207200138,,662.6478634790149,11667.803521144511,5907.881160267769,11663.957711481173,5902.750751110485,11672.903064983986,5912.822260249197,1.0428066467234058,91,0.4826913398004082,0.96607375607058,cluster_5
307557600207200142,,1948.9139228798167,11655.487140016005,5912.284169729696,11647.151094942312,5902.612669440632,11670.58476931685,5922.591086975945,2.189081049298592,194,0.3532072110488422,0.7350249737522893,cluster_5
307557600207200149,,863.795408693714,11641.97306724893,5923.040289084702,11634.414088925065,5915.353726386093,11649.160283345444,5931.13255081114,2.449173465567878,103,0.6070529193739053,0.7087958908725339,cluster_5
307557600207200153,,927.4005955594354,11643.872197322537,5929.162000053382,11638.475752850503,5922.721125817691,11648.659920394311,5935.081615460804,1.2839528280998591,70,0.4054642216021084,0.972004547941088,cluster_5
307557600207200158,,1201.2061525957006,11632.487305930392,5936.984592295128,11625.460538944812,5929.127036415277,11640.192926320617,5945.23298395151,2.01451018163502,181,0.4122597623755686,0.9016537009837778,cluster_5
307557600208100099,,995.1167926104134,11996.246340657408,5846.402591656037,11989.00086872951,5841.880595639941,12004.135805888813,5851.048143324791,1.8065894274512644,245,0.4146057476772579,0.9547340747186256,cluster_5
307557600208100100,,694.8521844005757,11949.63560331409,5848.554863762381,11943.938789746057,5842.891711292314,11954.978671798968,5853.102100617727,1.2883196222352913,271,0.5669352719431769,0.8135136485589293,cluster_5
307557600208100101,,860.5142523236154,11941.519973959494,5851.924742057132,11934.887479532714,5843.219259542082,11946.547212983189,5857.466741761102,1.3400869139843947,354,0.5045449820875597,0.7481810582988974,cluster_5
307557600208100106,,662.0527739279069,11931.822359271708,5851.851712372832,11927.262821059296,5846.178055922621,11937.242558427011,5856.586413328134,1.0329749802521897,235,0.5350955681879755,0.8590930733933203,cluster_5
307557600208100111,,925.3557313735232,11915.775192784482,5855.304484262526,11907.859123588409,5849.243336984146,11927.681909777975,5862.036408982658,2.9241965776584085,226,0.5961473794065782,0.7078345384400275,cluster_5
307557600208100119,,872.1190606993752,11923.440491086794,5858.211441452948,11916.428285843884,5852.612888346212,11928.703909388129,5864.86269182514,1.0230295105908818,418,0.4489286316744136,0.9063989881295332,cluster_5
307557600208100122,,933.8469182071992,12013.507482287505,5861.132365205435,12007.561643715182,5854.909700080168,12019.203482214656,5866.588130750026,1.125827002400418,295,0.4064944902203496,0.9599097515135986,cluster_5
307557600208100124,,461.459012371488,12000.531715448236,5859.01138991783,11995.612933228986,5855.491253356733,12004.824512952804,5862.712913781301,1.4305920657337745,169,0.5708466485145632,1.0,cluster_5
307557600208100126,,158.98511385653282,11944.278647261604,5858.911452369998,11941.476706244932,5857.014589613163,11946.840223636667,5860.864461398889,1.4536846020220136,89,0.9639709997621688,1.0000000000000004,cluster_5
307557600208100131,,1034.7899211284812,11917.81273447392,5864.701162961848,11912.192801014698,5858.00511707945,11924.267818910055,5869.949587051657,1.092469235876374,350,0.3972894598992845,0.9549232815019896,cluster_5
307557600208100143,,337.9212766961573,11998.727532966328,5867.616379543806,11994.897516077228,5865.04585668744,12003.077164940534,5870.487550748555,1.5209672157751088,113,0.6702751951609304,1.0,cluster_5
307557600208100149,,451.8467790761935,11972.475755000338,5870.137364414156,11967.844163253154,5865.856917473423,11975.795939185336,5873.69385636348,1.033036245530499,182,0.6005964220088814,0.9326421411531944,cluster_5
307557600208100151,,573.7459863572565,12015.729550847858,5871.627500335039,12012.414241419425,5866.828887844611,12019.840216287816,5877.45948503288,1.5827483277340677,145,0.544539874341278,0.9444480121075194,cluster_5
307557600208100155,,865.6964665239308,12035.103929694673,5878.83453244823,12025.2477442422,5870.701360575959,12044.338897919017,5889.238540908005,4.731017569874213,264,0.7027751053064517,0.7559083788659489,cluster_5
307557600208100158,,253.15673508996645,11937.083835655008,5873.257671488179,11933.576254894157,5871.365643417223,11940.980314969504,5875.589953822122,1.7754897325728385,131,0.8098850515952803,1.0000000000000004,cluster_5
307557600208100163,,633.0817626771379,11846.836174057184,5878.472682851365,11842.081839707424,5872.975861371362,11851.406973454554,5883.82059065777,1.7494226039986405,191,0.5122083536484769,0.9629079221805076,cluster_5
307557600208100166,,297.98630540156364,12026.036492914034,5877.545593823089,12022.781976633703,5874.223020882993,12028.911984600312,5880.411660285775,1.1858068235983916,169,0.6992830180555404,0.9822199902372046,cluster_5
307557600208100168,,486.0241904043306,12010.815704158911,5879.022999225754,12006.901367913437,5874.83538385353,12015.422167874682,5882.91803082513,1.042961726716507,218,0.550226760977009,0.9786009059626176,cluster_5
307557600208100169,,221.493020965469,11820.155668277424,5877.864342751264,11817.217787260684,5875.139735717647,11822.475218579611,5880.727727721891,1.135712475696898,75,0.8220219181182458,1.0000000000000002,cluster_5
307557600208100170,,795.6869503356168,11937.317473411043,5879.137596453539,11931.314809349717,5875.1648663814685,11944.645509486149,5885.055856562964,1.575703678536385,338,0.4742006273281626,0.9543322105356012,cluster_5
307557600208100172,,718.379940209824,12001.906374548606,5884.77094220915,11998.720082780292,5877.544495901565,12005.885651856866,5891.318605159555,1.9950391783300203,146,0.5102310956055848,0.940850742922464,cluster_5
307557600208100175,,982.1748420473384,11810.96339004648,5880.5218033993815,11802.255878720218,5875.902631151685,11820.611410291483,5886.843509167893,1.832304070089776,242,0.5395832737228016,0.7182632546348023,cluster_5
307557600208100176,,1173.8948723610386,11880.6459152513,5884.277456044283,11874.042047047307,5877.490373451947,11887.200129956142,5891.318158990418,1.4272753367820934,331,0.3654948933332534,0.968831578163227,cluster_5
307557600208100177,,161.94144126882873,11979.66964321795,5879.943918575868,11976.889985454014,5877.590372472005,11982.371397604016,5882.30819057582,1.9101033749844671,57,0.9913602129349888,1.0000000000000002,cluster_5
307557600208100179,,424.9436073848783,12031.946420683777,5882.672976492,12028.60485883238,5877.79184057723,12035.68021431284,5887.432076016761,1.5537096889039388,220,0.6547242912522896,0.893873674529964,cluster_5
307557600208100182,,285.96134433149666,11957.29495452707,5881.334670029815,11954.724247648925,5878.218899075264,11960.5816135012,5885.019549189123,1.208119900359237,121,0.7352563516701954,0.9843539260353046,cluster_5
307557600208100185,,716.478573626466,12017.134609864672,5883.941922352305,12011.98987499372,5879.228334103387,12023.555169065385,5890.642808257654,1.1786584431022729,283,0.6077222707607365,0.69518341717398,cluster_5
307557600208100197,,207.2586823911605,12025.080333699976,5887.729210716869,12021.72994814404,5885.506715651838,12028.745516110082,5889.825582472702,1.5349908585553795,88,0.9667219308393166,0.916421818880997,cluster_5
307557600208100200,,1174.5295666119582,11947.123451674312,5893.468897260765,11940.927689879109,5886.59382218567,11953.101726878713,5899.952439822779,1.262368198353623,478,0.3600244410307676,0.9633674587263036,cluster_5
307557600208100202,,172.81761776613973,12033.65010729511,5890.414997045007,12031.287331482852,5887.417652826713,12036.002964611722,5893.16820209578,2.054407447125886,67,0.9904630671492588,1.0000000000000002,cluster_5
307557600208100203,,538.3728624644198,12012.137221716112,5891.746574879508,12003.830528504806,5887.072517244577,12015.869552850116,5895.89628193641,1.5161911577778084,183,0.7722426618527481,0.7062281552648985,cluster_5
307557600208100204,,735.4006595180631,12019.531493412953,5894.404399953347,12015.853955865,5888.415965213011,12024.390026031864,5899.933244160817,1.3530703510063304,277,0.4886977844406188,0.9314880078083472,cluster_5
307557600208100207,,2916.424890781476,11968.609360755623,5899.548919805281,11957.145442848412,5887.997877156598,11982.36546823283,5909.771861830792,2.066282075578261,579,0.2716228505309955,0.8992766404261099,cluster_5
307557600208100211,,2147.007578214836,11936.773656780357,5900.357939025585,11925.045225957923,5891.947146237211,11947.266069788024,5906.774444606248,1.386493003739311,722,0.3048145894406843,0.8567746791081374,cluster_5
307557600208100214,,631.3737645612968,11996.424593765329,5897.7522157338535,11992.002762716304,5893.088688336937,12000.750539303355,5902.238582874037,1.0169575627385583,114,0.4854037502952096,0.9726523648918488,cluster_5
307557600208100215,,814.7793456521031,12036.475583524532,5898.160378405149,12031.077012886308,5892.811708817687,12041.868445222868,5902.994559829352,1.1698673487818607,332,0.4227115364094462,0.9865117936754249,cluster_5
307557600208100219,,567.8103377485174,12026.37099812676,5899.581947071086,12021.048954915655,5895.31924063822,12031.562336884052,5902.844601989291,1.508693263142881,247,0.5227140856056728,0.9718773457460098,cluster_5
307557600208100220,,346.99894481472484,12012.275526814215,5897.362454609757,12007.706245468464,5894.8009290336495,12015.947619003606,5900.571853743666,1.6611341190571014,143,0.7005362088873148,1.0,cluster_5
307557600208100222,,659.1570594514508,12009.292721583928,5902.421099407247,12001.593765870692,5898.52714501821,12015.957966990418,5905.181154893931,2.168564011573336,211,0.5885309549917691,0.8707357425472777,cluster_5
307557600208100223,,685.7168396631135,12020.730537462585,5904.276187951109,12015.795253162123,5899.560299322458,12026.215859587764,5908.811975885223,1.614933111970847,221,0.4827137181588813,0.9770782978184368,cluster_5
307557600208100224,,381.2592459582599,11994.9856440254,5903.959801678041,11991.570773749045,5900.9780003195465,11999.410147056578,5907.142833479815,1.264693124874522,97,0.6393626696989426,1.0,cluster_5
307557600208100226,,985.0572387600018,12055.492028980752,5909.623661164848,12050.633251493202,5901.3477795199,12060.979771932502,5917.354565182141,2.195733168170313,407,0.4483804496548443,0.9330700358342854,cluster_5
307557600208100227,,801.427028520033,11901.185045413453,5906.634679468515,11895.00090199725,5901.62405981937,11906.916143708391,5912.804048064045,1.3619728499501762,323,0.478460117830963,0.9355793669940272,cluster_5
307557600208100235,,914.4667958879552,11918.562920279888,5911.260645756077,11912.471354541898,5905.187951180394,11925.285529588047,5916.371745438908,1.499143734340953,210,0.4215237439582071,0.9751878386840208,cluster_5
307557600208100238,,520.1856375367943,11952.506020643048,5910.307450994912,11949.451849441024,5905.430264976829,11957.72414833382,5915.014402725779,1.050864893678516,106,0.6001256404358114,0.8944280353688848,cluster_5
307557600208100239,,215.8996604510449,11967.670683628616,5908.957992650002,11965.490624440768,5905.703101526122,11969.971325385955,5912.048071108677,1.5742589259072577,32,0.8347157942726318,0.9999999999999996,cluster_5
307557600208100241,,1285.0497612169763,12036.781828457835,5913.650939628676,12028.880238121035,5906.670876063338,12044.031598454474,5919.621154826988,1.2280365449931483,534,0.400973872123251,0.8278245971549745,cluster_5
307557600208100242,,394.0741891866353,12004.434477711737,5909.471682500306,11999.556255159816,5906.530635887533,12009.272897112194,5912.773923191333,2.2392102333045583,141,0.703970571799208,0.905588264514854,cluster_5
307557600208100248,,1033.2858607620442,12024.570906102254,5914.694358560736,12017.916906901884,5908.729333336322,12030.885005948989,5920.6604754019845,1.0794434342483377,326,0.3916629271436219,0.9423253547426008,cluster_5
307557600208100256,,598.8975631137241,11993.898949621453,5915.952294678452,11985.634803355171,5911.634187836601,11999.016086900623,5919.626052847514,1.420859125003732,184,0.5963397799542909,0.8455814601539992,cluster_5
307557600208100257,,1939.8294067733373,11906.97479310086,5917.930869824929,11895.25926283371,5911.160027645624,11916.381490796408,5925.681490994284,2.009682853475465,490,0.3327106449350619,0.8887311926153533,cluster_5
307557600208100269,,617.1319979637561,12006.688259823668,5922.114310434633,12002.15114085787,5918.021347236561,12011.211034542204,5926.646964863903,1.1419470693572291,249,0.5176921830306732,0.938729974046372,cluster_5
307557600208100271,,3029.920637577567,11976.255718621036,5930.3498698288695,11965.205444968742,5918.242256637888,11987.64486398311,5940.991188828503,1.0453020386938223,804,0.2569119374000512,0.8718715135198704,cluster_5
307557600208100277,,503.2470377786129,11935.246166355102,5929.778383474499,11930.84296721994,5924.97509767764,11938.889465513825,5934.30234633003,1.4239279765958577,86,0.5594777715108074,0.9941398533686264,cluster_5
307557600208100278,,854.1613090026526,11988.98158840263,5931.015510399433,11982.353917916866,5925.532304442954,11996.658078140896,5935.50195419124,1.7507423392262773,331,0.4997948549015278,0.8622876112531686,cluster_5
307557600208100283,,496.5627955667133,11940.39276844736,5933.975536042549,11936.34334995848,5927.652183840843,11944.001417950089,5939.117982374182,1.8692714274578168,140,0.6182181646416977,0.9456003205511344,cluster_5
307557600208100284,,317.88699720401337,12024.309039710568,5929.248335101549,12021.057063993398,5925.891412954008,12027.594181494907,5932.479419695528,1.1189787169684902,170,0.6706241485786117,1.0,cluster_5
307557600208100295,,1234.9453748009903,11993.06218753535,5938.797112412883,11984.448737453626,5933.699082068581,12001.32638510149,5943.385328587671,1.7109048667465254,419,0.369195152005604,0.9639345391183508,cluster_5
307557600208200121,,1310.3520177842995,11964.853794510576,5842.8931964622525,11949.684695049818,5839.608114790171,11979.670734764017,5846.519904096399,5.007789345058939,406,0.5289558078769244,0.8593578233402863,cluster_5
307557600208200122,,1392.0671449090028,11984.184155921788,5846.730559124281,11976.404656645138,5841.1200687009095,11994.137462910576,5852.372237719268,1.5827513874758037,401,0.418869330707358,0.8148461082546337,cluster_5
307557600208200125,,168.86073400573707,11948.2195907311,5844.132132177606,11945.455951493852,5842.237330947621,11951.071533066146,5846.0217428886735,1.5686117874144685,49,0.9406641503128894,1.0,cluster_5
307557600208200126,,687.2908584536256,11934.618624771496,5847.259024403908,11923.182083785336,5842.811639569954,11944.65050215148,5852.566620977113,3.727025740357388,119,0.8846818924673653,0.6160618997194525,cluster_5
307557600208200128,,2580.6265946468206,11968.724575361824,5856.00873748673,11957.47559844792,5844.366750531972,11978.81431804167,5867.233243339949,1.799794504514747,989,0.321771254408869,0.8269340572200716,cluster_5
307557600208200130,,1087.101128031329,11961.855072054535,5850.261967717494,11955.494494620309,5844.145688130732,11968.521748721276,5856.758918262063,1.3870487106000673,434,0.3878529680514946,0.95928825201923,cluster_5
307557600208200132,,1031.6372069720896,11910.051362899392,5852.215863990337,11901.413455824018,5846.7044507976025,11919.801285408872,5858.346389471733,2.877487530726951,179,0.4765035078653961,0.8963831159182318,cluster_5
307557600208200133,,1009.7460543095036,12006.850758584753,5853.714794952082,12000.41619829324,5847.574808985715,12015.321392066584,5860.3843157299925,1.4754428114143692,256,0.4700527971946666,0.8168748426499766,cluster_5
307557600208200134,,739.8506908109388,11995.416346227608,5853.856552353427,11989.931290585952,5849.982295251082,12002.04650620514,5860.1173440936855,1.1721872755679024,216,0.5534538538888106,0.8224085430575949,cluster_5
307557600208200138,,947.3211661187554,11983.479232546018,5855.980389041441,11977.216253855337,5851.703746076069,11990.699559364224,5861.963433327501,1.2715797733807503,280,0.4428217325764106,0.8787499599863772,cluster_5
307557600208200139,,1026.6504324101456,11952.048252565017,5856.903063184464,11945.034628567077,5850.182823350313,11958.64722808838,5862.178623057442,1.3578928828644126,393,0.4406484265451552,0.8880336029049365,cluster_5
307557600208200141,,1345.9634228981831,11894.05619622268,5859.273875333506,11884.65169547619,5853.756919639207,11903.380858048113,5864.9891500156045,1.884226487621299,313,0.3785932426194459,0.9010370166785926,cluster_5
307557600208200143,,553.5660178621754,11932.273883929784,5858.718556429791,11927.755957257838,5854.841570678508,11937.458552910644,5862.916398849176,1.6800324263352764,207,0.5350200992477059,0.9901050395924432,cluster_5
307557600208200144,,867.7215588154583,12021.968128646202,5866.005016903815,12016.181432081705,5855.490127354482,12028.428290762684,5872.75548161466,2.579858384783804,278,0.5827641194009433,0.7591595038354669,cluster_5
307557600208200145,,2465.2422736032304,11876.170717095372,5866.929947015929,11864.412779747192,5856.455601224101,11887.124563824524,5876.988206007358,2.1601862092125743,581,0.2881831868122099,0.9090759095070506,cluster_5
307557600208200146,,1329.8324809179664,11990.710130862451,5863.032163117047,11982.418871130538,5857.224339890885,11998.868633028807,5869.77219986484,1.0506393839890504,462,0.3594229954027125,0.9164356429148156,cluster_5
307557600208200147,,1189.8954508063262,11939.484937753048,5864.53759248824,11932.994512524348,5857.854629457648,11945.723983381358,5871.695216374865,1.372115691125793,434,0.3738338494659267,0.9432184178934968,cluster_5
307557600208200148,,473.6762393616889,11975.10860900012,5861.248045452648,11970.422319296686,5857.157982487103,11979.44876529109,5864.967730655146,1.6850169161980766,155,0.5724085956885036,0.9922013497509592,cluster_5
307557600208200150,,1216.7338999204098,11957.979457653992,5866.796611418715,11948.544260834327,5860.516984574633,11966.122432009875,5874.176867413902,2.3475652137581173,394,0.4187293758412961,0.922646256929289,cluster_5
307557600208200151,,857.6375462283034,12007.81405245276,5868.142654622942,12000.295038657432,5861.624235736301,12012.793077629452,5875.1816162279465,2.00104481880055,268,0.5039866084244484,0.8933557735344638,cluster_5
307557600208200152,,1126.7137286089617,11980.921396339474,5867.879690839744,11975.109150028708,5861.59990792373,11987.873032710628,5873.836675964494,1.0436705307142062,381,0.3879671546872241,0.9178684026553984,cluster_5
307557600208200154,,1182.0852575984677,11930.335096067643,5868.595288037362,11924.630031759812,5862.071788716016,11938.25651292981,5875.238253561929,1.346127460468613,554,0.3823492775563686,0.9209440515294578,cluster_5
307557600208200155,,1048.300875152322,11950.04421226455,5871.3437851234985,11943.412778781216,5864.289883081401,11956.15599237112,5878.262330424119,1.7643222053436651,417,0.4126658867761255,0.9504514945693068,cluster_5
307557600208200156,,189.48549341211827,11968.273759310852,5868.307371088756,11965.962516947498,5864.813465291041,11970.29361015927,5871.589535859866,2.34825260806483,50,0.9634381991405794,1.0,cluster_5
307557600208200157,,834.5683076529141,12003.499897919044,5874.347280764418,11998.588001311866,5868.475722761581,12009.759933586687,5880.250314771178,1.2373719803114511,222,0.4531926376658025,0.9198476641665052,cluster_5
307557600208200160,,1077.5601471993853,11994.764125467003,5876.405417610075,11989.786970049789,5868.851548453793,11999.446949860068,5882.893148719239,1.42456535356343,293,0.4109287235707555,0.9118314827119292,cluster_5
307557600208200161,,550.8631949792839,11958.308522111123,5874.363244185767,11953.649783920757,5869.54523155632,11962.874514853578,5879.425698538928,1.4541740204107712,193,0.5787365903893901,0.9070505073685154,cluster_5
307557600208200162,,1942.989977194968,11921.659628361002,5876.3346732760965,11913.189309110698,5868.890287847329,11931.530396231858,5882.606417554954,1.408183290986737,647,0.2888752852244791,0.9588804725948328,cluster_5
307557600208200163,,1820.384434561453,11858.889301327548,5877.771937882297,11849.849903584603,5870.082796914503,11869.566042329898,5886.343323202003,1.1978326001839803,491,0.3940242177645766,0.7862933046878793,cluster_5
307557600208200165,,611.2389765133335,12020.663516336164,5875.856205861632,12015.978150399333,5871.199113061519,12026.067140152909,5880.681988953806,1.063698807590325,264,0.5492236750765875,0.875674364365305,cluster_5
307557600208200166,,651.1232545703401,11973.042296905984,5876.563271961867,11967.183776088052,5871.712975394287,11978.26304527352,5881.576307299682,1.3058234265704838,159,0.5729260618313746,0.8319234359327412,cluster_5
307557600208200167,,1662.8152298090474,11835.96548623348,5876.811261931483,11821.865825163888,5872.115123871023,11849.051458507292,5882.7997246890845,2.564999781754394,523,0.4269643259164325,0.7479705922318265,cluster_5
307557600208200168,,582.4930249005461,11983.372664956318,5875.34813259162,11978.662639370625,5871.906752959023,11988.84863946248,5879.9331001099135,1.377394742122456,117,0.5178219414296296,0.9719402452732132,cluster_5
307557600208200169,,431.4193394857672,11824.629525042696,5878.056584192075,11820.844962028144,5873.651145394999,11827.82112034015,5882.666848291965,1.4207269342136837,143,0.7132516411474308,0.8235355833969232,cluster_5
307557600208200170,,902.4658819403928,11943.306382133496,5882.909950164781,11936.462323327514,5874.475711623774,11947.995111047318,5888.48555031037,1.187663130061008,340,0.5333052822198227,0.776853903758229,cluster_5
307557600208200171,,913.6516239150628,11987.30829813211,5883.91259762303,11980.065283531683,5875.895283648224,11992.624911350507,5894.303378057362,1.5497543873563724,195,0.5834586654664625,0.7416436854147711,cluster_5
307557600208200172,,1655.6162625951026,11815.390081516802,5886.260780941439,11803.618796562354,5875.355025108316,11828.63630746324,5891.822561857223,1.4659584184652454,294,0.4958769610812963,0.6050663733605837,cluster_5
307557600208200174,,860.8847045751558,11962.91065506773,5881.79182403926,11954.83976183467,5876.038026407779,11971.398649337754,5889.60296804859,2.6120144424070992,158,0.5925067138181691,0.7923743731789803,cluster_5
307557600208200175,,1189.161081474861,11889.868174504798,5883.326423402933,11882.25368930937,5877.131112359415,11896.504209130697,5889.96852790919,1.7023055942640717,199,0.3796132089170387,0.9695028859406988,cluster_5
307557600208200176,,841.8400913887389,11951.437457340551,5883.732542446502,11947.703142204327,5877.29335130588,11955.855133578743,5890.05291741056,1.601965498738058,386,0.4386214645128471,0.9636019543976906,cluster_5
307557600208200178,,1120.1261899127342,11799.266018322478,5883.539230391824,11791.42418407476,5878.385429431359,11805.1675343756,5890.226617845652,1.164839806645776,292,0.3911004877028584,0.928704482087474,cluster_5
307557600208200179,,1843.034064919456,11870.905150303985,5887.661958739584,11862.642093173456,5878.725126184932,11881.176919425698,5895.416578090567,1.824194015949728,463,0.31456816388899,0.9401191869046696,cluster_5
307557600208200182,,474.1719588958308,12026.35829548631,5883.521340576067,12022.032492474684,5879.681011719869,12030.798341633208,5887.875020721979,1.0034937149057723,173,0.6424267375990081,0.8828811353231634,cluster_5
307557600208200183,,1103.8003194556577,11921.107674658371,5887.180151281442,11914.866036056646,5881.517620719784,11926.639898498306,5894.001591602782,1.0377945269503486,289,0.3797305983887305,0.9698337410389312,cluster_5
307557600208200185,,888.8723984865428,11994.669503911677,5887.049515175386,11989.178450903726,5882.164599342452,11999.231302618588,5892.841716951227,1.0593197099162524,136,0.4115522837748658,0.9780386383682104,cluster_5
307557600208200186,,709.6555576277259,12038.24800752173,5888.764544179621,12031.33152392202,5882.517866283866,12042.113482918669,5895.122308682423,1.34490180746017,247,0.5817276307565328,0.7861114041052052,cluster_5
307557600208200188,,1212.5679408234594,11972.65205453428,5889.328862766721,11965.971016538611,5883.238784785732,11978.063495980612,5896.1264459601625,1.0516396467766758,289,0.3563006561143549,0.9663668527976046,cluster_5
307557600208200190,,431.8661635797628,12008.17956741704,5887.864531247104,12004.06312638217,5884.212255755096,12012.395660950117,5892.419055384513,1.6341320759107512,109,0.6452565421913093,0.926012831690202,cluster_5
307557600208200191,,1475.3903893702009,11981.716498278587,5894.078988817799,11975.540072912429,5885.135461656947,11987.117052017918,5902.834037967951,1.5922405964640172,328,0.3469681601008059,0.8983058970206158,cluster_5
307557600208200192,,1060.094781592972,11931.78261157267,5891.264816276815,11925.240266834926,5885.722709067657,11940.36005453116,5895.80184071019,1.4025949051808024,309,0.4095579340022878,0.9389414365085113,cluster_5
307557600208200195,,2634.569502896911,11910.928053176478,5896.6013663648055,11900.576848508545,5887.370317294436,11921.89052399405,5905.00096728905,1.393049476244284,733,0.2537345488487986,0.9257686993779696,cluster_5
307557600208200198,,685.4102560872067,12028.465360861172,5892.718554019351,12023.123828077303,5887.833231875216,12033.437145311556,5897.514142756452,1.070401180733078,300,0.4795404809834477,0.9434640661028292,cluster_5
307557600208200199,,2181.166587098033,11893.550892731184,5895.746232324533,11883.588997713872,5886.953963333116,11902.840911213894,5908.055998929854,1.3869601717300202,704,0.3355608650904397,0.8057112937081068,cluster_5
307557600208200200,,1206.4489603126226,11956.537775683404,5903.366740594525,11951.078727860624,5888.851018741034,11964.825864494142,5914.655957767709,2.671803556881435,198,0.5981019759957665,0.5879698018197627,cluster_5
307557600208200201,,1196.297255341351,12047.153262161532,5897.393969102612,12041.655933882515,5889.306838398494,12053.94578076642,5905.812246644877,1.7983176303701571,315,0.3950863956795803,0.9409519754586382,cluster_5
307557600208200204,,575.7932336537643,12004.717175790533,5897.055803833676,12000.74214374115,5892.457442780835,12009.632708243736,5901.429824981319,1.1068766771296237,181,0.5556762292495475,0.914820452380554,cluster_5
307557600208200209,,305.4621996687067,11989.422584974483,5900.475230010563,11986.17370261977,5895.011477410301,11991.887142932988,5905.392334903748,3.029845931811189,37,0.8751975818503708,0.8705184788227862,cluster_5
307557600208200216,,1307.7307423853792,12035.470138469584,5905.669059581101,12025.57030122037,5901.408066403732,12046.358379080131,5910.134236475621,2.412313994402409,499,0.420877762009694,0.8671001485954223,cluster_5
307557600208200220,,637.3719448438936,11910.295893296176,5906.850406202911,11905.604698928111,5902.241794500542,11914.968621560927,5912.066283293829,1.050359194401796,199,0.49485439177979,0.956935020486259,cluster_5
307557600208200221,,1362.9536489765087,11927.03199074451,5910.191232874427,11918.640051860122,5901.8207150477865,11935.774231876643,5918.780041714566,2.686329851960075,304,0.3987732167737758,0.916487380215484,cluster_5
307557600208200223,,207.73739302994065,11983.303199589873,5907.766473026743,11979.420252714855,5904.478698437042,11986.97322811604,5911.340987564736,2.7426415237829698,36,1.0918765846235952,0.8329799301434383,cluster_5
307557600208200224,,436.821274855346,11995.340022853388,5909.013989568867,11990.46307372435,5905.4839796054885,11999.47350779317,5912.539249093212,1.3172541203762778,134,0.6721260486010586,0.8503222462646868,cluster_5
307557600208200228,,853.3856285200848,11986.426691136836,5912.050024525242,11980.167829056329,5906.892333472334,11992.654452090328,5916.615004929545,1.5963189484796914,172,0.4245631496935881,0.991662170397237,cluster_5
307557600208200229,,1606.847086259442,11941.126140955705,5912.631084740781,11932.86245627834,5906.897686321798,11949.586429170062,5919.841961910401,1.2914169725023308,155,0.3448826000083036,0.8964234491709364,cluster_5
307557600208200231,,351.8484345124619,12012.855687879088,5911.785732636753,12008.762714188562,5908.618011144536,12016.672633102764,5915.120462994046,1.9765313285152843,118,0.6792491418847958,0.9889471921218674,cluster_5
307557600208200232,,922.510369193492,11971.648665347211,5913.998689435715,11964.03849910875,5909.697978223633,11980.48249582417,5920.693459121512,1.3091586605164878,109,0.5470406417030392,0.7414925999396709,cluster_5
307557600208200236,,608.947131380289,12002.804475807456,5914.567848429674,11997.493312431108,5910.51879034344,12007.87484128738,5918.15728563835,1.512661743488263,204,0.514759983755451,0.9612127552304836,cluster_5
307557600208200238,,565.5630325234072,11958.625436265653,5915.455311806546,11953.309292591804,5911.9659090897385,11963.828036488436,5919.464945806676,1.5044765931322404,116,0.5203918692958762,0.984038655456906,cluster_5
307557600208200239,,458.8415587450551,12011.8911755704,5916.545867341325,12007.885182197664,5912.339262084517,12016.40364283291,5919.849668767154,1.6986109002912944,171,0.5982672972620185,0.9700971648298468,cluster_5
307557600208200243,,987.8972267057746,11987.191243682715,5921.399582858483,11980.369997590416,5916.3425135025245,11993.40035432754,5927.409438320841,1.555161902514148,359,0.3986335736013148,0.9748091292452832,cluster_5
307557600208200244,,661.3174663697237,12019.51184558498,5922.975342372861,12015.674607515848,5917.379126571936,12024.174563608323,5927.383603631687,1.169600972840405,235,0.4819633941787686,0.9643380447413809,cluster_5
307557600208200245,,1320.5919670754106,12031.01405212184,5924.77497506779,12024.48041070459,5917.963487454706,12036.71261932742,5931.706167566816,1.1093160232781512,489,0.3616272319872439,0.9144043501446552,cluster_5
307557600208200248,,653.4974273821566,11998.729014234064,5922.603756967511,11994.26550443205,5918.015525217726,12003.709676747358,5927.685679070716,1.005796366712297,216,0.5038932466456668,0.9285342021060063,cluster_5
307557600208200250,,1820.3055292141528,11926.016773983489,5923.678013527177,11915.457251188822,5917.713326889664,11937.576884021575,5931.673347075939,1.8178342576877224,404,0.3422521098015139,0.8734210794808462,cluster_5
307557600208200251,,487.50120307652577,12013.326730586896,5924.377545282715,12010.191062281425,5919.66813623282,12016.086147641148,5930.14395821069,1.86763376470156,190,0.59541284821396,0.9856725299402372,cluster_5
307557600208200252,,1426.201186273992,11946.72839780545,5929.803288422171,11937.067112459215,5923.521556836087,11953.640149474486,5937.824971330727,1.1317281845942408,277,0.4283902152570485,0.748530684903508,cluster_5
307557600208200253,,731.9839990971269,12003.009305748355,5929.618379781221,11998.05060825797,5924.901498981326,12008.735057672631,5934.07328125666,1.243149828333464,261,0.4633926527704891,0.9546577503810606,cluster_5
307557600208200256,,622.088588063394,12017.941366036728,5932.146138570869,12014.00289463789,5926.830957750944,12022.12785278546,5937.681075212196,1.3276370244220994,218,0.546492388371988,0.8909073596674935,cluster_5
307557600208200258,,321.2869884121011,12009.912933993746,5931.112850676799,12006.692406953343,5927.313430428649,12013.466458265812,5934.205608415285,1.078087309929134,113,0.7025064258227074,0.959914827056386,cluster_5
307557600208200266,,785.1342497933344,12005.777091416125,5942.120758226114,11999.136329118564,5937.951671679987,12012.06822090994,5946.072979956404,1.9172301422926608,245,0.4638936926968315,0.9726142194509256,cluster_5
307557600208300099,,149.55002475808888,12020.267870162485,5887.967021203208,12017.55956595888,5885.772494284614,12022.740956107016,5890.042577384049,1.6764846739456658,46,1.007131773971973,1.0,cluster_5
307557600208300122,,549.4375632185681,12016.436132126895,5908.540487139464,12009.75606029063,5904.860155042825,12022.74237341624,5912.282276709595,2.4103740752735896,168,0.620898261227728,0.8923650623626638,cluster_5
307557600209100088,,808.8530261998742,12126.854351500562,5833.619700684859,12120.586307057769,5827.538318193247,12133.178091350786,5840.634425674658,2.471296615685139,189,0.5232689664114903,0.914236871283724,cluster_5
307557600209200092,,869.5968263898669,12134.44239699296,5845.369589369861,12128.49804602522,5839.074627752192,12139.62789265675,5852.135732907709,1.9966311413768385,195,0.4421836014753633,0.9669570215544852,cluster_5
307557600209200115,,1215.3808153734228,12064.61886676788,5921.705266016493,12055.627608638388,5911.388621490113,12074.367805697671,5926.968427272198,2.0091223272400707,315,0.4895064196988569,0.7531548225230306,cluster_5
307557600209200116,,856.4411766763251,12074.338892357018,5932.0921324157325,12070.681424257897,5924.309364403795,12078.14436795345,5939.313741904902,2.195613723627822,210,0.4517004599820015,0.9658671173979484,cluster_5
307557600225100015,,1507.5469088905168,11620.82267877192,5955.472510363333,11613.440977208837,5942.281983468551,11629.40827233197,5965.873477397608,2.546959961202272,209,0.500207894427625,0.7188447718222079,cluster_5
307557600225100018,,461.0362202737348,11626.799106983755,5950.465903878852,11623.481021116651,5944.892351178632,11630.03404029536,5956.224670499925,2.2375708185530936,40,0.6338973591910338,0.9587256020039404,cluster_5
307557600225100020,,1398.1578594904804,11615.339868901678,5972.832463158169,11610.98869941632,5962.6309037500105,11622.513201416568,5981.769128137904,1.6688149863800417,76,0.3812877617866025,0.918643602572654,cluster_5
307557600225100023,,1317.4511869517014,11600.958464586032,5985.950711869379,11592.096308920723,5978.922096770833,11607.856954133547,5991.7223237406215,1.2261473310521218,79,0.4578353237691069,0.7761691489565339,cluster_5
307557600225100039,,2002.97829177661,11553.981525864368,6054.692718069963,11539.649885539342,6045.13479876501,11564.576892763944,6066.63318778686,2.750857237330751,162,0.4296097430981556,0.7756883869367361,cluster_5
307557600225100041,,1226.7435954598684,11532.917101569505,6068.818596162678,11525.18565536124,6062.189329792273,11540.68485794152,6074.907106636658,2.015543063026377,59,0.3741053669274019,0.9668076321132192,cluster_5
307557600225100048,,2258.2796161165893,11527.860280040635,6120.57811433084,11521.026791159184,6108.140464209491,11535.29904666077,6132.530624448475,2.218301136333194,352,0.3287172267270489,0.8490582458280251,cluster_5
307557600225100062,,2446.6640692474166,11515.791774101208,6211.012363728863,11508.91603805162,6197.388642016718,11521.343160343124,6224.609141265779,2.201133014135704,423,0.3100790954840361,0.8424529766329651,cluster_5
307557600225200115,,1449.6842490022948,11605.339584183315,5975.286619494195,11595.112899044572,5964.170436567854,11611.312485316888,5985.03009670595,2.092413269052153,160,0.4531057086740087,0.7615615199429272,cluster_5
307557600225200142,,2177.19563842062,11587.341491742807,5998.123060535795,11579.63194754231,5986.635251633032,11596.241199926546,6011.07485852665,2.160876874924428,179,0.3070919176108296,0.9159978870855522,cluster_5
307557600225200161,,2172.153498488666,11576.749265138218,6016.803704016179,11568.869378700412,6005.342515902821,11585.351928951224,6029.351834086125,1.891720272941104,191,0.3336397135746213,0.8292493330620202,cluster_5
307557600225200181,,1655.7477282162445,11566.440204484434,6037.003445815412,11557.665647037466,6026.455404375773,11575.10903241786,6046.96079248788,2.577106063818555,209,0.3681480236697108,0.9002235165147985,cluster_5
307557600225200247,,2175.1957596193674,11534.99323871832,6097.3348087994445,11526.520308823016,6085.297389122253,11546.83050941157,6109.084963214909,2.00897116254096,355,0.3478596408331982,0.7690747166633107,cluster_5
307557600225200297,,2418.614601105325,11524.63608014543,6143.116528204266,11518.705253123611,6126.589620728013,11532.683393653992,6163.3143521029415,3.0106904207525544,450,0.4433254115559228,0.6628822741696607,cluster_5
307557600225200335,,1783.2519538987049,11531.58411588466,6163.165957486616,11525.504261971962,6151.9467690788415,11537.597223440867,6173.297758924049,2.105085936690636,73,0.3215914698749076,0.9379361693998788,cluster_5
307557600225200346,,958.2379231765028,11524.724269909077,6169.179324106824,11520.278443391402,6161.224054392389,11529.966905054413,6175.686247301655,1.5779446934495138,200,0.4544878381137071,0.8539746247481318,cluster_5
307557600225200361,,3261.577864772682,11517.970385631374,6186.4138742549785,11506.66315799773,6173.560166059281,11531.178531889836,6201.135653221543,2.316652571479392,423,0.2682185865223783,0.849956347894104,cluster_5
307557600226100032,,1815.6891063627263,11952.163428372787,5940.90501063726,11940.483347112811,5933.758981481965,11963.21444701267,5947.648188269334,1.1232458506445953,418,0.3435674514334045,0.8896070777243232,cluster_5
307557600226100033,,620.6999313990232,12009.03907800147,5936.311904910165,12002.539989164474,5933.129304656089,12015.325714803896,5939.587456318788,2.0040364987054,200,0.5554179003170825,0.9273380181013356,cluster_5
307557600226100039,,1102.2708975408452,11971.143151476324,5942.393141873641,11963.552707510107,5937.104079843215,11979.773239574288,5947.943297352952,1.6767731092616922,267,0.4522828513237832,0.8420824877738795,cluster_5
307557600226100040,,800.7196738927128,12016.222215700196,5942.586130455572,12011.110964547232,5937.141033036964,12022.24024696918,5948.343349373061,1.1020833030714698,232,0.4881834710043359,0.9132896822996552,cluster_5
307557600226100042,,808.3952235605742,11962.10941167033,5947.898218822952,11955.580196754636,5941.7550253836935,11966.9233348829,5953.194816822312,1.087020538313779,185,0.4558314000599881,0.9393999368821238,cluster_5
307557600226100044,,833.0762425889579,11991.32232893184,5946.269208463614,11984.73057087708,5942.2114838060525,11998.034611943353,5950.73094559354,1.7921765055407928,138,0.4482965718522176,0.9637765076041328,cluster_5
307557600226100045,,1754.8917964130776,12003.237763967663,5950.671522749661,11993.624237737142,5944.501200141634,12012.805012056726,5956.808474634852,1.5410887713351882,380,0.3234927645595662,0.9184035862633364,cluster_5
307557600226100049,,428.6229136852329,11991.42381391235,5955.332688997274,11986.3007556891,5951.736488366179,11995.659489557229,5958.471272072675,1.2256771031645892,133,0.6316720262617297,0.937491333460036,cluster_5
307557600226100052,,1135.991777542397,11981.20208762297,5957.827904684673,11971.465656248289,5953.090026852404,11990.064883851384,5963.022517242103,1.979225791985648,235,0.4255774891229781,0.8942119958974142,cluster_5
307557600226100058,,463.6148510667706,11994.098709041991,5964.053290393825,11990.058812363628,5960.173658943699,11997.685398202564,5967.859012564215,1.0209873912049394,54,0.5495483195865144,0.9904845859708572,cluster_5
307557600226100059,,1043.165907422272,12027.320679147077,5965.643136780994,12019.071295966864,5961.110907690268,12036.144097834758,5969.538503639169,2.279959201596516,259,0.4432065084628411,0.931260387691604,cluster_5
307557600226100063,,983.4698470270936,12065.386648215428,5976.789145135604,12059.073543096154,5971.4797176518605,12072.567240151437,5982.163769231111,1.525838633646062,212,0.4299397558503487,0.8984225141749271,cluster_5
307557600226200033,,954.3899879766076,12025.390808959566,5936.259210436184,12017.0799696065,5931.621309929323,12032.741525748092,5943.015742608866,1.6097378928166413,262,0.5011224542892071,0.7897840012761669,cluster_5
307557600226200050,,1002.0080663482936,11983.925258623534,5949.32067701048,11977.557449687662,5942.536599932033,11991.892867197195,5958.104461127811,1.3744945740565846,241,0.5955003762672243,0.6540712345487891,cluster_5
307557600226200053,,1017.3292284341107,11940.310234964369,5950.214463631659,11935.11274919923,5943.494315096881,11945.808773214332,5956.976003489749,1.0216475426842262,161,0.3758420407894117,0.9959032314184488,cluster_5
307557600226200060,,970.48052590032,11973.014747803736,5950.795166097766,11967.332888332645,5945.444888541777,11980.350076418708,5956.056288293432,1.1577431286688278,284,0.4215941284525449,0.9406663999908458,cluster_5
307557600226200067,,2878.5589803500948,12007.830642689936,5962.456899565574,11995.150707274865,5951.738050348524,12016.086147641148,5972.65427729923,1.1010600354894888,531,0.2642120612974988,0.8964104952006534,cluster_5
307557600226200071,,437.1170676558687,12018.35923435596,5957.536026653395,12015.978150399333,5951.728724098906,12021.370912868846,5962.623384924752,2.1039805417170028,134,0.6505900206828527,0.9748577712618156,cluster_5
307557600226200073,,2720.31789991946,12034.51307810811,5959.230962358944,12020.836695039125,5952.79590190248,12047.328351223749,5969.399913060877,1.6962728659989388,680,0.2946288220251484,0.8151301982267709,cluster_5
307557600226200082,,347.9202257577209,12048.355482485407,5963.027190247148,12044.885621081052,5959.711831098248,12052.36667276774,5966.06463724873,1.2169604297443064,98,0.6456272676955733,1.0,cluster_5
307557600226200089,,232.93716707172453,12017.703480072949,5965.072786039579,12015.984367921465,5961.521058199074,12020.113046286257,5968.873677656636,1.7850333155328413,46,0.8409633089303272,1.0,cluster_5
307557600226200102,,361.4777432845847,12056.73698087825,5974.940348661885,12053.23719882566,5971.2626498232585,12059.495257186536,5979.332138908072,1.3824828076242532,72,0.6759922939481077,0.9554803173479876,cluster_5
307557600227100004,,368.0038700960049,12077.72603372074,5942.277028811012,12073.283852580556,5938.658393337591,12081.663122909897,5946.2174849965,1.7736373685574374,96,0.6729962444821845,0.9509690138566836,cluster_5
307557600227100005,,1779.2591979553376,12077.589835599052,5958.141369366973,12071.544692530611,5943.555084390317,12082.928817783371,5968.586429454843,2.4172302984703244,552,0.36017389908239,0.929192682368592,cluster_5
307557600227100008,,460.3944945112743,12076.370856101945,5972.245094679485,12073.019699021352,5967.71121522071,12079.176213921148,5976.866327882361,1.5151780245809416,128,0.5723346742658059,1.0000000000000002,cluster_5
307557600227100016,,232.1000128357161,12096.400390319564,5994.832840064044,12093.27157442654,5991.927355414968,12100.194324394275,5998.173821127724,1.8695539900336724,81,1.00158048585564,0.8257802698445141,cluster_5
307557600227100018,,1560.6563727851722,12104.899150018626,6013.764670078789,12095.545233302311,6004.0292905219885,12112.806471327887,6023.537071010174,2.507294538562056,498,0.4186287592145513,0.8216567462858536,cluster_5
307557600227100021,,1136.2257813733256,12102.166731044548,6027.281628585379,12097.481055378485,6017.769729325376,12106.98653807371,6035.376601728818,2.0106422369019112,98,0.4199193524235404,0.9237491561905262,cluster_5
307557600227100029,,3014.20925565537,12122.344219707438,6058.804754130482,12113.707258678436,6041.7152714769145,12127.53930119468,6080.2317660645385,2.780480404388554,644,0.3142904253895639,0.8293056118968123,cluster_5
307557600227100036,,2073.8511602942453,12133.364908030331,6105.707154761623,12126.675323260157,6091.72558354611,12143.352618842471,6118.110974065292,2.4309393703258264,399,0.348639462114845,0.8324904363132084,cluster_5
307557600227100037,,453.18695562095616,12121.556898549245,6098.155019481718,12118.150640777996,6093.159719248404,12124.999404794984,6102.654127361269,1.658079803333759,83,0.5916061634896453,0.9707606043765352,cluster_5
307557600227100042,,2111.9382201120807,12142.515181215676,6124.344852796413,12135.207105363575,6114.200766435524,12149.011141725236,6135.42030264082,1.828890977187108,378,0.294476636301501,0.9323542508568672,cluster_5
307557600227100045,,2865.2588385742624,12137.905438425632,6151.154973118171,12128.94326533828,6140.079488993617,12149.417906808834,6160.448244148724,1.154494048273952,55,0.2455544360399757,0.9240756462333872,cluster_5
307557600227100046,,1706.2418104029014,12144.487255993668,6167.405275204031,12138.233533799286,6155.391192743582,12149.767041008356,6179.922568117593,2.4966581118918563,317,0.3673982875286127,0.9093173279051404,cluster_5
307557600227100053,,2038.4222715538635,12123.25358570156,6185.001541487892,12114.67242187599,6177.356347291524,12133.78276223068,6192.681504620663,1.4787874866072863,65,0.2958034625565784,0.9175116545470708,cluster_5
307557600227100057,,1452.864262728409,12105.67125863142,6209.081775455227,12095.203399298622,6201.163650039057,12115.380888587424,6217.789300397761,2.503733152235732,271,0.4235166178466433,0.8503935331072712,cluster_5
307557600227200009,,180.6685159863457,12081.704928546607,5966.881978334479,12079.306425997796,5964.256694608099,12083.875149594714,5969.606361901351,1.0440818163543175,54,0.8986568054971134,0.9813008909849492,cluster_5
307557600227200010,,1377.4938356061336,12083.256017320047,5977.668668677753,12076.247107866033,5968.620759756204,12095.040942244585,5987.879553817927,2.008933060023077,295,0.493340901909753,0.688255186674158,cluster_5
307557600227200016,,247.77913998287823,12086.615259063414,5990.149597718083,12084.340404468505,5986.705057865095,12089.07209969947,5993.236860995235,1.455661254410296,71,0.7794786999502532,1.0,cluster_5
307557600227200019,,563.8773063140211,12092.89104561832,6002.30100161051,12089.629639371,5996.306927089339,12097.071201001065,6007.103386254401,1.8004912025768631,182,0.5503441078931774,0.9716142872456024,cluster_5
307557600227200020,,222.21399668480328,12098.91250846144,5999.531904473591,12095.665490459583,5997.017177529209,12102.304770712184,6002.303194048558,2.1252238220717548,35,0.8800133729617264,1.0,cluster_5
307557600227200028,,943.3104887385766,12110.212784730104,6028.676061277701,12105.312548096765,6021.9743696032565,12114.623463039108,6036.867157116494,1.6407270803719878,274,0.4468756315609758,0.9068095602295922,cluster_5
307557600227200029,,1021.5626067142208,12117.706119025634,6036.9012144057215,12112.504368359709,6028.937720880072,12123.627977319504,6044.455841019933,1.9853451358782848,292,0.4201481347935098,0.9452441315739794,cluster_5
307557600227200051,,1181.9467641070664,12145.593936310996,6141.3183469933565,12138.811208075062,6134.630058610532,12150.211622354664,6150.427569056588,1.5210867763244096,177,0.3906662904167045,0.928914525200145,cluster_5
307557600227200058,,967.37686163234,12136.3541299705,6181.370832988697,12130.291381651672,6175.282732707286,12142.54377831811,6187.562328372102,1.3842859925534363,171,0.395649990082156,0.9777760776674926,cluster_5
307557600227200060,,1201.2670792069223,12109.640692103389,6196.38416721971,12103.732793997602,6189.957057753389,12116.287404637173,6202.667212093953,1.171701862653683,41,0.3741001197010223,0.9246146612989,cluster_5
307557600227200061,,1137.66768635986,12121.25390941772,6195.597526071144,12113.081146395649,6190.4516930921545,12129.782387990384,6201.521702495704,1.9221264027748657,173,0.4175547229109498,0.9554798094777226,cluster_5
307557600227300007,,634.1753082983781,12090.965295308037,5987.118382870527,12085.06592760685,5982.494255856409,12096.290538088051,5993.189967621971,1.89287673982706,267,0.5683509126499177,0.8773836929800722,cluster_5
307557600227300008,,691.8370450797793,12081.262094412696,5994.162079200301,12077.5480787601,5986.058147217432,12084.90689417576,6003.521363740105,2.9827449789847016,53,0.6677066705912031,0.7628209862080206,cluster_5
307557600227300011,,214.2707643120128,12098.016967803229,6002.707506522,12094.588584820342,5998.40555547296,12101.204228622748,6006.217807690527,2.7500197841472738,75,1.0562081919141484,0.8901795225098557,cluster_5
307557600242100084,,521.6838389701375,11505.74084096837,6263.000273171514,11499.857946920163,6259.142724067067,11512.976956590936,6266.463141596325,2.6363550200300323,122,0.6609274441314179,0.8889684525503518,cluster_5
307557600243100012,,2164.614269624467,11507.526942728173,6278.667111511489,11499.612975213196,6265.561315572342,11516.036714794442,6293.764113882126,2.8468454977804623,499,0.3527258830296906,0.8515795119496048,cluster_5
307557600243100014,,991.2415417513948,11518.211913964378,6301.765046711626,11511.63103112124,6292.717061018414,11524.518562487658,6311.7246203578125,3.055769627922953,303,0.5297454343247429,0.8111354611672609,cluster_5
307557600243100018,,1199.9541314571682,11529.867194709646,6332.184950820773,11525.030311647855,6320.843650064588,11536.47039673879,6342.052619606704,2.4893279424162142,390,0.5044321094863865,0.7501435335072358,cluster_5
307557600243100020,,133.20966976486247,11535.270363290736,6343.988157497269,11532.598548303997,6341.861128667124,11537.725145310616,6345.897097394365,2.0190081064922087,38,1.1197390266587492,0.9999999999999996,cluster_5
307557600243100022,,296.0452460162164,11536.504972682957,6348.09097451216,11533.249258059714,6344.941083296215,11539.475314566156,6351.13536766416,1.0379393360299662,89,0.7004653097408193,1.0,cluster_5
307557600243100027,,2159.083357096743,11539.881626159886,6365.606604310915,11531.09506756768,6358.1003094651305,11549.619126293295,6375.53890732587,1.26666718771669,150,0.2989976617590558,0.8921418491464858,cluster_5
307557600243100028,,426.4599642746575,11589.606414706705,6362.062244502731,11585.568308541951,6358.119314314643,11594.606202318308,6366.369032808932,1.3404750704955544,29,0.7073282965328225,0.8344956570985902,cluster_0
307557600243100030,,1542.357644048946,11658.56216734223,6367.262091705569,11648.436081777263,6360.949441996974,11665.562157067634,6374.365285491975,1.279492562368666,248,0.3496230914663115,0.8961312681776019,cluster_5
307557600243100032,,1921.906293869883,11610.658644255223,6370.243015611703,11598.75064952811,6362.899100734093,11624.385236774242,6382.954727717794,1.2911910245780396,568,0.4357574255415101,0.5932963298813528,cluster_0
307557600243100033,,1238.0515386240886,11642.297114371757,6368.380697825765,11635.720136969288,6363.176154736892,11649.517159433442,6373.460904177829,1.3521395286481388,341,0.3638971844905141,0.9460854452723282,cluster_1
307557600243100035,,1495.8806709199755,11676.627628274782,6370.487892162187,11668.443026237255,6364.004690593454,11685.054148938394,6376.566745022179,1.1866782738996056,180,0.3179637925924635,0.9806720473527544,cluster_5
307557600243100038,,1634.98518219034,11543.76908447799,6383.475149617007,11535.212431922722,6371.930384579154,11551.626583963196,6394.406567853544,3.102131189130243,355,0.3834607906727734,0.9212790572146036,cluster_5
307557600243100039,,709.9438628276564,11626.16468471444,6378.154315926725,11619.98415114983,6373.725800157905,11632.66391061372,6382.191431429901,1.2902039178993656,134,0.503447530478952,0.9345311529730884,cluster_0
307557600243100040,,693.8390344921689,11684.708484830842,6378.249853923203,11678.747527149846,6374.216823911429,11690.61555058893,6382.164570479503,1.0718602658910663,161,0.4690387631586928,0.984425451259518,cluster_5
307557600243100043,,521.2283643603301,11610.828223240547,6379.595326383803,11605.835655331462,6376.573528153542,11616.10574032244,6382.933949623215,1.618659030363674,49,0.5407853994216594,0.9876794636039083,cluster_1
307557600243100048,,220.1852567844632,11689.20257276097,6383.23052839524,11686.75863347882,6380.157050262729,11691.718761453973,6386.548340800024,1.5888634663222958,63,0.84705931048805,1.0,cluster_5
307557600243100050,,917.686448883745,11605.015490099731,6385.074903800995,11597.663999625138,6380.800913975302,11612.132378687638,6391.001318293789,1.362015114187816,209,0.4536775914008801,0.8804265166109101,cluster_5
307557600243100054,,1292.980653981382,11643.378805995671,6388.200916018205,11634.54867987659,6382.738144235391,11650.445518998476,6394.594470550686,1.1187676360532213,400,0.3534764870050316,0.9485103005376504,cluster_5
307557600243100058,,1039.8300743851662,11678.0568660369,6392.418019061451,11671.601664243946,6386.830082025528,11685.57729233392,6396.75752823567,1.2247355186601343,328,0.400583362453918,0.9443729828950858,cluster_5
307557600243100062,,1694.4779456326437,11608.616986222083,6396.835354404416,11602.426728308545,6387.228637562729,11616.267389341254,6406.152347983423,1.6228266293992322,300,0.3403117816399725,0.8947385195412919,cluster_5
307557600243100064,,689.9273347134801,11705.609831714804,6395.2888850905865,11699.812753536931,6388.929940370009,11712.270696225052,6400.705912371988,2.794646343890168,173,0.5599993136432393,0.9408044043017192,cluster_5
307557600243100068,,475.0465866910061,11563.030507642095,6394.830347274697,11559.43703282333,6390.6149410498,11567.196457898955,6399.785538120152,1.6660020396695945,31,0.580695732473106,0.9635393433943508,cluster_5
307557600243100069,,1659.5951404771029,11664.415909499166,6396.812053709034,11656.208570312856,6389.167422649427,11671.97044677486,6403.88513198305,1.6225057865672703,518,0.3050252399943526,0.9746644063929102,cluster_5
307557600243100071,,916.253106071487,11647.153365849854,6398.074522839257,11639.0092148577,6392.20220697512,11653.790839332269,6404.60436370672,2.228020501453252,289,0.4991803132723033,0.8716834626823913,cluster_5
307557600243100072,,672.8536301944541,11637.470146825104,6398.826760974835,11631.959683912604,6394.570193171143,11643.59712481455,6403.345327418168,1.3556962309473344,249,0.5717181215279493,0.8166573183516301,cluster_5
307557600243100077,,443.35281106227865,11651.073869500033,6403.142485541363,11646.1506970467,6398.822207801207,11655.153762805088,6406.590831316631,1.5692045393891692,143,0.6160481986018945,0.9777114877206006,cluster_5
307557600243100080,,290.74896875509205,11568.00900535009,6404.749349993932,11564.139537432153,6401.618571874413,11571.897902953377,6407.658521939361,1.3451020077642213,50,0.7675494179532505,0.9453389887942648,cluster_5
307557600243100082,,3596.6498513143342,11635.042640769305,6413.742740081756,11622.533768149282,6401.73097946069,11652.135442723124,6421.986611173879,1.6515232812254457,671,0.2457609213651914,0.880126218641182,cluster_5
307557600243100085,,1406.0888326331344,11721.057046130602,6409.440570029235,11711.965914688875,6403.214103511287,11731.139235532904,6416.024908953023,1.6397727722214108,502,0.4023089572314914,0.8302225681932955,cluster_5
307557600243100086,,1783.5471299462902,11744.155142747086,6410.466744505132,11736.649657325865,6402.710572335698,11751.568921667054,6419.759352541372,1.153093636837883,290,0.3382682971294026,0.8403961748965049,cluster_5
307557600243100088,,504.00242353859335,11751.99003772924,6412.523575613231,11749.34058289852,6406.707929223478,11755.295436719704,6419.003353140099,2.4306889478658933,55,0.6145274234523148,0.9698859584053734,cluster_5
307557600243100089,,679.7068918250761,11548.52873958125,6414.465671943297,11544.986971299557,6407.337002179405,11552.59298646639,6421.122716100519,1.7541130112548482,153,0.5295996531996529,0.8951009068914134,cluster_5
307557600243100093,,482.1223258237408,11579.496919316236,6413.940592594584,11575.650611152503,6409.547960556385,11583.822023694414,6417.708889570171,1.4751101265293558,52,0.5744220019470901,0.9721085865308554,cluster_5
307557600243100094,,1071.921344631368,11736.518669071742,6416.910071313351,11729.878394805814,6410.262719385564,11744.874497216846,6422.469772642468,1.7944480992405352,290,0.4034383355736247,0.9525535870473456,cluster_5
307557600243100098,,991.8221831220966,11585.089815594953,6420.03066432909,11578.699061744072,6413.954790763419,11591.983572186524,6425.829420757764,1.3921254733169892,108,0.4325860558789863,0.87447614223363,cluster_5
307557600243100102,,1779.6125532828494,11676.151895592107,6424.695449279925,11668.852835366628,6415.173140392091,11684.741508507052,6432.077380897086,1.6512093321037795,410,0.3306807927947049,0.9161412525304952,cluster_5
307557600243100103,,1015.740093729214,11551.075002673828,6425.539717859787,11546.991841398094,6417.421288023679,11555.50297361199,6434.576173869964,2.074387094388657,183,0.4417136878668012,0.9108415942707488,cluster_5
307557600243100104,,432.4645681095926,11594.784672545558,6423.524790837973,11590.994325694588,6417.489552325982,11597.934057677576,6433.987745387476,2.3170468917381624,61,0.9236156926991556,0.4867256998193766,cluster_5
307557600243100109,,1095.0833057871496,11747.53984156634,6425.205126747546,11740.71520979582,6419.36027753896,11753.409724219848,6431.140031245208,1.3449470422952745,230,0.376217068952871,0.964844969022325,cluster_5
307557600243100115,,944.0946852161284,11736.648563648352,6426.749220690742,11731.114866474243,6421.297593687023,11743.45016306087,6432.650189596243,1.0801331321557528,376,0.4349881278576389,0.8835798320694952,cluster_5
307557600243100117,,1569.8048647718897,11622.911183561246,6432.540900456229,11614.408125647657,6422.423370810822,11630.1861678179,6441.142639270722,1.6595210993049063,304,0.3583749262107649,0.8792909301691587,cluster_5
307557600243100118,,582.6949427062782,11587.046686817532,6431.096685520564,11580.729799242064,6423.870304582199,11594.041873160186,6437.914503843155,2.362364556780192,71,0.825790757727325,0.5952923362000022,cluster_5
307557600243100121,,1492.3124094426576,11667.91650815766,6432.658789472406,11660.111936843849,6425.929864536305,11676.718832067649,6438.466114500584,1.4801000134746114,283,0.3295034389955666,0.9591301238790618,cluster_5
307557600243100126,,426.7011491823095,11748.184724469556,6432.115624812882,11742.769661525936,6428.562973693232,11754.892857093142,6434.508130984846,2.230725603827461,207,0.760523064927714,0.7904810669953564,cluster_5
307557600243100128,,1672.6850344408338,11579.284512547558,6437.960449783296,11570.92665607182,6430.17664050837,11585.330588237612,6447.387752217564,1.4030579663347853,189,0.3381124857426912,0.8853191187531326,cluster_5
307557600243100130,,1037.1967958409284,11740.259618412236,6435.9746203114855,11733.779926994986,6429.577641917353,11746.503540998388,6442.056913054517,1.4754627857207154,358,0.4077553901851902,0.9306936854086642,cluster_5
307557600243100131,,841.854254231893,11559.931669477535,6438.332721347224,11555.6536682634,6431.668096226838,11564.00319686804,6444.712828500029,1.6273500308944142,153,0.4281309641640254,0.984753381369228,cluster_5
307557600243100132,,948.2023418252144,11683.7978862054,6435.928529980245,11676.35659996364,6431.652564053275,11691.675984167665,6440.529227416688,2.195884323430802,183,0.4536117226961535,0.9413969040773124,cluster_5
307557600243100136,,414.84502711276014,11701.04286815344,6436.957110782852,11696.727640974364,6433.913998417811,11705.218695882671,6439.8538173528505,1.430043317244983,109,0.5856414033550942,1.0000000000000002,cluster_5
307557600243100138,,468.1930127980981,11782.0941267797,6441.311500404182,11778.624745808793,6434.483977472917,11786.5413927072,6445.400246913865,1.4198061787504703,44,0.6373150758809211,0.6973950704552616,cluster_5
307557600243100140,,668.5063257571694,11639.64047052622,6441.055793798498,11634.855884032657,6435.53495053161,11644.0013996794,6446.649987447348,1.5941912064184058,206,0.498924961817296,0.9491111577911612,cluster_5
307557600243100141,,702.4754989640358,11713.851845937925,6441.173585388046,11707.790954209362,6436.203957959049,11720.399331193068,6445.68563957998,1.9762081530369289,146,0.5060765320315701,0.9719106059657106,cluster_5
307557600243100142,,832.6531261987418,11765.615823234635,6441.444436416243,11758.426757453552,6436.595772231388,11771.237621870165,6446.21912661796,1.202164479896541,283,0.4648890795293209,0.9040085602065588,cluster_5
307557600243100143,,979.4464812929612,11679.994239985488,6442.657501562162,11672.647614795394,6437.334455264004,11687.352883632586,6448.6652964614495,1.6342143418006108,159,0.4741146850842638,0.7929012393301219,cluster_5
307557600243100154,,193.58152153286483,11636.568137184338,6444.922493476552,11633.543246861782,6442.066904005507,11639.72137448692,6447.757145397563,2.158048955299687,73,0.9584100859683616,1.0,cluster_5
307557600243100155,,537.096685062598,11723.214193037593,6447.447491709275,11719.141017494638,6441.804763164995,11726.777149910637,6452.92530503655,2.036005292822092,172,0.5766666112347033,0.9430757825336976,cluster_5
307557600243100156,,2391.263262227093,11597.237097366406,6454.643492253164,11590.577014888324,6442.490476545626,11603.583948010995,6466.797034769008,1.836157127075268,345,0.2792323166120523,0.9438765770426154,cluster_5
307557600243100157,,925.3524163786594,11564.664620413134,6452.498823899654,11558.807850616571,6445.285865889744,11570.46546017843,6458.121880489392,1.70827125963538,129,0.4401682682715303,0.9196253256114832,cluster_5
307557600243100158,,481.93038255135264,11716.080005358875,6447.5797557301175,11709.12212681262,6443.984064110193,11721.546446631884,6451.943231147354,2.789062773686815,83,0.7001110615274511,0.886607707941976,cluster_5
307557600243100160,,819.4951017095515,11638.208123830946,6451.57901691545,11631.686946748234,6445.814125479981,11644.70869535154,6457.0252939105085,2.471824235644802,290,0.4773515468879501,0.9732982934563504,cluster_5
307557600243100165,,2970.5506220391403,11753.71798634379,6466.949217099604,11744.208693235018,6447.110892631894,11762.920160287324,6483.006888221185,2.914356922532957,1162,0.3402456656721888,0.7871537504492158,cluster_5
307557600243100166,,476.8707037051654,11682.698498875325,6450.765460872151,11678.81668155386,6447.305590198626,11686.73638264331,6454.3061661181055,1.174262926898672,96,0.5485182933482746,0.99225509347574,cluster_5
307557600243100167,,1652.564050013108,11770.405223349198,6457.125212050459,11762.697520142025,6449.357527648913,11779.664771318054,6468.143173189383,1.9586610282696189,569,0.4287488636571086,0.7745892403665331,cluster_5
307557600243100168,,1173.8560582984476,11762.828789462686,6459.529243435507,11756.49136252474,6449.579488154884,11770.048192715718,6468.573319152984,3.024391401846501,297,0.4627598969977135,0.9117325646117196,cluster_5
307557600243100169,,736.9117751677046,11756.625995584978,6459.278638551455,11752.347007129192,6452.228267300785,11761.535250727396,6465.85899528398,2.282223511652033,204,0.5013086298135895,0.9594181757419092,cluster_5
307557600243100170,,922.9798859170554,11716.307533922738,6457.902089724243,11707.592724875854,6451.992893252007,11724.449697525662,6463.778243585424,3.002557385279798,164,0.5008072866111873,0.9287812658961484,cluster_5
307557600243100174,,711.2567988790468,11705.801093168366,6460.235120428451,11701.0396860773,6453.361028345395,11711.209933996168,6465.867920932111,2.174765908596153,116,0.5235469349932712,0.9009671650014746,cluster_5
307557600243100179,,1718.1263376912543,11572.275644335445,6464.07678971212,11563.533780566304,6456.555961340437,11581.15493747637,6471.970524223343,1.2736368796838315,309,0.3176960194768918,0.9479776463865628,cluster_5
307557600243100180,,881.2419398646883,11621.1293156961,6461.782332538182,11614.00721599929,6456.15608284775,11628.957858272051,6467.366345026991,2.7801757639459,274,0.477656278401751,0.978983767739564,cluster_5
307557600243100181,,1228.095294734012,11696.366405443989,6464.676638649247,11690.57726044637,6456.94215236214,11702.751677861996,6472.271324818742,1.0884171467613093,294,0.3734986333768679,0.9281840467243356,cluster_5
307557600243100182,,830.2473519863331,11717.890487937731,6467.261760665939,11710.729509281577,6461.61725719445,11723.571531526011,6472.679034921613,1.846986439758544,206,0.488890533094505,0.9168025902651564,cluster_5
307557600243100183,,1093.4467835292387,11677.58913569449,6465.324638344254,11669.142006263117,6459.660240542567,11685.17496819315,6471.513800833285,1.6493082106011394,211,0.4244546496672643,0.8899307017336218,cluster_5
307557600243100187,,423.979806568719,11661.944866181566,6464.163082159045,11657.208458412066,6460.528937937476,11666.118365295151,6468.692174527485,1.777975522475958,46,0.6734432615200071,0.9135079322516868,cluster_5
307557600243100190,,716.5824186092965,11618.304137295116,6468.591078267999,11613.26405821107,6462.425404306357,11625.061113324116,6474.739990170655,1.511741666651704,289,0.5972978266743566,0.7923165618715025,cluster_5
307557600243100192,,449.0655426757721,11774.078674265687,6467.05669045869,11770.198456811431,6463.714088719304,11778.694699027945,6471.951898324563,1.3737595322791507,105,0.6201164949869903,0.9330632904089816,cluster_1
307557600243100195,,446.71342367079495,11703.949329888264,6471.118583776194,11700.509881221626,6466.120200308521,11707.014488721015,6475.377111751355,1.46522035846909,156,0.5842236283723702,1.0,cluster_5
307557600243100198,,992.9991262482628,11778.928980299404,6473.243612855841,11773.510664622445,6466.980879871043,11783.93595870954,6490.82248185044,2.288929252985004,185,0.5122869867171728,0.5409176294862394,cluster_4
307557600243100199,,495.69931231487953,11769.85624974534,6472.352014257739,11766.25064990815,6467.285982657467,11773.632339765492,6477.426934503015,1.7598288342476134,162,0.5945571799945198,0.9415497231169766,cluster_5
307557600243100200,,528.5984426015688,11642.66789386561,6473.161711511121,11637.09826604645,6468.601863686527,11648.247542017769,6477.845270683893,2.613501158750404,164,0.6250403652993318,0.9381281085723564,cluster_5
307557600243100201,,880.3285852558321,11768.252890843896,6480.684032407219,11762.326069358383,6473.509982515503,11773.085805433004,6487.353158738861,1.875121204735659,305,0.5224320445999941,0.8566347526859966,cluster_5
307557600243100207,,645.5505422767144,11627.484273612386,6475.334965682153,11622.930947047873,6470.531430490259,11632.228261383309,6480.222557435984,1.2008494810550698,127,0.4946165161312202,0.957743228965054,cluster_5
307557600243100208,,326.4494570155508,11617.54279370366,6473.850173977007,11613.696207151228,6469.824085074941,11621.85883597584,6477.377395242391,1.2663232855807889,124,0.8082094292408807,0.8176147408590587,cluster_5
307557600243100210,,846.3840364824066,11699.75747978805,6476.987290608566,11693.569314872377,6471.796257079586,11705.712414741209,6482.951986244241,1.916587325777888,203,0.4519661229411394,0.991816095608618,cluster_5
307557600243100214,,1824.097154733823,11698.432939582286,6484.18386908638,11689.61758525434,6474.095404803828,11709.300574036366,6491.708684223884,2.21332132202584,376,0.3471750771477229,0.8577364151032525,cluster_5
307557600243100215,,129.3740890640217,11618.401994831876,6479.107433838283,11616.446108308106,6476.843871089078,11620.57986912372,6481.160596921011,1.589783188117327,58,1.0831306657212938,1.0,cluster_5
307557600243100217,,420.47576743348657,11608.9690309436,6478.444019785019,11603.862712294344,6474.716961481152,11613.89210308917,6482.529136477007,2.480109705561519,170,0.6802703432068906,0.9487481175722348,cluster_5
307557600243100221,,1907.757583340137,11739.509010511149,6488.782281881554,11732.161398908363,6475.816721086814,11744.99252204954,6506.872023590983,3.401407090317332,396,0.4069381822146106,0.7753881079296382,cluster_5
307557600243100222,,281.6599903064568,11598.837286948652,6479.054293018985,11595.76007742481,6476.03995172547,11601.699729295213,6482.277313466744,1.262014395311447,77,0.7076319466778466,1.0,cluster_5
307557600243100226,,294.2346978031446,11725.541503683196,6480.809229850348,11721.57794421256,6478.092274456794,11728.793873821309,6484.0910197723615,1.572081815594517,72,0.7331590085107335,1.0,cluster_5
307557600243100237,,1044.1320507638331,11648.503304816692,6492.365303543103,11642.178945109865,6485.359657676043,11654.401486525225,6499.144009995332,1.8962460364600129,232,0.4085868291065057,0.9436409155086768,cluster_5
307557600243100238,,874.2069392141057,11628.659739870896,6492.944454195318,11622.381022179514,6485.923762934146,11635.829527963786,6498.606214632031,2.1965390993367824,166,0.4886432404469639,0.9157570557020772,cluster_5
307557600243100242,,1051.2390222624792,11748.689944356953,6494.449135419445,11742.103136133108,6487.079941225156,11757.170805862024,6505.243364128193,2.824256435738845,161,0.5179478619701712,0.7848383099066272,cluster_5
307557600243100244,,1015.4895575215048,11693.940624655395,6493.107901042292,11686.97177121886,6488.135583011368,11701.710886977724,6498.01629354238,2.0426386680594697,246,0.42143264295414,0.9536804928466652,cluster_5
307557600243100245,,738.4611717579895,11608.921550466372,6494.291043156665,11602.748102101785,6488.340678663962,11615.461903261368,6500.399623805329,2.333330501584057,186,0.545936133083098,0.8834091470517738,cluster_5
307557600243100246,,664.6040194953067,11622.22876137702,6496.308320745679,11617.798602273591,6489.432013140204,11626.522863207054,6502.374226776254,2.289839591350222,191,0.5382557468650649,0.9758419749255952,cluster_5
307557600243100255,,485.18324770056864,11659.129280633351,6497.307767057108,11655.052724228295,6493.641959527749,11663.221426421209,6502.292361598245,1.099330567172495,150,0.5757318487276192,0.9639966103724674,cluster_5
307557600243100257,,839.0226215146612,11692.9186415133,6499.812099758513,11686.732028396742,6494.661462231889,11700.396932435597,6508.533887354226,1.3604655329225246,181,0.6806473475202183,0.678404550002402,cluster_5
307557600243200001,,1924.89190754568,11510.51969861218,6238.2730662717295,11502.94635439943,6222.745161996963,11517.20348385939,6257.01980173956,4.45843025323923,509,0.4380780121296709,0.7793720930653399,cluster_5
307557600243200010,,965.1246928483288,11524.996358433811,6303.238135668443,11520.318784997102,6295.61274245289,11530.511338249671,6309.825781029449,1.9224636734159428,113,0.4245595454449279,0.958272027740546,cluster_5
307557600243200012,,953.2558560864152,11527.774407697403,6316.688173337293,11522.076306022976,6309.940274238928,11532.296536452388,6324.116784280259,1.769891077411916,353,0.4343018770318408,0.8931008368131533,cluster_5
307557600243200015,,212.5023114389793,11534.11846919678,6341.521262568146,11531.024031397512,6338.547976364176,11537.390982101482,6344.9524334761245,1.749270933473958,77,1.0008326481680536,0.815147573011968,cluster_5
307557600243200019,,680.6650984233219,11537.858737744957,6355.062275988088,11533.882498079693,6349.913481694224,11541.95758288341,6360.234408934354,1.2606801566669117,201,0.4871850067488937,0.946837500900432,cluster_5
307557600243200020,,2811.308071767511,11623.595275402186,6358.848950635737,11612.500454976858,6350.763029828833,11635.337354410654,6366.329349842627,1.5006913263393509,286,0.2462929460038961,0.9240361252466694,cluster_5
307557600243200022,,459.5899018187016,11601.114996999244,6358.994960360987,11597.593388759577,6355.616385183204,11605.64130277525,6362.763296848694,1.174318340298646,56,0.5931636838669457,0.9486042557672978,cluster_0
307557600243200027,,924.2846947946618,11601.483223274894,6365.464811486293,11595.205551158291,6359.131014253909,11608.775395997902,6370.642598493509,1.2335584355825615,247,0.5023419002015372,0.8097835565784214,cluster_1
307557600243200029,,1277.7704790776993,11629.863105017952,6369.506512289644,11621.87568152963,6362.949365918008,11637.705399662358,6375.085741253898,1.6069305122585753,391,0.3863410312320718,0.9151653244995844,cluster_1
307557600243200035,,720.2779151522841,11617.828983286712,6375.457434378232,11612.91974960027,6370.557226042371,11624.202840569307,6380.671621418279,1.2933950128283276,117,0.4951608280481135,0.9173096416549796,cluster_0
307557600243200038,,1721.838670611799,11656.090822280892,6380.148652541766,11647.149537248137,6373.981428189041,11666.683828941184,6386.713834400058,1.48355959854855,632,0.3075431207774149,0.9667511819441488,cluster_1
307557600243200042,,1451.9468461457657,11635.40114603065,6382.083322522592,11624.619673146852,6377.065046810771,11646.62198070167,6387.674850097163,2.10706633291843,207,0.3953760211331651,0.8451299769231908,cluster_5
307557600243200043,,966.1993394997168,11668.422849458657,6383.650453094665,11661.5403040054,6377.780243103222,11675.022083105718,6389.617140047383,1.0442124553182446,327,0.4282244083608199,0.914683542049292,cluster_5
307557600243200044,,1073.09522565992,11680.30231118876,6383.762440288662,11673.9983201809,6376.85579794771,11687.33522486996,6389.541371640628,1.7663927495682146,440,0.4184498723651489,0.8927546833597213,cluster_5
307557600243200046,,1076.6242630328636,11598.67336034235,6391.520841579666,11593.44770003226,6382.448379415747,11604.245535110496,6397.876101543643,1.2117217535913931,174,0.4180096534249453,0.8908841897258752,cluster_5
307557600243200047,,1100.9242561621222,11618.075709236718,6386.495656962941,11611.782667248364,6381.751588497376,11625.454521305845,6392.868109958005,1.2437787607539834,162,0.3939297692369279,0.9296693217997288,cluster_5
307557600243200049,,2047.5636819378008,11692.564910863002,6391.593617552025,11683.18594497615,6381.676024695342,11700.574354547764,6399.745820592125,1.0858001652519207,802,0.329169327639571,0.8850810116879623,cluster_5
307557600243200050,,677.9918815492788,11659.47626047138,6389.752025279023,11654.506181680685,6385.356697984589,11665.286573304817,6394.453981904545,1.3625899503301035,205,0.4696832583808494,0.9889194120794398,cluster_5
307557600243200051,,1276.993592326915,11576.95600738426,6390.675532547262,11567.640766400447,6385.881298086922,11586.084292489344,6396.606137915154,1.696267373362439,248,0.3757842537511568,0.9286326884362958,cluster_5
307557600243200055,,519.1665937798048,11636.011489858252,6392.578726004067,11629.885798866206,6388.59790796323,11641.312061367093,6397.003710127224,2.1088621665882825,138,0.6118071562505242,0.9227390565285392,cluster_5
307557600243200057,,2075.617835093636,11721.554601623273,6396.842236017636,11712.307402207094,6389.311358051064,11729.503290402225,6405.576818359363,1.170886462086628,377,0.2804551291138824,0.952630916766612,cluster_5
307557600243200058,,776.3524654814416,11568.450315957469,6397.592685523517,11562.664522930278,6390.90030812503,11573.21310073888,6403.65219095947,1.262093778082816,185,0.499518283018857,0.862044713217225,cluster_5
307557600243200060,,942.4923164518992,11551.411678689135,6399.731488058059,11546.154914821602,6391.174301534873,11555.619265168953,6412.475038531969,3.1532521496697195,201,0.6253526902269754,0.7264441898648287,cluster_5
307557600243200064,,690.2198152536032,11614.004738428515,6404.230727211553,11609.039614248384,6397.142446713943,11617.949798478368,6409.175915748671,1.7245600745577143,33,0.519009796727076,0.913450026137244,cluster_5
307557600243200065,,2099.7691657669725,11583.67325237475,6408.207002647264,11572.783747351968,6398.591350987342,11596.03673405838,6417.922863143341,1.8395990361975167,280,0.3539624156311142,0.8012032832169598,cluster_5
307557600243200066,,863.818648133544,11703.73713512749,6403.548540507277,11695.972516759475,6398.0494121582415,11711.530119638115,6410.319699289871,1.74989450071074,260,0.5518732536448611,0.7641800728166336,cluster_5
307557600243200069,,639.5798988498265,11695.8742965608,6405.017439739007,11689.858310888712,6401.749984310203,11702.548125866895,6408.350225357804,1.9281639412686868,43,0.5193185610034906,0.964816874334992,cluster_5
307557600243200070,,1056.3217344751115,11561.35432241803,6409.473626366148,11556.220747743326,6402.073052137775,11566.670592834547,6416.4257713349925,1.3685908741508872,137,0.3857425810694193,0.9744697352149634,cluster_5
307557600243200074,,945.6184876056044,11709.413505816266,6412.38086646476,11703.948427185736,6407.199641398278,11715.500780455284,6417.174508691792,1.152005693530184,144,0.3838919310790382,0.9980733940376296,cluster_5
307557600243200075,,1159.365819929434,11618.369097808349,6413.186095392629,11610.282563343942,6408.230392429107,11625.008924838176,6419.010452726258,1.337521926634721,185,0.3902229060253625,0.9286886098374706,cluster_5
307557600243200077,,1962.0001697976568,11660.28255212575,6419.533691571042,11645.321810348036,6411.27149047264,11674.35106535006,6429.011967936843,3.602982872382926,409,0.3961681039179963,0.8971947992847641,cluster_5
307557600243200078,,1143.6400508373667,11726.867982292411,6418.960122389602,11719.809055926436,6411.584514569455,11733.7313261511,6426.339752597149,1.5866051368538334,340,0.3955220416171767,0.9136315782402408,cluster_5
307557600243200083,,1284.504698843486,11696.931798462309,6420.670170318428,11688.693690361084,6415.331931956058,11704.424140113277,6426.030238740395,1.6266553738499316,168,0.36108119434737,0.955127282387201,cluster_5
307557600243200085,,921.703733619579,11684.918642543313,6421.952355147702,11677.725588671005,6416.524378538337,11691.16735005819,6428.005180026683,1.6035455910218592,190,0.4404098862270752,0.9489925132679032,cluster_5
307557600243200088,,959.7438683165448,11632.947192859092,6424.655322481545,11626.910255568151,6420.259559168904,11640.594913357305,6429.961096793833,1.7212268299328302,222,0.4221552776229945,0.9621703084536468,cluster_5
307557600243200089,,2236.49947735152,11770.15594002428,6431.420239299995,11758.892072723467,6420.728060026306,11778.846664927209,6443.643508221543,1.9576829357444068,383,0.3302471339361357,0.817230911382369,cluster_5
307557600243200094,,793.6259627035355,11590.293344204889,6427.339867550118,11584.73137608798,6422.461936501005,11595.70626301394,6432.374253741615,1.1756976176371758,130,0.4378954852847649,0.9606541390740676,cluster_5
307557600243200096,,600.4819818346948,11699.57510935805,6429.341067181153,11694.902350482038,6425.033206179425,11703.78145954523,6434.189030255827,1.0161473446067673,128,0.5187728972860249,0.9571815316376776,cluster_5
307557600243200097,,926.7562175068948,11692.26248609165,6431.794247096208,11686.75605409472,6425.946309645726,11698.092683852648,6437.362270567105,1.4247882608615745,133,0.400071122638113,0.9927364050162648,cluster_5
307557600243200099,,543.920551331491,11706.829294683444,6431.080778181714,11702.936673454024,6426.704053676827,11710.955001497618,6435.617412945991,1.183820206333316,160,0.5130804129901105,0.9941195076736116,cluster_5
307557600243200100,,745.3574020521503,11641.609315866996,6434.556582437102,11631.299114542117,6427.607041891915,11647.97657684916,6447.019900416866,2.795615932873772,148,0.9649089322127936,0.5095833208222522,cluster_5
307557600243200102,,842.7450794756102,11760.176661449925,6433.31505976899,11754.08224584182,6426.678493988214,11766.65288692618,6442.951641611719,2.016001307550704,230,0.5154115294214857,0.7594213706629575,cluster_5
307557600243200105,,983.7807012136302,11717.241923125226,6436.323840569143,11709.2878304321,6430.1561423161,11724.935389847802,6443.297564030461,2.355840788263051,253,0.4739331103843081,0.9166901542247208,cluster_5
307557600243200106,,1140.0683818810137,11754.58065019993,6441.166398719061,11745.537696905933,6430.6503640645,11761.957260480443,6449.688266118552,2.2101966073617483,428,0.5430963711979672,0.6964619741684733,cluster_5
307557600243200107,,1588.257347591112,11610.80103777046,6441.62953975516,11602.698540788346,6433.828699867445,11619.050991376424,6448.52655755334,1.5112809887423906,214,0.3185196834453942,0.9499689337470966,cluster_5
307557600243200108,,842.4800669293,11554.588237685412,6440.942230591325,11547.865077814393,6432.687936636978,11561.53470337374,6450.219481963273,3.4336867131987425,233,0.5824200187696379,0.8246412671296097,cluster_5
307557600243200111,,490.1389439846326,11706.62832187967,6442.00181559727,11703.43635930576,6435.293113510727,11710.263021133513,6446.975103573328,1.8660751011443155,132,0.6435079124699336,0.893861551859478,cluster_5
307557600243200112,,203.0397689937996,11693.700931745336,6438.7785236033815,11690.515038522894,6436.502327051199,11697.062565653763,6441.358148759768,1.5816276491306325,56,0.9085497534062946,0.969354242582337,cluster_5
307557600243200113,,602.4011933232944,11670.891367807704,6441.837238804058,11665.059321616158,6437.268995949175,11677.832002980796,6447.440067279495,2.648582034524213,102,0.6200363927754725,0.9170593708260424,cluster_5
307557600243200118,,621.0555116406559,11663.352493193914,6443.117953667789,11658.82607135312,6438.46947064379,11669.116325206844,6448.9178600804535,1.0885025189426067,119,0.59529247420302,0.7957249448034688,cluster_5
307557600243200119,,622.6835121158583,11749.534421982911,6443.251523001082,11744.990478749602,6438.214931433272,11754.635165282923,6447.715548355134,1.6822418311040912,143,0.5030207899900816,0.9968847705264532,cluster_5
307557600243200120,,1101.2613489061252,11653.65344643264,6444.267570137658,11646.201376087676,6438.799684962724,11660.353573178723,6449.673895268823,1.688852425418264,305,0.379027507899229,0.9783033650250548,cluster_5
307557600243200121,,417.663721517505,11688.614735642745,6443.514919293309,11684.501259680632,6440.022061391444,11692.51747990459,6447.144440996256,1.3613529246290734,101,0.6015810061375398,1.0,cluster_5
307557600243200122,,165.76040684400837,11778.43552739901,6444.844664361687,11775.737454651276,6442.60969461228,11780.63674649439,6447.437389657238,1.436950858369114,32,0.9511165931396848,1.0000000000000002,cluster_5
307557600243200123,,386.38922678817823,11776.644188190072,6447.209827792053,11771.874771342782,6442.398145075945,11782.108162030578,6450.970981765991,2.5349990738104,59,0.7992570990127569,0.8101012553933563,cluster_5
307557600243200124,,571.0925410846228,11674.25610724602,6449.002352600617,11668.018176759644,6443.839889452919,11679.27120206768,6454.679823740496,2.303906707642265,95,0.6295285000985823,0.8798154624992285,cluster_5
307557600243200128,,1758.713602726076,11581.765973402811,6454.141860816024,11572.392645040223,6444.6458660346725,11589.739313808132,6462.525503510089,1.5385171708136245,169,0.3220593147372903,0.9412567701265964,cluster_5
307557600243200131,,474.7341604671928,11711.878725347156,6449.857184744944,11706.638354897374,6446.404840289331,11717.783720331372,6453.062419286123,2.2262987892588013,83,0.6184512589584598,0.966827759693627,cluster_5
307557600243200132,,676.3314022428484,11722.822541672544,6455.212760976612,11716.46964701323,6447.971992439925,11728.07412330092,6460.99813509142,1.055116791517423,169,0.7098089040624745,0.7027584587307972,cluster_5
307557600243200133,,214.2597897201248,11750.706751844247,6449.244695858273,11747.416765576108,6447.097219286681,11753.90967773613,6451.510965305541,1.609645385584745,36,0.8455601307033821,1.0,cluster_5
307557600243200134,,272.1986417023119,11629.732890148289,6450.329710123778,11626.348634848897,6446.893982255536,11632.80060233252,6453.680712050388,1.562731566684568,89,0.7726516001177979,0.9691218571699132,cluster_5
307557600243200138,,313.0275508571126,11671.589033700731,6451.9233541552585,11667.094983683324,6447.9151078456725,11675.9397332995,6454.94752177125,2.102311707741128,46,0.8148177117428076,0.9356955388149936,cluster_5
307557600243200139,,445.5037215512855,11693.267366828415,6452.437294490011,11689.821279753482,6448.295561602683,11696.684631295611,6457.365667478622,1.5770051914207692,185,0.5958704188951803,0.9717171128993568,cluster_5
307557600243200141,,907.5570649891778,11669.66461465416,6456.366921007647,11662.293731577172,6450.809246261979,11677.353644550703,6460.592354864712,2.2554293929814286,132,0.4653211040633808,0.95696272694417,cluster_5
307557600243200146,,942.6757367273042,11661.25546240208,6457.389944452681,11654.934975446457,6450.757073973373,11669.107448950905,6464.036333513122,2.20243250099467,208,0.482143041879805,0.880021481117253,cluster_5
307557600243200148,,699.4209293292671,11729.434827451723,6459.818801911663,11726.314204084794,6452.7006944377645,11732.593387875626,6466.797034768617,2.2887367487488746,236,0.5075153526727996,0.9827426826464518,cluster_5
307557600243200151,,433.84342549115513,11710.40011997124,6458.722172717725,11705.652726074044,6453.804938453021,11715.422096762388,6463.118497662559,2.830082667243061,79,0.6890033621011983,0.9739528895445794,cluster_5
307557600243200153,,1454.3378438613122,11651.68173627042,6461.530290466796,11641.294848139569,6453.617148631249,11662.596001252685,6471.187533557534,2.5476365072890146,347,0.4508879875965962,0.7550968201576179,cluster_5
307557600243200155,,1973.378579487451,11608.055200562028,6465.655683127819,11600.33122771632,6454.649366336493,11614.12041360409,6474.961084003813,1.7044511193081886,540,0.2957151209427383,0.9522660243848404,cluster_5
307557600243200157,,360.861386613357,11681.511579526645,6458.900756064346,11677.40981335796,6455.837330123501,11686.147648477545,6462.163827914979,1.6652712661032538,84,0.6861685762364147,0.947733716375983,cluster_5
307557600243200165,,190.2193926033848,11701.787425174636,6462.339622957617,11699.28312834854,6458.66047890781,11704.244177522432,6465.884684499502,3.0476906838336832,37,1.0190260774458857,1.0,cluster_5
307557600243200168,,489.9633695095911,11625.894622004622,6468.102961059699,11618.761665058872,6461.622465453992,11631.306706420191,6472.201079732015,1.7117153357419057,137,0.9039217516982296,0.5797247178446227,cluster_5
307557600243200172,,538.5886958932832,11634.2608098668,6466.436288714916,11629.501330141073,6462.33731590701,11638.285960954056,6471.381233558693,1.6561522045925905,144,0.5536648671863164,0.9728962511407608,cluster_5
307557600243200173,,1215.322009566029,11645.938548900229,6468.341738856353,11637.157794175886,6461.67677485445,11660.079178860198,6475.319899091155,2.8905176592336943,277,0.558250042742257,0.6909823071904637,cluster_5
307557600243200175,,360.4293929004958,11670.007419206097,6466.208499256908,11665.096446247708,6462.912590373258,11674.09053926031,6469.784112911337,1.990145534251224,55,0.7113857988551906,0.941329522400461,cluster_5
307557600243200177,,735.6326148753892,11710.93226391806,6469.741399972428,11704.41450562026,6464.880191747554,11717.109588564444,6474.622209208781,1.7831931680265207,145,0.5186255547533687,0.895983960556577,cluster_5
307557600243200179,,509.2711748958393,11690.547454641734,6470.44696759616,11686.785069328493,6465.929163883654,11694.943183705043,6474.190273966598,1.0542139023742767,167,0.5349394150392953,1.0,cluster_5
307557600243200181,,653.5288065606562,11664.436757914951,6473.379253925355,11659.470859602705,6467.7472341883295,11668.543400937568,6478.623633997317,1.5494580465791483,111,0.5079842860092768,0.9410311574963812,cluster_5
307557600243200187,,287.74313753306205,11764.63169471623,6472.334109535907,11762.288218475109,6468.233148782427,11766.800079604152,6476.833588612619,1.9440040646261745,134,0.7762823974385605,0.9634261192854676,cluster_5
307557600243200189,,1043.645583856623,11587.946235216004,6476.140250880034,11583.95732731095,6468.480567452767,11592.405727849453,6483.957850341607,1.861823301366209,126,0.4146362932986577,0.9324389569185034,cluster_5
307557600243200190,,812.2681113251056,11580.229569557096,6474.078631389936,11573.084477764249,6468.7420908592285,11585.52620683668,6480.224975617348,1.0436725157829414,136,0.494246322131485,0.8851897315871319,cluster_5
307557600243200194,,1173.6977090993562,11674.922263105793,6475.706588809865,11668.569802057327,6469.776527947685,11682.18639846085,6483.451005210214,1.0543426800120048,270,0.4105052279244551,0.8495407873129674,cluster_5
307557600243200196,,623.0296424481336,11635.722459800296,6476.692727060074,11630.78577223626,6471.2876665994045,11641.454055861024,6482.728235392682,2.150755811839227,124,0.5794141867518497,0.9069583022605296,cluster_5
307557600243200198,,497.091468064453,11729.710991161368,6479.381438815645,11726.67937439265,6471.760595560096,11732.262063502978,6487.893191354868,3.789640360720028,121,0.8035375609946113,0.7992938221712343,cluster_5
307557600243200200,,540.2184900125641,11712.483060015697,6476.703937923616,11706.987907319804,6472.260066948627,11717.376572236346,6481.432549898123,2.244369865115309,109,0.5807381153186463,0.9883090060978802,cluster_5
307557600243200202,,854.2738092309868,11710.064644678248,6481.397955095153,11702.891519503575,6474.855770150536,11716.975610351634,6486.500772666065,2.374385700853621,174,0.4977600068514208,0.9061996139150572,cluster_5
307557600243200204,,902.2829908122228,11645.001594747388,6480.960634820016,11638.202028699268,6474.121419452641,11651.026427091469,6487.422650814595,2.2176823703522763,190,0.4752737639083713,0.9446434029264384,cluster_5
307557600243200206,,1209.7894876434823,11656.039148775702,6479.17070935004,11648.250559453185,6473.987884792019,11664.745285198838,6484.024470887959,1.9362232644475568,222,0.3704985873198852,0.9943185364184454,cluster_5
307557600243200207,,1419.0581612860267,11684.69874633796,6482.401795860352,11679.195934345858,6474.938522427028,11691.23408610205,6489.316309575539,1.2025937071320905,346,0.3186665724786554,0.9856853827812768,cluster_5
307557600243200211,,1145.4501377159415,11777.65620452452,6484.608191065599,11772.332197831172,6476.9038276199935,11784.180595359969,6490.848056012903,1.3304423800099732,304,0.3891141654383956,0.9484906147195524,cluster_5
307557600243200213,,1423.9945922529546,11630.881583102806,6486.819653967302,11621.663562725877,6477.56388115377,11641.323482227384,6497.006370469847,3.264696421882546,282,0.4529811761085086,0.8491396007989118,cluster_5
307557600243200214,,666.345977304931,11636.86232441984,6483.799679163566,11630.751035870886,6478.298207594964,11642.706123968434,6488.326963704443,1.9487255895632485,117,0.545832313786553,0.9289294470642958,cluster_5
307557600243200215,,1590.8743096336395,11594.036572336376,6486.638048221225,11583.670541018904,6478.110486641892,11602.071986625582,6495.760005091756,1.172670682383473,432,0.4274687511347103,0.7345771304647205,cluster_5
307557600243200217,,952.9987048444248,11669.687940382746,6485.629927111587,11663.955268279977,6480.568576234846,11674.807763883107,6491.767857682127,1.0346204701327415,215,0.406231937487524,0.954209187987558,cluster_5
307557600243200219,,838.9297110242888,11618.687320733954,6485.661441882088,11613.36169223317,6480.668559644171,11624.82636561065,6491.557186689501,1.4129600000490623,254,0.4501836165991272,0.9376951536655524,cluster_5
307557600243200221,,1621.8991147464935,11763.292398952002,6489.717633989668,11755.358637293532,6482.541560045811,11770.590754876002,6497.084450041171,1.4907342197481093,520,0.3188549516389968,0.9598048511624886,cluster_5
307557600243200222,,510.0725200161144,11610.25983661258,6487.530865150291,11605.298198491972,6482.845112898714,11613.882390336425,6491.704803228182,1.2022983697972855,196,0.5502980082702978,0.9839789806447128,cluster_5
307557600243200223,,1230.582923320688,11658.921340941772,6489.123982517862,11652.08059823854,6483.817102419844,11667.159009032595,6494.705457548473,1.3175725279071464,274,0.3566158748345045,0.9757450096780752,cluster_5
307557600243200228,,842.1956626388564,11716.03287651518,6490.375124161893,11708.725997434412,6486.456358023659,11722.667990912129,6494.989452405102,2.082581999607967,227,0.4697298101416028,0.934755347975796,cluster_5
307557600243200231,,539.5773532002278,11641.619864139457,6492.520601298921,11635.928109082795,6488.128345788531,11646.399272875236,6498.374521988079,2.295021754507066,123,0.6284396843120269,0.9031205958622784,cluster_5
307557600243200233,,636.0978397450131,11616.392051026383,6495.094569893705,11611.81223400743,6488.999458905885,11620.358418812692,6501.627934277257,2.085848093720361,120,0.5500193755895627,0.9157460547813918,cluster_5
307557600243200235,,731.9023976042813,11682.424587895088,6494.64802149852,11676.783669139462,6490.091832308332,11687.377981537073,6499.3527661883145,1.2070696541709955,231,0.4441473047581422,0.9879172267015208,cluster_5
307557600243200236,,504.2299949307321,11598.56870591448,6495.632777037478,11595.20137174982,6490.604126833981,11601.58994258907,6500.11598036652,1.5461162210495387,170,0.5494154156564101,0.9937270437228478,cluster_5
307557600243200238,,765.1724259943976,11710.985387886742,6494.872736846098,11703.73608767988,6490.660019444311,11717.849803150784,6499.096260621478,2.3648045975567578,177,0.4883438675928553,0.9611760069965924,cluster_5
307557600243200242,,459.27952375078655,11708.326871564768,6498.903974003954,11701.872822610503,6494.621329530142,11714.119762152735,6503.083928626701,3.3332582174002243,104,0.7349294990093101,0.8890395058193874,cluster_5
307557600243200244,,863.719756124264,11606.944534187776,6500.681968258213,11601.256792130927,6494.918204569781,11612.758114275568,6507.546438433561,1.4820786207803351,274,0.4670157442735459,0.897822651313162,cluster_5
307557600243200248,,627.1884130206323,11705.929107234875,6502.316116554328,11699.91797321546,6497.501410003357,11712.5657719408,6506.637159002385,2.6396992003447184,121,0.5624780923816245,0.9574271228709318,cluster_5
307557600243300095,,310.8953721536807,11665.26644053926,6448.66632165268,11661.639200002885,6446.032627016308,11669.061220369924,6451.601866233603,1.5069341729332282,50,0.6933227626480994,1.0,cluster_5
307557600243300125,,640.6101683178937,11652.728449983497,6468.3094994323465,11646.491093544824,6463.31113164441,11658.39928274842,6474.285156682309,2.6139536898584046,86,0.5771796468571636,0.902119522741877,cluster_5
307557600244100005,,1279.511027299655,12048.784048737183,6277.802527006401,12042.829788804198,6270.216823915524,12055.156616258677,6284.5399715214535,1.0585471285765309,54,0.3496248152681147,0.9809992824482164,cluster_5
307557600244100006,,733.8549132647806,12044.220452823583,6284.973155070854,12035.170658744544,6280.2667114654,12053.398573830233,6292.691240679864,1.9022588007929448,160,0.7694077950899018,0.5579488881496342,cluster_5
307557600244100010,,644.4454346535208,12036.817354773686,6314.2028638820175,12031.636261196929,6309.725406825359,12040.791681200191,6318.857310961002,1.0036637151258023,39,0.4789135180656281,0.9875143113009452,cluster_5
307557600244100015,,793.7930779960822,12033.276556876372,6342.267236693723,12028.334598906014,6336.305157776271,12038.501048928796,6347.4964487810485,1.0251641025676126,124,0.4402320628432642,0.9746692363697448,cluster_5
307557600244100025,,945.7186263039677,12005.078187496676,6398.468603189576,11997.316656349298,6390.398947633981,12013.062224870317,6405.594328147066,2.9658378051628738,71,0.5246249532715249,0.8501011278054594,cluster_5
307557600244100027,,2435.5531039556763,11925.103732338932,6408.145867179449,11917.160674138207,6397.8794855241,11933.515459625893,6418.429251060521,1.1980806094473784,66,0.2515058640134354,0.9634416950921816,cluster_5
307557600244100030,,1794.434363744033,11986.647035343583,6419.016398898102,11976.759944078169,6407.488772878869,11995.259299552314,6430.547095623095,2.981699246364715,218,0.369261064076435,0.8943451722966561,cluster_5
307557600244100035,,2343.5382513588897,11967.579575226906,6437.256169314948,11957.541836436854,6426.616586996232,11978.032450102784,6449.845135283074,2.020079668590346,277,0.3192396057159911,0.8588928054359901,cluster_5
307557600244100065,,1375.1618459191654,11824.721376596468,6467.409219100162,11815.935811686531,6461.88514576645,11833.894800698505,6475.147398928526,1.948857731588164,216,0.4279374140839466,0.8278140470156434,cluster_5
307557600244100068,,563.9475348092793,11912.06358200712,6466.351793015516,11908.181695524874,6462.216758393999,11917.455129101316,6471.153252152925,1.3694530091155634,46,0.5397246378888165,0.9488153445228832,cluster_5
307557600244100073,,843.994874814424,11886.673645524525,6472.3189958692665,11882.001699505345,6466.212251305678,11891.96827358171,6478.185026157011,1.1659699323232746,32,0.4282994050430883,0.953958400368719,cluster_5
307557600244100076,,1401.658518413319,11908.503898328056,6475.5820776375485,11896.755691968776,6469.776527947685,11920.366137031146,6482.512516977222,3.1374462888729746,335,0.4394538961907023,0.8704568080493318,cluster_5
307557600244100084,,1280.8860745036957,11843.353040868653,6482.962732748996,11836.04257174569,6477.667244974445,11853.02011864091,6487.804355664803,1.621703933723222,226,0.3761281853024861,0.9352689226862052,cluster_5
307557600244100087,,2224.1289553439883,11881.79592202524,6483.40265372821,11870.318940903311,6475.276737547265,11894.913512659648,6494.988745535166,1.2732578438340574,393,0.3489908100849282,0.7267215895585716,cluster_5
307557600244100093,,1583.860812596071,11787.141883901117,6494.457753400348,11777.869842316455,6488.923646825964,11798.621078990967,6500.379822832885,1.819156268811364,210,0.3751714849140586,0.8800062644981799,cluster_5
307557600244200008,,1140.4572399027554,12055.132648300309,6272.547057191062,12048.164344510358,6265.445897737543,12060.4471792106,6280.875040805802,1.689123323984326,32,0.4021051962988867,0.8901582882211087,cluster_5
307557600244200009,,925.0187653942672,12067.619085726366,6275.44859216633,12060.531143756867,6267.409865331358,12076.901951455768,6281.591866771825,2.3216648565411413,69,0.6157106410397554,0.7165887506285592,cluster_5
307557600244200011,,917.4743595675844,12040.17928334521,6292.250593547577,12035.65118117975,6285.957555613312,12045.600841527374,6299.000275549497,1.0685383515008888,307,0.4136171984504783,0.9515683716084772,cluster_5
307557600244200013,,1941.1643871611136,12042.805009291422,6310.4790322692,12036.703271544611,6295.342875348899,12047.081360406934,6326.226949984068,3.1010416648360244,494,0.4001861429791454,0.8182287494924673,cluster_5
307557600244200018,,1128.4133614350685,12041.020951992434,6335.149249151597,12035.24940140064,6324.73646617633,12045.1374056895,6344.59301411965,2.1444228105758527,283,0.4615227130340318,0.8753237864356395,cluster_5
307557600244200024,,1994.507961486695,12030.554199379045,6357.756387399046,12023.321962842783,6345.274535912837,12039.367186927782,6370.176730656371,3.035483680222114,493,0.3387521959924769,0.9529489477094932,cluster_5
307557600244200026,,1184.048044772142,12019.143628813452,6362.943418027381,12015.781020191916,6352.898837049536,12023.407931300562,6372.890076812955,2.662588277255994,59,0.4205681491494166,0.9471033655464718,cluster_5
307557600244200027,,1784.8102003284723,12014.910614403834,6381.064490045466,12007.443137145574,6371.086231658213,12024.483560515608,6392.0778850202505,2.473356488576987,254,0.3638963145225017,0.9006297236043369,cluster_5
307557600244200056,,2109.286927908121,11948.486306563176,6458.074678151322,11935.772801745909,6446.511887546294,11961.615344034592,6467.479914403104,3.356071663964788,404,0.350449156360981,0.9049792424149686,cluster_5
307557600244200063,,1441.4498371284617,11784.08287583578,6459.181032102011,11775.598318902204,6453.360643064412,11793.507068438365,6464.801056880015,1.5974594488621898,333,0.3367457192528702,0.9595750889330844,cluster_1
307557600244200064,,1839.019326351064,11927.67356048312,6465.124587912409,11919.852209619725,6454.415552316157,11938.342952935707,6472.353203929881,1.0150372541328472,275,0.3351008437823614,0.8716630569557996,cluster_5
307557600244200067,,1612.7847107799687,11796.91922080414,6463.4484325429285,11789.652620921608,6455.226728730211,11806.039283398868,6470.823037833991,1.0925098733784295,387,0.3313680686469465,0.8922720040641651,cluster_1
307557600244200075,,1645.0598783388236,11809.021329504769,6468.876791151879,11800.738692286988,6462.432366528836,11816.951733045942,6475.868758233431,1.3135584166887595,412,0.303805167604922,0.9721141357294322,cluster_1
307557600244200076,,3609.420364658904,11848.97184398281,6473.63758843782,11832.697884506528,6463.188728765187,11861.411877672794,6482.936881305041,1.4416706624063271,486,0.2400906788433161,0.8735630953857216,cluster_5
307557600244200083,,787.6453111641318,11866.089863485728,6479.718098666898,11860.744542212644,6475.060744131446,11871.462606396308,6484.240464303779,1.1883038869198876,131,0.4351423369533789,0.9647948771787346,cluster_5
307557600244200084,,2137.66042574476,11826.380983624473,6482.775526334565,11815.936257860045,6475.124882607024,11836.82509437034,6491.990392584312,1.0569058741121458,363,0.3246536651686473,0.7875668924268194,cluster_0
307557600244200089,,827.7303883558391,11792.481035743682,6484.209440525745,11785.356780088316,6478.550606683866,11797.60010490696,6490.78350076785,2.0794442371342026,183,0.4812252988376148,0.9252338268076415,cluster_0
307557600244200093,,1585.432027761827,11806.0958220124,6496.637132017475,11797.874291332317,6490.2204767716885,11816.0861820036,6504.435848682912,1.3012552625803877,214,0.3360979951077128,0.9045013307708236,cluster_0
307557600244300044,,960.8299633853468,11823.035832885207,6474.144300413848,11815.765843998792,6469.25871107527,11832.201922719763,6478.790220707188,1.863153112263458,258,0.4657452411881003,0.8728939594574333,cluster_0
307557600244300048,,797.4179361401613,11785.79840158491,6484.627491030426,11780.805843323282,6477.090032204823,11791.707282253648,6490.504273362547,2.2712170005330345,188,0.5168247234440281,0.9025064298953998,cluster_5
307557600245100009,,1302.3874502867002,12095.584584941183,6224.061599895221,12090.267531453232,6213.493421599442,12101.438263927534,6234.928102886459,2.397629610158527,219,0.4298342499106042,0.8250347418914097,cluster_5
307557600245100020,,342.1764719389214,12083.412031558575,6256.771784418453,12080.004605943992,6251.310694044752,12086.00762720084,6260.681237582072,2.14892981212983,32,0.763187102386649,0.9046587930568646,cluster_5
307557600245100024,,804.7001238858257,12074.152001457667,6266.933117546428,12067.680289873402,6260.594696135485,12082.713346219984,6273.796702919337,2.7930174244860204,156,0.5588947073086258,0.8443188534821023,cluster_5
307557600245200134,,516.3720151525846,12080.31046815678,6250.820522463452,12075.803422002691,6246.431713486395,12086.00119631852,6255.393939644737,1.6310159749301358,34,0.6047385373739654,0.8914358182165567,cluster_5
307557600261100028,,2783.936030080313,11757.350208595131,6504.303829729919,11748.8175070676,6492.455836608798,11768.681086223927,6515.3009893144,1.0285103060199563,385,0.2609465648678211,0.8947926501516054,cluster_5
307557600261100034,,795.5036482356504,11641.994155052003,6501.02635618601,11636.315107416063,6496.068065027241,11647.610484772158,6505.8734682358645,1.433970864241864,196,0.4405847339646422,0.957391912028482,cluster_5
307557600261100035,,182.71713839310848,11720.36236950236,6498.116982855142,11717.7028586936,6495.8037345540015,11722.917466974515,6500.819112271017,1.5704803114754924,66,0.9401524834122748,0.9470738905197872,cluster_5
307557600261100036,,558.6351320051037,11616.938617264068,6503.60702224267,11611.71977814452,6499.693364222099,11623.260913235488,6508.152976913274,1.3979737929385168,184,0.7143226858639373,0.7308202530309388,cluster_5
307557600261100039,,698.5512197441383,11600.464860260545,6504.571489193063,11594.162770656843,6498.768015640952,11605.397699330722,6510.865376580156,2.050967246654286,284,0.5709762080508015,0.8189576477993354,cluster_5
307557600261100043,,1028.0983771117303,11689.564342791668,6507.387768928502,11683.007191999195,6500.830134989399,11697.77269722886,6513.790094872604,2.2493829625919166,219,0.4463985896811916,0.8890661472277028,cluster_5
307557600261100045,,1034.6094345373135,11701.89332837074,6506.833342093837,11691.1788218579,6502.113073603357,11710.595613061818,6512.437411160831,2.970099862944912,183,0.4830137910810156,0.8947317639004745,cluster_5
307557600261100048,,684.0377974450982,11622.171240186552,6511.361416468228,11617.551739406072,6505.68262904073,11626.930867050169,6516.308950780147,1.699546432907752,148,0.4793119166005298,0.9923734309677824,cluster_5
307557600261100051,,1430.7900400596768,11671.059633419294,6514.098568045615,11662.767000843109,6507.124840230243,11679.102922403834,6521.524005304125,1.5333369242820911,318,0.3428676820012279,0.9424682884662712,cluster_5
307557600261100052,,987.0449652951162,11681.100001700488,6511.606182198383,11673.736049377716,6506.923415688081,11688.14070471482,6516.906064595429,1.7341194755072815,268,0.420481568064654,0.9392758619879372,cluster_5
307557600261100054,,648.2285745747462,11715.601959607036,6513.705808687215,11710.20941946206,6509.378137306309,11720.80274893928,6518.39354279502,1.6019980234053093,175,0.4913487831062588,0.9702129630401332,cluster_5
307557600261100056,,2249.4946571101686,11743.035558623127,6521.00013313975,11734.69308508003,6507.995756916671,11751.84084486832,6537.544473294935,2.343294860626937,266,0.378350886062932,0.7101022454787215,cluster_5
307557600261100058,,729.8830421016676,11696.492141795983,6516.443532680815,11689.23659744175,6511.353419624957,11703.61781142701,6521.60732524057,2.891591552627625,168,0.5270037520848995,0.9746073419065144,cluster_5
307557600261100059,,2285.71285662698,11780.132310343064,6524.408394155594,11770.27461912814,6513.234151173772,11791.326589942955,6535.917734898113,2.323555296787553,365,0.3331697077647522,0.8451824063897714,cluster_5
307557600261100061,,273.90944653110984,11714.634847735431,6519.321166550056,11711.22229414926,6516.226494694593,11718.276246422152,6522.571963000808,1.436985813139804,109,0.7653879834089593,0.9814157894135024,cluster_5
307557600261100064,,876.5685972562638,11655.40568477113,6522.85255145766,11650.865310162902,6516.375634210269,11659.479255166574,6529.4789185057125,1.8174620558415413,202,0.4405472265773423,0.9592624574327786,cluster_5
307557600261100065,,741.4108537330601,11685.405571683552,6520.900681648083,11679.220571301092,6516.213707336474,11691.198613487162,6526.13592678291,2.0750371663454623,181,0.4768715138052371,0.9859041079177572,cluster_5
307557600261100067,,1512.581928836735,11664.319377699809,6526.070948867565,11658.857106532374,6517.395453632088,11670.048995344116,6534.673753296268,1.6081639623192625,247,0.33175545263318,0.954662888479398,cluster_5
307557600261100071,,408.3713470081387,11624.07373912158,6524.757956050579,11620.800890852932,6520.748954238461,11627.888586048584,6528.555053240523,1.2250153507451595,107,0.7099543950061733,0.8682822514445148,cluster_5
307557600261100075,,604.761620042254,11722.036382775204,6531.328609201294,11718.537307176864,6525.376869990903,11725.457947374303,6537.183436994146,1.933157021522431,76,0.5259062398468245,0.9616677513053374,cluster_5
307557600261100079,,886.3531578257018,11636.146725112036,6534.241645082192,11630.42827211994,6528.7409136577935,11641.468778097078,6541.039633078174,1.47583230807243,220,0.435588509400772,0.925691259649548,cluster_5
307557600261100083,,775.0349078346977,11661.553188023348,6538.19394107159,11657.66397524368,6530.3324092054645,11666.04045394104,6545.041420314346,2.1806439232339967,183,0.5086295031658418,0.9095300500015616,cluster_5
307557600261100085,,163.5773701853583,11671.324292369784,6534.879084862447,11669.1177276807,6532.006006095797,11673.739820012586,6537.674088607897,2.0349589119656337,44,1.0073117537485177,1.0,cluster_5
307557600261100087,,1236.6840696177949,11627.4713104814,6539.297896318486,11621.31006474522,6530.063096845212,11632.244977323206,6549.23356043581,1.6656115111867698,359,0.4582403074257754,0.7869767147472573,cluster_5
307557600261100089,,752.8648754312178,11688.178547085428,6542.263174906976,11683.56968874012,6534.815550405287,11694.186054021951,6550.334449544578,1.6466812155248691,257,0.622306811210421,0.7322540223102403,cluster_5
307557600261100090,,1371.889285041654,11774.712220860736,6540.793136424744,11765.209569604756,6534.809556448425,11782.72716691444,6547.074937813515,1.2433172760747269,232,0.3676634931840033,0.8988128576260652,cluster_5
307557600261100096,,701.2667789310439,11764.87085689098,6542.988252561264,11759.37543343606,6538.371347764967,11770.042595968893,6546.762935679734,1.2034916836171905,90,0.4524285270163451,1.0000000000000002,cluster_5
307557600261100098,,828.1842677239962,11718.513766833274,6542.752003830149,11713.090998831196,6538.5700456052455,11724.701882328243,6547.088766671466,1.399379174542637,162,0.4202915832060453,1.0,cluster_5
307557600261100099,,608.0425901481618,11681.33533143229,6545.546224518111,11676.841892953627,6538.886798506139,11684.640714233545,6551.395206529018,1.6458095966981234,241,0.5846872917636691,0.8716811335994353,cluster_5
307557600261100102,,1026.497961355922,11637.96106117856,6549.758188731803,11628.9707815074,6544.8956428794445,11645.963603621436,6554.407327549265,2.1996403258106825,268,0.448743040609707,0.913053448849676,cluster_5
307557600261100103,,959.00010399034,11672.11126456174,6551.069320815564,11665.06640571796,6546.468771191283,11680.298591871033,6556.366851275449,1.3329621266291731,277,0.453973408121103,0.8772502259852714,cluster_5
307557600261100105,,1504.9730872343705,11770.422141516958,6558.3808369644685,11763.915496728196,6550.25228752564,11777.129627869414,6566.428157104168,1.0377648133724262,282,0.3126996639440348,0.969980474625938,cluster_5
307557600261100109,,1266.4074872489864,11741.70821941264,6565.074443928913,11733.1318378308,6557.92821658444,11752.671080611752,6572.447939977115,2.43897824236164,185,0.4538155719139766,0.8527846778414193,cluster_5
307557600261100110,,1188.3376983983635,11731.294191321113,6565.5152435568325,11724.821872341856,6558.265193121142,11739.50045025712,6571.126424611577,1.1141852486226176,145,0.4026284636747413,0.8870155917905526,cluster_5
307557600261100111,,596.1585110397746,11712.064145562084,6562.654476955032,11705.373672037962,6559.652087821413,11720.52662546682,6568.5675143082935,1.5566716011077597,78,0.8216676733158471,0.6313610067890844,cluster_5
307557600261200016,,142.2699119942652,11701.91491802718,6493.314288219293,11699.77747800017,6491.07850664061,11704.245961108076,6495.548090210021,1.6727601567197656,35,1.0371677226297684,1.0,cluster_5
307557600261200027,,1464.8126150805742,11667.088097722171,6498.772984905306,11659.047266199312,6490.689266234524,11674.790008221948,6507.399453709766,1.84414601126609,478,0.3838337106359528,0.8810562713316111,cluster_5
307557600261200029,,708.8227097317025,11597.25848652108,6506.845394530334,11591.550275549112,6494.825853286934,11603.072741826732,6517.25731341309,5.077076551421237,163,0.8283517224333548,0.6948305916690082,cluster_5
307557600261200032,,959.7952691906728,11632.292105602692,6502.29061303198,11626.103203119084,6496.340695809994,11638.40179664054,6508.473549208064,1.3957241417554085,273,0.43058699327451,0.937905052128956,cluster_5
307557600261200036,,861.978381651077,11678.249739833098,6502.449465562612,11672.833456993998,6497.74585848768,11683.814072556992,6507.311566263606,1.147156676514837,250,0.4192626706659479,0.9644472099175808,cluster_5
307557600261200039,,988.093802674408,11717.502118548784,6506.617177101979,11710.475982087495,6501.2594900905,11724.243632188602,6512.0615055431845,1.3640460546628792,283,0.4536770895351844,0.8475991213622556,cluster_5
307557600261200040,,818.2441642991255,11615.372392625924,6511.7807572605,11609.632789735582,6503.91547563713,11621.530649114851,6518.043433879547,2.1835382634931206,144,0.5491337776499919,0.789360401307028,cluster_5
307557600261200043,,719.6957779382354,11627.396871963048,6509.708232249393,11621.04001959468,6502.665218109795,11632.567758545829,6516.52385746499,2.2210711332835094,186,0.5621002815322674,0.8488199625122385,cluster_5
307557600261200051,,759.8258360154756,11703.014773719202,6513.650032446907,11697.067644925117,6508.541435191479,11708.461322652323,6519.098716736274,1.5508207774522134,145,0.4839263141024384,0.951088998882268,cluster_5
307557600261200053,,839.6527694495009,11635.643064119036,6515.440981188988,11630.098088579667,6509.394728430349,11639.818262098866,6521.059719197201,1.25746937359952,203,0.428067253239261,0.9529112208449012,cluster_5
307557600261200056,,740.6862602854694,11693.318774805068,6520.197246470345,11686.495798826249,6514.077015825476,11700.928568584864,6524.732733268385,2.5510819866414094,177,0.5415883709784889,0.9167794206128824,cluster_5
307557600261200057,,1628.8862215970023,11749.24268227334,6526.477047109061,11740.735708089423,6515.14713325975,11757.164690432415,6536.935235259943,2.2448476889343336,292,0.3962212514177721,0.8415668517136831,cluster_5
307557600261200058,,709.7813403112971,11648.769126267583,6522.714607707248,11645.197342387302,6515.616911009495,11652.872418472363,6528.369899712699,1.804698343787128,220,0.4930936460222943,0.9445152263092298,cluster_5
307557600261200065,,594.1848586741271,11616.30487978032,6527.24512635279,11611.312485316888,6518.499168846513,11620.152845156805,6531.969227564094,1.5456973403511844,145,0.7951099783692824,0.6236229825906311,cluster_5
307557600261200067,,1039.431761011947,11641.279932475947,6525.3807595776025,11636.77477207165,6516.969839301311,11645.71486045924,6532.90457229936,1.85434738471518,308,0.402185258857091,0.9701612734202372,cluster_5
307557600261200068,,686.4622029583202,11679.952441701304,6524.758814959177,11674.902109379853,6519.600695765527,11684.866932828016,6529.550821576288,1.674678706911373,189,0.4763910412186067,0.9700593740064029,cluster_5
307557600261200069,,387.06648086548,11607.966676300584,6524.386246948548,11604.867697131716,6520.425857955132,11610.881382381382,6528.819617659703,1.446972906397749,127,0.6205962725539612,1.0,cluster_5
307557600261200071,,150.311077875645,11628.15790288108,6523.95444836404,11625.243176538152,6522.412615635918,11630.681301793404,6525.972896416992,1.533187924334831,34,1.0379644678715565,0.9758039940739144,cluster_5
307557600261200072,,1607.177313857189,11697.375027739256,6530.169943731956,11688.808733117552,6523.443890458706,11704.812261912366,6537.475134446557,1.234245545651692,500,0.3201994491453823,0.9309105734574497,cluster_5
307557600261200076,,595.4080445118323,11675.506074514937,6534.0274444588495,11669.984072455492,6528.646272273985,11680.6467145624,6539.68253768909,2.669528996909766,149,0.5809914631057841,0.9632605478301568,cluster_5
307557600261200077,,624.357512171292,11655.282396148154,6533.67405063352,11651.02819389964,6528.602049064926,11661.503726784264,6539.500810854292,1.0141155051021746,147,0.6508944803452508,0.781554581105504,cluster_5
307557600261200078,,891.7431630924727,11683.000871021695,6534.664295792783,11676.956921907766,6528.898284301602,11687.834858744429,6542.449688372009,1.7807487059319482,269,0.4846851045106755,0.8620347249114164,cluster_5
307557600261200080,,2677.941491600606,11755.072144305195,6537.35007243859,11743.9948670481,6529.299624300544,11767.02909402647,6546.006958724365,1.2415882850156306,479,0.2480523790706983,0.9397800729745122,cluster_5
307557600261200082,,1674.8936729331808,11651.426874188486,6540.228168027069,11644.331157121893,6529.942281844283,11659.776874904874,6549.01117311323,2.202126082986735,366,0.3339072493661952,0.9384409533924422,cluster_5
307557600261200083,,1201.318804598311,11618.40693118726,6536.890946739732,11611.157984822405,6531.614242830165,11625.222100727044,6542.711923444128,1.2613424462791571,362,0.3493964039790435,0.977883915302624,cluster_5
307557600261200085,,1041.4058185649624,11708.841942894189,6539.541429550913,11701.924594870086,6533.594959818558,11716.06495568727,6544.613487616837,1.2199394651872062,122,0.4126281680689127,0.9174197636193038,cluster_5
307557600261200086,,526.6482212870549,11634.66050505325,6541.688244280681,11631.056456033257,6535.74288050726,11638.522187565512,6546.69799928236,1.8498613189068285,119,0.5818021009480981,0.9783124947057033,cluster_5
307557600261200087,,616.8561589524357,11643.515115415878,6541.485192945171,11639.39826472259,6535.751657813655,11648.086392018722,6546.546942263914,1.7090864444330411,138,0.5134123391990187,0.9799218862581676,cluster_5
307557600261200088,,697.9185700706719,11668.837464294278,6539.745817119508,11664.10353286281,6534.358269384877,11673.822521225531,6545.435169933409,1.7160300476188044,187,0.491560517880483,0.9692625318670934,cluster_5
307557600261200090,,478.4728010882786,11675.940288757616,6541.513181656547,11671.84768914845,6536.453948101582,11679.934172990634,6546.411547007821,1.4932619042593034,160,0.6261591279085975,0.9184494842351876,cluster_5
307557600261200093,,727.282632478558,11693.752992463656,6545.270652845815,11687.3634656876,6541.378345291883,11700.442810928478,6549.3428686796215,1.4960652453005794,214,0.4720604827510213,0.9770929824582336,cluster_5
307557600261200099,,974.4997907467496,11651.658025569692,6553.027688963289,11641.911121063364,6548.765068076096,11659.24179433079,6557.333746366623,1.9284424342690207,252,0.4726622325757453,0.8864836706742225,cluster_5
307557600261200100,,1410.3766645874712,11665.671164517744,6556.816952655065,11654.328443618784,6550.093393938976,11678.295837556145,6561.222906948809,2.350574731817185,301,0.426704480403428,0.8398111333704141,cluster_5
307557600261200103,,1540.6814080751292,11754.561215814889,6561.756359010148,11747.06145339462,6555.525914028068,11762.37288064788,6569.01091190218,1.0509770958290572,181,0.3171304204394264,0.9558718933780131,cluster_5
307557600261200109,,1172.517456789645,11717.610921975893,6567.454446142818,11707.701134121808,6562.88920044403,11725.369522371117,6572.447939977115,1.9093056467460228,153,0.4224656878683,0.8708457586299853,cluster_5
307557600261200110,,1544.4120481726738,11759.71454896356,6569.267471549006,11748.036993455233,6562.017704492604,11769.602473751089,6574.525712116373,2.047173561122577,233,0.387985714290473,0.8123596518060299,cluster_5
307557600261300030,,751.3342590415498,11608.753092895957,6511.771587639255,11603.677918015706,6506.246730527597,11614.659484334485,6517.995684505693,1.7108452913307168,198,0.5085269865256042,0.9211754345765172,cluster_5
307557600261300038,,589.5547255626716,11613.458676110678,6521.641295726746,11608.785177507203,6516.358202053671,11618.541803984835,6526.122965926044,1.964990512025583,120,0.5403859498493003,0.9930226823817458,cluster_5
307557600261300042,,746.2158380635065,11672.117900476254,6524.116565737969,11666.641527487918,6518.0183716897645,11677.68120514953,6529.923071749625,2.033286783919212,190,0.5069036022924811,0.9279923396095194,cluster_5
307557600262100023,,604.5763501735789,11872.45257284665,6518.227067276507,11866.309207697126,6514.211511956291,11878.225707246504,6522.558373581549,2.063831313474952,48,0.5316139584178535,0.9744052735634778,cluster_5
307557600262100030,,1312.232660095321,11865.69966652663,6527.681798067056,11859.12820468827,6517.8708355382405,11872.905457314606,6535.425301191855,1.425109206982181,45,0.444380252694743,0.7550332014089205,cluster_5
307557600262100035,,1277.8857191533775,11853.279020580909,6537.661651786198,11844.0732594232,6529.91834059326,11862.535415552877,6544.337014694124,2.7701468278387136,91,0.4207283338953712,0.8918827121176507,cluster_5
307557600262100038,,1735.76804901511,11837.36892747428,6547.9172790097455,11827.161612088925,6540.117289160682,11845.078373684735,6554.324725076071,1.2133948903330656,114,0.3272472582231231,0.912609966363706,cluster_5
307557600262100039,,902.9153782270246,11796.302141279706,6545.742607271611,11791.62386301688,6540.360654423141,11802.142110999175,6551.630410039496,1.0696477738992525,53,0.4139125124988561,0.960309201821126,cluster_5
307557600262200027,,1476.2063708852252,11790.449429047558,6524.8098570366365,11782.663274855213,6516.200857143707,11796.63575227218,6531.073740369012,1.1165362745723135,324,0.3521256447432486,0.911953093074384,cluster_5
307557600262200037,,1806.306652469312,11788.28867986856,6536.745781389168,11778.599325950729,6529.215076255916,11796.131909080856,6543.739027858232,1.3854248546337455,345,0.3206258727786233,0.9111542168644,cluster_5
307557600262200050,,2359.562825358382,11809.304352937692,6559.650502570998,11798.980896174038,6547.442606044353,11817.797169239344,6567.181935978507,1.6646953258620052,259,0.2926745127309808,0.8670699483605255,cluster_5
307557600262200051,,1287.7035003272383,11823.034965158076,6556.93436285424,11815.665295615732,6549.322241858567,11830.854225229425,6564.807940988058,1.5910314608308336,185,0.4053474374883526,0.8404311598457517,cluster_5
307557600262200052,,749.7438490182794,11792.534616110692,6556.224147233609,11787.051993919707,6552.170393579045,11798.686472367452,6560.16214996437,1.4576416687772908,64,0.4487003871416065,0.9836515582553378,cluster_5
307557600262200056,,1703.4506479400525,11788.589280711847,6564.831963069128,11778.411450862875,6558.959124229457,11799.532467611916,6572.417815104589,2.272212125675034,188,0.3582998130851793,0.89395513786772,cluster_5
