EntityID,fov,volume,center_x,center_y,min_x,min_y,max_x,max_y,anisotropy,transcript_count,perimeter_area_ratio,solidity,cluster
307557600110100049,,2409.993499167056,9816.851936633348,4532.845778661046,9803.96883739447,4524.863815200118,9826.811035661827,4540.731708758985,1.600656998839515,367,0.3041182658084195,0.8566077432998495,cluster_5
307557600111100128,,664.6729826535951,10010.166359324743,4500.504661993514,10003.830174515851,4497.496249349048,10017.784616101544,4504.716073249389,1.95476521433909,259,0.6169142901911808,0.8152127347467525,cluster_5
307557600111100129,,2012.4958431412515,9952.419388996726,4503.064118631246,9941.332939515116,4497.713581203963,9967.909355115888,4511.489663105211,1.5233097658875654,385,0.3501167208946461,0.8079445331358112,cluster_5
307557600111100130,,460.2052914180596,9995.182723632692,4503.443597094639,9989.303972653295,4499.610377805766,10000.700862505031,4506.712544170776,1.3947524944139609,162,0.6989864426797511,0.8190144630497826,cluster_5
307557600111100135,,380.3432289826107,10003.083666922446,4507.923880894486,9999.783652686252,4503.63948960035,10006.806410198702,4511.888965243248,1.4870188389090355,135,0.6614414030651475,0.9421396826638344,cluster_5
307557600111100140,,2261.5725590838647,9914.41062858244,4513.731795820432,9899.9053689443,4504.829340641062,9926.101495244766,4521.866354867776,2.2358270644073515,444,0.3362047089901473,0.8608962849060922,cluster_5
307557600111100143,,455.00796672796514,10042.328884422335,4509.088938873573,10038.089826879344,4505.088384270795,10046.00569986848,4513.917225741448,1.006188030173732,205,0.606852411032437,0.9438760054942632,cluster_5
307557600111100147,,280.1055434267894,9987.575932012542,4512.392917306342,9983.738203328036,4507.692498614612,9991.562187459229,4516.002550525363,1.2641705370844163,96,1.1872094828157544,0.6011637149692244,cluster_5
307557600111100148,,245.54286890897805,10010.208073610616,4510.035471714135,10006.790832786071,4507.492790336006,10013.843711642012,4512.104958659067,1.6020107594613977,70,0.8044426258987192,1.0,cluster_5
307557600111100152,,370.9157098793394,10035.027864324064,4512.184581974915,10030.749454793464,4508.791814409664,10039.17188997607,4515.644444099626,1.5089701602335488,151,0.6432777416278449,1.0,cluster_5
307557600111100155,,205.0795070297769,10025.711415813954,4511.704052054584,10022.891843656933,4509.5279927837855,10028.657360794448,4513.829151377067,1.411953471619619,85,0.8360074747976416,1.0,cluster_5
307557600111100164,,2482.7211169492234,9872.225483492555,4520.450961050083,9855.448653830474,4513.739028283104,9888.846114417907,4528.4655220308805,3.049242314752508,587,0.3359683732774186,0.8576818481633275,cluster_5
307557600111100165,,244.04330361071047,9983.492249257744,4518.751152098932,9980.813617114403,4515.173867838531,9985.522007027294,4522.344477648414,1.5815713973189716,91,0.8041459013501003,0.9999999999999998,cluster_5
307557600111100166,,363.13018980821056,9988.843213998,4517.718246929981,9985.414009785478,4514.508119230671,9992.84020935058,4521.163815435219,1.4354098923567775,52,0.6489429709356683,1.0,cluster_5
307557600111100168,,884.9462419228178,9959.050802465736,4522.890547330643,9954.181150607086,4515.036114780272,9965.086460591952,4530.017609382449,2.1574197339255043,188,0.5033504721789431,0.8349368857282147,cluster_5
307557600111100174,,818.8810800734539,10052.810296553323,4523.473371069823,10047.339004318475,4517.436372805056,10059.020457683113,4528.654221357256,1.2284835884602785,239,0.4437725692386353,0.941074570258418,cluster_5
307557600111100177,,715.2965487633564,9972.246729066546,4529.690785955047,9965.440918884917,4522.502231534209,9977.937208685624,4535.896428680997,1.083038586473212,235,0.6504114700618028,0.6615346193601929,cluster_5
307557600111100179,,1811.494290724296,9838.874324951455,4525.969695078943,9825.608802228193,4520.54210601567,9854.598127368416,4533.766766958297,3.398759285500396,494,0.4156417962216086,0.8156316588196316,cluster_5
307557600111100181,,806.9616625982434,10044.472682026002,4527.101166005356,10040.0068885028,4521.771311332113,10049.914790403567,4533.127854859286,1.2291394325202134,232,0.456988545418417,0.9239340957051336,cluster_5
307557600111100184,,335.47052106905346,9982.815944626873,4526.623393322429,9979.100691698524,4522.6041133250765,9985.840217088338,4530.314441160919,1.62371856299676,72,0.7079880184762264,0.9419183323696816,cluster_5
307557600111100186,,1884.3654893469773,9919.44474819246,4530.179709692414,9908.311761643656,4523.370073474479,9931.096634577889,4537.04326419891,1.910992988054799,218,0.3185965031695046,0.922144732952033,cluster_5
307557600111100189,,379.1121040970359,9991.991936571929,4526.98155302887,9987.05938092059,4524.140409273745,9996.864911773566,4529.775718030941,2.173040280053696,120,0.685770589171115,0.9641367305886086,cluster_5
307557600111100191,,1116.419370708812,10062.393512466317,4531.533502380546,10055.909217529344,4524.701595769863,10067.400864470044,4538.000593603096,1.1774740083934343,398,0.410775941654911,0.9175821355509802,cluster_5
307557600111100195,,257.6732967815452,9989.743221952993,4530.977228143643,9986.14555874518,4528.629279329297,9993.459592791112,4533.594824838002,1.5614387931531373,57,0.7931465438014664,0.9891351976223226,cluster_5
307557600111100201,,498.35392455334073,10021.325388431744,4535.464955693704,10017.256247974385,4530.713849612345,10025.15589464663,4539.962004599992,1.358781312439003,117,0.5665540488599065,0.9604044838446464,cluster_5
307557600111100207,,633.395121246681,10028.899674299775,4536.757244219552,10024.167857040971,4532.285316167097,10034.170658998004,4541.504633777216,1.357203312720985,214,0.5054080146591463,0.9337456218717384,cluster_5
307557600111100217,,509.8055739845679,10059.71539577929,4540.7625573119085,10055.908481086466,4536.520838646029,10063.362705119878,4545.455773141382,1.2932255527533512,196,0.5443198910372632,0.9791673572020908,cluster_5
307557600111200112,,723.2230101846333,9980.785699162136,4502.188235405123,9974.615287104036,4497.652399395685,9985.737726509204,4506.477591333982,1.0291372127174916,228,0.4613081956173985,0.9711353511485638,cluster_5
307557600111200115,,1989.2547467507763,9933.83437101187,4506.591027834414,9923.80276461273,4498.253564743512,9947.90256319816,4514.372889525173,2.072343926858883,266,0.3735426974501695,0.7786466424028157,cluster_5
307557600111200117,,689.2688907867721,10021.966111102578,4504.7782381343095,10016.691649955435,4499.388580123298,10027.137321763828,4509.8654640832665,1.6448141290998528,188,0.4967422060318905,0.962341813712384,cluster_5
307557600111200119,,1619.9841116902571,9961.09318330779,4509.41744525155,9952.46405557507,4501.213688502474,9969.474050630157,4516.737229508351,1.1178556670694135,410,0.3607023298382073,0.8441964649109885,cluster_5
307557600111200120,,948.8259665744628,9971.087225798632,4508.435181232881,9965.158324529995,4501.640234584795,9977.838206541808,4516.376489917986,1.746486404585442,269,0.4580766751338516,0.8794825514946302,cluster_5
307557600111200121,,656.2489165345119,10048.109408082584,4510.824536427112,10040.75376642516,4502.725030165248,10053.123990487687,4517.48046360379,2.8187076321552,177,0.7305089958751239,0.7247567951685555,cluster_5
307557600111200122,,250.06298028733187,10007.350248820325,4505.787430863169,10004.536018120496,4502.8084570491965,10010.91670718222,4508.934529009205,1.1507072082407412,90,0.8566509855917426,0.8931472643599493,cluster_5
307557600111200123,,676.6956051699858,9995.450685769843,4513.334161760607,9990.345157335469,4505.684080694077,10001.266181162526,4518.659384290679,2.2545915743760205,157,0.5883844180025489,0.8629615057331615,cluster_5
307557600111200124,,390.6409351735214,9988.0790748999,4507.714950122344,9985.4380775177,4503.363894854123,9991.11583481766,4512.160430213433,1.5790596093813631,100,0.6326453014986088,0.9729670056785262,cluster_5
307557600111200125,,821.5029268927875,10032.85164212679,4506.983174404605,10026.640602045089,4503.472844530103,10040.831414238708,4511.81043629793,1.8277255968921045,269,0.4877717687773097,0.8954513778313681,cluster_5
307557600111200126,,604.8008019076309,10017.541191370565,4509.2194571978935,10012.057713078886,4504.527087473954,10023.020893014103,4513.704741014983,1.8228253594535688,158,0.5330791541492171,0.9686306993609668,cluster_5
307557600111200128,,485.43950853399366,10000.515143228526,4512.438027401097,9995.3268439096,4506.073586175187,10004.414191698012,4519.36092667147,2.2632963200160456,104,0.8303854661932427,0.6809994957404023,cluster_5
307557600111200129,,695.7873262371099,9976.530171315708,4511.049568968763,9970.431635688476,4504.96726366392,9985.049946958665,4517.748202500763,2.0335528008795123,230,0.6784208172917564,0.6860808901327557,cluster_5
307557600111200131,,2343.0118845153,9946.885612225868,4519.988672277887,9935.67258950775,4509.736653588872,9956.369407577908,4529.024680900314,1.7547437942256463,316,0.2855884398509403,0.9133565836375278,cluster_5
307557600111200132,,658.7463543797064,9980.159860906591,4514.17091025901,9975.17213152712,4509.196670049323,9985.354615541415,4518.692757841565,1.5382075312576875,235,0.5049342740057398,0.9389604620604844,cluster_5
307557600111200134,,1298.53620197746,10010.17019605069,4520.161424657702,10004.15138056618,4511.8864427621775,10017.877095008149,4527.246590709889,1.301102888780168,339,0.373888022015456,0.8847193662159284,cluster_5
307557600111200135,,619.8251229876939,10016.6060188655,4515.853223187499,10011.779382203982,4511.468890809958,10021.342636948491,4520.18649956715,1.3351284278751792,174,0.4853657501880998,0.9844790769473604,cluster_5
307557600111200137,,758.4546406646652,10040.229749915392,4517.642148729646,10033.619551692404,4512.247210715406,10046.244976421498,4522.352657920489,1.3521512339203068,229,0.4806022377038958,0.9504792406215796,cluster_5
307557600111200138,,428.3221814472068,10046.599873245388,4516.894771984055,10042.63294424712,4512.372713639823,10050.475458404277,4521.72428816686,1.9890490166674968,76,0.6369226402801577,0.9923146534691883,cluster_5
307557600111200139,,691.9678644133559,10058.278624253096,4519.603704301025,10053.04095634991,4513.517839831702,10063.583633868991,4525.497167873933,2.4230912113167125,137,0.525959504145174,0.9523127973230908,cluster_5
307557600111200141,,1408.963906258142,9893.025132746963,4522.296516572643,9884.212198640544,4516.320658164887,9902.147332657,4527.764481305989,1.72375592122759,141,0.363153031614375,0.8957151417765418,cluster_5
307557600111200145,,1144.5691005682495,9966.501875530446,4521.618195220602,9960.701869571336,4514.365676177433,9972.15299852748,4529.544505192785,1.0306232647761588,371,0.3902956629045029,0.937443080647871,cluster_5
307557600111200147,,1080.582030386841,9994.811889204137,4521.926288704221,9985.241280972372,4516.470686910026,10002.477573992315,4527.207265110717,1.741695739061427,293,0.4600088198925172,0.8006673045486928,cluster_5
307557600111200153,,953.9719585645878,10032.061463113569,4524.408486186065,10025.695496591055,4517.532108461332,10038.31344808577,4531.87507170979,2.198695311138393,291,0.4737697545105437,0.8459874858669326,cluster_5
307557600111200154,,904.7175772169642,9977.068231160796,4522.761336902124,9970.69423306628,4517.371094713293,9985.388597274274,4529.013912511882,1.0231332550534975,240,0.5196728689490809,0.7853392045778582,cluster_5
307557600111200155,,1580.431721368474,9854.017343584195,4528.496119666998,9839.491641974631,4519.74262172752,9864.3482980209,4533.5706978965045,1.2301759596172108,237,0.4918030199665222,0.6438348478029052,cluster_5
307557600111200156,,395.732683233544,10037.64451729657,4524.178797164776,10034.18908827838,4519.951100679156,10040.49260311135,4529.276361585038,1.7326465651730834,124,0.651114684172326,0.9775055334449134,cluster_5
307557600111200157,,967.6072610327058,10025.974285463262,4527.8010428380985,10020.559299360004,4521.649061095226,10032.15356136856,4534.387634381629,1.2770965050305485,300,0.4366701640421718,0.8961626910351107,cluster_5
307557600111200159,,637.4882059670748,10003.822910061415,4527.373708243599,9998.672169720096,4522.0718705720055,10009.315347627711,4531.551988586652,1.0414649922505197,140,0.5013584746282472,0.9306751234677096,cluster_5
307557600111200165,,1008.8451812475536,10013.810282276463,4530.301159933385,10006.66197095325,4524.640199280424,10020.31705677947,4535.8735822375975,1.3332596605123614,271,0.4016191752069785,0.9452337862067406,cluster_5
307557600111200172,,337.2263770686708,9994.82326240487,4531.733399145244,9988.701676649856,4527.856704077841,9999.47232833888,4535.86006465185,2.311246284230044,42,1.022239626312149,0.6779413095753826,cluster_5
307557600111200176,,564.5453231725792,9980.080677529257,4534.537298372289,9975.836223330198,4529.183683516456,9984.883348630292,4539.867735095706,1.687016685866093,172,0.5747053487420465,0.9191592814024544,cluster_5
307557600111200180,,733.699374967061,9973.94221716155,4538.913146074424,9967.88450502144,4533.718604934053,9978.411730168584,4545.031124637624,1.1059216725073742,209,0.5786036431012612,0.7798125578213041,cluster_5
307557600127100039,,916.3682757983752,9524.74790948321,4709.304548422356,9521.375696521234,4701.522187336894,9529.531817265824,4720.354548004543,2.363509596413211,94,0.520534397062166,0.8895586771179108,cluster_5
307557600127100042,,1257.0242090929787,9533.722144784626,4722.678737740272,9526.734516252662,4717.96140602513,9541.091153715588,4728.422749883384,1.3792300626017235,46,0.3535109002016008,0.965299356384655,cluster_5
307557600127200056,,1179.2352141822448,9526.270242308734,4734.7586790627,9521.241864462729,4725.412149555896,9530.673062482789,4744.665352704469,2.681127746286656,112,0.4390344873919992,0.9116467452033756,cluster_5
307557600128100010,,192.83022550849887,9807.842924429247,4533.368723596302,9805.511278108928,4531.019627550922,9810.841664251242,4535.649366985655,1.1093018628887654,64,0.8791289267897503,1.0000000000000002,cluster_5
307557600128100015,,2626.739970010566,9759.32026069204,4547.8012363273365,9746.756661946352,4539.6710517487945,9773.82780247832,4554.968396951301,2.054999602467458,331,0.2885314123093024,0.8925121384024987,cluster_5
307557600128100018,,952.419156038588,9741.744465595692,4557.31426735377,9734.152177690868,4550.002806139442,9749.63165400883,4564.467976716284,2.274232520041971,166,0.535174390673121,0.7909372478393583,cluster_5
307557600128100021,,1646.1680085798648,9723.678269491427,4566.119481913099,9712.20552091208,4560.083148774895,9736.854271089223,4571.877737206282,2.787132760407736,267,0.3928174416006368,0.8819325958699725,cluster_5
307557600128100023,,522.7912740853881,9704.956219755655,4569.998595780055,9699.510438420986,4565.964906454419,9710.39748573164,4573.428876566682,2.046675458839001,81,0.5633494949466646,0.9910420494420462,cluster_5
307557600128100026,,330.4287030859029,9697.212916099166,4574.497050651655,9692.904661611325,4571.430564571251,9700.73138208396,4577.448877840323,1.2615249196397162,45,0.7133646589303453,0.9384428643617556,cluster_5
307557600128100029,,2238.2966071509823,9672.584655618402,4590.651644853566,9662.015437839642,4575.497702216402,9686.66232062976,4603.691891203758,3.0978885685036555,267,0.3853256117185872,0.7631986048719099,cluster_5
307557600128100037,,882.7775542680641,9649.836390138087,4609.859238539961,9643.15074702966,4601.495823356744,9658.342401730391,4618.4827574421215,2.808792228060115,185,0.5860125873635021,0.7857671330229159,cluster_5
307557600128100044,,2892.926990826068,9620.339409857026,4648.6829275010605,9605.330882613947,4632.774885935212,9632.642868604653,4665.501197051923,3.538436867698445,416,0.3406661582995148,0.8135522724957432,cluster_5
307557600128100050,,1879.482782430813,9599.759488427118,4674.832266595323,9587.736718550426,4662.110202357008,9609.94437642103,4684.035717651472,2.894254535921978,131,0.3766349464917707,0.8138848963960275,cluster_5
307557600128100055,,2796.5061856015845,9565.891809862847,4684.465887268933,9549.645139060189,4679.194865411728,9585.823411373638,4691.379420157693,2.975698417666058,200,0.3244392963741548,0.8253428968224088,cluster_5
307557600128100061,,2470.736546862538,9533.90531872796,4757.417120569723,9527.409084415189,4743.633229277044,9541.524423790355,4774.028365148384,2.2779556151541964,370,0.3566970778096033,0.7992461231628536,cluster_5
307557600128100063,,1215.313593219123,9540.202417784303,4778.598452442814,9534.79032245014,4770.45208359551,9545.649241113017,4786.358044878363,1.7848063290896623,169,0.3706336482921021,0.9570133831991744,cluster_5
307557600128100068,,782.0267809645087,9540.34741151288,4803.594850188249,9536.045109132943,4794.125251256986,9543.504909369954,4812.290276657675,3.103589209351405,55,0.5716073250871805,0.886909817432261,cluster_5
307557600128200029,,2091.716142351436,9793.62681920027,4536.947419738396,9783.765553516314,4529.627658338105,9805.692125585703,4545.457729217862,1.91257496044522,534,0.3264793036935081,0.8715815799911483,cluster_5
307557600128200032,,953.214487149253,9779.5234115753,4541.217780791069,9773.72906654255,4534.026191466954,9783.891156557873,4547.136604142382,1.3692648260190474,206,0.4260119481981808,0.9680770095967632,cluster_5
307557600128200036,,1346.217193683972,9773.37551142383,4551.035571894362,9766.242365756872,4543.600229395361,9780.089224310295,4557.320674909692,1.0172411843602756,54,0.3422361052772826,0.9474503619904256,cluster_5
307557600128200048,,945.3004390887854,9744.486903918429,4563.125267002843,9737.314485105126,4556.972433071644,9749.866161459946,4567.892259941744,1.3638828205245828,58,0.4110463344048064,0.9587136573871254,cluster_5
307557600128200052,,1930.1170722031752,9690.973295480697,4582.025169871456,9683.40531920312,4573.266508605294,9698.63964284906,4590.626187813314,1.0489608819680385,91,0.2845921422318351,0.9590436269568604,cluster_5
307557600128200063,,1422.6647706050107,9658.356274349397,4607.893360016562,9648.904821469196,4597.057637636583,9668.799907852888,4615.242574299056,2.167558131242091,180,0.4760193587808711,0.7343218584460557,cluster_5
307557600128200073,,1394.70404751055,9637.096050496024,4624.48445094249,9629.700792064485,4613.288876974586,9644.571698565933,4634.954186401905,3.4164392033702886,343,0.418229387511654,0.9232568010250588,cluster_5
307557600128200144,,1302.720829237467,9543.467017656136,4817.551678490693,9538.336386011988,4809.284083523741,9548.77346495215,4826.441126175313,1.8163290821904856,239,0.3687531651086826,0.9541141957342042,cluster_5
307557600128300030,,701.2377266100461,9547.389768861174,4801.378806227491,9543.104337470755,4796.415875942779,9551.93831395826,4805.9290965179225,1.076534863475712,58,0.487968587059098,0.9195696701289072,cluster_5
307557600129100024,,1906.848693753278,9913.576111717926,4539.3298362499845,9906.547166348217,4527.898981814757,9921.263648147107,4548.182480109609,1.9481109089338453,381,0.3093287608370851,0.9499623238290876,cluster_5
307557600129100026,,1088.6341614300652,10050.56824581475,4533.829358088118,10040.852463011022,4528.426580558837,10058.65953629084,4538.283222283775,1.8110577200149944,457,0.4406151840364679,0.8464322185026616,cluster_5
307557600129100032,,597.157684886502,9970.993177603714,4542.942965533543,9965.222235880192,4534.252355671564,9976.934265085933,4549.737257847987,2.7967737107285133,150,0.7611364326175131,0.6950330932409428,cluster_5
307557600129100033,,338.3520386938015,10035.01526318339,4533.941453752268,10030.98502241517,4531.443991878742,10039.196636209566,4537.180836025839,1.454144094873918,106,0.6986419419571662,0.9557782136185404,cluster_5
307557600129100034,,2995.693959738462,9929.980928307386,4544.547117572271,9920.603411728414,4533.285172937867,9938.62397119504,4556.014088787716,1.3531885242831752,554,0.2271162896445848,0.9600510836743096,cluster_5
307557600129100038,,665.3569103460361,9980.766418560312,4543.5481057394245,9976.757681414663,4537.301325671308,9985.369925221705,4548.254677595815,1.4255041189329476,104,0.5096970489606275,0.9481787810697516,cluster_5
307557600129100040,,510.81414769890864,10016.839529809931,4539.342291456451,10012.630118411744,4534.276439082774,10021.060714641286,4545.001993422159,1.8234583115085827,88,0.6401038004496512,0.8725304768189622,cluster_5
307557600129100041,,874.3535351381489,9965.064169821177,4542.037959385604,9959.176485748349,4535.061035734227,9970.61738615666,4549.327956878833,2.5626260653860986,140,0.4830589231566192,0.94129852060201,cluster_5
307557600129100042,,225.1761906284329,10040.586426225933,4539.69835732622,10036.60685847794,4536.766048549529,10043.510029348496,4541.696056626353,1.1012801073965803,54,0.8800423088466494,0.9502451139887048,cluster_5
307557600129100043,,671.5191724738756,10048.815631427817,4539.948637272789,10043.43436345724,4536.311466238557,10054.616649390788,4543.423989443117,1.587552268485395,273,0.4761487481127675,0.988470740194346,cluster_5
307557600129100045,,442.06875427492014,10068.719113123,4546.499723790646,10064.717351229972,4540.7939338703545,10071.703805996012,4551.337048302836,1.4575323952951695,141,0.6964910103211883,0.848418878657124,cluster_5
307557600129100053,,800.6806523656682,10038.856516643857,4544.614422408591,10031.489661681466,4540.088386852445,10045.4537125424,4550.157131155172,2.067420957901115,278,0.5416531592762891,0.8331878455801945,cluster_5
307557600129100055,,544.4913982658119,10029.331076724442,4546.3715358401,10023.079990074437,4541.861337851236,10033.979478435616,4551.215991076798,1.0352381864630538,178,0.6146081269694136,0.8414986730844988,cluster_5
307557600129100058,,460.45148598757794,10022.62542595808,4549.970795599478,10018.893154748264,4545.591560614927,10026.859115825911,4554.372665404332,1.384640775796388,130,0.6043803039546242,0.954730250179584,cluster_5
307557600129100062,,234.69065333439772,10055.954181469862,4550.01200989281,10052.480549231765,4547.82032131517,10059.938237831231,4551.721538276813,1.9457317151198328,89,0.8423260000428614,1.0,cluster_5
307557600129100067,,471.335790960058,10034.562304807996,4553.862309915688,10029.750495130058,4549.250727431683,10041.40939838382,4556.817000746152,2.1154237959507585,155,0.7121254412735187,0.8329280164957525,cluster_5
307557600129100068,,713.0691616247057,10056.24706298335,4554.773549387828,10050.298042095894,4550.9640228506505,10062.116637410549,4558.327934925408,1.6409294558310996,272,0.504292902427924,0.9171555681237804,cluster_5
307557600129100069,,341.8550146473943,10021.16758453779,4554.9986256542825,10016.736839997257,4552.164889358403,10025.966226933488,4557.1400689072,1.863454146940724,105,0.7179552526684364,0.9562746073692956,cluster_5
307557600129100071,,1274.6256842842834,10083.292776445624,4559.951271480205,10077.790921250024,4552.421187902216,10088.771781103023,4568.356662852481,1.5745377054617122,286,0.3679549720315692,0.9315080107222354,cluster_5
307557600129100073,,637.7687116483808,10048.41033610632,4559.965142956466,10042.26586718504,4555.645284255961,10053.552646829516,4564.31582410446,1.659144663252428,248,0.551353770015602,0.90350344088625,cluster_5
307557600129100078,,350.1732737290596,10066.766471265322,4561.442636093842,10061.939154411568,4558.45858276827,10070.72193361239,4564.133050080097,1.507760270904731,124,0.7142801276679285,0.9234451086262208,cluster_5
307557600129100082,,586.5631867550165,10035.370090075214,4565.560845254772,10030.213500349822,4561.429044719507,10039.963632721256,4568.873444662522,1.3915623830065162,237,0.514170506454848,1.0,cluster_5
307557600129100085,,551.0626880828149,10059.677395298097,4567.290687120033,10054.884027175653,4563.195024004223,10063.26402481979,4572.268887546146,1.103040305995914,148,0.5324672460648417,0.9712835336205708,cluster_5
307557600129100086,,342.25434310813847,10066.376971782607,4566.641050295817,10063.11177626069,4563.735007543773,10070.81664501329,4569.890819894632,1.5107961468677655,121,0.6769626239069132,1.0,cluster_5
307557600129100087,,269.3229518621301,10052.84862580443,4569.277918145112,10050.431284423445,4565.330372347855,10055.65024910899,4573.255337339621,1.6587522984872374,78,0.800508116883454,0.9636918013922554,cluster_5
307557600129100088,,1343.577395302411,10017.290840329251,4569.334917501584,10005.30957001174,4565.03859054251,10031.191933461569,4574.025212076069,3.038662919046625,369,0.5210138048705516,0.7548882997516329,cluster_5
307557600129100093,,596.1160075709537,10034.726611265824,4571.674045487139,10029.73990232295,4568.49409991464,10040.790222849651,4575.7155425356,1.4835233988042464,210,0.5203149901662933,0.9799248294961892,cluster_5
307557600129100094,,862.1457242013965,10055.411982027435,4575.788799366553,10050.135920306904,4569.884748439231,10060.645560253197,4581.66719229094,1.3350623910902528,285,0.4223917623434837,0.96995783944098,cluster_5
307557600129100104,,314.6593099703314,9962.23915070838,4581.225976737696,9959.339565460026,4577.29944527328,9964.97260954282,4585.199447513631,1.5086485951978883,31,0.6995239558046533,0.9767103480755224,cluster_5
307557600129100108,,1163.7096281816378,10017.177890391496,4581.868625125558,10004.567508852842,4578.105328271744,10028.071208685918,4586.514690408921,3.015075830397217,290,0.48831874825515,0.8392397645869839,cluster_5
307557600129100113,,652.2635154455245,9959.993789139042,4589.235004245809,9955.613547119545,4584.1709181372335,9965.139358321268,4594.12934633787,1.1936460361278285,91,0.4801310686878112,0.9705386686915264,cluster_5
307557600129100116,,3024.635936267889,10002.372108321591,4596.772185673977,9993.729705184727,4582.827213580559,10014.973737586546,4608.444641723945,1.548079296989834,511,0.3108359013157388,0.7740121646491416,cluster_5
307557600129100121,,239.33280087457544,9976.294391550397,4593.7701150262255,9973.417920380096,4591.1293426656885,9979.866547236268,4596.424873742442,1.1611737607524828,42,0.8124444264600631,0.9770461823980852,cluster_5
307557600129100122,,1096.5141875583836,10027.584460485194,4598.941363102472,10020.181516290722,4592.4733111679225,10035.410184622628,4604.442529202932,1.81402561185318,205,0.4054224625521972,0.914808371354451,cluster_5
307557600129100126,,845.9925706260334,10016.981906658675,4602.35459919368,10012.413320239337,4596.782000164172,10021.801457735775,4608.252279152519,1.4848517868968485,209,0.4239244456026929,0.9807708788299296,cluster_5
307557600129100131,,1651.606597717354,10064.590561778356,4610.809479116363,10056.910974828796,4602.902374708109,10071.908776146109,4619.882231370655,1.4018522643889364,247,0.3291497072279296,0.9195141936701944,cluster_5
307557600129100134,,1574.8030327410793,10098.398279326591,4620.715254035335,10090.279331588266,4614.107838146027,10107.184972643992,4626.945665173424,1.4588218998438962,306,0.3394816932599007,0.909170124397453,cluster_5
307557600129100138,,1691.8695372871266,10082.235954101156,4626.142198903609,10069.888231874444,4619.730454735511,10093.190967201546,4632.449743630314,2.504213514279896,349,0.3595334613299789,0.8918481668434424,cluster_5
307557600129100148,,394.1278947497659,10095.51208765498,4634.479982451663,10091.946336670995,4630.1761658419255,10098.978968013473,4638.483904850669,1.2165790423375538,92,0.608456469120256,0.9875289649155042,cluster_5
307557600129200027,,874.1763794487249,9961.31085681656,4533.025081260997,9954.633572158127,4528.902578599656,9968.883180471452,4538.268902115012,1.5250561696778966,186,0.5709304287045455,0.7638009695083229,cluster_5
307557600129200032,,1251.7555072160997,10073.76194997256,4543.759535408833,10066.97497856466,4530.607808981369,10081.217369416843,4554.834514776742,3.523993553037256,330,0.5201330606423503,0.7698107896074892,cluster_5
307557600129200035,,3032.969419852351,10007.329382753394,4544.07488990294,9995.267593607374,4534.043535372397,10018.107252506175,4556.09104403408,1.6587012659959866,360,0.253835348736879,0.8666993769149807,cluster_5
307557600129200036,,270.3330808937812,10036.93769233368,4537.683672216598,10033.040793426086,4534.342954929443,10040.91321490999,4540.712098265218,2.537875117130091,83,0.859747889782841,0.9232474813686822,cluster_5
307557600129200041,,478.6715503045441,10065.787531791557,4541.962523914451,10062.47324914039,4537.782794077714,10069.74424493902,4548.159882314971,1.4532623173960182,158,0.6598878944752405,0.8693247960679202,cluster_5
307557600129200042,,1839.836210815312,9954.515745102965,4546.909021767714,9947.085816586732,4538.813602705581,9964.637684664614,4553.793504298617,1.2938779536140426,262,0.3015374438997572,0.9464405820723378,cluster_5
307557600129200043,,604.7785420274788,10058.151347722756,4546.351692003157,10052.626135138931,4540.95113848945,10064.441814833704,4550.986989685815,1.8014937405828384,195,0.6271909071316742,0.7747702026463686,cluster_5
307557600129200045,,655.6240521019356,10048.870021817202,4547.459240788857,10044.460042281726,4542.960231453999,10053.12178387007,4552.477515232181,1.1327797620180706,223,0.509181381402887,0.9124526102504952,cluster_5
307557600129200047,,422.9775554184812,10016.996199990592,4551.503472550645,10012.087178597269,4543.126641182514,10022.947736253478,4558.479107549919,3.1331038157560167,67,1.1044391426489824,0.5502386365567324,cluster_5
307557600129200048,,455.4897680905134,10037.15870380703,4550.041822579093,10032.951574759656,4546.518997045143,10041.032589320428,4554.462917317091,1.4767956580619828,136,0.5862675819747741,0.9675154628293784,cluster_5
307557600129200049,,439.540968012868,10043.987823525938,4553.288543236143,10040.201771063355,4548.5659906162855,10048.512857782487,4557.440201589118,1.2211421067548731,142,0.6906564866265902,0.8734477671978996,cluster_5
307557600129200050,,290.6648350096392,10072.395331261603,4552.563856039343,10069.523623718142,4548.834795941379,10075.664682718045,4556.059618778357,1.4664154644943312,115,0.7446442849674019,1.0,cluster_5
307557600129200051,,679.5596895821773,10066.128313723964,4554.134943300726,10061.147824799502,4548.947051428294,10070.921990486611,4559.063700623477,1.2938955162731696,227,0.4922194348464841,0.9210215985183884,cluster_5
307557600129200058,,569.4705626317295,10056.64801156066,4561.609135788935,10050.295158993376,4557.516141575296,10061.934678330594,4568.911749937282,1.1081084153475962,175,0.8004775369728561,0.5927909935375866,cluster_5
307557600129200059,,1236.2577782553203,10033.283449842693,4559.657418364648,10024.749538725957,4554.576778337336,10043.665639673409,4566.012536126482,1.5380330390692676,443,0.4585286936169924,0.787018094564647,cluster_5
307557600129200060,,1294.6899606605596,10016.572367916951,4562.425757165885,10007.072106800684,4556.490588185798,10024.599911236066,4567.941916256834,1.7364814894703144,362,0.3955272339970123,0.8692893288708856,cluster_5
307557600129200061,,783.8342029491675,10073.825980239284,4562.458044751216,10067.776186364705,4556.590675877962,10077.966644521204,4567.571499468933,1.068008776903788,270,0.4975902448397685,0.871014655450151,cluster_5
307557600129200062,,783.6721017680427,10003.58182663452,4562.328493397389,9996.01946237592,4557.658362044917,10012.747118106252,4566.841077384184,2.4556547575079786,71,0.5579023669547508,0.8512580700201096,cluster_5
307557600129200066,,954.767697303146,10045.449287868638,4566.905046196879,10040.189284573871,4560.955646324687,10051.454088871702,4571.889604850457,1.0280461084844668,328,0.4041987043936864,0.9510749139056776,cluster_5
307557600129200067,,1672.4284286320033,10091.636274970764,4574.229696109247,10084.58126701054,4562.104827008017,10101.167742847256,4583.816613579178,2.3849756570733898,360,0.3708205542799166,0.8912333177060789,cluster_5
307557600129200072,,2131.8670118269984,9949.999571285263,4575.146303671724,9938.642808515526,4566.2297594179045,9962.388568494753,4582.683517369889,2.1618758887680816,319,0.3208383744437172,0.8496570712584658,cluster_5
307557600129200074,,1134.7686997794929,10070.20902740246,4571.915392446585,10060.816504853075,4567.390485411434,10078.20870281862,4577.2580090779065,1.390193294308145,313,0.4171220118157807,0.8982370583010785,cluster_5
307557600129200075,,1093.8592782918072,10010.399275347909,4575.913107219334,10002.639419180765,4570.038784787795,10019.905727765954,4582.677114674656,1.5023894594288785,226,0.5425252537925607,0.7517538949440435,cluster_5
307557600129200076,,778.8162860643647,10024.344821400333,4575.936661202606,10017.848157430006,4572.0752868512045,10030.444882136417,4580.23861502114,1.6117474683108717,236,0.5178141121890231,0.8928140298242695,cluster_5
307557600129200077,,1018.968036218968,10044.859124341843,4576.151896524225,10038.168813203018,4570.801184849976,10051.045500713377,4581.793516487412,1.2798458121408045,293,0.4084059456791338,0.9405533641940884,cluster_5
307557600129200080,,1310.592625910178,10062.010857003226,4581.13607402495,10054.847840708935,4574.343217717311,10069.76909132452,4587.894317161351,1.5434856223994835,299,0.3671285063775822,0.9136965740113626,cluster_5
307557600129200081,,1350.0804694828732,9969.716802966212,4582.787928699893,9963.057249487776,4575.201081665552,9977.13003679689,4590.187061526345,1.4424332182811546,155,0.3705999760458521,0.9034557765221763,cluster_5
307557600129200082,,921.5190622715952,10049.24432067624,4584.618114333861,10043.821152818567,4579.448377871118,10054.863540145469,4590.078581769944,1.1678374515069214,272,0.3990913239457378,0.9800506857642862,cluster_5
307557600129200083,,2035.2319372427253,10035.664532118217,4586.645262985648,10024.49807822082,4580.373809503078,10044.921323990193,4594.425865117135,1.6404710903450423,504,0.2899372833667725,0.9567698396737028,cluster_5
307557600129200086,,1010.6920394967194,9981.050143190643,4588.842989513557,9974.23755587648,4582.997691069928,9985.84599875274,4594.83201807335,1.0226032092348247,105,0.4077631846908432,0.9362408322925382,cluster_5
307557600129200089,,1581.5351752007366,10021.02426508852,4590.968157667973,10011.58935815838,4584.909984797914,10031.593800732942,4598.274035626584,1.7463518658172317,290,0.3496183686648167,0.9396015968971982,cluster_5
307557600129200090,,1932.947831130712,9989.976035205184,4599.197462075473,9982.920267083397,4585.461350683156,9996.407699666615,4609.950498942966,2.22897398129775,244,0.3377870464525817,0.8778215377600456,cluster_5
307557600129200091,,1022.8171099600328,10010.216439099766,4592.528397147266,10004.091913962568,4586.639240833078,10018.218038381316,4597.620139138478,1.0804912603481167,158,0.4156910839730505,0.9241056954940168,cluster_5
307557600129200092,,1732.807118258717,9968.017317179416,4595.581063798964,9957.626566806612,4587.509162845183,9974.930654787877,4604.128970641171,1.3897610433837493,204,0.3481272781290455,0.8624243633071932,cluster_5
307557600129200094,,1737.353027830537,9980.42924647984,4603.034564518352,9973.315587628762,4594.3342050739775,9987.202291876732,4611.017955114498,1.1563225830590618,120,0.3170079407412771,0.9126808860867898,cluster_5
307557600129200097,,3254.122207587759,10044.705978539889,4605.974008044476,10026.079727466173,4598.507354349144,10059.88896016361,4616.065988519496,2.626996863984614,656,0.2874598201904502,0.8510677656130055,cluster_5
307557600129200098,,1592.6310917750516,10098.85871057999,4608.578041665415,10091.98694988852,4599.082361599349,10104.529171879392,4617.049112611028,1.300783135320665,199,0.345444944889933,0.9146955639508768,cluster_5
307557600129200103,,2135.194100508963,10028.135767887274,4612.394092986473,10016.975039212277,4605.391279392954,10039.71078760195,4618.597335161952,1.7597272336414795,324,0.281105230680109,0.9614958763125522,cluster_5
307557600129200111,,299.6721488747436,10072.63019530877,4619.610683573745,10068.524143372031,4617.135953971114,10076.511532466102,4622.186288712757,1.76174544163902,52,0.7208063804396873,1.0,cluster_5
307557600129300021,,531.5936568216573,9985.613363019676,4532.876206584216,9981.224333537226,4526.428131838629,9989.18981732493,4538.867745869653,1.153175420416824,112,0.8098781353773947,0.7714165296706306,cluster_5
307557600130100040,,677.3803151234658,10106.738957375324,4633.649865807285,10101.18419833556,4625.742313330999,10113.835960649834,4640.874664716643,1.4718459655622356,179,0.8728360201935501,0.5295502838743557,cluster_5
307557600130100046,,1033.4431530576896,10121.790708987455,4674.489667656383,10115.643343517797,4667.082619614483,10127.429381272676,4681.172669203155,1.2125178241358905,91,0.4330892303975315,0.9150193613194516,cluster_5
307557600130100050,,1574.255288887808,10138.76683529262,4704.09572079939,10133.370231072628,4693.160371600367,10143.754585868855,4725.147383106436,3.087604214119644,337,0.4705415365616932,0.6430773106964578,cluster_5
307557600130100057,,1720.3352296153855,10140.93658545744,4737.369450685371,10136.366426236918,4723.321862452213,10144.536923761356,4751.325289183098,3.4660048801237124,322,0.4039041244845432,0.8760567823029739,cluster_5
307557600130200062,,1525.6527853832802,10098.113609487891,4591.37802826472,10092.54727366639,4580.226526264994,10103.987358757324,4602.5093293124055,2.340542906905291,309,0.3737944065558066,0.9048853141790038,cluster_5
307557600130200085,,535.0738968823764,10102.107480589506,4630.170268089055,10098.157929877563,4625.4326902759785,10105.592354928693,4634.808854814013,1.1684300459741728,104,0.5224769664426175,0.9878200296364634,cluster_5
307557600130200091,,1210.1962035977272,10102.549779692416,4643.684216201858,10095.818449310762,4635.079009139663,10110.446261568906,4651.320337658623,1.887930373422868,226,0.4252367369484769,0.8818369535306805,cluster_5
307557600130200092,,889.3182414953549,10110.23454991886,4641.607640792088,10104.406218900593,4636.0111223793365,10115.58104823961,4648.553799414323,1.5994345850746916,336,0.4476321360251472,0.923871654622632,cluster_5
307557600130200096,,1015.9196021215116,10115.612041622717,4652.589869134645,10110.6409138255,4643.944902113048,10120.636905823074,4659.477514752296,1.5398848647579662,329,0.4201672009196064,0.9235331525565852,cluster_5
307557600130200104,,2048.3199061232867,10123.50449695093,4667.652446289748,10112.550831134473,4656.311867746452,10133.006045615606,4681.321393782415,1.7897894469597706,542,0.3826705349084935,0.6817306280697906,cluster_5
307557600130200120,,2403.787679170298,10128.86150801023,4687.022844422377,10113.81292416296,4676.301945856259,10138.676915323258,4698.399279803476,2.0590630360666933,596,0.3435410914192403,0.796864644916478,cluster_5
307557600130200137,,1309.097802950648,10128.209906418982,4712.861880521821,10121.276409185288,4706.066525332417,10136.159380781572,4719.876218506213,1.6941379185286425,31,0.3632556487525087,0.9419260153830916,cluster_5
307557600130200142,,1866.2496126643448,10134.938560999435,4721.819520187452,10127.834242344854,4712.461888247648,10142.110385118174,4733.287048014461,1.6056564971351583,214,0.3324463745833044,0.8781117228664054,cluster_5
307557600130200166,,2017.4173131904795,10144.462356819366,4759.714234543674,10136.183289602575,4749.731173253424,10151.398147914302,4771.520673562231,1.7357568647888637,316,0.2974050050162742,0.9375196277735448,cluster_5
307557600130200198,,1167.3848793333473,10150.336155154731,4800.071967228679,10145.656870407018,4790.446414691987,10155.008849794764,4815.557495700458,2.9916859480202818,207,0.5770648821317402,0.6937384824357288,cluster_5
307557600130300040,,651.6902356217381,10145.06961281648,4808.002390434839,10138.760287022324,4802.630221941823,10149.866200196147,4813.308903021756,1.4816822135418208,53,0.6041559977082541,0.8188126206529923,cluster_5
307557600145100019,,1456.0248647551457,9536.483405251203,4857.152202055382,9528.803574835973,4843.050647624571,9543.37367649339,4874.093017300519,3.656821944666687,271,0.6360278824536714,0.6321963694433327,cluster_5
307557600145100047,,486.8245473966903,9541.374990395818,4950.518300583374,9537.76544246049,4946.374966172021,9544.820701160726,4954.981245612013,1.308465480007323,59,0.5561171971704965,0.9760134295240416,cluster_5
307557600145200027,,1584.9307838422687,9537.07534592096,4840.2233123110245,9532.683493210896,4825.946508181342,9543.564599107936,4855.714977499041,3.081888241545633,468,0.4727354073564176,0.7456111163489172,cluster_5
307557600145200049,,1597.382999131149,9532.377217513136,4893.766518461517,9526.641726553498,4882.748336221548,9538.717528705658,4904.100437342087,2.320299792031343,309,0.3484275697925932,0.9339405005922218,cluster_5
307557600145200052,,1359.966852263366,9539.03603793672,4937.783961866141,9533.75874905662,4928.465724844145,9543.982319425728,4954.140860999016,2.9839381348221403,207,0.4702865990313149,0.689036878544167,cluster_5
307557600146100012,,2416.2646687483443,9537.563044960749,4917.2470817282965,9531.183042449611,4898.762462990084,9544.42447055444,4932.135537195311,2.655971009790232,478,0.400201471666508,0.7350173785736372,cluster_5
307557600146100017,,1052.306577740325,9584.92703742632,4968.286054910584,9579.328925125958,4960.9525018971935,9590.138323076557,4975.445153975374,1.743073522874569,68,0.3976524548707329,0.9511141829043356,cluster_5
307557600146100024,,1910.9044047993136,9590.013911298962,4981.480101075763,9581.2415664338,4973.042571661086,9599.161216059803,4991.1470396278,1.1413596215388242,320,0.3371508714263341,0.8329116182930719,cluster_5
307557600146100025,,1162.2514902688054,9550.005963219724,4980.041439809708,9542.972273542937,4974.505006612544,9557.256983391142,4984.8640679033015,1.388090218303664,110,0.3900683775097766,0.8945397808994716,cluster_0
307557600146100026,,2261.3930957148928,9623.36268757214,4984.821765118958,9613.617246241269,4976.614044386765,9640.728370298766,4993.345911608964,1.6941410019879424,511,0.3654018424400567,0.7107738126138752,cluster_1
307557600146100027,,1788.472389768039,9601.233039397814,4987.986291167636,9594.012538805277,4979.097968668691,9608.764084616028,4998.448184009151,1.432259330459474,432,0.3572615981521551,0.8008664125230759,cluster_0
307557600146100032,,1588.340883954806,9665.535330397406,4993.157630149878,9654.333891950177,4985.697150196882,9675.414254754678,4999.537655914156,1.891866675453885,278,0.4165280531457354,0.7409890088052723,cluster_5
307557600146100034,,1152.3938934819837,9643.582525550895,4994.179533026033,9636.414358850923,4987.953698717294,9649.756751433142,5000.776762424502,1.4312688046938824,381,0.4028065091995466,0.9180221407189268,cluster_1
307557600146100035,,951.8562624117718,9613.59484078918,4995.792544663897,9607.87972013107,4990.225384191956,9619.550355211875,5001.113967721716,1.127897352838571,19,0.3868881016068233,0.990636323637758,cluster_0
307557600146100037,,1181.0180031691775,9723.793066704444,4995.41172132163,9717.66809595782,4990.233011929093,9731.520637554697,5002.022292602354,1.2205566729109878,36,0.359699158631727,0.9863384407929292,cluster_5
307557600146100038,,1767.768445520729,9682.266139205924,4996.808638067366,9673.802872467564,4989.897116542053,9690.89843173348,5004.670331560843,1.29034518671592,355,0.3110041634084623,0.9206798217416658,cluster_5
307557600146100048,,774.8699169703337,9669.035607591446,5003.225607865657,9663.31285693056,4998.972900175474,9674.795200178003,5007.688868180565,1.006921058349449,209,0.4466304943453539,0.9721991192805456,cluster_5
307557600146100049,,1867.2157933658627,9676.114616620103,5009.603585834781,9666.647370276263,5000.821752068119,9684.252679143372,5017.315399129105,1.0780603585776052,558,0.3328461498944117,0.8591229012166883,cluster_5
307557600146100050,,538.1284498604564,9722.027084485477,5005.446931833972,9718.054057380414,5000.80328711591,9725.877632759511,5011.009231781588,1.5988086591355637,109,0.5481120064648809,0.9758629221370256,cluster_5
307557600146100051,,801.1072806136945,9690.182963977477,5007.133984515497,9684.74448820892,5001.272198153914,9696.531162477324,5011.705351953631,1.3853839582798124,239,0.4490339768681136,0.9678305851753932,cluster_5
307557600146100053,,2504.7539010065607,9615.238729952272,5012.370100394154,9606.566182030609,5001.627335434827,9624.326077639238,5022.0485031145945,1.299750019174716,340,0.273975456292447,0.9016272005601288,cluster_5
307557600146100060,,384.3335722653197,9665.826022242114,5009.604213724183,9661.089541718362,5006.042259270878,9670.314434805376,5013.38477450867,1.7977358245422377,127,0.6933038419311071,0.9118607861004328,cluster_5
307557600146100062,,1599.7449218478534,9712.28304288567,5015.018326190028,9703.15230800366,5007.625544666436,9721.36401868457,5022.683637305859,1.6835103974087215,515,0.3415634220456419,0.9281048991245684,cluster_5
307557600146100068,,1208.4609711570852,9626.780503044954,5017.899856628567,9619.004223588116,5012.53464428236,9633.982053661248,5022.689063206213,1.484477967312978,96,0.3543847799769302,0.9784405717136722,cluster_5
307557600146100071,,1881.813048791667,9552.097690370194,5026.257276682208,9545.928329797754,5013.656392282168,9556.64574958892,5041.812417421961,3.0332781948383616,302,0.4072107523482994,0.8333156167232766,cluster_5
307557600146100073,,611.1553389300217,9559.70505376994,5018.970898885549,9555.71198954532,5014.837256483015,9565.119745336897,5023.793360735708,1.4635238861896924,57,0.5086365334849857,0.968843423466354,cluster_5
307557600146100075,,2163.702069866401,9730.157140435336,5024.456873353104,9719.703726211625,5016.874018500082,9740.060270715376,5032.444948210377,1.779998918022183,762,0.2831478345277856,0.9406784137319456,cluster_5
307557600146100080,,439.06676206245,9633.63331576756,5026.674280448818,9629.145688961593,5023.159499493639,9637.98038633153,5029.841176378657,1.475923685052631,36,0.5855402866676561,0.9877011591477312,cluster_5
307557600146100082,,872.0912384150258,9744.570329073906,5031.640622150451,9738.824154888534,5026.008666771579,9749.656030902375,5037.732558559893,1.4221734132461712,289,0.4260699703532266,0.9999999999999996,cluster_5
307557600146100083,,1129.5938436055665,9676.2735788171,5030.865164577967,9667.078400234926,5026.132376872572,9683.878611015518,5036.199138403672,1.5888693169445762,264,0.4248502760553245,0.8795354445283105,cluster_5
307557600146100086,,269.5107915599244,9752.736259960706,5031.305064275685,9749.789862961066,5028.284807825516,9755.670648140172,5034.177636013888,1.2631570047780347,43,0.7255534297452504,1.0,cluster_5
307557600146100089,,872.8006796517135,9591.858253842647,5033.91804410181,9585.14087130867,5029.234046775452,9597.973693262802,5039.220236067507,1.1290932331702013,182,0.4374526178279741,0.9301113488685292,cluster_5
307557600146100095,,1484.6571968407293,9642.382441659483,5036.831084576638,9633.36785674957,5031.516498874978,9652.056981855798,5042.49947565792,1.7928858287504863,203,0.3367115486127292,0.9712746731294326,cluster_5
307557600146100096,,1041.1008980045983,9760.98148522933,5038.480714766102,9755.056895895805,5032.015738110444,9767.253717392232,5045.21533194958,1.180628511150824,249,0.4059891674972496,0.9216144272318476,cluster_5
307557600146100098,,2066.7763778917465,9655.612304173612,5042.183039360437,9644.89754737868,5033.572024299598,9665.862358659057,5049.949530843083,1.1240919236846214,580,0.3235074086096692,0.8511471174042172,cluster_5
307557600146100099,,1414.7223114318756,9706.009182190845,5040.429912715554,9699.12209661461,5034.06829299478,9713.532796808591,5047.990347544683,1.1368103300579555,409,0.3371533580662662,0.9661141640951476,cluster_5
307557600146100105,,749.8141357223476,9689.52984760345,5043.811073273079,9684.265662200163,5038.104597739877,9694.677812276816,5049.263673507865,2.01797609398963,104,0.4670087849517509,0.9901792412513104,cluster_5
307557600146100107,,868.1224496190174,9681.396351117766,5045.327971561678,9675.919749559123,5039.2708618263805,9690.075500821133,5050.58416680116,1.1623762211932325,122,0.5072073445056886,0.8036139314185601,cluster_5
307557600146100114,,344.723693419414,9768.950828036364,5051.98744024154,9766.319897046158,5047.694090376748,9772.310446592264,5055.526180675857,1.5782042051946583,70,0.690922935576352,0.9664522111155878,cluster_5
307557600146100115,,887.0179724333536,9642.443278192392,5052.032798945706,9637.128861392035,5045.8989321997615,9648.154654099291,5057.063969275748,1.1974318851747463,228,0.4175198705587681,0.9707383233548788,cluster_5
307557600146100119,,571.6492333782512,9775.384609145056,5052.829630768009,9770.13704212685,5047.184231709731,9780.617026523723,5059.295626056033,2.521033057688248,64,0.6359213758563454,0.9056225803224152,cluster_5
307557600146100122,,833.8959812094448,9688.200098131618,5053.120763735414,9682.59253469815,5047.981905784814,9694.48078758978,5058.237353209592,1.4407768726773098,175,0.4503406461888946,0.9522142279417916,cluster_5
307557600146100125,,705.9597405039946,9608.686248900063,5054.415033948374,9603.735373684343,5049.2073407918015,9613.55747743089,5060.271345887306,1.2263533492626415,36,0.4612382470053163,0.9815258381956028,cluster_5
307557600146100126,,181.65208668096892,9786.325896814737,5054.590062486833,9783.02125509939,5052.912245324544,9789.939448588564,5056.235433419185,2.201393400265255,32,0.993834929895226,0.9564731921982464,cluster_5
307557600146100128,,509.2973543468934,9662.365053288106,5055.203739006228,9657.208736670636,5051.647652879288,9667.862515631468,5058.568300682665,1.9489533527987848,107,0.5706240806644329,0.9857732550775734,cluster_5
307557600146100131,,1409.1051615377596,9761.389806667232,5062.8334712743645,9753.538355868825,5053.222254992599,9767.869476752405,5070.751614167544,1.4787925082827784,284,0.448099226771788,0.7632792814492191,cluster_5
307557600146100132,,233.88497922148755,9723.814242076049,5056.660224448889,9720.838627051764,5053.411691700581,9726.410789095367,5060.065673965809,1.9496670594586176,51,0.8423619385689712,1.0,cluster_5
307557600146100133,,783.7960415938447,9614.832555803356,5060.089457666087,9608.289384823054,5054.444325909057,9620.399952031246,5064.928118459395,1.0168073834690818,186,0.4596740677825309,0.9414187648635084,cluster_5
307557600146100135,,390.2747374460365,9703.58745115813,5059.1556437229,9700.550725860388,5055.052225358331,9706.61198570194,5063.652469780766,1.495957572275102,125,0.6162302841017446,1.0,cluster_5
307557600146100136,,789.4851906683152,9652.83337470758,5062.068870893795,9646.346159211997,5057.794125580869,9658.779781135428,5067.621811961935,1.97709195956442,167,0.4795989160053224,0.9305962492185484,cluster_5
307557600146100137,,1752.7310211281974,9711.284069741874,5061.068334535184,9703.088468313685,5051.030733486,9719.924836290947,5069.1054657806,1.6599745365420029,359,0.3747969300341677,0.8453535774819749,cluster_5
307557600146100139,,1025.2037490450157,9662.29744362974,5064.007633524686,9655.68367289682,5056.812538053007,9668.541376068006,5071.432768827435,1.995150604405101,202,0.4366976422161938,0.903462640064608,cluster_5
307557600146100140,,1062.352006808822,9671.12316499678,5063.074066783639,9665.197328597556,5057.009125062299,9677.272044069345,5068.862379026153,1.4520798971893258,232,0.3727653402435577,0.989083525324681,cluster_5
307557600146100142,,573.146875113016,9784.513047243148,5061.490471904756,9778.591185421872,5057.19399465879,9791.748637835772,5065.156099865109,2.6683135823236723,47,0.6135675208230245,0.9288420998501526,cluster_0
307557600146100144,,1259.598760405244,9683.361208472952,5064.759365815092,9676.602529521724,5059.315453068311,9689.790087844494,5071.158146028878,1.1237392565370066,261,0.3477527546637494,0.9597062619233058,cluster_5
307557600146100146,,524.4927633283032,9692.326322238618,5065.874481254715,9688.961581002102,5060.958347262069,9696.001194344932,5071.0826192743525,1.2676214572971738,145,0.5463322681054431,0.9686215794934708,cluster_5
307557600146100148,,1168.3074598880726,9638.099991394252,5069.48720051629,9629.030827087125,5063.233292663537,9645.539039760664,5075.199793700775,1.880359318029688,319,0.4179659014235101,0.8953657593436931,cluster_5
307557600146100149,,489.6628470460413,9696.873324991611,5071.7850028338735,9693.465849723343,5066.165229378212,9700.270068814156,5076.2677727899245,1.5739554218398806,144,0.5723886739378182,0.9905693877084653,cluster_5
307557600146100151,,763.9273886822975,9630.887705121817,5075.489401615915,9626.533251709068,5067.730240662477,9635.17133203651,5081.98537411394,1.921621997930993,237,0.4927634323840171,0.9242689493209116,cluster_5
307557600146100152,,224.18626579668967,9757.052280976204,5070.082885822035,9754.464579042296,5067.330633275818,9759.531629194766,5073.280094961601,1.0087693959802737,68,0.8167950593521371,0.9780458368379662,cluster_5
307557600146100154,,722.8848717822054,9588.69935481269,5072.181982333638,9584.338971675494,5067.005448039266,9592.62804130273,5077.962178115788,1.3261100174356653,66,0.4546217210362592,0.9773991182703125,cluster_5
307557600146100160,,222.10528398586564,9690.388191003402,5072.198062438741,9686.859721444724,5069.307005353754,9693.92475960495,5075.040078329199,2.326297964852449,63,0.9079313552161902,1.0000000000000004,cluster_5
307557600146100162,,503.1913900855816,9731.78074534899,5074.028417073779,9728.05658253929,5070.3385955332105,9735.964967127928,5078.668239820918,1.1371889740785472,130,0.5473130172262427,0.9764942025586768,cluster_5
307557600146100163,,496.56465198612426,9765.545142021276,5073.851508059853,9761.523474532054,5070.043184718754,9769.855926021626,5078.415289017601,1.110112960252884,113,0.5620977639037904,0.9543046622420284,cluster_5
307557600146100164,,120.8611880174779,9760.25639145609,5073.791215525726,9758.108429627697,5071.617472787653,9762.125851352472,5075.749669176951,1.0256932303140234,46,1.0928418404386322,1.0,cluster_5
307557600146100165,,1388.6419810128275,9639.938880982983,5081.709886632326,9632.545739640678,5071.267618932228,9647.70987080754,5089.354984940778,2.0718266826731773,371,0.389888437977563,0.9083179485181132,cluster_5
307557600146100166,,404.31336583316295,9685.67393613728,5074.435259335143,9681.725765800467,5071.026767020323,9690.034413930884,5077.962178115788,1.779705839917227,114,0.6219682199921791,1.0,cluster_5
307557600146100167,,697.1152065747494,9659.573908492866,5077.513025246143,9655.266441555685,5072.203691691793,9664.446207109995,5083.096401238498,1.4754981792449955,186,0.512253532403078,0.910430831302553,cluster_5
307557600146100173,,364.9411158287048,9726.812302965382,5078.103390423791,9722.472288638866,5075.227599513515,9731.377364119517,5080.817463380086,1.7144794813235271,80,0.66255295079116,1.0,cluster_5
307557600146100174,,1236.0730668278636,9697.322846093424,5083.178315864466,9688.671147993404,5077.158979450791,9705.244631596572,5090.300495494392,1.7404239460050557,247,0.3909760219309257,0.9298555255997114,cluster_5
307557600146100178,,318.4710559603237,9705.08874786335,5082.621372972127,9701.887893391126,5078.962238791655,9707.807931028849,5086.917670256986,1.6076948324611,105,0.719476661100412,0.9766079245082012,cluster_5
307557600146100180,,488.2122121917946,9764.153927854684,5084.121146318575,9760.55832170319,5079.637081713934,9767.989727194128,5088.342083621381,1.3055653760875456,184,0.5536228881021209,0.9792475643290812,cluster_5
307557600146100183,,563.5112855454013,9621.981219851486,5086.395417356261,9616.586674779215,5081.876516243627,9626.774921910324,5090.567534542352,1.2381026974068787,200,0.5379270948345508,0.9699430740144402,cluster_5
307557600146100185,,1339.3479058375274,9595.789001029474,5090.280627791922,9590.255488302137,5081.700290099789,9603.139211740943,5097.928101027106,1.301123922559915,180,0.375865379969059,0.926500002079518,cluster_5
307557600146100188,,637.8936658800495,9680.562573753345,5089.120651334112,9674.9661264969,5083.615203701631,9685.55328697474,5093.70700493052,1.081279358230473,211,0.5450511840362785,0.8597668250661727,cluster_5
307557600146100190,,534.4714593802498,9778.063550063753,5089.734504392088,9774.953350847603,5083.189366497683,9782.281395942564,5095.396584187902,2.0337643700265,49,0.6284908788336571,0.8677719125263429,cluster_5
307557600146100191,,331.65860929109846,9631.305938255857,5086.075773224945,9627.56430316635,5083.033748324266,9635.39095305769,5088.807378897409,1.1668923511558589,106,0.6638297130578271,1.0,cluster_5
307557600146100192,,1316.5501276435891,9752.322366062785,5093.449758153679,9745.235766529448,5083.415615392906,9759.867103895314,5102.451416450371,2.945374007954925,210,0.4067839892468608,0.932438352087934,cluster_5
307557600146100193,,613.0435693020111,9654.489457586227,5089.046794973178,9649.624308126982,5083.894575198016,9659.38594983854,5093.674853257171,1.899859087911756,105,0.5119732859744509,0.994304828261143,cluster_5
307557600146100194,,376.8307993185653,9665.735988201022,5090.304958595126,9661.988059784022,5085.507417298993,9669.6755129106,5093.6690716213525,1.0655754598568077,148,0.7783642473649285,0.8044940268471881,cluster_5
307557600146100197,,629.8605405839681,9730.170349725391,5090.51557396145,9726.42822834819,5085.99385671518,9734.427418306295,5096.1252954009,1.421780233233496,114,0.4929293979928193,0.991172688306172,cluster_5
307557600146100209,,851.7264076122674,9614.156027905154,5098.392174403566,9606.360673021418,5092.437553617145,9619.392475882578,5104.022353907591,1.1667507981919936,312,0.5165141267130381,0.8516684944876809,cluster_5
307557600146100215,,726.8362718558128,9647.95266859286,5098.552224416474,9642.512426943837,5093.1012073674965,9654.003075767754,5104.04577337945,2.157260004815952,111,0.4977424460839494,0.9670631443883978,cluster_5
307557600146100216,,731.3904881608528,9689.719724949338,5099.582668236432,9683.755723698798,5093.537193259822,9696.148871189454,5105.249927836039,1.4062962745921643,213,0.5404342477509944,0.8499860744794142,cluster_5
307557600146100229,,335.2757044527854,9683.858143232816,5102.222587154764,9680.433026714154,5098.440753751303,9687.314592210254,5105.018109890352,1.063328918965181,93,0.6639138953687027,1.0,cluster_5
307557600146100230,,205.27940727691976,9621.558382719097,5101.976695483384,9618.73539432182,5099.099511561263,9624.619135710956,5104.669595434301,1.8803583233526888,43,0.8918401384639536,0.9859971197988248,cluster_5
307557600146200004,,1022.4311037835593,9532.715820764675,4876.537463200526,9528.104137019332,4866.336767001915,9536.421335396171,4884.95859302908,2.268333375002697,207,0.4850155020117589,0.8308966185780455,cluster_5
307557600146200005,,1948.6134933747933,9539.6761198901,4874.982906533821,9534.489254162576,4861.829627034254,9545.58780977561,4887.688485592314,2.577019376749188,192,0.3453415523297538,0.8894661065626357,cluster_5
307557600146200010,,855.209830243846,9544.633893345765,4960.831212137548,9539.058131015274,4952.608761129018,9549.7975905848,4967.882491283963,2.362711324359452,75,0.518229262880515,0.8944260965182177,cluster_5
307557600146200013,,1076.2411920325603,9550.519186990348,4970.380305989659,9545.035041054716,4963.437320019519,9556.0772239592,4976.834364936814,1.196214071471315,151,0.3902297865595167,0.9443411479012094,cluster_5
307557600146200015,,766.7477209895626,9578.766263637446,4976.216075092591,9574.132054174404,4970.902622861335,9583.008664239656,4981.998634774615,1.4723788915514742,100,0.4454681856427954,0.9887801422644136,cluster_5
307557600146200021,,1121.3164782596857,9549.454576533926,4989.907396439601,9542.685760365825,4981.14879747176,9555.445037006037,4996.451466782599,1.518448470374065,137,0.4450163380693737,0.816664798550103,cluster_5
307557600146200022,,859.2272020055136,9609.243989132185,4987.087230274199,9604.175420341568,4981.904301918943,9614.00589249332,4992.388612149539,1.0289826427052997,294,0.4114969371315959,0.987492508416038,cluster_1
307557600146200024,,1139.7016034558876,9632.052132027857,4989.727258192396,9625.485835789148,4983.548132592449,9638.502336154632,4995.066236431701,1.2255598372348562,417,0.3572951294744592,0.98414232081575,cluster_1
307557600146200027,,940.548868509606,9652.83479575085,4992.921521099023,9647.68019873407,4986.691333844745,9657.817157029296,5000.331447884589,1.3710743200060522,133,0.4208047153836477,0.938744454171989,cluster_1
307557600146200031,,2027.7720859388387,9709.359835395737,4999.2173081743285,9701.226157523157,4990.435603156569,9717.89877059883,5008.301822419535,1.1235281907700272,165,0.2824122467958422,0.937460356492434,cluster_5
307557600146200035,,2551.741841147385,9633.92270243138,5001.723691472193,9618.67450578952,4993.993891856423,9649.180327388916,5008.18706325275,2.1597746635264743,301,0.3100591281838302,0.8276120680920724,cluster_4
307557600146200038,,1724.3003368967525,9550.388815032942,5005.502740416186,9544.6119716695,4995.096536725818,9555.335764572535,5015.073042425813,1.851197428128852,280,0.3271673400802752,0.9516146011598272,cluster_5
307557600146200039,,1525.4522246483257,9657.213664536745,5002.069134461068,9646.931350138608,4995.763057309168,9665.986563785456,5007.898335984808,1.4635888942488184,297,0.3409916304859055,0.9507614279593374,cluster_1
307557600146200041,,1495.75969535517,9698.94913768707,5005.648709966975,9691.1154543523,4997.989770049086,9707.220497192337,5012.995709787379,1.5848187691533846,331,0.3557532646060931,0.8900332760008324,cluster_5
307557600146200042,,1245.1900663194592,9608.225907131842,5002.610819617333,9599.54639051416,4996.90656680727,9618.75459894021,5007.426859798516,1.906837836991311,154,0.4067344447049721,0.8756494451875005,cluster_4
307557600146200046,,1899.0719206092888,9568.892995631397,5010.245076967679,9561.9633177164,5001.2354529221975,9575.991033973169,5022.276812649541,1.5737111857452553,138,0.3619632739408791,0.8213418728397844,cluster_5
307557600146200047,,1600.2131054225415,9728.028640284874,5009.878515615986,9718.442678101092,5002.273265728254,9736.396302039935,5016.241213685842,1.257133952319483,307,0.3771672200343814,0.8286235155285633,cluster_5
307557600146200049,,1616.882012685388,9580.978219530543,5009.476281378388,9574.029923776749,5002.533254285117,9587.544548395905,5017.802515942152,1.078129378993916,144,0.3135295016996826,0.9535112839227566,cluster_5
307557600146200052,,3056.110531635052,9644.42303370722,5012.207155959987,9629.779092487242,5005.772029520161,9658.171276400748,5020.325478092585,1.961027152324688,703,0.2506507071744584,0.9495709896627508,cluster_5
307557600146200054,,1067.4227559943952,9738.860478182303,5012.979783778405,9732.375207955018,5006.598506137959,9745.898755500995,5019.162794426704,1.136923796147599,199,0.3867627839765503,0.9381639832592812,cluster_5
307557600146200055,,937.1358135625376,9660.765068374472,5015.395729917235,9655.307659885644,5009.685522085681,9666.046955547958,5020.758070568541,1.171930981955278,203,0.3876145909482263,0.9878430286527148,cluster_5
307557600146200056,,1449.4498472121634,9693.504431517473,5015.51952556635,9683.01093724582,5010.608743615945,9703.177023189655,5020.323059911283,2.155000344118871,361,0.4331195992230078,0.8903288764713981,cluster_5
307557600146200058,,2204.713174549386,9748.620459632266,5019.417630120959,9740.036096492497,5008.62012244547,9756.461474774573,5029.734422395739,1.3828465906594922,317,0.2749806465022575,0.930092335730502,cluster_5
307557600146200061,,1442.485703685092,9591.570795695696,5023.903740008062,9584.755619818829,5017.736720522241,9599.965357212495,5030.154912278389,1.3000811807026706,133,0.3209884142836842,0.9836920400441188,cluster_5
307557600146200062,,1627.4814264383608,9578.800624290703,5023.134702002812,9570.78376845758,5015.2502803821135,9586.005120505888,5031.36172319085,1.2158952210047198,207,0.3650590134824693,0.8724047391007741,cluster_5
307557600146200064,,1665.662396062873,9643.217760063862,5024.98452061059,9634.787952529316,5018.401147844039,9652.357867022522,5031.678961281126,1.3300925178114558,188,0.3156310400108211,0.9350536310320648,cluster_5
307557600146200065,,1771.261883918502,9605.378523596568,5027.9026906113,9595.98505704294,5022.0228985200165,9615.762100541417,5034.796464137407,1.905703175167436,144,0.3103029170532616,0.9712337199930724,cluster_5
307557600146200066,,1530.576016192393,9655.815592042656,5029.582349152463,9648.361757568868,5022.722516758592,9662.27716102976,5038.2029023012965,1.1154612873992842,282,0.3236458002534343,0.9498619219483544,cluster_5
307557600146200070,,216.75280957245755,9665.307736678466,5032.373832814682,9661.912358585358,5029.54367530126,9668.200275756846,5034.702869102601,1.6941255613494717,59,0.8734947405287982,0.9590603360448742,cluster_5
307557600146200071,,972.3126059691097,9583.024120651788,5036.086899919991,9576.989363372595,5030.73535743397,9589.0622340536,5041.888955918523,1.437191767669602,130,0.3974055601220177,0.9688891871226754,cluster_5
307557600146200073,,1046.0731406725074,9740.370189387217,5037.526826793298,9732.551296034815,5031.278590774277,9747.960226865627,5043.813377770548,1.842064394972449,495,0.4279936061262427,0.9047923581392496,cluster_5
307557600146200075,,1782.1738262942772,9694.089428708105,5038.632442844278,9684.698712949736,5030.504401633756,9701.947163621717,5048.524606847053,1.579212379631421,394,0.3472430088115726,0.8163655049936084,cluster_5
307557600146200076,,3998.952132309743,9621.205990702418,5042.942534192619,9608.351535443198,5028.794666492351,9632.779592088253,5058.555001157274,1.706205112536196,581,0.2485343133334922,0.85039371147042,cluster_5
307557600146200077,,1729.0387341400972,9772.956698736143,5041.16304011543,9765.532849494712,5033.312316039464,9780.45299779602,5049.405507525604,1.0505252309267743,230,0.3137654454575118,0.914679161164712,cluster_5
307557600146200079,,1192.8658611424455,9593.37211065596,5043.150899788377,9586.695815544386,5036.151877459457,9599.64015512588,5049.496577218241,1.2723229797014992,165,0.3697915046251903,0.9405773957581924,cluster_5
307557600146200081,,1223.084451580504,9670.070063477966,5043.451266646268,9663.798223659103,5037.326406417225,9676.900822180402,5049.065431281531,1.121943093321686,239,0.3660389755864817,0.9280545406563276,cluster_5
307557600146200082,,1296.6373220776263,9752.242443836238,5044.844908835424,9745.578453087404,5037.982757181164,9759.104313672266,5051.334362120711,1.5360660693517685,379,0.3495160234711922,0.95774213932053,cluster_5
307557600146200083,,1113.3233843042256,9558.518667483862,5045.721083038784,9551.203361984264,5039.292652393855,9565.290159198184,5052.477935237988,1.7528969406298367,115,0.3846538424782414,0.9691766800650268,cluster_5
307557600146200087,,1454.3999253549212,9715.57280702418,5048.91906374739,9704.453989342195,5043.348387371203,9725.946550338787,5053.944436903828,2.085777789482548,318,0.376977237518214,0.9120984186677816,cluster_5
307557600146200090,,646.0351776539151,9663.049676492185,5049.908802446807,9656.776887032633,5045.874838520531,9668.636070756764,5054.247280031615,1.6920267987647086,150,0.5224186647519516,0.9423275702482355,cluster_5
307557600146200091,,1550.9760419582865,9676.475118765256,5054.518455393482,9668.322463276294,5048.424261560525,9686.553613095211,5060.468391072553,1.5352356610673596,324,0.3424548840992484,0.9353005690460342,cluster_5
307557600146200092,,904.577405237199,9750.364937803874,5054.859509261733,9744.98169194974,5048.450067331936,9756.884223562509,5060.620238132951,1.7505673977290932,174,0.4336906557846278,0.9443404976480138,cluster_5
307557600146200093,,1371.0653499743717,9570.651631082284,5056.735091695417,9561.902834533805,5047.937365960695,9578.33227051116,5065.613684289772,2.370399882136092,193,0.3932984205352748,0.921656779666287,cluster_5
307557600146200094,,1616.1610198782662,9590.259786176275,5056.876764496707,9583.177436780205,5049.036775083501,9597.35408512592,5065.307156883813,1.1981022640736518,117,0.307660163830529,0.9636889648034368,cluster_5
307557600146200095,,1026.1814432491876,9729.394358160434,5057.400300854743,9723.296929627117,5049.263144117022,9734.968406015478,5064.780330748701,1.923119727677549,263,0.4471924345272883,0.8859154950969996,cluster_5
307557600146200097,,751.7613246113683,9653.193464191285,5054.352596171186,9647.701434265377,5049.422037703123,9665.33746694097,5062.354103467118,1.9248003368407856,226,0.7094885462636872,0.5413344705642151,cluster_5
307557600146200099,,350.1996664509326,9697.067655097506,5053.39976107255,9692.961723425618,5050.390202060473,9700.575969433776,5057.040312217248,1.5253929951105394,86,0.6607617269264433,0.9899446066065472,cluster_5
307557600146200101,,723.7206616291738,9717.791855415157,5057.03466611151,9710.201886431489,5052.427733339446,9723.628695624857,5063.40914220223,2.125771736859403,117,0.5449550243462258,0.8507482492874363,cluster_5
307557600146200102,,1539.3682246711578,9637.552719066894,5060.930005093026,9627.602199504285,5054.779591336101,9646.518664968637,5066.416284986333,1.6860161104725686,276,0.3451783511586963,0.9292029133574972,cluster_5
307557600146200104,,1001.6163725341868,9751.529070702252,5064.501056606639,9745.816563608698,5059.217270731423,9756.893823914868,5071.277076595122,1.083784572542394,251,0.4192726425971869,0.9187621600894902,cluster_5
307557600146200108,,1189.1537840135538,9771.956672597693,5066.5599204443815,9765.729475959011,5057.920440881738,9781.035178976264,5075.518946998651,2.089543811851454,366,0.5056812058357895,0.691445939663569,cluster_1
307557600146200110,,896.5185806944273,9777.577765821155,5064.899578932339,9771.640102319734,5058.50004603593,9783.127553323606,5071.653330935807,2.062931350287602,186,0.4361169507764654,0.9806167122656528,cluster_1
307557600146200113,,2017.023209922292,9583.277796966531,5075.188646220761,9573.465625375353,5060.7984160837605,9591.930655681192,5091.117534458825,3.5787683582347807,288,0.4030014315359946,0.7865116398535735,cluster_5
307557600146200115,,1184.4077664285512,9724.398466375986,5068.8170011863085,9718.535877112883,5062.079943800645,9730.23992393072,5075.9141408267005,1.1843003318634746,243,0.3771894060486577,0.9224619723494576,cluster_5
307557600146200123,,650.5277115510729,9789.883730920496,5072.22453390568,9785.94234579894,5067.308043511319,9793.502911079446,5077.185959139075,1.356466223089159,59,0.4806994463716024,0.9916742746919684,cluster_1
307557600146200124,,1641.5682463203464,9718.70388027506,5076.861039006019,9708.746923042936,5067.744717208403,9730.718118298486,5086.3463412859655,3.146907477796544,249,0.4120579210746089,0.869858035615478,cluster_5
307557600146200125,,699.8054611743191,9676.564337023025,5072.123940880093,9671.411183343418,5067.675304259041,9681.654620478084,5076.380800138439,1.1194838802854754,153,0.4539948908962979,0.9861154602701186,cluster_5
307557600146200127,,1029.636585125215,9667.694324651204,5076.008349554863,9662.209002950389,5069.344147262318,9672.437001504237,5083.356647116429,1.3658845148291956,232,0.3992109482981875,0.9318418059089176,cluster_5
307557600146200128,,517.488319008846,9649.469993411522,5075.2370088104335,9644.33163936528,5070.2658848846495,9655.751247860895,5079.073269014215,2.216938172263702,130,0.6330194656587159,0.9212568970214318,cluster_5
307557600146200129,,1146.9883564993097,9773.76230636462,5078.014410965748,9767.649971456,5070.771407943241,9780.191459433125,5085.001008142382,1.355037952803662,324,0.3720568225015336,0.9576531307933878,cluster_1
307557600146200130,,633.1571157365153,9756.370266433876,5077.180093657123,9752.92396769932,5071.046106928834,9760.712582790416,5082.932610023515,1.5253975313176025,208,0.5961091564225295,0.8046156874150445,cluster_5
307557600146200133,,1066.231261816245,9618.350959235016,5080.300977915917,9612.991964787672,5073.295428416435,9624.345748092746,5089.121600534072,1.7194161662203349,263,0.4145311735017102,0.9132887993612692,cluster_5
307557600146200134,,1303.2103245190983,9654.740375816864,5084.666700741596,9643.170750472356,5075.8630189558735,9666.118203141104,5097.027450194128,3.435494749148216,267,0.5605129633463485,0.6712767592597962,cluster_5
307557600146200136,,1261.862783697752,9739.33573776423,5084.684805041427,9731.642694760378,5077.512462769545,9746.0993720622,5092.0962787998,1.5579931920102863,250,0.387832903058447,0.9232589904179336,cluster_5
307557600146200138,,854.5105439650929,9759.127287940062,5087.160256878352,9754.424466506238,5077.246787577457,9763.135372111345,5096.208300974028,2.244264870364486,257,0.6182172199390018,0.7197969004050804,cluster_5
307557600146200141,,350.50350421633595,9663.135963056227,5084.743689720622,9659.180659635053,5080.889865562458,9667.098467135776,5088.573173296438,2.191772859879906,78,0.699421825208616,1.0,cluster_5
307557600146200143,,991.264131009384,9672.628399228432,5085.998683212333,9666.600951583214,5080.766637867587,9678.985641023506,5091.87191279041,1.069247031193954,269,0.400609090368032,0.9550434441805884,cluster_5
307557600146200144,,886.2755387817615,9712.96698689275,5086.088593479012,9706.834990970878,5081.363228555453,9719.102532918292,5090.885918592907,1.4093079532721535,147,0.4357459854180003,0.9545866062615044,cluster_5
307557600146200145,,1012.8641356200536,9784.226116091337,5089.192978647508,9776.484177094557,5081.327369141829,9791.694680482127,5096.368222863877,2.7244454173241213,193,0.4804626206203637,0.8879503822739027,cluster_4
307557600146200146,,686.1846738073407,9770.901425775615,5087.473835185946,9766.84797209278,5081.694841183056,9775.364095265808,5092.702128389284,1.2709057187921424,165,0.5137841613117909,0.9109075636215788,cluster_5
307557600146200147,,472.5756355219832,9765.299851408598,5092.4486512956255,9762.076411080225,5087.388144132894,9769.15757852345,5096.692264577076,1.446036776596658,158,0.6075541752392387,0.9127146300289988,cluster_5
307557600146200149,,1094.0029803355849,9696.323467238448,5090.986337646355,9689.71756169481,5085.135630896916,9704.305882640248,5095.900257255874,1.55983929696137,201,0.3970097846522896,0.9375838148459964,cluster_5
307557600146200150,,823.36135906929,9609.778471679105,5090.965808304608,9604.623067791228,5085.21966332506,9615.356940148691,5097.641754037187,1.4515687072678625,225,0.4769202527081693,0.8839161266989476,cluster_5
307557600146200154,,632.9908158558652,9648.447944533693,5091.23395899771,9642.631364565825,5086.43010501177,9654.807319672953,5095.49118679787,1.5731325876610602,126,0.5361783072151058,0.911757783043126,cluster_5
307557600146200157,,663.6527017009482,9717.14290435189,5095.555818866524,9711.187353523208,5090.079515181001,9722.36372942101,5101.770646791178,1.7735056300889551,136,0.6288781872714008,0.78791024298783,cluster_5
307557600146200161,,1628.7033966096233,9789.82757334884,5100.08339623723,9778.041485800682,5092.498555382131,9799.098584245146,5106.194848870833,1.722310069840887,271,0.3977857906773109,0.7729389295051329,cluster_5
307557600146200162,,1667.2707770891552,9675.14703334395,5098.016525128168,9667.363231474545,5091.874729101384,9685.463999447811,5106.012865474738,1.0860062786018865,461,0.3465094736178665,0.876158816127031,cluster_5
307557600146200176,,334.3765576472501,9602.368812479594,5100.571089782185,9599.348725577707,5097.022751202374,9604.716109844558,5105.230947490608,1.5694633941233378,103,0.7011043979970292,0.9947825708262652,cluster_5
307557600146200178,,189.45910423695125,9665.117669501442,5100.115617599899,9662.02348420737,5097.353021143765,9667.945755968096,5103.266315623543,2.344697453659661,38,0.99882861986453,0.9342529823790344,cluster_5
307557600146300088,,1019.072297522727,9654.340226089564,5070.239146785191,9646.845890827128,5065.554333039345,9662.71246957655,5076.172370021259,1.6449691171674814,217,0.4908538621148047,0.8295868115960102,cluster_5
307557600146300090,,1252.6204287838243,9707.37409468688,5074.67503600831,9701.750604162731,5066.79129549145,9714.41946978631,5081.615197945462,1.7205530330161276,205,0.3786373922734442,0.9545251836834876,cluster_5
307557600146300114,,305.73835678135515,9825.038434974782,5096.88358598825,9822.667948034032,5092.677480191418,9827.407548475809,5101.291223577661,2.0578844098181706,81,0.7391087926610745,0.9874584024701146,cluster_0
307557600147100001,,1023.4955093088809,9835.588832731051,4820.727106202751,9829.02105919543,4815.05096935373,9840.918937662,4828.34651165327,1.3330476743909467,36,0.4138637856810442,0.9179073111906628,cluster_5
307557600147100023,,561.5663507452202,10076.453485180253,4889.2495683897205,10071.36021056874,4885.157277896583,10080.419222467464,4893.669361086584,1.52575789547535,62,0.5318958717972949,0.9772182923765464,cluster_5
307557600147100032,,2478.893918160168,10036.731868306271,4932.097283662689,10029.8994341201,4921.266867271699,10047.680786219864,4947.823764224576,1.874223381147727,437,0.3202508792513038,0.7456593249340033,cluster_5
307557600147100036,,679.5851534834105,10036.268027654143,4953.739404097526,10032.216418708183,4947.473627991205,10039.930413661095,4960.348396805617,2.063811461824379,127,0.5178728043821463,0.9431325744311992,cluster_5
307557600147100042,,1073.502099140502,10023.547490895551,4974.137183994423,10016.413491933648,4967.862494606934,10029.292549526996,4980.809567303471,1.1475053219535911,104,0.3836508716522911,0.9395107085979068,cluster_5
307557600147100047,,836.9630567729907,10020.798195073874,4991.81599260721,10014.797985790372,4984.383186347977,10027.67902951736,5001.210679404908,3.270717849017218,233,0.5571306523504974,0.8855920355609751,cluster_5
307557600147100048,,163.1453056121156,10017.246626543443,4987.650002040217,10014.354524361996,4985.899741424358,10020.030555007648,4989.55892724592,1.5080161744373792,32,0.961065554009528,1.0000000000000002,cluster_5
307557600147100050,,195.8986244534616,10015.22677593268,4991.88401207554,10012.639586097845,4989.181789374336,10017.98174220268,4994.89301654725,1.6643506380386548,31,0.906956680933648,1.0,cluster_5
307557600147100057,,499.15761733333466,10005.083425651645,5008.335786532644,10000.696589894353,5004.584668817785,10009.313552058584,5011.699749292461,1.2147639195011817,59,0.5324304222691546,0.9919763542313929,cluster_5
307557600147100063,,473.0439074207534,9992.06464720302,5025.399875525672,9988.6784599596,5021.216684753514,9995.576099800795,5030.361347849908,1.3927979171973242,72,0.5682580230897994,0.9667156311505128,cluster_5
307557600147100068,,1095.9427904448014,9981.056336475958,5039.840024393959,9974.009790880033,5033.6673571425445,9987.248961396235,5045.371281751569,1.4231649769622834,68,0.3830302209148039,0.9548973570700472,cluster_5
307557600147100069,,484.7745161645507,9976.901465580644,5048.42809043551,9973.416990889313,5044.640755509586,9981.67678977951,5053.808833660989,1.1107476051302236,38,0.6480750198716584,0.8915650947007911,cluster_5
307557600147100071,,1577.1797648233728,9961.294053536638,5058.704764460542,9952.150859306324,5051.6717563840775,9970.287256441286,5065.6271559157685,1.8223826992748948,128,0.3324763116954385,0.9630946430186944,cluster_5
307557600147100076,,1230.4121985274162,9941.12444766812,5081.865775687283,9932.444033554048,5072.381526709789,9949.141755937166,5090.768570529711,1.5707116803197496,165,0.4990945493294179,0.7229981414012785,cluster_5
307557600147100077,,1686.5946069593574,9841.084113497096,5092.138935252963,9832.80410095919,5084.557889631319,9849.257210369253,5099.156850671598,1.4854894425077696,235,0.3125475771911228,0.9323880653597026,cluster_5
307557600147100078,,788.7845793186382,9885.29752629054,5093.249757829552,9881.0073949425,5087.742656825951,9890.032656065145,5098.286758743075,1.176198913767158,97,0.4415608922400978,0.9651527273365428,cluster_5
307557600147100079,,800.5345398891506,9894.57506570863,5093.935324996443,9889.620456295184,5089.254610736689,9900.264430409376,5099.156850671598,1.1879609569469736,98,0.4296766083496101,0.9934431535112028,cluster_5
307557600147100085,,279.4079229381019,9878.3927822329,5094.79722841654,9875.499535609912,5091.514919098974,9881.12411217388,5097.644896760861,1.0659779319913494,39,0.7099214420085068,0.9999999999999994,cluster_5
307557600147200029,,3035.2903916278547,10089.694443685008,4875.142699247229,10080.25986661261,4857.684071385103,10101.00569926464,4893.531118811336,2.82593111142324,438,0.3202083218309876,0.8061237716425853,cluster_5
307557600147200031,,1783.566121061726,10073.919612024574,4878.903322729567,10065.771057317424,4871.223663638111,10082.28020304694,4885.910087698165,1.3655684951090366,31,0.2903781863032198,0.9760118353208224,cluster_5
307557600147200035,,1730.225565199398,10071.75952548882,4898.278067564274,10064.046149625396,4886.670565683029,10079.454827263558,4908.573227120241,1.7220552016000634,219,0.3610687404285296,0.8108615159401208,cluster_5
307557600147200045,,2989.545778684881,10056.219737954005,4916.108521366856,10043.0454564651,4904.356526940484,10068.872846029535,4926.556196746853,1.7931436752808068,397,0.3014550351046578,0.8094175003010973,cluster_5
307557600147200061,,1551.6502989316991,10031.665464508742,4965.1738080636505,10021.911298383611,4956.429259121522,10037.689741058652,4973.408968388045,1.1522422205706275,273,0.3760138075852978,0.8331054747698111,cluster_5
307557600147200069,,1113.9917286602235,10030.748208760073,4980.08129719605,10021.655719620963,4973.067063320299,10036.92871912607,4988.763545004773,2.008279312640365,148,0.4979078595945365,0.7882093451885259,cluster_5
307557600147200073,,920.6229242243426,10011.178461987804,5001.517121707372,10006.49580773338,4994.066450757617,10016.643889048282,5008.4942805709015,1.4609989870317637,174,0.4512736101608804,0.9015432290197584,cluster_5
307557600147200076,,1104.8249960721332,10000.314270883233,5018.108279357443,9994.526996427934,5012.13733878527,10008.195298288603,5026.21658542508,1.9213320975919608,96,0.4323957200220895,0.9015701011507046,cluster_5
307557600147200093,,1851.839825604109,9950.149446810285,5072.385327967772,9936.784793413955,5065.345609785034,9961.087499048988,5079.927242928666,2.1662909991931945,166,0.4433960902493458,0.7696022582999155,cluster_5
307557600148200131,,981.4469342178965,10142.52127207712,4828.042905061287,10135.050631723085,4822.07091533888,10148.608191451878,4833.035668837983,1.0451839726718084,118,0.4199954016286011,0.9431787017456976,cluster_5
307557600148200158,,2457.580536842029,10128.28062336143,4839.110963614524,10115.229824379468,4828.7026036147945,10139.622911287091,4846.691619666132,1.8544816463628453,338,0.3065309110486378,0.8516035285002819,cluster_5
307557600148200204,,248.58420651132863,10114.75529267693,4844.844638423786,10111.47038338246,4842.146109657238,10117.900790676233,4847.2067553131565,1.2553295325348752,58,0.7590857984888582,1.0,cluster_5
307557600148200225,,1660.2120650163283,10105.072700773524,4857.417323305926,10094.892212289122,4847.36019720398,10114.387836922266,4865.061435627928,2.405024466084232,273,0.3793534606886903,0.8296702194697221,cluster_5
307557600164100017,,570.6273247288533,9708.58662106978,5091.817474719931,9704.1032236403,5086.910330177064,9713.577169621622,5096.511562211237,1.488572648837134,120,0.521754839430132,0.9971952516919856,cluster_5
307557600164100031,,295.18995797684227,9618.835058526232,5091.729102985918,9614.554753095012,5089.038777291815,9622.658345627497,5094.804298156235,2.147384040592987,128,0.7724852185907356,0.9768873152181416,cluster_5
307557600164100032,,272.24887157425985,9722.314899013802,5091.446583296026,9718.772956132569,5089.030994817049,9725.445038145002,5094.11718011532,1.3050757178799208,70,0.7409730427116317,1.0,cluster_5
307557600164100043,,1024.2005249139722,9657.494173241985,5099.809790714752,9649.53391656004,5094.186076566909,9663.955569490456,5106.499026925886,1.5108467087055613,232,0.4412810749384753,0.901306269338812,cluster_5
307557600164100044,,244.63282466260029,9621.396670734644,5097.662955977215,9618.125678413164,5094.755095336627,9624.683010502207,5100.337954897665,1.840856950418888,84,0.8214656077323115,0.9685284622249616,cluster_5
307557600164100061,,811.7892125660635,9695.013290863162,5107.500709146912,9688.932874979084,5102.428189259033,9699.821242667193,5113.108658019765,1.3138456336253084,180,0.4439055550232496,0.9587991422517124,cluster_5
307557600164100065,,825.6527683568054,9705.214776880466,5109.388160064041,9699.017391827269,5103.959286620645,9711.261413296952,5114.786248446198,1.9657407822909707,126,0.4626473500828197,0.9416075311348876,cluster_5
307557600164100069,,563.544953904664,9819.56490374117,5111.293227820724,9814.01964081329,5105.359347444879,9825.031256438877,5116.137364817607,1.769318845856893,164,0.7351974832598182,0.7588077336207963,cluster_1
307557600164100071,,1897.265662586197,9765.337587772308,5114.800426869439,9757.54157301035,5105.878481250978,9773.286341718856,5124.296604864585,1.466389649528174,159,0.3101723379386994,0.9183789839032768,cluster_5
307557600164100076,,483.7667702214673,9719.996406364282,5112.207465420587,9716.420671326072,5107.92518130158,9723.621362977872,5116.887220087616,1.4765930171255477,114,0.5627593165638071,0.9898875037457596,cluster_5
307557600164100077,,364.09908029055794,9650.757047557074,5111.698221512103,9646.335561903268,5108.718424044309,9654.62925356149,5114.403724674283,1.5585526566472692,74,0.682636307505912,0.9185058669271376,cluster_5
307557600164100078,,1832.2777131759665,9611.651657078082,5121.7900200622125,9603.829296897176,5109.703792561836,9618.310969817096,5134.547086666877,2.278287864964524,477,0.383273811273371,0.8371535038266913,cluster_5
307557600164100079,,406.9987174602931,9684.527604972967,5111.926875184974,9679.673818205974,5109.658366027821,9689.448399919778,5114.930021406268,1.8525278895482524,78,0.635310337083762,0.9880374513583569,cluster_5
307557600164100081,,2064.5446525742304,9781.003035360418,5116.272992883995,9771.174504848486,5110.007211311093,9791.379109336644,5123.476163004458,1.5512820737253452,241,0.2901739198676076,0.92581210651707,cluster_5
307557600164100085,,1022.7252404850964,9659.34403845823,5118.303794454095,9653.75448017027,5111.639796684938,9665.862120952595,5123.894926622402,1.0343491663107778,202,0.434987118775914,0.8847702878810906,cluster_5
307557600164100091,,1492.7261973578247,9793.79025594111,5122.067117085309,9788.002834260664,5113.714391877848,9799.305718923975,5133.072801910798,1.822316911180875,259,0.3542202651215738,0.935215245348604,cluster_5
307557600164100093,,418.37046907099335,9813.314141652996,5118.585952077435,9809.45996831129,5114.197561849191,9816.840664594863,5122.394355057358,1.4960713852149508,115,0.6203776945259706,0.9565216346923452,cluster_1
307557600164100094,,1829.9185566862152,9676.371802400428,5121.712976963695,9666.058418368995,5114.761342493115,9687.099793074549,5129.654871338456,1.97477879052878,295,0.3207886722461,0.9275803422828096,cluster_5
307557600164100096,,327.5784258420805,9638.20467497832,5119.431976783381,9633.994000975474,5116.830031221844,9641.742253408964,5122.703939009774,1.449671818085284,61,0.6901158826678938,1.0000000000000002,cluster_5
307557600164100097,,544.5275061234195,9714.238869799903,5122.157189090268,9709.48828977066,5117.058101726981,9718.113213750768,5128.071593217695,1.8875302163510013,148,0.5917528366002737,0.9504983661254466,cluster_5
307557600164100102,,2339.4616100184207,9810.93488996757,5130.900280573235,9803.641604442102,5119.919978448988,9818.735327649338,5141.275566756421,1.558766168020386,367,0.2966604240488572,0.8590751801374253,cluster_1
307557600164100104,,602.9716683329779,9645.30020816566,5128.404715881818,9641.900618387264,5123.075792497609,9649.486627901188,5133.324376354687,1.379258057193322,137,0.4983036345845483,0.9860874423865008,cluster_5
307557600164100105,,541.9636308736951,9751.171763638698,5129.242019740217,9747.934571567015,5124.116568281237,9755.331081958111,5135.106651271764,1.6624089106239306,87,0.5625760048941557,0.9557596613903012,cluster_5
307557600164100106,,421.0722630565596,9638.924937629492,5128.381549920218,9634.714813778855,5124.797515629023,9641.977178123518,5132.889607868353,1.3652229219948775,83,0.604829548491388,1.0000000000000002,cluster_5
307557600164100107,,792.0410800102959,9677.052776720882,5131.2208814687765,9671.683466161514,5125.922707378311,9683.032081985535,5136.098349371065,1.5184118302519305,143,0.4473160017599568,0.9845022092931022,cluster_5
307557600164100108,,1039.536221104362,9694.889930676309,5131.42386672315,9685.667876636346,5126.097933243351,9702.81604035725,5137.212734012292,2.2225852824702823,223,0.4380714690884973,0.9602053525085786,cluster_5
307557600164100116,,353.648374054652,9705.851595306012,5133.402852433422,9701.808303041747,5128.921973568635,9710.322283285146,5138.015358171691,2.5206114819569554,84,0.7911942122283334,0.892284545607368,cluster_5
307557600164100117,,1074.6538422806643,9689.280248469388,5135.558916826548,9682.611234807133,5128.772830359785,9696.927542079751,5141.577642195269,2.076196777662115,196,0.4039494206249793,0.9717666709739152,cluster_5
307557600164100119,,771.7308700168503,9633.449878936868,5136.041009653128,9627.511599804651,5131.22640235578,9639.263239176222,5140.863608918436,1.743344967263128,186,0.4502957901232624,0.9875891422268732,cluster_5
307557600164100123,,1583.2751844362415,9665.983530525937,5141.965053018986,9659.541102298434,5131.58819423508,9671.146447002728,5151.877979234393,2.006515306809052,274,0.3548838371059419,0.8998565683244656,cluster_5
307557600164100124,,1995.7505269606825,9677.159786435572,5144.422260553662,9668.89992884112,5133.100148145817,9687.316630959866,5153.196841262796,1.9130295679555425,409,0.3244828599602742,0.864139882462977,cluster_5
307557600164100126,,717.0112104284697,9656.557140876232,5141.2780846373125,9651.15095238408,5136.134247825305,9661.638278822797,5146.807521940798,1.5390377870898615,114,0.4928762097733082,0.941988946079862,cluster_5
307557600164100127,,364.1291207238357,9646.21594796637,5138.446513050966,9641.115752425094,5135.272746820288,9651.333777910206,5141.835521087869,2.946778527191822,77,0.740317465788533,0.9999999999999996,cluster_5
307557600164100129,,348.8526258923817,9627.262714030318,5138.948837348934,9623.240063496984,5135.907168711072,9631.261826323696,5142.596360444784,1.4137185958295926,121,0.6553132991148475,1.0000000000000002,cluster_5
307557600164100130,,627.2728890363029,9682.086187420342,5140.203625085244,9676.8587168807,5135.70446246936,9687.162744460818,5144.978651936983,2.1000259373848245,138,0.5136736047719381,0.9872333274277828,cluster_5
307557600164100131,,1526.0844159531246,9777.00380463791,5142.494479093087,9768.937916781955,5135.711407323055,9786.19614024587,5149.376621740251,1.465487887652837,183,0.3678960652407999,0.8510363912250785,cluster_5
307557600164100134,,737.9742361201222,9704.58703605785,5143.971655477099,9698.698580324177,5139.714980099912,9711.1944328908,5148.618046389725,1.8068929380937044,207,0.4719286619614524,0.9698728207412106,cluster_5
307557600164100135,,1499.8481329964948,9806.945403486474,5151.178076679934,9802.563922617994,5139.450986971437,9812.38281780643,5161.038449637137,2.2387494961614305,119,0.37634638693081,0.8943357885793397,cluster_5
307557600164100137,,699.6072539963507,9633.49829943387,5144.770124107908,9628.623151409898,5140.304368884697,9638.278921478108,5150.465136433437,1.0307981189656386,230,0.4858449288755473,0.9216869918742232,cluster_5
307557600164100138,,334.0200581549162,9794.630816021829,5143.568883210982,9791.349844290196,5140.349614383125,9798.107854462043,5146.917230256702,1.053871568378603,37,0.6473199811163094,1.0,cluster_5
307557600164100143,,910.925756438906,9761.63279252123,5148.531383637791,9756.12710512247,5143.445722586908,9767.922772311838,5153.715241219203,1.1354399591342186,166,0.4068792657560917,0.9832947501095396,cluster_5
307557600164100154,,585.6990419668222,9654.36876716709,5156.881012151359,9650.401931036162,5152.3246881560135,9659.005412470266,5161.712779240345,1.1409015252183976,101,0.5363174364590351,0.9305788231004972,cluster_5
307557600164100156,,1271.1555924415013,9664.798092937464,5158.815501874768,9657.07626732422,5153.093721221481,9673.42017619211,5164.285089736413,1.2371584481412632,320,0.3596767732091148,0.9545233440342596,cluster_5
307557600164100157,,2401.561707559463,9811.88793123231,5162.91934117363,9798.676514289466,5152.016667809879,9827.976180430183,5172.097837996683,2.3633323073210737,265,0.389641107150488,0.7453000232597374,cluster_5
307557600164100162,,1394.8379283716897,9755.833924238495,5165.695616556069,9748.415247211376,5159.361384464707,9763.083126869607,5172.507092055814,1.197569422846745,121,0.3247113965844552,0.978964611142969,cluster_5
307557600164100165,,628.0774292427607,9739.231352054418,5168.453176754837,9735.38533296152,5163.157954569362,9743.049194208168,5173.494618364022,1.4454947554453963,80,0.5204099115087762,0.9319119301741812,cluster_5
307557600164100166,,2284.706259446006,9788.525285580416,5168.555943284598,9773.442031091625,5161.309835478627,9803.317148980925,5175.104371021162,2.8178899029368525,176,0.3549995296699351,0.8064703207857258,cluster_5
307557600164200007,,706.296847108757,9638.663803038988,5091.856816324696,9633.1925495353,5086.986679870583,9644.23004417436,5096.907131990644,1.5145284778883763,132,0.4880640763380829,0.9481094650481726,cluster_5
307557600164200030,,735.7426818019167,9630.240367975885,5092.682608195276,9623.469416978243,5087.682336824389,9636.717611976834,5096.907971235588,1.771841869112926,115,0.5158775266645997,0.8950184349465137,cluster_5
307557600164200033,,2105.649475388086,9745.295431916382,5103.2966293692525,9738.831610581205,5091.025689457205,9752.608340360744,5114.362471801998,1.8573762811864365,309,0.3026732514130768,0.9222530283213864,cluster_5
307557600164200034,,792.6312519295844,9779.224720682483,5099.523614938483,9772.70257185509,5093.240230762169,9792.21457300013,5107.18844345401,3.176241702483889,102,0.7834218449634527,0.5893539228331237,cluster_5
307557600164200037,,1749.5162101448122,9631.921345527442,5108.295583331045,9621.52812600404,5094.047081394553,9641.825469889453,5117.603193052357,2.5750439334571484,375,0.4626637896195756,0.7168395289766264,cluster_5
307557600164200038,,1048.5154524967695,9711.346263278983,5099.404561611686,9700.64748129899,5091.899481913263,9721.1678178998,5104.6905174639705,3.0185533515561693,193,0.5326048166994203,0.832688875634175,cluster_5
307557600164200040,,1561.6402180396842,9766.229152896469,5100.724414322448,9757.495192378225,5091.8224621494,9772.910875874812,5107.181461571212,1.157506091992569,416,0.4300151700125565,0.839634566186147,cluster_5
307557600164200042,,1080.853171048331,9700.507090379151,5100.151142277892,9689.705456361276,5094.927652208198,9708.688372441628,5106.130060216176,2.582736687114616,209,0.4715532490205935,0.8930527970982999,cluster_5
307557600164200043,,1332.1189714650056,9645.219739845656,5103.259337074552,9633.26600128502,5096.598386874555,9656.823841139349,5109.528164334212,3.1546860213280388,223,0.4651698202633375,0.8432320277926801,cluster_5
307557600164200045,,684.372109833547,9607.625113268963,5103.245970776433,9603.968620895495,5097.774317279739,9612.055219195654,5109.5256232086585,1.5151694476437745,191,0.5225150560428345,0.9060112289376768,cluster_5
307557600164200046,,227.5290817369464,9624.067778153274,5108.024846506179,9620.810910516751,5104.710896354438,9627.3116030801,5111.424411348067,2.204076102059861,47,0.9062371806878275,0.9403789683137712,cluster_5
307557600164200047,,1289.1763374474667,9638.404434696453,5105.961786947034,9628.516353889989,5096.759493915393,9647.93799768424,5115.114257717357,2.726563835893652,292,0.5174672467645349,0.7235580704403548,cluster_5
307557600164200048,,562.5583029429391,9603.268301899116,5110.011875370168,9595.471015913845,5099.042249810639,9607.509631889228,5116.588130422796,4.238981199093548,153,0.9598408866246484,0.6266391765676739,cluster_5
307557600164200050,,1200.3831317764666,9616.635694147131,5108.4619373103205,9609.25122097931,5102.431523099018,9627.3696710143,5113.672984291052,1.62769536788778,340,0.477738886929381,0.7531846743914717,cluster_5
307557600164200055,,664.5840418834871,9681.033661832493,5106.965218878184,9673.637167259403,5103.7455438138095,9687.924819371214,5109.867862942072,2.336302223467259,138,0.5755918089088289,0.8831518170055278,cluster_5
307557600164200056,,796.9372234527948,9712.867873530373,5108.736994638194,9707.788122303877,5102.334932174718,9717.64371737226,5115.915678585021,1.9927395010910784,177,0.5242713181231369,0.8481693401021133,cluster_5
307557600164200060,,1903.0815044968847,9803.85299690443,5111.687082410131,9793.078544653688,5104.949553713582,9815.785030390844,5119.60490427052,2.070507541796642,217,0.3427444539245882,0.8736829273827842,cluster_0
307557600164200061,,1726.0146468202315,9754.185711058291,5115.636142614158,9748.250533674893,5105.454116923159,9759.950190432926,5125.168111509613,1.866941857569764,236,0.3223591619618604,0.9451350573667624,cluster_5
307557600164200063,,317.20651360711355,9658.116059983551,5110.891370249009,9655.192917019673,5107.113843556504,9660.48321253441,5114.403724674283,1.3894758610116948,70,0.6832607224619008,0.9999999999999996,cluster_5
307557600164200070,,1562.099645491554,9704.331088110885,5119.535855255967,9698.177792060662,5110.925496666832,9711.924418552584,5127.147049448338,1.2094091114404717,367,0.361202444779293,0.8944016232493536,cluster_5
307557600164200071,,1922.9164219971065,9691.964932128263,5119.359420038166,9680.612421768625,5110.961563745575,9699.675028248645,5127.526533278936,1.0132801064642984,391,0.3429859145985801,0.8557592893516415,cluster_5
307557600164200072,,993.122671031326,9649.867400105004,5119.502543150057,9644.086261027018,5113.769176023828,9655.138833723153,5125.418262878832,1.2489368086960473,159,0.3971646182179434,0.9690979655665484,cluster_5
307557600164200073,,1064.6770342945542,9622.105157815628,5116.765296453367,9613.687503456742,5112.682273849296,9630.399944612023,5121.207517272601,2.2727119434852754,212,0.4138012552670239,0.9801899597887596,cluster_5
307557600164200079,,1898.9633866164504,9623.079806625436,5127.7141349774965,9615.908629460691,5118.83907806178,9630.961256423192,5137.441678432142,1.5405419697336082,449,0.3330261266910515,0.8651368399102111,cluster_5
307557600164200083,,3643.212042433905,9736.437340000926,5134.839227460227,9721.91578712606,5120.289792776835,9749.132145870262,5150.1498942711605,2.671950976871647,357,0.2585507369934648,0.8807959964043928,cluster_5
307557600164200084,,989.8147062869124,9663.322226669508,5127.065730437044,9656.78602548266,5121.796524181254,9669.045350082792,5132.726533287709,1.4483540217844764,215,0.402297858967044,0.9589583873972504,cluster_5
307557600164200089,,1825.8408553238507,9756.465831322172,5136.072357322139,9746.11883991502,5126.61384916966,9766.711972567711,5144.577317307916,2.43704477705552,243,0.3489390429560943,0.8866232210951225,cluster_5
307557600164200093,,947.4691382103786,9790.589325235362,5135.318341344645,9785.112383202304,5129.189323085166,9796.39193157126,5141.3170144615415,1.101930185419394,123,0.437320508160168,0.8830156734573464,cluster_5
307557600164200094,,560.7272724629896,9652.861818179508,5133.832832460651,9648.48481856249,5129.695616307657,9657.04643482827,5138.396502661175,1.3128967450080076,130,0.5177170548637523,0.9648018454054113,cluster_5
307557600164200095,,1061.6447428950237,9766.149255761507,5138.510623943476,9760.342557478876,5130.839231814944,9771.128271834024,5145.091913012642,1.3489578677308027,210,0.3976452414116221,0.9543397676817758,cluster_5
307557600164200096,,285.1228184755627,9660.130335362315,5134.792570838722,9657.53907927622,5131.19092902806,9662.93424572458,5138.258488774405,1.4010208801812027,77,0.7274879264568916,0.9826801995649622,cluster_5
307557600164200105,,936.4879789452912,9627.078049596488,5145.646881450925,9617.448708168591,5135.89021885325,9637.009126024455,5155.454207580227,5.001372928449866,280,0.6784456967438547,0.8276184743848233,cluster_5
307557600164200108,,560.8788250986148,9647.124822029233,5143.451483893354,9641.587393860573,5138.991267837129,9652.778874921409,5147.503779469987,1.835452679811119,131,0.6064146827133946,0.873418872162888,cluster_5
307557600164200110,,1395.4779734692463,9641.857590263697,5149.595554075709,9633.459818778236,5141.113198796125,9650.12031472628,5156.961587005388,1.2869090922582602,312,0.4262076714506926,0.7628889954606876,cluster_5
307557600164200111,,1551.8170589656406,9751.292814424069,5148.6077441667685,9743.059803587768,5141.329059053525,9760.198585075468,5155.2264802641885,1.0807152300840377,181,0.3628878946996963,0.8521747376202538,cluster_5
307557600164200114,,1245.1820145851557,9656.901059541457,5149.744052381465,9647.5530690344,5143.251609708275,9666.221137908284,5155.490160360503,1.7247247593712367,222,0.4644022515038254,0.7812265764028427,cluster_5
307557600164200120,,1055.953600181158,9686.493140125873,5154.662481765278,9677.943533383115,5150.055682877111,9694.825091624358,5158.465255499232,2.074016762430326,326,0.4181561797048766,0.9394268055225928,cluster_5
307557600164200125,,1405.9239377581582,9733.8802190037,5158.8400254149865,9726.761667102524,5152.538661729182,9741.180856227124,5165.473515703103,1.1771071709054404,106,0.3212204568789975,0.968121382111447,cluster_5
307557600164200127,,747.4645037380155,9647.251823176077,5158.119822541436,9641.00136634287,5152.948375712429,9657.620352091588,5162.770717644311,2.3302117712549903,140,0.6481093876479287,0.7382899586206345,cluster_5
307557600164200129,,714.6351142575427,9677.528915323202,5161.256015680599,9670.296409223434,5158.305024512124,9685.616259660204,5164.729064558,2.5087426038694645,189,0.5264088326745259,0.9628677786398312,cluster_5
307557600164200130,,1997.687015873852,9725.175053637764,5166.944136753286,9715.74489697233,5158.97742373568,9736.637341376376,5173.519858209435,1.5041379930638186,257,0.2963039803147437,0.938742932243938,cluster_5
307557600164200137,,1022.1425361280706,9774.756596531346,5173.021696998062,9764.793995812446,5168.917558125623,9785.59690918574,5178.184525538882,3.0879037556487647,138,0.5229481056197218,0.8340028093105306,cluster_5
307557600164200139,,1516.0314672321645,9754.216069032598,5173.344255054725,9741.960380973023,5166.481975126313,9766.30204216394,5178.876633294184,2.914395393546181,200,0.4674766276581908,0.7097947482902728,cluster_5
307557600164300018,,242.27091901404785,9684.945385138222,5093.372101392136,9682.415668308357,5090.408675295481,9687.551120324815,5096.244745571874,1.0401979702999935,46,0.7534612807921961,0.9994051213237032,cluster_5
307557600164300065,,326.72861379227027,9784.299285332252,5138.136765739336,9781.089724804357,5134.828147061843,9787.404496137196,5141.389787659473,1.0464733613810282,33,0.650662543477606,0.9999999999999996,cluster_5
307557600165100021,,2725.835319095302,9911.878221084082,5094.285494281555,9896.52656051805,5086.890270753511,9930.532100778864,5101.228126309288,2.79746427006513,421,0.3295215133518144,0.7848906009172225,cluster_5
307557600165100025,,745.9574249465771,9860.336468881354,5095.27875408325,9851.606783152303,5092.263656447914,9869.244415573978,5097.97571672405,3.4549684241736247,108,0.5706407399536122,0.9170561914610738,cluster_5
307557600165100026,,1836.6749831478253,9883.615033767604,5105.761075130457,9874.781395045606,5097.816867991765,9892.886800804878,5113.765477091535,1.1765258696739087,65,0.3696550540411953,0.7962162033404384,cluster_5
307557600165200028,,1757.4054216318962,9829.098942092198,5099.728349383571,9820.039520741324,5089.577526447638,9836.52021457516,5109.460473179068,1.452844353279187,288,0.4716277493784613,0.7807218555446135,cluster_0
307557600165200041,,415.6623374129176,9813.396965133228,5103.044699697298,9809.725992220432,5097.602142826555,9816.499827052448,5108.183410219268,1.927996653452336,49,0.6825258892532117,0.8900062071050371,cluster_5
307557600165200042,,644.902335435327,9818.881437464404,5104.872289863003,9814.404339481782,5098.477277555765,9823.421480117267,5111.060693845778,1.4329815761146418,116,0.5956857479331079,0.8260711515112079,cluster_1
307557600165200050,,482.48433115594105,9826.326060908816,5112.789840794608,9821.150204984197,5109.280051228298,9832.273494014866,5116.672370406117,2.485439972321177,7,0.6298247760191004,0.9611344883350024,cluster_0
307557600165200064,,1791.924372145299,9867.135556740124,5139.833166021737,9860.08960047463,5131.448638836094,9874.935424563468,5147.706210779572,1.1868560743415015,160,0.2940126873367643,0.95574724782033,cluster_5
307557600165200070,,2464.715959316363,9854.43732081831,5152.451957603868,9843.33352224528,5146.396456811455,9868.337608469756,5159.22885495842,2.023813618885329,73,0.2781840181855975,0.9360499269260684,cluster_5
307557600165200072,,2609.8250609003844,9831.76834280926,5155.849993570235,9819.63027844877,5148.218972387462,9843.625604260067,5163.487445791379,1.3823136135046492,251,0.2760202418951085,0.915327831832727,cluster_5
